電柱番号,設置付近住所,町会名,管理番号,緯度,経度
伊保内624,伊保内町3920,伊保内町,035-001,36.28256518,139.5826868
伊保内410,伊保内町3802-1,伊保内町,035-002,36.28199785,139.5787313
伊保内411,伊保内町3805,伊保内町,035-003,36.28190014,139.5781747
伊保内427,伊保内町3845,伊保内町,035-004,36.28134464,139.5793395
伊保内407,伊保内町3863,伊保内町,035-005,36.28223789,139.5792959
伊保内425,伊保内町3869,伊保内町,035-006,36.28180762,139.5795523
伊保内486,伊保内町3872,伊保内町,035-007,36.28098858,139.5799545
伊保内483,伊保内町3873,伊保内町,035-008,36.28109116,139.5807243
伊保内423,伊保内町3879-1,伊保内町,035-009,36.28192548,139.5804294
伊保内405,伊保内町3885,伊保内町,035-010,36.28244203,139.5804419
伊保内404,伊保内町3890,伊保内町,035-011,36.282631,139.580941
伊保内420,伊保内町3900-5,伊保内町,035-012,36.28186547,139.5812907
伊保内436,伊保内町3906,伊保内町,035-013,36.28259851,139.5815609
伊保内421,伊保内町3912,伊保内町,035-014,36.28153723,139.5814667
伊保内033,伊保内町3914,伊保内町,035-015,36.2811095,139.5820308
伊保内003,伊保内町3914,伊保内町,035-016,36.2808987,139.5819084
伊保内403,伊保内町3918,伊保内町,035-017,36.28200971,139.5816095
伊保内031,伊保内町3918,伊保内町,035-018,36.28197611,139.5820867
伊保内030,伊保内町3919,伊保内町,035-019,36.28241466,139.5821683
伊保内601,伊保内町3920,伊保内町,035-020,36.28301762,139.5826418
伊保内419,伊保内町1811-1,伊保内町,035-021,36.28160456,139.57815
伊保内099,伊保内町3922,伊保内町,035-022,36.28186555,139.582402
伊保内303,伊保内町3927,伊保内町,035-023,36.28195144,139.5836039
伊保内087,伊保内町3927,伊保内町,035-024,36.28213694,139.5840867
伊保内089,伊保内町3931,伊保内町,035-025,36.28134488,139.5838664
伊保内302,伊保内町3933,伊保内町,035-026,36.28195198,139.5830016
伊保内091,伊保内町3936-1,伊保内町,035-027,36.28128069,139.5832082
伊保内309,伊保内町3936-1,伊保内町,035-028,36.28086298,139.5837003
伊保内307,伊保内町3940,伊保内町,035-029,36.28098649,139.5829843
伊保内308,伊保内町3940,伊保内町,035-030,36.28101122,139.5833005
伊保内306,伊保内町3946,伊保内町,035-031,36.28111707,139.5826291
伊保内435,伊保内町3981,伊保内町,035-032,36.28054194,139.5795434
伊保内487,伊保内町3981,伊保内町,035-033,36.28040957,139.5804058
伊保内429,伊保内町3981,伊保内町,035-034,36.28148409,139.5785873
伊保内469,伊保内町3998,伊保内町,035-035,36.27870028,139.581081
伊保内037,伊保内町4010-3,伊保内町,035-036,36.27919171,139.5814934
伊保内035,伊保内町4011-1,伊保内町,035-037,36.28016321,139.5817559
伊保内038,伊保内町4024,伊保内町,035-038,36.27875148,139.5815154
伊保内097,伊保内町4115,伊保内町,035-039,36.2760013,139.5833094
伊保内474,伊保内町5682-1,伊保内町,035-040,36.27690865,139.581821
伊保内475,伊保内町5678,伊保内町,035-041,36.27709664,139.5812133
伊保内479,伊保内町5669,伊保内町,035-042,36.27795399,139.5805569
伊保内043,伊保内町5776,伊保内町,035-043,36.27718915,139.5825194
大古屋314,庚申塚町4975,庚申塚町,037-018,36.28344188,139.5640829
大古屋515A,庚申塚町2209-2,船津川町,041-001,36.28280107,139.5629628
舟津川423A,庚申塚町2368,船津川町,041-002,36.27792737,139.5617956
舟津川429A,庚申塚町2368,船津川町,041-003,36.27974383,139.5624004
舟津川426A,庚申塚町2368,船津川町,041-004,36.27876645,139.5620679
大古屋522A,庚申塚町2368,船津川町,041-005,36.28053964,139.5625918
大古屋520A,庚申塚町2368,船津川町,041-006,36.28119986,139.5626828
大古屋517A,庚申塚町2368,船津川町,041-007,36.28242413,139.5629117
大古屋513A,庚申塚町2368,船津川町,041-008,36.28336293,139.5630449
大古屋052,庚申塚町2368,船津川町,041-009,36.27854045,139.5697011
大古屋054,庚申塚町2368,船津川町,041-010,36.27776303,139.56951
大古屋057,庚申塚町2368,船津川町,041-011,36.27654896,139.5692001
大古屋059,庚申塚町2368,船津川町,041-012,36.27575322,139.5689952
舟津川045,船津川町1035,船津川町,041-015,36.27155978,139.5629633
舟津川135,船津川町1041,船津川町,041-016,36.27179275,139.562282
舟津川456,船津川町1052-1,船津川町,041-017,36.2763788,139.5661988
舟津川453,船津川町1052-1,船津川町,041-018,36.27528947,139.5656942
舟津川451,船津川町1052-1,船津川町,041-019,36.27431624,139.5652006
舟津川256,船津川町1052-1,船津川町,041-021,36.27329887,139.5646779
舟津川087,船津川町1059,船津川町,041-022,36.27302367,139.5619836
舟津川028,船津川町1089,船津川町,041-023,36.27057267,139.5683066
舟津川254,船津川町1095,船津川町,041-024,36.27192922,139.5678349
舟津川029,船津川町1096-1,船津川町,041-025,36.27104764,139.5678563
舟津川038,船津川町1149,船津川町,041-027,36.27201009,139.5650582
舟津川286,船津川町1158,船津川町,041-028,36.27217936,139.566069
舟津川217,船津川町1159,船津川町,041-029,36.2717944,139.5673127
舟津川066,船津川町1162,船津川町,041-030,36.27142417,139.5670355
舟津川103,船津川町1167,船津川町,041-031,36.27089171,139.5670864
舟津川142,船津川町1175-1,船津川町,041-032,36.27051037,139.5667589
舟津川032,船津川町1185,船津川町,041-033,36.2714919,139.5662482
舟津川151,船津川町1196,船津川町,041-034,36.27098328,139.5645858
舟津川042,船津川町1200,船津川町,041-035,36.27049493,139.5634885
舟津川045,船津川町1200,船津川町,041-036,36.27123259,139.5636321
舟津川122,船津川町1206,船津川町,041-037,36.27108719,139.5609172
舟津川403,船津川町1265,船津川町,041-038,36.27239042,139.5611084
舟津川401,船津川町1267-1,船津川町,041-039,36.27252231,139.5607248
伊保内058,船津川町130,船津川町,041-040,36.27177868,139.5854181
伊保内056,船津川町136-1,船津川町,041-041,36.27256654,139.5846182
伊保内051,船津川町136-1,船津川町,041-042,36.27396883,139.5834858
舟津川040,船津川町1551-2,船津川町,041-043,36.269878,139.5634483
舟津川039,船津川町1552,船津川町,041-044,36.26971866,139.564091
舟津川108,船津川町1576,船津川町,041-045,36.26940194,139.563127
舟津川130,船津川町1586,船津川町,041-046,36.27046238,139.5628037
舟津川114,船津川町1743,船津川町,041-047,36.27184867,139.5597675
舟津川050,船津川町1745,船津川町,041-048,36.27232867,139.5594423
舟津川118,船津川町1749,船津川町,041-049,36.27229283,139.5582012
舟津川407A,船津川町1759,船津川町,041-050,36.27305303,139.560391
舟津川052,船津川町1776,船津川町,041-051,36.27303137,139.5592739
舟津川244,船津川町1781,船津川町,041-052,36.27310442,139.5578415
舟津川410A,船津川町1793,船津川町,041-053,36.27367631,139.5603287
舟津川412A,船津川町1794,船津川町,041-054,36.27444019,139.5605858
舟津川414A,船津川町1796,船津川町,041-055,36.27507951,139.5608058
舟津川416A,船津川町1796,船津川町,041-056,36.27559007,139.5609932
舟津川421A,船津川町1796,船津川町,041-057,36.27725656,139.561562
伊保内064,船津川町18,船津川町,041-058,36.27133702,139.5909849
伊保内029,船津川町18,船津川町,041-059,36.27135473,139.589322
舟津川054,船津川町1803,船津川町,041-060,36.27388874,139.5592639
舟津川056,船津川町1808,船津川町,041-061,36.27382685,139.55853
舟津川259,船津川町220-3,船津川町,041-063,36.27095832,139.5823005
舟津川006,船津川町233,船津川町,041-066,36.27115071,139.580786
大古屋638,船津川町2343-2,船津川町,041-067,36.28235014,139.5573908
大古屋635,船津川町2367,船津川町,041-070,36.28317199,139.5569106
大古屋636,船津川町2367,船津川町,041-071,36.28314279,139.5574185
舟津川604,船津川町240,船津川町,041-072,36.27332491,139.5799949
舟津川262,船津川町240,船津川町,041-073,36.27226337,139.5811812
舟津川235,船津川町2462,船津川町,041-074,36.27368267,139.5572525
舟津川069,船津川町281,船津川町,041-075,36.27183093,139.5800264
舟津川601,船津川町281-2,船津川町,041-076,36.27226975,139.5797235
舟津川009,船津川町281-2,船津川町,041-077,36.27066689,139.5795033
舟津川280,船津川町289,船津川町,041-078,36.27170095,139.5810436
舟津川065,船津川町305,船津川町,041-079,36.27078826,139.5805071
舟津川006,船津川町305,船津川町,041-080,36.27096582,139.5812373
舟津川248,船津川町501,船津川町,041-081,36.273148,139.575403
舟津川207,船津川町501,船津川町,041-082,36.27065495,139.5747269
舟津川015,船津川町501,船津川町,041-083,36.26938211,139.5755817
舟津川020,船津川町508,船津川町,041-084,36.26939845,139.5743844
伊保内024,船津川町60,船津川町,041-085,36.27127625,139.5872662
舟津川035,船津川町6004,船津川町,041-086,36.27124108,139.565083
舟津川120,船津川町6012,船津川町,041-087,36.26947675,139.5648109
舟津川156,船津川町6015,船津川町,041-088,36.26965353,139.5657907
舟津川128,船津川町6015,船津川町,041-089,36.2699596,139.5659493
舟津川269,船津川町688,船津川町,041-090,36.27152852,139.570081
舟津川214,船津川町688,船津川町,041-091,36.27114952,139.5720485
伊保内060,船津川町73,船津川町,041-092,36.27157451,139.5858816
伊保内339,船津川町75-3,船津川町,041-093,36.27195838,139.5864962
伊保内340,船津川町76,船津川町,041-094,36.27226362,139.5868362
舟津川026,船津川町774,船津川町,041-095,36.27045637,139.5695563
伊保内318,船津川町78,船津川町,041-096,36.27281081,139.5875486
伊保内373,船津川町782,船津川町,041-097,36.27451399,139.5890601
伊保内370,船津川町782,船津川町,041-098,36.27345521,139.5882438
舟津川218,船津川町820,船津川町,041-099,36.27234686,139.5673039
舟津川028,船津川町854,船津川町,041-100,36.27120294,139.568349
舟津川283,船津川町854,船津川町,041-101,36.26927254,139.5721458
舟津川232,船津川町854,船津川町,041-102,36.26938255,139.5726224
舟津川419A,船津川町900,船津川町,041-103,36.27662326,139.5613368
舟津川230,船津川町9000,船津川町,041-104,36.26923485,139.5731681
舟津川251,船津川町9000,船津川町,041-106,36.27124137,139.5699585
伊保内357,船津川町9000,船津川町,041-107,36.27667122,139.5899496
伊保内354,船津川町9000,船津川町,041-108,36.27782134,139.5906594
舟津川224,船津川町955,船津川町,041-109,36.27469139,139.5684952
舟津川245,船津川町955,船津川町,041-110,36.27391974,139.5680987
舟津川220,船津川町955,船津川町,041-111,36.27333486,139.5677979
伊保内071,大古屋町4117,船津川町,041-112,36.27523972,139.5825807
大古屋040,大古屋町4312,船津川町,041-113,36.28281306,139.5708108
大古屋046,大古屋町4316,船津川町,041-114,36.28094243,139.5703098
大古屋048,大古屋町4316,船津川町,041-115,36.28015446,139.5701093
大古屋050,大古屋町4316,船津川町,041-116,36.27932121,139.5698974
大古屋042,大古屋町4316,船津川町,041-117,36.28212814,139.5706296
大古屋757,大古屋町6100-2,船津川町,041-118,36.27492246,139.5797549
大古屋747,大古屋町6100-2,船津川町,041-119,36.27759723,139.5774473
大古屋759,大古屋町6100-2,船津川町,041-120,36.2743536,139.5802788
大古屋750,大古屋町6100-2,船津川町,041-121,36.27685436,139.5781065
大古屋755,大古屋町6100-2,船津川町,041-122,36.27549094,139.5792647
大古屋745,大古屋町6100-2,船津川町,041-123,36.27811575,139.5769502
伊保内128,飯田町782,船津川町,041-124,36.27987532,139.5914857
伊保内382,飯田町782,船津川町,041-125,36.27547189,139.5895546
伊保内130,飯田町782,船津川町,041-126,36.27917789,139.5913418
舟津川083,船津川町9000,船津川町,041-127,36.27255495,139.5633935
舟津川081,船津川町1052-1,船津川町,041-128,36.27229724,139.5641792
舟津川030,船津川町1098,船津川町,041-129,36.27132536,139.567468
伊保内703,馬門町1372-5,飯田町,042-005,36.28316225,139.5966034
伊保内068,飯田町630,飯田町,042-030,36.28332057,139.5958122
伊保内701,飯田町630,飯田町,042-031,36.28317946,139.5958739
伊保内007,飯田町671,飯田町,042-033,36.28337885,139.5949837
伊保内206,飯田町673,飯田町,042-034,36.28331047,139.5941849
伊保内296,飯田町773,飯田町,042-044,36.28251503,139.5928943
伊保内106,飯田町773,飯田町,042-045,36.282758,139.5920827
伊保内294,飯田町775,飯田町,042-046,36.28313469,139.5925501
伊保内114,飯田町795-2,飯田町,042-047,36.2828496,139.5902272
伊保内019,飯田町806,飯田町,042-049,36.28335225,139.589081
伊保内023,飯田町819,飯田町,042-050,36.28311084,139.5868174
伊保内235,飯田町821-1,飯田町,042-051,36.28339858,139.5864077
伊保内236,飯田町823,飯田町,042-052,36.28364687,139.5865738
伊保内022,飯田町837-2,飯田町,042-054,36.28325525,139.5874408
高山284,馬門町1005,馬門町,043-001,36.28143169,139.5972838
高山282,馬門町1372-5,馬門町,043-005,36.28301573,139.5980323
高山282,馬門町1373,馬門町,043-006,36.28305348,139.5984411
高山274,馬門町1382,馬門町,043-007,36.28142261,139.5989433
高山014,馬門町1386,馬門町,043-008,36.28185684,139.5997685
高山048,馬門町1392,馬門町,043-009,36.28285198,139.6001569
高山017,馬門町1442,馬門町,043-013,36.28104886,139.6001933
高山019,馬門町1450,馬門町,043-014,36.28099314,139.6012946
高山023,馬門町1459,馬門町,043-015,36.28118989,139.6033006
高山021,馬門町1459,馬門町,043-016,36.28118983,139.602241
高山149,馬門町1476-1,馬門町,043-017,36.28258266,139.6019093
高山104,馬門町1492-2,馬門町,043-018,36.28366939,139.601242
高山250,馬門町950,馬門町,043-045,36.27995385,139.6012811
高山016,馬門町962,馬門町,043-046,36.28110771,139.5995933
高山258,高山町1584-1,高山町,044-001,36.27850181,139.6015669
高山244,高山町1584-12,高山町,044-002,36.2785599,139.6020085
高山239,高山町1591-2,高山町,044-003,36.2775709,139.6032093
高山223,高山町1623,高山町,044-004,36.27778756,139.6039559
高山249,高山町1632,高山町,044-005,36.27686944,139.6047642
高山231,高山町1643-1,高山町,044-006,36.27738216,139.6057466
高山226,高山町1646,高山町,044-007,36.27788345,139.6048483
高山247,高山町1648,高山町,044-008,36.2775426,139.6045284
高山261,高山町1667,高山町,044-009,36.2785284,139.6056516
高山230,高山町1675,高山町,044-010,36.27777097,139.6056033
高山039,高山町1684,高山町,044-011,36.27822769,139.6067204
高山042,高山町1734,高山町,044-012,36.27781114,139.607394
高山041,高山町1744-1,高山町,044-013,36.27824545,139.6073407
高山040,高山町1745-1,高山町,044-014,36.2786538,139.607424
高山037,高山町1746-1,高山町,044-015,36.27885674,139.6069829
高山036,高山町1748,高山町,044-016,36.27894145,139.6063552
高山033,高山町1760-1,高山町,044-017,36.27903336,139.605493
高山044,高山町1763-1,高山町,044-018,36.27897026,139.6047819
高山029,高山町1768,高山町,044-019,36.27886605,139.6037318
高山211,高山町1785,高山町,044-020,36.27954972,139.6012822
高山213,高山町1790,高山町,044-021,36.27959721,139.6019293
高山257,高山町1799,高山町,044-022,36.28004159,139.6017685
高山025,高山町1809,高山町,044-023,36.28011581,139.6030042
高山216,高山町1814,高山町,044-024,36.27876489,139.6027293
高山028,高山町1822,高山町,044-025,36.27927102,139.6035567
高山153,高山町1840,高山町,044-026,36.27956347,139.6038792
高山313,高山町1889,高山町,044-027,36.28041077,139.6069104
高山311,高山町1889,高山町,044-028,36.27978362,139.6066957
高山251,馬門町962,高山町,044-029,36.27944958,139.599707
高山126,越名町103,越名町,047-001,36.28069997,139.6085228
高山118,越名町117,越名町,047-013,36.28120179,139.607084
越名253,越名町128-17,越名町,047-019,36.28251995,139.6071526
高山137,越名町13,越名町,047-021,36.28031095,139.6096113
高山115,越名町156,越名町,047-023,36.28186661,139.6060065
高山116,越名町156,越名町,047-024,36.28234075,139.6059943
高山114,越名町156,越名町,047-025,36.28138005,139.6060754
高山112,越名町157-1,越名町,047-026,36.2815424,139.6050533
高山111,越名町160-3,越名町,047-027,36.28155629,139.6044933
越名241,越名町210,越名町,047-031,36.28302451,139.6059265
越名240,越名町326,越名町,047-037,36.28343275,139.6058093
羽田086,下羽田町1047-1,下羽田町,090-008,36.2826057,139.5452213
羽田257,下羽田町1053,下羽田町,090-009,36.28141836,139.5453352
羽田048,下羽田町1054-2,下羽田町,090-010,36.28202325,139.5459527
羽田258,下羽田町1061-1,下羽田町,090-011,36.28147613,139.5462324
羽田282,下羽田町1062-1,下羽田町,090-012,36.28107009,139.5464888
羽田254,下羽田町1067,下羽田町,090-013,36.28119114,139.5442864
羽田213,下羽田町1074,下羽田町,090-014,36.28207687,139.5448266
羽田251,下羽田町1079-1,下羽田町,090-015,36.28222743,139.5441003
羽田211,下羽田町1086,下羽田町,090-016,36.283494,139.5449948
羽田244,下羽田町1092,下羽田町,090-017,36.28340141,139.5439016
羽田246,下羽田町1101-1,下羽田町,090-019,36.28285842,139.54384
羽田252,下羽田町1104,下羽田町,090-020,36.28221327,139.5432389
羽田248,下羽田町1113,下羽田町,090-022,36.28302228,139.5428414
羽田260,下羽田町1165,下羽田町,090-031,36.28149612,139.5472035
羽田052,下羽田町1169,下羽田町,090-032,36.28152253,139.547884
羽田085,下羽田町1183-1,下羽田町,090-033,36.28309705,139.544984
大古屋451,下羽田町19-2,下羽田町,090-034,36.27581685,139.5557872
大古屋448,下羽田町23-1,下羽田町,090-035,36.27650434,139.5565633
羽田158,下羽田町343-2,下羽田町,090-036,36.28284827,139.5482423
羽田046,下羽田町357-2,下羽田町,090-037,36.28138369,139.5486187
羽田160,下羽田町9000,下羽田町,090-046,36.28277664,139.549656
羽田153,下羽田町9000,下羽田町,090-047,36.2827724,139.5463301
君田531,大橋町1539-4,佐野市管理防犯灯,000-001,36.30376807,139.558326
大橋南010,大橋町1705,佐野市管理防犯灯,000-002,36.31169758,139.5593528
花岡526,大橋町1017,佐野市管理防犯灯,000-003,36.31839958,139.5674331
花岡526,大橋町1017-13,佐野市管理防犯灯,000-033,36.31823828,139.5675257
久保280,久保町101,久保町,001-001,36.31824242,139.5871352
久保284,久保町101-6,久保町,001-002,36.31804708,139.586158
久保286,久保町101-8,久保町,001-003,36.31829489,139.5863545
久保017,久保町110,久保町,001-004,36.31902674,139.5864068
久保279,久保町111,久保町,001-005,36.31871258,139.5871618
久保124,久保町112,久保町,001-006,36.31946,139.5870718
久保388,久保町117,久保町,001-007,36.32024801,139.5863829
久保384,久保町117-18,久保町,001-008,36.32005712,139.5857752
久保390,久保町117-29,久保町,001-009,36.31984467,139.5865493
久保386,久保町117-37,久保町,001-010,36.31983715,139.5860951
久保361,久保町138,久保町,001-011,36.31918862,139.5853656
久保012,久保町149,久保町,001-012,36.31892728,139.5840795
久保221,久保町152,久保町,001-013,36.31821124,139.5843093
恵比寿110,久保町213,久保町,001-014,36.31640941,139.5835722
恵比寿104,久保町213,久保町,001-015,36.31631335,139.5831895
久保216,久保町216,久保町,001-016,36.3185742,139.584057
久保225,久保町216,久保町,001-017,36.31712545,139.5841222
久保214,久保町220,久保町,001-018,36.31796401,139.5839994
久保216,久保町226,久保町,001-019,36.31847481,139.5834618
久保009,久保町229,久保町,001-020,36.31870726,139.5830804
久保248,久保町234,久保町,001-021,36.31779091,139.5834991
恵比寿001,久保町249,久保町,001-022,36.31633658,139.5817632
恵比寿101,久保町249,久保町,001-023,36.31609163,139.5819861
久保209,久保町262,久保町,001-024,36.31800754,139.5823633
久保501A,久保町267-1,久保町,001-026,36.31902796,139.5820608
恵比寿059,久保町29,久保町,001-027,36.31403614,139.584546
恵比寿242,久保町295,久保町,001-028,36.31551847,139.5861557
恵比寿058,久保町33,久保町,001-029,36.31429444,139.5846296
恵比寿213,久保町41,久保町,001-030,36.3148377,139.5854856
恵比寿057,久保町41,久保町,001-031,36.31459882,139.5847732
恵比寿227,久保町50,久保町,001-032,36.3156826,139.5855972
恵比寿205,久保町55,久保町,001-033,36.31626114,139.5862568
恵比寿245,久保町59,久保町,001-034,36.31609178,139.5870356
久保273,久保町71,久保町,001-035,36.31713387,139.5858742
恵比寿202,久保町72,久保町,001-037,36.31671615,139.5856654
久保229,久保町80,久保町,001-038,36.31727852,139.5848721
久保220,久保町87,久保町,001-039,36.31820314,139.5848342
恵比寿056,久保町9000,久保町,001-040,36.31485515,139.5848606
久保212,久保町9000,久保町,001-041,36.31797817,139.5832297
久保236,久保町9000,久保町,001-042,36.31867511,139.5860378
久保250,久保町9000,久保町,001-043,36.31749741,139.5835196
久保230,久保町9000,久保町,001-044,36.31759104,139.5848557
恵比寿108,久保町9000,久保町,001-045,36.31575617,139.5833557
恵比寿125,久保町9000,久保町,001-046,36.31523122,139.5838932
恵比寿161,久保町9000,久保町,001-047,36.31623585,139.5839708
久保013,久保町9000,久保町,001-048,36.31895727,139.5848078
久保213,久保町9000,久保町,001-049,36.31800175,139.5834697
久保009,久保町9000,久保町,001-050,36.31891724,139.5828555
久保010,久保町9000,久保町,001-051,36.31890726,139.5834279
恵比寿114,久保町9000,久保町,001-052,36.31541597,139.5844095
久保252,久保町9000,久保町,001-053,36.3170324,139.5835422
恵比寿212,久保町9000,久保町,001-054,36.31536263,139.5857194
久保176,久保町9000,久保町,001-055,36.31939328,139.5825904
恵比寿201,久保町9000,久保町,001-057,36.31645173,139.5855457
久保234,久保町97-2,久保町,001-059,36.31840314,139.5854006
恵比寿124,相生町9000,久保町,001-060,36.31537901,139.5832406
久保297,久保町71-16,久保町,001-062,36.31691025,139.5858232
恵比寿206,久保町9000,久保町,001-063,36.31606345,139.585798
久保222,久保町152,久保町,001-064,36.31820172,139.5841054
恵比寿119,相生町177,相生町(佐野),002-001,36.31385359,139.582155
恵比寿008,相生町188,相生町(佐野),002-002,36.3138813,139.5818748
恵比寿179A,相生町188,相生町(佐野),002-003,36.31416381,139.5844435
恵比寿144,相生町188,相生町(佐野),002-004,36.31381719,139.5838408
恵比寿135,相生町188-9,相生町(佐野),002-005,36.31410857,139.5841449
恵比寿126,相生町190,相生町(佐野),002-006,36.31484513,139.5836871
恵比寿147,相生町190,相生町(佐野),002-007,36.31466874,139.5831635
恵比寿140A,相生町196,相生町(佐野),002-008,36.31411213,139.5825697
恵比寿130,相生町196,相生町(佐野),002-009,36.31464523,139.5840307
恵比寿121,相生町196,相生町(佐野),002-010,36.31444931,139.5826597
恵比寿139A,相生町198-28,相生町(佐野),002-011,36.31424625,139.5824459
亀井305,相生町20,相生町(佐野),002-012,36.3124432,139.5841895
亀井336,相生町21,相生町(佐野),002-013,36.31260618,139.5836847
恵比寿004,相生町210,相生町(佐野),002-014,36.31523782,139.5820558
亀井301,相生町21-1,相生町(佐野),002-015,36.31287708,139.5842775
亀井301,相生町24,相生町(佐野),002-016,36.31283813,139.5839658
恵比寿217,相生町28,相生町(佐野),002-017,36.3134656,139.5858323
亀井051,相生町2821,相生町(佐野),002-018,36.31273143,139.5821223
亀井334,相生町2824,相生町(佐野),002-019,36.31270256,139.5826235
亀井334,相生町2827,相生町(佐野),002-020,36.31261927,139.5824471
恵比寿145,相生町2835,相生町(佐野),002-021,36.31367611,139.5840874
恵比寿120,相生町2850,相生町(佐野),002-022,36.3136052,139.5821601
恵比寿155,相生町9000,相生町(佐野),002-023,36.31550257,139.582421
恵比寿117,相生町9000,相生町(佐野),002-024,36.31512756,139.5823397
恵比寿134,相生町9000,相生町(佐野),002-025,36.31417215,139.5839008
恵比寿141,相生町9000,相生町(佐野),002-026,36.31393554,139.5831575
亀井107,高砂町2804,高砂町,003-001,36.31291695,139.5798325
高砂125,高砂町2858,高砂町,003-002,36.31394097,139.5811526
高砂148,高砂町2858,高砂町,003-003,36.3137277,139.5810974
高砂126,高砂町2861,高砂町,003-004,36.31400434,139.5808599
高砂127,高砂町2864,高砂町,003-005,36.31403795,139.580471
高砂129,高砂町2867,高砂町,003-006,36.31404851,139.5801352
高砂130A,高砂町2869,高砂町,003-007,36.31387377,139.5798036
高砂137,高砂町35,高砂町,003-008,36.31369595,139.5797225
高砂151A,高砂町61,高砂町,003-009,36.31425343,139.5792314
高砂125,高砂町677-1,高砂町,003-010,36.31428204,139.5810787
高砂138,高砂町677-1,高砂町,003-011,36.31460591,139.5811001
高砂134,高砂町679,高砂町,003-012,36.31441262,139.5806448
高砂113,高砂町679,高砂町,003-013,36.31463762,139.5807076
高砂133,高砂町679-5,高砂町,003-014,36.31428623,139.5807602
高砂130A,高砂町681,高砂町,003-015,36.3141179,139.5797511
高砂114,高砂町681,高砂町,003-016,36.31441373,139.580065
高砂132,高砂町682,高砂町,003-017,36.3143137,139.5797285
高砂115,高砂町682,高砂町,003-018,36.31468282,139.5797496
高砂131,高砂町90,高砂町,003-019,36.31405591,139.5794203
伊賀533,万町10,万町(佐野),004-001,36.31427005,139.5775979
伊賀534,万町18,万町(佐野),004-002,36.31410835,139.5775965
伊賀526,万町36-1,万町(佐野),004-003,36.31440447,139.5777865
伊賀542,万町74,万町(佐野),004-004,36.31400419,139.5767679
伊賀324,伊賀町1,伊賀町,005-001,36.31513104,139.577014
伊賀326,伊賀町13,伊賀町,005-002,36.31512746,139.5776989
伊賀321,伊賀町35,伊賀町,005-003,36.315486,139.577029
伊賀323,伊賀町36,伊賀町,005-004,36.31548241,139.5775828
伊賀113,伊賀町54,伊賀町,005-005,36.31541182,139.5768588
伊賀206,伊賀町696,伊賀町,005-006,36.31511993,139.5757413
伊賀220A,伊賀町698-12,伊賀町,005-007,36.31496575,139.5751288
伊賀106,伊賀町70,伊賀町,005-008,36.31501325,139.5768479
伊賀207,伊賀町704,伊賀町,005-009,36.31569568,139.5758338
伊賀207,伊賀町705,伊賀町,005-010,36.31542234,139.5757563
伊賀212,伊賀町705,伊賀町,005-011,36.31591144,139.5755376
伊賀207,伊賀町706-1,伊賀町,005-012,36.31541403,139.5754152
伊賀251A,伊賀町708,伊賀町,005-013,36.31640388,139.575489
伊賀213,伊賀町708,伊賀町,005-014,36.31599892,139.5757338
伊賀325,伊賀町9,伊賀町,005-015,36.3151274,139.5772887
伊賀210,本町2897,本町(佐野),006-001,36.31427995,139.5759555
伊賀204,本町2897-6,本町(佐野),006-002,36.31443662,139.5756764
伊賀211,本町2899,本町(佐野),006-003,36.31416467,139.5756178
伊賀211,本町2899,本町(佐野),006-004,36.31397247,139.5756367
伊賀208,本町2900,本町(佐野),006-005,36.31431025,139.5756705
大蔵010,本町2904,本町(佐野),006-007,36.31376415,139.5749928
大蔵153A,本町2904,本町(佐野),006-008,36.3145613,139.5749414
大蔵154A,本町2906-2,本町(佐野),006-009,36.31456128,139.5745954
大蔵111,本町2909,本町(佐野),006-010,36.31398106,139.5741504
大蔵112,本町2910,本町(佐野),006-011,36.31383667,139.5742304
大蔵110,本町2914,本町(佐野),006-012,36.31434768,139.5742243
大蔵110,本町2914,本町(佐野),006-013,36.31439243,139.5744101
大蔵111,本町2942,本町(佐野),006-014,36.31415827,139.5742404
大蔵118,本町2946,本町(佐野),006-015,36.31427517,139.5734119
大蔵119,本町2946,本町(佐野),006-016,36.31394609,139.573483
伊賀223A,本町2902,本町(佐野),006-017,36.31409584,139.5751289
伊賀221A,本町2902,本町（佐野）,006-018,36.31445609,139.5751356
大蔵105,大蔵町2927,大蔵町,007-001,36.31544983,139.5735076
大蔵107,大蔵町2932,大蔵町,007-002,36.31508426,139.5738789
大蔵106,大蔵町2933,大蔵町,007-003,36.31511734,139.5735056
大蔵115,大蔵町2949,大蔵町,007-004,36.31446825,139.5734666
大蔵109,大蔵町2935,大蔵町,007-005,36.31478907,139.5741592
大蔵110,大蔵町2937-3,大蔵町,007-006,36.31450491,139.5740382
大蔵110,大蔵町2938,大蔵町,007-007,36.31446994,139.574244
大蔵167,大蔵町2934,大蔵町,007-008,36.31450854,139.5737168
大蔵116,大蔵町2950,大蔵町,007-009,36.31448185,139.5731315
大蔵117,大蔵町2959,大蔵町,007-010,36.31448435,139.5728307
大蔵163,大蔵町2961,大蔵町,007-011,36.31470847,139.5729029
大蔵113,大蔵町2964,大蔵町,007-012,36.31519927,139.5730515
大蔵161,大蔵町2975,大蔵町,007-013,36.31519921,139.5729004
大蔵122,大蔵町2975,大蔵町,007-014,36.31571752,139.5716983
大蔵122,大蔵町2975,大蔵町,007-015,36.31571585,139.5720883
大蔵120,大蔵町2975,大蔵町,007-016,36.31547589,139.572979
大蔵122,大蔵町2975,大蔵町,007-017,36.3156292,139.5724833
大蔵053,大蔵町2928,朝日町,008-001,36.31602088,139.5740517
大蔵052,大蔵町2928,朝日町,008-002,36.31600424,139.5743566
大蔵060,大蔵町853,朝日町,008-003,36.31567161,139.5711477
大蔵109,朝日町2917,朝日町,008-004,36.3145613,139.5743978
大蔵108,朝日町2923,朝日町,008-005,36.31503511,139.574279
大蔵104,朝日町2926,朝日町,008-007,36.31576063,139.573529
大蔵054,朝日町2926,朝日町,008-008,36.31605557,139.5735478
大蔵056,朝日町2974,朝日町,008-009,36.31610722,139.5726015
大蔵103,朝日町702,朝日町,008-011,36.31547674,139.5743664
大蔵005,朝日町702-19,朝日町,008-012,36.31520569,139.5750117
大蔵005,朝日町702-20,朝日町,008-013,36.31540563,139.5747789
大蔵140,朝日町785,朝日町,008-015,36.31624892,139.5736025
駅西110,朝日町785,朝日町,008-016,36.31662553,139.5740028
駅西119,朝日町825,朝日町,008-017,36.31732069,139.5726814
駅西012,朝日町825,朝日町,008-018,36.31767064,139.5727581
駅西010,朝日町825-6,朝日町,008-019,36.31757708,139.5735402
駅西127,朝日町826-2,朝日町,008-020,36.31726402,139.573558
駅西109,朝日町827-2,朝日町,008-021,36.31704876,139.5735431
駅西110,朝日町831,朝日町,008-022,36.31664048,139.5735389
大蔵057,朝日町839-1,朝日町,008-024,36.31609471,139.5721108
駅西025,朝日町852,朝日町,008-026,36.31648743,139.5709333
駅西020,朝日町852-3,朝日町,008-027,36.31683621,139.5709305
駅西019,朝日町852-3,朝日町,008-028,36.31706235,139.5709333
駅西120,朝日町861,朝日町,008-029,36.31708097,139.5726065
駅西125,朝日町861-1,朝日町,008-030,36.31706989,139.5719882
駅西142,朝日町862-7,朝日町,008-031,36.31735069,139.5720154
駅西013,朝日町863,朝日町,008-032,36.31770317,139.5722578
駅西014,朝日町863-4,朝日町,008-033,36.317707,139.5719464
駅西123,朝日町935,朝日町,008-034,36.31709816,139.5713183
駅西015,朝日町935,朝日町,008-035,36.31771063,139.571424
駅西016,朝日町935,朝日町,008-036,36.31771534,139.5711457
駅西230,朝日町936-5,朝日町,008-037,36.31734863,139.5703777
駅西230,朝日町938,朝日町,008-038,36.31706624,139.5703669
駅西229,朝日町939-3,朝日町,008-039,36.31763891,139.5703266
大蔵102,朝日町702-20,朝日町,008-040,36.31520988,139.5746606
大蔵142A,大町2739,大町,009-002,36.31376515,139.5711085
大蔵143A,大町2739-2,大町,009-003,36.31372101,139.5715684
天明202,大町2739-5,大町,009-004,36.31342439,139.5700869
天明074,大町2741,大町,009-005,36.31361439,139.5709943
天明060,大町2742,大町,009-006,36.31363155,139.5711329
大蔵144A,大町2742,大町,009-007,36.31370325,139.5719379
天明059,大町2743,大町,009-008,36.31361851,139.5715159
大蔵146A,大町2746,大町,009-009,36.31368801,139.5725955
大蔵145A,大町2746,大町,009-010,36.31369577,139.5723103
天明058,大町2747,大町,009-011,36.31359908,139.5719467
天明057,大町2748,大町,009-012,36.31359109,139.5723295
大蔵147A,大町2749,大町,009-013,36.31367219,139.5729867
天明056,大町2751,大町,009-014,36.31357271,139.5727878
天明055,大町2752,大町,009-015,36.31356494,139.5729858
大蔵118,大町2953,大町,009-018,36.31404935,139.573388
大蔵124,大町2994,大町,009-029,36.31494422,139.5712834
大蔵065,大町2999,大町,009-033,36.31408096,139.570737
大蔵064,大町3000-1,大町,009-034,36.31438479,139.5707446
大蔵126,大町3005,大町,009-035,36.31452597,139.571422
大蔵125,大町3007,大町,009-036,36.31455649,139.5708684
大蔵062,大町3013,大町,009-037,36.3148573,139.5707745
大蔵128,大町3016,大町,009-039,36.31448895,139.5701157
大蔵128,大町3016,大町,009-041,36.31467809,139.5700568
大蔵064,大町3016,大町,009-042,36.31442537,139.5705068
大蔵128,大町3016,大町,009-043,36.31474308,139.5703903
大蔵128,大町3016,大町,009-044,36.31475724,139.5705592
大蔵066,大町3018,大町,009-045,36.31421596,139.5707342
大蔵068,大町3026,大町,009-047,36.31389151,139.5707371
天明201,大町3028,大町,009-050,36.31366105,139.5704921
天明061,大町3028,大町,009-051,36.31366104,139.5706893
大蔵070A,大町3028,大町,009-052,36.3137968,139.5702543
大蔵069A,大町3029,大町,009-053,36.31377686,139.5704868
天明062,大町3029,大町,009-054,36.3132161,139.570701
天明203,大町3031,大町,009-055,36.31321602,139.5702518
大蔵063,大町844,大町,009-056,36.31473478,139.5707542
大蔵062,大町844,大町,009-057,36.3150231,139.5707959
大蔵128,大町844,大町,009-058,36.31467258,139.5706257
大蔵059,大町845,大町,009-059,36.31609243,139.5709494
大蔵061,大町845,大町,009-060,36.31537084,139.5708908
大橋南193A,赤坂町961,大橋町(市街部),010-001,36.30944914,139.5665091
大橋290,大橋町1139-10,大橋町(市街部),010-002,36.31577882,139.5688368
大橋288,大橋町1139-17,大橋町(市街部),010-003,36.31512718,139.5689482
大橋292,大橋町1139-9,大橋町(市街部),010-004,36.31558632,139.5684346
大橋335,大橋町1150-5,大橋町(市街部),010-005,36.31448169,139.5683397
大橋202,大橋町1151-7,大橋町(市街部),010-006,36.31468894,139.5690544
大橋201,大橋町1157,大橋町(市街部),010-007,36.31408562,139.5690897
大橋251A,大橋町1158,大橋町(市街部),010-008,36.31395813,139.5689072
大橋204,大橋町1162,大橋町(市街部),010-009,36.31420397,139.5680397
大橋208,大橋町1164-9,大橋町(市街部),010-010,36.3157241,139.5679369
大橋253,大橋町1165,大橋町(市街部),010-011,36.31605539,139.5681735
大橋212,大橋町1178,大橋町(市街部),010-012,36.31504658,139.5663409
大橋260,大橋町1181-5,大橋町(市街部),010-013,36.31564315,139.5645796
大橋259,大橋町1183-4,大橋町(市街部),010-014,36.31537627,139.5647338
大橋240,大橋町1185-7,大橋町(市街部),010-015,36.31539488,139.5641525
大橋218,大橋町1185-7,大橋町(市街部),010-016,36.31533907,139.5645449
大橋219,大橋町1186,大橋町(市街部),010-017,36.31542957,139.5639084
大橋242,大橋町1210,大橋町(市街部),010-018,36.31562205,139.56278
大橋224,大橋町1210,大橋町(市街部),010-019,36.31578392,139.5617839
大橋228,大橋町1214,大橋町(市街部),010-020,36.31589222,139.5611362
大橋229,大橋町1214-2,大橋町(市街部),010-021,36.31595224,139.5607376
花岡020,大橋町1322,大橋町(市街部),010-022,36.31617465,139.5595466
花岡056,大橋町1322,大橋町(市街部),010-023,36.31621216,139.5591589
花岡021,大橋町1322-4,大橋町(市街部),010-024,36.31627268,139.5587842
花岡253,大橋町1323-3,大橋町(市街部),010-025,36.31683594,139.559085
花岡266,大橋町1323-8,大橋町(市街部),010-026,36.317402,139.55907
花岡267,大橋町1323-9,大橋町(市街部),010-027,36.31759034,139.5590611
花岡267,大橋町1323-9,大橋町(市街部),010-028,36.31770284,139.5588716
花岡265,大橋町1325,大橋町(市街部),010-029,36.31716011,139.5590761
花岡252,大橋町1325-10,大橋町(市街部),010-030,36.31652462,139.5591166
花岡310,大橋町1325-12,大橋町(市街部),010-031,36.3166335,139.55888
花岡275,大橋町1325-4,大橋町(市街部),010-032,36.31699788,139.5588424
花岡022,大橋町1330,大橋町(市街部),010-033,36.316336,139.5583776
花岡069,大橋町1333,大橋町(市街部),010-034,36.31649292,139.5575568
花岡025,大橋町1333,大橋町(市街部),010-035,36.3166329,139.5567068
花岡064,大橋町1333,大橋町(市街部),010-036,36.3165804,139.5570351
花岡023,大橋町1333,大橋町(市街部),010-037,36.31641299,139.5580343
花岡063,大橋町1334,大橋町(市街部),010-038,36.31687347,139.5571412
花岡062,大橋町1334,大橋町(市街部),010-039,36.31732896,139.5575267
花岡061,大橋町1334,大橋町(市街部),010-040,36.31762364,139.5580224
大橋261,大橋町1651,大橋町(市街部),010-041,36.31594276,139.560335
大橋440,大橋町1658,大橋町(市街部),010-042,36.31511122,139.5601266
大橋706,大橋町1987-15,大橋町(市街部),010-043,36.31281817,139.5630491
大橋710,大橋町1987-18,大橋町(市街部),010-044,36.31251512,139.563269
大橋709,大橋町1987-21,大橋町(市街部),010-045,36.31231264,139.5628466
大橋711,大橋町1987-23,大橋町(市街部),010-046,36.31243735,139.5626778
大橋715,大橋町1987-29,大橋町(市街部),010-047,36.31291173,139.5623352
大橋705,大橋町1987-30,大橋町(市街部),010-048,36.31275814,139.5627291
大橋714,大橋町1987-37,大橋町(市街部),010-049,36.3125951,139.5624092
大橋712,大橋町1987-48,大橋町(市街部),010-050,36.31237734,139.5622866
大橋707,大橋町1987-9,大橋町(市街部),010-051,36.31288231,139.5634727
大橋712,大橋町1988-6,大橋町(市街部),010-052,36.31240257,139.5620424
大橋704,大橋町1997-11,大橋町(市街部),010-053,36.31307646,139.5626441
大橋730,大橋町1997-15,大橋町(市街部),010-054,36.31338783,139.5624363
大橋702,大橋町1997-17,大橋町(市街部),010-055,36.31359141,139.5626277
大橋702,大橋町1997-18,大橋町(市街部),010-056,36.31362082,139.5625188
大橋701,大橋町1997-22,大橋町(市街部),010-057,36.3137955,139.5626462
大橋282,大橋町2023-10,大橋町(市街部),010-058,36.31546618,139.5623609
大橋462A,大橋町2026,大橋町(市街部),010-059,36.31421577,139.5640473
大橋247,大橋町2038,大橋町(市街部),010-060,36.31481715,139.5641889
大橋719,大橋町2044,大橋町(市街部),010-061,36.31354142,139.5635965
大橋720,大橋町2048-3,大橋町(市街部),010-062,36.31329895,139.5635865
大橋235,大橋町2070,大橋町(市街部),010-063,36.31435277,139.5665009
大橋246,大橋町2071,大橋町(市街部),010-064,36.31502658,139.5642158
大橋137,大橋町2085-1,大橋町(市街部),010-065,36.31324428,139.5668999
大橋143,大橋町2100-20,大橋町(市街部),010-066,36.31268209,139.5661014
大橋142,大橋町2100-36,大橋町(市街部),010-067,36.31280765,139.5663899
大橋158,大橋町2100-38,大橋町(市街部),010-068,36.31256413,139.5665936
大橋152,大橋町2100-44,大橋町(市街部),010-069,36.31228268,139.5662375
大橋128,大橋町2101,大橋町(市街部),010-070,36.31333596,139.5676362
大橋182,大橋町2102-36,大橋町(市街部),010-071,36.3124375,139.5681299
大橋167,大橋町2102-40,大橋町(市街部),010-072,36.3121892,139.5682962
大橋156,大橋町2102-57,大橋町(市街部),010-073,36.31201922,139.5685812
大橋169,大橋町2103-2,大橋町(市街部),010-074,36.31257108,139.5685834
大橋148,大橋町2107-14,大橋町(市街部),010-075,36.31104458,139.5685396
大橋149,大橋町2107-17,大橋町(市街部),010-076,36.31146952,139.5685738
大橋154,大橋町2107-5,大橋町(市街部),010-077,36.31166199,139.5682285
大橋124,大橋町2139,大橋町(市街部),010-078,36.30953358,139.5676401
大橋141,大橋町2172,大橋町(市街部),010-079,36.31037685,139.5688338
大橋118,大橋町2172-11,大橋町(市街部),010-080,36.31025377,139.5684022
大橋120,大橋町2172-20,大橋町(市街部),010-081,36.31001555,139.5687197
大橋116,大橋町2172-22,大橋町(市街部),010-082,36.31053629,139.5689588
大橋173,大橋町2175-9,大橋町(市街部),010-083,36.30994938,139.5695283
大橋163,大橋町2178-3,大橋町(市街部),010-084,36.30921285,139.5691586
大橋115,大橋町2182,大橋町(市街部),010-085,36.31071185,139.5692787
大橋144,大橋町2184-1,大橋町(市街部),010-086,36.31020601,139.5690172
大橋125,大橋町2186-3,大橋町(市街部),010-087,36.31021016,139.5679188
大橋147,大橋町2189,大橋町(市街部),010-088,36.31076679,139.5684499
大橋114,大橋町2189-10,大橋町(市街部),010-089,36.31102127,139.5692885
大橋113,大橋町2189-11,大橋町(市街部),010-090,36.31120878,139.5693062
大橋111,大橋町2191-31,大橋町(市街部),010-091,36.3119878,139.5694109
大橋110,大橋町2194,大橋町(市街部),010-092,36.31223949,139.5694745
大橋105,大橋町2198,大橋町(市街部),010-093,36.31287833,139.5694833
大橋106,大橋町2199,大橋町(市街部),010-094,36.31291581,139.5693145
大橋103,大橋町2201,大橋町(市街部),010-095,36.31309685,139.5689759
大橋103,大橋町2207,大橋町(市街部),010-096,36.31330431,139.5692136
大橋104,大橋町2207,大橋町(市街部),010-097,36.3131635,139.5696083
大橋310,大橋町3213-12,大橋町(市街部),010-098,36.31195352,139.5641438
大橋南321,大橋町3234-1,大橋町(市街部),010-099,36.31058371,139.5643578
大橋南361,大橋町3234-20,大橋町(市街部),010-100,36.30850776,139.5644592
大橋南362,大橋町3234-21,大橋町(市街部),010-101,36.30875944,139.5644367
大橋南364,大橋町3234-22,大橋町(市街部),010-102,36.30937959,139.5643914
大橋南365,大橋町3234-23,大橋町(市街部),010-103,36.30959348,139.5643599
大橋南321,大橋町3234-28,大橋町(市街部),010-104,36.31043484,139.5643652
大橋南366,大橋町3234-40,大橋町(市街部),010-105,36.30996928,139.5643427
大橋南136,大橋町3235,大橋町(市街部),010-106,36.31058261,139.5649526
大橋南114,大橋町3235,大橋町(市街部),010-107,36.31081591,139.5649349
大橋南951,大橋町3235-19,大橋町(市街部),010-108,36.31016596,139.5651963
大橋南211,大橋町3235-20,大橋町(市街部),010-109,36.31002349,139.5650041
大橋南191,大橋町3235-26,大橋町(市街部),010-110,36.30951465,139.5650539
大橋南115,大橋町3235-34,大橋町(市街部),010-111,36.30883549,139.5651136
大橋南116,大橋町3235-37,大橋町(市街部),010-112,36.30847532,139.5651442
大橋南111,大橋町3235-6,大橋町(市街部),010-113,36.31022372,139.5649888
大橋南196A,大橋町3239-19,大橋町(市街部),010-114,36.31062044,139.5665098
大橋南218,大橋町3239-8,大橋町(市街部),010-115,36.30959936,139.5671851
大橋南219,大橋町3240-19,大橋町(市街部),010-116,36.31004712,139.5671476
大橋南190,大橋町3240-3,大橋町(市街部),010-117,36.31079512,139.5670814
大橋138A,大橋町3241-8,大橋町(市街部),010-118,36.31182363,139.5663461
大橋177,大橋町3243-2,大橋町(市街部),010-119,36.3119195,139.5677499
大橋196,大橋町3244,大橋町(市街部),010-120,36.3112334,139.5678485
大橋140A,大橋町3244-14,大橋町(市街部),010-121,36.31188893,139.5682709
大橋176,大橋町3244-15,大橋町(市街部),010-122,36.3116725,139.5677685
大橋139A,大橋町3244-3,大橋町(市街部),010-123,36.31186281,139.5680746
大橋373,大橋町3245-1,大橋町(市街部),010-124,36.31178083,139.5671186
大橋372,大橋町3245-2,大橋町(市街部),010-125,36.3115578,139.5671347
大橋188,大橋町3246-1,大橋町(市街部),010-126,36.31073846,139.5680714
大橋190,大橋町3246-6,大橋町(市街部),010-127,36.31069792,139.56743
大橋164,大橋町3247-2,大橋町(市街部),010-128,36.31058047,139.5678689
大橋168,大橋町3248,大橋町(市街部),010-129,36.31011439,139.56757
大橋160,大橋町3249-5,大橋町(市街部),010-130,36.3095089,139.5687436
大橋南126,大橋町3251-8,大橋町(市街部),010-131,36.30866148,139.567424
大橋南346,大橋町3252-17,大橋町(市街部),010-132,36.30927866,139.5681486
大橋145,大橋町3252-18,大橋町(市街部),010-133,36.30964943,139.5680189
大橋南175,大橋町3252-8,大橋町(市街部),010-134,36.30845317,139.5682225
大橋330A,大橋町3253-1,大橋町(市街部),010-135,36.30925891,139.5687936
大橋337,大橋町3253-5,大橋町(市街部),010-136,36.3089256,139.569235
大橋332A,大橋町3253-8,大橋町(市街部),010-137,36.30841537,139.5688573
大橋331A,大橋町3253-8,大橋町(市街部),010-138,36.30890198,139.5688222
花岡024,並木町1333,大橋町(市街部),010-139,36.31652872,139.5573318
大橋南306,大橋町3251-1,大橋町(市街部),010-140,36.30911027,139.5678086
大橋402,大橋町1376-4,大橋町(西部),011-001,36.31388073,139.5574667
大橋399,大橋町1404,大橋町(西部),011-002,36.31482063,139.5573327
大橋427,大橋町1404,大橋町(西部),011-003,36.31483695,139.5565164
大橋533,大橋町1428,大橋町(西部),011-004,36.31190805,139.5561568
大橋南202,大橋町1447,大橋町(西部),011-005,36.31216889,139.5581903
大橋539,大橋町1447-10,大橋町(西部),011-006,36.31207637,139.5557894
大橋南270,大橋町1457-3,大橋町(西部),011-007,36.31018994,139.5550231
大橋南234,大橋町1476-2,大橋町(西部),011-008,36.30801434,139.556262
大橋南233,大橋町1481-2,大橋町(西部),011-009,36.30796681,139.5566345
大橋南229,大橋町1563,大橋町(西部),011-010,36.30789438,139.5578594
大橋南231,大橋町1563-5,大橋町(西部),011-011,36.30790373,139.5570698
大橋南470A,大橋町1607,大橋町(西部),011-012,36.31107624,139.558172
大橋548,大橋町1617,大橋町(西部),011-013,36.31283858,139.5576967
大橋南474A,大橋町1620-2,大橋町(西部),011-014,36.31205642,139.5579195
大橋南204,大橋町1621,大橋町(西部),011-015,36.31196229,139.5570804
大橋南154,大橋町1626,大橋町(西部),011-016,36.31165987,139.5605165
大橋南320,大橋町1638,大橋町(西部),011-017,36.31017366,139.5600769
大橋南008,大橋町1663,大橋町(西部),011-018,36.3124373,139.5591741
大橋328,大橋町1668,大橋町(西部),011-019,36.31179406,139.5615829
大橋南013,大橋町1707,大橋町(西部),011-020,36.31038248,139.5595245
大橋南013,大橋町1707,大橋町(西部),011-021,36.31050998,139.5597855
大橋南015,大橋町1713,大橋町(西部),011-022,36.31024751,139.5589142
大橋南016,大橋町1713,大橋町(西部),011-023,36.31019526,139.5585343
君田611,大橋町1731-2,大橋町(西部),011-024,36.30491745,139.5611569
大橋南310,大橋町1736,大橋町(西部),011-025,36.30881597,139.5604706
大橋南024,大橋町1739,大橋町(西部),011-026,36.30803632,139.5598978
大橋南018,大橋町1748-6,大橋町(西部),011-027,36.30953201,139.5586107
大橋南020,大橋町1748-6,大橋町(西部),011-028,36.30877701,139.5586868
大橋南022,大橋町1759,大橋町(西部),011-029,36.30798966,139.5586505
大橋南026,大橋町1763,大橋町(西部),011-030,36.30631618,139.5599108
大橋南031,大橋町1768,大橋町(西部),011-031,36.30507884,139.5593298
大橋南509,大橋町1777,大橋町(西部),011-032,36.3055482,139.5599869
大橋南033,大橋町1779-1,大橋町(西部),011-033,36.30513153,139.5584484
大橋南039,大橋町1780,大橋町(西部),011-034,36.30630146,139.5585598
大橋南029,大橋町1783,大橋町(西部),011-035,36.30561873,139.5594598
大橋南513,大橋町1783,大橋町(西部),011-036,36.30620206,139.5604919
大橋南245,大橋町1848,大橋町(西部),011-037,36.31018355,139.556543
大橋南227,大橋町1848,大橋町(西部),011-038,36.31020359,139.5572593
大橋南513,大橋町1863-3,大橋町(西部),011-039,36.30691396,139.5605665
大橋南510,大橋町1866,大橋町(西部),011-040,36.30549243,139.5604291
大橋南302,大橋町1877-2,大橋町(西部),011-041,36.30795389,139.5608195
大橋南005,大橋町2006,大橋町(西部),011-042,36.31267393,139.5603743
大橋南003,大橋町2009,大橋町(西部),011-043,36.31280337,139.5611753
大橋南001,大橋町3209-3,大橋町(西部),011-044,36.31332414,139.5611002
大橋333,大橋町3213,大橋町(西部),011-045,36.31185742,139.5631716
大橋南340,大橋町3213-19,大橋町(西部),011-046,36.31148943,139.5639727
大橋南105,大橋町3215,大橋町(西部),011-047,36.31067194,139.5609343
大橋南345,大橋町3215-8,大橋町(西部),011-048,36.31122526,139.5619743
大橋南129,大橋町3216-14,大橋町(西部),011-049,36.31073837,139.5635974
大橋南162,大橋町3216-17,大橋町(西部),011-050,36.31098446,139.5640966
大橋314,大橋町3216-30,大橋町(西部),011-051,36.31139163,139.5642852
大橋南107,大橋町3216-4,大橋町(西部),011-052,36.31083609,139.5622942
大橋南342,大橋町3216-9,大橋町(西部),011-053,36.3113075,139.5628314
大橋南314,大橋町3220-2,大橋町(西部),011-054,36.30970089,139.5611244
大橋南353,大橋町3220-4,大橋町(西部),011-055,36.31011417,139.561739
大橋南751,大橋町3222,大橋町(西部),011-056,36.30965515,139.5634867
大橋南731,大橋町3222-7,大橋町(西部),011-057,36.30918105,139.5636368
大橋南787,大橋町3223,大橋町(西部),011-058,36.30940092,139.5611128
大橋南759,大橋町3223-13,大橋町(西部),011-059,36.30955678,139.5616391
大橋南785,大橋町3224,大橋町(西部),011-060,36.30878125,139.5612905
大橋南326,大橋町3224-10,大橋町(西部),011-061,36.3088838,139.5618402
大橋南709,大橋町3226-6,大橋町(西部),011-062,36.30856884,139.5638867
大橋南782,大橋町3227-9,大橋町(西部),011-063,36.30791216,139.5614931
大橋南745,大橋町3231,大橋町(西部),011-064,36.30614378,139.5613782
大橋南743,大橋町3232,大橋町(西部),011-065,36.30602466,139.5619445
花岡504,大橋町1001,大橋町(東部),012-001,36.31880685,139.5681159
花岡074,大橋町1001,大橋町(東部),012-002,36.31919291,139.5679319
花岡506,大橋町1001,大橋町(東部),012-003,36.31845855,139.5680928
花岡276,大橋町1002-2,大橋町(東部),012-004,36.32041492,139.567473
花岡078,大橋町1007,大橋町(東部),012-005,36.31907702,139.5665993
花岡505,大橋町1009-11,大橋町(東部),012-006,36.3185121,139.5677359
花岡739,大橋町1011-1,大橋町(東部),012-007,36.31836603,139.5687192
花岡736,大橋町1012,大橋町(東部),012-008,36.31825185,139.5683183
花岡734,大橋町1015,大橋町(東部),012-009,36.31768301,139.5683384
花岡528,大橋町1016-6,大橋町(東部),012-010,36.31802606,139.5679834
花岡058,大橋町1017-13,大橋町(東部),012-011,36.31911508,139.5681945
花岡524,大橋町1017-17,大橋町(東部),012-012,36.3177605,139.5676379
花岡080,大橋町1021,大橋町(東部),012-013,36.31889927,139.5661482
花岡702,大橋町1021-11,大橋町(東部),012-014,36.31939005,139.5662057
花岡711,大橋町1021-23,大橋町(東部),012-015,36.31978418,139.5669742
花岡704,大橋町1021-33,大橋町(東部),012-016,36.31984419,139.5663606
花岡714,大橋町1021-39,大橋町(東部),012-017,36.31961197,139.5658932
花岡292,大橋町1030,大橋町(東部),012-018,36.32003248,139.5676619
花岡709,大橋町1032-3,大橋町(東部),012-019,36.31985495,139.5659335
花岡708,大橋町1032-5,大橋町(東部),012-020,36.32017497,139.5660434
花岡255,大橋町1049,大橋町(東部),012-021,36.32140318,139.5671955
花岡014,大橋町1079,大橋町(東部),012-022,36.31877917,139.5627199
花岡082,大橋町1080,大橋町(東部),012-023,36.3187193,139.5659944
花岡083,大橋町1089,大橋町(東部),012-024,36.31885092,139.5656469
花岡297,大橋町1089,大橋町(東部),012-025,36.32016904,139.5611812
花岡547,大橋町1089,大橋町(東部),012-026,36.31842677,139.5637187
花岡532,大橋町1089,大橋町(東部),012-027,36.31717613,139.567606
花岡510,大橋町1089,大橋町(東部),012-028,36.31851514,139.5663458
花岡514,大橋町1092,大橋町(東部),012-029,36.317876,139.5659636
花岡512,大橋町1092-3,大橋町(東部),012-030,36.31828378,139.5665057
花岡516,大橋町1093-9,大橋町(東部),012-031,36.31747278,139.566328
花岡520,大橋町1094,大橋町(東部),012-032,36.31804662,139.5668957
花岡539,大橋町1120,大橋町(東部),012-033,36.3165954,139.567671
花岡518,大橋町1098,大橋町(東部),012-034,36.31774293,139.5654219
花岡002,大橋町1103-2,大橋町(東部),012-035,36.31951005,139.5680858
花岡538,大橋町1120,大橋町(東部),012-036,36.31692781,139.5677208
花岡536,大橋町1120,大橋町(東部),012-037,36.31673671,139.5668968
花岡592,大橋町1095-11,大橋町(東部),012-038,36.31722023,139.566363
花岡534,大橋町1120,大橋町(東部),012-039,36.31698865,139.566953
花岡533,大橋町1120,大橋町(東部),012-040,36.31689779,139.5673919
花岡580,大橋町1120,大橋町(東部),012-041,36.31635061,139.5672636
花岡583,大橋町1123-2,大橋町(東部),012-042,36.31646062,139.5665597
花岡531,大橋町1127,大橋町(東部),012-043,36.31744115,139.5679107
花岡535,大橋町1127-13,大橋町(東部),012-044,36.31726449,139.5670546
花岡544,大橋町1132-38,大橋町(東部),012-045,36.31667732,139.5687246
花岡542,大橋町1132-4,大橋町(東部),012-046,36.31720446,139.5685517
花岡017,大橋町1260,大橋町(東部),012-048,36.31885862,139.5616688
花岡284,大橋町1291,大橋町(東部),012-049,36.31930738,139.5597022
花岡357,大橋町1315,大橋町(東部),012-050,36.316876,139.5597724
花岡059,大橋町1327,大橋町(東部),012-051,36.31773699,139.5584367
花岡553,大橋町3172,大橋町(東部),012-052,36.31760105,139.5640096
花岡554,大橋町3172-1,大橋町(東部),012-053,36.31759879,139.5644045
花岡551,大橋町3173,大橋町(東部),012-054,36.31796712,139.5637987
花岡599,大橋町3173-3,大橋町(東部),012-055,36.31788871,139.5631171
花岡285,大橋町3192,大橋町(東部),012-056,36.31977239,139.5596811
花岡497,大橋町3192-1,大橋町(東部),012-057,36.31934101,139.5602964
花岡282,大橋町3193-3,大橋町(東部),012-058,36.31874023,139.5597112
花岡051,大橋町3194-2,大橋町(東部),012-059,36.31868671,139.5609008
花岡240,大橋町3195,大橋町(東部),012-060,36.3193294,139.5613339
花岡369,大橋町3200-14,大橋町(東部),012-061,36.31618471,139.5614665
花岡355,大橋町3203,大橋町(東部),012-062,36.31734428,139.559761
花岡352,大橋町3203-11,大橋町(東部),012-063,36.31757039,139.5597552
花岡065,大橋町3203-15,大橋町(東部),012-064,36.31818168,139.5597365
花岡359,大橋町3204-5,大橋町(東部),012-065,36.31624464,139.5598016
花岡362,大橋町3204-9,大橋町(東部),012-066,36.31706958,139.5604776
花岡305,大橋町9000,大橋町(東部),012-067,36.31802171,139.5612775
花岡237,大橋町9000,大橋町(東部),012-068,36.32080145,139.5603857
花岡261,大橋町9000,大橋町(東部),012-069,36.31915658,139.56044
花岡552,大橋町9000,大橋町(東部),012-070,36.31772101,139.5638109
花岡003,大橋町993,大橋町(東部),012-071,36.31917455,139.5686744
天明204,天明町2212,天明町,013-001,36.31283114,139.5704807
天明063,天明町2212,天明町,013-002,36.31289081,139.5706885
天明064,天明町2220,天明町,013-003,36.31257003,139.5706811
天明065,天明町2224,天明町,013-004,36.31219036,139.5706558
天明067,天明町2229,天明町,013-005,36.31167592,139.5706222
天明118,天明町2534,天明町,013-006,36.31257003,139.570971
天明111,天明町2550,天明町,013-007,36.31254171,139.5717004
天明112,天明町2551,天明町,013-008,36.31251531,139.5719904
天明108,天明町2559,天明町,013-009,36.31249541,139.5730728
天明114,天明町2565,天明町,013-010,36.31222926,139.5733233
天明105,天明町2568,天明町,013-011,36.31247346,139.5733408
天明103,天明町2574,天明町,013-012,36.31247341,139.5737341
天明101,天明町2579-2,天明町,013-013,36.3124493,139.5744207
天明106,天明町2711,天明町,013-014,36.31277257,139.5733755
大和158,大和町2697,大和町,014-001,36.31288736,139.5769464
亀井322,亀井町15,亀井町,015-001,36.31268397,139.5829123
亀井319,亀井町15,亀井町,015-002,36.31200538,139.5824751
亀井321,亀井町16-1,亀井町,015-003,36.31234315,139.582891
大和013,亀井町2614,亀井町,015-004,36.31204894,139.5783966
大和012,亀井町2615,亀井町,015-005,36.31231217,139.578549
亀井117,亀井町2615,亀井町,015-006,36.31218949,139.5815185
亀井104,亀井町2620,亀井町,015-007,36.31227005,139.5793429
亀井320,亀井町2620-1,亀井町,015-008,36.31206898,139.582891
亀井108,亀井町2622-5,亀井町,015-009,36.31201061,139.5796964
亀井105,亀井町2623,亀井町,015-010,36.31225365,139.5797251
亀井110,亀井町2624,亀井町,015-011,36.31223897,139.5801553
亀井053,亀井町2636,亀井町,015-012,36.31200653,139.5820786
亀井052,亀井町2636,亀井町,015-013,36.31218707,139.5820836
亀井065,亀井町2636,亀井町,015-014,36.31242315,139.5820996
亀井115,亀井町2636,亀井町,015-016,36.31218115,139.581325
亀井106,亀井町2652,亀井町,015-017,36.31263777,139.579725
大和012,亀井町2658,亀井町,015-018,36.31241832,139.5784551
大和011,亀井町2662,亀井町,015-020,36.31270385,139.5784602
亀井222,金屋下町10,金屋下町,016-001,36.31058824,139.5802176
亀井209,金屋下町11,金屋下町,016-002,36.3112521,139.581235
亀井120,金屋下町11,金屋下町,016-003,36.31160041,139.5815603
亀井210,金屋下町11,金屋下町,016-004,36.31123631,139.5816514
亀井054,金屋下町14,金屋下町,016-005,36.31161489,139.5820589
亀井323,金屋下町14,金屋下町,016-006,36.31168237,139.582521
亀井327,金屋下町14-8,金屋下町,016-007,36.3113321,139.5824186
亀井203,金屋下町2443,金屋下町,016-008,36.31105739,139.5794305
亀井204,金屋下町2445,金屋下町,016-009,36.31096792,139.5796115
亀井121,金屋下町2453,金屋下町,016-010,36.31162454,139.5810353
亀井121,金屋下町2453,金屋下町,016-011,36.3115082,139.5809564
亀井207,金屋下町2456,金屋下町,016-012,36.31127738,139.5805723
亀井205,金屋下町2458,金屋下町,016-013,36.31129044,139.580184
亀井204,金屋下町2461,金屋下町,016-014,36.31130376,139.5798326
亀井109,金屋下町2462,金屋下町,016-015,36.31170036,139.5796829
亀井202,金屋下町2467,金屋下町,016-016,36.31132454,139.5790965
亀井208,金屋下町2630,金屋下町,016-017,36.31143405,139.5808412
亀井208,金屋下町2630,金屋下町,016-018,36.31125794,139.5809689
亀井323,浅沼町375,金屋下町,016-019,36.31164514,139.582861
大和126,金屋仲町2421,金屋仲町,017-001,36.31139669,139.5772603
大和124,金屋仲町2421,金屋仲町,017-002,36.3108712,139.5764793
大和154,金屋仲町2422,金屋仲町,017-004,36.31129252,139.5769315
大和131,金屋仲町2429,金屋仲町,017-005,36.31092896,139.5772329
大和016,金屋仲町2436,金屋仲町,017-006,36.31099538,139.5783263
大和014,金屋仲町2472,金屋仲町,017-007,36.31170451,139.5783727
大和114,金屋仲町2482-8,金屋仲町,017-008,36.31167803,139.5772856
天明150,金井上町2234,金井上町,018-001,36.31129464,139.5722455
天明122,金井上町2248-12,金井上町,018-003,36.31081114,139.5732543
天明121,金井上町2253,金井上町,018-004,36.31123274,139.5732884
天明132,金井上町2270,金井上町,018-008,36.31078277,139.5745083
天明115,金井上町2510,金井上町,018-009,36.31169964,139.5732645
天明125,金井上町2515,金井上町,018-010,36.31159212,139.5726859
天明131,金井上町2529,金井上町,018-011,36.31162958,139.5711044
天明013,大祝町2281,大祝町,019-001,36.30959377,139.5742834
赤坂005,大祝町2297,大祝町,019-002,36.30844391,139.5743182
大和242A,大祝町2304-4,大祝町,019-003,36.3080995,139.5754293
大和213,大祝町2311,大祝町,019-004,36.30977905,139.5771182
大和218,大祝町2311,大祝町,019-005,36.30974211,139.5758233
大和236,大祝町2311-3,大祝町,019-006,36.30960494,139.5756144
大和236,大祝町2312,大祝町,019-007,36.30944717,139.5755517
大和237,大祝町2312,大祝町,019-008,36.30885746,139.575172
大和238,大祝町2313,大祝町,019-009,36.30917823,139.5752167
大和202,大祝町2325,大祝町,019-010,36.31035982,139.5754355
大和216,大祝町2332,大祝町,019-011,36.30983156,139.5763857
大和215,大祝町2334,大祝町,019-012,36.30982162,139.5766252
亀井250,金吹町1,金吹町,020-001,36.30946676,139.5815715
大和020,金吹町2350,金吹町,020-003,36.30980215,139.5782668
亀井220,金吹町2361-2,金吹町,020-007,36.31025884,139.580054
亀井236,金吹町2374,金吹町,020-008,36.30977863,139.5811151
亀井216,金吹町2375,金吹町,020-009,36.31027882,139.5796189
亀井217,金吹町2376,金吹町,020-010,36.31059655,139.5795913
亀井255A,金吹町2380,金吹町,020-011,36.31051297,139.5788953
亀井253A,金吹町2380,金吹町,020-012,36.31049656,139.5785525
亀井250,金吹町4,金吹町,020-014,36.30959087,139.581574
亀井227,金吹町4,金吹町,020-015,36.30976752,139.5809362
亀井236,金吹町4,金吹町,020-016,36.30975814,139.5814437
亀井247,金吹町4-3,金吹町,020-017,36.30949256,139.5811579
高砂154A,若松町173,若松町(第一協和会),021-001,36.3150844,139.5792702
高砂123,若松町347,若松町(第一協和会),021-002,36.31496927,139.5813845
高砂123,若松町347,若松町(第一協和会),021-003,36.31498922,139.5811011
高砂122,若松町347,若松町(第一協和会),021-004,36.31501534,139.5807076
高砂162,若松町347,若松町(第一協和会),021-005,36.31621906,139.58078
高砂004,若松町356,若松町(第一協和会),021-006,36.31619272,139.5801309
高砂163,若松町355,若松町(第一協和会),021-007,36.31619269,139.5804572
高砂118,若松町656,若松町(第一協和会),021-008,36.31507752,139.5797235
高砂120,若松町661,若松町(第一協和会),021-009,36.31536221,139.5800551
高砂119,若松町661,若松町(第一協和会),021-010,36.31538357,139.5798001
高砂107,若松町663,若松町(第一協和会),021-011,36.31567247,139.5802851
高砂106,若松町667,若松町(第一協和会),021-012,36.3151706,139.580777
高砂109,若松町661,若松町（若松第一協和会）,021-013,36.31567019,139.5798071
高砂104,若松町351,若松町（第一協和会）,021-015,36.31577442,139.5808073
高砂104,若松町162,若松町（第一協和会）,021-016,36.3156844,139.5808111
高砂103,若松町350,若松町（第一協和会）,021-017,36.3155903,139.5811533
高砂103,若松町668-12,若松町（第一協和会）,021-018,36.31540309,139.5811459
高砂124,若松町668,若松町（第一協和会）,021-019,36.31519116,139.5811225
伊賀154,若松町529,若松町(城南),022-001,36.31624496,139.5777435
伊賀152,若松町531,若松町(城南),022-002,36.31609675,139.5768826
伊賀331,若松町640,若松町(城南),022-004,36.31573487,139.5777175
伊賀124,若松町649,若松町(城南),022-005,36.31557075,139.578265
伊賀123,若松町651,若松町(城南),022-006,36.31535767,139.5782589
伊賀121,若松町652,若松町(城南),022-007,36.31488917,139.5782501
伊賀122,若松町652-5,若松町(城南),022-008,36.31513497,139.5782577
内堀米170,若松町284-28,若松町(城東),023-002,36.32261342,139.5810832
内堀米152,若松町288-2,若松町(城東),023-003,36.32249254,139.5803082
若松081A,若松町290-4,若松町(城東),023-004,36.3214329,139.5799606
若松081A,若松町290-4,若松町(城東),023-005,36.32124765,139.5801141
若松077A,若松町292,若松町(城東),023-006,36.321413,139.580523
若松079A,若松町294,若松町(城東),023-007,36.32152106,139.581373
若松131,若松町303-10,若松町(城東),023-008,36.32024312,139.5810626
若松135,若松町305,若松町(城東),023-009,36.31985646,139.5808028
若松133A,若松町309,若松町(城東),023-010,36.3189319,139.5816822
若松125,若松町400,若松町(城東),023-011,36.31822412,139.580611
若松122,若松町311,若松町(城東),023-012,36.31947165,139.5812856
若松131,若松町313-1,若松町(城東),023-013,36.31985812,139.5812458
若松127,若松町313-1,若松町(城東),023-014,36.31982801,139.5815858
若松113,若松町334,若松町(城東),023-015,36.31763476,139.5809433
若松114,若松町334,若松町(城東),023-016,36.31768927,139.5810624
若松111,若松町335,若松町(城東),023-017,36.3174009,139.5808661
若松124,若松町350,若松町(城東),023-018,36.3184583,139.5808809
若松116,若松町377,若松町(城東),023-020,36.31821586,139.5810934
若松078A,若松町383,若松町(城東),023-021,36.32141297,139.5809769
若松244,若松町388-6,若松町(城東),023-022,36.32071553,139.5806208
若松237,若松町392,若松町(城東),023-023,36.32104464,139.580688
若松124,若松町309-14,若松町(城東),023-024,36.31897327,139.5810873
若松109,若松町401,若松町(城東),023-025,36.31808224,139.5803471
若松232,若松町409,若松町(城東),023-026,36.32057967,139.5795406
若松235,若松町409-12,若松町(城東),023-027,36.32067773,139.5800473
若松108,若松町447,若松町(城東),023-028,36.31810002,139.5798047
若松110,若松町450,若松町(城東),023-029,36.31778753,139.580476
若松110,若松町455,若松町(城東),023-030,36.31782748,139.5800599
若松106,若松町458,若松町(城東),023-031,36.31774973,139.5795675
若松097,若松町459,若松町(城東),023-032,36.31746418,139.5794245
若松231,若松町414,若松町(城西),024-001,36.32070274,139.5790074
若松246,若松町416,若松町(城西),024-002,36.32049609,139.579142
若松227,若松町416,若松町(城西),024-003,36.32011053,139.5788896
若松229,若松町416-10,若松町(城西),024-004,36.32061967,139.5785996
若松229,若松町416,若松町(城西),024-005,36.32043826,139.5786496
若松251,若松町425,若松町(城西),024-006,36.31957205,139.5783525
若松226,若松町425,若松町(城西),024-007,36.31975037,139.578885
若松225,若松町425,若松町(城西),024-008,36.31944398,139.578695
若松220,若松町508,若松町(城西),024-009,36.3191207,139.5782736
若松004,若松町508,若松町(城西),024-010,36.3187282,139.578232
若松052,若松町512,若松町(城西),024-011,36.31814797,139.5776885
若松210,若松町513,若松町(城西),024-012,36.31854569,139.5776009
若松007,若松町513,若松町(城西),024-013,36.3180474,139.5780762
駅西105,若松町535-1,若松町(城西),024-015,36.31677811,139.5772624
若松202,若松町536,若松町(城西),024-016,36.31754139,139.5773824
若松201,若松町543,若松町(城西),024-017,36.31784548,139.5773851
若松054,若松町543,若松町(城西),024-018,36.31843987,139.5770902
若松203,若松町551,若松町(城西),024-019,36.3187071,139.5771335
若松053,若松町551-1,若松町(城西),024-020,36.3182116,139.5773535
若松203,若松町552,若松町(城西),024-021,36.31863238,139.5772551
若松054,若松町552-2,若松町(城西),024-022,36.3183221,139.5770177
若松001,若松町554-3,若松町(城西),024-023,36.31895708,139.5774938
若松223,若松町558,若松町(城西),024-024,36.31972445,139.5780134
若松208,若松町559,若松町(城西),024-025,36.31910202,139.5771249
若松060,若松町561,若松町(城西),024-026,36.31921202,139.5763462
若松212,若松町563-1,若松町(城西),024-027,36.31998473,139.5770011
若松211,若松町563-2,若松町(城西),024-028,36.31972033,139.5771409
若松223,若松町567-3,若松町(城西),024-029,36.31991057,139.5777201
若松213,若松町568,若松町(城西),024-030,36.32012941,139.5774725
若松250,若松町569,若松町(城西),024-031,36.32030939,139.5778086
若松072,若松町570-5,若松町(城西),024-032,36.32087188,139.5781924
若松071,若松町571,若松町(城西),024-033,36.32072605,139.5781472
若松073,若松町572-6,若松町(城西),024-034,36.32099547,139.5785424
若松076A,若松町577-1,若松町(城西),024-035,36.32115908,139.5795734
若松074,若松町579-2,若松町(城西),024-036,36.32113215,139.5789456
若松258,若松町581-10,若松町(城西),024-037,36.32135925,139.5784296
内堀米127,若松町584,若松町(城西),024-038,36.32175592,139.5789017
内堀米128,若松町584,若松町(城西),024-039,36.32134961,139.578852
内堀米129,若松町598,若松町(城西),024-040,36.32220195,139.5782607
内堀米129,若松町598,若松町(城西),024-041,36.32199866,139.5782824
内堀米166,若松町598,若松町(城西),024-042,36.32244834,139.5784259
内堀米111,若松町598-38,若松町(城西),024-043,36.32266498,139.5789623
内堀米125,若松町604-4,若松町(城西),024-044,36.32198585,139.577686
内堀米124,若松町608-13,若松町(城西),024-046,36.32154288,139.5777732
内堀米122,若松町608-3,若松町(城西),024-047,36.32195866,139.5778682
若松257A,若松町609-3,若松町(城西),024-048,36.32163173,139.5781846
若松086,若松町614-16,若松町(城西),024-049,36.32078378,139.5770736
若松261,若松町615-10,若松町(城西),024-050,36.32124261,139.5778296
若松215,若松町618,若松町(城西),024-051,36.32044246,139.5771987
若松065,若松町618,若松町(城西),024-052,36.32042599,139.5766195
若松063,若松町620,若松町(城西),024-053,36.31987635,139.5765576
若松063,若松町620,若松町(城西),024-054,36.31967611,139.5768623
若松061,若松町620,若松町(城西),024-055,36.3194056,139.576466
若松062,若松町620,若松町(城西),024-056,36.31940556,139.5768262
若松206,若松町621,若松町(城西),024-057,36.31911531,139.5768913
若松059,若松町622-8,若松町(城西),024-058,36.31901535,139.5764661
若松055,若松町627,若松町(城西),024-059,36.31829291,139.5767688
若松054,若松町627,若松町(城西),024-060,36.31819323,139.5770674
若松056,若松町627-12,若松町(城西),024-061,36.31831518,139.5764788
駅西001,若松町627,若松町（城西）,024-062,36.31745964,139.5764552
駅西102,朝日町634,若松町（城西）,024-063,36.31685166,139.5764228
内堀米126,若松町608,若松町(城西),024-064,36.3215381,139.5776008
駅西008,朝日町795,天神町,025-001,36.31752656,139.5744715
天神110,天神町607-2,天神町,025-002,36.32176337,139.5768234
駅西205,天神町720,天神町,025-003,36.31822036,139.575475
駅西207,天神町721-23,天神町,025-004,36.31836619,139.57585
若松057,天神町724,天神町,025-005,36.31852375,139.5763628
若松060,天神町725,天神町,025-006,36.31921726,139.5766877
天神019,天神町728,天神町,025-007,36.31904055,139.57553
若松088,天神町735,天神町,025-008,36.32016939,139.5764926
天神113,天神町751,天神町,025-009,36.32186005,139.5760111
天神112,天神町751,天神町,025-010,36.32181277,139.5763644
天神127,天神町752-5,天神町,025-011,36.32188003,139.5755798
天神119,天神町757-4,天神町,025-012,36.32227299,139.574666
天神114,天神町758,天神町,025-013,36.32191276,139.5752126
天神120,天神町761-1,天神町,025-014,36.32184107,139.5742763
天神005,天神町761-1,天神町,025-015,36.31952435,139.5743203
天神101,天神町761-1,天神町,025-016,36.31942557,139.57553
駅西208,天神町775,天神町,025-017,36.31874782,139.5751578
駅西235,天神町776,天神町,025-018,36.31831568,139.5749562
駅西206,天神町776,天神町,025-019,36.31836452,139.57516
天神110,天神町605,天神町,025-020,36.32193367,139.5772635
駅西215,天神町801,天神町,025-021,36.31837976,139.5744551
駅西216,天神町803,天神町,025-022,36.31873863,139.5744504
天神134,天神町807,天神町,025-023,36.32102723,139.5740311
天神132,天神町807,天神町,025-024,36.32165663,139.5741747
天神133,天神町807,天神町,025-025,36.3212861,139.574085
天神211,天神町807,天神町,025-026,36.32119191,139.5729637
天神134,天神町807,天神町,025-027,36.32072589,139.5739675
天神118,天神町807-11,天神町,025-028,36.32197993,139.5747627
天神118,天神町807-8,天神町,025-029,36.32203357,139.5742735
天神204,天神町810,天神町,025-030,36.32021874,139.5729329
天神136,天神町810-22,天神町,025-031,36.31979625,139.573605
天神205,天神町810-4,天神町,025-032,36.32053116,139.5729515
天神203,天神町812,天神町,025-033,36.3198346,139.5729226
天神201,天神町812,天神町,025-034,36.31930544,139.572873
天神125,天神町812-23,天神町,025-035,36.319498,139.5736388
天神010,天神町813,天神町,025-036,36.31914853,139.572874
天神007,天神町814,天神町,025-037,36.31910778,139.5736551
駅西222,天神町815-28,天神町,025-038,36.31873862,139.5728241
駅西212,天神町817,天神町,025-039,36.31851868,139.5736016
駅西234,天神町817,天神町,025-040,36.31843696,139.5733638
駅西212,天神町817-7,天神町,025-041,36.3182039,139.573368
駅西218,天神町821-1,天神町,025-042,36.31797142,139.5727689
駅西221,天神町868,天神町,025-043,36.31844611,139.5721453
天神011,天神町876,天神町,025-044,36.31912355,139.5727013
天神231,天神町897,天神町,025-045,36.32052176,139.5720263
天神316,天神町900,天神町,025-046,36.32191625,139.5712254
天神013,天神町921,天神町,025-047,36.31914019,139.5716955
駅西239,天神町933-8,天神町,025-048,36.31779531,139.5715306
駅西223,天神町941,天神町,025-049,36.31780115,139.5709468
駅西225,天神町945,天神町,025-050,36.31843027,139.5709618
天神016,天神町953,天神町,025-051,36.31915686,139.5705407
天神234,天神町960-7,天神町,025-052,36.319815,139.570192
天神236,天神町964-13,天神町,025-053,36.32047335,139.5710341
天神321,天神町974,天神町,025-054,36.32120827,139.5710449
天神316,天神町980,天神町,025-055,36.32181269,139.5710588
天神329,天神町981,天神町,025-056,36.32187566,139.5697728
天神121,堀米町1624-5,天神町,025-057,36.32185994,139.5737952
天神008,堀米町813-4,天神町,025-058,36.31926772,139.5733041
天神319,堀米町891,天神町,025-059,36.32181271,139.572139
駅西209,天神町801,天神町,025-060,36.31802619,139.5744551
駅西232,高萩町923-11,天神町,025-061,36.31857584,139.571459
大和210,金吹町2341,上台町,026-001,36.30967964,139.5775379
大和233,金吹町2344-2,上台町,026-002,36.30967909,139.5777882
泉町020,上台町2012-3,上台町,026-003,36.30617382,139.5840912
泉町114,上台町2078,上台町,026-004,36.3080749,139.5804939
泉町115,上台町2081-4,上台町,026-005,36.30810105,139.5813555
泉町109,上台町2083-1,上台町,026-006,36.30784665,139.5822277
泉町123,上台町2084,上台町,026-007,36.30852829,139.5824454
泉町119,上台町2086,上台町,026-008,36.30865238,139.5817054
泉町122,上台町2087,上台町,026-009,36.30849578,139.5819837
泉町125,上台町2088-3,上台町,026-010,36.30810441,139.5820527
泉町146,上台町2090-10,上台町,026-011,36.3077309,139.583114
泉町147,上台町2090-4,上台町,026-012,36.30729535,139.5831354
泉町144,上台町2090-6,上台町,026-013,36.30835525,139.5830903
泉町018,上台町2091-4,上台町,026-014,36.30614435,139.5831852
新晃002,上台町2096,上台町,026-015,36.30928155,139.5824762
泉町121,上台町2098,上台町,026-016,36.30911432,139.582109
泉町120,上台町2098-9,上台町,026-017,36.30881652,139.5818887
亀井250,上台町2099,上台町,026-018,36.30932343,139.5817287
泉町159,上台町2099,上台町,026-019,36.30885658,139.5814779
亀井228,上台町2101-1,上台町,026-020,36.30950564,139.5809077
泉町118,上台町2103,上台町,026-021,36.30868263,139.5811355
泉町116,上台町2108-2,上台町,026-022,36.30846987,139.580468
亀井262,上台町2108-6,上台町,026-023,36.30899229,139.5802314
亀井261,上台町2109-10,上台町,026-024,36.30916038,139.5802302
亀井265,上台町2109-18,上台町,026-025,36.3090942,139.5798814
泉町149,上台町2110-2,上台町,026-026,36.30839353,139.5801255
泉町113,上台町2111-2,上台町,026-027,36.30825154,139.5796803
亀井267,上台町2111-7,上台町,026-028,36.3086998,139.5799203
亀井242,上台町2113,上台町,026-029,36.30930895,139.5793581
亀井245,上台町2113,上台町,026-030,36.30952336,139.5800788
亀井233,上台町2114-6,上台町,026-031,36.30954307,139.5797663
亀井241,上台町2121,上台町,026-032,36.30811262,139.5789015
大和230,上台町2121,上台町,026-033,36.30797906,139.5780618
亀井241,上台町2122,上台町,026-034,36.30852451,139.5791203
大和250,上台町2122,上台町,026-035,36.3081126,139.5785956
大和250,上台町2122,上台町,026-036,36.30805902,139.5782807
大和250,上台町2122,上台町,026-037,36.30809153,139.5783929
大和023,上台町2122-11,上台町,026-038,36.30840812,139.5783832
亀井239,上台町2123,上台町,026-039,36.30874982,139.5789015
大和022,上台町2123,上台町,026-040,36.30878009,139.5783442
亀井246,上台町2124-14,上台町,026-041,36.30896172,139.5787367
大和234,上台町2125,上台町,026-042,36.30937411,139.5777943
亀井238,上台町2126,上台町,026-043,36.30921251,139.5785965
大和234,上台町2126,上台町,026-044,36.30935891,139.5776816
大和258,上台町2127,上台町,026-045,36.30908999,139.5777304
大和223,上台町2127,上台町,026-046,36.30842925,139.5774316
大和256,上台町2127,上台町,026-047,36.30823559,139.5766834
大和231,上台町2130,上台町,026-048,36.30831651,139.5778129
大和230,上台町2130,上台町,026-049,36.30802069,139.5779305
大和253,上台町2143,上台町,026-050,36.30681738,139.5755718
大和245,上台町2143,上台町,026-051,36.30719518,139.5757309
大和030,上台町2145,上台町,026-052,36.30678272,139.5763432
大和227,上台町2146,上台町,026-053,36.30703932,139.5768495
大和249,上台町2148,上台町,026-054,36.30817894,139.5765781
大和243,上台町2149,上台町,026-055,36.30785481,139.5767306
大和029,上台町2149,上台町,026-056,36.30763431,139.5763728
大和030,上台町2150,上台町,026-057,36.30779423,139.576012
大和247A,上台町2151,上台町,026-058,36.30812835,139.5759781
大和033,上台町2162,上台町,026-059,36.30738346,139.5749382
泉町239,植野町1958-1,上台町,026-061,36.30535107,139.5832399
泉町244,植野町1965-3,上台町,026-062,36.30560362,139.5840228
泉町260,植野町1968-2,上台町,026-063,36.30505306,139.5840354
泉町022A,植野町1975-2,上台町,026-064,36.30618381,139.5847764
泉町246,植野町1976,上台町,026-065,36.30588026,139.584865
泉町247,植野町1978,上台町,026-066,36.30550889,139.5848853
泉町249,植野町1980-1,上台町,026-067,36.304904,139.5849089
泉町248,植野町1980-2,上台町,026-068,36.30516066,139.5848961
泉町251,植野町1983,上台町,026-069,36.30452622,139.5849239
泉町266,植野町1997,上台町,026-070,36.30470156,139.5857714
泉町255A,植野町1998-3,上台町,026-071,36.30489232,139.5858375
泉町254A,植野町1999-8,上台町,026-072,36.30527065,139.5858227
泉町253A,植野町2000-2,上台町,026-073,36.30556146,139.5858114
泉町257,植野町2002,上台町,026-074,36.30471576,139.58662
泉町142,植野町2005,上台町,026-075,36.30669342,139.5822901
泉町155,植野町2005-17,上台町,026-076,36.30701815,139.5822888
泉町014,植野町2007-12,上台町,026-077,36.30612018,139.5814627
泉町140,植野町2007-23,上台町,026-078,36.30658674,139.5814439
泉町108,植野町2007-38,上台町,026-079,36.30763829,139.5818063
泉町137,植野町2007-9,上台町,026-080,36.30725005,139.5813916
大和222,大祝町2311,上台町,026-081,36.30864174,139.5771619
大和030,大祝町2311,上台町,026-082,36.30754237,139.576202
大和220,大祝町2311,上台町,026-083,36.30938971,139.5771627
泉町118,上台町2081-1,上台町,026-084,36.30854407,139.5813316
泉町109,上台町2082,上台町,026-085,36.30764944,139.5821754
泉町111,上台町2089-3,上台町,026-086,36.3076709,139.5829539
泉町236,植野町1968-8,上台町,026-087,36.30466673,139.5840579
赤坂006,七軒町2153,七軒町,027-001,36.30829002,139.5742171
赤坂102,七軒町2153,七軒町,027-002,36.3081925,139.5744221
赤坂102,七軒町2156,七軒町,027-003,36.3079353,139.5747654
赤坂007,七軒町2157,七軒町,027-004,36.3078231,139.5739833
赤坂105,七軒町2161,七軒町,027-005,36.30727263,139.5748271
赤坂142,七軒町2163,七軒町,027-006,36.30731565,139.5743422
赤坂107,七軒町2169,七軒町,027-007,36.30697678,139.5746355
赤坂107,七軒町2169,七軒町,027-008,36.30684906,139.5748005
赤坂148,七軒町2169,七軒町,027-009,36.30663321,139.5747996
赤坂148,七軒町2169,七軒町,027-010,36.30663735,139.5745905
赤坂109,七軒町2173,七軒町,027-013,36.30708841,139.5739137
赤坂010,七軒町2173,七軒町,027-014,36.30698258,139.5735723
赤坂173,七軒町2175,七軒町,027-016,36.30682264,139.5736298
赤坂011,七軒町2178,七軒町,027-017,36.30669679,139.573407
赤坂123,七軒町2180,七軒町,027-018,36.30671845,139.5740845
赤坂116,七軒町2181-3,七軒町,027-019,36.30642882,139.5740619
赤坂116,七軒町2181-7,七軒町,027-020,36.30640822,139.5745373
赤坂115,七軒町2182,七軒町,027-021,36.30616937,139.5745311
赤坂114,七軒町2182,七軒町,027-022,36.30617768,139.5742486
赤坂110,七軒町2182,七軒町,027-023,36.30645432,139.5737237
赤坂110,七軒町2186,七軒町,027-024,36.3063924,139.5736845
赤坂013,七軒町2188,七軒町,027-025,36.30628179,139.5732159
赤坂111,七軒町2189,七軒町,027-026,36.30599349,139.5733474
赤坂112,七軒町2192,七軒町,027-027,36.30596771,139.5738459
赤坂113A,七軒町2196,七軒町,027-028,36.30573585,139.5743198
赤坂146,七軒町2200,七軒町,027-029,36.30519837,139.5735895
赤坂157A,七軒町2200,七軒町,027-030,36.30534663,139.5739634
赤坂120,七軒町2200-2,七軒町,027-031,36.30565276,139.5737407
赤坂016,七軒町2201,七軒町,027-033,36.30544691,139.5727897
赤坂017,七軒町2202,七軒町,027-034,36.3051866,139.5726563
赤坂141,七軒町2214,七軒町,027-035,36.30472781,139.5730897
赤坂152,七軒町2223,七軒町,027-036,36.30400508,139.5727186
赤坂159,七軒町2227,七軒町,027-037,36.30450032,139.5731274
植野260,植野町1850,植野町(泉),028-001,36.30500007,139.576503
植野208,植野町1850,植野町(泉),028-002,36.30531088,139.5766493
植野208,植野町1850,植野町(泉),028-003,36.3051609,139.5766033
植野201,植野町1862,植野町(泉),028-004,36.3058703,139.5766918
植野206,植野町1866,植野町(泉),028-005,36.30556702,139.5766494
植野201,植野町1868,植野町(泉),028-006,36.30613247,139.5767709
植野105,植野町1868,植野町(泉),028-007,36.30596479,139.5773818
植野004,植野町1868-18,植野町(泉),028-008,36.30600835,139.5770595
植野106,植野町1869-2,植野町(泉),028-009,36.30605168,139.577722
植野104,植野町1871-2,植野町(泉),028-010,36.30621249,139.5778192
泉町222,植野町1871-2,植野町(泉),028-011,36.30571575,139.5814903
泉町009,植野町1896,植野町(泉),028-013,36.30613734,139.5793479
泉町215,植野町1902,植野町(泉),028-014,36.30467775,139.5797843
泉町213,植野町1902-2,植野町(泉),028-015,36.30507435,139.5797619
泉町221,植野町1910,植野町(泉),028-016,36.30444725,139.5806593
泉町271,植野町1912,植野町(泉),028-017,36.3050569,139.5806281
泉町219,植野町1912-6,植野町(泉),028-018,36.30531102,139.5806082
泉町218,植野町1914,植野町(泉),028-019,36.3057393,139.580604
泉町226,植野町1924,植野町(泉),028-020,36.30459783,139.5815415
泉町223,植野町1927-1,植野町(泉),028-021,36.30528272,139.5815067
泉町016,植野町1931,植野町(泉),028-022,36.30606602,139.5822353
泉町231A,植野町1940,植野町(泉),028-023,36.30486977,139.5823703
泉町229,植野町1943,植野町(泉),028-024,36.30534056,139.5823538
泉町227,植野町1944,植野町(泉),028-025,36.30572188,139.5823455
泉町105,植野町2008,植野町(泉),028-026,36.30758024,139.5805631
泉町134,植野町2008,植野町(泉),028-027,36.30720168,139.5805481
泉町106,植野町2008-12,植野町(泉),028-028,36.30758774,139.5809105
泉町013,植野町2008-22,植野町(泉),028-029,36.30611371,139.5809981
泉町135,植野町2040,植野町(泉),028-030,36.30695809,139.5804742
泉町130,植野町2040,植野町(泉),028-031,36.30701941,139.5796831
泉町011,植野町2040,植野町(泉),028-032,36.30613368,139.5801707
泉町135,植野町2040,植野町(泉),028-033,36.30676695,139.5804864
泉町132,植野町2040,植野町(泉),028-034,36.30657448,139.5796992
泉町010,植野町2040-5,植野町(泉),028-035,36.30617365,139.5797254
泉町165,植野町2044,植野町(泉),028-036,36.30653339,139.5791915
泉町131,植野町2046,植野町(泉),028-037,36.30701332,139.5801268
泉町104,植野町2047,植野町(泉),028-038,36.30758605,139.5801556
泉町133,植野町2048,植野町(泉),028-039,36.30739833,139.579779
泉町103,植野町2048,植野町(泉),028-040,36.30756493,139.5798006
泉町102,植野町2051,植野町(泉),028-041,36.30756773,139.579294
泉町128,植野町2053-2,植野町(泉),028-043,36.30701523,139.5791565
泉町008,植野町2056,植野町(泉),028-044,36.30618614,139.5790283
植野102,植野町2061-1,植野町(泉),028-045,36.30622081,139.5774506
植野103,植野町2066-1,植野町(泉),028-047,36.30647028,139.5776606
植野140,植野町2135,植野町(泉),028-048,36.30719103,139.5778691
植野202,植野町2142,植野町(泉),028-049,36.30624411,139.5762959
植野221,植野町2199,植野町(泉),028-050,36.30528754,139.5747295
植野151,植野町1825,植野町(台南),029-001,36.30395274,139.5778235
植野135,植野町1827,植野町(台南),029-002,36.30352391,139.5778234
植野155,植野町1829-1,植野町(台南),029-003,36.30406357,139.5773085
植野145,植野町1830-3,植野町(台南),029-004,36.30358557,139.5771997
植野135,植野町1831,植野町(台南),029-005,36.30348559,139.5774372
植野012,植野町1838,植野町(台南),029-006,36.30291703,139.5764936
植野011,植野町1840-1,植野町(台南),029-007,36.30358634,139.576547
植野211,植野町1844-3,植野町(台南),029-008,36.30426934,139.5758836
植野287,植野町1845,植野町(台南),029-009,36.30455962,139.5762521
植野008,植野町1847,植野町(台南),029-010,36.30433351,139.5768068
植野007,植野町1849,植野町(台南),029-011,36.30470711,139.5768593
植野213,植野町1854,植野町(台南),029-012,36.30440287,139.5753237
植野417,植野町1854,植野町(台南),029-013,36.30548759,139.576216
植野221,植野町1858,植野町(台南),029-014,36.3050001,139.574802
植野005,植野町1868,植野町(台南),029-016,36.30561282,139.5770343
植野107,植野町1869,植野町(台南),029-017,36.30570759,139.5776059
植野136,植野町1877,植野町(台南),029-018,36.30537732,139.5778356
植野136,植野町1877,植野町(台南),029-019,36.30503622,139.5778109
植野111,植野町1879,植野町(台南),029-020,36.3050279,139.5770404
植野222,植野町2206-7,植野町(台南),029-021,36.30474865,139.5742646
植野222,植野町2208,植野町(台南),029-022,36.30455341,139.5743746
植野252,植野町2278,植野町(台南),029-023,36.30438599,139.5748509
植野216,植野町2278,植野町(台南),029-024,36.3041093,139.574811
植野212,植野町2280,植野町(台南),029-025,36.30381272,139.5756586
植野212,植野町2281,植野町(台南),029-026,36.30397045,139.5758312
植野212,植野町2282-3,植野町(台南),029-027,36.30361438,139.5756311
植野286,植野町2285-8,植野町(台南),029-028,36.3033878,139.5761334
植野165,植野町9000,植野町(台南),029-029,36.30543288,139.5774343
植野148,植上町1272,植上町,030-001,36.30053756,139.5776697
植野116,植上町1281,植上町,030-002,36.3017138,139.5769012
植野117,植上町1281-4,植上町,030-003,36.30165079,139.5773169
植野118,植上町1282,植上町,030-004,36.30160135,139.5776308
植野119,植上町1282,植上町,030-005,36.30126052,139.5776458
植野120,植上町1286,植上町,030-006,36.30077755,139.5776561
植野147,植上町1291,植上町,030-007,36.29997067,139.5780533
植野126,植上町1293,植上町,030-008,36.30006315,139.5787344
植野128,植上町1294,植上町,030-009,36.30041814,139.5784271
植野130,植上町1297-4,植上町,030-010,36.30080672,139.5783611
植野131,植上町1299,植上町,030-011,36.30129721,139.577946
植野130,植上町1301-1,植上町,030-012,36.30134889,139.5782994
若宮006,植上町1303,植上町,030-013,36.30093807,139.5788443
若宮008,植上町1313,植上町,030-014,36.29999154,139.5790093
若宮009A,植上町1315-4,植上町,030-015,36.30007435,139.5793796
若宮010A,植上町1316,植上町,030-016,36.30015097,139.5796854
若宮144,植上町1325,植上町,030-017,36.3011298,139.5807683
若宮166,植上町1328,植上町,030-018,36.30067649,139.5799309
若宮011A,植上町1329,植上町,030-019,36.30017899,139.5800195
若宮146,植上町1331-5,植上町,030-020,36.30070179,139.5808119
若宮040A,植上町1335,植上町,030-021,36.30012152,139.5808867
若宮041,植上町1335,植上町,030-022,36.30013211,139.5813366
若宮012A,植上町1335,植上町,030-023,36.30015318,139.5805567
若宮194,植上町1353,植上町,030-024,36.30110898,139.5817079
若宮189,植上町1355-1,植上町,030-025,36.3005935,139.5817305
若宮186,植上町1356-3,植上町,030-026,36.30047991,139.5821491
若宮188,植上町1358-1,植上町,030-027,36.30031164,139.5830917
若宮172,植上町1360,植上町,030-028,36.30075098,139.5826056
若宮171,植上町1362-2,植上町,030-029,36.3011465,139.5825776
若宮191,植上町1369,植上町,030-030,36.30032994,139.5839117
若宮192,植上町1369-2,植上町,030-031,36.30031993,139.5835205
若宮196,植上町1371-5,植上町,030-032,36.30079654,139.5834855
若宮195,植上町1373,植上町,030-033,36.30119847,139.5834678
植上059,植上町1375-3,植上町,030-034,36.30125741,139.5842439
植上061,植上町1376,植上町,030-035,36.30071662,139.5842739
植上060,植上町1376-2,植上町,030-036,36.30102572,139.5842555
植上062,植上町1377,植上町,030-037,36.30034363,139.584298
植上342A,植上町1385-1,植上町,030-038,36.30119104,139.5850937
植上362A,植上町1387,植上町,030-039,36.30081249,139.5851273
植上340,植上町1397-6,植上町,030-040,36.30118269,139.5859353
植上343,植上町1398-5,植上町,030-041,36.30091441,139.5859479
植上341,植上町1399,植上町,030-042,36.30063252,139.585964
植上414A,植上町1415,植上町,030-043,36.30087445,139.5868939
植上339A,植上町1419,植上町,030-044,36.30122356,139.5868714
植上426,植上町1425,植上町,030-045,36.30091446,139.5877199
植上439,植上町1428,植上町,030-046,36.30127504,139.5877128
植上420,植上町1435-5,植上町,030-047,36.30087448,139.5885763
植上436,植上町1436-3,植上町,030-048,36.30132588,139.588551
植上014,植上町1437-11,植上町,030-049,36.30134169,139.5893624
植上015,植上町1439,植上町,030-050,36.30102926,139.5893824
植上236,植上町1482,植上町,030-051,36.30007721,139.5907847
植上263,植上町1482-1,植上町,030-052,36.29988889,139.5911183
植上246,植上町1484,植上町,030-053,36.29972472,139.5914972
植上249,植上町1495-3,植上町,030-054,36.30032959,139.5902173
植上241,植上町1495-6,植上町,030-055,36.30044016,139.5900345
植上264,植上町1496-3,植上町,030-056,36.30085038,139.5901925
植上218,植上町1498-5,植上町,030-057,36.30120285,139.5904475
植上013,植上町1499,植上町,030-058,36.30168248,139.5893285
植上012,植上町1500-1,植上町,030-059,36.302095,139.589331
植上009,植上町1502-4,植上町,030-060,36.30297352,139.5892635
植上304,植上町1504-2,植上町,030-061,36.30259575,139.5884935
植上303,植上町1504-2,植上町,030-062,36.30295343,139.5884736
植上305,植上町1505-2,植上町,030-063,36.3024074,139.5885021
植上307,植上町1507-3,植上町,030-064,36.30208657,139.5884238
植上308,植上町1508-2,植上町,030-065,36.30185938,139.5885249
植上307,植上町1508-5,植上町,030-066,36.30205692,139.5887335
植上327,植上町1509-1,植上町,030-067,36.30166587,139.5888735
植上359,植上町1509-2,植上町,030-068,36.30165753,139.5885427
植上360,植上町1510-5,植上町,030-069,36.30164632,139.5880852
植上337,植上町1514-5,植上町,030-070,36.30163415,139.5876899
植上348,植上町1515-2,植上町,030-071,36.30223073,139.5876572
植上338,植上町1515-3,植上町,030-072,36.30196714,139.5876714
植上350,植上町1520-3,植上町,030-073,36.30293985,139.5881399
植上320,植上町1521,植上町,030-074,36.30292401,139.5876225
植上345,植上町1521,植上町,030-075,36.30262735,139.5876427
植上309,植上町1534-1,植上町,030-076,36.30403723,139.5875177
植上314A,植上町1534-2,植上町,030-077,36.3041,139.5867464
植上383,植上町1542-9,植上町,030-078,36.30228432,139.5874653
植上336,植上町1546,植上町,030-079,36.30161998,139.5872386
植上375,植上町1549,植上町,030-080,36.30188292,139.5868203
植上319,植上町1554,植上町,030-081,36.30290729,139.5871586
植上318,植上町1554-1,植上町,030-082,36.30288726,139.5867561
植上315A,植上町1559,植上町,030-083,36.30372417,139.5867497
植上321A,植上町1566-2,植上町,030-084,36.30254681,139.5867401
植上376,植上町1567,植上町,030-085,36.30231653,139.5867348
植上335,植上町1569,植上町,030-086,36.3016099,139.5867678
植上334,植上町1569,植上町,030-087,36.30158992,139.5863853
植上323,植上町1574,植上町,030-088,36.30287815,139.5863178
植上311,植上町1586,植上町,030-089,36.30370055,139.5858304
植上310,植上町1586,植上町,030-090,36.30405299,139.5858061
植上330,植上町1588-2,植上町,030-091,36.30339415,139.5858454
植上329,植上町1589,植上町,030-092,36.3031492,139.5858548
植上324,植上町1591,植上町,030-093,36.30286504,139.5858615
植上325,植上町1591-2,植上町,030-094,36.30249671,139.5858726
植上326,植上町1592-1,植上町,030-095,36.30224844,139.5858876
植上333,植上町1595,植上町,030-096,36.30157382,139.5859204
植上361,植上町1595-1,植上町,030-097,36.30190346,139.5858986
植上332,植上町1596-2,植上町,030-098,36.3015627,139.5855601
植上353,植上町1601-1,植上町,030-099,36.30284333,139.5850852
植上346A,植上町1612,植上町,030-100,36.30358522,139.5849787
植上347A,植上町1614,植上町,030-101,36.30330164,139.5850001
植上357A,植上町1619,植上町,030-102,36.30228177,139.5850512
植上371,植上町1621-4,植上町,030-103,36.30199591,139.5850629
植上331,植上町1622-1,植上町,030-104,36.30156323,139.5850726
植上313,植上町1622-2,植上町,030-105,36.30155736,139.5847238
植上352,植上町1626-7,植上町,030-106,36.3028356,139.5846576
植上052,植上町1635-1,植上町,030-107,36.30351045,139.5841274
植上054,植上町1639-1,植上町,030-108,36.30282303,139.5841652
植上055,植上町1639-6,植上町,030-109,36.30254783,139.5841849
植上056,植上町1641-3,植上町,030-110,36.3022042,139.5841988
植上057,植上町1642-5,植上町,030-111,36.30184562,139.5842191
植上058,植上町1643,植上町,030-112,36.30153678,139.5842316
若宮701,植上町1644-1,植上町,030-113,36.30151092,139.5834555
若宮702,植上町1644-2,植上町,030-114,36.30152564,139.5838178
若宮704,植上町1645-2,植上町,030-115,36.30214422,139.583403
若宮705,植上町1646,植上町,030-116,36.30243529,139.5833803
若宮706,植上町1646-2,植上町,030-117,36.30279135,139.5833639
若宮707,植上町1646-3,植上町,030-118,36.30280086,139.5837305
若宮709,植上町1648-4,植上町,030-119,36.30347633,139.5833289
若宮708,植上町1648-9,植上町,030-120,36.30320435,139.5833391
若宮710,植上町1651-2,植上町,030-121,36.30380462,139.5833063
若宮711,植上町1665,植上町,030-122,36.30149736,139.5831367
若宮712,植上町1666,植上町,030-123,36.3014823,139.5825714
若宮759,植上町1667,植上町,030-124,36.30186565,139.5825456
若宮730,植上町1670-4,植上町,030-125,36.30278776,139.5829831
若宮729,植上町1670-5,植上町,030-126,36.30277131,139.5825331
泉町054,植上町1677,植上町,030-127,36.30417787,139.5815606
若宮727,植上町1682-3,植上町,030-128,36.30242668,139.5816382
若宮713,植上町1685-1,植上町,030-129,36.30146618,139.5821051
若宮714,植上町1686-3,植上町,030-130,36.30145508,139.581714
若宮716,植上町1687-1,植上町,030-131,36.30201863,139.5816607
若宮715,植上町1687-5,植上町,030-132,36.30170143,139.5816832
若宮726,植上町1689,植上町,030-133,36.30274299,139.5816218
若宮728,植上町1689,植上町,030-134,36.30275658,139.5820414
若宮733,植上町1692-2,植上町,030-135,36.3030732,139.5816115
若宮725,植上町1702,植上町,030-136,36.30272913,139.5812457
若宮717,植上町1707-2,植上町,030-137,36.30143307,139.5811491
若宮724,植上町1711,植上町,030-138,36.30272543,139.5807308
若宮723,植上町1711,植上町,030-139,36.30260071,139.5806966
若宮754,植上町1731,植上町,030-140,36.30390645,139.5806815
若宮753,植上町1733-1,植上町,030-141,36.30365812,139.5802858
若宮750,植上町1745,植上町,030-143,36.30277372,139.5799155
若宮760,植上町1745,植上町,030-144,36.30317152,139.5799008
若宮757,植上町1746-1,植上町,030-145,36.30278299,139.5802892
若宮751,植上町1746-2,植上町,030-146,36.30325261,139.5801455
若宮739,植上町1748,植上町,030-147,36.30334039,139.5806555
若宮720,植上町1754-2,植上町,030-148,36.30216743,139.5807205
泉町207,植上町1756-1,植上町,030-149,36.30380173,139.5788578
泉町208,植上町1757,植上町,030-150,36.30344784,139.578877
若宮750,植上町1758,植上町,030-151,36.30267129,139.5794267
若宮002,植上町1759,植上町,030-152,36.30277374,139.5789467
若宮718,植上町1763-1,植上町,030-153,36.30142556,139.5807508
若宮740,植上町1765,植上町,030-154,36.30141726,139.5803616
若宮782,植上町1768-1,植上町,030-155,36.30174221,139.5799542
若宮748,植上町1769,植上町,030-156,36.30228214,139.5799459
若宮002,植上町1774-1,植上町,030-157,36.30268707,139.5788332
若宮003,植上町1777-4,植上町,030-158,36.30213739,139.578796
若宮004,植上町1780,植上町,030-159,36.30169249,139.5787834
若宮745,植上町1781-1,植上町,030-160,36.30211797,139.5798808
若宮746,植上町1783,植上町,030-161,36.30211549,139.5796031
若宮741,植上町1785,植上町,030-163,36.30140672,139.5798967
若宮005,植上町1785,植上町,030-164,36.30137779,139.578796
植野015,植上町1800,植上町,030-165,36.30208378,139.5765709
植野014,植上町1802,植上町,030-166,36.30239235,139.576517
植野013,植上町1802-3,植上町,030-167,36.30271948,139.5764997
植野115,植上町1802-5,植上町,030-168,36.30237236,139.5769011
植野134,植上町1819,植上町,030-169,36.30352868,139.578157
植上363,植上町1830-1,植上町,030-170,36.30367361,139.5875813
植野016,植上町2295,植上町,030-171,36.30179985,139.5764731
泉町052,植上町1721,植上町,030-172,36.30414723,139.5806629
赤坂204,寺中町10,寺中町,031-001,36.3030421,139.5710838
赤坂229,寺中町11-3,寺中町,031-002,36.30307767,139.5708677
赤坂023,寺中町14,寺中町,031-003,36.30245023,139.5711252
赤坂025,寺中町18,寺中町,031-004,36.3016464,139.5707663
赤坂021,寺中町2,寺中町,031-005,36.30333178,139.5715834
植野283A,寺中町2229,寺中町,031-006,36.3038815,139.5737047
植野282,寺中町2231-8,寺中町,031-007,36.30377132,139.574477
植野266,寺中町2234,寺中町,031-008,36.30345135,139.5743438
赤坂126,寺中町2242,寺中町,031-009,36.30386201,139.5722064
赤坂150,寺中町2244,寺中町,031-010,36.30351374,139.5718262
赤坂128,寺中町2246,寺中町,031-011,36.30312131,139.5723973
赤坂138,寺中町2247,寺中町,031-012,36.30348371,139.5725648
植野237,寺中町2252-1,寺中町,031-013,36.30316553,139.5742488
植野240,寺中町2252-4,寺中町,031-014,36.30328551,139.5738849
植野239,寺中町2254,寺中町,031-015,36.30257111,139.5738188
植野272,寺中町2256-15,寺中町,031-016,36.30216196,139.5741661
植野258,寺中町2260,寺中町,031-017,36.3023398,139.5742563
植野294,寺中町2265,寺中町,031-018,36.30202788,139.574931
植野292,寺中町2266-9,寺中町,031-019,36.30268336,139.5751296
植野234,寺中町2268-4,寺中町,031-020,36.30296469,139.5751048
植野236,寺中町2271,寺中町,031-021,36.30307302,139.5745646
植野219,寺中町2275-2,寺中町,031-022,36.30345379,139.5746774
植野226,寺中町2289,寺中町,031-023,36.3030953,139.5756559
植野243,寺中町2298-4,寺中町,031-024,36.30143487,139.5753599
植野228,寺中町2300-1,寺中町,031-025,36.30232811,139.5753962
植野275,寺中町2303,寺中町,031-026,36.30152539,139.5747897
赤坂033,寺中町2324-1,寺中町,031-027,36.30257379,139.5716601
赤坂129,寺中町2330,寺中町,031-028,36.30186532,139.5715466
植野269,寺中町2335-17,寺中町,031-029,36.30096987,139.5736801
植野295,寺中町2335-19,寺中町,031-030,36.30163482,139.5736762
植野268,寺中町2335-26,寺中町,031-031,36.30083457,139.5730073
赤坂162,寺中町2337,寺中町,031-032,36.30258269,139.572019
赤坂130,寺中町2337,寺中町,031-033,36.30170724,139.5719175
赤坂162,寺中町2337,寺中町,031-034,36.3023461,139.5718941
赤坂137,寺中町2339,寺中町,031-035,36.30094457,139.5718717
赤坂136,寺中町2339,寺中町,031-036,36.30131677,139.5722324
赤坂136,寺中町2339,寺中町,031-037,36.3010362,139.5721039
赤坂136,寺中町2339,寺中町,031-038,36.30068736,139.5719216
赤坂134,寺中町2339,寺中町,031-039,36.30067208,139.571075
赤坂031,寺中町2343-1,寺中町,031-040,36.3013023,139.5706025
植野268,寺中町2385,寺中町,031-041,36.30101045,139.5731091
植野262A,寺中町2385,寺中町,031-042,36.30056744,139.5736323
植野263,寺中町2385-1,寺中町,031-043,36.30061216,139.5730174
植野408,寺中町2391,寺中町,031-044,36.29978412,139.5726728
植野404,寺中町2406,寺中町,031-045,36.3002449,139.5728165
植野404,寺中町2407,寺中町,031-046,36.30027133,139.5729927
植野422,寺中町2410,寺中町,031-047,36.30015496,139.5736899
植野425,寺中町2411,寺中町,031-048,36.29962744,139.5729866
植野424,寺中町2412,寺中町,031-049,36.2995506,139.5734977
植野432,寺中町2413-8,寺中町,031-050,36.29859839,139.5726675
植野437,寺中町2416-8,寺中町,031-051,36.29922754,139.5739777
植野401,寺中町2421,寺中町,031-052,36.29997251,139.5742986
植野420,寺中町2431-1,寺中町,031-053,36.30107237,139.5738564
植野278,寺中町2431-1,寺中町,031-054,36.30131069,139.5745739
植野281,寺中町2435-4,寺中町,031-055,36.30103629,139.5753435
植野277,寺中町2436,寺中町,031-056,36.30072967,139.57459
植野020,寺中町2443,寺中町,031-057,36.30063221,139.5760349
植野246,寺中町2443,寺中町,031-058,36.3004272,139.5756322
植野022,寺中町2444,寺中町,031-059,36.29995311,139.5759988
植野260A,寺中町2454,寺中町,031-060,36.30048798,139.5745197
植野433,寺中町9000,寺中町,031-061,36.29851734,139.5723653
植野279,寺中町9000,寺中町,031-062,36.30215087,139.5734148
植野402,植下町2422,寺中町,031-063,36.29950394,139.5744651
植野021,植上町1272,寺中町,031-064,36.30032916,139.5760171
植野024,植上町1272,寺中町,031-065,36.29950595,139.5764438
植野019,植上町1272,寺中町,031-066,36.30094472,139.5762646
植野218,植野町2277,寺中町,031-067,36.30371795,139.5747596
植野226,植野町2288,寺中町,031-068,36.30292059,139.5755937
赤坂072,赤坂町267,寺中町,031-069,36.30385672,139.5710248
赤坂178Ａ,寺中町2358-1,寺中町,031-070,36.29978464,139.5715467
若宮078,植下町1,植下町,032-001,36.29621887,139.5809559
植上252,植下町1092-1,植下町,032-002,36.30002881,139.5901209
植上017,植下町1099-2,植下町,032-003,36.30042124,139.5894201
植上421,植下町1106-1,植下町,032-004,36.30039544,139.5888326
植上419,植下町1107-2,植下町,032-005,36.30038762,139.588536
植上418,植下町1117,植下町,032-006,36.30036428,139.5881838
植上416,植下町1117-1,植下町,032-007,36.30036422,139.5877599
大原008,植下町511,植下町,032-008,36.29592862,139.5808534
植上405A,植下町1124-4,植下町,032-009,36.29958045,139.5869599
植上406A,植下町1126-1,植下町,032-010,36.30008926,139.586935
植上407,植下町1126-3,植下町,032-011,36.30034537,139.5869236
植上408,植下町1127-2,植下町,032-012,36.30032948,139.5864276
植上444,植下町1131,植下町,032-013,36.29962679,139.5867062
植上409,植下町1137-2,植下町,032-014,36.30031698,139.5860023
植上404,植下町1140,植下町,032-015,36.29984341,139.5860312
植上411,植下町1156-1,植下町,032-016,36.3002795,139.5851402
植上431A,植下町1157-9,植下町,032-017,36.300055,139.5851449
植上402A,植下町1160-3,植下町,032-018,36.29928539,139.5851813
植上412,植下町1169-2,植下町,032-019,36.30026579,139.5846604
植上064,植下町1170-2,植下町,032-020,36.29973091,139.5843252
若宮140,植下町1171-1,植下町,032-021,36.29994026,139.5835417
若宮109,植下町1173-10,植下町,032-022,36.29946369,139.5835506
若宮021,植下町1181-1,植下町,032-023,36.29890179,139.5835731
若宮016,植下町1205,植下町,032-024,36.29876704,139.5817641
若宮015,植下町1205,植下町,032-025,36.29913417,139.5816105
若宮024,植下町1205,植下町,032-026,36.30002324,139.5815068
若宮026,植下町1205,植下町,032-027,36.29955829,139.581518
若宮231,植下町1231,植下町,032-028,36.2987103,139.5805878
若宮206,植下町1233-3,植下町,032-029,36.29884504,139.5800731
若宮204,植下町1250,植下町,032-030,36.29866997,139.5796746
植野309,植下町1263-6,植下町,032-031,36.29931819,139.5770207
植野307,植下町1265,植下町,032-032,36.29871323,139.5769246
大原448,植下町186-2,植下町,032-033,36.29247993,139.5843131
大原019,植下町192-1,植下町,032-034,36.29321409,139.5850376
大原018,植下町198,植下町,032-035,36.29344903,139.5845955
大原430,植下町199-2,植下町,032-036,36.29346934,139.5840455
大原431,植下町201,植下町,032-037,36.29327849,139.584108
植野023,植下町2451,植下町,032-038,36.29960817,139.5761971
植野319,植下町2462-10,植下町,032-039,36.29808526,139.5760622
植野327,植下町2464-5,植下町,032-040,36.29849432,139.5758388
植野142,植下町2466,植下町,032-041,36.29919399,139.5759713
植野027,植下町2472,植下町,032-042,36.29856655,139.5765271
植野434,植下町2503-5,植下町,032-043,36.2984298,139.5719401
大原452,植下町259-2,植下町,032-044,36.2926932,139.583204
大原447,植下町263,植下町,032-045,36.29290828,139.5841681
大原450,植下町263,植下町,032-046,36.29290493,139.5834706
大原852,植下町2667-3,植下町,032-047,36.29715841,139.5764911
植野321,植下町2667-5,植下町,032-048,36.29689012,139.5768789
植野324,植下町2667-8,植下町,032-049,36.29651435,139.5772863
大原816,植下町2668,植下町,032-050,36.29663953,139.5766524
大原458,植下町277,植下町,032-051,36.29288485,139.5820155
大原454,植下町277-1,植下町,032-052,36.2928965,139.5826718
大原438,植下町304-3,植下町,032-053,36.29367753,139.582663
大原404,植下町307,植下町,032-054,36.29370985,139.5839389
大原419,植下町333,植下町,032-055,36.29468883,139.581708
大原401,植下町333,植下町,032-056,36.29536573,139.5816841
大原215,植下町355,植下町,032-057,36.29573588,139.5802761
大原218,植下町362,植下町,032-058,36.295029,139.5805257
大原222,植下町373,植下町,032-059,36.2941822,139.5808021
大原426,植下町374,植下町,032-060,36.29367749,139.5816142
大原224,植下町376,植下町,032-061,36.29343838,139.5810181
大原459,植下町377,植下町,032-062,36.29289313,139.581498
大原848,植下町388,植下町,032-063,36.29283343,139.5805818
大原890,植下町399,植下町,032-064,36.29429988,139.5797222
若宮623,植下町4002-13,植下町,032-065,36.29780773,139.5848277
若宮626,植下町4002-15,植下町,032-066,36.29823684,139.5847479
若宮624,植下町4003,植下町,032-067,36.29778024,139.5843491
若宮627,植下町4003,植下町,032-068,36.29823273,139.5844188
若宮318,植下町4005,植下町,032-069,36.29644374,139.5841774
若宮327,植下町4006,植下町,032-070,36.29687447,139.5844024
若宮326,植下町4006,植下町,032-071,36.29650564,139.5844305
若宮621,植下町4007,植下町,032-072,36.29749726,139.584838
若宮617,植下町4007,植下町,032-073,36.29649987,139.5849515
若宮619,植下町4007-25,植下町,032-074,36.29682397,139.584908
大原192,植下町4009-10,植下町,032-075,36.29577579,139.5849954
大原194,植下町4010,植下町,032-076,36.29510165,139.5850451
大原196,植下町4010,植下町,032-077,36.2944442,139.5851465
若宮351,植下町413,植下町,032-078,36.29567145,139.5792186
若宮309,植下町426,植下町,032-079,36.29597689,139.5789605
若宮311,植下町427,植下町,032-080,36.29638714,139.5776874
若宮311,植下町428-3,植下町,032-081,36.29614686,139.5781559
植野325,植下町430,植下町,032-082,36.29719505,139.5766838
植野314,植下町430,植下町,032-083,36.29749174,139.5769321
若宮343,植下町430,植下町,032-084,36.29744754,139.577501
若宮656,,植下町,032-085,36.29825443,139.5852312
植野313,植下町430,植下町,032-086,36.29765583,139.5768746
若宮314,植下町430-2,植下町,032-087,36.29706682,139.5779132
植野315,植下町439,植下町,032-088,36.29861019,139.5775462
若宮344,植下町442-6,植下町,032-089,36.29777279,139.5775348
若宮316,植下町443,植下町,032-090,36.29740756,139.5779809
若宮313,植下町443,植下町,032-091,36.29708679,139.5783158
若宮305,植下町445,植下町,032-092,36.29695681,139.5788608
若宮057,植下町452-1,植下町,032-093,36.29779675,139.5792582
若宮230,植下町459-1,植下町,032-094,36.2984926,139.5806509
若宮058,植下町464,植下町,032-095,36.29746541,139.5794557
若宮304,植下町473,植下町,032-096,36.2969155,139.5793518
若宮201,植下町494,植下町,032-097,36.29740462,139.5802434
若宮059,植下町494-2,植下町,032-098,36.29738038,139.5798235
若宮060,植下町495-9,植下町,032-099,36.29722266,139.5799507
若宮202,植下町500-5,植下町,032-100,36.29660387,139.5808582
若宮257,植下町506,植下町,032-101,36.29707217,139.5808556
植上423,植下町1117-2,植下町,032-102,36.29997097,139.5877927
若宮225,植下町514,植下町,032-103,36.29687022,139.581808
若宮222,植下町516-3,植下町,032-104,36.29749104,139.581733
若宮203,植下町519-2,植下町,032-106,36.29747938,139.5809892
若宮253,植下町519-2,植下町,032-107,36.29745514,139.5808233
若宮263,植下町526-5,植下町,032-108,36.29802011,139.5807608
若宮217,植下町533,植下町,032-109,36.29818433,139.5816594
若宮242,植下町533-2,植下町,032-110,36.29858783,139.5813605
若宮292,植下町544-2,植下町,032-111,36.29754883,139.5822558
若宮066,植下町554,植下町,032-112,36.29629197,139.5819444
大原014,植下町568,植下町,032-113,36.29466826,139.5831604
若宮306,植下町577,植下町,032-114,36.29633566,139.5833529
若宮068,植下町577,植下町,032-115,36.29636621,139.5830482
若宮069,植下町577,植下町,032-116,36.29664729,139.5829929
若宮322,植下町582,植下町,032-117,36.29696751,139.5835931
若宮076,植下町584,植下町,032-118,36.2969233,139.5829257
若宮071,植下町584-1,植下町,032-119,36.29725886,139.5828429
若宮077,植下町589,植下町,032-120,36.29805796,139.5835042
若宮228,植下町590-2,植下町,032-121,36.2978855,139.5826193
若宮019,植下町592,植下町,032-122,36.29870177,139.5826581
若宮226,植下町592-4,植下町,032-123,36.29848682,139.5823582
若宮073,植下町595,植下町,032-124,36.29742884,139.5835353
若宮229,植下町600-1,植下町,032-125,36.29842181,139.583595
若宮346,植下町612-12,植下町,032-126,36.29582459,139.5844539
若宮317,植下町614-4,植下町,032-127,36.2962745,139.5837156
若宮329,植下町618,植下町,032-128,36.29581068,139.5831868
大原148,植下町618,植下町,032-129,36.29562568,139.5832868
大原122,植下町623,植下町,032-130,36.29480717,139.5844689
大原154,植下町632,植下町,032-131,36.29562048,139.5837756
大原120,植下町636,植下町,032-132,36.29511742,139.5835751
大原138,植下町651,植下町,032-133,36.29450166,139.5839164
大原041,植下町670,植下町,032-134,36.29430166,139.5838253
大原125,植下町690,植下町,032-135,36.2939123,139.5850363
植上018,植上町1099-4,植下町,032-136,36.30016181,139.5894395
植上432,植上町1107-3,植下町,032-137,36.30019267,139.5886226
植野310,植上町1265-8,植下町,032-138,36.29946237,139.576927
植野301,植下町1252-1,植下町,032-139,36.29865609,139.5786544
植野029,植下町430,植下町,032-140,36.29790085,139.5767283
若宮409,若宮上町10,若宮上町,033-001,36.29780364,139.5865953
若宮403,若宮上町10-12,若宮上町,033-002,36.29745316,139.5860839
若宮415,若宮上町10-12,若宮上町,033-003,36.29782972,139.5860448
若宮424,若宮上町10-19,若宮上町,033-004,36.29842633,139.5863351
若宮404,若宮上町10-29,若宮上町,033-005,36.29812691,139.5860176
若宮410,若宮上町10-3,若宮上町,033-006,36.29810919,139.5865612
若宮405,若宮上町10-30,若宮上町,033-007,36.29831271,139.5860012
若宮402,若宮上町10-9,若宮上町,033-008,36.29708707,139.5861303
若宮614A,若宮上町1-10,若宮上町,033-009,36.29839269,139.5853626
若宮423,若宮上町11-17,若宮上町,033-010,36.29844527,139.5866862
若宮418,若宮上町11-3,若宮上町,033-011,36.29847274,139.5869836
若宮615A,若宮上町1-18,若宮上町,033-012,36.29883934,139.5853091
若宮462A,若宮上町1-2,若宮上町,033-013,36.29898967,139.5865728
若宮271,若宮上町12-10,若宮上町,033-014,36.29717122,139.587651
若宮412,若宮上町12-11,若宮上町,033-015,36.29735535,139.5873427
若宮413,若宮上町12-14,若宮上町,033-016,36.29775733,139.5873036
若宮414,若宮上町12-15,若宮上町,033-017,36.29810811,139.5872586
若宮421,若宮上町12-19,若宮上町,033-018,36.29775729,139.5878076
若宮289,若宮上町12-2,若宮上町,033-019,36.29850523,139.5874002
若宮031,若宮上町13-16,若宮上町,033-020,36.2985428,139.5878774
若宮039,若宮上町13-16,若宮上町,033-021,36.2981298,139.5878577
若宮288,若宮上町13-18,若宮上町,033-022,36.29801206,139.5884563
若宮279,若宮上町14-10,若宮上町,033-023,36.2977079,139.5889973
若宮285,若宮上町14-15,若宮上町,033-024,36.29761369,139.5885021
若宮032,若宮上町14-23,若宮上町,033-025,36.29854946,139.5883996
若宮280,若宮上町14-5,若宮上町,033-026,36.29828233,139.588931
若宮273,若宮上町14-9,若宮上町,033-027,36.29798454,139.5889712
若宮630,若宮上町2-19,若宮上町,033-028,36.29881131,139.5859203
若宮461A,若宮上町2-6,若宮上町,033-029,36.29903772,139.5872328
若宮470A,若宮上町3-3,若宮上町,033-030,36.2991119,139.5881999
若宮472A,若宮上町3-4,若宮上町,033-031,36.29914802,139.5886737
若宮460A,若宮上町3-4,若宮上町,033-032,36.29908305,139.5878014
若宮471A,若宮上町3-4,若宮上町,033-033,36.29913609,139.5884826
若宮286,若宮上町3-7,若宮上町,033-034,36.29868723,139.5889126
若宮243,若宮上町5-3,若宮上町,033-035,36.29784402,139.5895826
若宮267,若宮上町6-1,若宮上町,033-036,36.29710819,139.5878985
若宮268,若宮上町6-14,若宮上町,033-037,36.29714076,139.5883977
若宮248,若宮上町6-18,若宮上町,033-038,36.29672408,139.588211
若宮276,若宮上町6-20,若宮上町,033-039,36.29718716,139.5889159
若宮249,若宮上町6-8,若宮上町,033-040,36.29677052,139.5889734
若宮401,若宮上町7,若宮上町,033-041,36.29676624,139.5861453
若宮259,若宮上町7-12,若宮上町,033-042,36.2968763,139.5875963
若宮407,若宮上町7-28,若宮上町,033-043,36.29700816,139.5867661
若宮411,若宮上町7-8,若宮上町,033-044,36.29705954,139.5872071
若宮270,若宮上町7-9,若宮上町,033-045,36.29706706,139.5874002
若宮601,若宮上町8-15,若宮上町,033-046,36.2965599,139.586084
若宮613,若宮上町9-4,若宮上町,033-047,36.29813272,139.5856929
若宮608,若宮上町9-4,若宮上町,033-048,36.29787309,139.5857037
大原526,若宮下町10,若宮下町,034-001,36.29335329,139.5865411
大原179,若宮下町10-11,若宮下町,034-002,36.29358768,139.5870499
大原518,若宮下町10-14,若宮下町,034-003,36.29320691,139.5867977
大原527,若宮下町10-16,若宮下町,034-004,36.29367047,139.5865078
大原145,若宮下町10-18,若宮下町,034-005,36.2940874,139.5864625
大原181,若宮下町10-5,若宮下町,034-006,36.29433071,139.5869674
若宮215,若宮下町1-10,若宮下町,034-007,36.29649661,139.5869036
大原101,若宮下町1-12,若宮下町,034-008,36.29647019,139.5876427
大原534,若宮下町11-27,若宮下町,034-009,36.29294911,139.5864289
大原105,若宮下町1-17,若宮下町,034-010,36.29608965,139.5872338
大原104,若宮下町1-17,若宮下町,034-011,36.29609917,139.5873928
大原517,若宮下町12-12,若宮下町,034-012,36.29324276,139.5872224
大原516,若宮下町12-16,若宮下町,034-013,36.29326918,139.5876659
大原127,若宮下町1-25,若宮下町,034-014,36.29601077,139.5862229
大原136,若宮下町1-26,若宮下町,034-015,36.29598546,139.5858787
大原170,若宮下町13,若宮下町,034-016,36.29459148,139.586025
大原506,若宮下町15-12,若宮下町,034-017,36.29475985,139.5881277
大原187,若宮下町15-13,若宮下町,034-018,36.29496811,139.5875924
大原186,若宮下町15-13,若宮下町,034-019,36.2947351,139.5876188
大原189,若宮下町15-24,若宮下町,034-020,36.29570421,139.5875177
大原106,若宮下町15-30,若宮下町,034-021,36.29606716,139.5868624
大原188,若宮下町15-31,若宮下町,034-022,36.29530648,139.5875602
大原102,若宮下町15-35,若宮下町,034-023,36.29605666,139.5877599
大原509,若宮下町15-4,若宮下町,034-024,36.2956584,139.5880327
大原507,若宮下町15-9,若宮下町,034-025,36.29508756,139.5880901
大原164,若宮下町16-11,若宮下町,034-026,36.29378186,139.5877262
大原163,若宮下町16-17,若宮下町,034-027,36.2933753,139.5877735
大原514,若宮下町16-17,若宮下町,034-028,36.29329498,139.5879837
大原502,若宮下町16-17,若宮下町,034-029,36.29364746,139.588247
大原165,若宮下町16-19,若宮下町,034-030,36.29424438,139.5876749
大原501,若宮下町16-20,若宮下町,034-031,36.29340166,139.5882801
大原171A,若宮下町16-3,若宮下町,034-032,36.29466567,139.5880009
大原710,若宮下町17,若宮下町,034-033,36.29393414,139.58881
大原504,若宮下町17-15,若宮下町,034-034,36.2942685,139.5881851
大原711,若宮下町17-20,若宮下町,034-035,36.29419995,139.5887762
大原709,若宮下町17-28,若宮下町,034-036,36.29354333,139.5888475
大原712,若宮下町17-3,若宮下町,034-037,36.29449741,139.5887497
大原707A,若宮下町18-1,若宮下町,034-038,36.2947432,139.5890234
若宮282,若宮下町2-16,若宮下町,034-040,36.2962347,139.5893208
若宮287,若宮下町2-17,若宮下町,034-041,36.29621386,139.5889584
大原716,若宮下町2-19,若宮下町,034-042,36.29619859,139.5887161
大原715,若宮下町2-29,若宮下町,034-043,36.29616333,139.5882684
大原714,若宮下町2-30,若宮下町,034-044,36.2961414,139.5879435
大原537,若宮下町2-30,若宮下町,034-045,36.29321389,139.5883037
若宮761,若宮下町3-12,若宮下町,034-046,36.2952265,139.5893474
若宮762,若宮下町3-13,若宮下町,034-047,36.29562064,139.5893084
若宮763,若宮下町3-15,若宮下町,034-048,36.29577671,139.5892923
若宮297,若宮下町3-5,若宮下町,034-049,36.29575481,139.5898233
大原523,若宮下町4-11,若宮下町,034-050,36.2933181,139.5901718
大原522,若宮下町4-13,若宮下町,034-051,36.29320178,139.5896993
大原704,若宮下町4-21,若宮下町,034-052,36.29432443,139.5894436
高萩708A,若宮下町4-25,若宮下町,034-053,36.29455018,139.5899647
大原705,若宮下町4-31,若宮下町,034-054,36.29390245,139.5894907
大原706,若宮下町4-32,若宮下町,034-055,36.29363528,139.5895174
大原702A,若宮下町4-35,若宮下町,034-056,36.29476792,139.5894319
大原533,若宮下町5-1,若宮下町,034-057,36.29276617,139.5875326
大原530,若宮下町5-4,若宮下町,034-058,36.29281952,139.5883634
大原536,若宮下町6-11,若宮下町,034-059,36.29271665,139.5867702
大原535,若宮下町6-5,若宮下町,034-060,36.29297496,139.5859414
大原520,若宮下町7,若宮下町,034-061,36.29316436,139.5861803
大原108A,若宮下町7-1,若宮下町,034-062,36.29447895,139.5857815
大原110A,若宮下町7-13,若宮下町,034-063,36.29368159,139.58587
大原112,若宮下町7-8,若宮下町,034-064,36.29323077,139.5859137
大原519,若宮下町7-8,若宮下町,034-065,36.29318076,139.5864387
大原176A,若宮下町8-22,若宮下町,034-066,36.29562468,139.5856654
大原132,若宮下町9-1,若宮下町,034-067,36.29574555,139.5862787
大原191,若宮下町9-15,若宮下町,034-068,36.2949056,139.5869077
大原131,若宮下町9-17,若宮下町,034-069,36.29528394,139.5863314
大原128,若宮下町9-18,若宮下町,034-070,36.29557885,139.5862937
大原199,若宮下町9-22,若宮下町,034-071,36.2955658,139.5868299
大原126,若宮下町9-23,若宮下町,034-072,36.29585298,139.5868025
大原130,若宮下町9-25,若宮下町,034-073,36.29496226,139.5863676
大原129,若宮下町9-29,若宮下町,034-074,36.29463896,139.58641
大原190,若宮下町9-8,若宮下町,034-075,36.29472791,139.5869302
大原190,若宮下町9-9,若宮下町,034-076,36.29466036,139.5868222
若宮281,若宮下町2-15,若宮下町,034-077,36.29626618,139.5896872
伊保内609,植下町3039,伊保内町,035-044,36.28543733,139.5822332
伊保内612,植下町3047,伊保内町,035-046,36.28639889,139.5820566
伊保内618,植下町3060,伊保内町,035-047,36.28838726,139.581702
伊保内615,植下町3065,伊保内町,035-048,36.28730045,139.5818892
伊保内634,植下町3463,伊保内町,035-049,36.2906509,139.5813095
伊保内620,植下町3469,伊保内町,035-050,36.28906279,139.5815806
伊保内632,植下町3469,伊保内町,035-051,36.28988102,139.581437
伊保内617,植下町3469,伊保内町,035-052,36.28797284,139.5817791
伊保内606,植下町3039,伊保内町,035-053,36.28439993,139.5823957
大古屋188,伊保内町3189,大古屋町,036-001,36.28775033,139.5730719
大古屋189,伊保内町3190-2,大古屋町,036-002,36.28737592,139.5731869
大古屋145,植下町3337-2,大古屋町,036-003,36.28842108,139.5715105
大古屋108,植下町3372,大古屋町,036-004,36.2877084,139.5721495
大古屋150,植下町3372,大古屋町,036-005,36.28856162,139.572678
大古屋035,大古屋町4299,大古屋町,036-006,36.28460429,139.5711522
大古屋034,大古屋町4300-1,大古屋町,036-007,36.28459153,139.5715821
大古屋124,大古屋町4306-2,大古屋町,036-008,36.28368221,139.5723145
大古屋037,大古屋町4312,大古屋町,036-009,36.28398818,139.5711145
大古屋105,大古屋町4468,大古屋町,036-010,36.28707284,139.5716243
大古屋163,大古屋4533,大古屋町,036-011,36.285623,139.5710283
大古屋028,大古屋町4469,大古屋町,036-012,36.28647431,139.5716705
大古屋111,大古屋町4478,大古屋町,036-013,36.28639634,139.5722445
大古屋030,大古屋町4482-1,大古屋町,036-014,36.28567885,139.5717572
大古屋112,大古屋町4509,大古屋町,036-015,36.28540062,139.5724568
大古屋113,大古屋町4511,大古屋町,036-016,36.28470897,139.5727828
大古屋032,大古屋町4529,大古屋町,036-017,36.28519224,139.5717094
大古屋161,大古屋町4530,大古屋町,036-018,36.28509811,139.5711594
大古屋019,大古屋町4808,大古屋町,036-019,36.28717686,139.5666134
大古屋020,大古屋町4808,大古屋町,036-020,36.28699495,139.5677311
大古屋065,大古屋町4808,大古屋町,036-021,36.28685611,139.5685649
大古屋066,大古屋町4808,大古屋町,036-022,36.28667623,139.5697572
大古屋026,大古屋町4808-2,大古屋町,036-023,36.28646266,139.5709196
大古屋103,大古屋町5307,大古屋町,036-024,36.28717694,139.5698181
大古屋100,大古屋4609,大古屋町,036-025,36.2869137,139.5708155
大古屋005,庚申塚町4766-1,庚申塚町,037-001,36.29135141,139.5658933
大古屋009,庚申塚町4787,庚申塚町,037-002,36.28919221,139.5648026
大古屋073,庚申塚町4787,庚申塚町,037-003,36.2898049,139.5650851
大古屋061,庚申塚町4836,庚申塚町,037-004,36.28855023,139.5644835
大古屋013,庚申塚町4859,庚申塚町,037-005,36.28778898,139.5640286
大古屋301,庚申塚町4859-2,庚申塚町,037-006,36.2872632,139.56384
大古屋303,庚申塚町4920,庚申塚町,037-007,36.28647658,139.5638036
大古屋302,庚申塚町4920,庚申塚町,037-008,36.28679351,139.563625
大古屋304,庚申塚町4921,庚申塚町,037-009,36.28642353,139.5643002
大古屋307,庚申塚町4922,庚申塚町,037-010,36.28680021,139.564356
大古屋321,庚申塚町4923,庚申塚町,037-011,36.28659183,139.5646764
大古屋329,庚申塚町4933,庚申塚町,037-012,36.28608577,139.5642364
大古屋305,庚申塚町4934,庚申塚町,037-013,36.28576911,139.5642222
大古屋308,庚申塚町4935,庚申塚町,037-014,36.28583855,139.5637978
大古屋309,庚申塚町4936,庚申塚町,037-015,36.28551863,139.5637736
大古屋310,庚申塚町4936-2,庚申塚町,037-016,36.28513367,139.5637615
大古屋316,庚申塚町4945,庚申塚町,037-017,36.28584696,139.5648525
大古屋611A,船津川町2286-2,田島町,038-001,36.28607923,139.5594141
海陸西505,田島町105,田島町,038-002,36.29745249,139.566087
海陸西506,田島町105,田島町,038-003,36.2977366,139.5659769
海陸西323,田島町106,田島町,038-004,36.29783246,139.5666869
海陸西504,田島町108,田島町,038-005,36.2973947,139.5657958
海陸西507,田島町111,田島町,038-006,36.29706809,139.5659595
海陸西537,田島町114-4,田島町,038-007,36.29757611,139.5664308
海陸西305,田島町119-1,田島町,038-008,36.29786391,139.5673321
海陸西307,田島町119-1,田島町,038-009,36.29722427,139.5677357
海陸西007,田島町123,田島町,038-010,36.29720426,139.5684665
海陸西025,田島町123,田島町,038-011,36.29707596,139.5684046
海陸西009,田島町124-1,田島町,038-012,36.29635738,139.5680408
海陸西008,田島町124-1,田島町,038-013,36.29688656,139.5683032
海陸西554,田島町132,田島町,038-014,36.29669401,139.5660195
海陸西555,田島町135-2,田島町,038-015,36.29636674,139.5660134
海陸西558,田島町140,田島町,038-016,36.29612982,139.5659848
海陸西559,田島町141-1,田島町,038-017,36.29580604,139.5659246
海陸西571,田島町142,田島町,038-018,36.29551104,139.5657557
海陸西403,田島町143,田島町,038-019,36.29503636,139.5659682
海陸西406,田島町149,田島町,038-020,36.29387535,139.5659735
海陸西015,田島町152-2,田島町,038-021,36.29400458,139.566897
海陸西024,田島町163,田島町,038-022,36.29607433,139.5678971
海陸西011,田島町163-3,田島町,038-023,36.29549361,139.5676031
海陸西013,田島町163-8,田島町,038-024,36.294815,139.5672573
海陸西557,田島町167,田島町,038-025,36.29456509,139.565813
海陸西403,田島町167-3,田島町,038-026,36.29501442,139.5655485
海陸西019,田島町171,田島町,038-027,36.29278128,139.5663757
大古屋002,田島町171,田島町,038-028,36.29214695,139.566086
大古屋270A,田島町174-1,田島町,038-029,36.2915778,139.5651225
大古屋256,田島町192-3,田島町,038-030,36.29211852,139.5646609
大古屋201,田島町197,田島町,038-031,36.29270351,139.5653719
大古屋233,田島町197-5,田島町,038-032,36.29278958,139.56481
大古屋250,田島町199-2,田島町,038-033,36.29325348,139.5648933
大古屋242,田島町203-6,田島町,038-034,36.29382588,139.5650158
海陸西532,田島町206,田島町,038-035,36.29448801,139.5647585
海陸西521,田島町442,田島町,038-036,36.29623849,139.5654474
海陸西530,田島町209-2,田島町,038-037,36.2949616,139.5648249
海陸西556,田島町212,田島町,038-038,36.29444758,139.565053
大古屋263,田島町215-6,田島町,038-039,36.29383119,139.5643683
大古屋234,田島町221-3,田島町,038-040,36.2928718,139.564137
大古屋261,田島町227-6,田島町,038-041,36.29200437,139.5639984
大古屋257,田島町228,田島町,038-042,36.29176193,139.56452
大古屋221,田島町231-1,田島町,038-043,36.29121888,139.5643873
大古屋212,田島町238-1,田島町,038-044,36.2896071,139.5632977
大古屋213,田島町238-1,田島町,038-045,36.28967236,139.5629
大古屋219,田島町269-1,田島町,038-046,36.28914404,139.5629852
大古屋228,田島町269-1,田島町,038-047,36.28894737,139.5627411
大古屋224,田島町281-1,田島町,038-048,36.29127219,139.5630863
大古屋223,田島町281-2,田島町,038-049,36.2911906,139.5637549
大古屋226,田島町281-5,田島町,038-050,36.29061612,139.563076
海陸西529,田島町209,田島町,038-051,36.29523021,139.564876
海陸西538,田島町304,田島町,038-052,36.2956776,139.5633561
海陸西527,田島町304,田島町,038-053,36.29529961,139.5638359
海陸西534,田島町314,田島町,038-054,36.29458023,139.5636822
大古屋236,田島町315-4,田島町,038-055,36.29297374,139.5633809
大古屋238,田島町315-5,田島町,038-056,36.29300845,139.5631059
大古屋214,田島町338-2,田島町,038-057,36.28970289,139.5622126
大古屋603,田島町356,田島町,038-058,36.28642657,139.5622141
大古屋237,田島町369,田島町,038-059,36.28976035,139.5618776
海陸西539,田島町374-2,田島町,038-060,36.29483236,139.562071
海陸西547,田島町374-2,田島町,038-061,36.29466438,139.5627134
海陸西549,田島町374-3,田島町,038-062,36.29423824,139.5624262
海陸西548,田島町374-6,田島町,038-063,36.29436356,139.5627237
海陸西001,田島町38,田島町,038-064,36.29990288,139.569823
海陸西003,田島町38,田島町,038-065,36.29930162,139.5695666
海陸西004,田島町38-1,田島町,038-066,36.29887138,139.5693369
海陸西524,田島町390,田島町,038-068,36.29566408,139.5653185
海陸西525,田島町403-1,田島町,038-069,36.2956724,139.5647272
海陸西526,田島町403-1,田島町,038-070,36.29562178,139.5642999
海陸西523,田島町408,田島町,038-071,36.29594183,139.5647832
海陸西527,田島町411-4,田島町,038-072,36.29568513,139.5636544
海陸西515,田島町424,田島町,038-073,36.2967139,139.5638774
海陸西514,田島町425,田島町,038-074,36.2967628,139.5642232
海陸西518,田島町426,田島町,038-075,36.29638426,139.5640618
海陸西519,田島町434-2,田島町,038-076,36.29621008,139.564716
海陸西518,田島町436,田島町,038-077,36.29649923,139.5646471
海陸西531,田島町439,田島町,038-078,36.2965056,139.564836
海陸西529,田島町303-9,田島町,038-079,36.29527099,139.5643361
海陸西507,田島町449,田島町,038-080,36.29684841,139.5659847
海陸西573,田島町450,田島町,038-081,36.29709807,139.5651409
海陸西513,田島町454,田島町,038-082,36.29683921,139.5646957
海陸西514,田島町454,田島町,038-083,36.29676555,139.564161
海陸西512,田島町456,田島町,038-084,36.29713583,139.5646198
君田301,田島町459,田島町,038-085,36.29748246,139.5638957
君田003,田島町464,田島町,038-086,36.29783236,139.5633882
君田002,田島町465,田島町,038-087,36.29777825,139.5638156
海陸西510,田島町468,田島町,038-088,36.29768658,139.5644084
海陸西510,田島町468,田島町,038-089,36.29759245,139.5645123
海陸西017,田島町4715,田島町,038-090,36.29339458,139.5666507
海陸西503,田島町474,田島町,038-091,36.29738415,139.5653506
海陸西509,田島町476,田島町,038-092,36.29758886,139.5648823
海陸西501,田島町482,田島町,038-093,36.29791328,139.5651448
海陸西503,田島町483,田島町,038-094,36.29750134,139.5655231
海陸西502,田島町483,田島町,038-095,36.29764303,139.5652831
海陸西295,田島町48-5,田島町,038-096,36.29919319,139.5672879
海陸西108,田島町486,田島町,038-097,36.29827741,139.5655133
海陸西109,田島町512,田島町,038-099,36.29818792,139.5650344
海陸西516,田島町527-2,田島町,038-100,36.29671389,139.5635543
海陸西240,田島町534,田島町,038-101,36.30004271,139.5631781
君田004,田島町534-2,田島町,038-102,36.29797129,139.5628099
海陸西249,田島町534-2,田島町,038-103,36.29946723,139.563092
君田228,田島町534-2,田島町,038-104,36.29954721,139.5614744
海陸西236,田島町534-2,田島町,038-105,36.29957135,139.5623032
君田005,田島町534-2,田島町,038-106,36.29800793,139.5623949
君田234,田島町537,田島町,038-107,36.29870039,139.5629535
海陸西251,田島町548-7,田島町,038-108,36.29937143,139.5637709
君田002,田島町565,田島町,038-109,36.29831711,139.5636492
君田304,田島町580,田島町,038-110,36.29734632,139.562681
海陸西570,田島町590-3,田島町,038-111,36.29682741,139.5617862
君田343,田島町590-4,田島町,038-112,36.29671391,139.562565
海陸西566,田島町597-4,田島町,038-113,36.29694051,139.5609487
海陸西107,田島町64,田島町,038-114,36.2983438,139.5659408
海陸西325,田島町64-3,田島町,038-115,36.29836323,139.5664883
海陸西201,田島町69,田島町,038-116,36.29857828,139.5668933
海陸西202,田島町69-5,田島町,038-117,36.29890125,139.5670745
海陸西104,田島町70-1,田島町,038-118,36.29860634,139.5675571
大古屋640,田島町732-1,田島町,038-119,36.28802875,139.5598728
大古屋643,田島町733-3,田島町,038-120,36.28754582,139.5597803
海陸西101,田島町76,田島町,038-121,36.29879715,139.5687803
君田007,田島町772,田島町,038-122,36.29817952,139.5611161
海陸西102,田島町81-1,田島町,038-123,36.29864582,139.5683718
海陸西006,田島町84,田島町,038-124,36.29789228,139.5688256
海陸西005,田島町85,田島町,038-125,36.29848476,139.5691428
海陸西021,田島町85-1,田島町,038-126,36.29756565,139.5686595
海陸西582,田島町9000,田島町,038-127,36.29580171,139.5623598
海陸西304,田島町91-6,田島町,038-128,36.29792082,139.5675943
君田001,田島町514-1,田島町,038-129,36.29802793,139.5644659
海陸西529,田島町387,田島町,038-130,36.29533438,139.5653918
大古屋210,田島町512,田島町,038-131,36.28952653,139.5638577
赤坂302,赤坂町103-11,赤坂町,039-001,36.30836075,139.5708197
赤坂343,赤坂町103-14,赤坂町,039-002,36.30802718,139.5705283
赤坂069,赤坂町105,赤坂町,039-003,36.30832711,139.5719212
赤坂053,赤坂町105-1,赤坂町,039-004,36.3085921,139.5718848
赤坂230,赤坂町107,赤坂町,039-005,36.30862378,139.5726069
赤坂212,赤坂町107,赤坂町,039-006,36.30822497,139.5726937
赤坂245,赤坂町110-8,赤坂町,039-007,36.30857604,139.5741521
赤坂213,赤坂町111,赤坂町,039-008,36.30824382,139.5730286
赤坂209,赤坂町111-1,赤坂町,039-009,36.30868164,139.5734772
赤坂209,赤坂町113,赤坂町,039-010,36.30850497,139.5735072
赤坂233,赤坂町116,赤坂町,039-011,36.3088638,139.5735257
赤坂208,赤坂町116-1,赤坂町,039-012,36.30919988,139.5735196
天明020,赤坂町13,赤坂町,039-013,36.30932395,139.5716058
赤坂215,赤坂町131,赤坂町,039-014,36.30867322,139.5729598
赤坂224,赤坂町139,赤坂町,039-015,36.30765806,139.5728962
赤坂211,赤坂町144,赤坂町,039-016,36.30815942,139.5722648
赤坂055,赤坂町144,赤坂町,039-017,36.30773056,139.5720024
赤坂322,赤坂町146,赤坂町,039-018,36.30802721,139.5718184
赤坂034,赤坂町146,赤坂町,039-019,36.30798716,139.5719671
赤坂323,赤坂町146-11,赤坂町,039-020,36.30800246,139.5715021
赤坂323,赤坂町146-7,赤坂町,039-021,36.30796411,139.5711533
天明148,赤坂町15,赤坂町,039-022,36.30961314,139.5715087
赤坂310,赤坂町153,赤坂町,039-023,36.30774415,139.5708838
赤坂309,赤坂町153-1,赤坂町,039-024,36.30755585,139.5709138
赤坂320,赤坂町157,赤坂町,039-025,36.30721664,139.5706013
赤坂060,赤坂町158,赤坂町,039-026,36.30707503,139.5709586
赤坂056,赤坂町166-2,赤坂町,039-027,36.30729924,139.5720571
赤坂218,赤坂町168,赤坂町,039-028,36.30724752,139.5724346
赤坂219,赤坂町171,赤坂町,039-029,36.30721065,139.5728473
赤坂231,赤坂町172,赤坂町,039-030,36.30717504,139.5731745
赤坂011,赤坂町176-3,赤坂町,039-031,36.30678675,139.5733687
赤坂057,赤坂町186,赤坂町,039-032,36.30717507,139.5720688
赤坂220,赤坂町189,赤坂町,039-033,36.30683315,139.5719588
大橋南134,赤坂町1897,赤坂町,039-034,36.30741898,139.5652442
赤坂311,赤坂町191,赤坂町,039-035,36.30681666,139.57052
赤坂059,赤坂町194,赤坂町,039-036,36.30710336,139.5715899
赤坂059,赤坂町194-3,赤坂町,039-037,36.30708557,139.5714088
赤坂074,赤坂町197,赤坂町,039-038,36.30650484,139.5710211
赤坂221,赤坂町203,赤坂町,039-039,36.30654346,139.5719088
赤坂338,赤坂町207,赤坂町,039-040,36.30547682,139.5707212
赤坂318,赤坂町207,赤坂町,039-041,36.3052149,139.5710875
赤坂332,赤坂町207,赤坂町,039-042,36.30611981,139.5706112
赤坂334,赤坂町207-11,赤坂町,039-043,36.3058399,139.5707034
赤坂345,赤坂町207-11,赤坂町,039-044,36.30577733,139.5702426
赤坂335,赤坂町207-11,赤坂町,039-045,36.30572734,139.570665
赤坂062,赤坂町210-1,赤坂町,039-046,36.30628013,139.5710963
赤坂225,赤坂町211,赤坂町,039-047,36.3063248,139.5718607
赤坂226,赤坂町211,赤坂町,039-048,36.30590933,139.5717861
赤坂063,赤坂町211,赤坂町,039-049,36.30590733,139.571285
赤坂228,赤坂町217,赤坂町,039-050,36.30588739,139.5722635
赤坂228,赤坂町217,赤坂町,039-051,36.30563156,139.5721188
天明071,赤坂町22,赤坂町,039-052,36.30987644,139.5710347
天明070,赤坂町2233,赤坂町,039-053,36.31035973,139.5710034
赤坂065,赤坂町225,赤坂町,039-054,36.30521492,139.5713864
赤坂013,赤坂町226,赤坂町,039-055,36.30624154,139.5731087
赤坂228,赤坂町234,赤坂町,039-056,36.30565686,139.5723938
赤坂017,赤坂町238,赤坂町,039-057,36.30508663,139.5725199
赤坂240,赤坂町239,赤坂町,039-058,36.30502416,139.5719397
赤坂018,赤坂町239,赤坂町,039-059,36.30473943,139.5723033
赤坂227,赤坂町246-4,赤坂町,039-060,36.3055874,139.57179
赤坂071,赤坂町266-2,赤坂町,039-061,36.30415389,139.5712812
天明209,赤坂町26,赤坂町,039-062,36.31035964,139.5703874
赤坂019,赤坂町260,赤坂町,039-063,36.30432753,139.5720889
赤坂019,赤坂町260,赤坂町,039-064,36.30436507,139.5718637
赤坂020,赤坂町264,赤坂町,039-065,36.30379842,139.5718148
赤坂070,赤坂町252,赤坂町,039-066,36.30452169,139.571319
赤坂314,赤坂町280,赤坂町,039-067,36.30482331,139.5706862
赤坂315,赤坂町280,赤坂町,039-068,36.30448999,139.5707526
赤坂336,赤坂町282,赤坂町,039-069,36.30534656,139.5700565
赤坂321,赤坂町282-1,赤坂町,039-070,36.3050941,139.570134
赤坂319,赤坂町282-1,赤坂町,039-071,36.30519183,139.5706364
赤坂336,赤坂町283-11,赤坂町,039-072,36.30536851,139.5703239
赤坂346,赤坂町284,赤坂町,039-073,36.30576517,139.569876
赤坂340,赤坂町284-6,赤坂町,039-074,36.3055307,139.5703464
海陸西252,赤坂町286,赤坂町,039-075,36.30249009,139.5653629
赤坂342,赤坂町289,赤坂町,039-076,36.30604818,139.5699662
赤坂341,赤坂町289,赤坂町,039-077,36.30609565,139.57036
大橋南265,赤坂町296-4,赤坂町,039-078,36.3063606,139.5687177
赤坂313,赤坂町296-7,赤坂町,039-079,36.3065164,139.5696826
赤坂311,赤坂町297-1,赤坂町,039-080,36.30663421,139.570425
赤坂331,赤坂町297-1,赤坂町,039-081,36.30639228,139.5704537
天明141,赤坂町3,赤坂町,039-082,36.30945236,139.5725008
赤坂306,赤坂町302,赤坂町,039-083,36.30876791,139.5701864
赤坂329,赤坂町303,赤坂町,039-084,36.3078788,139.5704722
赤坂326,赤坂町304,赤坂町,039-085,36.30749804,139.5698314
赤坂328,赤坂町304-18,赤坂町,039-086,36.30756749,139.5705113
天明021,赤坂町31,赤坂町,039-087,36.30928534,139.5710937
大橋南172,赤坂町337,赤坂町,039-088,36.30819538,139.5670363
大橋南118,赤坂町338-5,赤坂町,039-089,36.30815226,139.5662924
天明023,赤坂町34,赤坂町,039-090,36.30917284,139.5703888
大橋南164,赤坂町344,赤坂町,039-091,36.30768985,139.5673562
大橋南160,赤坂町346,赤坂町,039-092,36.30697493,139.5674241
大橋南130,赤坂町346-1,赤坂町,039-093,36.307268,139.5677801
大橋南332A,赤坂町362-1,赤坂町,039-094,36.30707297,139.5667286
大橋南149,赤坂町371,赤坂町,039-095,36.30631637,139.5669414
大橋南901A,赤坂町372,赤坂町,039-096,36.3060997,139.5668161
大橋南158,赤坂町372-2,赤坂町,039-097,36.30583675,139.5675225
大橋南261,赤坂町377,赤坂町,039-098,36.30584309,139.5681866
天明022,赤坂町38,赤坂町,039-099,36.30916227,139.5709084
大橋南109,赤坂町385-1,赤坂町,039-100,36.30491934,139.5691925
大橋南266,赤坂町393,赤坂町,039-101,36.30542314,139.5680875
大橋南143,赤坂町400,赤坂町,039-102,36.30581332,139.5653851
大橋南186,赤坂町407,赤坂町,039-103,36.30495235,139.5684702
大橋南317,赤坂町410-2,赤坂町,039-104,36.30444573,139.5681378
海陸西846,赤坂町430,赤坂町,039-105,36.3041292,139.5691538
天明019,赤坂町43-1,赤坂町,039-106,36.30931704,139.5718648
海陸西819,赤坂町442,赤坂町,039-107,36.30229014,139.5682969
天明018,赤坂町45,赤坂町,039-108,36.30934068,139.5724133
海陸西830,赤坂町450,赤坂町,039-109,36.30182937,139.5680341
海陸西658,赤坂町450,赤坂町,039-110,36.30410182,139.564672
海陸西814,赤坂町457,赤坂町,039-111,36.30143276,139.5678491
大橋南905A,赤坂町457-2,赤坂町,039-112,36.30460659,139.5669537
大橋南906A,赤坂町457-2,赤坂町,039-113,36.30425184,139.5669879
大橋南907A,赤坂町457-5,赤坂町,039-114,36.30377632,139.567029
海陸西861,赤坂町475-3,赤坂町,039-115,36.30175352,139.5672014
大橋南316,赤坂町48,赤坂町,039-116,36.30443328,139.5678468
天明017,赤坂町48,赤坂町,039-117,36.30936179,139.5727519
海陸西818,赤坂町485-3,赤坂町,039-118,36.30226653,139.567848
海陸西817,赤坂町495,赤坂町,039-119,36.30223903,139.5673969
海陸西215,赤坂町499,赤坂町,039-120,36.30112915,139.5693279
海陸西864,赤坂町499,赤坂町,039-121,36.30104033,139.5686141
天明141,赤坂町5,赤坂町,039-122,36.30968536,139.5723871
海陸西213,赤坂町500,赤坂町,039-123,36.30048478,139.5696337
海陸西862,赤坂町516,赤坂町,039-124,36.30123359,139.5672467
海陸西822,赤坂町516,赤坂町,039-125,36.30098971,139.567737
海陸西291,赤坂町532,赤坂町,039-126,36.30082023,139.5658182
天明124,赤坂町56,赤坂町,039-127,36.31038277,139.5728021
大橋南282,赤坂町563,赤坂町,039-128,36.30557667,139.5647144
海陸西669,赤坂町570,赤坂町,039-129,36.30437094,139.5649128
海陸西672,赤坂町576,赤坂町,039-130,36.30390596,139.564307
海陸西642,赤坂町577,赤坂町,039-131,36.30428146,139.5635581
海陸西656,赤坂町579,赤坂町,039-132,36.30434902,139.5643842
海陸西654,赤坂町581-1,赤坂町,039-133,36.30548055,139.5636942
海陸西638,赤坂町583-1,赤坂町,039-134,36.30483921,139.5634954
大橋南754,赤坂町604,赤坂町,039-135,36.30537991,139.5616393
天明163,赤坂町61,赤坂町,039-136,36.3103309,139.5732343
海陸西288,赤坂町629,赤坂町,039-137,36.30334328,139.5643379
海陸西285,赤坂町629-1,赤坂町,039-138,36.30288413,139.5645618
海陸西286,赤坂町631,赤坂町,039-139,36.30290004,139.5649442
海陸西258,赤坂町631,赤坂町,039-140,36.30113268,139.5647643
海陸西262,赤坂町633,赤坂町,039-141,36.30247195,139.5646729
海陸西228,赤坂町637,赤坂町,039-142,36.30100439,139.5652679
天明136,赤坂町65,赤坂町,039-143,36.30980318,139.5733082
天明149,赤坂町65-4,赤坂町,039-144,36.30985367,139.5736882
海陸西256,赤坂町661,赤坂町,039-145,36.30106909,139.5641382
天明016,赤坂町69,赤坂町,039-146,36.30942652,139.5733807
天明015,赤坂町72,赤坂町,039-147,36.3094865,139.5738579
天明016,赤坂町75,赤坂町,039-148,36.30938238,139.5731871
大橋南141,赤坂町81,赤坂町,039-149,36.30618387,139.5648018
赤坂052,赤坂町88,赤坂町,039-150,36.30887212,139.5718412
赤坂301,赤坂町89-1,赤坂町,039-151,36.30887683,139.5711512
赤坂351,赤坂町89-12,赤坂町,039-152,36.30873293,139.5713721
赤坂353,赤坂町89-20,赤坂町,039-153,36.30834908,139.5710458
赤坂354,赤坂町89-25,赤坂町,039-154,36.30836906,139.571402
大橋南180,赤坂町900,赤坂町,039-155,36.3049382,139.5676142
赤坂305,赤坂町936,赤坂町,039-156,36.30900985,139.5702446
海陸西668,赤坂町939,赤坂町,039-157,36.30540888,139.562172
海陸西655,赤坂町940-12,赤坂町,039-158,36.30551476,139.5640778
海陸西666,赤坂町940-22,赤坂町,039-159,36.30535999,139.5644666
海陸西650,赤坂町941-2,赤坂町,039-160,36.30426675,139.5629107
海陸西641,赤坂町941-6,赤坂町,039-161,36.30426065,139.5632021
君田613,赤坂町942,赤坂町,039-162,36.30474334,139.5616004
海陸西662,赤坂町943-10,赤坂町,039-163,36.30354517,139.5617091
海陸西663,赤坂町943-17,赤坂町,039-164,36.30352483,139.5612483
海陸西627,赤坂町944,赤坂町,039-165,36.3036618,139.563664
海陸西627,赤坂町944-11,赤坂町,039-166,36.30362904,139.5633271
海陸西630,赤坂町944-16,赤坂町,039-167,36.30377405,139.5635229
海陸西624,赤坂町944-2,赤坂町,039-168,36.30360821,139.5630007
海陸西259,赤坂町949,赤坂町,039-169,36.30157043,139.5647232
海陸西300,赤坂町949,赤坂町,039-170,36.30124964,139.5650332
海陸西260,赤坂町949,赤坂町,039-171,36.3018459,139.5646982
海陸西290,赤坂町949-7,赤坂町,039-172,36.30171124,139.5655007
海陸西273,赤坂町950,赤坂町,039-173,36.30228784,139.5638771
海陸西247,赤坂町951,赤坂町,039-174,36.30129681,139.5639647
海陸西289,赤坂町951-4,赤坂町,039-175,36.30194928,139.5638996
海陸西271,赤坂町952-26,赤坂町,039-176,36.3023195,139.5636521
海陸西253,赤坂町953-30,赤坂町,039-177,36.30086134,139.5642955
海陸西231,赤坂町954,赤坂町,039-178,36.30140626,139.5657853
大橋南142,赤坂町957,赤坂町,039-179,36.30612888,139.5653565
大橋南217,赤坂町957,赤坂町,039-180,36.30536314,139.5654276
海陸西673,赤坂町957,赤坂町,039-181,36.30441429,139.5655943
海陸西713,赤坂町958,赤坂町,039-182,36.30040474,139.5656946
大橋南280,赤坂町958,赤坂町,039-183,36.30606551,139.5646694
海陸西670,赤坂町958,赤坂町,039-184,36.304389,139.5652477
大橋南221,赤坂町958,赤坂町,039-185,36.30497595,139.5653469
大橋南140,赤坂町958-3,赤坂町,039-186,36.30620579,139.5652079
大橋南357,赤坂町959-13,赤坂町,039-187,36.30739791,139.5645701
大橋南358,赤坂町959-17,赤坂町,039-188,36.30777808,139.5645364
大橋南287,赤坂町960-22,赤坂町,039-189,36.30644219,139.565329
大橋南119A,赤坂町961,赤坂町,039-190,36.30860781,139.5665924
大橋南169,赤坂町962,赤坂町,039-191,36.30907862,139.567234
大橋南185,赤坂町962,赤坂町,039-192,36.3093622,139.5672098
大橋南167,赤坂町962,赤坂町,039-193,36.30839955,139.567294
大橋南121A,赤坂町962-4,赤坂町,039-194,36.30902137,139.5666602
大橋南168,赤坂町962-7,赤坂町,039-195,36.30878784,139.567264
大橋南199A,赤坂町963,赤坂町,039-196,36.30762678,139.5666774
大橋南331A,赤坂町963-20,赤坂町,039-197,36.30749793,139.5666935
大橋南333A,赤坂町963-25,赤坂町,039-198,36.30671074,139.5667675
大橋南159,赤坂町964,赤坂町,039-199,36.3066689,139.5674467
大橋南156,赤坂町964,赤坂町,039-200,36.3073432,139.567389
大橋南131,赤坂町966-7,赤坂町,039-201,36.30735857,139.5681835
大橋南252,赤坂町967,赤坂町,039-202,36.30687724,139.5681985
大橋南253,赤坂町967-13,赤坂町,039-203,36.30690133,139.5686987
大橋南283,赤坂町968,赤坂町,039-204,36.30652057,139.5682237
大橋南288,赤坂町969,赤坂町,039-205,36.30622589,139.5688949
大橋南286,赤坂町970,赤坂町,039-206,36.30590731,139.5689449
大橋南268,赤坂町970,赤坂町,039-207,36.30545485,139.568525
大橋南278,赤坂町970-17,赤坂町,039-208,36.30587981,139.5685299
大橋南260,赤坂町970-2,赤坂町,039-209,36.30582566,139.5679275
大橋南299,赤坂町970-25,赤坂町,039-210,36.30556846,139.5688341
大橋南163,赤坂町971,赤坂町,039-211,36.30538315,139.5675692
大橋南285,赤坂町971,赤坂町,039-212,36.30545848,139.5691063
大橋南290,赤坂町971,赤坂町,039-213,36.30529072,139.5690952
大橋南263,赤坂町972,赤坂町,039-214,36.30636751,139.5678466
大橋南903A,赤坂町973,赤坂町,039-215,36.30527762,139.5668867
大橋南902A,赤坂町973-5,赤坂町,039-216,36.30575672,139.56684
大橋南904A,赤坂町973-7,赤坂町,039-217,36.30490184,139.5669104
大橋南181,赤坂町975,赤坂町,039-218,36.30446689,139.5676414
大橋南182,赤坂町975-18,赤坂町,039-219,36.30410329,139.5676717
大橋南318,赤坂町976,赤坂町,039-220,36.30447106,139.5685441
大橋南322,赤坂町976,赤坂町,039-221,36.30448991,139.5689189
大橋南319,赤坂町976-1,赤坂町,039-222,36.3047718,139.5676025
海陸西834,赤坂町977,赤坂町,039-223,36.30399448,139.5685503
海陸西832,赤坂町978,赤坂町,039-224,36.30358949,139.5679192
海陸西843,赤坂町978-8,赤坂町,039-225,36.30317279,139.5679854
海陸西845,赤坂町980,赤坂町,039-226,36.30321922,139.568765
海陸西844,赤坂町980,赤坂町,039-227,36.30320115,139.5684568
海陸西850,赤坂町981,赤坂町,039-228,36.3027621,139.5686826
海陸西848,赤坂町981,赤坂町,039-229,36.30269923,139.5676054
海陸西849,赤坂町981,赤坂町,039-230,36.30272874,139.5680677
海陸西897,赤坂町981,赤坂町,039-231,36.30263453,139.56883
海陸西809,赤坂町983,赤坂町,039-232,36.30259425,139.5671255
海陸西808,赤坂町983,赤坂町,039-233,36.30295224,139.5670905
海陸西810,赤坂町983-16,赤坂町,039-234,36.30226373,139.5671569
海陸西828,赤坂町987,赤坂町,039-235,36.30179772,139.5675002
海陸西813,赤坂町987-11,赤坂町,039-236,36.30140632,139.5673869
海陸西877,赤坂町988-2,赤坂町,039-237,36.30187771,139.5687001
海陸西216,赤坂町988-6,赤坂町,039-238,36.30157883,139.568893
海陸西878,赤坂町988-7,赤坂町,039-239,36.30222711,139.5686892
海陸西876,赤坂町989,赤坂町,039-240,36.30140057,139.5686968
海陸西826,赤坂町990,赤坂町,039-241,36.30090556,139.5690491
海陸西214,赤坂町990-8,赤坂町,039-242,36.30083612,139.5694818
赤坂054,町赤坂町105-7,赤坂町,039-243,36.3081672,139.5719509
赤坂224,町赤坂町170,赤坂町,039-244,36.3073675,139.5728173
海陸西225,町赤坂町951-6,赤坂町,039-245,36.30189177,139.5640958
海陸西637,町赤坂町941-8,赤坂町,039-246,36.30485647,139.5637953
海陸西868,町赤坂町964-17,赤坂町,039-247,36.30037788,139.5684078
赤坂015,町赤坂町232,赤坂町,039-248,36.30561686,139.5728571
君田212,君田町120-5,君田町,040-001,36.30082492,139.5544611
君田244,君田町163,君田町,040-002,36.30080411,139.5556624
君田257,君田町166-2,君田町,040-003,36.30003617,139.5555236
君田305,君田町178-2,君田町,040-004,36.29796135,139.5554101
君田344,君田町183-3,君田町,040-005,36.29731446,139.5549254
君田019,君田町205-1,君田町,040-006,36.29839601,139.5548979
君田224,君田町215-1,君田町,040-007,36.29983959,139.557936
君田522,君田町221-3,君田町,040-008,36.30128029,139.55829
君田505,君田町235-2,君田町,040-009,36.30078004,139.5594111
君田256,君田町236-2,君田町,040-010,36.30062341,139.5598483
君田318,君田町253,君田町,040-011,36.29902109,139.55952
君田206,君田町264,君田町,040-012,36.29874434,139.5550087
君田016,君田町267,君田町,040-013,36.29849886,139.5558311
君田201,君田町268,君田町,040-014,36.29889458,139.5560139
君田202,君田町270,君田町,040-015,36.299241,139.5561561
君田203,君田町272-1,君田町,040-016,36.2997301,139.5563788
君田251,君田町273,君田町,040-017,36.30076946,139.5568887
君田204,君田町274,君田町,040-018,36.300032,139.5565636
君田205,君田町275,君田町,040-019,36.30023616,139.5566885
君田320,君田町277-2,君田町,040-022,36.29787695,139.5575736
君田015,君田町298,君田町,040-023,36.29849603,139.5565553
君田017,君田町299,君田町,040-024,36.29821275,139.5556953
君田316,君田町305,君田町,040-025,36.29773113,139.5552413
君田303,君田町317,君田町,040-026,36.29798114,139.5568337
君田303,君田町318,君田町,040-027,36.29811194,139.5564139
君田014,君田町321,君田町,040-028,36.2984319,139.5570436
君田220,君田町322-4,君田町,040-029,36.29845384,139.5576835
君田222,君田町327,君田町,040-030,36.29910348,139.5578024
君田010,君田町773,君田町,040-031,36.29821255,139.5593998
君田008,君田町773,君田町,040-032,36.2981795,139.5603173
君田011,君田町775,君田町,040-033,36.29825252,139.5587501
君田035,君田町310,君田町,040-034,36.29809137,139.5560576
君田246,君田町166-2,君田町,040-035,36.30025672,139.5555686
大古屋312,庚申塚町4936,船津川町,041-013,36.28398324,139.5635866
大古屋311,庚申塚町4936,船津川町,041-014,36.28477761,139.5637376
大古屋508A,船津川町2189,船津川町,041-062,36.28490286,139.5631249
大古屋504A,船津川町2239,船津川町,041-064,36.28596933,139.5630015
大古屋607A,船津川町2286-2,船津川町,041-065,36.28593676,139.560844
大古屋622A,船津川町2356,船津川町,041-068,36.28496234,139.5574409
大古屋624A,船津川町2360,船津川町,041-069,36.2847474,139.5567045
大原029,植下町22-1,飯田町,042-001,36.2902665,139.5889082
伊保内261,植下町3060,飯田町,042-002,36.28608655,139.5852312
大原027,植下町43-6,飯田町,042-003,36.29068532,139.58833
大原047,植下町79,飯田町,042-004,36.29117437,139.5875485
越名607A,馬門町1965-1,飯田町,042-006,36.29195315,139.5943014
大原040,飯田町215-4,飯田町,042-007,36.28745248,139.5934191
大原037,飯田町234,飯田町,042-008,36.28861653,139.5926829
大原049,飯田町239-1,飯田町,042-009,36.28928718,139.5917503
大原476,飯田町245,飯田町,042-010,36.28784424,139.590419
大原306A,飯田町262,飯田町,042-011,36.28965059,139.5930968
大原322,飯田町288,飯田町,042-012,36.29135622,139.5940676
大原331,飯田町301-2,飯田町,042-013,36.29103149,139.593213
大原351,飯田町331,飯田町,042-014,36.29109559,139.5910344
大原031,飯田町331,飯田町,042-015,36.28989628,139.5896706
大原319,飯田町331,飯田町,042-016,36.29204883,139.5907494
大原312,飯田町267-1,飯田町,042-017,36.29025411,139.5941912
伊保内216,飯田町475,飯田町,042-020,36.2852577,139.591012
伊保内219,飯田町475,飯田町,042-021,36.2854293,139.5905242
伊保内277,飯田町488,飯田町,042-022,36.28661914,139.5915327
大原478,飯田町495-1,飯田町,042-023,36.28710514,139.5901265
大原418,飯田町525,飯田町,042-024,36.28840762,139.5915669
伊保内265,飯田町546-10,飯田町,042-025,36.28633341,139.5918794
伊保内802,飯田町560,飯田町,042-026,36.28687836,139.594049
伊保内801,飯田町560,飯田町,042-027,36.28710835,139.5934991
伊保内874,飯田町578,飯田町,042-028,36.28555136,139.5946997
伊保内811,飯田町589,飯田町,042-029,36.28614461,139.5961212
伊保内272,飯田町667,飯田町,042-032,36.28450459,139.5957296
伊保内207,飯田町676,飯田町,042-035,36.28407954,139.5935116
伊保内201,飯田町680,飯田町,042-036,36.28417484,139.5939341
伊保内818,飯田町690-1,飯田町,042-037,36.28585266,139.5938916
伊保内825,飯田町695,飯田町,042-038,36.28465701,139.5937024
伊保内225,飯田町694-1,飯田町,042-039,36.28450621,139.5943709
伊保内827,飯田町707,飯田町,042-040,36.28515769,139.5930403
伊保内209,飯田町720,飯田町,042-041,36.2848369,139.5921741
伊保内013,飯田町725,飯田町,042-042,36.28415726,139.5920027
伊保内014,飯田町727,飯田町,042-043,36.28418032,139.5914195
伊保内226,飯田町805,飯田町,042-048,36.2837889,139.588761
伊保内233,飯田町835,飯田町,042-053,36.28405301,139.5877683
伊保内257,飯田町850,飯田町,042-055,36.28533916,139.5872112
伊保内255,飯田町854,飯田町,042-056,36.28506926,139.5882347
伊保内069,飯田町860,飯田町,042-057,36.28413946,139.5896697
伊保内224,飯田町866,飯田町,042-058,36.28505461,139.5895797
大原352,飯田町331-6,飯田町,042-059,36.29037706,139.5912843
大原472,飯田町391-1,飯田町,042-060,36.28929663,139.5906729
伊保内281,飯田町469,飯田町,042-061,36.28637279,139.5898297
伊保内812,馬門町1351-1,馬門町,043-002,36.28597856,139.5967821
越名027,馬門町1354,馬門町,043-003,36.28569974,139.5975311
高山004,馬門町1364,馬門町,043-004,36.28453058,139.5985308
高山006,馬門町1401,馬門町,043-010,36.28424398,139.5995468
高山007,馬門町1402,馬門町,043-011,36.28410517,139.5999071
高山008,馬門町1407,馬門町,043-012,36.28395349,139.6002807
越名091,馬門町1519,馬門町,043-019,36.28559883,139.6003995
高山102,馬門町1521,馬門町,043-020,36.28500393,139.6000034
高山101,馬門町1539,馬門町,043-021,36.28459643,139.5998935
越名029,馬門町1548-1,馬門町,043-022,36.28584703,139.598411
越名124,馬門町1606,馬門町,043-023,36.28691716,139.5984344
越名126,馬門町1606-1,馬門町,043-024,36.2874105,139.598701
越名026,馬門町1620,馬門町,043-025,36.28605166,139.5974244
越名024,馬門町1621-5,馬門町,043-026,36.28672022,139.5973744
越名022,馬門町1628,馬門町,043-027,36.28757674,139.5972569
越名183,馬門町1647,馬門町,043-028,36.28906451,139.5992883
越名130,馬門町1655,馬門町,043-029,36.28777353,139.6001254
越名019,馬門町1702,馬門町,043-030,36.28868251,139.5971148
越名119,馬門町1703-2,馬門町,043-031,36.28818588,139.5982444
越名017,馬門町1722-4,馬門町,043-032,36.28934099,139.5970257
越名014,馬門町1744,馬門町,043-033,36.29006062,139.596916
越名011,馬門町1765-3,馬門町,043-034,36.29116272,139.5966972
越名010,馬門町1768-4,馬門町,043-035,36.291693,139.5965926
越名105,馬門町1909,馬門町,043-036,36.29254928,139.597169
越名087,馬門町1951,馬門町,043-037,36.29310311,139.5963049
越名008,馬門町1951,馬門町,043-038,36.29256039,139.5964088
越名609A,馬門町1965-1,馬門町,043-039,36.29197951,139.5936041
大原313,馬門町2083,馬門町,043-040,36.29175697,139.592117
大原349,馬門町2083,馬門町,043-041,36.29138398,139.5918715
大原330,馬門町2094,馬門町,043-042,36.29140808,139.5909547
大原315,馬門町2102,馬門町,043-043,36.29224028,139.592182
大原318,馬門町2108-1,馬門町,043-044,36.29208888,139.5909847
大原325,飯田町292,馬門町,043-047,36.29178486,139.5949667
大原335,飯田町298,馬門町,043-048,36.29206782,139.5932363
越名132,馬門町1657,馬門町,043-049,36.28783637,139.6007367
黒袴739,高萩町1045,高萩町,045-001,36.30019989,139.6039445
黒袴507,高萩町1050-292,高萩町,045-002,36.30231696,139.5988191
黒袴575,高萩町1050-301,高萩町,045-003,36.30296563,139.6029098
黒袴275,高萩町1056,高萩町,045-004,36.30134231,139.6044412
黒袴532,高萩町1056,高萩町,045-005,36.30364111,139.6027563
黒袴045,高萩町1056,高萩町,045-006,36.30197873,139.6018373
黒袴258,高萩町1056,高萩町,045-007,36.3023291,139.6035413
黒袴013,高萩町1056,高萩町,045-008,36.30173047,139.6008802
黒袴239A,高萩町1056,高萩町,045-009,36.30193822,139.6021861
黒袴011,高萩町1056,高萩町,045-010,36.30135548,139.6000167
黒袴753,高萩町1056,高萩町,045-011,36.30128332,139.6031974
黒袴515,高萩町1056,高萩町,045-012,36.30209875,139.6004742
黒袴604,高萩町1056,高萩町,045-013,36.30351357,139.6007067
黒袴601,高萩町1056,高萩町,045-014,36.30321331,139.5996627
黒袴041,高萩町1056-2,高萩町,045-015,36.30067242,139.5989212
黒袴746,高萩町1056-2,高萩町,045-016,36.3005826,139.6036335
黒袴268,高萩町1056-230,高萩町,045-017,36.30058577,139.6000561
黒袴522,高萩町1056-271,高萩町,045-018,36.30304302,139.5998293
黒袴521,高萩町1056-276,高萩町,045-019,36.30273719,139.6001379
黒袴128,高萩町1056-284,高萩町,045-020,36.30318443,139.6013116
黒袴507,高萩町1056-303,高萩町,045-021,36.30252002,139.5991889
黒袴510,高萩町1056-318,高萩町,045-022,36.30307804,139.5992552
黒袴561,高萩町1056-32,高萩町,045-023,36.30363474,139.6037559
黒袴562,高萩町1056-37,高萩町,045-024,36.30293345,139.6037513
黒袴570,高萩町1056-391,高萩町,045-025,36.3032887,139.6028939
黒袴741,高萩町1056-427,高萩町,045-026,36.30060263,139.6030311
黒袴048,高萩町1056-54,高萩町,045-027,36.30226485,139.6027486
黒袴761,高萩町1056-8,高萩町,045-028,36.30204076,139.6031563
黒袴242,高萩町1104,高萩町,045-030,36.29868568,139.5982503
黒袴293,高萩町1105-2,高萩町,045-031,36.29962503,139.6002066
黒袴294,高萩町1105-2,高萩町,045-032,36.29903073,139.6001111
黒袴267,高萩町1106-1,高萩町,045-033,36.30019976,139.6000138
黒袴217,高萩町1107,高萩町,045-034,36.30020581,139.5996028
黒袴284,高萩町1107,高萩町,045-035,36.29918231,139.5984468
黒袴219,高萩町1107,高萩町,045-036,36.29967894,139.5995667
黒袴043,高萩町1111-24,高萩町,045-037,36.30111069,139.5996476
黒袴504,高萩町1111-37,高萩町,045-038,36.30124731,139.5988126
黒袴151,高萩町1112,高萩町,045-039,36.30091068,139.5984894
黒袴814,高萩町1112-4,高萩町,045-040,36.2975281,139.601725
高萩400,高萩町1205-8,高萩町,045-041,36.29891808,139.596403
高萩315,高萩町1207-5,高萩町,045-042,36.29956221,139.5960353
高萩584,高萩町1210,高萩町,045-043,36.29845502,139.5970506
黒袴227,高萩町121-3,高萩町,045-044,36.29797241,139.5996788
黒袴256,高萩町123,高萩町,045-045,36.29675503,139.5984238
黒袴580,高萩町1298-5,高萩町,045-046,36.3036631,139.6034113
黒袴573,高萩町1300-6,高萩町,045-048,36.30296235,139.6034538
黒袴226,高萩町1301-4,高萩町,045-049,36.30263742,139.6035835
黒袴545,高萩町1301-7,高萩町,045-050,36.30263959,139.6030238
黒袴207,高萩町1303-1,高萩町,045-051,36.30201221,139.6036787
黒袴208,高萩町1303-6,高萩町,045-052,36.30173886,139.6036849
黒袴752,高萩町1304-8,高萩町,045-053,36.30128554,139.6029463
黒袴770,高萩町1304-8,高萩町,045-054,36.30170828,139.602876
黒袴764,高萩町1304-8,高萩町,045-055,36.30097508,139.6034313
黒袴525,高萩町1305-2,高萩町,045-056,36.30255539,139.602735
黒袴558,高萩町1307-3,高萩町,045-057,36.3034486,139.602059
黒袴610,高萩町1307-9,高萩町,045-058,36.3035505,139.6016241
黒袴549,高萩町1308-2,高萩町,045-059,36.30297199,139.6015838
黒袴141,高萩町1308-2,高萩町,045-060,36.30221902,139.6019364
黒袴115,高萩町1308-2,高萩町,045-061,36.30282031,139.6015416
黒袴565A,高萩町1309-11,高萩町,045-062,36.30290787,139.6021237
黒袴292,高萩町1313-14,高萩町,045-063,36.29990391,139.6000788
黒袴730,高萩町1316-8,高萩町,045-064,36.29983321,139.6029847
黒袴744,高萩町1320-10,高萩町,045-065,36.3005532,139.6045161
黒袴738,高萩町1320-15,高萩町,045-066,36.30022066,139.6033099
黒袴731,高萩町1320-17,高萩町,045-067,36.30033013,139.6029663
黒袴735,高萩町1321-10,高萩町,045-068,36.29990935,139.6034921
黒袴837,高萩町1329-2,高萩町,045-069,36.29814287,139.6031309
黒袴857,高萩町1333-6,高萩町,045-070,36.29900656,139.6013539
黒袴891,高萩町1334-1,高萩町,045-071,36.29863074,139.6004788
黒袴224,高萩町1334-1,高萩町,045-072,36.29861931,139.5999802
黒袴886,高萩町1335,高萩町,045-073,36.29790168,139.6009814
黒袴884,高萩町1335,高萩町,045-074,36.29793021,139.6000337
黒袴813,高萩町1336-21,高萩町,045-075,36.29751591,139.6021322
黒袴882,高萩町1336-3,高萩町,045-076,36.29822909,139.6004124
黒袴810,高萩町1336-33,高萩町,045-077,36.29714542,139.601075
黒袴816,高萩町1336-39,高萩町,045-078,36.2975759,139.6010914
黒袴808,高萩町1336-45,高萩町,045-079,36.29711929,139.6019635
黒袴254A,高萩町154,高萩町,045-080,36.29690811,139.5996413
黒袴241,高萩町183,高萩町,045-081,36.29826851,139.5990941
黒袴272,高萩町201,高萩町,045-082,36.29916639,139.5980968
黒袴225,高萩町203,高萩町,045-083,36.29867042,139.5987878
黒袴277,高萩町206,高萩町,045-084,36.29994501,139.5986493
黒袴244,高萩町206-1,高萩町,045-085,36.29869925,139.5977726
高萩332,高萩町215,高萩町,045-086,36.29919896,139.5960172
黒袴009,高萩町218,高萩町,045-087,36.30019741,139.5984919
黒袴216,高萩町218,高萩町,045-088,36.30019746,139.598974
黒袴232,高萩町220,高萩町,045-089,36.30023088,139.6008587
黒袴006,高萩町221,高萩町,045-090,36.30005152,139.596857
黒袴008,高萩町236,高萩町,045-091,36.30012965,139.5979927
黒袴005,高萩町238,高萩町,045-092,36.30007484,139.5962068
黒袴203,高萩町245-4,高萩町,045-093,36.30064238,139.597947
黒袴502,高萩町261-3,高萩町,045-094,36.30222277,139.5983594
黒袴502,高萩町261-3,高萩町,045-095,36.30198285,139.5989077
黒袴174,高萩町262-1,高萩町,045-096,36.30281665,139.5985564
黒袴120,高萩町263,高萩町,045-097,36.30218861,139.5979918
黒袴129,高萩町265,高萩町,045-098,36.30255522,139.598157
黒袴120,高萩町266-6,高萩町,045-099,36.30216804,139.5977967
黒袴152,高萩町267-2,高萩町,045-100,36.30139561,139.598143
黒袴118,高萩町272,高萩町,045-101,36.30187859,139.5970882
黒袴123,高萩町272-2,高萩町,045-102,36.30211219,139.5969432
黒袴158,高萩町277-2,高萩町,045-103,36.30112806,139.5963847
黒袴155,高萩町277-3,高萩町,045-104,36.30103698,139.5970418
黒袴168,高萩町280,高萩町,045-105,36.30047399,139.5961946
黒袴004,高萩町282,高萩町,045-106,36.30006231,139.5958882
黒袴157,高萩町296,高萩町,045-107,36.30145115,139.5964193
黒袴159,高萩町297-7,高萩町,045-108,36.30161028,139.5961297
黒袴101,高萩町302,高萩町,045-109,36.30208435,139.5947245
黒袴171,高萩町304,高萩町,045-110,36.30167962,139.5944695
高萩037,高萩町306,高萩町,045-111,36.29810476,139.5948154
黒袴164,高萩町307,高萩町,045-112,36.30087059,139.5947183
黒袴169,高萩町316,高萩町,045-113,36.30008373,139.5947869
黒袴004,高萩町318,高萩町,045-114,36.29995963,139.5960106
高萩392,高萩町323,高萩町,045-115,36.29919464,139.5964304
高萩586,高萩町324,高萩町,045-116,36.29897054,139.5970894
高萩311,高萩町333,高萩町,045-117,36.29888576,139.5950157
高萩034,高萩町339,高萩町,045-118,36.29921457,139.5943969
高萩366,高萩町341-1,高萩町,045-119,36.29851494,139.5950446
高萩314,高萩町346,高萩町,045-121,36.2986169,139.5959639
高萩038,高萩町349,高萩町,045-122,36.29790005,139.5950243
高萩851A,高萩町354,高萩町,045-123,36.29728262,139.5962641
高萩321,高萩町356-1,高萩町,045-124,36.29783002,139.5952493
高萩331,高萩町360,高萩町,045-125,36.29659772,139.5962544
高萩853A,高萩町362,高萩町,045-126,36.29773179,139.596252
高萩048,高萩町375,高萩町,045-127,36.30004366,139.594083
高萩044,高萩町379,高萩町,045-128,36.29562504,139.5958352
高萩381,高萩町380,高萩町,045-129,36.29806316,139.5962367
高萩042,高萩町387,高萩町,045-130,36.29643608,139.5955094
高萩035,高萩町431,高萩町,045-131,36.29883074,139.5945447
高萩036,高萩町431,高萩町,045-132,36.29844502,139.5946907
高萩602,高萩町440,高萩町,045-133,36.29960819,139.593647
高萩030,高萩町452,高萩町,045-134,36.30068025,139.5938706
高萩562,高萩町460-1,高萩町,045-135,36.30169425,139.59206
高萩564,高萩町460-7,高萩町,045-136,36.30110103,139.5921507
黒袴156,高萩町473-8,高萩町,045-137,36.30044517,139.5968864
植上368,高萩町474,高萩町,045-138,36.3030351,139.5888326
植上215,高萩町474,高萩町,045-139,36.30204254,139.5903001
植上217,高萩町474-1,高萩町,045-140,36.30158676,139.5902959
植上243,高萩町475-1,高萩町,045-141,36.30169423,139.5898301
植上214,高萩町477,高萩町,045-142,36.3024644,139.5901551
植上302,高萩町489-6,高萩町,045-143,36.30335761,139.5884552
植上284,高萩町503-1,高萩町,045-144,36.30323993,139.5903676
高萩019,高萩町518,高萩町,045-145,36.30386156,139.5928757
高萩403,高萩町534,高萩町,045-146,36.30175954,139.5927075
高萩412,高萩町537-5,高萩町,045-147,36.3021426,139.5921325
高萩231,高萩町544-9,高萩町,045-148,36.30186314,139.5930849
高萩025,高萩町549,高萩町,045-149,36.30213202,139.5935493
高萩045,高萩町549,高萩町,045-150,36.3026262,139.5933747
高萩307,高萩町552,高萩町,045-151,36.30270345,139.594281
高萩022,高萩町556,高萩町,045-152,36.30324001,139.5931699
高萩301,高萩町559,高萩町,045-153,36.30369188,139.5936969
高萩020,高萩町560,高萩町,045-154,36.30360912,139.5930557
高萩341,高萩町576,高萩町,045-155,36.30433937,139.5948305
高萩348,高萩町578-6,高萩町,045-156,36.30412,139.5954172
高萩358,高萩町579,高萩町,045-157,36.30394529,139.5961669
高萩372,高萩町580,高萩町,045-158,36.30338503,139.5951581
高萩371,高萩町585-2,高萩町,045-159,36.30352919,139.5953617
高萩116,高萩町592,高萩町,045-160,36.30384509,139.5978645
高萩377,高萩町613,高萩町,045-161,36.30296534,139.5948584
高萩378,高萩町615,高萩町,045-162,36.30265784,139.5946398
黒袴172,高萩町616,高萩町,045-163,36.30208683,139.5945223
黒袴107,高萩町620-3,高萩町,045-164,36.30257509,139.5952221
黒袴112,高萩町620-7,高萩町,045-165,36.3024046,139.5956006
高萩336,高萩町623,高萩町,045-166,36.30454014,139.593911
高萩335,高萩町623,高萩町,045-167,36.30457399,139.5935798
高萩047,高萩町627,高萩町,045-168,36.30480317,139.5934357
高萩355,高萩町627-3,高萩町,045-169,36.3049801,139.5940695
黒袴176,高萩町629-1,高萩町,045-170,36.30329046,139.5980579
高萩117,高萩町630,高萩町,045-171,36.3042984,139.5980769
高萩135,高萩町637-12,高萩町,045-172,36.30452529,139.5988352
高萩109,高萩町639,高萩町,045-173,36.30476668,139.5980653
黒袴209,高萩町641,高萩町,045-174,36.30128169,139.6036648
高萩110,高萩町641-3,高萩町,045-175,36.3054377,139.5984919
高萩051,高萩町645,高萩町,045-176,36.30651315,139.5986079
高萩119,高萩町661-2,高萩町,045-177,36.30418249,139.5976195
高萩368,高萩町669,高萩町,045-178,36.30478659,139.5965571
高萩369,高萩町669-2,高萩町,045-179,36.30460081,139.5965905
高萩141,高萩町676,高萩町,045-180,36.30578058,139.5956804
高萩144,高萩町676-18,高萩町,045-181,36.30497685,139.5959655
高萩150,高萩町676-29,高萩町,045-182,36.30471991,139.595383
高萩151,高萩町676-33,高萩町,045-183,36.30459828,139.5958596
高萩363,高萩町680,高萩町,045-184,36.3044094,139.5969632
高萩357,高萩町682-5,高萩町,045-185,36.30387335,139.5959758
高萩347,高萩町684-1,高萩町,045-186,36.30428248,139.5950447
高萩147,高萩町694-8,高萩町,045-187,36.30527259,139.5950758
高萩152,高萩町696-3,高萩町,045-188,36.3048632,139.5948319
高萩014,高萩町700-3,高萩町,045-189,36.30556504,139.5937631
高萩131,高萩町791,高萩町,045-190,36.30525692,139.5997425
高萩112,高萩町791-2,高萩町,045-191,36.30529748,139.5993725
黒袴175,高萩町823,高萩町,045-192,36.30309378,139.5982295
黒袴509,高萩町825,高萩町,045-193,36.30296547,139.598933
黒袴605,高萩町838,高萩町,045-194,36.30376601,139.6006103
黒袴603,高萩町838-4,高萩町,045-195,36.30343685,139.6003675
黒袴534,高萩町869-5,高萩町,045-196,36.30407832,139.6027564
黒袴536,高萩町890,高萩町,045-197,36.30464266,139.6029696
黒袴416,高萩町94,高萩町,045-198,36.2977811,139.6052934
植上272,浅沼町492-9,高萩町,045-199,36.30368063,139.5898684
高萩209,浅沼町613-4,高萩町,045-200,36.30521254,139.5928121
黒袴102,浅沼町615,高萩町,045-201,36.30252339,139.5945159
黒袴815,高萩町1336-17,高萩町,045-202,36.29754427,139.6012772
黒袴809,高萩町1336-41,高萩町,045-203,36.29710538,139.6014836
高萩904,北茂呂町10,茂呂山町,046-001,36.29831285,139.5896675
高萩912,北茂呂町1-16,茂呂山町,046-002,36.29890728,139.5911511
高萩909,北茂呂町1-5,茂呂山町,046-003,36.29881363,139.5898608
高萩922,北茂呂町2-13,茂呂山町,046-004,36.29838657,139.5919306
高萩913,北茂呂町2-19,茂呂山町,046-005,36.29894374,139.5914423
高萩943,北茂呂町3-3,茂呂山町,046-006,36.29712503,139.5927694
高萩930,北茂呂町4-2,茂呂山町,046-007,36.29738078,139.591681
高萩931,北茂呂町4-3,茂呂山町,046-008,36.29741139,139.5920672
高萩942,北茂呂町4-5,茂呂山町,046-009,36.29706727,139.5923258
高萩935,北茂呂町5-1,茂呂山町,046-010,36.29724912,139.5898683
高萩938,北茂呂町5-11,茂呂山町,046-011,36.29689948,139.5906458
高萩936,北茂呂町5-16,茂呂山町,046-012,36.29728301,139.5902649
高萩946,北茂呂町5-5,茂呂山町,046-013,36.29731551,139.590691
高萩929,北茂呂町5-7,茂呂山町,046-014,36.29734387,139.591076
高萩945,北茂呂町8-11,茂呂山町,046-015,36.29837297,139.5917549
高萩933,北茂呂町8-14,茂呂山町,046-016,36.29794576,139.5915757
高萩920,北茂呂町8-17,茂呂山町,046-017,36.29832129,139.5910724
高萩923,北茂呂町9-14,茂呂山町,046-018,36.29782985,139.5899709
高萩918,北茂呂町9-20,茂呂山町,046-019,36.2982607,139.5902575
高萩924,北茂呂町9-5,茂呂山町,046-020,36.29785631,139.5903075
高萩713,茂呂山町1-11,茂呂山町,046-021,36.29635814,139.5909396
高萩712,茂呂山町1-12,茂呂山町,046-022,36.29631814,139.5904175
高萩725,茂呂山町11-2,茂呂山町,046-023,36.29393418,139.590952
高萩711,茂呂山町1-14,茂呂山町,046-024,36.29629813,139.5900625
高萩714,茂呂山町1-19,茂呂山町,046-025,36.29638975,139.5913749
高萩551,茂呂山町12-9,茂呂山町,046-026,36.29367534,139.5915797
高萩772,茂呂山町13-10,茂呂山町,046-027,36.29459916,139.5923432
高萩722,茂呂山町13-13,茂呂山町,046-028,36.29430282,139.5919419
高萩764,茂呂山町15-9,茂呂山町,046-029,36.29602652,139.5921697
高萩734,茂呂山町16-1,茂呂山町,046-030,36.29572239,139.5921945
高萩901,北茂呂町1-1,茂呂山町,046-031,36.29906191,139.5895848
高萩938,茂呂山町1-7,茂呂山町,046-032,36.29679117,139.590926
高萩745,茂呂山町17-1,茂呂山町,046-033,36.29490529,139.5922819
高萩740,茂呂山町17-3,茂呂山町,046-034,36.29520829,139.5926383
高萩749,茂呂山町17-7,茂呂山町,046-035,36.29497781,139.5932071
高萩748,茂呂山町17-8,茂呂山町,046-036,36.29487364,139.5929907
高萩547,茂呂山町18-17,茂呂山町,046-037,36.29432032,139.5930229
高萩543,茂呂山町19-6,茂呂山町,046-038,36.29477698,139.5940506
高萩741,茂呂山町20-1,茂呂山町,046-039,36.2954083,139.5930921
高萩750,茂呂山町20-14,茂呂山町,046-040,36.29515999,139.5936268
高萩758,茂呂山町2-1,茂呂山町,046-041,36.29671057,139.5914923
高萩757,茂呂山町2-11,茂呂山町,046-042,36.29661234,139.5929705
高萩732,茂呂山町2-6,茂呂山町,046-043,36.29657174,139.5927272
高萩730,茂呂山町2-8,茂呂山町,046-044,36.296454,139.5920383
高萩557,茂呂山町4-19,茂呂山町,046-045,36.29533027,139.5943195
高萩744,茂呂山町4-4,茂呂山町,046-046,36.29578218,139.5939196
高萩541,茂呂山町5,茂呂山町,046-047,36.29506112,139.594572
高萩754,茂呂山町6-21,茂呂山町,046-048,36.29323175,139.5903449
高萩552,茂呂山町6-23,茂呂山町,046-049,36.29342591,139.5911119
高萩554,茂呂山町7-12,茂呂山町,046-050,36.29337341,139.5904698
高萩767,茂呂山町7-13,茂呂山町,046-051,36.29407195,139.5905821
高萩769,茂呂山町7-15,茂呂山町,046-052,36.29363925,139.5907598
高萩709A,茂呂山町7-16,茂呂山町,046-053,36.29403502,139.5901471
高萩726,茂呂山町9-16,茂呂山町,046-054,36.29580262,139.5902007
高萩752,茂呂山町16-7,茂呂山町,046-055,36.29610355,139.5933179
越名059,越名町1077-1,越名町,047-002,36.29120031,139.6036784
越名051,越名町1091,越名町,047-003,36.28973051,139.6043894
越名050,越名町1091,越名町,047-004,36.289412,139.6043394
越名052,越名町1096,越名町,047-005,36.28985277,139.6038466
越名064,越名町1099,越名町,047-006,36.29045769,139.6036017
越名305,越名町1141,越名町,047-007,36.28906137,139.6035709
越名049,越名町1143,越名町,047-008,36.28908951,139.6043353
越名303,越名町1150,越名町,047-009,36.28849231,139.6040955
越名160,越名町1153,越名町,047-010,36.28809985,139.6035516
越名145,越名町1155,越名町,047-011,36.28836648,139.6029145
越名307,越名町1168,越名町,047-012,36.28942855,139.6028242
越名535,越名町1174,越名町,047-014,36.28970624,139.6014271
越名570A,越名町1197-2,越名町,047-015,36.29184342,139.6002123
越名750A,越名町1228-1,越名町,047-016,36.29416869,139.6002447
越名742A,越名町1246-6,越名町,047-017,36.29488143,139.6000675
越名511,越名町1275-1,越名町,047-018,36.29432058,139.5988315
越名508,越名町1284,越名町,047-020,36.29443943,139.5978962
越名243,越名町141-4,越名町,047-022,36.28447046,139.6058004
越名774A,越名町2054-5,越名町,047-028,36.29344969,139.6010549
越名773A,越名町2055,越名町,047-029,36.29384633,139.6010007
越名789A,越名町2065-14,越名町,047-030,36.29231811,139.6012736
越名933A,越名町229-4,越名町,047-032,36.28509517,139.6023858
越名037,越名町287-1,越名町,047-033,36.28529873,139.6026916
越名229,越名町291,越名町,047-034,36.2849375,139.6040076
越名231,越名町300,越名町,047-035,36.2843251,139.6038733
越名234,越名町313,越名町,047-036,36.2842584,139.6045283
越名237,越名町331-7,越名町,047-038,36.28427042,139.6052057
越名247,越名町331-7,越名町,047-039,36.28395131,139.6055554
越名268,越名町363,越名町,047-040,36.28508251,139.6046166
越名273,越名町375,越名町,047-041,36.28515203,139.6053368
越名302,越名町382-1,越名町,047-042,36.28701419,139.6038907
越名041,越名町383,越名町,047-043,36.28671175,139.6047053
越名402,越名町389-3,越名町,047-044,36.28651987,139.6057964
越名435,越名町394,越名町,047-045,36.28563188,139.6052939
越名256,越名町390-2,越名町,047-046,36.28617438,139.6051181
越名435,越名町410,越名町,047-047,36.28562245,139.605599
越名406,越名町418-1,越名町,047-048,36.28637166,139.6066292
越名042,越名町421,越名町,047-049,36.28664347,139.6052931
越名410,越名町513,越名町,047-050,36.2862801,139.6084502
越名413,越名町782,越名町,047-051,36.28783748,139.6055279
越名326,越名町788,越名町,047-052,36.28802459,139.6042582
越名142,越名町808,越名町,047-053,36.28710992,139.6033391
越名048,越名町820,越名町,047-054,36.28865318,139.604418
越名047,越名町821,越名町,047-055,36.28822633,139.6047443
越名420,越名町846-1,越名町,047-056,36.28999012,139.6064915
越名419,越名町848,越名町,047-057,36.28983483,139.605824
越名452,越名町853-1,越名町,047-058,36.29071306,139.6059327
越名408,越名町9000,越名町,047-059,36.28633641,139.6072425
越名411,越名町9000,越名町,047-060,36.28627014,139.6089487
越名045,越名町794-1,越名町,047-061,36.28758831,139.6051215
仲町417,犬伏上町1866,犬伏上町,048-001,36.32261702,139.593068
仲町608,犬伏上町1868,犬伏上町,048-002,36.32191216,139.5951555
仲町627,犬伏上町1869,犬伏上町,048-003,36.32212566,139.5936134
仲町616,犬伏上町1869,犬伏上町,048-004,36.32234235,139.5942993
仲町618,犬伏上町1869,犬伏上町,048-005,36.32267535,139.5945182
仲町619,犬伏上町1875,犬伏上町,048-006,36.32299562,139.5941361
仲町414,犬伏上町1877,犬伏上町,048-007,36.32280118,139.5927711
仲町417,犬伏上町1878-5,犬伏上町,048-009,36.32261699,139.5932348
仲町904A,犬伏上町1892,犬伏上町,048-012,36.32352743,139.5914784
仲町410,犬伏上町1896,犬伏上町,048-013,36.3231061,139.5922898
仲町007,犬伏上町1901,犬伏上町,048-014,36.32374685,139.5918598
仲町427,犬伏上町1901,犬伏上町,048-015,36.32267065,139.5950535
仲町412,犬伏上町1902,犬伏上町,048-016,36.32337438,139.5927186
仲町909A,犬伏上町1908,犬伏上町,048-017,36.32382407,139.593416
仲町421,犬伏上町1908-8,犬伏上町,048-018,36.3231631,139.5935607
仲町010,犬伏上町191,犬伏上町,048-019,36.32392349,139.5931069
仲町603,犬伏上町1914,犬伏上町,048-020,36.32304308,139.5955184
仲町621,犬伏上町1914,犬伏上町,048-021,36.32352969,139.5941207
仲町911A,犬伏上町1915,犬伏上町,048-022,36.32392883,139.5941518
仲町912A,犬伏上町1918,犬伏上町,048-023,36.32397794,139.5945071
仲町424,犬伏上町1920,犬伏上町,048-024,36.32361443,139.594767
仲町425,犬伏上町1920-3,犬伏上町,048-025,36.32322865,139.5949257
仲町601,犬伏上町1924,犬伏上町,048-027,36.32401519,139.5952431
仲町014,犬伏上町2177,犬伏上町,048-030,36.32412519,139.5946317
仲町011,犬伏上町2188,犬伏上町,048-032,36.32407711,139.5935784
仲町101,犬伏上町2195,犬伏上町,048-034,36.32410544,139.5925586
犬伏022,犬伏下町1952,犬伏中町,049-001,36.32384699,139.5982375
犬伏024,犬伏下町1953,犬伏中町,049-002,36.32316149,139.5984265
犬伏027,犬伏下町1960,犬伏中町,049-004,36.32218634,139.5986679
仲町806,犬伏上町1847,犬伏中町,049-007,36.32184887,139.596732
仲町804,犬伏中町1832,犬伏中町,049-018,36.32287071,139.5972641
仲町808,犬伏中町1832,犬伏中町,049-019,36.32193325,139.5970145
仲町604,犬伏中町1851,犬伏中町,049-020,36.32272483,139.5956906
仲町801,犬伏中町1851,犬伏中町,049-021,36.32268121,139.5960095
仲町802,犬伏中町1852,犬伏中町,049-022,36.32273487,139.5964367
仲町917A,犬伏中町1934,犬伏中町,049-023,36.32422073,139.5964502
仲町852,犬伏中町1943,犬伏中町,049-024,36.32341228,139.5972618
仲町868,犬伏中町1948-12,犬伏中町,049-025,36.32381112,139.5979156
犬伏801,犬伏中町1952,犬伏中町,049-026,36.32342398,139.5977565
仲町016,犬伏中町2169,犬伏中町,049-030,36.32421045,139.5952642
仲町849,犬伏中町2262-5,犬伏中町,049-033,36.32266126,139.597453
犬伏465,富岡町674,犬伏中町,049-055,36.32311153,139.5977679
仲町878,富岡町681-8,犬伏中町,049-056,36.32140389,139.5966285
犬伏483,富岡町691,犬伏中町,049-057,36.3208643,139.5984594
犬伏734,犬伏下町1386-1,犬伏下町,050-001,36.3203659,139.6023938
犬伏933,犬伏下町1765-1,犬伏下町,050-002,36.31952986,139.6022441
犬伏923,犬伏下町1767-5,犬伏下町,050-003,36.31956449,139.6008579
犬伏922,犬伏下町1768-7,犬伏下町,050-004,36.31981562,139.6006907
犬伏932,犬伏下町1770-10,犬伏下町,050-005,36.31996287,139.6018425
犬伏906,犬伏下町1770-4,犬伏下町,050-006,36.32038998,139.6012389
犬伏904,犬伏下町1770-7,犬伏下町,050-007,36.32087489,139.6005531
犬伏733,犬伏下町1772-5,犬伏下町,050-008,36.32071604,139.6020654
犬伏730,犬伏下町1772-8,犬伏下町,050-009,36.32103077,139.6017848
犬伏732,犬伏下町1774-1,犬伏下町,050-010,36.32096913,139.602209
犬伏762,犬伏下町1776-1,犬伏下町,050-011,36.32177511,139.6020526
犬伏762,犬伏下町1776-12,犬伏下町,050-012,36.32160767,139.6020176
犬伏728,犬伏下町1776-16,犬伏下町,050-013,36.32133654,139.6017679
犬伏725,犬伏下町1785,犬伏下町,050-014,36.32168679,139.601033
犬伏724,犬伏下町1786-5,犬伏下町,050-015,36.32190173,139.6007479
犬伏722A,犬伏下町1800,犬伏下町,050-016,36.32231539,139.6026453
犬伏720A,犬伏下町1801-1,犬伏下町,050-017,36.32298279,139.6025536
犬伏711,犬伏下町1802-6,犬伏下町,050-018,36.32318639,139.6022285
犬伏715,犬伏下町1807-10,犬伏下町,050-019,36.32373879,139.6014453
犬伏709,犬伏下町1807-2,犬伏下町,050-020,36.32304746,139.6015072
犬伏708,犬伏下町1809-2,犬伏下町,050-021,36.32287632,139.6010029
犬伏766,犬伏下町1811-4,犬伏下町,050-022,36.32329882,139.6006254
犬伏531,犬伏下町1813,犬伏下町,050-023,36.32277129,139.6000166
犬伏531,犬伏下町1813,犬伏下町,050-024,36.32366818,139.6000327
犬伏531,犬伏下町1813,犬伏下町,050-025,36.32308463,139.6000017
犬伏703,犬伏下町1814-16,犬伏下町,050-026,36.32215252,139.6003164
犬伏704,犬伏下町1814-5,犬伏下町,050-027,36.32242247,139.6005563
犬伏777,犬伏下町1819,犬伏下町,050-028,36.32181344,139.6001189
犬伏746,犬伏下町1819,犬伏下町,050-029,36.32206556,139.5995815
犬伏901,犬伏下町1820,犬伏下町,050-030,36.32143341,139.5989879
犬伏701,犬伏下町1820-10,犬伏下町,050-031,36.32205309,139.5993382
犬伏529,犬伏下町1962,犬伏下町,050-032,36.32242495,139.5995656
犬伏515,犬伏下町1986-2,犬伏下町,050-034,36.32394033,139.5998751
犬伏767,犬伏下町1992,犬伏下町,050-035,36.32374016,139.6006178
犬伏713,犬伏下町2010-2,犬伏下町,050-038,36.32382489,139.6024824
犬伏743A,犬伏新町1345,犬伏下町,050-089,36.32105635,139.6025729
犬伏941,富岡町694,犬伏下町,050-091,36.3209474,139.5992416
犬伏030,富岡町694-3,犬伏下町,050-092,36.32118096,139.5989832
犬伏925,富岡町694-6,犬伏下町,050-093,36.32123765,139.5993993
犬伏903,富岡町695,犬伏下町,050-094,36.3210685,139.5999614
犬伏916,富岡町695-5,犬伏下町,050-095,36.32080912,139.6001481
犬伏911,富岡町700-2,犬伏下町,050-096,36.32023528,139.5997818
犬伏915,富岡町702-10,犬伏下町,050-097,36.32096853,139.6002317
犬伏920,富岡町704-11,犬伏下町,050-098,36.32038247,139.6007139
犬伏934,富岡町709-3,犬伏下町,050-099,36.31989744,139.5991158
犬伏034,富岡町710-2,犬伏下町,050-100,36.31962921,139.5987892
犬伏919,富岡町711,犬伏下町,050-101,36.31914425,139.5991181
犬伏929,富岡町712-10,犬伏下町,050-102,36.31886847,139.5997205
犬伏912,富岡町714-2,犬伏下町,050-103,36.31997333,139.6001743
犬伏943,富岡町715-3,犬伏下町,050-104,36.31911371,139.6004158
犬伏945,富岡町715-7,犬伏下町,050-105,36.31956285,139.6004315
犬伏928,富岡町717-18,犬伏下町,050-106,36.31912844,139.6009443
犬伏924,富岡町717-18,犬伏下町,050-107,36.31931369,139.6011029
犬伏905,町犬伏下町1770-15,犬伏下町,050-108,36.32063186,139.6009031
犬伏760,犬伏下町1338-1,犬伏新町,051-001,36.32160931,139.6033322
米山391,犬伏新町1120-6,犬伏新町,051-003,36.32096699,139.6068858
米山634,犬伏新町1287-12,犬伏新町,051-006,36.3239414,139.6058995
米山610,犬伏新町1287-4,犬伏新町,051-007,36.32412632,139.6062223
米山631,犬伏新町1296-2,犬伏新町,051-008,36.32411329,139.6049649
米山461,犬伏新町1315-2,犬伏新町,051-010,36.32358082,139.6032734
米山460,犬伏新町1321-10,犬伏新町,051-011,36.32266147,139.6032477
米山342,犬伏新町1322,犬伏新町,051-012,36.32323583,139.6031912
米山356,犬伏新町1330,犬伏新町,051-014,36.32203237,139.6037563
米山366,犬伏新町1331,犬伏新町,051-015,36.32255399,139.6042062
米山367,犬伏新町1331-7,犬伏新町,051-016,36.32224072,139.6042163
米山348,犬伏新町1334,犬伏新町,051-017,36.32154356,139.6040113
犬伏723A,犬伏新町1340,犬伏新町,051-018,36.32180819,139.6027103
犬伏791,犬伏新町1346,犬伏新町,051-019,36.32083245,139.6028854
米山463,犬伏新町1347-11,犬伏新町,051-020,36.32098442,139.6040627
米山466,犬伏新町1347-19,犬伏新町,051-021,36.32081084,139.6039739
米山464,犬伏新町1347-9,犬伏新町,051-022,36.32101581,139.6035603
米山364,犬伏新町1349-3,犬伏新町,051-023,36.32121162,139.6037311
犬伏793,犬伏新町1357,犬伏新町,051-024,36.32035892,139.6034953
犬伏796,犬伏新町1357-21,犬伏新町,051-025,36.32049617,139.6039561
犬伏790,犬伏新町1357-26,犬伏新町,051-026,36.3200512,139.6034323
米山484,犬伏新町1361,犬伏新町,051-027,36.32085971,139.6036114
犬伏742A,犬伏新町1364,犬伏新町,051-028,36.32069834,139.6024662
犬伏784,犬伏新町1365-5,犬伏新町,051-029,36.32008369,139.6029429
犬伏759,犬伏新町1329,犬伏新町,051-049,36.32183351,139.6033624
米山382,犬伏新町9000,犬伏新町,051-070,36.32264395,139.6038873
犬伏798,犬伏新町9000,犬伏新町,051-071,36.32057832,139.6031787
米山397,犬伏新町9000,犬伏新町,051-073,36.32076259,139.6075574
米山396,米山南町1120-13,犬伏新町,051-076,36.32068038,139.607165
米山392,米山南町1120-19,犬伏新町,051-077,36.32084875,139.6066949
米山060,米山南町10,米山南町,052-002,36.32350807,139.6058074
米山308,米山南町10-11,米山南町,052-003,36.32309391,139.605227
米山362,米山南町10-12,米山南町,052-004,36.32320171,139.6053724
米山354,米山南町10-14,米山南町,052-005,36.32325586,139.6056974
米山077,米山南町10-18,米山南町,052-006,36.32353055,139.6061609
米山059,米山南町10-3,米山南町,052-007,36.32348364,139.6053335
米山531A,米山南町30-6,米山南町,052-008,36.3219739,139.6071231
米山384,米山南町12-1,米山南町,052-009,36.32301234,139.60532
米山394,米山南町12-5,米山南町,052-010,36.32305148,139.6059482
米山063,米山南町12-8,米山南町,052-011,36.32305403,139.6064357
米山374,米山南町13-14,米山南町,052-012,36.32263488,139.6061699
米山373,米山南町13-5,米山南町,052-013,36.32261157,139.6057583
米山065,米山南町13-5,米山南町,052-014,36.32235272,139.6065133
米山388,米山南町13-5,米山南町,052-015,36.32263936,139.6064885
米山517,米山南町15-10,米山南町,052-016,36.32187244,139.6054759
米山516,米山南町15-15,米山南町,052-017,36.32190442,139.60599
米山515,米山南町15-18,米山南町,052-018,36.32192825,139.60639
米山314,米山南町21-1,米山南町,052-024,36.3212253,139.6057486
米山320,米山南町21-6,米山南町,052-025,36.3207845,139.6052312
米山322,米山南町25,米山南町,052-026,36.32129955,139.6071148
米山504,米山南町27-12,米山南町,052-027,36.32113762,139.607847
米山502,米山南町27-15,米山南町,052-028,36.32117293,139.6085043
米山501,米山南町27-18,米山南町,052-029,36.32117707,139.6088873
米山323,米山南町27-2,米山南町,052-030,36.32132341,139.6076782
米山325,米山南町27-20,米山南町,052-031,36.32136012,139.6083106
米山326,米山南町27-23,米山南町,052-032,36.32138591,139.6088447
米山324,米山南町27-4,米山南町,052-033,36.32134534,139.6080234
米山338,米山南町29-20,米山南町,052-034,36.32149786,139.6078457
米山509,米山南町29-22,米山南町,052-035,36.3215537,139.608403
米山510,米山南町29-25,米山南町,052-036,36.32156844,139.6087147
米山513,米山南町29-31,米山南町,052-037,36.32191034,139.6083072
米山331,米山南町29-35,米山南町,052-038,36.32193031,139.6078081
米山071,米山南町29-7,米山南町,052-039,36.32210195,139.6085494
米山365,米山南町3,米山南町,052-040,36.32284309,139.6042423
米山506,米山南町30-14,米山南町,052-041,36.32150836,139.6072023
米山507,米山南町30-17,米山南町,052-042,36.3215217,139.6074923
米山241,米山南町32,米山南町,052-043,36.32239944,139.607817
米山056,米山南町3-3,米山南町,052-045,36.32340305,139.6040959
米山232,米山南町34,米山南町,052-046,36.32360841,139.6079617
米山231,米山南町35,米山南町,052-047,36.3235915,139.6074545
米山475,米山南町35,米山南町,052-048,36.32261408,139.6071306
米山480,米山南町35,米山南町,052-049,36.322631,139.607447
米山473,米山南町35,米山南町,052-050,36.3232484,139.6070832
米山478,米山南町35,米山南町,052-051,36.32326007,139.6073942
米山476,米山南町35,米山南町,052-052,36.32339259,139.6073156
米山474,米山南町35,米山南町,052-053,36.32299067,139.6070995
米山479,米山南町35,米山南町,052-054,36.32300983,139.607417
米山229,米山南町35-1,米山南町,052-055,36.32355475,139.6067073
米山651,米山南町37,米山南町,052-056,36.32384723,139.6066681
米山482,米山南町35-14,米山南町,052-057,36.32230911,139.6071845
米山472,米山南町35-16,米山南町,052-058,36.32255744,139.6068195
米山470,米山南町35-22,米山南町,052-059,36.32336648,139.6067573
米山471,米山南町35-22,米山南町,052-060,36.32296349,139.606787
米山230,米山南町35-54,米山南町,052-061,36.32357259,139.6070831
米山481,米山南町35-65,米山南町,052-062,36.32232495,139.6075559
米山233,米山南町36,米山南町,052-063,36.32362816,139.6083543
米山483,米山南町35-14,米山南町,052-065,36.32228497,139.6067182
米山654,米山南町37-7,米山南町,052-066,36.32399554,139.6072172
米山622,米山南町42,米山南町,052-069,36.32394723,139.6078844
米山638,米山南町44-17,米山南町,052-072,36.32422809,139.6091454
米山249,米山南町46-10,米山南町,052-076,36.32408925,139.6098394
米山624,米山南町46-2,米山南町,052-077,36.32406509,139.6087317
米山218,米山南町48-3,米山南町,052-079,36.32414399,139.6103391
米山219,米山南町48-3,米山南町,052-080,36.32410677,139.6101478
米山487,米山南町53,米山南町,052-081,36.32320851,139.6093055
米山485,米山南町53,米山南町,052-082,36.32359898,139.6092754
米山281,米山南町53,米山南町,052-083,36.32369261,139.6095079
米山486,米山南町53,米山南町,052-084,36.32351571,139.6096168
米山247,米山南町53-1,米山南町,052-085,36.32342377,139.6099495
米山278,米山南町53-1,米山南町,052-086,36.32366733,139.6090995
米山234,米山南町53-1,米山南町,052-087,36.32365147,139.6088146
米山248,米山南町53-1,米山南町,052-088,36.32370732,139.6099042
米山245,米山南町53-2,米山南町,052-089,36.32280359,139.609992
米山254,米山南町53-2,米山南町,052-090,36.32269744,139.6088479
米山246,米山南町53-32,米山南町,052-091,36.3231519,139.609972
米山332,米山南町58,米山南町,052-092,36.32202499,139.6088872
米山074,米山南町58,米山南町,052-093,36.3223361,139.609458
米山076,米山南町58,米山南町,052-094,36.32212091,139.6100568
米山518,米山南町58,米山南町,052-097,36.32209034,139.6090354
米山519,米山南町58,米山南町,052-098,36.32211452,139.6094804
米山520,米山南町58,米山南町,052-099,36.32213918,139.6098953
米山493,米山南町58,米山南町,052-100,36.32277415,139.6094256
米山492,米山南町58,米山南町,052-101,36.3229399,139.6090468
米山491,米山南町58,米山南町,052-102,36.32342435,139.6090066
米山490,米山南町58,米山南町,052-103,36.32319186,139.6090257
米山489,米山南町58,米山南町,052-104,36.32310772,139.6097678
米山488,米山南町58,米山南町,052-105,36.32308245,139.6093171
米山418,米山南町60-3,米山南町,052-107,36.32135875,139.6104693
米山360,米山南町6-12,米山南町,052-108,36.32296975,139.6048209
米山359,米山南町6-15,米山南町,052-109,36.32296983,139.6051436
米山327,米山南町62,米山南町,052-110,36.32140535,139.6092158
米山376,米山南町6-2,米山南町,052-111,36.3225948,139.6047175
米山328,米山南町62-3,米山南町,052-113,36.32141762,139.6095605
米山609,米山南町8-3,米山南町,052-115,36.32378442,139.6062923
米山661,米山南町8-7,米山南町,052-116,36.3237542,139.605946
米山336Ａ,米山南町15-4,米山南町,052-119,36.3221466,139.6058511
米山061,米山南町10-18,米山南町,052-120,36.32354008,139.6063871
米山402,関川町1185-3,関川町,053-002,36.32249334,139.6105542
米山440,関川町1196-25,関川町,053-008,36.32304354,139.6104866
米山215,,米山町,054-002,36.32378739,139.6105069
工団東105,伊勢山町1016-5,伊勢山町,056-001,36.31904151,139.6090848
工団東106,伊勢山町1018-5,伊勢山町,056-002,36.31909819,139.6095584
工団東121,伊勢山町1035,伊勢山町,056-003,36.31754638,139.6093674
工団東146,伊勢山町1036-5,伊勢山町,056-004,36.31819241,139.6096524
工団東125,伊勢山町1037,伊勢山町,056-005,36.31881905,139.6097434
工団東017,伊勢山町1062,伊勢山町,056-007,36.31838377,139.6068912
工団東104,伊勢山町1045-5,伊勢山町,056-008,36.31890731,139.6085549
工団東278,伊勢山町11-6,伊勢山町,056-010,36.32055052,139.6102896
工団東276,伊勢山町11-8,伊勢山町,056-011,36.32028613,139.6095408
工団東266,伊勢山町12-5,伊勢山町,056-012,36.32102876,139.6102579
工団東155,伊勢山町1413-1,伊勢山町,056-014,36.31645228,139.6061447
工団東110,伊勢山町1438,伊勢山町,056-015,36.31742573,139.6065661
工団東116,伊勢山町1448-1,伊勢山町,056-016,36.31709917,139.6075484
工団東144,伊勢山町1449-7,伊勢山町,056-017,36.31810878,139.6074548
工団東134,伊勢山町1450,伊勢山町,056-018,36.31781047,139.6081784
工団東119,伊勢山町1461,伊勢山町,056-019,36.31685422,139.60856
富岡240,伊勢山町1771,伊勢山町,056-021,36.31924845,139.6023664
富岡266,伊勢山町1815-2,伊勢山町,056-022,36.31764261,139.6026228
富岡210,伊勢山町1821-1,伊勢山町,056-023,36.31884356,139.6031862
富岡271,伊勢山町1838,伊勢山町,056-024,36.31945047,139.6034179
富岡110,伊勢山町1913,伊勢山町,056-025,36.31500238,139.6037306
富岡108,伊勢山町1915,伊勢山町,056-026,36.31569563,139.6036781
富岡118,伊勢山町1916-13,伊勢山町,056-027,36.31563311,139.6031282
富岡121,伊勢山町1916-7,伊勢山町,056-028,36.31487512,139.603164
富岡122,伊勢山町1919-9,伊勢山町,056-029,36.31450577,139.6039104
工団東232,伊勢山町3-1,伊勢山町,056-030,36.31927387,139.6057037
工団東261,伊勢山町7-1,伊勢山町,056-031,36.32007878,139.6060709
工団東258,伊勢山町7-4,伊勢山町,056-032,36.32037683,139.6073583
工団東289,伊勢山町7-4,伊勢山町,056-033,36.31991136,139.6075682
工団東256,伊勢山町8-4,伊勢山町,056-034,36.32057431,139.6082195
工団東254,伊勢山町8-8,伊勢山町,056-035,36.32076847,139.6090997
富岡235,伊勢山町1789,伊勢山町,056-036,36.31869941,139.6027
富岡119,伊勢山町1916,伊勢山町,056-037,36.3154326,139.6031407
富岡113,伊勢山町1919-15,伊勢山町,056-038,36.31496345,139.6043439
富岡673,富岡町1555,富岡町(東部),061-001,36.31666612,139.5958813
富岡627A,富岡町1568-1,富岡町(東部),061-002,36.31737629,139.5959087
富岡688A,富岡町1576,富岡町(東部),061-003,36.31752596,139.5948072
富岡690A,富岡町1580,富岡町(東部),061-004,36.31774376,139.5957799
富岡693A,富岡町1599-3,富岡町(東部),061-005,36.31798318,139.5967112
富岡422,富岡町1607,富岡町(東部),061-006,36.31717691,139.5973572
富岡423,富岡町1609,富岡町(東部),061-007,36.31723352,139.5969937
富岡453,富岡町1611,富岡町(東部),061-008,36.31759131,139.5973505
富岡412,富岡町1616,富岡町(東部),061-009,36.3167989,139.5976684
富岡408,富岡町1619,富岡町(東部),061-010,36.31613535,139.5976037
富岡409,富岡町1620,富岡町(東部),061-011,36.31619314,139.5972487
富岡402,富岡町1631,富岡町(東部),061-012,36.31559461,139.5974813
富岡451,富岡町1662,富岡町(東部),061-013,36.31773489,139.5979522
富岡450,富岡町1666,富岡町(東部),061-014,36.3182994,139.6001768
富岡254,富岡町1674,富岡町(東部),061-015,36.31876126,139.6002932
富岡282,富岡町1693,富岡町(東部),061-016,36.31673035,139.6000767
富岡468A,富岡町1696,富岡町(東部),061-017,36.31653979,139.5992736
富岡469A,富岡町1696-3,富岡町(東部),061-018,36.31688118,139.5990871
富岡272,富岡町1719,富岡町(東部),061-019,36.31720366,139.6013977
富岡456,富岡町1723,富岡町(東部),061-020,36.31696061,139.6001581
富岡449,富岡町1725-6,富岡町(東部),061-021,36.31732062,139.6000433
富岡250,富岡町1731,富岡町(東部),061-022,36.31716121,139.6007967
富岡276,富岡町1731,富岡町(東部),061-023,36.31701707,139.6008766
富岡247,富岡町1737,富岡町(東部),061-024,36.3177619,139.6006058
富岡264,富岡町1744-2,富岡町(東部),061-025,36.31759085,139.6013532
富岡260,富岡町1756,富岡町(東部),061-026,36.31848772,139.6010829
富岡414,富岡町577-1,富岡町(東部),061-027,36.31698112,139.5967887
犬伏413,富岡町599-3,富岡町(東部),061-028,36.31815456,139.5951463
犬伏496,富岡町602-6,富岡町(東部),061-029,36.31829512,139.5963087
犬伏456,富岡町602-9,富岡町(東部),061-030,36.31865174,139.5961634
犬伏460,富岡町620-2,富岡町(東部),061-031,36.31885696,139.5954837
犬伏459,富岡町625,富岡町(東部),061-032,36.31908937,139.5948337
犬伏418,富岡町626-6,富岡町(東部),061-033,36.31867224,139.5946435
犬伏455,富岡町642-28,富岡町(東部),061-034,36.31913634,139.5962936
犬伏449,富岡町643-14,富岡町(東部),061-035,36.31955301,139.5959811
犬伏508,富岡町645-22,富岡町(東部),061-036,36.31923193,139.5959091
犬伏453,富岡町648-4,富岡町(東部),061-037,36.31984267,139.596476
犬伏445,富岡町654-3,富岡町(東部),061-038,36.31919778,139.5977382
犬伏450,富岡町655-9,富岡町(東部),061-039,36.3189075,139.5968369
犬伏495,富岡町657-1,富岡町(東部),061-040,36.31862842,139.596492
犬伏480,富岡町659-2,富岡町(東部),061-041,36.31858874,139.5974368
犬伏035,富岡町663-15,富岡町(東部),061-042,36.31916945,139.5981784
犬伏446,富岡町668-11,富岡町(東部),061-043,36.31965328,139.5972793
犬伏447,富岡町668-3,富岡町(東部),061-044,36.31987857,139.5975393
犬伏461,富岡町669-15,富岡町(東部),061-045,36.32039067,139.5972185
犬伏452,富岡町669-4,富岡町(東部),061-046,36.32025097,139.5966683
犬伏448,富岡町669-5,富岡町(東部),061-047,36.32005854,139.5968472
犬伏499,富岡町688-7,富岡町(東部),061-048,36.32035935,139.5979692
富岡442,富岡町754-5,富岡町(東部),061-049,36.31810683,139.5992718
犬伏416,富岡町599-4,富岡町（東部）,061-050,36.31805428,139.5953896
犬伏420,富岡町626-9,富岡町（東部）,061-051,36.31831368,139.5944946
久保256,久保町9000,富岡町(北部),062-001,36.31697838,139.5873064
仲町207,富岡町101,富岡町(北部),062-002,36.32179264,139.5914674
仲町612,富岡町111,富岡町(北部),062-003,36.32132388,139.5946469
仲町634,富岡町111-1,富岡町(北部),062-004,36.32096664,139.5926824
仲町635,富岡町114-3,富岡町(北部),062-005,36.3207031,139.5928546
仲町629,富岡町116,富岡町(北部),062-006,36.32189208,139.5930912
仲町632,富岡町116-10,富岡町(北部),062-007,36.32163216,139.5929598
仲町622,富岡町116-2,富岡町(北部),062-008,36.32190796,139.5937755
仲町626,富岡町116-5,富岡町(北部),062-009,36.32138076,139.593347
仲町646,富岡町117-10,富岡町(北部),062-010,36.3215202,139.5935795
仲町620,富岡町119,富岡町(北部),062-011,36.32107251,139.5936534
仲町649,富岡町121-1,富岡町(北部),062-012,36.3201598,139.5926285
仲町251,富岡町121-1,富岡町(北部),062-013,36.3199268,139.5929757
仲町830,富岡町124,富岡町(北部),062-014,36.32000738,139.5940562
仲町831,富岡町125,富岡町(北部),062-015,36.32036341,139.593981
仲町620,富岡町128-5,富岡町(北部),062-016,36.32089415,139.5939673
仲町643,富岡町129,富岡町(北部),062-017,36.32141325,139.5941783
仲町624,富岡町129,富岡町(北部),062-018,36.32141717,139.593842
仲町642,富岡町130-17,富岡町(北部),062-019,36.32174798,139.5942222
仲町614,富岡町132,富岡町(北部),062-020,36.32087477,139.5944186
仲町610,富岡町132-1,富岡町(北部),062-021,36.32190796,139.5947185
仲町606,富岡町134-8,富岡町(北部),062-022,36.32188579,139.5958082
仲町857,富岡町135,富岡町(北部),062-023,36.32128832,139.5957543
仲町876,富岡町138-4,富岡町(北部),062-024,36.32122722,139.5949847
仲町858,富岡町139-2,富岡町(北部),062-025,36.32091114,139.5953936
仲町871,富岡町144,富岡町(北部),062-026,36.31964598,139.5936563
仲町859,富岡町144-5,富岡町(北部),062-027,36.31950131,139.594141
仲町228,富岡町149,富岡町(北部),062-028,36.31844335,139.5933089
仲町230,富岡町149,富岡町(北部),062-029,36.31897359,139.5937246
仲町615,富岡町1878-2,富岡町(北部),062-030,36.32188988,139.5943322
仲町862,富岡町199,富岡町(北部),062-031,36.32012985,139.594727
仲町220,富岡町200-2,富岡町(北部),062-032,36.31810832,139.5926239
久保029,富岡町206,富岡町(北部),062-033,36.31795612,139.5907213
久保023,富岡町208-2,富岡町(北部),062-034,36.31900094,139.5889814
久保020,富岡町21,富岡町(北部),062-035,36.31909838,139.5875818
久保142,富岡町2-1,富岡町(北部),062-036,36.32151728,139.5871761
久保027,富岡町210-2,富岡町(北部),062-037,36.31834327,139.58986
久保339,富岡町211,富岡町(北部),062-038,36.31746591,139.5901841
仲町221,富岡町214-2,富岡町(北部),062-039,36.31813499,139.5930684
久保031,富岡町216,富岡町(北部),062-040,36.31808024,139.5915749
久保343,富岡町216-3,富岡町(北部),062-041,36.3170726,139.5909
仲町814,富岡町2177,富岡町(北部),062-042,36.32074015,139.5974742
久保255,富岡町229,富岡町(北部),062-043,36.31707252,139.5891776
久保019,富岡町23,富岡町(北部),062-044,36.31901562,139.5871318
久保257,富岡町234,富岡町(北部),062-045,36.31729859,139.5886643
久保244,富岡町236-2,富岡町(北部),062-046,36.31711282,139.5879516
久保290,富岡町29-6,富岡町(北部),062-047,36.31739109,139.5871395
久保167,富岡町9-22,富岡町(北部),062-048,36.32056906,139.5871326
久保290,富岡町31,富岡町(北部),062-049,36.31790521,139.5871552
久保161,富岡町3-1,富岡町(北部),062-050,36.32151534,139.5878941
久保266,富岡町40,富岡町(北部),062-051,36.31842602,139.5883667
久保269,富岡町41-10,富岡町(北部),062-052,36.31858848,139.5876029
久保341,富岡町42,富岡町(北部),062-053,36.32109068,139.5881674
久保335,富岡町42,富岡町(北部),062-054,36.31818659,139.5901049
久保240,富岡町47-1,富岡町(北部),062-055,36.31781936,139.5882704
久保245,富岡町49,富岡町(北部),062-056,36.31739502,139.5881752
仲町244,富岡町531,富岡町(北部),062-057,36.31807419,139.5938961
仲町247,富岡町531-7,富岡町(北部),062-058,36.31802259,139.5940958
仲町225,富岡町532,富岡町(北部),062-059,36.31789089,139.5936339
久保161,富岡町5-4,富岡町(北部),062-060,36.32169306,139.587541
久保028,富岡町57,富岡町(北部),062-061,36.31786308,139.590085
久保024,富岡町57,富岡町(北部),062-062,36.31898516,139.5894627
久保025,富岡町58-4,富岡町(北部),062-063,36.31899352,139.5899824
久保327,富岡町58-4,富岡町(北部),062-064,36.31930402,139.5902574
久保323,富岡町63,富岡町(北部),062-065,36.31950227,139.5890488
久保322,富岡町63,富岡町(北部),062-066,36.31992256,139.5891049
仲町828,富岡町638,富岡町(北部),062-067,36.31946496,139.5946695
犬伏478,富岡町641,富岡町(北部),062-068,36.31994683,139.5959644
久保180,富岡町67,富岡町(北部),062-069,36.31995304,139.5878367
久保319,富岡町67,富岡町(北部),062-070,36.32096824,139.588675
久保181,富岡町67,富岡町(北部),062-071,36.32030969,139.5879303
犬伏472,富岡町674-1,富岡町(北部),062-072,36.32040569,139.5961085
仲町805,富岡町680-2,富岡町(北部),062-073,36.32184663,139.5961907
仲町810,富岡町682-3,富岡町(北部),062-074,36.32155142,139.5974453
仲町853,富岡町683,富岡町(北部),062-075,36.32087013,139.597252
仲町854,富岡町684-7,富岡町(北部),062-076,36.32077846,139.5969293
久保313,富岡町68-6,富岡町(北部),062-077,36.32148733,139.5884315
仲町814,富岡町687,富岡町(北部),062-078,36.32058237,139.5979958
仲町846,富岡町693,富岡町(北部),062-079,36.32140976,139.5982782
久保320,富岡町72-6,富岡町(北部),062-080,36.32031389,139.5891463
久保316,富岡町72-7,富岡町(北部),062-081,36.32132649,139.5889351
久保328,富岡町79-2,富岡町(北部),062-082,36.31964262,139.5903865
久保160,富岡町9000,富岡町(北部),062-083,36.31985087,139.587194
久保166,富岡町3,富岡町(北部),062-084,36.32108066,139.5879841
久保317,富岡町74-1,富岡町（北部）,062-085,36.32090765,139.5890148
富岡744,富岡町1296-2,富岡町(南部),063-001,36.31131256,139.5960192
富岡860,富岡町1299-8,富岡町(南部),063-002,36.31224351,139.5960328
富岡747,富岡町1320,富岡町(南部),063-003,36.3114886,139.5948062
富岡758,富岡町1322-4,富岡町(南部),063-004,36.31192106,139.5951362
富岡745,富岡町1326,富岡町(南部),063-005,36.31149251,139.5956417
富岡543,富岡町1340,富岡町(南部),063-006,36.31251064,139.5938117
富岡561,富岡町1342,富岡町(南部),063-007,36.31317251,139.5941625
富岡501,富岡町1347,富岡町(南部),063-008,36.31250241,139.5956939
富岡506,富岡町1348-2,富岡町(南部),063-009,36.3125076,139.59491
富岡731,富岡町1351,富岡町(南部),063-010,36.31353389,139.5951827
富岡767,富岡町1353,富岡町(南部),063-011,36.313199,139.5965113
富岡351,富岡町1355,富岡町(南部),063-012,36.31309152,139.5960313
富岡705,富岡町1356,富岡町(南部),063-013,36.31347986,139.5972526
富岡349,富岡町1357-2,富岡町(南部),063-014,36.31336513,139.596704
富岡619,富岡町1437,富岡町(南部),063-015,36.31699458,139.592251
富岡610,富岡町1440,富岡町(南部),063-016,36.3169652,139.5939987
富岡608A,富岡町1445-1,富岡町(南部),063-017,36.31661216,139.5930488
富岡684A,富岡町1446,富岡町(南部),063-018,36.31714096,139.5930601
富岡686A,富岡町1448,富岡町(南部),063-019,36.31731432,139.5938497
富岡609A,富岡町1459,富岡町(南部),063-020,36.31683214,139.5940276
富岡642,富岡町1462-2,富岡町(南部),063-021,36.31556037,139.5939041
富岡656,富岡町1469,富岡町(南部),063-022,36.31595359,139.5932249
富岡475A,富岡町1483,富岡町(南部),063-023,36.31518678,139.5929966
富岡437,富岡町1504,富岡町(南部),063-024,36.31491207,139.5948427
富岡445A,富岡町1504-2,富岡町(南部),063-025,36.31501626,139.5946635
富岡446,富岡町1504-2,富岡町(南部),063-026,36.31468127,139.5949427
富岡479A,富岡町1533,富岡町(南部),063-027,36.31568005,139.5946635
富岡662,富岡町1547,富岡町(南部),063-028,36.31626551,139.5943887
富岡670,富岡町1549,富岡町(南部),063-029,36.31644946,139.5950675
富岡687A,富岡町1575-5,富岡町(南部),063-030,36.31746928,139.5944933
仲町223,富岡町199,富岡町(南部),063-031,36.31740285,139.5924687
仲町222,富岡町199-4,富岡町(南部),063-032,36.31775953,139.5927612
富岡913,富岡町224-1,富岡町(南部),063-033,36.3161994,139.5910525
富岡966,富岡町225,富岡町(南部),063-034,36.31659203,139.5896968
富岡915,富岡町225-2,富岡町(南部),063-035,36.31644428,139.59079
富岡963,富岡町225-27,富岡町(南部),063-036,36.31668427,139.5904701
富岡918,富岡町272-3,富岡町(南部),063-037,36.31592466,139.5907717
富岡923,富岡町283,富岡町(南部),063-038,36.3152061,139.5894103
富岡922,富岡町283-10,富岡町(南部),063-039,36.31512779,139.5898589
富岡937,富岡町284,富岡町(南部),063-040,36.31549633,139.589553
富岡938,富岡町286-2,富岡町(南部),063-041,36.31616124,139.5895293
富岡924,富岡町288-1,富岡町(南部),063-042,36.31535441,139.5888614
富岡953,富岡町289-1,富岡町(南部),063-043,36.31636124,139.5890444
富岡935,富岡町289-1,富岡町(南部),063-044,36.31604769,139.5889602
富岡927,富岡町291,富岡町(南部),063-045,36.3154949,139.5885428
富岡930,富岡町294,富岡町(南部),063-046,36.31581095,139.5877378
富岡931,富岡町294,富岡町(南部),063-047,36.31613515,139.5875714
恵比寿253,富岡町295,富岡町(南部),063-048,36.31485519,139.5866219
恵比寿225,富岡町295-1,富岡町(南部),063-049,36.31527966,139.5873529
富岡815,富岡町300-26,富岡町(南部),063-051,36.31482718,139.5878118
富岡813,富岡町305,富岡町(南部),063-052,36.31473469,139.5886403
富岡808,富岡町314,富岡町(南部),063-053,36.31394957,139.5896443
富岡812,富岡町315,富岡町(南部),063-054,36.31448704,139.5893106
富岡807,富岡町316,富岡町(南部),063-055,36.31377374,139.5891643
富岡806,富岡町317,富岡町(南部),063-056,36.31357208,139.5885654
富岡811,富岡町320,富岡町(南部),063-057,36.31443284,139.5887642
恵比寿223,富岡町300-15,富岡町(南部),063-058,36.31449363,139.5871621
恵比寿222,富岡町327,富岡町(南部),063-060,36.31436054,139.5868708
恵比寿221,富岡町331-4,富岡町(南部),063-061,36.31404979,139.586698
恵比寿231,富岡町331-6,富岡町(南部),063-062,36.31388086,139.587078
恵比寿219,富岡町332-15,富岡町(南部),063-063,36.31367563,139.5867219
恵比寿220,富岡町333,富岡町(南部),063-064,36.31358645,139.5870944
富岡804,富岡町335-4,富岡町(南部),063-065,36.3133049,139.588063
富岡805,富岡町336,富岡町(南部),063-066,36.31338707,139.5876972
富岡809,富岡町351,富岡町(南部),063-067,36.31402152,139.5900128
富岡831,富岡町354,富岡町(南部),063-068,36.31457066,139.5905427
高萩211,高萩町4-7,浅沼町,064-001,36.30455594,139.5926671
新晃507,浅沼町100-1,浅沼町,064-002,36.3057815,139.5871401
植上449,浅沼町10-13,浅沼町,064-003,36.30380676,139.59051
植上452,浅沼町10-24,浅沼町,064-004,36.30424754,139.5904475
植上456,浅沼町10-28,浅沼町,064-005,36.30419919,139.5898084
新晃327,浅沼町106-2,浅沼町,064-006,36.30579623,139.5877726
新晃508,浅沼町106-2,浅沼町,064-007,36.30578621,139.5875451
浅沼418,浅沼町107,浅沼町,064-008,36.30565322,139.5883512
植上447,浅沼町10-9,浅沼町,064-009,36.30385482,139.5909209
浅沼423,浅沼町110,浅沼町,064-010,36.30567958,139.5891211
新晃347,浅沼町129,浅沼町,064-011,36.30615618,139.58908
新晃349,浅沼町129,浅沼町,064-012,36.30628062,139.5895074
新晃326,浅沼町129-20,浅沼町,064-013,36.30662118,139.5894075
浅沼420,浅沼町137-1,浅沼町,064-014,36.30616451,139.5882609
浅沼401,浅沼町141-2,浅沼町,064-015,36.30571152,139.5883896
新晃330,浅沼町146,浅沼町,064-016,36.30604452,139.5877187
新晃315,浅沼町146-2,浅沼町,064-017,36.30671308,139.5873662
新晃316,浅沼町146-2,浅沼町,064-018,36.30639283,139.5875285
新晃334,浅沼町153,浅沼町,064-019,36.30786685,139.587477
新晃317,浅沼町160-2,浅沼町,064-020,36.30707773,139.5872351
新晃318,浅沼町161,浅沼町,064-021,36.30754265,139.5871675
新晃393,浅沼町163-5,浅沼町,064-022,36.30786344,139.5862601
新晃313,浅沼町167,浅沼町,064-023,36.30687774,139.5868851
新晃311,浅沼町167-6,浅沼町,064-024,36.30690939,139.5863251
新晃312,浅沼町167-8,浅沼町,064-025,36.30689136,139.586541
新晃394,浅沼町168,浅沼町,064-026,36.30737016,139.5861684
新晃344,浅沼町171-6,浅沼町,064-027,36.30749958,139.5852077
新晃194,浅沼町173-2,浅沼町,064-028,36.30824057,139.5837635
新晃310,浅沼町173-8,浅沼町,064-029,36.30693348,139.5857713
新晃307,浅沼町174-5,浅沼町,064-030,36.30692938,139.5853577
新晃306,浅沼町175-15,浅沼町,064-031,36.30700958,139.5848728
新晃304,浅沼町178-4,浅沼町,064-032,36.30768948,139.5846025
新晃332,浅沼町179,浅沼町,064-033,36.30767201,139.5844353
新晃332,,浅沼町,064-034,36.3077667,139.5842061
新晃333,,浅沼町,064-035,36.30799364,139.5844624
新晃007,浅沼町183-24,浅沼町,064-036,36.30819579,139.5833389
新晃194,浅沼町183-3,浅沼町,064-037,36.30832108,139.5840352
新晃106,浅沼町185,浅沼町,064-038,36.30870997,139.5842435
新晃305,浅沼町188-10,浅沼町,064-039,36.30812422,139.5846725
新晃112,浅沼町189-9,浅沼町,064-040,36.30820417,139.5850676
新晃110,浅沼町191,浅沼町,064-041,36.30909437,139.584941
新晃109,浅沼町192,浅沼町,064-042,36.30918494,139.5848502
新晃191,浅沼町192-11,浅沼町,064-043,36.30940516,139.5849152
新晃123,浅沼町193,浅沼町,064-044,36.30934165,139.5862748
新晃122,浅沼町193,浅沼町,064-045,36.30931105,139.5859475
植上268,浅沼町19-5,浅沼町,064-046,36.30454394,139.5906111
新晃116,浅沼町196-4,浅沼町,064-047,36.30918686,139.5852959
新晃111,浅沼町196-6,浅沼町,064-048,36.3087019,139.5850027
新晃189,浅沼町196-7,浅沼町,064-049,36.30898858,139.5855135
新晃190,浅沼町198-9,浅沼町,064-050,36.30831362,139.5855612
新晃114,浅沼町201-3,浅沼町,064-051,36.3078004,139.5852413
新晃115,浅沼町201-8,浅沼町,064-052,36.30779093,139.5856287
新晃113,浅沼町201-9,浅沼町,064-053,36.30803281,139.5852276
新晃399,浅沼町201-9,浅沼町,064-054,36.3079645,139.5857949
新晃397,浅沼町202,浅沼町,064-055,36.30830001,139.5856926
新晃392,浅沼町202-9,浅沼町,064-056,36.30830948,139.5863026
新晃391,浅沼町212,浅沼町,064-057,36.30822928,139.5869225
新晃373,浅沼町213,浅沼町,064-058,36.30874837,139.5872933
新晃374,浅沼町213-16,浅沼町,064-059,36.30853174,139.5872709
新晃351,浅沼町213-18,浅沼町,064-060,36.30852504,139.5876036
新晃352,浅沼町213-22,浅沼町,064-061,36.30834543,139.5878724
新晃336,浅沼町213-4,浅沼町,064-062,36.3081371,139.5872384
新晃322,浅沼町215-1,浅沼町,064-063,36.30788681,139.5884625
新晃370,浅沼町216-5,浅沼町,064-064,36.3078163,139.5888885
新晃371,浅沼町217,浅沼町,064-065,36.30766468,139.5894949
新晃324,浅沼町221,浅沼町,064-066,36.30729442,139.5887372
新晃325,浅沼町223-2,浅沼町,064-067,36.30681894,139.5886672
新晃329,浅沼町226,浅沼町,064-068,36.30711393,139.5895949
新晃382,浅沼町228,浅沼町,064-069,36.30661481,139.5902144
新晃154,浅沼町228-3,浅沼町,064-070,36.30710695,139.5904174
新晃146,浅沼町229,浅沼町,064-071,36.30752446,139.5900809
新晃358,浅沼町244,浅沼町,064-072,36.30818542,139.5887824
新晃353,浅沼町244-11,浅沼町,064-073,36.30826764,139.5881321
新晃184,浅沼町249,浅沼町,064-074,36.30956442,139.5878374
新晃135,浅沼町249,浅沼町,064-075,36.30907864,139.5877985
新晃134,浅沼町249,浅沼町,064-076,36.30910917,139.5873908
新晃128,浅沼町249,浅沼町,064-077,36.3094133,139.5874135
新晃130,浅沼町249,浅沼町,064-078,36.30996662,139.5874707
新晃129,浅沼町249,浅沼町,064-079,36.3096794,139.5874346
新晃179,浅沼町251-17,浅沼町,064-080,36.31007907,139.5879374
新晃182,浅沼町251-2,浅沼町,064-081,36.31003164,139.5883674
新晃167,浅沼町263-6,浅沼町,064-082,36.30940174,139.5899995
浅沼335,浅沼町276,浅沼町,064-083,36.31113991,139.5900294
浅沼227A,浅沼町280,浅沼町,064-084,36.31137932,139.5890255
浅沼337,浅沼町280,浅沼町,064-085,36.31112901,139.589193
浅沼240,浅沼町284,浅沼町,064-086,36.31084512,139.5883173
浅沼242,浅沼町284,浅沼町,064-087,36.31083407,139.5886831
浅沼246,浅沼町284,浅沼町,064-088,36.31065264,139.5883748
浅沼338,浅沼町285-10,浅沼町,064-089,36.3107763,139.5893047
浅沼339,浅沼町285-14,浅沼町,064-090,36.31057496,139.5892631
新晃131,浅沼町287,浅沼町,064-091,36.31024242,139.5875174
新晃132,浅沼町288-1,浅沼町,064-092,36.31053684,139.5875474
浅沼073A,浅沼町293-1,浅沼町,064-093,36.31139836,139.5876307
浅沼211,浅沼町294,浅沼町,064-094,36.31099758,139.5875084
浅沼071Ａ,,浅沼町,064-095,36.31148587,139.5867549
浅沼070A,浅沼町294,浅沼町,064-096,36.31141061,139.5873232
浅沼215,浅沼町296,浅沼町,064-097,36.3103102,139.5871674
新晃127,浅沼町301,浅沼町,064-098,36.30939109,139.5869097
植上275,浅沼町30-1,浅沼町,064-099,36.30427674,139.5895612
浅沼066,浅沼町302,浅沼町,064-100,36.30987684,139.5867185
新晃124,浅沼町304,浅沼町,064-101,36.30980238,139.5863174
新晃118,浅沼町306-23,浅沼町,064-103,36.30980239,139.5853198
浅沼222,浅沼町309,浅沼町,064-104,36.31037482,139.5862047
浅沼065,浅沼町313-1,浅沼町,064-105,36.31032847,139.5867175
新晃120,浅沼町314-1,浅沼町,064-106,36.3105237,139.585637
浅沼064,浅沼町317,浅沼町,064-107,36.3107609,139.5866743
浅沼063,浅沼町320,浅沼町,064-108,36.31105814,139.5867199
浅沼213,浅沼町320-23,浅沼町,064-109,36.31142894,139.586421
亀井315,浅沼町321-1,浅沼町,064-110,36.31111924,139.5856272
亀井343A,浅沼町324,浅沼町,064-111,36.31132749,139.583702
浅沼072A,浅沼町326,浅沼町,064-112,36.31169667,139.5876281
亀井312,浅沼町340,浅沼町,064-113,36.31164751,139.585206
亀井313,浅沼町341,浅沼町,064-114,36.31149003,139.5856286
亀井307,浅沼町345,浅沼町,064-115,36.31175239,139.583937
亀井308,浅沼町345,浅沼町,064-116,36.31188239,139.58456
亀井310,浅沼町346-3,浅沼町,064-117,36.31124802,139.5845361
亀井316,浅沼町347,浅沼町,064-118,36.31078733,139.5855522
亀井317,浅沼町349-1,浅沼町,064-119,36.31040901,139.5850051
亀井318,浅沼町349-11,浅沼町,064-120,36.30998237,139.5840199
亀井318,浅沼町349-7,浅沼町,064-121,36.31040651,139.5847125
亀井311,浅沼町353-8,浅沼町,064-122,36.31125638,139.584177
亀井307,浅沼町353-9,浅沼町,064-123,36.31210486,139.5840561
新晃151,浅沼町358-1,浅沼町,064-124,36.30972676,139.5842326
新晃105,浅沼町360,浅沼町,064-125,36.3090649,139.5840352
新晃105,浅沼町360,浅沼町,064-126,36.30920683,139.5843235
新晃104,浅沼町361,浅沼町,064-127,36.30904437,139.5837849
新晃102,浅沼町362,浅沼町,064-128,36.30917021,139.5834474
浅沼074Ａ,,浅沼町,064-129,36.31281877,139.5874592
新晃005,浅沼町362-8,浅沼町,064-130,36.30860193,139.5830902
新晃101,浅沼町363,浅沼町,064-131,36.30928908,139.5830989
新晃001,浅沼町363,浅沼町,064-132,36.30932675,139.5826264
新晃138,浅沼町364,浅沼町,064-133,36.30930204,139.5828775
新晃138,浅沼町364,浅沼町,064-134,36.30938572,139.5827653
亀井318,浅沼町373,浅沼町,064-135,36.3102776,139.5844384
亀井318,浅沼町373,浅沼町,064-136,36.30978399,139.5834977
亀井058,浅沼町373,浅沼町,064-137,36.30998756,139.5823202
亀井343A,浅沼町373,浅沼町,064-138,36.31125639,139.5838359
亀井342A,浅沼町374,浅沼町,064-140,36.31127075,139.5832902
亀井326,浅沼町376,浅沼町,064-141,36.31203909,139.5834201
亀井325,浅沼町376,浅沼町,064-142,36.31201291,139.5831848
亀井325,浅沼町376,浅沼町,064-143,36.31203289,139.5829551
浅沼405,浅沼町38-1,浅沼町,064-144,36.30527134,139.5895394
亀井337,浅沼町381-5,浅沼町,064-145,36.31228738,139.5848861
亀井337,浅沼町381-7,浅沼町,064-146,36.31229848,139.5850674
亀井306,浅沼町382,浅沼町,064-147,36.31247624,139.58456
浅沼059A,浅沼町399-3,浅沼町,064-148,36.3123147,139.5880767
浅沼061A,浅沼町401,浅沼町,064-149,36.31201919,139.587868
浅沼205,浅沼町403,浅沼町,064-150,36.31159841,139.5889359
浅沼204,浅沼町403,浅沼町,064-151,36.31145647,139.5885422
浅沼403,浅沼町44-3,浅沼町,064-152,36.30543187,139.5888386
浅沼308,浅沼町457-2,浅沼町,064-153,36.31155235,139.590128
浅沼340,浅沼町461-2,浅沼町,064-155,36.31092743,139.5905818
新晃164,浅沼町465-6,浅沼町,064-156,36.31021081,139.5901744
新晃159,浅沼町465-9,浅沼町,064-157,36.30992608,139.5901656
浅沼328,浅沼町473-1,浅沼町,064-158,36.31089994,139.5909779
浅沼406,浅沼町48-3,浅沼町,064-159,36.30516715,139.5882601
富岡762,浅沼町489-5,浅沼町,064-160,36.31037096,139.5944641
富岡737,浅沼町508-5,浅沼町,064-161,36.3097143,139.5944666
植上202,浅沼町52,浅沼町,064-162,36.30436558,139.588401
植上004,浅沼町52,浅沼町,064-163,36.30380087,139.5885063
新晃141,浅沼町520,浅沼町,064-164,36.30879541,139.5896673
新晃162,浅沼町520,浅沼町,064-165,36.30872962,139.5899331
新晃180,浅沼町520,浅沼町,064-166,36.30890096,139.589232
新晃137,浅沼町520,浅沼町,064-167,36.30904919,139.5884658
新晃169,浅沼町520,浅沼町,064-168,36.30991943,139.589377
新晃140,浅沼町520,浅沼町,064-169,36.30899255,139.5888432
新晃177,浅沼町520,浅沼町,064-170,36.30995613,139.5890347
新晃157,浅沼町520,浅沼町,064-171,36.30898181,139.5900747
新晃172,浅沼町532,浅沼町,064-172,36.30853601,139.5900145
新晃173,浅沼町461,浅沼町,064-173,36.31096515,139.5901593
新晃160,浅沼町566-5,浅沼町,064-174,36.30737032,139.5903332
植上204,浅沼町59-5,浅沼町,064-175,36.30462997,139.5882924
新晃119,浅沼町598,浅沼町,064-176,36.30692726,139.5906923
新晃172,浅沼町532,浅沼町,064-177,36.30843462,139.5904595
新晃018,浅沼町70-6,浅沼町,064-178,36.30532956,139.5865086
新晃504,浅沼町73-1,浅沼町,064-179,36.30593387,139.5859436
新晃016,浅沼町73-6,浅沼町,064-180,36.30560146,139.586105
新晃014,浅沼町74,浅沼町,064-181,36.30602865,139.5854452
新晃023,浅沼町75,浅沼町,064-182,36.30630305,139.5855575
新晃012,浅沼町76-6,浅沼町,064-183,36.30655685,139.5845603
富岡580,浅沼町774,浅沼町,064-184,36.30833968,139.5926247
新晃302,浅沼町78-1,浅沼町,064-185,36.30698706,139.584445
富岡586A,浅沼町782,浅沼町,064-186,36.30971928,139.5926364
新晃306,浅沼町78-4,浅沼町,064-187,36.30692186,139.5851202
富岡597,浅沼町785,浅沼町,064-188,36.30895022,139.5926346
富岡587A,浅沼町794-1,浅沼町,064-189,36.30972374,139.5932403
富岡591A,浅沼町796,浅沼町,064-190,36.30908579,139.5936304
富岡546,浅沼町819,浅沼町,064-191,36.31161658,139.592247
富岡569,浅沼町820,浅沼町,064-192,36.31154433,139.5926652
新晃501,浅沼町82-11,浅沼町,064-193,36.30630863,139.5859477
新晃502,浅沼町83,浅沼町,064-194,36.30668716,139.5859427
富岡552A,浅沼町838,浅沼町,064-195,36.31217908,139.593689
富岡792,浅沼町863,浅沼町,064-196,36.31067282,139.5944727
富岡761,浅沼町868-2,浅沼町,064-197,36.31008625,139.594463
富岡566,浅沼町885,浅沼町,064-198,36.31253147,139.5925154
浅沼078A,浅沼町9000,浅沼町,064-199,36.31211333,139.5869243
浅沼075A,浅沼町9000,浅沼町,064-200,36.31246628,139.5870195
浅沼076A,浅沼町9000,浅沼町,064-201,36.31203165,139.5873523
新晃505,浅沼町98,浅沼町,064-202,36.30588449,139.5864674
新晃506,浅沼町99-2,浅沼町,064-203,36.30582787,139.586896
亀井331,相生町383,浅沼町,064-204,36.31280152,139.5850832
浅沼057A,富岡町340-2,浅沼町,064-205,36.31239806,139.5889546
浅沼219,富岡町340-5,浅沼町,064-206,36.31228971,139.5893866
浅沼218,富岡町341,浅沼町,064-207,36.31218672,139.589708
工団東337,栄町6,鐙塚町,066-001,36.3119857,139.6094177
工団東054,鐙塚町141-1,鐙塚町,066-003,36.30727595,139.6028484
黒袴332,鐙塚町154-11,鐙塚町,066-004,36.30631334,139.6038536
黒袴385,鐙塚町166-3,鐙塚町,066-005,36.3062251,139.605171
黒袴319,鐙塚町166-6,鐙塚町,066-006,36.30656701,139.6051034
黒袴305,鐙塚町191-2,鐙塚町,066-007,36.30502833,139.6071819
黒袴046A,鐙塚町195,鐙塚町,066-008,36.30423981,139.6072308
黒袴047A,鐙塚町195,鐙塚町,066-009,36.30428288,139.6076543
黒袴029A,鐙塚町196,鐙塚町,066-010,36.30422402,139.6066481
黒袴433,鐙塚町204,鐙塚町,066-011,36.30374301,139.6077932
黒袴434,鐙塚町210,鐙塚町,066-012,36.30325167,139.6077666
黒袴430,鐙塚町214,鐙塚町,066-013,36.30363496,139.6081843
黒袴433,鐙塚町215,鐙塚町,066-014,36.30360133,139.6074144
三毳西532,鐙塚町218-2,鐙塚町,066-015,36.30457876,139.6100001
黒袴035,鐙塚町222-1,鐙塚町,066-016,36.30459875,139.6083114
黒袴036,鐙塚町222-2,鐙塚町,066-017,36.30453874,139.6088905
黒袴033,鐙塚町225,鐙塚町,066-018,36.3047481,139.6078357
黒袴307,鐙塚町228-1,鐙塚町,066-019,36.3052531,139.6087539
黒袴304,鐙塚町241-1,鐙塚町,066-020,36.3053561,139.6078829
黒袴312,鐙塚町248,鐙塚町,066-021,36.3064826,139.6075965
黒袴309,鐙塚町259,鐙塚町,066-022,36.30577802,139.60857
黒袴342,鐙塚町259-3,鐙塚町,066-023,36.30625053,139.6086991
黒袴308,鐙塚町260,鐙塚町,066-025,36.30586466,139.6079142
黒袴313,鐙塚町264,鐙塚町,066-026,36.30687007,139.6077931
黒袴315,鐙塚町298-1,鐙塚町,066-027,36.30644934,139.6072118
黒袴436,鐙塚町30-1,鐙塚町,066-028,36.30325468,139.6068293
工団東505,鐙塚町301-1,鐙塚町,066-029,36.30740388,139.6068782
黒袴317,鐙塚町315-7,鐙塚町,066-030,36.3064454,139.6064183
黒袴330,鐙塚町332-1,鐙塚町,066-031,36.30715494,139.6053092
黒袴354,鐙塚町338-6,鐙塚町,066-032,36.30715079,139.6045507
黒袴335,鐙塚町341-5,鐙塚町,066-033,36.30677998,139.6043035
黒袴323,鐙塚町342,鐙塚町,066-034,36.3070341,139.6035333
黒袴311,鐙塚町261,鐙塚町,066-035,36.30623293,139.6079656
久保308,堀米町163,堀米町(安良町下),068-002,36.32256937,139.5886414
久保305,堀米町165,堀米町(安良町下),068-003,36.32179263,139.5904861
仲町407,堀米町2,堀米町(安良町下),068-004,36.32237812,139.5908972
仲町404,堀米町3,堀米町(安良町下),068-005,36.32262589,139.5917038
仲町401,堀米町3,堀米町(安良町下),068-006,36.32335442,139.5915396
仲町004,堀米町352,堀米町(安良町下),068-011,36.32352793,139.5906563
安良町013,堀米町352-1,堀米町(安良町下),068-012,36.32323016,139.5892464
安良町519,堀米町352-2,堀米町(安良町下),068-013,36.32398451,139.5891939
久保352,堀米町36-2,堀米町(安良町下),068-014,36.32238864,139.5896423
仲町005,堀米町365,堀米町(安良町下),068-015,36.32359098,139.5909949
久保365,堀米町37-2,堀米町(安良町下),068-016,36.32230643,139.5892814
久保357,,堀米町(安良町下),068-025,36.32218226,139.5887198
安良町012,堀米町9000,堀米町(安良町下),068-049,36.3231538,139.5888814
久保304,堀米町9000,堀米町(安良町下),068-050,36.32177619,139.5899323
仲町406,堀米町9000,堀米町（安良町下）,068-052,36.32247141,139.5915199
久保169,久保町118,堀米町(安良町上),069-001,36.32051568,139.5866004
久保312,富岡町68,堀米町(安良町上),069-002,36.32167198,139.5884663
久保314,富岡町68-7,堀米町(安良町上),069-003,36.32167534,139.5881266
久保199,堀米町104,堀米町(安良町上),069-004,36.3216531,139.5860828
安良町312,堀米町1281,堀米町(安良町上),069-005,36.32326177,139.5869949
安良町002,堀米町268,堀米町(安良町上),069-007,36.32237326,139.5851904
安良町101,堀米町268,堀米町(安良町上),069-008,36.32273711,139.5851065
安良町002,堀米町269,堀米町(安良町上),069-009,36.32257546,139.5852539
安良町003,堀米町270,堀米町(安良町上),069-011,36.32247461,139.5856042
安良町004,堀米町272,堀米町(安良町上),069-012,36.32254521,139.5860089
安良町140,堀米町274,堀米町(安良町上),069-013,36.32319534,139.5858536
安良町002,堀米町274,堀米町(安良町上),069-014,36.32253096,139.5851351
安良町005,堀米町275,堀米町(安良町上),069-015,36.32259044,139.5862216
安良町006,堀米町277,堀米町(安良町上),069-016,36.32268932,139.5867049
安良町007,堀米町281,堀米町(安良町上),069-017,36.32276931,139.5871199
安良町302,堀米町281,堀米町(安良町上),069-018,36.32351846,139.5869088
安良町501,堀米町286,堀米町(安良町上),069-019,36.3234554,139.5884148
安良町011,堀米町286,堀米町(安良町上),069-020,36.32309014,139.5885126
安良町505,堀米町288,堀米町(安良町上),069-022,36.32380507,139.5876998
安良町503,堀米町288-3,堀米町(安良町上),069-023,36.32386451,139.5882911
安良町510,堀米町291-2,堀米町(安良町上),069-024,36.32410613,139.5871923
安良町115,堀米町300,堀米町(安良町上),069-025,36.32365259,139.5859167
安良町509,堀米町300-2,堀米町(安良町上),069-026,36.32368782,139.5872627
安良町108,堀米町300-9,堀米町(安良町上),069-027,36.32338256,139.5857353
安良町103,堀米町302,堀米町(安良町上),069-029,36.32317617,139.5855637
安良町104,堀米町304,堀米町(安良町上),069-030,36.32352779,139.5851437
久保310,堀米町48,堀米町(安良町上),069-045,36.32172785,139.5888135
久保147,堀米町53,堀米町(安良町上),069-054,36.3220503,139.588276
安良町009,堀米町54-2,堀米町(安良町上),069-061,36.32296716,139.5879665
安良町008,堀米町54-2,堀米町(安良町上),069-062,36.32284883,139.5874835
久保314,堀米町57-1,堀米町(安良町上),069-064,36.32180785,139.5878763
久保146,堀米町59-2,堀米町(安良町上),069-065,36.32204978,139.5877552
久保145,堀米町63,堀米町(安良町上),069-066,36.32197781,139.58725
久保197,堀米町66,堀米町(安良町上),069-067,36.3218036,139.5868192
久保143,堀米町66,堀米町(安良町上),069-068,36.32188193,139.58704
久保149,堀米町66,堀米町(安良町上),069-069,36.32219221,139.58707
久保198,堀米町70,堀米町(安良町上),069-070,36.32171366,139.5864278
久保170,堀米町81,堀米町(安良町上),069-074,36.32051796,139.586264
久保394A,堀米町73,堀米町(安良町上),069-075,36.32197779,139.5858476
久保392A,堀米町73,堀米町(安良町上),069-076,36.32182364,139.5862228
久保395A,堀米町73,堀米町(安良町上),069-077,36.32203389,139.5861717
安良町108,堀米町301-2,堀米町(安良町上),069-078,36.32365425,139.5857586
安良町140,堀米町247,堀米町(安良町上),069-079,36.32335205,139.5859774
安良町313,堀米町294,堀米町(七区),070-001,36.32376446,139.5868841
安良町304,堀米町294,堀米町(七区),070-004,36.32390091,139.5864466
安良町307,堀米町297,堀米町(七区),070-007,36.32374673,139.5862016
安良町303,堀米町9000,堀米町(七区),070-008,36.32352311,139.5864566
安良町308,堀米町9000,堀米町(七区),070-011,36.32407085,139.5860374
久保140,堀米町106,堀米町(横手),071-001,36.32150062,139.5856115
久保111,堀米町108,堀米町(横手),071-002,36.32113451,139.584734
久保363,堀米町117-2,堀米町(横手),071-005,36.31971825,139.5853455
久保417A,,堀米町(横手),071-010,36.32114057,139.584573
久保112,堀米町133,堀米町(横手),071-011,36.32147803,139.5847138
久保163,堀米町80-2,堀米町(横手),071-012,36.32078457,139.5864417
久保164,堀米町80-4,堀米町(横手),071-013,36.32081045,139.5860993
久保173,堀米町84,堀米町(横手),071-014,36.32027736,139.5854127
久保189,堀米町84,堀米町(横手),071-015,36.32073041,139.585359
久保139,堀米町84-2,堀米町(横手),071-016,36.32071038,139.585693
久保114,堀米町98,堀米町(横手),071-018,36.32181606,139.5846979
久保140,堀米町89,堀米町（横手）,071-019,36.32146698,139.5852512
内堀米005,堀米町1107,堀米町(内堀米),072-029,36.32314446,139.581857
内堀米136,堀米町1108,堀米町(内堀米),072-031,36.32332163,139.5809921
内堀米055,堀米町202,堀米町(内堀米),072-058,36.32220544,139.5841068
朱雀052,堀米町1535,堀米町(朱雀),073-055,36.32301737,139.5758847
天神304,堀米町1645,堀米町(朱雀),073-065,36.32290257,139.5729411
朱雀062,堀米町1720,堀米町(朱雀),073-074,36.32410886,139.5723738
堀米西170,堀米町2549-3,堀米町(菊川),074-012,36.32363378,139.5681081
堀米西108,堀米町2573-1,堀米町(菊川),074-014,36.32407651,139.5665401
堀米西192,堀米町2618,堀米町(菊川),074-016,36.32333491,139.5643517
堀米西195,堀米町2621-7,堀米町(菊川),074-017,36.32345152,139.563506
堀米西559A,堀米町2691,堀米町(菊川),074-018,36.3226824,139.5620058
堀米西131,堀米町2707,堀米町(菊川),074-019,36.32404812,139.5623734
堀米西562A,堀米町2950,堀米町(菊川),074-027,36.3226865,139.560717
花岡478,堀米町3858-4,堀米町(菊川),074-086,36.32162722,139.5613034
花岡489,堀米町3851-5,堀米町（菊川）,074-087,36.32113588,139.5628661
花岡318,堀米町3858-4,堀米町（菊川）,074-088,36.32119165,139.5601649
並木837,並木町964,並木町(堀之内),078-028,36.32341466,139.5507127
並木004,並木町1054,並木町(小野茂木),079-001,36.32115194,139.5456182
並木314,並木町1073,並木町(小野茂木),079-002,36.32290624,139.5457206
並木122,並木町1085,並木町(小野茂木),079-003,36.3216164,139.5456706
並木006,並木町1092,並木町(小野茂木),079-004,36.32139727,139.5463333
並木121,並木町1092,並木町(小野茂木),079-005,36.32168857,139.546412
並木301,並木町1096,並木町(小野茂木),079-006,36.32275375,139.5462497
並木323,並木町1096-1,並木町(小野茂木),079-007,36.32229189,139.5457781
並木009,並木町1098,並木町(小野茂木),079-008,36.32269325,139.5467633
並木008,並木町1098,並木町(小野茂木),079-009,36.32227715,139.5465833
並木007,並木町1099,並木町(小野茂木),079-010,36.32197301,139.5464869
並木202,並木町1122,並木町(小野茂木),079-011,36.32091366,139.5469397
並木203,並木町1125,並木町(小野茂木),079-012,36.32089372,139.547458
並木206,並木町1139-4,並木町(小野茂木),079-013,36.3208259,139.548423
花岡067,並木町1139-4,並木町(小野茂木),079-014,36.32080732,139.5491729
花岡151,並木町1501-3,並木町(小野茂木),079-015,36.31709764,139.5466625
並木230,並木町1509,並木町(小野茂木),079-016,36.31742567,139.5447787
並木240,並木町1538,並木町(小野茂木),079-017,36.32059287,139.5461043
並木229,並木町1552-3,並木町(小野茂木),079-018,36.31790258,139.5444609
並木002,並木町1556,並木町(小野茂木),079-019,36.32120727,139.5450198
並木218,並木町1558,並木町(小野茂木),079-020,36.32011874,139.5457385
並木219,並木町1559,並木町(小野茂木),079-021,36.3197838,139.5455793
並木222,並木町1565,並木町(小野茂木),079-022,36.31947128,139.5453325
並木224,並木町1573,並木町(小野茂木),079-023,36.31919886,139.544715
並木223,並木町1576,並木町(小野茂木),079-024,36.31906718,139.5451594
並木232,並木町1576,並木町(小野茂木),079-025,36.31885049,139.5445883
並木225,並木町1577,並木町(小野茂木),079-026,36.31869804,139.54502
並木005,並木町1584,並木町(小野茂木),079-027,36.32107196,139.5461684
並木227,並木町1588,並木町(小野茂木),079-028,36.31815338,139.5449358
並木207,並木町1620-4,並木町(小野茂木),079-029,36.31713568,139.5448325
並木239,並木町1624,並木町(小野茂木),079-030,36.31681519,139.5437874
花岡149,並木町1679-3,並木町(小野茂木),079-031,36.31707157,139.5478599
並木239,並木町1620,並木町（小野茂木）,079-032,36.31648381,139.5434999
花岡057,並木町1149,並木町(大門),080-001,36.32077796,139.550207
花岡048,並木町1156-1,並木町(大門),080-002,36.32080738,139.5509845
花岡610,並木町1156-1,並木町(大門),080-003,36.32098318,139.5515444
花岡613,並木町1159,並木町(大門),080-004,36.32159062,139.5508863
花岡655,並木町1164-2,並木町(大門),080-005,36.32170978,139.5502445
花岡623,並木町1164-3,並木町(大門),080-006,36.32184697,139.5507844
花岡624,並木町1180,並木町(大門),080-007,36.32218613,139.5507866
花岡615,並木町1185-5,並木町(大門),080-008,36.321484,139.5516866
花岡619,並木町1188-4,並木町(大門),080-009,36.32242395,139.5524978
花岡609,並木町1193-4,並木町(大門),080-010,36.32150651,139.5526354
花岡618,並木町1195,並木町(大門),080-011,36.32207121,139.5525068
花岡638,並木町1197,並木町(大門),080-012,36.32181225,139.551884
花岡607,並木町1198-3,並木町(大門),080-013,36.32102069,139.5517781
花岡608,並木町1199,並木町(大門),080-014,36.32123124,139.5521693
花岡605,並木町1201,並木町(大門),080-015,36.32102154,139.5526779
花岡604,並木町1205,並木町(大門),080-016,36.32093375,139.5522916
花岡606,並木町1214,並木町(大門),080-017,36.32098631,139.5530643
花岡632,並木町1217,並木町(大門),080-018,36.32096573,139.5538226
花岡072,並木町1346,並木町(大門),080-019,36.32020996,139.5518006
花岡620,並木町879,並木町(大門),080-020,36.32188786,139.5531443
花岡668,並木町880,並木町(大門),080-021,36.32191954,139.5538192
花岡436,並木町890,並木町(大門),080-022,36.32250986,139.5593821
花岡461,並木町3190-4,並木町（大門）,080-023,36.32093555,139.5585715
花岡439,並木町890-3,並木町（大門）,080-024,36.32253346,139.5584699
花岡041,並木町1364,並木町(花岡),081-001,36.31888318,139.5518317
花岡071,並木町1365,並木町(花岡),081-002,36.31839816,139.5518529
花岡753,並木町1683,並木町(花岡),081-003,36.31687688,139.5492895
花岡141,並木町1685-5,並木町(花岡),081-004,36.31695858,139.5487423
花岡118,並木町1725,並木町(花岡),081-005,36.31629667,139.5504819
花岡117,並木町1725,並木町(花岡),081-006,36.31639916,139.5502995
花岡174,並木町1740-3,並木町(花岡),081-007,36.31619199,139.5511494
花岡125,並木町1747-5,並木町(花岡),081-008,36.31622677,139.5517955
花岡033,並木町1759,並木町(花岡),081-009,36.31673169,139.5531115
花岡209,並木町1763,並木町(花岡),081-010,36.31759666,139.5523518
花岡220,並木町1764-3,並木町(花岡),081-011,36.31688532,139.5527479
花岡070,並木町1765,並木町(花岡),081-012,36.31676806,139.5526343
花岡034,並木町1773,並木町(花岡),081-013,36.31676088,139.5524144
花岡036,並木町1774,並木町(花岡),081-014,36.31680528,139.5519032
花岡035,並木町1774,並木町(花岡),081-015,36.3167317,139.5519247
花岡084,並木町1776,並木町(花岡),081-016,36.31713359,139.5518932
花岡037,並木町1777,並木町(花岡),081-017,36.31741022,139.5519054
花岡114,並木町1783,並木町(花岡),081-018,36.31666748,139.5513716
花岡115,並木町1793-1,並木町(花岡),081-019,36.31656753,139.5507597
花岡159,並木町1794,並木町(花岡),081-020,36.31661498,139.5510466
花岡116,並木町1795,並木町(花岡),081-021,36.3168728,139.5507255
花岡117,並木町1801,並木町(花岡),081-022,36.31653501,139.5505755
花岡119,並木町1802,並木町(花岡),081-023,36.31642866,139.5500033
花岡039,並木町1825,並木町(花岡),081-024,36.31788686,139.5518882
花岡038,並木町1825,並木町(花岡),081-025,36.3176608,139.5518782
花岡032,並木町1844,並木町(花岡),081-026,36.31668009,139.5535143
花岡031,並木町1848,並木町(花岡),081-027,36.31671925,139.5540742
花岡073,並木町1848,並木町(花岡),081-028,36.3166992,139.5538617
花岡073,並木町1856,並木町(花岡),081-029,36.31716473,139.554103
花岡029,並木町1859,並木町(花岡),081-030,36.31676345,139.5549403
花岡028,並木町1862,並木町(花岡),081-031,36.31678533,139.5555118
花岡218,並木町1259,並木町(田中),082-001,36.31813941,139.5564068
花岡277,並木町1259,並木町(田中),082-002,36.31823834,139.5569789
花岡278,並木町1306,並木町(田中),082-003,36.3183619,139.5561229
花岡214,並木町1863,並木町(田中),082-004,36.31704953,139.5556818
花岡223,並木町1866-2,並木町(田中),082-005,36.31758973,139.5559843
花岡215,並木町1866-2,並木町(田中),082-006,36.317342,139.5558393
花岡280,並木町1887,並木町(田中),082-007,36.31913568,139.5561367
花岡217,並木町1888,並木町(田中),082-008,36.31776916,139.5560943
花岡263,並木町1906,並木町(田中),082-009,36.31729365,139.5563265
花岡263,並木町1908-1,並木町(田中),082-010,36.31738199,139.5560238
花岡216,並木町1911,並木町(田中),082-011,36.31716841,139.5560718
花岡207,並木町1912-2,並木町(田中),082-012,36.31695284,139.5560005
花岡027,並木町1912-2,並木町(田中),082-013,36.31673287,139.5559363
免鳥249,並木町1651-2,免鳥町(新田),083-001,36.31470546,139.5475948
免鳥291,並木町1694,免鳥町(新田),083-002,36.31572594,139.5488657
免鳥282,並木町1712-3,免鳥町(新田),083-003,36.31515102,139.5499699
免鳥281,並木町1712-3,免鳥町(新田),083-004,36.31542288,139.5501359
免鳥166,免鳥町104-1,免鳥町(新田),083-005,36.31032236,139.5526074
大橋505,免鳥町111-11,免鳥町(新田),083-006,36.31188996,139.5522649
大橋504,免鳥町111-2,免鳥町(新田),083-007,36.31222244,139.5523042
大橋416,免鳥町130-1,免鳥町(新田),083-008,36.31342394,139.5526947
大橋432,免鳥町142-3,免鳥町(新田),083-009,36.31478027,139.5536168
大橋445,免鳥町147-1,免鳥町(新田),083-010,36.31481221,139.5545971
免鳥283,免鳥町1712,免鳥町(新田),083-011,36.31502267,139.5492835
免鳥283,免鳥町1712-3,免鳥町(新田),083-012,36.31509266,139.5496082
免鳥151,免鳥町174,免鳥町(新田),083-013,36.31468551,139.5515322
免鳥131,免鳥町188,免鳥町(新田),083-014,36.31362229,139.5519181
大橋509,免鳥町197-1,免鳥町(新田),083-015,36.31190804,139.5516793
免鳥123,免鳥町206-1,免鳥町(新田),083-016,36.31171964,139.5501361
大橋511,免鳥町207-1,免鳥町(新田),083-017,36.31219716,139.5509082
免鳥190,免鳥町295,免鳥町(新田),083-018,36.31169973,139.5527031
大橋502,免鳥町295,免鳥町(新田),083-019,36.31279073,139.5526659
花岡162,免鳥町348,免鳥町(新田),083-020,36.31631202,139.5532479
花岡163,免鳥町359-1,免鳥町(新田),083-021,36.31611039,139.5531295
大橋428,免鳥町384-1,免鳥町(新田),083-022,36.31478631,139.5526955
免鳥153,免鳥町386,免鳥町(新田),083-023,36.31419944,139.5519448
免鳥001,免鳥町393,免鳥町(新田),083-024,36.31524567,139.5507009
免鳥002,免鳥町397,免鳥町(新田),083-025,36.31462856,139.550772
免鳥003,免鳥町404-2,免鳥町(新田),083-026,36.31427605,139.5507993
免鳥202,免鳥町413-2,免鳥町(新田),083-027,36.31414829,139.5496772
免鳥203,免鳥町418,免鳥町(新田),083-028,36.31422772,139.5491207
免鳥206,免鳥町419-2,免鳥町(新田),083-029,36.31429882,139.5486974
免鳥271,免鳥町425-9,免鳥町(新田),083-030,36.31383688,139.5481895
免鳥217,免鳥町430-2,免鳥町(新田),083-031,36.31341805,139.5484876
免鳥261,免鳥町430-7,免鳥町(新田),083-032,36.3137728,139.5484908
免鳥205,免鳥町439,免鳥町(新田),083-033,36.31345118,139.5490783
免鳥296,免鳥町448-2,免鳥町(新田),083-034,36.31340977,139.5498975
免鳥201,免鳥町450,免鳥町(新田),083-035,36.3139753,139.5500785
免鳥105,免鳥町475,免鳥町(新田),083-036,36.3121924,139.5495858
免鳥104,免鳥町479,免鳥町(新田),083-037,36.31252289,139.5499625
免鳥007,免鳥町484,免鳥町(新田),083-038,36.3129365,139.5502333
免鳥005,免鳥町487,免鳥町(新田),083-039,36.31330202,139.5504457
免鳥004,免鳥町490,免鳥町(新田),083-040,36.31388305,139.550707
免鳥101,免鳥町490-1,免鳥町(新田),083-041,36.31381945,139.5510996
免鳥130,免鳥町492-1,免鳥町(新田),083-042,36.31371474,139.5514523
免鳥229,並木町1045,免鳥町(市街道),084-001,36.31495669,139.5432375
免鳥247,並木町1607,免鳥町(市街道),084-002,36.31484201,139.5439652
免鳥235,並木町1608-4,免鳥町(市街道),084-003,36.31467313,139.5447563
免鳥248,並木町1651-2,免鳥町(市街道),084-004,36.31462961,139.5472361
免鳥239,並木町1655-1,免鳥町(市街道),084-005,36.31457183,139.5457673
免鳥246,並木町1657,免鳥町(市街道),084-006,36.31458963,139.5466101
免鳥021,免鳥町1010-1,免鳥町(市街道),084-007,36.31338269,139.5436026
免鳥301,免鳥町1010-11,免鳥町(市街道),084-008,36.31279892,139.5438551
免鳥023,免鳥町1010-3,免鳥町(市街道),084-009,36.31281777,139.5434162
免鳥328,免鳥町1014-1,免鳥町(市街道),084-010,36.31278108,139.544155
免鳥118,免鳥町1017,免鳥町(市街道),084-011,36.3126789,139.5446128
免鳥227,免鳥町1026,免鳥町(市街道),084-012,36.31389103,139.543274
免鳥277,免鳥町1028-5,免鳥町(市街道),084-013,36.31405928,139.5440111
免鳥273,免鳥町1031,免鳥町(市街道),084-014,36.31401935,139.5447953
免鳥228,免鳥町1039-1,免鳥町(市街道),084-015,36.31432342,139.5432603
免鳥236,免鳥町1608-4,免鳥町(市街道),084-016,36.31463677,139.5449613
免鳥170,免鳥町530,免鳥町(市街道),084-017,36.31199263,139.5456786
免鳥175,免鳥町542,免鳥町(市街道),084-018,36.31154073,139.5475576
免鳥171,免鳥町542,免鳥町(市街道),084-019,36.31184794,139.5479987
免鳥172,免鳥町548-2,免鳥町(市街道),084-020,36.31196788,139.5463311
免鳥148,免鳥町561,免鳥町(市街道),084-021,36.31252648,139.5476076
免鳥159,免鳥町840,免鳥町(市街道),084-022,36.31192567,139.5471449
免鳥174,免鳥町848,免鳥町(市街道),084-023,36.31254113,139.5463502
免鳥158,免鳥町852,免鳥町(市街道),084-024,36.3119363,139.5475585
免鳥210,免鳥町862-5,免鳥町(市街道),084-025,36.31345551,139.54757
免鳥013,免鳥町862-5,免鳥町(市街道),084-026,36.313122,139.5475898
免鳥709A,免鳥町868,免鳥町(市街道),084-027,36.31307366,139.5464849
免鳥219,免鳥町868-1,免鳥町(市街道),084-028,36.31341111,139.546831
免鳥223,免鳥町873,免鳥町(市街道),084-029,36.31375854,139.5462976
免鳥218,免鳥町873,免鳥町(市街道),084-030,36.31379523,139.5458913
免鳥220,免鳥町875-7,免鳥町(市街道),084-031,36.3138394,139.5467938
免鳥214,免鳥町876-5,免鳥町(市街道),084-032,36.31434129,139.5465184
免鳥255,免鳥町877-2,免鳥町(市街道),084-033,36.3144885,139.5469826
免鳥256,免鳥町877-2,免鳥町(市街道),084-034,36.31432438,139.5469825
免鳥016,免鳥町891,免鳥町(市街道),084-035,36.31326607,139.5458063
免鳥124,免鳥町898-3,免鳥町(市街道),084-036,36.31302722,139.5455399
免鳥128,免鳥町900-1,免鳥町(市街道),084-037,36.31253893,139.5456228
免鳥345,免鳥町980-7,免鳥町(市街道),084-038,36.3108357,139.5439774
免鳥336,免鳥町987-2,免鳥町(市街道),084-039,36.31152903,139.5450512
免鳥119,免鳥町990-2,免鳥町(市街道),084-040,36.31254113,139.5449253
免鳥168,免鳥町990-3,免鳥町(市街道),084-041,36.31215286,139.5451878
免鳥303,免鳥町993-2,免鳥町(市街道),084-042,36.31163064,139.5445812
免鳥024,足利市寺岡町1374-5,免鳥町(市街道),084-043,36.31243059,139.5433787
免鳥055,免鳥町175,免鳥町(免鳥),085-001,36.30557441,139.5504864
免鳥507,免鳥町292-1,免鳥町(免鳥),085-002,36.30502356,139.5485563
免鳥344,免鳥町326,免鳥町(免鳥),085-003,36.30919592,139.5443839
大橋南240,免鳥町45-1,免鳥町(免鳥),085-004,36.30824343,139.5540093
免鳥342,免鳥町496,免鳥町(免鳥),085-005,36.30931422,139.5456802
免鳥339,免鳥町498,免鳥町(免鳥),085-006,36.30948417,139.5443955
免鳥341,免鳥町498,免鳥町(免鳥),085-007,36.30944479,139.5451052
免鳥192,免鳥町533-2,免鳥町(免鳥),085-008,36.31084887,139.545774
免鳥144,免鳥町542-2,免鳥町(免鳥),085-009,36.31062472,139.5474661
免鳥196,免鳥町548-6,免鳥町(免鳥),085-010,36.3117846,139.5487598
免鳥322,免鳥町592-2,免鳥町(免鳥),085-011,36.30744915,139.5480987
免鳥357,免鳥町598,免鳥町(免鳥),085-012,36.30770834,139.5482797
免鳥045,免鳥町601,免鳥町(免鳥),085-013,36.30692091,139.5474176
免鳥044,免鳥町603,免鳥町(免鳥),085-014,36.30686201,139.5468687
免鳥046,免鳥町607,免鳥町(免鳥),085-015,36.30699452,139.5479703
免鳥047,免鳥町607,免鳥町(免鳥),085-016,36.3066326,139.5479854
免鳥512,免鳥町609,免鳥町(免鳥),085-017,36.30647371,139.5487061
免鳥048,免鳥町614,免鳥町(免鳥),085-018,36.30628345,139.5479874
免鳥509,免鳥町622,免鳥町(免鳥),085-019,36.30562796,139.5486329
免鳥051,免鳥町622,免鳥町(免鳥),085-020,36.30567212,139.548784
免鳥050,免鳥町625,免鳥町(免鳥),085-021,36.30560273,139.5481038
村上184,免鳥町678,免鳥町(免鳥),085-022,36.30561435,139.5458089
村上186,免鳥町678,免鳥町(免鳥),085-023,36.30641977,139.5461227
免鳥454,免鳥町688-2,免鳥町(免鳥),085-024,36.3062012,139.5446992
免鳥426,免鳥町696-2,免鳥町(免鳥),085-025,36.30669253,139.5446028
免鳥042,免鳥町702,免鳥町(免鳥),085-026,36.30712277,139.5459005
免鳥041,免鳥町703,免鳥町(免鳥),085-027,36.3074411,139.5459005
免鳥473,免鳥町714,免鳥町(免鳥),085-028,36.30749751,139.545188
免鳥432,免鳥町720,免鳥町(免鳥),085-029,36.30723861,139.5444542
免鳥037,免鳥町724,免鳥町(免鳥),085-030,36.30760581,139.5444626
免鳥306,免鳥町734-2,免鳥町(免鳥),085-031,36.30834742,139.5445166
免鳥037,免鳥町738,免鳥町(免鳥),085-032,36.30761386,139.5445492
免鳥038,免鳥町740-1,免鳥町(免鳥),085-033,36.30769999,139.544983
免鳥326,免鳥町741,免鳥町(免鳥),085-034,36.30826852,139.5458862
免鳥039,免鳥町741,免鳥町(免鳥),085-035,36.30771521,139.5455791
免鳥068,免鳥町741,免鳥町(免鳥),085-036,36.30786355,139.5456113
免鳥040,免鳥町753,免鳥町(免鳥),085-037,36.30775525,139.5458874
免鳥307,免鳥町754,免鳥町(免鳥),085-038,36.30778164,139.5463687
免鳥043,免鳥町759,免鳥町(免鳥),085-039,36.30704919,139.546373
免鳥329,免鳥町764-6,免鳥町(免鳥),085-040,36.3076911,139.5473262
免鳥310,免鳥町768,免鳥町(免鳥),085-041,36.3077036,139.5468604
免鳥311,免鳥町769,免鳥町(免鳥),085-042,36.30794611,139.5468504
免鳥300,免鳥町774,免鳥町(免鳥),085-043,36.3081308,139.5482561
免鳥319,免鳥町778,免鳥町(免鳥),085-044,36.30886824,139.5478103
免鳥320,免鳥町780,免鳥町(免鳥),085-045,36.30840602,139.5478287
免鳥313,免鳥町782,免鳥町(免鳥),085-046,36.30837269,139.5469687
免鳥314,免鳥町783,免鳥町(免鳥),085-047,36.30845264,139.5467079
免鳥185,免鳥町790,免鳥町(免鳥),085-048,36.30941423,139.5473562
免鳥521,免鳥町791,免鳥町(免鳥),085-049,36.30919352,139.5489077
免鳥184,免鳥町791,免鳥町(免鳥),085-050,36.30923232,139.5480599
免鳥035,足利市寺岡町1096,免鳥町(免鳥),085-051,36.30792992,139.543908
免鳥036,足利市寺岡町1096,免鳥町(免鳥),085-052,36.3075386,139.5439881
免鳥072,足利市寺岡町1115,免鳥町(免鳥),085-053,36.30912562,139.5437527
免鳥316,免鳥町785,免鳥町（免鳥）,085-054,36.30894733,139.546775
堀米西500,並木町685,小中町(東・西),086-121,36.32369777,139.5584924
堀米西197,並木町685-3,小中町(東・西),086-123,36.3232225,139.558481
花岡455,堀米町3860-12,小中町(東・西),086-127,36.32240735,139.5596413
花岡454,堀米町3860-15,小中町(東・西),086-128,36.32209741,139.5596435
花岡453,堀米町3860-15,小中町(東・西),086-129,36.32179659,139.5596563
花岡452,堀米町3860-15,小中町(東・西),086-130,36.3214836,139.5596638
花岡288,堀米町3860-4,小中町(東・西),086-131,36.32084337,139.5596414
花岡451,堀米町3860-4,小中町(東・西),086-132,36.32118221,139.5596638
村上123,上羽田町837,村上町,088-001,36.30387388,139.5447157
村上166,上羽田町842,村上町,088-002,36.30360368,139.5443416
村上275,村上町1002,村上町,088-003,36.30151611,139.5337098
村上444A,村上町111-1,村上町,088-004,36.29906183,139.5417222
村上226,村上町1157-2,村上町,088-005,36.30172443,139.5326473
村上298,村上町1170-4,村上町,088-006,36.3030101,139.5315013
村上442A,村上町126-2,村上町,088-007,36.29941174,139.5418455
村上440A,村上町126-2,村上町,088-008,36.29985178,139.541861
村上625,村上町15-1,村上町,088-009,36.29703531,139.5396213
寺岡328,村上町1523-2,村上町,088-010,36.30683006,139.5334363
寺岡316,村上町1551,村上町,088-011,36.30769504,139.5325136
村上417,村上町157-3,村上町,088-012,36.30075305,139.5420068
村上439,村上町166-3,村上町,088-013,36.30160048,139.5421782
寺岡181,村上町1718,村上町,088-014,36.3064115,139.5302526
村上628,村上町17-3,村上町,088-015,36.29781248,139.5412787
村上427,村上町203,村上町,088-016,36.30072082,139.5409161
村上424,村上町204-3,村上町,088-017,36.30136571,139.5413693
村上423,村上町219,村上町,088-018,36.3017935,139.5410918
村上422,村上町230-2,村上町,088-019,36.30177047,139.541701
村上415,村上町235-5,村上町,088-020,36.3014122,139.5429168
村上663,村上町24-5,村上町,088-021,36.29777495,139.5398988
村上403,村上町254-1,村上町,088-022,36.30275041,139.5427692
村上407,村上町257-1,村上町,088-023,36.30235459,139.542257
村上409,村上町259-2,村上町,088-024,36.30264372,139.5414071
村上163,村上町270,村上町,088-025,36.30337366,139.5433303
村上165,村上町280-1,村上町,088-026,36.30372832,139.5439691
村上162,村上町286-2,村上町,088-027,36.30353529,139.5429741
村上029,村上町292,村上町,088-028,36.30357945,139.5421931
村上151,村上町325-2,村上町,088-029,36.30454522,139.5448176
村上119,村上町347,村上町,088-030,36.30518266,139.542128
村上158,村上町354,村上町,088-031,36.30471714,139.5410553
村上139,村上町367-1,村上町,088-032,36.30543614,139.5399357
村上022,村上町371-3,村上町,088-033,36.30444511,139.5390944
村上115,村上町374,村上町,088-034,36.30482267,139.5403129
村上033,村上町376,村上町,088-035,36.30391551,139.5411484
村上024,村上町395,村上町,088-036,36.30432213,139.5399582
村上248,村上町399,村上町,088-037,36.30351715,139.538947
村上411,村上町407-2,村上町,088-038,36.30263141,139.5404635
村上431,村上町408-5,村上町,088-039,36.3031564,139.5407582
村上691,村上町48-4,村上町,088-040,36.29631677,139.5393463
村上262,村上町532-2,村上町,088-041,36.30294801,139.5359285
村上255,村上町561-1,村上町,088-042,36.30307213,139.5334464
村上222,村上町564-1,村上町,088-043,36.30261022,139.5334772
村上231,村上町574,村上町,088-044,36.30316051,139.5350897
村上228,村上町577-1,村上町,088-045,36.30283435,139.5342986
村上446A,村上町78-3,村上町,088-046,36.29844941,139.5414981
村上296,村上町784,村上町,088-047,36.30373933,139.5366562
村上296,村上町785,村上町,088-048,36.30410268,139.5366382
村上264,村上町788,村上町,088-049,36.30356521,139.5360762
村上258,村上町790,村上町,088-050,36.3038588,139.5377673
村上247,村上町795,村上町,088-051,36.30420846,139.5389596
村上016,村上町808-1,村上町,088-052,36.3056342,139.5379411
村上019,村上町814,村上町,088-053,36.30456514,139.5377344
村上017,村上町815,村上町,088-054,36.30523953,139.5379047
村上206,村上町823,村上町,088-055,36.30562247,139.537318
村上209,村上町829,村上町,088-056,36.30469454,139.5370337
村上241,村上町833,村上町,088-057,36.30568664,139.5368436
村上252,村上町848-1,村上町,088-058,36.30510586,139.5348173
村上244,村上町853,村上町,088-059,36.30588083,139.5355962
村上240,村上町856,村上町,088-060,36.30576438,139.5363922
村上239,村上町857,村上町,088-061,36.30529947,139.5364158
村上212,村上町863,村上町,088-062,36.30485337,139.5354862
村上210,村上町864,村上町,088-063,36.30485585,139.5364106
村上467,村上町879-3,村上町,088-064,36.30411844,139.5360537
村上253,村上町901-4,村上町,088-065,36.30459672,139.5345249
村上233,村上町972,村上町,088-066,36.30297018,139.5324723
村上218,村上町972,村上町,088-067,36.30375928,139.5330939
村上261,村上町972-5,村上町,088-068,36.30329927,139.5328087
村上221,村上町973,村上町,088-069,36.30289933,139.5329323
村上224,村上町976-2,村上町,088-070,36.30203888,139.5331123
村上126,免鳥町670,村上町,088-071,36.3052996,139.544789
村上636,上羽田町1003,上羽田町,089-001,36.29507443,139.5423963
村上620,上羽田町1003-2,上羽田町,089-002,36.29558353,139.5426059
村上607,上羽田町1007,上羽田町,089-003,36.29664924,139.5429212
村上428,上羽田町1023-1,上羽田町,089-004,36.3001381,139.5425243
村上067,上羽田町1061-1,上羽田町,089-005,36.29159088,139.544206
村上802,上羽田町1064,上羽田町,089-006,36.29424728,139.5420796
村上632,上羽田町1089,上羽田町,089-007,36.29487918,139.5446511
村上064,上羽田町1183-1,上羽田町,089-008,36.29231477,139.5447963
村上634,上羽田町1210,上羽田町,089-009,36.29488862,139.543637
村上060,上羽田町1217,上羽田町,089-010,36.29404235,139.5452144
村上061,上羽田町1218,上羽田町,089-011,36.29352628,139.5451395
村上637,上羽田町1220,上羽田町,089-012,36.2936088,139.5446384
村上696,上羽田町1242,上羽田町,089-013,36.29242418,139.5437535
村上768A,上羽田町173-2,上羽田町,089-014,36.29209812,139.5466412
村上379,上羽田町180-1,上羽田町,089-015,36.29220229,139.5454711
村上354,上羽田町186-4,上羽田町,089-016,36.29290024,139.5450984
村上332,上羽田町187,上羽田町,089-017,36.29283722,139.5456872
村上331,上羽田町216,上羽田町,089-018,36.29390877,139.5467086
村上058,上羽田町224,上羽田町,089-019,36.29459034,139.5454444
村上056,上羽田町227-1,上羽田町,089-020,36.29534311,139.5459436
村上057,上羽田町227-2,上羽田町,089-021,36.29507199,139.5457485
村上763A,上羽田町291,上羽田町,089-022,36.29386073,139.5471968
村上750A,上羽田町387,上羽田町,089-023,36.29803285,139.5480018
村上756A,上羽田町421-1,上羽田町,089-024,36.29596306,139.5478068
村上052,上羽田町428,上羽田町,089-025,36.2969818,139.5462742
村上068,上羽田町428,上羽田町,089-026,36.29678517,139.5462879
村上395,上羽田町433,上羽田町,089-027,36.29758757,139.5467345
村上032,上羽田町435,上羽田町,089-028,36.29763456,139.5462217
村上050,上羽田町435,上羽田町,089-029,36.29780259,139.5461979
村上049,上羽田町439,上羽田町,089-030,36.29826165,139.5461417
村上746A,上羽田町447,上羽田町,089-031,36.29894087,139.5480329
村上075,上羽田町447-1,上羽田町,089-032,36.29907027,139.5478333
村上073,上羽田町476,上羽田町,089-033,36.29905661,139.5470969
村上309,上羽田町477-2,上羽田町,089-034,36.29866919,139.5470758
村上072,上羽田町478,上羽田町,089-035,36.29905028,139.5465969
村上314,上羽田町479-1,上羽田町,089-036,36.2986494,139.5466017
村上048,上羽田町480,上羽田町,089-037,36.2986578,139.5460806
村上047,上羽田町481,上羽田町,089-038,36.29904497,139.5459995
村上046,上羽田町482,上羽田町,089-039,36.2993669,139.5459583
村上338,上羽田町483-2,上羽田町,089-040,36.29994984,139.5462208
村上338,上羽田町484,上羽田町,089-041,36.2999357,139.5463733
村上311,上羽田町485-3,上羽田町,089-042,36.29939802,139.5464583
村上305,上羽田町488,上羽田町,089-043,36.29986765,139.5470879
村上304,上羽田町489,上羽田町,089-044,36.29947325,139.547088
村上171,上羽田町555,上羽田町,089-045,36.30088344,139.5501006
村上743A,上羽田町639,上羽田町,089-046,36.29992765,139.5480569
村上385,上羽田町640-2,上羽田町,089-047,36.29997819,139.5476704
村上086,上羽田町674,上羽田町,089-048,36.30106926,139.5468757
村上335,上羽田町676-1,上羽田町,089-049,36.30035425,139.5469744
村上384,上羽田町678,上羽田町,089-050,36.29995904,139.5473518
村上334,上羽田町680-1,上羽田町,089-051,36.29994653,139.546833
村上301,上羽田町690,上羽田町,089-052,36.30014229,139.5456341
村上302,上羽田町690,上羽田町,089-053,36.29986096,139.5458044
村上302,上羽田町690,上羽田町,089-054,36.29987821,139.545593
村上303,上羽田町690,上羽田町,089-055,36.30049424,139.5455591
村上657,上羽田町939,上羽田町,089-056,36.29797082,139.5432336
村上149,上羽田町781,上羽田町,089-057,36.3037715,139.5466631
村上145,上羽田町796,上羽田町,089-058,36.30241157,139.5451655
村上437,上羽田町829,上羽田町,089-059,36.30000345,139.5437485
村上188,上羽田町834-5,上羽田町,089-060,36.30396451,139.5451082
村上128,上羽田町846-12,上羽田町,089-061,36.30335479,139.5447705
村上131,上羽田町853,上羽田町,089-062,36.30393198,139.5459717
村上038,上羽田町880,上羽田町,089-063,36.30197711,139.5442506
村上091,上羽田町889-2,上羽田町,089-064,36.30105613,139.5450483
村上661,上羽田町929,上羽田町,089-065,36.29882077,139.5434408
村上089,上羽田町693-2,上羽田町,089-066,36.30084783,139.5455666
村上655,上羽田町943-1,上羽田町,089-067,36.29737425,139.5430806
村上658,上羽田町951,上羽田町,089-068,36.29823916,139.5422809
村上649,上羽田町965-2,上羽田町,089-069,36.29754032,139.542102
村上676,上羽田町983,上羽田町,089-070,36.29699123,139.5454729
村上054,上羽田町986,上羽田町,089-071,36.29629683,139.5462396
村上055,上羽田町988,上羽田町,089-072,36.29576361,139.546226
村上610,上羽田町996,上羽田町,089-073,36.29693177,139.5420247
村上035,上羽田町845,上羽田町,089-074,36.30309403,139.5445366
羽田023,下羽田町1000,下羽田町,090-001,36.2895719,139.5438213
羽田240,下羽田町1001,下羽田町,090-002,36.28555394,139.5429399
羽田266A,下羽田町1021-5,下羽田町,090-003,36.28455829,139.5434166
羽田038,下羽田町1025,下羽田町,090-004,36.28474912,139.5439152
羽田075,下羽田町1028-7,下羽田町,090-005,36.28446825,139.5445359
羽田346,下羽田町1034,下羽田町,090-006,36.28449131,139.5453162
羽田080,下羽田町1042,下羽田町,090-007,36.28391174,139.545031
羽田250,下羽田町1095-2,下羽田町,090-018,36.28395968,139.5436849
高橋104,下羽田町1112-1,下羽田町,090-021,36.2836733,139.5422578
高橋218,下羽田町1118,下羽田町,090-023,36.28548206,139.5414753
高橋001A,下羽田町1118,下羽田町,090-024,36.28462491,139.5420539
高橋005,下羽田町1120,下羽田町,090-025,36.28508373,139.5406403
羽田221,下羽田町1129,下羽田町,090-026,36.29122729,139.5416386
羽田232,下羽田町1129,下羽田町,090-027,36.2873629,139.5407991
羽田225,下羽田町1129,下羽田町,090-028,36.28993493,139.5414109
高橋225,下羽田町1129,下羽田町,090-029,36.28659524,139.5403753
羽田229,下羽田町1129,下羽田町,090-030,36.28847449,139.5411465
羽田029,下羽田町500,下羽田町,090-038,36.28817793,139.5435739
羽田306,下羽田町605-1,下羽田町,090-039,36.28928838,139.5461838
羽田359,下羽田町605-1,下羽田町,090-040,36.28790437,139.5459211
羽田234,下羽田町700,下羽田町,090-041,36.28972773,139.5423723
羽田351,下羽田町763,下羽田町,090-042,36.28587814,139.5454787
羽田353,下羽田町763-3,下羽田町,090-043,36.28645362,139.5456347
羽田163,下羽田町773,下羽田町,090-044,36.28432837,139.5476108
羽田161,下羽田町776-2,下羽田町,090-045,36.28432057,139.5463864
羽田033,下羽田町964,下羽田町,090-048,36.28681188,139.5433974
羽田321,下羽田町966-1,下羽田町,090-049,36.2854204,139.544179
羽田345,下羽田町975-1,下羽田町,090-050,36.28513324,139.5454434
羽田325,下羽田町979,下羽田町,090-051,36.28481715,139.5460739
羽田349,下羽田町982-1,下羽田町,090-052,36.2853415,139.5452101
羽田036,下羽田町991-1,下羽田町,090-053,36.28570979,139.5436176
村上807,上羽田町1242-2,下羽田町,090-054,36.29273295,139.5418197
村上805,上羽田町1242-2,下羽田町,090-055,36.29325988,139.5419114
上高橋226,高橋町1051,高橋町,091-001,36.29449339,139.5313505
上高橋205,高橋町1051,高橋町,091-002,36.29500998,139.5292441
上高橋102,高橋町1219,高橋町,091-004,36.29240384,139.5283221
高橋638,高橋町1249,高橋町,091-005,36.28970227,139.5322703
上高橋036,高橋町1689,高橋町,091-006,36.29343647,139.5268915
高橋618,高橋町1692,高橋町,091-007,36.29123819,139.5314353
高橋116,高橋町183,高橋町,091-008,36.28378155,139.5373768
上高橋124,高橋町1945-2,高橋町,091-009,36.2951548,139.5233085
上高橋120,高橋町1966-2,高橋町,091-010,36.29534001,139.5215057
上高橋117,高橋町1969,高橋町,091-011,36.29466345,139.5220682
上高橋108,高橋町2002,高橋町,091-012,36.29299704,139.5237196
上高橋130,高橋町2005,高橋町,091-013,36.29330945,139.5227918
上高橋113,高橋町2017,高橋町,091-014,36.29501591,139.5228224
上高橋133,高橋町2020,高橋町,091-015,36.29470688,139.5237659
上高橋140,高橋町2047-1,高橋町,091-016,36.29345583,139.5243972
上高橋254,高橋町2066-5,高橋町,091-017,36.29479773,139.5264597
上高橋015,高橋町2079,高橋町,091-018,36.29428499,139.5248442
高橋155,高橋町209,高橋町,091-019,36.2840115,139.5361905
上高橋129,高橋町2110,高橋町,091-020,36.29583981,139.5231856
上高橋126,高橋町2111,高橋町,091-021,36.29565261,139.5238073
上高橋017,高橋町2124,高橋町,091-022,36.29488576,139.5251192
上高橋023,高橋町2124,高橋町,091-023,36.29589151,139.5256846
上高橋155,高橋町2134,高橋町,091-024,36.2965417,139.5245347
高橋152,高橋町217-3,高橋町,091-025,36.28462065,139.5350216
上高橋143,高橋町2221,高橋町,091-026,36.29702408,139.5218296
上高橋123,高橋町2221-1,高橋町,091-027,36.29620914,139.5217224
上高橋158,高橋町2251-2,高橋町,091-028,36.2968572,139.5231273
高橋125,高橋町231,高橋町,091-029,36.28546974,139.5360005
高橋111,高橋町233-1,高橋町,091-030,36.28502061,139.5365318
高橋128,高橋町238,高橋町,091-031,36.28537392,139.5376293
高橋129,高橋町272,高橋町,091-032,36.28519617,139.5380593
高橋145,高橋町275-2,高橋町,091-033,36.28588854,139.5363516
高橋039,高橋町309-1,高橋町,091-034,36.28620103,139.5378862
高橋037,高橋町309-1,高橋町,091-035,36.28568858,139.5386992
高橋042A,高橋町313,高橋町,091-036,36.28661959,139.5367601
高橋026,高橋町344,高橋町,091-037,36.28684264,139.5397153
高橋014,高橋町344-1,高橋町,091-038,36.28748206,139.5398841
高橋244,高橋町353,高橋町,091-039,36.28817777,139.5383861
高橋263,高橋町356-1,高橋町,091-040,36.2887369,139.5387075
高橋237,高橋町360-1,高橋町,091-041,36.28778426,139.5377617
高橋214,高橋町361,高橋町,091-042,36.28812947,139.5369665
高橋251,高橋町361,高橋町,091-043,36.2886208,139.5371661
高橋286,高橋町459,高橋町,091-044,36.29129306,139.5370464
高橋283,高橋町459,高橋町,091-045,36.29037978,139.5365678
高橋288,高橋町459,高橋町,091-046,36.29185158,139.5374102
高橋231,高橋町459-2,高橋町,091-047,36.28970759,139.5362367
高橋252,高橋町459-2,高橋町,091-048,36.28903743,139.5373739
高橋210,高橋町501,高橋町,091-049,36.2882766,139.5356413
高橋048,高橋町542-1,高橋町,091-050,36.28794891,139.5353938
高橋053,高橋町551-3,高橋町,091-051,36.28654759,139.5342677
高橋137,高橋町581,高橋町,091-052,36.28585767,139.5352477
高橋015,高橋町586,高橋町,091-053,36.28573023,139.5336242
高橋016,高橋町589,高橋町,091-054,36.2859935,139.5331967
高橋019,高橋町594,高橋町,091-055,36.28666366,139.5322518
高橋247,高橋町798,高橋町,091-056,36.28899322,139.534059
高橋030,高橋町680-1,高橋町,091-057,36.29075986,139.529219
高橋603,高橋町685,高橋町,091-058,36.29176112,139.5302995
高橋028,高橋町688,高橋町,091-059,36.29031133,139.530264
高橋610,高橋町693-1,高橋町,091-060,36.29063217,139.530968
高橋617,高橋町693-1,高橋町,091-061,36.29065963,139.5312092
高橋632,高橋町701,高橋町,091-062,36.28944974,139.5309145
高橋653,高橋町737,高橋町,091-063,36.28888011,139.5303357
高橋023,高橋町737,高橋町,091-064,36.28765106,139.5308782
高橋204,高橋町781,高橋町,091-065,36.2868742,139.5338328
高橋259,高橋町783,高橋町,091-066,36.28767693,139.5345002
高橋245,高橋町798,高橋町,091-067,36.28867324,139.5346251
高橋645,高橋町594,高橋町,091-068,36.28717254,139.532617
高橋228,高橋町798,高橋町,091-069,36.28903322,139.5358964
羽田277,上羽田町387,高橋町,091-070,36.29009906,139.5396474
高橋622,高橋町1219,高橋町,091-071,36.29239617,139.5318701
大和123,,金屋仲町,017-010,36.31140878,139.5766765
大和155,,金屋仲町,017-009,36.31146027,139.5754342
富岡950,富岡町245-1,富岡町(南部),063-070,36.3157858,139.5904734
恵比寿228,富岡町327,富岡町(南部),063-069,36.31460617,139.5869273
高砂004,若松町9000,若松町（第一協和会）,021-014,36.31623477,139.5797737
大和133,金屋仲町2422,金屋仲町,017-003,36.31131711,139.5763797
天明133,金井上町2270,金井上町,018-007,36.31079643,139.5741168
天明133,金井上町2270,金井上町,018-006,36.31077354,139.574119
天明134,金井上町9000,金井上町,018-013,36.31079552,139.5738643
天明160,金井上町2248,金井上町,018-002,36.31083064,139.5735578
大和227,上台町9000,上台町,026-060,36.30791001,139.5772139
大蔵058,朝日町840-20,朝日町,008-025,36.31608653,139.5713407
大蔵055,朝日町834-1,朝日町,008-023,36.31610576,139.5731295
大蔵102,朝日町2924,朝日町,008-006,36.31517466,139.5744184
大蔵103,朝日町702,朝日町,008-010,36.31567637,139.5744449
海陸西879,町赤坂町991-5,赤坂町,039-249,36.30036674,139.5696473
赤坂010,七軒町2174,七軒町,027-015,36.30717901,139.5736301
赤坂109,七軒町2169,七軒町,027-011,36.30712892,139.5738045
赤坂109,七軒町2170,七軒町,027-012,36.30705933,139.5742564
赤坂119,七軒町2201,七軒町,027-032,36.30525454,139.5734318
植野220,植野町1858-3,植野町(台南),029-015,36.3045115,139.5747925
植野152,植野町2066-1,植野町(泉),028-046,36.30621632,139.5782191
泉町001,植野町2052,植野町(泉),028-042,36.30752153,139.5784645
泉町208,植上町1738,植上町,030-142,36.30326727,139.5791568
黒袴572,高萩町1299-2,高萩町,045-047,36.30328291,139.6036284
米山406,米山南町1185-12,関川町,053-100,36.32201393,139.6104903
安良町101,堀米町269,堀米町(安良町上),069-010,36.32292346,139.585044
安良町102,堀米町304-5,堀米町(安良町上),069-031,36.32313126,139.5851153
安良町109,堀米町306,堀米町(安良町上),069-033,36.32412684,139.5851753
安良町161,堀米町305-1,堀米町(安良町上),069-032,36.32379486,139.5851551
安良町111,堀米町246,堀米町(内堀米),072-071,36.32418899,139.5844198
安良町162,堀米町1097,堀米町(内堀米),072-026,36.32391489,139.5840637
安良町106,堀米町252-3,堀米町(内堀米),072-072,36.32370274,139.5845465
仲町403,堀米町3,堀米町(安良町下),068-007,36.32285731,139.5916426
仲町409,犬伏上町1890,犬伏上町,048-010,36.32264878,139.592368
仲町657,犬伏上町1891,犬伏上町,048-011,36.32209406,139.5925105
仲町631,犬伏上町1878,犬伏上町,048-008,36.32191978,139.5923027
内堀米147A,堀米町1107,堀米町(内堀米),072-030,36.32341723,139.5817092
内堀米148A,堀米町1117-1,堀米町(内堀米),072-037,36.32375637,139.5815767
内堀米016,堀米町1117,堀米町(内堀米),072-016,36.32379929,139.5819709
内堀米135,堀米町1115,堀米町(内堀米),072-035,36.32365587,139.5811043
内堀米007,堀米町9000,堀米町(内堀米),072-095,36.32405119,139.5820104
久保110,堀米町111,堀米町(横手),071-003,36.32075763,139.5847493
久保107,堀米町9000,堀米町(横手),071-017,36.32000539,139.5847746
久保412A,堀米町1225,堀米町(横手),071-007,36.31984217,139.5846487
久保411A,堀米町120,堀米町(横手),071-006,36.3195912,139.5846617
久保109,堀米町125,堀米町(横手),071-008,36.32037029,139.5842455
久保414A,堀米町127,堀米町(横手),071-009,36.32040299,139.5846255
久保108,堀米町112,堀米町(横手),071-004,36.32038336,139.5847635
久保001,堀米町184-1,堀米町(内堀米),072-054,36.32153394,139.581973
久保367,堀米町152,堀米町(内堀米),072-046,36.32147131,139.5827461
久保175,堀米町162,堀米町(内堀米),072-048,36.32063215,139.5827991
久保121,堀米町163,堀米町(内堀米),072-050,36.32006566,139.5828234
久保127,若松町272-17,若松町(城東),023-001,36.32007296,139.5824346
久保119,堀米町163,堀米町(内堀米),072-049,36.3200586,139.5834119
久保104,堀米町158,堀米町(内堀米),072-047,36.31946387,139.583418
久保118,堀米町163,堀米町(内堀米),072-051,36.32041304,139.5833951
久保116,堀米町174,堀米町(内堀米),072-052,36.32107802,139.5833613
久保115,堀米町277,堀米町(内堀米),072-074,36.32156195,139.5833391
久保705A,堀米町180,堀米町(内堀米),072-053,36.32193749,139.5832825
内堀米053,堀米町1110,堀米町(内堀米),072-033,36.32209247,139.5833076
内堀米052,堀米町202,堀米町(内堀米),072-059,36.32206544,139.5827086
内堀米201,堀米町201,堀米町(内堀米),072-057,36.32235946,139.5826362
内堀米238,堀米町193-2,堀米町(内堀米),072-055,36.32278828,139.5825903
内堀米204,堀米町212,堀米町(内堀米),072-061,36.32290802,139.5828315
内堀米203,堀米町1110,堀米町(内堀米),072-032,36.3229151,139.5832415
内堀米202,堀米町198,堀米町(内堀米),072-010,36.32253158,139.5832694
内堀米207,堀米町1101,堀米町(内堀米),072-028,36.32326654,139.5832128
内堀米209,堀米町1099,堀米町(内堀米),072-027,36.32365466,139.5831841
内堀米212,堀米町2042,堀米町(内堀米),072-060,36.32397005,139.5831597
朱雀058,堀米町1659,堀米町(朱雀),073-068,36.32373671,139.5735673
天神302,堀米町1645,堀米町(朱雀),073-066,36.32334325,139.5729615
天神303,堀米町1637,堀米町(朱雀),073-064,36.32317576,139.5729471
天神298,堀米町1645,堀米町(朱雀),073-067,36.32339517,139.5718927
天神309,堀米町1681,堀米町(朱雀),073-069,36.32334255,139.5711155
天神374,堀米町1686,堀米町(朱雀),073-071,36.32354696,139.5711185
天神346,堀米町1682,堀米町(朱雀),073-070,36.3225927,139.5704634
天神088,堀米町1624,堀米町(朱雀),073-062,36.32242437,139.5736919
天神087,堀米町1623,堀米町(朱雀),073-061,36.32242039,139.5741445
天神131,堀米町1624,堀米町(朱雀),073-063,36.32186271,139.5734115
朱雀055,堀米町1616,堀米町(朱雀),073-060,36.32337645,139.5747212
朱雀054,堀米町1616,堀米町(朱雀),073-059,36.32323237,139.5751961
朱雀178,堀米町1611,堀米町(朱雀),073-058,36.32344808,139.5753798
朱雀109,堀米町3960-8,堀米町(朱雀),073-120,36.32349517,139.5759452
朱雀192,堀米町1750,堀米町(朱雀),073-076,36.32407109,139.5749459
朱雀803,堀米町3949-1,堀米町(朱雀),073-117,36.32341036,139.576361
朱雀002,堀米町1203,堀米町(朱雀),073-007,36.32308722,139.5769771
朱雀003,堀米町1203,堀米町(朱雀),073-008,36.3234324,139.5771
朱雀004,堀米町1205,堀米町(朱雀),073-009,36.32356797,139.5771899
朱雀237,堀米町1199-8,堀米町(朱雀),073-006,36.32320426,139.5773809
朱雀202,堀米町602,堀米町(朱雀),073-129,36.32276973,139.5778303
内堀米113,堀米町1190,堀米町(朱雀),073-005,36.32291567,139.5790276
内堀米114,堀米町1184,堀米町(朱雀),073-004,36.32329001,139.5790471
内堀米115,堀米町1157-20,堀米町(朱雀),073-002,36.32354531,139.5790742
若松011,若松町519-1,若松町(城西),024-014,36.31712862,139.5780199
若宮743,植上町1785,植上町,030-162,36.30137701,139.5791073
新晃147,浅沼町306,浅沼町,064-102,36.31000814,139.5853602
大原513,若宮下町18-33,若宮下町,034-039,36.29310669,139.5893005
若松132,若松町373-2,若松町(城東),023-019,36.32006154,139.5808624
犬伏025,犬伏下町1955,犬伏中町,049-003,36.32272668,139.5985455
若宮223,植下町517,植下町,032-105,36.29749354,139.5814242
高萩365,高萩町345,高萩町,045-120,36.29700098,139.5952712
米山414,関川町1185-15,関川町,053-001,36.32170621,139.6106204
米山444,関川町1192-2,関川町,053-003,36.3231558,139.6116316
米山447,関川町1193-9,関川町,053-004,36.32338075,139.6119665
米山442,関川町1196,関川町,053-005,36.32311193,139.611254
米山438,関川町1196-15,関川町,053-006,36.32298997,139.6109067
米山457,関川町1196-2,関川町,053-007,36.32330439,139.6116129
米山837A,関川町1896-10,関川町,053-009,36.32284596,139.6140861
町谷118,関川町407-4,関川町,053-010,36.32131989,139.6183337
町谷124,関川町412-3,関川町,053-011,36.32056832,139.618687
町谷026,関川町503,関川町,053-012,36.31942241,139.6139518
町谷019,関川町535,関川町,053-013,36.32095949,139.6142717
町谷021,関川町538,関川町,053-014,36.3204187,139.61421
町谷122,関川町618,関川町,053-015,36.32183706,139.6192483
米山037,関川町710,関川町,053-021,36.32417255,139.6173523
米山036,関川町720,関川町,053-022,36.32421109,139.616886
米山289,関川町725-10,関川町,053-026,36.32409415,139.6158672
米山290,関川町725-12,関川町,053-027,36.32384337,139.6159424
米山291,関川町725-14,関川町,053-028,36.32349507,139.6160185
米山290,関川町725-20,関川町,053-029,36.32376869,139.616261
米山807A,関川町833,関川町,053-043,36.32322531,139.61325
米山840A,関川町836,関川町,053-044,36.32279066,139.6135139
米山448,関川町859,関川町,053-045,36.3236852,139.6119179
米山803,関川町874-4,関川町,053-047,36.32421239,139.6131077
米山269,関川町9000,関川町,053-053,36.32410238,139.6126378
米山821,関川町900-14,関川町,053-054,36.32367224,139.6135391
米山820,関川町900-19,関川町,053-055,36.32390938,139.6135001
米山834,関川町903-18,関川町,053-058,36.32364499,139.6127892
米山832,関川町903-19,関川町,053-059,36.32389155,139.6127752
米山804,関川町903-24,関川町,053-060,36.32405996,139.6131424
米山805,関川町903-26,関川町,053-061,36.32363494,139.6133002
米山420A,関川町906,関川町,053-063,36.32259338,139.6116163
米山425A,関川町906-11,関川町,053-064,36.32248284,139.611738
米山427A,関川町906-12,関川町,053-065,36.32174097,139.6118669
米山421A,関川町906-12,関川町,053-066,36.32261614,139.6119815
米山428A,関川町906-13,関川町,053-067,36.32250535,139.6121151
米山423A,関川町906-27,関川町,053-068,36.32270171,139.6127339
米山431A,関川町906-28,関川町,053-069,36.32251539,139.6124765
米山453,関川町906-32,関川町,053-070,36.32303061,139.6125554
米山404,関川町914-10,関川町,053-072,36.32255339,139.6111966
米山418,関川町914-19,関川町,053-073,36.3213696,139.6107271
米山407,関川町914-8,関川町,053-074,36.32230587,139.6111769
米山411,関川町915,関川町,053-075,36.32188209,139.6112767
米山409,関川町915-1,関川町,053-076,36.32205346,139.6111003
米山416,関川町918-11,関川町,053-077,36.32150541,139.6113006
米山432A,関川町926,関川町,053-078,36.32224869,139.6125204
米山429A,関川町926,関川町,053-079,36.32213763,139.6121668
米山436A,関川町926,関川町,053-080,36.32200874,139.61294
米山426A,関川町926-15,関川町,053-081,36.32206928,139.611808
米山430A,関川町926-2,関川町,053-082,36.32186599,139.6122141
米山433A,関川町926-24,関川町,053-083,36.32181685,139.6125943
米山454,関川町933-15,関川町,053-084,36.32306617,139.6128726
米山434A,関川町933-8,関川町,053-085,36.32260171,139.6128586
米山841A,関川町936-11,関川町,053-086,36.3227617,139.6132039
米山808A,関川町936-6,関川町,053-087,36.32293148,139.6132914
米山823A,関川町937-13,関川町,053-088,36.32325563,139.6136627
米山824A,関川町937-15,関川町,053-089,36.32299895,139.6136191
米山814A,関川町940-15,関川町,053-090,36.323355,139.6138891
米山815A,関川町940-16,関川町,053-091,36.32320449,139.6139363
米山816A,関川町940-17,関川町,053-092,36.32300868,139.6139602
米山818A,関川町940-4,関川町,053-093,36.32257174,139.6140089
米山822,関川町940-5,関川町,053-094,36.32344751,139.6135649
米山827A,関川町942-10,関川町,053-095,36.32236183,139.61381
米山828A,関川町942-10,関川町,053-096,36.32237463,139.6140528
米山839A,関川町942-10,関川町,053-097,36.32279368,139.6137375
米山829A,関川町942-4,関川町,053-098,36.32239874,139.6136392
米山830A,関川町942-51,関川町,053-099,36.32216714,139.6136528
米山441,関川町1196-11,関川町,053-101,36.32279363,139.6113166
米山443,関川町1195-9,関川町,053-102,36.3228111,139.6117018
米山445,関川町906-38,関川町,053-103,36.32285782,139.6120601
米山446,関川町906-42,関川町,053-104,36.32311667,139.6120143
米山269,関川町840-5,米山南町,054-001,36.32421019,139.6125053
町谷651,関川町328,町谷町,055-001,36.32322479,139.6238477
町谷237,町谷町110-2,町谷町,055-002,36.32375961,139.6313909
町谷234,町谷町110-2,町谷町,055-003,36.32401208,139.6312431
町谷643,町谷町222,町谷町,055-013,36.32332291,139.6269399
町谷247,町谷町225,町谷町,055-014,36.3235573,139.6268153
町谷209,町谷町230,町谷町,055-015,36.32410221,139.6257778
町谷644,町谷町232,町谷町,055-016,36.32369952,139.6268713
町谷211,町谷町232,町谷町,055-017,36.32428863,139.6266838
町谷646,町谷町235,町谷町,055-020,36.32413397,139.6272036
町谷642,町谷町2948,町谷町,055-027,36.32295661,139.6268753
町谷207,町谷町303,町谷町,055-028,36.32390145,139.6248155
町谷602,町谷町315,町谷町,055-029,36.32337283,139.6241317
町谷652,町谷町327-2,町谷町,055-030,36.32305062,139.6235156
町谷645,町谷町224-1,町谷町,055-040,36.32389813,139.6270099
工団東244,伊勢山町14-13,伊勢山町,056-013,36.32133688,139.6116481
工団東140,伊勢山町1561-3,伊勢山町,056-020,36.31903825,139.6117796
三毳西334,西浦町152-1,西浦町,065-002,36.29574187,139.6181322
三毳西317,西浦町155,西浦町,065-003,36.29719087,139.6178881
三毳西321,西浦町231,西浦町,065-004,36.29654755,139.6164982
三毳西316,西浦町235-1,西浦町,065-005,36.29730965,139.6162896
三毳西313,西浦町613,西浦町,065-006,36.29737113,139.6174942
三毳西082,西浦町254,西浦町,065-007,36.29750072,139.6156461
三毳西079,西浦町269-1,西浦町,065-008,36.29867115,139.6161075
三毳西365,西浦町279-1,西浦町,065-009,36.29863125,139.6178648
三毳西077,西浦町371-3,西浦町,065-010,36.29977626,139.6160371
三毳西307,西浦町386-1,西浦町,065-011,36.3003449,139.6173473
三毳西072,西浦町397,西浦町,065-012,36.30022649,139.6160132
三毳西303,西浦町410,西浦町,065-013,36.30080475,139.6166107
三毳西310,西浦町413,西浦町,065-014,36.30166465,139.6162107
三毳西306,西浦町413,西浦町,065-015,36.30123136,139.6163798
三毳西319,西浦町414,西浦町,065-016,36.29649876,139.6183272
三毳西085,西浦町414,西浦町,065-017,36.29650755,139.6153712
三毳西192,西浦町436,西浦町,065-018,36.30191627,139.6156522
三毳西257,西浦町457,西浦町,065-019,36.30126799,139.6142773
三毳西252,西浦町462-2,西浦町,065-020,36.30239757,139.6146772
三毳西014,西浦町469,西浦町,065-021,36.30266421,139.6151921
三毳西509A,西浦町469-3,西浦町,065-022,36.30310134,139.6146558
三毳西191,西浦町474-2,西浦町,065-023,36.30244008,139.6157474
三毳西013,西浦町484,西浦町,065-024,36.30296614,139.6153924
三毳西190,西浦町492,西浦町,065-025,36.30265678,139.6158657
三毳西212,西浦町516,西浦町,065-026,36.30381578,139.6159399
三毳西275,西浦町522,西浦町,065-027,36.30641374,139.6133958
三毳西272,西浦町522,西浦町,065-028,36.30796542,139.6135196
三毳西185,西浦町550,西浦町,065-029,36.30356532,139.6171859
三毳西181,西浦町562,西浦町,065-030,36.30465266,139.6174091
三毳西183,西浦町562-1,西浦町,065-031,36.30407491,139.6172397
三毳西703,西浦町617,西浦町,065-032,36.30461108,139.6182879
三毳西713,西浦町617,西浦町,065-033,36.30535237,139.6183842
三毳西179,西浦町629-1,西浦町,065-034,36.30541063,139.6176055
三毳西715,西浦町648,西浦町,065-035,36.30600392,139.6185981
三毳西506A,西浦町872-1,西浦町,065-036,36.3042348,139.61442
三毳西508A,西浦町872-2,西浦町,065-037,36.30350324,139.6145673
三毳西270,西浦町9000,西浦町,065-039,36.30871341,139.6135797
三毳西274,西浦町9000,西浦町,065-040,36.30724474,139.6134572
三毳西316,西浦町252-1,西浦町,065-041,36.29748603,139.6163408
三毳西708,西浦町1112,西浦町,065-042,36.30463441,139.6197394
三毳西529,西浦町872-1,鐙塚町,066-002,36.30496495,139.6118902
三毳西729,黒袴町10,黒袴町,067-001,36.31144268,139.6241419
三毳西719,黒袴町1213,黒袴町,067-002,36.31164787,139.6229985
三毳西285,黒袴町1527,黒袴町,067-003,36.31686914,139.6135293
三毳西727,黒袴町23,黒袴町,067-004,36.31150009,139.6234223
三毳西410,黒袴町237,黒袴町,067-005,36.31415867,139.6140366
工団東371,黒袴町415-3,黒袴町,067-006,36.31675491,139.6117058
三毳西047,黒袴町237,黒袴町,067-007,36.31158613,139.6138223
三毳西284,黒袴町415-6,黒袴町,067-008,36.31713748,139.6151729
三毳西282,黒袴町415-6,黒袴町,067-009,36.31700631,139.6143641
三毳西406,黒袴町415-6,黒袴町,067-010,36.31524461,139.6141271
三毳西281,黒袴町415-7,黒袴町,067-011,36.31675193,139.6137042
三毳西243,黒袴町438,黒袴町,067-012,36.31485222,139.6169117
三毳西241,黒袴町462-1,黒袴町,067-013,36.31489448,139.6177042
三毳西033,黒袴町472,黒袴町,067-014,36.31346057,139.618215
三毳西224,黒袴町472,黒袴町,067-015,36.31379577,139.6186739
三毳西035,黒袴町481,黒袴町,067-016,36.31314972,139.617664
三毳西036,黒袴町490,黒袴町,067-017,36.31284912,139.6169551
三毳西044,黒袴町495-5,黒袴町,067-018,36.31221828,139.6139192
三毳西037,黒袴町498,黒袴町,067-019,36.31251138,139.6167869
三毳西038,黒袴町499,黒袴町,067-020,36.31243665,139.6162316
三毳西131,黒袴町508,黒袴町,067-021,36.31256845,139.618295
三毳西131,黒袴町508,黒袴町,067-022,36.3123843,139.6182828
三毳西130,黒袴町518-2,黒袴町,067-023,36.31275147,139.6186301
三毳西129,黒袴町522,黒袴町,067-024,36.31303338,139.6190766
三毳西032,黒袴町527,黒袴町,067-025,36.31353633,139.6187464
三毳西021,黒袴町530-1,黒袴町,067-026,36.3143227,139.6188516
三毳西193,黒袴町535,黒袴町,067-027,36.31326806,139.6195251
三毳西120,黒袴町573,黒袴町,067-028,36.31278511,139.6198526
三毳西112,黒袴町573,黒袴町,067-029,36.31275679,139.6205984
三毳西716,黒袴町589-1,黒袴町,067-030,36.31238439,139.621465
町谷532,黒袴町612,黒袴町,067-031,36.3156215,139.6234585
町谷530,黒袴町629,黒袴町,067-032,36.31633059,139.6228747
町谷524,黒袴町630-1,黒袴町,067-033,36.31638221,139.6216384
町谷520,黒袴町689-1,黒袴町,067-034,36.31711021,139.6228335
町谷536,黒袴町696-3,黒袴町,067-035,36.31780461,139.6233792
町谷539,黒袴町717,黒袴町,067-036,36.31810453,139.6223432
三毳西011,黒袴町782-5,黒袴町,067-037,36.31551196,139.6197748
三毳西029,黒袴町815-1,黒袴町,067-038,36.31509447,139.6183552
三毳西210,黒袴町839-7,黒袴町,067-039,36.31559718,139.6177452
三毳西206,黒袴町854,黒袴町,067-040,36.31609848,139.6172516
三毳西209,黒袴町861,黒袴町,067-041,36.31672507,139.6167675
三毳西237,黒袴町869,黒袴町,067-042,36.31689336,139.6162803
三毳西225,黒袴町870,黒袴町,067-043,36.31719527,139.6158225
三毳西246,黒袴町884,黒袴町,067-044,36.31450473,139.6157469
三毳西239,黒袴町916-1,黒袴町,067-045,36.31703586,139.6155401
三毳西050,黒袴町497-1,黒袴町,067-046,36.31060991,139.6137434
三毳西201,黒袴町939-7,黒袴町,067-047,36.31541945,139.6179441
三毳西234,黒袴町972,黒袴町,067-048,36.31784266,139.6150865
町谷032,黒袴町991,黒袴町,067-049,36.31847555,139.6135216
米山836A,関川町896-6,関川町,053-049,36.32316365,139.6143238
米山451,関川町905,関川町,053-062,36.32334736,139.6123322
米山450,関川町906-32,関川町,053-071,36.32315489,139.6123584
米山809,関川町903-12,関川町,053-057,36.32331121,139.6128146
米山810,関川町900-8,関川町,053-056,36.3233499,139.6130743
仲町324,犬伏上町1924,犬伏上町,048-026,36.32769423,139.5941391
仲町303,犬伏上町2174,犬伏上町,048-028,36.3248354,139.5945945
仲町302,犬伏上町2176,犬伏上町,048-029,36.32453789,139.5945931
仲町320,犬伏上町2178,犬伏上町,048-031,36.3274048,139.5937158
仲町011,犬伏上町2189,犬伏上町,048-033,36.32437958,139.5935354
仲町111,犬伏上町2200,犬伏上町,048-035,36.32541862,139.5922157
仲町103,犬伏上町2213,犬伏上町,048-036,36.32469253,139.5924286
仲町114,犬伏上町2231,犬伏上町,048-037,36.32625266,139.5921254
仲町323,犬伏上町2235,犬伏上町,048-038,36.32692732,139.5930959
仲町361,犬伏上町2236-10,犬伏上町,048-039,36.32616655,139.5934992
仲町360,犬伏上町2236-8,犬伏上町,048-040,36.32644434,139.5933706
仲町343,犬伏上町2238,犬伏上町,048-041,36.32572301,139.5936645
仲町314,犬伏上町2242-1,犬伏上町,048-042,36.32690349,139.5939333
仲町312,犬伏上町2244,犬伏上町,048-043,36.32610242,139.594237
仲町317,犬伏上町2247-5,犬伏上町,048-044,36.32743231,139.5943608
仲町339,犬伏上町2248,犬伏上町,048-045,36.32687983,139.5945826
仲町322,犬伏上町2786-2,犬伏上町,048-046,36.32720976,139.5929533
仲町154,犬伏上町2801,犬伏上町,048-047,36.32811718,139.5916195
仲町155,犬伏上町2801,犬伏上町,048-048,36.32840541,139.5915318
犬伏304,犬伏下町2184,犬伏中町,049-006,36.32491629,139.5979792
仲町019,犬伏上町2157,犬伏中町,049-008,36.32430961,139.5960455
仲町308,犬伏上町2248,犬伏中町,049-009,36.32574782,139.5948933
仲町309,犬伏上町2259-2,犬伏中町,049-010,36.32588253,139.595419
仲町347,犬伏上町2262,犬伏中町,049-011,36.32732398,139.5954465
仲町330,犬伏上町2750-6,犬伏中町,049-012,36.32986444,139.5938867
仲町329,犬伏上町2752,犬伏中町,049-013,36.32962787,139.5935331
仲町326,犬伏上町2769-1,犬伏中町,049-014,36.32843386,139.593799
仲町348,犬伏上町2781,犬伏中町,049-015,36.32813085,139.5955592
仲町328,犬伏上町561,犬伏中町,049-016,36.32917731,139.5936154
仲町351,犬伏中町1781,犬伏中町,049-017,36.32795726,139.5951956
仲町023,犬伏中町2150,犬伏中町,049-027,36.32452908,139.5976915
犬伏364,犬伏中町2152-9,犬伏中町,049-028,36.32523209,139.5971067
仲町333,犬伏中町2159,犬伏中町,049-029,36.32484849,139.5965057
仲町319,犬伏中町2256-9,犬伏中町,049-031,36.32744532,139.5950532
仲町379,犬伏中町2261-7,犬伏中町,049-032,36.32707763,139.5958353
犬伏372,犬伏中町2266-11,犬伏中町,049-034,36.32761316,139.5963306
犬伏376,犬伏中町2266-15,犬伏中町,049-035,36.3277048,139.5960053
犬伏375,犬伏中町2266-19,犬伏中町,049-036,36.32737736,139.596
犬伏371,犬伏中町2266-9,犬伏中町,049-037,36.32761708,139.5966281
犬伏338,犬伏中町2269-21,犬伏中町,049-038,36.32658022,139.5963354
犬伏330,犬伏中町2269-4,犬伏中町,049-039,36.32621495,139.5961628
犬伏329,犬伏中町2269-5,犬伏中町,049-040,36.32583173,139.596299
犬伏380,犬伏中町2270,犬伏中町,049-041,36.32551926,139.5963443
仲町334,犬伏中町2270,犬伏中町,049-042,36.32512931,139.5964066
犬伏325,犬伏中町2273,犬伏中町,049-043,36.32592588,139.5972414
犬伏308,犬伏中町2273,犬伏中町,049-044,36.32663161,139.5975749
犬伏306,犬伏中町2274,犬伏中町,049-045,36.32582174,139.5977678
犬伏326,犬伏中町2274,犬伏中町,049-046,36.32590531,139.596725
犬伏370,犬伏中町2275,犬伏中町,049-047,36.32609669,139.5977077
犬伏367,犬伏中町2275-21,犬伏中町,049-048,36.32642023,139.5973303
犬伏301,犬伏中町2277,犬伏中町,049-049,36.32720407,139.5969705
犬伏322,犬伏中町2278,犬伏中町,049-050,36.32827173,139.5967927
犬伏311,犬伏中町2278-1,犬伏中町,049-051,36.32768897,139.5973416
犬伏317,犬伏中町2278-20,犬伏中町,049-052,36.32770062,139.596898
仲町352,犬伏中町2279,犬伏中町,049-053,36.32821723,139.5963049
犬伏320,犬伏下町2156,犬伏中町,049-054,36.32799311,139.5973676
仲町021,犬伏中町9000,犬伏中町,049-058,36.32442717,139.5968804
犬伏555A,犬伏下町1983,犬伏下町,050-033,36.32463393,139.5997726
犬伏557A,犬伏下町1992,犬伏下町,050-036,36.32471863,139.6004126
犬伏558A,犬伏下町1994,犬伏下町,050-037,36.32475805,139.6007061
犬伏751A,犬伏下町2010-7,犬伏下町,050-039,36.32436792,139.6024912
富士155A,犬伏下町2115-3,犬伏下町,050-040,36.32557437,139.6023524
犬伏525,犬伏下町2116,犬伏下町,050-041,36.32509696,139.6021152
犬伏522,犬伏下町2124,犬伏下町,050-042,36.32496112,139.6010402
犬伏517,犬伏下町2131,犬伏下町,050-043,36.32487056,139.6003512
富士508,犬伏下町2134-5,犬伏下町,050-044,36.32615506,139.60003
犬伏505,犬伏下町2141,犬伏下町,050-045,36.32543544,139.5993179
犬伏506,犬伏下町2141,犬伏下町,050-046,36.32575127,139.5993301
犬伏503,犬伏下町2141-7,犬伏下町,050-047,36.32473445,139.5992801
犬伏504,犬伏下町2141-8,犬伏下町,050-048,36.32509049,139.5993029
犬伏501,犬伏下町2144-4,犬伏下町,050-049,36.32464216,139.598593
犬伏312,犬伏下町2281,犬伏下町,050-050,36.32802503,139.5976049
犬伏313,犬伏下町2281-3,犬伏下町,050-051,36.32751435,139.5977737
犬伏346,犬伏下町2282-17,犬伏下町,050-052,36.32715657,139.5976955
富士528,犬伏下町2285,犬伏下町,050-053,36.32700056,139.5998102
富士525,犬伏下町2285,犬伏下町,050-054,36.32645282,139.5997452
富士524,犬伏下町2285,犬伏下町,050-055,36.32622675,139.5996837
犬伏365,犬伏下町2285,犬伏下町,050-056,36.32659167,139.5987129
犬伏365,犬伏下町2285,犬伏下町,050-057,36.32659166,139.5988001
富士522,犬伏下町2285,犬伏下町,050-058,36.32713523,139.5998211
犬伏357,犬伏下町2285,犬伏下町,050-059,36.32589008,139.5988304
犬伏356,犬伏下町2285,犬伏下町,050-060,36.32587176,139.598178
犬伏506,犬伏下町2285,犬伏下町,050-061,36.32603206,139.5995812
犬伏349,犬伏下町2286-28,犬伏下町,050-062,36.3273966,139.5986676
犬伏350,犬伏下町2286-3,犬伏下町,050-063,36.32735772,139.5992037
犬伏332,犬伏下町2286-47,犬伏下町,050-064,36.32762434,139.5984337
犬伏353,犬伏下町2286-9,犬伏下町,050-065,36.32727998,139.5997303
犬伏361,犬伏下町2288-3,犬伏下町,050-066,36.32800683,139.5998102
富士519,犬伏下町2292-13,犬伏下町,050-067,36.32751297,139.6007551
富士518,犬伏下町2292-4,犬伏下町,050-068,36.3280593,139.6006509
富士515,犬伏下町2293-6,犬伏下町,050-069,36.32785745,139.6009436
富士520,犬伏下町2294-2,犬伏下町,050-070,36.3272733,139.6005573
富士521,犬伏下町2298,犬伏下町,050-071,36.32696526,139.600331
富士522,犬伏下町2298,犬伏下町,050-072,36.32707163,139.5999277
富士504,犬伏下町2299-11,犬伏下町,050-073,36.32655281,139.6002274
富士506,犬伏下町2300-12,犬伏下町,050-074,36.32635261,139.6005827
富士509,犬伏下町2301-3,犬伏下町,050-075,36.32610264,139.6005575
富士523,犬伏下町2304-3,犬伏下町,050-076,36.3268442,139.6007838
富士512,犬伏下町2308-13,犬伏下町,050-077,36.32774689,139.6018408
富士108,犬伏下町2309-3,犬伏下町,050-078,36.32813379,139.6021149
富士109,犬伏下町2309-7,犬伏下町,050-079,36.32774276,139.6021308
富士111,犬伏下町2310,犬伏下町,050-080,36.32692365,139.6022058
富士110,犬伏下町2310,犬伏下町,050-081,36.32740475,139.6021586
富士199,犬伏下町2315,犬伏下町,050-082,36.32669153,139.60223
富士503,犬伏下町2317-3,犬伏下町,050-083,36.32667178,139.6014326
富士545,犬伏下町2318-8,犬伏下町,050-084,36.32627868,139.6010813
富士543,犬伏下町2321-6,犬伏下町,050-085,36.32593213,139.6017709
富士502,犬伏下町2326,犬伏下町,050-086,36.32671922,139.60173
富士533,犬伏下町2422,犬伏下町,050-087,36.32826626,139.600201
犬伏336,犬伏下町2424-1,犬伏下町,050-088,36.3284498,139.5981978
犬伏310,犬伏中町2278,犬伏下町,050-090,36.32742428,139.5973929
富士157,犬伏下町2335,犬伏新町,051-002,36.32704006,139.6028849
米山632,犬伏新町1280,犬伏新町,051-004,36.32451627,139.6060632
米山605,犬伏新町1281,犬伏新町,051-005,36.3248935,139.6057096
米山043,犬伏新町1298,犬伏新町,051-009,36.32430157,139.6043572
富士113,犬伏新町2331,犬伏新町,051-013,36.32649292,139.6026183
富士163,犬伏新町1764,犬伏新町,051-030,36.32617688,139.6028711
富士182,犬伏新町1764,犬伏新町,051-031,36.32692764,139.6038074
米山614,犬伏新町1864,犬伏新町,051-032,36.32494955,139.6062284
米山601,犬伏新町1864,犬伏新町,051-033,36.3248182,139.6047436
米山607,犬伏新町1868,犬伏新町,051-034,36.32533793,139.6068547
富士112,犬伏新町1990,犬伏新町,051-035,36.32647933,139.6023487
米山358,犬伏新町2019,犬伏新町,051-036,36.32457457,139.6030895
米山350,犬伏新町2025,犬伏新町,051-037,36.3246487,139.6036784
米山602,犬伏新町2038-2,犬伏新町,051-038,36.32486067,139.6051299
米山615,犬伏新町2060,犬伏新町,051-039,36.32502545,139.6070422
米山613,犬伏新町2060-210,犬伏新町,051-040,36.32492127,139.6066648
米山611,犬伏新町2060-26,犬伏新町,051-041,36.32432166,139.6066681
米山620,犬伏新町2060-32,犬伏新町,051-042,36.32509713,139.6078646
米山619,犬伏新町2060-36,犬伏新町,051-043,36.32480545,139.607278
米山616,犬伏新町2060-38,犬伏新町,051-044,36.32526734,139.6071769
米山617,犬伏新町2060-40,犬伏新町,051-045,36.32526127,139.6074469
米山255,犬伏新町2075,犬伏新町,051-046,36.32600641,139.6059072
富士199,犬伏新町2328-1,犬伏新町,051-047,36.32673868,139.6023298
富士117,犬伏新町2330,犬伏新町,051-048,36.32681291,139.6028233
富士174,犬伏新町2331,犬伏新町,051-050,36.32603021,139.6026676
富士114,犬伏新町2331,犬伏新町,051-051,36.32657289,139.6030525
富士171,犬伏新町2333-1,犬伏新町,051-052,36.32705788,139.6032474
富士111,犬伏新町2334,犬伏新町,051-053,36.32715199,139.6022783
富士189,犬伏新町2334-8,犬伏新町,051-054,36.3273414,139.6034257
富士108,犬伏新町2342,犬伏新町,051-055,36.32825904,139.60224
富士197,犬伏新町2348,犬伏新町,051-056,36.32659183,139.6035282
富士152,犬伏新町2350,犬伏新町,051-057,36.32600688,139.6022995
富士175,犬伏新町2350-2,犬伏新町,051-058,36.32604794,139.6028862
富士246A,犬伏新町2351-20,犬伏新町,051-059,36.32617689,139.6039549
富士240A,犬伏新町2351-32,犬伏新町,051-060,36.32605971,139.6043707
富士244A,犬伏新町2351-7,犬伏新町,051-061,36.32668547,139.6041868
富士253,犬伏新町2358,犬伏新町,051-062,36.32636048,139.6058881
富士005,犬伏新町2360,犬伏新町,051-063,36.32715682,139.6052594
富士201,犬伏新町2360-6,犬伏新町,051-064,36.32709186,139.6056519
富士289,犬伏新町2370,犬伏新町,051-065,36.32670305,139.6071193
富士288,犬伏新町2397,犬伏新町,051-066,36.32685186,139.6065566
富士003,犬伏新町2397-3,犬伏新町,051-067,36.32643881,139.6051822
富士180,犬伏新町2403-13,犬伏新町,051-068,36.32764285,139.6038346
米山042,犬伏新町9000,犬伏新町,051-069,36.3247929,139.6043324
富士203,犬伏新町9000,犬伏新町,051-072,36.32740375,139.6071496
富士169,大栗町2343,犬伏新町,051-074,36.32831573,139.6028932
富士178,大栗町2403-5,犬伏新町,051-075,36.32835941,139.6036232
富士164,犬伏新町2401,犬伏新町,051-078,36.32628683,139.603335
米山051,犬伏新町2030,犬伏新町,051-079,36.32501533,139.6040008
米山052,犬伏新町1306-4,犬伏新町,051-080,36.32464459,139.6040686
米山001,犬伏新町2113,犬伏新町,051-081,36.32517776,139.602655
米山002,犬伏新町2109,犬伏新町,051-082,36.32520946,139.6029211
米山003,犬伏新町2106-1,犬伏新町,051-083,36.32525364,139.6032125
米山004,犬伏新町2105,犬伏新町,051-084,36.3253025,139.6035447
米山005,犬伏新町2100,犬伏新町,051-085,36.32535641,139.6039247
米山008,犬伏新町2084,犬伏新町,051-086,36.32553307,139.6052048
米山009,犬伏新町2079,犬伏新町,051-087,36.32558284,139.6055898
米山011,犬伏新町2070-1,犬伏新町,051-088,36.32569782,139.6064355
米山103,犬伏新町2372-1,犬伏新町,051-089,36.32707798,139.6081244
米山104,犬伏新町2376-2,犬伏新町,051-090,36.3273285,139.6085852
富士002,犬伏新町2082,犬伏新町,051-091,36.32615217,139.605167
米山007,犬伏新町2092,犬伏新町,051-092,36.32545562,139.604621
米山007,犬伏新町2092,犬伏新町,051-093,36.3257564,139.604446
米山627,米山南町42,米山南町,052-067,36.32437223,139.6082471
米山626,米山南町42,米山南町,052-068,36.32446802,139.6086195
米山630,米山南町44-11,米山南町,052-070,36.32458468,139.6090729
米山639,米山南町44-15,米山南町,052-071,36.32428448,139.6094153
米山636,米山南町44-7,米山南町,052-075,36.3247383,139.6093853
米山019,関川町813,関川町,053-038,36.3263195,139.6097251
米山152,関川町814,関川町,053-039,36.32652372,139.610155
米山272,関川町817,関川町,053-040,36.32578213,139.6101893
米山284,関川町818-3,関川町,053-041,36.32535965,139.6103054
米山274,関川町820-1,関川町,053-042,36.3253416,139.609954
米山018,関川町9000,関川町,053-050,36.32646836,139.609418
米山182,韮川町278-1,韮川町,057-005,36.32894004,139.608669
米山109,韮川町278-1,韮川町,057-006,36.32957991,139.6087918
米山113,韮川町293,韮川町,057-007,36.33068261,139.6097049
米山111,韮川町293,韮川町,057-008,36.33021849,139.6091949
大栗207,韮川町297,韮川町,057-009,36.33125171,139.609869
米山117,韮川町297,韮川町,057-010,36.33125168,139.6093691
大栗205,韮川町344-1,韮川町,057-011,36.3320774,139.609739
大栗234A,韮川町351-3,韮川町,057-012,36.3325341,139.6102839
大栗223A,韮川町358-3,韮川町,057-013,36.33325121,139.6103647
大栗115,韮川町381,韮川町,057-014,36.33421525,139.6097099
米山106,韮川町388,韮川町,057-015,36.32838255,139.6086376
大栗222,韮川町390,韮川町,057-016,36.33330122,139.6100683
大栗203,韮川町399,韮川町,057-017,36.33250792,139.6089624
大栗054A,韮川町470-1,韮川町,057-018,36.33484078,139.6105085
富士364,富士町1015,富士町(上),058-001,36.34341635,139.6033149
富士327,富士町1019,富士町(上),058-002,36.34364576,139.6022102
富士331,富士町1025,富士町(上),058-003,36.3460944,139.605111
富士049,富士町1029,富士町(上),058-004,36.34288391,139.6030516
富士432,富士町1067,富士町(上),058-005,36.34246318,139.6046823
富士369,富士町1084,富士町(上),058-006,36.34733905,139.6063383
富士421,富士町1117,富士町(上),058-007,36.34184666,139.6048475
富士054,富士町1128,富士町(上),058-008,36.34547125,139.6060973
富士334,富士町1191,富士町(上),058-009,36.34617381,139.6040313
富士368,富士町1205,富士町(上),058-010,36.34700542,139.6058287
富士056,富士町1215,富士町(上),058-011,36.3463322,139.6068858
富士061,富士町1253,富士町(上),058-012,36.34793682,139.6077459
富士096,富士町1265,富士町(上),058-013,36.34919275,139.607752
富士063,富士町1296,富士町(上),058-014,36.34995516,139.6081458
富士340,富士町1331,富士町(上),058-015,36.3517183,139.6077116
富士066,富士町1338,富士町(上),058-016,36.35100397,139.6087255
富士478,富士町1338,富士町(上),058-017,36.35012295,139.608418
富士362,富士町1338,富士町(上),058-018,36.35125222,139.6083604
富士067,富士町1358,富士町(上),058-019,36.35167725,139.6089326
富士069,富士町1367,富士町(上),058-020,36.35246216,139.6094078
富士454,富士町579,富士町(上),058-021,36.3396769,139.6045866
富士408,富士町587-1,富士町(上),058-022,36.34120921,139.6045723
富士430,富士町588,富士町(上),058-023,36.34171524,139.6041326
富士037,富士町614,富士町(上),058-024,36.33974042,139.6020963
富士603,富士町618,富士町(上),058-025,36.34165097,139.6019268
富士072,富士町633,富士町(上),058-026,36.33793398,139.6024077
富士030,富士町638-1,富士町(上),058-027,36.33722716,139.6026689
富士033,富士町671,富士町(上),058-028,36.33862642,139.6022216
富士347,富士町714,富士町(上),058-029,36.34673944,139.599469
富士074,富士町729,富士町(上),058-030,36.34043645,139.6020377
富士304,富士町736,富士町(上),058-031,36.34025583,139.6006441
富士344,富士町736,富士町(上),058-032,36.34009917,139.5996168
富士376,富士町785,富士町(上),058-033,36.34186985,139.6011194
富士092,富士町826,富士町(上),058-034,36.34271147,139.6040198
富士615,富士町844,富士町(上),058-035,36.34395454,139.5999876
富士378,富士町849,富士町(上),058-036,36.3425631,139.6006043
富士309,富士町852,富士町(上),058-037,36.34468194,139.6000265
富士314,富士町880,富士町(上),058-038,36.34608534,139.5993066
富士312,富士町883,富士町(上),058-039,36.34551098,139.5991344
富士399,富士町9000,富士町(上),058-040,36.34519871,139.6046358
富士436,富士町9000,富士町(上),058-041,36.34337232,139.6054521
富士606,富士町9000,富士町(上),058-042,36.34288726,139.6017976
富士387,富士町915-2,富士町(上),058-043,36.34412543,139.6037639
富士052,富士町918-2,富士町(上),058-044,36.34437378,139.6052013
富士353,富士町928,富士町(上),058-045,36.34720268,139.598684
富士317,富士町992,富士町(上),058-046,36.34778428,139.5995164
富士095,富士町1301,富士町（上）,058-047,36.34909604,139.6073185
富士613,町富士見町852,富士町（上）,058-048,36.34401653,139.6007201
富士378,町富士見町849,富士町（上）,058-049,36.342903,139.6004391
富士156,大栗町217-2,富士町(下),059-001,36.33255441,139.6022819
富士382,大栗町327,富士町(下),059-002,36.33407609,139.6023644
富士029,富士町147,富士町(下),059-003,36.33687994,139.6028755
富士213,富士町147,富士町(下),059-004,36.33292639,139.6065343
富士209,富士町147,富士町(下),059-005,36.33298527,139.6056479
富士016,富士町182,富士町(下),059-006,36.3316145,139.6038868
富士021,富士町191,富士町(下),059-007,36.33282863,139.6048428
富士019,富士町198,富士町(下),059-008,36.33284966,139.6039203
富士131,富士町209-7,富士町(下),059-009,36.33164788,139.6031569
富士139,富士町210,富士町(下),059-010,36.33169922,139.6025756
富士139,富士町211-4,富士町(下),059-011,36.33165588,139.6023033
富士383,富士町284,富士町(下),059-012,36.33444023,139.6024215
富士073,富士町298-1,富士町(下),059-013,36.33649581,139.6031019
富士356,富士町302-3,富士町(下),059-014,36.33598675,139.6026716
富士358,富士町310,富士町(下),059-015,36.33545016,139.6025942
富士384,富士町310-1,富士町(下),059-016,36.33482744,139.6024842
富士137,富士町327-1,富士町(下),059-017,36.3332346,139.6022819
富士081,富士町330,富士町(下),059-018,36.33331878,139.603969
富士426,富士町350,富士町(下),059-019,36.33544436,139.6045918
富士027,富士町351,富士町(下),059-020,36.33553931,139.6037677
大栗102,富士町361,富士町(下),059-021,36.33479697,139.6049166
大栗033,富士町378,富士町(下),059-022,36.3336238,139.6048777
大栗034,富士町380,富士町(下),059-023,36.33397844,139.6052018
大栗104,富士町380,富士町(下),059-024,36.33417097,139.605875
大栗107,富士町380-1,富士町(下),059-025,36.3343226,139.6066042
富士025,富士町422-1,富士町(下),059-026,36.33426669,139.6039441
富士079,富士町50,富士町(下),059-027,36.33110457,139.6040321
富士205,富士町58,富士町(下),059-028,36.33047502,139.6052079
富士012,富士町63,富士町(下),059-029,36.3299342,139.6043746
富士227,富士町68,富士町(下),059-030,36.32990398,139.605967
富士231,富士町90,富士町(下),059-031,36.33107161,139.6064594
富士010,犬伏新町2407-3,大栗町,060-001,36.32871826,139.6044047
富士716,犬伏中町2441-1,大栗町,060-002,36.33012981,139.5979427
富士717,犬伏中町2442-1,大栗町,060-003,36.33025289,139.59765
富士719,犬伏中町2492,大栗町,060-004,36.33040862,139.5968711
富士725,犬伏中町2525,大栗町,060-005,36.33146267,139.598021
富士751,大栗町123-4,大栗町,060-006,36.32967332,139.6019132
富士730,大栗町125,大栗町,060-007,36.32971577,139.6012647
富士731,大栗町125,大栗町,060-008,36.32971579,139.6009497
富士709,大栗町126,大栗町,060-009,36.32966666,139.6003861
富士709,大栗町126,大栗町,060-010,36.32983629,139.6003911
富士702,大栗町137-2,大栗町,060-011,36.32943795,139.5981936
富士704,大栗町137-2,大栗町,060-012,36.32878641,139.5983278
富士712,大栗町146-1,大栗町,060-013,36.33007624,139.5989827
富士711,大栗町151,大栗町,060-014,36.32993401,139.5993912
富士710,大栗町152,大栗町,060-015,36.32977075,139.5997859
富士723,大栗町2524-6,大栗町,060-016,36.33081227,139.598041
富士724,大栗町2525,大栗町,060-017,36.33112722,139.5981101
富士728,大栗町2542,大栗町,060-018,36.33240342,139.5976074
富士008,大栗町39,大栗町,060-019,36.32833002,139.6049343
富士009,大栗町43,大栗町,060-020,36.32871075,139.6049046
富士183,大栗町6-1,大栗町,060-021,36.32781869,139.6046344
富士709,大栗町78,大栗町,060-022,36.33005411,139.6004286
富士708,大栗町78-2,大栗町,060-023,36.32965166,139.6006475
富士159,大栗町87-5,大栗町,060-024,36.32963977,139.6021845
富士103,大栗町89-1,大栗町,060-025,36.32916312,139.6029906
富士078,大栗町9-5,大栗町,060-026,36.32783029,139.6050455
仲町134,堀米町127,堀米町(安良町下),068-001,36.32426095,139.5902624
安良町518,堀米町338-1,堀米町(安良町下),068-008,36.3243317,139.5891163
安良町516,堀米町340,堀米町(安良町下),068-009,36.32477335,139.5889085
安良町581A,堀米町346,堀米町(安良町下),068-010,36.3248061,139.5883061
仲町129,堀米町391,堀米町(安良町下),068-017,36.32647902,139.5917521
仲町139,堀米町394-18,堀米町(安良町下),068-018,36.32694449,139.5907983
仲町118,堀米町394-8,堀米町(安良町下),068-019,36.32712748,139.5911696
仲町119,堀米町397-6,堀米町(安良町下),068-020,36.32741002,139.5910757
仲町158,堀米町407,堀米町(安良町下),068-021,36.32939221,139.5909534
仲町167,堀米町413-7,堀米町(安良町下),068-022,36.32890865,139.5905843
仲町164,堀米町415,堀米町(安良町下),068-023,36.32850039,139.5909931
仲町125,堀米町417-8,堀米町(安良町下),068-024,36.32776879,139.5909732
仲町123,堀米町419-3,堀米町(安良町下),068-026,36.3279824,139.5902704
仲町120,堀米町419-8,堀米町(安良町下),068-027,36.32801299,139.5908193
仲町128,堀米町42-1,堀米町(安良町下),068-028,36.32852955,139.5906593
仲町135,堀米町421-3,堀米町(安良町下),068-029,36.32747215,139.5906055
仲町137,堀米町450,堀米町(安良町下),068-030,36.32503243,139.5896859
仲町179,堀米町456,堀米町(安良町下),068-031,36.3271597,139.589197
仲町182,堀米町456,堀米町(安良町下),068-032,36.32728389,139.5901233
仲町184,堀米町456,堀米町(安良町下),068-033,36.32770993,139.589112
仲町186,堀米町456,堀米町(安良町下),068-034,36.32760466,139.5900844
安良町527,堀米町460,堀米町(安良町下),068-037,36.3276254,139.5877946
安良町535,堀米町476,堀米町(安良町下),068-038,36.32931466,139.5879755
安良町544,堀米町478,堀米町(安良町下),068-039,36.32939384,139.5884387
安良町537,堀米町754,堀米町(安良町下),068-040,36.3303295,139.5878447
安良町547,堀米町814,堀米町(安良町下),068-041,36.32878195,139.5891347
安良町545,堀米町816,堀米町(安良町下),068-042,36.32850956,139.5889461
安良町564,堀米町816,堀米町(安良町下),068-043,36.32909585,139.5894379
安良町530,堀米町816,堀米町(安良町下),068-044,36.32821896,139.588712
安良町539,堀米町816,堀米町(安良町下),068-045,36.32813123,139.5892236
安良町546,堀米町816-24,堀米町(安良町下),068-046,36.32842316,139.5892686
仲町138,堀米町845,堀米町(安良町下),068-047,36.32508498,139.5902173
安良町529A,堀米町460-1,堀米町（安良町下）,068-048,36.32812235,139.5882296
安良町566,,堀米町(安良町下),068-051,36.3289584,139.590051
仲町153,堀米町392-2,堀米町（安良町下）,068-053,36.32657009,139.591458
安良町512,堀米町288,堀米町(安良町上),069-021,36.32422751,139.5881901
安良町160,堀米町314-5,堀米町(安良町上),069-039,36.32490129,139.5859513
安良町531,堀米町323-14,堀米町(安良町上),069-040,36.32433164,139.5871102
安良町541,堀米町325-4,堀米町(安良町上),069-041,36.3252743,139.5876436
安良町588,堀米町328,堀米町(安良町上),069-042,36.32493024,139.5875362
安良町508,堀米町328-9,堀米町(安良町上),069-043,36.32469581,139.5875287
安良町582A,堀米町332,堀米町(安良町上),069-044,36.32494606,139.5877764
安良町528,堀米町489-2,堀米町(安良町上),069-046,36.32807702,139.5877495
安良町139,堀米町496-5,堀米町(安良町上),069-047,36.32773653,139.5870097
安良町138,堀米町501-2,堀米町(安良町上),069-048,36.32730465,139.5868388
安良町578,堀米町509-3,堀米町(安良町上),069-049,36.32804597,139.5874199
安良町563,堀米町522,堀米町(安良町上),069-050,36.32607979,139.5873486
安良町524,堀米町522,堀米町(安良町上),069-051,36.32629426,139.587901
安良町522,堀米町522,堀米町(安良町上),069-052,36.32545098,139.5879664
安良町552,堀米町522-9,堀米町(安良町上),069-053,36.32563735,139.5875636
安良町132,堀米町535-3,堀米町(安良町上),069-055,36.32670078,139.585955
安良町144,堀米町536,堀米町(安良町上),069-056,36.32661243,139.5856412
安良町182,堀米町536,堀米町(安良町上),069-058,36.32627836,139.5857412
安良町507,堀米町54,堀米町(安良町上),069-060,36.32446751,139.5875273
安良町133,堀米町552,堀米町(安良町上),069-063,36.32679966,139.5862687
安良町584A,堀米町294,堀米町(七区),070-002,36.3249982,139.5868349
安良町315,堀米町294,堀米町(七区),070-003,36.32440528,139.5868926
安良町316,堀米町294-5,堀米町(七区),070-006,36.32445161,139.5860238
安良町311,堀米町9000,堀米町(七区),070-009,36.32499238,139.5864626
安良町586A,堀米町9000,堀米町(七区),070-010,36.32465303,139.5868012
安良町309,堀米町9000,堀米町(七区),070-012,36.32444829,139.5864677
安良町310,堀米町9000,堀米町(七区),070-013,36.32474991,139.586449
内堀米232,堀米町1092,堀米町(内堀米),072-024,36.32493235,139.5824316
内堀米233,堀米町1113,堀米町(内堀米),072-034,36.32512896,139.5819813
内堀米227,堀米町1146,堀米町(内堀米),072-044,36.32523807,139.5813255
安良町149,堀米町227-15,堀米町(内堀米),072-062,36.32500176,139.5840314
安良町159,堀米町227-18,堀米町(内堀米),072-063,36.32494542,139.5843739
安良町120,堀米町238,堀米町(内堀米),072-067,36.3250901,139.5846466
安良町146,堀米町552-7,堀米町(内堀米),072-075,36.32720155,139.585054
水道212,堀米町660,堀米町(内堀米),072-086,36.33026616,139.5842814
水道220,堀米町661-2,堀米町(内堀米),072-088,36.32950538,139.5832398
水道238,堀米町665-4,堀米町(内堀米),072-090,36.32937928,139.5833638
水道208,堀米町9000,堀米町(内堀米),072-093,36.32730454,139.5832299
水道277,堀米町990,堀米町(内堀米),072-099,36.32849351,139.5815151
水道276,堀米町999-4,堀米町(内堀米),072-100,36.3289785,139.5820367
朱雀231,堀米町1181,堀米町(朱雀),073-003,36.32521245,139.579059
朱雀212,堀米町1217,堀米町(朱雀),073-010,36.32432558,139.5787092
朱雀230,堀米町1223,堀米町(朱雀),073-012,36.32550661,139.5790494
内堀米141,堀米町1242,堀米町(朱雀),073-015,36.32595656,139.5808105
朱雀210,堀米町1253,堀米町(朱雀),073-016,36.32734361,139.5794028
水道113,堀米町1257,堀米町(朱雀),073-017,36.32911949,139.5807292
水道002,堀米町1258-6,堀米町(朱雀),073-018,36.32660761,139.5810502
水道004,堀米町1262,堀米町(朱雀),073-020,36.32724364,139.5811377
朱雀433,堀米町1377,堀米町(朱雀),073-036,36.32691115,139.5780355
朱雀217,堀米町1535,堀米町(朱雀),073-054,36.32477,139.5788821
朱雀063,堀米町1709,堀米町(朱雀),073-073,36.32427881,139.5718264
朱雀545,堀米町3919-1,堀米町(朱雀),073-097,36.33050678,139.5757269
朱雀537A,堀米町3920-55,堀米町(朱雀),073-099,36.33081845,139.5773692
朱雀242,堀米町3925-3,堀米町(朱雀),073-101,36.32861348,139.579603
朱雀563,堀米町3936-2,堀米町(朱雀),073-107,36.32952108,139.5746505
朱雀458,堀米町3940-3,堀米町(朱雀),073-109,36.32794095,139.5736424
朱雀446,堀米町3950-15,堀米町(朱雀),073-118,36.32743716,139.5780482
水道833,,堀米町(朱雀),073-119,36.33196637,139.5802766
朱雀353,堀米町3968,堀米町(朱雀),073-121,36.32627565,139.5758831
水道129,堀米町601-6,堀米町(朱雀),073-128,36.32984752,139.5805468
水道126,堀米町608,堀米町(朱雀),073-130,36.33038826,139.5802815
水道123,堀米町609,堀米町(朱雀),073-132,36.33112565,139.5805664
水道101,堀米町609-9,堀米町(朱雀),073-133,36.33117928,139.5800153
朱雀412,町堀米町3956-4,堀米町（朱雀）,073-136,36.32629871,139.5770555
堀米西018,堀米町2132-1,堀米町(菊川),074-001,36.33207198,139.5669947
堀米西022,堀米町2158,堀米町(菊川),074-002,36.33408648,139.5665377
堀米西024,堀米町2165-4,堀米町(菊川),074-003,36.3348867,139.5665698
堀米西375,堀米町2178-2,堀米町(菊川),074-004,36.33345847,139.5649664
堀米西381,堀米町2200-1,堀米町(菊川),074-005,36.33220861,139.5649762
堀米西020,堀米町2206,堀米町(菊川),074-006,36.3330719,139.5666524
堀米西062,堀米町2336-2,堀米町(菊川),074-007,36.32745583,139.5634065
堀米西074,堀米町2343,堀米町(菊川),074-008,36.32711777,139.5643304
堀米西602,堀米町2344-5,堀米町(菊川),074-009,36.32752778,139.5650229
堀米西073,堀米町2345-5,堀米町(菊川),074-010,36.32689202,139.5650606
堀米西153,堀米町2547-5,堀米町(菊川),074-011,36.32452374,139.5683714
堀米西151,堀米町2566-3,堀米町(菊川),074-013,36.32523644,139.5685641
堀米西116,堀米町2585-4,堀米町(菊川),074-015,36.32566516,139.5656432
堀米西166,堀米町2752-3,堀米町(菊川),074-020,36.32477949,139.5651629
堀米西146,堀米町2762,堀米町(菊川),074-021,36.3253905,139.5639369
堀米西128,堀米町2768,堀米町(菊川),074-022,36.32529632,139.5627442
堀米西141A,堀米町2794,堀米町(菊川),074-023,36.32727244,139.5626983
堀米西067,堀米町2806-2,堀米町(菊川),074-024,36.32781763,139.561077
堀米西143A,堀米町2838,堀米町(菊川),074-025,36.32669197,139.5624006
堀米西121,堀米町2841-1,堀米町(菊川),074-026,36.32584509,139.5624984
堀米西057,堀米町3100,堀米町(菊川),074-028,36.32655618,139.5658531
堀米西331,堀米町3111,堀米町(菊川),074-029,36.32701697,139.5663256
堀米西336,堀米町3134,堀米町(菊川),074-030,36.32836104,139.5661655
堀米西335,堀米町3137,堀米町(菊川),074-031,36.32827271,139.5666037
堀米西342,堀米町3179,堀米町(菊川),074-032,36.32963892,139.5672414
堀米西358,堀米町3185,堀米町(菊川),074-033,36.33079878,139.5676522
堀米西045,堀米町3208,堀米町(菊川),074-034,36.33120957,139.567201
堀米西044,堀米町3222,堀米町(菊川),074-035,36.33106656,139.5677777
堀米西821,堀米町3230-3,堀米町(菊川),074-036,36.33250475,139.5697083
堀米西950,堀米町3276,堀米町(菊川),074-037,36.33358102,139.5707574
堀米西824,堀米町3298,堀米町(菊川),074-038,36.33344525,139.5700449
堀米西825,堀米町3357-1,堀米町(菊川),074-039,36.33056996,139.5695726
堀米西215,堀米町3381-2,堀米町(菊川),074-040,36.32942318,139.5686303
堀米西008,堀米町3395,堀米町(菊川),074-041,36.327875,139.5674249
堀米西218,堀米町3415,堀米町(菊川),074-042,36.32841385,139.5682687
堀米西206,堀米町3455,堀米町(菊川),074-043,36.32737948,139.5686001
堀米西585A,堀米町3483,堀米町(菊川),074-044,36.32597469,139.5684077
堀米西212,堀米町3501,堀米町(菊川),074-045,36.32645208,139.5682379
堀米西583,堀米町3503-3,堀米町(菊川),074-046,36.32573302,139.569124
堀米西280,堀米町3520,堀米町(菊川),074-047,36.32655628,139.5696703
堀米西286,堀米町3548,堀米町(菊川),074-048,36.32802199,139.5699452
堀米西232,堀米町3554,堀米町(菊川),074-049,36.32782614,139.5705177
堀米西246,堀米町3556,堀米町(菊川),074-050,36.32744535,139.5702277
堀米西234,堀米町3565,堀米町(菊川),074-051,36.32780834,139.5689003
堀米西243,堀米町3577,堀米町(菊川),074-052,36.32828694,139.5708759
堀米西291,堀米町3594,堀米町(菊川),074-053,36.32890569,139.5691302
堀米西255,堀米町3597-2,堀米町(菊川),074-054,36.32918067,139.5701935
堀米西224,堀米町3607,堀米町(菊川),074-055,36.32864992,139.5700326
堀米西292,堀米町3610-4,堀米町(菊川),074-056,36.329559,139.5693248
堀米西241,堀米町3619,堀米町(菊川),074-057,36.32886828,139.5712976
堀米西240,堀米町3638-2,堀米町(菊川),074-058,36.32933902,139.5716675
堀米西944A,堀米町3661-2,堀米町(菊川),074-059,36.33149374,139.57001
堀米西715A,堀米町3666,堀米町(菊川),074-060,36.33121325,139.5706999
堀米西721A,堀米町3688,堀米町(菊川),074-062,36.33160797,139.5710124
堀米西957,堀米町3698-5,堀米町(菊川),074-063,36.33207206,139.5718845
堀米西902,堀米町3702,堀米町(菊川),074-064,36.33201454,139.5712208
堀米西947A,堀米町3705,堀米町(菊川),074-065,36.33275722,139.5704947
堀米西269,堀米町3706-1,堀米町(菊川),074-066,36.32680402,139.567589
堀米西922,堀米町3717-1,堀米町(菊川),074-067,36.33243951,139.5715148
堀米西923,堀米町3718,堀米町(菊川),074-068,36.33254533,139.5711094
堀米西941,堀米町3723,堀米町(菊川),074-069,36.33303974,139.5711373
堀米西204,堀米町3727-2,堀米町(菊川),074-070,36.32757781,139.5686228
堀米西954,堀米町3730,堀米町(菊川),074-071,36.33314864,139.5707799
堀米西939,堀米町3733,堀米町(菊川),074-072,36.33276945,139.5720873
堀米西924,堀米町3736,堀米町(菊川),074-073,36.33218069,139.5723948
堀米西931,堀米町3744,堀米町(菊川),074-074,36.33204707,139.5736966
堀米西704,堀米町3800,堀米町(菊川),074-079,36.3301092,139.5711533
堀米西709,堀米町3800-2,堀米町(菊川),074-080,36.33044062,139.5714121
堀米西765,堀米町3818-3,堀米町(菊川),074-081,36.33032062,139.5734998
堀米西750,堀米町3836-1,堀米町(菊川),074-084,36.33254372,139.5753382
堀米西818,堀米町3334,堀米町（菊川）,074-089,36.33161788,139.5694122
奈良渕128,奈良渕町128,奈良渕町,075-001,36.33510102,139.5831123
奈良渕403,奈良渕町236,奈良渕町,075-002,36.3374434,139.5887657
奈良渕003,奈良渕町304,奈良渕町,075-003,36.33425114,139.5832971
奈良渕005,奈良渕町304-8,奈良渕町,075-004,36.33487612,139.5836596
奈良渕145,奈良渕町308,奈良渕町,075-005,36.33667943,139.5826037
奈良渕160,奈良渕町309,奈良渕町,075-006,36.33718491,139.5826698
奈良渕132,奈良渕町309,奈良渕町,075-007,36.33778101,139.5821546
奈良渕152,奈良渕町309,奈良渕町,075-008,36.33696305,139.5834172
奈良渕119,奈良渕町309,奈良渕町,075-009,36.33735601,139.583591
奈良渕008,奈良渕町310,奈良渕町,075-010,36.33571597,139.5840261
奈良渕117,奈良渕町310-1,奈良渕町,075-011,36.33586903,139.5836048
奈良渕137A,奈良渕町310-15,奈良渕町,075-012,36.33638697,139.5838119
奈良渕010,奈良渕町310-7,奈良渕町,075-013,36.33622287,139.5842995
奈良渕174,奈良渕町311-22,奈良渕町,075-014,36.33843479,139.583921
奈良渕171,奈良渕町312-11,奈良渕町,075-015,36.33812812,139.5839347
奈良渕153A,奈良渕町313,奈良渕町,075-016,36.33708999,139.5849094
奈良渕290,奈良渕町319,奈良渕町,075-017,36.33329716,139.5855537
奈良渕611A,奈良渕町319-500,奈良渕町,075-018,36.33332242,139.5861758
奈良渕276,奈良渕町322,奈良渕町,075-019,36.33354598,139.5843735
奈良渕217,奈良渕町323-31,奈良渕町,075-020,36.33465529,139.5842962
奈良渕221,奈良渕町324-13,奈良渕町,075-021,36.33412373,139.5852533
奈良渕246,奈良渕町324,奈良渕町,075-022,36.33379792,139.584867
奈良渕617A,奈良渕町327,奈良渕町,075-024,36.33408205,139.5865857
奈良渕265,奈良渕町327,奈良渕町,075-025,36.33470868,139.586311
奈良渕651,奈良渕町329-1,奈良渕町,075-026,36.33341082,139.587086
奈良渕650,奈良渕町330,奈良渕町,075-027,36.33390548,139.5879392
奈良渕254A,奈良渕町330,奈良渕町,075-028,36.33553798,139.5846822
奈良渕627,奈良渕町331,奈良渕町,075-029,36.33521193,139.5879658
奈良渕625,奈良渕町331,奈良渕町,075-030,36.33476068,139.5877078
奈良渕645,奈良渕町331,奈良渕町,075-032,36.33510005,139.5886979
奈良渕645,奈良渕町331,奈良渕町,075-033,36.33484289,139.5893905
奈良渕645,奈良渕町331,奈良渕町,075-034,36.33465399,139.5891705
奈良渕626,奈良渕町331-12,奈良渕町,075-035,36.33503112,139.5878256
奈良渕631A,奈良渕町334,奈良渕町,075-038,36.33526365,139.5871281
奈良渕268,奈良渕町334,奈良渕町,075-039,36.33569443,139.5867609
奈良渕256A,奈良渕町338,奈良渕町,075-040,36.33630872,139.5850554
奈良渕12,奈良渕町339,奈良渕町,075-041,36.33701196,139.5846557
奈良渕659,奈良渕町340,奈良渕町,075-042,36.33682781,139.5871308
奈良渕635,奈良渕町341,奈良渕町,075-043,36.33620768,139.5877155
奈良渕641,奈良渕町343-1,奈良渕町,075-044,36.33630939,139.5888369
奈良渕663,奈良渕町344,奈良渕町,075-045,36.33692374,139.5878466
奈良渕211,奈良渕町344,奈良渕町,075-046,36.33398481,139.5839399
奈良渕202,奈良渕町345,奈良渕町,075-047,36.33748439,139.5867394
水道607,奈良渕町511,奈良渕町,075-048,36.33444275,139.5811911
奈良渕149,奈良渕町521,奈良渕町,075-049,36.33512519,139.5821347
奈良渕105,奈良渕町528,奈良渕町,075-050,36.33540128,139.5814639
奈良渕234,奈良渕町530,奈良渕町,075-051,36.33660369,139.5863567
奈良渕232,奈良渕町531,奈良渕町,075-052,36.33688779,139.585451
奈良渕111,奈良渕町539,奈良渕町,075-053,36.33621342,139.5824512
奈良渕619A,奈良渕町540,奈良渕町,075-054,36.33457867,139.5868129
奈良渕019,奈良渕町612,奈良渕町,075-055,36.33841015,139.5861555
奈良渕293A,奈良渕町612,奈良渕町,075-056,36.33787018,139.5858856
奈良渕022,奈良渕町671,奈良渕町,075-060,36.33760744,139.5872744
奈良渕344,奈良渕町643-1,奈良渕町,075-061,36.34026649,139.585372
奈良渕324,奈良渕町651,奈良渕町,075-062,36.3393614,139.5857045
奈良渕328,奈良渕町657,奈良渕町,075-063,36.33988463,139.5863341
奈良渕332,奈良渕町665,奈良渕町,075-064,36.33845018,139.5867752
奈良渕343,奈良渕町631,奈良渕町,075-065,36.33989937,139.5850966
奈良渕023,奈良渕町673-1,奈良渕町,075-066,36.33793524,139.5877155
奈良渕330,奈良渕町704,奈良渕町,075-067,36.3405607,139.5865629
奈良渕303,奈良渕町623,奈良渕町,075-069,36.33876833,139.5845159
水道168,奈良渕町1101-10,奈良渕町,075-070,36.3341736,139.5795625
奈良渕516,田之入町1007,田之入町,076-001,36.34843231,139.5887185
奈良渕519,田之入町1012,田之入町,076-002,36.3494327,139.5891048
奈良渕317,田之入町744,田之入町,076-003,36.34331695,139.5857289
奈良渕321,田之入町747-2,田之入町,076-004,36.34497177,139.5859488
奈良渕532,田之入町760,田之入町,076-005,36.34588718,139.5863804
奈良渕533,田之入町834,田之入町,076-006,36.34553253,139.5862902
奈良渕531,田之入町834,田之入町,076-007,36.34636047,139.5865238
奈良渕513,田之入町930,田之入町,076-008,36.34738961,139.5886627
奈良渕509,田之入町933,田之入町,076-009,36.34684462,139.5874823
奈良渕512,田之入町958,田之入町,076-010,36.34769147,139.5880603
奈良渕518,田之入町964,田之入町,076-011,36.34914966,139.5882496
奈良渕535,田之入町973,田之入町,076-012,36.35041959,139.5896369
奈良渕521,田之入町978,田之入町,076-013,36.34992713,139.5893701
奈良渕525,田之入町984,田之入町,076-014,36.34906026,139.5889121
並木408,並木町163,並木町(中妻),077-001,36.32802057,139.5510412
並木407,並木町168,並木町(中妻),077-002,36.32828139,139.5506952
並木614,並木町169-1,並木町(中妻),077-003,36.32866543,139.5501641
並木603,並木町172,並木町(中妻),077-004,36.32956815,139.5504341
並木502,並木町172,並木町(中妻),077-005,36.32963226,139.5497263
並木501,並木町173,並木町(中妻),077-006,36.32928901,139.549744
並木607,並木町186,並木町(中妻),077-007,36.33083271,139.5508114
並木504,並木町201,並木町(中妻),077-008,36.33027719,139.5497949
並木605,並木町208,並木町(中妻),077-009,36.33021138,139.550624
並木503,並木町210,並木町(中妻),077-010,36.32998366,139.5497627
並木502,並木町216,並木町(中妻),077-011,36.3294829,139.5500575
並木506,並木町217,並木町(中妻),077-012,36.32962395,139.5491466
並木031,並木町224-3,並木町(中妻),077-013,36.32845131,139.5497941
並木033,並木町227,並木町(中妻),077-014,36.32879431,139.5492927
並木034,並木町229,並木町(中妻),077-015,36.32924565,139.5491314
並木034,並木町230-2,並木町(中妻),077-016,36.32905788,139.5488136
並木305,並木町235,並木町(中妻),077-017,36.32825355,139.5487993
並木306,並木町238,並木町(中妻),077-018,36.32816463,139.5482092
並木035,並木町246,並木町(中妻),077-019,36.32958285,139.5489188
並木036,並木町248,並木町(中妻),077-020,36.32989364,139.5487453
並木060,並木町250-1,並木町(中妻),077-021,36.33045384,139.5486164
並木038,並木町251,並木町(中妻),077-022,36.33078021,139.5485516
西場002,並木町252,並木町(中妻),077-023,36.3307002,139.5481839
並木327,並木町260,並木町(中妻),077-024,36.32964698,139.5475814
並木324,並木町270-2,並木町(中妻),077-025,36.32962703,139.5470393
並木318,並木町301,並木町(中妻),077-026,36.32888374,139.5470743
並木317,並木町304,並木町(中妻),077-027,36.32853491,139.547018
並木307,並木町307-2,並木町(中妻),077-028,36.32814156,139.5479451
並木310,並木町309,並木町(中妻),077-029,36.32810992,139.5469641
並木016,並木町358,並木町(中妻),077-030,36.32524931,139.547576
並木321,並木町398,並木町(中妻),077-031,36.32702306,139.5472952
並木329,並木町403-3,並木町(中妻),077-032,36.32759551,139.5474693
並木319,並木町410-2,並木町(中妻),077-033,36.32790992,139.5479391
並木304,並木町423-3,並木町(中妻),077-034,36.32636811,139.5474866
並木026,並木町453-1,並木町(中妻),077-035,36.32714418,139.5497128
並木024,並木町453-1,並木町(中妻),077-036,36.32648342,139.5495051
並木328,並木町454,並木町(中妻),077-037,36.32704784,139.5493339
並木331,並木町470,並木町(中妻),077-038,36.32787224,139.5492992
並木028,並木町478,並木町(中妻),077-039,36.32773747,139.5498967
並木032,並木町9000,並木町(中妻),077-040,36.32845578,139.54944
並木041,小中町745-1,並木町（中妻）,077-041,36.33177126,139.5490112
並木418,並木町126,並木町(堀之内),078-001,36.32814169,139.5539138
並木417,並木町126-1,並木町(堀之内),078-002,36.32773592,139.5538283
並木409,並木町136-1,並木町(堀之内),078-003,36.32766394,139.5515013
並木454,並木町28-4,並木町(堀之内),078-004,36.32777067,139.5570709
並木460,並木町3-1,並木町(堀之内),078-005,36.32779233,139.5590007
並木456,並木町32,並木町(堀之内),078-006,36.32775987,139.5563338
並木480,並木町32-2,並木町(堀之内),078-007,36.32807422,139.5563309
並木812,並木町502,並木町(堀之内),078-008,36.32567019,139.5513662
並木411,並木町517,並木町(堀之内),078-009,36.32736927,139.552324
並木806,並木町525,並木町(堀之内),078-010,36.32632353,139.5517539
並木807,並木町527,並木町(堀之内),078-011,36.32626687,139.5514989
並木851,並木町535,並木町(堀之内),078-012,36.32550777,139.5525102
並木804,並木町539-3,並木町(堀之内),078-013,36.32635517,139.5524424
並木803,並木町543,並木町(堀之内),078-014,36.3267085,139.5524213
並木417,並木町552-1,並木町(堀之内),078-015,36.32781808,139.5533536
並木413,並木町552-5,並木町(堀之内),078-016,36.3274451,139.5531823
並木882,並木町577-2,並木町(堀之内),078-017,36.32548617,139.554604
並木820,並木町613-13,並木町(堀之内),078-018,36.32749675,139.5551146
並木822,並木町613-18,並木町(堀之内),078-019,36.32752925,139.555411
並木821,並木町613-20,並木町(堀之内),078-020,36.32720795,139.555141
並木824,並木町613-7,並木町(堀之内),078-021,36.32696822,139.5554524
並木452,並木町63-1,並木町(堀之内),078-022,36.3277418,139.5559282
並木469,並木町67-1,並木町(堀之内),078-023,36.32843415,139.5556546
並木478,並木町77,並木町(堀之内),078-024,36.32900965,139.5548196
並木459,並木町8,並木町(堀之内),078-025,36.327784,139.5585122
並木419,並木町87,並木町(堀之内),078-026,36.32760925,139.5546211
並木827,並木町919,並木町(堀之内),078-027,36.3255008,139.5502067
小中613,小中町1011-1,小中町(東・西),086-001,36.33765872,139.5564207
小中601,小中町1016,小中町(東・西),086-002,36.33730408,139.5556453
小中040,小中町1017,小中町(東・西),086-003,36.33666966,139.5527483
小中301,小中町1020,小中町(東・西),086-004,36.3367455,139.5553481
小中028,小中町1028,小中町(東・西),086-005,36.33682742,139.5563932
小中027,小中町1030,小中町(東・西),086-006,36.33667494,139.5567904
小中401,小中町1031,小中町(東・西),086-007,36.33699745,139.5570393
小中401,小中町1034,小中町(東・西),086-008,36.33731572,139.5568966
小中403,小中町1040,小中町(東・西),086-009,36.33764124,139.5571216
小中402,小中町1040,小中町(東・西),086-010,36.33738381,139.5575415
小中614,小中町1044,小中町(東・西),086-011,36.33789599,139.5567152
小中433,小中町1050,小中町(東・西),086-012,36.33756574,139.5578756
小中407,小中町1051,小中町(東・西),086-013,36.33798372,139.5580214
小中615,小中町1053-2,小中町(東・西),086-014,36.33825952,139.5573203
小中628,小中町1054-1,小中町(東・西),086-015,36.33864723,139.5574704
小中423,小中町1055,小中町(東・西),086-016,36.33815145,139.5577856
小中709,小中町1059,小中町(東・西),086-017,36.33907057,139.5571256
小中418,小中町1062,小中町(東・西),086-018,36.3388264,139.5591552
小中419,小中町1062,小中町(東・西),086-019,36.33912947,139.5588303
小中410,小中町1070,小中町(東・西),086-020,36.33735049,139.5581014
小中509A,小中町1076,小中町(東・西),086-021,36.33624998,139.5566294
小中411,小中町1084,小中町(東・西),086-022,36.33719992,139.5586242
小中436,小中町1085,小中町(東・西),086-023,36.33742242,139.5588856
小中415,小中町1096,小中町(東・西),086-024,36.33834372,139.5587414
小中421,小中町1196-2,小中町(東・西),086-025,36.33989966,139.5592466
小中608,小中町1216,小中町(東・西),086-026,36.34037264,139.5568942
小中612,小中町1221-12,小中町(東・西),086-027,36.34145671,139.5579577
小中740,小中町1231-4,小中町(東・西),086-028,36.34171332,139.5596164
下石塚065,小中町1237-1,小中町(東・西),086-029,36.34194161,139.5582773
下石塚058,小中町1241-5,小中町(東・西),086-030,36.34200269,139.5592114
小中805,小中町1255-14,小中町(東・西),086-031,36.34237458,139.557968
小中815,小中町1255-18,小中町(東・西),086-032,36.34265073,139.5577702
小中807,小中町1255-24,小中町(東・西),086-033,36.34294175,139.5582004
小中809,小中町1255-25,小中町(東・西),086-034,36.34303263,139.5580601
小中812,小中町1255-31,小中町(東・西),086-035,36.34283127,139.5576601
小中813,小中町1255-33,小中町(東・西),086-036,36.34296841,139.5573741
小中819,小中町1255-45,小中町(東・西),086-037,36.34337723,139.5572202
小中823,小中町1255-56,小中町(東・西),086-038,36.34357977,139.5579338
小中828,小中町1255-59,小中町(東・西),086-039,36.34380807,139.55821
小中825,小中町1255-61,小中町(東・西),086-040,36.34392803,139.5575862
小中822,小中町1255-70,小中町(東・西),086-041,36.34362249,139.5574226
小中822,小中町1255-70,小中町(東・西),086-042,36.34362471,139.5572929
小中817,小中町1255-9,小中町(東・西),086-043,36.3426982,139.5572524
小中806,小中町1270-6,小中町(東・西),086-044,36.34269565,139.558298
小中802,小中町1279-5,小中町(東・西),086-045,36.34145666,139.5574305
小中813,小中町1280,小中町(東・西),086-046,36.34294422,139.5572026
小中814,小中町1280,小中町(東・西),086-047,36.34315894,139.5569839
小中655,小中町1281-3,小中町(東・西),086-048,36.34120533,139.5568205
小中710,小中町1304,小中町(東・西),086-049,36.33893392,139.5576256
小中627,小中町1308-3,小中町(東・西),086-050,36.3389144,139.5565881
小中702,小中町1310,小中町(東・西),086-051,36.33974187,139.556519
小中605,小中町1312-3,小中町(東・西),086-052,36.3390611,139.5561115
蓮沼007,小中町1509-2,小中町(東・西),086-053,36.34144821,139.5512609
蓮沼018,小中町1593-1,小中町(東・西),086-054,36.34551444,139.5516309
蓮沼158,小中町1795-2,小中町(東・西),086-055,36.33926293,139.5488021
蓮沼105,小中町1815,小中町(東・西),086-056,36.33842132,139.5493282
小中101,小中町18-5,小中町(東・西),086-057,36.3294514,139.5613291
小中626,小中町1871-10,小中町(東・西),086-059,36.33918461,139.5533431
小中624,小中町1871-14,小中町(東・西),086-060,36.33957184,139.5537833
小中656,小中町1871-27,小中町(東・西),086-061,36.33980262,139.5540781
小中667,小中町1873,小中町(東・西),086-062,36.33850775,139.5525729
小中742,小中町2004,小中町(東・西),086-063,36.3415008,139.5589054
小中737,小中町2004-1,小中町(東・西),086-064,36.34139666,139.5583763
小中689,小中町2004-6,小中町(東・西),086-065,36.34106533,139.559349
小中733,小中町2005,小中町(東・西),086-066,36.34096064,139.5582277
小中736,小中町2005-10,小中町(東・西),086-067,36.34062762,139.5593238
小中725,小中町2008,小中町(東・西),086-068,36.34017212,139.5581117
小中750,小中町2008-4,小中町(東・西),086-069,36.33983382,139.5581278
小中728,小中町2009,小中町(東・西),086-070,36.33987521,139.5575514
小中730,小中町2010-3,小中町(東・西),086-071,36.34061093,139.5579466
小中705,小中町2015-2,小中町(東・西),086-072,36.33941882,139.5577875
小中506A,小中町220,小中町(東・西),086-073,36.33628421,139.5574005
小中129,小中町272-1,小中町(東・西),086-074,36.33197686,139.5583006
小中121,小中町339,小中町(東・西),086-075,36.3300955,139.5611154
小中119,小中町432,小中町(東・西),086-076,36.3342194,139.5564256
小中117,小中町432,小中町(東・西),086-077,36.335251,139.5564694
小中109,小中町443,小中町(東・西),086-078,36.33530319,139.5578383
小中326,小中町692-4,小中町(東・西),086-079,36.33408155,139.5515485
並木622,小中町714,小中町(東・西),086-080,36.33344139,139.5515907
並木620,小中町715-4,小中町(東・西),086-081,36.33302111,139.5514685
小中134,小中町717,小中町(東・西),086-082,36.33199273,139.5562355
小中147,小中町717,小中町(東・西),086-083,36.33273927,139.5563982
小中145,小中町717,小中町(東・西),086-084,36.33348617,139.5564093
並木611,小中町718,小中町(東・西),086-085,36.33210792,139.5511949
並木609,小中町718,小中町(東・西),086-086,36.33142717,139.5509939
並木486,小中町718,小中町(東・西),086-087,36.33013313,139.556352
並木488,小中町718,小中町(東・西),086-088,36.33087283,139.5563635
並木617,小中町718-4,小中町(東・西),086-089,36.33249087,139.5513064
小中648,小中町856-2,小中町(東・西),086-090,36.33612469,139.5508461
小中046,小中町872,小中町(東・西),086-091,36.33488234,139.5518971
小中646,小中町879-1,小中町(東・西),086-092,36.3361664,139.5518286
小中041,小中町887,小中町(東・西),086-093,36.33644463,139.552561
小中691,小中町893,小中町(東・西),086-094,36.33740401,139.5525908
小中053A,小中町896-2,小中町(東・西),086-095,36.33752485,139.5530832
小中118,小中町9000,小中町(東・西),086-096,36.33470015,139.5564306
並木490,小中町9000,小中町(東・西),086-097,36.3314714,139.556376
小中041,小中町908,小中町(東・西),086-098,36.33627054,139.5530355
小中043,小中町916,小中町(東・西),086-099,36.33566586,139.5524558
小中044,小中町917,小中町(東・西),086-100,36.33553504,139.5527797
小中323,小中町927,小中町(東・西),086-101,36.33474817,139.5531744
小中317,小中町929,小中町(東・西),086-102,36.33463182,139.5540258
小中315,小中町931-1,小中町(東・西),086-103,36.33510066,139.553253
小中333,小中町936,小中町(東・西),086-104,36.33528264,139.5548817
小中313,小中町940,小中町(東・西),086-105,36.3358881,139.5534472
小中303,小中町952,小中町(東・西),086-106,36.3359217,139.5550232
小中310,小中町960,小中町(東・西),086-107,36.33675914,139.5536618
小中308,小中町964,小中町(東・西),086-108,36.33659138,139.554226
小中307,小中町965-1,小中町(東・西),086-109,36.33698911,139.5544959
小中032,小中町972,小中町(東・西),086-110,36.33723574,139.5549778
小中639,小中町974,小中町(東・西),086-111,36.33764704,139.5546906
小中034,小中町978,小中町(東・西),086-112,36.33760396,139.5539559
小中643,小中町984,小中町(東・西),086-113,36.33831284,139.553507
小中640,小中町989,小中町(東・西),086-114,36.33795732,139.5548345
小中617,小中町995,小中町(東・西),086-115,36.33804643,139.5554402
小中603,小中町996-1,小中町(東・西),086-116,36.33820732,139.5558755
小中616,小中町998,小中町(東・西),086-117,36.33835727,139.5556733
並木482,並木町32,小中町(東・西),086-118,36.32870559,139.5563412
並木484,並木町32,小中町(東・西),086-119,36.32941742,139.5563458
並木846,並木町6-2,小中町(東・西),086-120,36.32769292,139.5586072
堀米西502,並木町685,小中町(東・西),086-122,36.32460431,139.5585109
堀米西504,並木町697,小中町(東・西),086-124,36.32537258,139.5584837
堀米西505,並木町697,小中町(東・西),086-125,36.32590173,139.5584895
並木848,並木町697,小中町(東・西),086-126,36.32685576,139.5585811
小中342,小中町692-4,小中町（東・西）,086-133,36.33442763,139.5518909
小中344,小中町692-4,小中町（東・西）,086-134,36.33378854,139.5517007
蓮沼130,小中町1653-1,赤見町(市場),092-001,36.34313053,139.5493647
蓮沼129,小中町1693-1,赤見町(市場),092-002,36.342645,139.5492408
南赤見351,赤見町1015,赤見町(市場),092-003,36.34420846,139.5358805
南赤見139,赤見町1084,赤見町(市場),092-004,36.34150047,139.5375018
南赤見137,赤見町1084,赤見町(市場),092-005,36.34160886,139.538507
南赤見203,赤見町1084,赤見町(市場),092-006,36.34283117,139.5396091
南赤見205,赤見町1084,赤見町(市場),092-007,36.34364777,139.5395941
南赤見064A,赤見町1084,赤見町(市場),092-008,36.34411603,139.5379714
南赤見027A,赤見町1084,赤見町(市場),092-009,36.34232959,139.5390866
南赤見062A,赤見町1084,赤見町(市場),092-010,36.34344889,139.5385089
南赤見207,赤見町1084,赤見町(市場),092-011,36.34448104,139.5395776
南赤見114,赤見町1088,赤見町(市場),092-012,36.34422208,139.5367214
南赤見112,赤見町1088-4,赤見町(市場),092-013,36.344549,139.5373145
南赤見372,赤見町1093,赤見町(市場),092-014,36.34523951,139.5365695
南赤見032,赤見町1095,赤見町(市場),092-015,36.34541839,139.5367418
南赤見345,赤見町1101,赤見町(市場),092-016,36.34517754,139.534958
南赤見381,赤見町1106-1,赤見町(市場),092-017,36.34573022,139.5354721
南赤見343,赤見町1109,赤見町(市場),092-018,36.34557003,139.5362542
南赤見389,赤見町1122,赤見町(市場),092-019,36.34682181,139.5354996
南赤見111,赤見町1127,赤見町(市場),092-020,36.3474848,139.5360821
南赤見109,赤見町1138,赤見町(市場),092-021,36.3477656,139.5365403
南赤見363,赤見町1144,赤見町(市場),092-022,36.34807804,139.5355132
南赤見363,赤見町1144,赤見町(市場),092-023,36.34795332,139.5362832
南赤見302,赤見町1151-1,赤見町(市場),092-024,36.34925316,139.5363653
南赤見253,赤見町1158,赤見町(市場),092-025,36.34838218,139.5376405
南赤見038,赤見町1159,赤見町(市場),092-026,36.34800332,139.5371803
南赤見070,赤見町1163,赤見町(市場),092-027,36.3474873,139.5372377
南赤見035,赤見町1169,赤見町(市場),092-028,36.3465816,139.537302
南赤見034,赤見町1170-7,赤見町(市場),092-029,36.34623489,139.5373066
南赤見226,赤見町1171-3,赤見町(市場),092-030,36.34620859,139.5379316
南赤見033,赤見町1175,赤見町(市場),092-031,36.34579081,139.5372945
南赤見032,赤見町1175,赤見町(市場),092-032,36.34538533,139.5372945
南赤見033,赤見町1175,赤見町(市場),092-033,36.34597966,139.5374167
南赤見219,赤見町1175,赤見町(市場),092-034,36.34543362,139.537797
南赤見031,赤見町1177,赤見町(市場),092-035,36.34499117,139.5373531
南赤見226,赤見町1183-1,赤見町(市場),092-036,36.34595442,139.5378905
南赤見032,赤見町1190,赤見町(市場),092-037,36.34547589,139.5374353
南赤見211,赤見町1190,赤見町(市場),092-038,36.34606081,139.5395528
南赤見227,赤見町1198-4,赤見町(市場),092-039,36.34664271,139.5379605
南赤見244,赤見町1204-2,赤見町(市場),092-040,36.34700961,139.5380294
南赤見255,赤見町1205,赤見町(市場),092-041,36.34797561,139.5378552
南赤見042,赤見町1218,赤見町(市場),092-042,36.34948987,139.5379441
南赤見233,赤見町1223-1,赤見町(市場),092-043,36.34950401,139.5383776
南赤見069,赤見町1223-1,赤見町(市場),092-044,36.34965286,139.5382165
南赤見235,赤見町1229,赤見町(市場),092-045,36.34937624,139.5393075
南赤見265,赤見町1316,赤見町(市場),092-046,36.3489113,139.5394967
南赤見266,赤見町1316,赤見町(市場),092-047,36.349268,139.53949
南赤見232,赤見町1329,赤見町(市場),092-048,36.34672819,139.5384129
南赤見263,赤見町1336,赤見町(市場),092-049,36.34819058,139.5395092
南赤見261,赤見町1336,赤見町(市場),092-050,36.34744264,139.5395192
南赤見240,赤見町1343,赤見町(市場),092-051,36.34673573,139.539535
南赤見215,赤見町1356-3,赤見町(市場),092-052,36.34534011,139.539754
南赤見230,赤見町1510-5,赤見町(市場),092-053,36.34099143,139.5414592
南赤見021,赤見町1520-1,赤見町(市場),092-054,36.34110503,139.5402943
南赤見066,赤見町1544-1,赤見町(市場),092-055,36.3401119,139.5431688
蓮沼151,赤見町1587-1,赤見町(市場),092-058,36.33978169,139.5450374
蓮沼150,赤見町1593-1,赤見町(市場),092-059,36.33988336,139.5456001
蓮沼139,赤見町1598-1,赤見町(市場),092-060,36.33980362,139.5470739
蓮沼141,赤見町1610,赤見町(市場),092-061,36.33909266,139.5469439
蓮沼142,赤見町1628-1,赤見町(市場),092-062,36.33872958,139.5467747
蓮沼128,赤見町1629,赤見町(市場),092-063,36.33810883,139.5467926
蓮沼113,赤見町1654,赤見町(市場),092-064,36.339241,139.5482982
蓮沼111,赤見町1667-1,赤見町(市場),092-065,36.33985427,139.5483174
蓮沼121,赤見町1672,赤見町(市場),092-066,36.34113772,139.5479571
蓮沼121,赤見町1673,赤見町(市場),092-067,36.3412618,139.5480213
蓮沼120,赤見町1674,赤見町(市場),092-068,36.34063692,139.5476321
蓮沼164,赤見町1676-1,赤見町(市場),092-069,36.34029835,139.5479488
蓮沼117,赤見町1677-1,赤見町(市場),092-070,36.34006256,139.5473
蓮沼199,赤見町1678-5,赤見町(市場),092-071,36.33929874,139.5477546
蓮沼179,赤見町1700,赤見町(市場),092-072,36.34152067,139.5488281
蓮沼156,赤見町1704-2,赤見町(市場),092-073,36.34207977,139.547901
蓮沼123,赤見町1704-3,赤見町(市場),092-074,36.34169429,139.5481223
蓮沼124,赤見町1748,赤見町(市場),092-075,36.34240562,139.5479935
蓮沼181,赤見町1760-1,赤見町(市場),092-076,36.34043667,139.5488473
蓮沼177,赤見町1764,赤見町(市場),092-077,36.34399625,139.5497244
蓮沼355,赤見町1766,赤見町(市場),092-078,36.34614351,139.5486983
蓮沼353,赤見町1766,赤見町(市場),092-079,36.34552749,139.5486193
蓮沼356,赤見町1832,赤見町(市場),092-080,36.34650017,139.548746
南赤見441A,赤見町2009,赤見町(市場),092-081,36.34962881,139.5438988
南赤見458,赤見町2188,赤見町(市場),092-082,36.35013294,139.5424348
市の沢132A,赤見町293,赤見町(市場),092-083,36.3409924,139.5324734
市の沢136,赤見町293,赤見町(市場),092-084,36.34118738,139.5330608
市の沢139A,赤見町293-1,赤見町(市場),092-085,36.34015056,139.5332044
南赤見048,赤見町3061-1,赤見町(市場),092-086,36.35079775,139.5401263
南赤見515,赤見町3074-3,赤見町(市場),092-087,36.35093973,139.5393653
南赤見542,赤見町3105-7,赤見町(市場),092-088,36.35042584,139.5385326
南赤見535A,赤見町3112-1,赤見町(市場),092-089,36.349799,139.5374327
南赤見707,赤見町3116-2,赤見町(市場),092-090,36.34982454,139.536428
市の沢129A,赤見町339,赤見町(市場),092-091,36.34080343,139.5306985
市の沢119,赤見町356,赤見町(市場),092-092,36.34471605,139.5308898
市の沢113,赤見町356,赤見町(市場),092-093,36.34460855,139.5298326
市の沢435,赤見町409,赤見町(市場),092-094,36.33834309,139.5291479
市の沢440,赤見町430,赤見町(市場),092-095,36.33730015,139.528444
市の沢438,赤見町455,赤見町(市場),092-096,36.33759403,139.5274139
市の沢433,赤見町462,赤見町(市場),092-097,36.33829144,139.5284762
市の沢061,赤見町467,赤見町(市場),092-098,36.33951077,139.5288312
市の沢431,赤見町478,赤見町(市場),092-099,36.33951901,139.5269042
市の沢040,赤見町497,赤見町(市場),092-100,36.33992155,139.5283278
市の沢424,赤見町502,赤見町(市場),092-101,36.34049919,139.527134
市の沢059A,赤見町536,赤見町(市場),092-102,36.3406173,139.5285625
市の沢126A,赤見町536,赤見町(市場),092-103,36.34060762,139.5292578
市の沢048,赤見町536,赤見町(市場),092-104,36.34112141,139.5285739
市の沢413,赤見町544,赤見町(市場),092-105,36.34202636,139.5288175
市の沢035,赤見町545,赤見町(市場),092-106,36.34194939,139.5292413
市の沢033,赤見町547,赤見町(市場),092-107,36.34263127,139.5294813
市の沢419,赤見町553,赤見町(市場),092-108,36.34297201,139.5276664
市の沢418,赤見町553,赤見町(市場),092-109,36.34231042,139.5280662
市の沢493,赤見町581,赤見町(市場),092-110,36.34357498,139.5279925
市の沢492,赤見町581-1,赤見町(市場),092-111,36.34381583,139.5284625
市の沢075,赤見町586,赤見町(市場),092-112,36.34402746,139.5289985
市の沢032,赤見町590,赤見町(市場),092-113,36.34431988,139.5277137
市の沢079,赤見町606,赤見町(市場),092-114,36.34451859,139.5290827
南赤見044,赤見町6063,赤見町(市場),092-115,36.35006535,139.5388675
南赤見439A,赤見町6063,赤見町(市場),092-116,36.34980661,139.5431813
南赤見433A,赤見町6063,赤見町(市場),092-117,36.350259,139.5408738
南赤見368,赤見町620,赤見町(市場),092-118,36.34481862,139.5318894
南赤見551,赤見町627-2,赤見町(市場),092-119,36.34703888,139.5322784
南赤見706,赤見町781-2,赤見町(市場),092-120,36.3499786,139.5358631
南赤見303,赤見町785,赤見町(市場),092-121,36.34943201,139.5356945
南赤見703,赤見町785-9,赤見町(市場),092-122,36.3497014,139.5352595
南赤見311,赤見町787,赤見町(市場),092-123,36.34913126,139.535622
南赤見306,赤見町789-2,赤見町(市場),092-124,36.3487454,139.5354654
南赤見317,赤見町789-6,赤見町(市場),092-125,36.34809913,139.5351882
南赤見312,赤見町791,赤見町(市場),092-126,36.34863873,139.5339307
南赤見379,赤見町794,赤見町(市場),092-127,36.34797154,139.5330783
南赤見365,赤見町794,赤見町(市場),092-128,36.3480622,139.5341532
南赤見328,赤見町810-4,赤見町(市場),092-129,36.34658924,139.5338947
南赤見388,赤見町830,赤見町(市場),092-130,36.34692813,139.5343305
南赤見386,赤見町832-3,赤見町(市場),092-131,36.34688457,139.5350032
南赤見335,赤見町834-4,赤見町(市場),092-132,36.34604432,139.5348594
南赤見163,赤見町834-5,赤見町(市場),092-133,36.34629905,139.534513
南赤見162,赤見町834-7,赤見町(市場),092-134,36.34624099,139.5347947
南赤見334,赤見町834-8,赤見町(市場),092-135,36.34625904,139.534913
南赤見337,赤見町836-11,赤見町(市場),092-136,36.34557827,139.5347881
南赤見339,赤見町841-1,赤見町(市場),092-137,36.34565825,139.5339373
南赤見339,赤見町848,赤見町(市場),092-138,36.34622677,139.5336505
南赤見382,赤見町850,赤見町(市場),092-139,36.34504163,139.533482
南赤見338,赤見町855,赤見町(市場),092-140,36.34562825,139.5342305
南赤見375,赤見町859,赤見町(市場),092-141,36.34456088,139.5350969
南赤見377,赤見町859-1,赤見町(市場),092-142,36.34490502,139.5345683
南赤見347,赤見町862,赤見町(市場),092-143,36.34454924,139.5343344
南赤見400,赤見町865-1,赤見町(市場),092-144,36.34452838,139.5334523
南赤見400,赤見町865-2,赤見町(市場),092-145,36.34485747,139.5333259
南赤見333,赤見町865-5,赤見町(市場),092-146,36.34490274,139.5326169
南赤見352,赤見町877,赤見町(市場),092-147,36.34387353,139.5352947
南赤見355,赤見町879,赤見町(市場),092-148,36.34346052,139.5347694
南赤見356,赤見町885,赤見町(市場),092-149,36.34337995,139.5342697
南赤見323,赤見町9000,赤見町(市場),092-150,36.34672404,139.5349996
南赤見161,赤見町9000,赤見町(市場),092-151,36.34637932,139.5349329
南赤見328,赤見町9000,赤見町(市場),092-152,36.34641093,139.5339844
南赤見320,赤見町9000,赤見町(市場),092-153,36.34714836,139.5350346
南赤見318,赤見町9000,赤見町(市場),092-154,36.34756893,139.5350879
南赤見329,赤見町9000,赤見町(市場),092-155,36.34701226,139.5338805
南赤見322,赤見町9000,赤見町(市場),092-156,36.34746949,139.5342119
南赤見390,赤見町9000,赤見町(市場),092-157,36.34684182,139.5360056
南赤見326,赤見町9000,赤見町(市場),092-158,36.34629016,139.5355379
南赤見353,赤見町9000,赤見町(市場),092-159,36.34356463,139.5354997
南赤見437A,赤見町9000,赤見町(市場),092-160,36.35000125,139.5423898
南赤見398,赤見町962,赤見町(市場),092-161,36.34331273,139.5338793
市の沢143A,赤見町981,赤見町(市場),092-162,36.34117264,139.5341898
南赤見142,赤見町981,赤見町(市場),092-163,36.34133743,139.5359047
南赤見143A,赤見町981,赤見町(市場),092-164,36.34130486,139.5353833
南赤見165,赤見町981,赤見町(市場),092-165,36.34180987,139.535177
南赤見141,赤見町981,赤見町(市場),092-166,36.34138991,139.5364222
南赤見398,赤見町992,赤見町(市場),092-167,36.3431074,139.5338695
南赤見374,赤見町995,赤見町(市場),092-168,36.34279782,139.5349894
南赤見357,赤見町997-1,赤見町(市場),092-169,36.34317219,139.5352344
蓮沼221,町小中町1734-1,赤見町（市場）,092-170,36.33984123,139.5514454
蓮沼232,石塚町947-2,赤見町(大門),093-001,36.34774173,139.5525832
蓮沼236,石塚町957-5,赤見町(大門),093-002,36.34753344,139.5540803
蓮沼244,石塚町974-3,赤見町(大門),093-003,36.34785532,139.5530215
蓮沼022,石塚町980-3,赤見町(大門),093-004,36.34726285,139.551648
大門365,赤見町1282-27,赤見町(大門),093-005,36.35611388,139.5407886
蓮沼529,赤見町1609-4,赤見町(大門),093-006,36.34638762,139.5503492
蓮沼519,赤見町2009,赤見町(大門),093-007,36.34940918,139.5444588
蓮沼517,赤見町2009,赤見町(大門),093-008,36.34913337,139.5451595
蓮沼514,赤見町2009,赤見町(大門),093-009,36.34878429,139.546352
蓮沼371,赤見町2041,赤見町(大門),093-010,36.34943224,139.5448649
南赤見463,赤見町2041,赤見町(大門),093-011,36.34964887,139.5441796
蓮沼040,赤見町2042,赤見町(大門),093-012,36.35078626,139.5466085
蓮沼042,赤見町2042,赤見町(大門),093-013,36.35075982,139.545917
蓮沼038,赤見町2068,赤見町(大門),093-014,36.35083158,139.5476182
蓮沼037,赤見町2068-1,赤見町(大門),093-015,36.35084825,139.5481059
蓮沼328,赤見町2069-5,赤見町(大門),093-016,36.35011912,139.5481059
蓮沼311,赤見町2088,赤見町(大門),093-017,36.34903345,139.5479505
蓮沼361,赤見町2091,赤見町(大門),093-018,36.34848902,139.5490596
蓮沼308,赤見町2096-8,赤見町(大門),093-019,36.34927399,139.5495381
蓮沼306,赤見町2101,赤見町(大門),093-020,36.34868853,139.5500334
蓮沼323,赤見町2113,赤見町(大門),093-021,36.35033132,139.5495608
蓮沼034,赤見町2113,赤見町(大門),093-022,36.35101823,139.549698
蓮沼309,赤見町2119,赤見町(大門),093-023,36.34910396,139.5491381
蓮沼310,赤見町2122,赤見町(大門),093-024,36.34906514,139.5485809
南赤見461,赤見町2188,赤見町(大門),093-025,36.34987293,139.5434747
大門041,赤見町2195,赤見町(大門),093-026,36.35315956,139.5450295
大門042,赤見町2195,赤見町(大門),093-027,36.35355895,139.5450836
大門220,赤見町2948,赤見町(大門),093-028,36.35697127,139.5431259
大門046,赤見町2691,赤見町(大門),093-029,36.35444099,139.5434712
大門045,赤見町2691,赤見町(大門),093-030,36.35421275,139.5438637
大門815,赤見町2816-2,赤見町(大門),093-031,36.35842119,139.5472933
大門820,赤見町2862,赤見町(大門),093-032,36.35842278,139.5445069
大門819,赤見町2864-2,赤見町(大門),093-033,36.35880304,139.5445146
大門055,赤見町2865,赤見町(大門),093-034,36.35713952,139.5418971
大門823,赤見町2869,赤見町(大門),093-035,36.35878381,139.5431981
大門826,赤見町2872-2,赤見町(大門),093-036,36.35804225,139.5431998
大門214,赤見町2878-2,赤見町(大門),093-037,36.35721153,139.542451
大門234,赤見町2907-1,赤見町(大門),093-038,36.35714126,139.5438734
大門236,赤見町2907-2,赤見町(大門),093-039,36.3571396,139.5444885
大門237,赤見町2910-2,赤見町(大門),093-040,36.35687242,139.5445069
大門059,赤見町2923,赤見町(大門),093-041,36.35867131,139.5418938
大門057,赤見町2931,赤見町(大門),093-042,36.35793447,139.5418713
大門043,赤見町2195,赤見町(大門),093-043,36.35386867,139.5446158
大門215,赤見町2950-2,赤見町(大門),093-044,36.3565435,139.541966
大門216,赤見町2950-5,赤見町(大門),093-045,36.35648464,139.5424408
大門240,赤見町2953,赤見町(大門),093-046,36.35607162,139.5423046
大門213,赤見町2956,赤見町(大門),093-047,36.35601053,139.5431285
大門212,赤見町2957,赤見町(大門),093-048,36.3555731,139.5431109
大門047,赤見町2989,赤見町(大門),093-049,36.35468235,139.543026
大門076,赤見町2995-1,赤見町(大門),093-050,36.35505235,139.5422214
南赤見054,赤見町3008,赤見町(大門),093-051,36.3534017,139.5410111
南赤見056,赤見町3009,赤見町(大門),093-052,36.35399689,139.5411937
大門124,赤見町3013,赤見町(大門),093-053,36.3543591,139.542816
南赤見421,赤見町3030,赤見町(大門),093-054,36.3529776,139.5420614
南赤見418,赤見町3031,赤見町(大門),093-055,36.35216547,139.5414324
南赤見423,赤見町3034-2,赤見町(大門),093-056,36.35307535,139.5414522
南赤見420,赤見町3035,赤見町(大門),093-057,36.35317536,139.5416611
南赤見419,赤見町3040-3,赤見町(大門),093-058,36.35324451,139.5413412
南赤見051,赤見町3047,赤見町(大門),093-059,36.35216958,139.5406091
南赤見416,赤見町3052-6,赤見町(大門),093-060,36.35160352,139.5410973
南赤見071,赤見町3055-1,赤見町(大門),093-061,36.35135519,139.5403124
南赤見415,赤見町3055-8,赤見町(大門),093-062,36.35120055,139.5408713
南赤見516,赤見町3158,赤見町(大門),093-063,36.35113435,139.5389067
南赤見729,赤見町3159,赤見町(大門),093-064,36.35256369,139.5377443
大門313,赤見町3194,赤見町(大門),093-065,36.3544115,139.5370318
大門316,赤見町3205,赤見町(大門),093-066,36.35391483,139.5373304
大門314,赤見町3206-2,赤見町(大門),093-067,36.35412732,139.5367355
大門312,赤見町3208,赤見町(大門),093-068,36.35476394,139.53745
大門311,赤見町3208-2,赤見町(大門),093-069,36.35479639,139.5377442
南赤見737,赤見町3214-1,赤見町(大門),093-070,36.35334856,139.5380567
南赤見736,赤見町3217,赤見町(大門),093-071,36.35337273,139.5383178
大門308,赤見町3221-1,赤見町(大門),093-072,36.35489756,139.5387841
南赤見513,赤見町3223,赤見町(大門),093-073,36.35366351,139.5393913
南赤見741,赤見町3223,赤見町(大門),093-074,36.35411903,139.5385953
南赤見731,赤見町3224-1,赤見町(大門),093-075,36.35259671,139.5382317
南赤見512,赤見町3229,赤見町(大門),093-076,36.35307747,139.539745
南赤見527,赤見町3229,赤見町(大門),093-077,36.35311746,139.5393674
南赤見506,赤見町3237,赤見町(大門),093-078,36.35367828,139.5409687
南赤見508,赤見町3240-4,赤見町(大門),093-079,36.35383076,139.5399691
南赤見509,赤見町3242-2,赤見町(大門),093-080,36.35394659,139.5395725
大門306,赤見町3244,赤見町(大門),093-081,36.35452404,139.5395402
大門304,赤見町3249,赤見町(大門),093-082,36.35508449,139.5401812
大門305,赤見町3264,赤見町(大門),093-083,36.35511481,139.5394588
大門356,赤見町3266-1,赤見町(大門),093-084,36.35608636,139.5399665
大門354,赤見町3271-2,赤見町(大門),093-085,36.35576549,139.5394102
大門368,赤見町3280,赤見町(大門),093-086,36.35618332,139.5412872
大門359,赤見町3281,赤見町(大門),093-087,36.35686955,139.5402187
大門358,赤見町3281-1,赤見町(大門),093-088,36.3566565,139.5401159
大門362,赤見町3282,赤見町(大門),093-089,36.35645883,139.5410233
大門361,赤見町3282-10,赤見町(大門),093-090,36.35655235,139.5406089
大門366,赤見町3282-26,赤見町(大門),093-091,36.35605967,139.5410286
大門364,赤見町3282-29,赤見町(大門),093-092,36.35621802,139.5403273
大門345,赤見町3325,赤見町(大門),093-093,36.35755611,139.5401734
大門345,赤見町3328,赤見町(大門),093-094,36.35746315,139.5405636
大門334,赤見町3330,赤見町(大門),093-095,36.35782029,139.5393023
大門599,赤見町3331-8,赤見町(大門),093-096,36.35853769,139.5389673
大門594,赤見町3332-15,赤見町(大門),093-097,36.35847044,139.5385591
大門338,赤見町3340,赤見町(大門),093-098,36.35792442,139.5385824
大門337,赤見町3340-1,赤見町(大門),093-099,36.35794637,139.5388599
大門371,赤見町3344-1,赤見町(大門),093-100,36.35757973,139.5384201
大門372,赤見町3349-8,赤見町(大門),093-101,36.35729722,139.5383964
大門349,赤見町3354,赤見町(大門),093-102,36.35729588,139.5376375
大門330,赤見町3355,赤見町(大門),093-103,36.356914,139.5382516
大門324,赤見町3357-2,赤見町(大門),093-104,36.35620465,139.5389591
大門321,赤見町3362-2,赤見町(大門),093-105,36.35603633,139.5379511
大門307,赤見町3369-4,赤見町(大門),093-106,36.3553367,139.5393876
大門322,赤見町3374,赤見町(大門),093-107,36.35545496,139.5378228
大門322,赤見町3375,赤見町(大門),093-108,36.35530051,139.5379425
蓮沼521,赤見町984,赤見町(大門),093-109,36.34750173,139.5503692
大門060,赤見町2922,赤見町（大門）,093-111,36.35909015,139.5419024
大門337,赤見町3331,赤見町（大門）,093-112,36.35810582,139.5390848
大門552A,赤見町3332,赤見町（大門）,093-113,36.3588954,139.5383813
大門339,赤見町3337,赤見町（大門）,093-114,36.35793331,139.5380586
大門373,赤見町3349,赤見町（大門）,093-115,36.35727528,139.5386366
大門350,赤見町3358,赤見町（大門）,093-116,36.35665235,139.538065
南赤見715,赤見町3133-2,赤見町(町屋),094-001,36.35149511,139.536168
南赤見746A,赤見町3135-1,赤見町(町屋),094-002,36.35153292,139.5366605
南赤見753,赤見町3137,赤見町(町屋),094-003,36.35275445,139.5364569
南赤見719,赤見町3137-5,赤見町(町屋),094-004,36.35222119,139.536248
南赤見721,赤見町3138-2,赤見町(町屋),094-005,36.35192534,139.5370629
南赤見748A,赤見町3144,赤見町(町屋),094-006,36.35143155,139.5373216
南赤見519,赤見町3149-1,赤見町(町屋),094-007,36.35133042,139.5379015
南赤見727,赤見町3165,赤見町(町屋),094-008,36.35258614,139.5372401
南赤見754,赤見町3170,赤見町(町屋),094-009,36.3531216,139.5365552
市の沢243,赤見町3176-10,赤見町(町屋),094-010,36.35268139,139.5361816
市の沢202,赤見町3178-2,赤見町(町屋),094-011,36.35254189,139.5350664
市の沢281,赤見町3447-2,赤見町(町屋),094-012,36.35316515,139.5351869
市の沢211,赤見町3492,赤見町(町屋),094-013,36.3552563,139.5345878
市の沢208,赤見町3499,赤見町(町屋),094-014,36.35393429,139.5341779
市の沢207,赤見町3499-3,赤見町(町屋),094-015,36.35345928,139.5341245
市の沢236,赤見町3500,赤見町(町屋),094-016,36.35619147,139.5328696
市の沢234,赤見町3501,赤見町(町屋),094-017,36.35540045,139.532448
市の沢256,赤見町3501,赤見町(町屋),094-018,36.35538567,139.5327693
市の沢231,赤見町3502,赤見町(町屋),094-019,36.355507,139.5315269
市の沢260,赤見町3503-1,赤見町(町屋),094-020,36.35484794,139.5321483
市の沢257,赤見町3504-1,赤見町(町屋),094-021,36.35470076,139.5313231
市の沢228,赤見町3505,赤見町(町屋),094-022,36.35451332,139.5321572
市の沢227,赤見町3507,赤見町(町屋),094-023,36.35477326,139.5328766
市の沢210,赤見町3512-2,赤見町(町屋),094-024,36.35522521,139.5340115
市の沢205,赤見町3512-2,赤見町(町屋),094-025,36.35445109,139.5341854
市の沢245,赤見町3519-1,赤見町(町屋),094-026,36.35533821,139.5335367
市の沢252,赤見町3519-2,赤見町(町屋),094-027,36.35536463,139.5330394
市の沢206,赤見町3558,赤見町(町屋),094-028,36.35328348,139.5345703
市の沢285,赤見町3558,赤見町(町屋),094-029,36.35286913,139.5346995
市の沢204,赤見町3559,赤見町(町屋),094-030,36.35291852,139.5339807
市の沢203,赤見町3563,赤見町(町屋),094-031,36.35250417,139.5338571
市の沢223,赤見町3582,赤見町(町屋),094-032,36.35406312,139.5327554
市の沢219,赤見町3583,赤見町(町屋),094-033,36.35379176,139.5322948
市の沢254,赤見町3584,赤見町(町屋),094-034,36.35387588,139.5314498
市の沢253,赤見町3584,赤見町(町屋),094-035,36.35384417,139.5317792
市の沢242,赤見町3588,赤見町(町屋),094-036,36.3539189,139.5308918
市の沢239,赤見町3590-1,赤見町(町屋),094-037,36.35307734,139.5308046
市の沢241,赤見町3590-3,赤見町(町屋),094-038,36.35334761,139.5307599
市の沢264,赤見町3591,赤見町(町屋),094-039,36.35325344,139.5314073
市の沢225,赤見町3595,赤見町(町屋),094-040,36.35347983,139.5326542
市の沢224,赤見町3596,赤見町(町屋),094-041,36.35372228,139.5326947
市の沢212,赤見町3599-2,赤見町(町屋),094-042,36.35253662,139.5321395
市の沢249,赤見町3600,赤見町(町屋),094-043,36.35324429,139.5327083
市の沢273,赤見町3600-17,赤見町(町屋),094-044,36.35299851,139.5328169
市の沢272,赤見町3601-15,赤見町(町屋),094-045,36.3528132,139.5329197
市の沢215,赤見町3605,赤見町(町屋),094-047,36.35223583,139.532553
市の沢213,赤見町3608,赤見町(町屋),094-049,36.35293852,139.5320772
市の沢010,赤見町3618,赤見町(町屋),094-050,36.35230241,139.5310448
市の沢009,赤見町3618-1,赤見町(町屋),094-051,36.35227578,139.531311
市の沢013,赤見町3618-2,赤見町(町屋),094-052,36.35236068,139.5297847
市の沢107,赤見町3620-2,赤見町(町屋),094-053,36.35170531,139.5311832
市の沢516,赤見町3626,赤見町(町屋),094-054,36.35179692,139.5301649
市の沢512,赤見町3626,赤見町(町屋),094-055,36.35140026,139.5310149
市の沢109,赤見町3627,赤見町(町屋),094-056,36.35117198,139.5309499
市の沢511,赤見町3628-2,赤見町(町屋),094-057,36.35124362,139.531516
市の沢106,赤見町3637,赤見町(町屋),094-058,36.35152035,139.5319959
市の沢007,赤見町3638-1,赤見町(町屋),094-059,36.35218248,139.532127
市の沢105,赤見町3641,赤見町(町屋),094-060,36.35168943,139.5323894
市の沢005,赤見町3644-2,赤見町(町屋),094-061,36.35205945,139.5331255
市の沢152,赤見町3647-1,赤見町(町屋),094-062,36.3512468,139.5338907
市の沢003,赤見町3650-2,赤見町(町屋),094-063,36.35188121,139.5344667
市の沢062,赤見町3653-1,赤見町(町屋),094-064,36.35187592,139.5349845
市の沢001,赤見町3654-1,赤見町(町屋),094-065,36.35176866,139.5352717
市の沢101,赤見町3655,赤見町(町屋),094-066,36.35141928,139.5349628
市の沢102,赤見町3656,赤見町(町屋),094-067,36.35118044,139.5345632
市の沢153,赤見町3666-2,赤見町(町屋),094-068,36.35131507,139.533438
南赤見359,赤見町3684-2,赤見町(町屋),094-069,36.34946361,139.5316173
市の沢162,赤見町3691,赤見町(町屋),094-070,36.35015046,139.5299783
市の沢505,赤見町3699,赤見町(町屋),094-071,36.35088601,139.5332733
市の沢154,赤見町3706-3,赤見町(町屋),094-072,36.35139095,139.5330783
市の沢508,赤見町3710,赤見町(町屋),094-073,36.35102784,139.5322948
市の沢164,赤見町3720,赤見町(町屋),094-074,36.35021347,139.5309435
市の沢166,赤見町3729,赤見町(町屋),094-075,36.35076652,139.5310285
市の沢174,赤見町3765,赤見町(町屋),094-076,36.34557764,139.529071
市の沢027,赤見町3811,赤見町(町屋),094-077,36.34589478,139.5281078
市の沢454,赤見町3818,赤見町(町屋),094-078,36.346228,139.5273411
市の沢417,赤見町3819,赤見町(町屋),094-079,36.34626413,139.5277603
市の沢026,赤見町3820,赤見町(町屋),094-080,36.34625558,139.5282225
市の沢043,赤見町3820,赤見町(町屋),094-081,36.34650493,139.5283539
市の沢025,赤見町3820,赤見町(町屋),094-082,36.34671547,139.5284952
市の沢042,赤見町3824,赤見町(町屋),094-083,36.34697211,139.5286561
市の沢024,赤見町3839-2,赤見町(町屋),094-084,36.34726125,139.5288049
市の沢023,赤見町3850,赤見町(町屋),094-085,36.34764539,139.5288835
市の沢022,赤見町3862-1,赤見町(町屋),094-086,36.34807567,139.5289602
市の沢056,赤見町3865,赤見町(町屋),094-087,36.34897633,139.5292512
市の沢054,赤見町3876,赤見町(町屋),094-088,36.34968019,139.5291312
市の沢051,赤見町3912-3,赤見町(町屋),094-089,36.3506587,139.5289576
市の沢053,赤見町3912-3,赤見町(町屋),094-090,36.35005683,139.5290612
市の沢452,赤見町3915-1,赤見町(町屋),094-091,36.35266066,139.5286298
市の沢017,赤見町3915-1,赤見町(町屋),094-092,36.35236482,139.5286834
市の沢471,赤見町3915-1,赤見町(町屋),094-094,36.35272254,139.5280863
市の沢019,赤見町3915-1,赤見町(町屋),094-095,36.3516758,139.5287898
市の沢029,赤見町5819-2,赤見町(町屋),094-096,36.34515927,139.5277986
市の沢028,赤見町5819-2,赤見町(町屋),094-097,36.34556341,139.5278361
市の沢172,赤見町606,赤見町(町屋),094-098,36.34497821,139.5291071
南赤見714,赤見町770-1,赤見町(町屋),094-099,36.35113627,139.5358619
南赤見710,赤見町780,赤見町(町屋),094-100,36.35064352,139.5360292
市の沢268,赤見町9000,赤見町(町屋),094-101,36.35294766,139.5317709
市の沢004,赤見町9000,赤見町（町屋）,094-102,36.35199752,139.5336596
市の沢268,赤見町9000,赤見町（町屋）,094-103,36.3529107,139.5314798
弁天西149,赤見町1616,赤見町(駒場),095-001,36.35323887,139.5164832
弁天西045,赤見町1815-1,赤見町(駒場),095-002,36.35690038,139.5274598
弁天西041,赤見町1910,赤見町(駒場),095-003,36.35644177,139.5256836
市の沢472,赤見町3915,赤見町(駒場),095-004,36.35326974,139.5279584
弁天西386,赤見町4007-2,赤見町(駒場),095-005,36.35853748,139.5310517
弁天西385,赤見町4007-2,赤見町(駒場),095-006,36.35839752,139.530627
弁天西327,赤見町4018,赤見町(駒場),095-007,36.35806616,139.5299657
弁天西038,赤見町4178,赤見町(駒場),095-008,36.35611018,139.5244903
市の沢479,赤見町4203,赤見町(駒場),095-009,36.35449588,139.5254887
弁天西106,赤見町4621,赤見町（駒場）,095-010,36.35199319,139.5161297
市の沢477,赤見町4203,赤見町(駒場),095-011,36.35416288,139.5263728
弁天西048,赤見町4311,赤見町(駒場),095-012,36.35493654,139.5201241
弁天西150,赤見町4343,赤見町(駒場),095-013,36.35322286,139.5190568
弁天西019,赤見町4343,赤見町(駒場),095-014,36.35284233,139.5186733
弁天西105,赤見町4352,赤見町(駒場),095-015,36.35257284,139.5166896
弁天西019,赤見町4580,赤見町(駒場),095-016,36.35217963,139.5188785
弁天西021,赤見町4582,赤見町(駒場),095-017,36.35219737,139.5177811
弁天西104,赤見町4590,赤見町(駒場),095-018,36.35216901,139.5167362
弁天西152,赤見町4595-1,赤見町(駒場),095-019,36.35293226,139.5167212
弁天西022,赤見町4598,赤見町(駒場),095-020,36.35281454,139.5178761
弁天西047,赤見町4599-2,赤見町(駒場),095-021,36.35701928,139.5282783
弁天西023,赤見町4599-2,赤見町(駒場),095-022,36.35309477,139.5181246
弁天西129,赤見町4621,赤見町(駒場),095-023,36.35199181,139.5156088
弁天西116,赤見町4741,赤見町(駒場),095-024,36.35459039,139.5156624
弁天西119,赤見町4776,赤見町(駒場),095-025,36.35486008,139.5155374
弁天西142,赤見町4776,赤見町(駒場),095-026,36.35564607,139.5152313
弁天西161,赤見町4784,赤見町(駒場),095-027,36.35596024,139.5176408
弁天西148,赤見町4784,赤見町(駒場),095-028,36.35606268,139.5156912
弁天西308,赤見町4790,赤見町(駒場),095-029,36.3564794,139.5172433
弁天西305,赤見町482,赤見町(駒場),095-030,36.35706016,139.5190156
弁天西306,赤見町482,赤見町(駒場),095-031,36.35713486,139.5186992
弁天西307,赤見町4821,赤見町(駒場),095-032,36.35659184,139.5182182
弁天西301,赤見町4843,赤見町(駒場),095-033,36.35613337,139.520107
弁天西033,赤見町4890,赤見町(駒場),095-034,36.35589757,139.5213677
弁天西031,赤見町4892,赤見町(駒場),095-035,36.35561678,139.5204545
弁天西321,赤見町4896,赤見町(駒場),095-036,36.35657004,139.5211416
弁天西102,赤見町4901,赤見町(駒場),095-037,36.35219208,139.5172098
弁天西374,赤見町4902-2,赤見町(駒場),095-038,36.35720798,139.5204619
弁天西381,赤見町4957,赤見町（駒場）,095-039,36.35887435,139.5180009
弁天西372,赤見町4904,赤見町(駒場),095-040,36.35684773,139.5198369
弁天西375A,赤見町4905,赤見町(駒場),095-041,36.35723742,139.5195556
弁天西377,赤見町4907,赤見町(駒場),095-042,36.35776923,139.5192003
弁天西332,赤見町4957,赤見町(駒場),095-043,36.35979119,139.5179946
弁天西329,赤見町4957,赤見町(駒場),095-044,36.35961984,139.5192167
弁天西314,赤見町5006,赤見町(駒場),095-045,36.35915804,139.5200091
弁天西216,赤見町5019,赤見町(駒場),095-047,36.35631426,139.5225581
弁天西351,赤見町5054,赤見町(駒場),095-048,36.35836537,139.5222156
弁天西219,赤見町5076,赤見町(駒場),095-049,36.3568561,139.5232502
弁天西210,赤見町5092,赤見町(駒場),095-050,36.35555798,139.5234855
弁天西202,赤見町5093,赤見町(駒場),095-051,36.35690778,139.5236829
弁天西042,赤見町5107,赤見町(駒場),095-052,36.35657011,139.5262114
市の沢481,赤見町9000,赤見町(駒場),095-053,36.35463533,139.5245915
弁天西325,赤見町9000,赤見町(駒場),095-054,36.35754532,139.5291871
弁天西379,赤見町4905,赤見町（駒場）,095-056,36.35820165,139.518377
下石塚483,小見町918,石塚町(下),096-001,36.35458968,139.5645094
下石塚428,小見町918,石塚町(下),096-002,36.35432945,139.5643353
上石302,石塚町1028-1,石塚町(下),096-003,36.35409524,139.5573909
上石244,石塚町1080-10,石塚町(下),096-004,36.35641076,139.5556324
上石252,石塚町1080-17,石塚町(下),096-005,36.35679513,139.5557827
上石033,石塚町1195-2,石塚町(下),096-006,36.35463378,139.5567051
下石塚525,石塚町1229-1,石塚町(下),096-007,36.35547589,139.5582908
上石029,石塚町1287-3,石塚町(下),096-008,36.35610665,139.5565948
上石671A,石塚町1296-4,石塚町(下),096-009,36.35700096,139.5566647
下石塚508,石塚町1408-2,石塚町(下),096-010,36.35473851,139.5601946
下石塚045,石塚町1431,石塚町(下),096-011,36.3538306,139.562738
下石塚044,石塚町1485-2,石塚町(下),096-012,36.35335565,139.5628282
下石塚435,石塚町1493,石塚町(下),096-013,36.35317622,139.5638681
上石691A,石塚町2617,石塚町(下),096-014,36.35040564,139.5571238
下石塚425,石塚町1498-10,石塚町(下),096-015,36.35363035,139.5640229
下石塚053,石塚町1502-2,石塚町(下),096-016,36.35297791,139.5629779
下石塚361,石塚町2601,石塚町(下),096-017,36.34993322,139.5572522
上石314,石塚町2610-5,石塚町(下),096-018,36.35086644,139.5577773
上石311,石塚町2611,石塚町(下),096-019,36.35065755,139.5574786
上石409,石塚町2642,石塚町(下),096-020,36.3500143,139.5566111
上石048,石塚町2619,石塚町(下),096-021,36.35105192,139.5569578
下石塚721,石塚町2626,石塚町(下),096-022,36.34992905,139.5569675
上石405,石塚町2636,石塚町(下),096-023,36.35077807,139.5565514
上石414,石塚町2654,石塚町(下),096-024,36.35052752,139.5561611
下石塚723,石塚町2643,石塚町(下),096-025,36.34990258,139.5560437
下石塚430,石塚町743,石塚町(下),096-026,36.35164749,139.5635496
上石411,石塚町2658,石塚町(下),096-027,36.35078638,139.5558604
上石415,石塚町2662,石塚町(下),096-028,36.35132657,139.5557672
上石418,石塚町2667,石塚町(下),096-029,36.35207626,139.5557378
上石418,石塚町2668,石塚町(下),096-030,36.35218874,139.5560488
上石417,石塚町2671,石塚町(下),096-031,36.35186903,139.5560747
上石410,石塚町2676,石塚町(下),096-032,36.351123,139.5561302
上石402,石塚町2677,石塚町(下),096-033,36.35110411,139.5563772
上石418,石塚町2684,石塚町(下),096-034,36.35225567,139.5561875
上石423,石塚町2685,石塚町(下),096-035,36.35215624,139.556451
上石403,石塚町2692,石塚町(下),096-036,36.35125883,139.5565227
上石039,石塚町2702,石塚町(下),096-037,36.35218819,139.5568585
上石309,石塚町2717,石塚町(下),096-038,36.35128299,139.5574213
上石307,石塚町2718,石塚町(下),096-039,36.35192794,139.5573809
上石327,石塚町2734-1,石塚町(下),096-040,36.35172799,139.5579101
上石327,石塚町2735-1,石塚町(下),096-041,36.35131494,139.557751
上石324,石塚町2738,石塚町(下),096-042,36.35219817,139.5578634
上石304,石塚町2740,石塚町(下),096-043,36.35236656,139.557447
上石316,石塚町2742,石塚町(下),096-044,36.35269285,139.5575398
上石424,石塚町2761,石塚町(下),096-045,36.35361388,139.5567338
上石426,石塚町2762-1,石塚町(下),096-046,36.35370692,139.5563552
上石322,石塚町2779,石塚町(下),096-047,36.35344807,139.5574048
下石塚019,石塚町362,石塚町(下),096-048,36.34376975,139.5597328
下石塚017,石塚町362,石塚町(下),096-049,36.34329562,139.5593536
下石塚021,石塚町381,石塚町(下),096-050,36.34430466,139.5598971
下石塚207,石塚町382,石塚町(下),096-051,36.34492548,139.5609337
下石塚023,石塚町385,石塚町(下),096-052,36.34517795,139.5600338
下石塚024,石塚町386,石塚町(下),096-053,36.34548707,139.5601477
下石塚026,石塚町388,石塚町(下),096-054,36.34617141,139.5604259
下石塚219,石塚町415,石塚町(下),096-055,36.34651395,139.5619958
下石塚261,石塚町426,石塚町(下),096-056,36.34563652,139.5645256
下石塚225,石塚町434,石塚町(下),096-057,36.34688803,139.5634095
下石塚223,石塚町453,石塚町(下),096-058,36.34693274,139.5629345
下石塚222,石塚町436,石塚町(下),096-059,36.34658559,139.5627849
下石塚029,石塚町468-1,石塚町(下),096-060,36.34722516,139.5609358
下石塚217,石塚町475,石塚町(下),096-061,36.34676022,139.5610626
下石塚120,石塚町485-2,石塚町(下),096-062,36.34596427,139.5598201
下石塚119,石塚町490,石塚町(下),096-063,36.34540375,139.5594586
小中853,石塚町510-14,石塚町(下),096-064,36.34452242,139.5579378
下石塚127,石塚町529,石塚町(下),096-065,36.34598893,139.5590985
下石塚728,石塚町535,石塚町(下),096-066,36.34545868,139.5578715
下石塚310,石塚町555,石塚町(下),096-067,36.34765344,139.5591588
下石塚314,石塚町557,石塚町(下),096-068,36.34818038,139.558166
下石塚715,石塚町568,石塚町(下),096-069,36.34823508,139.5573427
下石塚317,石塚町581-3,石塚町(下),096-070,36.34749877,139.5584885
下石塚350,石塚町588-1,石塚町(下),096-071,36.34879912,139.5579388
下石塚351,石塚町588-2,石塚町(下),096-072,36.34884749,139.5574952
下石塚316,石塚町593,石塚町(下),096-073,36.34918356,139.5584701
下石塚312,石塚町595,石塚町(下),096-074,36.34872109,139.5584549
下石塚311,石塚町606,石塚町(下),096-075,36.34855972,139.5589851
下石塚320,石塚町610,石塚町(下),096-076,36.34976853,139.5595511
下石塚338,石塚町611-2,石塚町(下),096-077,36.34880747,139.5593773
下石塚307,石塚町617,石塚町(下),096-078,36.34835867,139.5597837
下石塚306,石塚町622-3,石塚町(下),096-079,36.34854752,139.5599948
下石塚376,石塚町644,石塚町(下),096-080,36.34786703,139.5600196
下石塚124,石塚町647,石塚町(下),096-081,36.34713519,139.5603301
下石塚030,石塚町651,石塚町(下),096-084,36.34771407,139.5608037
下石塚302,石塚町656,石塚町(下),096-085,36.34865282,139.560956
下石塚304,石塚町656,石塚町(下),096-086,36.34839621,139.56075
下石塚032,石塚町657,石塚町(下),096-087,36.34830454,139.5619724
下石塚410,石塚町712,石塚町(下),096-088,36.34970661,139.5644707
下石塚068,石塚町716,石塚町(下),096-089,36.34968909,139.5631348
下石塚407,石塚町716,石塚町(下),096-090,36.3497933,139.5634656
下石塚412,石塚町717-1,石塚町(下),096-091,36.35015321,139.5634822
下石塚415,石塚町722,石塚町(下),096-092,36.3507118,139.5634719
下石塚422,石塚町722,石塚町(下),096-093,36.35069902,139.563082
下石塚413,石塚町722-1,石塚町(下),096-094,36.35056348,139.563488
下石塚420,石塚町726,石塚町(下),096-095,36.35124838,139.5634558
下石塚421,石塚町738,石塚町(下),096-096,36.35122419,139.5639993
下石塚041,石塚町758-5,石塚町(下),096-098,36.35187641,139.5629908
下石塚039,石塚町768,石塚町(下),096-099,36.35108421,139.5627572
下石塚040,石塚町769,石塚町(下),096-100,36.35149558,139.5628106
下石塚358,石塚町802,石塚町(下),096-101,36.34968494,139.5613857
下石塚357,石塚町784-3,石塚町(下),096-102,36.34992912,139.5616743
下石塚035,石塚町788,石塚町(下),096-103,36.34921226,139.5626717
下石塚301,石塚町792,石塚町(下),096-104,36.34844262,139.5614986
下石塚303,石塚町796-2,石塚町(下),096-105,36.34902837,139.5613099
下石塚030,石塚町651,石塚町(下),096-106,36.34749824,139.5611683
小中829,石塚町829,石塚町(下),096-107,36.34407411,139.558164
下石塚322,石塚町854,石塚町(下),096-108,36.34992494,139.5607107
下石塚359,石塚町861,石塚町(下),096-109,36.34992683,139.5583113
下石塚030,石塚町650-1,石塚町(下),096-110,36.34764602,139.5613133
下石塚054,石塚町782,石塚町(下),096-111,36.34971272,139.5627848
下石塚426,石塚町1497,石塚町(下),096-112,36.35377482,139.5643395
下石塚505,石塚町1247,石塚町(上),097-001,36.35572176,139.5602581
上石127,石塚町1280,石塚町(上),097-002,36.35833782,139.5592917
下石塚523,石塚町1280,石塚町(上),097-003,36.3555817,139.557977
下石塚521,石塚町1280,石塚町(上),097-004,36.35565337,139.5587299
下石塚522,石塚町1280,石塚町(上),097-005,36.35560647,139.5582083
下石塚519,石塚町1280,石塚町(上),097-006,36.35569342,139.5591374
下石塚524,石塚町1283-1,石塚町(上),097-007,36.35554534,139.5575722
石塚012,石塚町1367,石塚町(上),097-008,36.35962794,139.5612445
石塚102,石塚町1372,石塚町(上),097-009,36.35817837,139.5610205
石塚103,石塚町1372-1,石塚町(上),097-010,36.35822088,139.5601366
石塚008,石塚町1386-10,石塚町(上),097-011,36.35814622,139.5616218
石塚006,石塚町1389,石塚町(上),097-012,36.35727571,139.5618346
石塚002,石塚町1403-1,石塚町(上),097-013,36.35600251,139.5620404
下石塚503,石塚町1408-2,石塚町(上),097-014,36.35570646,139.5609356
下石塚049,石塚町1524-3,石塚町(上),097-015,36.35509845,139.5624796
下石塚484,石塚町1541,石塚町(上),097-016,36.3546297,139.5645131
石塚285,石塚町1555,石塚町(上),097-017,36.35637864,139.5627304
石塚208,石塚町1583,石塚町(上),097-018,36.35791425,139.5627028
石塚214,石塚町1587-3,石塚町(上),097-019,36.35831506,139.5621156
井戸の内212,石塚町1599-4,石塚町(上),097-020,36.35935191,139.5627269
井戸の内210,石塚町1603-3,石塚町(上),097-021,36.35903894,139.563898
井戸の内214,石塚町1611-4,石塚町(上),097-022,36.35832979,139.5636866
井戸の内208,石塚町1694,石塚町(上),097-023,36.35987271,139.5641442
井戸の内209,石塚町1695,石塚町(上),097-024,36.35946076,139.5639927
井戸の内117,石塚町1716,石塚町(上),097-025,36.36181633,139.5640417
井戸の内109,石塚町1717,石塚町(上),097-026,36.36125446,139.5641101
井戸の内006,石塚町1722,石塚町(上),097-027,36.36079371,139.5639828
井戸の内007,石塚町1722,石塚町(上),097-028,36.3607554,139.5643392
井戸の内113,石塚町1725,石塚町(上),097-029,36.36149971,139.5651589
井戸の内010,石塚町1731,石塚町(上),097-030,36.36056233,139.565695
井戸の内313,石塚町1805,石塚町(上),097-031,36.36287635,139.5681689
井戸の内501,石塚町1814,石塚町(上),097-032,36.3635712,139.5683621
井戸の内504,石塚町1818,石塚町(上),097-033,36.36364288,139.5671161
井戸の内311,石塚町1822,石塚町(上),097-034,36.36202888,139.5678786
下町819,石塚町1840,石塚町(上),097-035,36.36355537,139.5687799
井戸の内508,石塚町1878,石塚町(上),097-036,36.36388785,139.5655849
石塚415,石塚町2144-2,石塚町(上),097-037,36.36380993,139.5613353
井戸の内517,石塚町2160,石塚町(上),097-038,36.3642466,139.5616954
石塚406,石塚町2172,石塚町(上),097-039,36.36262536,139.5616739
石塚019,石塚町2197-2,石塚町(上),097-040,36.36151552,139.5604018
石塚017,石塚町2199-2,石塚町(上),097-041,36.36124611,139.560982
石塚402,石塚町2203,石塚町(上),097-042,36.36190689,139.5613256
石塚404,石塚町2204,石塚町(上),097-043,36.36188797,139.561688
井戸の内106,石塚町2216,石塚町(上),097-044,36.36199574,139.563149
井戸の内004,石塚町2223-1,石塚町(上),097-045,36.3609306,139.5628602
井戸の内203,石塚町2225,石塚町(上),097-046,36.36026458,139.5627869
井戸の内417,石塚町1202,石塚町（上）,097-047,36.35755076,139.5656204
石塚215,石塚町2244,石塚町(上),097-048,36.35967546,139.5620478
石塚015,石塚町2250,石塚町(上),097-049,36.3605023,139.5609443
石塚135,石塚町2252-1,石塚町(上),097-050,36.36040649,139.5604294
石塚137,石塚町2260-12,石塚町(上),097-051,36.36097776,139.5600157
石塚138,石塚町2263,石塚町(上),097-052,36.36089194,139.5594197
石塚110,石塚町2267,石塚町(上),097-053,36.36002404,139.560253
石塚125,石塚町2281,石塚町(上),097-054,36.35995984,139.5597697
石塚106,石塚町2284,石塚町(上),097-055,36.35913575,139.5604894
石塚108,石塚町2292-1,石塚町(上),097-056,36.35888637,139.5595447
上石125,石塚町2310-6,石塚町(上),097-057,36.35841503,139.5580246
上石126,石塚町2310-6,石塚町(上),097-058,36.35844335,139.5586223
上石119,石塚町2313-6,石塚町(上),097-059,36.35812667,139.5573425
上石279,石塚町2318-11,石塚町(上),097-060,36.35922074,139.5568846
上石659A,石塚町2321,石塚町(上),097-061,36.36081299,139.5563708
石塚118,石塚町2323,石塚町(上),097-062,36.35992562,139.5573124
石塚168,石塚町2333,石塚町(上),097-063,36.36134378,139.5567348
石塚116,石塚町2334,石塚町(上),097-064,36.36082528,139.5574373
石塚164,石塚町2338,石塚町(上),097-065,36.3613577,139.5573345
石塚158,石塚町2341-2,石塚町(上),097-066,36.3603506,139.5586956
井戸の内213,,石塚町(上),097-067,36.35868279,139.5638319
石塚113,石塚町2369-2,石塚町(上),097-068,36.36096717,139.5585442
石塚115,石塚町2369-8,石塚町(上),097-069,36.36103608,139.5581348
石塚141,石塚町2379,石塚町(上),097-070,36.36206679,139.5587733
石塚139,石塚町2380,石塚町(上),097-071,36.36153715,139.5591807
石塚127,石塚町2412-2,石塚町(上),097-072,36.36262282,139.5580431
石塚152,石塚町2412-2,石塚町(上),097-073,36.36272945,139.5575419
石塚154,石塚町2416,石塚町(上),097-074,36.362157,139.5573598
石塚155,石塚町2416-7,石塚町(上),097-075,36.36186842,139.557362
石塚171,石塚町2419-6,石塚町(上),097-076,36.36165012,139.5569307
石塚142,石塚町2451,石塚町(上),097-077,36.36251758,139.5584491
上石219,石塚町568,石塚町(上),097-078,36.36110296,139.5548726
上石026,石塚町568-13,石塚町(上),097-079,36.35732401,139.5564861
上石213,石塚町568-99,石塚町(上),097-080,36.36139289,139.5555659
井戸の内002,石塚町2228-1,石塚町(上),097-081,36.36095229,139.5620492
井戸の内407,石塚町1664-2,石塚町（上）,097-082,36.36065431,139.5671712
上石230,石塚町568,石塚町(緑),098-001,36.36021387,139.5552223
上石025,石塚町568-13,石塚町(緑),098-002,36.35731593,139.5561501
上石273,石塚町568-13,石塚町(緑),098-003,36.35928814,139.5556712
上石104,石塚町568-13,石塚町(緑),098-004,36.36022556,139.5562596
上石271,石塚町568-13,石塚町(緑),098-005,36.35996195,139.5556445
上石270,石塚町568-13,石塚町(緑),098-006,36.36014977,139.5556397
上石024,石塚町568-13,石塚町(緑),098-007,36.35730115,139.5558013
上石103,石塚町568-16,石塚町(緑),098-008,36.36083886,139.5562132
上石267,石塚町568-16,石塚町(緑),098-009,36.36089772,139.5555973
上石269,石塚町568-16,石塚町(緑),098-010,36.36049051,139.5557825
上石269,石塚町568-16,石塚町(緑),098-011,36.36051225,139.5560233
上石268,石塚町568-16,石塚町(緑),098-012,36.36078383,139.5558825
上石237,石塚町568-33,石塚町(緑),098-013,36.35832136,139.5549021
上石232,石塚町568-33,石塚町(緑),098-014,36.35895823,139.5544899
上石231,石塚町568-33,石塚町(緑),098-015,36.35885796,139.5552426
上石234,石塚町568-33,石塚町(緑),098-016,36.35869239,139.5549301
上石237,石塚町568-33,石塚町(緑),098-017,36.35831073,139.5545163
上石236,石塚町568-33,石塚町(緑),098-018,36.35837991,139.5553137
上石235,石塚町568-33,石塚町(緑),098-019,36.35856961,139.5547626
上石235,石塚町568-33,石塚町(緑),098-020,36.35847959,139.5545021
上石228,石塚町568-33,石塚町(緑),098-021,36.35958483,139.5546601
上石229,石塚町568-33,石塚町(緑),098-022,36.35905621,139.5550771
上石228,石塚町568-33,石塚町(緑),098-023,36.35955198,139.5544871
上石232,石塚町568-33,石塚町(緑),098-024,36.35887211,139.5545835
上石237,石塚町568-33,石塚町(緑),098-025,36.35838135,139.5544974
上石235,石塚町568-33,石塚町(緑),098-026,36.35869048,139.5544974
上石248,石塚町568-63,石塚町(緑),098-027,36.36056633,139.5544001
上石224,石塚町568-63,石塚町(緑),098-028,36.36045804,139.5554259
上石247,石塚町568-63,石塚町(緑),098-029,36.36081461,139.5543912
上石229,石塚町568-63,石塚町(緑),098-030,36.35925119,139.5547427
上石228,石塚町568-63,石塚町(緑),098-031,36.35969723,139.554476
上石228,石塚町568-63,石塚町(緑),098-032,36.35943283,139.5548337
上石229,石塚町568-63,石塚町(緑),098-033,36.35915043,139.5547824
上石270,石塚町568-63,石塚町(緑),098-034,36.36022728,139.55595
上石249,石塚町568-63,石塚町(緑),098-035,36.35977537,139.5548201
上石230,石塚町568-63,石塚町(緑),098-036,36.36010864,139.5544659
上石230,石塚町568-63,石塚町(緑),098-037,36.36019975,139.5547698
上石229,石塚町568-63,石塚町(緑),098-038,36.35902402,139.5547201
上石225,石塚町568-63,石塚町(緑),098-039,36.36045803,139.5546859
上石225,石塚町568-63,石塚町(緑),098-040,36.36045052,139.5550209
上石247,石塚町568-63,石塚町(緑),098-041,36.36076466,139.5546911
上石268,石塚町568-63,石塚町(緑),098-042,36.36075968,139.555185
上石229,石塚町568-63,石塚町(緑),098-043,36.35932287,139.5547551
上石237,石塚町568-68,石塚町(緑),098-044,36.35822129,139.5545035
上石241,石塚町568-68,石塚町(緑),098-045,36.35813082,139.5553226
上石023,石塚町568-68,石塚町(緑),098-046,36.35718671,139.5553451
上石240,石塚町568-68,石塚町(緑),098-047,36.35743338,139.554956
上石241,石塚町568-68,石塚町(緑),098-048,36.35794079,139.5545302
上石239,石塚町568-68,石塚町(緑),098-049,36.35763,139.5548624
上石241,石塚町568-68,石塚町(緑),098-050,36.35789693,139.5553162
上石240,石塚町568-68,石塚町(緑),098-051,36.35719622,139.5548999
上石241,石塚町568-68,石塚町(緑),098-052,36.35795306,139.5548427
上石239,石塚町568-68,石塚町(緑),098-053,36.35771164,139.554896
上石238,石塚町568-68,石塚町(緑),098-054,36.35764256,139.5553034
上石241,石塚町568-68,石塚町(緑),098-055,36.35807719,139.5545061
上石241,石塚町568-68,石塚町(緑),098-056,36.35786753,139.5548824
上石240,石塚町568-68,石塚町(緑),098-057,36.35716924,139.5545377
上石226,石塚町568-82,石塚町(緑),098-058,36.35972367,139.5555311
上石226,石塚町568-82,石塚町(緑),098-059,36.35970898,139.5553773
上石269,石塚町568-87,石塚町(緑),098-060,36.36038527,139.5558748
上石230,石塚町568-63,石塚町（緑）,098-061,36.36019058,139.555012
上石230,石塚町586-63,石塚町（緑）,098-062,36.35991279,139.554466
寺久保124,出流原町1020-3,出流原町,099-001,36.363699,139.5398239
寺久保123,出流原町1057,出流原町,099-002,36.36438391,139.5396188
寺久保114,出流原町1093,出流原町,099-006,36.36465393,139.5419769
後山202,出流原町1120-9,出流原町,099-012,36.3638214,139.5514311
寺久保319,出流原町1543,出流原町,099-017,36.36421767,139.5311446
寺久保321,出流原町1553,出流原町,099-018,36.36362639,139.5316568
寺久保323,出流原町1562,出流原町,099-019,36.36319195,139.5311116
大門460,出流原町598-2,出流原町,099-020,36.36036781,139.544438
後山204,出流原町2238,出流原町,099-024,36.36462298,139.5514264
後山220,出流原町2238-10,出流原町,099-025,36.36385391,139.5507337
寺久保330,,出流原町,099-035,36.36159495,139.5325592
後山491,出流原町373-2,出流原町,099-039,36.36412583,139.5487213
後山130,出流原町39,出流原町,099-041,36.36424488,139.5455227
大門433,出流原町452-1,出流原町,099-050,36.36161776,139.5497713
大門435,出流原町467,出流原町,099-051,36.36222742,139.5486552
後山222,出流原町478,出流原町,099-052,36.36432635,139.5498577
大門426,出流原町498-4,出流原町,099-054,36.36114974,139.5484118
後山011,出流原町512,出流原町,099-055,36.36329645,139.5472754
後山014,出流原町515,出流原町,099-056,36.36330749,139.5462019
大門479,出流原町541,出流原町,099-057,36.36108027,139.5473616
大門455,出流原町591,出流原町,099-062,36.35923436,139.5449529
大門443,出流原町603,出流原町,099-063,36.36113917,139.5448692
大門451,出流原町614-4,出流原町,099-064,36.35949464,139.5465959
大門422,出流原町614-7,出流原町,099-065,36.35983125,139.5473458
大門424,出流原町622-1,出流原町,099-066,36.36058201,139.5479482
大門438,出流原町667-12,出流原町,099-067,36.36180667,139.5506879
大門481,出流原町667-21,出流原町,099-068,36.36171193,139.5503774
大門473,出流原町687-4,出流原町,099-069,36.3611603,139.5458955
大門404,出流原町715,出流原町,099-071,36.35908378,139.5436961
大門064,出流原町723,出流原町,099-072,36.35982399,139.5431011
大門067,出流原町734-1,出流原町,099-073,36.36060613,139.5433311
大門469,出流原町741-8,出流原町,099-075,36.3611827,139.5441618
大門071,出流原町742-2,出流原町,099-076,36.36202649,139.5437629
後山139,出流原町752,出流原町,099-077,36.36221679,139.5447484
後山104,出流原町756,出流原町,099-078,36.36330974,139.5452653
後山113,出流原町768-2,出流原町,099-079,36.3637213,139.5442759
大門445,出流原町774,出流原町,099-080,36.3615152,139.5449918
寺久保109,出流原町809-2,出流原町,099-083,36.36396323,139.5423935
大門723,出流原町820,出流原町,099-084,36.36348992,139.5432233
大門541,出流原町840-3,出流原町,099-085,36.36240504,139.541657
大門545,出流原町849,出流原町,099-086,36.36217672,139.5428283
大門590,出流原町867,出流原町,099-087,36.36140152,139.5417109
大門532,出流原町875,出流原町,099-088,36.3608183,139.5414863
大門534,出流原町877-2,出流原町,099-089,36.36070276,139.5418909
大門542,出流原町888,出流原町,099-091,36.36015366,139.5427969
大門557,出流原町890-7,出流原町,099-092,36.35984757,139.5425656
後山150,出流原町9000,出流原町,099-093,36.3644304,139.5444193
寺久保318,出流原町9000,出流原町,099-095,36.36415769,139.531552
大門588,出流原町9000,出流原町,099-097,36.36106274,139.5430833
大門606,出流原町9000,出流原町,099-098,36.36142592,139.5514675
大門809,出流原町9000,出流原町,099-099,36.35891197,139.5487065
大門807,出流原町9000,出流原町,099-100,36.35890809,139.5492365
寺久保325,出流原町9000,出流原町,099-102,36.3633161,139.5317346
大門506,出流原町906-5,出流原町,099-104,36.3595729,139.5408482
大門504,出流原町909,出流原町,099-105,36.35947979,139.5412463
大門503,出流原町912-2,出流原町,099-106,36.35926792,139.5416257
大門508,出流原町918,出流原町,099-107,36.3594068,139.5402588
大門513,出流原町923-3,出流原町,099-108,36.35927511,139.5394823
大門514,出流原町926-2,出流原町,099-109,36.3598853,139.5393865
大門571,出流原町941,出流原町,099-110,36.36063767,139.5388715
大門515,出流原町950,出流原町,099-111,36.36001,139.5390062
大門500,出流原町950,出流原町,099-112,36.36014528,139.5394814
大門512,出流原町951,出流原町,099-113,36.35986531,139.5396873
大門507,出流原町954-6,出流原町,099-114,36.35973171,139.5404099
大門511,出流原町955,出流原町,099-115,36.359785,139.5400523
大門523,出流原町958-2,出流原町,099-116,36.36048077,139.5407847
大門528,出流原町976,出流原町,099-117,36.36157175,139.5395314
大門536,出流原町989-2,出流原町,099-118,36.3612499,139.5411463
大門539,出流原町991,出流原町,099-119,36.36200012,139.5414799
大門540,出流原町991,出流原町,099-120,36.36193897,139.5410938
大門526,出流原町991,出流原町,099-121,36.36118569,139.5406171
寺久保152,出流原町1061,出流原町,099-130,36.36416947,139.5390935
下町176,吉水町1061,下町,101-001,36.35770919,139.5717163
下町117,吉水町1061,下町,101-002,36.35850574,139.5723412
下町170,吉水町1114-8,下町,101-003,36.35964922,139.5752633
下町127,小見町1354,下町,101-004,36.35869074,139.5715848
下町128,小見町1373,下町,101-005,36.35982587,139.5730618
下町135,小見町1373-3,下町,101-006,36.36003002,139.5716231
下町148,石塚町1838,下町,101-007,36.36122738,139.5693835
下町169,石塚町1838,下町,101-008,36.36182063,139.5691963
下町123,田沼町1061,下町,101-010,36.35820212,139.572142
下町149,田沼町108-15,下町,101-011,36.36157732,139.5696588
下町112,田沼町11-1,下町,101-012,36.35984392,139.5735719
下町373,田沼町120-3,下町,101-013,36.3626219,139.5702795
下町370,田沼町124,下町,101-014,36.36266858,139.5690521
下町319,田沼町133-5,下町,101-015,36.36255389,139.5717735
下町375,田沼町139,下町,101-016,36.36257392,139.5710837
下町380,田沼町149-5,下町,101-017,36.36282551,139.5696734
下町845,田沼町151-6,下町,101-018,36.36317686,139.5698498
下町844,田沼町152-1,下町,101-019,36.36338297,139.5696837
下町816,田沼町154-2,下町,101-020,36.36377125,139.5701411
下町818,田沼町154-2,下町,101-021,36.36367955,139.5693023
下町814,田沼町160-5,下町,101-022,36.36384595,139.5708311
下町334,田沼町164-3,下町,101-023,36.36422042,139.5714035
下町337,田沼町165-7,下町,101-024,36.36456002,139.5710758
下町332,田沼町171-8,下町,101-025,36.36442029,139.569342
下町324,田沼町174,下町,101-026,36.36440452,139.5687298
下町146,田沼町22-3,下町,101-035,36.36097385,139.5748666
下町106,田沼町35-2,下町,101-036,36.36178482,139.5747866
下町155,田沼町36-2,下町,101-038,36.36152707,139.5746267
下町199,田沼町38-3,下町,101-040,36.36081077,139.5721947
下町827,田沼町450,下町,101-052,36.36449566,139.5732531
下町829,田沼町450-12,下町,101-053,36.36429452,139.5729358
下町830,田沼町450-14,下町,101-054,36.36405017,139.5729267
下町807A,田沼町450-21,下町,101-055,36.36386435,139.5727281
下町831,田沼町450-5,下町,101-056,36.36449676,139.572807
下町805A,田沼町458,下町,101-058,36.36387713,139.5735517
下町820,田沼町458-4,下町,101-059,36.36399018,139.5734831
下町803A,田沼町468-1,下町,101-060,36.36381293,139.5743683
下町860,田沼町470,下町,101-061,36.36329686,139.5732434
下町354,田沼町476,下町,101-063,36.3629486,139.5720796
下町025,田沼町479-5,下町,101-064,36.36253808,139.572706
下町318,田沼町479-7,下町,101-065,36.36260446,139.5722282
下町854,田沼町481-5,下町,101-066,36.36303641,139.5736633
下町023,田沼町482-1,下町,101-067,36.36253978,139.5735256
下町851,田沼町492,下町,101-068,36.36285336,139.5747005
下町018,田沼町492-1,下町,101-069,36.36232562,139.5751407
下町415,田沼町497,下町,101-070,36.3635594,139.5751982
田沼171,栃本町2303,下町,101-071,36.36388603,139.5774655
下町067,田沼町509-3,下町,101-072,36.36414786,139.5758367
下町102,田沼町5-10,下町,101-073,36.35977338,139.5744982
田沼162,田沼町525,下町,101-074,36.36460928,139.5780905
下町108,田沼町57,下町,101-076,36.3609427,139.5743409
下町305,田沼町58,下町,101-079,36.36186953,139.5738246
下町068,田沼町589,下町,101-081,36.364584,139.5759265
田沼140,田沼町590,下町,101-082,36.36456456,139.5763553
下町306,田沼町59-1,下町,101-083,36.3614063,139.5736282
下町302,田沼町65-4,下町,101-087,36.36198479,139.5734043
下町022,田沼町68-6,下町,101-089,36.36251312,139.5739881
下町132,田沼町80-6,下町,101-090,36.36013223,139.5720819
下町165,田沼町82-2,下町,101-091,36.36037056,139.5713161
下町398A,田沼町91-12,下町,101-092,36.36107568,139.5705598
下町393A,田沼町91-19,下町,101-093,36.36134793,139.5711655
下町143,田沼町97-2,下町,101-094,36.36053885,139.5696846
下町144,田沼町97-2,下町,101-095,36.36051301,139.5692496
下町201,栃本町2303,下町,101-096,36.3633616,139.5776428
下町066,田沼町509,下町,101-097,36.36400683,139.576219
田沼143,栃本町2303-13,下町,101-098,36.36431849,139.5776891
田沼145,栃本町2338,下町,101-099,36.36386378,139.5779763
田沼162,栃本町2342,下町,101-100,36.36424455,139.5779263
下町258,栃本町2391-7,下町,101-101,36.36271805,139.576194
田沼170,栃本町521,下町,101-102,36.36406794,139.5773138
栃本002,栃本町2167-9,下田沼,107-001,36.36137215,139.5831798
栃北524,栃本町2206-7,下田沼,107-002,36.36268531,139.5821124
栃北543,栃本町2208-6,下田沼,107-003,36.36226728,139.5826185
栃北527,栃本町2213,下田沼,107-004,36.36225894,139.5813103
栃北529,栃本町2215-10,下田沼,107-005,36.36302276,139.5816499
下町278,栃本町2295,下田沼,107-006,36.36240563,139.5807339
下町282,栃本町2297,下田沼,107-007,36.36241282,139.5801751
下町245,栃本町2302,下田沼,107-008,36.36227704,139.5792601
下町255,栃本町2334-3,下田沼,107-009,36.36445595,139.5789676
下町251,栃本町2337,下田沼,107-010,36.36379185,139.5785226
下町250,栃本町2349,下田沼,107-011,36.36339772,139.5783902
下町246,栃本町2351,下田沼,107-012,36.36275698,139.5783327
下町239,栃本町2356-1,下田沼,107-013,36.3624614,139.5782266
下町232,栃本町2369,下田沼,107-014,36.36165039,139.5778205
下町235,栃本町2369,下田沼,107-015,36.36199485,139.5780306
下町264,栃本町2373,下田沼,107-016,36.36245897,139.5779305
下町264,栃本町2374,下田沼,107-017,36.36229205,139.5773789
下町229,栃本町2395-3,下田沼,107-018,36.36196067,139.5768415
下町260,栃本町2396,下田沼,107-019,36.36253393,139.5768681
下町225,栃本町2407,下田沼,107-020,36.36106745,139.5774403
下町604A,栃本町2445-5,下田沼,107-021,36.36026587,139.5782903
下町295A,栃本町2453-1,下田沼,107-022,36.36151711,139.5774076
下町236,栃本町2458,下田沼,107-023,36.36176815,139.5784805
下町643A,栃本町2472-3,下田沼,107-024,36.36112322,139.5781477
下町220,栃本町2476-6,下田沼,107-025,36.36162823,139.5792613
下町676,栃本町2476-8,下田沼,107-026,36.36115104,139.579659
下町280,栃本町2478,下田沼,107-027,36.36160656,139.5806889
下町278,栃本町2478,下田沼,107-028,36.36213317,139.5806053
下町658,栃本町2479-3,下田沼,107-029,36.360643,139.5806814
下町651A,栃本町2480-1,下田沼,107-030,36.36085917,139.5801488
下町646A,栃本町2483,下田沼,107-031,36.36087385,139.5796338
下町669A,栃本町2483-5,下田沼,107-032,36.3606297,139.5780306
下町639,栃本町2484-3,下田沼,107-033,36.36074721,139.5773906
下町611,栃本町2487-8,下田沼,107-034,36.35997698,139.5772204
下町207,栃本町2488,下田沼,107-035,36.36029643,139.5770281
下町603,栃本町2489-16,下田沼,107-036,36.35936509,139.5781781
下町601A,栃本町2489-20,下田沼,107-037,36.35953512,139.5772779
下町613,栃本町2490,下田沼,107-038,36.35976591,139.5781492
下町661,栃本町2497-3,下田沼,107-039,36.3596793,139.5803963
下町638,栃本町2503-1,下田沼,107-040,36.35836166,139.5804038
栃本001,栃本町2663-5,下田沼,107-041,36.36110629,139.5825427
下町236,栃本町2458,下田沼,107-043,36.36201369,139.5783703
栃北515,栃本町1296-1,瓦町,108-001,36.36348934,139.5828487
栃北514,栃本町1296-3,瓦町,108-002,36.36384599,139.5830684
栃北357,栃本町1788,瓦町,108-019,36.36453096,139.5841949
栃北362,栃本町1834,瓦町,108-022,36.36393546,139.585261
栃北360,栃本町1836-5,瓦町,108-023,36.36403851,139.5849307
栃北365,栃本町1839-13,瓦町,108-024,36.36426268,139.5854195
栃北509,栃本町2186,瓦町,108-025,36.36447096,139.5834722
栃北512,栃本町2187-4,瓦町,108-026,36.36460454,139.5824473
栃北511,栃本町2188-9,瓦町,108-027,36.36437847,139.5829459
栃北519,栃本町2192,瓦町,108-028,36.36414122,139.581986
栃北516,栃本町2194-4,瓦町,108-029,36.36378961,139.5824426
栃北537,栃本町2200-7,瓦町,108-030,36.36395015,139.5813452
栃北538,栃本町2224,瓦町,108-031,36.36438263,139.5812801
小見357,吉水町1043,小見,110-001,36.35663177,139.5707949
小見379,吉水町1057-4,小見,110-002,36.35540107,139.5710733
堀米西405,吉水町229-1,小見,110-003,36.33470261,139.5712745
堀米西466,吉水町263,小見,110-004,36.33632071,139.5722045
堀米西851,吉水町356,小見,110-005,36.33974728,139.5719677
下小見132,吉水町356,小見,110-006,36.34211535,139.5718394
下小見115,吉水町366-2,小見,110-007,36.34492561,139.5720928
下小見113,吉水町682,小見,110-008,36.34581132,139.5724367
下小見021,吉水町683,小見,110-009,36.34648401,139.5734648
下小見207,吉水町695,小見,110-010,36.34739945,139.5735565
下小見109,吉水町697-1,小見,110-011,36.34626348,139.5715251
下小見216,吉水町699-17,小見,110-012,36.3478225,139.5722315
下小見245,吉水町703-4,小見,110-013,36.34783195,139.571771
小見127,吉水町772,小見,110-014,36.35120566,139.5715627
小見008,吉水町830,小見,110-015,36.34964504,139.5730964
小見009,吉水町832,小見,110-016,36.35001918,139.5728173
堀米西047,小見町101-1,小見,110-017,36.33838326,139.5705141
小見378,小見町1057-4,小見,110-018,36.35547297,139.57053
小見377,小見町1060,小見,110-019,36.35561102,139.5699425
小見317,小見町1073,小見,110-020,36.3544706,139.5701701
小見309,小見町1076,小見,110-021,36.35366818,139.569994
下石塚447,小見町1077,小見,110-022,36.35415811,139.5686914
小見392,小見町1094,小見,110-023,36.35461809,139.5690024
小見328,小見町1096,小見,110-024,36.35500915,139.5687999
小見371,小見町1246,小見,110-025,36.35647451,139.5699362
小見374,小見町1252-9,小見,110-026,36.35751023,139.5695609
堀米西034A,小見町126,小見,110-027,36.33712421,139.5704833
小見150,小見町1549,小見,110-028,36.34987334,139.5689103
堀米西449,小見町15-7,小見,110-029,36.33527578,139.5683975
堀米西401,小見町15-7,小見,110-030,36.33511084,139.5692485
堀米西403,小見町2,小見,110-031,36.33485503,139.5705007
堀米西407,小見町229-1,小見,110-032,36.33460539,139.5721522
堀米西030,小見町28-1,小見,110-033,36.33580407,139.5694392
下小見261,小見町284,小見,110-034,36.34477915,139.5694642
下小見262,小見町284,小見,110-035,36.34514583,139.569608
下小見515,小見町477-3,小見,110-036,36.34660036,139.5678042
堀米西445,小見町49-2,小見,110-037,36.33630488,139.5705731
下小見007,,小見,110-038,36.34754889,139.5704667
堀米西455,小見町5-1,小見,110-039,36.33497448,139.5703945
下小見412,小見町597,小見,110-040,36.34852679,139.5676681
下小見501,小見町602-3,小見,110-041,36.34794602,139.5675478
下小見542,小見町626-1,小見,110-042,36.34684642,139.5688652
下小見011,小見町630-1,小見,110-043,36.3481821,139.5690677
下小見407,小見町638-5,小見,110-044,36.34916947,139.5686341
堀米西425,小見町64,小見,110-045,36.33731336,139.571994
小見136,小見町652,小見,110-046,36.34992773,139.5673078
堀米西427,小見町65-2,小見,110-047,36.33848211,139.5719453
下小見413,小見町668,小見,110-048,36.34863514,139.5693437
下小見004,小見町671,小見,110-049,36.34692115,139.5720666
下小見010,小見町673,小見,110-050,36.34787024,139.5695515
下小見008,小見町675,小見,110-051,36.34767022,139.5700701
下小見003,小見町675-6,小見,110-052,36.34672871,139.572719
下小見002,小見町681,小見,110-053,36.34657736,139.5732024
下小見263,小見町687,小見,110-054,36.34565185,139.5697905
下小見264,小見町687,小見,110-055,36.34606316,139.5699416
下小見265,小見町687,小見,110-056,36.34654203,139.5701166
下小見337,小見町687,小見,110-057,36.34680643,139.5704693
下小見023,小見町688,小見,110-058,36.34743363,139.5708014
下小見006,小見町694,小見,110-059,36.34729367,139.5712142
下小見005,小見町694,小見,110-060,36.34715895,139.5715539
下小見209,小見町699-31,小見,110-061,36.34759555,139.5729274
下小見204,小見町702,小見,110-062,36.34752718,139.5716639
下小見213,小見町715-1,小見,110-064,36.34859296,139.5725463
下小見211,小見町718,小見,110-065,36.34875181,139.5721123
下小見214,小見町720,小見,110-066,36.34906374,139.5727715
堀米西081A,小見町74,小見,110-067,36.3408613,139.5716217
下小見246,小見町742-14,小見,110-068,36.3492179,139.5722574
下小見214,小見町742-5,小見,110-069,36.34915951,139.5728812
小見010,小見町749,小見,110-070,36.35019522,139.5724112
小見161,小見町760,小見,110-071,36.35010445,139.5703938
小見107,小見町763,小見,110-072,36.35054355,139.5705966
小見104,小見町764,小見,110-073,36.35046242,139.5714524
小見143,小見町774,小見,110-074,36.35107075,139.5723487
小見135,小見町789,小見,110-075,36.35065349,139.5703038
小見121,小見町797-1,小見,110-076,36.35072629,139.569845
小見115,小見町815,小見,110-077,36.35133012,139.5693042
小見146,小見町821,小見,110-078,36.35162143,139.5684192
小見111,小見町822,小見,110-079,36.35082651,139.5692342
下石塚467,小見町867,小見,110-080,36.35187062,139.5671954
下石塚451,小見町938-3,小見,110-081,36.35380948,139.5652069
下小見217,小見町718-9,小見,110-082,36.34914065,139.5734059
下小見526,,小見,110-083,36.34607738,139.5659941
下石塚450,小見町941-4,小見,110-084,36.35336984,139.5655681
下石塚481,小見町947-2,小見,110-085,36.35303957,139.5658252
下石塚458,小見町965,小見,110-086,36.35260826,139.5677042
下小見511,小見町485,小見,110-087,36.3460432,139.5672396
下小見508,小見町475,小見,110-088,36.34596015,139.5676653
下小見542,小見町618,小見,110-089,36.34694116,139.5681003
下小見334,小見町448,小見,110-090,36.34734496,139.5693754
下小見517,小見町239,小見,110-091,36.34499773,139.5670368
小見152,小見町900,小見,110-092,36.35033522,139.5671167
小見153,小見町858-4,小見,110-093,36.35051269,139.5665131
小見303,吉水町1005,吉水,111-001,36.35416124,139.5722432
小見553,吉水町1090,吉水,111-002,36.35822936,139.5749282
下町121,吉水町1094,吉水,111-003,36.35829826,139.573991
小見027,吉水町1147,吉水,111-004,36.3553764,139.5753457
小見208,吉水町1165-2,吉水,111-005,36.35414903,139.5746708
小見204,吉水町1167-3,吉水,111-006,36.35316748,139.5747612
小見218,吉水町1172-5,吉水,111-007,36.35317912,139.5753108
小見455,吉水町1282-4,吉水,111-008,36.35436786,139.579844
小見444,吉水町1282-4,吉水,111-009,36.35354468,139.5795193
小見428,吉水町1299,吉水,111-010,36.35472229,139.5801231
小見445,吉水町1306,吉水,111-011,36.35579388,139.580244
小見439,吉水町1315,吉水,111-012,36.35502226,139.5792004
小見433,吉水町1316,吉水,111-013,36.35519055,139.5786602
館野347,吉水町1333,吉水,111-014,36.35477399,139.5816005
館野356,吉水町1376,吉水,111-015,36.35394545,139.5811692
下小見223A,吉水町713-4,吉水,111-016,36.34853294,139.5742038
下小見243A,吉水町713,吉水,111-017,36.34789972,139.573875
小見813,吉水町729-6,吉水,111-018,36.35127517,139.5754661
小見837,吉水町775,吉水,111-019,36.35180812,139.5749806
小見842,吉水町775-13,吉水,111-020,36.35234673,139.5750297
小見815,吉水町775-8,吉水,111-021,36.35132519,139.5746737
下小見220A,吉水町828,吉水,111-022,36.34943034,139.5739572
小見012,吉水町832,吉水,111-023,36.35101074,139.5726839
小見144,吉水町838,吉水,111-025,36.35135156,139.5723775
小見014,吉水町843,吉水,111-026,36.35179813,139.5729538
小見206,吉水町873-2,吉水,111-027,36.35364822,139.5746784
小見019,吉水町881,吉水,111-028,36.35387074,139.5737212
小見541,吉水町894-2,吉水,111-029,36.3553105,139.5742558
小見026,吉水町900,吉水,111-030,36.35563552,139.5747644
小見431,吉水町9000,吉水,111-031,36.35507472,139.5778508
小見520,吉水町9000,吉水,111-032,36.35741362,139.5750104
小見505,吉水町9000,吉水,111-033,36.35640685,139.5746544
小見024,吉水町9000,吉水,111-034,36.3557477,139.5744186
小見016,吉水町9000,吉水,111-035,36.35263913,139.5732563
小見017,吉水町9000,吉水,111-036,36.35307381,139.5734188
下小見218,吉水町9000,吉水,111-037,36.3490454,139.5738689
小見546,吉水町911-2,吉水,111-038,36.3567493,139.5754707
小見506,吉水町914,吉水,111-039,36.35687703,139.574856
小見521,吉水町923,吉水,111-040,36.35784498,139.5752256
小見523,吉水町926,吉水,111-041,36.35818162,139.575482
小見020,吉水町959,吉水,111-042,36.35436566,139.5739036
小見025,吉水町962-2,吉水,111-043,36.35484644,139.5740894
小見302,吉水町964,吉水,111-044,36.35402067,139.5725047
小見301,吉水町966,吉水,111-045,36.3537113,139.5731412
小見018,吉水町968,吉水,111-046,36.35345155,139.5735534
下町293,栃本町2489-4,吉水,111-047,36.35943313,139.5767468
下町664,栃本町2572,吉水,111-048,36.35760669,139.5806255
館野148,吉水町30-2,吉水新田,112-001,36.33704073,139.5779541
館野267,吉水町3357,吉水新田,112-002,36.33840062,139.5814646
館野115,吉水町354,吉水新田,112-003,36.3381214,139.5767564
館野013,吉水町45,吉水新田,112-004,36.33952069,139.5805098
館野141,吉水町57,吉水新田,112-005,36.33751153,139.5783237
館野201,吉水町60,吉水新田,112-006,36.33676994,139.5789887
館野010,吉水町75,吉水新田,112-007,36.33833646,139.5800622
館野165,吉水町900,吉水新田,112-008,36.33857053,139.5777373
館野518A,吉水町9000,吉水新田,112-009,36.3380923,139.5796336
館野017,吉水町9000,吉水新田,112-010,36.34112966,139.5806061
館野163,吉水町9000,吉水新田,112-011,36.33788921,139.578009
館野227,吉水町9000,吉水新田,112-012,36.34112383,139.5811308
館野248,吉水町9000,吉水新田,112-013,36.33764898,139.580661
館野147,吉水町9000,吉水新田,112-014,36.33595027,139.5754741
館野007,吉水町9000,吉水新田,112-015,36.33748652,139.5792772
館野112,吉水町9000,吉水新田,112-016,36.33672576,139.5767467
館野167,吉水町9000,吉水新田,112-017,36.33905716,139.5772923
新吉水205A,吉水駅前２丁目1,新吉水町南,113-001,36.34491922,139.577597
新吉水006,吉水駅前２丁目1,新吉水町南,113-002,36.34512275,139.5765564
新吉水730,吉水駅前２丁目10,新吉水町南,113-003,36.34302335,139.5776586
新吉水701A,吉水駅前２丁目10-6,新吉水町南,113-004,36.3423431,139.5778822
新吉水005,吉水駅前２丁目1-11,新吉水町南,113-005,36.34502584,139.5770063
新吉水720A,吉水駅前２丁目11-5,新吉水町南,113-006,36.34125213,139.5774664
新吉水141,吉水駅前２丁目13-2,新吉水町南,113-007,36.34191872,139.5764237
新吉水128,吉水駅前２丁目13-6,新吉水町南,113-008,36.34095298,139.5760724
新吉水313A,吉水駅前２丁目14-14,新吉水町南,113-009,36.34134431,139.5750711
新吉水171,吉水駅前２丁目14-6,新吉水町南,113-010,36.34155458,139.5756566
新吉水173,吉水駅前２丁目15,新吉水町南,113-011,36.34072883,139.5753591
新吉水196,吉水駅前２丁目16-3,新吉水町南,113-012,36.34018564,139.5757824
新吉水713,吉水駅前２丁目17-26,新吉水町南,113-013,36.34042887,139.5765234
新吉水710,吉水駅前２丁目17-7,新吉水町南,113-014,36.33974205,139.5762461
新吉水751A,吉水駅前２丁目18-12,新吉水町南,113-015,36.33962736,139.5768124
新吉水716A,吉水駅前２丁目18-4,新吉水町南,113-016,36.34031642,139.5770824
新吉水002,吉水駅前２丁目2,新吉水町南,113-017,36.34489757,139.5783023
新吉水107,吉水駅前２丁目2-5,新吉水町南,113-018,36.34456231,139.5754534
新吉水705A,吉水駅前２丁目3-19,新吉水町南,113-019,36.34392597,139.5785006
新吉水703A,吉水駅前２丁目3-7,新吉水町南,113-020,36.34326326,139.5782438
新吉水708A,吉水駅前２丁目4-23,新吉水町南,113-021,36.34387179,139.5778621
新吉水117,吉水駅前２丁目5-11,新吉水町南,113-022,36.34354746,139.5770788
新吉水115,吉水駅前２丁目5-6,新吉水町南,113-023,36.34433728,139.5773913
新吉水168,吉水駅前２丁目6,新吉水町南,113-024,36.34349739,139.576425
新吉水306A,吉水駅前２丁目6-14,新吉水町南,113-025,36.34358463,139.5759225
新吉水304A,吉水駅前２丁目6-16,新吉水町南,113-026,36.34403322,139.5761001
新吉水331A,吉水駅前２丁目6-21,新吉水町南,113-027,36.34447845,139.5762697
新吉水163,吉水駅前２丁目6-7,新吉水町南,113-028,36.34429676,139.5767339
新吉水124,吉水駅前２丁目8,新吉水町南,113-029,36.34245837,139.5766598
新吉水308A,吉水駅前２丁目8-1,新吉水町南,113-030,36.34283553,139.5756462
新吉水310A,吉水駅前２丁目8-6,新吉水町南,113-031,36.34227951,139.5754213
新吉水727A,吉水駅前２丁目9-10,新吉水町南,113-032,36.34183349,139.577065
新吉水754A,吉水駅前２丁目9-4,新吉水町南,113-033,36.34246536,139.5773114
新吉水162,吉水駅前３丁目10-10,新吉水町南,113-034,36.34220287,139.5739916
新吉水320A,吉水駅前３丁目12,新吉水町南,113-035,36.3418204,139.5737153
新吉水724,吉水駅前３丁目12-13,新吉水町南,113-036,36.34116492,139.5768114
新吉水322,吉水駅前３丁目12-18,新吉水町南,113-037,36.34225008,139.5732362
新吉水318A,吉水駅前３丁目13-4,新吉水町南,113-038,36.34143318,139.5741551
新吉水111,吉水駅前３丁目2,新吉水町南,113-040,36.34454562,139.5749038
新吉水175,吉水駅前３丁目2-14,新吉水町南,113-041,36.34371346,139.5753137
新吉水551A,吉水駅前３丁目3-8,新吉水町南,113-042,36.34448088,139.5741426
新吉水152,吉水駅前３丁目4-7,新吉水町南,113-043,36.34410427,139.5737816
新吉水554A,吉水駅前３丁目6,新吉水町南,113-044,36.3435399,139.5737836
新吉水186A,吉水駅前３丁目6-14,新吉水町南,113-045,36.34273835,139.5735128
新吉水161,吉水駅前３丁目7,新吉水町南,113-046,36.34260779,139.5741514
新吉水178,吉水駅前３丁目7,新吉水町南,113-047,36.34336747,139.5744415
新吉水166A,吉水駅前３丁目8,新吉水町南,113-048,36.342437,139.5747714
新吉水174A,吉水駅前３丁目8-16,新吉水町南,113-049,36.34319162,139.5750576
新吉水189A,吉水駅前３丁目9-14,新吉水町南,113-050,36.3419293,139.5745577
館野022,新吉水町1513,新吉水町南,113-051,36.34280007,139.5801372
館野186,新吉水町1538,新吉水町南,113-052,36.34657456,139.580467
新吉水009,新吉水町284,新吉水町南,113-053,36.34537884,139.5751914
新吉水012,新吉水町290,新吉水町南,113-054,36.34609736,139.5750815
新吉水007,新吉水町356-2,新吉水町南,113-055,36.34522753,139.575995
館野541A,新吉水町49,新吉水町南,113-056,36.34509977,139.5807857
館野538A,新吉水町53,新吉水町南,113-057,36.34431091,139.580496
館野132,新吉水町59-3,新吉水町南,113-058,36.34454562,139.5791484
新吉水016,新吉水町687,新吉水町南,113-059,36.34629734,139.5742012
館野026,栃本町14,新吉水町南,113-060,36.34406179,139.5805383
館野032,栃本町3280-4,新吉水町南,113-061,36.34623541,139.5813192
新吉水214,吉水駅前１丁目10-11,新吉水町北,114-001,36.34860189,139.5783946
新吉水216,吉水駅前１丁目10-6,新吉水町北,114-002,36.34834746,139.5777631
新吉水238A,吉水駅前１丁目15-15,新吉水町北,114-003,36.34768392,139.5799503
新吉水236A,吉水駅前１丁目16-7,新吉水町北,114-004,36.34722229,139.5795668
新吉水206A,吉水駅前１丁目17,新吉水町北,114-005,36.34786968,139.5787671
新吉水419,吉水駅前１丁目1-7,新吉水町北,114-006,36.35050994,139.5782157
新吉水224A,吉水駅前１丁目17-7,新吉水町北,114-007,36.34751951,139.5785855
新吉水225A,吉水駅前１丁目17-9,新吉水町北,114-008,36.34720171,139.5784933
新吉水229,吉水駅前１丁目18-1,新吉水町北,114-009,36.34787802,139.5781144
新吉水212A,吉水駅前１丁目18-2,新吉水町北,114-010,36.34813082,139.5781922
新吉水263,吉水駅前１丁目18-9,新吉水町北,114-011,36.34766193,139.5774969
新吉水417,吉水駅前１丁目1-9,新吉水町北,114-012,36.35119903,139.5784985
新吉水208,吉水駅前１丁目19-1,新吉水町北,114-013,36.34827523,139.5774061
新吉水272,吉水駅前１丁目20-1,新吉水町北,114-014,36.34637738,139.5768385
新吉水251,吉水駅前１丁目20-20,新吉水町北,114-015,36.34583548,139.5764338
新吉水266,吉水駅前１丁目20-3,新吉水町北,114-016,36.34692649,139.5767359
新吉水257,吉水駅前１丁目21-1,新吉水町北,114-017,36.34721308,139.577322
新吉水232,吉水駅前１丁目21-3,新吉水町北,114-018,36.34708534,139.5778109
新吉水234,吉水駅前１丁目21-5,新吉水町北,114-019,36.34644373,139.577562
新吉水437,吉水駅前１丁目2-17,新吉水町北,114-020,36.35055831,139.5786209
新吉水256,吉水駅前１丁目21-8,新吉水町北,114-021,36.34674042,139.5771345
新吉水248A,吉水駅前１丁目22-10,新吉水町北,114-022,36.34618324,139.5780987
新吉水261A,吉水駅前１丁目22-21,新吉水町北,114-023,36.34644989,139.578207
新吉水260A,吉水駅前１丁目22-5,新吉水町北,114-024,36.34659818,139.5782622
新吉水412,吉水駅前１丁目2-3,新吉水町北,114-025,36.35073082,139.579557
新吉水217A,吉水駅前１丁目23-11,新吉水町北,114-026,36.34691872,139.5785808
新吉水739A,吉水駅前１丁目23-12,新吉水町北,114-027,36.3464899,139.5795183
新吉水219A,吉水駅前１丁目23-5,新吉水町北,114-028,36.34674123,139.5793307
新吉水277,吉水駅前１丁目24-2,新吉水町北,114-029,36.34638375,139.5784236
新吉水279A,吉水駅前１丁目24-7,新吉水町北,114-030,36.34616853,139.5792283
新吉水245A,吉水駅前１丁目25-1,新吉水町北,114-031,36.34532832,139.5784481
新吉水244A,吉水駅前１丁目25-1,新吉水町北,114-032,36.34547723,139.577947
新吉水243A,吉水駅前１丁目26,新吉水町北,114-033,36.34549249,139.5776673
新吉水242,吉水駅前１丁目26-10,新吉水町北,114-034,36.34560416,139.5772037
新吉水435,吉水駅前１丁目3-5,新吉水町北,114-035,36.3497467,139.5802694
新吉水741A,吉水駅前１丁目4,新吉水町北,114-036,36.34901182,139.580318
新吉水742A,吉水駅前１丁目4-6,新吉水町北,114-037,36.34877713,139.5803167
新吉水432,吉水駅前１丁目4-7,新吉水町北,114-038,36.34885013,139.5799356
新吉水431,吉水駅前１丁目4-7,新吉水町北,114-039,36.34869296,139.5800234
新吉水429,吉水駅前１丁目5-16,新吉水町北,114-040,36.34887128,139.5793259
新吉水416A,吉水駅前１丁目6,新吉水町北,114-041,36.34943506,139.5793417
新吉水415A,吉水駅前１丁目6-2,新吉水町北,114-042,36.34977866,139.5794892
新吉水422,吉水駅前１丁目7-12,新吉水町北,114-043,36.34997749,139.5783931
新吉水441,吉水駅前１丁目7-4,新吉水町北,114-044,36.34988917,139.578902
新吉水427,吉水駅前１丁目7-8,新吉水町北,114-045,36.34906844,139.5785471
新吉水426,吉水駅前１丁目7-9,新吉水町北,114-046,36.34920071,139.578106
新吉水425,吉水駅前１丁目8-5,新吉水町北,114-047,36.34928208,139.5777621
新吉水246A,吉水駅前２丁目2-147,新吉水町北,114-048,36.34481453,139.5787937
新吉水516,吉水町763-3,新吉水町北,114-049,36.35269553,139.5766646
新吉水601,新吉水町295-2,新吉水町北,114-050,36.34672042,139.5746697
新吉水504,新吉水町314-5,新吉水町北,114-051,36.34872126,139.5753049
新吉水505,新吉水町316,新吉水町北,114-052,36.34861709,139.5758981
新吉水503,新吉水町327,新吉水町北,114-053,36.34786189,139.5751338
新吉水501,新吉水町332,新吉水町北,114-054,36.34738368,139.5754271
新吉水011,新吉水町375,新吉水町北,114-055,36.34607549,139.5754736
新吉水052,新吉水町379-2,新吉水町北,114-056,36.34672037,139.5757321
新吉水054,新吉水町381-3,新吉水町北,114-057,36.34722114,139.5759538
新吉水273,新吉水町385,新吉水町北,114-058,36.34647737,139.5762683
新吉水203,新吉水町390,新吉水町北,114-059,36.34755473,139.5768071
新吉水056,新吉水町398,新吉水町北,114-060,36.34797441,139.5762437
新吉水058,新吉水町404,新吉水町北,114-061,36.34847298,139.5764434
新吉水059,新吉水町410-2,新吉水町北,114-062,36.348956,139.5766256
新吉水061,新吉水町420-3,新吉水町北,114-063,36.34945789,139.5767811
新吉水062,新吉水町428-3,新吉水町北,114-064,36.35020579,139.5769644
新吉水063,新吉水町432-4,新吉水町北,114-065,36.35073078,139.5770893
新吉水065,新吉水町442-2,新吉水町北,114-066,36.35142401,139.5773321
新吉水459,新吉水町451,新吉水町北,114-067,36.35217842,139.5788716
新吉水067,新吉水町459,新吉水町北,114-068,36.35203061,139.5778145
新吉水069,新吉水町467-1,新吉水町北,114-069,36.3528592,139.5780534
新吉水070,新吉水町739,新吉水町北,114-070,36.35002281,139.5768283
栃本416,栃本町993,栃本(上・下),115-009,36.3632523,139.5919529
栃本328,栃本町1142,栃本(上・下),115-010,36.36317061,139.5891393
栃本412,栃本町368-1,栃本(上・下),115-011,36.36214211,139.5910552
栃本411,栃本町358,栃本(上・下),115-012,36.36168244,139.5907794
栃本409,栃本町1037,栃本(上・下),115-013,36.36081509,139.5909692
栃本314,栃本町1989-1,栃本(上・下),115-014,36.36344578,139.5857273
栃本284,栃本町1050,栃本(上・下),115-016,36.35952378,139.589298
栃本265,栃本町1075,栃本(上・下),115-017,36.35928688,139.5887455
館野561A,栃本町3024,栃本(上・下),115-018,36.35195286,139.5835413
栃本146,栃本町2054-4,栃本(上・下),115-019,36.35923685,139.5857672
栃本053,栃本町2794-5,栃本(上・下),115-020,36.35907602,139.5849636
栃本260,栃本町1084-1,栃本(上・下),115-021,36.35855613,139.5883084
栃本254,栃本町2865,栃本(上・下),115-022,36.35772677,139.5879496
栃本272,栃本町2879,栃本(上・下),115-023,36.35742433,139.5884435
栃本012,栃本町2772,栃本(上・下),115-024,36.35774507,139.5849385
栃本229,栃本町2286-2,栃本(上・下),115-025,36.35677297,139.5883496
栃本228,栃本町2897-3,栃本(上・下),115-026,36.35641271,139.5880721
栃本222,栃本町2898,栃本(上・下),115-027,36.35535895,139.5874158
栃本219,栃本町2899,栃本(上・下),115-028,36.35470986,139.5868059
館野481,栃本町2967,栃本(上・下),115-029,36.3537841,139.5858574
館野415,栃本町3056-3,栃本(上・下),115-030,36.3514366,139.5850462
館野436,栃本町3112,栃本(上・下),115-031,36.34962214,139.587345
館野405,栃本町3224-4,栃本(上・下),115-032,36.34831854,139.5836492
館野035,栃本町3276-1,栃本(上・下),115-033,36.34706205,139.5820452
館野216,栃本町3445-5,栃本(上・下),115-034,36.3449789,139.5827078
館野217,栃本町3445,栃本(上・下),115-035,36.3447498,139.582278
館野220,栃本町3315,栃本(上・下),115-036,36.34471923,139.5820159
館野259,栃本町3392,栃本(上・下),115-037,36.34286785,139.5821029
館野224,栃本町3382-3,栃本(上・下),115-038,36.34240013,139.5814808
館野462A,栃本町2983-6,栃本(上・下),115-039,36.35543005,139.5850999
栃本931A,栃本町2983-4,栃本(上・下),115-040,36.35581941,139.5856313
栃本343,栃本町1153,栃本(上・下),115-081,36.36406609,139.5909026
栃本041,栃本町9000,栃本(上・下),115-082,36.36370195,139.5907952
栃本039,栃本町9000,栃本(上・下),115-083,36.36305475,139.5903981
栃本035,栃本町1022,栃本(上・下),115-085,36.36187242,139.5896679
栃本034,栃本町1028,栃本(上・下),115-086,36.36153248,139.5894545
栃本353,栃本町2012-13,栃本(上・下),115-087,36.36174659,139.5883816
栃本033,栃本町1032,栃本(上・下),115-088,36.36121999,139.5892671
栃本032,栃本町1034,栃本(上・下),115-089,36.36078555,139.5889904
栃本301,栃本町1112,栃本(上・下),115-090,36.36060675,139.5884658
栃本304,栃本町2033,栃本(上・下),115-091,36.36118635,139.5877609
栃本130,栃本町2046-3,栃本(上・下),115-092,36.36021317,139.5868432
栃本340,栃本町2030,栃本(上・下),115-093,36.36171237,139.5874306
栃本308,栃本町2028,栃本(上・下),115-094,36.36220906,139.5871658
栃本342,栃本町1933-4,栃本(上・下),115-095,36.36308945,139.5862231
栃本311,栃本町2103,栃本(上・下),115-096,36.36290225,139.5858298
栃本316,栃本町1988-3,栃本(上・下),115-097,36.36362249,139.5863256
栃本313,栃本町1989-5,栃本(上・下),115-098,36.36324693,139.5860182
栃本030,栃本町1055,栃本(上・下),115-099,36.36015006,139.5885867
栃本029,栃本町1058,栃本(上・下),115-100,36.359826,139.5883867
栃本061,栃本町1076,栃本(上・下),115-101,36.35931682,139.5880948
栃本028,栃本町1075,栃本(上・下),115-102,36.35948601,139.5881959
栃本027,栃本町1080,栃本(上・下),115-103,36.35907073,139.5879456
栃本052,栃本町1083,栃本(上・下),115-104,36.35883078,139.587797
栃本026,栃本町2869,栃本(上・下),115-105,36.35853001,139.5876099
栃本118,栃本町1089,栃本(上・下),115-106,36.35874499,139.5869274
栃本119,栃本町2053-2,栃本(上・下),115-107,36.35892325,139.5865275
栃本110,栃本町2053-2,栃本(上・下),115-108,36.35909272,139.5861049
栃本109,栃本町2796-2,栃本(上・下),115-109,36.35934515,139.5852747
栃本108,栃本町2071-1,栃本(上・下),115-110,36.35965147,139.5850047
栃本007,栃本町2071,栃本(上・下),115-111,36.36028897,139.5847598
栃本944A,栃本町1099,栃本(上・下),115-112,36.35936325,139.5880173
栃本241,栃本町1068,栃本(上・下),115-113,36.35821338,139.5883073
栃本024,栃本町2866,栃本(上・下),115-114,36.35805281,139.5873174
栃本023,栃本町2869,栃本(上・下),115-115,36.35775866,139.5871499
栃本232,栃本町2854-5,栃本(上・下),115-116,36.35751372,139.5872096
栃本233,栃本町2854-6,栃本(上・下),115-117,36.35735681,139.587646
栃本022,栃本町2845,栃本(上・下),115-118,36.35722124,139.5868047
栃本113,栃本町2784,栃本(上・下),115-119,36.35771756,139.5860173
栃本021,栃本町2844,栃本(上・下),115-120,36.35685293,139.5865622
栃本057,栃本町2167-1,栃本（上・下）,115-121,36.36083246,139.5842525
栃本020,栃本町2841,栃本(上・下),115-122,36.35654692,139.5863708
栃本019,栃本町2839,栃本(上・下),115-123,36.35616801,139.5861051
栃本121,栃本町1049-7,栃本(上・下),115-124,36.35950102,139.5865124
館野239,栃本町3258,栃本(上・下),115-125,36.34641208,139.5836015
館野058,栃本町2982,栃本(上・下),115-126,36.35576441,139.5848827
栃本017,栃本町2760,栃本(上・下),115-127,36.35630859,139.5850527
栃本265,栃本町1077,栃本(上・下),115-128,36.35877136,139.588442
栃本014,栃本町2769,栃本(上・下),115-129,36.35700377,139.585156
栃本207,栃本町2768,栃本(上・下),115-130,36.35708425,139.5847187
栃本243,栃本町2725,栃本(上・下),115-131,36.35725789,139.5843149
栃本208,栃本町2716,栃本(上・下),115-132,36.35771757,139.5839402
栃本252,栃本町2772,栃本(上・下),115-133,36.35759841,139.5841474
栃本209,栃本町2772,栃本(上・下),115-134,36.35781035,139.583701
館野052,栃本町3007,栃本(上・下),115-135,36.35329803,139.5841173
館野211,栃本町3313,栃本(上・下),115-136,36.34380185,139.5816809
館野413,栃本町3054,栃本(上・下),115-137,36.35135739,139.5840587
館野421,栃本町3099,栃本(上・下),115-138,36.35039199,139.5851179
館野426,栃本町3081,栃本(上・下),115-139,36.35090612,139.5866599
館野308,吉水町1411-1,栃本(上・下),115-140,36.34910957,139.5811104
館野403,栃本町3227-1,栃本(上・下),115-141,36.34894073,139.5838442
館野234,栃本町3261-2,栃本(上・下),115-142,36.34737412,139.5836156
館野236,栃本町3243,栃本(上・下),115-143,36.34721706,139.5843228
館野036,栃本町3199-7,栃本(上・下),115-144,36.34758505,139.5821691
館野136,栃本町3196,栃本(上・下),115-145,36.34735478,139.5812316
館野231,栃本町3258,栃本(上・下),115-146,36.34661626,139.5831907
館野219,栃本町3463,栃本(上・下),115-147,36.34608494,139.5840431
栃本043,栃本町985,栃本（上・下）,115-148,36.36449379,139.5912815
栃本018,栃本町2979-6,栃本（上・下）,115-149,36.3562152,139.5856073
館野244,栃本町3445,栃本(上・下),115-150,36.34546307,139.5829691
館野253,栃本町3262,栃本（上・I下）,115-151,36.34754323,139.5832843
栃本025,栃本町2869,栃本（上・下）,115-152,36.3583147,139.5874819
館野423,栃本町3108,栃本（上・下）,115-153,36.35017338,139.5861778
石塚400,戸奈良町508-3,戸奈良(東・西),120-090,36.36431181,139.5578555
芝宮136,戸奈良町523-2,戸奈良(東・西),120-091,36.36418756,139.556467
寺久保327A,出流原町9000,出流原町,099-094,36.36261429,139.5321302
寺久保357A,出流原町9000,出流原町,099-103,36.36142154,139.533094
寺久保360A,出流原町9000,出流原町,099-101,36.36037175,139.5343146
寺久保358A,出流原町1615,出流原町,099-129,36.36097951,139.5337923
水道008,堀米町987-2,堀米町(内堀米),072-098,36.32897213,139.5813241
小中661,小中町1871,小中町(東・西),086-058,36.34000799,139.5547234
市の沢476,赤見町4203,赤見町(駒場),095-055,36.35393955,139.5267941
安良町117,堀米町307,堀米町(安良町上),069-034,36.32459836,139.5852093
安良町112,堀米町244-6,堀米町(内堀米),072-069,36.32460743,139.5845843
安良町135,堀米町245,堀米町(内堀米),072-070,36.32448009,139.5840285
安良町126,堀米町311,堀米町(安良町上),069-038,36.32486916,139.585538
安良町118,堀米町307,堀米町(安良町上),069-035,36.32495554,139.5852531
安良町119,堀米町238-5,堀米町(内堀米),072-068,36.32501352,139.5850948
安良町121,堀米町9000,堀米町(内堀米),072-094,36.32534014,139.5852247
安良町122,堀米町235-1,堀米町(内堀米),072-065,36.32539641,139.584847
安良町122,堀米町235-5,堀米町(内堀米),072-066,36.32556013,139.5847426
安良町123,堀米町234,堀米町(内堀米),072-064,36.32547115,139.5843372
安良町124,堀米町9000,堀米町(内堀米),072-092,36.32555148,139.583835
安良町124,堀米町1087,堀米町(内堀米),072-019,36.32581669,139.5839459
安良町157,堀米町1087,堀米町(内堀米),072-020,36.32555259,139.583458
安良町157,堀米町1087,堀米町(内堀米),072-021,36.32579829,139.5835514
内堀米216,堀米町1087,堀米町(内堀米),072-022,36.32550305,139.5830448
内堀米211,堀米町1071-5,堀米町(内堀米),072-015,36.32551086,139.582813
内堀米215,堀米町1091,堀米町(内堀米),072-023,36.32507113,139.5830706
内堀米210,堀米町1135,堀米町(内堀米),072-043,36.32449292,139.5823605
内堀米218,堀米町1070,堀米町(内堀米),072-012,36.32555645,139.5822027
内堀米219,堀米町1124,堀米町(内堀米),072-039,36.32563995,139.5817948
内堀米206,堀米町1071,堀米町(内堀米),072-018,36.32569075,139.5828523
内堀米206,堀米町1082,堀米町(内堀米),072-013,36.32591577,139.5829282
水道211,堀米町1079-2,堀米町(内堀米),072-036,36.32646551,139.5829545
水道232,堀米町26,堀米町(内堀米),072-073,36.32665693,139.5826035
水道210,堀米町1045-3,堀米町(内堀米),072-009,36.32690415,139.5832086
水道229,堀米町1071,堀米町(内堀米),072-014,36.32690317,139.5827831
水道247,堀米町1081,堀米町(内堀米),072-017,36.32661001,139.5834371
水道250,堀米町1021-5,堀米町(内堀米),072-008,36.3274046,139.5836685
水道203,堀米町1063-1,堀米町(内堀米),072-011,36.32756984,139.5823958
水道202,堀米町1049,堀米町(内堀米),072-056,36.32731604,139.5820073
水道206,堀米町1013,堀米町(内堀米),072-006,36.32725177,139.5823041
水道202,堀米町1013,堀米町(内堀米),072-007,36.32758633,139.5819624
水道005,堀米町1011,堀米町(内堀米),072-005,36.32760149,139.58133
水道006,堀米町1007,堀米町(内堀米),072-004,36.32805011,139.5813584
水道287,堀米町1001,堀米町(内堀米),072-003,36.32810074,139.5823743
水道288,堀米町1001,堀米町(内堀米),072-002,36.3283937,139.5825685
安良町129,堀米町310,堀米町(安良町上),069-036,36.32566338,139.5853295
安良町151,堀米町536,堀米町(安良町上),069-057,36.32601659,139.5853747
安良町130,堀米町536-4,堀米町(安良町上),069-059,36.32639155,139.5854327
安良町127,堀米町310-3,堀米町(安良町上),069-037,36.32523554,139.5857654
安良町585A,堀米町294-37,堀米町(七区),070-005,36.32508876,139.586524
内堀米010,堀米町1125,堀米町(内堀米),072-040,36.32438674,139.5814132
内堀米008,堀米町1131-5,堀米町(内堀米),072-042,36.32432186,139.5820216
内堀米299A,久保町9000,堀米町(内堀米),072-001,36.32448421,139.5813079
内堀米226,堀米町1124,堀米町(内堀米),072-038,36.32496307,139.5812686
水道117A,堀米町1274,堀米町(朱雀),073-026,36.3280265,139.5810175
水道118A,堀米町1272,堀米町(朱雀),073-025,36.3280511,139.5808456
朱雀232,堀米町1535,堀米町(朱雀),073-056,36.32606891,139.5798559
朱雀205,堀米町1229,堀米町(朱雀),073-014,36.32616742,139.5791774
朱雀214,堀米町1535,堀米町(朱雀),073-057,36.32673557,139.5792543
朱雀225,堀米町1267-4,堀米町(朱雀),073-022,36.32781415,139.5794822
朱雀207,堀米町1267,堀米町(朱雀),073-021,36.32807949,139.5795273
朱雀208,堀米町1269,堀米町(朱雀),073-023,36.3280296,139.5798398
朱雀226,堀米町1269,堀米町(朱雀),073-024,36.32765035,139.5800151
朱雀222,堀米町1260,堀米町(朱雀),073-019,36.32694467,139.5800231
朱雀409,堀米町1531,堀米町(朱雀),073-051,36.32647672,139.5778573
朱雀009,堀米町1149,堀米町(朱雀),073-001,36.32480538,139.5783536
朱雀010,堀米町1223,堀米町(朱雀),073-011,36.32523671,139.578431
朱雀011,堀米町1225,堀米町(朱雀),073-013,36.32557371,139.5784782
朱雀012,堀米町1535,堀米町(朱雀),073-052,36.3259264,139.5785296
朱雀015,堀米町1368,堀米町(朱雀),073-035,36.32681403,139.5786846
朱雀016,堀米町1365,堀米町(朱雀),073-034,36.32720092,139.5787587
朱雀018,堀米町1535,堀米町(朱雀),073-053,36.32792833,139.578884
朱雀021,堀米町1354,堀米町(朱雀),073-033,36.32885709,139.5790488
朱雀023,堀米町1352,堀米町(朱雀),073-032,36.3294003,139.5791418
朱雀025,堀米町1336,堀米町(朱雀),073-030,36.32996816,139.5792531
朱雀391,堀米町1472,堀米町(朱雀),073-046,36.33033486,139.5784394
朱雀333,堀米町3912-3,堀米町(朱雀),073-092,36.33067392,139.5787357
朱雀643,堀米町1485,堀米町(朱雀),073-047,36.32986346,139.578337
朱雀641,堀米町1392-6,堀米町(朱雀),073-039,36.3295941,139.5782221
朱雀638,堀米町3922-1,堀米町(朱雀),073-100,36.32972018,139.5779687
朱雀633,堀米町1485-11,堀米町(朱雀),073-048,36.32939187,139.5779764
朱雀636,堀米町1391-1,堀米町(朱雀),073-038,36.32920831,139.5788787
朱雀626,堀米町1389,堀米町(朱雀),073-037,36.32897692,139.5783996
朱雀624,堀米町3927,堀米町(朱雀),073-102,36.32845696,139.5783038
朱雀424A,堀米町1499-13,堀米町(朱雀),073-050,36.32831111,139.5780395
朱雀429,堀米町1348,堀米町(朱雀),073-031,36.32802194,139.5782322
朱雀436,堀米町3949-1,堀米町（朱雀）,073-135,36.32811335,139.577272
朱雀426A,堀米町3948,堀米町(朱雀),073-116,36.32841081,139.5774578
朱雀623,堀米町3928-19,堀米町(朱雀),073-103,36.32920133,139.5776344
朱雀727A,堀米町1866,堀米町(朱雀),073-086,36.33029328,139.5775804
朱雀828,堀米町1486,堀米町(朱雀),073-049,36.33004106,139.5776404
朱雀526,堀米町1866,堀米町(朱雀),073-087,36.32959139,139.5771244
朱雀723A,堀米町1849,堀米町(朱雀),073-085,36.32924357,139.5769909
朱雀823,堀米町3930,堀米町(朱雀),073-104,36.32896926,139.5770919
朱雀510A,堀米町3931,堀米町(朱雀),073-105,36.32903139,139.576391
朱雀511A,堀米町1848,堀米町(朱雀),073-084,36.32937851,139.5765361
朱雀528,堀米町3920-14,堀米町(朱雀),073-098,36.3297772,139.5766083
朱雀539A,堀米町3918-5,堀米町(朱雀),073-095,36.330592,139.5767546
朱雀541A,堀米町3918-14,堀米町(朱雀),073-094,36.33075567,139.5763337
朱雀552A,堀米町1871-1,堀米町(朱雀),073-088,36.3310896,139.5766756
朱雀379A,堀米町3946-4,堀米町(朱雀),073-115,36.32813509,139.5761055
水道656,堀米町655,堀米町(内堀米),072-081,36.33050042,139.584683
水道226,堀米町655,堀米町(内堀米),072-082,36.32991243,139.5844652
水道273,堀米町665,堀米町(内堀米),072-089,36.32975872,139.5843562
水道213,堀米町657-9,堀米町(内堀米),072-085,36.33041151,139.58397
水道214,堀米町9000,堀米町(内堀米),072-091,36.33013758,139.5838219
水道260,堀米町660,堀米町(内堀米),072-087,36.3302395,139.5834722
水道283,堀米町657,堀米町(内堀米),072-083,36.32990651,139.5838732
水道282,堀米町657-7,堀米町(内堀米),072-084,36.32977832,139.5837728
水道219,堀米町652-2,堀米町(内堀米),072-080,36.32969809,139.5829022
水道618,堀米町955,堀米町(内堀米),072-096,36.33099743,139.5824189
水道622,堀米町616,堀米町(内堀米),072-079,36.33200367,139.5830932
水道665,堀米町612-10,堀米町(内堀米),072-078,36.33188125,139.5823482
水道010A,堀米町964,堀米町(内堀米),072-097,36.330236,139.5812041
水道009A,堀米町602-9,堀米町(内堀米),072-076,36.32985896,139.58123
水道272,堀米町603,堀米町(内堀米),072-077,36.32944453,139.582201
内堀米213,堀米町1094,堀米町(内堀米),072-025,36.32460705,139.5831059
水道016,堀米町609,堀米町(朱雀),073-131,36.33144242,139.5802566
水道019,堀米町1322,堀米町(朱雀),073-029,36.33269595,139.5807461
水道024,堀米町1423,堀米町(朱雀),073-041,36.33336229,139.5808853
水道603,堀米町1314,堀米町(朱雀),073-028,36.33356526,139.581142
水道417,堀米町3902-18,堀米町(朱雀),073-091,36.33318554,139.5800714
水道420,堀米町601-7,堀米町(朱雀),073-134,36.33251586,139.5796715
水道107,堀米町1437,堀米町(朱雀),073-042,36.33328719,139.5790461
水道106,堀米町1452,堀米町(朱雀),073-043,36.33270719,139.5785232
水道109,堀米町1454,堀米町(朱雀),073-044,36.3324278,139.5780602
朱雀554A,堀米町3916-16,堀米町(朱雀),073-093,36.3314799,139.5770338
水道641,堀米町1303-1,堀米町(朱雀),073-027,36.33181684,139.5814244
水道438,堀米町1467,堀米町(朱雀),073-045,36.33135632,139.5793506
朱雀531,堀米町3919,堀米町(朱雀),073-096,36.33006789,139.5756137
朱雀566,堀米町3935-6,堀米町(朱雀),073-106,36.32990997,139.5747329
朱雀522,堀米町1889,堀米町(朱雀),073-089,36.32934506,139.575278
朱雀587,堀米町3945-1,堀米町(朱雀),073-114,36.32839696,139.5750015
朱雀588,堀米町3944-17,堀米町(朱雀),073-113,36.32796095,139.5749319
朱雀590A,堀米町3943-4,堀米町(朱雀),073-112,36.32777883,139.5754034
朱雀452,堀米町3936-4,堀米町(朱雀),073-040,36.32786793,139.5730153
朱雀397,堀米町3938-9,堀米町(朱雀),073-108,36.32798138,139.5727144
朱雀395,堀米町1795,堀米町(朱雀),073-079,36.32757612,139.5724056
朱雀389,堀米町1800,堀米町(朱雀),073-080,36.32735542,139.5732856
朱雀456,堀米町1934,堀米町(朱雀),073-090,36.32761614,139.5738983
朱雀372,堀米町3942,堀米町(朱雀),073-110,36.3272865,139.574208
朱雀385,堀米町1813,堀米町(朱雀),073-081,36.32702402,139.5746528
朱雀346,堀米町3942-5,堀米町(朱雀),073-111,36.32740315,139.575095
朱雀383,堀米町3969-5,堀米町(朱雀),073-123,36.32684885,139.5753802
朱雀364,堀米町3969-16,堀米町(朱雀),073-122,36.32653414,139.5750953
朱雀366,堀米町1814,堀米町(朱雀),073-082,36.32673945,139.5743042
朱雀357,堀米町1815,堀米町(朱雀),073-083,36.32615531,139.5744995
朱雀359,堀米町3972,堀米町(朱雀),073-125,36.32636327,139.5737686
朱雀355,堀米町3970-9,堀米町(朱雀),073-124,36.32600945,139.5756104
朱雀116,堀米町1753,堀米町(朱雀),073-077,36.32494337,139.5748756
朱雀117,堀米町1740,堀米町(朱雀),073-075,36.32484971,139.5752403
朱雀915,堀米町3976-7,堀米町(朱雀),073-126,36.32596138,139.5709126
朱雀904,堀米町1789,堀米町(朱雀),073-078,36.32575383,139.5712464
朱雀908,堀米町1700,堀米町(朱雀),073-072,36.32548358,139.5710194
朱雀913,堀米町3978-1,堀米町(朱雀),073-127,36.32554042,139.5705547
堀米西758,堀米町3834-9,堀米町(菊川),074-082,36.33165998,139.5753618
堀米西755,堀米町3840-2,堀米町(菊川),074-085,36.3323799,139.5761935
堀米西734,堀米町3835,堀米町(菊川),074-083,36.3322163,139.5755952
堀米西934A,堀米町3760,堀米町(菊川),074-075,36.33166728,139.5724552
堀米西724A,堀米町3771-1,堀米町(菊川),074-076,36.33105685,139.5728666
堀米西722A,堀米町3775,堀米町(菊川),074-077,36.33133424,139.5719084
堀米西718,堀米町3670,堀米町(菊川),074-061,36.33111365,139.5714755
堀米西748A,堀米町3780-2,堀米町(菊川),074-078,36.33081509,139.5720248
下小見250,小見町714,小見,110-063,36.34851188,139.572022
仲町357,犬伏上町9000,犬伏上町,048-049,36.32681927,139.5923394
水道628,堀米町1147,堀米町(内堀米),072-045,36.33127522,139.5832438
栃本050,栃本町1016,栃本(上・下),115-084,36.36245901,139.5900407
奈良渕623,奈良渕町333-10,奈良渕町,075-037,36.33447713,139.587575
新吉水316A,吉水駅前３丁目13-6,新吉水町南,113-039,36.34098101,139.5746944
弁天西348,赤見町5012,赤見町(駒場),095-046,36.35895528,139.5207429
安良町526,堀米町460,堀米町(安良町下),068-036,36.32715348,139.5878307
安良町525,堀米町457,堀米町(安良町下),068-035,36.32672886,139.5878638
米山039,関川町649,関川町,053-016,36.32434368,139.6184908
米山133,関川町697-6,関川町,053-017,36.32547815,139.6161187
米山157,関川町698-11,関川町,053-018,36.32544593,139.6154021
米山154,関川町698-9,関川町,053-019,36.3257801,139.6156399
米山147,関川町699,関川町,053-020,36.32515513,139.6153263
米山130,関川町721,関川町,053-023,36.32508513,139.615591
米山129,関川町721,関川町,053-024,36.32475859,139.616226
米山131,関川町721,関川町,053-025,36.32493321,139.6159524
米山040,関川町731,関川町,053-030,36.32440195,139.616026
米山120,関川町736-5,関川町,053-031,36.32585418,139.6151921
米山023,関川町739-5,関川町,053-032,36.32583216,139.6106767
米山031,関川町752,関川町,053-033,36.32454603,139.6147212
米山025,関川町773,関川町,053-034,36.32550166,139.6115478
米山024,関川町776-1,関川町,053-035,36.3256433,139.6111393
米山143,関川町793-6,関川町,053-036,36.32629954,139.6109592
米山142,関川町793-6,関川町,053-037,36.32607464,139.6107936
米山801,関川町872,関川町,053-046,36.32470988,139.6136415
米山099,関川町877,関川町,053-048,36.32485732,139.6135876
米山128,関川町9000,関川町,053-051,36.32455748,139.6165084
米山033,関川町9000,関川町,053-052,36.32454073,139.6150788
町谷233,町谷町117-4,町谷町,055-004,36.32464312,139.6310658
町谷222,町谷町119,町谷町,055-005,36.32550277,139.6316655
町谷232,町谷町123-3,町谷町,055-006,36.3250839,139.6310455
町谷422A,町谷町142,町谷町,055-007,36.32530609,139.6304267
町谷217,町谷町151-1,町谷町,055-008,36.32486727,139.6294249
町谷416A,町谷町167,町谷町,055-009,36.32473892,139.6282597
町谷214,町谷町172-1,町谷町,055-010,36.32458943,139.6281211
町谷213,町谷町235,町谷町,055-011,36.32444111,139.6274027
町谷215,町谷町179,町谷町,055-012,36.32468115,139.6285759
町谷212,町谷町233,町谷町,055-018,36.32434642,139.627006
町谷245,町谷町173-1,町谷町,055-019,36.32453531,139.6278337
町谷414A,町谷町242-1,町谷町,055-021,36.3245789,139.6274471
町谷415A,町谷町243,町谷町,055-022,36.32464526,139.6277773
町谷413A,町谷町261,町谷町,055-023,36.32449531,139.6270585
町谷412A,町谷町261,町谷町,055-024,36.32441973,139.6266646
町谷411A,町谷町261-6,町谷町,055-025,36.32434943,139.626346
町谷410A,町谷町262,町谷町,055-026,36.32429804,139.6260775
新里169,町谷町4,町谷町,055-031,36.32558818,139.6348216
町谷426A,町谷町66-8,町谷町,055-032,36.32564338,139.632153
町谷429,町谷町77-1,町谷町,055-033,36.32541454,139.6332771
町谷430,町谷町78-2,町谷町,055-034,36.32537033,139.6338377
町谷227,町谷町79,町谷町,055-035,36.32526453,139.6341695
町谷226,町谷町79-1,町谷町,055-036,36.3252804,139.6336881
町谷256,町谷町83,町谷町,055-037,36.32536814,139.6329621
町谷235,町谷町93,町谷町,055-038,36.32505143,139.6325854
町谷223,町谷町94-6,町谷町,055-039,36.32550812,139.6322693
大栗216,韮川町123,韮川町,057-001,36.33149484,139.613741
大栗213,韮川町145,韮川町,057-002,36.33077938,139.6122088
大栗214,韮川町161,韮川町,057-003,36.33118352,139.6128945
大栗229,韮川町171,韮川町,057-004,36.33060681,139.6111039
大栗058A,韮川町495,韮川町,057-019,36.33601594,139.6116669
大栗061,韮川町511,韮川町,057-020,36.33709494,139.6125934
須花238,下彦間町936,下彦間上,136-012,36.40445801,139.4924393
上町613,田沼町887-1,佐野市管理防犯灯,000-004,36.37315759,139.5706002
上町643,戸奈良町55-1,佐野市管理防犯灯,000-005,36.37473366,139.5671118
上町666,戸奈良町59-5,佐野市管理防犯灯,000-006,36.37465837,139.5662885
富士見009,富士見町6-11,佐野市管理防犯灯,000-011,36.39654456,139.6101217
富士見010,富士見町6-28,佐野市管理防犯灯,000-012,36.39661036,139.609597
富士見108,富士見町6-21,佐野市管理防犯灯,000-017,36.39583499,139.6101653
富士見130,富士見町12-19,佐野市管理防犯灯,000-018,36.39510055,139.6093969
富士見134,中町627-3,佐野市管理防犯灯,000-019,36.39356196,139.6102844
富士見139,富士見町12-12,佐野市管理防犯灯,000-020,36.39525638,139.6098754
富士見169,富士見町15-8,佐野市管理防犯灯,000-026,36.39465681,139.609753
寺久保098,出流原町1099,出流原町,099-003,36.36540359,139.5432671
寺久保119,出流原町1067,出流原町,099-004,36.36534132,139.540277
寺久保142,出流原町1083,出流原町,099-005,36.36488697,139.5410436
寺久保024,出流原町1097-1,出流原町,099-007,36.36522219,139.5427222
後山410,出流原町356-2,出流原町,099-008,36.36791531,139.5492615
後山228,出流原町11,出流原町,099-009,36.3650048,139.5472728
寺久保029,出流原町1108,出流原町,099-011,36.36583685,139.5403187
後山020,出流原町14,出流原町,099-013,36.36559721,139.5460016
寺久保309,出流原町1483,出流原町,099-014,36.36745893,139.5320894
寺久保311,出流原町9000,出流原町,099-015,36.36685516,139.5316893
寺久保305,出流原町1524-2,出流原町,099-016,36.36568415,139.5316568
寺久保021,出流原町48,出流原町,099-021,36.36467869,139.5435967
後山036,出流原町181-4,出流原町,099-022,36.37152115,139.5446632
寺久保140,出流原町2223,出流原町,099-023,36.36550546,139.540801
後山446,出流原町236,出流原町,099-026,36.36965922,139.5466038
後山053,出流原町244-1,出流原町,099-027,36.36810749,139.5459206
後山417,出流原町253,出流原町,099-028,36.3704872,139.5458864
後山419,出流原町255,出流原町,099-029,36.37070548,139.5465955
後山029,出流原町262,出流原町,099-030,36.3687849,139.5455542
後山053,出流原町267,出流原町,099-031,36.36730038,139.5459454
後山022,出流原町270,出流原町,099-032,36.3664871,139.5459556
後山123,出流原町29-3,出流原町,099-033,36.36650517,139.5455241
後山213,出流原町302-1,出流原町,099-034,36.36517958,139.5497054
後山407,出流原町357-3,出流原町,099-036,36.36792473,139.54875
後山431,出流原町357-3,出流原町,099-037,36.36759759,139.5487226
後山435,出流原町360,出流原町,099-038,36.36561565,139.5487329
後山247,出流原町386-1,出流原町,099-040,36.36726791,139.5505449
後山211,出流原町395,出流原町,099-042,36.36588867,139.5497312
後山238,出流原町409,出流原町,099-043,36.36558457,139.5510586
後山214,出流原町425-2,出流原町,099-044,36.36483131,139.5497704
後山244,出流原町428,出流原町,099-045,36.36514319,139.5505103
後山206,出流原町429,出流原町,099-046,36.36558981,139.5514085
後山237,出流原町437,出流原町,099-047,36.36718271,139.5508724
後山231,出流原町438-9,出流原町,099-048,36.36718264,139.551416
後山414,出流原町442,出流原町,099-049,36.36792817,139.5510762
寺久保301,出流原町1327,出流原町,099-053,36.36991146,139.5334517
後山119,出流原町54-6,出流原町,099-058,36.36515529,139.5445328
後山146,出流原町55-11,出流原町,099-059,36.36582019,139.5439131
後山147,出流原町55-12,出流原町,099-060,36.36550134,139.5439584
後山146,出流原町55-14,出流原町,099-061,36.36570608,139.5436843
後山120,出流原町70,出流原町,099-070,36.36557721,139.5448092
後山124,出流原町74,出流原町,099-074,36.3668218,139.545754
後山080,出流原町80-1,出流原町,099-081,36.36813215,139.5457953
後山080,出流原町80-1,出流原町,099-082,36.36830771,139.5457518
後山047,出流原町88-4,出流原町,099-090,36.36967394,139.545194
寺久保313,出流原町1493,出流原町,099-096,36.36644485,139.5316694
寺久保411,出流原町1321,出流原町,099-128,36.36930539,139.5341828
後山229,出流原町432-9,出流原町,099-131,36.3663889,139.5514202
寺久保035,出流原町1294-1,出流原町,099-133,36.367601,139.5376911
寺久保037,出流原町1284,出流原町,099-134,36.36816455,139.5369973
寺久保041,出流原町1338-1,出流原町,099-135,36.36883192,139.5351052
寺久保304,寺久保町9000,出流原町,099-136,36.36892882,139.532989
寺久保050,寺久保町103,寺久保町,100-001,36.3721175,139.5326689
寺久保054,寺久保町132,寺久保町,100-002,36.37271606,139.5315369
寺久保057,寺久保町132,寺久保町,100-003,36.37324846,139.5306192
寺久保472,寺久保町173,寺久保町,100-004,36.37469078,139.5305602
寺久保470,寺久保町173-1,寺久保町,100-005,36.37448051,139.5312352
寺久保471,寺久保町202,寺久保町,100-006,36.37448668,139.5308244
寺久保476,寺久保町348,寺久保町,100-007,36.37939589,139.5249144
寺久保422,寺久保町353,寺久保町,100-008,36.37793769,139.5249674
寺久保602,寺久保町356,寺久保町,100-009,36.37419614,139.5191705
寺久保071,寺久保町356,寺久保町,100-010,36.3739531,139.5205912
寺久保069,寺久保町452,寺久保町,100-011,36.37435806,139.5217735
寺久保072,寺久保町474,寺久保町,100-012,36.37392842,139.5199766
寺久保076,寺久保町478,寺久保町,100-013,36.37337293,139.519483
寺久保604,寺久保町486,寺久保町,100-014,36.37411393,139.5184478
寺久保608,寺久保町606,寺久保町,100-015,36.37428969,139.5173265
寺久保079,寺久保町704,寺久保町,100-016,36.37314655,139.5184603
寺久保344,寺久保町721-1,寺久保町,100-017,36.37266965,139.5202638
寺久保073,寺久保町783,寺久保町,100-018,36.37436617,139.5228126
寺久保048A,寺久保町80-1,寺久保町,100-019,36.37114489,139.5330403
寺久保065,寺久保町815,寺久保町,100-020,36.37497059,139.5240033
寺久保099,寺久保町849,寺久保町,100-021,36.37504308,139.5259696
寺久保438,寺久保町852,寺久保町,100-022,36.3758405,139.5255096
寺久保063,寺久保町854,寺久保町,100-023,36.37492534,139.5251182
寺久保419,寺久保町857,寺久保町,100-024,36.37663177,139.5260208
寺久保084,寺久保町892-1,寺久保町,100-025,36.37477294,139.527292
寺久保081,寺久保町901,寺久保町,100-027,36.37434048,139.528338
寺久保059,寺久保町906,寺久保町,100-028,36.37371756,139.5298381
寺久保046A,出流原町2073,寺久保町,100-029,36.37046056,139.5334012
寺久保618,寺久保町9000,出流原町,100-030,36.37557207,139.5182042
下町038,田沼町182-3,下町,101-027,36.36519165,139.569772
下町040,田沼町184-3,下町,101-028,36.36522941,139.5688345
下町043,田沼町186-2,下町,101-029,36.36624982,139.5689561
下町036,田沼町193-2,下町,101-030,36.36523777,139.5707458
下町449,田沼町195,下町,101-031,36.36573019,139.5707318
下町439,田沼町201-1,下町,101-032,36.366271,139.5711621
下町445,田沼町201-6,下町,101-033,36.3667401,139.5712821
下町434,田沼町422,下町,101-034,36.36496944,139.5734983
下町433,田沼町360,下町,101-037,36.36653515,139.5732208
下町073,田沼町377-1,下町,101-039,36.36690648,139.5753463
下町469,田沼町471,下町,101-041,36.36583023,139.5725808
下町452,田沼町396-12,下町,101-042,36.36610908,139.5756981
下町069,田沼町404,下町,101-043,36.3649517,139.5759606
下町435,田沼町408-1,下町,101-044,36.36496529,139.5741166
下町496,田沼町410,下町,101-045,36.36573081,139.5738615
下町470,田沼町414-2,下町,101-046,36.36620576,139.5726503
下町471,田沼町415,下町,101-047,36.36644762,139.5725917
下町048,田沼町207-3,下町,101-048,36.36738055,139.5690786
下町032,田沼町425-2,下町,101-049,36.36525584,139.5727017
下町343,田沼町447-13,下町,101-050,36.36513585,139.5719431
下町031,田沼町450,下町,101-051,36.36494336,139.572903
下町835,田沼町457-22,下町,101-057,36.36476618,139.5734842
下町425,田沼町390,下町,101-062,36.36608578,139.5738032
田沼175,田沼町528-7,下町,101-075,36.36480925,139.5785014
田沼129,田沼町570-1,下町,101-077,36.36572075,139.5777254
田沼127,田沼町570-2,下町,101-078,36.3655261,139.5779429
田沼146,田沼町581-8,下町,101-080,36.36492115,139.5768017
田沼139,田沼町596,下町,101-084,36.36497699,139.576403
田沼138,田沼町603,下町,101-085,36.36545246,139.5771005
田沼177,田沼町603,下町,101-086,36.36587329,139.5775337
下町275,田沼町655,下町,101-088,36.36664234,139.5764404
田沼616,田沼町1230,角町,102-001,36.36796999,139.5804109
田沼072,田沼町1406,角町,102-002,36.36703644,139.579806
田沼601,田沼町1406,角町,102-003,36.36717003,139.5799877
田沼601,田沼町1407,角町,102-004,36.36705952,139.5798936
田沼616,田沼町1408,角町,102-005,36.36801638,139.5801438
田沼032,田沼町1408,角町,102-006,36.36780551,139.5807112
田沼131,田沼町534-1,角町,102-007,36.36510947,139.5787579
田沼130,田沼町535-2,角町,102-008,36.36526421,139.5785029
田沼147A,田沼町537,角町,102-009,36.36556029,139.5786354
田沼149A,田沼町538-3,角町,102-010,36.36532197,139.5790465
田沼117,田沼町542-1,角町,102-011,36.36595104,139.5787448
田沼150A,田沼町542-2,角町,102-012,36.3655819,139.57922
田沼151A,田沼町544-1,角町,102-013,36.36594906,139.5795078
田沼153A,田沼町547,角町,102-014,36.36644928,139.5800238
田沼153A,田沼町552,角町,102-015,36.36623571,139.5797422
田沼116A,田沼町554,角町,102-016,36.36690648,139.5786648
田沼115A,田沼町557,角町,102-017,36.36660595,139.5790639
田沼114,田沼町558,角町,102-018,36.36644927,139.5790464
田沼121,田沼町568-2,角町,102-019,36.36599023,139.5780201
田沼126,田沼町623,角町,102-022,36.36679182,139.5782312
田沼612,田沼町1382,仲町,103-001,36.3684546,139.5795202
田沼602,田沼町1390,仲町,103-002,36.36874961,139.5785575
田沼611,田沼町1392,仲町,103-003,36.36873544,139.5792238
田沼613,田沼町1394,仲町,103-004,36.36822881,139.5791277
田沼774,田沼町274,仲町,103-006,36.36847247,139.5725827
田沼776,田沼町282-1,仲町,103-007,36.36886826,139.5723127
田沼777,田沼町287,仲町,103-008,36.3690857,139.5722127
田沼731,田沼町314,仲町,103-009,36.36921985,139.5728132
田沼727,田沼町314-10,仲町,103-010,36.36858246,139.5728454
田沼726,田沼町314-15,仲町,103-011,36.36865489,139.573079
田沼724,田沼町317-12,仲町,103-012,36.36811748,139.5731257
田沼722,田沼町317-7,仲町,103-013,36.36772558,139.573198
田沼794,田沼町320-4,仲町,103-014,36.36924628,139.5732343
田沼756,田沼町323,仲町,103-015,36.36866744,139.5735032
田沼133,田沼町633,仲町,103-016,36.36697592,139.5780089
田沼506A,田沼町9000,仲町,103-017,36.36746583,139.5777053
田沼527A,田沼町648-2,仲町,103-018,36.36788247,139.5775289
田沼505,田沼町677,仲町,103-019,36.36750368,139.5772815
田沼538,田沼町679-3,仲町,103-020,36.36775752,139.576253
田沼502,田沼町680,仲町,103-021,36.36838296,139.5779161
田沼532,田沼町686,仲町,103-022,36.36744088,139.576578
田沼509,田沼町702,仲町,103-023,36.36814106,139.5770726
田沼773,田沼町728,仲町,103-024,36.36803,139.5727707
田沼507,田沼町9000,仲町,103-025,36.36724731,139.5772601
田沼524,田沼町9000,仲町,103-026,36.36729252,139.5777465
田沼076,田沼町9000,仲町,103-027,36.36828051,139.5785163
田沼603,田沼町9000,仲町,103-028,36.36898156,139.5789621
田沼614,田沼町9000,仲町,103-029,36.36827359,139.5797113
田沼615,田沼町9000,仲町,103-030,36.3680016,139.5792527
田沼616,田沼町1404,仲町,103-031,36.36780169,139.5799285
田沼617,田沼町648,仲町,103-032,36.36836659,139.5799223
本宿454,田沼町1070,田沼本町,104-001,36.37554061,139.5773176
本宿452,田沼町1080,田沼本町,104-002,36.37586364,139.5780833
本宿334,田沼町1093,田沼本町,104-003,36.37487457,139.5776537
本宿435,田沼町1093,田沼本町,104-004,36.37375304,139.5780737
本宿331,田沼町1099,田沼本町,104-005,36.37456739,139.5771334
田沼022,田沼町1274,田沼本町,104-006,36.37075383,139.5790584
田沼610,田沼町1281,田沼本町,104-007,36.36952393,139.5787024
田沼020,田沼町1330,田沼本町,104-009,36.3707843,139.5799926
本宿309,田沼町1302,田沼本町,104-010,36.37304933,139.5769402
本宿001,田沼町1331,田沼本町,104-012,36.37123043,139.58008
山越493,田沼町1333,田沼本町,104-013,36.37153113,139.5811232
山越485,田沼町1333,田沼本町,104-014,36.37164336,139.5807474
田沼635,田沼町1358-12,田沼本町,104-015,36.36951231,139.5801887
田沼018,田沼町1418-1,田沼本町,104-016,36.37047609,139.5808969
本宿218,田沼町1449,田沼本町,104-017,36.37323758,139.5811198
本宿115,田沼町1469,田沼本町,104-018,36.37211189,139.5796675
本宿114,田沼町1469,田沼本町,104-019,36.37202579,139.5801194
本宿412,田沼町1486,田沼本町,104-020,36.37234027,139.5786926
本宿430,田沼町1486,田沼本町,104-021,36.37215942,139.5791726
本宿404,田沼町1496,田沼本町,104-022,36.37278096,139.577496
本宿434,田沼町1497,田沼本町,104-023,36.37345756,139.5777176
本宿489A,田沼町1519,田沼本町,104-024,36.37386111,139.5795608
本宿490A,田沼町1519,田沼本町,104-025,36.37392947,139.578607
本宿008,田沼町1529,田沼本町,104-026,36.37388668,139.5807807
本宿443,田沼町1530,田沼本町,104-027,36.37581781,139.5783575
本宿106,田沼町1535,田沼本町,104-028,36.37477985,139.5798974
本宿108,田沼町1537,田沼本町,104-029,36.37503458,139.5790636
本宿111,田沼町1542-4,田沼本町,104-030,36.37525235,139.5784386
本宿444,田沼町1550,田沼本町,104-031,36.3761297,139.5786775
本宿446,田沼町1583,田沼本町,104-032,36.37664046,139.5791485
本宿206,田沼町1656,田沼本町,104-033,36.37453381,139.5820298
本宿500A,田沼町1813-5,田沼本町,104-034,36.37434328,139.5777796
本宿209,田沼町9000,田沼本町,104-035,36.3749482,139.5821981
本宿012,田沼町9000,田沼本町,104-036,36.3751904,139.5811834
田沼606,田沼町9000,田沼本町,104-037,36.36953618,139.5796301
本宿004,田沼町9000,田沼本町,104-038,36.37259659,139.5803471
田沼625,栃本町1362,田沼本町,104-041,36.36976341,139.5807458
田沼015,栃本町1416,田沼本町,104-042,36.36998889,139.5818058
山越490,栃本町1426,田沼本町,104-043,36.37185751,139.5834966
田沼218,栃本町1495-2,田沼本町,104-044,36.37066015,139.5824499
本宿305,田沼町1198,上町東,105-001,36.37230938,139.5768902
本宿307,田沼町1199,上町東,105-002,36.37209946,139.5771761
本宿303,田沼町1200-4,上町東,105-003,36.37165752,139.57665
上町013,田沼町1205-4,上町東,105-004,36.37099262,139.5768875
本宿304,田沼町1216-2,上町東,105-005,36.37186582,139.577161
田沼639,田沼町1219,上町東,105-006,36.3702789,139.5769662
田沼639,田沼町1220,上町東,105-007,36.37069384,139.5771303
田沼027,田沼町1222,上町東,105-008,36.37093631,139.5771878
田沼642,田沼町1245,上町東,105-009,36.3693662,139.5785286
田沼609,田沼町1245,上町東,105-010,36.36957614,139.5783336
田沼608,田沼町1254,上町東,105-011,36.36921788,139.5786702
田沼025,田沼町1288,上町東,105-012,36.37082213,139.5779488
本宿301,田沼町1290,上町東,105-013,36.37127875,139.5771677
本宿302,田沼町1290,上町東,105-014,36.37159117,139.5771486
本宿306,田沼町1301,上町東,105-015,36.37259492,139.577111
本宿406,田沼町1302,上町東,105-016,36.37256325,139.5778077
本宿407,田沼町1306,上町東,105-017,36.37216251,139.5777051
本宿402,田沼町1307,上町東,105-018,36.37143511,139.5785552
本宿416,田沼町1307,上町東,105-019,36.37201419,139.5785198
本宿409,田沼町1307,上町東,105-020,36.37138291,139.5776178
本宿451,田沼町1307-26,上町東,105-021,36.37173755,139.5780785
本宿436,田沼町1307-29,上町東,105-022,36.37236352,139.5781859
本宿438,田沼町1307-38,上町東,105-023,36.37112178,139.5779849
本宿419,田沼町1307-41,上町東,105-024,36.371707,139.578547
本宿401,田沼町1310,上町東,105-025,36.37103679,139.5784909
本宿440,田沼町1310-2,上町東,105-026,36.37129674,139.5785435
本宿305,田沼町2761,上町東,105-027,36.37232248,139.5771589
田沼709,田沼町330,上町東,105-028,36.36856487,139.5750828
田沼534,田沼町650,上町東,105-029,36.36824324,139.5762654
田沼510,田沼町702-5,上町東,105-030,36.3681783,139.5765362
田沼530,田沼町705-1,上町東,105-031,36.3683224,139.5759016
田沼512,田沼町707,上町東,105-032,36.36849294,139.5769179
田沼521,田沼町711,上町東,105-033,36.36891789,139.5769178
田沼523,田沼町730,上町東,105-034,36.37003309,139.5754412
田沼703,田沼町732,上町東,105-035,36.3703247,139.575008
田沼529,田沼町744,上町東,105-036,36.36950623,139.5758279
田沼515,田沼町750,上町東,105-037,36.36903157,139.5763029
田沼517,田沼町750,上町東,105-038,36.36937035,139.575968
田沼513,田沼町758,上町東,105-039,36.36870819,139.5766804
田沼708,田沼町758,上町東,105-040,36.36888735,139.5750414
田沼723,田沼町761,上町東,105-041,36.36912628,139.5750038
田沼705,田沼町762-3,上町東,105-042,36.3696745,139.574993
田沼519,田沼町763,上町東,105-043,36.36963647,139.5757054
田沼704,田沼町763-4,上町東,105-044,36.36998057,139.5749963
田沼706,田沼町9000,上町東,105-045,36.36931789,139.5750016
田沼084,田沼町9000,上町東,105-046,36.37066607,139.5760389
田沼085,田沼町9000,上町東,105-047,36.37080099,139.5759112
田沼504,田沼町9000,上町東,105-049,36.3679847,139.5774129
田沼503,田沼町9000,上町東,105-050,36.36830241,139.5777136
田沼026,田沼町9000,上町東,105-051,36.37084019,139.5776738
上町015,田沼町9000,上町東,105-052,36.37107681,139.5765539
田沼024,田沼町9000,上町東,105-053,36.37080848,139.5782277
田沼027,田沼町9000,上町東,105-054,36.370838,139.5771111
田沼637,田沼町9000,上町東,105-055,36.37046357,139.5779774
本宿411,田沼町9000,上町東,105-056,36.37210363,139.5781177
本宿408,田沼町9000,上町東,105-057,36.37174168,139.5776497
本宿403,田沼町9000,上町東,105-058,36.37138756,139.578026
本宿309,田沼町9000,上町東,105-060,36.37297321,139.5765778
上町343,戸室町21-7,上町西,106-001,36.37593611,139.5722905
上町515A,,上町西,106-002,36.37679288,139.5736701
本宿417,田沼町1008-10,上町西,106-003,36.37566886,139.5760177
上町214,田沼町1009,上町西,106-004,36.37710697,139.5747903
上町248,田沼町1011,上町西,106-005,36.37641015,139.5747664
上町069,田沼町1027-1,上町西,106-006,36.37760666,139.5737626
本宿472,田沼町1047,上町西,106-007,36.37761198,139.5766834
本宿463,田沼町1058,上町西,106-008,36.37686099,139.5764901
本宿464,田沼町1059,上町西,106-009,36.37669874,139.5760196
上町054,田沼町857,上町西,106-010,36.37202779,139.5747404
上町208,田沼町1180,上町西,106-011,36.37252853,139.5759528
上町205,田沼町1180,上町西,106-012,36.37245494,139.5755123
上町055,田沼町1187,上町西,106-013,36.37233963,139.5746613
本宿423,田沼町1553,上町西,106-014,36.37658853,139.5774951
本宿473,田沼町1563,上町西,106-015,36.37688292,139.5771348
上町234,田沼町1564-1,上町西,106-016,36.37818074,139.5766297
本宿426,田沼町1574-3,上町西,106-017,36.37734759,139.5784721
本宿425,田沼町1578,上町西,106-018,36.37700348,139.57809
上町342,田沼町20-1,上町西,106-019,36.37596777,139.5727563
田沼352,田沼町229-1,上町西,106-020,36.36819822,139.5701184
田沼371,田沼町230,上町西,106-021,36.3685096,139.5700321
田沼347,田沼町235,上町西,106-022,36.36873064,139.569116
田沼345,田沼町239,上町西,106-023,36.36939809,139.5691435
田沼337,田沼町245-1,上町西,106-024,36.37005523,139.5697309
田沼329,田沼町260-1,上町西,106-025,36.36861242,139.5705568
田沼753,田沼町288,上町西,106-026,36.36931404,139.5724432
田沼393,田沼町289,上町西,106-027,36.36899957,139.5714895
田沼391,田沼町291,上町西,106-028,36.36965227,139.5713252
田沼799,田沼町299-10,上町西,106-029,36.36951978,139.5721458
田沼791,田沼町299-11,上町西,106-030,36.36993114,139.5724432
田沼704,田沼町308,上町西,106-031,36.37003894,139.5748977
田沼751,田沼町315,上町西,106-032,36.36980867,139.5729457
上町324,田沼町34-8,上町西,106-033,36.37672264,139.5724963
田沼701,田沼町737,上町西,106-034,36.37076967,139.5748041
田沼335,田沼町769,上町西,106-035,36.37035051,139.5703559
田沼734,田沼町779,上町西,106-036,36.37031306,139.5734606
田沼739,田沼町780,上町西,106-037,36.37028361,139.5728918
田沼318,田沼町790-6,上町西,106-038,36.3701478,139.5713705
上町603,田沼町836-3,上町西,106-039,36.37173701,139.5722818
上町646,田沼町842-5,上町西,106-040,36.37187006,139.5730381
上町023,田沼町847-3,上町西,106-041,36.37139341,139.5728014
上町601,田沼町852,上町西,106-042,36.37137869,139.574573
上町051,田沼町855,上町西,106-043,36.37116571,139.5754815
上町610,田沼町898-2,上町西,106-045,36.37250013,139.5701558
上町233,田沼町900,上町西,106-046,36.37865849,139.576332
上町341,田沼町9000,上町西,106-047,36.3761144,139.5731651
本宿319,田沼町1003,上町東,106-048,36.37609602,139.5757488
上町608,田沼町9000,上町西,106-049,36.37234827,139.5706908
上町702A,田沼町9000,上町西,106-050,36.37115454,139.5735725
上町092A,田沼町9000,上町西,106-051,36.37184365,139.5744055
上町022,田沼町9000,上町西,106-053,36.37123042,139.573278
上町604,田沼町9000,上町西,106-054,36.37222023,139.5718542
上町202,田沼町9000,上町西,106-055,36.37234825,139.5751015
上町060,田沼町9000,上町西,106-056,36.37398472,139.5742898
田沼315,田沼町9000,上町西,106-058,36.37020111,139.5722168
上町380,田沼町919-2,上町西,106-059,36.37337982,139.5732252
上町377,田沼町927-3,上町西,106-060,36.37350062,139.5726214
上町355,田沼町942,上町西,106-061,36.37385584,139.571645
上町316,田沼町946,上町西,106-062,36.37454326,139.5723978
上町378,田沼町956-1,上町西,106-063,36.37487122,139.5720239
上町319,田沼町962,上町西,106-064,36.375044,139.5733474
上町351,田沼町964,上町西,106-065,36.37510342,139.5725764
上町344,田沼町969,上町西,106-066,36.37558891,139.5713714
上町391,田沼町989,上町西,106-067,36.37598967,139.5733777
上町393,田沼町989,上町西,106-068,36.37548891,139.5733687
上町212,田沼町992-3,上町西,106-069,36.37525704,139.5749161
上町212,田沼町992-3,上町西,106-070,36.37535117,139.5750175
上町066,田沼町996,上町西,106-071,36.37630851,139.573904
栃北371,栃本町1710,瓦町,108-003,36.36652239,139.5838457
栃北363,栃本町1713-4,瓦町,108-004,36.36644983,139.5844484
栃北384,栃本町1719,瓦町,108-005,36.36616938,139.5838524
栃北386,栃本町1719-6,瓦町,108-006,36.36597743,139.5836474
田沼201,栃本町1760-1,瓦町,108-007,36.36669175,139.5808062
田沼251,栃本町1762,瓦町,108-008,36.36688761,139.5809401
田沼202,栃本町1763,瓦町,108-009,36.36707484,139.5810851
栃北307,栃本町1775,瓦町,108-010,36.36606265,139.5825094
栃北320,栃本町1775-2,瓦町,108-011,36.36575855,139.5822047
栃北306,栃本町1775-7,瓦町,108-012,36.36633101,139.5828808
栃北381,栃本町1777-1,瓦町,108-013,36.36582076,139.5829449
栃北321,栃本町1778,瓦町,108-014,36.36553604,139.5826825
栃北387,栃本町1781-1,瓦町,108-015,36.365625,139.5836325
栃北324,栃本町1785,瓦町,108-016,36.36508116,139.5834524
栃北372,栃本町1787,瓦町,108-017,36.36516525,139.5839708
栃北330,栃本町1787,瓦町,108-018,36.3648192,139.5838122
栃北374,栃本町1796,瓦町,108-020,36.36595853,139.5843098
栃北375,栃本町1797-1,瓦町,108-021,36.36615518,139.5846071
栃北380,栃本町2236-7,瓦町,108-032,36.36559774,139.5823623
栃北502,栃本町2242,瓦町,108-033,36.3656661,139.5813121
田沼158,栃本町2246,瓦町,108-034,36.36533306,139.5808335
田沼179,栃本町2250,瓦町,108-035,36.36586275,139.581057
田沼101,栃本町2254,瓦町,108-036,36.3662627,139.5803174
田沼106,栃本町2256-7,瓦町,108-037,36.36586078,139.5799938
田沼108,栃本町2259,瓦町,108-038,36.36549832,139.5797136
田沼109,栃本町2261,瓦町,108-039,36.36515583,139.5794539
田沼110,栃本町2263,瓦町,108-040,36.36479699,139.5791761
田沼159,栃本町2269,瓦町,108-041,36.36522533,139.5808202
田沼157,栃本町2269-5,瓦町,108-042,36.36561663,139.5805075
栃北503,栃本町2271-1,瓦町,108-043,36.36530415,139.5812288
栃北501,栃本町1772-1,瓦町,108-044,36.36604992,139.5815576
栃北319,栃本町1774,瓦町,108-045,36.36585692,139.5820112
山越310,山越町1433,原町,109-001,36.37244668,139.5878043
山越301,栃本町1403,原町,109-002,36.37211414,139.5862017
山越425,栃本町1448,原町,109-003,36.37293322,139.5840782
山越420,栃本町1457,原町,109-004,36.37256329,139.5840969
山越428,栃本町1457,原町,109-005,36.37264321,139.5844321
山越473,栃本町1457,原町,109-006,36.37274324,139.5835247
栃北414,栃本町1457,原町,109-007,36.36910954,139.5854794
山越426,栃本町1457-20,原町,109-008,36.37334927,139.5841768
山越436,栃本町1457-22,原町,109-009,36.37330173,139.5845454
山越471,栃本町1460,原町,109-010,36.37369646,139.5838433
山越470,栃本町1470,原町,109-011,36.3733534,139.583783
山越456,栃本町1470,原町,109-012,36.37431492,139.5846303
田沼215,栃本町1493,原町,109-013,36.37112569,139.5837994
田沼012,栃本町1493,原町,109-014,36.36945395,139.5824307
田沼009,栃本町1523,原町,109-015,36.36855293,139.5817361
田沼008,栃本町1525,原町,109-016,36.36827407,139.5815172
田沼010,栃本町1525,原町,109-017,36.36892962,139.5820149
田沼206,栃本町1529,原町,109-018,36.36817218,139.5822235
田沼223,栃本町1532,原町,109-019,36.36873708,139.5827324
田沼013,栃本町1540,原町,109-020,36.36975443,139.5827334
田沼013,栃本町1543,原町,109-021,36.36969445,139.5826243
田沼211,栃本町1543,原町,109-022,36.36999223,139.5828806
田沼261,栃本町1544,原町,109-023,36.36989942,139.5837106
田沼208,栃本町1548,原町,109-024,36.37054773,139.5833348
田沼220,栃本町1549,原町,109-025,36.37044773,139.5841306
田沼216,栃本町1553,原町,109-026,36.37152175,139.5842083
山越065,栃本町1553,原町,109-027,36.37213831,139.5853406
山越465,栃本町1557-6,原町,109-028,36.37227611,139.5847731
山越302,栃本町1558,原町,109-029,36.3717953,139.5851295
山越305,栃本町1565,原町,109-030,36.3708602,139.5849379
山越304,栃本町1565,原町,109-031,36.37114206,139.5846507
山越312,栃本町1582,原町,109-032,36.37119511,139.5851946
山越303,栃本町1582,原町,109-033,36.37136875,139.5848307
山越307,栃本町1582,原町,109-034,36.3721719,139.5858454
山越306,栃本町1584-5,原町,109-035,36.37064407,139.5853243
栃北436,栃本町1613,原町,109-036,36.36969119,139.5848182
栃北415,栃本町1617,原町,109-037,36.36915153,139.5851269
栃北420,栃本町1622,原町,109-038,36.37070439,139.5856845
栃北437,栃本町1622-6,原町,109-039,36.37045768,139.5857545
栃北416,栃本町1625,原町,109-040,36.36956399,139.5855371
栃北418,栃本町1625,原町,109-041,36.3701264,139.5856771
栃北024,栃本町1651,原町,109-042,36.36746309,139.586253
栃北032,栃本町1660,原町,109-043,36.36927371,139.5845072
田沼209,栃本町1664-4,原町,109-044,36.36939561,139.5833198
栃北117,栃本町1668,原町,109-045,36.36830246,139.5834898
栃北129,栃本町1668,原町,109-046,36.36849542,139.5832774
栃北435,栃本町1675,原町,109-047,36.36857071,139.5858029
栃北028,栃本町1678,原町,109-048,36.36820634,139.5846344
栃北025,栃本町1680,原町,109-049,36.36771747,139.5859691
栃北027,栃本町1684,原町,109-050,36.36805413,139.5852047
栃北029,栃本町1689,原町,109-051,36.36814213,139.5840118
栃北111,栃本町1800,原町,109-052,36.36739613,139.5856022
多田601,栃本町1246-5,栃本(上・下),115-001,36.36895661,139.5919602
栃北229,栃本町1190,栃本(上・下),115-002,36.36778397,139.5918685
栃北221,栃本町952,栃本(上・下),115-003,36.36755342,139.5929823
栃本413,栃本町972,栃本(上・下),115-004,36.36537368,139.5923439
栃北016,栃本町1905,栃本(上・下),115-005,36.36672766,139.5906103
栃北019,栃本町1842,栃本(上・下),115-006,36.36702433,139.5887419
栃北020,栃本町1842,栃本(上・下),115-007,36.3671184,139.5882002
栃北022,栃本町1651-1,栃本(上・下),115-008,36.36729561,139.5872457
栃本051,栃本町970-1,栃本(上・下),115-015,36.36588917,139.5921442
多田537,栃本町677-3,栃本(上・下),115-041,36.37132303,139.5935964
多田607,栃本町1241-8,栃本(上・下),115-042,36.36943045,139.592875
栃北224,栃本町710-5,栃本(上・下),115-043,36.36867496,139.5933415
栃北222,栃本町941,栃本(上・下),115-044,36.3678931,139.5931151
栃北233,栃本町1198-1,栃本(上・下),115-045,36.36773178,139.5926216
栃北010,栃本町953,栃本(上・下),115-046,36.36725486,139.5928627
栃北403,栃本町1219-3,栃本(上・下),115-047,36.36772169,139.5904417
多田518,栃本町724,栃本(上・下),115-048,36.37088449,139.5947785
多田701,栃本町725-5,栃本(上・下),115-049,36.37047206,139.5958573
多田598,栃本町717,栃本(上・下),115-050,36.36959992,139.5945063
多田545,多田町714-4,栃本(上・下),115-051,36.36904548,139.5950596
栃北219,栃本町846,栃本(上・下),115-052,36.3685708,139.5942533
多田073,栃本町786-3,栃本(上・下),115-053,36.36865502,139.5947725
多田074,栃本町838-2,栃本(上・下),115-054,36.36829418,139.595556
栃北212,栃本町849-1,栃本(上・下),115-055,36.36796593,139.5941039
栃北209,栃本町852,栃本(上・下),115-056,36.36735683,139.5942747
栃北008,栃本町937,栃本(上・下),115-057,36.367266,139.5936539
栃北009,栃本町955,栃本(上・下),115-058,36.36723264,139.5932402
栃北006,栃本町872,栃本(上・下),115-059,36.36650773,139.5934549
栃北207,栃本町869-1,栃本(上・下),115-060,36.36644361,139.5941074
栃北005,栃本町885,栃本(上・下),115-061,36.36609112,139.5932101
栃北004,栃本町884,栃本(上・下),115-062,36.36593699,139.5935163
栃北101,栃本町887,栃本(上・下),115-063,36.36569781,139.592895
栃北130A,栃本町1916,栃本(上・下),115-064,36.36617332,139.590714
栃北402,栃本町1217-2,栃本(上・下),115-065,36.36737506,139.5905314
栃北401,栃本町1332-1,栃本(上・下),115-066,36.3670996,139.5905126
栃北017,栃本町1904-3,栃本(上・下),115-067,36.36684761,139.5897216
栃北015,栃本町1905,栃本(上・下),115-068,36.3667182,139.5910537
栃北014,栃本町1908,栃本(上・下),115-069,36.36668768,139.5917852
栃北013,栃本町1176,栃本(上・下),115-070,36.36670433,139.5923538
栃北012,栃本町963,栃本(上・下),115-071,36.36640995,139.5928766
多田809A,栃本町1402-1,栃本(上・下),115-072,36.37144238,139.5931136
栃北602A,栃本町1176-1,栃本(上・下),115-073,36.36698602,139.5926887
栃本046,栃本町977-1,栃本(上・下),115-074,36.36520539,139.591704
栃本921A,栃本町1172-1,栃本(上・下),115-075,36.36624413,139.5922563
栃本331,栃本町1165-2,栃本(上・下),115-076,36.36561673,139.5913943
栃本332,栃本町1918,栃本(上・下),115-077,36.36571252,139.5910776
栃本918A,栃本町1164,栃本(上・下),115-078,36.36547421,139.5917825
栃北133,栃本町1902,栃本(上・下),115-079,36.36594168,139.5906168
栃北102,栃本町1903-2,栃本(上・下),115-080,36.3664552,139.5906065
多田669A,多田町1142-1,下多田,117-001,36.37473341,139.5927857
多田446,多田町1046,下多田,117-005,36.37913202,139.5962077
多田623,多田町1183-5,下多田,117-024,36.37697479,139.5933833
多田677,多田町1191,下多田,117-025,36.37759445,139.5938086
山越217,多田町1280,下多田,117-039,36.37914836,139.5929744
多田410,多田町1547,下多田,117-045,36.38180836,139.5984598
多田018,多田町1548-9,下多田,117-049,36.38112738,139.5978267
多田417,多田町1578,下多田,117-059,36.38361897,139.5989023
多田476,多田町1616-3,下多田,117-061,36.38212248,139.596649
多田637,多田町173,下多田,117-062,36.37477805,139.5912822
多田403,多田町3742-3,下多田,117-066,36.38108048,139.5985891
多田388,多田町3824,下多田,117-071,36.37648881,139.598774
多田166,多田町613-12,下多田,117-078,36.37560508,139.6011502
多田321,多田町717-2,下多田,117-080,36.37610579,139.5964958
多田557,多田町719,下多田,117-081,36.37555664,139.5969959
多田575,多田町731,下多田,117-082,36.3749584,139.5976905
多田583,多田町734-2,下多田,117-083,36.37407692,139.5980755
多田581,多田町745,下多田,117-084,36.37580221,139.5987632
多田330,多田町806-2,下多田,117-092,36.37622519,139.597583
多田324,多田町881,下多田,117-096,36.37533251,139.595776
多田372,多田町9000,下多田,117-102,36.37615216,139.5976582
多田035,多田町954-1,下多田,117-108,36.3785002,139.596643
山越083,多田町1588,上多田,118-001,36.3839631,139.5974527
山越214,多田町1593,上多田,118-002,36.38393359,139.5967514
多田014,多田町1603-3,上多田,118-003,36.38273162,139.597368
山越203,多田町1655,上多田,118-004,36.38456045,139.5962225
入多田113,多田町1668,上多田,118-005,36.3855195,139.5967729
入多田114,多田町1676,上多田,118-006,36.38543539,139.5964005
入多田109,多田町1728,上多田,118-007,36.38581411,139.5942302
入多田106,多田町1735,上多田,118-008,36.38594024,139.5954753
入多田115,多田町1739-2,上多田,118-009,36.38616385,139.5965199
入多田026,多田町2192,上多田,118-010,36.39362302,139.5906157
入多田029,多田町2217,上多田,118-011,36.39426688,139.5912379
入多田211,多田町2319,上多田,118-012,36.39588905,139.5899893
入多田209,多田町2326,上多田,118-013,36.39537662,139.5909806
入多田213,多田町2338,上多田,118-014,36.39612487,139.5914352
入多田217,多田町2343,上多田,118-015,36.39680235,139.5916563
入多田222,多田町2676-1,上多田,118-016,36.39806161,139.5922901
入多田219,多田町2677,上多田,118-017,36.39747885,139.5919754
入多田229,多田町2720-2,上多田,118-018,36.39722841,139.592745
入多田257,多田町2727,上多田,118-019,36.39661931,139.5927325
入多田061,多田町2760,上多田,118-020,36.39425435,139.5919064
入多田059,多田町2766,上多田,118-021,36.39371147,139.5925505
入多田057,多田町2768,上多田,118-022,36.39285822,139.5928977
入多田055,多田町2768,上多田,118-023,36.39228497,139.5931392
入多田009,多田町2858,上多田,118-024,36.38828467,139.5965501
入多田011,多田町2858,上多田,118-025,36.38895873,139.5960515
入多田015,多田町2858,上多田,118-026,36.39093525,139.594403
入多田013,多田町2858,上多田,118-027,36.38995266,139.5952451
入多田005,多田町2980,上多田,118-028,36.38695989,139.5973153
入多田007,多田町2980,上多田,118-029,36.38754481,139.5970437
入多田053,多田町2990,上多田,118-030,36.39185482,139.5935099
山越186,多田町3003,上多田,118-031,36.38692608,139.5990027
入多田003,多田町3017,上多田,118-032,36.38616691,139.5973379
入多田001,多田町3028-3,上多田,118-033,36.38590643,139.5979715
山越025,多田町3081,上多田,118-034,36.384863,139.597584
山越144,多田町3090-2,上多田,118-035,36.38592033,139.5986689
入多田102,多田町3095-6,上多田,118-036,36.38599919,139.5963389
山越141,多田町3113,上多田,118-037,36.38672412,139.5995135
山越024,多田町3033,上多田,118-038,36.38510185,139.5979129
山越442,山越町103,山越,119-001,36.37414199,139.5866816
山越431,山越町110,山越,119-002,36.373454,139.5875729
山越615,山越町223,山越,119-003,36.37735965,139.5892974
山越452,山越町253,山越,119-004,36.37630864,139.5874725
山越658,山越町269-1,山越,119-005,36.377146,139.5889666
山越611,山越町273,山越,119-006,36.37728187,139.5881088
山越451,山越町281,山越,119-008,36.37521235,139.5872167
山越448,山越町282,山越,119-009,36.37500404,139.5866329
山越468,山越町302,山越,119-010,36.37502575,139.5855402
山越415,山越町306,山越,119-011,36.37577252,139.5855327
山越604,山越町333,山越,119-012,36.37715431,139.587305
山越607,山越町352,山越,119-013,36.37788454,139.5863142
山越606,山越町352-4,山越,119-014,36.37769431,139.5867167
山越673,山越町363-7,山越,119-015,36.37782735,139.5875567
山越642,山越町417-5,山越,119-016,36.37826123,139.5898087
山越620,山越町431,山越,119-017,36.37896191,139.5895139
山越624,山越町454-1,山越,119-018,36.37966845,139.5888714
山越641,山越町523,山越,119-019,36.38088489,139.5872966
山越643,山越町524,山越,119-020,36.38141566,139.5860813
山越650,山越町528,山越,119-021,36.38138986,139.5867227
山越637,山越町565,山越,119-022,36.38224107,139.5854416
山越660,山越町583,山越,119-023,36.38320782,139.58456
山越439,山越町72-1,山越,119-024,36.37314932,139.5867603
山越457,山越町75-1,山越,119-025,36.37354897,139.5853845
山越461,山越町76-2,山越,119-026,36.37294319,139.585407
山越445,山越町80,山越,119-027,36.37419306,139.5853153
山越444,山越町81,山越,119-028,36.37417086,139.5859542
山越638,山越町9000,山越,119-029,36.38277016,139.5849464
山越052,山越町9000,山越,119-030,36.37560123,139.5895837
山越046A,山越町9000,山越,119-031,36.37747496,139.5917124
山越627,山越町9000,山越,119-032,36.38048636,139.5881765
山越048,山越町9000,山越,119-033,36.37741546,139.5899715
山越455,山越町9000,山越,119-034,36.37583536,139.5865001
山越322,山越町96-6,山越,119-035,36.3742056,139.5875017
多田639,多田町1144-1,山越,119-036,36.37504,139.5919271
多田641,多田町174-5,山越,119-037,36.3749717,139.5914897
多田664,多田町176,山越,119-038,36.37561661,139.5918724
多田681,多田町18,山越,119-039,36.37468977,139.5909925
多田691,多田町44,山越,119-040,36.37413311,139.5903074
山越602,山越町279,山越,119-041,36.37640164,139.5870314
戸奈良710A,戸奈良町1010,戸奈良(東・西),120-001,36.37520006,139.5598489
西原198,戸奈良町700-2,戸奈良(東・西),120-002,36.37118251,139.5541268
戸奈良307,戸奈良町1022,戸奈良(東・西),120-003,36.37475289,139.5587261
戸奈良348,戸奈良町1024,戸奈良(東・西),120-004,36.37480544,139.5595528
戸奈良714A,戸奈良町1030,戸奈良(東・西),120-005,36.37572523,139.5586314
戸奈良306,戸奈良町1039,戸奈良(東・西),120-006,36.37439938,139.5581204
戸奈良112,戸奈良町1050-3,戸奈良(東・西),120-007,36.37363609,139.5593739
戸奈良106,戸奈良町1050-7,戸奈良(東・西),120-008,36.37337899,139.5599003
戸奈良139,戸奈良町1062,戸奈良(東・西),120-009,36.37357811,139.5584193
戸奈良150,戸奈良町1070-4,戸奈良(東・西),120-010,36.37266655,139.5583701
戸奈良126,戸奈良町1071,戸奈良(東・西),120-011,36.37214328,139.5579444
西原538,戸奈良町1122-3,戸奈良(東・西),120-012,36.37638405,139.5559767
戸奈良242,戸奈良町1135,戸奈良(東・西),120-013,36.37752169,139.5565868
戸奈良016,戸奈良町1136,戸奈良(東・西),120-014,36.37669008,139.5570476
戸奈良014,戸奈良町1136,戸奈良(東・西),120-015,36.3763335,139.5576193
戸奈良244,戸奈良町1138,戸奈良(東・西),120-016,36.37732144,139.5571762
戸奈良225,戸奈良町1153,戸奈良(東・西),120-017,36.37854289,139.5577086
戸奈良249,戸奈良町1228,戸奈良(東・西),120-018,36.37804635,139.5571467
戸奈良023,戸奈良町1231,戸奈良(東・西),120-019,36.37791045,139.5561793
西原106,戸奈良町1265,戸奈良(東・西),120-020,36.37688422,139.5543768
上町040,戸奈良町127,戸奈良(東・西),120-021,36.37227397,139.5657171
西原151,戸奈良町1270,戸奈良(東・西),120-022,36.37666062,139.553724
西原104,戸奈良町1271,戸奈良(東・西),120-023,36.37732331,139.553718
西原103,戸奈良町1275,戸奈良(東・西),120-024,36.37769211,139.5536446
西原101,戸奈良町1279,戸奈良(東・西),120-025,36.3786773,139.5534593
西原504,戸奈良町1299-2,戸奈良(東・西),120-026,36.3756874,139.5544029
西原004,戸奈良町1305,戸奈良(東・西),120-027,36.37855396,139.5550977
西原501,戸奈良町1336-1,戸奈良(東・西),120-028,36.37666484,139.554682
西原502,戸奈良町1338,戸奈良(東・西),120-029,36.37608516,139.554453
西原523,戸奈良町1356-7,戸奈良(東・西),120-030,36.37483951,139.5565403
西原520,戸奈良町1364-1,戸奈良(東・西),120-031,36.37504368,139.5554314
西原133,戸奈良町1377,戸奈良(東・西),120-032,36.37515834,139.5531231
西原193,戸奈良町1379,戸奈良(東・西),120-033,36.37333886,139.553772
西原539,戸奈良町1379,戸奈良(東・西),120-034,36.37378015,139.5539783
西原173,戸奈良町1379,戸奈良(東・西),120-035,36.37390851,139.5536817
西原531,戸奈良町1390,戸奈良(東・西),120-036,36.3735555,139.556667
西原529,戸奈良町1390-2,戸奈良(東・西),120-037,36.37412212,139.5562756
西原142,戸奈良町1403,戸奈良(東・西),120-038,36.37216962,139.5552669
西原510,戸奈良町1407,戸奈良(東・西),120-039,36.37363186,139.5552421
西原140,戸奈良町1429,戸奈良(東・西),120-040,36.37291116,139.5540231
西原184,戸奈良町1432,戸奈良(東・西),120-041,36.37216209,139.5538942
西原182,戸奈良町1434,戸奈良(東・西),120-042,36.37208961,139.5533495
西原182,戸奈良町1435,戸奈良(東・西),120-043,36.37204203,139.5529673
西原188,戸奈良町1445,戸奈良(東・西),120-044,36.37119636,139.5525372
西原154,戸奈良町1462,戸奈良(東・西),120-045,36.37158238,139.5516975
西原156,戸奈良町1462,戸奈良(東・西),120-046,36.37095167,139.5509326
西原180,戸奈良町1466,戸奈良(東・西),120-047,36.37167489,139.5522157
西原181,戸奈良町1469,戸奈良(東・西),120-048,36.37182486,139.5524421
西原177,戸奈良町1527,戸奈良(東・西),120-049,36.37253861,139.5516175
西原171,戸奈良町1546,戸奈良(東・西),120-050,36.37378208,139.5526131
西原169,戸奈良町1571,戸奈良(東・西),120-051,36.37348133,139.551615
西原160,戸奈良町1573-2,戸奈良(東・西),120-052,36.37372515,139.5507123
西原120,戸奈良町1578,戸奈良(東・西),120-053,36.37537489,139.5510082
西原130,戸奈良町1578-1,戸奈良(東・西),120-054,36.37525189,139.5520873
西原304,戸奈良町1591,戸奈良(東・西),120-055,36.3762656,139.5496708
西原302,戸奈良町1626,戸奈良(東・西),120-056,36.37588316,139.5505699
西原117,戸奈良町1639-6,戸奈良(東・西),120-057,36.37648008,139.5514157
西原158,戸奈良町1660,戸奈良(東・西),120-058,36.37649342,139.5523348
西原111,戸奈良町1670,戸奈良(東・西),120-059,36.37848816,139.551977
西原110,戸奈良町1675-5,戸奈良(東・西),120-060,36.37787043,139.5518245
山形001,戸奈良町1715,戸奈良(東・西),120-061,36.3807678,139.5494198
西原203,戸奈良町1718,戸奈良(東・西),120-062,36.379821,139.5546905
西原329,戸奈良町1724,戸奈良(東・西),120-063,36.37932218,139.5503692
西原327,戸奈良町1719,戸奈良(東・西),120-064,36.37945376,139.5496835
西原017,戸奈良町1727,戸奈良(東・西),120-065,36.38050337,139.5501784
西原013,戸奈良町1729-2,戸奈良(東・西),120-066,36.38038953,139.5511633
西原022,戸奈良町1736,戸奈良(東・西),120-067,36.38017951,139.5518805
西原021A,戸奈良町1748,戸奈良(東・西),120-068,36.37911558,139.5533793
西原343,戸奈良町1748-2,戸奈良(東・西),120-069,36.37885194,139.5527946
上町927,戸奈良町175,戸奈良(東・西),120-070,36.37104082,139.5638175
西原207,戸奈良町1751,戸奈良(東・西),120-071,36.37933271,139.5534242
西原214,戸奈良町1751,戸奈良(東・西),120-072,36.3808267,139.552757
西原209,戸奈良町1753,戸奈良(東・西),120-073,36.37992711,139.5530846
西原218,戸奈良町1768,戸奈良(東・西),120-074,36.38082255,139.5515296
上町037,戸奈良町190-3,戸奈良(東・西),120-076,36.37209929,139.5669608
西原221,戸奈良町2113,戸奈良(東・西),120-077,36.37941273,139.553957
戸奈良145,戸奈良町2382,戸奈良(東・西),120-078,36.37024599,139.5582795
戸奈良144,戸奈良町2382,戸奈良(東・西),120-079,36.37055851,139.5582219
上町929,戸奈良町254-5,戸奈良(東・西),120-080,36.37043034,139.5636748
芝宮159,戸奈良町255-3,戸奈良(東・西),120-081,36.36976322,139.564109
芝宮116,戸奈良町301-21,戸奈良(東・西),120-082,36.36860111,139.5630238
芝宮248,戸奈良町304-4,戸奈良(東・西),120-083,36.36823617,139.5635752
芝宮156,戸奈良町301-21,戸奈良(東・西),120-084,36.3691577,139.5636077
芝宮242,戸奈良町311-1,戸奈良(東・西),120-085,36.36767124,139.5645698
芝宮017,戸奈良町366,戸奈良(東・西),120-086,36.36884936,139.5624066
芝宮020,戸奈良町398-1,戸奈良(東・西),120-087,36.36848209,139.5599527
芝宮056,戸奈良町451-2,戸奈良(東・西),120-088,36.36617071,139.5592067
芝宮140,戸奈良町486,戸奈良(東・西),120-089,36.36639786,139.5582795
芝宮170,戸奈良町573-3,戸奈良(東・西),120-092,36.36553802,139.5567047
芝宮101,戸奈良町583,戸奈良(東・西),120-094,36.36566406,139.5565292
芝宮142A,戸奈良町591,戸奈良(東・西),120-095,36.3663937,139.5572954
芝宮174,戸奈良町597-4,戸奈良(東・西),120-096,36.36689192,139.5557798
芝宮106,戸奈良町617,戸奈良(東・西),120-097,36.36684389,139.5564806
芝宮109,戸奈良町618-1,戸奈良(東・西),120-098,36.36676613,139.5569571
芝宮173,戸奈良町622-2,戸奈良(東・西),120-099,36.3675322,139.5574218
芝宮022,戸奈良町635-2,戸奈良(東・西),120-100,36.36761051,139.5591792
上町649,戸奈良町68-2,戸奈良(東・西),120-101,36.37469025,139.5647912
戸奈良304,戸奈良町1017,戸奈良(東・西),120-102,36.37420523,139.5592125
西原196,戸奈良町715,戸奈良(東・西),120-103,36.37163712,139.5538631
戸奈良119,戸奈良町753,戸奈良(東・西),120-104,36.37165089,139.5605242
戸奈良131,戸奈良町753,戸奈良(東・西),120-105,36.37144307,139.5576214
戸奈良158,戸奈良町755,戸奈良(東・西),120-106,36.37202966,139.5570179
上町634,戸奈良町77,戸奈良(東・西),120-107,36.37319969,139.5658545
芝宮014,戸奈良町770,戸奈良(東・西),120-108,36.36843272,139.5606704
芝宮024,戸奈良町770,戸奈良(東・西),120-109,36.36871684,139.5607293
戸奈良129,戸奈良町773,戸奈良(東・西),120-110,36.37098173,139.5586491
戸奈良127,戸奈良町776,戸奈良(東・西),120-111,36.37125059,139.5593193
戸奈良153,戸奈良町776-4,戸奈良(東・西),120-112,36.37134897,139.5587944
戸奈良154,戸奈良町776-7,戸奈良(東・西),120-113,36.37074873,139.5589116
戸奈良123,戸奈良町780-1,戸奈良(東・西),120-114,36.37192967,139.5587593
戸奈良125,戸奈良町781-1,戸奈良(東・西),120-115,36.3719713,139.5582869
戸奈良142,戸奈良町784,戸奈良(東・西),120-116,36.37216745,139.558889
戸奈良116,戸奈良町789,戸奈良(東・西),120-117,36.37185496,139.5592726
戸奈良118,戸奈良町795,戸奈良(東・西),120-118,36.37187718,139.5599642
戸奈良114,戸奈良町798,戸奈良(東・西),120-119,36.37247989,139.5595837
戸奈良113,戸奈良町801-6,戸奈良(東・西),120-120,36.37283484,139.559875
戸奈良108,戸奈良町803,戸奈良(東・西),120-121,36.37275101,139.5603017
戸奈良122,戸奈良町804,戸奈良(東・西),120-122,36.3712243,139.5599626
戸奈良121,戸奈良町809-13,戸奈良(東・西),120-123,36.37227582,139.560755
戸奈良152,戸奈良町811-1,戸奈良(東・西),120-124,36.37272822,139.5612941
戸奈良103,戸奈良町823,戸奈良(東・西),120-125,36.37391033,139.5608666
戸奈良104,戸奈良町824,戸奈良(東・西),120-126,36.37403805,139.5602767
戸奈良160,戸奈良町825,戸奈良(東・西),120-127,36.37435468,139.5604424
上町630,戸奈良町83,戸奈良(東・西),120-128,36.37334049,139.5639371
上町641,戸奈良町83,戸奈良(東・西),120-129,36.37399646,139.5639913
戸奈良703A,戸奈良町830,戸奈良(東・西),120-130,36.37369613,139.5616309
芝宮012,,戸奈良(東・西),120-131,36.36851211,139.559167
戸奈良702A,戸奈良町835,戸奈良(東・西),120-134,36.37334955,139.5619659
戸奈良043,戸奈良町841-1,戸奈良(東・西),120-135,36.37349985,139.5621923
戸奈良102,戸奈良町842,戸奈良(東・西),120-136,36.37297128,139.5622415
戸奈良152,戸奈良町835,戸奈良(東・西),120-137,36.3728491,139.5616213
戸奈良202,戸奈良町843,戸奈良(東・西),120-138,36.3737445,139.5626484
戸奈良202,戸奈良町844,戸奈良(東・西),120-139,36.37404866,139.562444
戸奈良269,戸奈良町851,戸奈良(東・西),120-140,36.37461551,139.5615912
戸奈良006,戸奈良町857,戸奈良(東・西),120-141,36.37475875,139.5608123
戸奈良267,戸奈良町859,戸奈良(東・西),120-142,36.37530375,139.5612898
上町042,戸奈良町92-1,戸奈良(東・西),120-143,36.37246228,139.5648913
戸奈良207,戸奈良町940,戸奈良(東・西),120-144,36.37668132,139.5611651
戸奈良205,戸奈良町940-2,戸奈良(東・西),120-145,36.37639355,139.5608501
戸奈良210,戸奈良町945,戸奈良(東・西),120-146,36.37724987,139.5613772
戸奈良209,戸奈良町955,戸奈良(東・西),120-147,36.37655181,139.5599791
戸奈良222,戸奈良町967-2,戸奈良(東・西),120-148,36.37736917,139.5584513
戸奈良239,戸奈良町970,戸奈良(東・西),120-149,36.37660072,139.5593374
戸奈良252,戸奈良町970-14,戸奈良(東・西),120-150,36.37618939,139.5593013
戸奈良254,戸奈良町973-1,戸奈良(東・西),120-151,36.37686482,139.558565
戸奈良246,戸奈良町974-1,戸奈良(東・西),120-152,36.37703839,139.5579743
戸奈良010,戸奈良町985-1,戸奈良(東・西),120-153,36.37556034,139.5592364
戸奈良220,戸奈良町996-2,戸奈良(東・西),120-154,36.37567916,139.560554
戸奈良007,戸奈良町997,戸奈良(東・西),120-155,36.37512373,139.5602449
芝宮104,戸奈良町582,戸奈良(東・西),120-156,36.36592741,139.5564495
岩崎285,戸室町1047,戸室,122-001,36.39304036,139.5759396
岩崎283,戸室町1049-5,戸室,122-002,36.39289598,139.5753571
岩崎281,戸室町1054,戸室,122-003,36.39285377,139.5742172
岩崎289,戸室町1066,戸室,122-004,36.39183533,139.5757544
岩崎235,戸室町1071,戸室,122-005,36.39171222,139.5746695
岩崎234,戸室町1071-3,戸室,122-006,36.39180279,139.5738782
岩崎030,戸室町1075-5,戸室,122-007,36.39189165,139.5734174
岩崎028,戸室町1084-4,戸室,122-008,36.39129036,139.5732684
岩崎026,戸室町1092,戸室,122-009,36.39049712,139.5732507
岩崎024,戸室町1093,戸室,122-010,36.38981172,139.573255
岩崎293A,戸室町1197,戸室,122-011,36.39408772,139.5739419
岩崎035,戸室町1525,戸室,122-012,36.38639059,139.573945
岩崎017,戸室町1525-2,戸室,122-013,36.38691936,139.5737411
上町332,戸室町164-3,戸室,122-014,36.37784015,139.5710303
岩崎803,戸室町251,戸室,122-015,36.38065231,139.5736436
上町235,戸室町292-1,戸室,122-016,36.37887591,139.5754723
岩崎606,戸室町309-1,戸室,122-017,36.38059232,139.5748238
岩崎653,戸室町315,戸室,122-018,36.38097647,139.5761308
岩崎605,戸室町320-1,戸室,122-019,36.38105693,139.5748285
岩崎009,戸室町398,戸室,122-020,36.3836466,139.5741509
岩崎145,戸室町406,戸室,122-021,36.38217676,139.5741226
岩崎602,戸室町411-1,戸室,122-022,36.3817535,139.5748598
岩崎638,戸室町413,戸室,122-023,36.38251038,139.5748598
岩崎636,戸室町415-2,戸室,122-024,36.38283116,139.5749094
岩崎642,戸室町417,戸室,122-025,36.38315528,139.5757147
岩崎622,戸室町426-1,戸室,122-026,36.38224346,139.5760885
岩崎610,戸室町435,戸室,122-027,36.3816097,139.5760919
岩崎617,戸室町456-3,戸室,122-028,36.3798349,139.5761173
上町232,戸室町457-3,戸室,122-029,36.37896479,139.5762309
岩崎630,戸室町559,戸室,122-030,36.38220264,139.5776871
岩崎624,戸室町594,戸室,122-031,36.38234292,139.5766533
岩崎644,戸室町627-3,戸室,122-032,36.38304109,139.5768468
岩崎634,戸室町632,戸室,122-033,36.38356016,139.5750236
岩崎647,戸室町632-1,戸室,122-034,36.38378324,139.57503
岩崎650,戸室町638,戸室,122-035,36.38460423,139.5747111
岩崎652,戸室町648,戸室,122-036,36.38539709,139.5746374
岩崎088,戸室町648,戸室,122-037,36.38572319,139.5741072
岩崎815,戸室町659-1,戸室,122-038,36.38448169,139.5740575
岩崎109,戸室町685,戸室,122-039,36.38369067,139.5723735
岩崎163,戸室町688,戸室,122-040,36.38299528,139.5723403
岩崎134,戸室町688,戸室,122-041,36.38460168,139.5706904
岩崎122,戸室町866-1,戸室,122-042,36.39010996,139.5723111
岩崎149,戸室町871,戸室,122-043,36.38915483,139.5721984
岩崎120,戸室町872-1,戸室,122-044,36.38979285,139.5723697
岩崎148,戸室町876-6,戸室,122-045,36.38907652,139.5729861
岩崎128,戸室町883,戸室,122-046,36.3880492,139.5721323
岩崎115,戸室町896,戸室,122-047,36.38765675,139.5728986
岩崎829,戸室町896-4,戸室,122-048,36.38841944,139.5732072
岩崎019,戸室町910-3,戸室,122-049,36.38777866,139.5734675
岩崎244,戸室町990,戸室,122-050,36.39021273,139.5743931
岩崎282,戸室町1051-2,戸室,122-051,36.39284011,139.5748182
岩崎085,戸室町329-12,戸室,122-052,36.38085224,139.5738247
岩崎765A,岩崎町1106,岩崎(田沼),123-001,36.40298364,139.5606828
岩崎073,岩崎町1110-1,岩崎(田沼),123-002,36.40289869,139.5614512
岩崎417,岩崎町1133,岩崎(田沼),123-003,36.40468931,139.5601028
岩崎077,岩崎町1137,岩崎(田沼),123-004,36.40387211,139.5598978
岩崎071,岩崎町1143,岩崎(田沼),123-005,36.40290057,139.5621174
岩崎069,岩崎町1148-1,岩崎(田沼),123-006,36.40243571,139.5629563
岩崎068,岩崎町1170,岩崎(田沼),123-007,36.40205765,139.5635635
岩崎761A,岩崎町1183,岩崎(田沼),123-008,36.40250145,139.5613875
岩崎757A,岩崎町1184,岩崎(田沼),123-009,36.4015213,139.5621276
岩崎067,岩崎町1205,岩崎(田沼),123-010,36.40181076,139.5644285
岩崎445,岩崎町1222-2,岩崎(田沼),123-011,36.40097222,139.5655472
岩崎064,岩崎町1240,岩崎(田沼),123-012,36.40072922,139.5642138
岩崎452,岩崎町1249,岩崎(田沼),123-013,36.39988244,139.5679
岩崎052,岩崎町1264-4,岩崎(田沼),123-014,36.39815958,139.5698473
岩崎406,岩崎町1270,岩崎(田沼),123-015,36.39975778,139.5709097
岩崎449,岩崎町1288,岩崎(田沼),123-016,36.40046897,139.5671258
岩崎423,岩崎町1312-3,岩崎(田沼),123-017,36.39999601,139.5699783
岩崎455,岩崎町1312-3,岩崎(田沼),123-018,36.39996018,139.5689771
岩崎405,岩崎町1324-3,岩崎(田沼),123-019,36.39915756,139.5707559
岩崎509A,岩崎町1552,岩崎(田沼),123-020,36.384961,139.568805
岩崎323,岩崎町255,岩崎(田沼),123-021,36.38882228,139.5645282
岩崎322,岩崎町255,岩崎(田沼),123-022,36.3892189,139.5648357
岩崎351,岩崎町256-2,岩崎(田沼),123-023,36.38827326,139.5641779
岩崎331,岩崎町262,岩崎(田沼),123-024,36.38778187,139.5633308
岩崎363,岩崎町264,岩崎(田沼),123-025,36.38765441,139.5638018
岩崎335,岩崎町268,岩崎(田沼),123-026,36.38727587,139.5643557
岩崎548,岩崎町280-1,岩崎(田沼),123-027,36.38722203,139.5677652
岩崎338,岩崎町280-1,岩崎(田沼),123-028,36.38660936,139.5652665
岩崎320,岩崎町351,岩崎(田沼),123-029,36.38960021,139.5656753
岩崎342,岩崎町365,岩崎(田沼),123-030,36.38926502,139.5638251
岩崎319,岩崎町383,岩崎(田沼),123-031,36.39006468,139.5658963
岩崎304,岩崎町391-2,岩崎(田沼),123-032,36.39102536,139.5669179
岩崎311,岩崎町440,岩崎(田沼),123-033,36.39258765,139.5680299
岩崎312,岩崎町446-4,岩崎(田沼),123-034,36.3922552,139.5676327
岩崎728,岩崎町468-1,岩崎(田沼),123-035,36.39374579,139.5685674
岩崎702,岩崎町489,岩崎(田沼),123-036,36.39447063,139.5684237
岩崎706,岩崎町491,岩崎(田沼),123-037,36.3949489,139.5692258
岩崎306,岩崎町496,岩崎(田沼),123-038,36.3940793,139.5691151
岩崎737,岩崎町505-2,岩崎(田沼),123-039,36.39533496,139.5681087
岩崎041,岩崎町533-2,岩崎(田沼),123-040,36.3944554,139.5702161
岩崎043,岩崎町534,岩崎(田沼),123-041,36.39494724,139.5705547
岩崎046,岩崎町546,岩崎(田沼),123-042,36.39623878,139.5702824
岩崎057,岩崎町564,岩崎(田沼),123-043,36.39920998,139.567195
岩崎055,岩崎町564,岩崎(田沼),123-044,36.39872622,139.5682671
岩崎086,岩崎町564,岩崎(田沼),123-045,36.398416,139.5690357
岩崎715,岩崎町756-2,岩崎(田沼),123-046,36.399378,139.5651952
岩崎059,岩崎町757,岩崎(田沼),123-047,36.39970356,139.5660087
岩崎717,岩崎町765,岩崎(田沼),123-048,36.39988771,139.5645349
岩崎063,岩崎町766,岩崎(田沼),123-049,36.40041149,139.5642788
岩崎753A,岩崎町785-1,岩崎(田沼),123-050,36.40056393,139.5631786
岩崎502,岩崎町9000,岩崎(田沼),123-051,36.38606221,139.5661542
戸奈良937,岩崎町9000,岩崎(田沼),123-052,36.38429161,139.5660829
岩崎079,岩崎町1127-1,岩崎（田沼）,123-053,36.40456343,139.5592912
船越823A,戸室町1348-1,船越南,124-001,36.39801606,139.5743614
船越231,船越町134,船越南,124-002,36.40113388,139.5781741
船越202,船越町139,船越南,124-003,36.40130053,139.57729
船越239,船越町197,船越南,124-004,36.40111754,139.5763518
船越187,船越町2286-2,船越南,124-011,36.4052467,139.5732876
船越846,船越町233-1,船越南,124-013,36.4035372,139.5762916
船越076,船越町2380-1,船越南,124-014,36.40369384,139.5708229
船越012,船越町2410,船越南,124-015,36.40351724,139.5719092
船越197,船越町2428-4,船越南,124-016,36.40251207,139.5741466
船越177,船越町2446,船越南,124-017,36.40419266,139.5730738
船越180,船越町2471-1,船越南,124-018,36.40426633,139.5745815
船越081,船越町2591,船越南,124-019,36.40174743,139.5722368
船越006,船越町2623,船越南,124-020,36.40231375,139.571772
船越010,船越町2631-3,船越南,124-021,36.40373189,139.571772
船越206,船越町265,船越南,124-022,36.40237982,139.5775175
船越215,船越町268,船越南,124-023,36.40306475,139.5783038
船越209,船越町273,船越南,124-024,36.40351054,139.5774724
船越226,船越町279,船越南,124-025,36.40358767,139.5786025
船越830A,船越町28,船越南,124-026,36.39884504,139.5748203
船越228,船越町313,船越南,124-027,36.40452702,139.5785889
船越236,船越町319,船越南,124-028,36.40440876,139.5779486
船越860,船越町45-7,船越南,124-029,36.40143001,139.5753501
船越837,船越町45-9,船越南,124-030,36.40098975,139.5754793
船越252,船越町62-2,船越南,124-036,36.4001043,139.5755777
船越253,船越町63,船越南,124-037,36.40046318,139.5759943
船越102,船越町9000,船越南,124-044,36.40186966,139.5739444
山形304,閑馬町1009,山形,131-001,36.38882029,139.5300485
山形371,閑馬町1016,山形,131-002,36.38784242,139.5322212
閑馬134,閑馬町984,山形,131-003,36.38892972,139.5293125
閑馬129,閑馬町985,山形,131-004,36.38972766,139.5286964
西原309,戸奈良町1624,山形,131-005,36.37705074,139.5484434
山形319,山形町1021,山形,131-006,36.38691257,139.5330048
山形372,山形町1021,山形,131-007,36.38800462,139.5317487
山形965,山形町1034,山形,131-008,36.38626517,139.532456
山形320,山形町1034,山形,131-009,36.38627238,139.5326337
山形323,山形町1053,山形,131-010,36.38597816,139.5312964
山形325,山形町1054,山形,131-011,36.38546912,139.5305449
山形327,山形町1073,山形,131-012,36.38505776,139.5301099
山形338,山形町1133,山形,131-013,36.38585085,139.5272365
山形995,山形町1178,山形,131-014,36.38408045,139.5325385
山形958,山形町1180,山形,131-015,36.38487585,139.532445
山形965,山形町1180,山形,131-016,36.38574215,139.5325208
山形563,山形町1230-3,山形,131-017,36.38176806,139.5359156
山形525,山形町1275,山形,131-018,36.38054351,139.5392259
山形566,山形町1284,山形,131-019,36.37985332,139.5367111
山形570,山形町1299,山形,131-020,36.37968495,139.5362687
山形529,山形町1333,山形,131-021,36.37983445,139.5373859
山形779,山形町150-3,山形,131-022,36.3807877,139.5448953
山形775,山形町152,山形,131-023,36.37983925,139.545735
山形773,山形町160,山形,131-024,36.37939379,139.5461227
山形624A,山形町1645,山形,131-025,36.38563531,139.5411079
山形627A,山形町1645,山形,131-026,36.38571919,139.5402513
山形927,山形町170-3,山形,131-027,36.38078244,139.5471675
山形708,山形町183-5,山形,131-028,36.37982096,139.5468612
山形729,山形町188-1,山形,131-029,36.37967263,139.5481122
山形707,山形町188-2,山形,131-030,36.3799145,139.5473109
山形771,山形町189-5,山形,131-031,36.37998284,139.547735
山形710,山形町201,山形,131-032,36.37977874,139.5486949
山形705,山形町204,山形,131-033,36.38022702,139.5482724
山形100,山形町215-2,山形,131-034,36.38146318,139.5483046
山形790,山形町602-7,山形,131-035,36.3818233,139.5393727
山形703,山形町218,山形,131-036,36.38090438,139.5483385
山形191,山形町276-3,山形,131-037,36.38115964,139.546202
山形219,山形町285-3,山形,131-038,36.38263082,139.5473849
山形224,山形町289,山形,131-039,36.38308968,139.5468699
山形251,山形町294-3,山形,131-040,36.38347402,139.5464397
山形244,山形町341,山形,131-041,36.3841811,139.5452951
山形201,山形町343,山形,131-042,36.38452603,139.5444062
山形203,山形町345,山形,131-043,36.384738,139.5438436
山形227,山形町364,山形,131-044,36.38373645,139.54602
山形289,山形町369,山形,131-045,36.3826655,139.5452052
山形014,山形町422,山形,131-046,36.38313484,139.5429554
山形777,山形町445,山形,131-047,36.38032748,139.5456661
山形740,山形町446-1,山形,131-048,36.38170397,139.5450664
山形588,山形町46-15,山形,131-049,36.37664966,139.5425982
山形738,山形町462-1,山形,131-050,36.38219418,139.5444725
山形961,山形町477,山形,131-051,36.38092076,139.5437912
山形964,山形町477,山形,131-052,36.38031057,139.5444878
山形582,山形町486-2,山形,131-053,36.38151256,139.5423591
山形934,山形町530,山形,131-054,36.37699462,139.5431765
山形538,山形町535,山形,131-055,36.37813218,139.5425767
山形912,山形町537,山形,131-056,36.37826384,139.5432006
山形915,山形町540,山形,131-057,36.37764204,139.5440852
山形541,山形町550-8,山形,131-058,36.37738124,139.5428303
山形586,山形町553,山形,131-059,36.37720067,139.5422193
山形596,山形町553,山形,131-060,36.3777478,139.5418782
山形506,山形町571,山形,131-061,36.38016162,139.5421203
西原335,山形町60,山形,131-062,36.3776337,139.5473202
山形933,山形町601-1,山形,131-063,36.38162724,139.538442
山形788,山形町607-8,山形,131-064,36.38141899,139.5398458
山形749,山形町626,山形,131-065,36.38245659,139.5402418
山形737,山形町633,山形,131-066,36.38315784,139.5391683
山形734,山形町636-6,山形,131-067,36.38390468,139.5387155
山形762,山形町637,山形,131-068,36.3839653,139.5386266
山形726,山形町637,山形,131-069,36.38430884,139.5381444
山形728,山形町6376,山形,131-070,36.38379446,139.537988
山形714,山形町641-10,山形,131-071,36.3844677,139.5379491
山形719,山形町643-8,山形,131-072,36.38473706,139.5375744
山形712,山形町650-16,山形,131-073,36.38504682,139.5381891
山形723,山形町650-22,山形,131-074,36.38522783,139.5379866
山形020,山形町666-3,山形,131-075,36.38290129,139.5410178
山形019,山形町670,山形,131-076,36.38273714,139.5413378
山形118,山形町674,山形,131-077,36.38205002,139.5415978
山形531,山形町677-4,山形,131-078,36.38165563,139.5412681
山形731,山形町691,山形,131-079,36.38272656,139.5434704
山形134,山形町698,山形,131-080,36.38257714,139.5424377
山形250,山形町741,山形,131-082,36.38449353,139.5410491
山形033,山形町777,山形,131-084,36.38707565,139.5367333
山形374,山形町778,山形,131-085,36.38812656,139.5308908
山形034,山形町779,山形,131-086,36.38738562,139.536348
山形035,山形町792-2,山形,131-087,36.38752919,139.5359833
山形921,山形町80,山形,131-088,36.37819639,139.5450829
山形858,山形町819,山形,131-089,36.38957116,139.536374
山形471A,山形町837,山形,131-090,36.38952477,139.5346505
山形932,山形町84,山形,131-091,36.37911185,139.5443204
山形045,山形町842,山形,131-092,36.39077872,139.5343359
山形043,山形町842,山形,131-093,36.38996023,139.5344584
山形039,山形町870,山形,131-095,36.38884898,139.5347481
山形575,山形町607-13,山形,131-096,36.38171333,139.5406143
山形578,山形町607-8,山形,131-097,36.38153087,139.5401527
山形315,山形町870-3,山形,131-098,36.3881449,139.534096
山形037,山形町882,山形,131-099,36.38803166,139.5354117
西原338,山形町90,山形,131-100,36.37833116,139.5464086
山形369,山形町900,山形,131-101,36.38739227,139.532842
山形990,山形町9000,山形,131-102,36.37956622,139.5451586
山形620Ａ,山形町721-2,山形,131-103,36.38531455,139.5423664
山形370,山形町900,山形,131-104,36.38754577,139.5326712
山形322,山形町9000,山形,131-105,36.38618596,139.5314947
山形317,山形町9000,山形,131-106,36.38771999,139.5336057
山形004,山形町9000,山形,131-107,36.38210422,139.5478408
山形228,山形町9000,山形,131-109,36.38391118,139.5457437
山形968,山形町905,山形,131-110,36.38629828,139.5364317
山形951,山形町92-2,山形,131-111,36.37883303,139.5458261
山形433,梅園町108-1,梅園,132-001,36.40100574,139.5384199
山形070,梅園町140,梅園,132-003,36.40000285,139.5366135
山形074,梅園町178,梅園,132-004,36.40173291,139.5369759
山形076,梅園町188-3,梅園,132-005,36.40294973,139.5367709
山形078,梅園町222,梅園,132-006,36.40402096,139.5365122
山形403,梅園町260,梅園,132-008,36.39311766,139.5344007
山形429,梅園町40-1,梅園,132-014,36.39851779,139.5388836
閑馬113,閑馬町129,閑馬下,133-001,36.39431571,139.5273214
閑馬166,閑馬町130,閑馬下,133-002,36.39423322,139.5293595
閑馬110,閑馬町135,閑馬下,133-003,36.39539311,139.5279673
閑馬162,閑馬町148,閑馬下,133-004,36.3954856,139.5282587
山形368,閑馬町188,閑馬下,133-005,36.39269349,139.5330606
山形384,閑馬町188-6,閑馬下,133-006,36.39301349,139.5330059
山形383,閑馬町191-4,閑馬下,133-007,36.39325429,139.533358
山形113,閑馬町193,閑馬下,133-009,36.39320817,139.5339783
山形053,閑馬町198-1,閑馬下,133-010,36.3945199,139.5325581
山形821,閑馬町206,閑馬下,133-011,36.39485288,139.5315084
山形823,閑馬町206-25,閑馬下,133-013,36.39524894,139.5311692
宮内005,閑馬町2312-1,閑馬下,133-022,36.40498833,139.5200201
山形837,閑馬町235-1,閑馬下,133-024,36.3961739,139.5313845
閑馬612,閑馬町2361,閑馬下,133-025,36.40463753,139.5222125
閑馬250,閑馬町2372,閑馬下,133-026,36.40110988,139.5242147
閑馬126,閑馬町24,閑馬下,133-027,36.39079253,139.5286025
閑馬610,閑馬町2402,閑馬下,133-028,36.40384174,139.52257
閑馬608,閑馬町2429,閑馬下,133-030,36.40306051,139.5230114
閑馬601,閑馬町2462-1,閑馬下,133-031,36.40100041,139.5232548
閑馬603,閑馬町2465,閑馬下,133-032,36.40167761,139.5236014
山形831,閑馬町248,閑馬下,133-033,36.3970218,139.5312744
閑馬018,閑馬町2482,閑馬下,133-034,36.40005476,139.5243485
閑馬243,閑馬町2484-3,閑馬下,133-035,36.40065323,139.5248863
閑馬246,閑馬町2516,閑馬下,133-036,36.400475,139.5262995
閑馬244,閑馬町2516-6,閑馬下,133-037,36.40006641,139.5271219
閑馬247,閑馬町2516-6,閑馬下,133-038,36.40058909,139.5258412
閑馬026,閑馬町2537,閑馬下,133-039,36.39829776,139.527608
閑馬270,閑馬町2560,閑馬下,133-040,36.39909513,139.5296684
山形826,閑馬町206-15,閑馬下,133-041,36.39513812,139.531007
閑馬004,閑馬町2581,閑馬下,133-042,36.39733839,139.5304479
閑馬024,閑馬町2598,閑馬下,133-043,36.39697126,139.5320308
山形058,閑馬町2610,閑馬下,133-044,36.3968702,139.5328082
山形108,閑馬町2615,閑馬下,133-045,36.39574197,139.5327582
山形065,閑馬町2709-1,閑馬下,133-046,36.39809284,139.5359375
山形421,閑馬町2731,閑馬下,133-047,36.39710382,139.5373952
山形811,閑馬町278,閑馬下,133-048,36.3963052,139.5303829
閑馬136,閑馬町278-1,閑馬下,133-049,36.39599386,139.5281695
閑馬108,閑馬町278-1,閑馬下,133-050,36.39645881,139.5284123
山形408,閑馬町2786-1,閑馬下,133-051,36.39631696,139.5346563
閑馬260,閑馬町2788,閑馬下,133-052,36.39862409,139.5301106
山形407,閑馬町2788-2,閑馬下,133-054,36.39654362,139.5345805
山形415,閑馬町2791,閑馬下,133-055,36.39754457,139.5358862
山形246,閑馬町2839-1,閑馬下,133-056,36.39552984,139.5344581
閑馬009,閑馬町284,閑馬下,133-057,36.39803112,139.5282947
閑馬635,閑馬町370,閑馬下,133-058,36.4025114,139.5214324
閑馬504,閑馬町398,閑馬下,133-059,36.39985162,139.516608
閑馬511,閑馬町401,閑馬下,133-060,36.39772076,139.5167756
閑馬326,閑馬町4137-12,閑馬下,133-061,36.40108366,139.5135371
閑馬186,閑馬町4291,閑馬下,133-062,36.39233481,139.5272075
閑馬517,閑馬町441,閑馬下,133-063,36.39668532,139.5153208
閑馬173,閑馬町4432-2,閑馬下,133-064,36.39142359,139.5302321
閑馬521,閑馬町448-1,閑馬下,133-065,36.39765074,139.5155882
閑馬509,閑馬町448-1,閑馬下,133-066,36.39848813,139.5165494
閑馬506,閑馬町467-1,閑馬下,133-067,36.39917886,139.5161097
閑馬085A,閑馬町482,閑馬下,133-068,36.40147811,139.514807
閑馬501,閑馬町508,閑馬下,133-069,36.40090483,139.5168807
閑馬503,閑馬町508,閑馬下,133-070,36.40042071,139.5166205
閑馬348,閑馬町516-1,閑馬下,133-071,36.40130208,139.5192269
閑馬406,閑馬町563,閑馬下,133-072,36.40294262,139.5164207
閑馬421,閑馬町568-2,閑馬下,133-073,36.40282792,139.5148733
閑馬409,閑馬町650,閑馬下,133-075,36.40295937,139.5177416
閑馬122,閑馬町82,閑馬下,133-078,36.39234731,139.5288924
閑馬120,閑馬町9000,閑馬下,133-083,36.39241898,139.5280509
閑馬614,閑馬町2362,閑馬上,134-028,36.40483523,139.5231712
閑馬272,閑馬町2550,閑馬上,134-029,36.39939348,139.5289729
閑馬909A,下彦間町178,下彦間下,135-003,36.40456008,139.5063814
須花109,下彦間町1923,下彦間下,135-006,36.40382501,139.5009586
須花037,下彦間町1988-1,下彦間下,135-007,36.402269,139.4990914
須花025,下彦間町1998,下彦間下,135-008,36.40327252,139.499336
須花046,下彦間町2001,下彦間下,135-009,36.40268294,139.501672
下彦間007,下彦間町2025,下彦間下,135-010,36.40250364,139.5050508
下彦間009,下彦間町2025-1,下彦間下,135-011,36.40135017,139.5047742
須花049,下彦間町2031,下彦間下,135-012,36.40220274,139.5028719
下彦間018,下彦間町2326,下彦間下,135-013,36.39841329,139.5060417
下彦間014,下彦間町2355-1,下彦間下,135-014,36.39964729,139.506994
下彦間112,下彦間町2474,下彦間下,135-015,36.39966736,139.5105353
閑馬097A,下彦間町39,下彦間下,135-020,36.40287431,139.5098997
閑馬287,下彦間町75,下彦間下,135-029,36.40398939,139.5098171
閑馬276,下彦間町84,下彦間下,135-030,36.40503344,139.5084988
閑馬254A,下彦間町94,下彦間下,135-031,36.40508092,139.5074012
木場004（木場202）,葛生西１丁目3-4,本町(葛生),140-001,36.40066115,139.6078608
木場208,葛生西１丁目4-19,本町(葛生),140-004,36.40074226,139.6072378
木場207,葛生西１丁目4-5,本町(葛生),140-005,36.40043334,139.6071609
富士見444,葛生東１丁目1-1,本町(葛生),140-007,36.39754973,139.6102144
片倉102,葛生東１丁目2-2,本町(葛生),140-008,36.39788789,139.6078671
片倉106,葛生東１丁目5,本町(葛生),140-009,36.39903891,139.6091691
片倉005,葛生東１丁目5,本町(葛生),140-010,36.39882454,139.609623
片倉109,葛生東１丁目6-24,本町(葛生),140-011,36.39901111,139.608858
片倉111,葛生東１丁目7-24,本町(葛生),140-012,36.40013017,139.6093201
富士見113,中町9000,本町(葛生),140-017,36.39383193,139.6098272
富士見168,富士見町11-28,本町(葛生),140-018,36.39459151,139.6100654
富士見210,富士見町13-13,本町(葛生),140-019,36.39525079,139.6085306
富士見233,富士見町2-7,本町(葛生),140-025,36.39707942,139.6085645
富士見440,富士見町4-1,本町(葛生),140-026,36.39738359,139.6093292
富士見439,富士見町6-2,本町(葛生),140-031,36.39735195,139.6098519
富士見438,富士見町6-31,本町(葛生),140-032,36.39700476,139.6096006
片倉001,葛生東１丁目1-3,本町(葛生),140-043,36.39791377,139.6081592
片倉101,葛生東１丁目2-2,本町(葛生),140-044,36.39802622,139.6080484
片倉103,葛生東１丁目3,本町(葛生),140-045,36.39822509,139.6078396
片倉108,葛生東１丁目1-6,本町(葛生),140-046,36.39921995,139.6087258
片倉151,葛生東１丁目4-15,本町(葛生),140-047,36.39989548,139.6089843
片倉007,葛生東１丁目1-8,本町(葛生),140-048,36.39956111,139.6097992
片倉008,葛生東１丁目8,本町(葛生),140-049,36.39998076,139.610198
木場002,葛生西１丁目1-1,本町(葛生),140-050,36.39838675,139.6076321
富士見013,富士見町5,本町(葛生),140-051,36.39625569,139.6090044
富士見019,富士見町15,本町(葛生),140-052,36.39386517,139.6088548
片倉031,葛生東１丁目12-2,倭町,141-001,36.40063287,139.6094025
木場306,葛生西1丁目6-11,倭町,141-002,36.40228644,139.6065028
木場501,あくと町4199-1,倭町,141-003,36.40467189,139.6057901
木場502,あくと町4200-1,倭町,141-004,36.40502658,139.6058115
木場210,葛生西１丁目10-2,倭町,141-007,36.4019921,139.6087039
木場210,葛生西１丁目10-2,倭町,141-008,36.4019063,139.6089917
木場101,葛生西１丁目4-13,倭町,141-009,36.40115829,139.6064818
木場250,葛生西１丁目5-15,倭町,141-010,36.40164544,139.6076782
木場209,葛生西１丁目5-19,倭町,141-011,36.40125772,139.6072994
木場103,葛生西１丁目6-6,倭町,141-012,36.40176315,139.6071141
木場306,葛生西１丁目7-2,倭町,141-013,36.40228117,139.6067642
木場311,葛生西１丁目7-21,倭町,141-014,36.40293939,139.6071155
木場302,葛生西１丁目7-5,倭町,141-015,36.40223866,139.6070658
木場106,葛生西１丁目7-6,倭町,141-016,36.40249587,139.6077282
木場105,葛生西１丁目7-6,倭町,141-017,36.40217036,139.6077431
木場311,葛生西１丁目8,倭町,141-018,36.40289775,139.6068277
木場303,葛生西１丁目8-5,倭町,141-019,36.4031747,139.6072993
木場246,葛生西１丁目9-21,倭町,141-020,36.40276946,139.6081889
木場214,葛生西１丁目9-23,倭町,141-021,36.40245645,139.608044
木場213,葛生西１丁目9-24,倭町,141-022,36.40214618,139.6080165
木場105,葛生西１丁目9-24,倭町,141-023,36.402149,139.6078826
木場211,葛生西１丁目10-6,倭町,141-024,36.40211041,139.6083051
片倉031,葛生東１丁目12-5,倭町,141-035,36.40083313,139.6097889
片倉031,葛生東１丁目7-5,倭町,141-036,36.4006301,139.6091278
片倉112,葛生東１丁目7-11,倭町,141-038,36.40042183,139.6098567
片倉113,葛生東１丁目12-16,倭町,141-047,36.40185996,139.6102351
木場102,葛生西１丁目5-3,倭町,141-052,36.40138742,139.6068769
木場104,葛生西１丁目7,倭町,141-053,36.40199147,139.6073677
木場107,葛生西１丁目9-8,倭町,141-054,36.40288365,139.607709
木場108,葛生西１丁目9-8,倭町,141-055,36.40304966,139.6079017
木場249,葛生西１丁目3-18,倭町,141-056,36.40184205,139.6077507
木場245,葛生西１丁目10-17,相生町(葛生),142-001,36.40328969,139.6084377
木場248,葛生西１丁目10-28,相生町(葛生),142-002,36.4032214,139.6092179
木場215,葛生西１丁目10-28,相生町(葛生),142-003,36.40340218,139.6095004
木場220,葛生西１丁目12-1,相生町(葛生),142-005,36.40332855,139.608928
木場247,葛生西１丁目12-1,相生町(葛生),142-006,36.40339606,139.608593
木場328,葛生西１丁目13-3,相生町(葛生),142-007,36.40380098,139.6070592
木場329,葛生西１丁目13-3,相生町(葛生),142-008,36.40388146,139.6069156
木場108,葛生西１丁目7-19,相生町(葛生),142-010,36.40322436,139.6076342
木場304,葛生西１丁目8-8,相生町(葛生),142-011,36.40362685,139.6073856
木場244,葛生西１丁目9-13,相生町(葛生),142-012,36.40345631,139.6079981
木場246,葛生西１丁目9-18,相生町(葛生),142-014,36.40297997,139.6081751
片倉128,葛生東１丁目17-24,相生町(葛生),142-023,36.40299587,139.6102601
木場145,葛生西１丁目11,相生町(葛生),142-028,36.40390106,139.6094728
木場110,葛生西１丁目13-9,相生町（葛生）,142-029,36.40391294,139.6077825
木場111,葛生西１丁目13-12,相生町（葛生）,142-030,36.4042934,139.6078527
木場144,葛生西２丁目1,泉町,143-001,36.40451486,139.6094448
木場218,葛生西２丁目1-1,泉町,143-002,36.40448706,139.6099036
木場141,葛生西２丁目4,泉町,143-004,36.40482036,139.6085176
富士見250,中町3693-38,富士見町,149-001,36.39304116,139.6081471
富士見131,富士見町11-31,富士見町,149-004,36.3950017,139.609788
富士見147,富士見町11-38,富士見町,149-005,36.39560413,139.6097559
富士見135,富士見町11-5,富士見町,149-006,36.39543666,139.6102295
富士見204,富士見町13-29,富士見町,149-007,36.39532164,139.6077246
富士見205,富士見町13-32,富士見町,149-008,36.39572548,139.607717
富士見201,富士見町14-20,富士見町,149-009,36.3942507,139.6075011
富士見207,富士見町3693-59,富士見町,149-010,36.39360995,139.6073864
富士見208,富士見町3693-61,富士見町,149-011,36.39327113,139.6073173
富士見015,富士見町5-15,富士見町,149-012,36.39554834,139.6090361
富士見110,富士見町5-17,富士見町,149-013,36.3960013,139.6093155
富士見109,富士見町5-6,富士見町,149-014,36.39608185,139.6094482
富士見109,富士見町6-21,富士見町,149-015,36.39597491,139.6096143
富士見015,富士見町15,富士見町,149-021,36.3955466,139.6089696
富士見016,富士見町15,富士見町,149-022,36.39515225,139.6090394
富士見017,富士見町15,富士見町,149-023,36.39457093,139.6089411
南中313A,中町1039-2,中,150-001,36.38483422,139.6052307
南中030,中町1040,中,150-002,36.38434515,139.6051105
南中115,中町1044-2,中,150-003,36.38348499,139.6053522
南中109,中町1060,中,150-004,36.38224264,139.6041971
南中414,中町1060-3,中,150-005,36.38157824,139.6043396
南中247,中町1065-1,中,150-006,36.38189687,139.6034186
南中298,中町1065-10,中,150-007,36.38197844,139.6023961
南中406,中町1072,中,150-008,36.38339129,139.6025022
南中408,中町1072-13,中,150-009,36.38273006,139.6027025
南中411,中町1080-15,中,150-010,36.38332242,139.6034335
南中034,中町1082,中,150-011,36.38309581,139.6043523
南中226,中町1104,中,150-012,36.38624183,139.6048146
南中403,中町1104,中,150-013,36.38504784,139.6048146
南中225,中町1109,中,150-014,36.38597934,139.6052618
南中258,中町1113,中,150-015,36.38673173,139.6058392
南中256,中町1114,中,150-016,36.38647709,139.6066277
中村210,中町1125,中,150-017,36.38770911,139.6060069
南中261,中町1127-1,中,150-018,36.38733035,139.6069743
中村506A,中町1148,中,150-019,36.38904259,139.6089473
中村012,中町1156-3,中,150-020,36.38846763,139.6078686
中村107,中町1163,中,150-021,36.3893134,139.6090314
南中411,中町1163-5,中,150-022,36.38309136,139.6033522
中村131,中町1172-2,中,150-023,36.38987414,139.6074891
中村085,,中,150-024,36.38910972,139.6067437
南中249,中町1198-2,中,150-025,36.38708616,139.6050131
南中239,中町1201,中,150-026,36.38684205,139.6054631
南中245,中町1206,中,150-027,36.38650122,139.6043441
南中275,中町1207,中,150-028,36.38634345,139.6038947
南中280,中町1207,中,150-029,36.38567855,139.6034073
南中241,中町1234,中,150-030,36.38434124,139.6036373
南中291,中町1234,中,150-031,36.38343414,139.6044458
南中241,中町1234,中,150-032,36.38410428,139.6034381
南中406,中町1234,中,150-033,36.38345911,139.6023386
南中234,中町1234,中,150-034,36.38372328,139.603982
南中232,中町1234,中,150-035,36.38350913,139.6032282
南中235,中町1234,中,150-036,36.38396845,139.6037132
南中235,中町1234,中,150-037,36.38379271,139.6035748
南中240,中町1234-1,中,150-038,36.38427405,139.6038934
南中282,中町1248,中,150-039,36.38454116,139.6032248
南中285,中町1255,中,150-040,36.38465063,139.6040009
南中283,中町1256-1,中,150-041,36.38489061,139.6031448
中村228,中町1280-1,中,150-042,36.38820986,139.6055855
中村006,中町1281,中,150-043,36.38885473,139.6054966
中村084,中町1281-26,中,150-044,36.38924476,139.6061393
中村004,中町1281-6,中,150-045,36.38837484,139.6051828
中村207,中町1283,中,150-046,36.38801245,139.6060868
中村256,中町1283,中,150-047,36.38846234,139.6057454
中村204,中町1285,中,150-048,36.3886065,139.606339
中村202,中町1285,中,150-049,36.3888056,139.6064401
南中268,中町1305,中,150-050,36.38382739,139.6029133
中村130,中町1305,中,150-051,36.38807793,139.6043657
中村038,中町1305-28,中,150-052,36.38743855,139.6045907
中村145,中町1305-29,中,150-053,36.39003878,139.6062392
南中267,中町1305-45,中,150-054,36.38395625,139.6023899
富士見020,中町1316,中,150-055,36.39365692,139.6088262
富士見155,中町623-2,中,150-068,36.39197471,139.6100748
富士見024,中町624,中,150-069,36.39203435,139.6097263
富士見027,中町625-3,中,150-070,36.392386,139.6095662
富士見213,中町630,中,150-071,36.39205463,139.6085738
富士見211,中町631,中,150-072,36.39217185,139.6094171
富士見219,中町644,中,150-073,36.39089456,139.6081139
富士見217,中町644-2,中,150-074,36.39133441,139.6083239
富士見220,中町650,中,150-075,36.39055482,139.6079415
中村110,中町654,中,150-076,36.39047908,139.6088775
富士見126,中町694,中,150-077,36.39299283,139.6102933
南中203,中町764,中,150-087,36.38310898,139.6087268
南中279,中町767,中,150-088,36.38338509,139.6095229
南中012,中町767-1,中,150-089,36.38381757,139.6097915
南中203,中町773,中,150-090,36.38338726,139.6084227
南中046,中町779,中,150-091,36.38302008,139.6078917
南中004,中町793,中,150-092,36.38213295,139.6072679
南中202,中町803,中,150-093,36.38177916,139.6066715
南中402,中町805,中,150-094,36.38157606,139.6051334
南中121,中町820-2,中,150-095,36.38329836,139.6050333
南中120,中町820-9,中,150-096,36.38303342,139.6060872
南中121,中町821,中,150-097,36.38285369,139.6056044
南中118,中町830-1,中,150-098,36.38290231,139.6065756
南中011,中町842,中,150-099,36.38412052,139.6087043
南中116,中町844,中,150-100,36.38435632,139.6088179
南中019,中町853,中,150-101,36.38550333,139.6086126
南中012,中町856,中,150-102,36.38425632,139.6093203
南中016,中町859-1,中,150-103,36.38512736,139.6099264
南中017,中町865,中,150-104,36.38523564,139.6095163
南中020,中町873,中,150-105,36.3857128,139.6083801
南中229,中町8780,中,150-106,36.38265988,139.6082019
富士見023,中町9000,中,150-108,36.39281097,139.6092934
南中231,中町9000,中,150-116,36.38342498,139.6037082
南中238,中町9000,中,150-117,36.38416566,139.604238
南中236,中町9000,中,150-118,36.38400987,139.6033646
南中236,中町9000,中,150-119,36.38380764,139.6031884
南中252,中町9000,中,150-120,36.3842182,139.6029685
南中102,中町9000,中,150-122,36.38245153,139.6069717
南中006,中町9000,中,150-123,36.38248154,139.6077828
南中113,中町9000,中,150-124,36.38448664,139.609535
南中009,中町9000,中,150-126,36.3836608,139.6078977
南中242,中町9000,中,150-128,36.38221677,139.6036311
南中114,中町9000,中,150-129,36.38501152,139.6081854
南中106,中町9000,中,150-130,36.38393628,139.6050833
南中296,中町9000,中,150-131,36.38228402,139.6027969
南中233,中町9000,中,150-132,36.38329553,139.6030861
中村221,中町9000,中,150-133,36.38856425,139.6067267
中村220,中町9000,中,150-134,36.38874734,139.6068001
中村219,中町9000,中,150-135,36.38895337,139.6068939
南中274,中町9000,中,150-136,36.38660175,139.6040822
南中263,中町9000,中,150-137,36.38633294,139.6055168
中村120,中町9000,中,150-138,36.39030542,139.6065514
中村102,中町9000,中,150-139,36.38945332,139.6058618
中村208,中町9000,中,150-140,36.38789936,139.6066165
中村122,中町9000,中,150-141,36.38996128,139.6068114
南中014,中町9000,中,150-142,36.38468246,139.6103913
南中264,中町9000,中,150-143,36.38640776,139.6098174
南中212,中町9000,中,150-144,36.38625303,139.6091542
南中213,中町9000,中,150-145,36.38639136,139.6095316
南中021,中町9000,中,150-146,36.38602269,139.6078728
中村081,中町9000,中,150-147,36.38892371,139.6074592
中村019,中町9000,中,150-148,36.39026301,139.6095313
中村222,中町9000,中,150-150,36.38722452,139.6087327
中村251,中町939,中,150-151,36.38921338,139.6096689
南中260,中町942-1,中,150-152,36.3870167,139.6068766
中村127,中町942-1,中,150-153,36.38965416,139.6082113
中村215,中町962,中,150-154,36.3875761,139.6083489
南中254,中町972,中,150-155,36.386656,139.6091116
南中211,中町980,中,150-156,36.38592696,139.6087275
南中409,中町985,中,150-157,36.38669185,139.6078093
南中022,中町988,中,150-158,36.38618879,139.6075866
南中001,中町807-1,中,150-159,36.38200213,139.6057206
南中299,中町1065-15,中,150-160,36.38181324,139.6027236
南中117,中町854,中,150-161,36.38462127,139.6085654
中村017,中町942,中,150-162,36.38951423,139.6092372
中村020,中町662,中,150-163,36.39068204,139.6097446
中村504A,中町955,中,150-166,36.3882435,139.6087362
南中028,中町1104,中,150-167,36.3855675,139.6058968
南中043,中町994,中,150-168,36.38633463,139.6074029
富士見223,中町641,中,150-169,36.39208966,139.608751
南中217,中町968,中,150-170,36.38695877,139.6084114
南中045,中町856-2,中,150-172,36.38420325,139.6089418
南中008,中町783,中,150-173,36.38327891,139.6080316
南中278,中町771,中,150-174,36.38360336,139.6086976
富士見253,山菅町1306,山菅,154-001,36.39242624,139.6075764
山菅114,山菅町3294,山菅,154-002,36.39826442,139.6050099
山菅003,山菅町3399,山菅,154-003,36.39394807,139.6036817
山菅005,山菅町3402-2,山菅,154-004,36.39427055,139.603779
山菅007,山菅町3405,山菅,154-005,36.39522816,139.604025
山菅010,山菅町3411-1,山菅,154-006,36.39611944,139.6044088
山菅240,山菅町3416-1,山菅,154-007,36.39620029,139.6053101
山菅211,山菅町3428-2,山菅,154-008,36.39694885,139.6059574
山菅113,山菅町3442-1,山菅,154-009,36.39798619,139.6051488
山菅018,山菅町3443-1,山菅,154-010,36.39854139,139.6052513
山菅116,山菅町3447,山菅,154-012,36.3989877,139.6047362
山菅023,山菅町3457,山菅,154-013,36.40003145,139.6046885
山菅119,山菅町3460-1,山菅,154-014,36.39907575,139.6042175
山菅229,山菅町3461,山菅,154-015,36.40035418,139.6051047
山菅229,山菅町3461,山菅,154-016,36.40033747,139.6053706
山菅123,山菅町3461,山菅,154-017,36.39949843,139.6039275
山菅123,山菅町3461-2,山菅,154-018,36.39940651,139.6041674
山菅123,山菅町3461-2,山菅,154-019,36.39977666,139.6035597
山菅120,山菅町3466,山菅,154-020,36.39932647,139.6043522
山菅122,山菅町3481,山菅,154-021,36.39977065,139.6043746
山菅034,山菅町3484,山菅,154-022,36.40015138,139.6041113
山菅026,山菅町3486,山菅,154-023,36.40027966,139.6035635
山菅211,山菅町3576,山菅,154-024,36.39689472,139.6061621
山菅028,山菅町3636,山菅,154-025,36.40074575,139.6034499
山菅230,山菅町3636-3,山菅,154-026,36.40061214,139.6039882
山菅245,山菅町3637,山菅,154-027,36.40044167,139.6044382
山菅233,山菅町3646,山菅,154-028,36.40043579,139.605653
山菅022,山菅町3652,山菅,154-029,36.39965257,139.6050262
山菅021,山菅町3657,山菅,154-030,36.39946821,139.6051399
山菅228,山菅町3657,山菅,154-031,36.39998976,139.6054622
山菅219,山菅町3660,山菅,154-032,36.39960258,139.6055145
山菅215,山菅町3665,山菅,154-033,36.3986858,139.605597
山菅215,山菅町3669,山菅,154-034,36.39838754,139.6056774
富士見252,山菅町3693,山菅,154-035,36.39277867,139.6079789
富士見247,山菅町3704,山菅,154-036,36.39352328,139.608547
多田579,多田町749-4,下多田,117-086,36.37503316,139.5986716
多田371,多田町3824,下多田,117-070,36.37701386,139.5987577
多田369,多田町3823,下多田,117-069,36.3776534,139.5986214
多田310,多田町784,下多田,117-088,36.37708211,139.5980381
多田194,多田町541,下多田,117-074,36.37750068,139.6005827
多田192,多田町584-4,下多田,117-076,36.37681963,139.600598
多田304,多田町953,下多田,117-106,36.37825057,139.5973384
多田336,多田町912,下多田,117-103,36.3771995,139.5961456
多田317,多田町895,下多田,117-100,36.37638679,139.5958545
多田316,多田町891,下多田,117-099,36.37656279,139.5953458
多田044,多田町887,下多田,117-097,36.37626633,139.5945642
多田043,多田町889,下多田,117-098,36.37657304,139.5947961
多田076,多田町1096,下多田,117-013,36.37509309,139.5939
多田483,多田町1570-1,下多田,117-058,36.38370016,139.5995861
多田007,多田町3045-1,下多田,117-063,36.38413727,139.5995872
多田478,多田町1562-4,下多田,117-052,36.38342571,139.598707
多田422,多田町1547-1,下多田,117-047,36.38239822,139.5983614
多田490,多田町1547,下多田,117-041,36.3822977,139.5988965
多田468,多田町1547,下多田,117-043,36.38219243,139.5993565
多田401,多田町1547,下多田,117-042,36.38176392,139.5993765
多田017,多田町1550,下多田,117-050,36.38153018,139.5977004
多田409,多田町1548,下多田,117-048,36.38162775,139.5980028
多田404,多田町1547,下多田,117-046,36.38125257,139.5982393
多田474,多田町1614,下多田,117-060,36.3821148,139.5973701
多田471,多田町1209-2,下多田,117-029,36.37991438,139.5948812
多田459,多田町1251-1,下多田,117-032,36.37966317,139.5942347
多田488,多田町1253,下多田,117-034,36.37886788,139.5945876
多田458,多田町1255,下多田,117-035,36.37909301,139.5939558
多田460,多田町1083-2,下多田,117-011,36.37722171,139.5952143
多田384,多田町801,下多田,117-090,36.37708387,139.5969653
多田386,多田町964,下多田,117-109,36.37904916,139.5980127
多田309,多田町3823,下多田,117-067,36.37796492,139.5989685
多田370,多田町3823,下多田,117-068,36.37770666,139.5990316
多田602,多田町1103,下多田,117-015,36.37446862,139.5935523
寺久保093（北幹70）,出流原町1278-1,出流原町,099-132,36.36854423,139.5360822
寺久保026（北幹53）,出流原町1104-4,出流原町,099-010,36.3654014,139.5413301
山形618A,山形町720-2,山形,131-081,36.38502213,139.5430861
田沼367,石塚町1951-2,戸奈良(東・西),120-075,36.36827454,139.5664541
山形840,山形町850,山形,131-094,36.39022347,139.5357874
山形282,山形町761,山形,131-083,36.38542498,139.5385154
閑馬427,閑馬町637,閑馬下,133-074,36.40354118,139.514975
閑馬427,閑馬町566-1,閑馬上,134-025,36.40373286,139.5152744
山形068,梅園町134-3,梅園,132-002,36.3990353,139.5363397
中村069,中町664,佐野市管理防犯灯,000-007,36.39119977,139.610392
富士見003,富士見町226,佐野市管理防犯灯,000-008,36.39606833,139.6145516
富士見006,富士見町217-10,佐野市管理防犯灯,000-009,36.39626305,139.6134991
富士見008,富士見町6-11,佐野市管理防犯灯,000-010,36.39655982,139.6105231
富士見061,富士見町10-5,佐野市管理防犯灯,000-013,36.39635521,139.6127428
富士見063,富士見町194-1,佐野市管理防犯灯,000-014,36.39618831,139.6119741
富士見067,富士見町7-13,佐野市管理防犯灯,000-015,36.39624212,139.610568
富士見108,富士見町11-6,佐野市管理防犯灯,000-016,36.39550253,139.610607
富士見140,中町622-3,佐野市管理防犯灯,000-021,36.39235046,139.6104186
富士見144,富士見町16-5,佐野市管理防犯灯,000-022,36.39511007,139.6114555
富士見145,富士見町16-14,佐野市管理防犯灯,000-023,36.39476876,139.6111131
富士見157,富士見町16-16,佐野市管理防犯灯,000-024,36.39445678,139.610458
富士見165,富士見町16-31,佐野市管理防犯灯,000-025,36.39421212,139.6113429
富士見171,富士見町228-1,佐野市管理防犯灯,000-027,36.39542593,139.6153038
富士見175,富士見町36,佐野市管理防犯灯,000-028,36.39513488,139.6162753
富士見179,中町557,佐野市管理防犯灯,000-029,36.39486468,139.6177675
富士見412,富士見町513-6,佐野市管理防犯灯,000-030,36.39805856,139.6136526
富士見418,富士見町4-17,佐野市管理防犯灯,000-031,36.39708375,139.6134541
富士見419,富士見町6-9,佐野市管理防犯灯,000-032,36.39694063,139.6104867
片倉252,葛生東１丁目10,本町(葛生),140-006,36.39954918,139.6121015
片倉203,葛生東１丁目9-1,本町(葛生),140-013,36.3987187,139.6108606
片倉263,葛生東１丁目9-23,本町(葛生),140-014,36.39924258,139.6117677
片倉264,葛生東１丁目9-23,本町(葛生),140-015,36.39883118,139.6114931
片倉294,葛生東１丁目9-6,本町(葛生),140-016,36.39962391,139.611188
富士見118,富士見町16-19,本町(葛生),140-020,36.39387193,139.6104429
富士見119,富士見町16-24,本町(葛生),140-021,36.39349173,139.6108568
富士見162,富士見町16-25,本町(葛生),140-022,36.39362196,139.611291
富士見137,富士見町16-31,本町(葛生),140-023,36.39318453,139.611407
富士見402,富士見町226,本町(葛生),140-024,36.39654629,139.6144626
富士見435,富士見町485-4,本町(葛生),140-027,36.39766391,139.6130738
富士見406,富士見町513,本町(葛生),140-028,36.39710067,139.6141777
富士見101,富士見町54,本町(葛生),140-029,36.39553256,139.6149638
富士見104,富士見町54-3,本町(葛生),140-030,36.39474246,139.6148356
富士見428,富士見町7-25,本町(葛生),140-033,36.39693535,139.6113318
富士見420,富士見町8-12,本町(葛生),140-034,36.39740861,139.6105633
富士見422,富士見町8-17,本町(葛生),140-035,36.39780022,139.6111479
富士見432,富士見町8-22,本町(葛生),140-036,36.39826049,139.612018
富士見441,富士見町8-3,本町(葛生),140-037,36.39717788,139.6118679
富士見425,富士見町8-7,本町(葛生),140-038,36.39730891,139.6111779
富士見433,富士見町9-30,本町(葛生),140-039,36.39799277,139.6122405
片倉217,葛生東１丁目10-14,倭町,141-025,36.40035353,139.6117015
片倉258,葛生東１丁目10-16,倭町,141-026,36.40014407,139.6130628
片倉275,葛生東１丁目10-16,倭町,141-027,36.40005161,139.6136547
片倉277,葛生東１丁目10-16,倭町,141-028,36.40001329,139.612519
片倉256,葛生東１丁目10-16,倭町,141-029,36.400451,139.6124065
片倉215,葛生東１丁目10-19,倭町,141-030,36.40090985,139.6120753
片倉214,葛生東１丁目10-21,倭町,141-031,36.40124667,139.6123303
片倉208,葛生東１丁目11-10,倭町,141-032,36.40217631,139.6109129
片倉221,葛生東１丁目11-41,倭町,141-033,36.40047237,139.6110041
片倉012,葛生東１丁目11-7,倭町,141-034,36.40154969,139.6106402
片倉136,葛生東１丁目1-8,倭町,141-037,36.40020798,139.6106866
片倉010,葛生東１丁目11-1,倭町,141-039,36.40082899,139.6104152
片倉279,葛生東１丁目8-10,倭町,141-041,36.39966446,139.6130376
片倉250,葛生東１丁目9-12,倭町,141-042,36.39992741,139.6114088
片倉011,葛生東１丁目11-10,倭町,141-046,36.40095004,139.6105191
片倉216,葛生東１丁目10-15,倭町,141-048,36.40058905,139.6118573
片倉257,葛生東１丁目10-16,倭町,141-049,36.40028266,139.6127079
片倉042,葛生東１丁目11-4,倭町,141-050,36.40127775,139.6105765
片倉009,葛生東１丁目11-8,倭町,141-051,36.40033982,139.6103902
片倉219,葛生東１丁目10-32,相生町(葛生),142-016,36.40130982,139.6134827
片倉265,葛生東１丁目10-32,相生町(葛生),142-017,36.40089647,139.6138599
片倉220,葛生東１丁目10-32,相生町(葛生),142-018,36.40114762,139.6139401
片倉271,葛生東１丁目10-32,相生町(葛生),142-019,36.40107098,139.6145635
片倉272,葛生東１丁目10-32,相生町(葛生),142-020,36.40112261,139.6149962
片倉286,葛生東１丁目14-11,相生町(葛生),142-021,36.40270904,139.6119297
片倉128,葛生東１丁目17-20,相生町(葛生),142-022,36.40292952,139.6105875
片倉223,葛生東１丁目602,相生町(葛生),142-024,36.40141399,139.6149483
片倉282,葛生東１丁目651-4,相生町(葛生),142-025,36.40192635,139.6153397
片倉283,築地町654-6,相生町(葛生),142-026,36.40213467,139.6149683
片倉041,葛生東１丁目14,相生町(葛生),142-027,36.40275813,139.6110873
片倉285,葛生東１丁目14-7,泉町,143-007,36.40281728,139.6115413
片倉230,葛生東１丁目16-14,泉町,143-008,36.40324559,139.6126251
片倉144,葛生東２丁目1-18,泉町,143-009,36.40423963,139.6111438
片倉116,葛生東２丁目1-29,泉町,143-010,36.40384414,139.6112271
片倉144,葛生東２丁目2-8,泉町,143-011,36.40473201,139.6111512
片倉027,葛生東２丁目8-3,泉町,143-012,36.40496869,139.6113045
片倉029,葛生東２丁目1-31,泉町,143-013,36.40382378,139.6107036
片倉114,葛生東２丁目1-17,泉町,143-014,36.40368854,139.6109628
片倉134,葛生東２丁目4-15,泉町,143-015,36.40510035,139.6106685
片倉016,葛生東１丁目16,泉町,143-016,36.40290143,139.6110414
片倉016,葛生東１丁目17,泉町,143-017,36.40315806,139.6112538
片倉018,葛生東１丁目17,泉町,143-018,36.40348166,139.6112835
片倉022,葛生東２丁目8-3,泉町,143-019,36.40501873,139.61204
片倉239,葛生東２丁目7-24,築地,147-003,36.40517095,139.6137495
片倉021,葛生東２丁目3-10,片倉,148-001,36.40467431,139.6118712
片倉040,葛生東２丁目3-12,片倉,148-002,36.40523085,139.6121708
片倉228,葛生東２丁目3-27,片倉,148-003,36.40400527,139.6125312
片倉227,葛生東２丁目3-30,片倉,148-004,36.40368637,139.6123684
片倉020,葛生東２丁目3-6,片倉,148-005,36.40432597,139.6117249
片倉235,葛生東２丁目4-11,片倉,148-006,36.40428351,139.6127411
片倉241,葛生東２丁目4-15,片倉,148-007,36.40474017,139.6129811
片倉226,葛生東２丁目4-6,片倉,148-008,36.40342394,139.6123302
片倉236,葛生東２丁目5-1,片倉,148-009,36.40497566,139.6136607
片倉231,葛生東２丁目6-19,片倉,148-011,36.4052201,139.6127422
片倉018,葛生東２丁目3,片倉,148-022,36.40356273,139.6114502
片倉019,葛生東２丁目3-4,片倉,148-023,36.4038852,139.6115502
片倉022,葛生東２丁目3-8,片倉,148-024,36.40501873,139.61204
片倉232,葛生東２丁目4-20,片倉,148-025,36.40509095,139.6131818
富士見065,富士見町10,富士見町,149-002,36.39592553,139.6112083
富士見143,富士見町11-14,富士見町,149-003,36.39550889,139.6115555
富士見066,富士見町7-11,富士見町,149-016,36.39596968,139.6106233
富士見064,富士見町7-4,富士見町,149-017,36.39610745,139.611673
富士見123,中町1322-5,中,150-056,36.39303872,139.6109785
南中272,中町209,中,150-057,36.38347429,139.6113927
南中208,中町214,中,150-058,36.38388394,139.6107774
中村258,中町224,中,150-059,36.38603118,139.612711
南中207,中町258,中,150-060,36.38419888,139.6104575
中村309,中町545,中,150-061,36.39094743,139.6125368
中村303,中町549,中,150-062,36.39070157,139.6128782
中村310,中町552,中,150-063,36.39128983,139.6127871
中村310,中町553,中,150-064,36.39120294,139.6128782
中村315,中町555,中,150-065,36.39154069,139.6135406
富士見167,中町604,中,150-066,36.39157701,139.6104761
富士見150,中町608,中,150-067,36.39212026,139.6105547
中村128,中町726,中,150-078,36.38800172,139.6116949
中村134,中町727,中,150-079,36.38820778,139.6112263
中村032A,中町734,中,150-080,36.38755512,139.6111957
中村031A,中町728,中,150-081,36.38780562,139.6112699
中村232,中町735,中,150-082,36.38742876,139.611195
中村034A,中町735,中,150-083,36.38698965,139.611675
中村234,中町735,中,150-084,36.38681157,139.6113372
中村250,中町740,中,150-085,36.38627531,139.6116772
南中209,中町749,中,150-086,36.38531982,139.610624
南中215,中町884,中,150-107,36.38613111,139.6105148
中村306,中町9000,中,150-109,36.39071797,139.6114184
中村308,中町9000,中,150-110,36.39129455,139.6122182
中村318,中町9000,中,150-111,36.3893218,139.6110671
中村314,中町9000,中,150-112,36.38904933,139.6114909
中村259,中町9000,中,150-113,36.38591427,139.6121174
中村025,中町9000,中,150-114,36.38998996,139.6109487
中村022,中町9000,中,150-115,36.39072739,139.6107661
中村235,中町9000,中,150-121,36.3863683,139.6113264
南中246,中町9000,中,150-125,36.38481071,139.6112148
南中015,中町9000,中,150-127,36.38501071,139.6104416
中村029A,中町9000,中,150-149,36.38863884,139.611026
中村243,中町450,中,150-164,36.38668808,139.6134735
中村036,中町742,中,150-165,36.38670138,139.6123286
南中220,中町748,中,150-171,36.38576699,139.6108949
中村230,中町450,中,150-175,36.3867189,139.6132762
須花013,下彦間町1792,下彦間下,135-004,36.40775748,139.4967799
須花015,下彦間町1850-1,下彦間下,135-005,36.40639298,139.4976135
塩田335A,下彦間町1053,下彦間上,136-001,36.42006862,139.4893682
塩田526,下彦間町1322,下彦間上,136-002,36.41588374,139.4881842
須花215,下彦間町1395,下彦間上,136-003,36.41374355,139.489975
須花209,下彦間町1450,下彦間上,136-004,36.41205294,139.4918827
須花031,下彦間町1584-1,下彦間上,136-005,36.40963392,139.4957338
須花032,下彦間町1589,下彦間上,136-006,36.41075577,139.4958784
須花204,下彦間町1597,下彦間上,136-007,36.41147394,139.4937988
塩田339A,下彦間町560,下彦間上,136-008,36.42152838,139.489117
塩田315A,下彦間町856,下彦間上,136-009,36.41420523,139.4926687
塩田550,下彦間町900,下彦間上,136-010,36.42009998,139.4883985
塩田326A,下彦間町966,下彦間上,136-013,36.41693648,139.4904958
塩田331A,下彦間町966-1,下彦間上,136-014,36.41845966,139.4893239
塩田235,下彦馬町1007,下彦間上,136-016,36.41665047,139.4925895
番場101,飛駒町10,飛駒1区,137-001,36.42975054,139.4850497
番場156,飛駒町1020,飛駒1区,137-002,36.44480425,139.4706393
番場168,飛駒町128,飛駒1区,137-007,36.42750604,139.4849807
番場111,飛駒町128,飛駒1区,137-008,36.42845181,139.4848238
番場109,飛駒町141,飛駒1区,137-009,36.42903013,139.4841424
番場103,飛駒町161,飛駒1区,137-010,36.42976721,139.4839996
番場105,飛駒町166,飛駒1区,137-011,36.43050244,139.4835962
番場167,飛駒町199,飛駒1区,137-012,36.43134458,139.4833521
番場765,飛駒町230,飛駒1区,137-013,36.43309853,139.4824974
番場772,飛駒町261,飛駒1区,137-014,36.43526948,139.4826556
番場011A,飛駒町273,飛駒1区,137-015,36.43302553,139.4841294
番場220,飛駒町44,飛駒1区,137-016,36.43265033,139.4856693
番場160,飛駒町443,飛駒1区,137-017,36.43816218,139.4801907
番場193,飛駒町487,飛駒1区,137-018,36.43888916,139.4820669
番場130,飛駒町492,飛駒1区,137-019,36.43974735,139.4817946
番場203,飛駒町63,飛駒1区,137-020,36.43422104,139.4852683
番場274,飛駒町644-2,飛駒1区,137-021,36.44163362,139.4843581
番場232,飛駒町647,飛駒1区,137-022,36.44109474,139.4837982
番場024A,飛駒町650,飛駒1区,137-023,36.44027903,139.483588
番場033,飛駒町700,飛駒1区,137-024,36.44364778,139.4803883
番場076,飛駒町9-3,飛駒1区,137-027,36.42966146,139.4855332
番場106,飛駒町95,飛駒1区,137-028,36.43090435,139.4834238
船越390,船越町2073,船越南,124-005,36.40770399,139.5721325
船越141,船越町2074,船越南,124-006,36.40753505,139.5722393
船越387,船越町2076-1,船越南,124-007,36.40762172,139.5711554
船越153,船越町2131-1,船越南,124-008,36.4061041,139.5712816
船越130,船越町2139-1,船越南,124-009,36.40638832,139.5717569
船越115,船越町2151-1,船越南,124-010,36.405817,139.5718338
船越118,船越町2302,船越南,124-012,36.40533955,139.5715243
船越471,船越町475-1,船越南,124-031,36.40803999,139.5778037
船越465,船越町497,船越南,124-032,36.40809588,139.5755864
船越467,船越町497,船越南,124-033,36.40844999,139.5765511
船越437,船越町534-1,船越南,124-034,36.41121941,139.5751013
船越483,船越町539-1,船越南,124-035,36.41099911,139.5760463
船越432,船越町677,船越南,124-038,36.41276173,139.5751845
船越433,船越町678,船越南,124-039,36.41341364,139.5751134
船越435,船越町703,船越南,124-040,36.41084142,139.5742697
船越601A,船越町760,船越南,124-041,36.41077111,139.5737223
船越414,船越町760,船越南,124-042,36.41179798,139.5740039
船越604A,船越町760,船越南,124-043,36.41110413,139.5735186
船越148,船越町9000,船越南,124-045,36.40876908,139.5727041
船越143,船越町9000,船越南,124-046,36.4080959,139.5726892
船越353,船越町1548,船越北,125-001,36.41889293,139.5652167
船越552,船越町1680,船越北,125-002,36.41502868,139.566258
船越342,船越町1721,船越北,125-003,36.41576969,139.5671812
船越671,船越町1750,船越北,125-004,36.42026952,139.5668714
船越533,船越町1792-2,船越北,125-005,36.41394096,139.5670269
船越418,船越町9000,船越北,125-006,36.41362862,139.5737582
船越426,船越町9000,船越北,125-007,36.41545923,139.5723358
長谷場283,御神楽町126,御神楽,126-001,36.42521029,139.5588317
長谷場033,御神楽町13,御神楽,126-002,36.42194786,139.5615242
長谷場232,御神楽町320,御神楽,126-003,36.43559049,139.5618587
長谷場234,御神楽町456-1,御神楽,126-004,36.43661757,139.5619812
長谷場227,御神楽町476,御神楽,126-005,36.43456864,139.5608291
長谷場225,御神楽町490,御神楽,126-006,36.43344484,139.5603439
船越692,御神楽町50,御神楽,126-007,36.42331717,139.5634017
長谷場220,御神楽町519-1,御神楽,126-008,36.43074651,139.5603151
長谷場269,御神楽町530,御神楽,126-009,36.42902355,139.5601879
長谷場216,御神楽町541-2,御神楽,126-010,36.42798842,139.5592643
長谷場246,御神楽町561-1,御神楽,126-011,36.42697208,139.5568457
長谷場209,御神楽町569,御神楽,126-012,36.42654602,139.5574518
長谷場285,御神楽町569,御神楽,126-013,36.42580858,139.5583357
長谷場445A,御神楽町587,御神楽,126-014,36.42746698,139.5541806
長谷場206,御神楽町617-11,御神楽,126-015,36.42525211,139.5564503
長谷場015,御神楽町641,御神楽,126-016,36.42497311,139.5555295
長谷場014,御神楽町641,御神楽,126-017,36.42464644,139.5556246
長谷場017,御神楽町651-2,御神楽,126-018,36.42517105,139.5542674
長谷場022,御神楽町730,御神楽,126-019,36.42670456,139.5510926
船越622,御神楽町82,御神楽,126-020,36.42365411,139.5641842
長谷場604,長谷場町1000,長谷場,127-001,36.44367742,139.5434834
長谷場608,長谷場町1039,長谷場,127-002,36.44207759,139.5432927
長谷場480A,長谷場町1102,長谷場,127-003,36.43368671,139.5404431
長谷場439,長谷場町1102,長谷場,127-004,36.43357951,139.5419364
長谷場313,長谷場町1190,長谷場,127-005,36.43180729,139.5445749
長谷場471A,長谷場町1192,長谷場,127-006,36.43260635,139.544949
長谷場461A,長谷場町1262,長谷場,127-007,36.43076798,139.5490098
長谷場448A,長谷場町1286,長谷場,127-008,36.4285394,139.5518432
長谷場315,長谷場町222-6,長谷場,127-009,36.43144949,139.544499
長谷場314,長谷場町223-3,長谷場,127-010,36.43145759,139.5436752
長谷場329,長谷場町278,長谷場,127-011,36.4294849,139.5395719
長谷場327,長谷場町376,長谷場,127-012,36.42965527,139.5410155
長谷場321,長谷場町381,長谷場,127-013,36.43084982,139.5423939
長谷場028,長谷場町53-1,長谷場,127-014,36.42865349,139.5484238
長谷場057A,長谷場町616,長谷場,127-015,36.43457358,139.5392852
長谷場065,長谷場町689,長谷場,127-016,36.44212698,139.5409304
長谷場062A,長谷場町693-1,長谷場,127-017,36.44182062,139.5408476
長谷場356,長谷場町83,長谷場,127-021,36.42591268,139.5502402
長谷場619,長谷場町839,長谷場,127-023,36.44560639,139.5424926
長谷場073,長谷場町9000,長谷場,127-024,36.44423351,139.5416775
長谷場069,長谷場町934,長谷場,127-025,36.44336274,139.5417262
山形085,梅園町248-1,梅園,132-007,36.40684951,139.5363848
山形088,梅園町262,梅園,132-009,36.4080146,139.5361784
山形358,梅園町265,梅園,132-010,36.40809855,139.5353271
山形096,梅園町298,梅園,132-011,36.41074323,139.5366071
山形098,梅園町298,梅園,132-012,36.41144754,139.536634
山形339,梅園町323-3,梅園,132-013,36.4102619,139.5347381
山形081,梅園町604,梅園,132-015,36.40527888,139.5366344
山形091,梅園町9000,梅園,132-016,36.40948643,139.5361347
宮内155,閑馬町1929,閑馬下,133-008,36.40688163,139.5183499
宮内211,閑馬町2265,閑馬下,133-012,36.40985632,139.520096
宮内240,閑馬町220,閑馬下,133-014,36.40610507,139.5211875
宮内227,閑馬町2211,閑馬下,133-015,36.41096455,139.5201835
宮内247,閑馬町2237-3,閑馬下,133-016,36.40930863,139.5210287
宮内015,閑馬町2238,閑馬下,133-017,36.40949335,139.5198111
宮内014,閑馬町2239,閑馬下,133-018,36.40928497,139.5201157
宮内013,閑馬町2265,閑馬下,133-019,36.40862286,139.5199608
宮内213,閑馬町370,閑馬下,133-020,36.4104879,139.5200563
宮内009,閑馬町2285,閑馬下,133-021,36.40675227,139.5200175
宮内240,閑馬町2332,閑馬下,133-023,36.40590733,139.5215635
宮内146,閑馬町911,閑馬下,133-029,36.41008878,139.5169938
宮内152,閑馬町716-1,閑馬下,133-053,36.40565011,139.5189838
宮内160,閑馬町772,閑馬下,133-076,36.40841228,139.5182663
宮内113,閑馬町795,閑馬下,133-077,36.40969101,139.5169092
宮内017,閑馬町875,閑馬下,133-079,36.41025765,139.5185215
宮内041,閑馬町877,閑馬下,133-080,36.4095114,139.5188587
宮内223,閑馬町9000,閑馬下,133-082,36.40907973,139.5209324
宮内173,閑馬町921,閑馬下,133-086,36.41118091,139.5176365
宮内126,閑馬町1001,閑馬上,134-001,36.41285315,139.5152775
宮内219,閑馬町1076,閑馬上,134-002,36.41418333,139.5200208
宮内027,閑馬町1083,閑馬上,134-003,36.41487629,139.5197071
宮内327,閑馬町1184,閑馬上,134-004,36.42000848,139.5193207
入閑馬111,閑馬町1305,閑馬上,134-005,36.42603494,139.5167757
入閑馬111,閑馬町1302,閑馬上,134-006,36.42595434,139.5167651
入閑馬151,閑馬町1331,閑馬上,134-007,36.42588319,139.5144795
入閑馬241,閑馬町1452,閑馬上,134-008,36.43257192,139.5140979
入閑馬064,閑馬町1452,閑馬上,134-009,36.43048766,139.5117756
宮内337A,閑馬町1456,閑馬上,134-010,36.41876774,139.5205641
入閑馬078,閑馬町1614,閑馬上,134-011,36.43586533,139.5060285
入閑馬251,閑馬町1721,閑馬上,134-012,36.43390321,139.5148606
宮内347A,閑馬町1925,閑馬上,134-013,36.42216295,139.519499
宮内345A,閑馬町1929-1,閑馬上,134-014,36.42128831,139.5200243
宮内304,閑馬町1934-1,閑馬上,134-015,36.41978519,139.520194
宮内341A,閑馬町1935,閑馬上,134-016,36.4197077,139.5206165
宮内322,閑馬町1938-7,閑馬上,134-017,36.41920658,139.520814
宮内023,閑馬町1953,閑馬上,134-018,36.41316563,139.5193334
宮内406,閑馬町1958,閑馬上,134-019,36.42042511,139.5230362
宮内424,閑馬町1971,閑馬上,134-020,36.42104085,139.5233514
宮内426,閑馬町1982,閑馬上,134-021,36.42149661,139.5238702
宮内410,閑馬町1982,閑馬上,134-022,36.42181246,139.5237861
宮内333Ａ,閑馬町2123-1,閑馬上,134-023,36.41706049,139.5204641
宮内047,閑馬町2120-1,閑馬上,134-024,36.42380605,139.5182054
宮内307,閑馬町1218,閑馬上,134-026,36.4206439,139.5188216
入閑馬035,閑馬町415-1,閑馬上,134-027,36.44543767,139.5014414
入閑馬070,閑馬町3297,閑馬上,134-030,36.43341567,139.5097136
入閑馬080,閑馬町3320,閑馬上,134-031,36.43691964,139.5059724
入閑馬089,閑馬町3369,閑馬上,134-032,36.44196053,139.504365
入閑馬093,閑馬町3406-1,閑馬上,134-033,36.44312563,139.5031413
入閑馬031,閑馬町3420-1,閑馬上,134-035,36.44444556,139.5026366
入閑馬085,閑馬町3370-1,閑馬上,134-036,36.44010929,139.5054885
入閑馬053,閑馬町9000,閑馬上,134-037,36.42695395,139.5158244
入閑馬065,閑馬町9000,閑馬上,134-038,36.43119204,139.5110894
入閑馬099,閑馬町1636-1,閑馬上,134-039,36.43541183,139.5076798
入閑馬072,閑馬町9000,閑馬上,134-040,36.43446971,139.5083584
入閑馬060,閑馬町9000,閑馬上,134-041,36.42915783,139.5127692
宮内029,閑馬町2109,閑馬上,134-042,36.41589031,139.519917
入閑馬083,閑馬町9000,閑馬上,134-043,36.43867916,139.5056096
宮内182,閑馬町980-4,閑馬上,134-044,36.41222824,139.5146413
宮内132,閑馬町985,閑馬上,134-045,36.41275515,139.5177097
宮内427,閑馬町2120-1,閑馬上,134-046,36.42236539,139.5249384
宮内030,閑馬町9000,閑馬上,134-047,36.41657387,139.5201059
宮内119,閑馬町846,閑馬上,134-048,36.41205109,139.5184275
閑馬257A,下彦間町115,下彦間下,135-001,36.40568834,139.5081186
閑馬223,下彦間町119,下彦間下,135-002,36.40632741,139.5077165
閑馬295,下彦間町289,下彦間下,135-016,36.40710063,139.5052252
閑馬259,下彦間町344,下彦間下,135-017,36.40742297,139.5032515
塩田137,下彦間町365,下彦間下,135-018,36.40684297,139.4993461
塩田135,下彦間町365,下彦間下,135-019,36.40710046,139.5002807
塩田073A,下彦間町417,下彦間下,135-021,36.41040147,139.4995956
塩田132,下彦間町443,下彦間下,135-022,36.40736602,139.5011081
塩田412,下彦間町508,下彦間下,135-023,36.41044346,139.5021814
塩田417,下彦間町527-1,下彦間下,135-024,36.41135475,139.502483
塩田424,下彦間町539,下彦間下,135-025,36.41330953,139.5024012
塩田420,下彦間町593,下彦間下,135-026,36.41250901,139.501843
塩田441,下彦間町606,下彦間下,135-027,36.41186911,139.5011267
塩田253,下彦間町629,下彦間下,135-028,36.41099587,139.5002805
塩田119,下彦間町560,下彦間上,136-015,36.41075171,139.4988892
木場505,あくと町4203,倭町,141-005,36.4058976,139.6059275
木場504,あくと町4203,倭町,141-006,36.40560737,139.6058679
木場114,葛生西２丁目4,泉町,143-003,36.40567827,139.6085648
木場243,葛生西２丁目4-15,泉町,143-005,36.40541975,139.6093599
木場327,葛生西２丁目5-30,泉町,143-006,36.4071539,139.6069429
木場269,葛生西２丁目2-12,万町(葛生),144-001,36.4071503,139.6093351
木場268,葛生西２丁目2-16,万町(葛生),144-002,36.40745888,139.6092336
木場271,葛生西２丁目2-6,万町(葛生),144-004,36.40639651,139.6094437
木場119,葛生西２丁目3-12,万町(葛生),144-005,36.40723809,139.6089534
木場240,葛生西２丁目3-30,万町(葛生),144-006,36.40668513,139.6092248
木場115,葛生西２丁目4-18,万町(葛生),144-007,36.40618545,139.6087289
木場511,葛生西２丁目5-17,万町(葛生),144-008,36.40685305,139.6077962
木場512,葛生西２丁目5-20,万町(葛生),144-009,36.40669258,139.6083888
木場334,葛生西２丁目5-28,万町(葛生),144-010,36.40699922,139.6074051
木場512,葛生西２丁目6,万町(葛生),144-011,36.4068098,139.6084711
木場314,葛生西２丁目6-9,万町(葛生),144-012,36.40772047,139.6085338
木場324,葛生西２丁目7-15,万町(葛生),144-013,36.40834238,139.6084148
木場325,葛生西２丁目7-24,万町(葛生),144-014,36.40865787,139.6080101
木場313,葛生西２丁目7-8,万町(葛生),144-015,36.40728973,139.6084724
木場326,葛生西２丁目8-4,万町(葛生),144-016,36.40895812,139.6075546
木場239,葛生西３丁目12-16,万町(葛生),144-017,36.40927892,139.608725
木場232,葛生西３丁目12-22,万町(葛生),144-018,36.40859739,139.60935
木場122,葛生西２丁目3-18,万町(葛生),144-044,36.40800296,139.60913
木場124,葛生西２丁目6-23,万町(葛生),144-045,36.40824493,139.6089275
木場125,葛生西２丁目6-20,万町(葛生),144-046,36.40845402,139.608687
木場126,葛生西３丁目12-5,万町(葛生),144-047,36.4087126,139.6084045
木場139,葛生西２丁目8-10,万町(葛生),144-048,36.40892115,139.6082137
木場223,葛生西２丁目2-19,万町(葛生),144-049,36.40772273,139.6095936
木場224,葛生西３丁目1-5,万町(葛生),144-050,36.40816073,139.6100221
木場224,葛生西３丁目2-4,万町(葛生),144-051,36.40834014,139.6098149
木場225,葛生西３丁目3-5,万町(葛生),144-052,36.4088362,139.6102007
木場227,葛生西３丁目2-15,万町(葛生),144-053,36.40908449,139.6096674
木場228,葛生西３丁目10-12,万町(葛生),144-054,36.40962944,139.6098874
木場229,葛生西３丁目11-14,万町(葛生),144-055,36.40940639,139.6093624
木場232,葛生西３丁目12-23,万町(葛生),144-056,36.4084474,139.6092422
木場233,葛生西３丁目12-19,万町(葛生),144-057,36.40878398,139.6091236
木場254,葛生西２丁目2-1,万町(葛生),144-059,36.40614236,139.6094438
木場514A,葛生西２丁目5-20,万町(葛生),144-061,36.40690341,139.608786
木場519A,葛生西３丁目1-6,万町(葛生),144-062,36.40782078,139.6096385
木場524A,葛生西３丁目12,万町(葛生),144-063,36.40931529,139.6080775
木場531A,葛生西３丁目1-1,万町(葛生),144-064,36.40763661,139.6098597
鉢の木053,葛生西２丁目7,万町(葛生),144-065,36.40775188,139.6072223
鉢の木231,葛生西３丁目9-15,松井町,145-001,36.41060878,139.6100495
木場129A,葛生西２丁目9000,松井町,145-002,36.40973357,139.607702
木場230,葛生西３丁目10,松井町,145-003,36.40996246,139.6091182
鉢の木279,葛生西３丁目1-2,松井町,145-004,36.41241663,139.6099568
鉢の木219,葛生西３丁目1-2,松井町,145-005,36.41259161,139.6098371
木場230,葛生西３丁目14-15,松井町,145-006,36.40977715,139.6090171
鉢の木270,葛生西３丁目15,松井町,145-007,36.4107446,139.6087024
鉢の木272,葛生西３丁目15-8,松井町,145-008,36.41068678,139.6079122
鉢の木222,葛生西３丁目16,松井町,145-009,36.41167835,139.6087719
木場238,葛生西３丁目17-34,松井町,145-010,36.40999549,139.6083749
鉢の木201,葛生西３丁目17-6,松井町,145-011,36.4112653,139.607242
鉢の木230,葛生西３丁目3,松井町,145-012,36.41109596,139.6101247
鉢の木233,葛生西３丁目3-9,松井町,145-013,36.41067929,139.6092472
鉢の木220,葛生西３丁目5-6,松井町,145-014,36.41234937,139.6101845
鉢の木228,葛生西３丁目8-20,松井町,145-015,36.41163725,139.6095383
鉢の木258,葛生西３丁目8-8,松井町,145-016,36.41104402,139.609287
木場237,葛生西３丁目9000,松井町,145-017,36.40968138,139.6084597
鉢の木223,葛生西３丁目9000,松井町,145-018,36.41169442,139.6082599
鉢の木279,葛生西３丁目9000,松井町,145-019,36.4120169,139.6102846
鉢の木227,葛生西３丁目9000,松井町,145-020,36.4110512,139.6082674
鉢の木235,葛生西３丁目9-9,松井町,145-021,36.41005192,139.6099672
鉢の木425,鉢木町10,松井町,145-022,36.41384746,139.606651
鉢の木214,鉢木町10-16,松井町,145-023,36.41428994,139.6070149
鉢の木213,鉢木町10-20,松井町,145-024,36.41379338,139.607412
鉢の木429,鉢木町13-22,松井町,145-025,36.41592141,139.6053599
鉢の木441,鉢木町14-22,松井町,145-026,36.41601165,139.6049
鉢の木441,鉢木町14-22,松井町,145-027,36.41615473,139.605165
鉢の木401,鉢木町14-38,松井町,145-028,36.41423687,139.6056473
鉢の木405,鉢木町15-12,松井町,145-029,36.4149979,139.6059825
鉢の木403,鉢木町15-4,松井町,145-030,36.41468938,139.6068732
鉢の木426,鉢木町15-5,松井町,145-031,36.41556588,139.6062693
鉢の木433,鉢木町15-5,松井町,145-032,36.41508125,139.6064921
鉢の木418,鉢木町16-20,松井町,145-033,36.41756366,139.6039384
鉢の木014,鉢木町17,松井町,145-034,36.4156956,139.6045362
鉢の木436,鉢木町17,松井町,145-035,36.41368141,139.606065
鉢の木432,鉢木町17-35,松井町,145-036,36.41658551,139.6045373
鉢の木216,,松井町,145-037,36.41222434,139.6090681
鉢の木342,鉢木町18-16,松井町,145-038,36.41616047,139.6035488
鉢の木343,鉢木町18-8,松井町,145-039,36.41593525,139.6030828
鉢の木205,鉢木町20,松井町,145-040,36.41234324,139.607406
鉢の木437,鉢木町2172,松井町,145-041,36.41711099,139.6043762
鉢の木204,鉢木町3-12,松井町,145-042,36.41212075,139.6070395
鉢の木237,鉢木町2-8,松井町,145-043,36.41240743,139.6080357
鉢の木262,鉢木町2-7,松井町,145-044,36.41209936,139.6076432
鉢の木203,鉢木町3-4,松井町,145-045,36.41168442,139.6072625
鉢の木207,鉢木町3588,松井町,145-046,36.41311015,139.6082292
鉢の木210,鉢木町3588,松井町,145-047,36.41347677,139.6092318
鉢の木102,鉢木町5-18,松井町,145-048,36.4115341,139.6061276
鉢の木160,鉢木町5-37,松井町,145-049,36.4135839,139.6051687
鉢の木107,鉢木町5-4,松井町,145-050,36.41175071,139.6055327
鉢の木267,鉢木町8,松井町,145-051,36.41298092,139.6076143
鉢の木267,鉢木町8-24,松井町,145-052,36.41328066,139.6073184
鉢の木723,鉢木町9000,松井町,145-053,36.41741286,139.6028013
鉢の木086,鉢木町9000,松井町,145-054,36.41514537,139.6033102
鉢の木202,鉢木町9000,松井町,145-055,36.41106946,139.6073398
鉢の木215,鉢木町9000,松井町,145-056,36.41256101,139.6087541
鉢の木019,鉢木町9000,松井町,145-057,36.41715457,139.6030899
鉢の木111,鉢木町9000,松井町,145-058,36.41328865,139.6048426
鉢の木417,鉢木町9000,松井町,145-059,36.41794861,139.6035734
鉢の木243,鉢木町9000,松井町,145-060,36.41033155,139.6086996
鉢の木406,鉢木町9000,松井町,145-061,36.41542399,139.6057294
鉢の木402,鉢木町9000,松井町,145-062,36.41438239,139.6063385
鉢の木401,鉢木町9000,松井町,145-063,36.41423212,139.6058511
鉢の木269,鉢木町9000,松井町,145-064,36.41419752,139.6086119
鉢の木208,鉢木町9000,松井町,145-065,36.41330262,139.6087371
鉢の木211,鉢木町9000,松井町,145-066,36.41381142,139.6089497
鉢の木212,鉢木町9000,松井町,145-067,36.41341476,139.607792
鉢の木206,鉢木町9000,松井町,145-068,36.41257822,139.6083248
鉢の木211,鉢木町9-3,松井町,145-069,36.4139025,139.6092643
鉢の木423,鉢木町15-2,松井町,145-070,36.41482714,139.607277
鉢の木274,鉢木町1-8,松井町,145-071,36.41301093,139.6089058
鉢の木017,鉢木町17-11,松井町,145-072,36.41656599,139.6034785
鉢の木002,鉢木町5,松井町,145-073,36.4115219,139.6067262
鉢の木263,鉢木町8-2,松井町,145-074,36.41289647,139.6071885
鉢の木305,鉢木町19-2,松井町,145-075,36.41554976,139.6023279
鉢の木414,鉢木町16,松井町,145-076,36.41661577,139.6048586
鉢の木043,鉢木町14,松井町,145-077,36.41567608,139.6041335
鉢の木703A,鉢木町5,松井町,145-078,36.41186246,139.6064273
鉢の木706A,鉢木町5,松井町,145-079,36.41299113,139.6057798
鉢の木265,鉢木町10,松井町,145-080,36.41163302,139.6079146
鉢の木424,鉢木町11,松井町,145-081,36.41411608,139.6063933
木場130Ａ,葛生西２丁目8,松井町,145-082,36.41005404,139.6074534
鉢の木012,鉢木町14,松井町,145-083,36.41495592,139.6047148
鉢の木224,鉢木町7-17,松井町,145-084,36.41226634,139.6084417
豊代446,仙波町443-1,正雲寺,155-001,36.42630661,139.5999983
鉢の木532,豊代町101-1,正雲寺,155-002,36.41819075,139.5995639
鉢の木534,豊代町103-2,正雲寺,155-003,36.41857188,139.5994189
鉢の木731,豊代町132-8,正雲寺,155-004,36.41982646,139.6011439
鉢の木364,豊代町136-4,正雲寺,155-005,36.41907317,139.6007651
鉢の木535,豊代町139-1,正雲寺,155-006,36.41857519,139.6000077
鉢の木733,豊代町150-8,正雲寺,155-007,36.42049721,139.6007912
鉢の木747,豊代町151-9,正雲寺,155-008,36.42055385,139.6002129
鉢の木735,豊代町165,正雲寺,155-009,36.42113215,139.6004698
鉢の木566,豊代町20-2,正雲寺,155-010,36.41704623,139.6012213
鉢の木737,豊代町205-3,正雲寺,155-011,36.42202152,139.5998276
鉢の木559,豊代町229-5,正雲寺,155-012,36.42142068,139.5981441
豊代128,豊代町243,正雲寺,155-013,36.42324855,139.5979755
豊代011,豊代町246,正雲寺,155-014,36.42300114,139.598884
豊代139,豊代町248,正雲寺,155-015,36.42246228,139.5987015
鉢の木561,豊代町248-2,正雲寺,155-016,36.41946342,139.599428
鉢の木518,豊代町248-2,正雲寺,155-017,36.41928006,139.5981665
豊代071,豊代町325-10,正雲寺,155-018,36.42210149,139.5975467
豊代444,豊代町450-3,正雲寺,155-019,36.42594357,139.5991587
豊代129,豊代町491,正雲寺,155-020,36.42355803,139.5978291
鉢の木421,豊代町50,正雲寺,155-021,36.41868661,139.6022885
豊代158,豊代町503-1,正雲寺,155-022,36.42349769,139.5954894
豊代125,豊代町504,正雲寺,155-023,36.42354962,139.5962231
豊代164,豊代町506,正雲寺,155-024,36.42385097,139.5960718
豊代147,豊代町506-2,正雲寺,155-025,36.42366878,139.5965478
豊代149,豊代町507-3,正雲寺,155-026,36.42436625,139.5964931
豊代357,豊代町545,正雲寺,155-027,36.42556919,139.5957389
豊代325,豊代町545-3,正雲寺,155-028,36.42544473,139.5961506
豊代301,豊代町557-2,正雲寺,155-029,36.42565691,139.5970729
鉢の木428,豊代町59,正雲寺,155-030,36.41919932,139.6021449
豊代156,豊代町661,正雲寺,155-031,36.42304466,139.5957307
豊代126,豊代町662-1,正雲寺,155-032,36.42254865,139.5970264
豊代123,豊代町662-1,正雲寺,155-033,36.42288692,139.5964931
鉢の木555,豊代町665-1,正雲寺,155-034,36.42016142,139.5990913
鉢の木560,豊代町665-1,正雲寺,155-035,36.42105212,139.5985355
鉢の木556,豊代町665-1,正雲寺,155-036,36.42036748,139.5988827
鉢の木524,豊代町692-3,正雲寺,155-037,36.42092742,139.5969068
鉢の木023A,豊代町7,正雲寺,155-038,36.41801278,139.6023599
鉢の木428,豊代町84,正雲寺,155-039,36.41928988,139.602461
鉢の木727,豊代町88,正雲寺,155-040,36.41863077,139.60189
鉢の木539,豊代町95,正雲寺,155-041,36.41793469,139.600388
鉢の木562,豊代町95,正雲寺,155-042,36.41857185,139.600279
鉢の木539,豊代町95,正雲寺,155-043,36.41812523,139.6002574
鉢の木563,豊代町95,正雲寺,155-044,36.41823075,139.6005713
鉢の木541,豊代町95,正雲寺,155-045,36.41779609,139.6008604
鉢の木542,豊代町95,正雲寺,155-046,36.41757502,139.6009554
鉢の木541,豊代町95,正雲寺,155-047,36.41796746,139.6007413
鉢の木542,豊代町95,正雲寺,155-048,36.41764694,139.6005854
豊代016,豊代町465,正雲寺,155-049,36.42505227,139.5981736
豊代012,豊代町489,正雲寺,155-052,36.42344993,139.5987262
豊代014,豊代町271,正雲寺,155-053,36.42424321,139.5984501
豊代018,豊代町455,正雲寺,155-054,36.42571503,139.5978875
豊代020,豊代町568,正雲寺,155-055,36.42653599,139.5975239
鉢の木567,豊代町47,正雲寺,155-056,36.41737951,139.6016351
鉢の木730,豊代町70,正雲寺,155-057,36.4193985,139.6013988
鉢の木323,豊代町1050-3,田名網,156-001,36.41385789,139.5984346
豊代208,豊代町1111,田名網,156-002,36.41819871,139.594162
豊代207,豊代町1112,田名網,156-003,36.41773684,139.5944438
豊代211,豊代町1114,田名網,156-004,36.41853479,139.5935363
豊代212,豊代町1116,田名網,156-005,36.41909087,139.5934899
豊代231,豊代町116-1,田名網,156-006,36.41957744,139.5928547
豊代220,豊代町1318,田名網,156-007,36.41984297,139.5906388
豊代218,豊代町1577,田名網,156-008,36.41979266,139.5916961
豊代543,豊代町1588-5,田名網,156-009,36.4215728,139.5923935
豊代537,豊代町886-1,田名網,156-010,36.42184451,139.5937308
豊代101,豊代町913-8,田名網,156-011,36.42042717,139.5945719
豊代257,豊代町918,田名網,156-012,36.42015549,139.5946883
豊代541,豊代町910-3,田名網,156-013,36.42181726,139.5932647
豊代201,豊代町930,田名網,156-014,36.41971279,139.5947319
豊代250,豊代町945,田名網,156-015,36.41899889,139.5938271
豊代210,豊代町945,田名網,156-016,36.41898313,139.5941012
豊代251,豊代町946,田名網,156-017,36.41877839,139.5937987
鉢の木359,豊代町1056,田名網,156-018,36.41459665,139.5972422
鉢の木361,豊代町1067-5,田名網,156-019,36.4142517,139.596541
豊代203,豊代町955,田名網,156-021,36.41897672,139.5948161
鉢の木325,豊代町1050,田名網,156-022,36.41464111,139.5978035
豊代539,豊代町886,田名網,156-023,36.42130285,139.5939072
豊代257,豊代町918,田名網,156-024,36.41999713,139.5947733
牧010,豊代町12-2,小屋,157-001,36.43713878,139.5894308
牧157,豊代町1818,小屋,157-003,36.42997392,139.5893582
牧163,豊代町1901,小屋,157-004,36.43157792,139.5891111
牧134,豊代町1947-1,小屋,157-005,36.43209251,139.5872533
牧128,豊代町1976,小屋,157-006,36.43267749,139.585804
牧127,豊代町2015-1,小屋,157-007,36.43308436,139.5864323
牧123,豊代町2035-2,小屋,157-008,36.43372486,139.5853315
牧123,豊代町2036-1,小屋,157-009,36.43353323,139.5857152
牧121,豊代町2038-1,小屋,157-010,36.43419842,139.5857876
牧047,豊代町2200-1,小屋,157-011,36.43477258,139.5903355
牧008,豊代町2221,小屋,157-012,36.43615826,139.5898042
牧511,豊代町2318,小屋,157-013,36.43528141,139.5874195
牧540,豊代町2326,小屋,157-014,36.43557634,139.5859139
牧195,牧町1901,小屋,157-015,36.43201844,139.5887523
牧050,牧町315,小屋,157-017,36.4380581,139.5885658
牧1890,豊代町1940,小屋,157-018,36.43265333,139.5881123
牧020,豊代町2190,小屋,157-019,36.43400269,139.5916031
牧040,豊代町2167,小屋,157-020,36.43427854,139.5906133
牧149,豊代町2046,小屋,157-021,36.43399373,139.584826
牧141,豊代町1814,小屋,157-022,36.43074465,139.5887299
牧015,牧町299-4,小屋,157-023,36.43889273,139.587243
牧025,牧町178-2,下牧,158-003,36.44211427,139.5837271
牧023,牧町186-5,下牧,158-004,36.44139854,139.5841388
牧207,牧町188,下牧,158-005,36.44189732,139.5846248
牧218,牧町205,下牧,158-006,36.44254643,139.5855035
牧021,牧町232,下牧,158-007,36.44093189,139.5848362
牧251,牧町239,下牧,158-008,36.44103192,139.5854833
牧204,牧町265,下牧,158-009,36.44101827,139.5863785
牧018,牧町286,下牧,158-012,36.43997091,139.5860244
牧060,牧町286-1,下牧,158-013,36.43937597,139.5867096
牧754,牧町365,下牧,158-014,36.43702179,139.5846189
牧751,牧町366-7,下牧,158-015,36.43778053,139.5842186
牧709,牧町465,下牧,158-016,36.43850053,139.5839098
牧706,牧町471,下牧,158-017,36.43934792,139.5840986
牧725,牧町550,下牧,158-018,36.44003834,139.5808201
牧362,牧町608,下牧,158-019,36.44166432,139.5830598
牧703,牧町622,下牧,158-020,36.44017673,139.5838008
牧720,牧町636,下牧,158-021,36.44008674,139.5818899
牧718,牧町641,下牧,158-022,36.44083106,139.5823516
牧364,牧町702,下牧,158-023,36.44196319,139.5825101
牧052A,牧町710,下牧,158-024,36.44291724,139.5831874
牧056A,牧町736,下牧,158-025,36.44347132,139.5827972
牧380,牧町758,下牧,158-026,36.44234641,139.5817427
牧386,牧町758,下牧,158-027,36.44301002,139.5811077
牧336,牧町781,下牧,158-028,36.44247396,139.5799612
牧352,牧町882,下牧,158-030,36.4450764,139.5789325
牧332,牧町894,下牧,158-031,36.44390879,139.5792151
牧349,牧町899-2,下牧,158-032,36.44413819,139.5801191
牧346,牧町9000,下牧,158-033,36.44416405,139.5822499
牧326,牧町941,下牧,158-035,36.44563135,139.5795061
牧388,牧町974-1,下牧,158-037,36.44270888,139.5802826
牧743A,牧町1888,下牧,158-041,36.44123717,139.584246
豊代818A,仙波町10,岩崎(葛生),160-001,36.42883801,139.5965378
豊代423,仙波町105,岩崎(葛生),160-002,36.43302983,139.5961198
豊代412,仙波町115,岩崎(葛生),160-003,36.43251368,139.5946287
豊代424,仙波町119,岩崎(葛生),160-004,36.43355082,139.5957446
豊代837,仙波町140,岩崎(葛生),160-005,36.43287448,139.5930256
豊代043,仙波町141,岩崎(葛生),160-006,36.43275592,139.5926905
豊代380,仙波町148,岩崎(葛生),160-007,36.43225123,139.5926051
豊代039,仙波町151,岩崎(葛生),160-008,36.43199762,139.5941315
豊代343,仙波町156-3,岩崎(葛生),160-009,36.43126384,139.5937864
豊代034,仙波町163,岩崎(葛生),160-010,36.43100053,139.5950664
豊代337,仙波町164-2,岩崎(葛生),160-011,36.43100883,139.5943002
豊代032,仙波町174,岩崎(葛生),160-012,36.4302773,139.5953953
豊代030,仙波町181,岩崎(葛生),160-013,36.42979539,139.5957076
豊代349,仙波町281,岩崎(葛生),160-014,36.43123968,139.5929275
豊代342,仙波町305,岩崎(葛生),160-015,36.43297415,139.5916341
豊代430,仙波町327,岩崎(葛生),160-016,36.43386106,139.5934129
豊代839A,仙波町328-2,岩崎(葛生),160-017,36.43339865,139.592978
豊代425,仙波町329,岩崎(葛生),160-018,36.43325666,139.59327
豊代424,仙波町331-1,岩崎(葛生),160-019,36.43387607,139.5956009
豊代461,仙波町362,岩崎(葛生),160-020,36.43482793,139.5951262
豊代409,仙波町41,岩崎(葛生),160-021,36.43016481,139.59652
豊代467,仙波町463,岩崎(葛生),160-022,36.43551235,139.5960336
豊代459,仙波町477,岩崎(葛生),160-023,36.43506263,139.59423
仙波201,仙波町480-4,岩崎(葛生),160-024,36.43543174,139.5941636
仙波005,仙波町493,岩崎(葛生),160-025,36.43543345,139.5934464
仙波201,仙波町499-1,岩崎(葛生),160-026,36.43576592,139.594251
仙波423,仙波町508-1,岩崎(葛生),160-027,36.43623309,139.5944574
仙波416,仙波町509-16,岩崎(葛生),160-028,36.43768294,139.5949961
仙波418,仙波町509-30,岩崎(葛生),160-029,36.43708439,139.5947159
仙波422,仙波町509-47,岩崎(葛生),160-030,36.43648194,139.5947309
仙波010A,仙波町511,岩崎(葛生),160-031,36.43707075,139.5942046
仙波009,仙波町514-2,岩崎(葛生),160-032,36.43669219,139.5936897
豊代449,仙波町63-6,岩崎(葛生),160-033,36.43181629,139.5959861
豊代405,仙波町9,岩崎(葛生),160-034,36.42886306,139.5969414
仙波002,仙波町327,岩崎(葛生),160-035,36.43449431,139.5931163
仙波007,仙波町506,岩崎(葛生),160-036,36.43608589,139.593545
豊代826A,仙波町50-2,岩崎(葛生),160-037,36.4305242,139.5953739
豊代830A,仙波町70,岩崎(葛生),160-038,36.4315644,139.594769
豊代8360,仙波町137,岩崎(葛生),160-039,36.43261254,139.5933214
仙波008,仙波町504-5,岩崎（葛生）,160-040,36.43636745,139.5935947
仙波374,仙波町514-2,岩崎（葛生）,160-041,36.43712404,139.5938121
仙波420,仙波町509-39,岩崎（葛生）,160-042,36.43678081,139.5946037
仙波353,仙波町1684-1,中仙波,161-001,36.44456492,139.5928832
仙波353,仙波町1684-1,中仙波,161-002,36.4442711,139.5932799
仙波353,仙波町1684-1,中仙波,161-003,36.44400892,139.5935935
仙波352,仙波町1697-2,中仙波,161-004,36.44523286,139.5926275
仙波203,仙波町543-2,中仙波,161-014,36.43910106,139.5945461
仙波019,仙波町693,中仙波,161-015,36.44013045,139.5945332
仙波308,仙波町707,中仙波,161-016,36.44010956,139.5939126
仙波307,仙波町731,中仙波,161-017,36.4405179,139.5945749
仙波256,仙波町744,中仙波,161-018,36.44335569,139.5977563
仙波251,仙波町744,中仙波,161-019,36.44261018,139.5964396
仙波348,仙波町744-2,中仙波,161-020,36.44160081,139.5940649
仙波357,仙波町766-1,中仙波,161-021,36.44297154,139.5940695
仙波260,仙波町776-1,中仙波,161-022,36.44207414,139.5957721
仙波254,仙波町780,中仙波,161-023,36.44330844,139.596972
仙波252,仙波町780,中仙波,161-024,36.44286073,139.5966221
仙波022,仙波町9000,中仙波,161-025,36.44107585,139.5950185
仙波221,仙波町930,中仙波,161-026,36.4446319,139.5964981
仙波033,仙波町684,中仙波,161-028,36.44460546,139.5938184
仙波293,仙波町880-1,中仙波,161-034,36.44462384,139.5990839
片倉125,葛生東２丁目10-14,万町(葛生),144-019,36.40662267,139.6107147
片倉125,葛生東２丁目10-15,万町(葛生),144-020,36.40683733,139.6110424
片倉122,葛生東２丁目11-11,万町(葛生),144-021,36.40681092,139.6121098
片倉133,葛生東２丁目11-13,万町(葛生),144-022,36.40661739,139.6119957
片倉167A,葛生東３丁目1-16,万町(葛生),144-023,36.407184,139.6113582
片倉145,葛生東３丁目4-15,万町(葛生),144-024,36.40763471,139.611642
片倉127,葛生東３丁目4-19,万町(葛生),144-025,36.40812966,139.6113384
片倉274A,葛生東３丁目5-4,万町(葛生),144-026,36.40894621,139.6114881
大叶109,葛生東３丁目7-1,万町(葛生),144-027,36.40887823,139.6125472
大叶109,葛生東３丁目8-15,万町(葛生),144-028,36.40869407,139.612288
大叶115,葛生東３丁目9-1,万町(葛生),144-029,36.40967781,139.6119044
大叶107,葛生東３丁目9-24,万町(葛生),144-030,36.40940115,139.6127469
大叶110,葛生東３丁目9-26,万町(葛生),144-031,36.40945062,139.612593
片倉124,葛生東２丁目11-6,万町(葛生),144-035,36.40704755,139.6114046
片倉125,葛生東２丁目10-12,万町(葛生),144-036,36.40713645,139.6109899
片倉127,葛生東３丁目1-8,万町(葛生),144-037,36.40777466,139.6110549
片倉131,葛生東３丁目3-27,万町(葛生),144-038,36.40726171,139.6123873
片倉146A,葛生東３丁目4-14,万町(葛生),144-039,36.40783195,139.611767
片倉166A,葛生東３丁目1-17,万町(葛生),144-040,36.40727976,139.6109446
片倉270A,葛生東３丁目6-4,万町(葛生),144-041,36.40861793,139.6123933
片倉035,葛生東３丁目3-5,万町(葛生),144-042,36.40804303,139.6121534
片倉038,葛生東３丁目5-20,万町(葛生),144-043,36.40837741,139.6112406
木場236,葛生西３丁目3-16,万町(葛生),144-058,36.4092923,139.6106681
木場261,葛生西３丁目2-15,万町(葛生),144-060,36.40869208,139.6105345
片倉169A,葛生東３丁目2-22,万町(葛生),144-066,36.40705095,139.6118306
大叶149,葛生東３丁目8-20,万町(葛生),144-067,36.40898985,139.6117416
片倉169Ａ,,万町(葛生),144-068,36.40694926,139.6121535
片倉123,葛生東２丁目11-10,万町(葛生),144-069,36.40690927,139.6118784
大叶101,葛生東３丁目10-24,宮本町,146-001,36.40900874,139.6138714
片倉249,葛生東３丁目6-10,宮本町,146-002,36.40834158,139.6132093
大叶138,葛生東３丁目9000,宮本町,146-003,36.40860991,139.612978
大叶311,宮下町12-3,宮本町,146-004,36.41734361,139.6152133
大叶322,宮下町12-3,宮本町,146-005,36.41755913,139.6156235
大叶123,宮下町1420,宮本町,146-006,36.4120545,139.6151711
大叶043,宮下町3-30,宮本町,146-007,36.41069995,139.6157417
大叶131,宮下町3-39,宮本町,146-008,36.41032802,139.6145677
大叶126,宮下町4,宮本町,146-009,36.41255829,139.6151139
大叶014,宮下町4,宮本町,146-010,36.41336271,139.6160285
大叶122,宮下町4-3,宮本町,146-011,36.41160846,139.6150678
大叶124,宮下町4-4,宮本町,146-012,36.41215254,139.6149639
大叶204,宮下町6-10,宮本町,146-013,36.41183678,139.6163213
大叶205,宮下町6-15,宮本町,146-014,36.41269275,139.6165948
大叶304,宮下町8-16,宮本町,146-015,36.4162132,139.615675
大叶305,宮下町9000,宮本町,146-016,36.41630655,139.6147265
大叶307,宮下町9000,宮本町,146-017,36.41663705,139.6154724
大叶011,宮下町9000,宮本町,146-018,36.41202702,139.6158666
大叶001,葛生東３丁目7,宮本町,146-019,36.40802247,139.6138579
大叶010,宮下町3,宮本町,146-020,36.41156849,139.6158863
大叶012,宮下町5,宮本町,146-021,36.41241673,139.6158741
大叶134,宮下町2,宮本町,146-022,36.41064296,139.6137539
大叶002,宮下町1,宮本町,146-023,36.40831386,139.6141604
大叶309,宮下町11,宮本町,146-024,36.41699343,139.6151861
大叶006,宮下町3,宮本町,146-025,36.41014859,139.6150141
大叶009,宮下町3,宮本町,146-026,36.41119188,139.6159478
大叶122,宮下町4,宮本町,146-027,36.41175537,139.6153203
大叶141,宮下町4,宮本町,146-028,36.41104597,139.6142276
片倉031,築地町2-16,宮本町,146-029,36.40774725,139.6138219
片倉404,葛生東２丁目7-17,築地,147-001,36.40603002,139.6142345
片倉237,葛生東２丁目7-19,築地,147-002,36.40547587,139.6140584
片倉467,築地町10-11,築地,147-004,36.40841338,139.6188864
片倉426,築地町11-1,築地,147-005,36.40765259,139.6193186
片倉028,築地町1-6,築地,147-006,36.4069993,139.6133869
片倉030,築地町1-7,築地,147-007,36.40685048,139.6142555
片倉030,築地町2-8,築地,147-008,36.4074506,139.6136519
片倉408,築地町4-9,築地,147-009,36.40670573,139.6153368
片倉406,築地町5-11,築地,147-010,36.40618081,139.6150247
片倉615,築地町9-9,築地,147-011,36.40797565,139.6183967
片倉403,葛生東３丁目2-8,築地,147-015,36.40661742,139.6138669
片倉410,築地町5-9,築地,147-016,36.40627243,139.6154508
片倉411,築地町5-9,築地,147-017,36.40648268,139.6158389
片倉422,築地町10-10,築地,147-018,36.40808308,139.6183412
片倉430,築地町10-13,築地,147-019,36.40878475,139.6194174
片倉431,築地町12-1,築地,147-020,36.40905662,139.6198487
片倉434,築地町12-7,築地,147-021,36.40925302,139.620365
片倉436,築地町12-7,築地,147-022,36.40934711,139.6207684
片倉459,葛生東２丁目7,築地,147-023,36.40609195,139.6139473
片倉601,築地町3-2,築地,147-025,36.40605948,139.6149643
片倉612,築地町7-10,築地,147-026,36.40742428,139.6175563
片倉613,築地町9,築地,147-027,36.40767064,139.6178793
片倉023,葛生東２丁目6-1,片倉,148-010,36.4054328,139.612305
片倉024,葛生東２丁目7-1,片倉,148-012,36.4058094,139.6125735
片倉238,葛生東２丁目7-29,片倉,148-013,36.40556338,139.6129782
片倉025,葛生東２丁目7-4,片倉,148-014,36.40611745,139.6127682
片倉121,葛生東２丁目8-21,片倉,148-015,36.40664484,139.6125584
片倉148,葛生東３丁目2-11,片倉,148-016,36.40703812,139.6129833
片倉033,葛生東３丁目3-10,片倉,148-017,36.40773252,139.6129691
片倉032,葛生東３丁目3-13,片倉,148-018,36.40760835,139.6132283
片倉028,葛生東３丁目3-19,片倉,148-019,36.40702565,139.6132598
片倉149,葛生東３丁目2-10,片倉,148-020,36.40712986,139.6127348
片倉171A,葛生東３丁目2-17,片倉,148-021,36.40664881,139.612807
片倉170A,葛生東３丁目2-20,片倉,148-026,36.40679458,139.612486
会沢209,会沢町100,会沢第一,151-001,36.41243771,139.6272426
会沢283,会沢町121,会沢第一,151-002,36.41288795,139.62796
会沢213,会沢町135,会沢第一,151-003,36.41240555,139.6290377
会沢202,会沢町18,会沢第一,151-005,36.41083727,139.625692
会沢220,会沢町182,会沢第一,151-006,36.41340877,139.6301637
会沢295,会沢町27,会沢第一,151-007,36.41127145,139.6253071
会沢222,会沢町288,会沢第一,151-008,36.41414277,139.6284277
会沢275,会沢町292-5,会沢第一,151-009,36.41469136,139.6277951
会沢222,会沢町293,会沢第一,151-010,36.41458718,139.6282704
会沢037,会沢町293-9,会沢第一,151-011,36.41427028,139.6272127
会沢037,会沢町294-10,会沢第一,151-012,36.41441083,139.6273453
会沢031,会沢町294-4,会沢第一,151-013,36.41401998,139.6268925
会沢015,会沢町294-9,会沢第一,151-014,36.41487323,139.6271164
会沢291,会沢町299-2,会沢第一,151-015,36.4141845,139.628959
会沢218,会沢町303-5,会沢第一,151-016,36.41351873,139.629108
会沢279,会沢町308-1,会沢第一,151-017,36.41355956,139.6277438
会沢035,会沢町316,会沢第一,151-018,36.41333755,139.6265281
会沢523,会沢町403,会沢第一,151-019,36.41711885,139.6269287
会沢048,会沢町426,会沢第一,151-020,36.41881724,139.6271713
会沢047,会沢町430,会沢第一,151-021,36.4183845,139.6271964
会沢046,会沢町433,会沢第一,151-022,36.41778625,139.6272525
会沢043,会沢町445,会沢第一,151-023,36.4169089,139.6272187
会沢224,会沢町451,会沢第一,151-024,36.41638754,139.6280137
会沢225,会沢町465,会沢第一,151-025,36.41794623,139.6280949
会沢045,会沢町465-3,会沢第一,151-026,36.41774542,139.6275152
会沢050,会沢町495,会沢第一,151-027,36.41969468,139.6270549
会沢205,会沢町94,会沢第一,151-028,36.41173471,139.6267677
会沢297,会沢町30,会沢第二,152-001,36.41207387,139.6256834
会沢482,会沢町491,会沢第二,152-002,36.41962631,139.6282787
会沢454,会沢町704,会沢第二,152-003,36.42485021,139.6275045
会沢408,会沢町501,会沢第二,152-004,36.42032207,139.627692
会沢404,会沢町503-3,会沢第二,152-005,36.42055377,139.6280001
会沢053,会沢町543-5,会沢第二,152-006,36.42072312,139.6270085
会沢054,会沢町554-1,会沢第二,152-007,36.42140499,139.6268901
会沢055,会沢町561,会沢第二,152-008,36.42183772,139.6267034
会沢402,会沢町569,会沢第二,152-009,36.42168366,139.6278349
会沢414,会沢町598,会沢第二,152-010,36.42259436,139.6290292
会沢460,会沢町609,会沢第二,152-011,36.42300575,139.6301706
会沢423,会沢町650-2,会沢第二,152-012,36.42325655,139.6307932
会沢465,会沢町653,会沢第二,152-013,36.4236823,139.6298383
会沢464,会沢町653,会沢第二,152-014,36.4239456,139.6295433
会沢463,会沢町653,会沢第二,152-015,36.42363903,139.6301518
会沢464,会沢町653,会沢第二,152-016,36.42393731,139.6300782
会沢462,会沢町653,会沢第二,152-017,36.4235199,139.6299997
会沢465,会沢町653,会沢第二,152-018,36.42382425,139.6297841
会沢487,会沢町662-3,会沢第二,152-019,36.42367903,139.6286081
会沢061,会沢町665-1,会沢第二,152-020,36.42349065,139.6273946
会沢020,会沢町689,会沢第二,152-021,36.42246689,139.6266008
会沢056,会沢町689,会沢第二,152-022,36.4224866,139.6268474
会沢022,会沢町699,会沢第二,152-023,36.42302402,139.6263244
会沢060,会沢町703,会沢第二,152-024,36.42403888,139.6276556
会沢440,会沢町704,会沢第二,152-025,36.42459166,139.6278847
会沢441,会沢町704,会沢第二,152-026,36.42509718,139.627938
会沢052,会沢町498,会沢第二,152-027,36.42039601,139.626986
会沢602,会沢町709-3,会沢第二,152-028,36.42427839,139.6289372
会沢469,会沢町710-4,会沢第二,152-029,36.42451226,139.6292497
会沢603,会沢町717,会沢第二,152-030,36.42467996,139.6288705
会沢445,会沢町758,会沢第二,152-031,36.42696971,139.6286654
会沢448,会沢町771-3,会沢第二,152-032,36.42752304,139.6285353
会沢443,会沢町835,会沢第二,152-033,36.42632893,139.628258
会沢449,会沢町772-1,会沢第二,152-034,36.42815933,139.6285381
会沢470,会沢町898,会沢第二,152-035,36.42564903,139.6279455
会沢024,会沢町907,会沢第二,152-037,36.4236406,139.6261324
会沢025,会沢町908,会沢第二,152-038,36.4239917,139.6259611
会沢064,会沢町944,会沢第二,152-039,36.42475411,139.6252022
会沢063,会沢町948-2,会沢第二,152-040,36.42443553,139.625785
会沢614,会沢町961-1,会沢第二,152-041,36.42518096,139.624487
会沢068,会沢町990,会沢第二,152-042,36.42597782,139.6235986
会沢323,会沢町903-2,会沢第二,152-043,36.42421555,139.626571
会沢073,会沢町1029,会沢第三,153-001,36.42742851,139.6215672
会沢346,会沢町1067,会沢第三,153-002,36.42584143,139.6220449
会沢072,会沢町1094,会沢第三,153-003,36.42711769,139.6217848
会沢325,会沢町1091,会沢第三,153-004,36.42756008,139.6209524
会沢072,会沢町1074,会沢第三,153-005,36.42679826,139.6217748
会沢030,会沢町1100,会沢第三,153-006,36.42678109,139.6221001
会沢328,会沢町1139-1,会沢第三,153-007,36.42795252,139.6196078
会沢327,会沢町1191,会沢第三,153-008,36.42799675,139.6201013
会沢071,会沢町1192,会沢第三,153-009,36.42878251,139.6201751
会沢298,会沢町120,会沢第三,153-010,36.41255851,139.625858
会沢329,会沢町1212,会沢第三,153-012,36.42949351,139.6185635
会沢080,会沢町1217,会沢第三,153-013,36.42939272,139.6193476
会沢084A,会沢町1236,会沢第三,153-014,36.43026644,139.6181189
会沢093,会沢町1246,会沢第三,153-015,36.43282063,139.6152048
会沢086,会沢町1247,会沢第三,153-016,36.43070194,139.6172786
会沢085,会沢町1249,会沢第三,153-017,36.43046647,139.6177902
会沢332,会沢町1252-3,会沢第三,153-018,36.43125746,139.6165714
会沢335,会沢町1314-1,会沢第三,153-019,36.43200511,139.6153176
会沢088,会沢町1317,会沢第三,153-020,36.43151467,139.6167686
会沢352,会沢町1357,会沢第三,153-021,36.43274976,139.6149437
会沢097,会沢町1516,会沢第三,153-022,36.43403326,139.6145087
会沢095,会沢町1516,会沢第三,153-023,36.43338723,139.6151453
会沢096,会沢町1516,会沢第三,153-024,36.43362278,139.6148753
会沢097,会沢町1365-2,会沢第三,153-025,36.4338544,139.6144314
会沢092,会沢町1651-2,会沢第三,153-026,36.4324765,139.615335
会沢090,会沢町1654,会沢第三,153-027,36.43218207,139.6161361
会沢456,会沢町1654-1,会沢第三,153-028,36.43262733,139.6159075
会沢089,会沢町1662,会沢第三,153-029,36.43187713,139.6164553
会沢087,会沢町1669,会沢第三,153-030,36.43117797,139.6170236
会沢086,会沢町1670-1,会沢第三,153-031,36.4309397,139.6172328
会沢076,会沢町900,会沢第三,153-032,36.42849359,139.6205934
会沢618,会沢町9000,会沢第三,153-033,36.42627443,139.6231897
会沢070,会沢町985-1,会沢第三,153-034,36.42671472,139.6228475
会沢351,会沢町1651-2,会沢第三,153-035,36.43252731,139.6151253
会沢334,会沢町1307,会沢第三,153-038,36.43102946,139.6161873
会沢341,会沢１２６１,会沢第三,153-039,36.4303548,139.6168453
会沢099,会沢町1３６６,会沢第三,153-040,36.43452463,139.6134315
作原521,作原町648,上作原,130-024,36.48149305,139.4958798
作原519,作原町651,上作原,130-025,36.48200887,139.4964972
作原517,作原町654,上作原,130-026,36.48280378,139.49711
作原510,作原町658,上作原,130-027,36.48161978,139.4981219
作原057,作原町778,上作原,130-034,36.48413748,139.4983398
作原060,作原町818,上作原,130-035,36.48521679,139.4974982
作原062,作原町922,上作原,130-037,36.48608232,139.4968806
番場329,飛駒町1065-1,飛駒1区,137-003,36.44893273,139.4723435
番場098,飛駒町1090,飛駒1区,137-004,36.44937966,139.4726426
番場052,飛駒町1133,飛駒1区,137-005,36.45022035,139.4707117
番場799,飛駒町1145,飛駒1区,137-006,36.44856418,139.4709068
番場693,飛駒町778-3,飛駒1区,137-025,36.45264186,139.4727435
番場087,飛駒町831,飛駒1区,137-026,36.44778873,139.4767395
番場092,飛駒町957,飛駒1区,137-029,36.4485389,139.4747739
番場146,飛駒町978,飛駒1区,137-030,36.44700214,139.4739226
番場197,飛駒町991,飛駒1区,137-031,36.44650547,139.4723118
番場390,飛駒町1237,飛駒2区,138-001,36.44934182,139.4671722
番場312,飛駒町1279-2,飛駒2区,138-002,36.44963592,139.4664745
番場319,飛駒町1294-3,飛駒2区,138-003,36.44874266,139.4654682
番場333,飛駒町1325-2,飛駒2区,138-004,36.44986752,139.4644474
番場337,飛駒町1325-2,飛駒2区,138-005,36.44868872,139.4634124
番場387,飛駒町1330,飛駒2区,138-006,36.45056447,139.4652398
番場385,飛駒町1336,飛駒2区,138-007,36.45112575,139.4650022
番場315,飛駒町1352,飛駒2区,138-008,36.45056499,139.4662005
番場362,飛駒町1367,飛駒2区,138-009,36.45059665,139.4679431
番場120,飛駒町1380-11,飛駒2区,138-010,36.45158355,139.4689851
番場249,飛駒町1402,飛駒2区,138-011,36.45147197,139.4712938
番場375,飛駒町1447-3,飛駒2区,138-012,36.45238791,139.4668328
番場061,飛駒町1452,飛駒2区,138-013,36.45262819,139.4680102
番場340,飛駒町1465,飛駒2区,138-014,36.45334499,139.4664065
番場377,飛駒町1471,飛駒2区,138-015,36.45380964,139.4659567
番場080,飛駒町1475-2,飛駒2区,138-016,36.454253,139.4670802
中山010,飛駒町2360,飛駒2区,138-017,36.46027506,139.4638079
番場325,飛駒町1483-2,飛駒2区,138-018,36.4537683,139.4652046
番場066,飛駒町1497,飛駒2区,138-019,36.45522736,139.4667065
番場354,飛駒町1523,飛駒2区,138-020,36.45657134,139.4641153
番場495,飛駒町1559,飛駒2区,138-021,36.45635808,139.4677686
番場403,飛駒町1618,飛駒2区,138-022,36.45596475,139.4682588
番場444,飛駒町1737,飛駒2区,138-023,36.45624786,139.4723886
番場439,飛駒町1802,飛駒2区,138-024,36.45721051,139.4718919
番場466,飛駒町1826,飛駒2区,138-025,36.45687279,139.473016
番場802,飛駒町1826,飛駒2区,138-026,36.45767945,139.4738083
番場667,飛駒町1910-1,飛駒2区,138-027,36.46309804,139.4745588
番場655,飛駒町1945,飛駒2区,138-028,36.45970672,139.4727308
番場658,飛駒町1945,飛駒2区,138-029,36.4602844,139.4732608
番場427,飛駒町1948,飛駒2区,138-030,36.45867349,139.472302
番場610,飛駒町1957,飛駒2区,138-031,36.45986912,139.4711821
番場621,飛駒町1966,飛駒2区,138-032,36.46052271,139.4701736
番場601,飛駒町2014,飛駒2区,138-033,36.45794597,139.4702098
番場606,飛駒町2017,飛駒2区,138-034,36.45854148,139.4715357
番場409A,飛駒町2086,飛駒2区,138-035,36.45754517,139.4688748
番場460A,飛駒町2098,飛駒2区,138-036,36.45704191,139.4675801
番場615,飛駒町2123,飛駒2区,138-037,36.45948272,139.4691571
番場759,飛駒町3908-8,飛駒2区,138-040,36.45266839,139.4646405
番場709,飛駒町3937,飛駒2区,138-041,36.45361082,139.463677
番場745,飛駒町3970,飛駒2区,138-042,36.45434871,139.4610784
番場713,飛駒町3970,飛駒2区,138-043,36.45383373,139.4616833
番場804,飛駒町4898,飛駒2区,138-044,36.45834771,139.4737428
番場618,飛駒町5148,飛駒2区,138-045,36.46015739,139.4687987
番場625,飛駒町9000,飛駒2区,138-046,36.45649312,139.4700213
番場327,飛駒町9000,飛駒2区,138-047,36.45423627,139.4652765
番場069,飛駒町9000,飛駒2区,138-048,36.45647555,139.4663401
番場351,飛駒町3754,飛駒2区,138-050,36.4566791,139.4649813
中山269,飛駒町2339-5,飛駒3区,139-001,36.46163966,139.4645725
中山267,飛駒町2348,飛駒3区,139-002,36.46085091,139.4647242
中山243,飛駒町2374-2,飛駒3区,139-003,36.46316388,139.4643774
中山215,飛駒町2377-1,飛駒3区,139-004,36.46333031,139.4656225
中山246,飛駒町2412,飛駒3区,139-005,36.4629753,139.4631126
中山049,飛駒町2417-6,飛駒3区,139-006,36.4619421,139.4628479
黒沢237,飛駒町2482-3,飛駒3区,139-007,36.46557919,139.4646863
黒沢240,飛駒町2500,飛駒3区,139-008,36.46501841,139.4652613
黒沢205,飛駒町2571-1,飛駒3区,139-009,36.46763063,139.4639038
黒沢233,飛駒町2577,飛駒3区,139-010,36.46831525,139.464732
黒沢043A,飛駒町2623,飛駒3区,139-011,36.47692728,139.4665105
黒沢047,飛駒町2641,飛駒3区,139-012,36.47891867,139.4675375
黒沢415,飛駒町2667,飛駒3区,139-013,36.48275993,139.4676459
黒沢050,飛駒町2733,飛駒3区,139-014,36.48012858,139.4673561
黒沢052,飛駒町2733,飛駒3区,139-015,36.48137427,139.4676452
黒沢041,飛駒町2766-3,飛駒3区,139-016,36.47591044,139.4657031
黒沢085A,飛駒町2788,飛駒3区,139-017,36.47460422,139.4658043
黒沢079A,飛駒町2798,飛駒3区,139-018,36.47386097,139.463851
黒沢353,飛駒町2816,飛駒3区,139-019,36.46990556,139.4627988
黒沢018,飛駒町2827-5,飛駒3区,139-020,36.46477011,139.4628991
黒沢503,飛駒町2828-2,飛駒3区,139-021,36.46472179,139.4618242
黒沢500,飛駒町2828-2,飛駒3区,139-022,36.46470847,139.4622063
黒沢611,飛駒町2961-1,飛駒3区,139-023,36.46658906,139.4614402
黒沢521,飛駒町2974-4,飛駒3区,139-024,36.46625927,139.4600466
黒沢268,飛駒町2983,飛駒3区,139-025,36.47085522,139.4640555
黒沢587,飛駒町2983,飛駒3区,139-026,36.46698308,139.4601667
黒沢539,飛駒町3043-1,飛駒3区,139-027,36.46811065,139.4569003
黒沢553,飛駒町3173,飛駒3区,139-028,36.46991769,139.4548896
黒沢569,飛駒町3185-1,飛駒3区,139-029,36.47195809,139.4508393
黒沢559,飛駒町3222,飛駒3区,139-030,36.47071503,139.4531894
中山023,飛駒町3352,飛駒3区,139-031,36.46153397,139.4578443
中山054,飛駒町3414,飛駒3区,139-032,36.4632159,139.4542026
中山067,飛駒町3503,飛駒3区,139-033,36.46149295,139.4617855
中山148,飛駒町3597,飛駒3区,139-034,36.45905977,139.4563289
中山129,飛駒町3646,飛駒3区,139-035,36.45865293,139.4588708
中山190,飛駒町3685,飛駒3区,139-036,36.45671433,139.4623897
中山104,飛駒町3690,飛駒3区,139-037,36.45814418,139.4636717
中山111,飛駒町3721,飛駒3区,139-038,36.45877525,139.4630095
中山106,飛駒町3729,飛駒3区,139-039,36.45799416,139.4629295
黒沢045,飛駒町9000,飛駒3区,139-040,36.4778535,139.4669829
黒沢357,飛駒町9000,飛駒3区,139-041,36.47008635,139.4619886
黒沢244,飛駒町2508-1,飛駒３区,139-042,36.46506732,139.4664823
中山204,飛駒町2229,飛駒3区,139-043,36.45859861,139.4657214
黒沢599,飛駒町3066,飛駒3区,139-044,36.4656752,139.4590766
中山122,飛駒町3690,飛駒3区,139-045,36.45740698,139.4611567
黒沢073Ａ,飛駒町2810,飛駒3区,139-046,36.47189614,139.4626231
長谷場080,長谷場町739-4,長谷場,127-018,36.44636128,139.537249
長谷場049,長谷場町755-3,長谷場,127-019,36.44693031,139.5356119
長谷場089A,長谷場町784,長谷場,127-020,36.44856128,139.5338703
長谷場628,長谷場町833,長谷場,127-022,36.4470087,139.5392749
長谷場701A,長谷場町486,白岩,128-001,36.46072718,139.5211343
長谷場397,長谷場町9000,白岩,128-002,36.45360073,139.5294507
長谷場108A,白岩町109,白岩,128-003,36.45597348,139.5276963
作原245,白岩町1511,白岩,128-004,36.46273771,139.5179546
長谷場112,白岩町283,白岩,128-005,36.45823488,139.5266349
長谷場162,白岩町49,白岩,128-006,36.45136846,139.530888
長谷場122,白岩町519,白岩,128-007,36.45988557,139.5209194
長谷場124,,白岩,128-008,36.46039581,139.520248
作原001,白岩町567,白岩,128-009,36.46196117,139.5190753
作原264A,白岩町612,白岩,128-010,36.46234361,139.5192595
作原005,白岩町623,白岩,128-011,36.46236805,139.5174896
長谷場074A,白岩町63-10,白岩,128-012,36.45243613,139.5308694
作原135A,白岩町710,白岩,128-013,36.4632146,139.515557
作原216,白岩町760,白岩,128-014,36.46294297,139.5170543
作原206,白岩町786,白岩,128-015,36.46350015,139.5182553
長谷場366,白岩町85-1,白岩,128-016,36.4544306,139.5286012
作原206,白岩町852-2,白岩,128-017,36.46286882,139.5192819
作原210,白岩町9000,白岩,128-018,36.4631746,139.5162743
作原016,作原町208,下作原,129-001,36.46762296,139.5118498
作原232,作原町261,下作原,129-002,36.47064703,139.5102572
作原148,作原町336,下作原,129-003,36.47087977,139.5090748
作原011,作原町34-3,下作原,129-004,36.46596254,139.5138805
作原026,作原町349,下作原,129-005,36.47179159,139.5083223
作原029,作原町364,下作原,129-006,36.47293839,139.5076459
作原039,作原町384,下作原,129-007,36.47594938,139.5067266
作原316,作原町390,下作原,129-008,36.4731967,139.5059371
作原122,作原町57,下作原,129-009,36.46715136,139.5121282
作原308,作原町70,下作原,129-010,36.46620005,139.5127157
作原143A,作原町74,下作原,129-011,36.46562679,139.5140359
作原141A,作原町75,下作原,129-012,36.46472774,139.5145208
作原164,作原町481,上作原,130-022,36.47795776,139.5050344
作原044,作原町506,上作原,130-023,36.47955226,139.5025583
作原505,作原町671-1,上作原,130-028,36.48145367,139.4994373
作原253,作原町707,上作原,130-029,36.4836995,139.4997655
作原223,作原町719,上作原,130-030,36.48396696,139.4993998
作原054,作原町730-2,上作原,130-031,36.48324597,139.4989846
作原524,作原町731,上作原,130-032,36.48268464,139.4990368
作原056,作原町778,上作原,130-033,36.483795,139.4985943
入閑馬306,閑馬町3414,閑馬上,134-034,36.44718669,139.5022052
牧374,牧町1282,下牧,158-001,36.44782608,139.578365
牧301A,牧町1304,下牧,158-002,36.44890764,139.5790676
牧211,牧町85,下牧,158-029,36.44845907,139.5800736
牧034,牧町925,下牧,158-034,36.44620799,139.5813863
牧036,牧町968,下牧,158-036,36.4470328,139.5805263
牧376,牧町990,下牧,158-038,36.44717173,139.5781353
牧039,牧町996,下牧,158-039,36.44828325,139.5797447
牧341,牧町999-1,下牧,158-040,36.44797082,139.5791226
牧086,牧町112,下牧,158-042,36.44625763,139.581506
牧094,牧町1304,下牧,158-043,36.44838903,139.5798163
上牧051A,牧町1329,上牧,159-001,36.45083101,139.576836
上牧171A,牧町1338,上牧,159-002,36.45148175,139.5763499
上牧113,牧町1536,上牧,159-003,36.45349092,139.5699033
上牧127,牧町1668,上牧,159-004,36.45522097,139.5683594
上牧215,牧町1775,上牧,159-005,36.45799284,139.5663656
上牧025A,牧町1785-1,上牧,159-006,36.45739147,139.5666631
上牧239,牧町1792-1,上牧,159-007,36.45759896,139.5674833
上牧193A,牧町1808,上牧,159-008,36.45611162,139.5684121
上牧213,牧町1823-1,上牧,159-009,36.45638328,139.5691967
上牧191A,牧町1826-2,上牧,159-010,36.4556909,139.569179
上牧210,牧町1844,上牧,159-011,36.4558156,139.5703045
上牧225,牧町1848-3,上牧,159-012,36.45508434,139.5712993
上牧208,牧町1872,上牧,159-013,36.45433025,139.5728576
上牧228,牧町1886,上牧,159-014,36.45360262,139.5733315
上牧180A,牧町1888,上牧,159-015,36.45313181,139.5730416
上牧206,牧町1922,上牧,159-016,36.45286022,139.5752625
上牧174A,牧町1933,上牧,159-017,36.45207807,139.575205
上牧204,牧町1935,上牧,159-018,36.45244937,139.5759449
牧044,牧町1973-1,上牧,159-019,36.45007964,139.5776365
上牧069,牧町1580,上牧,159-020,36.4540794,139.5713616
上牧060,牧町1400,上牧,159-021,36.45226049,139.5737501
牧042,牧町1987,上牧,159-022,36.44947587,139.5784265
仙波037,仙波町1714,中仙波,161-005,36.44611726,139.5932981
仙波283,仙波町1789-1,中仙波,161-006,36.45373271,139.5917493
仙波050,仙波町1814,中仙波,161-007,36.45055592,139.5922133
仙波329,仙波町1841,中仙波,161-008,36.4512458,139.5902433
仙波322,仙波町1880,中仙波,161-009,36.44861919,139.5922007
仙波314,仙波町1882,中仙波,161-010,36.44744182,139.5924421
仙波316,仙波町1944,中仙波,161-011,36.44633387,139.5922444
仙波318,仙波町1944,中仙波,161-012,36.44593779,139.5921625
仙波235,仙波町2156,中仙波,161-013,36.45464427,139.5915904
仙波239,仙波町1190,中仙波,161-027,36.45604518,139.5916815
仙波043,仙波町1880,中仙波,161-029,36.44780954,139.5927095
仙波049,仙波町1814,中仙波,161-030,36.45023398,139.592388
仙波053,仙波町1820,中仙波,161-031,36.45154768,139.5917369
仙波057,仙波町1825,中仙波,161-032,36.45301778,139.5910545
仙波060,仙波町2126,中仙波,161-033,36.45374909,139.5904945
大釜095,仙波町2982,上仙波,162-001,36.46727089,139.570602
大釜126,仙波町2982,上仙波,162-002,36.4678236,139.5695313
大釜039,仙波町2985,上仙波,162-003,36.46610051,139.5716612
大釜031,仙波町2991,上仙波,162-004,36.46429047,139.574946
大釜037,仙波町2996-1,上仙波,162-007,36.46535476,139.5725458
大釜029,仙波町3036,上仙波,162-008,36.46393961,139.5758642
大釜027,仙波町3037,上仙波,162-009,36.46362807,139.5767094
大釜201,仙波町3038,上仙波,162-010,36.46435407,139.5767305
大釜094,仙波町3083,上仙波,162-011,36.46242406,139.5794341
大釜017,仙波町3133-1,上仙波,162-012,36.46088172,139.5812502
大釜104,仙波町3143,上仙波,162-013,36.45980382,139.5813338
大釜015,仙波町3196,上仙波,162-014,36.45903559,139.5818877
大釜009,仙波町3287,上仙波,162-015,36.45745048,139.5846889
大釜103,仙波町3287,上仙波,162-016,36.45784293,139.5829002
大釜010,仙波町3287,上仙波,162-017,36.45781577,139.5837451
大釜005,仙波町3379,上仙波,162-018,36.45635675,139.5863112
大釜003,仙波町3388,上仙波,162-019,36.45624009,139.5872112
仙波065,仙波町3441,上仙波,162-020,36.45474251,139.5888461
大釜001,仙波町3447,上仙波,162-021,36.45563164,139.5879461
大釜019,仙波町3118,上仙波,162-022,36.46156836,139.5808965
大釜090,仙波町2648,大釜,163-001,36.48509357,139.5559227
大釜085,仙波町2743,大釜,163-002,36.48375149,139.5571117
大釜106,仙波町2785,大釜,163-003,36.4783295,139.5609961
大釜072,仙波町2785,大釜,163-004,36.478257,139.5612588
大釜075,仙波町2791,大釜,163-005,36.47977757,139.5603802
大釜076,仙波町2792,大釜,163-006,36.48020418,139.5602077
大釜069,仙波町2842,大釜,163-007,36.47718374,139.5619849
大釜061,仙波町2845,大釜,163-008,36.47433805,139.5650989
大釜058,仙波町2845,大釜,163-009,36.47329153,139.5661075
大釜123,仙波町2845,大釜,163-010,36.47630389,139.5640323
大釜093,仙波町2976,大釜,163-011,36.46944175,139.5682086
大釜052,仙波町2982,大釜,163-012,36.47167724,139.5681012
大釜050,仙波町2982,大釜,163-013,36.47059408,139.568407
柿平182,柿平町1000,柿平,164-001,36.47072475,139.5527063
柿平311,柿平町1077,柿平,164-002,36.47223706,139.5480008
柿平064,柿平町1116,柿平,164-003,36.4724179,139.5525429
柿平306,柿平町1128,柿平,164-004,36.47205343,139.5507103
柿平313,柿平町1159,柿平,164-005,36.47260703,139.5472884
柿平102,柿平町132,柿平,164-006,36.45805689,139.5615602
柿平006,柿平町151,柿平,164-007,36.45882596,139.5613374
柿平262,柿平町186-1,柿平,164-008,36.45961922,139.5616435
柿平203,柿平町186-5,柿平,164-009,36.45910683,139.5615526
柿平013,柿平町225,柿平,164-010,36.46213342,139.559151
柿平148,柿平町240-2,柿平,164-011,36.45993866,139.5604776
柿平077,柿平町247,柿平,164-012,36.46044521,139.5608926
柿平011,柿平町270,柿平,164-014,36.46143235,139.5601812
柿平206,柿平町441,柿平,164-015,36.46563467,139.559575
柿平276,柿平町443,柿平,164-016,36.46505526,139.5597733
柿平249,柿平町443,柿平,164-017,36.4642204,139.5616548
柿平238,柿平町459-13,柿平,164-018,36.46330463,139.5597184
柿平241,柿平町459-14,柿平,164-019,36.46354325,139.560057
柿平284,柿平町459-8,柿平,164-020,36.46401201,139.5590859
柿平019,柿平町473-1,柿平,164-021,36.46498944,139.557726
柿平465A,柿平町475,柿平,164-022,36.46273637,139.5585713
柿平018,柿平町513-1,柿平,164-023,36.46377066,139.5584188
柿平161,柿平町554,柿平,164-024,36.46489964,139.5554149
柿平021,柿平町579,柿平,164-025,36.46603347,139.5569547
柿平119,柿平町588,柿平,164-026,36.46629337,139.55578
柿平024A,柿平町678,柿平,164-027,36.46678778,139.5556214
柿平406A,柿平町737,柿平,164-028,36.46894331,139.5537704
柿平209,柿平町768-1,柿平,164-029,36.47043758,139.55373
柿平402A,柿平町798,柿平,164-030,36.46775987,139.5544199
柿平177,柿平町823,柿平,164-031,36.46802344,139.5536305
柿平202,柿平町95-2,柿平,164-032,36.45933627,139.5628536
柿平185,柿平町992-5,柿平,164-033,36.47038123,139.5528776
柿平301,柿平町998,柿平,164-034,36.47162886,139.5528151
柿平028,柿平町513,柿平,164-035,36.46453803,139.5580502
柿平035,柿平町586-1,柿平,164-036,36.46630035,139.5567302
柿平412A,柿平町880,柿平,164-037,36.47071031,139.5536189
柿平304,柿平町1138,柿平,164-038,36.47193881,139.5517066
柿平309,柿平町1119,柿平,164-039,36.47194232,139.5490819
柿平114,柿平町263,柿平,164-040,36.46050777,139.5600288
柿平046A,水木町139,水木,165-007,36.47620905,139.5497813
柿平216,水木町143,水木,165-008,36.47686126,139.5500737
柿平218,水木町150-1,水木,165-009,36.47721538,139.5503114
柿平047A,水木町188-2,水木,165-010,36.47695709,139.5491738
柿平047A,水木町224,水木,165-011,36.47696537,139.5489827
柿平098A,水木町281-1,水木,165-012,36.47885373,139.5479902
柿平055,水木町461,水木,165-013,36.48108183,139.547099
柿平053,水木町461-1,水木,165-014,36.48036583,139.5475302
柿平058,水木町491-2,水木,165-015,36.4818909,139.5466205
柿平214,水木町51,水木,165-016,36.47581136,139.5511225
柿平221,水木町554,水木,165-017,36.48331655,139.5463416
柿平271,水木町570,水木,165-018,36.48329011,139.5458055
柿平226,水木町640,水木,165-019,36.48534101,139.545629
柿平223,水木町645,水木,165-020,36.48422615,139.5453227
柿平163A,水木町653,水木,165-021,36.48530768,139.5436215
柿平275,水木町777-1,水木,165-022,36.48619089,139.5447688
柿平191A,水木町807,水木,165-023,36.48577009,139.5432804
柿平225,水木町815-2,水木,165-024,36.48504937,139.5455155
柿平240,水木町815-2,水木,165-025,36.48633336,139.5442055
柿平040A,水木町29-3,水木,165-030,36.47427404,139.551364
柿平043A,水木町72,水木,165-031,36.47548418,139.5506548
柿平050A,水木町250,水木,165-032,36.47778616,139.5483864
柿平171A,水木町650,水木,165-036,36.48452858,139.5436715
柿平175A,水木町601,水木,165-037,36.48377817,139.5448853
柿平269,水木町130,水木,165-038,36.47640792,139.5498426
柿平282,水木町777-2,水木,165-039,36.48613619,139.5445514
柿平059,水木町515,水木,165-040,36.48228721,139.5461849
作原358,作原町1090,上作原,130-002,36.49746905,139.4898425
作原364,作原町1117,上作原,130-003,36.4996896,139.4894893
作原378,作原町1144,上作原,130-004,36.50194504,139.4874586
作原355,作原町1186,上作原,130-005,36.49652274,139.4908449
作原352,作原町1187-3,上作原,130-006,36.4950977,139.4913796
作原349,作原町1222,上作原,130-007,36.49480105,139.4925595
作原340,作原町1246,上作原,130-008,36.49343742,139.4954894
作原337,作原町1246,上作原,130-009,36.49318886,139.4969904
作原335,作原町1247,上作原,130-010,36.49283503,139.498174
作原096,作原町1457,上作原,130-015,36.50034293,139.4961568
作原092,作原町1458,上作原,130-016,36.49917335,139.496848
作原108,作原町1477,上作原,130-017,36.50245038,139.4942128
作原100,作原町1477,上作原,130-018,36.50160112,139.494713
作原345,作原町719,上作原,130-019,36.49363065,139.4933332
作原167,作原町1577,上作原,130-020,36.51027745,139.4945128
作原175,作原町1618,上作原,130-021,36.51190326,139.4933611
作原227,作原町900,上作原,130-036,36.48795699,139.4983829
作原066,作原町939,上作原,130-038,36.4882012,139.4973797
作原114,作原町1551,上作原,130-042,36.50748305,139.4937176
作原184,作原町1378,上作原,130-012,36.49728503,139.5004014
作原084,作原町1378,上作原,130-013,36.4953878,139.5018828
作原090,作原町1447,上作原,130-014,36.49782247,139.4986729
作原071,作原町995-1,上作原,130-039,36.49005596,139.4988545
作原081,作原町1355,上作原,130-040,36.49430817,139.5018725
作原181,作原町1373,上作原,130-041,36.49651794,139.5014211
柿平258,水木町1042,水木,165-001,36.48907491,139.5411532
柿平250,水木町1090-1,水木,165-002,36.48961485,139.540969
柿平330,水木町1133,水木,165-003,36.48951126,139.5394142
秋山001,水木町1148,水木,165-004,36.49046536,139.5399441
柿平344,水木町1153,水木,165-005,36.4895313,139.5382982
秋山005,水木町1286,水木,165-006,36.49162684,139.5392658
柿平242,水木町847,水木,165-026,36.4865061,139.5430814
柿平267,水木町873,水木,165-027,36.48686415,139.5433678
柿平336,水木町900-3,水木,165-028,36.48658273,139.5419444
柿平346,水木町945,水木,165-029,36.48771677,139.5410944
柿平072A,水木町936,水木,165-033,36.48799591,139.5416591
柿平073A,水木町1035,水木,165-034,36.48852895,139.5406444
柿平076A,水木町1065,水木,165-035,36.48931239,139.5403081
柿平068,水木町892,水木,165-041,36.48671802,139.5427232
柿平096Ａ,水木町1139,水木,165-042,36.48953877,139.5403044
秋山325,秋山町1023,下秋山,166-001,36.49799461,139.5201836
秋山321,秋山町1037,下秋山,166-002,36.49784125,139.5213992
秋山156A,秋山町1088,下秋山,166-003,36.49765351,139.5243418
秋山031A,秋山町1130,下秋山,166-004,36.49749165,139.5257002
秋山029A,秋山町1185,下秋山,166-005,36.49742107,139.5265741
秋山154A,秋山町1193,下秋山,166-006,36.49755302,139.5277687
秋山151A,秋山町1229,下秋山,166-007,36.49702645,139.5292249
秋山020A,秋山町1242,下秋山,166-008,36.49708313,139.5313514
秋山052,秋山町1285,下秋山,166-009,36.49631739,139.5323324
秋山204,秋山町1291,下秋山,166-010,36.49648203,139.5330785
秋山013,秋山町1361,下秋山,166-011,36.49456898,139.5344523
秋山301,秋山町1371,下秋山,166-012,36.49361939,139.5350859
秋山382,秋山町1398,下秋山,166-013,36.49314195,139.5335539
秋山315,秋山町1385,下秋山,166-014,36.493665,139.534073
秋山355,秋山町1559,下秋山,166-015,36.49321196,139.5345912
秋山225,秋山町1635,下秋山,166-016,36.49294117,139.5384069
秋山171A,秋山町765,下秋山,166-017,36.50552864,139.5224555
秋山375,秋山町801,下秋山,166-018,36.5039492,139.5222445
秋山169A,秋山町809,下秋山,166-019,36.5048177,139.5224728
秋山206,秋山町816,下秋山,166-020,36.50429968,139.5226539
秋山219,秋山町834,下秋山,166-021,36.50507014,139.523583
秋山047A,秋山町853,下秋山,166-022,36.50339037,139.5220145
秋山043A,秋山町887,下秋山,166-023,36.50239632,139.5217104
秋山015,秋山町9000,下秋山,166-024,36.49520034,139.5333522
秋山131,秋山町9000,下秋山,166-025,36.49411514,139.5354008
秋山139,秋山町9000,下秋山,166-026,36.4933816,139.5369855
秋山309,秋山町9000,下秋山,166-027,36.49235365,139.5325249
秋山161A,秋山町93,下秋山,166-028,36.5006393,139.5220394
秋山040A,秋山町945,下秋山,166-029,36.49920998,139.5222331
秋山326,秋山町972,下秋山,166-030,36.49776964,139.5226947
秋山039A,秋山町973,下秋山,166-031,36.49865872,139.5222117
秋山091,秋山町229,上秋山,167-004,36.52626108,139.519701
秋山083,秋山町305,上秋山,167-005,36.52200714,139.519839
秋山081,秋山町352,上秋山,167-007,36.52106973,139.5198288
秋山070,秋山町504,上秋山,167-008,36.51553319,139.5196089
秋山520,秋山町545,上秋山,167-009,36.51464835,139.5190277
秋山239,秋山町568,上秋山,167-010,36.51245114,139.5197866
秋山522A,秋山町609,上秋山,167-013,36.5119262,139.5191513
秋山524A,秋山町613,上秋山,167-014,36.5113346,139.5199278
秋山509,秋山町613,上秋山,167-015,36.51159036,139.5191345
秋山507,秋山町625,上秋山,167-016,36.51100681,139.5195153
秋山194,秋山町703-2,上秋山,167-017,36.50839498,139.5219815
秋山501,秋山町717,上秋山,167-018,36.50916622,139.5208616
秋山181A,秋山町717,上秋山,167-019,36.50849076,139.5211091
秋山190,秋山町728,上秋山,167-020,36.50758588,139.5229292
秋山176A,秋山町9000,上秋山,167-022,36.50706992,139.5217527
秋山505,秋山町9000,上秋山,167-024,36.51034802,139.519898
秋山174A,秋山町732,上秋山,167-025,36.50638606,139.5221691
秋山184A,秋山町628,上秋山,167-026,36.50959569,139.5208355
秋山514A,秋山町580,上秋山,167-029,36.5133565,139.5185114
秋山527,秋山町628,上秋山,167-030,36.51029554,139.5204716
秋山079,秋山町366,上秋山,167-031,36.51964106,139.5195791
秋山086,秋山町305,上秋山,167-032,36.5233997,139.5198947
秋山115,秋山町137,上秋山,167-001,36.53177528,139.5137788
秋山102,秋山町150,上秋山,167-002,36.53138295,139.5210493
秋山098,秋山町174,上秋山,167-003,36.5289874,139.5206181
秋山110,秋山町305-1,上秋山,167-006,36.53142089,139.5167097
秋山125,秋山町60,上秋山,167-011,36.5361255,139.5151689
秋山363,秋山町60,上秋山,167-012,36.5367207,139.5142014
秋山257,秋山町79,上秋山,167-021,36.53546229,139.5147687
秋山147,秋山町9000,上秋山,167-023,36.53033948,139.5213207
秋山2540,秋山町100,上秋山,167-027,36.53459678,139.513639
秋山2590,秋山町60,上秋山,167-028,36.53573804,139.5154349
秋山096,秋山町710,上秋山,167-033,36.52825164,139.5199712
秋山365,秋山町37,上秋山,167-034,36.53735539,139.514215
秋山106,秋山町305-1,上秋山,167-035,36.53132451,139.5180896
高山251,高山町923-3,高山町,500-094,36.27890236,139.6004617
高山245,高山町1587-1,高山町,500-095,36.27803159,139.6026264
花岡445,並木町890-3,並木町（大門）,500-061,36.32255317,139.5561955
越名120,馬門町1614,馬門町,500-063,36.28619015,139.5984607
若宮220,若宮上町4-9,若宮上町,500-065,36.29879084,139.5895094
高橋676,高橋町647,高橋町,500-076,36.28861592,139.5325046
高橋143,高橋町661-2,高橋町,500-077,36.2895226,139.52951
犬伏530,犬伏下町1962,犬伏下町,500-080,36.32272217,139.5995983
犬伏821Ａ,犬伏新町1327,犬伏新町,500-101,36.32228443,139.6033671
犬伏822Ａ,犬伏新町1326,犬伏新町,500-102,36.32233158,139.6037504
若松256Ａ,若松町611-2,若松町（城西）,500-103,36.32127833,139.5781819
上高橋258,村上町740-3,村上町,500-104,36.30116438,139.5276026
大橋南193,赤坂町967-19,赤坂町,500-105,36.30732935,139.568623
赤坂348,赤坂町165,赤坂町,500-106,36.3074932,139.5715673
海陸西880,赤坂町990-6,赤坂町,500-107,36.30044725,139.5690039
黒袴103,高萩町300-1,高萩町,500-117,36.30210362,139.5951241
黒袴104,高萩町298,高萩町,500-119,36.30195569,139.5959251
黒袴607,高萩町866-1,高萩町,500-118,36.30362447,139.6011898
黒袴150,高萩町1113-8,高萩町,500-120,36.30065727,139.5984564
高萩854,高萩町1225-4,高萩町,500-121,36.29775922,139.5965408
植上213,高萩町505-1,高萩町,500-122,36.30268712,139.5902512
大和122,金屋仲町2487,金屋仲町,500-126,36.31143494,139.576015
大和132,金屋仲町2486,金屋仲町,500-127,36.31142039,139.5763348
大和125,金屋仲町2482-1,金屋仲町,500-128,36.31140209,139.5768751
大和127,金屋仲町2481,金屋仲町,500-129,36.31138032,139.5774867
大和134,金屋仲町2477,金屋仲町,500-130,36.31136679,139.5777737
大和128,金屋仲町2475-2,金屋仲町,500-131,36.3113553,139.5780488
亀井244,金屋仲町2472,金屋仲町,500-132,36.31133123,139.5786408
亀井201,金屋仲町2468,金屋仲町,500-133,36.31132766,139.5788235
大和159,金屋仲町2416,金屋仲町,500-134,36.31134041,139.5757735
大和142Ａ,金屋仲町2408,金屋仲町,500-135,36.31105153,139.5749258
,金屋仲町2410,金屋仲町,500-137,36.31135211,139.5753049
大和161Ａ,金屋仲町2409,金屋仲町,500-136,36.31136365,139.5750982
,金屋仲町2420,金屋仲町,500-138,36.31132427,139.5761028
,金屋仲町2422,金屋仲町,500-139,36.31131187,139.5765383
,金屋仲町2430,金屋仲町,500-140,36.31127473,139.5775467
,金屋仲町2432,金屋仲町,500-141,36.3112615,139.5778925
,金屋仲町2439,金屋仲町,500-142,36.31122831,139.5788549
赤坂１７７Ａ,寺中町2377-8,寺中町,500-146,36.3001861,139.5716029
新吉水433,吉水駅前1-4-3,新吉水町北,500-062,36.34926797,139.5801098
下町243,栃本町2475-9,下田沼,500-064,36.36221874,139.5796857
弁天西182,赤見町4617-2,赤見町（駒場）,500-066,36.3494808,139.5108688
弁天西141,赤見町4617-2,赤見町（駒場）,500-067,36.34965661,139.5110944
弁天西140,赤見町4617-2,赤見町（駒場）,500-068,36.34998745,139.5115222
弁天西139,赤見町4617-2,赤見町（駒場）,500-069,36.35019757,139.5118036
弁天西138,赤見町4617-2,赤見町（駒場）,500-070,36.35048544,139.5121741
弁天西137,赤見町4617-2,赤見町（駒場）,500-071,36.35083224,139.5125741
弁天西134,赤見町4617-2,赤見町（駒場）,500-072,36.35182598,139.5139542
弁天西175,赤見町4617-2,赤見町（駒場）,500-073,36.35233253,139.514644
市の沢478,赤見町5624-1,赤見町（駒場）,500-074,36.35433211,139.5259731
市の沢474,赤見町3915-1,赤見町（駒場）,500-075,36.35363632,139.5273038
大門39,赤見町2190-3,赤見町（大門）,500-078,36.35251871,139.5449713
大門348,赤見町3355-1,赤見町（大門）,500-079,36.35705333,139.537739
寺久保20,出流原町43,出流原町,500-086,36.36456376,139.5439979
寺久保322,出流原町1558,出流原町,500-088,36.36354608,139.5311212
大門502,赤見町3303,出流原町,500-089,36.35913832,139.5413295
市の沢214,赤見町3600-6,赤見町（町屋）,500-096,36.35280677,139.5325852
堀米西440,小見町39,小見町,500-100,36.3359158,139.5713945
仲町193,堀米町371-3,堀米町（安良町下）,500-111,36.32435016,139.5909246
仲町108,堀米町372-4,堀米町（安良町下）,500-112,36.3246848,139.5905677
並木479,並木町71-2,並木町（堀之内）,500-113,36.32891198,139.5554091
米山277,米山南町44-5,米山南町,500-124,36.32495527,139.6096918
米山250,米山南町44-3,米山南町,500-125,36.32444055,139.6097856
下小見257,吉水町713-4,吉水,500-143,36.34842317,139.5739553
石塚204,石塚町1559,石塚町（上）,500-144,36.35711442,139.5633186
上石210,石塚町568-126,石塚町（上）,500-145,36.36245606,139.5549588
犬伏384,犬伏中町2276-12,犬伏中町,500-147,36.32688183,139.5969033
田沼166,栃本町2277-19,瓦町,500-081,36.36483139,139.58082
山形51,閑馬町193-11,閑馬下,500-082,36.39369329,139.5333217
寺久保22,出流原町49-1,出流原町,500-087,36.36481128,139.5433427
寺久保374,出流原町1478,出流原町,500-090,36.36801777,139.5326832
寺久保42Ａ,出流原町1334-2,出流原町,500-091,36.36888785,139.5346579
寺久保19Ａ,出流原町1362-3,出流原町,500-092,36.36963951,139.5338334
寺久保25,出流原町1102,出流原町,500-093,36.36535299,139.5423597
山形947,山形町85,山形,500-114,36.37869708,139.5456993
山形764,山形町1237-39,山形,500-115,36.38321698,139.5382624
山形766,山形町1237-50,山形,500-116,36.38336938,139.5388062
岩崎344,岩崎町349-3,岩崎（田沼）,500-123,36.38952946,139.5669219
寺久保452,寺久保町936-2,寺久保町,500-148,36.37335361,139.5304679
戸奈良145,戸奈良町776-7,戸奈良東,500-098,36.37037545,139.5586086
番場278,飛駒町672-1,飛駒一区,500-108,36.44169094,139.4825459
宮内39,閑馬町2297-2,閑馬下,500-083,36.40611519,139.5201627
牧382,牧町639-4,下牧,500-097,36.44161706,139.5817573
鉢の木413,鉢木町16-12,松井町,500-109,36.41678322,139.604716
鉢の木444,鉢木町9-28,松井町,500-110,36.41495437,139.6078369
中山102,飛駒町2230,飛駒二区,500-084,36.45842576,139.4649631
番場79,飛駒町1455-3,飛駒二区,500-085,36.45322547,139.4677826
中山237,飛駒町2305,飛駒三区,500-099,36.46335832,139.4668181
米山３２９,米山南町６２－１０,米山南町,500-151,36.32146128,139.6100133
下町４１１,田沼町４９６－５,下町（田沼）,500-150,36.36297077,139.5749414
水道４１９,堀米町３９０２－１５,堀米町（朱雀）,500-152,36.33274671,139.5798153
朱雀５４３,堀米町３９１９－１５,堀米町（朱雀）,500-153,36.33022377,139.5764319
朱雀１４０,堀米町３９７２－１０,堀米町（朱雀）,500-154,36.32618194,139.573147
朱雀１３８,堀米町３９７１－１３,堀米町（朱雀）,500-155,36.32581668,139.5743635
下町４８０,田沼町２１１,下町（田沼）,500-149,36.36725305,139.5698272
高砂149A,高砂町４２,高砂町,500-156,36.31376421,139.579397
米山４０６,関川町１１８５－１２,関川町,500-157,36.32191157,139.6104082
米山４１４,関川町１１８５－１４,関川町,500-158,36.32168221,139.610416
久保００３,堀米町１７０,堀米町（内堀米）,500-160,36.32057687,139.5819662
米山８０９,関川町９０４－３４,関川町,500-159,36.32327255,139.6126233
寺久保４４２,寺久保町８７,寺久保町,500-161,36.37262698,139.5338508
寺久保４０４,寺久保町１０５,寺久保町,500-162,36.37218109,139.5332279
寺久保６１３,寺久保町４９８,寺久保町,500-163,36.37485103,139.5183279
寺久保６１９,寺久保町５１２,寺久保町,500-164,36.37598958,139.517808
多田479,多田町1562-6,下多田,500-003,36.3834031,139.5982077
多田425,多田町3742-17,下多田,500-007,36.38157317,139.5988033
多田171,多田町465-3,下多田,500-010,36.3805,139.6014173
多田437,多田町1009,下多田,500-011,36.38096158,139.5959774
多田431,多田町988,下多田,500-019,36.37983436,139.5975201
多田486,多田町1218-5,下多田,500-024,36.37979224,139.5960035
多田485,多田町1198,下多田,500-027,36.37916301,139.5949308
多田489,多田町1058,下多田,500-029,36.3783824,139.5950126
多田455,多田町1194-1,下多田,500-031,36.37816207,139.5940772
多田624,多田町1175-4,下多田,500-032,36.37732884,139.5930376
多田644,多田町1166-1,下多田,500-037,36.37633746,139.5925517
多田629,多田町1161-1,下多田,500-040,36.37530732,139.5924653
多田447,多田町1069-2,下多田,500-046,36.37866152,139.5960516
多田303,多田町954-1,下多田,500-047,36.37834047,139.5970396
多田194,多田町561-19,下多田,500-050,36.37753973,139.6002234
多田163,多田町584-2,下多田,500-051,36.3772112,139.601046
多田389,多田町763-1,下多田,500-054,36.37606139,139.5987537
多田373,多田町799,下多田,500-055,36.37654498,139.5977279
多田319,多田町815-2,下多田,500-057,36.37601885,139.5957858
多田326,多田町806-3,下多田,500-058,36.37589873,139.5972075
多田577,多田町737,下多田,500-059,36.37462672,139.5982773
多田433,多田町995,下多田,500-014,36.38043129,139.5967101
多田30,多田町978,下多田,500-018,36.38015693,139.5982534
多田619,多田町1156-2,下多田,500-038,36.37618869,139.5929235
多田632,多田町1145-1,下多田,500-041,36.37530579,139.5927816
多田587,多田町663,下多田,500-060,36.37361544,139.5981965
多田668Ａ,多田町1105,下多田,500-043,36.37448814,139.5932153
多田670,多田町1143-6,下多田,500-042,36.3745782,139.5923331
多田306,多田町793-1,下多田,500-052,36.37768802,139.5972128
多田318,多田町895-2,下多田,500-056,36.3767381,139.5959459
多田50,多田町870-8,下多田,500-044,36.37370533,139.5934113
多田626,多田町1160,下多田,500-039,36.3757152,139.5929855
多田470,多田町1567-2,下多田,500-001,36.38328295,139.5994396
多田414,多田町1567-6,下多田,500-002,36.38318411,139.5989494
多田468,多田町1568-1,下多田,500-004,36.38267913,139.5993616
多田415,多田町1564,下多田,500-005,36.3826217,139.5990794
多田423,多田町1547-10,下多田,500-006,36.38173013,139.5986905
多田401,多田町3742,下多田,500-009,36.38131538,139.5993831
多田487,多田町1555-2,下多田,500-008,36.38218136,139.5976674
多田19,多田町1544,下多田,500-015,36.38075373,139.5980622
多田20,多田町1543,下多田,500-016,36.38036235,139.5981747
多田88,多田町981-1,下多田,500-017,36.38017809,139.5984742
多田467,多田町1005,下多田,500-012,36.38095578,139.5964583
多田435,多田町1003,下多田,500-013,36.3807304,139.5962907
多田31,多田町976,下多田,500-020,36.37959567,139.5978234
多田301,多田町968-2,下多田,500-021,36.37932716,139.5980404
多田445,多田町1039,下多田,500-022,36.37948044,139.5968394
多田446,多田町1028-3,下多田,500-023,36.37957329,139.5963478
多田441,多田町1212-1,下多田,500-025,36.37988159,139.5955651
多田472,多田町1251-9,下多田,500-026,36.37946259,139.5947087
多田491,多田町1196-4,下多田,500-028,36.3788061,139.5950628
多田457,多田町1263,下多田,500-035,36.37854937,139.5936421
多田465,多田町1195-5,下多田,500-030,36.37844255,139.5943973
多田408,多田町1262-1,下多田,500-034,36.3782051,139.5936459
多田693,多田町1271-4,下多田,500-033,36.37771706,139.5931988
多田462,多田町1191-5,下多田,500-045,36.37745662,139.5946028
多田368,多田町940-3,下多田,500-049,36.37813463,139.5985993
多田346,多田町947,下多田,500-048,36.37872779,139.5975229
多田371,多田町3824,下多田,500-053,36.37707074,139.5991316
多田617,多田町1088-3,下多田,500-036,36.37637558,139.5936716
高山205,高山町962,高山町,500-222,36.28034308,139.5996447
新晃187,浅沼町１９２,浅沼町,500-165,36.30943271,139.5852458
工団東298,伊勢山町４,伊勢山町,500-166,36.31963784,139.6061467
工団東525,鐙塚町３７８－１,鐙塚町,500-168,36.3078837,139.6067717
工団東230,伊勢山町１,伊勢山町,500-167,36.31908324,139.6066459
恵比寿138,久保町２１２,久保町,500-170,36.31623617,139.5827047
植野210,植野町１８４３,植野町（台南）,500-174,36.30420996,139.5761007
黒袴295,高萩町1334-14,高萩町,500-177,36.2983571,139.599968
黒袴361Ａ,高萩町1336-70,高萩町,500-175,36.29728409,139.6000393
黒袴362Ａ,高萩町1336-53,高萩町,500-176,36.29766719,139.600068
高萩361,高萩町668-3,高萩町,500-178,36.30453414,139.5964651
村上461,村上町544-3,村上町,500-199,36.30404406,139.5353193
植野幹8,金屋仲町2434,金屋仲町,500-206,36.31123643,139.5782642
堀米町西557Ａ,堀米町2701-15,堀米町（菊川）,500-215,36.32265957,139.5627075
,大橋町1136-5,大橋町（市街部）,500-213,36.31520313,139.5681254
NTT　直1　右3　28,免鳥町727,免鳥町（免鳥）,500-214,36.30865321,139.5444025
植上242,高萩町474,高萩町,500-216,36.30170713,139.5901916
黒袴535-01,高萩町890-1,高萩町,500-217,36.30435502,139.6029478
大橋南125,赤坂町960-19,赤坂町,500-219,36.30624223,139.5656258
海陸西298,赤坂町945-5,赤坂町,500-218,36.30356607,139.564296
海陸西865,赤坂町990-1,赤坂町,500-220,36.3006995,139.5685495
赤坂347,赤坂町165,赤坂町,500-221,36.30749628,139.5712876
堀米幹左3/22,若松町304,若松町（城東）,500-233,36.31982097,139.5810689
上高橋12,髙橋町2072-1,髙橋町,500-234,36.29385291,139.5260661
大原123,植下町632,植下町,500-237,36.29513145,139.5840774
若宮348支線柱,植下町4006-14,植下町,500-238,36.29729345,139.5843874
越名63,馬門町1624-3,馬門町,500-239,36.28735388,139.5973171
朱雀204,堀米町1196,堀米町（朱雀）,500-240,36.323389,139.5780037
仲町650-01,犬伏中町1650-5,犬伏中町,500-246,36.32228763,139.5960588
,伊賀町708-6,伊賀町,500-249,36.31638605,139.5757047
米山071,米山南町29-29,米山南町,500-256,36.32225306,139.6083843
,若松町316,若松町（城東）,500-258,36.31979498,139.581862
羽田357,下羽田町752-1,下羽田町,500-260,36.28723025,139.5457856
羽田361,下羽田町312-1,下羽田町,500-259,36.28864785,139.5460774
第一四幹　左2/右6/90,並木町1603-1,免鳥町（市街道）,500-261,36.31522861,139.5435376
米山支線91-6,関川町840-5,関川町,500-229,36.32384565,139.6122257
関川412,関川町915-21,関川町,500-230,36.32178747,139.6112342
新吉水191,吉水駅前2-9-30,新吉水町南,500-169,36.34273538,139.5767245
奈良渕229,奈良渕町344-10,奈良渕町,500-171,36.33721202,139.587698
奈良渕107,奈良渕町５２９－１,奈良渕町,500-172,36.33596556,139.5819327
奈良渕244,奈良渕町３３５,奈良渕町,500-173,36.33519717,139.585528
下町317　下町314,田沼町９０－２,下町（田沼）,500-180,36.36192234,139.571265
石塚405,石塚町２２０９,石塚町（上）,500-181,36.36229328,139.5618116
石塚013,石塚町2248－2,石塚町（上）,500-182,36.35982049,139.5610253
安良町153A,堀米町544－2,安良町上町,500-183,36.32574273,139.5856121
新吉水456,新吉水町483-1,新吉水町北,500-184,36.35265132,139.5791266
富士339,富士町1332,富士町（上）,500-185,36.35153535,139.6080511
市の沢421,赤見町519,赤見町（市場）,500-190,36.34068152,139.5280195
南赤見756,赤見町3111－18,赤見町（市場）,500-191,36.35005535,139.5371531
南赤見759,赤見町3111－19,赤見町（市場）,500-192,36.35008114,139.536723
,犬伏中町2149-10,犬伏中町,500-205,36.32549427,139.5975633
朱雀221,堀米町1255-2,朱雀町,500-207,36.32662977,139.5798547
,赤見町3150-5,赤見町（町屋）,500-209,36.35118986,139.5384992
南赤見719,赤見町3136-1,赤見町（町屋）,500-210,36.35184067,139.5361394
南赤見718,赤見町771,赤見町（町屋）,500-211,36.35159844,139.5356062
大門69,出流原町741,出流原町,500-212,36.36126605,139.5435593
下町147,田沼町96-4,下町,500-223,36.36096422,139.5695532
下町174,吉水町5-15,下町,500-224,36.36016727,139.5747654
井戸の内012,石塚町1741-1,石塚町（上）,500-226,36.36061413,139.5665295
石塚217,石塚町1674,石塚町（上）,500-225,36.35766001,139.5635414
並木476,並木町78-1,並木町（堀之内）,500-231,36.32947272,139.5547391
館野252,栃本町3200-2,栃本下,500-232,36.34759201,139.582824
奈良渕242,奈良渕町336-6,奈良渕町,500-241,36.33578252,139.5854279
奈良渕239,奈良渕町337,奈良渕町,500-242,36.33625971,139.5856289
奈良渕町271,奈良渕町326-1,奈良渕町,500-243,36.33482292,139.5849889
仲町383-01,犬伏中町2248-11,犬伏中町,500-247,36.32614852,139.5946675
仲町920Ａ,犬伏中町1948,犬伏中町,500-248,36.32437035,139.5975936
安良町576Ａ,堀米町517,堀米町（安良町上）,500-252,36.32631455,139.5870293
蓮沼148,赤見町2588-2,赤見町（市場）,500-253,36.34014681,139.5462056
南赤見307,赤見町787-5,赤見町（市場）,500-254,36.34905352,139.5352777
並木816,並木町500,並木町（堀之内）,500-257,36.32557512,139.5508367
下町484,田沼町３４６,下町（田沼）,500-179,36.36731223,139.5726884
下彦間011,下彦間町2383-1,下彦間下,500-194,36.40068957,139.5058647
本宿124,田沼町1806-12,田沼本町,500-195,36.37496727,139.5788599
上町幹右14,田沼町1805-2,田沼本町,500-196,36.374977,139.5767058
寺久保424,寺久保町352,寺久保町,500-201,36.37869947,139.5254675
寺久保１７,寺久保町76,寺久保町,500-202,36.37150194,139.5329581
寺久保478,寺久保町346,寺久保町,500-203,36.37965655,139.5248499
寺久保625,寺久保町606,寺久保町,500-204,36.37447704,139.5168064
寺久保064,寺久保町825-1,寺久保町,500-235,36.37494542,139.524484
寺久保町073,寺久保町445,寺久保町,500-236,36.37442722,139.5227888
寺久保023,出流原町1097-2,出流原町,500-250,36.36502887,139.5430195
,出流原町1099,出流原町,500-251,36.36569642,139.5434543
上町346,田沼町839,上町西,500-255,36.37229561,139.5728599
塩田407,下彦間町471,下彦間下,500-193,36.40972791,139.5018397
牧032Ａ,牧町925-1,下牧,500-208,36.44573301,139.5818074
長谷場290,御神楽町620-2,御神楽町,500-244,36.42452733,139.5563769
長谷場146,御神楽町626-2,御神楽町,500-245,36.42325072,139.5586882
大叶153,宮下町４－３,宮本町,500-200,36.41136462,139.614748
会沢616,会沢町990,会沢第三,500-227,36.4257236,139.623713
会沢074,会沢町1126,会沢第三,500-228,36.42759509,139.6215872
中山002,飛駒町2187－4,飛駒二区,500-186,36.45753269,139.4661582
中山080,飛駒町2238,飛駒二区,500-187,36.45912465,139.4649852
番場682,飛駒町748,飛駒一区,500-188,36.44982037,139.4750949
番場049,飛駒町1112-3,飛駒一区,500-189,36.4499234,139.4714565
中山12,飛駒町2358,飛駒３区,500-197,36.46118171,139.4632802
,飛駒町2879,飛駒3区,500-198,36.46846413,139.4632721
海陸西557,田島町206-4,田島町,500-262,36.29433961,139.5655776
犬伏510,富岡町645-9,富岡町（東部）,500-263,36.31936532,139.5955511
上石687,石塚町2717,石塚町（下）,500-264,36.35186445,139.5570897
奈良渕270,奈良渕町337-20,奈良渕町,500-277,36.33622772,139.5870284
奈良渕624,奈良渕町329-5,奈良渕町,500-278,36.33405847,139.5873889
井戸の内402,石塚町1673,石塚町（上）,500-279,36.35989619,139.5653266
井戸の内413,石塚町1663-2,石塚町（上）,500-280,36.35887687,139.5662174
若宮419,若宮上町18,若宮上町,500-281,36.2988615,139.5873973
下町49,栃本町2477-6,下田沼,500-282,36.36191286,139.5802029
下町515,田沼町348,下町,500-283,36.36696499,139.5717052
下町438,田沼町431,下町,500-284,36.36621842,139.5716838
下町624,田沼町431-5,下町,500-285,36.36574681,139.5716925
堀米西453,堀米町3244-1,堀米町（菊川）,500-286,36.33367015,139.5680208
堀米西350,堀米町3228-1,堀米町（菊川）,500-287,36.33200088,139.5680922
,寺久保町457,寺久保町,500-288,36.37413557,139.521128
寺久保052,寺久保町132,寺久保町,500-289,36.37238605,139.5321228
越名912,越名町2048-7,越名町,500-290,36.29456867,139.5995475
越名043,越名町800-1,越名町,500-291,36.2869818,139.6051489
,久保町29-17,久保町,500-292,36.31395425,139.585217
恵比寿217,久保町30,久保町,500-283,36.31387524,139.585928
大原180,若宮下町10-8,若宮下町,500-294,36.29391648,139.5870128
大原801,植下町413,植下町,500-295,36.29565854,139.5799716
蓮沼055,小中町1565,赤見町（大門）,500-296,36.34662351,139.5516177
蓮沼019,小中町1593-7,赤見町（大門）,500-297,36.34602201,139.5516229
蓮沼026,石塚町973-2,赤見町（大門）,500-298,36.34927771,139.5516453
大門072,出流原町750,出流原町,500-299,36.36233973,139.5438582
赤坂164,寺中町2358-1,寺中町,500-300,36.29992754,139.5711991
朱雀597,堀米町3937　旧キンカ堂　太陽光発電所,堀米町（朱雀）,500-302,36.32815987,139.5744348
富岡242,伊勢山町1826-2,伊勢山町,500-302,36.31915408,139.6039991
工団東135,伊勢山町1035　北東側,伊勢山町,500-303,36.31788349,139.6094817
工団東147,伊勢山町1040　南西側,伊勢山町,500-304,36.31784892,139.6086839
浅沼251Ａ01,浅沼町395番地,浅沼町,500-306,36.31272806,139.5880516
大古屋115,大古屋町4517番地　南東側,大古屋町,500-307,36.28438954,139.5728138
片倉201,葛生東1丁目5-21　南西側,本町（葛生）,500-308,36.39854766,139.6099542
田沼732,田沼町774-3,上町西町会,500-309,36.371173,139.573205
新晃403Ａ,浅沼町161-4,浅沼町,500-310,36.307405,139.586895
新晃405Ａ,浅沼町161-9,浅沼町,500-311,36.307102,139.586705
伊賀523,万町57,万町,500-312,36.3147,139.576791
万町支20,上台町2131,上台町,500-313,36.307912,139.577296
花岡120,並木町1684,並木町（花岡）,500-314,36.3163,139.54965
花岡755,並木町1408,並木町（花岡）,500-315,36.31955,139.549296
花岡757,並木町1403-1,並木町（花岡）,500-316,36.318481,139.549299
伊賀203,本町2901,本町（佐野）,500-317,36.314567,139.575438
恵比寿123,相生町191-2,相生町（佐野）,500-318,36.31493,139.583217
東幹右11/9,栃本町2165-1,瓦町,500-319,36.361511,139.594247
中山206,飛駒町2232-1,飛駒2区,500-320,36.459193,139.465433
黒袴403.01,高萩町1211-3,高萩町,500-321,36.29857,139.597584
堀米西329,堀米町2179-2,堀米町（菊川町）,500-322,36.334945,139.564052
606Ａ,若宮上町8-2,若宮上町,500-323,36.297787,139.585423
奈良渕601,奈良渕町319-1,奈良渕町,500-324,36.332442,139.584708
奈良渕209,奈良渕町315-10,奈良渕町,500-325,36.333438,139.583442
山形642,山形町46-15,山形町,500-326,36.375415,139.543731
右3割1/62,植下町369-5,植下町,500-327,36.294222,139.581616
大原432,植下町163,植下町,500-328,36.292162,139.584315
船越支63,船越町1326,船越北,500-329,36.419491,139.568002
船越支59,船越町1269-2,船越北,500-330,36.418605,139.569463
泉町243,植野町1963-2,上台町,500-331,36.305919,139.584007
米山支柱,米山南町6,米山南町,500-332,36.322907,139.605163
村上316,上羽田町241-1,上羽田町,500-333,36.296055,139.547222
高萩771,茂呂山町13-6,茂呂山町,500-334,36.294776,139.592013
番場72,飛駒町1206,飛駒1区,500-335,36.450678,139.469643
町谷519,黒袴町635-1,黒袴町,500-336,36.316698,139.62257
三毳西105,黒袴町572-1,黒袴町,500-337,36.313846,139.620824
579Ａ,越名町2070-3,越名町,500-338,36.292472,139.599765
748Ａ,越名町2053,越名町,500-339,36.293733,139.600534
犬伏支左１.左12.30,犬伏上町2241,犬伏上町,500-340,36.327221,139.593447
,犬伏上町1894,犬伏上町,500-341,36.323659,139.59223
166,大古屋町4497-1,大古屋町,500-342,36.285965,139.572895
33-支線柱,大古屋町4523-6,大古屋町,500-343,36.284711,139.57169
工団東123,伊勢山町1521,伊勢山町,500-344,36.317199,139.610252
工団東127,伊勢山町1525,伊勢山町,500-345,36.317008,139.610941
工団東117,伊勢山町1453,伊勢山町,500-346,36.316936,139.608019
工団東120,伊勢山町1455,伊勢山町,500-347,36.31743,139.60939
蓮沼127,赤見町1585-1,赤見町（市場町）,500-348,36.339782,139.544331
417,山越町236-1,山越町,500-349,36.376144,139.588866
田沼310,田沼町843-19,上町西町会,500-350,36.371656,139.573249
,堀米町424-1,堀米町（安良町下町）,500-351,36.326756,139.590608
免鳥254,並木町1650-1,免鳥町（市街道）,500-352,36.315033,139.545805
堀米西122,堀米町2585-2,堀米町（菊川町）,500-353,36.325925,139.565509
海陸西833,赤坂町978,赤坂町,500-354,36.3037,139.568467
東幹25,閑馬町4304-2,閑馬下町,500-355,36.397226,139.530828
101,大橋町1158,大橋町市街部,500-356,36.31381321,139.5684928
307,犬伏中町2275-17,犬伏中町,500-357,36.32632755,139.5976729
米山312,米山南町23-5,米山南町,500-358,36.32128444,139.6067226
517,君田町226,君田町,500-359,36.30092272,139.5548185
572,君田町221-2,君田町,500-360,36.30161661,139.5548641
片倉293,葛生東1丁目1-10,本町（葛生）,500-362,36.39902876,139.6123308
本宿512Ａ,田沼町1818-12,田沼本町,500-363,36.37425224,139.5800102
本宿516Ａ,田沼町1818-17,田沼本町,500-364,36.3738851,139.5802569
天神326,堀米町1680-1,朱雀町,500-365,36.32334837,139.5704591
高萩132　01,高萩町774-1,高萩町,500-366,36.30523183,139.6003666
若宮065,植下町513-1,植下町,500-367,36.29623832,139.5814834
山形744,山形町636-9,山形町,500-368,36.38384065,139.5384821
海陸西836,赤坂町984-13,赤坂町,500-369,36.30069744,139.5673227
川析直2/37,赤坂町984-15,赤坂町,500-370,36.30056991,139.5678002
海陸西860,赤坂町984-20,赤坂町,500-371,36.30048993,139.5681113
奈良渕665Ａ,奈良渕町340-20,奈良渕町,500-372,36.33706205,139.5864544
奈良渕130,奈良渕町309-27,奈良渕町,500-373,36.33757628,139.5828709
奈良渕280Ａ,奈良渕町319-5,奈良渕町,500-374,36.3328314,139.5850677
井戸内127,石塚町1759-1,石塚町（上）,500-375,36.36271475,139.5640603
井戸内130,石塚町1755-1,石塚町（上）,500-376,36.36206245,139.5652593
水道802Ａ,堀米町1022-3,内堀米町,500-377,36.32682949,139.5837496
水道807Ａ,堀米町1033-18,内堀米町,500-378,36.3260105,139.5843182
恵比寿203,久保町55-10,久保町,500-379,36.316378,139.586137
,大蔵町842-8先,大蔵町,500-380,36.31565663,139.5714086
吉水支23,吉水駅前1丁目2-23,新吉水町北,500-381,36.3500607,139.5796718
新吉水236,吉水駅前1丁目26-13,新吉水町北,500-382,36.34603144,139.5775299
寺久保316,出流原町1534,出流原町,500-383,36.36499187,139.5315755
187,小見町1346-5,下町,500-384,36.358329,139.57103
三毳西245,黒袴町882-2,黒袴町,500-385,36.314598,139.616219
工団東137,伊勢山町1522-1,伊勢山町,500-386,36.31755347,139.6108752
工団東122,伊勢山町1521-6,伊勢山町,500-387,36.317351,139.61004
工団東138,伊勢山町1523-1,伊勢山町,500-388,36.31757292,139.610717
工団東152,伊勢山町1411-1,伊勢山町,500-389,36.31684028,139.6061116
,堀米868先,安良町下町,500-390,36.32992114,139.5908132
小中692,小中町891-3,小中西,500-391,36.337194,139.55265
上高橋306,高橋町950-1,高橋町,500-392,36.292313,139.560545
上高橋243,高橋町1051-1,高橋町,500-393,36.294058,139.532308
上高橋302,高橋町942-2,高橋町,500-394,36.292313,139.530545
朝日森支右4/左3/15,朝日町938,朝日町,500-395,36.317348,139.570232
米山233,米山南町53-11,米山南,500-396,36.323394,139.608719
村上254,村上町388-4,村上,500-397,36.303534,139.540824
村上支右A1/16,村上町848-1,村上,500-398,36.305189,139.535478
村上251,村上町399,村上,500-399,36.303288,139.538772
村上493,村上町188-1,村上,500-400,36.301557,139.538797
村上494,村上町187-2,村上,500-401,36.301154,139.538648
村上269,村上町848-1,村上,500-402,36.305575,139.535534
上高橋261,村上町732,村上,500-403,36.300294,139.527956
中町842,犬伏中町1832-22,犬伏中,500-404,36.322378,139.596435
南赤見364,赤見町789-18,赤見（市場）,500-405,36.348044,139.53468
新吉水252,吉水駅前1-20-14,新吉水北,500-406,36.34587,139.575977
高橋110,高橋町213,高橋,500-407,36.285241,139.536021
栃本150,栃本町2076,栃本下,500-408,36.360694,139.586165
小中幹97,小中町710-3,小中東,500-409,36.333901,139.550558
下石塚015,小中町1255-1,小中東,500-410,36.342475,139.558722
下石塚016,小中町1270-8,小中東,500-411,36.342769,139.558933
若宮272,若宮上町4-18,若宮上,500-412,36.298001,139.589328
植上415,植下町1118-3,植下,500-413,36.300375,139.587389
米山825A01,関川町936-13,関川,500-414,36.322664,139.613698
米山422AK,関川町906-14,関川,500-415,36.322711,139.612388
作原188,作原町1520,上作原,500-416,36.505191,139.493566
石塚122.01,石塚町2410,石塚上,500-417,36.362032,139.558152
石塚134.11,石塚町2250-1,石塚上,500-418,36.36016,139.560645
本宿134,田沼町1653-5,田沼本,500-419,36.373611,139.582445
本宿129,田沼町1587-2,田沼本,500-420,36.376045,139.579483
番場472,飛駒町1692,飛駒2区,500-421,36.453999,139.472182
寺久保127,出流原町1115,出流原,500-422,36.365829,139.539448
駅西224,天神町945,天神,500-423,36.318115,139.570983
駅西219,天神町817-12,天神,500-424,36.318386,139.572811
恵比寿52,久保町54,久保,500-425,36.316399,139.584893
新吉水150　01,吉水駅前3-2,新吉水南,500-426,36.343866,139.574635
新吉水72-A,吉水駅前2-10-8,新吉水南,500-427,36.341682,139.577625
君田325,君田町277,君田,500-428,36.296834,139.557515
,君田町306,君田,500-429,36.297057,139.555798
工団東131,伊勢山町1449-5,伊勢山,500-430,36.318267,139.607105
工団東132,伊勢山町1449-18,伊勢山,500-431,36.318141,139.60746
富岡237,伊勢山町1785,伊勢山,500-432,36.318694,139.602153
富岡265,伊勢山町1800,伊勢山,500-433,36.317473,139.602043
,小中町1095,小中東,500-434,36.338531,139.560685
,小中町1095,小中東,500-435,36.338184,139.56015
下石塚038,石塚町775-3,石塚下,500-436,36.350716,139.562845
山形329,山形町1080,山形,500-437,36.385142,139.529112
山形332,山形町1073,山形,500-438,36.385762,139.528264
848A,植下町3494-1,大古屋町,500-439,36.290251,139.578573
862,植下町3180-1,大古屋町,500-440,36.28933,139.573984
852A,植下町3510-1,大古屋町,500-441,36.290012,139.577245
856A,植下町3521-1,大古屋町,500-442,36.289711,139.575905
堀米西339,堀米町3131,堀米町（菊川）,500-443,36.3271367,139.5657365
堀米西901,堀米町3699,堀米町（菊川）,500-444,36.3318951,139.5716638
植野003,植野町1868,植野町（泉）,500-445,36.3064051,139.5770839
泉町003,植野町2067-2,植野町（泉）,500-446,36.307072,139.5785007
久保355,富岡町93,富岡町（北部）,500-447,36.3203374,139.590706
村上支線柱,村上町132-1,村上町,500-448,36.2995834,139.5422326
上高橋273,村上町713,村上町,500-449,36.3004673,139.5293914
天明107,本町2757,本町（佐野）,500-450,36.3131312,139.5733835
久保014,久保町93,久保町,500-451,36.3189737,139.5853925
黒袴475,高萩町1315-1,高萩町,500-452,36.3013111,139.6018812
黒袴909A,高萩町1056-507,高萩町,500-453,36.3024524,139.6011159
黒袴912A,高萩町1056-504,高萩町,500-454,36.3025148,139.6013527
番場253,飛駒町1601-1,飛駒2区,500-455,36.4536604,139.4700287
館野543,新吉水町41,新吉水町南,500-456,36.3457742,139.5810688
館野546,新吉水町30,新吉水町南,500-457,36.3468637,139.5814668
本宿524A,あそ野タウン分譲地内,上町西,500-458,36.3761953,139.5759996
本宿521A,あそ野タウン分譲地内,上町西,500-459,36.3763837,139.5769314
本宿313,田沼町1119,上町西,500-460,36.3736571,139.5765883
上町605,田沼町880,上町西,500-461,36.3726399,139.5718303
本宿421,田沼町1064-3,上町西,500-462,36.3758517,139.576728
本宿316,田沼町1107,上町西,500-463,36.3749411,139.5761646
本宿321,田沼町1008,上町西,500-464,36.3768252,139.5755314
上町338,田沼町969,上町西,500-465,36.3754518,139.5707198
上町352,田沼町939,上町西,500-466,36.3745192,139.5716232
田沼370,田沼町809,上町西,500-467,36.3708854,139.5703559
田沼322,田沼町241,上町西,500-468,36.3696431,139.5704815
赤見幹右15/66,出流原町444-2,出流原町,500-469,36.3683045,139.5515398
小柱,出流原町444-2,出流原町,500-470,36.3688166,139.5515071
越名528,越名町2072-11,越名町,500-471,36.2916063,139.599833
越名417,越名町832,越名町,500-472,36.2897555,139.6053
三毳西263,黒袴町416-1,黒袴町,500-473,36.3147577,139.6165435
栃北031,栃本町1661-2,原町,500-474,36.3689571,139.5843558
大和204,大祝町2329,大祝町,500-475,36.310339,139.5759277
天明135,大祝町2273,大祝町,500-476,36.3104115,139.574229
大和246,大祝町2338,大祝町,500-477,36.3101723,139.5771702
大和207,大祝町2335-1,大祝町,500-478,36.310304,139.576728
大和150A,大祝町2302-15,大祝町,500-479,36.3088992,139.574781
赤坂101,大祝町2302,大祝町,500-480,36.3082651,139.5747576
天明027,大祝町2274-4,大祝町,500-481,36.3098644,139.5747321
天明010,大祝町2273,大祝町,500-482,36.3103681,139.5747743
閑馬57,閑馬町360-6,閑馬下,500-483,36.4018957,139.5208336
下石塚701,石塚町536-2,石塚町（下）,500-484,36.3460815,139.55778
駅西249A01,天神町924-5,天神町,500-485,36.3189304,139.5719404
工団東303,伊勢山町1412-1,伊勢山町,500-486,36.3164258,139.6052276
富岡207,伊勢山町1827,伊勢山町,500-487,36.3190037,139.603649
堀米西921,堀米町3714-1,堀米町（菊川）,500-488,36.3323393,139.5718684
栃本211,栃本町2773,栃本下町,500-489,36.3584959,139.5841504
館野549,栃本町3192-4,栃本下町,500-490,36.3478541,139.5817755
館野38,栃本町3202-2,栃本下町,500-491,36.3482566,139.5824399
館野229,栃本町3281-8,栃本下町,500-492,36.3468168,139.5824083
泉町277,植野町1899-3,植野町（泉）,500-493,36.3055128,139.5797825
市の沢465,赤見町4023,赤見町（駒場）,500-494,36.3551296,139.5282201
支柱,伊保内町3173-1,大古屋町,500-495,36.2880358,139.5738299
植野409,寺中町2422-3,寺中町,500-496,36.2989048,139.5746454
閑馬286,下彦間町78-1,下彦間下,500-497,36.4044378,139.5092778
閑馬386A,下彦間町145-5,下彦間下,500-498,36.4037293,139.5081261
越名718,馬門町1825-3,馬門町,500-499,36.2891328,139.6005819
越名720,馬門町1825-3,馬門町,500-500,36.2884432,139.6011782
寺岡312,村上町1681,村上町,500-501,36.3072058,139.5328606
村上021,村上町801-1,村上町,500-502,36.3045321,139.5385966
殿町支30,若松町616,若松町（城西）,500-503,36.3207983,139.5775581
城西支右2/7,若松町518-1,若松町（城西）,500-504,36.3175415,139.5780554
大橋221,大橋町1194,大橋町（市街部）,500-505,36.3155071,139.5635182
本宿227,田沼町1833-2,田沼本町,500-506,36.3725352,139.5811358
本宿403A,田沼町1834-10,田沼本町,500-507,36.37208,139.5806708
本宿123,田沼町1816-6,田沼本町,500-508,36.3744033,139.5797646
本宿324,田沼町1805-5,田沼本町,500-509,36.3746164,139.5767208
山越487,田沼町1833-3,田沼本町,500-510,36.3721586,139.5814732
本宿支　右1/5,田沼町1834-7,田沼本町,500-511,36.3718316,139.5803435
仲町止線柱,富岡町102-2,富岡町（北部）,500-512,36.3212288,139.5917179
仲町633,富岡町115-3,富岡町（北部）,500-513,36.3213348,139.5928878
若宮212,若宮上町7-22,若宮上町,500-514,36.2965895,139.5865018
須花234,下彦間町1663,下彦間上,500-515,36.4063453,139.4933238
塩田46,下彦間町1080,下彦間上,500-516,36.4248228,139.4883482
大原62A,植下町317,植下町,500-517,36.2943409,139.5828127
久保299,久保町89,久保町,500-518,36.317861,139.5858017
久保215,久保町264,久保町,500-519,36.3186117,139.5823489
町谷133,関川町437,関川町,500-520,36.3209537,139.6180103
花岡013,大橋町3178-14,大橋町（東部）,500-521,36.3188225,139.5632289
花岡366,大橋町3204-4,大橋町（東部）,500-522,36.3161559,139.5603215
本宿322,田沼町1019,上町西,500-523,36.377337,139.5753937
上町356,田沼町941,上町西,500-524,36.3732625,139.5717885
上町904A,田沼町801,上町西,500-525,36.3715374,139.570421
田沼354,田沼町257,上町西,500-526,36.3690871,139.5702706
田沼339,田沼町242,上町西,500-527,36.3697373,139.5691428
若松123A,若松町309-14,若松町（城東）,500-528,36.3186821,139.5811895
下町80,田沼町401-5,下町,500-529,36.3652842,139.5759455
黒袴支5,伊勢山町1449,伊勢山町,500-530,36.3179893,139.6079387
富岡259,伊勢山町1784,伊勢山町,500-531,36.3182595,139.6018271
工団東425,伊勢山町1867,伊勢山町,500-532,36.3167624,139.6047259
赤坂1,大祝町2286,大祝町,500-533,36.3093241,139.5747035
