–h”Æ“”_‘S‘’n•ûŒö‹¤’c‘ÌƒR[ƒh,’n•¨A’n“__ID,–h”Æ“”_ID,–h”Æ“”_–¼Ì,–h”Æ“”_–¼ÌiƒJƒij,–h”Æ“”_–¼Ìi‰pšj,–h”Æ“”_Šİ’n,ˆÜ“x,Œo“x,–h”Æ“”_À•WQÆŒn,–h”Æ“”_À•WQÆŒnƒR[ƒh,–h”Æ“”_ŠÇ—Ò,–h”Æ“”_”õl,–h”Æ“”_s–¯ƒŒƒ|[ƒg
352071,,kdmtscl00001,18127-105,,,‹v•Û,34.03114528,131.9143581,¢ŠE‘ª’nŒn,,“Œ—z‚U’š–Ú,,https://logoform.jp/form/AcMw/kdmtlightreport
352071,,kdmtscl00002,18127-104,,,‹v•Û,34.03120944,131.9140092,¢ŠE‘ª’nŒn,,“Œ—z‚U’š–Ú,,https://logoform.jp/form/AcMw/kdmtlightreport
352071,,kdmtscl00003,L2011-037,,,‹v•Û,34.03158722,131.9124803,¢ŠE‘ª’nŒn,,“Œ—z‚U’š–Ú,,https://logoform.jp/form/AcMw/kdmtlightreport
352071,,kdmtscl00004,18127-106,,,‹v•Û,34.03150417,131.9143792,¢ŠE‘ª’nŒn,,“Œ—z‚U’š–Ú,,https://logoform.jp/form/AcMw/kdmtlightreport
352071,,kdmtscl00005,L2010-042,,,‹v•Û,34.03171167,131.9134403,¢ŠE‘ª’nŒn,,“Œ—z‚U’š–Ú,,https://logoform.jp/form/AcMw/kdmtlightreport
352071,,kdmtscl00006,17110-101,,,‹v•Û,34.03218667,131.9131319,¢ŠE‘ª’nŒn,,“Œ—z‚U’š–Ú,,https://logoform.jp/form/AcMw/kdmtlightreport
352071,,kdmtscl00007,14012-101,,,‹v•Û,34.03237278,131.9127956,¢ŠE‘ª’nŒn,,“Œ—z‚U’š–Ú,,https://logoform.jp/form/AcMw/kdmtlightreport
352071,,kdmtscl00008,L2011-036,,,‹v•Û,34.0321175,131.9135106,¢ŠE‘ª’nŒn,,“Œ—z‚U’š–Ú,,https://logoform.jp/form/AcMw/kdmtlightreport
352071,,kdmtscl00009,L2011-035,,,‹v•Û,34.03249278,131.9138131,¢ŠE‘ª’nŒn,,“Œ—z‚U’š–Ú,,https://logoform.jp/form/AcMw/kdmtlightreport
352071,,kdmtscl00010,15049-103,,,’†‘º,34.03125222,131.8509067,¢ŠE‘ª’nŒn,,‰º˜a“c,,https://logoform.jp/form/AcMw/kdmtlightreport
352071,,kdmtscl00011,16003-111,,,‹v•Û,34.02974833,131.9141453,¢ŠE‘ª’nŒn,,“Œ—z‚T’š–Ú,,https://logoform.jp/form/AcMw/kdmtlightreport
352071,,kdmtscl00012,16003-112,,,‹v•Û,34.02990361,131.9145281,¢ŠE‘ª’nŒn,,“Œ—z‚T’š–Ú,,https://logoform.jp/form/AcMw/kdmtlightreport
352071,,kdmtscl00013,15008-102,,,‹v•Û,34.03099833,131.9148167,¢ŠE‘ª’nŒn,,“Œ—z‚T’š–Ú,,https://logoform.jp/form/AcMw/kdmtlightreport
352071,,kdmtscl00014,15008-103,,,‹v•Û,34.03135917,131.9147964,¢ŠE‘ª’nŒn,,“Œ—z‚T’š–Ú,,https://logoform.jp/form/AcMw/kdmtlightreport
352071,,kdmtscl00015,16003-105,,,‹v•Û,34.03163278,131.9146356,¢ŠE‘ª’nŒn,,“Œ—z‚T’š–Ú,,https://logoform.jp/form/AcMw/kdmtlightreport
352071,,kdmtscl00016,15008-105,,,‹v•Û,34.03242472,131.9150581,¢ŠE‘ª’nŒn,,“Œ—z‚T’š–Ú,,https://logoform.jp/form/AcMw/kdmtlightreport
352071,,kdmtscl00017,15008-106,,,‹v•Û,34.03267611,131.9153814,¢ŠE‘ª’nŒn,,“Œ—z‚T’š–Ú,,https://logoform.jp/form/AcMw/kdmtlightreport
352071,,kdmtscl00018,15008-107,,,‹v•Û,34.03308667,131.9158814,¢ŠE‘ª’nŒn,,“Œ—z‚T’š–Ú,,https://logoform.jp/form/AcMw/kdmtlightreport
352071,,kdmtscl00019,16003-113,,,‹v•Û,34.03078167,131.9153864,¢ŠE‘ª’nŒn,,“Œ—z‚T’š–Ú,,https://logoform.jp/form/AcMw/kdmtlightreport
352071,,kdmtscl00020,16003-114,,,‹v•Û,34.03126194,131.9164442,¢ŠE‘ª’nŒn,,“Œ—z‚T’š–Ú,,https://logoform.jp/form/AcMw/kdmtlightreport
352071,,kdmtscl00021,15008-110,,,‹v•Û,34.03235667,131.9155764,¢ŠE‘ª’nŒn,,“Œ—z‚T’š–Ú,,https://logoform.jp/form/AcMw/kdmtlightreport
352071,,kdmtscl00022,16003-109,,,‹v•Û,34.03164972,131.916455,¢ŠE‘ª’nŒn,,“Œ—z‚T’š–Ú,,https://logoform.jp/form/AcMw/kdmtlightreport
352071,,kdmtscl00023,16003-108,,,‹v•Û,34.03180389,131.9160889,¢ŠE‘ª’nŒn,,“Œ—z‚T’š–Ú,,https://logoform.jp/form/AcMw/kdmtlightreport
352071,,kdmtscl00024,16003-106,,,‹v•Û,34.03171917,131.9157136,¢ŠE‘ª’nŒn,,“Œ—z‚T’š–Ú,,https://logoform.jp/form/AcMw/kdmtlightreport
352071,,kdmtscl00025,16003-104,,,‹v•Û,34.03200611,131.9162361,¢ŠE‘ª’nŒn,,“Œ—z‚T’š–Ú,,https://logoform.jp/form/AcMw/kdmtlightreport
352071,,kdmtscl00026,14007-131,,,‹v•Û,34.03199333,131.9169392,¢ŠE‘ª’nŒn,,“Œ—z‚T’š–Ú,,https://logoform.jp/form/AcMw/kdmtlightreport
352071,,kdmtscl00027,16003-103,,,‹v•Û,34.03280972,131.9167475,¢ŠE‘ª’nŒn,,“Œ—z‚T’š–Ú,,https://logoform.jp/form/AcMw/kdmtlightreport
352071,,kdmtscl00028,15080-103,,,’†‘º,34.03101639,131.8587881,¢ŠE‘ª’nŒn,,¼‰ÍŒ´“Œ,,https://logoform.jp/form/AcMw/kdmtlightreport
352071,,kdmtscl00029,15075-103,,,‹v•Û,34.03528222,131.9078775,¢ŠE‘ª’nŒn,,“Œ—z‚Q’š–Ú,,https://logoform.jp/form/AcMw/kdmtlightreport
352071,,kdmtscl00030,15075-102,,,‹v•Û,34.03557056,131.9083397,¢ŠE‘ª’nŒn,,“Œ—z‚Q’š–Ú,,https://logoform.jp/form/AcMw/kdmtlightreport
352071,,kdmtscl00031,15075-101,,,‹v•Û,34.03599028,131.90832,¢ŠE‘ª’nŒn,,“Œ—z‚Q’š–Ú,,https://logoform.jp/form/AcMw/kdmtlightreport
352071,,kdmtscl00032,15075-105,,,‹v•Û,34.03759333,131.9106308,¢ŠE‘ª’nŒn,,“Œ—z‚Q’š–Ú,,https://logoform.jp/form/AcMw/kdmtlightreport
352071,,kdmtscl00033,15075-108,,,‹v•Û,34.03543389,131.9103669,¢ŠE‘ª’nŒn,,“Œ—z‚Q’š–Ú,,https://logoform.jp/form/AcMw/kdmtlightreport
352071,,kdmtscl00034,16066-103,,,‹v•Û,34.03485944,131.9112819,¢ŠE‘ª’nŒn,,“Œ—z‚Q’š–Ú,,https://logoform.jp/form/AcMw/kdmtlightreport
352071,,kdmtscl00035,16066-102,,,‹v•Û,34.03407028,131.9113119,¢ŠE‘ª’nŒn,,“Œ—z‚Q’š–Ú,,https://logoform.jp/form/AcMw/kdmtlightreport
352071,,kdmtscl00036,15091-101,,,‹v•Û,34.03661167,131.9169064,¢ŠE‘ª’nŒn,,“Œ—z‚R’š–Ú,,https://logoform.jp/form/AcMw/kdmtlightreport
352071,,kdmtscl00037,15091-102,,,‹v•Û,34.03706889,131.9168967,¢ŠE‘ª’nŒn,,“Œ—z‚R’š–Ú,,https://logoform.jp/form/AcMw/kdmtlightreport
352071,,kdmtscl00038,15091-103,,,‹v•Û,34.03663278,131.9165,¢ŠE‘ª’nŒn,,“Œ—z‚R’š–Ú,,https://logoform.jp/form/AcMw/kdmtlightreport
352071,,kdmtscl00039,15091-105,,,‹v•Û,34.03705778,131.9160636,¢ŠE‘ª’nŒn,,“Œ—z‚R’š–Ú,,https://logoform.jp/form/AcMw/kdmtlightreport
352071,,kdmtscl00040,15091-107,,,‹v•Û,34.03634806,131.9156464,¢ŠE‘ª’nŒn,,“Œ—z‚R’š–Ú,,https://logoform.jp/form/AcMw/kdmtlightreport
352071,,kdmtscl00041,15091-108,,,‹v•Û,34.03683639,131.9151975,¢ŠE‘ª’nŒn,,“Œ—z‚R’š–Ú,,https://logoform.jp/form/AcMw/kdmtlightreport
352071,,kdmtscl00042,16032-111,,,‹v•Û,34.0363775,131.9147864,¢ŠE‘ª’nŒn,,“Œ—z‚R’š–Ú,,https://logoform.jp/form/AcMw/kdmtlightreport
352071,,kdmtscl00043,15091-110,,,‹v•Û,34.03678139,131.9148017,¢ŠE‘ª’nŒn,,“Œ—z‚R’š–Ú,,https://logoform.jp/form/AcMw/kdmtlightreport
352071,,kdmtscl00044,15091-109,,,‹v•Û,34.03721056,131.9148636,¢ŠE‘ª’nŒn,,“Œ—z‚R’š–Ú,,https://logoform.jp/form/AcMw/kdmtlightreport
352071,,kdmtscl00045,18048-104,,,‹v•Û,34.03757611,131.9148486,¢ŠE‘ª’nŒn,,“Œ—z‚R’š–Ú,,https://logoform.jp/form/AcMw/kdmtlightreport
352071,,kdmtscl00046,16032-102,,,‹v•Û,34.03757722,131.9144256,¢ŠE‘ª’nŒn,,“Œ—z‚R’š–Ú,,https://logoform.jp/form/AcMw/kdmtlightreport
352071,,kdmtscl00047,16032-112,,,‹v•Û,34.03645389,131.9141089,¢ŠE‘ª’nŒn,,“Œ—z‚R’š–Ú,,https://logoform.jp/form/AcMw/kdmtlightreport
352071,,kdmtscl00048,16032-109,,,‹v•Û,34.03614667,131.9135667,¢ŠE‘ª’nŒn,,“Œ—z‚R’š–Ú,,https://logoform.jp/form/AcMw/kdmtlightreport
352071,,kdmtscl00049,16032-113,,,‹v•Û,34.03756306,131.9133081,¢ŠE‘ª’nŒn,,“Œ—z‚R’š–Ú,,https://logoform.jp/form/AcMw/kdmtlightreport
352071,,kdmtscl00050,16032-103,,,‹v•Û,34.03746194,131.9124631,¢ŠE‘ª’nŒn,,“Œ—z‚R’š–Ú,,https://logoform.jp/form/AcMw/kdmtlightreport
352071,,kdmtscl00051,16032-106,,,‹v•Û,34.03498139,131.9123153,¢ŠE‘ª’nŒn,,“Œ—z‚R’š–Ú,,https://logoform.jp/form/AcMw/kdmtlightreport
352071,,kdmtscl00052,16032-107,,,‹v•Û,34.03413583,131.9123094,¢ŠE‘ª’nŒn,,“Œ—z‚R’š–Ú,,https://logoform.jp/form/AcMw/kdmtlightreport
352071,,kdmtscl00053,15053-101,,,‰º¼,34.01107,131.868705,¢ŠE‘ª’nŒn,,‰º‰h’¬,,https://logoform.jp/form/AcMw/kdmtlightreport
352071,,kdmtscl00054,15061-106,,,‹v•Û,34.03477306,131.9156125,¢ŠE‘ª’nŒn,,“Œ—z‚S’š–Ú,,https://logoform.jp/form/AcMw/kdmtlightreport
352071,,kdmtscl00055,15061-107,,,‹v•Û,34.03522556,131.9148094,¢ŠE‘ª’nŒn,,“Œ—z‚S’š–Ú,,https://logoform.jp/form/AcMw/kdmtlightreport
352071,,kdmtscl00056,15061-108,,,‹v•Û,34.03605778,131.9160775,¢ŠE‘ª’nŒn,,“Œ—z‚S’š–Ú,,https://logoform.jp/form/AcMw/kdmtlightreport
352071,,kdmtscl00057,15061-109,,,‹v•Û,34.03586194,131.9169125,¢ŠE‘ª’nŒn,,“Œ—z‚S’š–Ú,,https://logoform.jp/form/AcMw/kdmtlightreport
352071,,kdmtscl00058,15061-110,,,‹v•Û,34.03554833,131.9168986,¢ŠE‘ª’nŒn,,“Œ—z‚S’š–Ú,,https://logoform.jp/form/AcMw/kdmtlightreport
352071,,kdmtscl00059,16013-103,,,‹v•Û,34.03529472,131.9165214,¢ŠE‘ª’nŒn,,“Œ—z‚S’š–Ú,,https://logoform.jp/form/AcMw/kdmtlightreport
352071,,kdmtscl00060,16013-104,,,‹v•Û,34.03471611,131.91649,¢ŠE‘ª’nŒn,,“Œ—z‚S’š–Ú,,https://logoform.jp/form/AcMw/kdmtlightreport
352071,,kdmtscl00061,16013-105,,,‹v•Û,34.03436389,131.9146239,¢ŠE‘ª’nŒn,,“Œ—z‚S’š–Ú,,https://logoform.jp/form/AcMw/kdmtlightreport
352071,,kdmtscl00062,16013-106,,,‹v•Û,34.03435944,131.9143456,¢ŠE‘ª’nŒn,,“Œ—z‚S’š–Ú,,https://logoform.jp/form/AcMw/kdmtlightreport
352071,,kdmtscl00063,16013-107,,,‹v•Û,34.03499389,131.9142581,¢ŠE‘ª’nŒn,,“Œ—z‚S’š–Ú,,https://logoform.jp/form/AcMw/kdmtlightreport
352071,,kdmtscl00064,16013-108,,,‹v•Û,34.03532167,131.9142506,¢ŠE‘ª’nŒn,,“Œ—z‚S’š–Ú,,https://logoform.jp/form/AcMw/kdmtlightreport
352071,,kdmtscl00065,16013-109,,,‹v•Û,34.03579417,131.9142792,¢ŠE‘ª’nŒn,,“Œ—z‚S’š–Ú,,https://logoform.jp/form/AcMw/kdmtlightreport
352071,,kdmtscl00066,16013-110,,,‹v•Û,34.03526528,131.9156603,¢ŠE‘ª’nŒn,,“Œ—z‚S’š–Ú,,https://logoform.jp/form/AcMw/kdmtlightreport
352071,,kdmtscl00067,16013-111,,,‹v•Û,34.03516472,131.9159392,¢ŠE‘ª’nŒn,,“Œ—z‚S’š–Ú,,https://logoform.jp/form/AcMw/kdmtlightreport
352071,,kdmtscl00068,16013-112,,,‹v•Û,34.03520167,131.9168153,¢ŠE‘ª’nŒn,,“Œ—z‚S’š–Ú,,https://logoform.jp/form/AcMw/kdmtlightreport
352071,,kdmtscl00069,16013-113,,,‹v•Û,34.03515639,131.9153053,¢ŠE‘ª’nŒn,,“Œ—z‚S’š–Ú,,https://logoform.jp/form/AcMw/kdmtlightreport
352071,,kdmtscl00070,16013-114,,,‹v•Û,34.03403833,131.9152153,¢ŠE‘ª’nŒn,,“Œ—z‚S’š–Ú,,https://logoform.jp/form/AcMw/kdmtlightreport
352071,,kdmtscl00071,16013-115,,,‹v•Û,34.03353972,131.9148831,¢ŠE‘ª’nŒn,,“Œ—z‚S’š–Ú,,https://logoform.jp/form/AcMw/kdmtlightreport
352071,,kdmtscl00072,16013-116,,,‹v•Û,34.033335,131.9151042,¢ŠE‘ª’nŒn,,“Œ—z‚S’š–Ú,,https://logoform.jp/form/AcMw/kdmtlightreport
352071,,kdmtscl00073,16013-117,,,‹v•Û,34.03422778,131.9156089,¢ŠE‘ª’nŒn,,“Œ—z‚S’š–Ú,,https://logoform.jp/form/AcMw/kdmtlightreport
352071,,kdmtscl00074,16013-118,,,‹v•Û,34.03443917,131.9160714,¢ŠE‘ª’nŒn,,“Œ—z‚S’š–Ú,,https://logoform.jp/form/AcMw/kdmtlightreport
352071,,kdmtscl00075,16013-119,,,‹v•Û,34.03386639,131.9163942,¢ŠE‘ª’nŒn,,“Œ—z‚S’š–Ú,,https://logoform.jp/form/AcMw/kdmtlightreport
352071,,kdmtscl00076,16013-120,,,‹v•Û,34.03308,131.915365,¢ŠE‘ª’nŒn,,“Œ—z‚S’š–Ú,,https://logoform.jp/form/AcMw/kdmtlightreport
352071,,kdmtscl00077,16031-101,,,‹v•Û,34.03499389,131.9078922,¢ŠE‘ª’nŒn,,“Œ—z‚P’š–Ú,,https://logoform.jp/form/AcMw/kdmtlightreport
352071,,kdmtscl00078,16031-102,,,‹v•Û,34.03407694,131.9078508,¢ŠE‘ª’nŒn,,“Œ—z‚P’š–Ú,,https://logoform.jp/form/AcMw/kdmtlightreport
352071,,kdmtscl00079,16031-103,,,‹v•Û,34.03406611,131.9087533,¢ŠE‘ª’nŒn,,“Œ—z‚P’š–Ú,,https://logoform.jp/form/AcMw/kdmtlightreport
352071,,kdmtscl00080,16031-104,,,‹v•Û,34.03373861,131.9088783,¢ŠE‘ª’nŒn,,“Œ—z‚P’š–Ú,,https://logoform.jp/form/AcMw/kdmtlightreport
352071,,kdmtscl00081,16031-105,,,‹v•Û,34.03384583,131.9083019,¢ŠE‘ª’nŒn,,“Œ—z‚P’š–Ú,,https://logoform.jp/form/AcMw/kdmtlightreport
352071,,kdmtscl00082,16031-106,,,‹v•Û,34.03378472,131.90844,¢ŠE‘ª’nŒn,,“Œ—z‚P’š–Ú,,https://logoform.jp/form/AcMw/kdmtlightreport
352071,,kdmtscl00083,16031-107,,,‹v•Û,34.03334778,131.90846,¢ŠE‘ª’nŒn,,“Œ—z‚P’š–Ú,,https://logoform.jp/form/AcMw/kdmtlightreport
352071,,kdmtscl00084,16031-108,,,‹v•Û,34.03366778,131.9079833,¢ŠE‘ª’nŒn,,“Œ—z‚P’š–Ú,,https://logoform.jp/form/AcMw/kdmtlightreport
352071,,kdmtscl00085,16031-109,,,‹v•Û,34.03320639,131.9080236,¢ŠE‘ª’nŒn,,“Œ—z‚P’š–Ú,,https://logoform.jp/form/AcMw/kdmtlightreport
352071,,kdmtscl00086,16031-110,,,‹v•Û,34.03277056,131.9078425,¢ŠE‘ª’nŒn,,“Œ—z‚P’š–Ú,,https://logoform.jp/form/AcMw/kdmtlightreport
352071,,kdmtscl00087,15051-103,,,Š}ŒË,33.96218472,131.8510761,¢ŠE‘ª’nŒn,,”ö‹½E—,,https://logoform.jp/form/AcMw/kdmtlightreport
352071,,kdmtscl00088,15051-101,,,Š}ŒË,33.95316611,131.8595,¢ŠE‘ª’nŒn,,”ö‹½E—,,https://logoform.jp/form/AcMw/kdmtlightreport
352071,,kdmtscl00089,15051-102,,,Š}ŒË,33.96791528,131.8488422,¢ŠE‘ª’nŒn,,”ö‹½E—,,https://logoform.jp/form/AcMw/kdmtlightreport
352071,,kdmtscl00090,16059-101,,,[‰Y,33.94467417,131.8218111,¢ŠE‘ª’nŒn,,[‰Y,,https://logoform.jp/form/AcMw/kdmtlightreport
352071,,kdmtscl00091,16059-102,,,[‰Y,33.94491389,131.8234356,¢ŠE‘ª’nŒn,,[‰Y,,https://logoform.jp/form/AcMw/kdmtlightreport
352071,,kdmtscl00092,16059-103,,,[‰Y,33.94495444,131.8242444,¢ŠE‘ª’nŒn,,[‰Y,,https://logoform.jp/form/AcMw/kdmtlightreport
352071,,kdmtscl00093,16059-104,,,[‰Y,33.94460944,131.8225906,¢ŠE‘ª’nŒn,,[‰Y,,https://logoform.jp/form/AcMw/kdmtlightreport
352071,,kdmtscl00094,16059-105,,,[‰Y,33.9442125,131.8252828,¢ŠE‘ª’nŒn,,[‰Y,,https://logoform.jp/form/AcMw/kdmtlightreport
352071,,kdmtscl00095,15097-109,,,[‰Y,33.94381694,131.8253569,¢ŠE‘ª’nŒn,,[‰Y,,https://logoform.jp/form/AcMw/kdmtlightreport
352071,,kdmtscl00096,15097-108,,,[‰Y,33.9438775,131.8259517,¢ŠE‘ª’nŒn,,[‰Y,,https://logoform.jp/form/AcMw/kdmtlightreport
352071,,kdmtscl00097,16059-111,,,[‰Y,33.94770306,131.8269461,¢ŠE‘ª’nŒn,,[‰Y,,https://logoform.jp/form/AcMw/kdmtlightreport
352071,,kdmtscl00098,16059-106,,,[‰Y,33.94663889,131.8262992,¢ŠE‘ª’nŒn,,[‰Y,,https://logoform.jp/form/AcMw/kdmtlightreport
352071,,kdmtscl00099,16059-107,,,[‰Y,33.94638167,131.8262592,¢ŠE‘ª’nŒn,,[‰Y,,https://logoform.jp/form/AcMw/kdmtlightreport
352071,,kdmtscl00100,16059-112,,,[‰Y,33.94555583,131.8264167,¢ŠE‘ª’nŒn,,[‰Y,,https://logoform.jp/form/AcMw/kdmtlightreport
352071,,kdmtscl00101,15097-103,,,[‰Y,33.94496972,131.8262681,¢ŠE‘ª’nŒn,,[‰Y,,https://logoform.jp/form/AcMw/kdmtlightreport
352071,,kdmtscl00102,15097-102,,,[‰Y,33.94444194,131.8263803,¢ŠE‘ª’nŒn,,[‰Y,,https://logoform.jp/form/AcMw/kdmtlightreport
352071,,kdmtscl00103,16059-113,,,[‰Y,33.94800361,131.8285164,¢ŠE‘ª’nŒn,,[‰Y,,https://logoform.jp/form/AcMw/kdmtlightreport
352071,,kdmtscl00104,16059-114,,,[‰Y,33.94776194,131.8273803,¢ŠE‘ª’nŒn,,[‰Y,,https://logoform.jp/form/AcMw/kdmtlightreport
352071,,kdmtscl00105,16059-108,,,[‰Y,33.94595222,131.8261392,¢ŠE‘ª’nŒn,,[‰Y,,https://logoform.jp/form/AcMw/kdmtlightreport
352071,,kdmtscl00106,16059-115,,,[‰Y,33.94566389,131.8260078,¢ŠE‘ª’nŒn,,[‰Y,,https://logoform.jp/form/AcMw/kdmtlightreport
352071,,kdmtscl00107,15097-104,,,[‰Y,33.94546139,131.8258928,¢ŠE‘ª’nŒn,,[‰Y,,https://logoform.jp/form/AcMw/kdmtlightreport
352071,,kdmtscl00108,15097-105,,,[‰Y,33.94561389,131.8256331,¢ŠE‘ª’nŒn,,[‰Y,,https://logoform.jp/form/AcMw/kdmtlightreport
352071,,kdmtscl00109,15097-106,,,[‰Y,33.94491778,131.8254092,¢ŠE‘ª’nŒn,,[‰Y,,https://logoform.jp/form/AcMw/kdmtlightreport
352071,,kdmtscl00110,15097-107,,,[‰Y,33.94466833,131.8251692,¢ŠE‘ª’nŒn,,[‰Y,,https://logoform.jp/form/AcMw/kdmtlightreport
352071,,kdmtscl00111,15097-110,,,[‰Y,33.9437325,131.8257014,¢ŠE‘ª’nŒn,,[‰Y,,https://logoform.jp/form/AcMw/kdmtlightreport
352071,,kdmtscl00112,15097-101,,,[‰Y,33.94356722,131.8259203,¢ŠE‘ª’nŒn,,[‰Y,,https://logoform.jp/form/AcMw/kdmtlightreport
352071,,kdmtscl00113,16059-109,,,[‰Y,33.94472417,131.8248544,¢ŠE‘ª’nŒn,,[‰Y,,https://logoform.jp/form/AcMw/kdmtlightreport
352071,,kdmtscl00114,16059-110,,,[‰Y,33.94474611,131.8223361,¢ŠE‘ª’nŒn,,[‰Y,,https://logoform.jp/form/AcMw/kdmtlightreport
352071,,kdmtscl00115,14061-101,,,‰Ô‰ª,34.04045222,131.8888117,¢ŠE‘ª’nŒn,,¼‘º,,https://logoform.jp/form/AcMw/kdmtlightreport
352071,,kdmtscl00116,15063-101,,,‰Ô‰ª,34.04114583,131.8863969,¢ŠE‘ª’nŒn,,¼‘º,,https://logoform.jp/form/AcMw/kdmtlightreport
352071,,kdmtscl00117,15063-107,,,‰Ô‰ª,34.04090389,131.8876728,¢ŠE‘ª’nŒn,,¼‘º,,https://logoform.jp/form/AcMw/kdmtlightreport
352071,,kdmtscl00118,15075-107,,,‹v•Û,34.03634972,131.9116581,¢ŠE‘ª’nŒn,,“Œ—z‚Q’š–Ú,,https://logoform.jp/form/AcMw/kdmtlightreport
352071,,kdmtscl00119,15075-110,,,‹v•Û,34.03601611,131.9100831,¢ŠE‘ª’nŒn,,“Œ—z‚Q’š–Ú,,https://logoform.jp/form/AcMw/kdmtlightreport
352071,,kdmtscl00120,15075-109,,,‹v•Û,34.03588528,131.9103908,¢ŠE‘ª’nŒn,,“Œ—z‚Q’š–Ú,,https://logoform.jp/form/AcMw/kdmtlightreport
352071,,kdmtscl00121,16066-101,,,‹v•Û,34.03516139,131.9116558,¢ŠE‘ª’nŒn,,“Œ—z‚Q’š–Ú,,https://logoform.jp/form/AcMw/kdmtlightreport
352071,,kdmtscl00122,17099-101,,,‹v•Û,34.0344675,131.9088061,¢ŠE‘ª’nŒn,,“Œ—z‚Q’š–Ú,,https://logoform.jp/form/AcMw/kdmtlightreport
352071,,kdmtscl00123,15085-104,,,‹v•Û,34.02682278,131.8982756,¢ŠE‘ª’nŒn,,Â—t‘ä,,https://logoform.jp/form/AcMw/kdmtlightreport
352071,,kdmtscl00124,16030-101,,,‹v•Û,34.02300667,131.9169606,¢ŠE‘ª’nŒn,,’†ƒm”—,,https://logoform.jp/form/AcMw/kdmtlightreport
352071,,kdmtscl00125,16026-103,,,‰Ô‰ª,34.03674333,131.8866614,¢ŠE‘ª’nŒn,,‘å‰¤,,https://logoform.jp/form/AcMw/kdmtlightreport
352071,,kdmtscl00126,16030-102,,,‹v•Û,34.02151194,131.9172367,¢ŠE‘ª’nŒn,,’†ƒm”—,,https://logoform.jp/form/AcMw/kdmtlightreport
352071,,kdmtscl00127,L2011-021,,,––•,34.02461444,131.866955,¢ŠE‘ª’nŒn,,á‘‘ä,,https://logoform.jp/form/AcMw/kdmtlightreport
352071,,kdmtscl00128,17098-102,,,––•,34.02751222,131.8585633,¢ŠE‘ª’nŒn,,‚Ğ‚ç‚½–]’¬“Œ,,https://logoform.jp/form/AcMw/kdmtlightreport
352071,,kdmtscl00129,17052-102,,,––•,34.02694889,131.8564697,¢ŠE‘ª’nŒn,,‚Ğ‚ç‚½–]’¬¼,,https://logoform.jp/form/AcMw/kdmtlightreport
352071,,kdmtscl00130,17040-105,,,––•,34.02163389,131.8576936,¢ŠE‘ª’nŒn,,‚Ğ‚ç‚½”ü—¢,,https://logoform.jp/form/AcMw/kdmtlightreport
352071,,kdmtscl00131,17045-102,,,––•,34.02150417,131.8560186,¢ŠE‘ª’nŒn,,‚Ğ‚ç‚½•ä,,https://logoform.jp/form/AcMw/kdmtlightreport
352071,,kdmtscl00132,14062-107,,,––•,34.02339028,131.8618372,¢ŠE‘ª’nŒn,,•½“c“Œ,,https://logoform.jp/form/AcMw/kdmtlightreport
352071,,kdmtscl00133,17059-104,,,‰Ô‰ª,34.03696222,131.8840194,¢ŠE‘ª’nŒn,,­,,https://logoform.jp/form/AcMw/kdmtlightreport
352071,,kdmtscl00134,17059-101,,,‰Ô‰ª,34.03682694,131.8851506,¢ŠE‘ª’nŒn,,­,,https://logoform.jp/form/AcMw/kdmtlightreport
352071,,kdmtscl00135,17067-101,,,•Äì,34.08777306,131.8823975,¢ŠE‘ª’nŒn,,›‘ò,,https://logoform.jp/form/AcMw/kdmtlightreport
352071,,kdmtscl00136,17067-102,,,•Äì,34.08748417,131.881725,¢ŠE‘ª’nŒn,,›‘ò,,https://logoform.jp/form/AcMw/kdmtlightreport
352071,,kdmtscl00137,17102-101,,,‰Ô‰ª,34.04020611,131.8868228,¢ŠE‘ª’nŒn,,¼‘º,,https://logoform.jp/form/AcMw/kdmtlightreport
352071,,kdmtscl00138,17032-101,,,‹v•Û,34.02725472,131.9150706,¢ŠE‘ª’nŒn,,’†ƒm”—,,https://logoform.jp/form/AcMw/kdmtlightreport
352071,,kdmtscl00139,17043-101,,,’†‘º,34.02745889,131.8572458,¢ŠE‘ª’nŒn,,“Œ‰ÍŒ´,,https://logoform.jp/form/AcMw/kdmtlightreport
352071,,kdmtscl00140,16085-107,,,––•,34.01571361,131.8553047,¢ŠE‘ª’nŒn,,“ŒŠJì,,https://logoform.jp/form/AcMw/kdmtlightreport
352071,,kdmtscl00141,17022-105,,,‰Ô‰ª,34.04033667,131.8847108,¢ŠE‘ª’nŒn,,“Œ–œƒm–Ø,,https://logoform.jp/form/AcMw/kdmtlightreport
352071,,kdmtscl00142,17022-104,,,‰Ô‰ª,34.04008639,131.8854808,¢ŠE‘ª’nŒn,,“Œ–œƒm–Ø,,https://logoform.jp/form/AcMw/kdmtlightreport
352071,,kdmtscl00143,17022-101,,,‰Ô‰ª,34.03903167,131.8842117,¢ŠE‘ª’nŒn,,“Œ–œƒm–Ø,,https://logoform.jp/form/AcMw/kdmtlightreport
352071,,kdmtscl00144,17022-102,,,‰Ô‰ª,34.03908,131.8847206,¢ŠE‘ª’nŒn,,“Œ–œƒm–Ø,,https://logoform.jp/form/AcMw/kdmtlightreport
352071,,kdmtscl00145,17022-103,,,‰Ô‰ª,34.03931083,131.8855383,¢ŠE‘ª’nŒn,,“Œ–œƒm–Ø,,https://logoform.jp/form/AcMw/kdmtlightreport
352071,,kdmtscl00146,17057-101,,,‰Ô‰ª,34.03784917,131.8867617,¢ŠE‘ª’nŒn,,‘å‰¤,,https://logoform.jp/form/AcMw/kdmtlightreport
352071,,kdmtscl00147,17057-102,,,‰Ô‰ª,34.03761028,131.8874964,¢ŠE‘ª’nŒn,,‘å‰¤,,https://logoform.jp/form/AcMw/kdmtlightreport
352071,,kdmtscl00148,17057-103,,,‰Ô‰ª,34.03689833,131.8860408,¢ŠE‘ª’nŒn,,‘å‰¤,,https://logoform.jp/form/AcMw/kdmtlightreport
352071,,kdmtscl00149,16093-101,,,‰Ô‰ª,34.04213972,131.882955,¢ŠE‘ª’nŒn,,‰Hª“c,,https://logoform.jp/form/AcMw/kdmtlightreport
352071,,kdmtscl00150,17085-101,,,––•,34.02537028,131.8670014,¢ŠE‘ª’nŒn,,“¡Œõ‰º,,https://logoform.jp/form/AcMw/kdmtlightreport
352071,,kdmtscl00151,16098-104,,,•Äì,34.102905,131.8830744,¢ŠE‘ª’nŒn,,Ô’J,,https://logoform.jp/form/AcMw/kdmtlightreport
352071,,kdmtscl00152,17026-101,,,‰Ô‰ª,34.03675694,131.8763042,¢ŠE‘ª’nŒn,,‰º‘º¼,,https://logoform.jp/form/AcMw/kdmtlightreport
352071,,kdmtscl00153,16090-104,,,‰Ô‰ª,34.02819306,131.8674122,¢ŠE‘ª’nŒn,,º˜a,,https://logoform.jp/form/AcMw/kdmtlightreport
352071,,kdmtscl00154,18056-104,,,‰Ô‰ª,34.0427825,131.8741319,¢ŠE‘ª’nŒn,,‰Ô‰ª—,,https://logoform.jp/form/AcMw/kdmtlightreport
352071,,kdmtscl00155,18056-105,,,‰Ô‰ª,34.04237111,131.8740519,¢ŠE‘ª’nŒn,,‰Ô‰ª—,,https://logoform.jp/form/AcMw/kdmtlightreport
352071,,kdmtscl00156,17046-110,,,‰Ô‰ª,34.04206972,131.8736856,¢ŠE‘ª’nŒn,,‰Ô‰ª—,,https://logoform.jp/form/AcMw/kdmtlightreport
352071,,kdmtscl00157,17046-106,,,‰Ô‰ª,34.04147472,131.8736403,¢ŠE‘ª’nŒn,,‰Ô‰ª—,,https://logoform.jp/form/AcMw/kdmtlightreport
352071,,kdmtscl00158,18056-106,,,‰Ô‰ª,34.04111306,131.8744628,¢ŠE‘ª’nŒn,,‰Ô‰ª—,,https://logoform.jp/form/AcMw/kdmtlightreport
352071,,kdmtscl00159,17046-105,,,‰Ô‰ª,34.04086722,131.8733553,¢ŠE‘ª’nŒn,,‰Ô‰ª—,,https://logoform.jp/form/AcMw/kdmtlightreport
352071,,kdmtscl00160,17046-104,,,‰Ô‰ª,34.03997028,131.8732242,¢ŠE‘ª’nŒn,,‰Ô‰ª—,,https://logoform.jp/form/AcMw/kdmtlightreport
352071,,kdmtscl00161,17046-103,,,‰Ô‰ª,34.03933,131.8733267,¢ŠE‘ª’nŒn,,‰Ô‰ª—,,https://logoform.jp/form/AcMw/kdmtlightreport
352071,,kdmtscl00162,17046-102,,,‰Ô‰ª,34.03892639,131.8732131,¢ŠE‘ª’nŒn,,‰Ô‰ª—,,https://logoform.jp/form/AcMw/kdmtlightreport
352071,,kdmtscl00163,17064-101,,,––•,34.01957056,131.8481692,¢ŠE‘ª’nŒn,,¼ŠJì,,https://logoform.jp/form/AcMw/kdmtlightreport
352071,,kdmtscl00164,17091-103,,,––•,34.03044083,131.8688597,¢ŠE‘ª’nŒn,,“¡Œõã,,https://logoform.jp/form/AcMw/kdmtlightreport
352071,,kdmtscl00165,16019-103,,,’†‘º,34.03020083,131.8509478,¢ŠE‘ª’nŒn,,‰º˜a“c,,https://logoform.jp/form/AcMw/kdmtlightreport
352071,,kdmtscl00166,16019-105,,,’†‘º,34.02979333,131.8498258,¢ŠE‘ª’nŒn,,‰º˜a“c,,https://logoform.jp/form/AcMw/kdmtlightreport
352071,,kdmtscl00167,16019-102,,,’†‘º,34.0295775,131.8488869,¢ŠE‘ª’nŒn,,‰º˜a“c,,https://logoform.jp/form/AcMw/kdmtlightreport
352071,,kdmtscl00168,16019-104,,,’†‘º,34.02947333,131.8485219,¢ŠE‘ª’nŒn,,‰º˜a“c,,https://logoform.jp/form/AcMw/kdmtlightreport
352071,,kdmtscl00169,17029-104,,,‰º¼,34.02391417,131.8827608,¢ŠE‘ª’nŒn,,á‹{’¬,,https://logoform.jp/form/AcMw/kdmtlightreport
352071,,kdmtscl00170,17029-105,,,‰º¼,34.02371389,131.8822708,¢ŠE‘ª’nŒn,,á‹{’¬,,https://logoform.jp/form/AcMw/kdmtlightreport
352071,,kdmtscl00171,17029-101,,,‰º¼,34.02256528,131.8833058,¢ŠE‘ª’nŒn,,á‹{’¬,,https://logoform.jp/form/AcMw/kdmtlightreport
352071,,kdmtscl00172,17088-101,,,––•,34.01395139,131.859665,¢ŠE‘ª’nŒn,,¼s“Œ,,https://logoform.jp/form/AcMw/kdmtlightreport
352071,,kdmtscl00173,17088-103,,,––•,34.01419528,131.8594633,¢ŠE‘ª’nŒn,,¼s“Œ,,https://logoform.jp/form/AcMw/kdmtlightreport
352071,,kdmtscl00174,17088-104,,,––•,34.01437667,131.8596547,¢ŠE‘ª’nŒn,,¼s“Œ,,https://logoform.jp/form/AcMw/kdmtlightreport
352071,,kdmtscl00175,17103-101,,,–Lˆä,34.00096944,131.8766192,¢ŠE‘ª’nŒn,,–Lˆä,,https://logoform.jp/form/AcMw/kdmtlightreport
352071,,kdmtscl00176,17103-106,,,–Lˆä,33.99931306,131.8776558,¢ŠE‘ª’nŒn,,–Lˆä,,https://logoform.jp/form/AcMw/kdmtlightreport
352071,,kdmtscl00177,17103-105,,,–Lˆä,33.9996425,131.8754186,¢ŠE‘ª’nŒn,,–Lˆä,,https://logoform.jp/form/AcMw/kdmtlightreport
352071,,kdmtscl00178,16093-102,,,‰Ô‰ª,34.04255556,131.8833481,¢ŠE‘ª’nŒn,,‰Hª“c,,https://logoform.jp/form/AcMw/kdmtlightreport
352071,,kdmtscl00179,L2012-095,,,•Äì,34.10258306,131.8772961,¢ŠE‘ª’nŒn,,´á,,https://logoform.jp/form/AcMw/kdmtlightreport
352071,,kdmtscl00180,16098-106,,,•Äì,34.10141083,131.8857817,¢ŠE‘ª’nŒn,,Ô’J,,https://logoform.jp/form/AcMw/kdmtlightreport
352071,,kdmtscl00181,16098-107,,,•Äì,34.10101778,131.8856183,¢ŠE‘ª’nŒn,,Ô’J,,https://logoform.jp/form/AcMw/kdmtlightreport
352071,,kdmtscl00182,16098-108,,,•Äì,34.10038861,131.8854603,¢ŠE‘ª’nŒn,,Ô’J,,https://logoform.jp/form/AcMw/kdmtlightreport
352071,,kdmtscl00183,18056-101,,,‰Ô‰ª,34.04389111,131.8733381,¢ŠE‘ª’nŒn,,‰Ô‰ª—,,https://logoform.jp/form/AcMw/kdmtlightreport
352071,,kdmtscl00184,18056-102,,,‰Ô‰ª,34.04362583,131.8733156,¢ŠE‘ª’nŒn,,‰Ô‰ª—,,https://logoform.jp/form/AcMw/kdmtlightreport
352071,,kdmtscl00185,17046-107,,,‰Ô‰ª,34.0432075,131.8743703,¢ŠE‘ª’nŒn,,‰Ô‰ª—,,https://logoform.jp/form/AcMw/kdmtlightreport
352071,,kdmtscl00186,18056-103,,,‰Ô‰ª,34.04330194,131.8739667,¢ŠE‘ª’nŒn,,‰Ô‰ª—,,https://logoform.jp/form/AcMw/kdmtlightreport
352071,,kdmtscl00187,17046-108,,,‰Ô‰ª,34.04346694,131.8750828,¢ŠE‘ª’nŒn,,‰Ô‰ª—,,https://logoform.jp/form/AcMw/kdmtlightreport
352071,,kdmtscl00188,17046-101,,,‰Ô‰ª,34.03798389,131.8728744,¢ŠE‘ª’nŒn,,‰Ô‰ª—,,https://logoform.jp/form/AcMw/kdmtlightreport
352071,,kdmtscl00189,17118-101,,,‰Ô‰ª,34.03489694,131.8720333,¢ŠE‘ª’nŒn,,“ì‰Ô‰ª7,,https://logoform.jp/form/AcMw/kdmtlightreport
352071,,kdmtscl00190,15058-101,,,•Äì,34.06107778,131.890625,¢ŠE‘ª’nŒn,,£ŒË,,https://logoform.jp/form/AcMw/kdmtlightreport
352071,,kdmtscl00191,L199403001,,,‹v•Û,34.03642306,131.9197547,¢ŠE‘ª’nŒn,,ØR˜A‡,,https://logoform.jp/form/AcMw/kdmtlightreport
352071,,kdmtscl00192,17091-104,,,––•,34.02823,131.8706169,¢ŠE‘ª’nŒn,,“¡Œõã,,https://logoform.jp/form/AcMw/kdmtlightreport
352071,,kdmtscl00193,17006-102,,,’†‘º,34.02593417,131.8457997,¢ŠE‘ª’nŒn,,Rª,,https://logoform.jp/form/AcMw/kdmtlightreport
352071,,kdmtscl00194,17006-101,,,’†‘º,34.02625194,131.8448372,¢ŠE‘ª’nŒn,,Rª,,https://logoform.jp/form/AcMw/kdmtlightreport
352071,,kdmtscl00195,16091-102,,,’†‘º,34.01888,131.8431272,¢ŠE‘ª’nŒn,,r_,,https://logoform.jp/form/AcMw/kdmtlightreport
352071,,kdmtscl00196,17023-101,,,‰Ô‰ª,34.03894722,131.8793011,¢ŠE‘ª’nŒn,,¼@,,https://logoform.jp/form/AcMw/kdmtlightreport
352071,,kdmtscl00197,16010-105,,,‰Ô‰ª,34.03474194,131.8735344,¢ŠE‘ª’nŒn,,íX“Œ,,https://logoform.jp/form/AcMw/kdmtlightreport
352071,,kdmtscl00198,17050-101,,,•Äì,34.08470528,131.8799414,¢ŠE‘ª’nŒn,,’†Œ´,,https://logoform.jp/form/AcMw/kdmtlightreport
352071,,kdmtscl00199,17050-102,,,•Äì,34.08436944,131.8800003,¢ŠE‘ª’nŒn,,’†Œ´,,https://logoform.jp/form/AcMw/kdmtlightreport
352071,,kdmtscl00200,16090-109,,,‰Ô‰ª,34.02661639,131.8652311,¢ŠE‘ª’nŒn,,º˜a,,https://logoform.jp/form/AcMw/kdmtlightreport
352071,,kdmtscl00201,16090-116,,,‰Ô‰ª,34.02806139,131.8635228,¢ŠE‘ª’nŒn,,º˜a,,https://logoform.jp/form/AcMw/kdmtlightreport
352071,,kdmtscl00202,14066-103,,,‰Ô‰ª,34.03530333,131.8939264,¢ŠE‘ª’nŒn,,“¡—§,,https://logoform.jp/form/AcMw/kdmtlightreport
352071,,kdmtscl00203,16089-102,,,‰º¼,34.01663861,131.870605,¢ŠE‘ª’nŒn,,––Œõ,,https://logoform.jp/form/AcMw/kdmtlightreport
352071,,kdmtscl00204,16089-103,,,‰º¼,34.01681861,131.8701308,¢ŠE‘ª’nŒn,,––Œõ,,https://logoform.jp/form/AcMw/kdmtlightreport
352071,,kdmtscl00205,16089-104,,,‰º¼,34.01688917,131.8706547,¢ŠE‘ª’nŒn,,––Œõ,,https://logoform.jp/form/AcMw/kdmtlightreport
352071,,kdmtscl00206,16089-106,,,‰º¼,34.01659694,131.8701125,¢ŠE‘ª’nŒn,,––Œõ,,https://logoform.jp/form/AcMw/kdmtlightreport
352071,,kdmtscl00207,16089-107,,,‰º¼,34.016375,131.8706786,¢ŠE‘ª’nŒn,,––Œõ,,https://logoform.jp/form/AcMw/kdmtlightreport
352071,,kdmtscl00208,17008-107,,,‰º¼,34.01013806,131.8626058,¢ŠE‘ª’nŒn,,‚»’¬¼,,https://logoform.jp/form/AcMw/kdmtlightreport
352071,,kdmtscl00209,17008-101,,,‰º¼,34.01032111,131.8629697,¢ŠE‘ª’nŒn,,‚»’¬¼,,https://logoform.jp/form/AcMw/kdmtlightreport
352071,,kdmtscl00210,17008-102,,,‰º¼,34.01056778,131.8625519,¢ŠE‘ª’nŒn,,‚»’¬¼,,https://logoform.jp/form/AcMw/kdmtlightreport
352071,,kdmtscl00211,17008-103,,,‰º¼,34.01073,131.8623031,¢ŠE‘ª’nŒn,,‚»’¬¼,,https://logoform.jp/form/AcMw/kdmtlightreport
352071,,kdmtscl00212,17020-101,,,‹v•Û,34.0279,131.8961222,¢ŠE‘ª’nŒn,,Â—t‘ä,,https://logoform.jp/form/AcMw/kdmtlightreport
352071,,kdmtscl00213,17020-102,,,‹v•Û,34.02616222,131.8975133,¢ŠE‘ª’nŒn,,Â—t‘ä,,https://logoform.jp/form/AcMw/kdmtlightreport
352071,,kdmtscl00214,17020-103,,,‹v•Û,34.02688806,131.8979756,¢ŠE‘ª’nŒn,,Â—t‘ä,,https://logoform.jp/form/AcMw/kdmtlightreport
352071,,kdmtscl00215,17020-104,,,‹v•Û,34.02814722,131.8964706,¢ŠE‘ª’nŒn,,Â—t‘ä,,https://logoform.jp/form/AcMw/kdmtlightreport
352071,,kdmtscl00216,17020-105,,,‹v•Û,34.02809667,131.8962006,¢ŠE‘ª’nŒn,,Â—t‘ä,,https://logoform.jp/form/AcMw/kdmtlightreport
352071,,kdmtscl00217,17020-106,,,‹v•Û,34.02782194,131.8966008,¢ŠE‘ª’nŒn,,Â—t‘ä,,https://logoform.jp/form/AcMw/kdmtlightreport
352071,,kdmtscl00218,17032-102,,,‹v•Û,34.01992778,131.9189975,¢ŠE‘ª’nŒn,,’†ƒm”—,,https://logoform.jp/form/AcMw/kdmtlightreport
352071,,kdmtscl00219,17064-102,,,––•,34.01891583,131.8484669,¢ŠE‘ª’nŒn,,¼ŠJì,,https://logoform.jp/form/AcMw/kdmtlightreport
352071,,kdmtscl00220,17064-103,,,––•,34.01890528,131.8489531,¢ŠE‘ª’nŒn,,¼ŠJì,,https://logoform.jp/form/AcMw/kdmtlightreport
352071,,kdmtscl00221,17064-104,,,––•,34.02052556,131.8459886,¢ŠE‘ª’nŒn,,¼ŠJì,,https://logoform.jp/form/AcMw/kdmtlightreport
352071,,kdmtscl00222,17103-104,,,–Lˆä,34.00097583,131.8749283,¢ŠE‘ª’nŒn,,–Lˆä,,https://logoform.jp/form/AcMw/kdmtlightreport
352071,,kdmtscl00223,L2011-097,,,–Lˆä,33.9998825,131.8752519,¢ŠE‘ª’nŒn,,–Lˆä,,https://logoform.jp/form/AcMw/kdmtlightreport
352071,,kdmtscl00224,17103-107,,,–Lˆä,34.00005306,131.8791517,¢ŠE‘ª’nŒn,,–Lˆä,,https://logoform.jp/form/AcMw/kdmtlightreport
352071,,kdmtscl00225,17085-102,,,––•,34.02626972,131.8664964,¢ŠE‘ª’nŒn,,“¡Œõ‰º,,https://logoform.jp/form/AcMw/kdmtlightreport
352071,,kdmtscl00226,17085-103,,,––•,34.02527833,131.8661878,¢ŠE‘ª’nŒn,,“¡Œõ‰º,,https://logoform.jp/form/AcMw/kdmtlightreport
352071,,kdmtscl00227,17104-102,,,‹v•Û,34.04798972,131.9191222,¢ŠE‘ª’nŒn,,ØR˜A‡,,https://logoform.jp/form/AcMw/kdmtlightreport
352071,,kdmtscl00228,17104-103,,,‹v•Û,34.04322833,131.9212069,¢ŠE‘ª’nŒn,,ØR˜A‡,,https://logoform.jp/form/AcMw/kdmtlightreport
352071,,kdmtscl00229,17104-104,,,‹v•Û,34.03113111,131.9248672,¢ŠE‘ª’nŒn,,ØR˜A‡,,https://logoform.jp/form/AcMw/kdmtlightreport
352071,,kdmtscl00230,17104-105,,,‹v•Û,34.03174972,131.9274019,¢ŠE‘ª’nŒn,,ØR˜A‡,,https://logoform.jp/form/AcMw/kdmtlightreport
352071,,kdmtscl00231,17104-106,,,‹v•Û,34.03147806,131.9286906,¢ŠE‘ª’nŒn,,ØR˜A‡,,https://logoform.jp/form/AcMw/kdmtlightreport
352071,,kdmtscl00232,15101-101,,,‰Ô‰ª,34.03736833,131.8880181,¢ŠE‘ª’nŒn,,‘å‰¤,,https://logoform.jp/form/AcMw/kdmtlightreport
352071,,kdmtscl00233,17057-104,,,‰Ô‰ª,34.03824111,131.8882328,¢ŠE‘ª’nŒn,,‘å‰¤,,https://logoform.jp/form/AcMw/kdmtlightreport
352071,,kdmtscl00234,16026-107,,,‰Ô‰ª,34.03801,131.8874692,¢ŠE‘ª’nŒn,,‘å‰¤,,https://logoform.jp/form/AcMw/kdmtlightreport
352071,,kdmtscl00235,L2011-030,,,‰Ô‰ª,34.03814194,131.8869692,¢ŠE‘ª’nŒn,,‘å‰¤,,https://logoform.jp/form/AcMw/kdmtlightreport
352071,,kdmtscl00236,17026-103,,,‰Ô‰ª,34.03694139,131.8763317,¢ŠE‘ª’nŒn,,‰º‘º¼,,https://logoform.jp/form/AcMw/kdmtlightreport
352071,,kdmtscl00237,17026-102,,,‰Ô‰ª,34.03659389,131.8767617,¢ŠE‘ª’nŒn,,‰º‘º¼,,https://logoform.jp/form/AcMw/kdmtlightreport
352071,,kdmtscl00238,17040-102,,,––•,34.02056778,131.8575636,¢ŠE‘ª’nŒn,,‚Ğ‚ç‚½”ü—¢,,https://logoform.jp/form/AcMw/kdmtlightreport
352071,,kdmtscl00239,18034-105,,,––•,34.02141583,131.8575647,¢ŠE‘ª’nŒn,,‚Ğ‚ç‚½”ü—¢,,https://logoform.jp/form/AcMw/kdmtlightreport
352071,,kdmtscl00240,17040-110,,,––•,34.02312556,131.8589936,¢ŠE‘ª’nŒn,,‚Ğ‚ç‚½”ü—¢,,https://logoform.jp/form/AcMw/kdmtlightreport
352071,,kdmtscl00241,17040-108,,,––•,34.02449972,131.8602133,¢ŠE‘ª’nŒn,,‚Ğ‚ç‚½”ü—¢,,https://logoform.jp/form/AcMw/kdmtlightreport
352071,,kdmtscl00242,17040-107,,,––•,34.02581417,131.8623478,¢ŠE‘ª’nŒn,,‚Ğ‚ç‚½”ü—¢,,https://logoform.jp/form/AcMw/kdmtlightreport
352071,,kdmtscl00243,17098-103,,,––•,34.02642333,131.8605644,¢ŠE‘ª’nŒn,,‚Ğ‚ç‚½–]’¬“Œ,,https://logoform.jp/form/AcMw/kdmtlightreport
352071,,kdmtscl00244,L2011-089,,,––•,34.02211167,131.856545,¢ŠE‘ª’nŒn,,‚Ğ‚ç‚½•ä,,https://logoform.jp/form/AcMw/kdmtlightreport
352071,,kdmtscl00245,17098-104,,,––•,34.025135,131.8578261,¢ŠE‘ª’nŒn,,‚Ğ‚ç‚½–]’¬“Œ,,https://logoform.jp/form/AcMw/kdmtlightreport
352071,,kdmtscl00246,18090-104,,,––•,34.02531806,131.8580522,¢ŠE‘ª’nŒn,,‚Ğ‚ç‚½–]’¬“Œ,,https://logoform.jp/form/AcMw/kdmtlightreport
352071,,kdmtscl00247,17098-105,,,––•,34.02562167,131.8575883,¢ŠE‘ª’nŒn,,‚Ğ‚ç‚½–]’¬“Œ,,https://logoform.jp/form/AcMw/kdmtlightreport
352071,,kdmtscl00248,17098-106,,,––•,34.02651472,131.8591258,¢ŠE‘ª’nŒn,,‚Ğ‚ç‚½–]’¬“Œ,,https://logoform.jp/form/AcMw/kdmtlightreport
352071,,kdmtscl00249,17052-103,,,––•,34.02693917,131.8587486,¢ŠE‘ª’nŒn,,‚Ğ‚ç‚½–]’¬¼,,https://logoform.jp/form/AcMw/kdmtlightreport
352071,,kdmtscl00250,17045-105,,,––•,34.02386333,131.855265,¢ŠE‘ª’nŒn,,‚Ğ‚ç‚½•ä,,https://logoform.jp/form/AcMw/kdmtlightreport
352071,,kdmtscl00251,17045-107,,,––•,34.0238,131.8530989,¢ŠE‘ª’nŒn,,‚Ğ‚ç‚½•ä,,https://logoform.jp/form/AcMw/kdmtlightreport
352071,,kdmtscl00252,17052-104,,,––•,34.02728222,131.8567711,¢ŠE‘ª’nŒn,,‚Ğ‚ç‚½–]’¬¼,,https://logoform.jp/form/AcMw/kdmtlightreport
352071,,kdmtscl00253,17098-107,,,––•,34.02348,131.8578847,¢ŠE‘ª’nŒn,,‚Ğ‚ç‚½–]’¬“Œ,,https://logoform.jp/form/AcMw/kdmtlightreport
352071,,kdmtscl00254,17058-101,,,‰º¼,34.01410222,131.8710697,¢ŠE‘ª’nŒn,,ã‰h’¬,,https://logoform.jp/form/AcMw/kdmtlightreport
352071,,kdmtscl00255,17058-102,,,‰º¼,34.01378694,131.8713372,¢ŠE‘ª’nŒn,,ã‰h’¬,,https://logoform.jp/form/AcMw/kdmtlightreport
352071,,kdmtscl00256,17058-103,,,‰º¼,34.01340972,131.8707258,¢ŠE‘ª’nŒn,,ã‰h’¬,,https://logoform.jp/form/AcMw/kdmtlightreport
352071,,kdmtscl00257,17058-104,,,‰º¼,34.01312056,131.87142,¢ŠE‘ª’nŒn,,ã‰h’¬,,https://logoform.jp/form/AcMw/kdmtlightreport
352071,,kdmtscl00258,17058-105,,,‰º¼,34.01317083,131.8702522,¢ŠE‘ª’nŒn,,ã‰h’¬,,https://logoform.jp/form/AcMw/kdmtlightreport
352071,,kdmtscl00259,17058-106,,,‰º¼,34.01299722,131.8691475,¢ŠE‘ª’nŒn,,ã‰h’¬,,https://logoform.jp/form/AcMw/kdmtlightreport
352071,,kdmtscl00260,17058-107,,,‰º¼,34.01295,131.86977,¢ŠE‘ª’nŒn,,ã‰h’¬,,https://logoform.jp/form/AcMw/kdmtlightreport
352071,,kdmtscl00261,17058-108,,,‰º¼,34.01275417,131.8693275,¢ŠE‘ª’nŒn,,ã‰h’¬,,https://logoform.jp/form/AcMw/kdmtlightreport
352071,,kdmtscl00262,17058-109,,,‰º¼,34.01261472,131.8691678,¢ŠE‘ª’nŒn,,ã‰h’¬,,https://logoform.jp/form/AcMw/kdmtlightreport
352071,,kdmtscl00263,17058-110,,,‰º¼,34.01267139,131.8686042,¢ŠE‘ª’nŒn,,ã‰h’¬,,https://logoform.jp/form/AcMw/kdmtlightreport
352071,,kdmtscl00264,18094-102,,,‰º¼,34.01255222,131.8698247,¢ŠE‘ª’nŒn,,ã‰h’¬,,https://logoform.jp/form/AcMw/kdmtlightreport
352071,,kdmtscl00265,18094-101,,,‰º¼,34.01239639,131.8695208,¢ŠE‘ª’nŒn,,ã‰h’¬,,https://logoform.jp/form/AcMw/kdmtlightreport
352071,,kdmtscl00266,18094-105,,,‰º¼,34.01227806,131.8700064,¢ŠE‘ª’nŒn,,ã‰h’¬,,https://logoform.jp/form/AcMw/kdmtlightreport
352071,,kdmtscl00267,18094-104,,,‰º¼,34.01218917,131.869705,¢ŠE‘ª’nŒn,,ã‰h’¬,,https://logoform.jp/form/AcMw/kdmtlightreport
352071,,kdmtscl00268,18094-103,,,‰º¼,34.01211278,131.8693814,¢ŠE‘ª’nŒn,,ã‰h’¬,,https://logoform.jp/form/AcMw/kdmtlightreport
352071,,kdmtscl00269,18094-107,,,‰º¼,34.01208028,131.8699175,¢ŠE‘ª’nŒn,,ã‰h’¬,,https://logoform.jp/form/AcMw/kdmtlightreport
352071,,kdmtscl00270,18094-108,,,‰º¼,34.01183389,131.8699708,¢ŠE‘ª’nŒn,,ã‰h’¬,,https://logoform.jp/form/AcMw/kdmtlightreport
352071,,kdmtscl00271,18094-106,,,‰º¼,34.01196722,131.8694814,¢ŠE‘ª’nŒn,,ã‰h’¬,,https://logoform.jp/form/AcMw/kdmtlightreport
352071,,kdmtscl00272,18094-109,,,‰º¼,34.01165333,131.8695572,¢ŠE‘ª’nŒn,,ã‰h’¬,,https://logoform.jp/form/AcMw/kdmtlightreport
352071,,kdmtscl00273,16091-101,,,’†‘º,34.01924917,131.8438486,¢ŠE‘ª’nŒn,,r_,,https://logoform.jp/form/AcMw/kdmtlightreport
352071,,kdmtscl00274,L2011-060,,,––•,34.01903333,131.8434333,¢ŠE‘ª’nŒn,,r_,,https://logoform.jp/form/AcMw/kdmtlightreport
352071,,kdmtscl00275,16091-103,,,––•,34.01863833,131.8422247,¢ŠE‘ª’nŒn,,r_,,https://logoform.jp/form/AcMw/kdmtlightreport
352071,,kdmtscl00276,17012-102,,,‰º¼,34.01320056,131.8689778,¢ŠE‘ª’nŒn,,‘åè’¬,,https://logoform.jp/form/AcMw/kdmtlightreport
352071,,kdmtscl00277,17090-106,,,‹v•Û,34.0349925,131.8959611,¢ŠE‘ª’nŒn,,R“c˜A‡,,https://logoform.jp/form/AcMw/kdmtlightreport
352071,,kdmtscl00278,17090-102,,,‹v•Û,34.03868472,131.8968344,¢ŠE‘ª’nŒn,,R“c˜A‡,,https://logoform.jp/form/AcMw/kdmtlightreport
352071,,kdmtscl00279,17090-103,,,‹v•Û,34.03829222,131.8964358,¢ŠE‘ª’nŒn,,R“c˜A‡,,https://logoform.jp/form/AcMw/kdmtlightreport
352071,,kdmtscl00280,17021-101,,,‰º¼,34.01737694,131.8823158,¢ŠE‘ª’nŒn,,º˜a’¬‚Q’š–Ú,,https://logoform.jp/form/AcMw/kdmtlightreport
352071,,kdmtscl00281,17105-102,,,•Äì,34.102045,131.8768192,¢ŠE‘ª’nŒn,,´á,,https://logoform.jp/form/AcMw/kdmtlightreport
352071,,kdmtscl00282,17105-103,,,•Äì,34.10100806,131.8773642,¢ŠE‘ª’nŒn,,´á,,https://logoform.jp/form/AcMw/kdmtlightreport
352071,,kdmtscl00283,17047-102,,,‰Ô‰ª,34.03862861,131.8838822,¢ŠE‘ª’nŒn,,–œƒm–Ø’¬,,https://logoform.jp/form/AcMw/kdmtlightreport
352071,,kdmtscl00284,17047-101,,,‰Ô‰ª,34.03815639,131.8836583,¢ŠE‘ª’nŒn,,–œƒm–Ø’¬,,https://logoform.jp/form/AcMw/kdmtlightreport
352071,,kdmtscl00285,18042-101,,,‰Ô‰ª,34.03867056,131.8699508,¢ŠE‘ª’nŒn,,‘å•’¬,,https://logoform.jp/form/AcMw/kdmtlightreport
352071,,kdmtscl00286,18042-102,,,‰Ô‰ª,34.03784083,131.8701131,¢ŠE‘ª’nŒn,,‘å•’¬,,https://logoform.jp/form/AcMw/kdmtlightreport
352071,,kdmtscl00287,17021-102,,,‰º¼,34.01736972,131.88186,¢ŠE‘ª’nŒn,,º˜a’¬‚Q’š–Ú,,https://logoform.jp/form/AcMw/kdmtlightreport
352071,,kdmtscl00288,17021-103,,,‰º¼,34.01697778,131.8823136,¢ŠE‘ª’nŒn,,º˜a’¬‚Q’š–Ú,,https://logoform.jp/form/AcMw/kdmtlightreport
352071,,kdmtscl00289,18028-102,,,‰º¼,34.01718861,131.8658003,¢ŠE‘ª’nŒn,,–ö,,https://logoform.jp/form/AcMw/kdmtlightreport
352071,,kdmtscl00290,18100-111,,,‰º¼,34.01691528,131.8664675,¢ŠE‘ª’nŒn,,“ŒŒõ›¼,,https://logoform.jp/form/AcMw/kdmtlightreport
352071,,kdmtscl00291,18100-112,,,‰º¼,34.01666167,131.8661578,¢ŠE‘ª’nŒn,,“ŒŒõ›¼,,https://logoform.jp/form/AcMw/kdmtlightreport
352071,,kdmtscl00292,17113-102,,,‰º¼,34.01622111,131.8658392,¢ŠE‘ª’nŒn,,–ö,,https://logoform.jp/form/AcMw/kdmtlightreport
352071,,kdmtscl00293,17033-102,,,‰º¼,34.01866028,131.8837408,¢ŠE‘ª’nŒn,,‹gŒ´,,https://logoform.jp/form/AcMw/kdmtlightreport
352071,,kdmtscl00294,17033-103,,,‰º¼,34.01778056,131.8848419,¢ŠE‘ª’nŒn,,‹gŒ´,,https://logoform.jp/form/AcMw/kdmtlightreport
352071,,kdmtscl00295,17033-106,,,‰º¼,34.01569861,131.8851669,¢ŠE‘ª’nŒn,,‹gŒ´,,https://logoform.jp/form/AcMw/kdmtlightreport
352071,,kdmtscl00296,17033-104,,,‰º¼,34.01447083,131.8865072,¢ŠE‘ª’nŒn,,‹gŒ´,,https://logoform.jp/form/AcMw/kdmtlightreport
352071,,kdmtscl00297,16097-101,,,‹v•Û,34.02820556,131.90283,¢ŠE‘ª’nŒn,,‹v•Ûs,,https://logoform.jp/form/AcMw/kdmtlightreport
352071,,kdmtscl00298,17091-105,,,––•,34.02660417,131.8669261,¢ŠE‘ª’nŒn,,“¡Œõã,,https://logoform.jp/form/AcMw/kdmtlightreport
352071,,kdmtscl00299,17091-106,,,––•,34.027845,131.8709047,¢ŠE‘ª’nŒn,,“¡Œõã,,https://logoform.jp/form/AcMw/kdmtlightreport
352071,,kdmtscl00300,17043-102,,,’†‘º,34.02804639,131.8574783,¢ŠE‘ª’nŒn,,“Œ‰ÍŒ´,,https://logoform.jp/form/AcMw/kdmtlightreport
352071,,kdmtscl00301,17043-103,,,’†‘º,34.02742361,131.8578419,¢ŠE‘ª’nŒn,,“Œ‰ÍŒ´,,https://logoform.jp/form/AcMw/kdmtlightreport
352071,,kdmtscl00302,17072-101,,,‰Ô‰ª,34.03296611,131.8651653,¢ŠE‘ª’nŒn,,“Œ’†‘º,,https://logoform.jp/form/AcMw/kdmtlightreport
352071,,kdmtscl00303,17020-107,,,‹v•Û,34.02707083,131.8970522,¢ŠE‘ª’nŒn,,Â—t‘ä,,https://logoform.jp/form/AcMw/kdmtlightreport
352071,,kdmtscl00304,17113-110,,,‰º¼,34.015165,131.8654167,¢ŠE‘ª’nŒn,,–ö,,https://logoform.jp/form/AcMw/kdmtlightreport
352071,,kdmtscl00305,18129-121,,,‰º¼,34.01508917,131.8783317,¢ŠE‘ª’nŒn,,º˜a’Ê‚èã,,https://logoform.jp/form/AcMw/kdmtlightreport
352071,,kdmtscl00306,17092-101,,,‰Ô‰ª,34.03286944,131.8676636,¢ŠE‘ª’nŒn,,¼íX,,https://logoform.jp/form/AcMw/kdmtlightreport
352071,,kdmtscl00307,17073-102,,,Š}ŒË,33.96806333,131.8477783,¢ŠE‘ª’nŒn,,”ö‹½E—,,https://logoform.jp/form/AcMw/kdmtlightreport
352071,,kdmtscl00308,18043-102,,,•Äì,34.10407889,131.8922183,¢ŠE‘ª’nŒn,,Ô’J,,https://logoform.jp/form/AcMw/kdmtlightreport
352071,,kdmtscl00309,L2012-107,,,•Äì,34.10151639,131.8908939,¢ŠE‘ª’nŒn,,Ô’J,,https://logoform.jp/form/AcMw/kdmtlightreport
352071,,kdmtscl00310,17059-103,,,‰Ô‰ª,34.0372,131.8821183,¢ŠE‘ª’nŒn,,­,,https://logoform.jp/form/AcMw/kdmtlightreport
352071,,kdmtscl00311,14052-107,,,‰Ô‰ª,34.03946333,131.8807908,¢ŠE‘ª’nŒn,,“Œ@,,https://logoform.jp/form/AcMw/kdmtlightreport
352071,,kdmtscl00312,13045-106,,,‰Ô‰ª,34.04009667,131.8808408,¢ŠE‘ª’nŒn,,“Œ@,,https://logoform.jp/form/AcMw/kdmtlightreport
352071,,kdmtscl00313,14052-105,,,‰Ô‰ª,34.04007639,131.8812258,¢ŠE‘ª’nŒn,,“Œ@,,https://logoform.jp/form/AcMw/kdmtlightreport
352071,,kdmtscl00314,17026-105,,,‰Ô‰ª,34.03583361,131.8779786,¢ŠE‘ª’nŒn,,‰º‘º¼,,https://logoform.jp/form/AcMw/kdmtlightreport
352071,,kdmtscl00315,17026-104,,,‰Ô‰ª,34.03567944,131.8783539,¢ŠE‘ª’nŒn,,‰º‘º¼,,https://logoform.jp/form/AcMw/kdmtlightreport
352071,,kdmtscl00316,17117-101,,,‰º¼,34.01284083,131.8756542,¢ŠE‘ª’nŒn,,Šø‰ª’n‹æ•Ÿƒ‹¦‹c‰ï,,https://logoform.jp/form/AcMw/kdmtlightreport
352071,,kdmtscl00317,17117-102,,,‰º¼,34.01238028,131.8753206,¢ŠE‘ª’nŒn,,Šø‰ª’n‹æ•Ÿƒ‹¦‹c‰ï,,https://logoform.jp/form/AcMw/kdmtlightreport
352071,,kdmtscl00318,17101-108,,,‹v•Û,34.02446472,131.8957486,¢ŠE‘ª’nŒn,,o‡,,https://logoform.jp/form/AcMw/kdmtlightreport
352071,,kdmtscl00319,17101-106,,,‹v•Û,34.02486389,131.8957622,¢ŠE‘ª’nŒn,,o‡,,https://logoform.jp/form/AcMw/kdmtlightreport
352071,,kdmtscl00320,17101-101,,,‹v•Û,34.02416194,131.8930839,¢ŠE‘ª’nŒn,,o‡,,https://logoform.jp/form/AcMw/kdmtlightreport
352071,,kdmtscl00321,17101-102,,,‹v•Û,34.0238675,131.8920367,¢ŠE‘ª’nŒn,,o‡,,https://logoform.jp/form/AcMw/kdmtlightreport
352071,,kdmtscl00322,17101-107,,,‹v•Û,34.0247525,131.8954436,¢ŠE‘ª’nŒn,,o‡,,https://logoform.jp/form/AcMw/kdmtlightreport
352071,,kdmtscl00323,17088-105,,,––•,34.01375667,131.8610022,¢ŠE‘ª’nŒn,,¼s“Œ,,https://logoform.jp/form/AcMw/kdmtlightreport
352071,,kdmtscl00324,17088-106,,,––•,34.01474472,131.8617592,¢ŠE‘ª’nŒn,,¼s“Œ,,https://logoform.jp/form/AcMw/kdmtlightreport
352071,,kdmtscl00325,16098-101,,,•Äì,34.10285583,131.8821086,¢ŠE‘ª’nŒn,,Ô’J,,https://logoform.jp/form/AcMw/kdmtlightreport
352071,,kdmtscl00326,16097-102,,,‹v•Û,34.02917861,131.9079094,¢ŠE‘ª’nŒn,,‹v•Ûs,,https://logoform.jp/form/AcMw/kdmtlightreport
352071,,kdmtscl00327,16097-103,,,‹v•Û,34.02918,131.9082869,¢ŠE‘ª’nŒn,,‹v•Ûs,,https://logoform.jp/form/AcMw/kdmtlightreport
352071,,kdmtscl00328,16097-104,,,‹v•Û,34.02940722,131.9087183,¢ŠE‘ª’nŒn,,‹v•Ûs,,https://logoform.jp/form/AcMw/kdmtlightreport
352071,,kdmtscl00329,17019-101,,,‰Ô‰ª,34.04247722,131.8797689,¢ŠE‘ª’nŒn,,ã@,,https://logoform.jp/form/AcMw/kdmtlightreport
352071,,kdmtscl00330,17079-105,,,‹v•Û,34.01928028,131.9311131,¢ŠE‘ª’nŒn,,‰œ”—‰º,,https://logoform.jp/form/AcMw/kdmtlightreport
352071,,kdmtscl00331,17079-104,,,‹v•Û,34.02064583,131.9275456,¢ŠE‘ª’nŒn,,‰œ”—‰º,,https://logoform.jp/form/AcMw/kdmtlightreport
352071,,kdmtscl00332,17069-101,,,‹v•Û,34.01891361,131.9301581,¢ŠE‘ª’nŒn,,‰œ”—ã,,https://logoform.jp/form/AcMw/kdmtlightreport
352071,,kdmtscl00333,17079-106,,,‹v•Û,34.0203975,131.9295094,¢ŠE‘ª’nŒn,,‰œ”—‰º,,https://logoform.jp/form/AcMw/kdmtlightreport
352071,,kdmtscl00334,18064-122,,,‰º¼,34.00651194,131.8708461,¢ŠE‘ª’nŒn,,ŒÃì’¬,,https://logoform.jp/form/AcMw/kdmtlightreport
352071,,kdmtscl00335,17079-102,,,‹v•Û,34.02103083,131.9300208,¢ŠE‘ª’nŒn,,‰œ”—‰º,,https://logoform.jp/form/AcMw/kdmtlightreport
352071,,kdmtscl00336,16079-106,,,‹v•Û,34.02691639,131.9011431,¢ŠE‘ª’nŒn,,“ú‚Ìo’¬,,https://logoform.jp/form/AcMw/kdmtlightreport
352071,,kdmtscl00337,17024-101,,,––•,34.02425556,131.8661764,¢ŠE‘ª’nŒn,,”öK,,https://logoform.jp/form/AcMw/kdmtlightreport
352071,,kdmtscl00338,17024-102,,,––•,34.02377694,131.8655117,¢ŠE‘ª’nŒn,,”öK,,https://logoform.jp/form/AcMw/kdmtlightreport
352071,,kdmtscl00339,17061-101,,,–Lˆä,34.00406056,131.8750261,¢ŠE‘ª’nŒn,,‹Õ•½’¬,,https://logoform.jp/form/AcMw/kdmtlightreport
352071,,kdmtscl00340,17074-101,,,‰Ô‰ª,34.04015139,131.8655014,¢ŠE‘ª’nŒn,,‚‹´,,https://logoform.jp/form/AcMw/kdmtlightreport
352071,,kdmtscl00341,17074-102,,,‰Ô‰ª,34.03966889,131.8664789,¢ŠE‘ª’nŒn,,‚‹´,,https://logoform.jp/form/AcMw/kdmtlightreport
352071,,kdmtscl00342,17027-104,,,‰º¼,34.00831778,131.86817,¢ŠE‘ª’nŒn,,V’¬,,https://logoform.jp/form/AcMw/kdmtlightreport
352071,,kdmtscl00343,17112-103,,,‰º¼,34.01455389,131.8719422,¢ŠE‘ª’nŒn,,“s’¬,,https://logoform.jp/form/AcMw/kdmtlightreport
352071,,kdmtscl00344,18144-104,,,––•,34.01786306,131.8568161,¢ŠE‘ª’nŒn,,‰º¼si“ss­ô‰Ûj,,https://logoform.jp/form/AcMw/kdmtlightreport
352071,,kdmtscl00345,17081-101,,,––•,34.02509389,131.8644306,¢ŠE‘ª’nŒn,,•½“c“Œ,,https://logoform.jp/form/AcMw/kdmtlightreport
352071,,kdmtscl00346,17104-107,,,‹v•Û,34.03101111,131.9186,¢ŠE‘ª’nŒn,,ØR˜A‡,,https://logoform.jp/form/AcMw/kdmtlightreport
352071,,kdmtscl00347,16090-113,,,‰Ô‰ª,34.02907528,131.8628956,¢ŠE‘ª’nŒn,,º˜a,,https://logoform.jp/form/AcMw/kdmtlightreport
352071,,kdmtscl00348,16090-117,,,‰Ô‰ª,34.02862944,131.8644275,¢ŠE‘ª’nŒn,,º˜a,,https://logoform.jp/form/AcMw/kdmtlightreport
352071,,kdmtscl00349,16090-118,,,‰Ô‰ª,34.02830444,131.8641503,¢ŠE‘ª’nŒn,,º˜a,,https://logoform.jp/form/AcMw/kdmtlightreport
352071,,kdmtscl00350,16090-115,,,‰Ô‰ª,34.02836278,131.8630481,¢ŠE‘ª’nŒn,,º˜a,,https://logoform.jp/form/AcMw/kdmtlightreport
352071,,kdmtscl00351,16090-119,,,‰Ô‰ª,34.02738611,131.8644464,¢ŠE‘ª’nŒn,,º˜a,,https://logoform.jp/form/AcMw/kdmtlightreport
352071,,kdmtscl00352,16090-120,,,‰Ô‰ª,34.02711972,131.8640806,¢ŠE‘ª’nŒn,,º˜a,,https://logoform.jp/form/AcMw/kdmtlightreport
352071,,kdmtscl00353,13083-101,,,‰Ô‰ª,34.02701417,131.8638303,¢ŠE‘ª’nŒn,,º˜a,,https://logoform.jp/form/AcMw/kdmtlightreport
352071,,kdmtscl00354,16090-121,,,‰Ô‰ª,34.02659667,131.8635978,¢ŠE‘ª’nŒn,,º˜a,,https://logoform.jp/form/AcMw/kdmtlightreport
352071,,kdmtscl00355,16090-110,,,‰Ô‰ª,34.02715444,131.8668014,¢ŠE‘ª’nŒn,,º˜a,,https://logoform.jp/form/AcMw/kdmtlightreport
352071,,kdmtscl00356,16090-111,,,‰Ô‰ª,34.02687806,131.8664167,¢ŠE‘ª’nŒn,,º˜a,,https://logoform.jp/form/AcMw/kdmtlightreport
352071,,kdmtscl00357,16090-112,,,‰Ô‰ª,34.02650222,131.8661889,¢ŠE‘ª’nŒn,,º˜a,,https://logoform.jp/form/AcMw/kdmtlightreport
352071,,kdmtscl00358,18147-105,,,‰Ô‰ª,34.02608611,131.8661264,¢ŠE‘ª’nŒn,,‰º¼si‹³ˆçˆÏˆõ‰ï@‹³ˆç‘–±‰Ûj,,https://logoform.jp/form/AcMw/kdmtlightreport
352071,,kdmtscl00359,18147-106,,,‰Ô‰ª,34.02565,131.8660164,¢ŠE‘ª’nŒn,,‰º¼si‹³ˆçˆÏˆõ‰ï@‹³ˆç‘–±‰Ûj,,https://logoform.jp/form/AcMw/kdmtlightreport
352071,,kdmtscl00360,18147-108,,,‰Ô‰ª,34.02482,131.8648639,¢ŠE‘ª’nŒn,,‰º¼si‹³ˆçˆÏˆõ‰ï@‹³ˆç‘–±‰Ûj,,https://logoform.jp/form/AcMw/kdmtlightreport
352071,,kdmtscl00361,18075-106,,,––•,34.02534444,131.8640806,¢ŠE‘ª’nŒn,,•½“c“Œ,,https://logoform.jp/form/AcMw/kdmtlightreport
352071,,kdmtscl00362,16090-114,,,‰Ô‰ª,34.02870056,131.8625303,¢ŠE‘ª’nŒn,,º˜a,,https://logoform.jp/form/AcMw/kdmtlightreport
352071,,kdmtscl00363,14092-101,,,‰Ô‰ª,34.02776167,131.8640067,¢ŠE‘ª’nŒn,,º˜a,,https://logoform.jp/form/AcMw/kdmtlightreport
352071,,kdmtscl00364,L2012-131,,,‰Ô‰ª,34.02839167,131.8670042,¢ŠE‘ª’nŒn,,º˜a,,https://logoform.jp/form/AcMw/kdmtlightreport
352071,,kdmtscl00365,16090-106,,,‰Ô‰ª,34.02770083,131.86617,¢ŠE‘ª’nŒn,,º˜a,,https://logoform.jp/form/AcMw/kdmtlightreport
352071,,kdmtscl00366,16090-107,,,‰Ô‰ª,34.02728056,131.8657903,¢ŠE‘ª’nŒn,,º˜a,,https://logoform.jp/form/AcMw/kdmtlightreport
352071,,kdmtscl00367,16090-108,,,‰Ô‰ª,34.02687139,131.8654703,¢ŠE‘ª’nŒn,,º˜a,,https://logoform.jp/form/AcMw/kdmtlightreport
352071,,kdmtscl00368,14052-101,,,‰Ô‰ª,34.03771,131.8802736,¢ŠE‘ª’nŒn,,“Œ@,,https://logoform.jp/form/AcMw/kdmtlightreport
352071,,kdmtscl00369,17108-101,,,[‰Y,33.9443575,131.8269464,¢ŠE‘ª’nŒn,,[‰Y,,https://logoform.jp/form/AcMw/kdmtlightreport
352071,,kdmtscl00370,17037-105,,,[‰Y,33.95387361,131.8382489,¢ŠE‘ª’nŒn,,¬[‰Y,,https://logoform.jp/form/AcMw/kdmtlightreport
352071,,kdmtscl00371,17037-103,,,[‰Y,33.94755333,131.8313114,¢ŠE‘ª’nŒn,,¬[‰Y,,https://logoform.jp/form/AcMw/kdmtlightreport
352071,,kdmtscl00372,17056-101,,,‹v•Û,34.03121361,131.8984894,¢ŠE‘ª’nŒn,,Kƒ–‹u,,https://logoform.jp/form/AcMw/kdmtlightreport
352071,,kdmtscl00373,17056-102,,,‹v•Û,34.03119111,131.8979917,¢ŠE‘ª’nŒn,,Kƒ–‹u,,https://logoform.jp/form/AcMw/kdmtlightreport
352071,,kdmtscl00374,17056-104,,,‹v•Û,34.03069528,131.8974272,¢ŠE‘ª’nŒn,,Kƒ–‹u,,https://logoform.jp/form/AcMw/kdmtlightreport
352071,,kdmtscl00375,17056-105,,,‹v•Û,34.03041361,131.8977306,¢ŠE‘ª’nŒn,,Kƒ–‹u,,https://logoform.jp/form/AcMw/kdmtlightreport
352071,,kdmtscl00376,17056-106,,,‹v•Û,34.03076611,131.8978817,¢ŠE‘ª’nŒn,,Kƒ–‹u,,https://logoform.jp/form/AcMw/kdmtlightreport
352071,,kdmtscl00377,17043-104,,,’†‘º,34.02796778,131.8589756,¢ŠE‘ª’nŒn,,“Œ‰ÍŒ´,,https://logoform.jp/form/AcMw/kdmtlightreport
352071,,kdmtscl00378,17043-105,,,’†‘º,34.02770222,131.8573811,¢ŠE‘ª’nŒn,,“Œ‰ÍŒ´,,https://logoform.jp/form/AcMw/kdmtlightreport
352071,,kdmtscl00379,17043-106,,,’†‘º,34.0284525,131.8578794,¢ŠE‘ª’nŒn,,“Œ‰ÍŒ´,,https://logoform.jp/form/AcMw/kdmtlightreport
352071,,kdmtscl00380,18112-108,,,‹v•Û,34.04400722,131.9092147,¢ŠE‘ª’nŒn,,R“c˜A‡,,https://logoform.jp/form/AcMw/kdmtlightreport
352071,,kdmtscl00381,18112-106,,,‹v•Û,34.04276306,131.9071647,¢ŠE‘ª’nŒn,,R“c˜A‡,,https://logoform.jp/form/AcMw/kdmtlightreport
352071,,kdmtscl00382,18112-119,,,‹v•Û,34.04676694,131.9125656,¢ŠE‘ª’nŒn,,R“c˜A‡,,https://logoform.jp/form/AcMw/kdmtlightreport
352071,,kdmtscl00383,18112-120,,,‹v•Û,34.04588222,131.9117706,¢ŠE‘ª’nŒn,,R“c˜A‡,,https://logoform.jp/form/AcMw/kdmtlightreport
352071,,kdmtscl00384,17090-101,,,‹v•Û,34.03942917,131.8975603,¢ŠE‘ª’nŒn,,R“c˜A‡,,https://logoform.jp/form/AcMw/kdmtlightreport
352071,,kdmtscl00385,17090-105,,,‹v•Û,34.03563361,131.8954394,¢ŠE‘ª’nŒn,,R“c˜A‡,,https://logoform.jp/form/AcMw/kdmtlightreport
352071,,kdmtscl00386,L2012-145,,,‹v•Û,34.03392167,131.8970711,¢ŠE‘ª’nŒn,,R“c˜A‡,,https://logoform.jp/form/AcMw/kdmtlightreport
352071,,kdmtscl00387,17090-110,,,‹v•Û,34.03967333,131.9063197,¢ŠE‘ª’nŒn,,R“c˜A‡,,https://logoform.jp/form/AcMw/kdmtlightreport
352071,,kdmtscl00388,17090-109,,,‹v•Û,34.03833778,131.9055903,¢ŠE‘ª’nŒn,,R“c˜A‡,,https://logoform.jp/form/AcMw/kdmtlightreport
352071,,kdmtscl00389,17090-108,,,‹v•Û,34.03755556,131.9048914,¢ŠE‘ª’nŒn,,R“c˜A‡,,https://logoform.jp/form/AcMw/kdmtlightreport
352071,,kdmtscl00390,18069-102,,,‹v•Û,34.03095944,131.8988317,¢ŠE‘ª’nŒn,,Kƒ–‹u,,https://logoform.jp/form/AcMw/kdmtlightreport
352071,,kdmtscl00391,17056-107,,,‹v•Û,34.03075889,131.8986433,¢ŠE‘ª’nŒn,,Kƒ–‹u,,https://logoform.jp/form/AcMw/kdmtlightreport
352071,,kdmtscl00392,L2012-092,,,‹v•Û,34.03094361,131.8983219,¢ŠE‘ª’nŒn,,Kƒ–‹u,,https://logoform.jp/form/AcMw/kdmtlightreport
352071,,kdmtscl00393,18069-103,,,‹v•Û,34.03029056,131.8986194,¢ŠE‘ª’nŒn,,Kƒ–‹u,,https://logoform.jp/form/AcMw/kdmtlightreport
352071,,kdmtscl00394,17056-108,,,‹v•Û,34.03025444,131.8980656,¢ŠE‘ª’nŒn,,Kƒ–‹u,,https://logoform.jp/form/AcMw/kdmtlightreport
352071,,kdmtscl00395,17056-109,,,‹v•Û,34.03006028,131.8972294,¢ŠE‘ª’nŒn,,Kƒ–‹u,,https://logoform.jp/form/AcMw/kdmtlightreport
352071,,kdmtscl00396,17056-110,,,‹v•Û,34.02983167,131.8967147,¢ŠE‘ª’nŒn,,Kƒ–‹u,,https://logoform.jp/form/AcMw/kdmtlightreport
352071,,kdmtscl00397,17052-105,,,––•,34.02644389,131.8560828,¢ŠE‘ª’nŒn,,‚Ğ‚ç‚½–]’¬¼,,https://logoform.jp/form/AcMw/kdmtlightreport
352071,,kdmtscl00398,17052-106,,,––•,34.02608306,131.8558064,¢ŠE‘ª’nŒn,,‚Ğ‚ç‚½–]’¬¼,,https://logoform.jp/form/AcMw/kdmtlightreport
352071,,kdmtscl00399,17052-107,,,––•,34.02566722,131.8553814,¢ŠE‘ª’nŒn,,‚Ğ‚ç‚½–]’¬¼,,https://logoform.jp/form/AcMw/kdmtlightreport
352071,,kdmtscl00400,17098-108,,,––•,34.02394611,131.858415,¢ŠE‘ª’nŒn,,‚Ğ‚ç‚½–]’¬“Œ,,https://logoform.jp/form/AcMw/kdmtlightreport
352071,,kdmtscl00401,17045-101,,,––•,34.0212775,131.85633,¢ŠE‘ª’nŒn,,‚Ğ‚ç‚½•ä,,https://logoform.jp/form/AcMw/kdmtlightreport
352071,,kdmtscl00402,17040-104,,,––•,34.02107917,131.8566647,¢ŠE‘ª’nŒn,,‚Ğ‚ç‚½”ü—¢,,https://logoform.jp/form/AcMw/kdmtlightreport
352071,,kdmtscl00403,17040-103,,,––•,34.02082083,131.8571172,¢ŠE‘ª’nŒn,,‚Ğ‚ç‚½”ü—¢,,https://logoform.jp/form/AcMw/kdmtlightreport
352071,,kdmtscl00404,16041-107,,,––•,34.01764917,131.8574986,¢ŠE‘ª’nŒn,,‚ ‚¯‚Ú‚Ì’¬,,https://logoform.jp/form/AcMw/kdmtlightreport
352071,,kdmtscl00405,17082-101,,,––•,34.01690639,131.8571128,¢ŠE‘ª’nŒn,,‚ ‚¯‚Ú‚Ì’¬,,https://logoform.jp/form/AcMw/kdmtlightreport
352071,,kdmtscl00406,16041-105,,,––•,34.01599583,131.8586897,¢ŠE‘ª’nŒn,,‚ ‚¯‚Ú‚Ì’¬,,https://logoform.jp/form/AcMw/kdmtlightreport
352071,,kdmtscl00407,17010-101,,,‰Ô‰ª,34.0304725,131.8684986,¢ŠE‘ª’nŒn,,‰º‚’Ë,,https://logoform.jp/form/AcMw/kdmtlightreport
352071,,kdmtscl00408,18030-109,,,‰Ô‰ª,34.03759861,131.8887117,¢ŠE‘ª’nŒn,,’†‘º¼,,https://logoform.jp/form/AcMw/kdmtlightreport
352071,,kdmtscl00409,16098-105,,,•Äì,34.10314611,131.8836003,¢ŠE‘ª’nŒn,,Ô’J,,https://logoform.jp/form/AcMw/kdmtlightreport
352071,,kdmtscl00410,16098-102,,,•Äì,34.10227694,131.8824519,¢ŠE‘ª’nŒn,,Ô’J,,https://logoform.jp/form/AcMw/kdmtlightreport
352071,,kdmtscl00411,17048-101,,,‰º¼,34.00795167,131.8636944,¢ŠE‘ª’nŒn,,¬Œ©’¬,,https://logoform.jp/form/AcMw/kdmtlightreport
352071,,kdmtscl00412,17048-102,,,‰º¼,34.00778417,131.8631658,¢ŠE‘ª’nŒn,,¬Œ©’¬,,https://logoform.jp/form/AcMw/kdmtlightreport
352071,,kdmtscl00413,17048-103,,,‰º¼,34.00717306,131.8630306,¢ŠE‘ª’nŒn,,¬Œ©’¬,,https://logoform.jp/form/AcMw/kdmtlightreport
352071,,kdmtscl00414,17048-104,,,‰º¼,34.00704,131.8626858,¢ŠE‘ª’nŒn,,¬Œ©’¬,,https://logoform.jp/form/AcMw/kdmtlightreport
352071,,kdmtscl00415,L2012-105,,,––•,34.01840889,131.8438075,¢ŠE‘ª’nŒn,,¼ŠJì,,https://logoform.jp/form/AcMw/kdmtlightreport
352071,,kdmtscl00416,17064-105,,,––•,34.01804056,131.8441386,¢ŠE‘ª’nŒn,,¼ŠJì,,https://logoform.jp/form/AcMw/kdmtlightreport
352071,,kdmtscl00417,17101-110,,,‹v•Û,34.02293194,131.8953261,¢ŠE‘ª’nŒn,,o‡,,https://logoform.jp/form/AcMw/kdmtlightreport
352071,,kdmtscl00418,16028-106,,,‰º¼,34.0234175,131.8828936,¢ŠE‘ª’nŒn,,á‹{’¬,,https://logoform.jp/form/AcMw/kdmtlightreport
352071,,kdmtscl00419,17029-103,,,‰º¼,34.02204583,131.8828647,¢ŠE‘ª’nŒn,,á‹{’¬,,https://logoform.jp/form/AcMw/kdmtlightreport
352071,,kdmtscl00420,17073-104,,,Š}ŒË,33.96187556,131.8515708,¢ŠE‘ª’nŒn,,”ö‹½E—,,https://logoform.jp/form/AcMw/kdmtlightreport
352071,,kdmtscl00421,17092-102,,,‰Ô‰ª,34.03412333,131.8702161,¢ŠE‘ª’nŒn,,¼íX,,https://logoform.jp/form/AcMw/kdmtlightreport
352071,,kdmtscl00422,17008-104,,,‰º¼,34.0109875,131.8618319,¢ŠE‘ª’nŒn,,‚»’¬¼,,https://logoform.jp/form/AcMw/kdmtlightreport
352071,,kdmtscl00423,17008-106,,,‰º¼,34.00812,131.8610075,¢ŠE‘ª’nŒn,,‚»’¬¼,,https://logoform.jp/form/AcMw/kdmtlightreport
352071,,kdmtscl00424,17048-115,,,‰º¼,34.00781444,131.8616222,¢ŠE‘ª’nŒn,,¬Œ©’¬,,https://logoform.jp/form/AcMw/kdmtlightreport
352071,,kdmtscl00425,16090-101,,,‰Ô‰ª,34.02948556,131.8651689,¢ŠE‘ª’nŒn,,º˜a,,https://logoform.jp/form/AcMw/kdmtlightreport
352071,,kdmtscl00426,16090-103,,,‰Ô‰ª,34.02847389,131.8677286,¢ŠE‘ª’nŒn,,º˜a,,https://logoform.jp/form/AcMw/kdmtlightreport
352071,,kdmtscl00427,16090-105,,,‰Ô‰ª,34.0277575,131.8676864,¢ŠE‘ª’nŒn,,º˜a,,https://logoform.jp/form/AcMw/kdmtlightreport
352071,,kdmtscl00428,17081-103,,,––•,34.02297833,131.8597092,¢ŠE‘ª’nŒn,,•½“c“Œ,,https://logoform.jp/form/AcMw/kdmtlightreport
352071,,kdmtscl00429,17036-101,,,––•,34.01370944,131.8581861,¢ŠE‘ª’nŒn,,¼s¼,,https://logoform.jp/form/AcMw/kdmtlightreport
352071,,kdmtscl00430,L2011-108,,,––•,34.02037194,131.8534,¢ŠE‘ª’nŒn,,‘åŠC’¬¼,,https://logoform.jp/form/AcMw/kdmtlightreport
352071,,kdmtscl00431,17001-102,,,––•,34.01978111,131.8506894,¢ŠE‘ª’nŒn,,‘åŠC’¬¼,,https://logoform.jp/form/AcMw/kdmtlightreport
352071,,kdmtscl00432,17063-103,,,––•,34.01924722,131.85163,¢ŠE‘ª’nŒn,,‘åŠC’¬¼,,https://logoform.jp/form/AcMw/kdmtlightreport
352071,,kdmtscl00433,17063-101,,,––•,34.01921361,131.8509767,¢ŠE‘ª’nŒn,,‘åŠC’¬¼,,https://logoform.jp/form/AcMw/kdmtlightreport
352071,,kdmtscl00434,17063-102,,,––•,34.01914194,131.8513739,¢ŠE‘ª’nŒn,,‘åŠC’¬¼,,https://logoform.jp/form/AcMw/kdmtlightreport
352071,,kdmtscl00435,18017-110,,,––•,34.01906944,131.8518175,¢ŠE‘ª’nŒn,,‘åŠC’¬¼,,https://logoform.jp/form/AcMw/kdmtlightreport
352071,,kdmtscl00436,17063-104,,,––•,34.01900361,131.8520342,¢ŠE‘ª’nŒn,,‘åŠC’¬¼,,https://logoform.jp/form/AcMw/kdmtlightreport
352071,,kdmtscl00437,17063-106,,,––•,34.01841389,131.8540714,¢ŠE‘ª’nŒn,,‘åŠC’¬¼,,https://logoform.jp/form/AcMw/kdmtlightreport
352071,,kdmtscl00438,16092-102,,,‰º¼,34.01193389,131.8669742,¢ŠE‘ª’nŒn,,‰º‰h’¬,,https://logoform.jp/form/AcMw/kdmtlightreport
352071,,kdmtscl00439,16092-101,,,‰º¼,34.01164722,131.8664967,¢ŠE‘ª’nŒn,,‰º‰h’¬,,https://logoform.jp/form/AcMw/kdmtlightreport
352071,,kdmtscl00440,16092-105,,,‰º¼,34.01135194,131.8668939,¢ŠE‘ª’nŒn,,‰º‰h’¬,,https://logoform.jp/form/AcMw/kdmtlightreport
352071,,kdmtscl00441,16092-106,,,‰º¼,34.01138528,131.8670925,¢ŠE‘ª’nŒn,,‰º‰h’¬,,https://logoform.jp/form/AcMw/kdmtlightreport
352071,,kdmtscl00442,16092-107,,,‰º¼,34.01155583,131.8672614,¢ŠE‘ª’nŒn,,‰º‰h’¬,,https://logoform.jp/form/AcMw/kdmtlightreport
352071,,kdmtscl00443,16092-103,,,‰º¼,34.01201889,131.8673825,¢ŠE‘ª’nŒn,,‰º‰h’¬,,https://logoform.jp/form/AcMw/kdmtlightreport
352071,,kdmtscl00444,16092-104,,,‰º¼,34.01104333,131.8664369,¢ŠE‘ª’nŒn,,‰º‰h’¬,,https://logoform.jp/form/AcMw/kdmtlightreport
352071,,kdmtscl00445,16092-111,,,‰º¼,34.01111278,131.8673317,¢ŠE‘ª’nŒn,,‰º‰h’¬,,https://logoform.jp/form/AcMw/kdmtlightreport
352071,,kdmtscl00446,16092-112,,,‰º¼,34.01131417,131.8677014,¢ŠE‘ª’nŒn,,‰º‰h’¬,,https://logoform.jp/form/AcMw/kdmtlightreport
352071,,kdmtscl00447,16092-117,,,‰º¼,34.01122917,131.8679717,¢ŠE‘ª’nŒn,,‰º‰h’¬,,https://logoform.jp/form/AcMw/kdmtlightreport
352071,,kdmtscl00448,16092-116,,,‰º¼,34.0107775,131.8676961,¢ŠE‘ª’nŒn,,‰º‰h’¬,,https://logoform.jp/form/AcMw/kdmtlightreport
352071,,kdmtscl00449,16092-115,,,‰º¼,34.01056806,131.8689053,¢ŠE‘ª’nŒn,,‰º‰h’¬,,https://logoform.jp/form/AcMw/kdmtlightreport
352071,,kdmtscl00450,17077-108,,,‰º¼,34.0181775,131.8772714,¢ŠE‘ª’nŒn,,º˜a’Ê‚èã,,https://logoform.jp/form/AcMw/kdmtlightreport
352071,,kdmtscl00451,17077-107,,,‰º¼,34.01871944,131.8777492,¢ŠE‘ª’nŒn,,º˜a’Ê‚èã,,https://logoform.jp/form/AcMw/kdmtlightreport
352071,,kdmtscl00452,17077-102,,,‰º¼,34.01961222,131.8770442,¢ŠE‘ª’nŒn,,º˜a’Ê‚èã,,https://logoform.jp/form/AcMw/kdmtlightreport
352071,,kdmtscl00453,17077-101,,,‰º¼,34.01951861,131.8773839,¢ŠE‘ª’nŒn,,º˜a’Ê‚èã,,https://logoform.jp/form/AcMw/kdmtlightreport
352071,,kdmtscl00454,18123-101,,,‹v•Û,34.03277333,131.9068922,¢ŠE‘ª’nŒn,,“Œ—z‚P’š–Ú,,https://logoform.jp/form/AcMw/kdmtlightreport
352071,,kdmtscl00455,16092-114,,,‰º¼,34.0117625,131.8685614,¢ŠE‘ª’nŒn,,‰º‰h’¬,,https://logoform.jp/form/AcMw/kdmtlightreport
352071,,kdmtscl00456,16092-118,,,‰º¼,34.01149944,131.8685764,¢ŠE‘ª’nŒn,,‰º‰h’¬,,https://logoform.jp/form/AcMw/kdmtlightreport
352071,,kdmtscl00457,16092-108,,,‰º¼,34.01179278,131.8677536,¢ŠE‘ª’nŒn,,‰º‰h’¬,,https://logoform.jp/form/AcMw/kdmtlightreport
352071,,kdmtscl00458,16092-109,,,‰º¼,34.01188361,131.8680639,¢ŠE‘ª’nŒn,,‰º‰h’¬,,https://logoform.jp/form/AcMw/kdmtlightreport
352071,,kdmtscl00459,16092-110,,,‰º¼,34.01206444,131.8683911,¢ŠE‘ª’nŒn,,‰º‰h’¬,,https://logoform.jp/form/AcMw/kdmtlightreport
352071,,kdmtscl00460,16092-113,,,‰º¼,34.01158056,131.8681764,¢ŠE‘ª’nŒn,,‰º‰h’¬,,https://logoform.jp/form/AcMw/kdmtlightreport
352071,,kdmtscl00461,16098-109,,,•Äì,34.10641806,131.8892986,¢ŠE‘ª’nŒn,,Ô’J,,https://logoform.jp/form/AcMw/kdmtlightreport
352071,,kdmtscl00462,17086-102,,,‰º¼,34.00936972,131.8625194,¢ŠE‘ª’nŒn,,‚»’¬“Œ,,https://logoform.jp/form/AcMw/kdmtlightreport
352071,,kdmtscl00463,17037-101,,,[‰Y,33.95293056,131.8364278,¢ŠE‘ª’nŒn,,¬[‰Y,,https://logoform.jp/form/AcMw/kdmtlightreport
352071,,kdmtscl00464,17064-106,,,––•,34.01862278,131.8500919,¢ŠE‘ª’nŒn,,¼ŠJì,,https://logoform.jp/form/AcMw/kdmtlightreport
352071,,kdmtscl00465,17064-107,,,––•,34.01842861,131.8505233,¢ŠE‘ª’nŒn,,¼ŠJì,,https://logoform.jp/form/AcMw/kdmtlightreport
352071,,kdmtscl00466,17074-103,,,‰Ô‰ª,34.03845028,131.865815,¢ŠE‘ª’nŒn,,‚‹´,,https://logoform.jp/form/AcMw/kdmtlightreport
352071,,kdmtscl00467,17031-101,,,‰Ô‰ª,34.04084972,131.8821583,¢ŠE‘ª’nŒn,,“Œ@,,https://logoform.jp/form/AcMw/kdmtlightreport
352071,,kdmtscl00468,17031-102,,,‰Ô‰ª,34.04054028,131.8820875,¢ŠE‘ª’nŒn,,“Œ@,,https://logoform.jp/form/AcMw/kdmtlightreport
352071,,kdmtscl00469,17031-103,,,‰Ô‰ª,34.03894,131.8820994,¢ŠE‘ª’nŒn,,“Œ@,,https://logoform.jp/form/AcMw/kdmtlightreport
352071,,kdmtscl00470,L199603104,,,‰Ô‰ª,34.03767083,131.8821025,¢ŠE‘ª’nŒn,,“Œ@,,https://logoform.jp/form/AcMw/kdmtlightreport
352071,,kdmtscl00471,17031-104,,,‰Ô‰ª,34.03975167,131.8815786,¢ŠE‘ª’nŒn,,“Œ@,,https://logoform.jp/form/AcMw/kdmtlightreport
352071,,kdmtscl00472,17031-105,,,‰Ô‰ª,34.03942083,131.8815594,¢ŠE‘ª’nŒn,,“Œ@,,https://logoform.jp/form/AcMw/kdmtlightreport
352071,,kdmtscl00473,17031-106,,,‰Ô‰ª,34.04101972,131.881455,¢ŠE‘ª’nŒn,,“Œ@,,https://logoform.jp/form/AcMw/kdmtlightreport
352071,,kdmtscl00474,17031-107,,,‰Ô‰ª,34.0399975,131.8815233,¢ŠE‘ª’nŒn,,“Œ@,,https://logoform.jp/form/AcMw/kdmtlightreport
352071,,kdmtscl00475,17031-108,,,‰Ô‰ª,34.03823,131.8813775,¢ŠE‘ª’nŒn,,“Œ@,,https://logoform.jp/form/AcMw/kdmtlightreport
352071,,kdmtscl00476,17031-109,,,‰Ô‰ª,34.038655,131.8802611,¢ŠE‘ª’nŒn,,“Œ@,,https://logoform.jp/form/AcMw/kdmtlightreport
352071,,kdmtscl00477,18050-105,,,‹v•Û,34.02047528,131.905675,¢ŠE‘ª’nŒn,,‰Í“àã,,https://logoform.jp/form/AcMw/kdmtlightreport
352071,,kdmtscl00478,18050-111,,,‹v•Û,34.01176611,131.9124744,¢ŠE‘ª’nŒn,,‰Í“àã,,https://logoform.jp/form/AcMw/kdmtlightreport
352071,,kdmtscl00479,18050-113,,,‹v•Û,34.00995222,131.9126386,¢ŠE‘ª’nŒn,,‰Í“àã,,https://logoform.jp/form/AcMw/kdmtlightreport
352071,,kdmtscl00480,18050-114,,,‹v•Û,34.00797,131.9125483,¢ŠE‘ª’nŒn,,‰Í“àã,,https://logoform.jp/form/AcMw/kdmtlightreport
352071,,kdmtscl00481,17064-108,,,––•,34.01976472,131.8454008,¢ŠE‘ª’nŒn,,¼ŠJì,,https://logoform.jp/form/AcMw/kdmtlightreport
352071,,kdmtscl00482,17019-102,,,‰Ô‰ª,34.04139972,131.88004,¢ŠE‘ª’nŒn,,ã@,,https://logoform.jp/form/AcMw/kdmtlightreport
352071,,kdmtscl00483,17040-109,,,––•,34.02362083,131.8593997,¢ŠE‘ª’nŒn,,‚Ğ‚ç‚½”ü—¢,,https://logoform.jp/form/AcMw/kdmtlightreport
352071,,kdmtscl00484,17045-103,,,––•,34.02305056,131.8558825,¢ŠE‘ª’nŒn,,‚Ğ‚ç‚½•ä,,https://logoform.jp/form/AcMw/kdmtlightreport
352071,,kdmtscl00485,17045-104,,,––•,34.02247667,131.8553189,¢ŠE‘ª’nŒn,,‚Ğ‚ç‚½•ä,,https://logoform.jp/form/AcMw/kdmtlightreport
352071,,kdmtscl00486,17081-104,,,––•,34.02339278,131.8644031,¢ŠE‘ª’nŒn,,•½“c“Œ,,https://logoform.jp/form/AcMw/kdmtlightreport
352071,,kdmtscl00487,17090-104,,,‹v•Û,34.03647806,131.8957347,¢ŠE‘ª’nŒn,,R“c˜A‡,,https://logoform.jp/form/AcMw/kdmtlightreport
352071,,kdmtscl00488,17119-101,,,‹v•Û,34.02659278,131.8995919,¢ŠE‘ª’nŒn,,‰Í“àZ‘î,,https://logoform.jp/form/AcMw/kdmtlightreport
352071,,kdmtscl00489,L2011-101,,,‹v•Û,34.02636528,131.8997431,¢ŠE‘ª’nŒn,,‰Í“àZ‘î,,https://logoform.jp/form/AcMw/kdmtlightreport
352071,,kdmtscl00490,17119-102,,,‹v•Û,34.02610194,131.8998619,¢ŠE‘ª’nŒn,,‰Í“àZ‘î,,https://logoform.jp/form/AcMw/kdmtlightreport
352071,,kdmtscl00491,18034-102,,,––•,34.02440472,131.8595333,¢ŠE‘ª’nŒn,,‚Ğ‚ç‚½”ü—¢,,https://logoform.jp/form/AcMw/kdmtlightreport
352071,,kdmtscl00492,18034-107,,,––•,34.02043361,131.8566189,¢ŠE‘ª’nŒn,,‚Ğ‚ç‚½”ü—¢,,https://logoform.jp/form/AcMw/kdmtlightreport
352071,,kdmtscl00493,17074-104,,,‰Ô‰ª,34.04064333,131.8643161,¢ŠE‘ª’nŒn,,‚‹´,,https://logoform.jp/form/AcMw/kdmtlightreport
352071,,kdmtscl00494,17106-101,,,‰Ô‰ª,34.0350775,131.8722708,¢ŠE‘ª’nŒn,,ã‚’Ë,,https://logoform.jp/form/AcMw/kdmtlightreport
352071,,kdmtscl00495,18112-124,,,‹v•Û,34.05672389,131.9202222,¢ŠE‘ª’nŒn,,R“c˜A‡,,https://logoform.jp/form/AcMw/kdmtlightreport
352071,,kdmtscl00496,15055-105,,,‹v•Û,34.05712889,131.9215942,¢ŠE‘ª’nŒn,,R“c˜A‡,,https://logoform.jp/form/AcMw/kdmtlightreport
352071,,kdmtscl00497,L2012-055,,,‰º¼,34.01120278,131.8660006,¢ŠE‘ª’nŒn,,‘Š¶’¬,,https://logoform.jp/form/AcMw/kdmtlightreport
352071,,kdmtscl00498,17049-103,,,•Äì,34.0847525,131.880345,¢ŠE‘ª’nŒn,,“Œ’†Œ´,,https://logoform.jp/form/AcMw/kdmtlightreport
352071,,kdmtscl00499,17049-102,,,•Äì,34.0852975,131.8800761,¢ŠE‘ª’nŒn,,“Œ’†Œ´,,https://logoform.jp/form/AcMw/kdmtlightreport
352071,,kdmtscl00500,17049-101,,,•Äì,34.08569833,131.8801317,¢ŠE‘ª’nŒn,,“Œ’†Œ´,,https://logoform.jp/form/AcMw/kdmtlightreport
352071,,kdmtscl00501,16095-101,,,•Äì,34.08660972,131.8719383,¢ŠE‘ª’nŒn,,R’†,,https://logoform.jp/form/AcMw/kdmtlightreport
352071,,kdmtscl00502,16095-103,,,•Äì,34.08746889,131.8765064,¢ŠE‘ª’nŒn,,R’†,,https://logoform.jp/form/AcMw/kdmtlightreport
352071,,kdmtscl00503,16095-104,,,•Äì,34.08666556,131.8762628,¢ŠE‘ª’nŒn,,R’†,,https://logoform.jp/form/AcMw/kdmtlightreport
352071,,kdmtscl00504,16095-105,,,•Äì,34.08513194,131.8765753,¢ŠE‘ª’nŒn,,‰º¼siã‰º…“¹‹Çj,,https://logoform.jp/form/AcMw/kdmtlightreport
352071,,kdmtscl00505,16095-102,,,•Äì,34.08731444,131.8753756,¢ŠE‘ª’nŒn,,R’†,,https://logoform.jp/form/AcMw/kdmtlightreport
352071,,kdmtscl00506,17077-105,,,‰º¼,34.02086972,131.8763631,¢ŠE‘ª’nŒn,,º˜a’Ê‚èã,,https://logoform.jp/form/AcMw/kdmtlightreport
352071,,kdmtscl00507,L2011-095,,,‰º¼,34.02151417,131.8763681,¢ŠE‘ª’nŒn,,º˜a’Ê‚èã,,https://logoform.jp/form/AcMw/kdmtlightreport
352071,,kdmtscl00508,17077-109,,,‰º¼,34.01810278,131.8780281,¢ŠE‘ª’nŒn,,º˜a’Ê‚èã,,https://logoform.jp/form/AcMw/kdmtlightreport
352071,,kdmtscl00509,17077-110,,,‰º¼,34.01652111,131.8788564,¢ŠE‘ª’nŒn,,º˜a’Ê‚èã,,https://logoform.jp/form/AcMw/kdmtlightreport
352071,,kdmtscl00510,L2012-158,,,‰º¼,34.0145225,131.8785267,¢ŠE‘ª’nŒn,,º˜a’Ê‚èã,,https://logoform.jp/form/AcMw/kdmtlightreport
352071,,kdmtscl00511,17014-101,,,‰Ô‰ª,34.03720583,131.8707947,¢ŠE‘ª’nŒn,,^’¬,,https://logoform.jp/form/AcMw/kdmtlightreport
352071,,kdmtscl00512,17101-109,,,‹v•Û,34.02523389,131.8939661,¢ŠE‘ª’nŒn,,o‡,,https://logoform.jp/form/AcMw/kdmtlightreport
352071,,kdmtscl00513,16020-103,,,‰º¼,34.0153775,131.8732319,¢ŠE‘ª’nŒn,,“s’¬,,https://logoform.jp/form/AcMw/kdmtlightreport
352071,,kdmtscl00514,17112-101,,,‰º¼,34.01493889,131.8724736,¢ŠE‘ª’nŒn,,“s’¬,,https://logoform.jp/form/AcMw/kdmtlightreport
352071,,kdmtscl00515,16020-104,,,‰º¼,34.01474556,131.8725408,¢ŠE‘ª’nŒn,,“s’¬,,https://logoform.jp/form/AcMw/kdmtlightreport
352071,,kdmtscl00516,17112-102,,,‰º¼,34.01474028,131.8720447,¢ŠE‘ª’nŒn,,“s’¬,,https://logoform.jp/form/AcMw/kdmtlightreport
352071,,kdmtscl00517,17112-104,,,‰º¼,34.01405111,131.8715589,¢ŠE‘ª’nŒn,,“s’¬,,https://logoform.jp/form/AcMw/kdmtlightreport
352071,,kdmtscl00518,17112-105,,,‰º¼,34.01384583,131.8714275,¢ŠE‘ª’nŒn,,“s’¬,,https://logoform.jp/form/AcMw/kdmtlightreport
352071,,kdmtscl00519,16088-106,,,‰º¼,34.01632222,131.8755667,¢ŠE‘ª’nŒn,,“aƒ–—,,https://logoform.jp/form/AcMw/kdmtlightreport
352071,,kdmtscl00520,18105-101,,,‰º¼,34.01614889,131.8751081,¢ŠE‘ª’nŒn,,“aƒ–—,,https://logoform.jp/form/AcMw/kdmtlightreport
352071,,kdmtscl00521,16088-108,,,‰º¼,34.01604611,131.8753819,¢ŠE‘ª’nŒn,,“aƒ–—,,https://logoform.jp/form/AcMw/kdmtlightreport
352071,,kdmtscl00522,16088-102,,,‰º¼,34.01583972,131.8756317,¢ŠE‘ª’nŒn,,“aƒ–—,,https://logoform.jp/form/AcMw/kdmtlightreport
352071,,kdmtscl00523,16088-103,,,‰º¼,34.01559194,131.8760742,¢ŠE‘ª’nŒn,,“aƒ–—,,https://logoform.jp/form/AcMw/kdmtlightreport
352071,,kdmtscl00524,16088-104,,,‰º¼,34.01529972,131.8767567,¢ŠE‘ª’nŒn,,“aƒ–—,,https://logoform.jp/form/AcMw/kdmtlightreport
352071,,kdmtscl00525,16088-105,,,‰º¼,34.01520528,131.8764667,¢ŠE‘ª’nŒn,,“aƒ–—,,https://logoform.jp/form/AcMw/kdmtlightreport
352071,,kdmtscl00526,16088-107,,,‰º¼,34.01514472,131.8752167,¢ŠE‘ª’nŒn,,“aƒ–—,,https://logoform.jp/form/AcMw/kdmtlightreport
352071,,kdmtscl00527,17061-106,,,–Lˆä,34.00398889,131.8753969,¢ŠE‘ª’nŒn,,‹Õ•½’¬,,https://logoform.jp/form/AcMw/kdmtlightreport
352071,,kdmtscl00528,17061-103,,,–Lˆä,34.00202639,131.8734472,¢ŠE‘ª’nŒn,,‹Õ•½’¬,,https://logoform.jp/form/AcMw/kdmtlightreport
352071,,kdmtscl00529,17061-104,,,–Lˆä,34.003295,131.8759053,¢ŠE‘ª’nŒn,,‹Õ•½’¬,,https://logoform.jp/form/AcMw/kdmtlightreport
352071,,kdmtscl00530,17025-101,,,‰º¼,34.01576694,131.8694014,¢ŠE‘ª’nŒn,,‹g•~’¬,,https://logoform.jp/form/AcMw/kdmtlightreport
352071,,kdmtscl00531,17039-103,,,‰º¼,34.0077775,131.8734197,¢ŠE‘ª’nŒn,,›”—,,https://logoform.jp/form/AcMw/kdmtlightreport
352071,,kdmtscl00532,17039-104,,,‰º¼,34.00699528,131.8740194,¢ŠE‘ª’nŒn,,›”—,,https://logoform.jp/form/AcMw/kdmtlightreport
352071,,kdmtscl00533,L2011-004,,,‰º¼,34.00733028,131.8750122,¢ŠE‘ª’nŒn,,›”—,,https://logoform.jp/form/AcMw/kdmtlightreport
352071,,kdmtscl00534,17039-107,,,‰º¼,34.00564028,131.8753103,¢ŠE‘ª’nŒn,,›”—,,https://logoform.jp/form/AcMw/kdmtlightreport
352071,,kdmtscl00535,17039-110,,,‰º¼,34.00528861,131.8762906,¢ŠE‘ª’nŒn,,›”—,,https://logoform.jp/form/AcMw/kdmtlightreport
352071,,kdmtscl00536,17039-108,,,‰º¼,34.00604639,131.8771792,¢ŠE‘ª’nŒn,,›”—,,https://logoform.jp/form/AcMw/kdmtlightreport
352071,,kdmtscl00537,17039-109,,,‰º¼,34.00650444,131.8775533,¢ŠE‘ª’nŒn,,›”—,,https://logoform.jp/form/AcMw/kdmtlightreport
352071,,kdmtscl00538,17039-102,,,‰º¼,34.00693472,131.8779992,¢ŠE‘ª’nŒn,,›”—,,https://logoform.jp/form/AcMw/kdmtlightreport
352071,,kdmtscl00539,17039-101,,,‰º¼,34.00700639,131.8783042,¢ŠE‘ª’nŒn,,›”—,,https://logoform.jp/form/AcMw/kdmtlightreport
352071,,kdmtscl00540,L2011-110,,,‰º¼,34.00734722,131.8790367,¢ŠE‘ª’nŒn,,›”—,,https://logoform.jp/form/AcMw/kdmtlightreport
352071,,kdmtscl00541,L2011-115,,,‰º¼,34.00692861,131.8806056,¢ŠE‘ª’nŒn,,›”—,,https://logoform.jp/form/AcMw/kdmtlightreport
352071,,kdmtscl00542,17112-106,,,‰º¼,34.01363917,131.8720781,¢ŠE‘ª’nŒn,,“s’¬,,https://logoform.jp/form/AcMw/kdmtlightreport
352071,,kdmtscl00543,17112-107,,,‰º¼,34.01329556,131.8726319,¢ŠE‘ª’nŒn,,“s’¬,,https://logoform.jp/form/AcMw/kdmtlightreport
352071,,kdmtscl00544,17112-108,,,‰º¼,34.01290472,131.8722744,¢ŠE‘ª’nŒn,,“s’¬,,https://logoform.jp/form/AcMw/kdmtlightreport
352071,,kdmtscl00545,17112-109,,,‰º¼,34.01247167,131.8720719,¢ŠE‘ª’nŒn,,“s’¬,,https://logoform.jp/form/AcMw/kdmtlightreport
352071,,kdmtscl00546,17112-110,,,‰º¼,34.01224528,131.8720658,¢ŠE‘ª’nŒn,,“s’¬,,https://logoform.jp/form/AcMw/kdmtlightreport
352071,,kdmtscl00547,17040-101,,,––•,34.02057417,131.8568964,¢ŠE‘ª’nŒn,,‚Ğ‚ç‚½”ü—¢,,https://logoform.jp/form/AcMw/kdmtlightreport
352071,,kdmtscl00548,L2012-035,,,––•,34.02598,131.8629256,¢ŠE‘ª’nŒn,,•½“c“Œ,,https://logoform.jp/form/AcMw/kdmtlightreport
352071,,kdmtscl00549,17044-101,,,––•,34.01758722,131.8503492,¢ŠE‘ª’nŒn,,“ŒŠJì,,https://logoform.jp/form/AcMw/kdmtlightreport
352071,,kdmtscl00550,17061-102,,,–Lˆä,34.00190444,131.8743908,¢ŠE‘ª’nŒn,,‹Õ•½’¬,,https://logoform.jp/form/AcMw/kdmtlightreport
352071,,kdmtscl00551,17103-103,,,–Lˆä,34.00176444,131.8741208,¢ŠE‘ª’nŒn,,–Lˆä,,https://logoform.jp/form/AcMw/kdmtlightreport
352071,,kdmtscl00552,17081-105,,,––•,34.02079667,131.8594025,¢ŠE‘ª’nŒn,,•½“c“Œ,,https://logoform.jp/form/AcMw/kdmtlightreport
352071,,kdmtscl00553,17081-102,,,––•,34.02119528,131.8588083,¢ŠE‘ª’nŒn,,•½“c“Œ,,https://logoform.jp/form/AcMw/kdmtlightreport
352071,,kdmtscl00554,18014-102,,,‰º¼,34.00772194,131.8741406,¢ŠE‘ª’nŒn,,›”—,,https://logoform.jp/form/AcMw/kdmtlightreport
352071,,kdmtscl00555,17039-105,,,‰º¼,34.00685028,131.8799442,¢ŠE‘ª’nŒn,,›”—,,https://logoform.jp/form/AcMw/kdmtlightreport
352071,,kdmtscl00556,18014-112,,,‰º¼,34.00707472,131.8794367,¢ŠE‘ª’nŒn,,›”—,,https://logoform.jp/form/AcMw/kdmtlightreport
352071,,kdmtscl00557,17049-104,,,•Äì,34.08572278,131.8809925,¢ŠE‘ª’nŒn,,“Œ’†Œ´,,https://logoform.jp/form/AcMw/kdmtlightreport
352071,,kdmtscl00558,14011-101,,,•Äì,34.08528694,131.8808078,¢ŠE‘ª’nŒn,,“Œ’†Œ´,,https://logoform.jp/form/AcMw/kdmtlightreport
352071,,kdmtscl00559,17049-108,,,•Äì,34.08502611,131.8806028,¢ŠE‘ª’nŒn,,“Œ’†Œ´,,https://logoform.jp/form/AcMw/kdmtlightreport
352071,,kdmtscl00560,17049-107,,,•Äì,34.08549444,131.8810275,¢ŠE‘ª’nŒn,,“Œ’†Œ´,,https://logoform.jp/form/AcMw/kdmtlightreport
352071,,kdmtscl00561,17066-101,,,‰º¼,34.02241361,131.8854994,¢ŠE‘ª’nŒn,,‘å‰Í“à,,https://logoform.jp/form/AcMw/kdmtlightreport
352071,,kdmtscl00562,17091-102,,,––•,34.02902556,131.8687183,¢ŠE‘ª’nŒn,,“¡Œõã,,https://logoform.jp/form/AcMw/kdmtlightreport
352071,,kdmtscl00563,17087-101,,,‹v•Û,34.03088778,131.9011603,¢ŠE‘ª’nŒn,,‹v•Ûs,,https://logoform.jp/form/AcMw/kdmtlightreport
352071,,kdmtscl00564,17087-103,,,‹v•Û,34.0300775,131.9039275,¢ŠE‘ª’nŒn,,‹v•Ûs,,https://logoform.jp/form/AcMw/kdmtlightreport
352071,,kdmtscl00565,17087-104,,,‹v•Û,34.02979944,131.909225,¢ŠE‘ª’nŒn,,‹v•Ûs,,https://logoform.jp/form/AcMw/kdmtlightreport
352071,,kdmtscl00566,17087-105,,,‹v•Û,34.03024556,131.9096367,¢ŠE‘ª’nŒn,,‹v•Ûs,,https://logoform.jp/form/AcMw/kdmtlightreport
352071,,kdmtscl00567,17087-107,,,‹v•Û,34.02942722,131.9051478,¢ŠE‘ª’nŒn,,‹v•Ûs,,https://logoform.jp/form/AcMw/kdmtlightreport
352071,,kdmtscl00568,17087-108,,,‹v•Û,34.02926667,131.9046653,¢ŠE‘ª’nŒn,,‹v•Ûs,,https://logoform.jp/form/AcMw/kdmtlightreport
352071,,kdmtscl00569,17087-109,,,‹v•Û,34.02756694,131.90136,¢ŠE‘ª’nŒn,,‹v•Ûs,,https://logoform.jp/form/AcMw/kdmtlightreport
352071,,kdmtscl00570,17033-101,,,‰º¼,34.01891528,131.8834486,¢ŠE‘ª’nŒn,,‹gŒ´,,https://logoform.jp/form/AcMw/kdmtlightreport
352071,,kdmtscl00571,17104-108,,,‹v•Û,34.03216528,131.9181328,¢ŠE‘ª’nŒn,,ØR˜A‡,,https://logoform.jp/form/AcMw/kdmtlightreport
352071,,kdmtscl00572,17029-102,,,‰º¼,34.02207028,131.8833536,¢ŠE‘ª’nŒn,,á‹{’¬,,https://logoform.jp/form/AcMw/kdmtlightreport
352071,,kdmtscl00573,18147-103,,,‹v•Û,34.03102611,131.8995456,¢ŠE‘ª’nŒn,,‰º¼si‹³ˆçˆÏˆõ‰ï@‹³ˆç‘–±‰Ûj,,https://logoform.jp/form/AcMw/kdmtlightreport
352071,,kdmtscl00574,L199701102,,,‹v•Û,34.03057806,131.8991817,¢ŠE‘ª’nŒn,,‰º¼si‹³ˆçˆÏˆõ‰ï@‹³ˆç‘–±‰Ûj,,https://logoform.jp/form/AcMw/kdmtlightreport
352071,,kdmtscl00575,18147-104,,,‹v•Û,34.03095472,131.9006342,¢ŠE‘ª’nŒn,,‰º¼si‹³ˆçˆÏˆõ‰ï@‹³ˆç‘–±‰Ûj,,https://logoform.jp/form/AcMw/kdmtlightreport
352071,,kdmtscl00576,17056-103,,,‹v•Û,34.03104139,131.8976344,¢ŠE‘ª’nŒn,,Kƒ–‹u,,https://logoform.jp/form/AcMw/kdmtlightreport
352071,,kdmtscl00577,18069-104,,,‹v•Û,34.03004444,131.8983356,¢ŠE‘ª’nŒn,,Kƒ–‹u,,https://logoform.jp/form/AcMw/kdmtlightreport
352071,,kdmtscl00578,18069-108,,,‹v•Û,34.0295075,131.8974619,¢ŠE‘ª’nŒn,,Kƒ–‹u,,https://logoform.jp/form/AcMw/kdmtlightreport
352071,,kdmtscl00579,18147-102,,,‰º¼,34.00769611,131.8710747,¢ŠE‘ª’nŒn,,‰º¼si‹³ˆçˆÏˆõ‰ï@‹³ˆç‘–±‰Ûj,,https://logoform.jp/form/AcMw/kdmtlightreport
352071,,kdmtscl00580,18064-133,,,‰º¼,34.00759806,131.871725,¢ŠE‘ª’nŒn,,ŒÃì’¬,,https://logoform.jp/form/AcMw/kdmtlightreport
352071,,kdmtscl00581,17024-103,,,––•,34.02125917,131.8638917,¢ŠE‘ª’nŒn,,”öK,,https://logoform.jp/form/AcMw/kdmtlightreport
352071,,kdmtscl00582,17099-102,,,‹v•Û,34.03526639,131.9084536,¢ŠE‘ª’nŒn,,“Œ—z‚Q’š–Ú,,https://logoform.jp/form/AcMw/kdmtlightreport
352071,,kdmtscl00583,15029-110,,,‰Ô‰ª,34.03936167,131.8751342,¢ŠE‘ª’nŒn,,“Œ’¬,,https://logoform.jp/form/AcMw/kdmtlightreport
352071,,kdmtscl00584,17035-101,,,‰Ô‰ª,34.03876583,131.8746681,¢ŠE‘ª’nŒn,,“Œ’¬,,https://logoform.jp/form/AcMw/kdmtlightreport
352071,,kdmtscl00585,18014-113,,,‰º¼,34.00729861,131.8806078,¢ŠE‘ª’nŒn,,›”—,,https://logoform.jp/form/AcMw/kdmtlightreport
352071,,kdmtscl00586,18014-103,,,‰º¼,34.00706639,131.8746047,¢ŠE‘ª’nŒn,,›”—,,https://logoform.jp/form/AcMw/kdmtlightreport
352071,,kdmtscl00587,L199702101,,,‹v•Û,34.01791833,131.9183739,¢ŠE‘ª’nŒn,,’†ƒm”—,,https://logoform.jp/form/AcMw/kdmtlightreport
352071,,kdmtscl00588,17032-103,,,‹v•Û,34.01705139,131.919255,¢ŠE‘ª’nŒn,,’†ƒm”—,,https://logoform.jp/form/AcMw/kdmtlightreport
352071,,kdmtscl00589,17089-101,,,‰Ô‰ª,34.04139389,131.878075,¢ŠE‘ª’nŒn,,@,,https://logoform.jp/form/AcMw/kdmtlightreport
352071,,kdmtscl00590,16018-101,,,‰Ô‰ª,34.0391125,131.8779111,¢ŠE‘ª’nŒn,,@,,https://logoform.jp/form/AcMw/kdmtlightreport
352071,,kdmtscl00591,17092-103,,,‰Ô‰ª,34.03560083,131.8677547,¢ŠE‘ª’nŒn,,¼íX,,https://logoform.jp/form/AcMw/kdmtlightreport
352071,,kdmtscl00592,17078-101,,,‰Ô‰ª,34.03417361,131.8599894,¢ŠE‘ª’nŒn,,‰ºLÎ,,https://logoform.jp/form/AcMw/kdmtlightreport
352071,,kdmtscl00593,17078-102,,,‰Ô‰ª,34.03423167,131.8592344,¢ŠE‘ª’nŒn,,‰ºLÎ,,https://logoform.jp/form/AcMw/kdmtlightreport
352071,,kdmtscl00594,17042-102,,,‰Ô‰ª,34.03621889,131.8896064,¢ŠE‘ª’nŒn,,’†‘º“Œ,,https://logoform.jp/form/AcMw/kdmtlightreport
352071,,kdmtscl00595,17042-103,,,‰Ô‰ª,34.0365025,131.8907639,¢ŠE‘ª’nŒn,,’†‘º“Œ,,https://logoform.jp/form/AcMw/kdmtlightreport
352071,,kdmtscl00596,17039-106,,,‰º¼,34.00661028,131.8742008,¢ŠE‘ª’nŒn,,›”—,,https://logoform.jp/form/AcMw/kdmtlightreport
352071,,kdmtscl00597,18113-104,,,’†‘º,34.02770528,131.8601606,¢ŠE‘ª’nŒn,,“Œ‰ÍŒ´,,https://logoform.jp/form/AcMw/kdmtlightreport
352071,,kdmtscl00598,13071-101,,,‰º¼,34.00756,131.8620569,¢ŠE‘ª’nŒn,,¬Œ©’¬,,https://logoform.jp/form/AcMw/kdmtlightreport
352071,,kdmtscl00599,17094-101,,,‰Ô‰ª,34.04071167,131.8693469,¢ŠE‘ª’nŒn,,ã’n,,https://logoform.jp/form/AcMw/kdmtlightreport
352071,,kdmtscl00600,17009-102,,,‰º¼,34.01223333,131.8625319,¢ŠE‘ª’nŒn,,”óƒmã,,https://logoform.jp/form/AcMw/kdmtlightreport
352071,,kdmtscl00601,17009-101,,,‰º¼,34.0124725,131.8625194,¢ŠE‘ª’nŒn,,”óƒmã,,https://logoform.jp/form/AcMw/kdmtlightreport
352071,,kdmtscl00602,17009-104,,,‰º¼,34.01240194,131.8630217,¢ŠE‘ª’nŒn,,”óƒmã,,https://logoform.jp/form/AcMw/kdmtlightreport
352071,,kdmtscl00603,17009-105,,,‰º¼,34.01216444,131.8630106,¢ŠE‘ª’nŒn,,”óƒmã,,https://logoform.jp/form/AcMw/kdmtlightreport
352071,,kdmtscl00604,17009-103,,,‰º¼,34.01187722,131.8626969,¢ŠE‘ª’nŒn,,”óƒmã,,https://logoform.jp/form/AcMw/kdmtlightreport
352071,,kdmtscl00605,17064-109,,,––•,34.01879944,131.8493703,¢ŠE‘ª’nŒn,,¼ŠJì,,https://logoform.jp/form/AcMw/kdmtlightreport
352071,,kdmtscl00606,16056-111,,,––•,34.01953694,131.8540203,¢ŠE‘ª’nŒn,,‘åŠC’¬¼,,https://logoform.jp/form/AcMw/kdmtlightreport
352071,,kdmtscl00607,17063-107,,,––•,34.01789472,131.8547364,¢ŠE‘ª’nŒn,,‘åŠC’¬¼,,https://logoform.jp/form/AcMw/kdmtlightreport
352071,,kdmtscl00608,17063-108,,,––•,34.01752361,131.8544225,¢ŠE‘ª’nŒn,,‘åŠC’¬¼,,https://logoform.jp/form/AcMw/kdmtlightreport
352071,,kdmtscl00609,17011-101,,,‰Ô‰ª,34.0353875,131.8704472,¢ŠE‘ª’nŒn,,¬˜HŒû,,https://logoform.jp/form/AcMw/kdmtlightreport
352071,,kdmtscl00610,17011-102,,,‰Ô‰ª,34.03543889,131.8699344,¢ŠE‘ª’nŒn,,¬˜HŒû,,https://logoform.jp/form/AcMw/kdmtlightreport
352071,,kdmtscl00611,17007-101,,,Š}ŒË,33.97810556,131.8659119,¢ŠE‘ª’nŒn,,–{‰Y,,https://logoform.jp/form/AcMw/kdmtlightreport
352071,,kdmtscl00612,17007-102,,,Š}ŒË,33.97756833,131.8666528,¢ŠE‘ª’nŒn,,–{‰Y,,https://logoform.jp/form/AcMw/kdmtlightreport
352071,,kdmtscl00613,15057-107,,,Š}ŒË,33.97726528,131.8665528,¢ŠE‘ª’nŒn,,–{‰Y,,https://logoform.jp/form/AcMw/kdmtlightreport
352071,,kdmtscl00614,17007-103,,,Š}ŒË,33.97742611,131.8670742,¢ŠE‘ª’nŒn,,–{‰Y,,https://logoform.jp/form/AcMw/kdmtlightreport
352071,,kdmtscl00615,17007-104,,,Š}ŒË,33.97762444,131.8686103,¢ŠE‘ª’nŒn,,–{‰Y,,https://logoform.jp/form/AcMw/kdmtlightreport
352071,,kdmtscl00616,17008-105,,,‰º¼,34.0084375,131.8606408,¢ŠE‘ª’nŒn,,‚»’¬¼,,https://logoform.jp/form/AcMw/kdmtlightreport
352071,,kdmtscl00617,17043-107,,,’†‘º,34.02900139,131.8599472,¢ŠE‘ª’nŒn,,“Œ‰ÍŒ´,,https://logoform.jp/form/AcMw/kdmtlightreport
352071,,kdmtscl00618,17043-108,,,’†‘º,34.02882528,131.8604806,¢ŠE‘ª’nŒn,,“Œ‰ÍŒ´,,https://logoform.jp/form/AcMw/kdmtlightreport
352071,,kdmtscl00619,18113-101,,,’†‘º,34.03227083,131.8597994,¢ŠE‘ª’nŒn,,“Œ‰ÍŒ´,,https://logoform.jp/form/AcMw/kdmtlightreport
352071,,kdmtscl00620,18113-105,,,’†‘º,34.03212528,131.8618706,¢ŠE‘ª’nŒn,,“Œ‰ÍŒ´,,https://logoform.jp/form/AcMw/kdmtlightreport
352071,,kdmtscl00621,17095-102,,,‰º¼,34.00453222,131.8715922,¢ŠE‘ª’nŒn,,Â–ö,,https://logoform.jp/form/AcMw/kdmtlightreport
352071,,kdmtscl00622,17045-106,,,––•,34.023785,131.8537736,¢ŠE‘ª’nŒn,,‚Ğ‚ç‚½•ä,,https://logoform.jp/form/AcMw/kdmtlightreport
352071,,kdmtscl00623,17045-108,,,––•,34.02335778,131.8531942,¢ŠE‘ª’nŒn,,‚Ğ‚ç‚½•ä,,https://logoform.jp/form/AcMw/kdmtlightreport
352071,,kdmtscl00624,17038-003,,,––•,34.01787222,131.8559461,¢ŠE‘ª’nŒn,,‘åŠC’¬“Œ,,https://logoform.jp/form/AcMw/kdmtlightreport
352071,,kdmtscl00625,17038-001,,,––•,34.01615722,131.8566478,¢ŠE‘ª’nŒn,,‘åŠC’¬“Œ,,https://logoform.jp/form/AcMw/kdmtlightreport
352071,,kdmtscl00626,17116-101,,,‰Ô‰ª,34.03396083,131.8710122,¢ŠE‘ª’nŒn,,íX“Œ,,https://logoform.jp/form/AcMw/kdmtlightreport
352071,,kdmtscl00627,17116-102,,,‰Ô‰ª,34.03386917,131.8719831,¢ŠE‘ª’nŒn,,íX“Œ,,https://logoform.jp/form/AcMw/kdmtlightreport
352071,,kdmtscl00628,17116-103,,,‰Ô‰ª,34.03400111,131.8726456,¢ŠE‘ª’nŒn,,íX“Œ,,https://logoform.jp/form/AcMw/kdmtlightreport
352071,,kdmtscl00629,L2011-020,,,‰Ô‰ª,34.03361444,131.8733256,¢ŠE‘ª’nŒn,,íX“Œ,,https://logoform.jp/form/AcMw/kdmtlightreport
352071,,kdmtscl00630,17006-103,,,’†‘º,34.0272875,131.8465494,¢ŠE‘ª’nŒn,,Rª,,https://logoform.jp/form/AcMw/kdmtlightreport
352071,,kdmtscl00631,18027-112,,,’†‘º,34.0218475,131.8492017,¢ŠE‘ª’nŒn,,“ì—Í,,https://logoform.jp/form/AcMw/kdmtlightreport
352071,,kdmtscl00632,17030-101,,,’†‘º,34.0261425,131.8485267,¢ŠE‘ª’nŒn,,’†—Í,,https://logoform.jp/form/AcMw/kdmtlightreport
352071,,kdmtscl00633,18053-106,,,’†‘º,34.02550194,131.8495956,¢ŠE‘ª’nŒn,,’†—Í,,https://logoform.jp/form/AcMw/kdmtlightreport
352071,,kdmtscl00634,17030-102,,,’†‘º,34.02616083,131.8500942,¢ŠE‘ª’nŒn,,’†—Í,,https://logoform.jp/form/AcMw/kdmtlightreport
352071,,kdmtscl00635,17043-109,,,’†‘º,34.02911222,131.8605156,¢ŠE‘ª’nŒn,,“Œ‰ÍŒ´,,https://logoform.jp/form/AcMw/kdmtlightreport
352071,,kdmtscl00636,17043-110,,,’†‘º,34.02863667,131.8595719,¢ŠE‘ª’nŒn,,“Œ‰ÍŒ´,,https://logoform.jp/form/AcMw/kdmtlightreport
352071,,kdmtscl00637,18050-115,,,‹v•Û,34.00561194,131.9124525,¢ŠE‘ª’nŒn,,‰Í“àã,,https://logoform.jp/form/AcMw/kdmtlightreport
352071,,kdmtscl00638,17085-104,,,––•,34.02557861,131.8677361,¢ŠE‘ª’nŒn,,“¡Œõ‰º,,https://logoform.jp/form/AcMw/kdmtlightreport
352071,,kdmtscl00639,17069-102,,,‹v•Û,34.01724167,131.9325219,¢ŠE‘ª’nŒn,,‰œ”—ã,,https://logoform.jp/form/AcMw/kdmtlightreport
352071,,kdmtscl00640,17069-103,,,‹v•Û,34.01743694,131.9311819,¢ŠE‘ª’nŒn,,‰œ”—ã,,https://logoform.jp/form/AcMw/kdmtlightreport
352071,,kdmtscl00641,17068-102,,,‰º¼,34.02092194,131.8710772,¢ŠE‘ª’nŒn,,Œõƒ–‹u,,https://logoform.jp/form/AcMw/kdmtlightreport
352071,,kdmtscl00642,17068-103,,,‰º¼,34.02074306,131.8715072,¢ŠE‘ª’nŒn,,Œõƒ–‹u,,https://logoform.jp/form/AcMw/kdmtlightreport
352071,,kdmtscl00643,17068-101,,,‰º¼,34.02022,131.8709997,¢ŠE‘ª’nŒn,,Œõƒ–‹u,,https://logoform.jp/form/AcMw/kdmtlightreport
352071,,kdmtscl00644,17068-104,,,‰º¼,34.02005833,131.8717994,¢ŠE‘ª’nŒn,,Œõƒ–‹u,,https://logoform.jp/form/AcMw/kdmtlightreport
352071,,kdmtscl00645,17023-102,,,‰Ô‰ª,34.03911667,131.8803036,¢ŠE‘ª’nŒn,,¼@,,https://logoform.jp/form/AcMw/kdmtlightreport
352071,,kdmtscl00646,17023-103,,,‰Ô‰ª,34.03941139,131.8802036,¢ŠE‘ª’nŒn,,¼@,,https://logoform.jp/form/AcMw/kdmtlightreport
352071,,kdmtscl00647,17048-105,,,‰º¼,34.00789194,131.8622906,¢ŠE‘ª’nŒn,,¬Œ©’¬,,https://logoform.jp/form/AcMw/kdmtlightreport
352071,,kdmtscl00648,17048-106,,,‰º¼,34.00752833,131.8623556,¢ŠE‘ª’nŒn,,¬Œ©’¬,,https://logoform.jp/form/AcMw/kdmtlightreport
352071,,kdmtscl00649,L200600312,,,[‰Y,33.95453222,131.8366839,¢ŠE‘ª’nŒn,,¬[‰Y,,https://logoform.jp/form/AcMw/kdmtlightreport
352071,,kdmtscl00650,17070-104,,,’†‘º,34.03816917,131.8541222,¢ŠE‘ª’nŒn,,˜a“c,,https://logoform.jp/form/AcMw/kdmtlightreport
352071,,kdmtscl00651,17070-103,,,’†‘º,34.03621056,131.8516028,¢ŠE‘ª’nŒn,,˜a“c,,https://logoform.jp/form/AcMw/kdmtlightreport
352071,,kdmtscl00652,17070-102,,,’†‘º,34.03465889,131.8506092,¢ŠE‘ª’nŒn,,˜a“c,,https://logoform.jp/form/AcMw/kdmtlightreport
352071,,kdmtscl00653,17070-101,,,’†‘º,34.03416944,131.8502778,¢ŠE‘ª’nŒn,,˜a“c,,https://logoform.jp/form/AcMw/kdmtlightreport
352071,,kdmtscl00654,17072-102,,,‰Ô‰ª,34.03337833,131.8668297,¢ŠE‘ª’nŒn,,“Œ’†‘º,,https://logoform.jp/form/AcMw/kdmtlightreport
352071,,kdmtscl00655,16035-104,,,‰Ô‰ª,34.03915111,131.8898961,¢ŠE‘ª’nŒn,,“c‰€’²•z,,https://logoform.jp/form/AcMw/kdmtlightreport
352071,,kdmtscl00656,16035-103,,,‰Ô‰ª,34.03902278,131.8903189,¢ŠE‘ª’nŒn,,“c‰€’²•z,,https://logoform.jp/form/AcMw/kdmtlightreport
352071,,kdmtscl00657,16035-102,,,‰Ô‰ª,34.03887194,131.8908217,¢ŠE‘ª’nŒn,,“c‰€’²•z,,https://logoform.jp/form/AcMw/kdmtlightreport
352071,,kdmtscl00658,16035-101,,,‰Ô‰ª,34.03847722,131.8903503,¢ŠE‘ª’nŒn,,“c‰€’²•z,,https://logoform.jp/form/AcMw/kdmtlightreport
352071,,kdmtscl00659,17074-105,,,‰Ô‰ª,34.0458025,131.8689519,¢ŠE‘ª’nŒn,,‚‹´,,https://logoform.jp/form/AcMw/kdmtlightreport
352071,,kdmtscl00660,17087-110,,,‹v•Û,34.02901389,131.9109283,¢ŠE‘ª’nŒn,,‹v•Ûs,,https://logoform.jp/form/AcMw/kdmtlightreport
352071,,kdmtscl00661,17087-111,,,‹v•Û,34.02882361,131.9115258,¢ŠE‘ª’nŒn,,‹v•Ûs,,https://logoform.jp/form/AcMw/kdmtlightreport
352071,,kdmtscl00662,18034-106,,,––•,34.02118167,131.8573183,¢ŠE‘ª’nŒn,,‚Ğ‚ç‚½”ü—¢,,https://logoform.jp/form/AcMw/kdmtlightreport
352071,,kdmtscl00663,17097-101,,,‰Ô‰ª,34.03562444,131.8669247,¢ŠE‘ª’nŒn,,‰Ô‰ª¼’¬,,https://logoform.jp/form/AcMw/kdmtlightreport
352071,,kdmtscl00664,17075-101,,,––•,34.02435833,131.8671089,¢ŠE‘ª’nŒn,,á‘‘ä,,https://logoform.jp/form/AcMw/kdmtlightreport
352071,,kdmtscl00665,17063-109,,,––•,34.02194417,131.8535328,¢ŠE‘ª’nŒn,,‘åŠC’¬¼,,https://logoform.jp/form/AcMw/kdmtlightreport
352071,,kdmtscl00666,17063-110,,,––•,34.01776972,131.8534056,¢ŠE‘ª’nŒn,,‘åŠC’¬¼,,https://logoform.jp/form/AcMw/kdmtlightreport
352071,,kdmtscl00667,17084-101,,,‰º¼,34.00930444,131.8669381,¢ŠE‘ª’nŒn,,‘Š¶’¬,,https://logoform.jp/form/AcMw/kdmtlightreport
352071,,kdmtscl00668,17084-103,,,‰º¼,34.00953222,131.8667481,¢ŠE‘ª’nŒn,,‘Š¶’¬,,https://logoform.jp/form/AcMw/kdmtlightreport
352071,,kdmtscl00669,17084-104,,,‰º¼,34.00977083,131.8665403,¢ŠE‘ª’nŒn,,‘Š¶’¬,,https://logoform.jp/form/AcMw/kdmtlightreport
352071,,kdmtscl00670,17084-102,,,‰º¼,34.01001722,131.8662214,¢ŠE‘ª’nŒn,,‘Š¶’¬,,https://logoform.jp/form/AcMw/kdmtlightreport
352071,,kdmtscl00671,17084-105,,,‰º¼,34.0102125,131.8659878,¢ŠE‘ª’nŒn,,‘Š¶’¬,,https://logoform.jp/form/AcMw/kdmtlightreport
352071,,kdmtscl00672,17061-105,,,–Lˆä,34.00356778,131.8757617,¢ŠE‘ª’nŒn,,‹Õ•½’¬,,https://logoform.jp/form/AcMw/kdmtlightreport
352071,,kdmtscl00673,17100-101,,,‹v•Û,34.03439389,131.9124569,¢ŠE‘ª’nŒn,,“Œ—z‚V’š–Ú,,https://logoform.jp/form/AcMw/kdmtlightreport
352071,,kdmtscl00674,17100-102,,,‹v•Û,34.03402361,131.9124542,¢ŠE‘ª’nŒn,,“Œ—z‚V’š–Ú,,https://logoform.jp/form/AcMw/kdmtlightreport
352071,,kdmtscl00675,17100-103,,,‹v•Û,34.03444667,131.9136914,¢ŠE‘ª’nŒn,,“Œ—z‚V’š–Ú,,https://logoform.jp/form/AcMw/kdmtlightreport
352071,,kdmtscl00676,17100-104,,,‹v•Û,34.03409889,131.9136631,¢ŠE‘ª’nŒn,,“Œ—z‚V’š–Ú,,https://logoform.jp/form/AcMw/kdmtlightreport
352071,,kdmtscl00677,17048-107,,,‰º¼,34.00790194,131.8635256,¢ŠE‘ª’nŒn,,¬Œ©’¬,,https://logoform.jp/form/AcMw/kdmtlightreport
352071,,kdmtscl00678,17048-108,,,‰º¼,34.00774417,131.8638408,¢ŠE‘ª’nŒn,,¬Œ©’¬,,https://logoform.jp/form/AcMw/kdmtlightreport
352071,,kdmtscl00679,17048-109,,,‰º¼,34.0076325,131.8640172,¢ŠE‘ª’nŒn,,¬Œ©’¬,,https://logoform.jp/form/AcMw/kdmtlightreport
352071,,kdmtscl00680,17080-101,,,‰Ô‰ª,34.03722417,131.8839608,¢ŠE‘ª’nŒn,,–œƒm–Ø‘ä,,https://logoform.jp/form/AcMw/kdmtlightreport
352071,,kdmtscl00681,14087-101,,,•Äì,34.07459722,131.9167644,¢ŠE‘ª’nŒn,,‘å“¡’J,,https://logoform.jp/form/AcMw/kdmtlightreport
352071,,kdmtscl00682,17041-101,,,‰Ô‰ª,34.03403,131.8834194,¢ŠE‘ª’nŒn,,ˆ×O,,https://logoform.jp/form/AcMw/kdmtlightreport
352071,,kdmtscl00683,17042-101,,,‰Ô‰ª,34.03402417,131.8893239,¢ŠE‘ª’nŒn,,’†‘º“Œ,,https://logoform.jp/form/AcMw/kdmtlightreport
352071,,kdmtscl00684,17062-101,,,‰º¼,34.00882417,131.8647481,¢ŠE‘ª’nŒn,,`’¬,,https://logoform.jp/form/AcMw/kdmtlightreport
352071,,kdmtscl00685,17062-102,,,‰º¼,34.00867667,131.8649744,¢ŠE‘ª’nŒn,,`’¬,,https://logoform.jp/form/AcMw/kdmtlightreport
352071,,kdmtscl00686,17078-104,,,‰Ô‰ª,34.03502417,131.8615128,¢ŠE‘ª’nŒn,,‰ºLÎ,,https://logoform.jp/form/AcMw/kdmtlightreport
352071,,kdmtscl00687,17078-105,,,‰Ô‰ª,34.03462806,131.8613803,¢ŠE‘ª’nŒn,,‰ºLÎ,,https://logoform.jp/form/AcMw/kdmtlightreport
352071,,kdmtscl00688,17097-102,,,‰Ô‰ª,34.03782667,131.8688108,¢ŠE‘ª’nŒn,,‰Ô‰ª¼’¬,,https://logoform.jp/form/AcMw/kdmtlightreport
352071,,kdmtscl00689,17100-105,,,‹v•Û,34.03363472,131.9125042,¢ŠE‘ª’nŒn,,“Œ—z‚V’š–Ú,,https://logoform.jp/form/AcMw/kdmtlightreport
352071,,kdmtscl00690,17100-106,,,‹v•Û,34.0331925,131.9134417,¢ŠE‘ª’nŒn,,“Œ—z‚V’š–Ú,,https://logoform.jp/form/AcMw/kdmtlightreport
352071,,kdmtscl00691,18050-103,,,‹v•Û,34.02219222,131.9011442,¢ŠE‘ª’nŒn,,‰Í“àã,,https://logoform.jp/form/AcMw/kdmtlightreport
352071,,kdmtscl00692,17091-107,,,––•,34.02875167,131.8684975,¢ŠE‘ª’nŒn,,“¡Œõã,,https://logoform.jp/form/AcMw/kdmtlightreport
352071,,kdmtscl00693,17089-103,,,‰Ô‰ª,34.03978333,131.8784675,¢ŠE‘ª’nŒn,,@,,https://logoform.jp/form/AcMw/kdmtlightreport
352071,,kdmtscl00694,17089-104,,,‰Ô‰ª,34.03941333,131.8784211,¢ŠE‘ª’nŒn,,@,,https://logoform.jp/form/AcMw/kdmtlightreport
352071,,kdmtscl00695,17089-105,,,‰Ô‰ª,34.03940139,131.8787878,¢ŠE‘ª’nŒn,,@,,https://logoform.jp/form/AcMw/kdmtlightreport
352071,,kdmtscl00696,17108-102,,,[‰Y,33.94490917,131.8230547,¢ŠE‘ª’nŒn,,[‰Y,,https://logoform.jp/form/AcMw/kdmtlightreport
352071,,kdmtscl00697,17018-102,,,‰Ô‰ª,34.03238889,131.8785625,¢ŠE‘ª’nŒn,,‰º‘º“Œ,,https://logoform.jp/form/AcMw/kdmtlightreport
352071,,kdmtscl00698,18129-127,,,‰º¼,34.01489306,131.8793828,¢ŠE‘ª’nŒn,,º˜a’Ê‚èã,,https://logoform.jp/form/AcMw/kdmtlightreport
352071,,kdmtscl00699,17048-110,,,‰º¼,34.007885,131.8640317,¢ŠE‘ª’nŒn,,¬Œ©’¬,,https://logoform.jp/form/AcMw/kdmtlightreport
352071,,kdmtscl00700,17048-111,,,‰º¼,34.00705583,131.8634831,¢ŠE‘ª’nŒn,,¬Œ©’¬,,https://logoform.jp/form/AcMw/kdmtlightreport
352071,,kdmtscl00701,17048-112,,,‰º¼,34.00684806,131.8633183,¢ŠE‘ª’nŒn,,¬Œ©’¬,,https://logoform.jp/form/AcMw/kdmtlightreport
352071,,kdmtscl00702,18050-112,,,‹v•Û,34.01094444,131.9131761,¢ŠE‘ª’nŒn,,‰Í“àã,,https://logoform.jp/form/AcMw/kdmtlightreport
352071,,kdmtscl00703,17019-103,,,‰Ô‰ª,34.04194111,131.8805497,¢ŠE‘ª’nŒn,,ã@,,https://logoform.jp/form/AcMw/kdmtlightreport
352071,,kdmtscl00704,17005-101,,,‰º¼,34.019145,131.8695189,¢ŠE‘ª’nŒn,,“ŒŒõ›“Œ,,https://logoform.jp/form/AcMw/kdmtlightreport
352071,,kdmtscl00705,17005-102,,,‰º¼,34.01891472,131.8692125,¢ŠE‘ª’nŒn,,“ŒŒõ›“Œ,,https://logoform.jp/form/AcMw/kdmtlightreport
352071,,kdmtscl00706,17101-103,,,‹v•Û,34.02465778,131.89492,¢ŠE‘ª’nŒn,,o‡,,https://logoform.jp/form/AcMw/kdmtlightreport
352071,,kdmtscl00707,17101-104,,,‹v•Û,34.02439861,131.895045,¢ŠE‘ª’nŒn,,o‡,,https://logoform.jp/form/AcMw/kdmtlightreport
352071,,kdmtscl00708,17101-105,,,‹v•Û,34.02418694,131.8947636,¢ŠE‘ª’nŒn,,o‡,,https://logoform.jp/form/AcMw/kdmtlightreport
352071,,kdmtscl00709,17052-108,,,––•,34.02517222,131.855875,¢ŠE‘ª’nŒn,,‚Ğ‚ç‚½–]’¬¼,,https://logoform.jp/form/AcMw/kdmtlightreport
352071,,kdmtscl00710,17052-109,,,––•,34.02541389,131.8566597,¢ŠE‘ª’nŒn,,‚Ğ‚ç‚½–]’¬¼,,https://logoform.jp/form/AcMw/kdmtlightreport
352071,,kdmtscl00711,17052-110,,,––•,34.02639417,131.8575422,¢ŠE‘ª’nŒn,,‚Ğ‚ç‚½–]’¬¼,,https://logoform.jp/form/AcMw/kdmtlightreport
352071,,kdmtscl00712,17098-109,,,––•,34.0262325,131.8588458,¢ŠE‘ª’nŒn,,‚Ğ‚ç‚½–]’¬“Œ,,https://logoform.jp/form/AcMw/kdmtlightreport
352071,,kdmtscl00713,18090-103,,,––•,34.02581583,131.8584883,¢ŠE‘ª’nŒn,,‚Ğ‚ç‚½–]’¬“Œ,,https://logoform.jp/form/AcMw/kdmtlightreport
352071,,kdmtscl00714,17098-110,,,––•,34.02471944,131.8590161,¢ŠE‘ª’nŒn,,‚Ğ‚ç‚½–]’¬“Œ,,https://logoform.jp/form/AcMw/kdmtlightreport
352071,,kdmtscl00715,17040-111,,,––•,34.02286611,131.8588861,¢ŠE‘ª’nŒn,,‚Ğ‚ç‚½”ü—¢,,https://logoform.jp/form/AcMw/kdmtlightreport
352071,,kdmtscl00716,17040-106,,,––•,34.02221361,131.85813,¢ŠE‘ª’nŒn,,‚Ğ‚ç‚½”ü—¢,,https://logoform.jp/form/AcMw/kdmtlightreport
352071,,kdmtscl00717,14013-101,,,•Äì,34.10297944,131.8772761,¢ŠE‘ª’nŒn,,´á,,https://logoform.jp/form/AcMw/kdmtlightreport
352071,,kdmtscl00718,17065-101,,,•Äì,34.08140111,131.8771608,¢ŠE‘ª’nŒn,,‰º’J‚Q‹æ,,https://logoform.jp/form/AcMw/kdmtlightreport
352071,,kdmtscl00719,17065-102,,,•Äì,34.08102694,131.8771281,¢ŠE‘ª’nŒn,,‰º’J‚Q‹æ,,https://logoform.jp/form/AcMw/kdmtlightreport
352071,,kdmtscl00720,L2012-102,,,•Äì,34.08055667,131.8770031,¢ŠE‘ª’nŒn,,‰º’J‚Q‹æ,,https://logoform.jp/form/AcMw/kdmtlightreport
352071,,kdmtscl00721,17065-103,,,•Äì,34.07971528,131.8770969,¢ŠE‘ª’nŒn,,‰º’J‚Q‹æ,,https://logoform.jp/form/AcMw/kdmtlightreport
352071,,kdmtscl00722,17104-101,,,‹v•Û,34.04892306,131.9285439,¢ŠE‘ª’nŒn,,ØR˜A‡,,https://logoform.jp/form/AcMw/kdmtlightreport
352071,,kdmtscl00723,17104-109,,,‹v•Û,34.04501139,131.9280956,¢ŠE‘ª’nŒn,,ØR˜A‡,,https://logoform.jp/form/AcMw/kdmtlightreport
352071,,kdmtscl00724,18003-101,,,‰Ô‰ª,34.03664861,131.8801053,¢ŠE‘ª’nŒn,,’–‚ÌK‚b,,https://logoform.jp/form/AcMw/kdmtlightreport
352071,,kdmtscl00725,14038-101,,,‰Ô‰ª,34.036495,131.8805644,¢ŠE‘ª’nŒn,,’–‚ÌK‚b,,https://logoform.jp/form/AcMw/kdmtlightreport
352071,,kdmtscl00726,18067-118,,,‹v•Û,34.02751556,131.9260706,¢ŠE‘ª’nŒn,,“Œ˜a,,https://logoform.jp/form/AcMw/kdmtlightreport
352071,,kdmtscl00727,18067-112,,,‹v•Û,34.0274125,131.9257636,¢ŠE‘ª’nŒn,,“Œ˜a,,https://logoform.jp/form/AcMw/kdmtlightreport
352071,,kdmtscl00728,18067-113,,,‹v•Û,34.0274475,131.9254958,¢ŠE‘ª’nŒn,,“Œ˜a,,https://logoform.jp/form/AcMw/kdmtlightreport
352071,,kdmtscl00729,18068-101,,,’†‘º,34.03091611,131.8579583,¢ŠE‘ª’nŒn,,¼‰ÍŒ´“Œ,,https://logoform.jp/form/AcMw/kdmtlightreport
352071,,kdmtscl00730,18083-106,,,‰º¼,34.01650833,131.8828258,¢ŠE‘ª’nŒn,,º˜a’¬‚Q’š–Ú,,https://logoform.jp/form/AcMw/kdmtlightreport
352071,,kdmtscl00731,18083-107,,,‰º¼,34.01634333,131.8831361,¢ŠE‘ª’nŒn,,º˜a’¬‚Q’š–Ú,,https://logoform.jp/form/AcMw/kdmtlightreport
352071,,kdmtscl00732,18083-108,,,‰º¼,34.01635889,131.8834672,¢ŠE‘ª’nŒn,,º˜a’¬‚Q’š–Ú,,https://logoform.jp/form/AcMw/kdmtlightreport
352071,,kdmtscl00733,17068-107,,,‰º¼,34.0197225,131.8709764,¢ŠE‘ª’nŒn,,Œõƒ–‹u,,https://logoform.jp/form/AcMw/kdmtlightreport
352071,,kdmtscl00734,17103-110,,,–Lˆä,33.99948694,131.8756269,¢ŠE‘ª’nŒn,,–Lˆä,,https://logoform.jp/form/AcMw/kdmtlightreport
352071,,kdmtscl00735,18082-102,,,‰Ô‰ª,34.04234694,131.8684519,¢ŠE‘ª’nŒn,,ã’n,,https://logoform.jp/form/AcMw/kdmtlightreport
352071,,kdmtscl00736,18082-115,,,‰Ô‰ª,34.04273778,131.8715767,¢ŠE‘ª’nŒn,,ã’n,,https://logoform.jp/form/AcMw/kdmtlightreport
352071,,kdmtscl00737,18082-104,,,‰Ô‰ª,34.04152778,131.8680072,¢ŠE‘ª’nŒn,,ã’n,,https://logoform.jp/form/AcMw/kdmtlightreport
352071,,kdmtscl00738,18082-124,,,‰Ô‰ª,34.0398225,131.8699831,¢ŠE‘ª’nŒn,,ã’n,,https://logoform.jp/form/AcMw/kdmtlightreport
352071,,kdmtscl00739,18082-106,,,‰Ô‰ª,34.04115833,131.8683858,¢ŠE‘ª’nŒn,,ã’n,,https://logoform.jp/form/AcMw/kdmtlightreport
352071,,kdmtscl00740,17115-102,,,•Äì,34.07309444,131.907545,¢ŠE‘ª’nŒn,,•Äì“¹’J,,https://logoform.jp/form/AcMw/kdmtlightreport
352071,,kdmtscl00741,17115-104,,,•Äì,34.07255861,131.9059778,¢ŠE‘ª’nŒn,,•Äì“¹’J,,https://logoform.jp/form/AcMw/kdmtlightreport
352071,,kdmtscl00742,18037-104,,,’†‘º,34.03623694,131.8527186,¢ŠE‘ª’nŒn,,Rè,,https://logoform.jp/form/AcMw/kdmtlightreport
352071,,kdmtscl00743,18103-106,,,‰º¼,34.0107325,131.8728172,¢ŠE‘ª’nŒn,,K’¬,,https://logoform.jp/form/AcMw/kdmtlightreport
352071,,kdmtscl00744,17052-111,,,––•,34.026975,131.8580608,¢ŠE‘ª’nŒn,,‚Ğ‚ç‚½–]’¬¼,,https://logoform.jp/form/AcMw/kdmtlightreport
352071,,kdmtscl00745,17052-112,,,––•,34.02667861,131.8578222,¢ŠE‘ª’nŒn,,‚Ğ‚ç‚½–]’¬¼,,https://logoform.jp/form/AcMw/kdmtlightreport
352071,,kdmtscl00746,18034-103,,,––•,34.02416917,131.8599083,¢ŠE‘ª’nŒn,,‚Ğ‚ç‚½”ü—¢,,https://logoform.jp/form/AcMw/kdmtlightreport
352071,,kdmtscl00747,18101-105,,,––•,34.02112111,131.8541147,¢ŠE‘ª’nŒn,,‚Ğ‚ç‚½•ä,,https://logoform.jp/form/AcMw/kdmtlightreport
352071,,kdmtscl00748,18035-102,,,‰º¼,34.01714694,131.86929,¢ŠE‘ª’nŒn,,“ŒŒõ›“ì,,https://logoform.jp/form/AcMw/kdmtlightreport
352071,,kdmtscl00749,18035-101,,,‰º¼,34.01710194,131.8689611,¢ŠE‘ª’nŒn,,“ŒŒõ›“ì,,https://logoform.jp/form/AcMw/kdmtlightreport
352071,,kdmtscl00750,18007-111,,,‰º¼,34.00496167,131.8699114,¢ŠE‘ª’nŒn,,Z‹g’¬,,https://logoform.jp/form/AcMw/kdmtlightreport
352071,,kdmtscl00751,18079-109,,,’†‘º,34.03196417,131.8531328,¢ŠE‘ª’nŒn,,˜a“c,,https://logoform.jp/form/AcMw/kdmtlightreport
352071,,kdmtscl00752,18035-103,,,‰º¼,34.01672861,131.8696761,¢ŠE‘ª’nŒn,,“ŒŒõ›“ì,,https://logoform.jp/form/AcMw/kdmtlightreport
352071,,kdmtscl00753,17104-110,,,‹v•Û,34.04722306,131.9286092,¢ŠE‘ª’nŒn,,ØR˜A‡,,https://logoform.jp/form/AcMw/kdmtlightreport
352071,,kdmtscl00754,15087-106,,,‹v•Û,34.04625444,131.9281306,¢ŠE‘ª’nŒn,,ØR˜A‡,,https://logoform.jp/form/AcMw/kdmtlightreport
352071,,kdmtscl00755,17121-102,,,‰º¼,34.00641,131.8688414,¢ŠE‘ª’nŒn,,Z‹g’¬,,https://logoform.jp/form/AcMw/kdmtlightreport
352071,,kdmtscl00756,17121-103,,,‰º¼,34.00607194,131.8690411,¢ŠE‘ª’nŒn,,Z‹g’¬,,https://logoform.jp/form/AcMw/kdmtlightreport
352071,,kdmtscl00757,18007-106,,,‰º¼,34.00590278,131.86917,¢ŠE‘ª’nŒn,,Z‹g’¬,,https://logoform.jp/form/AcMw/kdmtlightreport
352071,,kdmtscl00758,18007-107,,,‰º¼,34.0056425,131.8693839,¢ŠE‘ª’nŒn,,Z‹g’¬,,https://logoform.jp/form/AcMw/kdmtlightreport
352071,,kdmtscl00759,18007-108,,,‰º¼,34.00541306,131.8695617,¢ŠE‘ª’nŒn,,Z‹g’¬,,https://logoform.jp/form/AcMw/kdmtlightreport
352071,,kdmtscl00760,18007-109,,,‰º¼,34.00518139,131.8697536,¢ŠE‘ª’nŒn,,Z‹g’¬,,https://logoform.jp/form/AcMw/kdmtlightreport
352071,,kdmtscl00761,18029-102,,,•Äì,34.08059611,131.8764656,¢ŠE‘ª’nŒn,,‰º’J‚P‹æ,,https://logoform.jp/form/AcMw/kdmtlightreport
352071,,kdmtscl00762,18013-103,,,Š}ŒË,33.98015667,131.8614331,¢ŠE‘ª’nŒn,,–{‰Y,,https://logoform.jp/form/AcMw/kdmtlightreport
352071,,kdmtscl00763,16016-102,,,Š}ŒË,33.97708056,131.8669528,¢ŠE‘ª’nŒn,,–{‰Y,,https://logoform.jp/form/AcMw/kdmtlightreport
352071,,kdmtscl00764,16016-104,,,Š}ŒË,33.97815889,131.8661911,¢ŠE‘ª’nŒn,,–{‰Y,,https://logoform.jp/form/AcMw/kdmtlightreport
352071,,kdmtscl00765,18013-111,,,Š}ŒË,33.97762417,131.8662103,¢ŠE‘ª’nŒn,,–{‰Y,,https://logoform.jp/form/AcMw/kdmtlightreport
352071,,kdmtscl00766,18013-110,,,Š}ŒË,33.97775667,131.8659664,¢ŠE‘ª’nŒn,,–{‰Y,,https://logoform.jp/form/AcMw/kdmtlightreport
352071,,kdmtscl00767,18109-104,,,‰Ô‰ª,34.04091056,131.8919386,¢ŠE‘ª’nŒn,,‹{–{,,https://logoform.jp/form/AcMw/kdmtlightreport
352071,,kdmtscl00768,17029-107,,,‰º¼,34.02300306,131.8819658,¢ŠE‘ª’nŒn,,á‹{’¬,,https://logoform.jp/form/AcMw/kdmtlightreport
352071,,kdmtscl00769,17047-103,,,‰Ô‰ª,34.03911667,131.8840392,¢ŠE‘ª’nŒn,,–œƒm–Ø’¬,,https://logoform.jp/form/AcMw/kdmtlightreport
352071,,kdmtscl00770,17047-104,,,‰Ô‰ª,34.0377125,131.8835947,¢ŠE‘ª’nŒn,,–œƒm–Ø’¬,,https://logoform.jp/form/AcMw/kdmtlightreport
352071,,kdmtscl00771,17047-105,,,‰Ô‰ª,34.03793444,131.8832172,¢ŠE‘ª’nŒn,,–œƒm–Ø’¬,,https://logoform.jp/form/AcMw/kdmtlightreport
352071,,kdmtscl00772,17047-106,,,‰Ô‰ª,34.03824361,131.8828908,¢ŠE‘ª’nŒn,,–œƒm–Ø’¬,,https://logoform.jp/form/AcMw/kdmtlightreport
352071,,kdmtscl00773,15024-101,,,‹v•Û,34.02598833,131.9216147,¢ŠE‘ª’nŒn,,“»”—,,https://logoform.jp/form/AcMw/kdmtlightreport
352071,,kdmtscl00774,16035-105,,,‰Ô‰ª,34.03964194,131.8905967,¢ŠE‘ª’nŒn,,“c‰€’²•z,,https://logoform.jp/form/AcMw/kdmtlightreport
352071,,kdmtscl00775,17080-102,,,‰Ô‰ª,34.03795444,131.8856306,¢ŠE‘ª’nŒn,,–œƒm–Ø‘ä,,https://logoform.jp/form/AcMw/kdmtlightreport
352071,,kdmtscl00776,18045-101@,,,‹v•Û,34.03497278,131.9052997,¢ŠE‘ª’nŒn,,“Œ—z˜A‡©¡‰ï,,https://logoform.jp/form/AcMw/kdmtlightreport
352071,,kdmtscl00777,18045-102@,,,‹v•Û,34.03502639,131.9062219,¢ŠE‘ª’nŒn,,“Œ—z˜A‡©¡‰ï,,https://logoform.jp/form/AcMw/kdmtlightreport
352071,,kdmtscl00778,18045-103@,,,‹v•Û,34.03503028,131.9069708,¢ŠE‘ª’nŒn,,“Œ—z˜A‡©¡‰ï,,https://logoform.jp/form/AcMw/kdmtlightreport
352071,,kdmtscl00779,L2012-026,,,––•,34.02439583,131.8679797,¢ŠE‘ª’nŒn,,á‘‘ä,,https://logoform.jp/form/AcMw/kdmtlightreport
352071,,kdmtscl00780,17075-102,,,––•,34.02412861,131.8679133,¢ŠE‘ª’nŒn,,á‘‘ä,,https://logoform.jp/form/AcMw/kdmtlightreport
352071,,kdmtscl00781,17075-103,,,––•,34.02401111,131.8682361,¢ŠE‘ª’nŒn,,á‘‘ä,,https://logoform.jp/form/AcMw/kdmtlightreport
352071,,kdmtscl00782,17075-104,,,––•,34.02375333,131.8674775,¢ŠE‘ª’nŒn,,á‘‘ä,,https://logoform.jp/form/AcMw/kdmtlightreport
352071,,kdmtscl00783,17075-105,,,––•,34.02356694,131.8676592,¢ŠE‘ª’nŒn,,á‘‘ä,,https://logoform.jp/form/AcMw/kdmtlightreport
352071,,kdmtscl00784,L2012-027,,,––•,34.02330028,131.8681425,¢ŠE‘ª’nŒn,,á‘‘ä,,https://logoform.jp/form/AcMw/kdmtlightreport
352071,,kdmtscl00785,18059-114,,,•Äì,34.087575,131.8922789,¢ŠE‘ª’nŒn,,›‘ò,,https://logoform.jp/form/AcMw/kdmtlightreport
352071,,kdmtscl00786,18059-109,,,•Äì,34.08709444,131.8806989,¢ŠE‘ª’nŒn,,›‘ò,,https://logoform.jp/form/AcMw/kdmtlightreport
352071,,kdmtscl00787,18059-112,,,•Äì,34.08627639,131.8812825,¢ŠE‘ª’nŒn,,›‘ò,,https://logoform.jp/form/AcMw/kdmtlightreport
352071,,kdmtscl00788,18002-101,,,•Äì,34.08307194,131.9005681,¢ŠE‘ª’nŒn,,‰·Œ©,,https://logoform.jp/form/AcMw/kdmtlightreport
352071,,kdmtscl00789,18135-101,,,•Äì,34.0806575,131.89713,¢ŠE‘ª’nŒn,,‰·Œ©,,https://logoform.jp/form/AcMw/kdmtlightreport
352071,,kdmtscl00790,18135-103,,,•Äì,34.08125194,131.9029192,¢ŠE‘ª’nŒn,,‰·Œ©,,https://logoform.jp/form/AcMw/kdmtlightreport
352071,,kdmtscl00791,18135-104,,,•Äì,34.08069556,131.9043203,¢ŠE‘ª’nŒn,,‰·Œ©,,https://logoform.jp/form/AcMw/kdmtlightreport
352071,,kdmtscl00792,18096-104,,,‰º¼,34.01021,131.8622969,¢ŠE‘ª’nŒn,,‚»’¬¼,,https://logoform.jp/form/AcMw/kdmtlightreport
352071,,kdmtscl00793,18112-107,,,‹v•Û,34.04299139,131.9084919,¢ŠE‘ª’nŒn,,R“c˜A‡,,https://logoform.jp/form/AcMw/kdmtlightreport
352071,,kdmtscl00794,18112-111,,,‹v•Û,34.03653667,131.9046589,¢ŠE‘ª’nŒn,,R“c˜A‡,,https://logoform.jp/form/AcMw/kdmtlightreport
352071,,kdmtscl00795,17090-107,,,‹v•Û,34.03259139,131.90507,¢ŠE‘ª’nŒn,,R“c˜A‡,,https://logoform.jp/form/AcMw/kdmtlightreport
352071,,kdmtscl00796,18074-102,,,‹v•Û,34.02766111,131.8979133,¢ŠE‘ª’nŒn,,‹v•Ûs,,https://logoform.jp/form/AcMw/kdmtlightreport
352071,,kdmtscl00797,18074-103,,,‹v•Û,34.02698861,131.8982242,¢ŠE‘ª’nŒn,,‹v•Ûs,,https://logoform.jp/form/AcMw/kdmtlightreport
352071,,kdmtscl00798,18119-101,,,––•,34.01868417,131.8416808,¢ŠE‘ª’nŒn,,r_,,https://logoform.jp/form/AcMw/kdmtlightreport
352071,,kdmtscl00799,18061-102,,,––•,34.01755556,131.8559789,¢ŠE‘ª’nŒn,,‘åŠC’¬“Œ,,https://logoform.jp/form/AcMw/kdmtlightreport
352071,,kdmtscl00800,18059-115,,,•Äì,34.08743444,131.8933439,¢ŠE‘ª’nŒn,,›‘ò,,https://logoform.jp/form/AcMw/kdmtlightreport
352071,,kdmtscl00801,18059-116,,,•Äì,34.08764389,131.8946686,¢ŠE‘ª’nŒn,,›‘ò,,https://logoform.jp/form/AcMw/kdmtlightreport
352071,,kdmtscl00802,18059-117,,,•Äì,34.08806944,131.8957122,¢ŠE‘ª’nŒn,,›‘ò,,https://logoform.jp/form/AcMw/kdmtlightreport
352071,,kdmtscl00803,18059-110,,,•Äì,34.08713583,131.8813486,¢ŠE‘ª’nŒn,,›‘ò,,https://logoform.jp/form/AcMw/kdmtlightreport
352071,,kdmtscl00804,18026-101,,,‰Ô‰ª,34.04018667,131.8822869,¢ŠE‘ª’nŒn,,“Œ@,,https://logoform.jp/form/AcMw/kdmtlightreport
352071,,kdmtscl00805,18026-102,,,‰Ô‰ª,34.04016667,131.8825872,¢ŠE‘ª’nŒn,,“Œ@,,https://logoform.jp/form/AcMw/kdmtlightreport
352071,,kdmtscl00806,18026-103,,,‰Ô‰ª,34.03986806,131.882495,¢ŠE‘ª’nŒn,,“Œ@,,https://logoform.jp/form/AcMw/kdmtlightreport
352071,,kdmtscl00807,18026-104,,,‰Ô‰ª,34.03967111,131.8829147,¢ŠE‘ª’nŒn,,“Œ@,,https://logoform.jp/form/AcMw/kdmtlightreport
352071,,kdmtscl00808,18026-105,,,‰Ô‰ª,34.03955917,131.8825919,¢ŠE‘ª’nŒn,,“Œ@,,https://logoform.jp/form/AcMw/kdmtlightreport
352071,,kdmtscl00809,18026-106,,,‰Ô‰ª,34.03945056,131.8821283,¢ŠE‘ª’nŒn,,“Œ@,,https://logoform.jp/form/AcMw/kdmtlightreport
352071,,kdmtscl00810,18133-112,,,–Lˆä,33.99918056,131.8760344,¢ŠE‘ª’nŒn,,–Lˆä,,https://logoform.jp/form/AcMw/kdmtlightreport
352071,,kdmtscl00811,18112-114,,,‹v•Û,34.03339306,131.904845,¢ŠE‘ª’nŒn,,R“c˜A‡,,https://logoform.jp/form/AcMw/kdmtlightreport
352071,,kdmtscl00812,18112-112,,,‹v•Û,34.035805,131.9045886,¢ŠE‘ª’nŒn,,R“c˜A‡,,https://logoform.jp/form/AcMw/kdmtlightreport
352071,,kdmtscl00813,17005-103,,,‰º¼,34.01778722,131.8684703,¢ŠE‘ª’nŒn,,“ŒŒõ›“Œ,,https://logoform.jp/form/AcMw/kdmtlightreport
352071,,kdmtscl00814,18113-102,,,’†‘º,34.0318625,131.8593872,¢ŠE‘ª’nŒn,,“Œ‰ÍŒ´,,https://logoform.jp/form/AcMw/kdmtlightreport
352071,,kdmtscl00815,18137-101,,,[‰Y,33.94729472,131.8256931,¢ŠE‘ª’nŒn,,[‰Y,,https://logoform.jp/form/AcMw/kdmtlightreport
352071,,kdmtscl00816,18137-102,,,[‰Y,33.94700556,131.8258156,¢ŠE‘ª’nŒn,,[‰Y,,https://logoform.jp/form/AcMw/kdmtlightreport
352071,,kdmtscl00817,18137-106,,,[‰Y,33.94735306,131.8253281,¢ŠE‘ª’nŒn,,[‰Y,,https://logoform.jp/form/AcMw/kdmtlightreport
352071,,kdmtscl00818,18103-117,,,‰º¼,34.00847194,131.8730486,¢ŠE‘ª’nŒn,,K’¬,,https://logoform.jp/form/AcMw/kdmtlightreport
352071,,kdmtscl00819,17068-108,,,‰º¼,34.01945,131.8705361,¢ŠE‘ª’nŒn,,Œõƒ–‹u,,https://logoform.jp/form/AcMw/kdmtlightreport
352071,,kdmtscl00820,17068-105,,,‰º¼,34.02083361,131.8706022,¢ŠE‘ª’nŒn,,Œõƒ–‹u,,https://logoform.jp/form/AcMw/kdmtlightreport
352071,,kdmtscl00821,17068-106,,,‰º¼,34.02018222,131.8705147,¢ŠE‘ª’nŒn,,Œõƒ–‹u,,https://logoform.jp/form/AcMw/kdmtlightreport
352071,,kdmtscl00822,18028-104,,,‰º¼,34.01672139,131.8665625,¢ŠE‘ª’nŒn,,–ö,,https://logoform.jp/form/AcMw/kdmtlightreport
352071,,kdmtscl00823,18090-108,,,––•,34.02429139,131.8570222,¢ŠE‘ª’nŒn,,‚Ğ‚ç‚½–]’¬“Œ,,https://logoform.jp/form/AcMw/kdmtlightreport
352071,,kdmtscl00824,17005-104,,,‰º¼,34.01962056,131.869995,¢ŠE‘ª’nŒn,,“ŒŒõ›“Œ,,https://logoform.jp/form/AcMw/kdmtlightreport
352071,,kdmtscl00825,17005-105,,,‰º¼,34.01943833,131.86924,¢ŠE‘ª’nŒn,,“ŒŒõ›“Œ,,https://logoform.jp/form/AcMw/kdmtlightreport
352071,,kdmtscl00826,17005-106,,,‰º¼,34.0180025,131.8691325,¢ŠE‘ª’nŒn,,“ŒŒõ›“Œ,,https://logoform.jp/form/AcMw/kdmtlightreport
352071,,kdmtscl00827,17005-107,,,‰º¼,34.01817833,131.8697925,¢ŠE‘ª’nŒn,,“ŒŒõ›“Œ,,https://logoform.jp/form/AcMw/kdmtlightreport
352071,,kdmtscl00828,L2011-087,,,‰º¼,34.01791167,131.8695839,¢ŠE‘ª’nŒn,,“ŒŒõ›“Œ,,https://logoform.jp/form/AcMw/kdmtlightreport
352071,,kdmtscl00829,18012-102,,,‹v•Û,34.0334275,131.9127989,¢ŠE‘ª’nŒn,,“Œ—z‚V’š–Ú,,https://logoform.jp/form/AcMw/kdmtlightreport
352071,,kdmtscl00830,18012-104,,,‹v•Û,34.03378806,131.9130867,¢ŠE‘ª’nŒn,,“Œ—z‚V’š–Ú,,https://logoform.jp/form/AcMw/kdmtlightreport
352071,,kdmtscl00831,18012-107,,,‹v•Û,34.03357889,131.9141569,¢ŠE‘ª’nŒn,,“Œ—z‚V’š–Ú,,https://logoform.jp/form/AcMw/kdmtlightreport
352071,,kdmtscl00832,18082-119,,,‰Ô‰ª,34.04157861,131.8706608,¢ŠE‘ª’nŒn,,ã’n,,https://logoform.jp/form/AcMw/kdmtlightreport
352071,,kdmtscl00833,18082-120,,,‰Ô‰ª,34.04099611,131.8707256,¢ŠE‘ª’nŒn,,ã’n,,https://logoform.jp/form/AcMw/kdmtlightreport
352071,,kdmtscl00834,18082-118,,,‰Ô‰ª,34.04128889,131.8702544,¢ŠE‘ª’nŒn,,ã’n,,https://logoform.jp/form/AcMw/kdmtlightreport
352071,,kdmtscl00835,18082-121,,,‰Ô‰ª,34.04129528,131.8717142,¢ŠE‘ª’nŒn,,ã’n,,https://logoform.jp/form/AcMw/kdmtlightreport
352071,,kdmtscl00836,18084-111,,,––•,34.02306778,131.8651825,¢ŠE‘ª’nŒn,,”öK,,https://logoform.jp/form/AcMw/kdmtlightreport
352071,,kdmtscl00837,18079-103,,,’†‘º,34.03316306,131.849805,¢ŠE‘ª’nŒn,,˜a“c,,https://logoform.jp/form/AcMw/kdmtlightreport
352071,,kdmtscl00838,18098-101,,,‰º¼,34.01132278,131.8741694,¢ŠE‘ª’nŒn,,Šø‰ª‚P’š–ÚŒÂl,,https://logoform.jp/form/AcMw/kdmtlightreport
352071,,kdmtscl00839,15056-101,,,‰º¼,34.01080167,131.8743411,¢ŠE‘ª’nŒn,,Šø‰ª‚P’š–ÚŒÂl,,https://logoform.jp/form/AcMw/kdmtlightreport
352071,,kdmtscl00840,17002-101,,,’†‘º,34.03704667,131.853965,¢ŠE‘ª’nŒn,,Rè,,https://logoform.jp/form/AcMw/kdmtlightreport
352071,,kdmtscl00841,18037-106,,,’†‘º,34.03640444,131.8529989,¢ŠE‘ª’nŒn,,Rè,,https://logoform.jp/form/AcMw/kdmtlightreport
352071,,kdmtscl00842,18112-103,,,‹v•Û,34.03273444,131.8955919,¢ŠE‘ª’nŒn,,R“c˜A‡,,https://logoform.jp/form/AcMw/kdmtlightreport
352071,,kdmtscl00843,18095-110,,,––•,34.01380028,131.8619383,¢ŠE‘ª’nŒn,,¼s“Œ,,https://logoform.jp/form/AcMw/kdmtlightreport
352071,,kdmtscl00844,18095-103,,,––•,34.014535,131.8599358,¢ŠE‘ª’nŒn,,¼s“Œ,,https://logoform.jp/form/AcMw/kdmtlightreport
352071,,kdmtscl00845,18129-108,,,‰º¼,34.01942528,131.8776239,¢ŠE‘ª’nŒn,,º˜a’Ê‚èã,,https://logoform.jp/form/AcMw/kdmtlightreport
352071,,kdmtscl00846,15020-106,,,‰º¼,34.02174556,131.8762453,¢ŠE‘ª’nŒn,,º˜a’Ê‚èã,,https://logoform.jp/form/AcMw/kdmtlightreport
352071,,kdmtscl00847,18129-116,,,‰º¼,34.01705306,131.8778653,¢ŠE‘ª’nŒn,,º˜a’Ê‚èã,,https://logoform.jp/form/AcMw/kdmtlightreport
352071,,kdmtscl00848,17037-106,,,[‰Y,33.95430806,131.8388186,¢ŠE‘ª’nŒn,,¬[‰Y,,https://logoform.jp/form/AcMw/kdmtlightreport
352071,,kdmtscl00849,18074-120,,,‹v•Û,34.02957333,131.9091361,¢ŠE‘ª’nŒn,,‹v•Ûs,,https://logoform.jp/form/AcMw/kdmtlightreport
352071,,kdmtscl00850,18074-119,,,‹v•Û,34.02963444,131.9077397,¢ŠE‘ª’nŒn,,‹v•Ûs,,https://logoform.jp/form/AcMw/kdmtlightreport
352071,,kdmtscl00851,18074-116,,,‹v•Û,34.02938472,131.9072358,¢ŠE‘ª’nŒn,,‹v•Ûs,,https://logoform.jp/form/AcMw/kdmtlightreport
352071,,kdmtscl00852,18074-117,,,‹v•Û,34.02924861,131.9070122,¢ŠE‘ª’nŒn,,‹v•Ûs,,https://logoform.jp/form/AcMw/kdmtlightreport
352071,,kdmtscl00853,18074-113,,,‹v•Û,34.02814167,131.903325,¢ŠE‘ª’nŒn,,‹v•Ûs,,https://logoform.jp/form/AcMw/kdmtlightreport
352071,,kdmtscl00854,17089-108,,,‰Ô‰ª,34.04193139,131.8788797,¢ŠE‘ª’nŒn,,@,,https://logoform.jp/form/AcMw/kdmtlightreport
352071,,kdmtscl00855,18017-115,,,––•,34.02189944,131.8543275,¢ŠE‘ª’nŒn,,‘åŠC’¬¼,,https://logoform.jp/form/AcMw/kdmtlightreport
352071,,kdmtscl00856,18017-116,,,––•,34.02143139,131.8541875,¢ŠE‘ª’nŒn,,‘åŠC’¬¼,,https://logoform.jp/form/AcMw/kdmtlightreport
352071,,kdmtscl00857,18078-106,,,–Lˆä,33.99579361,131.8815878,¢ŠE‘ª’nŒn,,ã—öƒ–•l,,https://logoform.jp/form/AcMw/kdmtlightreport
352071,,kdmtscl00858,17059-105,,,‰Ô‰ª,34.03708833,131.8834097,¢ŠE‘ª’nŒn,,­,,https://logoform.jp/form/AcMw/kdmtlightreport
352071,,kdmtscl00859,17059-106,,,‰Ô‰ª,34.03639806,131.8850219,¢ŠE‘ª’nŒn,,­,,https://logoform.jp/form/AcMw/kdmtlightreport
352071,,kdmtscl00860,18013-105,,,Š}ŒË,33.97926056,131.8626133,¢ŠE‘ª’nŒn,,–{‰Y,,https://logoform.jp/form/AcMw/kdmtlightreport
352071,,kdmtscl00861,17073-103,,,Š}ŒË,33.96361361,131.8504169,¢ŠE‘ª’nŒn,,”ö‹½E—,,https://logoform.jp/form/AcMw/kdmtlightreport
352071,,kdmtscl00862,16026-101,,,‰Ô‰ª,34.037745,131.8858919,¢ŠE‘ª’nŒn,,‘å‰¤,,https://logoform.jp/form/AcMw/kdmtlightreport
352071,,kdmtscl00863,18084-115,,,––•,34.02129778,131.86858,¢ŠE‘ª’nŒn,,”öK,,https://logoform.jp/form/AcMw/kdmtlightreport
352071,,kdmtscl00864,18030-105,,,‰Ô‰ª,34.03649861,131.8861917,¢ŠE‘ª’nŒn,,’†‘º¼,,https://logoform.jp/form/AcMw/kdmtlightreport
352071,,kdmtscl00865,18119-102,,,––•,34.02044972,131.8445281,¢ŠE‘ª’nŒn,,r_,,https://logoform.jp/form/AcMw/kdmtlightreport
352071,,kdmtscl00866,18071-110,,,––•,34.01708917,131.8473886,¢ŠE‘ª’nŒn,,¼ŠJì,,https://logoform.jp/form/AcMw/kdmtlightreport
352071,,kdmtscl00867,18071-111,,,––•,34.01714944,131.8480181,¢ŠE‘ª’nŒn,,¼ŠJì,,https://logoform.jp/form/AcMw/kdmtlightreport
352071,,kdmtscl00868,16098-110,,,•Äì,34.10333528,131.8840906,¢ŠE‘ª’nŒn,,Ô’J,,https://logoform.jp/form/AcMw/kdmtlightreport
352071,,kdmtscl00869,L2011-105,,,‹v•Û,34.02245806,131.9006494,¢ŠE‘ª’nŒn,,‰Í“àã,,https://logoform.jp/form/AcMw/kdmtlightreport
352071,,kdmtscl00870,18050-107,,,‹v•Û,34.01769306,131.9081075,¢ŠE‘ª’nŒn,,‰Í“àã,,https://logoform.jp/form/AcMw/kdmtlightreport
352071,,kdmtscl00871,18101-103,,,––•,34.021765,131.85469,¢ŠE‘ª’nŒn,,‚Ğ‚ç‚½•ä,,https://logoform.jp/form/AcMw/kdmtlightreport
352071,,kdmtscl00872,18082-103,,,‰Ô‰ª,34.04237111,131.8687808,¢ŠE‘ª’nŒn,,ã’n,,https://logoform.jp/form/AcMw/kdmtlightreport
352071,,kdmtscl00873,18030-120,,,‰Ô‰ª,34.03649889,131.8869453,¢ŠE‘ª’nŒn,,’†‘º¼,,https://logoform.jp/form/AcMw/kdmtlightreport
352071,,kdmtscl00874,18030-121,,,‰Ô‰ª,34.03627222,131.8868781,¢ŠE‘ª’nŒn,,’†‘º¼,,https://logoform.jp/form/AcMw/kdmtlightreport
352071,,kdmtscl00875,18007-112,,,‰º¼,34.00479944,131.8697089,¢ŠE‘ª’nŒn,,Z‹g’¬,,https://logoform.jp/form/AcMw/kdmtlightreport
352071,,kdmtscl00876,L2011-086,,,‰º¼,34.00517611,131.8693789,¢ŠE‘ª’nŒn,,Z‹g’¬,,https://logoform.jp/form/AcMw/kdmtlightreport
352071,,kdmtscl00877,18007-103,,,‰º¼,34.00548972,131.8691017,¢ŠE‘ª’nŒn,,Z‹g’¬,,https://logoform.jp/form/AcMw/kdmtlightreport
352071,,kdmtscl00878,18007-102,,,‰º¼,34.00585944,131.8687286,¢ŠE‘ª’nŒn,,Z‹g’¬,,https://logoform.jp/form/AcMw/kdmtlightreport
352071,,kdmtscl00879,18007-101,,,‰º¼,34.00615778,131.8684,¢ŠE‘ª’nŒn,,Z‹g’¬,,https://logoform.jp/form/AcMw/kdmtlightreport
352071,,kdmtscl00880,18122-103,,,‰º¼,34.01467806,131.8728008,¢ŠE‘ª’nŒn,,“s’¬,,https://logoform.jp/form/AcMw/kdmtlightreport
352071,,kdmtscl00881,16020-105,,,‰º¼,34.01415833,131.8722806,¢ŠE‘ª’nŒn,,“s’¬,,https://logoform.jp/form/AcMw/kdmtlightreport
352071,,kdmtscl00882,18122-105,,,‰º¼,34.01393278,131.8722197,¢ŠE‘ª’nŒn,,“s’¬,,https://logoform.jp/form/AcMw/kdmtlightreport
352071,,kdmtscl00883,18122-106,,,‰º¼,34.01316056,131.8722383,¢ŠE‘ª’nŒn,,“s’¬,,https://logoform.jp/form/AcMw/kdmtlightreport
352071,,kdmtscl00884,18122-107,,,‰º¼,34.01239167,131.8724583,¢ŠE‘ª’nŒn,,“s’¬,,https://logoform.jp/form/AcMw/kdmtlightreport
352071,,kdmtscl00885,18103-101,,,‰º¼,34.01132306,131.8717036,¢ŠE‘ª’nŒn,,K’¬,,https://logoform.jp/form/AcMw/kdmtlightreport
352071,,kdmtscl00886,17047-107,,,‰Ô‰ª,34.038495,131.8833569,¢ŠE‘ª’nŒn,,–œƒm–Ø’¬,,https://logoform.jp/form/AcMw/kdmtlightreport
352071,,kdmtscl00887,18011-104,,,–Lˆä,34.00236611,131.8740222,¢ŠE‘ª’nŒn,,‹Õ•½’¬,,https://logoform.jp/form/AcMw/kdmtlightreport
352071,,kdmtscl00888,18090-106,,,––•,34.02475417,131.8578022,¢ŠE‘ª’nŒn,,‚Ğ‚ç‚½–]’¬“Œ,,https://logoform.jp/form/AcMw/kdmtlightreport
352071,,kdmtscl00889,18101-104,,,––•,34.02161194,131.8549547,¢ŠE‘ª’nŒn,,‚Ğ‚ç‚½•ä,,https://logoform.jp/form/AcMw/kdmtlightreport
352071,,kdmtscl00890,18030-111,,,‰Ô‰ª,34.03815639,131.8889589,¢ŠE‘ª’nŒn,,’†‘º¼,,https://logoform.jp/form/AcMw/kdmtlightreport
352071,,kdmtscl00891,18030-108,,,‰Ô‰ª,34.03741583,131.8884778,¢ŠE‘ª’nŒn,,’†‘º¼,,https://logoform.jp/form/AcMw/kdmtlightreport
352071,,kdmtscl00892,18037-102,,,’†‘º,34.03575111,131.8526589,¢ŠE‘ª’nŒn,,Rè,,https://logoform.jp/form/AcMw/kdmtlightreport
352071,,kdmtscl00893,18037-108,,,’†‘º,34.03595167,131.8529764,¢ŠE‘ª’nŒn,,Rè,,https://logoform.jp/form/AcMw/kdmtlightreport
352071,,kdmtscl00894,18083-102,,,‰º¼,34.01714972,131.8825586,¢ŠE‘ª’nŒn,,º˜a’¬‚Q’š–Ú,,https://logoform.jp/form/AcMw/kdmtlightreport
352071,,kdmtscl00895,18083-104,,,‰º¼,34.01692139,131.8828075,¢ŠE‘ª’nŒn,,º˜a’¬‚Q’š–Ú,,https://logoform.jp/form/AcMw/kdmtlightreport
352071,,kdmtscl00896,18067-101,,,‹v•Û,34.02904833,131.9244206,¢ŠE‘ª’nŒn,,“Œ˜a,,https://logoform.jp/form/AcMw/kdmtlightreport
352071,,kdmtscl00897,18067-103,,,‹v•Û,34.02875667,131.9239658,¢ŠE‘ª’nŒn,,“Œ˜a,,https://logoform.jp/form/AcMw/kdmtlightreport
352071,,kdmtscl00898,18067-119,,,‹v•Û,34.02757889,131.9263742,¢ŠE‘ª’nŒn,,“Œ˜a,,https://logoform.jp/form/AcMw/kdmtlightreport
352071,,kdmtscl00899,18067-102,,,‹v•Û,34.02896639,131.9240472,¢ŠE‘ª’nŒn,,“Œ˜a,,https://logoform.jp/form/AcMw/kdmtlightreport
352071,,kdmtscl00900,18058-102,,,•Äì,34.07439806,131.9150633,¢ŠE‘ª’nŒn,,‘å“¡’J,,https://logoform.jp/form/AcMw/kdmtlightreport
352071,,kdmtscl00901,18012-113,,,‹v•Û,34.03278167,131.9146944,¢ŠE‘ª’nŒn,,“Œ—z‚V’š–Ú,,https://logoform.jp/form/AcMw/kdmtlightreport
352071,,kdmtscl00902,18101-101,,,––•,34.02411389,131.8539886,¢ŠE‘ª’nŒn,,‚Ğ‚ç‚½•ä,,https://logoform.jp/form/AcMw/kdmtlightreport
352071,,kdmtscl00903,18074-109,,,‹v•Û,34.030515,131.9045564,¢ŠE‘ª’nŒn,,‹v•Ûs,,https://logoform.jp/form/AcMw/kdmtlightreport
352071,,kdmtscl00904,18074-114,,,‹v•Û,34.02984333,131.9047261,¢ŠE‘ª’nŒn,,‹v•Ûs,,https://logoform.jp/form/AcMw/kdmtlightreport
352071,,kdmtscl00905,17028-106,,,‰º¼,34.00446972,131.8700128,¢ŠE‘ª’nŒn,,“ñ‹{’¬‚P’š–Ú,,https://logoform.jp/form/AcMw/kdmtlightreport
352071,,kdmtscl00906,17028-107,,,‰º¼,34.00473056,131.8699325,¢ŠE‘ª’nŒn,,“ñ‹{’¬‚P’š–Ú,,https://logoform.jp/form/AcMw/kdmtlightreport
352071,,kdmtscl00907,18075-111,,,––•,34.02238333,131.8622106,¢ŠE‘ª’nŒn,,•½“c“Œ,,https://logoform.jp/form/AcMw/kdmtlightreport
352071,,kdmtscl00908,18136-101,,,‰Ô‰ª,34.04239611,131.8774486,¢ŠE‘ª’nŒn,,‚Š_’c’n,,https://logoform.jp/form/AcMw/kdmtlightreport
352071,,kdmtscl00909,17089-107,,,‰Ô‰ª,34.04217611,131.8790889,¢ŠE‘ª’nŒn,,@,,https://logoform.jp/form/AcMw/kdmtlightreport
352071,,kdmtscl00910,17106-102,,,‰Ô‰ª,34.03520417,131.8732181,¢ŠE‘ª’nŒn,,ã‚’Ë,,https://logoform.jp/form/AcMw/kdmtlightreport
352071,,kdmtscl00911,18017-108,,,––•,34.02006278,131.8525478,¢ŠE‘ª’nŒn,,‘åŠC’¬¼,,https://logoform.jp/form/AcMw/kdmtlightreport
352071,,kdmtscl00912,18017-117,,,––•,34.02010889,131.85454,¢ŠE‘ª’nŒn,,‘åŠC’¬¼,,https://logoform.jp/form/AcMw/kdmtlightreport
352071,,kdmtscl00913,17001-101,,,––•,34.01947556,131.8537692,¢ŠE‘ª’nŒn,,‘åŠC’¬¼,,https://logoform.jp/form/AcMw/kdmtlightreport
352071,,kdmtscl00914,14042-109,,,Š}ŒË,33.98202389,131.8596547,¢ŠE‘ª’nŒn,,–{‰Y,,https://logoform.jp/form/AcMw/kdmtlightreport
352071,,kdmtscl00915,14042-108,,,Š}ŒË,33.98213917,131.8606219,¢ŠE‘ª’nŒn,,–{‰Y,,https://logoform.jp/form/AcMw/kdmtlightreport
352071,,kdmtscl00916,14042-107,,,Š}ŒË,33.98182194,131.8611994,¢ŠE‘ª’nŒn,,–{‰Y,,https://logoform.jp/form/AcMw/kdmtlightreport
352071,,kdmtscl00917,18083-118,,,‰º¼,34.01606444,131.8813361,¢ŠE‘ª’nŒn,,º˜a’¬‚Q’š–Ú,,https://logoform.jp/form/AcMw/kdmtlightreport
352071,,kdmtscl00918,18058-107,,,•Äì,34.0723725,131.9215764,¢ŠE‘ª’nŒn,,‘å“¡’J,,https://logoform.jp/form/AcMw/kdmtlightreport
352071,,kdmtscl00919,17018-107,,,‰Ô‰ª,34.03213083,131.8788061,¢ŠE‘ª’nŒn,,‰º‘º“Œ,,https://logoform.jp/form/AcMw/kdmtlightreport
352071,,kdmtscl00920,18082-109,,,‰Ô‰ª,34.04034556,131.8684747,¢ŠE‘ª’nŒn,,ã’n,,https://logoform.jp/form/AcMw/kdmtlightreport
352071,,kdmtscl00921,18082-111,,,‰Ô‰ª,34.0399425,131.8688419,¢ŠE‘ª’nŒn,,ã’n,,https://logoform.jp/form/AcMw/kdmtlightreport
352071,,kdmtscl00922,18076-101,,,‰Ô‰ª,34.04186583,131.8851547,¢ŠE‘ª’nŒn,,¼‘º,,https://logoform.jp/form/AcMw/kdmtlightreport
352071,,kdmtscl00923,18030-101,,,‰Ô‰ª,34.03884472,131.890035,¢ŠE‘ª’nŒn,,’†‘º¼,,https://logoform.jp/form/AcMw/kdmtlightreport
352071,,kdmtscl00924,18030-112,,,‰Ô‰ª,34.03825528,131.8897439,¢ŠE‘ª’nŒn,,’†‘º¼,,https://logoform.jp/form/AcMw/kdmtlightreport
352071,,kdmtscl00925,18030-119,,,‰Ô‰ª,34.03848167,131.8894417,¢ŠE‘ª’nŒn,,’†‘º¼,,https://logoform.jp/form/AcMw/kdmtlightreport
352071,,kdmtscl00926,18030-116,,,‰Ô‰ª,34.03468889,131.8880653,¢ŠE‘ª’nŒn,,’†‘º¼,,https://logoform.jp/form/AcMw/kdmtlightreport
352071,,kdmtscl00927,18030-117,,,‰Ô‰ª,34.03443139,131.8880153,¢ŠE‘ª’nŒn,,’†‘º¼,,https://logoform.jp/form/AcMw/kdmtlightreport
352071,,kdmtscl00928,17012-104,,,‰º¼,34.01231389,131.8652794,¢ŠE‘ª’nŒn,,‘åè’¬,,https://logoform.jp/form/AcMw/kdmtlightreport
352071,,kdmtscl00929,18017-101,,,––•,34.02301,131.8523139,¢ŠE‘ª’nŒn,,‘åŠC’¬¼,,https://logoform.jp/form/AcMw/kdmtlightreport
352071,,kdmtscl00930,18017-102,,,––•,34.02275167,131.8521725,¢ŠE‘ª’nŒn,,‘åŠC’¬¼,,https://logoform.jp/form/AcMw/kdmtlightreport
352071,,kdmtscl00931,18017-103,,,––•,34.02241889,131.8517539,¢ŠE‘ª’nŒn,,‘åŠC’¬¼,,https://logoform.jp/form/AcMw/kdmtlightreport
352071,,kdmtscl00932,18017-113,,,––•,34.02225667,131.8528639,¢ŠE‘ª’nŒn,,‘åŠC’¬¼,,https://logoform.jp/form/AcMw/kdmtlightreport
352071,,kdmtscl00933,17011-104,,,‰Ô‰ª,34.03473472,131.8708111,¢ŠE‘ª’nŒn,,¬˜HŒû,,https://logoform.jp/form/AcMw/kdmtlightreport
352071,,kdmtscl00934,17011-105,,,‰Ô‰ª,34.03475556,131.8697636,¢ŠE‘ª’nŒn,,¬˜HŒû,,https://logoform.jp/form/AcMw/kdmtlightreport
352071,,kdmtscl00935,18075-102,,,––•,34.02309194,131.8605756,¢ŠE‘ª’nŒn,,•½“c“Œ,,https://logoform.jp/form/AcMw/kdmtlightreport
352071,,kdmtscl00936,18075-104,,,––•,34.02157889,131.8591058,¢ŠE‘ª’nŒn,,•½“c“Œ,,https://logoform.jp/form/AcMw/kdmtlightreport
352071,,kdmtscl00937,L2012-034,,,––•,34.02118778,131.8596447,¢ŠE‘ª’nŒn,,•½“c“Œ,,https://logoform.jp/form/AcMw/kdmtlightreport
352071,,kdmtscl00938,18075-108,,,––•,34.02442278,131.8624217,¢ŠE‘ª’nŒn,,•½“c“Œ,,https://logoform.jp/form/AcMw/kdmtlightreport
352071,,kdmtscl00939,18075-105,,,––•,34.02504028,131.8621706,¢ŠE‘ª’nŒn,,•½“c“Œ,,https://logoform.jp/form/AcMw/kdmtlightreport
352071,,kdmtscl00940,18075-103,,,––•,34.02183556,131.8587644,¢ŠE‘ª’nŒn,,•½“c“Œ,,https://logoform.jp/form/AcMw/kdmtlightreport
352071,,kdmtscl00941,18075-110,,,––•,34.02321333,131.8613544,¢ŠE‘ª’nŒn,,•½“c“Œ,,https://logoform.jp/form/AcMw/kdmtlightreport
352071,,kdmtscl00942,L2011-107,,,‰º¼,34.01049861,131.8735094,¢ŠE‘ª’nŒn,,K’¬,,https://logoform.jp/form/AcMw/kdmtlightreport
352071,,kdmtscl00943,18030-113,,,‰Ô‰ª,34.03452556,131.8861358,¢ŠE‘ª’nŒn,,’†‘º¼,,https://logoform.jp/form/AcMw/kdmtlightreport
352071,,kdmtscl00944,18092-109,,,‰Ô‰ª,34.03941861,131.8789578,¢ŠE‘ª’nŒn,,¼@,,https://logoform.jp/form/AcMw/kdmtlightreport
352071,,kdmtscl00945,18089-103,,,‰Ô‰ª,34.03830806,131.8879517,¢ŠE‘ª’nŒn,,‘å‰¤,,https://logoform.jp/form/AcMw/kdmtlightreport
352071,,kdmtscl00946,18089-101,,,‰Ô‰ª,34.03906361,131.8881439,¢ŠE‘ª’nŒn,,‘å‰¤,,https://logoform.jp/form/AcMw/kdmtlightreport
352071,,kdmtscl00947,L2012-091,,,‰Ô‰ª,34.03722194,131.8867703,¢ŠE‘ª’nŒn,,‘å‰¤,,https://logoform.jp/form/AcMw/kdmtlightreport
352071,,kdmtscl00948,18089-107,,,‰Ô‰ª,34.03760222,131.8863928,¢ŠE‘ª’nŒn,,‘å‰¤,,https://logoform.jp/form/AcMw/kdmtlightreport
352071,,kdmtscl00949,L2012-090,,,‰Ô‰ª,34.03737778,131.8861781,¢ŠE‘ª’nŒn,,‘å‰¤,,https://logoform.jp/form/AcMw/kdmtlightreport
352071,,kdmtscl00950,18089-102,,,‰Ô‰ª,34.03866083,131.8882006,¢ŠE‘ª’nŒn,,‘å‰¤,,https://logoform.jp/form/AcMw/kdmtlightreport
352071,,kdmtscl00951,18103-107,,,‰º¼,34.01013917,131.8724058,¢ŠE‘ª’nŒn,,K’¬,,https://logoform.jp/form/AcMw/kdmtlightreport
352071,,kdmtscl00952,18103-108,,,‰º¼,34.00974028,131.8726144,¢ŠE‘ª’nŒn,,K’¬,,https://logoform.jp/form/AcMw/kdmtlightreport
352071,,kdmtscl00953,18095-101,,,––•,34.0149075,131.8593,¢ŠE‘ª’nŒn,,¼s“Œ,,https://logoform.jp/form/AcMw/kdmtlightreport
352071,,kdmtscl00954,14045-102,,,•Äì,34.06127833,131.8875017,¢ŠE‘ª’nŒn,,£ŒË,,https://logoform.jp/form/AcMw/kdmtlightreport
352071,,kdmtscl00955,18071-106,,,––•,34.018475,131.8476194,¢ŠE‘ª’nŒn,,¼ŠJì,,https://logoform.jp/form/AcMw/kdmtlightreport
352071,,kdmtscl00956,17011-106,,,‰Ô‰ª,34.0347625,131.8692061,¢ŠE‘ª’nŒn,,¬˜HŒû,,https://logoform.jp/form/AcMw/kdmtlightreport
352071,,kdmtscl00957,17035-102,,,‰Ô‰ª,34.03914639,131.8749025,¢ŠE‘ª’nŒn,,“Œ’¬,,https://logoform.jp/form/AcMw/kdmtlightreport
352071,,kdmtscl00958,17018-103,,,‰Ô‰ª,34.03525639,131.8806286,¢ŠE‘ª’nŒn,,‰º‘º“Œ,,https://logoform.jp/form/AcMw/kdmtlightreport
352071,,kdmtscl00959,14091-101,,,’†‘º,34.02587556,131.8511228,¢ŠE‘ª’nŒn,,’†—Í,,https://logoform.jp/form/AcMw/kdmtlightreport
352071,,kdmtscl00960,18053-102,,,’†‘º,34.02706028,131.8478544,¢ŠE‘ª’nŒn,,’†—Í,,https://logoform.jp/form/AcMw/kdmtlightreport
352071,,kdmtscl00961,18053-105,,,’†‘º,34.02587111,131.8480494,¢ŠE‘ª’nŒn,,’†—Í,,https://logoform.jp/form/AcMw/kdmtlightreport
352071,,kdmtscl00962,17016-101,,,’†‘º,34.02551972,131.8477231,¢ŠE‘ª’nŒn,,‰º—Í,,https://logoform.jp/form/AcMw/kdmtlightreport
352071,,kdmtscl00963,18013-116,,,Š}ŒË,33.97840167,131.8682275,¢ŠE‘ª’nŒn,,–{‰Y,,https://logoform.jp/form/AcMw/kdmtlightreport
352071,,kdmtscl00964,18056-107,,,‰Ô‰ª,34.03891083,131.8736494,¢ŠE‘ª’nŒn,,‰Ô‰ª—,,https://logoform.jp/form/AcMw/kdmtlightreport
352071,,kdmtscl00965,17048-113,,,‰º¼,34.0079575,131.8618033,¢ŠE‘ª’nŒn,,¬Œ©’¬,,https://logoform.jp/form/AcMw/kdmtlightreport
352071,,kdmtscl00966,18137-105,,,[‰Y,33.94765556,131.8251942,¢ŠE‘ª’nŒn,,[‰Y,,https://logoform.jp/form/AcMw/kdmtlightreport
352071,,kdmtscl00967,18137-107,,,[‰Y,33.94708472,131.8261519,¢ŠE‘ª’nŒn,,[‰Y,,https://logoform.jp/form/AcMw/kdmtlightreport
352071,,kdmtscl00968,18137-103,,,[‰Y,33.94536722,131.8256356,¢ŠE‘ª’nŒn,,[‰Y,,https://logoform.jp/form/AcMw/kdmtlightreport
352071,,kdmtscl00969,18137-109,,,[‰Y,33.94511,131.8246444,¢ŠE‘ª’nŒn,,[‰Y,,https://logoform.jp/form/AcMw/kdmtlightreport
352071,,kdmtscl00970,18137-110,,,[‰Y,33.94466694,131.8237492,¢ŠE‘ª’nŒn,,[‰Y,,https://logoform.jp/form/AcMw/kdmtlightreport
352071,,kdmtscl00971,18137-104,,,[‰Y,33.94454361,131.8245617,¢ŠE‘ª’nŒn,,[‰Y,,https://logoform.jp/form/AcMw/kdmtlightreport
352071,,kdmtscl00972,18029-103,,,•Äì,34.08036139,131.8751717,¢ŠE‘ª’nŒn,,‰º’J‚P‹æ,,https://logoform.jp/form/AcMw/kdmtlightreport
352071,,kdmtscl00973,13045-001,,,‰Ô‰ª,34.04018361,131.8829011,¢ŠE‘ª’nŒn,,“Œ@,,https://logoform.jp/form/AcMw/kdmtlightreport
352071,,kdmtscl00974,18062-102,,,‹v•Û,34.0243875,131.8939161,¢ŠE‘ª’nŒn,,o‡,,https://logoform.jp/form/AcMw/kdmtlightreport
352071,,kdmtscl00975,18015-102,,,‹v•Û,34.02848361,131.9159339,¢ŠE‘ª’nŒn,,“R’¬,,https://logoform.jp/form/AcMw/kdmtlightreport
352071,,kdmtscl00976,18015-101,,,‹v•Û,34.02862861,131.9151144,¢ŠE‘ª’nŒn,,“R’¬,,https://logoform.jp/form/AcMw/kdmtlightreport
352071,,kdmtscl00977,18030-102,,,‰Ô‰ª,34.03604528,131.8853722,¢ŠE‘ª’nŒn,,’†‘º¼,,https://logoform.jp/form/AcMw/kdmtlightreport
352071,,kdmtscl00978,18082-112,,,‰Ô‰ª,34.04330944,131.8719617,¢ŠE‘ª’nŒn,,ã’n,,https://logoform.jp/form/AcMw/kdmtlightreport
352071,,kdmtscl00979,18082-101,,,‰Ô‰ª,34.04180861,131.8672083,¢ŠE‘ª’nŒn,,ã’n,,https://logoform.jp/form/AcMw/kdmtlightreport
352071,,kdmtscl00980,L2012-089,,,‰Ô‰ª,34.03705778,131.8858222,¢ŠE‘ª’nŒn,,‘å‰¤,,https://logoform.jp/form/AcMw/kdmtlightreport
352071,,kdmtscl00981,17005-108,,,‰º¼,34.0183675,131.8686747,¢ŠE‘ª’nŒn,,“ŒŒõ›“Œ,,https://logoform.jp/form/AcMw/kdmtlightreport
352071,,kdmtscl00982,18033-103,,,‰º¼,34.01193139,131.8646644,¢ŠE‘ª’nŒn,,’†s,,https://logoform.jp/form/AcMw/kdmtlightreport
352071,,kdmtscl00983,18033-109,,,‰º¼,34.01127278,131.8638708,¢ŠE‘ª’nŒn,,’†s,,https://logoform.jp/form/AcMw/kdmtlightreport
352071,,kdmtscl00984,18082-108,,,‰Ô‰ª,34.04077639,131.868505,¢ŠE‘ª’nŒn,,ã’n,,https://logoform.jp/form/AcMw/kdmtlightreport
352071,,kdmtscl00985,18076-106,,,‰Ô‰ª,34.04144222,131.8864867,¢ŠE‘ª’nŒn,,¼‘º,,https://logoform.jp/form/AcMw/kdmtlightreport
352071,,kdmtscl00986,18076-102,,,‰Ô‰ª,34.04226361,131.8874692,¢ŠE‘ª’nŒn,,¼‘º,,https://logoform.jp/form/AcMw/kdmtlightreport
352071,,kdmtscl00987,18067-105,,,‹v•Û,34.02853889,131.9244461,¢ŠE‘ª’nŒn,,“Œ˜a,,https://logoform.jp/form/AcMw/kdmtlightreport
352071,,kdmtscl00988,18067-106,,,‹v•Û,34.02860833,131.9248097,¢ŠE‘ª’nŒn,,“Œ˜a,,https://logoform.jp/form/AcMw/kdmtlightreport
352071,,kdmtscl00989,18067-109,,,‹v•Û,34.0285825,131.9252872,¢ŠE‘ª’nŒn,,“Œ˜a,,https://logoform.jp/form/AcMw/kdmtlightreport
352071,,kdmtscl00990,18103-114,,,‰º¼,34.00838389,131.8725986,¢ŠE‘ª’nŒn,,K’¬,,https://logoform.jp/form/AcMw/kdmtlightreport
352071,,kdmtscl00991,18103-113,,,‰º¼,34.00869028,131.8728722,¢ŠE‘ª’nŒn,,K’¬,,https://logoform.jp/form/AcMw/kdmtlightreport
352071,,kdmtscl00992,18103-105,,,‰º¼,34.01010833,131.8718433,¢ŠE‘ª’nŒn,,K’¬,,https://logoform.jp/form/AcMw/kdmtlightreport
352071,,kdmtscl00993,18050-101,,,‹v•Û,34.02295889,131.8986056,¢ŠE‘ª’nŒn,,‰Í“àã,,https://logoform.jp/form/AcMw/kdmtlightreport
352071,,kdmtscl00994,18050-102,,,‹v•Û,34.02274056,131.8999003,¢ŠE‘ª’nŒn,,‰Í“àã,,https://logoform.jp/form/AcMw/kdmtlightreport
352071,,kdmtscl00995,18050-104,,,‹v•Û,34.021775,131.9019181,¢ŠE‘ª’nŒn,,‰Í“àã,,https://logoform.jp/form/AcMw/kdmtlightreport
352071,,kdmtscl00996,18050-106,,,‹v•Û,34.01786556,131.9059686,¢ŠE‘ª’nŒn,,‰Í“àã,,https://logoform.jp/form/AcMw/kdmtlightreport
352071,,kdmtscl00997,18050-108,,,‹v•Û,34.01704806,131.9089961,¢ŠE‘ª’nŒn,,‰Í“àã,,https://logoform.jp/form/AcMw/kdmtlightreport
352071,,kdmtscl00998,18050-109,,,‹v•Û,34.01584722,131.9100736,¢ŠE‘ª’nŒn,,‰Í“àã,,https://logoform.jp/form/AcMw/kdmtlightreport
352071,,kdmtscl00999,18012-108,,,‹v•Û,34.03298194,131.9138242,¢ŠE‘ª’nŒn,,“Œ—z‚V’š–Ú,,https://logoform.jp/form/AcMw/kdmtlightreport
352071,,kdmtscl01000,18126-117,,,‹v•Û,34.03521361,131.9179486,¢ŠE‘ª’nŒn,,ØR˜A‡,,https://logoform.jp/form/AcMw/kdmtlightreport
352071,,kdmtscl01001,18089-105,,,‰Ô‰ª,34.03734111,131.8872181,¢ŠE‘ª’nŒn,,‘å‰¤,,https://logoform.jp/form/AcMw/kdmtlightreport
352071,,kdmtscl01002,L2012-031,,,––•,34.02351806,131.8681083,¢ŠE‘ª’nŒn,,á‘‘ä,,https://logoform.jp/form/AcMw/kdmtlightreport
352071,,kdmtscl01003,18108-104,,,‰º¼,34.00548472,131.87123,¢ŠE‘ª’nŒn,,Â–ö,,https://logoform.jp/form/AcMw/kdmtlightreport
352071,,kdmtscl01004,18108-105,,,‰º¼,34.00511333,131.8714822,¢ŠE‘ª’nŒn,,Â–ö,,https://logoform.jp/form/AcMw/kdmtlightreport
352071,,kdmtscl01005,18108-103,,,‰º¼,34.00473,131.87134,¢ŠE‘ª’nŒn,,Â–ö,,https://logoform.jp/form/AcMw/kdmtlightreport
352071,,kdmtscl01006,18108-109,,,‰º¼,34.00518278,131.8722686,¢ŠE‘ª’nŒn,,Â–ö,,https://logoform.jp/form/AcMw/kdmtlightreport
352071,,kdmtscl01007,18108-112,,,‰º¼,34.00460917,131.8724272,¢ŠE‘ª’nŒn,,Â–ö,,https://logoform.jp/form/AcMw/kdmtlightreport
352071,,kdmtscl01008,18030-104,,,‰Ô‰ª,34.03633306,131.8862628,¢ŠE‘ª’nŒn,,’†‘º¼,,https://logoform.jp/form/AcMw/kdmtlightreport
352071,,kdmtscl01009,18034-109,,,––•,34.02600083,131.8615494,¢ŠE‘ª’nŒn,,‚Ğ‚ç‚½”ü—¢,,https://logoform.jp/form/AcMw/kdmtlightreport
352071,,kdmtscl01010,18126-116,,,‹v•Û,34.0350275,131.9214586,¢ŠE‘ª’nŒn,,ØR˜A‡,,https://logoform.jp/form/AcMw/kdmtlightreport
352071,,kdmtscl01011,18027-102,,,’†‘º,34.02236806,131.8478233,¢ŠE‘ª’nŒn,,“ì—Í,,https://logoform.jp/form/AcMw/kdmtlightreport
352071,,kdmtscl01012,18053-103,,,’†‘º,34.02662167,131.8477531,¢ŠE‘ª’nŒn,,’†—Í,,https://logoform.jp/form/AcMw/kdmtlightreport
352071,,kdmtscl01013,18053-104,,,’†‘º,34.0263775,131.8477094,¢ŠE‘ª’nŒn,,’†—Í,,https://logoform.jp/form/AcMw/kdmtlightreport
352071,,kdmtscl01014,18083-114,,,‰º¼,34.01627528,131.8814364,¢ŠE‘ª’nŒn,,º˜a’¬‚Q’š–Ú,,https://logoform.jp/form/AcMw/kdmtlightreport
352071,,kdmtscl01015,18133-116,,,–Lˆä,34.00108833,131.8785075,¢ŠE‘ª’nŒn,,–Lˆä,,https://logoform.jp/form/AcMw/kdmtlightreport
352071,,kdmtscl01016,18030-106,,,‰Ô‰ª,34.03604444,131.8880331,¢ŠE‘ª’nŒn,,’†‘º¼,,https://logoform.jp/form/AcMw/kdmtlightreport
352071,,kdmtscl01017,18030-107,,,‰Ô‰ª,34.03677722,131.8881817,¢ŠE‘ª’nŒn,,’†‘º¼,,https://logoform.jp/form/AcMw/kdmtlightreport
352071,,kdmtscl01018,17085-106,,,––•,34.02620222,131.8690825,¢ŠE‘ª’nŒn,,“¡Œõ‰º,,https://logoform.jp/form/AcMw/kdmtlightreport
352071,,kdmtscl01019,17035-103,,,‰Ô‰ª,34.03801861,131.8749792,¢ŠE‘ª’nŒn,,“Œ’¬,,https://logoform.jp/form/AcMw/kdmtlightreport
352071,,kdmtscl01020,18082-107,,,‰Ô‰ª,34.04090444,131.8680214,¢ŠE‘ª’nŒn,,ã’n,,https://logoform.jp/form/AcMw/kdmtlightreport
352071,,kdmtscl01021,18082-123,,,‰Ô‰ª,34.04025222,131.8714319,¢ŠE‘ª’nŒn,,ã’n,,https://logoform.jp/form/AcMw/kdmtlightreport
352071,,kdmtscl01022,16016-103,,,Š}ŒË,33.97890833,131.8658564,¢ŠE‘ª’nŒn,,–{‰Y,,https://logoform.jp/form/AcMw/kdmtlightreport
352071,,kdmtscl01023,18111-101,,,‰º¼,34.01014389,131.8633006,¢ŠE‘ª’nŒn,,‚»’¬“Œ,,https://logoform.jp/form/AcMw/kdmtlightreport
352071,,kdmtscl01024,18070-104,,,‰º¼,34.01987056,131.86758,¢ŠE‘ª’nŒn,,•½˜a‘ä,,https://logoform.jp/form/AcMw/kdmtlightreport
352071,,kdmtscl01025,18070-103,,,‰º¼,34.01955944,131.8673925,¢ŠE‘ª’nŒn,,•½˜a‘ä,,https://logoform.jp/form/AcMw/kdmtlightreport
352071,,kdmtscl01026,18070-113,,,‰º¼,34.01928028,131.8672189,¢ŠE‘ª’nŒn,,•½˜a‘ä,,https://logoform.jp/form/AcMw/kdmtlightreport
352071,,kdmtscl01027,18070-107A18070-108,,,‰º¼,34.01937,131.8679539,¢ŠE‘ª’nŒn,,•½˜a‘ä,,https://logoform.jp/form/AcMw/kdmtlightreport
352071,,kdmtscl01028,18070-110,,,‰º¼,34.01905222,131.8681017,¢ŠE‘ª’nŒn,,•½˜a‘ä,,https://logoform.jp/form/AcMw/kdmtlightreport
352071,,kdmtscl01029,18070-105A18070-106,,,‰º¼,34.01878056,131.8680778,¢ŠE‘ª’nŒn,,•½˜a‘ä,,https://logoform.jp/form/AcMw/kdmtlightreport
352071,,kdmtscl01030,18057-106,,,‰Ô‰ª,34.03725639,131.8667372,¢ŠE‘ª’nŒn,,‰Ô‰ª¼’¬,,https://logoform.jp/form/AcMw/kdmtlightreport
352071,,kdmtscl01031,18057-107,,,‰Ô‰ª,34.03707444,131.8659403,¢ŠE‘ª’nŒn,,‰Ô‰ª¼’¬,,https://logoform.jp/form/AcMw/kdmtlightreport
352071,,kdmtscl01032,18076-107,,,‰Ô‰ª,34.04088333,131.8858958,¢ŠE‘ª’nŒn,,¼‘º,,https://logoform.jp/form/AcMw/kdmtlightreport
352071,,kdmtscl01033,18053-101,,,’†‘º,34.02787917,131.8479353,¢ŠE‘ª’nŒn,,’†—Í,,https://logoform.jp/form/AcMw/kdmtlightreport
352071,,kdmtscl01034,18129-122,,,‰º¼,34.0146025,131.8783864,¢ŠE‘ª’nŒn,,º˜a’Ê‚èã,,https://logoform.jp/form/AcMw/kdmtlightreport
352071,,kdmtscl01035,15000-201,,,‰º¼,34.01796972,131.8786703,¢ŠE‘ª’nŒn,,º˜a’¬‚P’š–Ú,,https://logoform.jp/form/AcMw/kdmtlightreport
352071,,kdmtscl01036,L200204002,,,‰º¼,34.01768528,131.8794911,¢ŠE‘ª’nŒn,,º˜a’¬‚P’š–Ú,,https://logoform.jp/form/AcMw/kdmtlightreport
352071,,kdmtscl01037,15000-203,,,‰º¼,34.01714917,131.8797414,¢ŠE‘ª’nŒn,,º˜a’¬‚P’š–Ú,,https://logoform.jp/form/AcMw/kdmtlightreport
352071,,kdmtscl01038,18076-112,,,‰Ô‰ª,34.04143722,131.8884203,¢ŠE‘ª’nŒn,,¼‘º,,https://logoform.jp/form/AcMw/kdmtlightreport
352071,,kdmtscl01039,18076-110,,,‰Ô‰ª,34.04129472,131.8876917,¢ŠE‘ª’nŒn,,¼‘º,,https://logoform.jp/form/AcMw/kdmtlightreport
352071,,kdmtscl01040,18076-113,,,‰Ô‰ª,34.04104389,131.8884467,¢ŠE‘ª’nŒn,,¼‘º,,https://logoform.jp/form/AcMw/kdmtlightreport
352071,,kdmtscl01041,18058-105,,,•Äì,34.07183417,131.9146997,¢ŠE‘ª’nŒn,,‘å“¡’J,,https://logoform.jp/form/AcMw/kdmtlightreport
352071,,kdmtscl01042,18058-106,,,•Äì,34.07110889,131.9175531,¢ŠE‘ª’nŒn,,‘å“¡’J,,https://logoform.jp/form/AcMw/kdmtlightreport
352071,,kdmtscl01043,16060-103,,,‰º¼,34.01955417,131.8685875,¢ŠE‘ª’nŒn,,•½˜a‘ä,,https://logoform.jp/form/AcMw/kdmtlightreport
352071,,kdmtscl01044,18070-102,,,‰º¼,34.01989833,131.8681428,¢ŠE‘ª’nŒn,,•½˜a‘ä,,https://logoform.jp/form/AcMw/kdmtlightreport
352071,,kdmtscl01045,18070-111,,,‰º¼,34.01949917,131.8689247,¢ŠE‘ª’nŒn,,•½˜a‘ä,,https://logoform.jp/form/AcMw/kdmtlightreport
352071,,kdmtscl01046,18070-112,,,‰º¼,34.01931833,131.8688175,¢ŠE‘ª’nŒn,,•½˜a‘ä,,https://logoform.jp/form/AcMw/kdmtlightreport
352071,,kdmtscl01047,16060-104,,,‰º¼,34.01910667,131.8685836,¢ŠE‘ª’nŒn,,•½˜a‘ä,,https://logoform.jp/form/AcMw/kdmtlightreport
352071,,kdmtscl01048,18070-109,,,‰º¼,34.01872,131.8684178,¢ŠE‘ª’nŒn,,•½˜a‘ä,,https://logoform.jp/form/AcMw/kdmtlightreport
352071,,kdmtscl01049,18126-114,,,‹v•Û,34.03610333,131.9211033,¢ŠE‘ª’nŒn,,ØR˜A‡,,https://logoform.jp/form/AcMw/kdmtlightreport
352071,,kdmtscl01050,18111-104,,,‰º¼,34.00972333,131.8640869,¢ŠE‘ª’nŒn,,‚»’¬“Œ,,https://logoform.jp/form/AcMw/kdmtlightreport
352071,,kdmtscl01051,18111-105,,,‰º¼,34.0093075,131.8639133,¢ŠE‘ª’nŒn,,‚»’¬“Œ,,https://logoform.jp/form/AcMw/kdmtlightreport
352071,,kdmtscl01052,18100-102,,,‰º¼,34.01848556,131.8665325,¢ŠE‘ª’nŒn,,“ŒŒõ›¼,,https://logoform.jp/form/AcMw/kdmtlightreport
352071,,kdmtscl01053,18100-101,,,‰º¼,34.01864972,131.8662186,¢ŠE‘ª’nŒn,,“ŒŒõ›¼,,https://logoform.jp/form/AcMw/kdmtlightreport
352071,,kdmtscl01054,18100-110,,,‰º¼,34.01785806,131.8658167,¢ŠE‘ª’nŒn,,“ŒŒõ›¼,,https://logoform.jp/form/AcMw/kdmtlightreport
352071,,kdmtscl01055,18100-107,,,‰º¼,34.01806417,131.8675014,¢ŠE‘ª’nŒn,,“ŒŒõ›¼,,https://logoform.jp/form/AcMw/kdmtlightreport
352071,,kdmtscl01056,18100-109,,,‰º¼,34.0176075,131.8670411,¢ŠE‘ª’nŒn,,“ŒŒõ›¼,,https://logoform.jp/form/AcMw/kdmtlightreport
352071,,kdmtscl01057,18074-101,,,‹v•Û,34.02929,131.8983181,¢ŠE‘ª’nŒn,,‹v•Ûs,,https://logoform.jp/form/AcMw/kdmtlightreport
352071,,kdmtscl01058,18012-109,,,‹v•Û,34.03269278,131.9141706,¢ŠE‘ª’nŒn,,“Œ—z‚V’š–Ú,,https://logoform.jp/form/AcMw/kdmtlightreport
352071,,kdmtscl01059,18012-111,,,‹v•Û,34.03327167,131.9140592,¢ŠE‘ª’nŒn,,“Œ—z‚V’š–Ú,,https://logoform.jp/form/AcMw/kdmtlightreport
352071,,kdmtscl01060,17096-102,,,‰º¼,34.01688278,131.8727183,¢ŠE‘ª’nŒn,,––Œõ“Œ’c’n,,https://logoform.jp/form/AcMw/kdmtlightreport
352071,,kdmtscl01061,18013-112,,,Š}ŒË,33.97729861,131.8662103,¢ŠE‘ª’nŒn,,–{‰Y,,https://logoform.jp/form/AcMw/kdmtlightreport
352071,,kdmtscl01062,18013-109,,,Š}ŒË,33.97842639,131.8658542,¢ŠE‘ª’nŒn,,–{‰Y,,https://logoform.jp/form/AcMw/kdmtlightreport
352071,,kdmtscl01063,19005-003,,,’†‘º,34.03319833,131.8554747,¢ŠE‘ª’nŒn,,¼‰ÍŒ´¼,,https://logoform.jp/form/AcMw/kdmtlightreport
352071,,kdmtscl01064,19005-002,,,’†‘º,34.03264417,131.8561086,¢ŠE‘ª’nŒn,,¼‰ÍŒ´¼,,https://logoform.jp/form/AcMw/kdmtlightreport
352071,,kdmtscl01065,19005-004,,,’†‘º,34.03231444,131.8565797,¢ŠE‘ª’nŒn,,¼‰ÍŒ´¼,,https://logoform.jp/form/AcMw/kdmtlightreport
352071,,kdmtscl01066,19005-001,,,’†‘º,34.03201194,131.8571625,¢ŠE‘ª’nŒn,,¼‰ÍŒ´¼,,https://logoform.jp/form/AcMw/kdmtlightreport
352071,,kdmtscl01067,19005-006,,,’†‘º,34.03119917,131.8558658,¢ŠE‘ª’nŒn,,¼‰ÍŒ´¼,,https://logoform.jp/form/AcMw/kdmtlightreport
352071,,kdmtscl01068,19005-007,,,’†‘º,34.03090528,131.8549039,¢ŠE‘ª’nŒn,,¼‰ÍŒ´¼,,https://logoform.jp/form/AcMw/kdmtlightreport
352071,,kdmtscl01069,18081-109,,,––•,34.01592583,131.8548425,¢ŠE‘ª’nŒn,,“ŒŠJì,,https://logoform.jp/form/AcMw/kdmtlightreport
352071,,kdmtscl01070,18081-107,,,––•,34.01605361,131.8539367,¢ŠE‘ª’nŒn,,“ŒŠJì,,https://logoform.jp/form/AcMw/kdmtlightreport
352071,,kdmtscl01071,18081-105,,,––•,34.01661556,131.8532589,¢ŠE‘ª’nŒn,,“ŒŠJì,,https://logoform.jp/form/AcMw/kdmtlightreport
352071,,kdmtscl01072,18081-104,,,––•,34.01694528,131.8529192,¢ŠE‘ª’nŒn,,“ŒŠJì,,https://logoform.jp/form/AcMw/kdmtlightreport
352071,,kdmtscl01073,18081-101,,,––•,34.01793611,131.8518314,¢ŠE‘ª’nŒn,,“ŒŠJì,,https://logoform.jp/form/AcMw/kdmtlightreport
352071,,kdmtscl01074,18081-102,,,––•,34.01756861,131.8527381,¢ŠE‘ª’nŒn,,“ŒŠJì,,https://logoform.jp/form/AcMw/kdmtlightreport
352071,,kdmtscl01075,18100-103,,,‰º¼,34.01835917,131.8669836,¢ŠE‘ª’nŒn,,“ŒŒõ›¼,,https://logoform.jp/form/AcMw/kdmtlightreport
352071,,kdmtscl01076,18100-104,,,‰º¼,34.01853028,131.86744,¢ŠE‘ª’nŒn,,“ŒŒõ›¼,,https://logoform.jp/form/AcMw/kdmtlightreport
352071,,kdmtscl01077,18100-106,,,‰º¼,34.01913833,131.8677675,¢ŠE‘ª’nŒn,,“ŒŒõ›¼,,https://logoform.jp/form/AcMw/kdmtlightreport
352071,,kdmtscl01078,18034-101,,,––•,34.02515333,131.8608397,¢ŠE‘ª’nŒn,,‚Ğ‚ç‚½”ü—¢,,https://logoform.jp/form/AcMw/kdmtlightreport
352071,,kdmtscl01079,17047-108,,,‰Ô‰ª,34.03872056,131.8834794,¢ŠE‘ª’nŒn,,–œƒm–Ø’¬,,https://logoform.jp/form/AcMw/kdmtlightreport
352071,,kdmtscl01080,17047-109,,,‰Ô‰ª,34.03819222,131.8832011,¢ŠE‘ª’nŒn,,–œƒm–Ø’¬,,https://logoform.jp/form/AcMw/kdmtlightreport
352071,,kdmtscl01081,18009-101,,,‰º¼,34.00788944,131.868415,¢ŠE‘ª’nŒn,,¼_’¬–k’Ê‚è,,https://logoform.jp/form/AcMw/kdmtlightreport
352071,,kdmtscl01082,18009-102,,,‰º¼,34.00760528,131.8685278,¢ŠE‘ª’nŒn,,¼_’¬–k’Ê‚è,,https://logoform.jp/form/AcMw/kdmtlightreport
352071,,kdmtscl01083,18009-103,,,‰º¼,34.00735944,131.86864,¢ŠE‘ª’nŒn,,¼_’¬–k’Ê‚è,,https://logoform.jp/form/AcMw/kdmtlightreport
352071,,kdmtscl01084,18009-104,,,‰º¼,34.00721917,131.8687842,¢ŠE‘ª’nŒn,,¼_’¬–k’Ê‚è,,https://logoform.jp/form/AcMw/kdmtlightreport
352071,,kdmtscl01085,18009-105,,,‰º¼,34.00695194,131.8689053,¢ŠE‘ª’nŒn,,¼_’¬–k’Ê‚è,,https://logoform.jp/form/AcMw/kdmtlightreport
352071,,kdmtscl01086,18065-101,,,––•,34.02186583,131.8655553,¢ŠE‘ª’nŒn,,“í–Ø’¬,,https://logoform.jp/form/AcMw/kdmtlightreport
352071,,kdmtscl01087,18065-102,,,––•,34.02178528,131.8659464,¢ŠE‘ª’nŒn,,“í–Ø’¬,,https://logoform.jp/form/AcMw/kdmtlightreport
352071,,kdmtscl01088,18065-103,,,––•,34.0214825,131.8658917,¢ŠE‘ª’nŒn,,“í–Ø’¬,,https://logoform.jp/form/AcMw/kdmtlightreport
352071,,kdmtscl01089,18065-104,,,––•,34.01987472,131.8654681,¢ŠE‘ª’nŒn,,“í–Ø’¬,,https://logoform.jp/form/AcMw/kdmtlightreport
352071,,kdmtscl01090,18016-101,,,•Äì,34.09316139,131.8604192,¢ŠE‘ª’nŒn,,¼’J,,https://logoform.jp/form/AcMw/kdmtlightreport
352071,,kdmtscl01091,18013-107,,,Š}ŒË,33.97913167,131.8631753,¢ŠE‘ª’nŒn,,–{‰Y,,https://logoform.jp/form/AcMw/kdmtlightreport
352071,,kdmtscl01092,18126-101,,,‹v•Û,34.03976806,131.9144836,¢ŠE‘ª’nŒn,,ØR˜A‡,,https://logoform.jp/form/AcMw/kdmtlightreport
352071,,kdmtscl01093,18126-128,,,‹v•Û,34.03946639,131.9286425,¢ŠE‘ª’nŒn,,ØR˜A‡,,https://logoform.jp/form/AcMw/kdmtlightreport
352071,,kdmtscl01094,18046-108,,,‹v•Û,34.03380167,131.915745,¢ŠE‘ª’nŒn,,“Œ—z‚S’š–Ú,,https://logoform.jp/form/AcMw/kdmtlightreport
352071,,kdmtscl01095,18006-101,,,‰º¼,34.00950583,131.8645156,¢ŠE‘ª’nŒn,,ˆ®’¬,,https://logoform.jp/form/AcMw/kdmtlightreport
352071,,kdmtscl01096,18006-102,,,‰º¼,34.0092975,131.8648978,¢ŠE‘ª’nŒn,,ˆ®’¬,,https://logoform.jp/form/AcMw/kdmtlightreport
352071,,kdmtscl01097,18006-104,,,‰º¼,34.0086,131.8660356,¢ŠE‘ª’nŒn,,ˆ®’¬,,https://logoform.jp/form/AcMw/kdmtlightreport
352071,,kdmtscl01098,18006-105,,,‰º¼,34.00915556,131.8641983,¢ŠE‘ª’nŒn,,ˆ®’¬,,https://logoform.jp/form/AcMw/kdmtlightreport
352071,,kdmtscl01099,16101-101,,,‰º¼,34.00823472,131.8656731,¢ŠE‘ª’nŒn,,ˆ®’¬,,https://logoform.jp/form/AcMw/kdmtlightreport
352071,,kdmtscl01100,18006-103,,,‰º¼,34.00809222,131.8658981,¢ŠE‘ª’nŒn,,ˆ®’¬,,https://logoform.jp/form/AcMw/kdmtlightreport
352071,,kdmtscl01101,18108-110,,,‰º¼,34.00439833,131.8720197,¢ŠE‘ª’nŒn,,Â–ö,,https://logoform.jp/form/AcMw/kdmtlightreport
352071,,kdmtscl01102,18108-111,,,‰º¼,34.00399,131.872255,¢ŠE‘ª’nŒn,,Â–ö,,https://logoform.jp/form/AcMw/kdmtlightreport
352071,,kdmtscl01103,18126-104,,,‹v•Û,34.04488389,131.9202536,¢ŠE‘ª’nŒn,,ØR˜A‡,,https://logoform.jp/form/AcMw/kdmtlightreport
352071,,kdmtscl01104,18040-103,,,‰Ô‰ª,34.03579889,131.8588169,¢ŠE‘ª’nŒn,,‰ºLÎ,,https://logoform.jp/form/AcMw/kdmtlightreport
352071,,kdmtscl01105,18040-106,,,‰Ô‰ª,34.03333722,131.8592744,¢ŠE‘ª’nŒn,,‰ºLÎ,,https://logoform.jp/form/AcMw/kdmtlightreport
352071,,kdmtscl01106,18040-107,,,‰Ô‰ª,34.03374583,131.8596347,¢ŠE‘ª’nŒn,,‰ºLÎ,,https://logoform.jp/form/AcMw/kdmtlightreport
352071,,kdmtscl01107,L200301604,,,‰Ô‰ª,34.03452556,131.8603158,¢ŠE‘ª’nŒn,,‰ºLÎ,,https://logoform.jp/form/AcMw/kdmtlightreport
352071,,kdmtscl01108,18040-104,,,‰Ô‰ª,34.03485056,131.8606603,¢ŠE‘ª’nŒn,,‰ºLÎ,,https://logoform.jp/form/AcMw/kdmtlightreport
352071,,kdmtscl01109,18040-110,,,‰Ô‰ª,34.0357275,131.8611717,¢ŠE‘ª’nŒn,,‰ºLÎ,,https://logoform.jp/form/AcMw/kdmtlightreport
352071,,kdmtscl01110,17078-107,,,‰Ô‰ª,34.03555333,131.8613794,¢ŠE‘ª’nŒn,,‰ºLÎ,,https://logoform.jp/form/AcMw/kdmtlightreport
352071,,kdmtscl01111,18036-111,,,‰Ô‰ª,34.03492583,131.8621781,¢ŠE‘ª’nŒn,,ãLÎ,,https://logoform.jp/form/AcMw/kdmtlightreport
352071,,kdmtscl01112,18059-111,,,•Äì,34.08703167,131.8816608,¢ŠE‘ª’nŒn,,›‘ò,,https://logoform.jp/form/AcMw/kdmtlightreport
352071,,kdmtscl01113,18059-108,,,•Äì,34.08765833,131.8834114,¢ŠE‘ª’nŒn,,›‘ò,,https://logoform.jp/form/AcMw/kdmtlightreport
352071,,kdmtscl01114,18029-101,,,•Äì,34.08068972,131.8758794,¢ŠE‘ª’nŒn,,‰º’J‚P‹æ,,https://logoform.jp/form/AcMw/kdmtlightreport
352071,,kdmtscl01115,18149-102,,,’†‘º,34.02903556,131.8448106,¢ŠE‘ª’nŒn,,Œü—Í,,https://logoform.jp/form/AcMw/kdmtlightreport
352071,,kdmtscl01116,18149-101,,,’†‘º,34.02918111,131.8441186,¢ŠE‘ª’nŒn,,Œü—Í,,https://logoform.jp/form/AcMw/kdmtlightreport
352071,,kdmtscl01117,17111-102,,,’†‘º,34.02900694,131.8530611,¢ŠE‘ª’nŒn,,ã—Í,,https://logoform.jp/form/AcMw/kdmtlightreport
352071,,kdmtscl01118,17111-101,,,’†‘º,34.02904639,131.8539775,¢ŠE‘ª’nŒn,,ã—Í,,https://logoform.jp/form/AcMw/kdmtlightreport
352071,,kdmtscl01119,18091-103,,,’†‘º,34.02860194,131.85368,¢ŠE‘ª’nŒn,,ã—Í,,https://logoform.jp/form/AcMw/kdmtlightreport
352071,,kdmtscl01120,18091-104,,,’†‘º,34.02834278,131.8530989,¢ŠE‘ª’nŒn,,ã—Í,,https://logoform.jp/form/AcMw/kdmtlightreport
352071,,kdmtscl01121,18091-105,,,’†‘º,34.02818694,131.8532089,¢ŠE‘ª’nŒn,,ã—Í,,https://logoform.jp/form/AcMw/kdmtlightreport
352071,,kdmtscl01122,17111-103,,,’†‘º,34.02748444,131.8525581,¢ŠE‘ª’nŒn,,ã—Í,,https://logoform.jp/form/AcMw/kdmtlightreport
352071,,kdmtscl01123,18084-101,,,––•,34.01959778,131.8595997,¢ŠE‘ª’nŒn,,”öK,,https://logoform.jp/form/AcMw/kdmtlightreport
352071,,kdmtscl01124,18064-113,,,‰º¼,34.00767278,131.8693264,¢ŠE‘ª’nŒn,,ŒÃì’¬,,https://logoform.jp/form/AcMw/kdmtlightreport
352071,,kdmtscl01125,18064-114,,,‰º¼,34.00736861,131.8695403,¢ŠE‘ª’nŒn,,ŒÃì’¬,,https://logoform.jp/form/AcMw/kdmtlightreport
352071,,kdmtscl01126,18064-117,,,‰º¼,34.00670111,131.8700522,¢ŠE‘ª’nŒn,,ŒÃì’¬,,https://logoform.jp/form/AcMw/kdmtlightreport
352071,,kdmtscl01127,18064-119,,,‰º¼,34.00600472,131.8705822,¢ŠE‘ª’nŒn,,ŒÃì’¬,,https://logoform.jp/form/AcMw/kdmtlightreport
352071,,kdmtscl01128,18096-103,,,‰º¼,34.01064722,131.8616708,¢ŠE‘ª’nŒn,,‚»’¬¼,,https://logoform.jp/form/AcMw/kdmtlightreport
352071,,kdmtscl01129,18092-106,,,‰Ô‰ª,34.04003611,131.8790078,¢ŠE‘ª’nŒn,,¼@,,https://logoform.jp/form/AcMw/kdmtlightreport
352071,,kdmtscl01130,18092-110,,,‰Ô‰ª,34.03931861,131.8793053,¢ŠE‘ª’nŒn,,¼@,,https://logoform.jp/form/AcMw/kdmtlightreport
352071,,kdmtscl01131,18019-101,,,‹v•Û,34.02758944,131.8990156,¢ŠE‘ª’nŒn,,ƒZƒ“ƒgƒVƒeƒB,,https://logoform.jp/form/AcMw/kdmtlightreport
352071,,kdmtscl01132,18025-101,,,‰Ô‰ª,34.03673278,131.8798236,¢ŠE‘ª’nŒn,,’–‚ÌK‚b,,https://logoform.jp/form/AcMw/kdmtlightreport
352071,,kdmtscl01133,18099-101,,,‰Ô‰ª,34.03647333,131.8811936,¢ŠE‘ª’nŒn,,’–‚ÌK‚c,,https://logoform.jp/form/AcMw/kdmtlightreport
352071,,kdmtscl01134,18099-102,,,‰Ô‰ª,34.03668361,131.8806411,¢ŠE‘ª’nŒn,,’–‚ÌK‚c,,https://logoform.jp/form/AcMw/kdmtlightreport
352071,,kdmtscl01135,18018-109,,,‰º¼,34.01690833,131.88421,¢ŠE‘ª’nŒn,,‹gŒ´,,https://logoform.jp/form/AcMw/kdmtlightreport
352071,,kdmtscl01136,18018-110,,,‰º¼,34.01638556,131.8847297,¢ŠE‘ª’nŒn,,‹gŒ´,,https://logoform.jp/form/AcMw/kdmtlightreport
352071,,kdmtscl01137,18133-105,,,–Lˆä,34.00327667,131.8764133,¢ŠE‘ª’nŒn,,–Lˆä,,https://logoform.jp/form/AcMw/kdmtlightreport
352071,,kdmtscl01138,L2012-076,,,–Lˆä,34.00364333,131.8761444,¢ŠE‘ª’nŒn,,–Lˆä,,https://logoform.jp/form/AcMw/kdmtlightreport
352071,,kdmtscl01139,18133-102,,,–Lˆä,34.00386222,131.8765494,¢ŠE‘ª’nŒn,,–Lˆä,,https://logoform.jp/form/AcMw/kdmtlightreport
352071,,kdmtscl01140,18133-103,,,–Lˆä,34.0035825,131.8765758,¢ŠE‘ª’nŒn,,–Lˆä,,https://logoform.jp/form/AcMw/kdmtlightreport
352071,,kdmtscl01141,18133-104,,,–Lˆä,34.00339861,131.8767819,¢ŠE‘ª’nŒn,,–Lˆä,,https://logoform.jp/form/AcMw/kdmtlightreport
352071,,kdmtscl01142,18133-106,,,–Lˆä,34.00291972,131.8766669,¢ŠE‘ª’nŒn,,–Lˆä,,https://logoform.jp/form/AcMw/kdmtlightreport
352071,,kdmtscl01143,18140-102,,,‰Ô‰ª,34.04140028,131.8843744,¢ŠE‘ª’nŒn,,¶–ì‰®s‰c,,https://logoform.jp/form/AcMw/kdmtlightreport
352071,,kdmtscl01144,18140-101,,,‰Ô‰ª,34.04132611,131.8838547,¢ŠE‘ª’nŒn,,¶–ì‰®s‰c,,https://logoform.jp/form/AcMw/kdmtlightreport
352071,,kdmtscl01145,18140-103,,,‰Ô‰ª,34.04103694,131.8845031,¢ŠE‘ª’nŒn,,¶–ì‰®s‰c,,https://logoform.jp/form/AcMw/kdmtlightreport
352071,,kdmtscl01146,18140-104,,,‰Ô‰ª,34.0405825,131.8844606,¢ŠE‘ª’nŒn,,¶–ì‰®s‰c,,https://logoform.jp/form/AcMw/kdmtlightreport
352071,,kdmtscl01147,18017-111,,,––•,34.02294389,131.8537078,¢ŠE‘ª’nŒn,,‘åŠC’¬¼,,https://logoform.jp/form/AcMw/kdmtlightreport
352071,,kdmtscl01148,18069-101,,,‹v•Û,34.03125361,131.8988019,¢ŠE‘ª’nŒn,,Kƒ–‹u,,https://logoform.jp/form/AcMw/kdmtlightreport
352071,,kdmtscl01149,18069-116,,,‹v•Û,34.02875472,131.8969697,¢ŠE‘ª’nŒn,,Kƒ–‹u,,https://logoform.jp/form/AcMw/kdmtlightreport
352071,,kdmtscl01150,18047-105,,,•Äì,34.10238083,131.8772436,¢ŠE‘ª’nŒn,,´á,,https://logoform.jp/form/AcMw/kdmtlightreport
352071,,kdmtscl01151,18134-104,,,‰º¼,34.0034925,131.8706172,¢ŠE‘ª’nŒn,,“ñ‹{’¬‚R’š–Ú,,https://logoform.jp/form/AcMw/kdmtlightreport
352071,,kdmtscl01152,18134-101,,,‰º¼,34.00352917,131.870035,¢ŠE‘ª’nŒn,,“ñ‹{’¬‚R’š–Ú,,https://logoform.jp/form/AcMw/kdmtlightreport
352071,,kdmtscl01153,18134-105,,,‰º¼,34.00329833,131.8701667,¢ŠE‘ª’nŒn,,“ñ‹{’¬‚R’š–Ú,,https://logoform.jp/form/AcMw/kdmtlightreport
352071,,kdmtscl01154,18134-106,,,‰º¼,34.00306583,131.870305,¢ŠE‘ª’nŒn,,“ñ‹{’¬‚R’š–Ú,,https://logoform.jp/form/AcMw/kdmtlightreport
352071,,kdmtscl01155,18134-107,,,‰º¼,34.00261389,131.8705672,¢ŠE‘ª’nŒn,,“ñ‹{’¬‚R’š–Ú,,https://logoform.jp/form/AcMw/kdmtlightreport
352071,,kdmtscl01156,18026-107,,,‰Ô‰ª,34.03964083,131.8819197,¢ŠE‘ª’nŒn,,“Œ@,,https://logoform.jp/form/AcMw/kdmtlightreport
352071,,kdmtscl01157,18026-109,,,‰Ô‰ª,34.03817944,131.8797114,¢ŠE‘ª’nŒn,,“Œ@,,https://logoform.jp/form/AcMw/kdmtlightreport
352071,,kdmtscl01158,18026-113,,,‰Ô‰ª,34.03829639,131.8823622,¢ŠE‘ª’nŒn,,“Œ@,,https://logoform.jp/form/AcMw/kdmtlightreport
352071,,kdmtscl01159,18026-111,,,‰Ô‰ª,34.03781028,131.8811122,¢ŠE‘ª’nŒn,,“Œ@,,https://logoform.jp/form/AcMw/kdmtlightreport
352071,,kdmtscl01160,18026-112,,,‰Ô‰ª,34.037825,131.8817947,¢ŠE‘ª’nŒn,,“Œ@,,https://logoform.jp/form/AcMw/kdmtlightreport
352071,,kdmtscl01161,18104-104,,,‰º¼,34.01208667,131.8781903,¢ŠE‘ª’nŒn,,Šø‰ª‚R’š–Ú,,https://logoform.jp/form/AcMw/kdmtlightreport
352071,,kdmtscl01162,18078-104,,,–Lˆä,33.99583611,131.8805714,¢ŠE‘ª’nŒn,,ã—öƒ–•l,,https://logoform.jp/form/AcMw/kdmtlightreport
352071,,kdmtscl01163,15063-110,,,‰Ô‰ª,34.04045194,131.8884181,¢ŠE‘ª’nŒn,,¼‘º,,https://logoform.jp/form/AcMw/kdmtlightreport
352071,,kdmtscl01164,18076-111,,,‰Ô‰ª,34.04103,131.8874628,¢ŠE‘ª’nŒn,,¼‘º,,https://logoform.jp/form/AcMw/kdmtlightreport
352071,,kdmtscl01165,18109-101,,,‰Ô‰ª,34.04232583,131.8893853,¢ŠE‘ª’nŒn,,‹{–{,,https://logoform.jp/form/AcMw/kdmtlightreport
352071,,kdmtscl01166,18134-103,,,‰º¼,34.00378722,131.8701414,¢ŠE‘ª’nŒn,,“ñ‹{’¬‚R’š–Ú,,https://logoform.jp/form/AcMw/kdmtlightreport
352071,,kdmtscl01167,18134-102,,,‰º¼,34.00262583,131.8708711,¢ŠE‘ª’nŒn,,“ñ‹{’¬‚R’š–Ú,,https://logoform.jp/form/AcMw/kdmtlightreport
352071,,kdmtscl01168,17119-103,,,‹v•Û,34.02585361,131.9000369,¢ŠE‘ª’nŒn,,‰Í“àZ‘î,,https://logoform.jp/form/AcMw/kdmtlightreport
352071,,kdmtscl01169,18090-107,,,––•,34.02404222,131.8579222,¢ŠE‘ª’nŒn,,‚Ğ‚ç‚½–]’¬“Œ,,https://logoform.jp/form/AcMw/kdmtlightreport
352071,,kdmtscl01170,18135-102,,,•Äì,34.08163278,131.9017158,¢ŠE‘ª’nŒn,,‰·Œ©,,https://logoform.jp/form/AcMw/kdmtlightreport
352071,,kdmtscl01171,18061-101,,,––•,34.01817278,131.8561964,¢ŠE‘ª’nŒn,,‘åŠC’¬“Œ,,https://logoform.jp/form/AcMw/kdmtlightreport
352071,,kdmtscl01172,19002-002,,,––•,34.01624167,131.8577211,¢ŠE‘ª’nŒn,,‚ ‚¯‚Ú‚Ì’¬,,https://logoform.jp/form/AcMw/kdmtlightreport
352071,,kdmtscl01173,18110-101,,,‰Ô‰ª,34.03457,131.8924611,¢ŠE‘ª’nŒn,,“Œ”©,,https://logoform.jp/form/AcMw/kdmtlightreport
352071,,kdmtscl01174,18074-104,,,‹v•Û,34.03086472,131.9014203,¢ŠE‘ª’nŒn,,‹v•Ûs,,https://logoform.jp/form/AcMw/kdmtlightreport
352071,,kdmtscl01175,18074-110,,,‹v•Û,34.03063583,131.9021228,¢ŠE‘ª’nŒn,,‹v•Ûs,,https://logoform.jp/form/AcMw/kdmtlightreport
352071,,kdmtscl01176,18092-103,,,‰Ô‰ª,34.04082778,131.8802572,¢ŠE‘ª’nŒn,,¼@,,https://logoform.jp/form/AcMw/kdmtlightreport
352071,,kdmtscl01177,18015-120,,,‹v•Û,34.02665083,131.9189678,¢ŠE‘ª’nŒn,,“R’¬,,https://logoform.jp/form/AcMw/kdmtlightreport
352071,,kdmtscl01178,18015-106,,,‹v•Û,34.02839611,131.9163742,¢ŠE‘ª’nŒn,,“R’¬,,https://logoform.jp/form/AcMw/kdmtlightreport
352071,,kdmtscl01179,18015-110,,,‹v•Û,34.02727611,131.9173692,¢ŠE‘ª’nŒn,,“R’¬,,https://logoform.jp/form/AcMw/kdmtlightreport
352071,,kdmtscl01180,18079-108,,,’†‘º,34.03719556,131.8547183,¢ŠE‘ª’nŒn,,˜a“c,,https://logoform.jp/form/AcMw/kdmtlightreport
352071,,kdmtscl01181,18037-107,,,’†‘º,34.03683417,131.8536136,¢ŠE‘ª’nŒn,,Rè,,https://logoform.jp/form/AcMw/kdmtlightreport
352071,,kdmtscl01182,18037-105,,,’†‘º,34.03666806,131.8530214,¢ŠE‘ª’nŒn,,Rè,,https://logoform.jp/form/AcMw/kdmtlightreport
352071,,kdmtscl01183,18037-103,,,’†‘º,34.03643111,131.8526353,¢ŠE‘ª’nŒn,,Rè,,https://logoform.jp/form/AcMw/kdmtlightreport
352071,,kdmtscl01184,18037-101,,,’†‘º,34.03617389,131.8522397,¢ŠE‘ª’nŒn,,Rè,,https://logoform.jp/form/AcMw/kdmtlightreport
352071,,kdmtscl01185,18040-105,,,‰Ô‰ª,34.03464694,131.8576333,¢ŠE‘ª’nŒn,,‰ºLÎ,,https://logoform.jp/form/AcMw/kdmtlightreport
352071,,kdmtscl01186,18040-101,,,‰Ô‰ª,34.03482583,131.8580894,¢ŠE‘ª’nŒn,,‰ºLÎ,,https://logoform.jp/form/AcMw/kdmtlightreport
352071,,kdmtscl01187,18040-102,,,‰Ô‰ª,34.03487639,131.8582622,¢ŠE‘ª’nŒn,,‰ºLÎ,,https://logoform.jp/form/AcMw/kdmtlightreport
352071,,kdmtscl01188,17078-106,,,‰Ô‰ª,34.03501,131.8586522,¢ŠE‘ª’nŒn,,‰ºLÎ,,https://logoform.jp/form/AcMw/kdmtlightreport
352071,,kdmtscl01189,18040-108,,,‰Ô‰ª,34.0340125,131.8603083,¢ŠE‘ª’nŒn,,‰ºLÎ,,https://logoform.jp/form/AcMw/kdmtlightreport
352071,,kdmtscl01190,18040-109,,,‰Ô‰ª,34.03379083,131.8607981,¢ŠE‘ª’nŒn,,‰ºLÎ,,https://logoform.jp/form/AcMw/kdmtlightreport
352071,,kdmtscl01191,18104-101,,,‰º¼,34.01373667,131.8784,¢ŠE‘ª’nŒn,,Šø‰ª‚R’š–Ú,,https://logoform.jp/form/AcMw/kdmtlightreport
352071,,kdmtscl01192,18073-102,,,‰Ô‰ª,34.03655167,131.8796772,¢ŠE‘ª’nŒn,,’–‚ÌK‚`,,https://logoform.jp/form/AcMw/kdmtlightreport
352071,,kdmtscl01193,18073-103,,,‰Ô‰ª,34.03698861,131.8797464,¢ŠE‘ª’nŒn,,’–‚ÌK‚`,,https://logoform.jp/form/AcMw/kdmtlightreport
352071,,kdmtscl01194,18073-101,,,‰Ô‰ª,34.03699833,131.8809883,¢ŠE‘ª’nŒn,,’–‚ÌK‚`,,https://logoform.jp/form/AcMw/kdmtlightreport
352071,,kdmtscl01195,18084-102,,,––•,34.02452028,131.8667117,¢ŠE‘ª’nŒn,,”öK,,https://logoform.jp/form/AcMw/kdmtlightreport
352071,,kdmtscl01196,18126-111,,,‹v•Û,34.03869778,131.9222994,¢ŠE‘ª’nŒn,,ØR˜A‡,,https://logoform.jp/form/AcMw/kdmtlightreport
352071,,kdmtscl01197,17092-106,,,‰Ô‰ª,34.03388222,131.8701956,¢ŠE‘ª’nŒn,,¼íX,,https://logoform.jp/form/AcMw/kdmtlightreport
352071,,kdmtscl01198,18011-103,,,–Lˆä,34.00265778,131.8754411,¢ŠE‘ª’nŒn,,‹Õ•½’¬,,https://logoform.jp/form/AcMw/kdmtlightreport
352071,,kdmtscl01199,18064-105,,,‰º¼,34.00837028,131.8694689,¢ŠE‘ª’nŒn,,ŒÃì’¬,,https://logoform.jp/form/AcMw/kdmtlightreport
352071,,kdmtscl01200,18064-107,,,‰º¼,34.00784306,131.8698833,¢ŠE‘ª’nŒn,,ŒÃì’¬,,https://logoform.jp/form/AcMw/kdmtlightreport
352071,,kdmtscl01201,18064-115,,,‰º¼,34.00734028,131.8702308,¢ŠE‘ª’nŒn,,ŒÃì’¬,,https://logoform.jp/form/AcMw/kdmtlightreport
352071,,kdmtscl01202,18064-121,,,‰º¼,34.00684,131.8705958,¢ŠE‘ª’nŒn,,ŒÃì’¬,,https://logoform.jp/form/AcMw/kdmtlightreport
352071,,kdmtscl01203,18133-101,,,–Lˆä,34.00383194,131.8761444,¢ŠE‘ª’nŒn,,–Lˆä,,https://logoform.jp/form/AcMw/kdmtlightreport
352071,,kdmtscl01204,18133-115,,,–Lˆä,34.00122361,131.8780331,¢ŠE‘ª’nŒn,,–Lˆä,,https://logoform.jp/form/AcMw/kdmtlightreport
352071,,kdmtscl01205,18133-114,,,–Lˆä,34.00097667,131.8775142,¢ŠE‘ª’nŒn,,–Lˆä,,https://logoform.jp/form/AcMw/kdmtlightreport
352071,,kdmtscl01206,18072-111,,,‰º¼,34.01282917,131.8618969,¢ŠE‘ª’nŒn,,’†“‡’¬,,https://logoform.jp/form/AcMw/kdmtlightreport
352071,,kdmtscl01207,18072-113,,,‰º¼,34.0126025,131.8611722,¢ŠE‘ª’nŒn,,’†“‡’¬,,https://logoform.jp/form/AcMw/kdmtlightreport
352071,,kdmtscl01208,18072-112,,,‰º¼,34.01252028,131.8613411,¢ŠE‘ª’nŒn,,’†“‡’¬,,https://logoform.jp/form/AcMw/kdmtlightreport
352071,,kdmtscl01209,18072-110,,,‰º¼,34.01238611,131.8616219,¢ŠE‘ª’nŒn,,’†“‡’¬,,https://logoform.jp/form/AcMw/kdmtlightreport
352071,,kdmtscl01210,13065-105,,,‰º¼,34.01222944,131.8619481,¢ŠE‘ª’nŒn,,’†“‡’¬,,https://logoform.jp/form/AcMw/kdmtlightreport
352071,,kdmtscl01211,18072-108,,,‰º¼,34.01157389,131.8616006,¢ŠE‘ª’nŒn,,’†“‡’¬,,https://logoform.jp/form/AcMw/kdmtlightreport
352071,,kdmtscl01212,18114-103,,,‰º¼,34.01732083,131.8702136,¢ŠE‘ª’nŒn,,––Œõ,,https://logoform.jp/form/AcMw/kdmtlightreport
352071,,kdmtscl01213,18027-103,,,’†‘º,34.02218639,131.8477597,¢ŠE‘ª’nŒn,,“ì—Í,,https://logoform.jp/form/AcMw/kdmtlightreport
352071,,kdmtscl01214,17006-104,,,’†‘º,34.02668528,131.8435772,¢ŠE‘ª’nŒn,,Rª,,https://logoform.jp/form/AcMw/kdmtlightreport
352071,,kdmtscl01215,18081-106,,,––•,34.01629611,131.8545861,¢ŠE‘ª’nŒn,,“ŒŠJì,,https://logoform.jp/form/AcMw/kdmtlightreport
352071,,kdmtscl01216,18129-103,,,‰º¼,34.02027833,131.8772356,¢ŠE‘ª’nŒn,,º˜a’Ê‚èã,,https://logoform.jp/form/AcMw/kdmtlightreport
352071,,kdmtscl01217,18129-109,,,‰º¼,34.01938056,131.8782367,¢ŠE‘ª’nŒn,,º˜a’Ê‚èã,,https://logoform.jp/form/AcMw/kdmtlightreport
352071,,kdmtscl01218,18129-106,,,‰º¼,34.0173175,131.8771992,¢ŠE‘ª’nŒn,,º˜a’Ê‚èã,,https://logoform.jp/form/AcMw/kdmtlightreport
352071,,kdmtscl01219,18129-107,,,‰º¼,34.01681611,131.8772803,¢ŠE‘ª’nŒn,,º˜a’Ê‚èã,,https://logoform.jp/form/AcMw/kdmtlightreport
352071,,kdmtscl01220,18129-117,,,‰º¼,34.01617083,131.8783231,¢ŠE‘ª’nŒn,,º˜a’Ê‚èã,,https://logoform.jp/form/AcMw/kdmtlightreport
352071,,kdmtscl01221,18129-126,,,‰º¼,34.0148125,131.8788939,¢ŠE‘ª’nŒn,,º˜a’Ê‚èã,,https://logoform.jp/form/AcMw/kdmtlightreport
352071,,kdmtscl01222,18013-104,,,Š}ŒË,33.97946056,131.8622331,¢ŠE‘ª’nŒn,,–{‰Y,,https://logoform.jp/form/AcMw/kdmtlightreport
352071,,kdmtscl01223,18023-105,,,––•,34.01675889,131.8610892,¢ŠE‘ª’nŒn,,¼’†’¬,,https://logoform.jp/form/AcMw/kdmtlightreport
352071,,kdmtscl01224,18023-104,,,––•,34.01697861,131.8607833,¢ŠE‘ª’nŒn,,¼’†’¬,,https://logoform.jp/form/AcMw/kdmtlightreport
352071,,kdmtscl01225,18018-101,,,‰º¼,34.01993333,131.8805614,¢ŠE‘ª’nŒn,,‹gŒ´,,https://logoform.jp/form/AcMw/kdmtlightreport
352071,,kdmtscl01226,18012-101,,,‹v•Û,34.03443556,131.9127981,¢ŠE‘ª’nŒn,,“Œ—z‚V’š–Ú,,https://logoform.jp/form/AcMw/kdmtlightreport
352071,,kdmtscl01227,18012-103,,,‹v•Û,34.03408722,131.9132489,¢ŠE‘ª’nŒn,,“Œ—z‚V’š–Ú,,https://logoform.jp/form/AcMw/kdmtlightreport
352071,,kdmtscl01228,18012-105,,,‹v•Û,34.033375,131.9138292,¢ŠE‘ª’nŒn,,“Œ—z‚V’š–Ú,,https://logoform.jp/form/AcMw/kdmtlightreport
352071,,kdmtscl01229,18012-110,,,‹v•Û,34.0325875,131.9144256,¢ŠE‘ª’nŒn,,“Œ—z‚V’š–Ú,,https://logoform.jp/form/AcMw/kdmtlightreport
352071,,kdmtscl01230,18012-115,,,‹v•Û,34.03303694,131.9148167,¢ŠE‘ª’nŒn,,“Œ—z‚V’š–Ú,,https://logoform.jp/form/AcMw/kdmtlightreport
352071,,kdmtscl01231,18012-112,,,‹v•Û,34.03307083,131.9142967,¢ŠE‘ª’nŒn,,“Œ—z‚V’š–Ú,,https://logoform.jp/form/AcMw/kdmtlightreport
352071,,kdmtscl01232,18079-106,,,’†‘º,34.03218389,131.8487319,¢ŠE‘ª’nŒn,,˜a“c,,https://logoform.jp/form/AcMw/kdmtlightreport
352071,,kdmtscl01233,18079-105,,,’†‘º,34.0324775,131.8489883,¢ŠE‘ª’nŒn,,˜a“c,,https://logoform.jp/form/AcMw/kdmtlightreport
352071,,kdmtscl01234,18079-101,,,’†‘º,34.03327611,131.8517353,¢ŠE‘ª’nŒn,,˜a“c,,https://logoform.jp/form/AcMw/kdmtlightreport
352071,,kdmtscl01235,18020-101,,,‰º¼,34.00640944,131.8692428,¢ŠE‘ª’nŒn,,_“c’¬,,https://logoform.jp/form/AcMw/kdmtlightreport
352071,,kdmtscl01236,18020-102,,,‰º¼,34.00626056,131.8693928,¢ŠE‘ª’nŒn,,_“c’¬,,https://logoform.jp/form/AcMw/kdmtlightreport
352071,,kdmtscl01237,18020-103,,,‰º¼,34.00591111,131.8696964,¢ŠE‘ª’nŒn,,_“c’¬,,https://logoform.jp/form/AcMw/kdmtlightreport
352071,,kdmtscl01238,18020-104,,,‰º¼,34.00560389,131.8699389,¢ŠE‘ª’nŒn,,_“c’¬,,https://logoform.jp/form/AcMw/kdmtlightreport
352071,,kdmtscl01239,18020-105,,,‰º¼,34.005475,131.8700889,¢ŠE‘ª’nŒn,,_“c’¬,,https://logoform.jp/form/AcMw/kdmtlightreport
352071,,kdmtscl01240,18020-106,,,‰º¼,34.00532167,131.8703108,¢ŠE‘ª’nŒn,,_“c’¬,,https://logoform.jp/form/AcMw/kdmtlightreport
352071,,kdmtscl01241,18017-106,,,––•,34.01986,131.8519864,¢ŠE‘ª’nŒn,,‘åŠC’¬¼,,https://logoform.jp/form/AcMw/kdmtlightreport
352071,,kdmtscl01242,18017-107,,,––•,34.01967139,131.8522228,¢ŠE‘ª’nŒn,,‘åŠC’¬¼,,https://logoform.jp/form/AcMw/kdmtlightreport
352071,,kdmtscl01243,18046-110,,,‹v•Û,34.03413972,131.9167017,¢ŠE‘ª’nŒn,,“Œ—z‚S’š–Ú,,https://logoform.jp/form/AcMw/kdmtlightreport
352071,,kdmtscl01244,15098-114,,,‹v•Û,34.02295444,131.8965083,¢ŠE‘ª’nŒn,,¯‚ª‹u,,https://logoform.jp/form/AcMw/kdmtlightreport
352071,,kdmtscl01245,15098-113,,,‹v•Û,34.02212306,131.8976683,¢ŠE‘ª’nŒn,,¯‚ª‹u,,https://logoform.jp/form/AcMw/kdmtlightreport
352071,,kdmtscl01246,15098-112,,,‹v•Û,34.02179056,131.8981997,¢ŠE‘ª’nŒn,,¯‚ª‹u,,https://logoform.jp/form/AcMw/kdmtlightreport
352071,,kdmtscl01247,15098-111,,,‹v•Û,34.02121083,131.8988594,¢ŠE‘ª’nŒn,,¯‚ª‹u,,https://logoform.jp/form/AcMw/kdmtlightreport
352071,,kdmtscl01248,18128-106,,,‹v•Û,34.02062917,131.8990358,¢ŠE‘ª’nŒn,,¯‚ª‹u,,https://logoform.jp/form/AcMw/kdmtlightreport
352071,,kdmtscl01249,17013-101,,,‹v•Û,34.02327083,131.9003844,¢ŠE‘ª’nŒn,,‰ª‚ÌŒ´,,https://logoform.jp/form/AcMw/kdmtlightreport
352071,,kdmtscl01250,18030-115,,,‰Ô‰ª,34.03354889,131.8859833,¢ŠE‘ª’nŒn,,’†‘º¼,,https://logoform.jp/form/AcMw/kdmtlightreport
352071,,kdmtscl01251,18133-117,,,–Lˆä,34.00122528,131.8787967,¢ŠE‘ª’nŒn,,–Lˆä,,https://logoform.jp/form/AcMw/kdmtlightreport
352071,,kdmtscl01252,18111-102,,,‰º¼,34.0098175,131.8628758,¢ŠE‘ª’nŒn,,‚»’¬“Œ,,https://logoform.jp/form/AcMw/kdmtlightreport
352071,,kdmtscl01253,17029-108,,,‰º¼,34.02255611,131.8825172,¢ŠE‘ª’nŒn,,á‹{’¬,,https://logoform.jp/form/AcMw/kdmtlightreport
352071,,kdmtscl01254,18027-104,,,’†‘º,34.02199417,131.8478483,¢ŠE‘ª’nŒn,,“ì—Í,,https://logoform.jp/form/AcMw/kdmtlightreport
352071,,kdmtscl01255,18028-105,,,‰º¼,34.01630083,131.8618019,¢ŠE‘ª’nŒn,,–ö,,https://logoform.jp/form/AcMw/kdmtlightreport
352071,,kdmtscl01256,18027-109,,,’†‘º,34.02253611,131.8488228,¢ŠE‘ª’nŒn,,“ì—Í,,https://logoform.jp/form/AcMw/kdmtlightreport
352071,,kdmtscl01257,18067-104,,,‹v•Û,34.0284575,131.9240597,¢ŠE‘ª’nŒn,,“Œ˜a,,https://logoform.jp/form/AcMw/kdmtlightreport
352071,,kdmtscl01258,18067-107,,,‹v•Û,34.02842,131.9248658,¢ŠE‘ª’nŒn,,“Œ˜a,,https://logoform.jp/form/AcMw/kdmtlightreport
352071,,kdmtscl01259,18067-110,,,‹v•Û,34.02879833,131.9255919,¢ŠE‘ª’nŒn,,“Œ˜a,,https://logoform.jp/form/AcMw/kdmtlightreport
352071,,kdmtscl01260,17049-109,,,•Äì,34.08582194,131.8813936,¢ŠE‘ª’nŒn,,“Œ’†Œ´,,https://logoform.jp/form/AcMw/kdmtlightreport
352071,,kdmtscl01261,18123-102,,,‹v•Û,34.03251333,131.9070547,¢ŠE‘ª’nŒn,,“Œ—z‚P’š–Ú,,https://logoform.jp/form/AcMw/kdmtlightreport
352071,,kdmtscl01262,18123-103,,,‹v•Û,34.03240444,131.9084386,¢ŠE‘ª’nŒn,,“Œ—z‚P’š–Ú,,https://logoform.jp/form/AcMw/kdmtlightreport
352071,,kdmtscl01263,18123-104,,,‹v•Û,34.03240444,131.9088397,¢ŠE‘ª’nŒn,,“Œ—z‚P’š–Ú,,https://logoform.jp/form/AcMw/kdmtlightreport
352071,,kdmtscl01264,18027-111,,,’†‘º,34.02212167,131.8493553,¢ŠE‘ª’nŒn,,“ì—Í,,https://logoform.jp/form/AcMw/kdmtlightreport
352071,,kdmtscl01265,18091-102,,,’†‘º,34.02969361,131.8512542,¢ŠE‘ª’nŒn,,ã—Í,,https://logoform.jp/form/AcMw/kdmtlightreport
352071,,kdmtscl01266,18091-101,,,’†‘º,34.03027222,131.8520478,¢ŠE‘ª’nŒn,,ã—Í,,https://logoform.jp/form/AcMw/kdmtlightreport
352071,,kdmtscl01267,18076-115,,,‰Ô‰ª,34.04098333,131.8889525,¢ŠE‘ª’nŒn,,¼‘º,,https://logoform.jp/form/AcMw/kdmtlightreport
352071,,kdmtscl01268,18033-108,,,‰º¼,34.01062722,131.8639456,¢ŠE‘ª’nŒn,,’†s,,https://logoform.jp/form/AcMw/kdmtlightreport
352071,,kdmtscl01269,18033-107,,,‰º¼,34.01083861,131.8635947,¢ŠE‘ª’nŒn,,’†s,,https://logoform.jp/form/AcMw/kdmtlightreport
352071,,kdmtscl01270,18033-106,,,‰º¼,34.01107222,131.8632247,¢ŠE‘ª’nŒn,,’†s,,https://logoform.jp/form/AcMw/kdmtlightreport
352071,,kdmtscl01271,18033-105,,,‰º¼,34.01119722,131.8630167,¢ŠE‘ª’nŒn,,’†s,,https://logoform.jp/form/AcMw/kdmtlightreport
352071,,kdmtscl01272,18033-104,,,‰º¼,34.01144222,131.8626283,¢ŠE‘ª’nŒn,,’†s,,https://logoform.jp/form/AcMw/kdmtlightreport
352071,,kdmtscl01273,18033-101,,,‰º¼,34.01169056,131.8623658,¢ŠE‘ª’nŒn,,’†s,,https://logoform.jp/form/AcMw/kdmtlightreport
352071,,kdmtscl01274,18084-104,,,––•,34.02433833,131.8654725,¢ŠE‘ª’nŒn,,”öK,,https://logoform.jp/form/AcMw/kdmtlightreport
352071,,kdmtscl01275,16077-108,,,–Lˆä,33.98974028,131.8664356,¢ŠE‘ª’nŒn,,F•@,,https://logoform.jp/form/AcMw/kdmtlightreport
352071,,kdmtscl01276,18129-112,,,‰º¼,34.01911222,131.8780139,¢ŠE‘ª’nŒn,,º˜a’Ê‚èã,,https://logoform.jp/form/AcMw/kdmtlightreport
352071,,kdmtscl01277,18129-115,,,‰º¼,34.01746389,131.8776439,¢ŠE‘ª’nŒn,,º˜a’Ê‚èã,,https://logoform.jp/form/AcMw/kdmtlightreport
352071,,kdmtscl01278,18129-102,,,‰º¼,34.01987222,131.8763925,¢ŠE‘ª’nŒn,,º˜a’Ê‚èã,,https://logoform.jp/form/AcMw/kdmtlightreport
352071,,kdmtscl01279,18129-120,,,‰º¼,34.01572389,131.8806064,¢ŠE‘ª’nŒn,,º˜a’Ê‚èã,,https://logoform.jp/form/AcMw/kdmtlightreport
352071,,kdmtscl01280,18129-113,,,‰º¼,34.01906083,131.8794775,¢ŠE‘ª’nŒn,,º˜a’Ê‚èã,,https://logoform.jp/form/AcMw/kdmtlightreport
352071,,kdmtscl01281,17029-109,,,‰º¼,34.02275,131.8826883,¢ŠE‘ª’nŒn,,á‹{’¬,,https://logoform.jp/form/AcMw/kdmtlightreport
352071,,kdmtscl01282,18059-107,,,•Äì,34.08738333,131.8829464,¢ŠE‘ª’nŒn,,›‘ò,,https://logoform.jp/form/AcMw/kdmtlightreport
352071,,kdmtscl01283,18059-106,,,•Äì,34.08751,131.8826122,¢ŠE‘ª’nŒn,,›‘ò,,https://logoform.jp/form/AcMw/kdmtlightreport
352071,,kdmtscl01284,18013-102,,,Š}ŒË,33.98693861,131.8589086,¢ŠE‘ª’nŒn,,–{‰Y,,https://logoform.jp/form/AcMw/kdmtlightreport
352071,,kdmtscl01285,18013-117,,,Š}ŒË,33.97089694,131.8725825,¢ŠE‘ª’nŒn,,–{‰Y,,https://logoform.jp/form/AcMw/kdmtlightreport
352071,,kdmtscl01286,18017-112,,,––•,34.0222775,131.8538164,¢ŠE‘ª’nŒn,,‘åŠC’¬¼,,https://logoform.jp/form/AcMw/kdmtlightreport
352071,,kdmtscl01287,18067-117,,,‹v•Û,34.02770722,131.9259858,¢ŠE‘ª’nŒn,,“Œ˜a,,https://logoform.jp/form/AcMw/kdmtlightreport
352071,,kdmtscl01288,18067-115,,,‹v•Û,34.0274075,131.9244919,¢ŠE‘ª’nŒn,,“Œ˜a,,https://logoform.jp/form/AcMw/kdmtlightreport
352071,,kdmtscl01289,18067-114,,,‹v•Û,34.02746667,131.9247994,¢ŠE‘ª’nŒn,,“Œ˜a,,https://logoform.jp/form/AcMw/kdmtlightreport
352071,,kdmtscl01290,18067-108,,,‹v•Û,34.02871944,131.9252372,¢ŠE‘ª’nŒn,,“Œ˜a,,https://logoform.jp/form/AcMw/kdmtlightreport
352071,,kdmtscl01291,18074-112,,,‹v•Û,34.02765861,131.9018303,¢ŠE‘ª’nŒn,,‹v•Ûs,,https://logoform.jp/form/AcMw/kdmtlightreport
352071,,kdmtscl01292,18074-111,,,‹v•Û,34.02949972,131.9035303,¢ŠE‘ª’nŒn,,‹v•Ûs,,https://logoform.jp/form/AcMw/kdmtlightreport
352071,,kdmtscl01293,18005-104,,,‰Ô‰ª,34.03093556,131.8670811,¢ŠE‘ª’nŒn,,‰º‚’Ë,,https://logoform.jp/form/AcMw/kdmtlightreport
352071,,kdmtscl01294,18005-103,,,‰Ô‰ª,34.03135333,131.8668861,¢ŠE‘ª’nŒn,,‰º‚’Ë,,https://logoform.jp/form/AcMw/kdmtlightreport
352071,,kdmtscl01295,18005-101,,,‰Ô‰ª,34.03300833,131.8669511,¢ŠE‘ª’nŒn,,‰º‚’Ë,,https://logoform.jp/form/AcMw/kdmtlightreport
352071,,kdmtscl01296,18027-101,,,’†‘º,34.02361222,131.8491506,¢ŠE‘ª’nŒn,,“ì—Í,,https://logoform.jp/form/AcMw/kdmtlightreport
352071,,kdmtscl01297,18051-103,,,‹v•Û,34.02621472,131.9177425,¢ŠE‘ª’nŒn,,’†ƒm”—,,https://logoform.jp/form/AcMw/kdmtlightreport
352071,,kdmtscl01298,18051-104,,,‹v•Û,34.02601889,131.9172864,¢ŠE‘ª’nŒn,,’†ƒm”—,,https://logoform.jp/form/AcMw/kdmtlightreport
352071,,kdmtscl01299,18051-105,,,‹v•Û,34.02545667,131.9171975,¢ŠE‘ª’nŒn,,’†ƒm”—,,https://logoform.jp/form/AcMw/kdmtlightreport
352071,,kdmtscl01300,18051-108,,,‹v•Û,34.0164825,131.9200039,¢ŠE‘ª’nŒn,,’†ƒm”—,,https://logoform.jp/form/AcMw/kdmtlightreport
352071,,kdmtscl01301,18088-101,,,––•,34.01840278,131.8515139,¢ŠE‘ª’nŒn,,’·‹v,,https://logoform.jp/form/AcMw/kdmtlightreport
352071,,kdmtscl01302,18088-102,,,––•,34.01874444,131.8511319,¢ŠE‘ª’nŒn,,’·‹v,,https://logoform.jp/form/AcMw/kdmtlightreport
352071,,kdmtscl01303,18072-114,,,‰º¼,34.01346667,131.8618406,¢ŠE‘ª’nŒn,,’†“‡’¬,,https://logoform.jp/form/AcMw/kdmtlightreport
352071,,kdmtscl01304,18072-115,,,‰º¼,34.01124389,131.8614458,¢ŠE‘ª’nŒn,,’†“‡’¬,,https://logoform.jp/form/AcMw/kdmtlightreport
352071,,kdmtscl01305,18072-107,,,‰º¼,34.01029056,131.8585475,¢ŠE‘ª’nŒn,,’†“‡’¬,,https://logoform.jp/form/AcMw/kdmtlightreport
352071,,kdmtscl01306,18072-106,,,‰º¼,34.01022944,131.8590408,¢ŠE‘ª’nŒn,,’†“‡’¬,,https://logoform.jp/form/AcMw/kdmtlightreport
352071,,kdmtscl01307,15105-101,,,‰º¼,34.0096975,131.8599811,¢ŠE‘ª’nŒn,,’†“‡’¬,,https://logoform.jp/form/AcMw/kdmtlightreport
352071,,kdmtscl01308,18038-101,,,‰º¼,34.00809833,131.8670106,¢ŠE‘ª’nŒn,,Œ³’¬“Œ,,https://logoform.jp/form/AcMw/kdmtlightreport
352071,,kdmtscl01309,18038-102,,,‰º¼,34.00795278,131.8672242,¢ŠE‘ª’nŒn,,Œ³’¬“Œ,,https://logoform.jp/form/AcMw/kdmtlightreport
352071,,kdmtscl01310,18038-103,,,‰º¼,34.00741611,131.8668392,¢ŠE‘ª’nŒn,,Œ³’¬“Œ,,https://logoform.jp/form/AcMw/kdmtlightreport
352071,,kdmtscl01311,18116-105,,,‰º¼,34.01068333,131.86708,¢ŠE‘ª’nŒn,,‰º‰h’¬,,https://logoform.jp/form/AcMw/kdmtlightreport
352071,,kdmtscl01312,18116-102,,,‰º¼,34.01166833,131.8675089,¢ŠE‘ª’nŒn,,‰º‰h’¬,,https://logoform.jp/form/AcMw/kdmtlightreport
352071,,kdmtscl01313,18116-101,,,‰º¼,34.01202972,131.8682153,¢ŠE‘ª’nŒn,,‰º‰h’¬,,https://logoform.jp/form/AcMw/kdmtlightreport
352071,,kdmtscl01314,18116-108,,,‰º¼,34.01085889,131.8684661,¢ŠE‘ª’nŒn,,‰º‰h’¬,,https://logoform.jp/form/AcMw/kdmtlightreport
352071,,kdmtscl01315,18116-106,,,‰º¼,34.01101333,131.8681461,¢ŠE‘ª’nŒn,,‰º‰h’¬,,https://logoform.jp/form/AcMw/kdmtlightreport
352071,,kdmtscl01316,18047-106,,,•Äì,34.10403389,131.8770936,¢ŠE‘ª’nŒn,,´á,,https://logoform.jp/form/AcMw/kdmtlightreport
352071,,kdmtscl01317,18047-104,,,•Äì,34.10162028,131.8771186,¢ŠE‘ª’nŒn,,´á,,https://logoform.jp/form/AcMw/kdmtlightreport
352071,,kdmtscl01318,15104-101,,,•Äì,34.10412028,131.8853964,¢ŠE‘ª’nŒn,,Ô’J,,https://logoform.jp/form/AcMw/kdmtlightreport
352071,,kdmtscl01319,18015-107,,,‹v•Û,34.02831972,131.9167789,¢ŠE‘ª’nŒn,,“R’¬,,https://logoform.jp/form/AcMw/kdmtlightreport
352071,,kdmtscl01320,18015-108,,,‹v•Û,34.02826667,131.9170661,¢ŠE‘ª’nŒn,,“R’¬,,https://logoform.jp/form/AcMw/kdmtlightreport
352071,,kdmtscl01321,18015-121,,,‹v•Û,34.02561861,131.9197911,¢ŠE‘ª’nŒn,,“R’¬,,https://logoform.jp/form/AcMw/kdmtlightreport
352071,,kdmtscl01322,18108-107,,,‰º¼,34.00568806,131.8715889,¢ŠE‘ª’nŒn,,Â–ö,,https://logoform.jp/form/AcMw/kdmtlightreport
352071,,kdmtscl01323,18108-108,,,‰º¼,34.00539389,131.8717072,¢ŠE‘ª’nŒn,,Â–ö,,https://logoform.jp/form/AcMw/kdmtlightreport
352071,,kdmtscl01324,18001-101,,,‰º¼,34.00487722,131.8722264,¢ŠE‘ª’nŒn,,Â–ö,,https://logoform.jp/form/AcMw/kdmtlightreport
352071,,kdmtscl01325,18108-102,,,‰º¼,34.00504556,131.8711025,¢ŠE‘ª’nŒn,,Â–ö,,https://logoform.jp/form/AcMw/kdmtlightreport
352071,,kdmtscl01326,18108-106,,,‰º¼,34.00482361,131.8717447,¢ŠE‘ª’nŒn,,Â–ö,,https://logoform.jp/form/AcMw/kdmtlightreport
352071,,kdmtscl01327,18112-122,,,‹v•Û,34.05775861,131.9230892,¢ŠE‘ª’nŒn,,R“c˜A‡,,https://logoform.jp/form/AcMw/kdmtlightreport
352071,,kdmtscl01328,18112-123,,,‹v•Û,34.05719944,131.9228094,¢ŠE‘ª’nŒn,,R“c˜A‡,,https://logoform.jp/form/AcMw/kdmtlightreport
352071,,kdmtscl01329,18112-125,,,‹v•Û,34.05621139,131.9185133,¢ŠE‘ª’nŒn,,R“c˜A‡,,https://logoform.jp/form/AcMw/kdmtlightreport
352071,,kdmtscl01330,18112-116,,,‹v•Û,34.04999639,131.913855,¢ŠE‘ª’nŒn,,R“c˜A‡,,https://logoform.jp/form/AcMw/kdmtlightreport
352071,,kdmtscl01331,18112-117,,,‹v•Û,34.04883278,131.914,¢ŠE‘ª’nŒn,,R“c˜A‡,,https://logoform.jp/form/AcMw/kdmtlightreport
352071,,kdmtscl01332,18112-105,,,‹v•Û,34.04627389,131.906745,¢ŠE‘ª’nŒn,,R“c˜A‡,,https://logoform.jp/form/AcMw/kdmtlightreport
352071,,kdmtscl01333,18112-113,,,‹v•Û,34.03607528,131.90581,¢ŠE‘ª’nŒn,,R“c˜A‡,,https://logoform.jp/form/AcMw/kdmtlightreport
352071,,kdmtscl01334,18112-102,,,‹v•Û,34.03275861,131.8952131,¢ŠE‘ª’nŒn,,R“c˜A‡,,https://logoform.jp/form/AcMw/kdmtlightreport
352071,,kdmtscl01335,18024-106,,,‰Ô‰ª,34.03996833,131.8847231,¢ŠE‘ª’nŒn,,“Œ–œƒm–Ø,,https://logoform.jp/form/AcMw/kdmtlightreport
352071,,kdmtscl01336,18024-107,,,‰Ô‰ª,34.0392525,131.8847594,¢ŠE‘ª’nŒn,,“Œ–œƒm–Ø,,https://logoform.jp/form/AcMw/kdmtlightreport
352071,,kdmtscl01337,18133-113,,,–Lˆä,34.00271139,131.8787503,¢ŠE‘ª’nŒn,,–Lˆä,,https://logoform.jp/form/AcMw/kdmtlightreport
352071,,kdmtscl01338,18059-105,,,•Äì,34.08816028,131.8824222,¢ŠE‘ª’nŒn,,›‘ò,,https://logoform.jp/form/AcMw/kdmtlightreport
352071,,kdmtscl01339,18030-118,,,‰Ô‰ª,34.03406917,131.8881378,¢ŠE‘ª’nŒn,,’†‘º¼,,https://logoform.jp/form/AcMw/kdmtlightreport
352071,,kdmtscl01340,18027-108,,,’†‘º,34.02072111,131.8473261,¢ŠE‘ª’nŒn,,“ì—Í,,https://logoform.jp/form/AcMw/kdmtlightreport
352071,,kdmtscl01341,18082-114,,,‰Ô‰ª,34.04266417,131.8731058,¢ŠE‘ª’nŒn,,ã’n,,https://logoform.jp/form/AcMw/kdmtlightreport
352071,,kdmtscl01342,17012-103,,,‰º¼,34.01403472,131.8687342,¢ŠE‘ª’nŒn,,‘åè’¬,,https://logoform.jp/form/AcMw/kdmtlightreport
352071,,kdmtscl01343,18091-107,,,’†‘º,34.02677528,131.8535111,¢ŠE‘ª’nŒn,,ã—Í,,https://logoform.jp/form/AcMw/kdmtlightreport
352071,,kdmtscl01344,18091-106,,,’†‘º,34.02746056,131.8541328,¢ŠE‘ª’nŒn,,ã—Í,,https://logoform.jp/form/AcMw/kdmtlightreport
352071,,kdmtscl01345,18079-110,,,’†‘º,34.03374028,131.8534864,¢ŠE‘ª’nŒn,,˜a“c,,https://logoform.jp/form/AcMw/kdmtlightreport
352071,,kdmtscl01346,18078-103,,,–Lˆä,33.99624,131.8804953,¢ŠE‘ª’nŒn,,ã—öƒ–•l,,https://logoform.jp/form/AcMw/kdmtlightreport
352071,,kdmtscl01347,18078-105,,,–Lˆä,33.99589778,131.8802867,¢ŠE‘ª’nŒn,,ã—öƒ–•l,,https://logoform.jp/form/AcMw/kdmtlightreport
352071,,kdmtscl01348,18019-102,,,‹v•Û,34.02726806,131.8998278,¢ŠE‘ª’nŒn,,ƒZƒ“ƒgƒVƒeƒB,,https://logoform.jp/form/AcMw/kdmtlightreport
352071,,kdmtscl01349,‚k200504001,,,‰Ô‰ª,34.034635,131.8638875,¢ŠE‘ª’nŒn,,ãLÎ,,https://logoform.jp/form/AcMw/kdmtlightreport
352071,,kdmtscl01350,18128-113,,,‹v•Û,34.01886444,131.8975022,¢ŠE‘ª’nŒn,,¯‚ª‹u,,https://logoform.jp/form/AcMw/kdmtlightreport
352071,,kdmtscl01351,18128-105,,,‹v•Û,34.02062389,131.8974156,¢ŠE‘ª’nŒn,,¯‚ª‹u,,https://logoform.jp/form/AcMw/kdmtlightreport
352071,,kdmtscl01352,18018-111,,,‰º¼,34.01862333,131.8854383,¢ŠE‘ª’nŒn,,‹gŒ´,,https://logoform.jp/form/AcMw/kdmtlightreport
352071,,kdmtscl01353,18121-101,,,‰Ô‰ª,34.03151833,131.8708036,¢ŠE‘ª’nŒn,,íX“ì,,https://logoform.jp/form/AcMw/kdmtlightreport
352071,,kdmtscl01354,18104-103,,,‰º¼,34.01291333,131.8785267,¢ŠE‘ª’nŒn,,Šø‰ª‚R’š–Ú,,https://logoform.jp/form/AcMw/kdmtlightreport
352071,,kdmtscl01355,18084-107,,,––•,34.0218625,131.8637906,¢ŠE‘ª’nŒn,,”öK,,https://logoform.jp/form/AcMw/kdmtlightreport
352071,,kdmtscl01356,17004-102,,,‰º¼,34.01044889,131.8650192,¢ŠE‘ª’nŒn,,–{’¬,,https://logoform.jp/form/AcMw/kdmtlightreport
352071,,kdmtscl01357,18057-105,,,‰Ô‰ª,34.0372675,131.8674061,¢ŠE‘ª’nŒn,,‰Ô‰ª¼’¬,,https://logoform.jp/form/AcMw/kdmtlightreport
352071,,kdmtscl01358,18117-101,,,‰º¼,34.0207825,131.8735719,¢ŠE‘ª’nŒn,,‚Â‚Â‚¶ƒ–‹u,,https://logoform.jp/form/AcMw/kdmtlightreport
352071,,kdmtscl01359,18087-104,,,‰Ô‰ª,34.03284528,131.8611506,¢ŠE‘ª’nŒn,,“Œ’†‘º,,https://logoform.jp/form/AcMw/kdmtlightreport
352071,,kdmtscl01360,18064-120,,,‰º¼,34.00705361,131.8704447,¢ŠE‘ª’nŒn,,ŒÃì’¬,,https://logoform.jp/form/AcMw/kdmtlightreport
352071,,kdmtscl01361,18076-109,,,‰Ô‰ª,34.03982278,131.8883094,¢ŠE‘ª’nŒn,,¼‘º,,https://logoform.jp/form/AcMw/kdmtlightreport
352071,,kdmtscl01362,18090-102,,,––•,34.02706056,131.8595333,¢ŠE‘ª’nŒn,,‚Ğ‚ç‚½–]’¬“Œ,,https://logoform.jp/form/AcMw/kdmtlightreport
352071,,kdmtscl01363,18057-110,,,‰Ô‰ª,34.03597833,131.8689869,¢ŠE‘ª’nŒn,,‰Ô‰ª¼’¬,,https://logoform.jp/form/AcMw/kdmtlightreport
352071,,kdmtscl01364,18103-104,,,‰º¼,34.01066583,131.8720847,¢ŠE‘ª’nŒn,,K’¬,,https://logoform.jp/form/AcMw/kdmtlightreport
352071,,kdmtscl01365,18103-102,,,‰º¼,34.01095833,131.8719472,¢ŠE‘ª’nŒn,,K’¬,,https://logoform.jp/form/AcMw/kdmtlightreport
352071,,kdmtscl01366,18036-109,,,‰Ô‰ª,34.03654083,131.8631667,¢ŠE‘ª’nŒn,,ãLÎ,,https://logoform.jp/form/AcMw/kdmtlightreport
352071,,kdmtscl01367,18036-110,,,‰Ô‰ª,34.03673028,131.8641911,¢ŠE‘ª’nŒn,,ãLÎ,,https://logoform.jp/form/AcMw/kdmtlightreport
352071,,kdmtscl01368,18121-102,,,‰Ô‰ª,34.03208333,131.8713419,¢ŠE‘ª’nŒn,,íX“ì,,https://logoform.jp/form/AcMw/kdmtlightreport
352071,,kdmtscl01369,18028-106,,,‰º¼,34.01594611,131.8624008,¢ŠE‘ª’nŒn,,–ö,,https://logoform.jp/form/AcMw/kdmtlightreport
352071,,kdmtscl01370,18015-112,,,‹v•Û,34.02809472,131.9180728,¢ŠE‘ª’nŒn,,“R’¬,,https://logoform.jp/form/AcMw/kdmtlightreport
352071,,kdmtscl01371,18015-116,,,‹v•Û,34.02734111,131.9186839,¢ŠE‘ª’nŒn,,“R’¬,,https://logoform.jp/form/AcMw/kdmtlightreport
352071,,kdmtscl01372,18069-112,,,‹v•Û,34.02891417,131.8974544,¢ŠE‘ª’nŒn,,Kƒ–‹u,,https://logoform.jp/form/AcMw/kdmtlightreport
352071,,kdmtscl01373,18074-107,,,‹v•Û,34.03119139,131.90448,¢ŠE‘ª’nŒn,,‹v•Ûs,,https://logoform.jp/form/AcMw/kdmtlightreport
352071,,kdmtscl01374,17074-108,,,‰Ô‰ª,34.03959889,131.8650375,¢ŠE‘ª’nŒn,,‚‹´,,https://logoform.jp/form/AcMw/kdmtlightreport
352071,,kdmtscl01375,18057-108,,,‰Ô‰ª,34.03693556,131.8670072,¢ŠE‘ª’nŒn,,‰Ô‰ª¼’¬,,https://logoform.jp/form/AcMw/kdmtlightreport
352071,,kdmtscl01376,18121-103,,,‰Ô‰ª,34.03206556,131.8711119,¢ŠE‘ª’nŒn,,íX“ì,,https://logoform.jp/form/AcMw/kdmtlightreport
352071,,kdmtscl01377,18062-103,,,‹v•Û,34.02468056,131.8967269,¢ŠE‘ª’nŒn,,o‡,,https://logoform.jp/form/AcMw/kdmtlightreport
352071,,kdmtscl01378,18062-104,,,‹v•Û,34.02482528,131.8972369,¢ŠE‘ª’nŒn,,o‡,,https://logoform.jp/form/AcMw/kdmtlightreport
352071,,kdmtscl01379,18062-106,,,‹v•Û,34.02458694,131.8974997,¢ŠE‘ª’nŒn,,o‡,,https://logoform.jp/form/AcMw/kdmtlightreport
352071,,kdmtscl01380,18062-105,,,‹v•Û,34.02443167,131.8968786,¢ŠE‘ª’nŒn,,o‡,,https://logoform.jp/form/AcMw/kdmtlightreport
352071,,kdmtscl01381,18033-102,,,‰º¼,34.01195972,131.8638983,¢ŠE‘ª’nŒn,,’†s,,https://logoform.jp/form/AcMw/kdmtlightreport
352071,,kdmtscl01382,18033-110,,,‰º¼,34.01128556,131.8648042,¢ŠE‘ª’nŒn,,’†s,,https://logoform.jp/form/AcMw/kdmtlightreport
352071,,kdmtscl01383,18113-103,,,’†‘º,34.02818222,131.8621256,¢ŠE‘ª’nŒn,,“Œ‰ÍŒ´,,https://logoform.jp/form/AcMw/kdmtlightreport
352071,,kdmtscl01384,18129-105,,,‰º¼,34.01769611,131.8772267,¢ŠE‘ª’nŒn,,º˜a’Ê‚èã,,https://logoform.jp/form/AcMw/kdmtlightreport
352071,,kdmtscl01385,18129-125,,,‰º¼,34.01520694,131.8792364,¢ŠE‘ª’nŒn,,º˜a’Ê‚èã,,https://logoform.jp/form/AcMw/kdmtlightreport
352071,,kdmtscl01386,18129-110,,,‰º¼,34.02000806,131.8794111,¢ŠE‘ª’nŒn,,º˜a’Ê‚èã,,https://logoform.jp/form/AcMw/kdmtlightreport
352071,,kdmtscl01387,18095-109,,,––•,34.01493278,131.8613306,¢ŠE‘ª’nŒn,,¼s“Œ,,https://logoform.jp/form/AcMw/kdmtlightreport
352071,,kdmtscl01388,18079-111,,,’†‘º,34.03325083,131.8541839,¢ŠE‘ª’nŒn,,˜a“c,,https://logoform.jp/form/AcMw/kdmtlightreport
352071,,kdmtscl01389,18079-112,,,’†‘º,34.03684778,131.8551972,¢ŠE‘ª’nŒn,,˜a“c,,https://logoform.jp/form/AcMw/kdmtlightreport
352071,,kdmtscl01390,18082-110,,,‰Ô‰ª,34.04042,131.8688172,¢ŠE‘ª’nŒn,,ã’n,,https://logoform.jp/form/AcMw/kdmtlightreport
352071,,kdmtscl01391,18128-109,,,‹v•Û,34.02029806,131.8995856,¢ŠE‘ª’nŒn,,¯‚ª‹u,,https://logoform.jp/form/AcMw/kdmtlightreport
352071,,kdmtscl01392,18128-110,,,‹v•Û,34.01996333,131.8995092,¢ŠE‘ª’nŒn,,¯‚ª‹u,,https://logoform.jp/form/AcMw/kdmtlightreport
352071,,kdmtscl01393,18128-112,,,‹v•Û,34.01925028,131.8999156,¢ŠE‘ª’nŒn,,¯‚ª‹u,,https://logoform.jp/form/AcMw/kdmtlightreport
352071,,kdmtscl01394,L200600125,,,‹v•Û,34.01812111,131.8994194,¢ŠE‘ª’nŒn,,¯‚ª‹u,,https://logoform.jp/form/AcMw/kdmtlightreport
352071,,kdmtscl01395,18128-102,,,‹v•Û,34.02130722,131.8980419,¢ŠE‘ª’nŒn,,¯‚ª‹u,,https://logoform.jp/form/AcMw/kdmtlightreport
352071,,kdmtscl01396,18128-114,,,‹v•Û,34.0189125,131.8989047,¢ŠE‘ª’nŒn,,¯‚ª‹u,,https://logoform.jp/form/AcMw/kdmtlightreport
352071,,kdmtscl01397,18128-108,,,‹v•Û,34.020295,131.8974306,¢ŠE‘ª’nŒn,,¯‚ª‹u,,https://logoform.jp/form/AcMw/kdmtlightreport
352071,,kdmtscl01398,18128-107,,,‹v•Û,34.02025444,131.8968547,¢ŠE‘ª’nŒn,,¯‚ª‹u,,https://logoform.jp/form/AcMw/kdmtlightreport
352071,,kdmtscl01399,L200600130,,,‹v•Û,34.01993583,131.8974258,¢ŠE‘ª’nŒn,,¯‚ª‹u,,https://logoform.jp/form/AcMw/kdmtlightreport
352071,,kdmtscl01400,18128-111,,,‹v•Û,34.01920667,131.8968444,¢ŠE‘ª’nŒn,,¯‚ª‹u,,https://logoform.jp/form/AcMw/kdmtlightreport
352071,,kdmtscl01401,18128-104,,,‹v•Û,34.02094472,131.8974722,¢ŠE‘ª’nŒn,,¯‚ª‹u,,https://logoform.jp/form/AcMw/kdmtlightreport
352071,,kdmtscl01402,18036-106,,,‰Ô‰ª,34.03604,131.8617181,¢ŠE‘ª’nŒn,,ãLÎ,,https://logoform.jp/form/AcMw/kdmtlightreport
352071,,kdmtscl01403,18036-107,,,‰Ô‰ª,34.03617417,131.8620353,¢ŠE‘ª’nŒn,,ãLÎ,,https://logoform.jp/form/AcMw/kdmtlightreport
352071,,kdmtscl01404,18072-109,,,‰º¼,34.01202472,131.8613875,¢ŠE‘ª’nŒn,,’†“‡’¬,,https://logoform.jp/form/AcMw/kdmtlightreport
352071,,kdmtscl01405,18072-105,,,‰º¼,34.00957278,131.8602119,¢ŠE‘ª’nŒn,,’†“‡’¬,,https://logoform.jp/form/AcMw/kdmtlightreport
352071,,kdmtscl01406,18071-105,,,––•,34.01808194,131.8469119,¢ŠE‘ª’nŒn,,¼ŠJì,,https://logoform.jp/form/AcMw/kdmtlightreport
352071,,kdmtscl01407,18071-107,,,––•,34.01839944,131.8480272,¢ŠE‘ª’nŒn,,¼ŠJì,,https://logoform.jp/form/AcMw/kdmtlightreport
352071,,kdmtscl01408,18114-102,,,‰º¼,34.01718778,131.8700839,¢ŠE‘ª’nŒn,,––Œõ,,https://logoform.jp/form/AcMw/kdmtlightreport
352071,,kdmtscl01409,18114-101,,,‰º¼,34.01724,131.8697397,¢ŠE‘ª’nŒn,,––Œõ,,https://logoform.jp/form/AcMw/kdmtlightreport
352071,,kdmtscl01410,18051-101,,,‹v•Û,34.02636806,131.9162867,¢ŠE‘ª’nŒn,,’†ƒm”—,,https://logoform.jp/form/AcMw/kdmtlightreport
352071,,kdmtscl01411,18115-101,,,‰Ô‰ª,34.02763667,131.8638194,¢ŠE‘ª’nŒn,,º˜a,,https://logoform.jp/form/AcMw/kdmtlightreport
352071,,kdmtscl01412,18074-108,,,‹v•Û,34.03093861,131.9046322,¢ŠE‘ª’nŒn,,‹v•Ûs,,https://logoform.jp/form/AcMw/kdmtlightreport
352071,,kdmtscl01413,18023-101,,,––•,34.01807333,131.8593772,¢ŠE‘ª’nŒn,,¼’†’¬,,https://logoform.jp/form/AcMw/kdmtlightreport
352071,,kdmtscl01414,18030-103,,,‰Ô‰ª,34.03615028,131.8867142,¢ŠE‘ª’nŒn,,’†‘º¼,,https://logoform.jp/form/AcMw/kdmtlightreport
352071,,kdmtscl01415,17085-107,,,––•,34.02636528,131.8696625,¢ŠE‘ª’nŒn,,“¡Œõ‰º,,https://logoform.jp/form/AcMw/kdmtlightreport
352071,,kdmtscl01416,18122-102,,,‰º¼,34.01419778,131.8712525,¢ŠE‘ª’nŒn,,“s’¬,,https://logoform.jp/form/AcMw/kdmtlightreport
352071,,kdmtscl01417,18087-101,,,‰Ô‰ª,34.03242611,131.8602597,¢ŠE‘ª’nŒn,,“Œ’†‘º,,https://logoform.jp/form/AcMw/kdmtlightreport
352071,,kdmtscl01418,18059-104,,,•Äì,34.08844806,131.8829164,¢ŠE‘ª’nŒn,,›‘ò,,https://logoform.jp/form/AcMw/kdmtlightreport
352071,,kdmtscl01419,18059-101,,,•Äì,34.08897444,131.8815925,¢ŠE‘ª’nŒn,,›‘ò,,https://logoform.jp/form/AcMw/kdmtlightreport
352071,,kdmtscl01420,18084-109,,,––•,34.02121722,131.8644703,¢ŠE‘ª’nŒn,,”öK,,https://logoform.jp/form/AcMw/kdmtlightreport
352071,,kdmtscl01421,18084-110,,,––•,34.02096528,131.8648042,¢ŠE‘ª’nŒn,,”öK,,https://logoform.jp/form/AcMw/kdmtlightreport
352071,,kdmtscl01422,18084-112,,,––•,34.02228194,131.8669817,¢ŠE‘ª’nŒn,,”öK,,https://logoform.jp/form/AcMw/kdmtlightreport
352071,,kdmtscl01423,18084-113,,,––•,34.02156611,131.8682225,¢ŠE‘ª’nŒn,,”öK,,https://logoform.jp/form/AcMw/kdmtlightreport
352071,,kdmtscl01424,17096-101,,,‰º¼,34.01710694,131.8722733,¢ŠE‘ª’nŒn,,––Œõ“Œ’c’n,,https://logoform.jp/form/AcMw/kdmtlightreport
352071,,kdmtscl01425,17096-103,,,‰º¼,34.01647028,131.8728247,¢ŠE‘ª’nŒn,,––Œõ“Œ’c’n,,https://logoform.jp/form/AcMw/kdmtlightreport
352071,,kdmtscl01426,18117-102,,,‰º¼,34.0205075,131.8746708,¢ŠE‘ª’nŒn,,‚Â‚Â‚¶ƒ–‹u,,https://logoform.jp/form/AcMw/kdmtlightreport
352071,,kdmtscl01427,18069-105,,,‹v•Û,34.02980833,131.8980383,¢ŠE‘ª’nŒn,,Kƒ–‹u,,https://logoform.jp/form/AcMw/kdmtlightreport
352071,,kdmtscl01428,18069-107,,,‹v•Û,34.02961722,131.8971008,¢ŠE‘ª’nŒn,,Kƒ–‹u,,https://logoform.jp/form/AcMw/kdmtlightreport
352071,,kdmtscl01429,18069-106,,,‹v•Û,34.02973722,131.8967472,¢ŠE‘ª’nŒn,,Kƒ–‹u,,https://logoform.jp/form/AcMw/kdmtlightreport
352071,,kdmtscl01430,18069-109,,,‹v•Û,34.02934,131.8967886,¢ŠE‘ª’nŒn,,Kƒ–‹u,,https://logoform.jp/form/AcMw/kdmtlightreport
352071,,kdmtscl01431,18069-110,,,‹v•Û,34.02918833,131.8972236,¢ŠE‘ª’nŒn,,Kƒ–‹u,,https://logoform.jp/form/AcMw/kdmtlightreport
352071,,kdmtscl01432,18069-113,,,‹v•Û,34.0288325,131.8976344,¢ŠE‘ª’nŒn,,Kƒ–‹u,,https://logoform.jp/form/AcMw/kdmtlightreport
352071,,kdmtscl01433,18069-114,,,‹v•Û,34.02868167,131.8975119,¢ŠE‘ª’nŒn,,Kƒ–‹u,,https://logoform.jp/form/AcMw/kdmtlightreport
352071,,kdmtscl01434,18069-115,,,‹v•Û,34.02863861,131.8972622,¢ŠE‘ª’nŒn,,Kƒ–‹u,,https://logoform.jp/form/AcMw/kdmtlightreport
352071,,kdmtscl01435,18069-111,,,‹v•Û,34.02900833,131.8970347,¢ŠE‘ª’nŒn,,Kƒ–‹u,,https://logoform.jp/form/AcMw/kdmtlightreport
352071,,kdmtscl01436,18015-113,,,‹v•Û,34.02803889,131.9181528,¢ŠE‘ª’nŒn,,“R’¬,,https://logoform.jp/form/AcMw/kdmtlightreport
352071,,kdmtscl01437,18015-114,,,‹v•Û,34.02752194,131.9180339,¢ŠE‘ª’nŒn,,“R’¬,,https://logoform.jp/form/AcMw/kdmtlightreport
352071,,kdmtscl01438,18015-115,,,‹v•Û,34.02804583,131.9183553,¢ŠE‘ª’nŒn,,“R’¬,,https://logoform.jp/form/AcMw/kdmtlightreport
352071,,kdmtscl01439,18082-113,,,‰Ô‰ª,34.04294444,131.8724956,¢ŠE‘ª’nŒn,,ã’n,,https://logoform.jp/form/AcMw/kdmtlightreport
352071,,kdmtscl01440,18092-108,,,‰Ô‰ª,34.03945583,131.8804447,¢ŠE‘ª’nŒn,,¼@,,https://logoform.jp/form/AcMw/kdmtlightreport
352071,,kdmtscl01441,18011-101,,,–Lˆä,34.00393,131.8744708,¢ŠE‘ª’nŒn,,‹Õ•½’¬,,https://logoform.jp/form/AcMw/kdmtlightreport
352071,,kdmtscl01442,18011-102,,,–Lˆä,34.00335944,131.8749283,¢ŠE‘ª’nŒn,,‹Õ•½’¬,,https://logoform.jp/form/AcMw/kdmtlightreport
352071,,kdmtscl01443,18092-104,,,‰Ô‰ª,34.04012444,131.8798822,¢ŠE‘ª’nŒn,,¼@,,https://logoform.jp/form/AcMw/kdmtlightreport
352071,,kdmtscl01444,17048-114,,,‰º¼,34.0087625,131.8622058,¢ŠE‘ª’nŒn,,¬Œ©’¬,,https://logoform.jp/form/AcMw/kdmtlightreport
352071,,kdmtscl01445,17075-106,,,––•,34.02402,131.8671342,¢ŠE‘ª’nŒn,,á‘‘ä,,https://logoform.jp/form/AcMw/kdmtlightreport
352071,,kdmtscl01446,17075-107,,,––•,34.02448417,131.8675364,¢ŠE‘ª’nŒn,,á‘‘ä,,https://logoform.jp/form/AcMw/kdmtlightreport
352071,,kdmtscl01447,18024-102,,,‰Ô‰ª,34.04006,131.8844667,¢ŠE‘ª’nŒn,,“Œ–œƒm–Ø,,https://logoform.jp/form/AcMw/kdmtlightreport
352071,,kdmtscl01448,18083-101,,,‰º¼,34.0175975,131.8826283,¢ŠE‘ª’nŒn,,º˜a’¬‚Q’š–Ú,,https://logoform.jp/form/AcMw/kdmtlightreport
352071,,kdmtscl01449,18083-109,,,‰º¼,34.01704194,131.8818522,¢ŠE‘ª’nŒn,,º˜a’¬‚Q’š–Ú,,https://logoform.jp/form/AcMw/kdmtlightreport
352071,,kdmtscl01450,18083-110,,,‰º¼,34.01671194,131.8814078,¢ŠE‘ª’nŒn,,º˜a’¬‚Q’š–Ú,,https://logoform.jp/form/AcMw/kdmtlightreport
352071,,kdmtscl01451,18083-111,,,‰º¼,34.01644472,131.8810789,¢ŠE‘ª’nŒn,,º˜a’¬‚Q’š–Ú,,https://logoform.jp/form/AcMw/kdmtlightreport
352071,,kdmtscl01452,18083-113,,,‰º¼,34.01649306,131.8816761,¢ŠE‘ª’nŒn,,º˜a’¬‚Q’š–Ú,,https://logoform.jp/form/AcMw/kdmtlightreport
352071,,kdmtscl01453,18083-112,,,‰º¼,34.01669778,131.8819439,¢ŠE‘ª’nŒn,,º˜a’¬‚Q’š–Ú,,https://logoform.jp/form/AcMw/kdmtlightreport
352071,,kdmtscl01454,18083-103,,,‰º¼,34.01714722,131.8830822,¢ŠE‘ª’nŒn,,º˜a’¬‚Q’š–Ú,,https://logoform.jp/form/AcMw/kdmtlightreport
352071,,kdmtscl01455,18083-115,,,‰º¼,34.01647278,131.8822225,¢ŠE‘ª’nŒn,,º˜a’¬‚Q’š–Ú,,https://logoform.jp/form/AcMw/kdmtlightreport
352071,,kdmtscl01456,18083-116,,,‰º¼,34.01626278,131.881935,¢ŠE‘ª’nŒn,,º˜a’¬‚Q’š–Ú,,https://logoform.jp/form/AcMw/kdmtlightreport
352071,,kdmtscl01457,18083-117,,,‰º¼,34.01606056,131.8816678,¢ŠE‘ª’nŒn,,º˜a’¬‚Q’š–Ú,,https://logoform.jp/form/AcMw/kdmtlightreport
352071,,kdmtscl01458,18083-121,,,‰º¼,34.01581861,131.8819261,¢ŠE‘ª’nŒn,,º˜a’¬‚Q’š–Ú,,https://logoform.jp/form/AcMw/kdmtlightreport
352071,,kdmtscl01459,18030-110,,,‰Ô‰ª,34.03784806,131.8887444,¢ŠE‘ª’nŒn,,’†‘º¼,,https://logoform.jp/form/AcMw/kdmtlightreport
352071,,kdmtscl01460,18107-101,,,––•,34.0165325,131.8625731,¢ŠE‘ª’nŒn,,’†‰›’¬,,https://logoform.jp/form/AcMw/kdmtlightreport
352071,,kdmtscl01461,18047-108,,,•Äì,34.10504306,131.8787047,¢ŠE‘ª’nŒn,,´á,,https://logoform.jp/form/AcMw/kdmtlightreport
352071,,kdmtscl01462,18023-102,,,––•,34.01861417,131.8603697,¢ŠE‘ª’nŒn,,¼’†’¬,,https://logoform.jp/form/AcMw/kdmtlightreport
352071,,kdmtscl01463,16077-107,,,–Lˆä,33.98959861,131.8670925,¢ŠE‘ª’nŒn,,F•@,,https://logoform.jp/form/AcMw/kdmtlightreport
352071,,kdmtscl01464,18076-103,,,‰Ô‰ª,34.04186722,131.8862667,¢ŠE‘ª’nŒn,,¼‘º,,https://logoform.jp/form/AcMw/kdmtlightreport
352071,,kdmtscl01465,18050-110,,,‹v•Û,34.01353111,131.9111083,¢ŠE‘ª’nŒn,,‰Í“àã,,https://logoform.jp/form/AcMw/kdmtlightreport
352071,,kdmtscl01466,15101-102,,,‰Ô‰ª,34.03679944,131.8863942,¢ŠE‘ª’nŒn,,‘å‰¤,,https://logoform.jp/form/AcMw/kdmtlightreport
352071,,kdmtscl01467,18074-115,,,‹v•Û,34.02959528,131.9065086,¢ŠE‘ª’nŒn,,‹v•Ûs,,https://logoform.jp/form/AcMw/kdmtlightreport
352071,,kdmtscl01468,18090-105,,,––•,34.02502306,131.8585075,¢ŠE‘ª’nŒn,,‚Ğ‚ç‚½–]’¬“Œ,,https://logoform.jp/form/AcMw/kdmtlightreport
352071,,kdmtscl01469,18027-114,,,’†‘º,34.02191056,131.8504569,¢ŠE‘ª’nŒn,,“ì—Í,,https://logoform.jp/form/AcMw/kdmtlightreport
352071,,kdmtscl01470,18079-113,,,’†‘º,34.0323,131.8521214,¢ŠE‘ª’nŒn,,˜a“c,,https://logoform.jp/form/AcMw/kdmtlightreport
352071,,kdmtscl01471,18067-116,,,‹v•Û,34.02792306,131.9235722,¢ŠE‘ª’nŒn,,“Œ˜a,,https://logoform.jp/form/AcMw/kdmtlightreport
352071,,kdmtscl01472,18122-101,,,‰º¼,34.01509139,131.8728247,¢ŠE‘ª’nŒn,,“s’¬,,https://logoform.jp/form/AcMw/kdmtlightreport
352071,,kdmtscl01473,18051-106,,,‹v•Û,34.02468639,131.9171461,¢ŠE‘ª’nŒn,,’†ƒm”—,,https://logoform.jp/form/AcMw/kdmtlightreport
352071,,kdmtscl01474,17017-104,,,‰º¼,34.01067222,131.8681817,¢ŠE‘ª’nŒn,,‰º‰h’¬,,https://logoform.jp/form/AcMw/kdmtlightreport
352071,,kdmtscl01475,18126-106,,,‹v•Û,34.04100222,131.9225444,¢ŠE‘ª’nŒn,,ØR˜A‡,,https://logoform.jp/form/AcMw/kdmtlightreport
352071,,kdmtscl01476,18126-122,,,‹v•Û,34.03466083,131.9216711,¢ŠE‘ª’nŒn,,ØR˜A‡,,https://logoform.jp/form/AcMw/kdmtlightreport
352071,,kdmtscl01477,18096-105,,,‰º¼,34.00901139,131.8623206,¢ŠE‘ª’nŒn,,‚»’¬¼,,https://logoform.jp/form/AcMw/kdmtlightreport
352071,,kdmtscl01478,18096-106,,,‰º¼,34.00846056,131.8620647,¢ŠE‘ª’nŒn,,‚»’¬¼,,https://logoform.jp/form/AcMw/kdmtlightreport
352071,,kdmtscl01479,18086-102,,,‰Ô‰ª,34.04166861,131.8803819,¢ŠE‘ª’nŒn,,ã@,,https://logoform.jp/form/AcMw/kdmtlightreport
352071,,kdmtscl01480,18015-119,,,‹v•Û,34.02683333,131.9178692,¢ŠE‘ª’nŒn,,“R’¬,,https://logoform.jp/form/AcMw/kdmtlightreport
352071,,kdmtscl01481,18015-103,,,‹v•Û,34.02870639,131.916085,¢ŠE‘ª’nŒn,,“R’¬,,https://logoform.jp/form/AcMw/kdmtlightreport
352071,,kdmtscl01482,18043-101,,,•Äì,34.10403139,131.8850019,¢ŠE‘ª’nŒn,,Ô’J,,https://logoform.jp/form/AcMw/kdmtlightreport
352071,,kdmtscl01483,18121-104,,,‰Ô‰ª,34.03191194,131.8708708,¢ŠE‘ª’nŒn,,íX“ì,,https://logoform.jp/form/AcMw/kdmtlightreport
352071,,kdmtscl01484,18109-105,,,‰Ô‰ª,34.04033417,131.8904125,¢ŠE‘ª’nŒn,,‹{–{,,https://logoform.jp/form/AcMw/kdmtlightreport
352071,,kdmtscl01485,18109-102,,,‰Ô‰ª,34.04250306,131.8923386,¢ŠE‘ª’nŒn,,‹{–{,,https://logoform.jp/form/AcMw/kdmtlightreport
352071,,kdmtscl01486,18036-105,,,‰Ô‰ª,34.03693139,131.8616939,¢ŠE‘ª’nŒn,,ãLÎ,,https://logoform.jp/form/AcMw/kdmtlightreport
352071,,kdmtscl01487,18012-114,,,‹v•Û,34.03330972,131.9144942,¢ŠE‘ª’nŒn,,“Œ—z‚V’š–Ú,,https://logoform.jp/form/AcMw/kdmtlightreport
352071,,kdmtscl01488,18034-108,,,––•,34.02637333,131.8618917,¢ŠE‘ª’nŒn,,‚Ğ‚ç‚½”ü—¢,,https://logoform.jp/form/AcMw/kdmtlightreport
352071,,kdmtscl01489,18078-102,,,–Lˆä,33.99646028,131.878995,¢ŠE‘ª’nŒn,,ã—öƒ–•l,,https://logoform.jp/form/AcMw/kdmtlightreport
352071,,kdmtscl01490,18082-105,,,‰Ô‰ª,34.04178472,131.8689869,¢ŠE‘ª’nŒn,,ã’n,,https://logoform.jp/form/AcMw/kdmtlightreport
352071,,kdmtscl01491,18082-117,,,‰Ô‰ª,34.04112694,131.8694169,¢ŠE‘ª’nŒn,,ã’n,,https://logoform.jp/form/AcMw/kdmtlightreport
352071,,kdmtscl01492,18116-107,,,‰º¼,34.01124806,131.8686528,¢ŠE‘ª’nŒn,,‰º‰h’¬,,https://logoform.jp/form/AcMw/kdmtlightreport
352071,,kdmtscl01493,L2011-100                                                                                                                                                                                                                         ,,,‰º¼,34.01319194,131.8616544,¢ŠE‘ª’nŒn,,’†“‡’¬,,https://logoform.jp/form/AcMw/kdmtlightreport
352071,,kdmtscl01494,17003-101,,,‰Ô‰ª,34.0349075,131.86873,¢ŠE‘ª’nŒn,,¬˜HŒû,,https://logoform.jp/form/AcMw/kdmtlightreport
352071,,kdmtscl01495,18137-108,,,[‰Y,33.94630833,131.8257239,¢ŠE‘ª’nŒn,,[‰Y,,https://logoform.jp/form/AcMw/kdmtlightreport
352071,,kdmtscl01496,17092-105,,,‰Ô‰ª,34.03354361,131.8678239,¢ŠE‘ª’nŒn,,¼íX,,https://logoform.jp/form/AcMw/kdmtlightreport
352071,,kdmtscl01497,18040-111,,,‰Ô‰ª,34.03514417,131.8619731,¢ŠE‘ª’nŒn,,‰ºLÎ,,https://logoform.jp/form/AcMw/kdmtlightreport
352071,,kdmtscl01498,18071-104,,,––•,34.01896389,131.8461356,¢ŠE‘ª’nŒn,,¼ŠJì,,https://logoform.jp/form/AcMw/kdmtlightreport
352071,,kdmtscl01499,18057-109,,,‰Ô‰ª,34.0363475,131.8675347,¢ŠE‘ª’nŒn,,‰Ô‰ª¼’¬,,https://logoform.jp/form/AcMw/kdmtlightreport
352071,,kdmtscl01500,17114-101,,,’†‘º,34.02617444,131.84233,¢ŠE‘ª’nŒn,,’©“ú‘ä,,https://logoform.jp/form/AcMw/kdmtlightreport
352071,,kdmtscl01501,15034-101,,,‰º¼,34.00893139,131.8617761,¢ŠE‘ª’nŒn,,‚»’¬¼,,https://logoform.jp/form/AcMw/kdmtlightreport
352071,,kdmtscl01502,18096-101,,,‰º¼,34.01087861,131.8621444,¢ŠE‘ª’nŒn,,‚»’¬¼,,https://logoform.jp/form/AcMw/kdmtlightreport
352071,,kdmtscl01503,18096-102,,,‰º¼,34.01052056,131.8627297,¢ŠE‘ª’nŒn,,‚»’¬¼,,https://logoform.jp/form/AcMw/kdmtlightreport
352071,,kdmtscl01504,18076-108,,,‰Ô‰ª,34.04061833,131.8858256,¢ŠE‘ª’nŒn,,¼‘º,,https://logoform.jp/form/AcMw/kdmtlightreport
352071,,kdmtscl01505,18086-104,,,‰Ô‰ª,34.04188472,131.8812372,¢ŠE‘ª’nŒn,,ã@,,https://logoform.jp/form/AcMw/kdmtlightreport
352071,,kdmtscl01506,18015-104,,,‹v•Û,34.02862861,131.91649,¢ŠE‘ª’nŒn,,“R’¬,,https://logoform.jp/form/AcMw/kdmtlightreport
352071,,kdmtscl01507,18015-111,,,‹v•Û,34.02651917,131.9177392,¢ŠE‘ª’nŒn,,“R’¬,,https://logoform.jp/form/AcMw/kdmtlightreport
352071,,kdmtscl01508,18092-101,,,‰Ô‰ª,34.04136861,131.8793775,¢ŠE‘ª’nŒn,,¼@,,https://logoform.jp/form/AcMw/kdmtlightreport
352071,,kdmtscl01509,18092-102,,,‰Ô‰ª,34.04086306,131.8791575,¢ŠE‘ª’nŒn,,¼@,,https://logoform.jp/form/AcMw/kdmtlightreport
352071,,kdmtscl01510,18092-105,,,‰Ô‰ª,34.04009139,131.8804811,¢ŠE‘ª’nŒn,,¼@,,https://logoform.jp/form/AcMw/kdmtlightreport
352071,,kdmtscl01511,18092-107,,,‰Ô‰ª,34.03974333,131.8804647,¢ŠE‘ª’nŒn,,¼@,,https://logoform.jp/form/AcMw/kdmtlightreport
352071,,kdmtscl01512,‚k200700214,,,‰Ô‰ª,34.03603278,131.8623456,¢ŠE‘ª’nŒn,,ãLÎ,,https://logoform.jp/form/AcMw/kdmtlightreport
352071,,kdmtscl01513,18036-104,,,‰Ô‰ª,34.03664167,131.8610842,¢ŠE‘ª’nŒn,,ãLÎ,,https://logoform.jp/form/AcMw/kdmtlightreport
352071,,kdmtscl01514,18036-103,,,‰Ô‰ª,34.03702806,131.8610478,¢ŠE‘ª’nŒn,,ãLÎ,,https://logoform.jp/form/AcMw/kdmtlightreport
352071,,kdmtscl01515,18109-103,,,‰Ô‰ª,34.04108167,131.8904911,¢ŠE‘ª’nŒn,,‹{–{,,https://logoform.jp/form/AcMw/kdmtlightreport
352071,,kdmtscl01516,18109-106,,,‰Ô‰ª,34.03993472,131.8900953,¢ŠE‘ª’nŒn,,‹{–{,,https://logoform.jp/form/AcMw/kdmtlightreport
352071,,kdmtscl01517,18097-103,,,‹v•Û,34.02017,131.8870172,¢ŠE‘ª’nŒn,,’J’†ŒËŒ´,,https://logoform.jp/form/AcMw/kdmtlightreport
352071,,kdmtscl01518,18101-102,,,––•,34.02317361,131.8546325,¢ŠE‘ª’nŒn,,‚Ğ‚ç‚½•ä,,https://logoform.jp/form/AcMw/kdmtlightreport
352071,,kdmtscl01519,18124-116,,,‹v•Û,34.034855,131.9108872,¢ŠE‘ª’nŒn,,“Œ—z‚Q’š–Ú,,https://logoform.jp/form/AcMw/kdmtlightreport
352071,,kdmtscl01520,18093-103,,,–Lˆä,33.98971111,131.8677389,¢ŠE‘ª’nŒn,,F•@,,https://logoform.jp/form/AcMw/kdmtlightreport
352071,,kdmtscl01521,16077-105,,,–Lˆä,33.98956222,131.8673761,¢ŠE‘ª’nŒn,,F•@,,https://logoform.jp/form/AcMw/kdmtlightreport
352071,,kdmtscl01522,18093-102,,,–Lˆä,33.98993278,131.8666953,¢ŠE‘ª’nŒn,,F•@,,https://logoform.jp/form/AcMw/kdmtlightreport
352071,,kdmtscl01523,16077-109,,,–Lˆä,33.98960528,131.8660478,¢ŠE‘ª’nŒn,,F•@,,https://logoform.jp/form/AcMw/kdmtlightreport
352071,,kdmtscl01524,18081-103,,,––•,34.01665389,131.8528028,¢ŠE‘ª’nŒn,,“ŒŠJì,,https://logoform.jp/form/AcMw/kdmtlightreport
352071,,kdmtscl01525,18024-119,,,‰Ô‰ª,34.03857083,131.8859131,¢ŠE‘ª’nŒn,,“Œ–œƒm–Ø,,https://logoform.jp/form/AcMw/kdmtlightreport
352071,,kdmtscl01526,17054-101,,,‹v•Û,34.03253278,131.9157875,¢ŠE‘ª’nŒn,,“Œ—z‚T’š–Ú,,https://logoform.jp/form/AcMw/kdmtlightreport
352071,,kdmtscl01527,13091-102,,,•Äì,34.07099444,131.9228539,¢ŠE‘ª’nŒn,,‘å“¡’J,,https://logoform.jp/form/AcMw/kdmtlightreport
352071,,kdmtscl01528,18112-121,,,‹v•Û,34.0447675,131.9107494,¢ŠE‘ª’nŒn,,R“c˜A‡,,https://logoform.jp/form/AcMw/kdmtlightreport
352071,,kdmtscl01529,18075-109,,,––•,34.02385389,131.8612217,¢ŠE‘ª’nŒn,,•½“c“Œ,,https://logoform.jp/form/AcMw/kdmtlightreport
352071,,kdmtscl01530,18051-102,,,‹v•Û,34.0255175,131.9164031,¢ŠE‘ª’nŒn,,’†ƒm”—,,https://logoform.jp/form/AcMw/kdmtlightreport
352071,,kdmtscl01531,18082-116,,,‰Ô‰ª,34.04236278,131.8691331,¢ŠE‘ª’nŒn,,ã’n,,https://logoform.jp/form/AcMw/kdmtlightreport
352071,,kdmtscl01532,17079-103,,,‹v•Û,34.02061556,131.9282733,¢ŠE‘ª’nŒn,,‰œ”—‰º,,https://logoform.jp/form/AcMw/kdmtlightreport
352071,,kdmtscl01533,17089-109,,,‰Ô‰ª,34.04076639,131.8781578,¢ŠE‘ª’nŒn,,@,,https://logoform.jp/form/AcMw/kdmtlightreport
352071,,kdmtscl01534,17089-110,,,‰Ô‰ª,34.03759,131.8780414,¢ŠE‘ª’nŒn,,@,,https://logoform.jp/form/AcMw/kdmtlightreport
352071,,kdmtscl01535,18076-114,,,‰Ô‰ª,34.04127722,131.8891839,¢ŠE‘ª’nŒn,,¼‘º,,https://logoform.jp/form/AcMw/kdmtlightreport
352071,,kdmtscl01536,17085-108,,,––•,34.02439028,131.8688961,¢ŠE‘ª’nŒn,,“¡Œõ‰º,,https://logoform.jp/form/AcMw/kdmtlightreport
352071,,kdmtscl01537,17085-109,,,––•,34.02449917,131.8694247,¢ŠE‘ª’nŒn,,“¡Œõ‰º,,https://logoform.jp/form/AcMw/kdmtlightreport
352071,,kdmtscl01538,18058-103,,,•Äì,34.07386278,131.9161831,¢ŠE‘ª’nŒn,,‘å“¡’J,,https://logoform.jp/form/AcMw/kdmtlightreport
352071,,kdmtscl01539,L2011-055,,,•Äì,34.07342472,131.9165581,¢ŠE‘ª’nŒn,,‘å“¡’J,,https://logoform.jp/form/AcMw/kdmtlightreport
352071,,kdmtscl01540,18061-105,,,––•,34.01652861,131.8557453,¢ŠE‘ª’nŒn,,‘åŠC’¬“Œ,,https://logoform.jp/form/AcMw/kdmtlightreport
352071,,kdmtscl01541,18087-105,,,‰Ô‰ª,34.03194694,131.8625078,¢ŠE‘ª’nŒn,,“Œ’†‘º,,https://logoform.jp/form/AcMw/kdmtlightreport
352071,,kdmtscl01542,18068-103,,,’†‘º,34.02998389,131.8563786,¢ŠE‘ª’nŒn,,¼‰ÍŒ´“Œ,,https://logoform.jp/form/AcMw/kdmtlightreport
352071,,kdmtscl01543,18130-104,,,‰º¼,34.0211075,131.8741467,¢ŠE‘ª’nŒn,,éR’¬,,https://logoform.jp/form/AcMw/kdmtlightreport
352071,,kdmtscl01544,18130-101,,,‰º¼,34.02155139,131.8735706,¢ŠE‘ª’nŒn,,éR’¬,,https://logoform.jp/form/AcMw/kdmtlightreport
352071,,kdmtscl01545,18130-102,,,‰º¼,34.02119111,131.8735542,¢ŠE‘ª’nŒn,,éR’¬,,https://logoform.jp/form/AcMw/kdmtlightreport
352071,,kdmtscl01546,18023-106,,,––•,34.0165425,131.8614308,¢ŠE‘ª’nŒn,,¼’†’¬,,https://logoform.jp/form/AcMw/kdmtlightreport
352071,,kdmtscl01547,17097-103,,,‰Ô‰ª,34.03889972,131.8691158,¢ŠE‘ª’nŒn,,‰Ô‰ª¼’¬,,https://logoform.jp/form/AcMw/kdmtlightreport
352071,,kdmtscl01548,18078-101,,,–Lˆä,33.99678139,131.8788664,¢ŠE‘ª’nŒn,,ã—öƒ–•l,,https://logoform.jp/form/AcMw/kdmtlightreport
352071,,kdmtscl01549,18106-101,,,‰º¼,34.0101525,131.8680375,¢ŠE‘ª’nŒn,,–k“l’¬,,https://logoform.jp/form/AcMw/kdmtlightreport
352071,,kdmtscl01550,18062-101,,,‹v•Û,34.02269333,131.8916675,¢ŠE‘ª’nŒn,,o‡,,https://logoform.jp/form/AcMw/kdmtlightreport
352071,,kdmtscl01551,18062-107,,,‹v•Û,34.02176639,131.8945061,¢ŠE‘ª’nŒn,,o‡,,https://logoform.jp/form/AcMw/kdmtlightreport
352071,,kdmtscl01552,18079-102,,,’†‘º,34.03270472,131.8511617,¢ŠE‘ª’nŒn,,˜a“c,,https://logoform.jp/form/AcMw/kdmtlightreport
352071,,kdmtscl01553,18129-118,,,‰º¼,34.01600611,131.8786828,¢ŠE‘ª’nŒn,,º˜a’Ê‚èã,,https://logoform.jp/form/AcMw/kdmtlightreport
352071,,kdmtscl01554,18129-119,,,‰º¼,34.01588972,131.8789903,¢ŠE‘ª’nŒn,,º˜a’Ê‚èã,,https://logoform.jp/form/AcMw/kdmtlightreport
352071,,kdmtscl01555,18051-107,,,‹v•Û,34.01960472,131.9180867,¢ŠE‘ª’nŒn,,’†ƒm”—,,https://logoform.jp/form/AcMw/kdmtlightreport
352071,,kdmtscl01556,18046-105,,,‹v•Û,34.0338375,131.9145453,¢ŠE‘ª’nŒn,,“Œ—z‚S’š–Ú,,https://logoform.jp/form/AcMw/kdmtlightreport
352071,,kdmtscl01557,18036-102,,,‰Ô‰ª,34.03655333,131.8607353,¢ŠE‘ª’nŒn,,ãLÎ,,https://logoform.jp/form/AcMw/kdmtlightreport
352071,,kdmtscl01558,18036-101,,,‰Ô‰ª,34.03633056,131.8602967,¢ŠE‘ª’nŒn,,ãLÎ,,https://logoform.jp/form/AcMw/kdmtlightreport
352071,,kdmtscl01559,18036-112,,,‰Ô‰ª,34.0346875,131.8625192,¢ŠE‘ª’nŒn,,ãLÎ,,https://logoform.jp/form/AcMw/kdmtlightreport
352071,,kdmtscl01560,‚k200801804,,,‰Ô‰ª,34.03512583,131.8630269,¢ŠE‘ª’nŒn,,ãLÎ,,https://logoform.jp/form/AcMw/kdmtlightreport
352071,,kdmtscl01561,‚k200801805,,,‰Ô‰ª,34.03495778,131.8638289,¢ŠE‘ª’nŒn,,ãLÎ,,https://logoform.jp/form/AcMw/kdmtlightreport
352071,,kdmtscl01562,L200801901,,,‹v•Û,34.02969472,131.8983967,¢ŠE‘ª’nŒn,,‹v•Ûs,,https://logoform.jp/form/AcMw/kdmtlightreport
352071,,kdmtscl01563,18057-111,,,‰Ô‰ª,34.03908056,131.8690783,¢ŠE‘ª’nŒn,,‰Ô‰ª¼’¬,,https://logoform.jp/form/AcMw/kdmtlightreport
352071,,kdmtscl01564,L2011-109,,,‰º¼,34.01046167,131.8725172,¢ŠE‘ª’nŒn,,K’¬,,https://logoform.jp/form/AcMw/kdmtlightreport
352071,,kdmtscl01565,18064-132,,,‰º¼,34.00730667,131.8719425,¢ŠE‘ª’nŒn,,ŒÃì’¬,,https://logoform.jp/form/AcMw/kdmtlightreport
352071,,kdmtscl01566,18064-131,,,‰º¼,34.00704472,131.8721325,¢ŠE‘ª’nŒn,,ŒÃì’¬,,https://logoform.jp/form/AcMw/kdmtlightreport
352071,,kdmtscl01567,18064-101,,,‰º¼,34.00858611,131.8686689,¢ŠE‘ª’nŒn,,ŒÃì’¬,,https://logoform.jp/form/AcMw/kdmtlightreport
352071,,kdmtscl01568,18064-102,,,‰º¼,34.00826833,131.8688936,¢ŠE‘ª’nŒn,,ŒÃì’¬,,https://logoform.jp/form/AcMw/kdmtlightreport
352071,,kdmtscl01569,18064-103,,,‰º¼,34.00802667,131.8690728,¢ŠE‘ª’nŒn,,ŒÃì’¬,,https://logoform.jp/form/AcMw/kdmtlightreport
352071,,kdmtscl01570,14078-103,,,‰º¼,34.01208139,131.8726069,¢ŠE‘ª’nŒn,,“s’¬,,https://logoform.jp/form/AcMw/kdmtlightreport
352071,,kdmtscl01571,18122-108,,,‰º¼,34.01229417,131.8727197,¢ŠE‘ª’nŒn,,“s’¬,,https://logoform.jp/form/AcMw/kdmtlightreport
352071,,kdmtscl01572,18079-104,,,’†‘º,34.0332725,131.8496642,¢ŠE‘ª’nŒn,,˜a“c,,https://logoform.jp/form/AcMw/kdmtlightreport
352071,,kdmtscl01573,LB068-003,,,‰º¼,34.01753611,131.8714819,¢ŠE‘ª’nŒn,,ƒ~[ƒeƒBƒA÷’¬,,https://logoform.jp/form/AcMw/kdmtlightreport
352071,,kdmtscl01574,18124-128,,,‹v•Û,34.03684667,131.9100369,¢ŠE‘ª’nŒn,,“Œ—z‚Q’š–Ú,,https://logoform.jp/form/AcMw/kdmtlightreport
352071,,kdmtscl01575,L2011-027,,,––•,34.01641306,131.8541678,¢ŠE‘ª’nŒn,,“ŒŠJì,,https://logoform.jp/form/AcMw/kdmtlightreport
352071,,kdmtscl01576,18081-108,,,––•,34.01599472,131.8544092,¢ŠE‘ª’nŒn,,“ŒŠJì,,https://logoform.jp/form/AcMw/kdmtlightreport
352071,,kdmtscl01577,18021-101,,,‰º¼,34.00696778,131.8673244,¢ŠE‘ª’nŒn,,V’¬,,https://logoform.jp/form/AcMw/kdmtlightreport
352071,,kdmtscl01578,17121-101,,,‰º¼,34.00628694,131.8688364,¢ŠE‘ª’nŒn,,Z‹g’¬,,https://logoform.jp/form/AcMw/kdmtlightreport
352071,,kdmtscl01579,18074-106,,,‹v•Û,34.02693361,131.8984333,¢ŠE‘ª’nŒn,,‹v•Ûs,,https://logoform.jp/form/AcMw/kdmtlightreport
352071,,kdmtscl01580,18074-105,,,‹v•Û,34.02722472,131.8983294,¢ŠE‘ª’nŒn,,‹v•Ûs,,https://logoform.jp/form/AcMw/kdmtlightreport
352071,,kdmtscl01581,L200803201,,,‰Ô‰ª,34.03892833,131.8847819,¢ŠE‘ª’nŒn,,“Œ–œƒm–Ø,,https://logoform.jp/form/AcMw/kdmtlightreport
352071,,kdmtscl01582,18024-110,,,‰Ô‰ª,34.03957056,131.8851333,¢ŠE‘ª’nŒn,,“Œ–œƒm–Ø,,https://logoform.jp/form/AcMw/kdmtlightreport
352071,,kdmtscl01583,18024-113,,,‰Ô‰ª,34.04031833,131.8855019,¢ŠE‘ª’nŒn,,“Œ–œƒm–Ø,,https://logoform.jp/form/AcMw/kdmtlightreport
352071,,kdmtscl01584,L2011-028,,,‰Ô‰ª,34.04022361,131.8859319,¢ŠE‘ª’nŒn,,“Œ–œƒm–Ø,,https://logoform.jp/form/AcMw/kdmtlightreport
352071,,kdmtscl01585,18024-117,,,‰Ô‰ª,34.04010417,131.8858919,¢ŠE‘ª’nŒn,,“Œ–œƒm–Ø,,https://logoform.jp/form/AcMw/kdmtlightreport
352071,,kdmtscl01586,18024-114,,,‰Ô‰ª,34.03960611,131.8855319,¢ŠE‘ª’nŒn,,“Œ–œƒm–Ø,,https://logoform.jp/form/AcMw/kdmtlightreport
352071,,kdmtscl01587,18084-106,,,––•,34.02353444,131.8650828,¢ŠE‘ª’nŒn,,”öK,,https://logoform.jp/form/AcMw/kdmtlightreport
352071,,kdmtscl01588,18017-104,,,––•,34.02093472,131.8514606,¢ŠE‘ª’nŒn,,‘åŠC’¬¼,,https://logoform.jp/form/AcMw/kdmtlightreport
352071,,kdmtscl01589,18064-125,,,‰º¼,34.00664972,131.8713536,¢ŠE‘ª’nŒn,,ŒÃì’¬,,https://logoform.jp/form/AcMw/kdmtlightreport
352071,,kdmtscl01590,18064-104,,,‰º¼,34.00867889,131.8692511,¢ŠE‘ª’nŒn,,ŒÃì’¬,,https://logoform.jp/form/AcMw/kdmtlightreport
352071,,kdmtscl01591,18064-116,,,‰º¼,34.00730056,131.8703161,¢ŠE‘ª’nŒn,,ŒÃì’¬,,https://logoform.jp/form/AcMw/kdmtlightreport
352071,,kdmtscl01592,18064-111,,,‰º¼,34.00762361,131.8700764,¢ŠE‘ª’nŒn,,ŒÃì’¬,,https://logoform.jp/form/AcMw/kdmtlightreport
352071,,kdmtscl01593,L2011-003,,,‰º¼,34.00817417,131.8696425,¢ŠE‘ª’nŒn,,ŒÃì’¬,,https://logoform.jp/form/AcMw/kdmtlightreport
352071,,kdmtscl01594,18064-123,,,‰º¼,34.00728861,131.8709114,¢ŠE‘ª’nŒn,,ŒÃì’¬,,https://logoform.jp/form/AcMw/kdmtlightreport
352071,,kdmtscl01595,17029-110,,,‰º¼,34.02204806,131.8826175,¢ŠE‘ª’nŒn,,á‹{’¬,,https://logoform.jp/form/AcMw/kdmtlightreport
352071,,kdmtscl01596,18024-109,,,‰Ô‰ª,34.04030417,131.8850819,¢ŠE‘ª’nŒn,,“Œ–œƒm–Ø,,https://logoform.jp/form/AcMw/kdmtlightreport
352071,,kdmtscl01597,L2011-002,,,‰Ô‰ª,34.0400825,131.8850831,¢ŠE‘ª’nŒn,,“Œ–œƒm–Ø,,https://logoform.jp/form/AcMw/kdmtlightreport
352071,,kdmtscl01598,L2011-023,,,‰Ô‰ª,34.04006194,131.8846758,¢ŠE‘ª’nŒn,,“Œ–œƒm–Ø,,https://logoform.jp/form/AcMw/kdmtlightreport
352071,,kdmtscl01599,18024-101,,,‰Ô‰ª,34.04028306,131.8843417,¢ŠE‘ª’nŒn,,“Œ–œƒm–Ø,,https://logoform.jp/form/AcMw/kdmtlightreport
352071,,kdmtscl01600,18089-104,,,‰Ô‰ª,34.03790583,131.8878581,¢ŠE‘ª’nŒn,,‘å‰¤,,https://logoform.jp/form/AcMw/kdmtlightreport
352071,,kdmtscl01601,18089-106,,,‰Ô‰ª,34.03710778,131.8869506,¢ŠE‘ª’nŒn,,‘å‰¤,,https://logoform.jp/form/AcMw/kdmtlightreport
352071,,kdmtscl01602,17093-101,,,‰º¼,34.01851778,131.8740753,¢ŠE‘ª’nŒn,,–@˜@›,,https://logoform.jp/form/AcMw/kdmtlightreport
352071,,kdmtscl01603,18064-128,,,‰º¼,34.00653611,131.8719458,¢ŠE‘ª’nŒn,,ŒÃì’¬,,https://logoform.jp/form/AcMw/kdmtlightreport
352071,,kdmtscl01604,18064-126,,,‰º¼,34.00716083,131.8714808,¢ŠE‘ª’nŒn,,ŒÃì’¬,,https://logoform.jp/form/AcMw/kdmtlightreport
352071,,kdmtscl01605,18064-106,,,‰º¼,34.00869444,131.8697025,¢ŠE‘ª’nŒn,,ŒÃì’¬,,https://logoform.jp/form/AcMw/kdmtlightreport
352071,,kdmtscl01606,18064-109,,,‰º¼,34.007795,131.8705297,¢ŠE‘ª’nŒn,,ŒÃì’¬,,https://logoform.jp/form/AcMw/kdmtlightreport
352071,,kdmtscl01607,18064-127,,,‰º¼,34.00680806,131.8717386,¢ŠE‘ª’nŒn,,ŒÃì’¬,,https://logoform.jp/form/AcMw/kdmtlightreport
352071,,kdmtscl01608,18064-124,,,‰º¼,34.00698583,131.8711347,¢ŠE‘ª’nŒn,,ŒÃì’¬,,https://logoform.jp/form/AcMw/kdmtlightreport
352071,,kdmtscl01609,18064-110,,,‰º¼,34.00764167,131.8706275,¢ŠE‘ª’nŒn,,ŒÃì’¬,,https://logoform.jp/form/AcMw/kdmtlightreport
352071,,kdmtscl01610,18064-108,,,‰º¼,34.00800944,131.8703636,¢ŠE‘ª’nŒn,,ŒÃì’¬,,https://logoform.jp/form/AcMw/kdmtlightreport
352071,,kdmtscl01611,18064-112,,,‰º¼,34.00747417,131.8697964,¢ŠE‘ª’nŒn,,ŒÃì’¬,,https://logoform.jp/form/AcMw/kdmtlightreport
352071,,kdmtscl01612,L2011-009,,,‰º¼,34.00620194,131.8710814,¢ŠE‘ª’nŒn,,ŒÃì’¬,,https://logoform.jp/form/AcMw/kdmtlightreport
352071,,kdmtscl01613,L200804201,,,‰Ô‰ª,34.03984833,131.8843656,¢ŠE‘ª’nŒn,,“Œ–œƒm–Ø,,https://logoform.jp/form/AcMw/kdmtlightreport
352071,,kdmtscl01614,18024-104,,,‰Ô‰ª,34.03942861,131.8843656,¢ŠE‘ª’nŒn,,“Œ–œƒm–Ø,,https://logoform.jp/form/AcMw/kdmtlightreport
352071,,kdmtscl01615,18024-105,,,‰Ô‰ª,34.03907417,131.8843333,¢ŠE‘ª’nŒn,,“Œ–œƒm–Ø,,https://logoform.jp/form/AcMw/kdmtlightreport
352071,,kdmtscl01616,L200804204,,,‰Ô‰ª,34.03866028,131.8841856,¢ŠE‘ª’nŒn,,“Œ–œƒm–Ø,,https://logoform.jp/form/AcMw/kdmtlightreport
352071,,kdmtscl01617,18112-118,,,‹v•Û,34.04803861,131.9131814,¢ŠE‘ª’nŒn,,R“c˜A‡,,https://logoform.jp/form/AcMw/kdmtlightreport
352071,,kdmtscl01618,18112-104,,,‹v•Û,34.04719333,131.9063436,¢ŠE‘ª’nŒn,,R“c˜A‡,,https://logoform.jp/form/AcMw/kdmtlightreport
352071,,kdmtscl01619,17041-102,,,‰Ô‰ª,34.03757194,131.8854219,¢ŠE‘ª’nŒn,,ˆ×O,,https://logoform.jp/form/AcMw/kdmtlightreport
352071,,kdmtscl01620,18067-111,,,‹v•Û,34.02829667,131.9257697,¢ŠE‘ª’nŒn,,“Œ˜a,,https://logoform.jp/form/AcMw/kdmtlightreport
352071,,kdmtscl01621,18064-129,,,‰º¼,34.00660111,131.8721947,¢ŠE‘ª’nŒn,,ŒÃì’¬,,https://logoform.jp/form/AcMw/kdmtlightreport
352071,,kdmtscl01622,18064-130,,,‰º¼,34.00673694,131.8724239,¢ŠE‘ª’nŒn,,ŒÃì’¬,,https://logoform.jp/form/AcMw/kdmtlightreport
352071,,kdmtscl01623,18012-106,,,‹v•Û,34.03425611,131.9139606,¢ŠE‘ª’nŒn,,“Œ—z‚V’š–Ú,,https://logoform.jp/form/AcMw/kdmtlightreport
352071,,kdmtscl01624,18133-108,,,–Lˆä,34.00165389,131.8756358,¢ŠE‘ª’nŒn,,–Lˆä,,https://logoform.jp/form/AcMw/kdmtlightreport
352071,,kdmtscl01625,18024-118,,,‰Ô‰ª,34.03911833,131.8860281,¢ŠE‘ª’nŒn,,“Œ–œƒm–Ø,,https://logoform.jp/form/AcMw/kdmtlightreport
352071,,kdmtscl01626,18024-115,,,‰Ô‰ª,34.03909806,131.8855122,¢ŠE‘ª’nŒn,,“Œ–œƒm–Ø,,https://logoform.jp/form/AcMw/kdmtlightreport
352071,,kdmtscl01627,L200804903,,,‰Ô‰ª,34.03879833,131.8855308,¢ŠE‘ª’nŒn,,“Œ–œƒm–Ø,,https://logoform.jp/form/AcMw/kdmtlightreport
352071,,kdmtscl01628,18024-111,,,‰Ô‰ª,34.03885583,131.8851694,¢ŠE‘ª’nŒn,,“Œ–œƒm–Ø,,https://logoform.jp/form/AcMw/kdmtlightreport
352071,,kdmtscl01629,16019-101,,,’†‘º,34.0304025,131.8486853,¢ŠE‘ª’nŒn,,‰º˜a“c,,https://logoform.jp/form/AcMw/kdmtlightreport
352071,,kdmtscl01630,L2011-091,,,’†‘º,34.02967472,131.8492633,¢ŠE‘ª’nŒn,,‰º˜a“c,,https://logoform.jp/form/AcMw/kdmtlightreport
352071,,kdmtscl01631,18039-102,,,’†‘º,34.03004167,131.8503467,¢ŠE‘ª’nŒn,,‰º˜a“c,,https://logoform.jp/form/AcMw/kdmtlightreport
352071,,kdmtscl01632,18039-103,,,’†‘º,34.03036833,131.8512692,¢ŠE‘ª’nŒn,,‰º˜a“c,,https://logoform.jp/form/AcMw/kdmtlightreport
352071,,kdmtscl01633,18061-108,,,––•,34.01637222,131.8564822,¢ŠE‘ª’nŒn,,‘åŠC’¬“Œ,,https://logoform.jp/form/AcMw/kdmtlightreport
352071,,kdmtscl01634,18061-103,,,––•,34.01774389,131.8556922,¢ŠE‘ª’nŒn,,‘åŠC’¬“Œ,,https://logoform.jp/form/AcMw/kdmtlightreport
352071,,kdmtscl01635,18061-104,,,––•,34.01791556,131.8554236,¢ŠE‘ª’nŒn,,‘åŠC’¬“Œ,,https://logoform.jp/form/AcMw/kdmtlightreport
352071,,kdmtscl01636,18076-105,,,‰Ô‰ª,34.04139667,131.8874453,¢ŠE‘ª’nŒn,,¼‘º,,https://logoform.jp/form/AcMw/kdmtlightreport
352071,,kdmtscl01637,18013-113,,,Š}ŒË,33.97804556,131.8669153,¢ŠE‘ª’nŒn,,–{‰Y,,https://logoform.jp/form/AcMw/kdmtlightreport
352071,,kdmtscl01638,18089-108,,,‰Ô‰ª,34.03740917,131.8857181,¢ŠE‘ª’nŒn,,‘å‰¤,,https://logoform.jp/form/AcMw/kdmtlightreport
352071,,kdmtscl01639,18095-104,,,––•,34.01404111,131.8597922,¢ŠE‘ª’nŒn,,¼s“Œ,,https://logoform.jp/form/AcMw/kdmtlightreport
352071,,kdmtscl01640,18042-105,,,‰Ô‰ª,34.03658528,131.8695483,¢ŠE‘ª’nŒn,,‘å•’¬,,https://logoform.jp/form/AcMw/kdmtlightreport
352071,,kdmtscl01641,18084-103,,,––•,34.02458667,131.86601,¢ŠE‘ª’nŒn,,”öK,,https://logoform.jp/form/AcMw/kdmtlightreport
352071,,kdmtscl01642,18084-114,,,––•,34.02139639,131.8684658,¢ŠE‘ª’nŒn,,”öK,,https://logoform.jp/form/AcMw/kdmtlightreport
352071,,kdmtscl01643,17054-103,,,‹v•Û,34.03325361,131.9172517,¢ŠE‘ª’nŒn,,“Œ—z‚T’š–Ú,,https://logoform.jp/form/AcMw/kdmtlightreport
352071,,kdmtscl01644,17054-102,,,‹v•Û,34.033265,131.9169225,¢ŠE‘ª’nŒn,,“Œ—z‚T’š–Ú,,https://logoform.jp/form/AcMw/kdmtlightreport
352071,,kdmtscl01645,18059-103,,,•Äì,34.08863806,131.8832136,¢ŠE‘ª’nŒn,,›‘ò,,https://logoform.jp/form/AcMw/kdmtlightreport
352071,,kdmtscl01646,18047-101,,,•Äì,34.10387528,131.8766533,¢ŠE‘ª’nŒn,,´á,,https://logoform.jp/form/AcMw/kdmtlightreport
352071,,kdmtscl01647,18047-103,,,•Äì,34.10196972,131.8763317,¢ŠE‘ª’nŒn,,´á,,https://logoform.jp/form/AcMw/kdmtlightreport
352071,,kdmtscl01648,18120-101,,,‰Ô‰ª,34.03933333,131.8863142,¢ŠE‘ª’nŒn,,¼‘º’c’n,,https://logoform.jp/form/AcMw/kdmtlightreport
352071,,kdmtscl01649,L2012-101,,,‰º¼,34.00813111,131.8794528,¢ŠE‘ª’nŒn,,Šø‰ª‚S’š–Ú,,https://logoform.jp/form/AcMw/kdmtlightreport
352071,,kdmtscl01650,18017-105,,,––•,34.02005611,131.8509158,¢ŠE‘ª’nŒn,,‘åŠC’¬¼,,https://logoform.jp/form/AcMw/kdmtlightreport
352071,,kdmtscl01651,18017-109,,,––•,34.01977167,131.852835,¢ŠE‘ª’nŒn,,‘åŠC’¬¼,,https://logoform.jp/form/AcMw/kdmtlightreport
352071,,kdmtscl01652,18017-118,,,––•,34.01869694,131.8549464,¢ŠE‘ª’nŒn,,‘åŠC’¬¼,,https://logoform.jp/form/AcMw/kdmtlightreport
352071,,kdmtscl01653,17068-109,,,‰º¼,34.02050556,131.8718431,¢ŠE‘ª’nŒn,,Œõƒ–‹u,,https://logoform.jp/form/AcMw/kdmtlightreport
352071,,kdmtscl01654,18026-108,,,‰Ô‰ª,34.03884583,131.8812086,¢ŠE‘ª’nŒn,,“Œ@,,https://logoform.jp/form/AcMw/kdmtlightreport
352071,,kdmtscl01655,17084-108,,,‰º¼,34.01062472,131.8653053,¢ŠE‘ª’nŒn,,‘Š¶’¬,,https://logoform.jp/form/AcMw/kdmtlightreport
352071,,kdmtscl01656,17084-109,,,‰º¼,34.01105833,131.8649578,¢ŠE‘ª’nŒn,,‘Š¶’¬,,https://logoform.jp/form/AcMw/kdmtlightreport
352071,,kdmtscl01657,18109-107,,,‰Ô‰ª,34.03979972,131.8906403,¢ŠE‘ª’nŒn,,‹{–{,,https://logoform.jp/form/AcMw/kdmtlightreport
352071,,kdmtscl01658,17109-102,,,‰Ô‰ª,34.03687,131.8817761,¢ŠE‘ª’nŒn,,’–‚ÌKE,,https://logoform.jp/form/AcMw/kdmtlightreport
352071,,kdmtscl01659,18125-102,,,‰Ô‰ª,34.03825556,131.8762114,¢ŠE‘ª’nŒn,,’†”ö,,https://logoform.jp/form/AcMw/kdmtlightreport
352071,,kdmtscl01660,18125-101,,,‰Ô‰ª,34.03883306,131.8771775,¢ŠE‘ª’nŒn,,’†”ö,,https://logoform.jp/form/AcMw/kdmtlightreport
352071,,kdmtscl01661,18015-118,,,‹v•Û,34.02694528,131.917895,¢ŠE‘ª’nŒn,,“R’¬,,https://logoform.jp/form/AcMw/kdmtlightreport
352071,,kdmtscl01662,18103-103,,,‰º¼,34.01097111,131.8722483,¢ŠE‘ª’nŒn,,K’¬,,https://logoform.jp/form/AcMw/kdmtlightreport
352071,,kdmtscl01663,18103-110,,,‰º¼,34.00928583,131.8728747,¢ŠE‘ª’nŒn,,K’¬,,https://logoform.jp/form/AcMw/kdmtlightreport
352071,,kdmtscl01664,17096-104,,,‰º¼,34.01725583,131.8726986,¢ŠE‘ª’nŒn,,––Œõ“Œ’c’n,,https://logoform.jp/form/AcMw/kdmtlightreport
352071,,kdmtscl01665,17096-105,,,‰º¼,34.0162725,131.8727361,¢ŠE‘ª’nŒn,,––Œõ“Œ’c’n,,https://logoform.jp/form/AcMw/kdmtlightreport
352071,,kdmtscl01666,17096-106,,,‰º¼,34.01615778,131.8721822,¢ŠE‘ª’nŒn,,––Œõ“Œ’c’n,,https://logoform.jp/form/AcMw/kdmtlightreport
352071,,kdmtscl01667,18005-107,,,‰Ô‰ª,34.03066806,131.8690408,¢ŠE‘ª’nŒn,,‰º‚’Ë,,https://logoform.jp/form/AcMw/kdmtlightreport
352071,,kdmtscl01668,18005-106,,,‰Ô‰ª,34.02975444,131.86775,¢ŠE‘ª’nŒn,,‰º‚’Ë,,https://logoform.jp/form/AcMw/kdmtlightreport
352071,,kdmtscl01669,18014-108,,,‰º¼,34.00552278,131.8770333,¢ŠE‘ª’nŒn,,›”—,,https://logoform.jp/form/AcMw/kdmtlightreport
352071,,kdmtscl01670,18014-109,,,‰º¼,34.00551111,131.8775156,¢ŠE‘ª’nŒn,,›”—,,https://logoform.jp/form/AcMw/kdmtlightreport
352071,,kdmtscl01671,18014-111,,,‰º¼,34.00723306,131.8793089,¢ŠE‘ª’nŒn,,›”—,,https://logoform.jp/form/AcMw/kdmtlightreport
352071,,kdmtscl01672,18030-114,,,‰Ô‰ª,34.03384889,131.8862594,¢ŠE‘ª’nŒn,,’†‘º¼,,https://logoform.jp/form/AcMw/kdmtlightreport
352071,,kdmtscl01673,17037-107,,,[‰Y,33.94738333,131.8339594,¢ŠE‘ª’nŒn,,¬[‰Y,,https://logoform.jp/form/AcMw/kdmtlightreport
352071,,kdmtscl01674,18018-116,,,‰º¼,34.01547583,131.8856058,¢ŠE‘ª’nŒn,,‹gŒ´,,https://logoform.jp/form/AcMw/kdmtlightreport
352071,,kdmtscl01675,18018-108,,,‰º¼,34.01731278,131.8844833,¢ŠE‘ª’nŒn,,‹gŒ´,,https://logoform.jp/form/AcMw/kdmtlightreport
352071,,kdmtscl01676,18018-103,,,‰º¼,34.01868889,131.8826097,¢ŠE‘ª’nŒn,,‹gŒ´,,https://logoform.jp/form/AcMw/kdmtlightreport
352071,,kdmtscl01677,18018-114,,,‰º¼,34.01708333,131.8854458,¢ŠE‘ª’nŒn,,‹gŒ´,,https://logoform.jp/form/AcMw/kdmtlightreport
352071,,kdmtscl01678,18018-107,,,‰º¼,34.01808056,131.8845072,¢ŠE‘ª’nŒn,,‹gŒ´,,https://logoform.jp/form/AcMw/kdmtlightreport
352071,,kdmtscl01679,14094-101,,,’†‘º,34.03569056,131.8532586,¢ŠE‘ª’nŒn,,Rè,,https://logoform.jp/form/AcMw/kdmtlightreport
352071,,kdmtscl01680,18027-105,,,’†‘º,34.0215375,131.8482506,¢ŠE‘ª’nŒn,,“ì—Í,,https://logoform.jp/form/AcMw/kdmtlightreport
352071,,kdmtscl01681,18005-102,,,‰Ô‰ª,34.03264444,131.8666464,¢ŠE‘ª’nŒn,,‰º‚’Ë,,https://logoform.jp/form/AcMw/kdmtlightreport
352071,,kdmtscl01682,18128-103,,,‹v•Û,34.0213225,131.8983994,¢ŠE‘ª’nŒn,,¯‚ª‹u,,https://logoform.jp/form/AcMw/kdmtlightreport
352071,,kdmtscl01683,17035-104,,,‰Ô‰ª,34.03894111,131.8743433,¢ŠE‘ª’nŒn,,“Œ’¬,,https://logoform.jp/form/AcMw/kdmtlightreport
352071,,kdmtscl01684,13052-104,,,––•,34.01803944,131.8473658,¢ŠE‘ª’nŒn,,¼ŠJì,,https://logoform.jp/form/AcMw/kdmtlightreport
352071,,kdmtscl01685,16074-108,,,––•,34.01746944,131.8467011,¢ŠE‘ª’nŒn,,¼ŠJì,,https://logoform.jp/form/AcMw/kdmtlightreport
352071,,kdmtscl01686,15064-104,,,––•,34.01791861,131.8468394,¢ŠE‘ª’nŒn,,¼ŠJì,,https://logoform.jp/form/AcMw/kdmtlightreport
352071,,kdmtscl01687,16074-109,,,––•,34.01871833,131.8468094,¢ŠE‘ª’nŒn,,¼ŠJì,,https://logoform.jp/form/AcMw/kdmtlightreport
352071,,kdmtscl01688,16074-111,,,––•,34.01923528,131.8466733,¢ŠE‘ª’nŒn,,¼ŠJì,,https://logoform.jp/form/AcMw/kdmtlightreport
352071,,kdmtscl01689,15048-103,,,‰º¼,34.01844167,131.8725919,¢ŠE‘ª’nŒn,,–@˜@›,,https://logoform.jp/form/AcMw/kdmtlightreport
352071,,kdmtscl01690,14069-101,,,‰º¼,34.01857,131.8732994,¢ŠE‘ª’nŒn,,–@˜@›,,https://logoform.jp/form/AcMw/kdmtlightreport
352071,,kdmtscl01691,14069-102,,,‰º¼,34.01846722,131.8729083,¢ŠE‘ª’nŒn,,–@˜@›,,https://logoform.jp/form/AcMw/kdmtlightreport
352071,,kdmtscl01692,14045-101,,,•Äì,34.06198667,131.8804856,¢ŠE‘ª’nŒn,,£ŒË,,https://logoform.jp/form/AcMw/kdmtlightreport
352071,,kdmtscl01693,14069-103,,,‰º¼,34.01837917,131.8726533,¢ŠE‘ª’nŒn,,–@˜@›,,https://logoform.jp/form/AcMw/kdmtlightreport
352071,,kdmtscl01694,13034-101,,,‰º¼,34.01873667,131.8722197,¢ŠE‘ª’nŒn,,–@˜@›,,https://logoform.jp/form/AcMw/kdmtlightreport
352071,,kdmtscl01695,13034-103,,,‰º¼,34.01907556,131.8720494,¢ŠE‘ª’nŒn,,–@˜@›,,https://logoform.jp/form/AcMw/kdmtlightreport
352071,,kdmtscl01696,13093-101,,,•Äì,34.06106194,131.8915064,¢ŠE‘ª’nŒn,,£ŒË,,https://logoform.jp/form/AcMw/kdmtlightreport
352071,,kdmtscl01697,L2012-088,,,‰º¼,34.0194425,131.8718319,¢ŠE‘ª’nŒn,,–@˜@›@,,https://logoform.jp/form/AcMw/kdmtlightreport
352071,,kdmtscl01698,14045-103,,,•Äì,34.06176056,131.8926631,¢ŠE‘ª’nŒn,,£ŒË,,https://logoform.jp/form/AcMw/kdmtlightreport
352071,,kdmtscl01699,L2011-099,,,‰º¼,34.01889194,131.8732319,¢ŠE‘ª’nŒn,,Œõ—z‘ä,,https://logoform.jp/form/AcMw/kdmtlightreport
352071,,kdmtscl01700,L2011-019,,,‰º¼,34.01947611,131.8727744,¢ŠE‘ª’nŒn,,Œõ—z‘ä,,https://logoform.jp/form/AcMw/kdmtlightreport
352071,,kdmtscl01701,15048-101,,,‰º¼,34.01851417,131.8742769,¢ŠE‘ª’nŒn,,–@˜@›,,https://logoform.jp/form/AcMw/kdmtlightreport
352071,,kdmtscl01702,L2011-077,,,‰º¼,34.01933583,131.8748644,¢ŠE‘ª’nŒn,,‚Â‚Â‚¶ƒ–‹u,,https://logoform.jp/form/AcMw/kdmtlightreport
352071,,kdmtscl01703,13047-103,,,‰º¼,34.01943111,131.8752381,¢ŠE‘ª’nŒn,,‚Â‚Â‚¶ƒ–‹u,,https://logoform.jp/form/AcMw/kdmtlightreport
352071,,kdmtscl01704,16023-103,,,’†‘º,34.03705056,131.8543289,¢ŠE‘ª’nŒn,,˜a“c,,https://logoform.jp/form/AcMw/kdmtlightreport
352071,,kdmtscl01705,18129-104,,,‰º¼,34.01939,131.8768178,¢ŠE‘ª’nŒn,,º˜a’Ê‚èã,,https://logoform.jp/form/AcMw/kdmtlightreport
352071,,kdmtscl01706,16065-101,,,‰º¼,34.01883889,131.8766092,¢ŠE‘ª’nŒn,,º˜a’Ê‚èã,,https://logoform.jp/form/AcMw/kdmtlightreport
352071,,kdmtscl01707,16023-104,,,’†‘º,34.03728472,131.8552936,¢ŠE‘ª’nŒn,,˜a“c,,https://logoform.jp/form/AcMw/kdmtlightreport
352071,,kdmtscl01708,16065-105,,,‰º¼,34.01821389,131.8760606,¢ŠE‘ª’nŒn,,º˜a’Ê‚èã,,https://logoform.jp/form/AcMw/kdmtlightreport
352071,,kdmtscl01709,16029-101,,,’†‘º,34.03658583,131.8532486,¢ŠE‘ª’nŒn,,Rè,,https://logoform.jp/form/AcMw/kdmtlightreport
352071,,kdmtscl01710,18129-114,,,‰º¼,34.01778361,131.87781,¢ŠE‘ª’nŒn,,º˜a’Ê‚èã,,https://logoform.jp/form/AcMw/kdmtlightreport
352071,,kdmtscl01711,18037-109,,,’†‘º,34.03543806,131.8530086,¢ŠE‘ª’nŒn,,Rè,,https://logoform.jp/form/AcMw/kdmtlightreport
352071,,kdmtscl01712,16029-102,,,’†‘º,34.03592222,131.8524861,¢ŠE‘ª’nŒn,,Rè,,https://logoform.jp/form/AcMw/kdmtlightreport
352071,,kdmtscl01713,15066-102,,,‰º¼,34.0168,131.8763558,¢ŠE‘ª’nŒn,,“aƒ–—,,https://logoform.jp/form/AcMw/kdmtlightreport
352071,,kdmtscl01714,15041-102,,,’†‘º,34.03696889,131.8526414,¢ŠE‘ª’nŒn,,˜a“c,,https://logoform.jp/form/AcMw/kdmtlightreport
352071,,kdmtscl01715,15066-101,,,‰º¼,34.0165075,131.8760269,¢ŠE‘ª’nŒn,,“aƒ–—,,https://logoform.jp/form/AcMw/kdmtlightreport
352071,,kdmtscl01716,15041-103,,,’†‘º,34.03586861,131.8514539,¢ŠE‘ª’nŒn,,˜a“c,,https://logoform.jp/form/AcMw/kdmtlightreport
352071,,kdmtscl01717,13089-102,,,‰º¼,34.01709778,131.8794375,¢ŠE‘ª’nŒn,,º˜a’¬‚P’š–Ú,,https://logoform.jp/form/AcMw/kdmtlightreport
352071,,kdmtscl01718,15041-104,,,’†‘º,34.03541722,131.8511425,¢ŠE‘ª’nŒn,,˜a“c,,https://logoform.jp/form/AcMw/kdmtlightreport
352071,,kdmtscl01719,14029-102,,,’†‘º,34.03509917,131.8508939,¢ŠE‘ª’nŒn,,˜a“c,,https://logoform.jp/form/AcMw/kdmtlightreport
352071,,kdmtscl01720,16023-101,,,’†‘º,34.03365028,131.8499242,¢ŠE‘ª’nŒn,,˜a“c,,https://logoform.jp/form/AcMw/kdmtlightreport
352071,,kdmtscl01721,16023-102,,,’†‘º,34.03300139,131.8501717,¢ŠE‘ª’nŒn,,˜a“c,,https://logoform.jp/form/AcMw/kdmtlightreport
352071,,kdmtscl01722,17051-110,,,‰º¼,34.01727889,131.8793314,¢ŠE‘ª’nŒn,,º˜a’¬‚P’š–Ú,,https://logoform.jp/form/AcMw/kdmtlightreport
352071,,kdmtscl01723,L2011-074,,,’†‘º,34.03397556,131.8517231,¢ŠE‘ª’nŒn,,˜a“c,,https://logoform.jp/form/AcMw/kdmtlightreport
352071,,kdmtscl01724,L2012-005,,,‰º¼,34.01740444,131.87893,¢ŠE‘ª’nŒn,,º˜a’¬‚P’š–Ú,,https://logoform.jp/form/AcMw/kdmtlightreport
352071,,kdmtscl01725,15000-202,,,‰º¼,34.01728861,131.8782817,¢ŠE‘ª’nŒn,,º˜a’¬‚P’š–Ú,,https://logoform.jp/form/AcMw/kdmtlightreport
352071,,kdmtscl01726,14029-101,,,’†‘º,34.03296806,131.8507167,¢ŠE‘ª’nŒn,,˜a“c,,https://logoform.jp/form/AcMw/kdmtlightreport
352071,,kdmtscl01727,L2012-003,,,‰º¼,34.01760111,131.8784917,¢ŠE‘ª’nŒn,,º˜a’¬‚P’š–Ú,,https://logoform.jp/form/AcMw/kdmtlightreport
352071,,kdmtscl01728,L2011-073,,,’†‘º,34.03363444,131.8510553,¢ŠE‘ª’nŒn,,˜a“c,,https://logoform.jp/form/AcMw/kdmtlightreport
352071,,kdmtscl01729,17051-102,,,‰º¼,34.01775639,131.8785528,¢ŠE‘ª’nŒn,,º˜a’¬‚P’š–Ú,,https://logoform.jp/form/AcMw/kdmtlightreport
352071,,kdmtscl01730,L2011-072,,,’†‘º,34.03364722,131.8503489,¢ŠE‘ª’nŒn,,˜a“c,,https://logoform.jp/form/AcMw/kdmtlightreport
352071,,kdmtscl01731,13062-102,,,’†‘º,34.03312278,131.8545775,¢ŠE‘ª’nŒn,,˜a“c,,https://logoform.jp/form/AcMw/kdmtlightreport
352071,,kdmtscl01732,16023-105,,,’†‘º,34.033775,131.8553058,¢ŠE‘ª’nŒn,,˜a“c,,https://logoform.jp/form/AcMw/kdmtlightreport
352071,,kdmtscl01733,L2012-004,,,‰º¼,34.01780306,131.8791353,¢ŠE‘ª’nŒn,,º˜a’¬‚P’š–Ú,,https://logoform.jp/form/AcMw/kdmtlightreport
352071,,kdmtscl01734,17051-101,,,‰º¼,34.01772889,131.8791053,¢ŠE‘ª’nŒn,,º˜a’¬‚P’š–Ú,,https://logoform.jp/form/AcMw/kdmtlightreport
352071,,kdmtscl01735,15041-101,,,’†‘º,34.03769583,131.8546958,¢ŠE‘ª’nŒn,,˜a“c,,https://logoform.jp/form/AcMw/kdmtlightreport
352071,,kdmtscl01736,14029-108,,,’†‘º,34.03755278,131.8549811,¢ŠE‘ª’nŒn,,˜a“c,,https://logoform.jp/form/AcMw/kdmtlightreport
352071,,kdmtscl01737,14051-101,,,‰º¼,34.01677694,131.8783839,¢ŠE‘ª’nŒn,,º˜a’Ê‚èã,,https://logoform.jp/form/AcMw/kdmtlightreport
352071,,kdmtscl01738,16065-104,,,‰º¼,34.01641306,131.8793478,¢ŠE‘ª’nŒn,,º˜a’Ê‚èã,,https://logoform.jp/form/AcMw/kdmtlightreport
352071,,kdmtscl01739,L2011-093,,,‰º¼,34.01590806,131.8796486,¢ŠE‘ª’nŒn,,º˜a’Ê‚èã,,https://logoform.jp/form/AcMw/kdmtlightreport
352071,,kdmtscl01740,15020-103,,,‰º¼,34.01568778,131.8795331,¢ŠE‘ª’nŒn,,º˜a’Ê‚èã,,https://logoform.jp/form/AcMw/kdmtlightreport
352071,,kdmtscl01741,15020-104,,,‰º¼,34.01504,131.8796789,¢ŠE‘ª’nŒn,,º˜a’Ê‚èã,,https://logoform.jp/form/AcMw/kdmtlightreport
352071,,kdmtscl01742,14040-107,,,‹v•Û,34.02827,131.9241197,¢ŠE‘ª’nŒn,,“Œ˜a,,https://logoform.jp/form/AcMw/kdmtlightreport
352071,,kdmtscl01743,15005-106,,,‹v•Û,34.0279475,131.9242297,¢ŠE‘ª’nŒn,,“Œ˜a,,https://logoform.jp/form/AcMw/kdmtlightreport
352071,,kdmtscl01744,14040-106,,,‹v•Û,34.02761028,131.9243319,¢ŠE‘ª’nŒn,,“Œ˜a,,https://logoform.jp/form/AcMw/kdmtlightreport
352071,,kdmtscl01745,14040-103,,,‹v•Û,34.02751083,131.9239756,¢ŠE‘ª’nŒn,,“Œ˜a,,https://logoform.jp/form/AcMw/kdmtlightreport
352071,,kdmtscl01746,15005-108,,,‹v•Û,34.02745139,131.9235469,¢ŠE‘ª’nŒn,,“Œ˜a,,https://logoform.jp/form/AcMw/kdmtlightreport
352071,,kdmtscl01747,L2012-044,,,‹v•Û,34.02780917,131.9235394,¢ŠE‘ª’nŒn,,“Œ˜a,,https://logoform.jp/form/AcMw/kdmtlightreport
352071,,kdmtscl01748,15005-107,,,‹v•Û,34.02779083,131.9239256,¢ŠE‘ª’nŒn,,“Œ˜a,,https://logoform.jp/form/AcMw/kdmtlightreport
352071,,kdmtscl01749,13090-102,,,‹v•Û,34.02928028,131.9257192,¢ŠE‘ª’nŒn,,“Œ˜a,,https://logoform.jp/form/AcMw/kdmtlightreport
352071,,kdmtscl01750,14040-110,,,‹v•Û,34.02773306,131.9247044,¢ŠE‘ª’nŒn,,“Œ˜a,,https://logoform.jp/form/AcMw/kdmtlightreport
352071,,kdmtscl01751,15005-105,,,‹v•Û,34.028045,131.9246047,¢ŠE‘ª’nŒn,,“Œ˜a,,https://logoform.jp/form/AcMw/kdmtlightreport
352071,,kdmtscl01752,14040-109,,,‹v•Û,34.02839333,131.9244972,¢ŠE‘ª’nŒn,,“Œ˜a,,https://logoform.jp/form/AcMw/kdmtlightreport
352071,,kdmtscl01753,15005-104,,,‹v•Û,34.02812583,131.9249594,¢ŠE‘ª’nŒn,,“Œ˜a,,https://logoform.jp/form/AcMw/kdmtlightreport
352071,,kdmtscl01754,15005-101,,,‹v•Û,34.02781056,131.9250697,¢ŠE‘ª’nŒn,,“Œ˜a,,https://logoform.jp/form/AcMw/kdmtlightreport
352071,,kdmtscl01755,L2012-046,,,‹v•Û,34.0289825,131.9254819,¢ŠE‘ª’nŒn,,“Œ˜a,,https://logoform.jp/form/AcMw/kdmtlightreport
352071,,kdmtscl01756,14040-102,,,‹v•Û,34.02748667,131.9252011,¢ŠE‘ª’nŒn,,“Œ˜a,,https://logoform.jp/form/AcMw/kdmtlightreport
352071,,kdmtscl01757,15005-110,,,‹v•Û,34.02907972,131.9251286,¢ŠE‘ª’nŒn,,“Œ˜a,,https://logoform.jp/form/AcMw/kdmtlightreport
352071,,kdmtscl01758,15005-102,,,‹v•Û,34.027665,131.9255633,¢ŠE‘ª’nŒn,,“Œ˜a,,https://logoform.jp/form/AcMw/kdmtlightreport
352071,,kdmtscl01759,13090-105,,,‹v•Û,34.02788972,131.9254936,¢ŠE‘ª’nŒn,,“Œ˜a,,https://logoform.jp/form/AcMw/kdmtlightreport
352071,,kdmtscl01760,14040-101,,,‹v•Û,34.02919389,131.9250558,¢ŠE‘ª’nŒn,,“Œ˜a,,https://logoform.jp/form/AcMw/kdmtlightreport
352071,,kdmtscl01761,15005-103,,,‹v•Û,34.02819583,131.9253847,¢ŠE‘ª’nŒn,,“Œ˜a,,https://logoform.jp/form/AcMw/kdmtlightreport
352071,,kdmtscl01762,14040-105,,,‹v•Û,34.02856694,131.9256672,¢ŠE‘ª’nŒn,,“Œ˜a,,https://logoform.jp/form/AcMw/kdmtlightreport
352071,,kdmtscl01763,14040-104,,,‹v•Û,34.02797806,131.9258847,¢ŠE‘ª’nŒn,,“Œ˜a,,https://logoform.jp/form/AcMw/kdmtlightreport
352071,,kdmtscl01764,14040-108,,,‹v•Û,34.02876694,131.9245922,¢ŠE‘ª’nŒn,,“Œ˜a,,https://logoform.jp/form/AcMw/kdmtlightreport
352071,,kdmtscl01765,L2012-045,,,‹v•Û,34.02870056,131.9242997,¢ŠE‘ª’nŒn,,“Œ˜a,,https://logoform.jp/form/AcMw/kdmtlightreport
352071,,kdmtscl01766,14037-105,,,‹v•Û,34.02718417,131.9265444,¢ŠE‘ª’nŒn,,‰¡“¹,,https://logoform.jp/form/AcMw/kdmtlightreport
352071,,kdmtscl01767,15005-109,,,‹v•Û,34.02910889,131.9246683,¢ŠE‘ª’nŒn,,“Œ˜a,,https://logoform.jp/form/AcMw/kdmtlightreport
352071,,kdmtscl01768,16072-103,,,‹v•Û,34.03174222,131.9259583,¢ŠE‘ª’nŒn,,ØR˜A‡,,https://logoform.jp/form/AcMw/kdmtlightreport
352071,,kdmtscl01769,14037-101,,,‹v•Û,34.02589444,131.9270819,¢ŠE‘ª’nŒn,,‰¡“¹,,https://logoform.jp/form/AcMw/kdmtlightreport
352071,,kdmtscl01770,14037-102,,,‹v•Û,34.02469611,131.9274431,¢ŠE‘ª’nŒn,,‰¡“¹,,https://logoform.jp/form/AcMw/kdmtlightreport
352071,,kdmtscl01771,14037-104,,,‹v•Û,34.02423389,131.9284594,¢ŠE‘ª’nŒn,,‰¡“¹,,https://logoform.jp/form/AcMw/kdmtlightreport
352071,,kdmtscl01772,13090-104,,,‹v•Û,34.02802417,131.9263844,¢ŠE‘ª’nŒn,,“Œ˜a,,https://logoform.jp/form/AcMw/kdmtlightreport
352071,,kdmtscl01773,16024-101,,,‹v•Û,34.02851417,131.9260478,¢ŠE‘ª’nŒn,,“Œ˜a,,https://logoform.jp/form/AcMw/kdmtlightreport
352071,,kdmtscl01774,14063-101,,,‹v•Û,34.02688222,131.9206475,¢ŠE‘ª’nŒn,,“»”—,,https://logoform.jp/form/AcMw/kdmtlightreport
352071,,kdmtscl01775,13101-101,,,[‰Y,33.94469194,131.8231058,¢ŠE‘ª’nŒn,,[‰Y,,https://logoform.jp/form/AcMw/kdmtlightreport
352071,,kdmtscl01776,18036-108,,,‰Ô‰ª,34.036355,131.8625031,¢ŠE‘ª’nŒn,,ãLÎ,,https://logoform.jp/form/AcMw/kdmtlightreport
352071,,kdmtscl01777,15030-102,,,‰Ô‰ª,34.03662194,131.8635436,¢ŠE‘ª’nŒn,,ãLÎ,,https://logoform.jp/form/AcMw/kdmtlightreport
352071,,kdmtscl01778,L199203002,,,‰Ô‰ª,34.03600389,131.8629592,¢ŠE‘ª’nŒn,,ãLÎ,,https://logoform.jp/form/AcMw/kdmtlightreport
352071,,kdmtscl01779,15030-101,,,‰Ô‰ª,34.03542028,131.8626228,¢ŠE‘ª’nŒn,,ãLÎ,,https://logoform.jp/form/AcMw/kdmtlightreport
352071,,kdmtscl01780,‚k200700220,,,‰Ô‰ª,34.03596472,131.8614931,¢ŠE‘ª’nŒn,,ãLÎ,,https://logoform.jp/form/AcMw/kdmtlightreport
352071,,kdmtscl01781,16044-102,,,‰Ô‰ª,34.03426333,131.8613003,¢ŠE‘ª’nŒn,,‰ºLÎ,,https://logoform.jp/form/AcMw/kdmtlightreport
352071,,kdmtscl01782,17078-103,,,‰Ô‰ª,34.03356528,131.8586944,¢ŠE‘ª’nŒn,,‰ºLÎ,,https://logoform.jp/form/AcMw/kdmtlightreport
352071,,kdmtscl01783,14035-101,,,‰Ô‰ª,34.03459861,131.8586769,¢ŠE‘ª’nŒn,,‰ºLÎ,,https://logoform.jp/form/AcMw/kdmtlightreport
352071,,kdmtscl01784,14035-102,,,‰Ô‰ª,34.03442556,131.8585722,¢ŠE‘ª’nŒn,,‰ºLÎ,,https://logoform.jp/form/AcMw/kdmtlightreport
352071,,kdmtscl01785,16044-104,,,‰Ô‰ª,34.0345475,131.8572997,¢ŠE‘ª’nŒn,,‰ºLÎ,,https://logoform.jp/form/AcMw/kdmtlightreport
352071,,kdmtscl01786,16044-103,,,‰Ô‰ª,34.03430111,131.8568361,¢ŠE‘ª’nŒn,,‰ºLÎ,,https://logoform.jp/form/AcMw/kdmtlightreport
352071,,kdmtscl01787,16044-105,,,‰Ô‰ª,34.03508583,131.8588908,¢ŠE‘ª’nŒn,,‰ºLÎ,,https://logoform.jp/form/AcMw/kdmtlightreport
352071,,kdmtscl01788,16044-101,,,‰Ô‰ª,34.03532833,131.8597181,¢ŠE‘ª’nŒn,,‰ºLÎ,,https://logoform.jp/form/AcMw/kdmtlightreport
352071,,kdmtscl01789,16044-106,,,‰Ô‰ª,34.03571556,131.8605528,¢ŠE‘ª’nŒn,,‰ºLÎ,,https://logoform.jp/form/AcMw/kdmtlightreport
352071,,kdmtscl01790,LF027-006,,,‰Ô‰ª,34.03588389,131.8602406,¢ŠE‘ª’nŒn,,ãLÎ,,https://logoform.jp/form/AcMw/kdmtlightreport
352071,,kdmtscl01791,L200700219,,,‰Ô‰ª,34.03593083,131.8610753,¢ŠE‘ª’nŒn,,ãLÎ,,https://logoform.jp/form/AcMw/kdmtlightreport
352071,,kdmtscl01792,14029-105,,,’†‘º,34.03414972,131.8556483,¢ŠE‘ª’nŒn,,˜a“c,,https://logoform.jp/form/AcMw/kdmtlightreport
352071,,kdmtscl01793,15086-103,,,‰Ô‰ª,34.03404,131.8632642,¢ŠE‘ª’nŒn,,“Œ’†‘º,,https://logoform.jp/form/AcMw/kdmtlightreport
352071,,kdmtscl01794,16075-102,,,‰Ô‰ª,34.03348556,131.8628742,¢ŠE‘ª’nŒn,,“Œ’†‘º,,https://logoform.jp/form/AcMw/kdmtlightreport
352071,,kdmtscl01795,15086-107,,,‰Ô‰ª,34.03389667,131.8623189,¢ŠE‘ª’nŒn,,“Œ’†‘º,,https://logoform.jp/form/AcMw/kdmtlightreport
352071,,kdmtscl01796,16059-116,,,[‰Y,33.94450167,131.8242608,¢ŠE‘ª’nŒn,,[‰Y,,https://logoform.jp/form/AcMw/kdmtlightreport
352071,,kdmtscl01797,15086-108,,,‰Ô‰ª,34.03401194,131.8621142,¢ŠE‘ª’nŒn,,“Œ’†‘º,,https://logoform.jp/form/AcMw/kdmtlightreport
352071,,kdmtscl01798,16059-118,,,[‰Y,33.94428472,131.8241433,¢ŠE‘ª’nŒn,,[‰Y,,https://logoform.jp/form/AcMw/kdmtlightreport
352071,,kdmtscl01799,18087-103,,,‰Ô‰ª,34.03342083,131.8621742,¢ŠE‘ª’nŒn,,“Œ’†‘º,,https://logoform.jp/form/AcMw/kdmtlightreport
352071,,kdmtscl01800,16059-117,,,[‰Y,33.94550972,131.8250381,¢ŠE‘ª’nŒn,,[‰Y,,https://logoform.jp/form/AcMw/kdmtlightreport
352071,,kdmtscl01801,15086-109,,,‰Ô‰ª,34.03301583,131.8625494,¢ŠE‘ª’nŒn,,“Œ’†‘º,,https://logoform.jp/form/AcMw/kdmtlightreport
352071,,kdmtscl01802,17108-106,,,[‰Y,33.94343889,131.8252483,¢ŠE‘ª’nŒn,,[‰Y,,https://logoform.jp/form/AcMw/kdmtlightreport
352071,,kdmtscl01803,16075-103,,,‰Ô‰ª,34.03317222,131.8612928,¢ŠE‘ª’nŒn,,“Œ’†‘º,,https://logoform.jp/form/AcMw/kdmtlightreport
352071,,kdmtscl01804,14006-101,,,‰Ô‰ª,34.03343,131.8609131,¢ŠE‘ª’nŒn,,“Œ’†‘º,,https://logoform.jp/form/AcMw/kdmtlightreport
352071,,kdmtscl01805,15086-104,,,‰Ô‰ª,34.03302889,131.8605344,¢ŠE‘ª’nŒn,,“Œ’†‘º,,https://logoform.jp/form/AcMw/kdmtlightreport
352071,,kdmtscl01806,17108-103,,,[‰Y,33.94706222,131.8262278,¢ŠE‘ª’nŒn,,[‰Y,,https://logoform.jp/form/AcMw/kdmtlightreport
352071,,kdmtscl01807,13101-102,,,[‰Y,33.94594278,131.8255531,¢ŠE‘ª’nŒn,,[‰Y,,https://logoform.jp/form/AcMw/kdmtlightreport
352071,,kdmtscl01808,17050-103,,,•Äì,34.08572,131.8816189,¢ŠE‘ª’nŒn,,’†Œ´,,https://logoform.jp/form/AcMw/kdmtlightreport
352071,,kdmtscl01809,17049-106,,,•Äì,34.08516667,131.880435,¢ŠE‘ª’nŒn,,“Œ’†Œ´,,https://logoform.jp/form/AcMw/kdmtlightreport
352071,,kdmtscl01810,17049-105,,,•Äì,34.08584417,131.88071,¢ŠE‘ª’nŒn,,“Œ’†Œ´,,https://logoform.jp/form/AcMw/kdmtlightreport
352071,,kdmtscl01811,13057-101,,,•Äì,34.08382222,131.8936597,¢ŠE‘ª’nŒn,,ŒãR,,https://logoform.jp/form/AcMw/kdmtlightreport
352071,,kdmtscl01812,L2012-002,,,•Äì,34.08549861,131.8780714,¢ŠE‘ª’nŒn,,‰º’J‚R‹æ,,https://logoform.jp/form/AcMw/kdmtlightreport
352071,,kdmtscl01813,B005-006,,,•Äì,34.06929917,131.9087917,¢ŠE‘ª’nŒn,,“¹’J,,https://logoform.jp/form/AcMw/kdmtlightreport
352071,,kdmtscl01814,15067-101,,,•Äì,34.08432889,131.8785078,¢ŠE‘ª’nŒn,,‰º’J‚R‹æ,,https://logoform.jp/form/AcMw/kdmtlightreport
352071,,kdmtscl01815,16098-103,,,•Äì,34.10272139,131.8826561,¢ŠE‘ª’nŒn,,Ô’J,,https://logoform.jp/form/AcMw/kdmtlightreport
352071,,kdmtscl01816,18044-101,,,•Äì,34.08303028,131.8776831,¢ŠE‘ª’nŒn,,‰º’J‚R‹æ,,https://logoform.jp/form/AcMw/kdmtlightreport
352071,,kdmtscl01817,15067-102,,,•Äì,34.08358833,131.8779217,¢ŠE‘ª’nŒn,,‰º’J‚R‹æ,,https://logoform.jp/form/AcMw/kdmtlightreport
352071,,kdmtscl01818,18059-113,,,•Äì,34.0851675,131.8791528,¢ŠE‘ª’nŒn,,›‘ò,,https://logoform.jp/form/AcMw/kdmtlightreport
352071,,kdmtscl01819,13018-103,,,•Äì,34.08086722,131.8754883,¢ŠE‘ª’nŒn,,‰º’J‚P‹æ,,https://logoform.jp/form/AcMw/kdmtlightreport
352071,,kdmtscl01820,13018-101,,,•Äì,34.08253639,131.8767333,¢ŠE‘ª’nŒn,,‰º’J‚P‹æ,,https://logoform.jp/form/AcMw/kdmtlightreport
352071,,kdmtscl01821,L2012-001,,,•Äì,34.08246861,131.8773903,¢ŠE‘ª’nŒn,,‰º’J‚R‹æ,,https://logoform.jp/form/AcMw/kdmtlightreport
352071,,kdmtscl01822,15095-109,,,[‰Y,33.95365028,131.8374647,¢ŠE‘ª’nŒn,,¬[‰Y,,https://logoform.jp/form/AcMw/kdmtlightreport
352071,,kdmtscl01823,15025-102,,,Š}ŒË,33.95293917,131.8495564,¢ŠE‘ª’nŒn,,]‚Ì‰Y,,https://logoform.jp/form/AcMw/kdmtlightreport
352071,,kdmtscl01824,18059-102,,,•Äì,34.08852139,131.8814711,¢ŠE‘ª’nŒn,,›‘ò,,https://logoform.jp/form/AcMw/kdmtlightreport
352071,,kdmtscl01825,15025-103,,,Š}ŒË,33.95282417,131.8498889,¢ŠE‘ª’nŒn,,]‚Ì‰Y,,https://logoform.jp/form/AcMw/kdmtlightreport
352071,,kdmtscl01826,13080-102,,,Š}ŒË,33.95250778,131.8497908,¢ŠE‘ª’nŒn,,]‚Ì‰Y,,https://logoform.jp/form/AcMw/kdmtlightreport
352071,,kdmtscl01827,13080-101,,,Š}ŒË,33.95257528,131.8496147,¢ŠE‘ª’nŒn,,]‚Ì‰Y,,https://logoform.jp/form/AcMw/kdmtlightreport
352071,,kdmtscl01828,14026-104,,,Š}ŒË,33.95217583,131.8496714,¢ŠE‘ª’nŒn,,]‚Ì‰Y,,https://logoform.jp/form/AcMw/kdmtlightreport
352071,,kdmtscl01829,15025-101,,,Š}ŒË,33.95225694,131.8493542,¢ŠE‘ª’nŒn,,]‚Ì‰Y,,https://logoform.jp/form/AcMw/kdmtlightreport
352071,,kdmtscl01830,14026-105,,,Š}ŒË,33.95185278,131.8495725,¢ŠE‘ª’nŒn,,]‚Ì‰Y,,https://logoform.jp/form/AcMw/kdmtlightreport
352071,,kdmtscl01831,14026-103,,,Š}ŒË,33.95201556,131.850065,¢ŠE‘ª’nŒn,,]‚Ì‰Y,,https://logoform.jp/form/AcMw/kdmtlightreport
352071,,kdmtscl01832,13080-103,,,Š}ŒË,33.95235528,131.85018,¢ŠE‘ª’nŒn,,]‚Ì‰Y,,https://logoform.jp/form/AcMw/kdmtlightreport
352071,,kdmtscl01833,13080-104,,,Š}ŒË,33.95229944,131.8503114,¢ŠE‘ª’nŒn,,]‚Ì‰Y,,https://logoform.jp/form/AcMw/kdmtlightreport
352071,,kdmtscl01834,15025-107,,,Š}ŒË,33.95218111,131.8508575,¢ŠE‘ª’nŒn,,]‚Ì‰Y,,https://logoform.jp/form/AcMw/kdmtlightreport
352071,,kdmtscl01835,14026-102,,,Š}ŒË,33.9519675,131.85029,¢ŠE‘ª’nŒn,,]‚Ì‰Y,,https://logoform.jp/form/AcMw/kdmtlightreport
352071,,kdmtscl01836,15025-108,,,Š}ŒË,33.95191694,131.8506686,¢ŠE‘ª’nŒn,,]‚Ì‰Y,,https://logoform.jp/form/AcMw/kdmtlightreport
352071,,kdmtscl01837,15025-104,,,Š}ŒË,33.95252611,131.8502272,¢ŠE‘ª’nŒn,,]‚Ì‰Y,,https://logoform.jp/form/AcMw/kdmtlightreport
352071,,kdmtscl01838,15025-105,,,Š}ŒË,33.95248417,131.8505258,¢ŠE‘ª’nŒn,,]‚Ì‰Y,,https://logoform.jp/form/AcMw/kdmtlightreport
352071,,kdmtscl01839,15025-106,,,Š}ŒË,33.95269361,131.8510936,¢ŠE‘ª’nŒn,,]‚Ì‰Y,,https://logoform.jp/form/AcMw/kdmtlightreport
352071,,kdmtscl01840,15095-110,,,[‰Y,33.94783667,131.8335208,¢ŠE‘ª’nŒn,,¬[‰Y,,https://logoform.jp/form/AcMw/kdmtlightreport
352071,,kdmtscl01841,15095-103,,,[‰Y,33.94762639,131.8344394,¢ŠE‘ª’nŒn,,¬[‰Y,,https://logoform.jp/form/AcMw/kdmtlightreport
352071,,kdmtscl01842,15095-106,,,[‰Y,33.94814917,131.8341828,¢ŠE‘ª’nŒn,,¬[‰Y,,https://logoform.jp/form/AcMw/kdmtlightreport
352071,,kdmtscl01843,16063-102,,,[‰Y,33.94770333,131.8347544,¢ŠE‘ª’nŒn,,¬[‰Y,,https://logoform.jp/form/AcMw/kdmtlightreport
352071,,kdmtscl01844,15095-107,,,[‰Y,33.94820056,131.8355978,¢ŠE‘ª’nŒn,,¬[‰Y,,https://logoform.jp/form/AcMw/kdmtlightreport
352071,,kdmtscl01845,15095-101,,,[‰Y,33.94820306,131.8335733,¢ŠE‘ª’nŒn,,¬[‰Y,,https://logoform.jp/form/AcMw/kdmtlightreport
352071,,kdmtscl01846,15095-108,,,[‰Y,33.94847889,131.8335144,¢ŠE‘ª’nŒn,,¬[‰Y,,https://logoform.jp/form/AcMw/kdmtlightreport
352071,,kdmtscl01847,16063-101,,,[‰Y,33.94857778,131.8337386,¢ŠE‘ª’nŒn,,¬[‰Y,,https://logoform.jp/form/AcMw/kdmtlightreport
352071,,kdmtscl01848,15095-105,,,[‰Y,33.946745,131.8318422,¢ŠE‘ª’nŒn,,¬[‰Y,,https://logoform.jp/form/AcMw/kdmtlightreport
352071,,kdmtscl01849,14026-106,,,Š}ŒË,33.95173917,131.8499839,¢ŠE‘ª’nŒn,,]‚Ì‰Y,,https://logoform.jp/form/AcMw/kdmtlightreport
352071,,kdmtscl01850,15025-109,,,Š}ŒË,33.95166778,131.849805,¢ŠE‘ª’nŒn,,]‚Ì‰Y,,https://logoform.jp/form/AcMw/kdmtlightreport
352071,,kdmtscl01851,14026-107,,,Š}ŒË,33.95147694,131.8495889,¢ŠE‘ª’nŒn,,]‚Ì‰Y,,https://logoform.jp/form/AcMw/kdmtlightreport
352071,,kdmtscl01852,16063-001,,,[‰Y,33.94679972,131.8326311,¢ŠE‘ª’nŒn,,¬[‰Y,,https://logoform.jp/form/AcMw/kdmtlightreport
352071,,kdmtscl01853,14079-115,,,’†‘º,34.02783306,131.8414939,¢ŠE‘ª’nŒn,,’©“ú‘ä,,https://logoform.jp/form/AcMw/kdmtlightreport
352071,,kdmtscl01854,17037-102,,,[‰Y,33.947175,131.8339111,¢ŠE‘ª’nŒn,,¬[‰Y,,https://logoform.jp/form/AcMw/kdmtlightreport
352071,,kdmtscl01855,18112-110,,,‹v•Û,34.03776528,131.9068844,¢ŠE‘ª’nŒn,,R“c˜A‡,,https://logoform.jp/form/AcMw/kdmtlightreport
352071,,kdmtscl01856,15032-102,,,’†‘º,34.02829417,131.8406603,¢ŠE‘ª’nŒn,,’©“ú‘ä,,https://logoform.jp/form/AcMw/kdmtlightreport
352071,,kdmtscl01857,15095-102,,,[‰Y,33.94662389,131.8342008,¢ŠE‘ª’nŒn,,¬[‰Y,,https://logoform.jp/form/AcMw/kdmtlightreport
352071,,kdmtscl01858,16000-001,,,’†‘º,34.02796444,131.84073,¢ŠE‘ª’nŒn,,’©“ú‘ä,,https://logoform.jp/form/AcMw/kdmtlightreport
352071,,kdmtscl01859,13088-105,,,’†‘º,34.02718694,131.8406925,¢ŠE‘ª’nŒn,,’©“ú‘ä,,https://logoform.jp/form/AcMw/kdmtlightreport
352071,,kdmtscl01860,14079-102,,,’†‘º,34.02668556,131.8408175,¢ŠE‘ª’nŒn,,’©“ú‘ä,,https://logoform.jp/form/AcMw/kdmtlightreport
352071,,kdmtscl01861,14079-111,,,’†‘º,34.02632972,131.8409142,¢ŠE‘ª’nŒn,,’©“ú‘ä,,https://logoform.jp/form/AcMw/kdmtlightreport
352071,,kdmtscl01862,14079-117,,,’†‘º,34.02620278,131.8411589,¢ŠE‘ª’nŒn,,’©“ú‘ä,,https://logoform.jp/form/AcMw/kdmtlightreport
352071,,kdmtscl01863,L2011-078,,,‹v•Û,34.03781,131.9075361,¢ŠE‘ª’nŒn,,R“c˜A‡,,https://logoform.jp/form/AcMw/kdmtlightreport
352071,,kdmtscl01864,14079-112,,,’†‘º,34.02593528,131.8411914,¢ŠE‘ª’nŒn,,’©“ú‘ä,,https://logoform.jp/form/AcMw/kdmtlightreport
352071,,kdmtscl01865,14079-113,,,’†‘º,34.02604194,131.8415525,¢ŠE‘ª’nŒn,,’©“ú‘ä,,https://logoform.jp/form/AcMw/kdmtlightreport
352071,,kdmtscl01866,14079-114,,,’†‘º,34.02610361,131.8420447,¢ŠE‘ª’nŒn,,’©“ú‘ä,,https://logoform.jp/form/AcMw/kdmtlightreport
352071,,kdmtscl01867,18126-125,,,‹v•Û,34.04564167,131.9280642,¢ŠE‘ª’nŒn,,ØR˜A‡,,https://logoform.jp/form/AcMw/kdmtlightreport
352071,,kdmtscl01868,14079-119,,,’†‘º,34.02625861,131.8414639,¢ŠE‘ª’nŒn,,’©“ú‘ä,,https://logoform.jp/form/AcMw/kdmtlightreport
352071,,kdmtscl01869,14079-103,,,’†‘º,34.02660528,131.8410939,¢ŠE‘ª’nŒn,,’©“ú‘ä,,https://logoform.jp/form/AcMw/kdmtlightreport
352071,,kdmtscl01870,16086-104,,,•Äì,34.078765,131.9051531,¢ŠE‘ª’nŒn,,‰·Œ©,,https://logoform.jp/form/AcMw/kdmtlightreport
352071,,kdmtscl01871,15087-107,,,‹v•Û,34.04407528,131.9277503,¢ŠE‘ª’nŒn,,ØR˜A‡,,https://logoform.jp/form/AcMw/kdmtlightreport
352071,,kdmtscl01872,18126-126,,,‹v•Û,34.04271167,131.9263389,¢ŠE‘ª’nŒn,,ØR˜A‡,,https://logoform.jp/form/AcMw/kdmtlightreport
352071,,kdmtscl01873,16086-105,,,•Äì,34.07938778,131.9054667,¢ŠE‘ª’nŒn,,‰·Œ©,,https://logoform.jp/form/AcMw/kdmtlightreport
352071,,kdmtscl01874,13088-102,,,’†‘º,34.02722278,131.8409467,¢ŠE‘ª’nŒn,,’©“ú‘ä,,https://logoform.jp/form/AcMw/kdmtlightreport
352071,,kdmtscl01875,14079-120,,,’†‘º,34.02666556,131.8414639,¢ŠE‘ª’nŒn,,’©“ú‘ä,,https://logoform.jp/form/AcMw/kdmtlightreport
352071,,kdmtscl01876,16053-101,,,•Äì,34.07108917,131.9142161,¢ŠE‘ª’nŒn,,‘å“¡’J,,https://logoform.jp/form/AcMw/kdmtlightreport
352071,,kdmtscl01877,14079-105,,,’†‘º,34.02728806,131.841305,¢ŠE‘ª’nŒn,,’©“ú‘ä,,https://logoform.jp/form/AcMw/kdmtlightreport
352071,,kdmtscl01878,14079-104,,,’†‘º,34.02752167,131.8408675,¢ŠE‘ª’nŒn,,’©“ú‘ä,,https://logoform.jp/form/AcMw/kdmtlightreport
352071,,kdmtscl01879,15087-109,,,‹v•Û,34.04670889,131.9209833,¢ŠE‘ª’nŒn,,ØR˜A‡,,https://logoform.jp/form/AcMw/kdmtlightreport
352071,,kdmtscl01880,14079-116,,,’†‘º,34.02760417,131.8412128,¢ŠE‘ª’nŒn,,’©“ú‘ä,,https://logoform.jp/form/AcMw/kdmtlightreport
352071,,kdmtscl01881,16072-101,,,‹v•Û,34.0471875,131.9227744,¢ŠE‘ª’nŒn,,ØR˜A‡,,https://logoform.jp/form/AcMw/kdmtlightreport
352071,,kdmtscl01882,18058-104,,,•Äì,34.07284556,131.9159294,¢ŠE‘ª’nŒn,,‘å“¡’J,,https://logoform.jp/form/AcMw/kdmtlightreport
352071,,kdmtscl01883,13088-101,,,’†‘º,34.028055,131.8410967,¢ŠE‘ª’nŒn,,’©“ú‘ä,,https://logoform.jp/form/AcMw/kdmtlightreport
352071,,kdmtscl01884,15087-108,,,‹v•Û,34.04785472,131.9242781,¢ŠE‘ª’nŒn,,ØR˜A‡,,https://logoform.jp/form/AcMw/kdmtlightreport
352071,,kdmtscl01885,18079-107,,,’†‘º,34.031695,131.8485158,¢ŠE‘ª’nŒn,,˜a“c,,https://logoform.jp/form/AcMw/kdmtlightreport
352071,,kdmtscl01886,13084-102,,,‰º¼,34.01261444,131.8785142,¢ŠE‘ª’nŒn,,Šø‰ª‚R’š–Ú,,https://logoform.jp/form/AcMw/kdmtlightreport
352071,,kdmtscl01887,14029-103,,,’†‘º,34.03197083,131.8489417,¢ŠE‘ª’nŒn,,˜a“c,,https://logoform.jp/form/AcMw/kdmtlightreport
352071,,kdmtscl01888,L2012-140,,,’†‘º,34.02658694,131.8418211,¢ŠE‘ª’nŒn,,’©“ú‘ä,,https://logoform.jp/form/AcMw/kdmtlightreport
352071,,kdmtscl01889,16094-101,,,‰º¼,34.01322056,131.8782717,¢ŠE‘ª’nŒn,,Šø‰ª‚R’š–Ú,,https://logoform.jp/form/AcMw/kdmtlightreport
352071,,kdmtscl01890,16094-102,,,‰º¼,34.0131125,131.8785375,¢ŠE‘ª’nŒn,,Šø‰ª‚R’š–Ú,,https://logoform.jp/form/AcMw/kdmtlightreport
352071,,kdmtscl01891,16023-107,,,’†‘º,34.03269556,131.8493406,¢ŠE‘ª’nŒn,,˜a“c,,https://logoform.jp/form/AcMw/kdmtlightreport
352071,,kdmtscl01892,15032-101,,,’†‘º,34.02700194,131.8417289,¢ŠE‘ª’nŒn,,’©“ú‘ä,,https://logoform.jp/form/AcMw/kdmtlightreport
352071,,kdmtscl01893,16072-102,,,‹v•Û,34.047885,131.9285942,¢ŠE‘ª’nŒn,,ØR˜A‡,,https://logoform.jp/form/AcMw/kdmtlightreport
352071,,kdmtscl01894,14079-106,,,’†‘º,34.02733861,131.8416278,¢ŠE‘ª’nŒn,,’©“ú‘ä,,https://logoform.jp/form/AcMw/kdmtlightreport
352071,,kdmtscl01895,14029-001,,,’†‘º,34.03266722,131.8540122,¢ŠE‘ª’nŒn,,˜a“c,,https://logoform.jp/form/AcMw/kdmtlightreport
352071,,kdmtscl01896,14086-101,,,‰º¼,34.01079,131.8730656,¢ŠE‘ª’nŒn,,K’¬,,https://logoform.jp/form/AcMw/kdmtlightreport
352071,,kdmtscl01897,16023-106,,,’†‘º,34.03247583,131.8537578,¢ŠE‘ª’nŒn,,˜a“c,,https://logoform.jp/form/AcMw/kdmtlightreport
352071,,kdmtscl01898,13062-103,,,’†‘º,34.03222611,131.8534086,¢ŠE‘ª’nŒn,,˜a“c,,https://logoform.jp/form/AcMw/kdmtlightreport
352071,,kdmtscl01899,L2011-051,,,’†‘º,34.02775194,131.8418914,¢ŠE‘ª’nŒn,,’©“ú‘ä,,https://logoform.jp/form/AcMw/kdmtlightreport
352071,,kdmtscl01900,15049-104,,,’†‘º,34.03158889,131.8514067,¢ŠE‘ª’nŒn,,‰º˜a“c,,https://logoform.jp/form/AcMw/kdmtlightreport
352071,,kdmtscl01901,16072-105,,,‹v•Û,34.04654722,131.9192639,¢ŠE‘ª’nŒn,,ØR˜A‡,,https://logoform.jp/form/AcMw/kdmtlightreport
352071,,kdmtscl01902,15049-105,,,’†‘º,34.03045222,131.8496578,¢ŠE‘ª’nŒn,,‰º˜a“c,,https://logoform.jp/form/AcMw/kdmtlightreport
352071,,kdmtscl01903,15049-102,,,’†‘º,34.03023833,131.8493256,¢ŠE‘ª’nŒn,,‰º˜a“c,,https://logoform.jp/form/AcMw/kdmtlightreport
352071,,kdmtscl01904,13088-103,,,’†‘º,34.0273775,131.8419964,¢ŠE‘ª’nŒn,,’©“ú‘ä,,https://logoform.jp/form/AcMw/kdmtlightreport
352071,,kdmtscl01905,14079-118,,,’†‘º,34.02698639,131.8421097,¢ŠE‘ª’nŒn,,’©“ú‘ä,,https://logoform.jp/form/AcMw/kdmtlightreport
352071,,kdmtscl01906,18039-101,,,’†‘º,34.03000611,131.8489917,¢ŠE‘ª’nŒn,,‰º˜a“c,,https://logoform.jp/form/AcMw/kdmtlightreport
352071,,kdmtscl01907,18126-105,,,‹v•Û,34.04381722,131.9202247,¢ŠE‘ª’nŒn,,ØR˜A‡,,https://logoform.jp/form/AcMw/kdmtlightreport
352071,,kdmtscl01908,14079-107,,,’†‘º,34.02655444,131.8422086,¢ŠE‘ª’nŒn,,’©“ú‘ä,,https://logoform.jp/form/AcMw/kdmtlightreport
352071,,kdmtscl01909,14057-101,,,’†‘º,34.02969611,131.85091,¢ŠE‘ª’nŒn,,ã—Í,,https://logoform.jp/form/AcMw/kdmtlightreport
352071,,kdmtscl01910,15056-106,,,‰º¼,34.01131139,131.8745222,¢ŠE‘ª’nŒn,,Šø‰ª‚P’š–ÚŒÂl,,https://logoform.jp/form/AcMw/kdmtlightreport
352071,,kdmtscl01911,13088-104,,,’†‘º,34.02607528,131.8426047,¢ŠE‘ª’nŒn,,’©“ú‘ä,,https://logoform.jp/form/AcMw/kdmtlightreport
352071,,kdmtscl01912,13073-104,,,’†‘º,34.02962,131.8515781,¢ŠE‘ª’nŒn,,ã—Í,,https://logoform.jp/form/AcMw/kdmtlightreport
352071,,kdmtscl01913,14057-102,,,’†‘º,34.02998528,131.8517367,¢ŠE‘ª’nŒn,,ã—Í,,https://logoform.jp/form/AcMw/kdmtlightreport
352071,,kdmtscl01914,15056-107,,,‰º¼,34.01105639,131.8742533,¢ŠE‘ª’nŒn,,Šø‰ª‚P’š–ÚŒÂl,,https://logoform.jp/form/AcMw/kdmtlightreport
352071,,kdmtscl01915,14079-108,,,’†‘º,34.02653861,131.8427711,¢ŠE‘ª’nŒn,,’©“ú‘ä,,https://logoform.jp/form/AcMw/kdmtlightreport
352071,,kdmtscl01916,13073-103,,,’†‘º,34.02930861,131.8514914,¢ŠE‘ª’nŒn,,ã—Í,,https://logoform.jp/form/AcMw/kdmtlightreport
352071,,kdmtscl01917,15055-103,,,‹v•Û,34.04878667,131.9136075,¢ŠE‘ª’nŒn,,R“c˜A‡,,https://logoform.jp/form/AcMw/kdmtlightreport
352071,,kdmtscl01918,16086-101,,,•Äì,34.08254389,131.9020117,¢ŠE‘ª’nŒn,,‰·Œ©,,https://logoform.jp/form/AcMw/kdmtlightreport
352071,,kdmtscl01919,18129-123,,,‰º¼,34.01439806,131.8783775,¢ŠE‘ª’nŒn,,º˜a’Ê‚èã,,https://logoform.jp/form/AcMw/kdmtlightreport
352071,,kdmtscl01920,L2011-085,,,’†‘º,34.02730361,131.8425547,¢ŠE‘ª’nŒn,,’©“ú‘ä,,https://logoform.jp/form/AcMw/kdmtlightreport
352071,,kdmtscl01921,LF037-009,,,’†‘º,34.02959583,131.8545586,¢ŠE‘ª’nŒn,,‰º¼si‹³ˆçˆÏˆõ‰ï@‹³ˆç‘–±‰Ûj,,https://logoform.jp/form/AcMw/kdmtlightreport
352071,,kdmtscl01922,16086-102,,,•Äì,34.08247444,131.9002131,¢ŠE‘ª’nŒn,,‰·Œ©,,https://logoform.jp/form/AcMw/kdmtlightreport
352071,,kdmtscl01923,L2011-084,,,’†‘º,34.027605,131.8426725,¢ŠE‘ª’nŒn,,’©“ú‘ä,,https://logoform.jp/form/AcMw/kdmtlightreport
352071,,kdmtscl01924,15020-105,,,‰º¼,34.01421833,131.8791392,¢ŠE‘ª’nŒn,,º˜a’Ê‚èã,,https://logoform.jp/form/AcMw/kdmtlightreport
352071,,kdmtscl01925,14079-109,,,’†‘º,34.0280925,131.8424911,¢ŠE‘ª’nŒn,,’©“ú‘ä,,https://logoform.jp/form/AcMw/kdmtlightreport
352071,,kdmtscl01926,15020-102,,,‰º¼,34.01460944,131.8792564,¢ŠE‘ª’nŒn,,º˜a’Ê‚èã,,https://logoform.jp/form/AcMw/kdmtlightreport
352071,,kdmtscl01927,16065-110,,,‰º¼,34.01458222,131.8797678,¢ŠE‘ª’nŒn,,º˜a’Ê‚èã,,https://logoform.jp/form/AcMw/kdmtlightreport
352071,,kdmtscl01928,L2011-092,,,’†‘º,34.02690556,131.844105,¢ŠE‘ª’nŒn,,Rª,,https://logoform.jp/form/AcMw/kdmtlightreport
352071,,kdmtscl01929,15055-101,,,‹v•Û,34.0442575,131.9069658,¢ŠE‘ª’nŒn,,R“c˜A‡,,https://logoform.jp/form/AcMw/kdmtlightreport
352071,,kdmtscl01930,L2011-080,,,‹v•Û,34.04543667,131.9069275,¢ŠE‘ª’nŒn,,R“c˜A‡,,https://logoform.jp/form/AcMw/kdmtlightreport
352071,,kdmtscl01931,13069-103,,,‹v•Û,34.04242806,131.9064325,¢ŠE‘ª’nŒn,,R“c˜A‡,,https://logoform.jp/form/AcMw/kdmtlightreport
352071,,kdmtscl01932,13068-101,,,’†‘º,34.02566361,131.8436497,¢ŠE‘ª’nŒn,,Rª,,https://logoform.jp/form/AcMw/kdmtlightreport
352071,,kdmtscl01933,L2011-090,,,’†‘º,34.02520861,131.8432122,¢ŠE‘ª’nŒn,,Rªã,,https://logoform.jp/form/AcMw/kdmtlightreport
352071,,kdmtscl01934,15102-102,,,’†‘º,34.02500194,131.8440058,¢ŠE‘ª’nŒn,,Rª‰º,,https://logoform.jp/form/AcMw/kdmtlightreport
352071,,kdmtscl01935,18112-115,,,‹v•Û,34.05226222,131.9140778,¢ŠE‘ª’nŒn,,R“c˜A‡,,https://logoform.jp/form/AcMw/kdmtlightreport
352071,,kdmtscl01936,L2011-106,,,‰º¼,34.00745667,131.8628781,¢ŠE‘ª’nŒn,,¬Œ©’¬,,https://logoform.jp/form/AcMw/kdmtlightreport
352071,,kdmtscl01937,15055-102,,,‹v•Û,34.05540583,131.9158897,¢ŠE‘ª’nŒn,,R“c˜A‡,,https://logoform.jp/form/AcMw/kdmtlightreport
352071,,kdmtscl01938,13071-102,,,‰º¼,34.00767306,131.8635381,¢ŠE‘ª’nŒn,,¬Œ©’¬,,https://logoform.jp/form/AcMw/kdmtlightreport
352071,,kdmtscl01939,15045-103,,,’†‘º,34.02439444,131.8467033,¢ŠE‘ª’nŒn,,‰º—Í,,https://logoform.jp/form/AcMw/kdmtlightreport
352071,,kdmtscl01940,L2011-042,,,‰º¼,34.0080975,131.8633206,¢ŠE‘ª’nŒn,,¬Œ©’¬,,https://logoform.jp/form/AcMw/kdmtlightreport
352071,,kdmtscl01941,13071-104,,,‰º¼,34.00809889,131.8634058,¢ŠE‘ª’nŒn,,¬Œ©’¬,,https://logoform.jp/form/AcMw/kdmtlightreport
352071,,kdmtscl01942,15045-102,,,’†‘º,34.02411139,131.8459786,¢ŠE‘ª’nŒn,,‰º—Í,,https://logoform.jp/form/AcMw/kdmtlightreport
352071,,kdmtscl01943,L2011-062,,,‰º¼,34.00824222,131.8619586,¢ŠE‘ª’nŒn,,¬Œ©’¬,,https://logoform.jp/form/AcMw/kdmtlightreport
352071,,kdmtscl01944,17086-101,,,‰º¼,34.00973361,131.8631072,¢ŠE‘ª’nŒn,,‚»’¬“Œ,,https://logoform.jp/form/AcMw/kdmtlightreport
352071,,kdmtscl01945,L2012-126,,,‰º¼,34.00996806,131.8607086,¢ŠE‘ª’nŒn,,’†“‡’¬,,https://logoform.jp/form/AcMw/kdmtlightreport
352071,,kdmtscl01946,15045-101,,,’†‘º,34.02341639,131.8448386,¢ŠE‘ª’nŒn,,‰º—Í,,https://logoform.jp/form/AcMw/kdmtlightreport
352071,,kdmtscl01947,16074-105,,,––•,34.01973528,131.8450108,¢ŠE‘ª’nŒn,,¼ŠJì,,https://logoform.jp/form/AcMw/kdmtlightreport
352071,,kdmtscl01948,14060-101,,,––•,34.02004167,131.8451433,¢ŠE‘ª’nŒn,,¼ŠJì,,https://logoform.jp/form/AcMw/kdmtlightreport
352071,,kdmtscl01949,16074-104,,,––•,34.02039639,131.8451597,¢ŠE‘ª’nŒn,,¼ŠJì,,https://logoform.jp/form/AcMw/kdmtlightreport
352071,,kdmtscl01950,15045-107,,,’†‘º,34.02353333,131.8462506,¢ŠE‘ª’nŒn,,‰º—Í,,https://logoform.jp/form/AcMw/kdmtlightreport
352071,,kdmtscl01951,15045-106,,,’†‘º,34.02345639,131.8468844,¢ŠE‘ª’nŒn,,‰º—Í,,https://logoform.jp/form/AcMw/kdmtlightreport
352071,,kdmtscl01952,16074-107,,,––•,34.01984028,131.8463258,¢ŠE‘ª’nŒn,,¼ŠJì,,https://logoform.jp/form/AcMw/kdmtlightreport
352071,,kdmtscl01953,15064-103,,,––•,34.01946,131.8460522,¢ŠE‘ª’nŒn,,¼ŠJì,,https://logoform.jp/form/AcMw/kdmtlightreport
352071,,kdmtscl01954,16074-103,,,––•,34.02131833,131.8455956,¢ŠE‘ª’nŒn,,¼ŠJì,,https://logoform.jp/form/AcMw/kdmtlightreport
352071,,kdmtscl01955,13091-101,,,•Äì,34.07411722,131.9182878,¢ŠE‘ª’nŒn,,‘å“¡’J,,https://logoform.jp/form/AcMw/kdmtlightreport
352071,,kdmtscl01956,14060-104,,,––•,34.02165361,131.8454422,¢ŠE‘ª’nŒn,,¼ŠJì,,https://logoform.jp/form/AcMw/kdmtlightreport
352071,,kdmtscl01957,16084-103,,,‰Ô‰ª,34.04234333,131.8920014,¢ŠE‘ª’nŒn,,‹{–{,,https://logoform.jp/form/AcMw/kdmtlightreport
352071,,kdmtscl01958,14076-101,,,‰Ô‰ª,34.04521333,131.8683122,¢ŠE‘ª’nŒn,,‚‹´,,https://logoform.jp/form/AcMw/kdmtlightreport
352071,,kdmtscl01959,16045-101,,,‰Ô‰ª,34.04471917,131.8679236,¢ŠE‘ª’nŒn,,‚‹´,,https://logoform.jp/form/AcMw/kdmtlightreport
352071,,kdmtscl01960,16045-102,,,‰Ô‰ª,34.04378028,131.8663461,¢ŠE‘ª’nŒn,,‚‹´,,https://logoform.jp/form/AcMw/kdmtlightreport
352071,,kdmtscl01961,16081-103,,,‰Ô‰ª,34.0423375,131.8696697,¢ŠE‘ª’nŒn,,ã’n,,https://logoform.jp/form/AcMw/kdmtlightreport
352071,,kdmtscl01962,18086-101,,,‰Ô‰ª,34.0427475,131.8818869,¢ŠE‘ª’nŒn,,ã@,,https://logoform.jp/form/AcMw/kdmtlightreport
352071,,kdmtscl01963,15007-105,,,‰Ô‰ª,34.04271556,131.8811786,¢ŠE‘ª’nŒn,,ã@,,https://logoform.jp/form/AcMw/kdmtlightreport
352071,,kdmtscl01964,17046-109,,,‰Ô‰ª,34.04362111,131.8755139,¢ŠE‘ª’nŒn,,‰Ô‰ª—,,https://logoform.jp/form/AcMw/kdmtlightreport
352071,,kdmtscl01965,17089-106,,,‰Ô‰ª,34.04244333,131.879295,¢ŠE‘ª’nŒn,,@,,https://logoform.jp/form/AcMw/kdmtlightreport
352071,,kdmtscl01966,16072-113,,,‹v•Û,34.03909278,131.9222647,¢ŠE‘ª’nŒn,,ØR˜A‡,,https://logoform.jp/form/AcMw/kdmtlightreport
352071,,kdmtscl01967,16072-107,,,‹v•Û,34.04003472,131.9229436,¢ŠE‘ª’nŒn,,ØR˜A‡,,https://logoform.jp/form/AcMw/kdmtlightreport
352071,,kdmtscl01968,16072-112,,,‹v•Û,34.04204861,131.9221258,¢ŠE‘ª’nŒn,,ØR˜A‡,,https://logoform.jp/form/AcMw/kdmtlightreport
352071,,kdmtscl01969,16072-106,,,‹v•Û,34.0404175,131.9240769,¢ŠE‘ª’nŒn,,ØR˜A‡,,https://logoform.jp/form/AcMw/kdmtlightreport
352071,,kdmtscl01970,18126-109,,,‹v•Û,34.04062194,131.9249956,¢ŠE‘ª’nŒn,,ØR˜A‡,,https://logoform.jp/form/AcMw/kdmtlightreport
352071,,kdmtscl01971,L2012-082,,,‰º¼,34.01473917,131.8801436,¢ŠE‘ª’nŒn,,º˜a’Ê‚èã,,https://logoform.jp/form/AcMw/kdmtlightreport
352071,,kdmtscl01972,16065-108,,,‰º¼,34.01493778,131.8803461,¢ŠE‘ª’nŒn,,º˜a’Ê‚èã,,https://logoform.jp/form/AcMw/kdmtlightreport
352071,,kdmtscl01973,18126-112,,,‹v•Û,34.03666833,131.9231961,¢ŠE‘ª’nŒn,,ØR˜A‡,,https://logoform.jp/form/AcMw/kdmtlightreport
352071,,kdmtscl01974,16065-109,,,‰º¼,34.01480639,131.8807303,¢ŠE‘ª’nŒn,,º˜a’Ê‚èã,,https://logoform.jp/form/AcMw/kdmtlightreport
352071,,kdmtscl01975,15087-104,,,‹v•Û,34.03724583,131.9225656,¢ŠE‘ª’nŒn,,ØR˜A‡,,https://logoform.jp/form/AcMw/kdmtlightreport
352071,,kdmtscl01976,18126-113,,,‹v•Û,34.03630472,131.9212431,¢ŠE‘ª’nŒn,,ØR˜A‡,,https://logoform.jp/form/AcMw/kdmtlightreport
352071,,kdmtscl01977,18126-115,,,‹v•Û,34.03539,131.9213436,¢ŠE‘ª’nŒn,,ØR˜A‡,,https://logoform.jp/form/AcMw/kdmtlightreport
352071,,kdmtscl01978,13051-101,,,–Lˆä,33.99482389,131.8811156,¢ŠE‘ª’nŒn,,ã—öƒ–•l,,https://logoform.jp/form/AcMw/kdmtlightreport
352071,,kdmtscl01979,13051-105,,,–Lˆä,33.99504194,131.8812864,¢ŠE‘ª’nŒn,,ã—öƒ–•l,,https://logoform.jp/form/AcMw/kdmtlightreport
352071,,kdmtscl01980,17076-101,,,–Lˆä,33.99464778,131.8815186,¢ŠE‘ª’nŒn,,ã—öƒ–•l,,https://logoform.jp/form/AcMw/kdmtlightreport
352071,,kdmtscl01981,17076-107,,,–Lˆä,33.99452611,131.8818039,¢ŠE‘ª’nŒn,,ã—öƒ–•l,,https://logoform.jp/form/AcMw/kdmtlightreport
352071,,kdmtscl01982,16046-102,,,–Lˆä,33.99403472,131.8824275,¢ŠE‘ª’nŒn,,ã—öƒ–•l,,https://logoform.jp/form/AcMw/kdmtlightreport
352071,,kdmtscl01983,13051-104,,,–Lˆä,33.99531778,131.8799217,¢ŠE‘ª’nŒn,,ã—öƒ–•l,,https://logoform.jp/form/AcMw/kdmtlightreport
352071,,kdmtscl01984,13051-102,,,–Lˆä,33.99424,131.8820525,¢ŠE‘ª’nŒn,,ã—öƒ–•l,,https://logoform.jp/form/AcMw/kdmtlightreport
352071,,kdmtscl01985,16046-101,,,–Lˆä,33.99422722,131.8828186,¢ŠE‘ª’nŒn,,ã—öƒ–•l,,https://logoform.jp/form/AcMw/kdmtlightreport
352071,,kdmtscl01986,16046-110,,,–Lˆä,33.99556472,131.8799839,¢ŠE‘ª’nŒn,,ã—öƒ–•l,,https://logoform.jp/form/AcMw/kdmtlightreport
352071,,kdmtscl01987,17076-108,,,–Lˆä,33.99429,131.8830839,¢ŠE‘ª’nŒn,,ã—öƒ–•l,,https://logoform.jp/form/AcMw/kdmtlightreport
352071,,kdmtscl01988,17076-102,,,–Lˆä,33.9956025,131.8790525,¢ŠE‘ª’nŒn,,ã—öƒ–•l,,https://logoform.jp/form/AcMw/kdmtlightreport
352071,,kdmtscl01989,13051-103,,,–Lˆä,33.99370361,131.8818914,¢ŠE‘ª’nŒn,,ã—öƒ–•l,,https://logoform.jp/form/AcMw/kdmtlightreport
352071,,kdmtscl01990,16046-107,,,–Lˆä,33.99501278,131.878965,¢ŠE‘ª’nŒn,,ã—öƒ–•l,,https://logoform.jp/form/AcMw/kdmtlightreport
352071,,kdmtscl01991,16046-108,,,–Lˆä,33.99552083,131.880905,¢ŠE‘ª’nŒn,,ã—öƒ–•l,,https://logoform.jp/form/AcMw/kdmtlightreport
352071,,kdmtscl01992,16046-106,,,–Lˆä,33.99478944,131.87887,¢ŠE‘ª’nŒn,,ã—öƒ–•l,,https://logoform.jp/form/AcMw/kdmtlightreport
352071,,kdmtscl01993,16046-109,,,–Lˆä,33.99512083,131.8802217,¢ŠE‘ª’nŒn,,ã—öƒ–•l,,https://logoform.jp/form/AcMw/kdmtlightreport
352071,,kdmtscl01994,16046-105,,,–Lˆä,33.99459389,131.8789403,¢ŠE‘ª’nŒn,,ã—öƒ–•l,,https://logoform.jp/form/AcMw/kdmtlightreport
352071,,kdmtscl01995,L2012-119,,,–Lˆä,33.99446944,131.8792206,¢ŠE‘ª’nŒn,,ã—öƒ–•l,,https://logoform.jp/form/AcMw/kdmtlightreport
352071,,kdmtscl01996,17076-109,,,–Lˆä,33.996655,131.8806342,¢ŠE‘ª’nŒn,,ã—öƒ–•l,,https://logoform.jp/form/AcMw/kdmtlightreport
352071,,kdmtscl01997,17076-110,,,–Lˆä,33.99414417,131.879605,¢ŠE‘ª’nŒn,,ã—öƒ–•l,,https://logoform.jp/form/AcMw/kdmtlightreport
352071,,kdmtscl01998,16046-104,,,–Lˆä,33.99375083,131.8806978,¢ŠE‘ª’nŒn,,ã—öƒ–•l,,https://logoform.jp/form/AcMw/kdmtlightreport
352071,,kdmtscl01999,L2011-050,,,––•,34.02554139,131.8551589,¢ŠE‘ª’nŒn,,‚Ğ‚ç‚½–]’¬¼,,https://logoform.jp/form/AcMw/kdmtlightreport
352071,,kdmtscl02000,L2012-077,,,––•,34.02509806,131.8548922,¢ŠE‘ª’nŒn,,‚Ğ‚ç‚½–]’¬¼,,https://logoform.jp/form/AcMw/kdmtlightreport
