–h”Æ“”_‘S‘’n•ûŒö‹¤’c‘ÌƒR[ƒh,’n•¨A’n“__ID,–h”Æ“”_ID,–h”Æ“”_–¼Ì,–h”Æ“”_–¼ÌiƒJƒij,–h”Æ“”_–¼Ìi‰pšj,–h”Æ“”_Šİ’n,ˆÜ“x,Œo“x,–h”Æ“”_À•WQÆŒn,–h”Æ“”_À•WQÆŒnƒR[ƒh,–h”Æ“”_ŠÇ—Ò,–h”Æ“”_”õl,–h”Æ“”_s–¯ƒŒƒ|[ƒg
352071,,kdmtscl02001,13098-102,,,‰º¼,34.00691056,131.8764619,¢ŠE‘ª’nŒn,,Šø‰ª‚T’š–Ú,,https://logoform.jp/form/AcMw/kdmtlightreport
352071,,kdmtscl02002,13055-101,,,––•,34.02440917,131.85415,¢ŠE‘ª’nŒn,,‚Ğ‚ç‚½•ä,,https://logoform.jp/form/AcMw/kdmtlightreport
352071,,kdmtscl02003,L2012-078,,,––•,34.02603806,131.8542203,¢ŠE‘ª’nŒn,,‚Ğ‚ç‚½–]’¬¼,,https://logoform.jp/form/AcMw/kdmtlightreport
352071,,kdmtscl02004,L2012-127,,,‰º¼,34.00684444,131.8760517,¢ŠE‘ª’nŒn,,Šø‰ª‚T’š–Ú,,https://logoform.jp/form/AcMw/kdmtlightreport
352071,,kdmtscl02005,14057-106,,,’†‘º,34.02670722,131.8548936,¢ŠE‘ª’nŒn,,ã—Í,,https://logoform.jp/form/AcMw/kdmtlightreport
352071,,kdmtscl02006,14057-105,,,’†‘º,34.02697611,131.8550064,¢ŠE‘ª’nŒn,,ã—Í,,https://logoform.jp/form/AcMw/kdmtlightreport
352071,,kdmtscl02007,14088-103,,,‰º¼,34.00714889,131.8759044,¢ŠE‘ª’nŒn,,Šø‰ª‚T’š–Ú,,https://logoform.jp/form/AcMw/kdmtlightreport
352071,,kdmtscl02008,15047-102,,,’†‘º,34.02729917,131.8553025,¢ŠE‘ª’nŒn,,ã—Í,,https://logoform.jp/form/AcMw/kdmtlightreport
352071,,kdmtscl02009,13092-103,,,‰º¼,34.01356667,131.8730094,¢ŠE‘ª’nŒn,,“s’¬,,https://logoform.jp/form/AcMw/kdmtlightreport
352071,,kdmtscl02010,14078-102,,,‰º¼,34.01247722,131.8730281,¢ŠE‘ª’nŒn,,“s’¬,,https://logoform.jp/form/AcMw/kdmtlightreport
352071,,kdmtscl02011,14088-102,,,‰º¼,34.00716722,131.8764817,¢ŠE‘ª’nŒn,,Šø‰ª‚T’š–Ú,,https://logoform.jp/form/AcMw/kdmtlightreport
352071,,kdmtscl02012,13049-103,,,‰º¼,34.00776972,131.8787903,¢ŠE‘ª’nŒn,,Šø‰ª‚S’š–Ú,,https://logoform.jp/form/AcMw/kdmtlightreport
352071,,kdmtscl02013,13049-102,,,‰º¼,34.00774389,131.8791231,¢ŠE‘ª’nŒn,,Šø‰ª‚S’š–Ú,,https://logoform.jp/form/AcMw/kdmtlightreport
352071,,kdmtscl02014,13049-101,,,‰º¼,34.00788056,131.8793603,¢ŠE‘ª’nŒn,,Šø‰ª‚S’š–Ú,,https://logoform.jp/form/AcMw/kdmtlightreport
352071,,kdmtscl02015,14033-105,,,‰º¼,34.00939944,131.8778956,¢ŠE‘ª’nŒn,,Šø‰ª‚S’š–Ú,,https://logoform.jp/form/AcMw/kdmtlightreport
352071,,kdmtscl02016,14033-106,,,‰º¼,34.00941639,131.8786025,¢ŠE‘ª’nŒn,,Šø‰ª‚S’š–Ú,,https://logoform.jp/form/AcMw/kdmtlightreport
352071,,kdmtscl02017,14033-109,,,‰º¼,34.00974778,131.8789903,¢ŠE‘ª’nŒn,,Šø‰ª‚S’š–Ú,,https://logoform.jp/form/AcMw/kdmtlightreport
352071,,kdmtscl02018,14033-110,,,‰º¼,34.00949778,131.8792514,¢ŠE‘ª’nŒn,,Šø‰ª‚S’š–Ú,,https://logoform.jp/form/AcMw/kdmtlightreport
352071,,kdmtscl02019,16055-101,,,‰º¼,34.00900139,131.87944,¢ŠE‘ª’nŒn,,Šø‰ª‚S’š–Ú,,https://logoform.jp/form/AcMw/kdmtlightreport
352071,,kdmtscl02020,14033-107,,,‰º¼,34.00917583,131.8788725,¢ŠE‘ª’nŒn,,Šø‰ª‚S’š–Ú,,https://logoform.jp/form/AcMw/kdmtlightreport
352071,,kdmtscl02021,14033-108,,,‰º¼,34.00896722,131.8791939,¢ŠE‘ª’nŒn,,Šø‰ª‚S’š–Ú,,https://logoform.jp/form/AcMw/kdmtlightreport
352071,,kdmtscl02022,14033-104,,,‰º¼,34.00914694,131.8782831,¢ŠE‘ª’nŒn,,Šø‰ª‚S’š–Ú,,https://logoform.jp/form/AcMw/kdmtlightreport
352071,,kdmtscl02023,L2012-100,,,‰º¼,34.00901361,131.8779592,¢ŠE‘ª’nŒn,,Šø‰ª‚S’š–Ú,,https://logoform.jp/form/AcMw/kdmtlightreport
352071,,kdmtscl02024,14033-102,,,‰º¼,34.00878556,131.8783564,¢ŠE‘ª’nŒn,,Šø‰ª‚S’š–Ú,,https://logoform.jp/form/AcMw/kdmtlightreport
352071,,kdmtscl02025,14033-101,,,‰º¼,34.00894778,131.8786156,¢ŠE‘ª’nŒn,,Šø‰ª‚S’š–Ú,,https://logoform.jp/form/AcMw/kdmtlightreport
352071,,kdmtscl02026,L2012-065,,,‰º¼,34.00870194,131.8789739,¢ŠE‘ª’nŒn,,Šø‰ª‚S’š–Ú,,https://logoform.jp/form/AcMw/kdmtlightreport
352071,,kdmtscl02027,13049-105,,,‰º¼,34.00852,131.8787331,¢ŠE‘ª’nŒn,,Šø‰ª‚S’š–Ú,,https://logoform.jp/form/AcMw/kdmtlightreport
352071,,kdmtscl02028,15038-102,,,‰Ô‰ª,34.03462,131.8908614,¢ŠE‘ª’nŒn,,’†‘º“Œ,,https://logoform.jp/form/AcMw/kdmtlightreport
352071,,kdmtscl02029,13049-104,,,‰º¼,34.00836889,131.878335,¢ŠE‘ª’nŒn,,Šø‰ª‚S’š–Ú,,https://logoform.jp/form/AcMw/kdmtlightreport
352071,,kdmtscl02030,15038-101,,,‰Ô‰ª,34.03442417,131.890165,¢ŠE‘ª’nŒn,,’†‘º“Œ,,https://logoform.jp/form/AcMw/kdmtlightreport
352071,,kdmtscl02031,L2012-106,,,‰º¼,34.008335,131.8775292,¢ŠE‘ª’nŒn,,Šø‰ª‚T’š–Ú,,https://logoform.jp/form/AcMw/kdmtlightreport
352071,,kdmtscl02032,13098-105,,,‰º¼,34.00827861,131.8772144,¢ŠE‘ª’nŒn,,Šø‰ª‚T’š–Ú,,https://logoform.jp/form/AcMw/kdmtlightreport
352071,,kdmtscl02033,14084-105,,,‰Ô‰ª,34.03452167,131.8893539,¢ŠE‘ª’nŒn,,’†‘º“Œ,,https://logoform.jp/form/AcMw/kdmtlightreport
352071,,kdmtscl02034,13098-101,,,‰º¼,34.00815083,131.8767894,¢ŠE‘ª’nŒn,,Šø‰ª‚T’š–Ú,,https://logoform.jp/form/AcMw/kdmtlightreport
352071,,kdmtscl02035,14066-104,,,‰Ô‰ª,34.03495722,131.8936225,¢ŠE‘ª’nŒn,,“¡—§,,https://logoform.jp/form/AcMw/kdmtlightreport
352071,,kdmtscl02036,L2012-128,,,‰º¼,34.00835111,131.8767581,¢ŠE‘ª’nŒn,,Šø‰ª‚T’š–Ú,,https://logoform.jp/form/AcMw/kdmtlightreport
352071,,kdmtscl02037,15012-101,,,‰Ô‰ª,34.0364575,131.8880394,¢ŠE‘ª’nŒn,,’†‘º¼,,https://logoform.jp/form/AcMw/kdmtlightreport
352071,,kdmtscl02038,18031-101,,,‰º¼,34.00862833,131.8767044,¢ŠE‘ª’nŒn,,Šø‰ª‚T’š–Ú,,https://logoform.jp/form/AcMw/kdmtlightreport
352071,,kdmtscl02039,13086-104,,,‰Ô‰ª,34.03613472,131.8887817,¢ŠE‘ª’nŒn,,’†‘º“Œ,,https://logoform.jp/form/AcMw/kdmtlightreport
352071,,kdmtscl02040,14088-105,,,‰º¼,34.00854861,131.8769219,¢ŠE‘ª’nŒn,,Šø‰ª‚T’š–Ú,,https://logoform.jp/form/AcMw/kdmtlightreport
352071,,kdmtscl02041,13086-105,,,‰Ô‰ª,34.03633306,131.890265,¢ŠE‘ª’nŒn,,’†‘º“Œ,,https://logoform.jp/form/AcMw/kdmtlightreport
352071,,kdmtscl02042,13098-103,,,‰º¼,34.00865583,131.8773294,¢ŠE‘ª’nŒn,,Šø‰ª‚T’š–Ú,,https://logoform.jp/form/AcMw/kdmtlightreport
352071,,kdmtscl02043,L2012-069,,,‰Ô‰ª,34.03661472,131.89168,¢ŠE‘ª’nŒn,,’†‘º“Œ,,https://logoform.jp/form/AcMw/kdmtlightreport
352071,,kdmtscl02044,13098-104,,,‰º¼,34.00823639,131.8760406,¢ŠE‘ª’nŒn,,Šø‰ª‚T’š–Ú,,https://logoform.jp/form/AcMw/kdmtlightreport
352071,,kdmtscl02045,14084-101,,,‰Ô‰ª,34.03699028,131.8922711,¢ŠE‘ª’nŒn,,’†‘º“Œ,,https://logoform.jp/form/AcMw/kdmtlightreport
352071,,kdmtscl02046,14088-104,,,‰º¼,34.00780972,131.8762431,¢ŠE‘ª’nŒn,,Šø‰ª‚T’š–Ú,,https://logoform.jp/form/AcMw/kdmtlightreport
352071,,kdmtscl02047,15038-103,,,‰Ô‰ª,34.03720556,131.8927036,¢ŠE‘ª’nŒn,,’†‘º“Œ,,https://logoform.jp/form/AcMw/kdmtlightreport
352071,,kdmtscl02048,14084-102,,,‰Ô‰ª,34.03708139,131.8932883,¢ŠE‘ª’nŒn,,’†‘º“Œ,,https://logoform.jp/form/AcMw/kdmtlightreport
352071,,kdmtscl02049,14088-101,,,‰º¼,34.00796139,131.8765403,¢ŠE‘ª’nŒn,,Šø‰ª‚T’š–Ú,,https://logoform.jp/form/AcMw/kdmtlightreport
352071,,kdmtscl02050,14084-103,,,‰Ô‰ª,34.03671083,131.89319,¢ŠE‘ª’nŒn,,’†‘º“Œ,,https://logoform.jp/form/AcMw/kdmtlightreport
352071,,kdmtscl02051,15056-108,,,‰º¼,34.01029806,131.8745611,¢ŠE‘ª’nŒn,,Šø‰ª‚P’š–ÚŒÂl,,https://logoform.jp/form/AcMw/kdmtlightreport
352071,,kdmtscl02052,13086-101,,,‰Ô‰ª,34.03650056,131.8925175,¢ŠE‘ª’nŒn,,’†‘º“Œ,,https://logoform.jp/form/AcMw/kdmtlightreport
352071,,kdmtscl02053,14084-104,,,‰Ô‰ª,34.03631639,131.8934886,¢ŠE‘ª’nŒn,,’†‘º“Œ,,https://logoform.jp/form/AcMw/kdmtlightreport
352071,,kdmtscl02054,14031-101,,,‰º¼,34.00685278,131.879555,¢ŠE‘ª’nŒn,,›”—,,https://logoform.jp/form/AcMw/kdmtlightreport
352071,,kdmtscl02055,18014-104,,,‰º¼,34.00685639,131.8743772,¢ŠE‘ª’nŒn,,›”—,,https://logoform.jp/form/AcMw/kdmtlightreport
352071,,kdmtscl02056,18014-105,,,‰º¼,34.00640194,131.8743294,¢ŠE‘ª’nŒn,,›”—,,https://logoform.jp/form/AcMw/kdmtlightreport
352071,,kdmtscl02057,13048-105,,,‰º¼,34.0064925,131.8746822,¢ŠE‘ª’nŒn,,›”—,,https://logoform.jp/form/AcMw/kdmtlightreport
352071,,kdmtscl02058,18014-101,,,‰º¼,34.00809611,131.8731694,¢ŠE‘ª’nŒn,,›”—,,https://logoform.jp/form/AcMw/kdmtlightreport
352071,,kdmtscl02059,L2012-162,,,‰º¼,34.00838444,131.8735361,¢ŠE‘ª’nŒn,,K’¬,,https://logoform.jp/form/AcMw/kdmtlightreport
352071,,kdmtscl02060,15001-103,,,––•,34.01409139,131.8572925,¢ŠE‘ª’nŒn,,¼s¼,,https://logoform.jp/form/AcMw/kdmtlightreport
352071,,kdmtscl02061,L2012-016,,,––•,34.01458861,131.85696,¢ŠE‘ª’nŒn,,¼s¼,,https://logoform.jp/form/AcMw/kdmtlightreport
352071,,kdmtscl02062,13043-101,,,––•,34.01319806,131.857895,¢ŠE‘ª’nŒn,,¼s‰«,,https://logoform.jp/form/AcMw/kdmtlightreport
352071,,kdmtscl02063,L2012-163,,,‰º¼,34.00846028,131.8741533,¢ŠE‘ª’nŒn,,›”—,,https://logoform.jp/form/AcMw/kdmtlightreport
352071,,kdmtscl02064,15062-104,,,––•,34.012985,131.858035,¢ŠE‘ª’nŒn,,¼s‰«,,https://logoform.jp/form/AcMw/kdmtlightreport
352071,,kdmtscl02065,13016-102,,,‰º¼,34.00893333,131.8743519,¢ŠE‘ª’nŒn,,K’¬,,https://logoform.jp/form/AcMw/kdmtlightreport
352071,,kdmtscl02066,15062-105,,,––•,34.01279278,131.8583283,¢ŠE‘ª’nŒn,,¼s‰«,,https://logoform.jp/form/AcMw/kdmtlightreport
352071,,kdmtscl02067,15062-107,,,––•,34.01257667,131.8586908,¢ŠE‘ª’nŒn,,¼s‰«,,https://logoform.jp/form/AcMw/kdmtlightreport
352071,,kdmtscl02068,16049-101,,,––•,34.01225833,131.8595972,¢ŠE‘ª’nŒn,,¼s‰«,,https://logoform.jp/form/AcMw/kdmtlightreport
352071,,kdmtscl02069,18103-116,,,‰º¼,34.00880333,131.8739383,¢ŠE‘ª’nŒn,,K’¬,,https://logoform.jp/form/AcMw/kdmtlightreport
352071,,kdmtscl02070,15062-103,,,––•,34.0121075,131.8601936,¢ŠE‘ª’nŒn,,¼s‰«,,https://logoform.jp/form/AcMw/kdmtlightreport
352071,,kdmtscl02071,15062-102,,,––•,34.0118725,131.8599522,¢ŠE‘ª’nŒn,,¼s‰«,,https://logoform.jp/form/AcMw/kdmtlightreport
352071,,kdmtscl02072,13016-103,,,‰º¼,34.00888278,131.8736872,¢ŠE‘ª’nŒn,,K’¬,,https://logoform.jp/form/AcMw/kdmtlightreport
352071,,kdmtscl02073,17071-001,,,‰º¼,34.01277194,131.8632181,¢ŠE‘ª’nŒn,,“Œ”óƒmã,,https://logoform.jp/form/AcMw/kdmtlightreport
352071,,kdmtscl02074,15092-107,,,‰º¼,34.01359528,131.8636158,¢ŠE‘ª’nŒn,,–ö,,https://logoform.jp/form/AcMw/kdmtlightreport
352071,,kdmtscl02075,18103-111,,,‰º¼,34.00932611,131.8733294,¢ŠE‘ª’nŒn,,K’¬,,https://logoform.jp/form/AcMw/kdmtlightreport
352071,,kdmtscl02076,18103-112,,,‰º¼,34.00949361,131.8735861,¢ŠE‘ª’nŒn,,K’¬,,https://logoform.jp/form/AcMw/kdmtlightreport
352071,,kdmtscl02077,18028-107,,,‰º¼,34.01446,131.8630019,¢ŠE‘ª’nŒn,,–ö,,https://logoform.jp/form/AcMw/kdmtlightreport
352071,,kdmtscl02078,14086-103,,,‰º¼,34.00891361,131.8728056,¢ŠE‘ª’nŒn,,K’¬,,https://logoform.jp/form/AcMw/kdmtlightreport
352071,,kdmtscl02079,13065-101,,,‰º¼,34.01341167,131.8626133,¢ŠE‘ª’nŒn,,’†“‡’¬,,https://logoform.jp/form/AcMw/kdmtlightreport
352071,,kdmtscl02080,14068-101,,,‰º¼,34.01316528,131.8624406,¢ŠE‘ª’nŒn,,’†“‡’¬,,https://logoform.jp/form/AcMw/kdmtlightreport
352071,,kdmtscl02081,L2012-164,,,‰º¼,34.00900194,131.8730444,¢ŠE‘ª’nŒn,,K’¬,,https://logoform.jp/form/AcMw/kdmtlightreport
352071,,kdmtscl02082,16083-109,,,––•,34.01313694,131.8614719,¢ŠE‘ª’nŒn,,¼s“Œ,,https://logoform.jp/form/AcMw/kdmtlightreport
352071,,kdmtscl02083,13065-104,,,‰º¼,34.01296778,131.8614808,¢ŠE‘ª’nŒn,,’†“‡’¬,,https://logoform.jp/form/AcMw/kdmtlightreport
352071,,kdmtscl02084,14086-102,,,‰º¼,34.00944194,131.8727031,¢ŠE‘ª’nŒn,,K’¬,,https://logoform.jp/form/AcMw/kdmtlightreport
352071,,kdmtscl02085,18103-109,,,‰º¼,34.00920278,131.8723694,¢ŠE‘ª’nŒn,,K’¬,,https://logoform.jp/form/AcMw/kdmtlightreport
352071,,kdmtscl02086,14068-102,,,‰º¼,34.01289528,131.8622647,¢ŠE‘ª’nŒn,,’†“‡’¬,,https://logoform.jp/form/AcMw/kdmtlightreport
352071,,kdmtscl02087,14068-103,,,‰º¼,34.01245528,131.8620558,¢ŠE‘ª’nŒn,,’†“‡’¬,,https://logoform.jp/form/AcMw/kdmtlightreport
352071,,kdmtscl02088,14068-105,,,‰º¼,34.01215111,131.8606608,¢ŠE‘ª’nŒn,,’†“‡’¬,,https://logoform.jp/form/AcMw/kdmtlightreport
352071,,kdmtscl02089,13065-103,,,‰º¼,34.01188694,131.8612836,¢ŠE‘ª’nŒn,,’†“‡’¬,,https://logoform.jp/form/AcMw/kdmtlightreport
352071,,kdmtscl02090,13065-102,,,‰º¼,34.01210194,131.8610047,¢ŠE‘ª’nŒn,,’†“‡’¬,,https://logoform.jp/form/AcMw/kdmtlightreport
352071,,kdmtscl02091,14068-104,,,‰º¼,34.01191806,131.8617969,¢ŠE‘ª’nŒn,,’†“‡’¬,,https://logoform.jp/form/AcMw/kdmtlightreport
352071,,kdmtscl02092,18072-102,,,‰º¼,34.01185278,131.8610033,¢ŠE‘ª’nŒn,,’†“‡’¬,,https://logoform.jp/form/AcMw/kdmtlightreport
352071,,kdmtscl02093,18072-103,,,‰º¼,34.01145222,131.8607172,¢ŠE‘ª’nŒn,,’†“‡’¬,,https://logoform.jp/form/AcMw/kdmtlightreport
352071,,kdmtscl02094,18072-104,,,‰º¼,34.01117111,131.8604747,¢ŠE‘ª’nŒn,,’†“‡’¬,,https://logoform.jp/form/AcMw/kdmtlightreport
352071,,kdmtscl02095,L2011-044,,,‰º¼,34.01067556,131.8610997,¢ŠE‘ª’nŒn,,’†“‡’¬,,https://logoform.jp/form/AcMw/kdmtlightreport
352071,,kdmtscl02096,L2011-043,,,‰º¼,34.01099194,131.8613047,¢ŠE‘ª’nŒn,,’†“‡’¬,,https://logoform.jp/form/AcMw/kdmtlightreport
352071,,kdmtscl02097,15062-101,,,––•,34.01223306,131.86037,¢ŠE‘ª’nŒn,,¼s‰«,,https://logoform.jp/form/AcMw/kdmtlightreport
352071,,kdmtscl02098,16049-103,,,––•,34.01235778,131.8605969,¢ŠE‘ª’nŒn,,¼s‰«,,https://logoform.jp/form/AcMw/kdmtlightreport
352071,,kdmtscl02099,15099-101,,,––•,34.012685,131.8609861,¢ŠE‘ª’nŒn,,¼s“Œ,,https://logoform.jp/form/AcMw/kdmtlightreport
352071,,kdmtscl02100,15099-102,,,––•,34.0128275,131.8606108,¢ŠE‘ª’nŒn,,¼s“Œ,,https://logoform.jp/form/AcMw/kdmtlightreport
352071,,kdmtscl02101,15099-103,,,––•,34.01292472,131.8603844,¢ŠE‘ª’nŒn,,¼s“Œ,,https://logoform.jp/form/AcMw/kdmtlightreport
352071,,kdmtscl02102,16083-110,,,––•,34.01318444,131.8605697,¢ŠE‘ª’nŒn,,¼s“Œ,,https://logoform.jp/form/AcMw/kdmtlightreport
352071,,kdmtscl02103,16083-105,,,––•,34.01345389,131.8607633,¢ŠE‘ª’nŒn,,¼s“Œ,,https://logoform.jp/form/AcMw/kdmtlightreport
352071,,kdmtscl02104,18095-111,,,––•,34.01322861,131.8611772,¢ŠE‘ª’nŒn,,¼s“Œ,,https://logoform.jp/form/AcMw/kdmtlightreport
352071,,kdmtscl02105,16083-108,,,––•,34.01365361,131.8612897,¢ŠE‘ª’nŒn,,¼s“Œ,,https://logoform.jp/form/AcMw/kdmtlightreport
352071,,kdmtscl02106,17088-110,,,––•,34.01404444,131.8608561,¢ŠE‘ª’nŒn,,¼s“Œ,,https://logoform.jp/form/AcMw/kdmtlightreport
352071,,kdmtscl02107,17088-109,,,––•,34.01413778,131.8611294,¢ŠE‘ª’nŒn,,¼s“Œ,,https://logoform.jp/form/AcMw/kdmtlightreport
352071,,kdmtscl02108,16083-104,,,––•,34.0136275,131.8604522,¢ŠE‘ª’nŒn,,¼s“Œ,,https://logoform.jp/form/AcMw/kdmtlightreport
352071,,kdmtscl02109,17088-102,,,––•,34.01380944,131.8599475,¢ŠE‘ª’nŒn,,¼s“Œ,,https://logoform.jp/form/AcMw/kdmtlightreport
352071,,kdmtscl02110,16083-103,,,––•,34.01424111,131.8599647,¢ŠE‘ª’nŒn,,¼s“Œ,,https://logoform.jp/form/AcMw/kdmtlightreport
352071,,kdmtscl02111,16083-102,,,––•,34.01417417,131.8592711,¢ŠE‘ª’nŒn,,¼s“Œ,,https://logoform.jp/form/AcMw/kdmtlightreport
352071,,kdmtscl02112,17088-108,,,––•,34.01443083,131.8587958,¢ŠE‘ª’nŒn,,¼s“Œ,,https://logoform.jp/form/AcMw/kdmtlightreport
352071,,kdmtscl02113,16083-101,,,––•,34.0146975,131.85907,¢ŠE‘ª’nŒn,,¼s“Œ,,https://logoform.jp/form/AcMw/kdmtlightreport
352071,,kdmtscl02114,15001-104,,,––•,34.01449667,131.8585286,¢ŠE‘ª’nŒn,,¼s¼,,https://logoform.jp/form/AcMw/kdmtlightreport
352071,,kdmtscl02115,16021-102,,,––•,34.01481333,131.8585886,¢ŠE‘ª’nŒn,,¼s¼,,https://logoform.jp/form/AcMw/kdmtlightreport
352071,,kdmtscl02116,16021-101,,,––•,34.01438278,131.8582719,¢ŠE‘ª’nŒn,,¼s¼,,https://logoform.jp/form/AcMw/kdmtlightreport
352071,,kdmtscl02117,15001-110,,,––•,34.01422417,131.8578089,¢ŠE‘ª’nŒn,,¼s¼,,https://logoform.jp/form/AcMw/kdmtlightreport
352071,,kdmtscl02118,15001-109,,,––•,34.01481917,131.8574486,¢ŠE‘ª’nŒn,,¼s¼,,https://logoform.jp/form/AcMw/kdmtlightreport
352071,,kdmtscl02119,15099-104,,,––•,34.01291694,131.8601819,¢ŠE‘ª’nŒn,,¼s“Œ,,https://logoform.jp/form/AcMw/kdmtlightreport
352071,,kdmtscl02120,15099-105,,,––•,34.01304639,131.8600475,¢ŠE‘ª’nŒn,,¼s“Œ,,https://logoform.jp/form/AcMw/kdmtlightreport
352071,,kdmtscl02121,L2012-083,,,––•,34.01306639,131.8597883,¢ŠE‘ª’nŒn,,¼s“Œ,,https://logoform.jp/form/AcMw/kdmtlightreport
352071,,kdmtscl02122,15099-106,,,––•,34.01322278,131.8596336,¢ŠE‘ª’nŒn,,¼s“Œ,,https://logoform.jp/form/AcMw/kdmtlightreport
352071,,kdmtscl02123,16083-107,,,––•,34.013675,131.8598286,¢ŠE‘ª’nŒn,,¼s“Œ,,https://logoform.jp/form/AcMw/kdmtlightreport
352071,,kdmtscl02124,15099-107,,,––•,34.01322583,131.8594419,¢ŠE‘ª’nŒn,,¼s“Œ,,https://logoform.jp/form/AcMw/kdmtlightreport
352071,,kdmtscl02125,15099-108,,,––•,34.01338167,131.8592647,¢ŠE‘ª’nŒn,,¼s“Œ,,https://logoform.jp/form/AcMw/kdmtlightreport
352071,,kdmtscl02126,15099-109,,,––•,34.01353056,131.8589483,¢ŠE‘ª’nŒn,,¼s“Œ,,https://logoform.jp/form/AcMw/kdmtlightreport
352071,,kdmtscl02127,18095-108,,,––•,34.01326528,131.8587644,¢ŠE‘ª’nŒn,,¼s“Œ,,https://logoform.jp/form/AcMw/kdmtlightreport
352071,,kdmtscl02128,13043-103,,,––•,34.01312861,131.8585908,¢ŠE‘ª’nŒn,,¼s‰«,,https://logoform.jp/form/AcMw/kdmtlightreport
352071,,kdmtscl02129,15099-110,,,––•,34.01367806,131.8586661,¢ŠE‘ª’nŒn,,¼s“Œ,,https://logoform.jp/form/AcMw/kdmtlightreport
352071,,kdmtscl02130,16083-106,,,––•,34.01370639,131.8584733,¢ŠE‘ª’nŒn,,¼s“Œ,,https://logoform.jp/form/AcMw/kdmtlightreport
352071,,kdmtscl02131,15001-107,,,––•,34.01388,131.8583233,¢ŠE‘ª’nŒn,,¼s¼,,https://logoform.jp/form/AcMw/kdmtlightreport
352071,,kdmtscl02132,15001-105,,,––•,34.01393528,131.8580597,¢ŠE‘ª’nŒn,,¼s¼,,https://logoform.jp/form/AcMw/kdmtlightreport
352071,,kdmtscl02133,L2012-015,,,––•,34.01427944,131.8584008,¢ŠE‘ª’nŒn,,¼s¼,,https://logoform.jp/form/AcMw/kdmtlightreport
352071,,kdmtscl02134,15001-106,,,––•,34.01383167,131.8577603,¢ŠE‘ª’nŒn,,¼s¼,,https://logoform.jp/form/AcMw/kdmtlightreport
352071,,kdmtscl02135,13043-104,,,––•,34.01335694,131.8580672,¢ŠE‘ª’nŒn,,¼s‰«,,https://logoform.jp/form/AcMw/kdmtlightreport
352071,,kdmtscl02136,15062-109,,,––•,34.01308778,131.8582719,¢ŠE‘ª’nŒn,,¼s‰«,,https://logoform.jp/form/AcMw/kdmtlightreport
352071,,kdmtscl02137,18066-101,,,––•,34.01329611,131.8583447,¢ŠE‘ª’nŒn,,¼s‰«,,https://logoform.jp/form/AcMw/kdmtlightreport
352071,,kdmtscl02138,15062-108,,,––•,34.01294639,131.8584669,¢ŠE‘ª’nŒn,,¼s‰«,,https://logoform.jp/form/AcMw/kdmtlightreport
352071,,kdmtscl02139,15062-106,,,––•,34.01273444,131.8588294,¢ŠE‘ª’nŒn,,¼s‰«,,https://logoform.jp/form/AcMw/kdmtlightreport
352071,,kdmtscl02140,15062-110,,,––•,34.01263667,131.8590408,¢ŠE‘ª’nŒn,,¼s‰«,,https://logoform.jp/form/AcMw/kdmtlightreport
352071,,kdmtscl02141,13043-105,,,––•,34.01257917,131.8594683,¢ŠE‘ª’nŒn,,¼s‰«,,https://logoform.jp/form/AcMw/kdmtlightreport
352071,,kdmtscl02142,13043-102,,,––•,34.01244694,131.859975,¢ŠE‘ª’nŒn,,¼s‰«,,https://logoform.jp/form/AcMw/kdmtlightreport
352071,,kdmtscl02143,16058-109,,,‰º¼,34.01745333,131.8655453,¢ŠE‘ª’nŒn,,–ö,,https://logoform.jp/form/AcMw/kdmtlightreport
352071,,kdmtscl02144,16058-108,,,‰º¼,34.01700917,131.8652053,¢ŠE‘ª’nŒn,,–ö,,https://logoform.jp/form/AcMw/kdmtlightreport
352071,,kdmtscl02145,16058-107,,,‰º¼,34.01644222,131.8646892,¢ŠE‘ª’nŒn,,–ö,,https://logoform.jp/form/AcMw/kdmtlightreport
352071,,kdmtscl02146,16058-110,,,‰º¼,34.01702556,131.8656856,¢ŠE‘ª’nŒn,,–ö,,https://logoform.jp/form/AcMw/kdmtlightreport
352071,,kdmtscl02147,17113-103,,,‰º¼,34.01636917,131.8659028,¢ŠE‘ª’nŒn,,–ö,,https://logoform.jp/form/AcMw/kdmtlightreport
352071,,kdmtscl02148,14085-103,,,‰º¼,34.01588889,131.8655153,¢ŠE‘ª’nŒn,,–ö,,https://logoform.jp/form/AcMw/kdmtlightreport
352071,,kdmtscl02149,17113-101,,,‰º¼,34.01556667,131.8652178,¢ŠE‘ª’nŒn,,–ö,,https://logoform.jp/form/AcMw/kdmtlightreport
352071,,kdmtscl02150,14085-102,,,‰º¼,34.01521639,131.8648903,¢ŠE‘ª’nŒn,,–ö,,https://logoform.jp/form/AcMw/kdmtlightreport
352071,,kdmtscl02151,17113-109,,,‰º¼,34.01577278,131.8659042,¢ŠE‘ª’nŒn,,–ö,,https://logoform.jp/form/AcMw/kdmtlightreport
352071,,kdmtscl02152,17113-104,,,‰º¼,34.01560167,131.8664039,¢ŠE‘ª’nŒn,,–ö,,https://logoform.jp/form/AcMw/kdmtlightreport
352071,,kdmtscl02153,18028-110,,,‰º¼,34.0153275,131.8665503,¢ŠE‘ª’nŒn,,–ö,,https://logoform.jp/form/AcMw/kdmtlightreport
352071,,kdmtscl02154,17113-108,,,‰º¼,34.01593889,131.8660467,¢ŠE‘ª’nŒn,,–ö,,https://logoform.jp/form/AcMw/kdmtlightreport
352071,,kdmtscl02155,17113-107,,,‰º¼,34.01652222,131.8664314,¢ŠE‘ª’nŒn,,–ö,,https://logoform.jp/form/AcMw/kdmtlightreport
352071,,kdmtscl02156,18028-103,,,‰º¼,34.01705333,131.866045,¢ŠE‘ª’nŒn,,–ö,,https://logoform.jp/form/AcMw/kdmtlightreport
352071,,kdmtscl02157,L2012-039,,,‰º¼,34.01885889,131.8658689,¢ŠE‘ª’nŒn,,“ŒŒõ›¼,,https://logoform.jp/form/AcMw/kdmtlightreport
352071,,kdmtscl02158,L2012-038,,,‰º¼,34.01870417,131.8660525,¢ŠE‘ª’nŒn,,“ŒŒõ›¼,,https://logoform.jp/form/AcMw/kdmtlightreport
352071,,kdmtscl02159,15039-102,,,––•,34.0227025,131.8571636,¢ŠE‘ª’nŒn,,‚Ğ‚ç‚½•ä,,https://logoform.jp/form/AcMw/kdmtlightreport
352071,,kdmtscl02160,17005-109,,,‰º¼,34.01789056,131.8677625,¢ŠE‘ª’nŒn,,“ŒŒõ›“Œ,,https://logoform.jp/form/AcMw/kdmtlightreport
352071,,kdmtscl02161,15006-101,,,––•,34.02327611,131.8592186,¢ŠE‘ª’nŒn,,‚Ğ‚ç‚½”ü—¢,,https://logoform.jp/form/AcMw/kdmtlightreport
352071,,kdmtscl02162,13034-102,,,‰º¼,34.01916167,131.8714436,¢ŠE‘ª’nŒn,,–@˜@›,,https://logoform.jp/form/AcMw/kdmtlightreport
352071,,kdmtscl02163,18034-104,,,––•,34.02389667,131.8596531,¢ŠE‘ª’nŒn,,‚Ğ‚ç‚½”ü—¢,,https://logoform.jp/form/AcMw/kdmtlightreport
352071,,kdmtscl02164,16040-107,,,––•,34.02383389,131.8604206,¢ŠE‘ª’nŒn,,•½“c“Œ,,https://logoform.jp/form/AcMw/kdmtlightreport
352071,,kdmtscl02165,15027-102,,,––•,34.02326778,131.8599342,¢ŠE‘ª’nŒn,,•½“c“Œ,,https://logoform.jp/form/AcMw/kdmtlightreport
352071,,kdmtscl02166,L2012-087,,,‰º¼,34.01897528,131.8715572,¢ŠE‘ª’nŒn,,–@˜@›,,https://logoform.jp/form/AcMw/kdmtlightreport
352071,,kdmtscl02167,L2012-086,,,‰º¼,34.01863111,131.8717594,¢ŠE‘ª’nŒn,,–@˜@›,,https://logoform.jp/form/AcMw/kdmtlightreport
352071,,kdmtscl02168,18075-101,,,––•,34.02350222,131.8609306,¢ŠE‘ª’nŒn,,•½“c“Œ,,https://logoform.jp/form/AcMw/kdmtlightreport
352071,,kdmtscl02169,14062-105,,,––•,34.02320472,131.8621592,¢ŠE‘ª’nŒn,,•½“c“Œ,,https://logoform.jp/form/AcMw/kdmtlightreport
352071,,kdmtscl02170,15002-104,,,‰º¼,34.01763861,131.869995,¢ŠE‘ª’nŒn,,“ŒŒõ›“Œ,,https://logoform.jp/form/AcMw/kdmtlightreport
352071,,kdmtscl02171,15002-105,,,‰º¼,34.01824556,131.86911,¢ŠE‘ª’nŒn,,“ŒŒõ›“Œ,,https://logoform.jp/form/AcMw/kdmtlightreport
352071,,kdmtscl02172,15027-108,,,––•,34.02350694,131.8624306,¢ŠE‘ª’nŒn,,•½“c“Œ,,https://logoform.jp/form/AcMw/kdmtlightreport
352071,,kdmtscl02173,15002-106,,,‰º¼,34.01856639,131.8690833,¢ŠE‘ª’nŒn,,“ŒŒõ›“Œ,,https://logoform.jp/form/AcMw/kdmtlightreport
352071,,kdmtscl02174,L2012-094,,,‰º¼,34.01871583,131.8691947,¢ŠE‘ª’nŒn,,“ŒŒõ›“Œ,,https://logoform.jp/form/AcMw/kdmtlightreport
352071,,kdmtscl02175,16040-102,,,––•,34.02386833,131.8626967,¢ŠE‘ª’nŒn,,•½“c“Œ,,https://logoform.jp/form/AcMw/kdmtlightreport
352071,,kdmtscl02176,L2011-054,,,‰º¼,34.01931417,131.8696086,¢ŠE‘ª’nŒn,,“ŒŒõ›“Œ,,https://logoform.jp/form/AcMw/kdmtlightreport
352071,,kdmtscl02177,15027-103,,,––•,34.02374583,131.8636067,¢ŠE‘ª’nŒn,,•½“c“Œ,,https://logoform.jp/form/AcMw/kdmtlightreport
352071,,kdmtscl02178,14050-101,,,‰º¼,34.01944722,131.8702686,¢ŠE‘ª’nŒn,,Œõƒ–‹u,,https://logoform.jp/form/AcMw/kdmtlightreport
352071,,kdmtscl02179,14050-105,,,‰º¼,34.01928778,131.8698239,¢ŠE‘ª’nŒn,,Œõƒ–‹u,,https://logoform.jp/form/AcMw/kdmtlightreport
352071,,kdmtscl02180,13006-101,,,‰º¼,34.01898278,131.869365,¢ŠE‘ª’nŒn,,“ŒŒõ›“Œ,,https://logoform.jp/form/AcMw/kdmtlightreport
352071,,kdmtscl02181,16011-105,,,––•,34.02211333,131.8631667,¢ŠE‘ª’nŒn,,”öK,,https://logoform.jp/form/AcMw/kdmtlightreport
352071,,kdmtscl02182,15002-102,,,‰º¼,34.01908694,131.8689097,¢ŠE‘ª’nŒn,,“ŒŒõ›“Œ,,https://logoform.jp/form/AcMw/kdmtlightreport
352071,,kdmtscl02183,15002-103,,,‰º¼,34.01866806,131.868725,¢ŠE‘ª’nŒn,,“ŒŒõ›“Œ,,https://logoform.jp/form/AcMw/kdmtlightreport
352071,,kdmtscl02184,13006-102,,,‰º¼,34.01795389,131.8684128,¢ŠE‘ª’nŒn,,“ŒŒõ›“Œ,,https://logoform.jp/form/AcMw/kdmtlightreport
352071,,kdmtscl02185,13037-101,,,‰º¼,34.01854194,131.8676403,¢ŠE‘ª’nŒn,,“ŒŒõ›¼,,https://logoform.jp/form/AcMw/kdmtlightreport
352071,,kdmtscl02186,15037-104,,,––•,34.02192444,131.8634528,¢ŠE‘ª’nŒn,,”öK,,https://logoform.jp/form/AcMw/kdmtlightreport
352071,,kdmtscl02187,L2011-031,,,‰º¼,34.01879111,131.8676867,¢ŠE‘ª’nŒn,,“ŒŒõ›¼,,https://logoform.jp/form/AcMw/kdmtlightreport
352071,,kdmtscl02188,LB068-001,,,‰º¼,34.01723944,131.8705511,¢ŠE‘ª’nŒn,,ƒ~[ƒeƒBƒA÷’¬,,https://logoform.jp/form/AcMw/kdmtlightreport
352071,,kdmtscl02189,15037-102,,,––•,34.02141806,131.8634017,¢ŠE‘ª’nŒn,,”öK,,https://logoform.jp/form/AcMw/kdmtlightreport
352071,,kdmtscl02190,15037-103,,,––•,34.02116306,131.8631553,¢ŠE‘ª’nŒn,,”öK,,https://logoform.jp/form/AcMw/kdmtlightreport
352071,,kdmtscl02191,L2012-141,,,‰º¼,34.0172975,131.8695039,¢ŠE‘ª’nŒn,,“ŒŒõ›“ì,,https://logoform.jp/form/AcMw/kdmtlightreport
352071,,kdmtscl02192,13042-103,,,‰º¼,34.01743778,131.8691486,¢ŠE‘ª’nŒn,,“ŒŒõ›“ì,,https://logoform.jp/form/AcMw/kdmtlightreport
352071,,kdmtscl02193,16011-106,,,––•,34.02074639,131.8627528,¢ŠE‘ª’nŒn,,”öK,,https://logoform.jp/form/AcMw/kdmtlightreport
352071,,kdmtscl02194,13042-104,,,‰º¼,34.01696944,131.8691283,¢ŠE‘ª’nŒn,,“ŒŒõ›“ì,,https://logoform.jp/form/AcMw/kdmtlightreport
352071,,kdmtscl02195,13042-101,,,‰º¼,34.01673278,131.869205,¢ŠE‘ª’nŒn,,“ŒŒõ›“ì,,https://logoform.jp/form/AcMw/kdmtlightreport
352071,,kdmtscl02196,16071-105,,,‰º¼,34.01659028,131.8688036,¢ŠE‘ª’nŒn,,‹g•~’¬,,https://logoform.jp/form/AcMw/kdmtlightreport
352071,,kdmtscl02197,16071-101,,,‰º¼,34.01631028,131.8688872,¢ŠE‘ª’nŒn,,‹g•~’¬,,https://logoform.jp/form/AcMw/kdmtlightreport
352071,,kdmtscl02198,16071-104,,,‰º¼,34.01605056,131.8689639,¢ŠE‘ª’nŒn,,‹g•~’¬,,https://logoform.jp/form/AcMw/kdmtlightreport
352071,,kdmtscl02199,16071-102,,,‰º¼,34.01610722,131.869285,¢ŠE‘ª’nŒn,,‹g•~’¬,,https://logoform.jp/form/AcMw/kdmtlightreport
352071,,kdmtscl02200,16071-106,,,‰º¼,34.01637139,131.8693111,¢ŠE‘ª’nŒn,,‹g•~’¬,,https://logoform.jp/form/AcMw/kdmtlightreport
352071,,kdmtscl02201,16071-103,,,‰º¼,34.01612194,131.8695475,¢ŠE‘ª’nŒn,,‹g•~’¬,,https://logoform.jp/form/AcMw/kdmtlightreport
352071,,kdmtscl02202,18028-112,,,‰º¼,34.01589889,131.8696025,¢ŠE‘ª’nŒn,,–ö,,https://logoform.jp/form/AcMw/kdmtlightreport
352071,,kdmtscl02203,18028-111,,,‰º¼,34.01623917,131.869835,¢ŠE‘ª’nŒn,,–ö,,https://logoform.jp/form/AcMw/kdmtlightreport
352071,,kdmtscl02204,14071-103,,,‰º¼,34.01600944,131.87079,¢ŠE‘ª’nŒn,,––Œõ,,https://logoform.jp/form/AcMw/kdmtlightreport
352071,,kdmtscl02205,14071-101,,,‰º¼,34.0159025,131.8707183,¢ŠE‘ª’nŒn,,––Œõ,,https://logoform.jp/form/AcMw/kdmtlightreport
352071,,kdmtscl02206,14071-102,,,‰º¼,34.01588,131.8705658,¢ŠE‘ª’nŒn,,––Œõ,,https://logoform.jp/form/AcMw/kdmtlightreport
352071,,kdmtscl02207,18028-114,,,‰º¼,34.01582167,131.8701564,¢ŠE‘ª’nŒn,,–ö,,https://logoform.jp/form/AcMw/kdmtlightreport
352071,,kdmtscl02208,18028-115,,,‰º¼,34.01605194,131.8701947,¢ŠE‘ª’nŒn,,–ö,,https://logoform.jp/form/AcMw/kdmtlightreport
352071,,kdmtscl02209,18028-116,,,‰º¼,34.01624083,131.8702397,¢ŠE‘ª’nŒn,,–ö,,https://logoform.jp/form/AcMw/kdmtlightreport
352071,,kdmtscl02210,18028-113,,,‰º¼,34.01577194,131.8698261,¢ŠE‘ª’nŒn,,–ö,,https://logoform.jp/form/AcMw/kdmtlightreport
352071,,kdmtscl02211,13078-103,,,––•,34.02267694,131.8634214,¢ŠE‘ª’nŒn,,•½“c“Œ,,https://logoform.jp/form/AcMw/kdmtlightreport
352071,,kdmtscl02212,13078-101,,,––•,34.02263528,131.8623192,¢ŠE‘ª’nŒn,,•½“c“Œ,,https://logoform.jp/form/AcMw/kdmtlightreport
352071,,kdmtscl02213,15027-107,,,––•,34.02260528,131.8615372,¢ŠE‘ª’nŒn,,•½“c“Œ,,https://logoform.jp/form/AcMw/kdmtlightreport
352071,,kdmtscl02214,16040-101,,,––•,34.02237444,131.8613031,¢ŠE‘ª’nŒn,,•½“c“Œ,,https://logoform.jp/form/AcMw/kdmtlightreport
352071,,kdmtscl02215,14062-110,,,––•,34.02202444,131.8610119,¢ŠE‘ª’nŒn,,•½“c“Œ,,https://logoform.jp/form/AcMw/kdmtlightreport
352071,,kdmtscl02216,15027-101,,,––•,34.02230056,131.8608894,¢ŠE‘ª’nŒn,,•½“c“Œ,,https://logoform.jp/form/AcMw/kdmtlightreport
352071,,kdmtscl02217,15027-104,,,––•,34.02271111,131.8601997,¢ŠE‘ª’nŒn,,•½“c“Œ,,https://logoform.jp/form/AcMw/kdmtlightreport
352071,,kdmtscl02218,16040-105,,,––•,34.0223925,131.8598808,¢ŠE‘ª’nŒn,,•½“c“Œ,,https://logoform.jp/form/AcMw/kdmtlightreport
352071,,kdmtscl02219,15039-101,,,––•,34.02309722,131.8538647,¢ŠE‘ª’nŒn,,‚Ğ‚ç‚½•ä,,https://logoform.jp/form/AcMw/kdmtlightreport
352071,,kdmtscl02220,16040-103,,,––•,34.02010556,131.8592911,¢ŠE‘ª’nŒn,,•½“c“Œ,,https://logoform.jp/form/AcMw/kdmtlightreport
352071,,kdmtscl02221,16056-108,,,––•,34.022655,131.8541661,¢ŠE‘ª’nŒn,,‘åŠC’¬¼,,https://logoform.jp/form/AcMw/kdmtlightreport
352071,,kdmtscl02222,15021-104,,,––•,34.02242472,131.8545339,¢ŠE‘ª’nŒn,,‘åŠC’¬¼,,https://logoform.jp/form/AcMw/kdmtlightreport
352071,,kdmtscl02223,L2012-033,,,––•,34.02208639,131.8550775,¢ŠE‘ª’nŒn,,‚Ğ‚ç‚½•ä,,https://logoform.jp/form/AcMw/kdmtlightreport
352071,,kdmtscl02224,15027-105,,,––•,34.02046139,131.8595919,¢ŠE‘ª’nŒn,,•½“c“Œ,,https://logoform.jp/form/AcMw/kdmtlightreport
352071,,kdmtscl02225,17063-105,,,––•,34.01946389,131.8525567,¢ŠE‘ª’nŒn,,‘åŠC’¬¼,,https://logoform.jp/form/AcMw/kdmtlightreport
352071,,kdmtscl02226,16040-106,,,––•,34.02006083,131.8583747,¢ŠE‘ª’nŒn,,•½“c“Œ,,https://logoform.jp/form/AcMw/kdmtlightreport
352071,,kdmtscl02227,16056-103,,,––•,34.01999111,131.8517828,¢ŠE‘ª’nŒn,,‘åŠC’¬¼,,https://logoform.jp/form/AcMw/kdmtlightreport
352071,,kdmtscl02228,16056-102,,,––•,34.02041944,131.8520778,¢ŠE‘ª’nŒn,,‘åŠC’¬¼,,https://logoform.jp/form/AcMw/kdmtlightreport
352071,,kdmtscl02229,L2012-151,,,––•,34.02076639,131.8524042,¢ŠE‘ª’nŒn,,‘åŠC’¬¼,,https://logoform.jp/form/AcMw/kdmtlightreport
352071,,kdmtscl02230,L2012-036,,,––•,34.02033361,131.8580347,¢ŠE‘ª’nŒn,,•½“c“Œ,,https://logoform.jp/form/AcMw/kdmtlightreport
352071,,kdmtscl02231,16056-107,,,––•,34.02002333,131.8530739,¢ŠE‘ª’nŒn,,‘åŠC’¬¼,,https://logoform.jp/form/AcMw/kdmtlightreport
352071,,kdmtscl02232,15027-106,,,––•,34.02091389,131.8585497,¢ŠE‘ª’nŒn,,•½“c“Œ,,https://logoform.jp/form/AcMw/kdmtlightreport
352071,,kdmtscl02233,18017-114,,,––•,34.02160806,131.8532139,¢ŠE‘ª’nŒn,,‘åŠC’¬¼,,https://logoform.jp/form/AcMw/kdmtlightreport
352071,,kdmtscl02234,L2012-152,,,––•,34.02302333,131.8528206,¢ŠE‘ª’nŒn,,‘åŠC’¬¼,,https://logoform.jp/form/AcMw/kdmtlightreport
352071,,kdmtscl02235,15021-102@@@@@@@@@@@@@@@,,,––•,34.02287389,131.8528439,¢ŠE‘ª’nŒn,,‘åŠC’¬¼,,https://logoform.jp/form/AcMw/kdmtlightreport
352071,,kdmtscl02236,15021-101,,,––•,34.02246306,131.8524514,¢ŠE‘ª’nŒn,,‘åŠC’¬¼,,https://logoform.jp/form/AcMw/kdmtlightreport
352071,,kdmtscl02237,15021-106,,,––•,34.02214083,131.8521739,¢ŠE‘ª’nŒn,,‘åŠC’¬¼,,https://logoform.jp/form/AcMw/kdmtlightreport
352071,,kdmtscl02238,16056-105,,,––•,34.021555,131.8516406,¢ŠE‘ª’nŒn,,‘åŠC’¬¼,,https://logoform.jp/form/AcMw/kdmtlightreport
352071,,kdmtscl02239,13017-101,,,––•,34.02033417,131.8566703,¢ŠE‘ª’nŒn,,‚Ğ‚ç‚½”ü—¢,,https://logoform.jp/form/AcMw/kdmtlightreport
352071,,kdmtscl02240,16056-106,,,––•,34.021115,131.8512192,¢ŠE‘ª’nŒn,,‘åŠC’¬¼,,https://logoform.jp/form/AcMw/kdmtlightreport
352071,,kdmtscl02241,15021-110,,,––•,34.02033833,131.8511756,¢ŠE‘ª’nŒn,,‘åŠC’¬¼,,https://logoform.jp/form/AcMw/kdmtlightreport
352071,,kdmtscl02242,18144-101,,,––•,34.01950333,131.8594172,¢ŠE‘ª’nŒn,,‰º¼si“ss­ô‰Ûj,,https://logoform.jp/form/AcMw/kdmtlightreport
352071,,kdmtscl02243,15045-105,,,’†‘º,34.02315972,131.8474556,¢ŠE‘ª’nŒn,,‰º—Í,,https://logoform.jp/form/AcMw/kdmtlightreport
352071,,kdmtscl02244,15045-104,,,’†‘º,34.02365861,131.8478819,¢ŠE‘ª’nŒn,,‰º—Í,,https://logoform.jp/form/AcMw/kdmtlightreport
352071,,kdmtscl02245,16074-102,,,––•,34.02040917,131.8497206,¢ŠE‘ª’nŒn,,¼ŠJì,,https://logoform.jp/form/AcMw/kdmtlightreport
352071,,kdmtscl02246,13052-102,,,––•,34.02060639,131.8490253,¢ŠE‘ª’nŒn,,¼ŠJì,,https://logoform.jp/form/AcMw/kdmtlightreport
352071,,kdmtscl02247,16074-110,,,––•,34.01997306,131.8479511,¢ŠE‘ª’nŒn,,¼ŠJì,,https://logoform.jp/form/AcMw/kdmtlightreport
352071,,kdmtscl02248,15064-102,,,––•,34.02011333,131.8484194,¢ŠE‘ª’nŒn,,¼ŠJì,,https://logoform.jp/form/AcMw/kdmtlightreport
352071,,kdmtscl02249,L2012-104,,,––•,34.01946222,131.8486181,¢ŠE‘ª’nŒn,,¼ŠJì,,https://logoform.jp/form/AcMw/kdmtlightreport
352071,,kdmtscl02250,15064-101,,,––•,34.02012667,131.8497553,¢ŠE‘ª’nŒn,,¼ŠJì,,https://logoform.jp/form/AcMw/kdmtlightreport
352071,,kdmtscl02251,16074-101,,,––•,34.02010889,131.8501842,¢ŠE‘ª’nŒn,,¼ŠJì,,https://logoform.jp/form/AcMw/kdmtlightreport
352071,,kdmtscl02252,16064-106,,,––•,34.01777972,131.8580347,¢ŠE‘ª’nŒn,,‚ ‚¯‚Ú‚Ì’¬¼,,https://logoform.jp/form/AcMw/kdmtlightreport
352071,,kdmtscl02253,15052-101,,,––•,34.01720639,131.8556878,¢ŠE‘ª’nŒn,,‘åŠC’¬“Œ,,https://logoform.jp/form/AcMw/kdmtlightreport
352071,,kdmtscl02254,15052-102,,,––•,34.01803667,131.8555961,¢ŠE‘ª’nŒn,,‘åŠC’¬“Œ,,https://logoform.jp/form/AcMw/kdmtlightreport
352071,,kdmtscl02255,13066-105,,,––•,34.01828583,131.8560225,¢ŠE‘ª’nŒn,,‘åŠC’¬“Œ,,https://logoform.jp/form/AcMw/kdmtlightreport
352071,,kdmtscl02256,16064-105,,,––•,34.01762722,131.8581272,¢ŠE‘ª’nŒn,,‚ ‚¯‚Ú‚Ì’¬¼,,https://logoform.jp/form/AcMw/kdmtlightreport
352071,,kdmtscl02257,16064-104,,,––•,34.01729139,131.8586811,¢ŠE‘ª’nŒn,,‚ ‚¯‚Ú‚Ì’¬¼,,https://logoform.jp/form/AcMw/kdmtlightreport
352071,,kdmtscl02258,16064-103,,,––•,34.01694917,131.8590972,¢ŠE‘ª’nŒn,,‚ ‚¯‚Ú‚Ì’¬¼,,https://logoform.jp/form/AcMw/kdmtlightreport
352071,,kdmtscl02259,16064-102,,,––•,34.01679944,131.8593075,¢ŠE‘ª’nŒn,,‚ ‚¯‚Ú‚Ì’¬¼,,https://logoform.jp/form/AcMw/kdmtlightreport
352071,,kdmtscl02260,16081-104,,,‰Ô‰ª,34.04102528,131.8701261,¢ŠE‘ª’nŒn,,ã’n,,https://logoform.jp/form/AcMw/kdmtlightreport
352071,,kdmtscl02261,16064-101,,,––•,34.01659417,131.8596186,¢ŠE‘ª’nŒn,,‚ ‚¯‚Ú‚Ì’¬¼,,https://logoform.jp/form/AcMw/kdmtlightreport
352071,,kdmtscl02262,13067-101,,,‰Ô‰ª,34.0415425,131.8701986,¢ŠE‘ª’nŒn,,ã’n,,https://logoform.jp/form/AcMw/kdmtlightreport
352071,,kdmtscl02263,18082-122,,,‰Ô‰ª,34.04081139,131.8714319,¢ŠE‘ª’nŒn,,ã’n,,https://logoform.jp/form/AcMw/kdmtlightreport
352071,,kdmtscl02264,L199505901,,,––•,34.01711361,131.8563361,¢ŠE‘ª’nŒn,,‰º¼si“ss­ô‰Ûj,,https://logoform.jp/form/AcMw/kdmtlightreport
352071,,kdmtscl02265,13067-102,,,‰Ô‰ª,34.04070056,131.8700844,¢ŠE‘ª’nŒn,,ã’n,,https://logoform.jp/form/AcMw/kdmtlightreport
352071,,kdmtscl02266,16045-104,,,‰Ô‰ª,34.04132583,131.8646286,¢ŠE‘ª’nŒn,,‚‹´,,https://logoform.jp/form/AcMw/kdmtlightreport
352071,,kdmtscl02267,16045-103,,,‰Ô‰ª,34.04193194,131.8653267,¢ŠE‘ª’nŒn,,‚‹´,,https://logoform.jp/form/AcMw/kdmtlightreport
352071,,kdmtscl02268,15052-105,,,––•,34.01675444,131.8561786,¢ŠE‘ª’nŒn,,‘åŠC’¬“Œ,,https://logoform.jp/form/AcMw/kdmtlightreport
352071,,kdmtscl02269,13085-103,,,‰Ô‰ª,34.03942472,131.8641589,¢ŠE‘ª’nŒn,,‚‹´,,https://logoform.jp/form/AcMw/kdmtlightreport
352071,,kdmtscl02270,15072-101,,,––•,34.01729778,131.8573289,¢ŠE‘ª’nŒn,,‚ ‚¯‚Ú‚Ì’¬,,https://logoform.jp/form/AcMw/kdmtlightreport
352071,,kdmtscl02271,16045-106,,,‰Ô‰ª,34.04005194,131.8646642,¢ŠE‘ª’nŒn,,‚‹´,,https://logoform.jp/form/AcMw/kdmtlightreport
352071,,kdmtscl02272,13085-102,,,‰Ô‰ª,34.03898917,131.8644989,¢ŠE‘ª’nŒn,,‚‹´,,https://logoform.jp/form/AcMw/kdmtlightreport
352071,,kdmtscl02273,15009-106,,,‰Ô‰ª,34.03835472,131.8688931,¢ŠE‘ª’nŒn,,‰Ô‰ª¼’¬,,https://logoform.jp/form/AcMw/kdmtlightreport
352071,,kdmtscl02274,15072-102,,,––•,34.0169875,131.8567375,¢ŠE‘ª’nŒn,,‚ ‚¯‚Ú‚Ì’¬,,https://logoform.jp/form/AcMw/kdmtlightreport
352071,,kdmtscl02275,16081-106,,,‰Ô‰ª,34.03916806,131.8699036,¢ŠE‘ª’nŒn,,ã’n,,https://logoform.jp/form/AcMw/kdmtlightreport
352071,,kdmtscl02276,16041-103,,,––•,34.01670556,131.85676,¢ŠE‘ª’nŒn,,‚ ‚¯‚Ú‚Ì’¬,,https://logoform.jp/form/AcMw/kdmtlightreport
352071,,kdmtscl02277,16081-105,,,‰Ô‰ª,34.04072528,131.8688719,¢ŠE‘ª’nŒn,,ã’n,,https://logoform.jp/form/AcMw/kdmtlightreport
352071,,kdmtscl02278,19002-001,,,––•,34.01657694,131.8570614,¢ŠE‘ª’nŒn,,‚ ‚¯‚Ú‚Ì’¬,,https://logoform.jp/form/AcMw/kdmtlightreport
352071,,kdmtscl02279,14017-102,,,‰Ô‰ª,34.03949889,131.8670636,¢ŠE‘ª’nŒn,,ã’n,,https://logoform.jp/form/AcMw/kdmtlightreport
352071,,kdmtscl02280,18057-103,,,‰Ô‰ª,34.03776861,131.8674647,¢ŠE‘ª’nŒn,,‰Ô‰ª¼’¬,,https://logoform.jp/form/AcMw/kdmtlightreport
352071,,kdmtscl02281,18057-101,,,‰Ô‰ª,34.03838361,131.86767,¢ŠE‘ª’nŒn,,‰Ô‰ª¼’¬,,https://logoform.jp/form/AcMw/kdmtlightreport
352071,,kdmtscl02282,19002-003,,,––•,34.01610694,131.8579936,¢ŠE‘ª’nŒn,,‚ ‚¯‚Ú‚Ì’¬,,https://logoform.jp/form/AcMw/kdmtlightreport
352071,,kdmtscl02283,15072-104,,,––•,34.01618611,131.8583186,¢ŠE‘ª’nŒn,,‚ ‚¯‚Ú‚Ì’¬,,https://logoform.jp/form/AcMw/kdmtlightreport
352071,,kdmtscl02284,16064-107,,,––•,34.01689806,131.8576683,¢ŠE‘ª’nŒn,,‚ ‚¯‚Ú‚Ì’¬¼,,https://logoform.jp/form/AcMw/kdmtlightreport
352071,,kdmtscl02285,18057-102,,,‰Ô‰ª,34.03843139,131.8680797,¢ŠE‘ª’nŒn,,‰Ô‰ª¼’¬,,https://logoform.jp/form/AcMw/kdmtlightreport
352071,,kdmtscl02286,16062-101,,,’†‘º,34.02946,131.8574022,¢ŠE‘ª’nŒn,,¼‰ÍŒ´“Œ,,https://logoform.jp/form/AcMw/kdmtlightreport
352071,,kdmtscl02287,16008-108,,,––•,34.01839472,131.8603997,¢ŠE‘ª’nŒn,,¼’†’¬,,https://logoform.jp/form/AcMw/kdmtlightreport
352071,,kdmtscl02288,16008-106,,,––•,34.01836889,131.860145,¢ŠE‘ª’nŒn,,¼’†’¬,,https://logoform.jp/form/AcMw/kdmtlightreport
352071,,kdmtscl02289,15080-101,,,’†‘º,34.03274778,131.8580894,¢ŠE‘ª’nŒn,,¼‰ÍŒ´“Œ,,https://logoform.jp/form/AcMw/kdmtlightreport
352071,,kdmtscl02290,16008-105,,,––•,34.0183425,131.8599583,¢ŠE‘ª’nŒn,,¼’†’¬,,https://logoform.jp/form/AcMw/kdmtlightreport
352071,,kdmtscl02291,15080-102,,,’†‘º,34.03178778,131.8575294,¢ŠE‘ª’nŒn,,¼‰ÍŒ´“Œ,,https://logoform.jp/form/AcMw/kdmtlightreport
352071,,kdmtscl02292,18068-102,,,’†‘º,34.03068194,131.8568533,¢ŠE‘ª’nŒn,,¼‰ÍŒ´“Œ,,https://logoform.jp/form/AcMw/kdmtlightreport
352071,,kdmtscl02293,15080-104,,,’†‘º,34.0313575,131.8574844,¢ŠE‘ª’nŒn,,¼‰ÍŒ´“Œ,,https://logoform.jp/form/AcMw/kdmtlightreport
352071,,kdmtscl02294,15100-101,,,’†‘º,34.03066472,131.8595183,¢ŠE‘ª’nŒn,,“Œ‰ÍŒ´,,https://logoform.jp/form/AcMw/kdmtlightreport
352071,,kdmtscl02295,16008-104,,,––•,34.01816278,131.8596472,¢ŠE‘ª’nŒn,,¼’†’¬,,https://logoform.jp/form/AcMw/kdmtlightreport
352071,,kdmtscl02296,14006-108,,,‰Ô‰ª,34.03224667,131.8628217,¢ŠE‘ª’nŒn,,“Œ’†‘º,,https://logoform.jp/form/AcMw/kdmtlightreport
352071,,kdmtscl02297,14036-102,,,––•,34.01551278,131.85631,¢ŠE‘ª’nŒn,,‘åŠC’¬“Œ,,https://logoform.jp/form/AcMw/kdmtlightreport
352071,,kdmtscl02298,16075-101,,,‰Ô‰ª,34.03256444,131.8630994,¢ŠE‘ª’nŒn,,“Œ’†‘º,,https://logoform.jp/form/AcMw/kdmtlightreport
352071,,kdmtscl02299,15086-105,,,‰Ô‰ª,34.03286861,131.8633853,¢ŠE‘ª’nŒn,,“Œ’†‘º,,https://logoform.jp/form/AcMw/kdmtlightreport
352071,,kdmtscl02300,L2012-011,,,––•,34.01539139,131.8571714,¢ŠE‘ª’nŒn,,‘åŠC’¬“Œ,,https://logoform.jp/form/AcMw/kdmtlightreport
352071,,kdmtscl02301,13011-101,,,‰Ô‰ª,34.03269917,131.8622617,¢ŠE‘ª’nŒn,,“Œ’†‘º,,https://logoform.jp/form/AcMw/kdmtlightreport
352071,,kdmtscl02302,16068-101,,,––•,34.01744444,131.8606022,¢ŠE‘ª’nŒn,,’†‰›’¬,,https://logoform.jp/form/AcMw/kdmtlightreport
352071,,kdmtscl02303,13011-102,,,‰Ô‰ª,34.03297,131.8616531,¢ŠE‘ª’nŒn,,“Œ’†‘º,,https://logoform.jp/form/AcMw/kdmtlightreport
352071,,kdmtscl02304,16068-107,,,––•,34.01719139,131.8610008,¢ŠE‘ª’nŒn,,’†‰›’¬,,https://logoform.jp/form/AcMw/kdmtlightreport
352071,,kdmtscl02305,15100-110,,,’†‘º,34.02867222,131.8585833,¢ŠE‘ª’nŒn,,“Œ‰ÍŒ´,,https://logoform.jp/form/AcMw/kdmtlightreport
352071,,kdmtscl02306,14022-101,,,––•,34.01744417,131.8600911,¢ŠE‘ª’nŒn,,¼’†’¬,,https://logoform.jp/form/AcMw/kdmtlightreport
352071,,kdmtscl02307,16068-106,,,––•,34.01638222,131.8628481,¢ŠE‘ª’nŒn,,’†‰›’¬,,https://logoform.jp/form/AcMw/kdmtlightreport
352071,,kdmtscl02308,13012-105,,,––•,34.0165,131.8622358,¢ŠE‘ª’nŒn,,’†‰›’¬,,https://logoform.jp/form/AcMw/kdmtlightreport
352071,,kdmtscl02309,14018-107,,,––•,34.01688028,131.8616131,¢ŠE‘ª’nŒn,,’†‰›’¬,,https://logoform.jp/form/AcMw/kdmtlightreport
352071,,kdmtscl02310,13012-101,,,––•,34.01698167,131.8612833,¢ŠE‘ª’nŒn,,’†‰›’¬,,https://logoform.jp/form/AcMw/kdmtlightreport
352071,,kdmtscl02311,14009-101,,,‹v•Û,34.01972778,131.9049586,¢ŠE‘ª’nŒn,,‰Í“àã,,https://logoform.jp/form/AcMw/kdmtlightreport
352071,,kdmtscl02312,14018-108,,,––•,34.01790639,131.8609847,¢ŠE‘ª’nŒn,,’†‰›’¬,,https://logoform.jp/form/AcMw/kdmtlightreport
352071,,kdmtscl02313,16068-105,,,––•,34.01758417,131.8612019,¢ŠE‘ª’nŒn,,’†‰›’¬,,https://logoform.jp/form/AcMw/kdmtlightreport
352071,,kdmtscl02314,15016-101,,,––•,34.01745583,131.8614606,¢ŠE‘ª’nŒn,,’†‰›’¬,,https://logoform.jp/form/AcMw/kdmtlightreport
352071,,kdmtscl02315,14018-106,,,––•,34.01726917,131.8617469,¢ŠE‘ª’nŒn,,’†‰›’¬,,https://logoform.jp/form/AcMw/kdmtlightreport
352071,,kdmtscl02316,14018-105,,,––•,34.01687444,131.8623447,¢ŠE‘ª’nŒn,,’†‰›’¬,,https://logoform.jp/form/AcMw/kdmtlightreport
352071,,kdmtscl02317,14018-109,,,––•,34.01755694,131.8618031,¢ŠE‘ª’nŒn,,’†‰›’¬,,https://logoform.jp/form/AcMw/kdmtlightreport
352071,,kdmtscl02318,16068-104,,,––•,34.01795389,131.8616731,¢ŠE‘ª’nŒn,,’†‰›’¬,,https://logoform.jp/form/AcMw/kdmtlightreport
352071,,kdmtscl02319,14018-103,,,––•,34.01822083,131.8618708,¢ŠE‘ª’nŒn,,’†‰›’¬,,https://logoform.jp/form/AcMw/kdmtlightreport
352071,,kdmtscl02320,16068-102,,,––•,34.01784972,131.8622483,¢ŠE‘ª’nŒn,,’†‰›’¬,,https://logoform.jp/form/AcMw/kdmtlightreport
352071,,kdmtscl02321,13012-103,,,––•,34.01749806,131.8628333,¢ŠE‘ª’nŒn,,’†‰›’¬,,https://logoform.jp/form/AcMw/kdmtlightreport
352071,,kdmtscl02322,14018-104,,,––•,34.01728806,131.8631647,¢ŠE‘ª’nŒn,,’†‰›’¬,,https://logoform.jp/form/AcMw/kdmtlightreport
352071,,kdmtscl02323,15016-102,,,––•,34.01706667,131.8629633,¢ŠE‘ª’nŒn,,’†‰›’¬,,https://logoform.jp/form/AcMw/kdmtlightreport
352071,,kdmtscl02324,13012-104,,,––•,34.0175475,131.8621667,¢ŠE‘ª’nŒn,,’†‰›’¬,,https://logoform.jp/form/AcMw/kdmtlightreport
352071,,kdmtscl02325,18083-105,,,‰º¼,34.01679278,131.8832108,¢ŠE‘ª’nŒn,,º˜a’¬‚Q’š–Ú,,https://logoform.jp/form/AcMw/kdmtlightreport
352071,,kdmtscl02326,18083-119,,,‰º¼,34.01623806,131.8824769,¢ŠE‘ª’nŒn,,º˜a’¬‚Q’š–Ú,,https://logoform.jp/form/AcMw/kdmtlightreport
352071,,kdmtscl02327,18083-120,,,‰º¼,34.01603556,131.8822039,¢ŠE‘ª’nŒn,,º˜a’¬‚Q’š–Ú,,https://logoform.jp/form/AcMw/kdmtlightreport
352071,,kdmtscl02328,16076-104,,,‰º¼,34.01674361,131.8825633,¢ŠE‘ª’nŒn,,º˜a’¬‚Q’š–Ú,,https://logoform.jp/form/AcMw/kdmtlightreport
352071,,kdmtscl02329,16076-102,,,‰º¼,34.01732722,131.8827883,¢ŠE‘ª’nŒn,,º˜a’¬‚Q’š–Ú,,https://logoform.jp/form/AcMw/kdmtlightreport
352071,,kdmtscl02330,17077-103,,,‰º¼,34.01597306,131.8809839,¢ŠE‘ª’nŒn,,º˜a’Ê‚èã,,https://logoform.jp/form/AcMw/kdmtlightreport
352071,,kdmtscl02331,16068-103,,,––•,34.01724333,131.8626933,¢ŠE‘ª’nŒn,,’†‰›’¬,,https://logoform.jp/form/AcMw/kdmtlightreport
352071,,kdmtscl02332,14051-102,,,‰º¼,34.01569444,131.8800225,¢ŠE‘ª’nŒn,,º˜a’Ê‚èã,,https://logoform.jp/form/AcMw/kdmtlightreport
352071,,kdmtscl02333,16076-101,,,‰º¼,34.017005,131.8813797,¢ŠE‘ª’nŒn,,º˜a’¬‚Q’š–Ú,,https://logoform.jp/form/AcMw/kdmtlightreport
352071,,kdmtscl02334,16076-103,,,‰º¼,34.01721556,131.8820697,¢ŠE‘ª’nŒn,,º˜a’¬‚Q’š–Ú,,https://logoform.jp/form/AcMw/kdmtlightreport
352071,,kdmtscl02335,14018-101,,,––•,34.01841639,131.8613619,¢ŠE‘ª’nŒn,,’†‰›’¬,,https://logoform.jp/form/AcMw/kdmtlightreport
352071,,kdmtscl02336,16076-105,,,‰º¼,34.01743972,131.8814936,¢ŠE‘ª’nŒn,,º˜a’¬‚Q’š–Ú,,https://logoform.jp/form/AcMw/kdmtlightreport
352071,,kdmtscl02337,17051-105,,,‰º¼,34.01741694,131.8811489,¢ŠE‘ª’nŒn,,º˜a’¬‚P’š–Ú,,https://logoform.jp/form/AcMw/kdmtlightreport
352071,,kdmtscl02338,16008-107,,,––•,34.01867028,131.8599325,¢ŠE‘ª’nŒn,,¼’†’¬,,https://logoform.jp/form/AcMw/kdmtlightreport
352071,,kdmtscl02339,LB070-017,,,‰º¼,34.01735389,131.8808328,¢ŠE‘ª’nŒn,,º˜a’¬‚P’š–Ú,,https://logoform.jp/form/AcMw/kdmtlightreport
352071,,kdmtscl02340,LB070-018,,,‰º¼,34.01704389,131.8806839,¢ŠE‘ª’nŒn,,º˜a’¬‚P’š–Ú,,https://logoform.jp/form/AcMw/kdmtlightreport
352071,,kdmtscl02341,16096-101,,,––•,34.01588083,131.8594161,¢ŠE‘ª’nŒn,,–í¶’¬,,https://logoform.jp/form/AcMw/kdmtlightreport
352071,,kdmtscl02342,14056-104,,,‰º¼,34.01662972,131.8805075,¢ŠE‘ª’nŒn,,º˜a’¬‚P’š–Ú,,https://logoform.jp/form/AcMw/kdmtlightreport
352071,,kdmtscl02343,16096-104,,,––•,34.0156025,131.8599483,¢ŠE‘ª’nŒn,,–í¶’¬,,https://logoform.jp/form/AcMw/kdmtlightreport
352071,,kdmtscl02344,13089-104,,,‰º¼,34.01685194,131.8801389,¢ŠE‘ª’nŒn,,º˜a’¬‚P’š–Ú,,https://logoform.jp/form/AcMw/kdmtlightreport
352071,,kdmtscl02345,LB070-013,,,‰º¼,34.01779361,131.8810139,¢ŠE‘ª’nŒn,,º˜a’¬‚P’š–Ú,,https://logoform.jp/form/AcMw/kdmtlightreport
352071,,kdmtscl02346,L199104001,,,‰º¼,34.01778306,131.881125,¢ŠE‘ª’nŒn,,º˜a’¬‚P’š–Ú,,https://logoform.jp/form/AcMw/kdmtlightreport
352071,,kdmtscl02347,14056-103,,,‰º¼,34.01767639,131.8815022,¢ŠE‘ª’nŒn,,º˜a’¬‚P’š–Ú,,https://logoform.jp/form/AcMw/kdmtlightreport
352071,,kdmtscl02348,17051-104,,,‰º¼,34.01805417,131.8811322,¢ŠE‘ª’nŒn,,º˜a’¬‚P’š–Ú,,https://logoform.jp/form/AcMw/kdmtlightreport
352071,,kdmtscl02349,13089-103,,,‰º¼,34.01818139,131.8806803,¢ŠE‘ª’nŒn,,º˜a’¬‚P’š–Ú,,https://logoform.jp/form/AcMw/kdmtlightreport
352071,,kdmtscl02350,13089-101,,,‰º¼,34.01842861,131.880785,¢ŠE‘ª’nŒn,,º˜a’¬‚P’š–Ú,,https://logoform.jp/form/AcMw/kdmtlightreport
352071,,kdmtscl02351,17051-106,,,‰º¼,34.01862361,131.880865,¢ŠE‘ª’nŒn,,º˜a’¬‚P’š–Ú,,https://logoform.jp/form/AcMw/kdmtlightreport
352071,,kdmtscl02352,17051-103,,,‰º¼,34.01848222,131.8812197,¢ŠE‘ª’nŒn,,º˜a’¬‚P’š–Ú,,https://logoform.jp/form/AcMw/kdmtlightreport
352071,,kdmtscl02353,17051-107,,,‰º¼,34.01885167,131.8805136,¢ŠE‘ª’nŒn,,º˜a’¬‚P’š–Ú,,https://logoform.jp/form/AcMw/kdmtlightreport
352071,,kdmtscl02354,L199300406,,,‰º¼,34.01856861,131.8803961,¢ŠE‘ª’nŒn,,º˜a’¬‚P’š–Ú,,https://logoform.jp/form/AcMw/kdmtlightreport
352071,,kdmtscl02355,13089-105,,,‰º¼,34.01825972,131.8802522,¢ŠE‘ª’nŒn,,º˜a’¬‚P’š–Ú,,https://logoform.jp/form/AcMw/kdmtlightreport
352071,,kdmtscl02356,L199300407,,,‰º¼,34.01828889,131.8804047,¢ŠE‘ª’nŒn,,º˜a’¬‚P’š–Ú,,https://logoform.jp/form/AcMw/kdmtlightreport
352071,,kdmtscl02357,L199300408,,,‰º¼,34.01837111,131.8801075,¢ŠE‘ª’nŒn,,º˜a’¬‚P’š–Ú,,https://logoform.jp/form/AcMw/kdmtlightreport
352071,,kdmtscl02358,17051-108,,,‰º¼,34.01798167,131.8801375,¢ŠE‘ª’nŒn,,º˜a’¬‚P’š–Ú,,https://logoform.jp/form/AcMw/kdmtlightreport
352071,,kdmtscl02359,17051-109,,,‰º¼,34.01787972,131.88056,¢ŠE‘ª’nŒn,,º˜a’¬‚P’š–Ú,,https://logoform.jp/form/AcMw/kdmtlightreport
352071,,kdmtscl02360,L199300411,,,‰º¼,34.0170125,131.8801978,¢ŠE‘ª’nŒn,,º˜a’¬‚P’š–Ú,,https://logoform.jp/form/AcMw/kdmtlightreport
352071,,kdmtscl02361,14056-101,,,‰º¼,34.01750389,131.8803322,¢ŠE‘ª’nŒn,,º˜a’¬‚P’š–Ú,,https://logoform.jp/form/AcMw/kdmtlightreport
352071,,kdmtscl02362,14056-102,,,‰º¼,34.01760194,131.8799636,¢ŠE‘ª’nŒn,,º˜a’¬‚P’š–Ú,,https://logoform.jp/form/AcMw/kdmtlightreport
352071,,kdmtscl02363,15043-104,,,‰º¼,34.01659917,131.8858744,¢ŠE‘ª’nŒn,,‹gŒ´,,https://logoform.jp/form/AcMw/kdmtlightreport
352071,,kdmtscl02364,15043-105,,,‰º¼,34.01755472,131.8835658,¢ŠE‘ª’nŒn,,‹gŒ´,,https://logoform.jp/form/AcMw/kdmtlightreport
352071,,kdmtscl02365,15043-106,,,‰º¼,34.01840139,131.8827397,¢ŠE‘ª’nŒn,,‹gŒ´,,https://logoform.jp/form/AcMw/kdmtlightreport
352071,,kdmtscl02366,15043-107,,,‰º¼,34.01888806,131.8829483,¢ŠE‘ª’nŒn,,‹gŒ´,,https://logoform.jp/form/AcMw/kdmtlightreport
352071,,kdmtscl02367,15043-103,,,‰º¼,34.01935,131.8817325,¢ŠE‘ª’nŒn,,‹gŒ´,,https://logoform.jp/form/AcMw/kdmtlightreport
352071,,kdmtscl02368,13039-103,,,‰º¼,34.01944278,131.8808075,¢ŠE‘ª’nŒn,,‹gŒ´,,https://logoform.jp/form/AcMw/kdmtlightreport
352071,,kdmtscl02369,15043-108,,,‰º¼,34.01923056,131.8811322,¢ŠE‘ª’nŒn,,‹gŒ´,,https://logoform.jp/form/AcMw/kdmtlightreport
352071,,kdmtscl02370,16010-102,,,‰Ô‰ª,34.03397306,131.8715897,¢ŠE‘ª’nŒn,,íX“Œ,,https://logoform.jp/form/AcMw/kdmtlightreport
352071,,kdmtscl02371,13092-101,,,‰º¼,34.01173806,131.8718036,¢ŠE‘ª’nŒn,,“s’¬,,https://logoform.jp/form/AcMw/kdmtlightreport
352071,,kdmtscl02372,16080-102,,,‰Ô‰ª,34.03418972,131.8704556,¢ŠE‘ª’nŒn,,¼íX,,https://logoform.jp/form/AcMw/kdmtlightreport
352071,,kdmtscl02373,17107-102,,,‰º¼,34.01097861,131.8711675,¢ŠE‘ª’nŒn,,Š“c,,https://logoform.jp/form/AcMw/kdmtlightreport
352071,,kdmtscl02374,16080-101,,,‰Ô‰ª,34.03362056,131.8699919,¢ŠE‘ª’nŒn,,¼íX,,https://logoform.jp/form/AcMw/kdmtlightreport
352071,,kdmtscl02375,16082-101,,,‰º¼,34.01138167,131.8704222,¢ŠE‘ª’nŒn,,–k“l’¬,,https://logoform.jp/form/AcMw/kdmtlightreport
352071,,kdmtscl02376,15078-101,,,‰Ô‰ª,34.03329778,131.8697319,¢ŠE‘ª’nŒn,,¼íX,,https://logoform.jp/form/AcMw/kdmtlightreport
352071,,kdmtscl02377,16082-102,,,‰º¼,34.01121194,131.8701022,¢ŠE‘ª’nŒn,,–k“l’¬,,https://logoform.jp/form/AcMw/kdmtlightreport
352071,,kdmtscl02378,16037-106,,,‰º¼,34.01146028,131.8700825,¢ŠE‘ª’nŒn,,ã‰h’¬,,https://logoform.jp/form/AcMw/kdmtlightreport
352071,,kdmtscl02379,16082-103,,,‰º¼,34.01101944,131.869705,¢ŠE‘ª’nŒn,,–k“l’¬,,https://logoform.jp/form/AcMw/kdmtlightreport
352071,,kdmtscl02380,L199102501,,,‰Ô‰ª,34.03545194,131.8687964,¢ŠE‘ª’nŒn,,¬˜HŒû,,https://logoform.jp/form/AcMw/kdmtlightreport
352071,,kdmtscl02381,16037-105,,,‰º¼,34.01140583,131.8696189,¢ŠE‘ª’nŒn,,ã‰h’¬,,https://logoform.jp/form/AcMw/kdmtlightreport
352071,,kdmtscl02382,18032-101,,,‰Ô‰ª,34.03494444,131.8708869,¢ŠE‘ª’nŒn,,Œä—·,,https://logoform.jp/form/AcMw/kdmtlightreport
352071,,kdmtscl02383,18032-102,,,‰Ô‰ª,34.03491972,131.8716919,¢ŠE‘ª’nŒn,,Œä—·,,https://logoform.jp/form/AcMw/kdmtlightreport
352071,,kdmtscl02384,15013-103,,,‰Ô‰ª,34.03684722,131.8719467,¢ŠE‘ª’nŒn,,‰Ô‰ª’†s,,https://logoform.jp/form/AcMw/kdmtlightreport
352071,,kdmtscl02385,16034-103,,,‰Ô‰ª,34.036725,131.8732644,¢ŠE‘ª’nŒn,,‰Ô‰ªãs,,https://logoform.jp/form/AcMw/kdmtlightreport
352071,,kdmtscl02386,15092-108,,,‰º¼,34.01378083,131.8640231,¢ŠE‘ª’nŒn,,–ö,,https://logoform.jp/form/AcMw/kdmtlightreport
352071,,kdmtscl02387,15029-101,,,‰Ô‰ª,34.036635,131.8742292,¢ŠE‘ª’nŒn,,“Œ’¬,,https://logoform.jp/form/AcMw/kdmtlightreport
352071,,kdmtscl02388,16004-101,,,‰Ô‰ª,34.03534278,131.8708322,¢ŠE‘ª’nŒn,,¬˜HŒû,,https://logoform.jp/form/AcMw/kdmtlightreport
352071,,kdmtscl02389,L2012-020,,,‰Ô‰ª,34.03654306,131.8747467,¢ŠE‘ª’nŒn,,“Œ’¬,,https://logoform.jp/form/AcMw/kdmtlightreport
352071,,kdmtscl02390,14015-101,,,‰Ô‰ª,34.03569528,131.8712161,¢ŠE‘ª’nŒn,,”ª”¦’Ê‚è,,https://logoform.jp/form/AcMw/kdmtlightreport
352071,,kdmtscl02391,15092-106,,,‰º¼,34.01346778,131.8641953,¢ŠE‘ª’nŒn,,–ö,,https://logoform.jp/form/AcMw/kdmtlightreport
352071,,kdmtscl02392,17113-111,,,‰º¼,34.01326278,131.8637558,¢ŠE‘ª’nŒn,,–ö,,https://logoform.jp/form/AcMw/kdmtlightreport
352071,,kdmtscl02393,16052-102,,,‰Ô‰ª,34.03608639,131.8712372,¢ŠE‘ª’nŒn,,”ª”¦’Ê‚è,,https://logoform.jp/form/AcMw/kdmtlightreport
352071,,kdmtscl02394,15029-105,,,‰Ô‰ª,34.03715222,131.8749017,¢ŠE‘ª’nŒn,,“Œ’¬,,https://logoform.jp/form/AcMw/kdmtlightreport
352071,,kdmtscl02395,15019-102,,,‰Ô‰ª,34.03711222,131.8715358,¢ŠE‘ª’nŒn,,^’¬,,https://logoform.jp/form/AcMw/kdmtlightreport
352071,,kdmtscl02396,15092-003,,,‰º¼,34.01308444,131.8641031,¢ŠE‘ª’nŒn,,–ö,,https://logoform.jp/form/AcMw/kdmtlightreport
352071,,kdmtscl02397,15019-101,,,‰Ô‰ª,34.03732806,131.8715858,¢ŠE‘ª’nŒn,,^’¬,,https://logoform.jp/form/AcMw/kdmtlightreport
352071,,kdmtscl02398,15092-104,,,‰º¼,34.0132775,131.8645019,¢ŠE‘ª’nŒn,,–ö,,https://logoform.jp/form/AcMw/kdmtlightreport
352071,,kdmtscl02399,15019-103,,,‰Ô‰ª,34.036925,131.8712747,¢ŠE‘ª’nŒn,,^’¬,,https://logoform.jp/form/AcMw/kdmtlightreport
352071,,kdmtscl02400,15092-101,,,‰º¼,34.01296472,131.8648717,¢ŠE‘ª’nŒn,,–ö,,https://logoform.jp/form/AcMw/kdmtlightreport
352071,,kdmtscl02401,17035-105,,,‰Ô‰ª,34.03748056,131.8752164,¢ŠE‘ª’nŒn,,“Œ’¬,,https://logoform.jp/form/AcMw/kdmtlightreport
352071,,kdmtscl02402,15092-102,,,‰º¼,34.01282944,131.8645667,¢ŠE‘ª’nŒn,,–ö,,https://logoform.jp/form/AcMw/kdmtlightreport
352071,,kdmtscl02403,15019-104,,,‰Ô‰ª,34.03696639,131.8709144,¢ŠE‘ª’nŒn,,^’¬,,https://logoform.jp/form/AcMw/kdmtlightreport
352071,,kdmtscl02404,18116-104,,,‰º¼,34.01114056,131.8664992,¢ŠE‘ª’nŒn,,‰º‰h’¬,,https://logoform.jp/form/AcMw/kdmtlightreport
352071,,kdmtscl02405,15029-107,,,‰Ô‰ª,34.03740889,131.8755528,¢ŠE‘ª’nŒn,,“Œ’¬,,https://logoform.jp/form/AcMw/kdmtlightreport
352071,,kdmtscl02406,15019-105,,,‰Ô‰ª,34.03699806,131.8705094,¢ŠE‘ª’nŒn,,^’¬,,https://logoform.jp/form/AcMw/kdmtlightreport
352071,,kdmtscl02407,15029-108,,,‰Ô‰ª,34.03734417,131.8761703,¢ŠE‘ª’nŒn,,“Œ’¬,,https://logoform.jp/form/AcMw/kdmtlightreport
352071,,kdmtscl02408,18042-103,,,‰Ô‰ª,34.03705167,131.8700583,¢ŠE‘ª’nŒn,,‘å•’¬,,https://logoform.jp/form/AcMw/kdmtlightreport
352071,,kdmtscl02409,16069-101,,,‰Ô‰ª,34.03686528,131.8778603,¢ŠE‘ª’nŒn,,‰º‘º¼,,https://logoform.jp/form/AcMw/kdmtlightreport
352071,,kdmtscl02410,14070-101,,,‰º¼,34.00799028,131.8642742,¢ŠE‘ª’nŒn,,`’¬,,https://logoform.jp/form/AcMw/kdmtlightreport
352071,,kdmtscl02411,13056-101,,,‰Ô‰ª,34.03750917,131.8701047,¢ŠE‘ª’nŒn,,‘å•’¬,,https://logoform.jp/form/AcMw/kdmtlightreport
352071,,kdmtscl02412,13009-105,,,––•,34.02925889,131.8693864,¢ŠE‘ª’nŒn,,“¡Œõã,,https://logoform.jp/form/AcMw/kdmtlightreport
352071,,kdmtscl02413,18042-104,,,‰Ô‰ª,34.03712333,131.8695569,¢ŠE‘ª’nŒn,,‘å•’¬,,https://logoform.jp/form/AcMw/kdmtlightreport
352071,,kdmtscl02414,15040-101,,,‰º¼,34.00771917,131.8644583,¢ŠE‘ª’nŒn,,`’¬,,https://logoform.jp/form/AcMw/kdmtlightreport
352071,,kdmtscl02415,15009-101,,,‰Ô‰ª,34.03717694,131.8690647,¢ŠE‘ª’nŒn,,‰Ô‰ª¼’¬,,https://logoform.jp/form/AcMw/kdmtlightreport
352071,,kdmtscl02416,13100-103,,,‰º¼,34.00786278,131.8644294,¢ŠE‘ª’nŒn,,`’¬,,https://logoform.jp/form/AcMw/kdmtlightreport
352071,,kdmtscl02417,L2011-047,,,‰º¼,34.01090056,131.8649428,¢ŠE‘ª’nŒn,,‘Š¶’¬,,https://logoform.jp/form/AcMw/kdmtlightreport
352071,,kdmtscl02418,14034-101,,,––•,34.02887389,131.8694514,¢ŠE‘ª’nŒn,,“¡Œõã,,https://logoform.jp/form/AcMw/kdmtlightreport
352071,,kdmtscl02419,13031-101,,,‰º¼,34.00640944,131.8680853,¢ŠE‘ª’nŒn,,¼_’¬–{’Ê‚è,,https://logoform.jp/form/AcMw/kdmtlightreport
352071,,kdmtscl02420,17091-101,,,––•,34.0286475,131.8697097,¢ŠE‘ª’nŒn,,“¡Œõã,,https://logoform.jp/form/AcMw/kdmtlightreport
352071,,kdmtscl02421,16018-104,,,‰Ô‰ª,34.03728722,131.8780222,¢ŠE‘ª’nŒn,,@,,https://logoform.jp/form/AcMw/kdmtlightreport
352071,,kdmtscl02422,14019-101,,,‰º¼,34.00675722,131.8676639,¢ŠE‘ª’nŒn,,V’¬,,https://logoform.jp/form/AcMw/kdmtlightreport
352071,,kdmtscl02423,L2011-029,,,‰Ô‰ª,34.03724333,131.8687433,¢ŠE‘ª’nŒn,,‰Ô‰ª¼’¬,,https://logoform.jp/form/AcMw/kdmtlightreport
352071,,kdmtscl02424,15033-101,,,––•,34.02913167,131.8695239,¢ŠE‘ª’nŒn,,“¡Œõã,,https://logoform.jp/form/AcMw/kdmtlightreport
352071,,kdmtscl02425,L2011-046,,,‰º¼,34.01077611,131.8653881,¢ŠE‘ª’nŒn,,‘Š¶’¬,,https://logoform.jp/form/AcMw/kdmtlightreport
352071,,kdmtscl02426,14019-102,,,‰º¼,34.00722583,131.8671128,¢ŠE‘ª’nŒn,,V’¬,,https://logoform.jp/form/AcMw/kdmtlightreport
352071,,kdmtscl02427,17018-101,,,‰Ô‰ª,34.03687167,131.8785353,¢ŠE‘ª’nŒn,,‰º‘º“Œ,,https://logoform.jp/form/AcMw/kdmtlightreport
352071,,kdmtscl02428,13009-104,,,––•,34.02930917,131.8701547,¢ŠE‘ª’nŒn,,“¡Œõã,,https://logoform.jp/form/AcMw/kdmtlightreport
352071,,kdmtscl02429,15079-102,,,‰º¼,34.00773389,131.8663242,¢ŠE‘ª’nŒn,,Œ³’¬“Œ,,https://logoform.jp/form/AcMw/kdmtlightreport
352071,,kdmtscl02430,L2012-025,,,––•,34.02926806,131.8698222,¢ŠE‘ª’nŒn,,“¡Œõã,,https://logoform.jp/form/AcMw/kdmtlightreport
352071,,kdmtscl02431,16038-101,,,‰Ô‰ª,34.03603444,131.8791978,¢ŠE‘ª’nŒn,,‰º‘º“Œ,,https://logoform.jp/form/AcMw/kdmtlightreport
352071,,kdmtscl02432,L2011-113,,,‰º¼,34.01167111,131.8643617,¢ŠE‘ª’nŒn,,’†s,,https://logoform.jp/form/AcMw/kdmtlightreport
352071,,kdmtscl02433,15079-101,,,‰º¼,34.00790083,131.8661903,¢ŠE‘ª’nŒn,,Œ³’¬“Œ,,https://logoform.jp/form/AcMw/kdmtlightreport
352071,,kdmtscl02434,L2012-024,,,––•,34.02943556,131.8682547,¢ŠE‘ª’nŒn,,“¡Œõã,,https://logoform.jp/form/AcMw/kdmtlightreport
352071,,kdmtscl02435,15009-104,,,‰Ô‰ª,34.03682306,131.8686136,¢ŠE‘ª’nŒn,,‰Ô‰ª¼’¬,,https://logoform.jp/form/AcMw/kdmtlightreport
352071,,kdmtscl02436,L2012-023,,,––•,34.02883917,131.868,¢ŠE‘ª’nŒn,,“¡Œõã,,https://logoform.jp/form/AcMw/kdmtlightreport
352071,,kdmtscl02437,15079-103,,,‰º¼,34.00763861,131.8670967,¢ŠE‘ª’nŒn,,Œ³’¬“Œ,,https://logoform.jp/form/AcMw/kdmtlightreport
352071,,kdmtscl02438,13035-101,,,‰º¼,34.00794528,131.86821,¢ŠE‘ª’nŒn,,V’¬,,https://logoform.jp/form/AcMw/kdmtlightreport
352071,,kdmtscl02439,L2011-114,,,‰º¼,34.01145583,131.8640658,¢ŠE‘ª’nŒn,,’†s,,https://logoform.jp/form/AcMw/kdmtlightreport
352071,,kdmtscl02440,15009-102,,,‰Ô‰ª,34.03662667,131.8684236,¢ŠE‘ª’nŒn,,‰Ô‰ª¼’¬,,https://logoform.jp/form/AcMw/kdmtlightreport
352071,,kdmtscl02441,15079-104,,,‰º¼,34.00806306,131.867645,¢ŠE‘ª’nŒn,,Œ³’¬“Œ,,https://logoform.jp/form/AcMw/kdmtlightreport
352071,,kdmtscl02442,16069-102,,,‰Ô‰ª,34.03663278,131.8778622,¢ŠE‘ª’nŒn,,‰º‘º¼,,https://logoform.jp/form/AcMw/kdmtlightreport
352071,,kdmtscl02443,13100-101,,,‰º¼,34.00839333,131.8654167,¢ŠE‘ª’nŒn,,`’¬,,https://logoform.jp/form/AcMw/kdmtlightreport
352071,,kdmtscl02444,13102-102,,,‰Ô‰ª,34.03578444,131.8702183,¢ŠE‘ª’nŒn,,”ª”¦’Ê‚è,,https://logoform.jp/form/AcMw/kdmtlightreport
352071,,kdmtscl02445,17071-101,,,‰º¼,34.01283722,131.8638483,¢ŠE‘ª’nŒn,,“Œ”óƒmã,,https://logoform.jp/form/AcMw/kdmtlightreport
352071,,kdmtscl02446,14034-107,,,––•,34.03052361,131.8691989,¢ŠE‘ª’nŒn,,“¡Œõã,,https://logoform.jp/form/AcMw/kdmtlightreport
352071,,kdmtscl02447,13100-104,,,‰º¼,34.00851833,131.8651078,¢ŠE‘ª’nŒn,,`’¬,,https://logoform.jp/form/AcMw/kdmtlightreport
352071,,kdmtscl02448,16069-105,,,‰Ô‰ª,34.03613778,131.8774714,¢ŠE‘ª’nŒn,,‰º‘º¼,,https://logoform.jp/form/AcMw/kdmtlightreport
352071,,kdmtscl02449,14070-102,,,‰º¼,34.00864361,131.8646442,¢ŠE‘ª’nŒn,,`’¬,,https://logoform.jp/form/AcMw/kdmtlightreport
352071,,kdmtscl02450,L2012-073,,,‰º¼,34.009035,131.8653428,¢ŠE‘ª’nŒn,,ˆ®’¬,,https://logoform.jp/form/AcMw/kdmtlightreport
352071,,kdmtscl02451,16002-101,,,‰Ô‰ª,34.02905472,131.8659178,¢ŠE‘ª’nŒn,,‰º‚’Ë,,https://logoform.jp/form/AcMw/kdmtlightreport
352071,,kdmtscl02452,L2011-045,,,‰º¼,34.01044333,131.8657019,¢ŠE‘ª’nŒn,,‘Š¶’¬,,https://logoform.jp/form/AcMw/kdmtlightreport
352071,,kdmtscl02453,13102-101,,,‰Ô‰ª,34.03581639,131.8708686,¢ŠE‘ª’nŒn,,”ª”¦’Ê‚è,,https://logoform.jp/form/AcMw/kdmtlightreport
352071,,kdmtscl02454,16069-104,,,‰Ô‰ª,34.03620611,131.8765653,¢ŠE‘ª’nŒn,,‰º‘º¼,,https://logoform.jp/form/AcMw/kdmtlightreport
352071,,kdmtscl02455,17004-101,,,‰º¼,34.00981694,131.8656592,¢ŠE‘ª’nŒn,,–{’¬,,https://logoform.jp/form/AcMw/kdmtlightreport
352071,,kdmtscl02456,15096-110,,,‰Ô‰ª,34.02951556,131.8662603,¢ŠE‘ª’nŒn,,‰º‚’Ë,,https://logoform.jp/form/AcMw/kdmtlightreport
352071,,kdmtscl02457,15096-109,,,‰Ô‰ª,34.02983528,131.8665467,¢ŠE‘ª’nŒn,,‰º‚’Ë,,https://logoform.jp/form/AcMw/kdmtlightreport
352071,,kdmtscl02458,14064-101,,,‰Ô‰ª,34.03556472,131.8683661,¢ŠE‘ª’nŒn,,¼íX,,https://logoform.jp/form/AcMw/kdmtlightreport
352071,,kdmtscl02459,15029-102,,,‰Ô‰ª,34.03680667,131.8761128,¢ŠE‘ª’nŒn,,“Œ’¬,,https://logoform.jp/form/AcMw/kdmtlightreport
352071,,kdmtscl02460,L2011-112,,,‰º¼,34.01174889,131.8649267,¢ŠE‘ª’nŒn,,’†s,,https://logoform.jp/form/AcMw/kdmtlightreport
352071,,kdmtscl02461,14064-102,,,‰Ô‰ª,34.03508083,131.8682136,¢ŠE‘ª’nŒn,,¼íX,,https://logoform.jp/form/AcMw/kdmtlightreport
352071,,kdmtscl02462,15096-107,,,‰Ô‰ª,34.03046306,131.8670983,¢ŠE‘ª’nŒn,,‰º‚’Ë,,https://logoform.jp/form/AcMw/kdmtlightreport
352071,,kdmtscl02463,15096-108,,,‰Ô‰ª,34.03023306,131.8669061,¢ŠE‘ª’nŒn,,‰º‚’Ë,,https://logoform.jp/form/AcMw/kdmtlightreport
352071,,kdmtscl02464,17017-101,,,‰º¼,34.0109975,131.867595,¢ŠE‘ª’nŒn,,‰º‰h’¬,,https://logoform.jp/form/AcMw/kdmtlightreport
352071,,kdmtscl02465,16080-103,,,‰Ô‰ª,34.03464611,131.8679572,¢ŠE‘ª’nŒn,,¼íX,,https://logoform.jp/form/AcMw/kdmtlightreport
352071,,kdmtscl02466,15096-106,,,‰Ô‰ª,34.03084972,131.8673875,¢ŠE‘ª’nŒn,,‰º‚’Ë,,https://logoform.jp/form/AcMw/kdmtlightreport
352071,,kdmtscl02467,L2012-109,,,‰º¼,34.01141528,131.8678364,¢ŠE‘ª’nŒn,,‰º‰h’¬,,https://logoform.jp/form/AcMw/kdmtlightreport
352071,,kdmtscl02468,17107-101,,,‰º¼,34.01002194,131.8714822,¢ŠE‘ª’nŒn,,Š“c,,https://logoform.jp/form/AcMw/kdmtlightreport
352071,,kdmtscl02469,L2012-021,,,‰Ô‰ª,34.03633333,131.8758256,¢ŠE‘ª’nŒn,,“Œ’¬,,https://logoform.jp/form/AcMw/kdmtlightreport
352071,,kdmtscl02470,15096-105,,,‰Ô‰ª,34.03114222,131.8676775,¢ŠE‘ª’nŒn,,‰º‚’Ë,,https://logoform.jp/form/AcMw/kdmtlightreport
352071,,kdmtscl02471,L2012-052,,,‰º¼,34.01210222,131.8677414,¢ŠE‘ª’nŒn,,‰º‰h’¬,,https://logoform.jp/form/AcMw/kdmtlightreport
352071,,kdmtscl02472,18147-101,,,‰º¼,34.00792417,131.8715197,¢ŠE‘ª’nŒn,,‰º¼si‹³ˆçˆÏˆõ‰ï@‹³ˆç‘–±‰Ûj,,https://logoform.jp/form/AcMw/kdmtlightreport
352071,,kdmtscl02473,17092-104,,,‰Ô‰ª,34.03431528,131.8677158,¢ŠE‘ª’nŒn,,¼íX,,https://logoform.jp/form/AcMw/kdmtlightreport
352071,,kdmtscl02474,L2012-075,,,‰Ô‰ª,34.03645111,131.8752739,¢ŠE‘ª’nŒn,,“Œ’¬,,https://logoform.jp/form/AcMw/kdmtlightreport
352071,,kdmtscl02475,L2012-051,,,‰º¼,34.01221194,131.8679336,¢ŠE‘ª’nŒn,,‰º‰h’¬,,https://logoform.jp/form/AcMw/kdmtlightreport
352071,,kdmtscl02476,18064-118,,,‰º¼,34.00632472,131.8703361,¢ŠE‘ª’nŒn,,ŒÃì’¬,,https://logoform.jp/form/AcMw/kdmtlightreport
352071,,kdmtscl02477,16002-103,,,‰Ô‰ª,34.03104389,131.86855,¢ŠE‘ª’nŒn,,‰º‚’Ë,,https://logoform.jp/form/AcMw/kdmtlightreport
352071,,kdmtscl02478,17017-103,,,‰º¼,34.01229167,131.8680764,¢ŠE‘ª’nŒn,,‰º‰h’¬,,https://logoform.jp/form/AcMw/kdmtlightreport
352071,,kdmtscl02479,17017-102,,,‰º¼,34.01236806,131.8682339,¢ŠE‘ª’nŒn,,‰º‰h’¬,,https://logoform.jp/form/AcMw/kdmtlightreport
352071,,kdmtscl02480,17035-106,,,‰Ô‰ª,34.03716278,131.8757164,¢ŠE‘ª’nŒn,,“Œ’¬,,https://logoform.jp/form/AcMw/kdmtlightreport
352071,,kdmtscl02481,14077-102,,,‰º¼,34.01286389,131.8684375,¢ŠE‘ª’nŒn,,‘åè’¬,,https://logoform.jp/form/AcMw/kdmtlightreport
352071,,kdmtscl02482,16002-102,,,‰Ô‰ª,34.03130472,131.8680972,¢ŠE‘ª’nŒn,,‰º‚’Ë,,https://logoform.jp/form/AcMw/kdmtlightreport
352071,,kdmtscl02483,16090-102,,,‰Ô‰ª,34.02871056,131.8664825,¢ŠE‘ª’nŒn,,º˜a,,https://logoform.jp/form/AcMw/kdmtlightreport
352071,,kdmtscl02484,18087-108,,,‰Ô‰ª,34.03345611,131.8672736,¢ŠE‘ª’nŒn,,“Œ’†‘º,,https://logoform.jp/form/AcMw/kdmtlightreport
352071,,kdmtscl02485,18005-108,,,‰Ô‰ª,34.03110861,131.86657,¢ŠE‘ª’nŒn,,‰º‚’Ë,,https://logoform.jp/form/AcMw/kdmtlightreport
352071,,kdmtscl02486,15029-106,,,‰Ô‰ª,34.03624444,131.8747267,¢ŠE‘ª’nŒn,,“Œ’¬,,https://logoform.jp/form/AcMw/kdmtlightreport
352071,,kdmtscl02487,15096-104,,,‰Ô‰ª,34.03169972,131.8676189,¢ŠE‘ª’nŒn,,‰º‚’Ë,,https://logoform.jp/form/AcMw/kdmtlightreport
352071,,kdmtscl02488,15013-101,,,‰Ô‰ª,34.03644944,131.8724042,¢ŠE‘ª’nŒn,,‰Ô‰ª’†s,,https://logoform.jp/form/AcMw/kdmtlightreport
352071,,kdmtscl02489,15096-103,,,‰Ô‰ª,34.03149528,131.8680214,¢ŠE‘ª’nŒn,,‰º‚’Ë,,https://logoform.jp/form/AcMw/kdmtlightreport
352071,,kdmtscl02490,15103-102,,,‰º¼,34.00944111,131.8703472,¢ŠE‘ª’nŒn,,–k“l’¬,,https://logoform.jp/form/AcMw/kdmtlightreport
352071,,kdmtscl02491,15096-102,,,‰Ô‰ª,34.03181556,131.8683239,¢ŠE‘ª’nŒn,,‰º‚’Ë,,https://logoform.jp/form/AcMw/kdmtlightreport
352071,,kdmtscl02492,15103-101,,,‰º¼,34.00974889,131.8700625,¢ŠE‘ª’nŒn,,–k“l’¬,,https://logoform.jp/form/AcMw/kdmtlightreport
352071,,kdmtscl02493,16051-102,,,‰Ô‰ª,34.03616167,131.8723692,¢ŠE‘ª’nŒn,,ã‚’Ë,,https://logoform.jp/form/AcMw/kdmtlightreport
352071,,kdmtscl02494,15096-101,,,‰Ô‰ª,34.03217944,131.8686739,¢ŠE‘ª’nŒn,,‰º‚’Ë,,https://logoform.jp/form/AcMw/kdmtlightreport
352071,,kdmtscl02495,17012-101,,,‰º¼,34.01280194,131.8662917,¢ŠE‘ª’nŒn,,‘åè’¬,,https://logoform.jp/form/AcMw/kdmtlightreport
352071,,kdmtscl02496,13011-103,,,‰Ô‰ª,34.03360833,131.8654239,¢ŠE‘ª’nŒn,,“Œ’†‘º,,https://logoform.jp/form/AcMw/kdmtlightreport
352071,,kdmtscl02497,17086-106,,,‰º¼,34.00964111,131.8643181,¢ŠE‘ª’nŒn,,‚»’¬“Œ,,https://logoform.jp/form/AcMw/kdmtlightreport
352071,,kdmtscl02498,16002-104,,,‰Ô‰ª,34.03247028,131.8689658,¢ŠE‘ª’nŒn,,‰º‚’Ë,,https://logoform.jp/form/AcMw/kdmtlightreport
352071,,kdmtscl02499,18085-101,,,‰Ô‰ª,34.03617444,131.8735769,¢ŠE‘ª’nŒn,,‰Ô‰ªãs,,https://logoform.jp/form/AcMw/kdmtlightreport
352071,,kdmtscl02500,15086-102,,,‰Ô‰ª,34.03327194,131.8651211,¢ŠE‘ª’nŒn,,“Œ’†‘º,,https://logoform.jp/form/AcMw/kdmtlightreport
352071,,kdmtscl02501,14077-101,,,‰º¼,34.01306139,131.8666289,¢ŠE‘ª’nŒn,,‘åè’¬,,https://logoform.jp/form/AcMw/kdmtlightreport
352071,,kdmtscl02502,14006-109,,,‰Ô‰ª,34.03266028,131.8641075,¢ŠE‘ª’nŒn,,“Œ’†‘º,,https://logoform.jp/form/AcMw/kdmtlightreport
352071,,kdmtscl02503,14006-103,,,‰Ô‰ª,34.03396694,131.8652803,¢ŠE‘ª’nŒn,,“Œ’†‘º,,https://logoform.jp/form/AcMw/kdmtlightreport
352071,,kdmtscl02504,14006-105,,,‰Ô‰ª,34.03233972,131.8651128,¢ŠE‘ª’nŒn,,“Œ’†‘º,,https://logoform.jp/form/AcMw/kdmtlightreport
352071,,kdmtscl02505,13014-105,,,‰º¼,34.01329972,131.8661717,¢ŠE‘ª’nŒn,,‘åè’¬,,https://logoform.jp/form/AcMw/kdmtlightreport
352071,,kdmtscl02506,13011-104,,,‰Ô‰ª,34.0339075,131.8657317,¢ŠE‘ª’nŒn,,“Œ’†‘º,,https://logoform.jp/form/AcMw/kdmtlightreport
352071,,kdmtscl02507,17018-104,,,‰Ô‰ª,34.03412944,131.8798589,¢ŠE‘ª’nŒn,,‰º‘º“Œ,,https://logoform.jp/form/AcMw/kdmtlightreport
352071,,kdmtscl02508,15092-109,,,‰º¼,34.01379361,131.8657367,¢ŠE‘ª’nŒn,,–ö,,https://logoform.jp/form/AcMw/kdmtlightreport
352071,,kdmtscl02509,18028-109,,,‰º¼,34.01452528,131.8655453,¢ŠE‘ª’nŒn,,–ö,,https://logoform.jp/form/AcMw/kdmtlightreport
352071,,kdmtscl02510,17018-105,,,‰Ô‰ª,34.03354167,131.87985,¢ŠE‘ª’nŒn,,‰º‘º“Œ,,https://logoform.jp/form/AcMw/kdmtlightreport
352071,,kdmtscl02511,18028-108,,,‰º¼,34.0149025,131.8652567,¢ŠE‘ª’nŒn,,–ö,,https://logoform.jp/form/AcMw/kdmtlightreport
352071,,kdmtscl02512,13011-105,,,‰Ô‰ª,34.03427694,131.8660742,¢ŠE‘ª’nŒn,,“Œ’†‘º,,https://logoform.jp/form/AcMw/kdmtlightreport
352071,,kdmtscl02513,14085-101,,,‰º¼,34.01489944,131.8646339,¢ŠE‘ª’nŒn,,–ö,,https://logoform.jp/form/AcMw/kdmtlightreport
352071,,kdmtscl02514,16058-101,,,‰º¼,34.01452361,131.8642678,¢ŠE‘ª’nŒn,,–ö,,https://logoform.jp/form/AcMw/kdmtlightreport
352071,,kdmtscl02515,16058-103,,,‰º¼,34.01489333,131.8639731,¢ŠE‘ª’nŒn,,–ö,,https://logoform.jp/form/AcMw/kdmtlightreport
352071,,kdmtscl02516,16038-104,,,‰Ô‰ª,34.03337778,131.8796478,¢ŠE‘ª’nŒn,,‰º‘º“Œ,,https://logoform.jp/form/AcMw/kdmtlightreport
352071,,kdmtscl02517,15086-110,,,‰Ô‰ª,34.03396167,131.8666314,¢ŠE‘ª’nŒn,,“Œ’†‘º,,https://logoform.jp/form/AcMw/kdmtlightreport
352071,,kdmtscl02518,16058-104,,,‰º¼,34.01474528,131.8638078,¢ŠE‘ª’nŒn,,–ö,,https://logoform.jp/form/AcMw/kdmtlightreport
352071,,kdmtscl02519,16038-102,,,‰Ô‰ª,34.03395528,131.8780689,¢ŠE‘ª’nŒn,,‰º‘º“Œ,,https://logoform.jp/form/AcMw/kdmtlightreport
352071,,kdmtscl02520,14006-104,,,‰Ô‰ª,34.03373667,131.8669511,¢ŠE‘ª’nŒn,,“Œ’†‘º,,https://logoform.jp/form/AcMw/kdmtlightreport
352071,,kdmtscl02521,15092-110,,,‰º¼,34.01418167,131.8668461,¢ŠE‘ª’nŒn,,–ö,,https://logoform.jp/form/AcMw/kdmtlightreport
352071,,kdmtscl02522,16038-103,,,‰Ô‰ª,34.03372528,131.8783636,¢ŠE‘ª’nŒn,,‰º‘º“Œ,,https://logoform.jp/form/AcMw/kdmtlightreport
352071,,kdmtscl02523,13014-102,,,‰º¼,34.01356667,131.8666978,¢ŠE‘ª’nŒn,,‘åè’¬,,https://logoform.jp/form/AcMw/kdmtlightreport
352071,,kdmtscl02524,14006-106,,,‰Ô‰ª,34.0345675,131.8664625,¢ŠE‘ª’nŒn,,“Œ’†‘º,,https://logoform.jp/form/AcMw/kdmtlightreport
352071,,kdmtscl02525,13040-101,,,‰Ô‰ª,34.0323875,131.8705281,¢ŠE‘ª’nŒn,,íX“ì,,https://logoform.jp/form/AcMw/kdmtlightreport
352071,,kdmtscl02526,17018-106,,,‰Ô‰ª,34.0332275,131.8785264,¢ŠE‘ª’nŒn,,‰º‘º“Œ,,https://logoform.jp/form/AcMw/kdmtlightreport
352071,,kdmtscl02527,15086-101,,,‰Ô‰ª,34.03557833,131.865755,¢ŠE‘ª’nŒn,,“Œ’†‘º,,https://logoform.jp/form/AcMw/kdmtlightreport
352071,,kdmtscl02528,15011-102,,,‰Ô‰ª,34.03317139,131.8729942,¢ŠE‘ª’nŒn,,íX“Œ,,https://logoform.jp/form/AcMw/kdmtlightreport
352071,,kdmtscl02529,13040-102,,,‰Ô‰ª,34.03182139,131.8713594,¢ŠE‘ª’nŒn,,íX“ì,,https://logoform.jp/form/AcMw/kdmtlightreport
352071,,kdmtscl02530,L2012-070,,,‰Ô‰ª,34.03525306,131.86548,¢ŠE‘ª’nŒn,,“Œ’†‘º,,https://logoform.jp/form/AcMw/kdmtlightreport
352071,,kdmtscl02531,L2011-076,,,‰Ô‰ª,34.03433333,131.8647114,¢ŠE‘ª’nŒn,,“Œ’†‘º,,https://logoform.jp/form/AcMw/kdmtlightreport
352071,,kdmtscl02532,14006-110,,,‰Ô‰ª,34.03274417,131.8637303,¢ŠE‘ª’nŒn,,“Œ’†‘º,,https://logoform.jp/form/AcMw/kdmtlightreport
352071,,kdmtscl02533,15011-101,,,‰Ô‰ª,34.03332,131.8732392,¢ŠE‘ª’nŒn,,íX“Œ,,https://logoform.jp/form/AcMw/kdmtlightreport
352071,,kdmtscl02534,14077-103,,,‰º¼,34.01390806,131.8674114,¢ŠE‘ª’nŒn,,‘åè’¬,,https://logoform.jp/form/AcMw/kdmtlightreport
352071,,kdmtscl02535,15086-106,,,‰Ô‰ª,34.03379417,131.8642525,¢ŠE‘ª’nŒn,,“Œ’†‘º,,https://logoform.jp/form/AcMw/kdmtlightreport
352071,,kdmtscl02536,16051-103,,,‰Ô‰ª,34.03562306,131.8723631,¢ŠE‘ª’nŒn,,ã‚’Ë,,https://logoform.jp/form/AcMw/kdmtlightreport
352071,,kdmtscl02537,14006-107,,,‰Ô‰ª,34.03323861,131.8636911,¢ŠE‘ª’nŒn,,“Œ’†‘º,,https://logoform.jp/form/AcMw/kdmtlightreport
352071,,kdmtscl02538,15009-107,,,‰Ô‰ª,34.03616472,131.8663672,¢ŠE‘ª’nŒn,,‰Ô‰ª¼’¬,,https://logoform.jp/form/AcMw/kdmtlightreport
352071,,kdmtscl02539,L2012-125,,,‰Ô‰ª,34.03527583,131.8722217,¢ŠE‘ª’nŒn,,ã‚’Ë,,https://logoform.jp/form/AcMw/kdmtlightreport
352071,,kdmtscl02540,15011-105,,,‰Ô‰ª,34.03412917,131.8731228,¢ŠE‘ª’nŒn,,íX“Œ,,https://logoform.jp/form/AcMw/kdmtlightreport
352071,,kdmtscl02541,15009-109,,,‰Ô‰ª,34.03654556,131.8667311,¢ŠE‘ª’nŒn,,‰Ô‰ª¼’¬,,https://logoform.jp/form/AcMw/kdmtlightreport
352071,,kdmtscl02542,15011-103,,,‰Ô‰ª,34.03445472,131.8722392,¢ŠE‘ª’nŒn,,íX“Œ,,https://logoform.jp/form/AcMw/kdmtlightreport
352071,,kdmtscl02543,14083-102,,,‰º¼,34.01315083,131.8693875,¢ŠE‘ª’nŒn,,ã‰h’¬,,https://logoform.jp/form/AcMw/kdmtlightreport
352071,,kdmtscl02544,15011-104,,,‰Ô‰ª,34.03400333,131.8721844,¢ŠE‘ª’nŒn,,íX“Œ,,https://logoform.jp/form/AcMw/kdmtlightreport
352071,,kdmtscl02545,14083-101,,,‰º¼,34.01286639,131.8687628,¢ŠE‘ª’nŒn,,ã‰h’¬,,https://logoform.jp/form/AcMw/kdmtlightreport
352071,,kdmtscl02546,15009-105,,,‰Ô‰ª,34.03726389,131.8678486,¢ŠE‘ª’nŒn,,‰Ô‰ª¼’¬,,https://logoform.jp/form/AcMw/kdmtlightreport
352071,,kdmtscl02547,13019-105,,,‰º¼,34.00505833,131.8705311,¢ŠE‘ª’nŒn,,“ñ‹{’¬“ñ’š–Ú,,https://logoform.jp/form/AcMw/kdmtlightreport
352071,,kdmtscl02548,14083-105,,,‰º¼,34.01253861,131.8690739,¢ŠE‘ª’nŒn,,ã‰h’¬,,https://logoform.jp/form/AcMw/kdmtlightreport
352071,,kdmtscl02549,16051-101,,,‰Ô‰ª,34.03474528,131.8722242,¢ŠE‘ª’nŒn,,ã‚’Ë,,https://logoform.jp/form/AcMw/kdmtlightreport
352071,,kdmtscl02550,15009-110,,,‰Ô‰ª,34.03725778,131.8680989,¢ŠE‘ª’nŒn,,‰Ô‰ª¼’¬,,https://logoform.jp/form/AcMw/kdmtlightreport
352071,,kdmtscl02551,14083-104,,,‰º¼,34.01240417,131.8689464,¢ŠE‘ª’nŒn,,ã‰h’¬,,https://logoform.jp/form/AcMw/kdmtlightreport
352071,,kdmtscl02552,16099-101,,,‰º¼,34.00496056,131.8706458,¢ŠE‘ª’nŒn,,“ñ‹{’¬“ñ’š–Ú,,https://logoform.jp/form/AcMw/kdmtlightreport
352071,,kdmtscl02553,14083-108,,,‰º¼,34.01305194,131.8699047,¢ŠE‘ª’nŒn,,ã‰h’¬,,https://logoform.jp/form/AcMw/kdmtlightreport
352071,,kdmtscl02554,15009-108,,,‰Ô‰ª,34.03646889,131.86815,¢ŠE‘ª’nŒn,,‰Ô‰ª¼’¬,,https://logoform.jp/form/AcMw/kdmtlightreport
352071,,kdmtscl02555,18118-101,,,‰º¼,34.00471778,131.8707389,¢ŠE‘ª’nŒn,,“ñ‹{’¬“ñ’š–Ú,,https://logoform.jp/form/AcMw/kdmtlightreport
352071,,kdmtscl02556,14083-107,,,‰º¼,34.01293056,131.8695722,¢ŠE‘ª’nŒn,,ã‰h’¬,,https://logoform.jp/form/AcMw/kdmtlightreport
352071,,kdmtscl02557,16099-102,,,‰º¼,34.00435861,131.8709522,¢ŠE‘ª’nŒn,,“ñ‹{’¬“ñ’š–Ú,,https://logoform.jp/form/AcMw/kdmtlightreport
352071,,kdmtscl02558,L199203001,,,‰Ô‰ª,34.03601,131.8638439,¢ŠE‘ª’nŒn,,ãLÎ,,https://logoform.jp/form/AcMw/kdmtlightreport
352071,,kdmtscl02559,14083-106,,,‰º¼,34.01279889,131.8694883,¢ŠE‘ª’nŒn,,ã‰h’¬,,https://logoform.jp/form/AcMw/kdmtlightreport
352071,,kdmtscl02560,16099-103,,,‰º¼,34.00421556,131.8706786,¢ŠE‘ª’nŒn,,“ñ‹{’¬“ñ’š–Ú,,https://logoform.jp/form/AcMw/kdmtlightreport
352071,,kdmtscl02561,17028-103,,,‰º¼,34.00421556,131.8704086,¢ŠE‘ª’nŒn,,“ñ‹{’¬‚P’š–Ú,,https://logoform.jp/form/AcMw/kdmtlightreport
352071,,kdmtscl02562,14083-001,,,‰º¼,34.01353861,131.8710522,¢ŠE‘ª’nŒn,,ã‰h’¬,,https://logoform.jp/form/AcMw/kdmtlightreport
352071,,kdmtscl02563,14083-109,,,‰º¼,34.01337722,131.8704989,¢ŠE‘ª’nŒn,,ã‰h’¬,,https://logoform.jp/form/AcMw/kdmtlightreport
352071,,kdmtscl02564,17079-101,,,‹v•Û,34.02307306,131.9295456,¢ŠE‘ª’nŒn,,‰œ”—‰º,,https://logoform.jp/form/AcMw/kdmtlightreport
352071,,kdmtscl02565,14037-103,,,‹v•Û,34.02321056,131.9266636,¢ŠE‘ª’nŒn,,‰¡“¹,,https://logoform.jp/form/AcMw/kdmtlightreport
352071,,kdmtscl02566,13019-102,,,‰º¼,34.00404028,131.8708483,¢ŠE‘ª’nŒn,,“ñ‹{’¬“ñ’š–Ú,,https://logoform.jp/form/AcMw/kdmtlightreport
352071,,kdmtscl02567,13019-103,,,‰º¼,34.00403639,131.871125,¢ŠE‘ª’nŒn,,“ñ‹{’¬“ñ’š–Ú,,https://logoform.jp/form/AcMw/kdmtlightreport
352071,,kdmtscl02568,18108-101,,,‰º¼,34.00536972,131.8708783,¢ŠE‘ª’nŒn,,Â–ö,,https://logoform.jp/form/AcMw/kdmtlightreport
352071,,kdmtscl02569,13047-101,,,‰º¼,34.02025167,131.8746292,¢ŠE‘ª’nŒn,,‚Â‚Â‚¶ƒ–‹u,,https://logoform.jp/form/AcMw/kdmtlightreport
352071,,kdmtscl02570,L2012-068,,,‰º¼,34.0204025,131.8744933,¢ŠE‘ª’nŒn,,‚Â‚Â‚¶ƒ–‹u,,https://logoform.jp/form/AcMw/kdmtlightreport
352071,,kdmtscl02571,16057-102,,,‹v•Û,34.02420028,131.89227,¢ŠE‘ª’nŒn,,o‡,,https://logoform.jp/form/AcMw/kdmtlightreport
352071,,kdmtscl02572,L2012-067,,,‰º¼,34.02053472,131.8741394,¢ŠE‘ª’nŒn,,‚Â‚Â‚¶ƒ–‹u,,https://logoform.jp/form/AcMw/kdmtlightreport
352071,,kdmtscl02573,L2011-061,,,‰º¼,34.02063722,131.8737992,¢ŠE‘ª’nŒn,,‚Â‚Â‚¶ƒ–‹u,,https://logoform.jp/form/AcMw/kdmtlightreport
352071,,kdmtscl02574,13047-104,,,‰º¼,34.02040472,131.8736692,¢ŠE‘ª’nŒn,,‚Â‚Â‚¶ƒ–‹u,,https://logoform.jp/form/AcMw/kdmtlightreport
352071,,kdmtscl02575,L2011-056,,,‰º¼,34.02019278,131.8740556,¢ŠE‘ª’nŒn,,‚Â‚Â‚¶ƒ–‹u,,https://logoform.jp/form/AcMw/kdmtlightreport
352071,,kdmtscl02576,13047-102,,,‰º¼,34.01993917,131.8745206,¢ŠE‘ª’nŒn,,‚Â‚Â‚¶ƒ–‹u,,https://logoform.jp/form/AcMw/kdmtlightreport
352071,,kdmtscl02577,14048-117,,,‹v•Û,34.02703,131.9175386,¢ŠE‘ª’nŒn,,“R’¬,,https://logoform.jp/form/AcMw/kdmtlightreport
352071,,kdmtscl02578,13047-105,,,‰º¼,34.019755,131.8743606,¢ŠE‘ª’nŒn,,‚Â‚Â‚¶ƒ–‹u,,https://logoform.jp/form/AcMw/kdmtlightreport
352071,,kdmtscl02579,18141-106,,,‰º¼,34.01953778,131.8756119,¢ŠE‘ª’nŒn,,Šé‹Æ,,https://logoform.jp/form/AcMw/kdmtlightreport
352071,,kdmtscl02580,15060-108,,,‹v•Û,34.02429028,131.8926075,¢ŠE‘ª’nŒn,,o‡,,https://logoform.jp/form/AcMw/kdmtlightreport
352071,,kdmtscl02581,15060-109,,,‹v•Û,34.02447222,131.8932172,¢ŠE‘ª’nŒn,,o‡,,https://logoform.jp/form/AcMw/kdmtlightreport
352071,,kdmtscl02582,16065-102,,,‰º¼,34.0197775,131.8755681,¢ŠE‘ª’nŒn,,º˜a’Ê‚èã,,https://logoform.jp/form/AcMw/kdmtlightreport
352071,,kdmtscl02583,15003-102,,,‹v•Û,34.02818611,131.9158592,¢ŠE‘ª’nŒn,,“R’¬,,https://logoform.jp/form/AcMw/kdmtlightreport
352071,,kdmtscl02584,15060-110,,,‹v•Û,34.02480778,131.8944383,¢ŠE‘ª’nŒn,,o‡,,https://logoform.jp/form/AcMw/kdmtlightreport
352071,,kdmtscl02585,16065-103,,,‰º¼,34.01990389,131.8759933,¢ŠE‘ª’nŒn,,º˜a’Ê‚èã,,https://logoform.jp/form/AcMw/kdmtlightreport
352071,,kdmtscl02586,18129-101,,,‰º¼,34.02034417,131.8762431,¢ŠE‘ª’nŒn,,º˜a’Ê‚èã,,https://logoform.jp/form/AcMw/kdmtlightreport
352071,,kdmtscl02587,16057-103,,,‹v•Û,34.02517333,131.8956444,¢ŠE‘ª’nŒn,,o‡,,https://logoform.jp/form/AcMw/kdmtlightreport
352071,,kdmtscl02588,13061-102,,,‹v•Û,34.02831861,131.9164064,¢ŠE‘ª’nŒn,,“R’¬,,https://logoform.jp/form/AcMw/kdmtlightreport
352071,,kdmtscl02589,17077-104,,,‰º¼,34.02119389,131.8763425,¢ŠE‘ª’nŒn,,º˜a’Ê‚èã,,https://logoform.jp/form/AcMw/kdmtlightreport
352071,,kdmtscl02590,15060-103,,,‹v•Û,34.02405167,131.8942547,¢ŠE‘ª’nŒn,,o‡,,https://logoform.jp/form/AcMw/kdmtlightreport
352071,,kdmtscl02591,13061-103,,,‹v•Û,34.02794389,131.9163142,¢ŠE‘ª’nŒn,,“R’¬,,https://logoform.jp/form/AcMw/kdmtlightreport
352071,,kdmtscl02592,14075-101,,,‰º¼,34.01974444,131.8749808,¢ŠE‘ª’nŒn,,‚Â‚Â‚¶ƒ–‹u,,https://logoform.jp/form/AcMw/kdmtlightreport
352071,,kdmtscl02593,15085-102,,,‹v•Û,34.02795167,131.8958008,¢ŠE‘ª’nŒn,,Â—t‘ä,,https://logoform.jp/form/AcMw/kdmtlightreport
352071,,kdmtscl02594,14048-114,,,‹v•Û,34.02820444,131.91681,¢ŠE‘ª’nŒn,,“R’¬,,https://logoform.jp/form/AcMw/kdmtlightreport
352071,,kdmtscl02595,L2012-066,,,‰º¼,34.01971194,131.8747681,¢ŠE‘ª’nŒn,,‚Â‚Â‚¶ƒ–‹u,,https://logoform.jp/form/AcMw/kdmtlightreport
352071,,kdmtscl02596,14048-110,,,‹v•Û,34.02763639,131.9166253,¢ŠE‘ª’nŒn,,“R’¬,,https://logoform.jp/form/AcMw/kdmtlightreport
352071,,kdmtscl02597,14027-106,,,‹v•Û,34.02809278,131.9069522,¢ŠE‘ª’nŒn,,‹v•Ûs,,https://logoform.jp/form/AcMw/kdmtlightreport
352071,,kdmtscl02598,16065-107,,,‰º¼,34.02049833,131.8775914,¢ŠE‘ª’nŒn,,º˜a’Ê‚èã,,https://logoform.jp/form/AcMw/kdmtlightreport
352071,,kdmtscl02599,18074-118,,,‹v•Û,34.02850583,131.9069419,¢ŠE‘ª’nŒn,,‹v•Ûs,,https://logoform.jp/form/AcMw/kdmtlightreport
352071,,kdmtscl02600,13061-104,,,‹v•Û,34.02819972,131.9170267,¢ŠE‘ª’nŒn,,“R’¬,,https://logoform.jp/form/AcMw/kdmtlightreport
352071,,kdmtscl02601,16065-106,,,‰º¼,34.02079083,131.8779381,¢ŠE‘ª’nŒn,,º˜a’Ê‚èã,,https://logoform.jp/form/AcMw/kdmtlightreport
352071,,kdmtscl02602,13061-105,,,‹v•Û,34.02771139,131.9169028,¢ŠE‘ª’nŒn,,“R’¬,,https://logoform.jp/form/AcMw/kdmtlightreport
352071,,kdmtscl02603,16047-105,,,‰º¼,34.02086389,131.878225,¢ŠE‘ª’nŒn,,‘å‰Í“à,,https://logoform.jp/form/AcMw/kdmtlightreport
352071,,kdmtscl02604,14048-101,,,‹v•Û,34.027645,131.9172789,¢ŠE‘ª’nŒn,,“R’¬,,https://logoform.jp/form/AcMw/kdmtlightreport
352071,,kdmtscl02605,13070-102,,,‰º¼,34.02117472,131.8787242,¢ŠE‘ª’nŒn,,‘å‰Í“à,,https://logoform.jp/form/AcMw/kdmtlightreport
352071,,kdmtscl02606,15003-104,,,‹v•Û,34.02791722,131.91735,¢ŠE‘ª’nŒn,,“R’¬,,https://logoform.jp/form/AcMw/kdmtlightreport
352071,,kdmtscl02607,18015-109,,,‹v•Û,34.02820056,131.91743,¢ŠE‘ª’nŒn,,“R’¬,,https://logoform.jp/form/AcMw/kdmtlightreport
352071,,kdmtscl02608,16047-103,,,‰º¼,34.02082111,131.8798672,¢ŠE‘ª’nŒn,,‘å‰Í“à,,https://logoform.jp/form/AcMw/kdmtlightreport
352071,,kdmtscl02609,15003-107,,,‹v•Û,34.02795889,131.9185414,¢ŠE‘ª’nŒn,,“R’¬,,https://logoform.jp/form/AcMw/kdmtlightreport
352071,,kdmtscl02610,16047-104,,,‰º¼,34.02111806,131.8799375,¢ŠE‘ª’nŒn,,‘å‰Í“à,,https://logoform.jp/form/AcMw/kdmtlightreport
352071,,kdmtscl02611,L2012-137,,,‰º¼,34.01981778,131.8787542,¢ŠE‘ª’nŒn,,º˜a’Ê‚èã,,https://logoform.jp/form/AcMw/kdmtlightreport
352071,,kdmtscl02612,13025-103,,,‰º¼,34.01975944,131.8727997,¢ŠE‘ª’nŒn,,Œõ—z‘ä,,https://logoform.jp/form/AcMw/kdmtlightreport
352071,,kdmtscl02613,13025-102,,,‰º¼,34.02008417,131.8726561,¢ŠE‘ª’nŒn,,Œõ—z‘ä,,https://logoform.jp/form/AcMw/kdmtlightreport
352071,,kdmtscl02614,13025-101,,,‰º¼,34.01970667,131.8723558,¢ŠE‘ª’nŒn,,Œõ—z‘ä,,https://logoform.jp/form/AcMw/kdmtlightreport
352071,,kdmtscl02615,15035-105,,,‰º¼,34.02046528,131.8722794,¢ŠE‘ª’nŒn,,Œõƒ–‹u,,https://logoform.jp/form/AcMw/kdmtlightreport
352071,,kdmtscl02616,15035-104,,,‰º¼,34.02082972,131.8718622,¢ŠE‘ª’nŒn,,Œõƒ–‹u,,https://logoform.jp/form/AcMw/kdmtlightreport
352071,,kdmtscl02617,16038-107,,,‰Ô‰ª,34.03266222,131.8796664,¢ŠE‘ª’nŒn,,‰º‘º“Œ,,https://logoform.jp/form/AcMw/kdmtlightreport
352071,,kdmtscl02618,16038-106,,,‰Ô‰ª,34.03288194,131.8785736,¢ŠE‘ª’nŒn,,‰º‘º“Œ,,https://logoform.jp/form/AcMw/kdmtlightreport
352071,,kdmtscl02619,16038-108,,,‰Ô‰ª,34.03232222,131.8782261,¢ŠE‘ª’nŒn,,‰º‘º“Œ,,https://logoform.jp/form/AcMw/kdmtlightreport
352071,,kdmtscl02620,17116-104,,,‰Ô‰ª,34.03202278,131.8723153,¢ŠE‘ª’nŒn,,íX“Œ,,https://logoform.jp/form/AcMw/kdmtlightreport
352071,,kdmtscl02621,17116-105,,,‰Ô‰ª,34.03254,131.8728492,¢ŠE‘ª’nŒn,,íX“Œ,,https://logoform.jp/form/AcMw/kdmtlightreport
352071,,kdmtscl02622,17116-106,,,‰Ô‰ª,34.03129889,131.8719283,¢ŠE‘ª’nŒn,,íX“Œ,,https://logoform.jp/form/AcMw/kdmtlightreport
352071,,kdmtscl02623,17076-103,,,–Lˆä,33.99764583,131.8790464,¢ŠE‘ª’nŒn,,ã—öƒ–•l,,https://logoform.jp/form/AcMw/kdmtlightreport
352071,,kdmtscl02624,L2012-096,,,–Lˆä,33.99729667,131.8786506,¢ŠE‘ª’nŒn,,ã—öƒ–•l,,https://logoform.jp/form/AcMw/kdmtlightreport
352071,,kdmtscl02625,17076-106,,,–Lˆä,33.99800028,131.8796742,¢ŠE‘ª’nŒn,,ã—öƒ–•l,,https://logoform.jp/form/AcMw/kdmtlightreport
352071,,kdmtscl02626,16077-101,,,–Lˆä,33.99073,131.86745,¢ŠE‘ª’nŒn,,F•@,,https://logoform.jp/form/AcMw/kdmtlightreport
352071,,kdmtscl02627,16077-103,,,–Lˆä,33.99035556,131.8671828,¢ŠE‘ª’nŒn,,F•@,,https://logoform.jp/form/AcMw/kdmtlightreport
352071,,kdmtscl02628,16042-101,,,‰º¼,34.00587722,131.8748311,¢ŠE‘ª’nŒn,,›”—,,https://logoform.jp/form/AcMw/kdmtlightreport
352071,,kdmtscl02629,16077-102,,,–Lˆä,33.99015639,131.8669539,¢ŠE‘ª’nŒn,,F•@,,https://logoform.jp/form/AcMw/kdmtlightreport
352071,,kdmtscl02630,17103-108,,,–Lˆä,33.99954667,131.8795578,¢ŠE‘ª’nŒn,,–Lˆä,,https://logoform.jp/form/AcMw/kdmtlightreport
352071,,kdmtscl02631,13038-101,,,–Lˆä,34.00022972,131.8786667,¢ŠE‘ª’nŒn,,–Lˆä,,https://logoform.jp/form/AcMw/kdmtlightreport
352071,,kdmtscl02632,18014-106,,,‰º¼,34.00509917,131.8757733,¢ŠE‘ª’nŒn,,›”—,,https://logoform.jp/form/AcMw/kdmtlightreport
352071,,kdmtscl02633,14058-112,,,–Lˆä,34.00054639,131.8781617,¢ŠE‘ª’nŒn,,–Lˆä,,https://logoform.jp/form/AcMw/kdmtlightreport
352071,,kdmtscl02634,15046-101,,,–Lˆä,34.00076694,131.8772367,¢ŠE‘ª’nŒn,,–Lˆä,,https://logoform.jp/form/AcMw/kdmtlightreport
352071,,kdmtscl02635,13048-103,,,‰º¼,34.00529417,131.8760406,¢ŠE‘ª’nŒn,,›”—,,https://logoform.jp/form/AcMw/kdmtlightreport
352071,,kdmtscl02636,16036-102,,,–Lˆä,33.99883556,131.8780319,¢ŠE‘ª’nŒn,,–Lˆä,,https://logoform.jp/form/AcMw/kdmtlightreport
352071,,kdmtscl02637,13038-103,,,–Lˆä,33.99909278,131.8773192,¢ŠE‘ª’nŒn,,–Lˆä,,https://logoform.jp/form/AcMw/kdmtlightreport
352071,,kdmtscl02638,18014-107,,,‰º¼,34.00539,131.8766531,¢ŠE‘ª’nŒn,,›”—,,https://logoform.jp/form/AcMw/kdmtlightreport
352071,,kdmtscl02639,14058-108,,,–Lˆä,33.99838028,131.8767567,¢ŠE‘ª’nŒn,,–Lˆä,,https://logoform.jp/form/AcMw/kdmtlightreport
352071,,kdmtscl02640,15088-102,,,‰Ô‰ª,34.02641444,131.8642994,¢ŠE‘ª’nŒn,,º˜a,,https://logoform.jp/form/AcMw/kdmtlightreport
352071,,kdmtscl02641,18014-110,,,‰º¼,34.00558667,131.8777406,¢ŠE‘ª’nŒn,,›”—,,https://logoform.jp/form/AcMw/kdmtlightreport
352071,,kdmtscl02642,14058-109,,,–Lˆä,33.99811833,131.8769494,¢ŠE‘ª’nŒn,,–Lˆä,,https://logoform.jp/form/AcMw/kdmtlightreport
352071,,kdmtscl02643,15088-101,,,‰Ô‰ª,34.02684194,131.8645714,¢ŠE‘ª’nŒn,,º˜a,,https://logoform.jp/form/AcMw/kdmtlightreport
352071,,kdmtscl02644,L2012-129,,,‰Ô‰ª,34.02719417,131.86476,¢ŠE‘ª’nŒn,,º˜a,,https://logoform.jp/form/AcMw/kdmtlightreport
352071,,kdmtscl02645,17103-102,,,–Lˆä,34.00243778,131.8777981,¢ŠE‘ª’nŒn,,–Lˆä,,https://logoform.jp/form/AcMw/kdmtlightreport
352071,,kdmtscl02646,L2012-130,,,‰Ô‰ª,34.02754667,131.8650225,¢ŠE‘ª’nŒn,,º˜a,,https://logoform.jp/form/AcMw/kdmtlightreport
352071,,kdmtscl02647,15088-109,,,‰Ô‰ª,34.02787389,131.8652175,¢ŠE‘ª’nŒn,,º˜a,,https://logoform.jp/form/AcMw/kdmtlightreport
352071,,kdmtscl02648,16090-122,,,‰Ô‰ª,34.02607361,131.864725,¢ŠE‘ª’nŒn,,º˜a,,https://logoform.jp/form/AcMw/kdmtlightreport
352071,,kdmtscl02649,18147-107,,,––•,34.02478611,131.8655675,¢ŠE‘ª’nŒn,,‰º¼si‹³ˆçˆÏˆõ‰ï@‹³ˆç‘–±‰Ûj,,https://logoform.jp/form/AcMw/kdmtlightreport
352071,,kdmtscl02650,16036-107,,,–Lˆä,34.00188694,131.8756981,¢ŠE‘ª’nŒn,,–Lˆä,,https://logoform.jp/form/AcMw/kdmtlightreport
352071,,kdmtscl02651,14049-101,,,––•,34.02453694,131.8663853,¢ŠE‘ª’nŒn,,”öK,,https://logoform.jp/form/AcMw/kdmtlightreport
352071,,kdmtscl02652,16036-105,,,–Lˆä,34.00232944,131.8757956,¢ŠE‘ª’nŒn,,–Lˆä,,https://logoform.jp/form/AcMw/kdmtlightreport
352071,,kdmtscl02653,14082-103,,,––•,34.02477167,131.8691647,¢ŠE‘ª’nŒn,,“¡Œõ‰º,,https://logoform.jp/form/AcMw/kdmtlightreport
352071,,kdmtscl02654,14082-101,,,––•,34.02470083,131.8682486,¢ŠE‘ª’nŒn,,“¡Œõ‰º,,https://logoform.jp/form/AcMw/kdmtlightreport
352071,,kdmtscl02655,L2012-124,,,–Lˆä,34.00161444,131.8742761,¢ŠE‘ª’nŒn,,‹Õ•½’¬,,https://logoform.jp/form/AcMw/kdmtlightreport
352071,,kdmtscl02656,13072-101,,,––•,34.02485694,131.8677,¢ŠE‘ª’nŒn,,“¡Œõ‰º,,https://logoform.jp/form/AcMw/kdmtlightreport
352071,,kdmtscl02657,17103-109,,,–Lˆä,34.00155194,131.8745458,¢ŠE‘ª’nŒn,,–Lˆä,,https://logoform.jp/form/AcMw/kdmtlightreport
352071,,kdmtscl02658,L2012-123,,,–Lˆä,34.00179111,131.8749747,¢ŠE‘ª’nŒn,,‹Õ•½’¬,,https://logoform.jp/form/AcMw/kdmtlightreport
352071,,kdmtscl02659,14001-103,,,––•,34.02496417,131.8673367,¢ŠE‘ª’nŒn,,“¡Œõ’c’n,,https://logoform.jp/form/AcMw/kdmtlightreport
352071,,kdmtscl02660,15046-109,,,–Lˆä,34.00090861,131.8742869,¢ŠE‘ª’nŒn,,–Lˆä,,https://logoform.jp/form/AcMw/kdmtlightreport
352071,,kdmtscl02661,16014-108,,,–Lˆä,34.0054675,131.8740831,¢ŠE‘ª’nŒn,,‹Õ•½’¬,,https://logoform.jp/form/AcMw/kdmtlightreport
352071,,kdmtscl02662,14001-104,,,––•,34.02526528,131.8672642,¢ŠE‘ª’nŒn,,“¡Œõ’c’n,,https://logoform.jp/form/AcMw/kdmtlightreport
352071,,kdmtscl02663,14058-104,,,–Lˆä,34.00114472,131.8740886,¢ŠE‘ª’nŒn,,–Lˆä,,https://logoform.jp/form/AcMw/kdmtlightreport
352071,,kdmtscl02664,16014-105,,,–Lˆä,34.00518278,131.8735319,¢ŠE‘ª’nŒn,,‹Õ•½’¬,,https://logoform.jp/form/AcMw/kdmtlightreport
352071,,kdmtscl02665,14058-105,,,–Lˆä,34.00132944,131.8742594,¢ŠE‘ª’nŒn,,–Lˆä,,https://logoform.jp/form/AcMw/kdmtlightreport
352071,,kdmtscl02666,14001-105,,,––•,34.02578556,131.8674011,¢ŠE‘ª’nŒn,,“¡Œõ’c’n,,https://logoform.jp/form/AcMw/kdmtlightreport
352071,,kdmtscl02667,16014-106,,,–Lˆä,34.004875,131.8737597,¢ŠE‘ª’nŒn,,‹Õ•½’¬,,https://logoform.jp/form/AcMw/kdmtlightreport
352071,,kdmtscl02668,14082-102,,,––•,34.02491583,131.8668461,¢ŠE‘ª’nŒn,,“¡Œõ‰º,,https://logoform.jp/form/AcMw/kdmtlightreport
352071,,kdmtscl02669,15046-108,,,–Lˆä,34.00135194,131.8752758,¢ŠE‘ª’nŒn,,–Lˆä,,https://logoform.jp/form/AcMw/kdmtlightreport
352071,,kdmtscl02670,16036-109,,,–Lˆä,34.00121778,131.8752922,¢ŠE‘ª’nŒn,,–Lˆä,,https://logoform.jp/form/AcMw/kdmtlightreport
352071,,kdmtscl02671,16014-107,,,–Lˆä,34.00437917,131.8741283,¢ŠE‘ª’nŒn,,‹Õ•½’¬,,https://logoform.jp/form/AcMw/kdmtlightreport
352071,,kdmtscl02672,14001-102,,,––•,34.02520722,131.8676064,¢ŠE‘ª’nŒn,,“¡Œõ’c’n,,https://logoform.jp/form/AcMw/kdmtlightreport
352071,,kdmtscl02673,13038-105,,,–Lˆä,34.00145528,131.8755197,¢ŠE‘ª’nŒn,,–Lˆä,,https://logoform.jp/form/AcMw/kdmtlightreport
352071,,kdmtscl02674,14001-101,,,––•,34.02500472,131.8680147,¢ŠE‘ª’nŒn,,“¡Œõ’c’n,,https://logoform.jp/form/AcMw/kdmtlightreport
352071,,kdmtscl02675,16014-101,,,–Lˆä,34.00489556,131.8743983,¢ŠE‘ª’nŒn,,‹Õ•½’¬,,https://logoform.jp/form/AcMw/kdmtlightreport
352071,,kdmtscl02676,16036-110,,,–Lˆä,34.00108528,131.8746219,¢ŠE‘ª’nŒn,,–Lˆä,,https://logoform.jp/form/AcMw/kdmtlightreport
352071,,kdmtscl02677,14034-108,,,––•,34.02621167,131.8678258,¢ŠE‘ª’nŒn,,“¡Œõã,,https://logoform.jp/form/AcMw/kdmtlightreport
352071,,kdmtscl02678,L2012-122,,,–Lˆä,34.00514556,131.8743108,¢ŠE‘ª’nŒn,,‹Õ•½’¬,,https://logoform.jp/form/AcMw/kdmtlightreport
352071,,kdmtscl02679,14058-103,,,–Lˆä,34.0006475,131.8744608,¢ŠE‘ª’nŒn,,–Lˆä,,https://logoform.jp/form/AcMw/kdmtlightreport
352071,,kdmtscl02680,14034-105,,,––•,34.02597194,131.868435,¢ŠE‘ª’nŒn,,“¡Œõã,,https://logoform.jp/form/AcMw/kdmtlightreport
352071,,kdmtscl02681,15046-106,,,–Lˆä,34.00030778,131.8745297,¢ŠE‘ª’nŒn,,–Lˆä,,https://logoform.jp/form/AcMw/kdmtlightreport
352071,,kdmtscl02682,13072-102,,,––•,34.02641194,131.8692222,¢ŠE‘ª’nŒn,,“¡Œõ‰º,,https://logoform.jp/form/AcMw/kdmtlightreport
352071,,kdmtscl02683,16014-102,,,–Lˆä,34.00442194,131.8747697,¢ŠE‘ª’nŒn,,‹Õ•½’¬,,https://logoform.jp/form/AcMw/kdmtlightreport
352071,,kdmtscl02684,14058-102,,,–Lˆä,34.00004111,131.8748522,¢ŠE‘ª’nŒn,,–Lˆä,,https://logoform.jp/form/AcMw/kdmtlightreport
352071,,kdmtscl02685,17085-105,,,––•,34.02662972,131.8687061,¢ŠE‘ª’nŒn,,“¡Œõ‰º,,https://logoform.jp/form/AcMw/kdmtlightreport
352071,,kdmtscl02686,16036-103,,,–Lˆä,33.99932167,131.8761569,¢ŠE‘ª’nŒn,,–Lˆä,,https://logoform.jp/form/AcMw/kdmtlightreport
352071,,kdmtscl02687,17091-108,,,––•,34.02738167,131.8684222,¢ŠE‘ª’nŒn,,“¡Œõã,,https://logoform.jp/form/AcMw/kdmtlightreport
352071,,kdmtscl02688,15046-102,,,–Lˆä,33.99961722,131.8764058,¢ŠE‘ª’nŒn,,–Lˆä,,https://logoform.jp/form/AcMw/kdmtlightreport
352071,,kdmtscl02689,14034-109,,,––•,34.02727833,131.8686211,¢ŠE‘ª’nŒn,,“¡Œõã,,https://logoform.jp/form/AcMw/kdmtlightreport
352071,,kdmtscl02690,14058-116,,,–Lˆä,33.99978194,131.8760892,¢ŠE‘ª’nŒn,,–Lˆä,,https://logoform.jp/form/AcMw/kdmtlightreport
352071,,kdmtscl02691,16036-104,,,–Lˆä,33.99989722,131.8759142,¢ŠE‘ª’nŒn,,–Lˆä,,https://logoform.jp/form/AcMw/kdmtlightreport
352071,,kdmtscl02692,16014-103,,,–Lˆä,34.00363917,131.8753644,¢ŠE‘ª’nŒn,,‹Õ•½’¬,,https://logoform.jp/form/AcMw/kdmtlightreport
352071,,kdmtscl02693,15046-104,,,–Lˆä,34.00008194,131.8756069,¢ŠE‘ª’nŒn,,–Lˆä,,https://logoform.jp/form/AcMw/kdmtlightreport
352071,,kdmtscl02694,14034-104,,,––•,34.02716139,131.8689639,¢ŠE‘ª’nŒn,,“¡Œõã,,https://logoform.jp/form/AcMw/kdmtlightreport
352071,,kdmtscl02695,14058-119,,,–Lˆä,34.00054861,131.8752008,¢ŠE‘ª’nŒn,,–Lˆä,,https://logoform.jp/form/AcMw/kdmtlightreport
352071,,kdmtscl02696,B043-006,,,––•,34.02733667,131.8690225,¢ŠE‘ª’nŒn,,“¡Œõã,,https://logoform.jp/form/AcMw/kdmtlightreport
352071,,kdmtscl02697,16014-104,,,–Lˆä,34.00306056,131.8757317,¢ŠE‘ª’nŒn,,‹Õ•½’¬,,https://logoform.jp/form/AcMw/kdmtlightreport
352071,,kdmtscl02698,15046-107,,,–Lˆä,34.000665,131.8755622,¢ŠE‘ª’nŒn,,–Lˆä,,https://logoform.jp/form/AcMw/kdmtlightreport
352071,,kdmtscl02699,14034-110,,,––•,34.02750083,131.8690533,¢ŠE‘ª’nŒn,,“¡Œõã,,https://logoform.jp/form/AcMw/kdmtlightreport
352071,,kdmtscl02700,15046-105,,,–Lˆä,34.00051333,131.8761706,¢ŠE‘ª’nŒn,,–Lˆä,,https://logoform.jp/form/AcMw/kdmtlightreport
352071,,kdmtscl02701,15033-102,,,––•,34.02762083,131.8692175,¢ŠE‘ª’nŒn,,“¡Œõã,,https://logoform.jp/form/AcMw/kdmtlightreport
352071,,kdmtscl02702,14034-106,,,––•,34.02768083,131.8694097,¢ŠE‘ª’nŒn,,“¡Œõã,,https://logoform.jp/form/AcMw/kdmtlightreport
352071,,kdmtscl02703,15018-101,,,–Lˆä,34.00305139,131.8751436,¢ŠE‘ª’nŒn,,‹Õ•½’¬,,https://logoform.jp/form/AcMw/kdmtlightreport
352071,,kdmtscl02704,15033-103,,,––•,34.0281775,131.8692536,¢ŠE‘ª’nŒn,,“¡Œõã,,https://logoform.jp/form/AcMw/kdmtlightreport
352071,,kdmtscl02705,14058-114,,,–Lˆä,34.00020222,131.8766042,¢ŠE‘ª’nŒn,,–Lˆä,,https://logoform.jp/form/AcMw/kdmtlightreport
352071,,kdmtscl02706,15059-101,,,‰º¼,34.004705,131.8719211,¢ŠE‘ª’nŒn,,Â–ö,,https://logoform.jp/form/AcMw/kdmtlightreport
352071,,kdmtscl02707,13009-103,,,––•,34.02837667,131.8691689,¢ŠE‘ª’nŒn,,“¡Œõã,,https://logoform.jp/form/AcMw/kdmtlightreport
352071,,kdmtscl02708,14058-101,,,–Lˆä,34.00030222,131.8768081,¢ŠE‘ª’nŒn,,–Lˆä,,https://logoform.jp/form/AcMw/kdmtlightreport
352071,,kdmtscl02709,13009-101,,,––•,34.0282825,131.8699283,¢ŠE‘ª’nŒn,,“¡Œõã,,https://logoform.jp/form/AcMw/kdmtlightreport
352071,,kdmtscl02710,15046-103,,,–Lˆä,34.0001875,131.8769419,¢ŠE‘ª’nŒn,,–Lˆä,,https://logoform.jp/form/AcMw/kdmtlightreport
352071,,kdmtscl02711,14034-102,,,––•,34.02675861,131.8665639,¢ŠE‘ª’nŒn,,“¡Œõã,,https://logoform.jp/form/AcMw/kdmtlightreport
352071,,kdmtscl02712,14062-101,,,––•,34.02307611,131.8640264,¢ŠE‘ª’nŒn,,•½“c“Œ,,https://logoform.jp/form/AcMw/kdmtlightreport
352071,,kdmtscl02713,16011-102,,,––•,34.02366583,131.8667014,¢ŠE‘ª’nŒn,,”öK,,https://logoform.jp/form/AcMw/kdmtlightreport
352071,,kdmtscl02714,16011-101,,,––•,34.02293778,131.8669911,¢ŠE‘ª’nŒn,,”öK,,https://logoform.jp/form/AcMw/kdmtlightreport
352071,,kdmtscl02715,16011-104,,,––•,34.02247722,131.8665678,¢ŠE‘ª’nŒn,,”öK,,https://logoform.jp/form/AcMw/kdmtlightreport
352071,,kdmtscl02716,14049-102,,,––•,34.02282583,131.8640744,¢ŠE‘ª’nŒn,,”öK,,https://logoform.jp/form/AcMw/kdmtlightreport
352071,,kdmtscl02717,13085-104,,,‰Ô‰ª,34.04094167,131.8624328,¢ŠE‘ª’nŒn,,‚‹´,,https://logoform.jp/form/AcMw/kdmtlightreport
352071,,kdmtscl02718,15037-105,,,––•,34.02231861,131.8639444,¢ŠE‘ª’nŒn,,”öK,,https://logoform.jp/form/AcMw/kdmtlightreport
352071,,kdmtscl02719,17074-107,,,‰Ô‰ª,34.03869806,131.8628703,¢ŠE‘ª’nŒn,,‚‹´,,https://logoform.jp/form/AcMw/kdmtlightreport
352071,,kdmtscl02720,16033-105,,,‰Ô‰ª,34.03779583,131.8625378,¢ŠE‘ª’nŒn,,—Îƒ–‹u,,https://logoform.jp/form/AcMw/kdmtlightreport
352071,,kdmtscl02721,15037-106,,,––•,34.02152611,131.8640928,¢ŠE‘ª’nŒn,,”öK,,https://logoform.jp/form/AcMw/kdmtlightreport
352071,,kdmtscl02722,16033-104,,,‰Ô‰ª,34.03753972,131.8618631,¢ŠE‘ª’nŒn,,—Îƒ–‹u,,https://logoform.jp/form/AcMw/kdmtlightreport
352071,,kdmtscl02723,15090-101,,,––•,34.02027861,131.8637306,¢ŠE‘ª’nŒn,,“í–Ø’¬,,https://logoform.jp/form/AcMw/kdmtlightreport
352071,,kdmtscl02724,16033-106,,,‰Ô‰ª,34.03800472,131.8619156,¢ŠE‘ª’nŒn,,—Îƒ–‹u,,https://logoform.jp/form/AcMw/kdmtlightreport
352071,,kdmtscl02725,16025-107,,,––•,34.02010722,131.8641694,¢ŠE‘ª’nŒn,,“í–Ø’¬,,https://logoform.jp/form/AcMw/kdmtlightreport
352071,,kdmtscl02726,16025-108,,,––•,34.02005806,131.8640128,¢ŠE‘ª’nŒn,,“í–Ø’¬,,https://logoform.jp/form/AcMw/kdmtlightreport
352071,,kdmtscl02727,14008-106,,,––•,34.02030278,131.8645442,¢ŠE‘ª’nŒn,,“í–Ø’¬,,https://logoform.jp/form/AcMw/kdmtlightreport
352071,,kdmtscl02728,14008-104,,,––•,34.0204375,131.8647067,¢ŠE‘ª’nŒn,,“í–Ø’¬,,https://logoform.jp/form/AcMw/kdmtlightreport
352071,,kdmtscl02729,13005-105,,,––•,34.02040389,131.8643692,¢ŠE‘ª’nŒn,,“í–Ø’¬,,https://logoform.jp/form/AcMw/kdmtlightreport
352071,,kdmtscl02730,16025-106,,,––•,34.01981889,131.8646931,¢ŠE‘ª’nŒn,,“í–Ø’¬,,https://logoform.jp/form/AcMw/kdmtlightreport
352071,,kdmtscl02731,14008-108,,,––•,34.01999611,131.8646631,¢ŠE‘ª’nŒn,,“í–Ø’¬,,https://logoform.jp/form/AcMw/kdmtlightreport
352071,,kdmtscl02732,16025-105,,,––•,34.01990333,131.8650928,¢ŠE‘ª’nŒn,,“í–Ø’¬,,https://logoform.jp/form/AcMw/kdmtlightreport
352071,,kdmtscl02733,13005-101,,,––•,34.02014722,131.8649789,¢ŠE‘ª’nŒn,,“í–Ø’¬,,https://logoform.jp/form/AcMw/kdmtlightreport
352071,,kdmtscl02734,16025-104,,,––•,34.01962639,131.865705,¢ŠE‘ª’nŒn,,“í–Ø’¬,,https://logoform.jp/form/AcMw/kdmtlightreport
352071,,kdmtscl02735,16025-103,,,––•,34.02042972,131.8654653,¢ŠE‘ª’nŒn,,“í–Ø’¬,,https://logoform.jp/form/AcMw/kdmtlightreport
352071,,kdmtscl02736,16025-101,,,––•,34.02081139,131.8658053,¢ŠE‘ª’nŒn,,“í–Ø’¬,,https://logoform.jp/form/AcMw/kdmtlightreport
352071,,kdmtscl02737,15090-102,,,––•,34.02109667,131.865835,¢ŠE‘ª’nŒn,,“í–Ø’¬,,https://logoform.jp/form/AcMw/kdmtlightreport
352071,,kdmtscl02738,14050-103,,,‰º¼,34.02009333,131.8714669,¢ŠE‘ª’nŒn,,Œõƒ–‹u,,https://logoform.jp/form/AcMw/kdmtlightreport
352071,,kdmtscl02739,15035-106,,,‰º¼,34.01954139,131.8709283,¢ŠE‘ª’nŒn,,Œõƒ–‹u,,https://logoform.jp/form/AcMw/kdmtlightreport
352071,,kdmtscl02740,15002-101,,,‰º¼,34.0195625,131.8692975,¢ŠE‘ª’nŒn,,“ŒŒõ›“Œ,,https://logoform.jp/form/AcMw/kdmtlightreport
352071,,kdmtscl02741,13006-103,,,‰º¼,34.01984917,131.8696339,¢ŠE‘ª’nŒn,,“ŒŒõ›“Œ,,https://logoform.jp/form/AcMw/kdmtlightreport
352071,,kdmtscl02742,16060-101,,,‰º¼,34.01968694,131.8686061,¢ŠE‘ª’nŒn,,•½˜a‘ä,,https://logoform.jp/form/AcMw/kdmtlightreport
352071,,kdmtscl02743,16060-102,,,‰º¼,34.0198375,131.8687661,¢ŠE‘ª’nŒn,,•½˜a‘ä,,https://logoform.jp/form/AcMw/kdmtlightreport
352071,,kdmtscl02744,18070-101,,,‰º¼,34.02006333,131.867805,¢ŠE‘ª’nŒn,,•½˜a‘ä,,https://logoform.jp/form/AcMw/kdmtlightreport
352071,,kdmtscl02745,16017-108,,,‹v•Û,34.01920861,131.8973472,¢ŠE‘ª’nŒn,,¯‚ª‹u,,https://logoform.jp/form/AcMw/kdmtlightreport
352071,,kdmtscl02746,16025-102,,,––•,34.02063944,131.8661653,¢ŠE‘ª’nŒn,,“í–Ø’¬,,https://logoform.jp/form/AcMw/kdmtlightreport
352071,,kdmtscl02747,14008-101,,,––•,34.02041639,131.8662425,¢ŠE‘ª’nŒn,,“í–Ø’¬,,https://logoform.jp/form/AcMw/kdmtlightreport
352071,,kdmtscl02748,13095-103,,,‹v•Û,34.019225,131.8978594,¢ŠE‘ª’nŒn,,¯‚ª‹u,,https://logoform.jp/form/AcMw/kdmtlightreport
352071,,kdmtscl02749,14039-109,,,‹v•Û,34.01924333,131.8993106,¢ŠE‘ª’nŒn,,¯‚ª‹u,,https://logoform.jp/form/AcMw/kdmtlightreport
352071,,kdmtscl02750,16056-109,,,––•,34.0187875,131.8545775,¢ŠE‘ª’nŒn,,‘åŠC’¬¼,,https://logoform.jp/form/AcMw/kdmtlightreport
352071,,kdmtscl02751,15037-101,,,––•,34.02109222,131.8691797,¢ŠE‘ª’nŒn,,”öK,,https://logoform.jp/form/AcMw/kdmtlightreport
352071,,kdmtscl02752,13095-102,,,‹v•Û,34.01922833,131.9003158,¢ŠE‘ª’nŒn,,¯‚ª‹u,,https://logoform.jp/form/AcMw/kdmtlightreport
352071,,kdmtscl02753,16056-110,,,––•,34.01839194,131.8547153,¢ŠE‘ª’nŒn,,‘åŠC’¬¼,,https://logoform.jp/form/AcMw/kdmtlightreport
352071,,kdmtscl02754,15098-103,,,‹v•Û,34.01889444,131.9002044,¢ŠE‘ª’nŒn,,¯‚ª‹u,,https://logoform.jp/form/AcMw/kdmtlightreport
352071,,kdmtscl02755,14036-103,,,––•,34.01743361,131.8553628,¢ŠE‘ª’nŒn,,‘åŠC’¬“Œ,,https://logoform.jp/form/AcMw/kdmtlightreport
352071,,kdmtscl02756,15052-103,,,––•,34.01765028,131.85506,¢ŠE‘ª’nŒn,,‘åŠC’¬“Œ,,https://logoform.jp/form/AcMw/kdmtlightreport
352071,,kdmtscl02757,14039-110,,,‹v•Û,34.01889639,131.8993244,¢ŠE‘ª’nŒn,,¯‚ª‹u,,https://logoform.jp/form/AcMw/kdmtlightreport
352071,,kdmtscl02758,13096-101,,,‰º¼,34.02077083,131.8700072,¢ŠE‘ª’nŒn,,Œõƒ–‹u,,https://logoform.jp/form/AcMw/kdmtlightreport
352071,,kdmtscl02759,16056-101,,,––•,34.01800944,131.85456,¢ŠE‘ª’nŒn,,‘åŠC’¬¼,,https://logoform.jp/form/AcMw/kdmtlightreport
352071,,kdmtscl02760,15021-103,,,––•,34.01816194,131.8543425,¢ŠE‘ª’nŒn,,‘åŠC’¬¼,,https://logoform.jp/form/AcMw/kdmtlightreport
352071,,kdmtscl02761,15021-105,,,––•,34.01868111,131.85362,¢ŠE‘ª’nŒn,,‘åŠC’¬¼,,https://logoform.jp/form/AcMw/kdmtlightreport
352071,,kdmtscl02762,14039-102,,,‹v•Û,34.01889417,131.8985611,¢ŠE‘ª’nŒn,,¯‚ª‹u,,https://logoform.jp/form/AcMw/kdmtlightreport
352071,,kdmtscl02763,15035-101,,,‰º¼,34.02044722,131.8699247,¢ŠE‘ª’nŒn,,Œõƒ–‹u,,https://logoform.jp/form/AcMw/kdmtlightreport
352071,,kdmtscl02764,L2012-153,,,––•,34.01892778,131.8532817,¢ŠE‘ª’nŒn,,‘åŠC’¬¼,,https://logoform.jp/form/AcMw/kdmtlightreport
352071,,kdmtscl02765,16056-104,,,––•,34.01915944,131.8529542,¢ŠE‘ª’nŒn,,‘åŠC’¬¼,,https://logoform.jp/form/AcMw/kdmtlightreport
352071,,kdmtscl02766,15098-102,,,‹v•Û,34.018885,131.8979756,¢ŠE‘ª’nŒn,,¯‚ª‹u,,https://logoform.jp/form/AcMw/kdmtlightreport
352071,,kdmtscl02767,14050-104,,,‰º¼,34.02009917,131.8701808,¢ŠE‘ª’nŒn,,Œõƒ–‹u,,https://logoform.jp/form/AcMw/kdmtlightreport
352071,,kdmtscl02768,15098-110,,,‹v•Û,34.01879111,131.8968256,¢ŠE‘ª’nŒn,,¯‚ª‹u,,https://logoform.jp/form/AcMw/kdmtlightreport
352071,,kdmtscl02769,14050-102,,,‰º¼,34.02043056,131.8704914,¢ŠE‘ª’nŒn,,Œõƒ–‹u,,https://logoform.jp/form/AcMw/kdmtlightreport
352071,,kdmtscl02770,15021-107,,,––•,34.01889778,131.8526428,¢ŠE‘ª’nŒn,,‘åŠC’¬¼,,https://logoform.jp/form/AcMw/kdmtlightreport
352071,,kdmtscl02771,14039-101,,,‹v•Û,34.01852722,131.8971722,¢ŠE‘ª’nŒn,,¯‚ª‹u,,https://logoform.jp/form/AcMw/kdmtlightreport
352071,,kdmtscl02772,15035-102,,,‰º¼,34.02050083,131.8710394,¢ŠE‘ª’nŒn,,Œõƒ–‹u,,https://logoform.jp/form/AcMw/kdmtlightreport
352071,,kdmtscl02773,15021-108,,,––•,34.01836333,131.8526428,¢ŠE‘ª’nŒn,,‘åŠC’¬¼,,https://logoform.jp/form/AcMw/kdmtlightreport
352071,,kdmtscl02774,16017-109,,,‹v•Û,34.01853667,131.8979844,¢ŠE‘ª’nŒn,,¯‚ª‹u,,https://logoform.jp/form/AcMw/kdmtlightreport
352071,,kdmtscl02775,15035-103,,,‰º¼,34.02045389,131.8714969,¢ŠE‘ª’nŒn,,Œõƒ–‹u,,https://logoform.jp/form/AcMw/kdmtlightreport
352071,,kdmtscl02776,LB072-012,,,‹v•Û,34.01855222,131.8993333,¢ŠE‘ª’nŒn,,¯‚ª‹u,,https://logoform.jp/form/AcMw/kdmtlightreport
352071,,kdmtscl02777,15021-109,,,––•,34.01844167,131.8522928,¢ŠE‘ª’nŒn,,‘åŠC’¬¼,,https://logoform.jp/form/AcMw/kdmtlightreport
352071,,kdmtscl02778,15076-104,,,––•,34.01754583,131.8515442,¢ŠE‘ª’nŒn,,“ŒŠJì,,https://logoform.jp/form/AcMw/kdmtlightreport
352071,,kdmtscl02779,LB072-011,,,‹v•Û,34.01855667,131.9001856,¢ŠE‘ª’nŒn,,¯‚ª‹u,,https://logoform.jp/form/AcMw/kdmtlightreport
352071,,kdmtscl02780,L2012-150,,,‹v•Û,34.01813556,131.9002081,¢ŠE‘ª’nŒn,,¯‚ª‹u,,https://logoform.jp/form/AcMw/kdmtlightreport
352071,,kdmtscl02781,16085-103,,,––•,34.01716861,131.8512556,¢ŠE‘ª’nŒn,,“ŒŠJì,,https://logoform.jp/form/AcMw/kdmtlightreport
352071,,kdmtscl02782,15076-101,,,––•,34.0167475,131.8520331,¢ŠE‘ª’nŒn,,“ŒŠJì,,https://logoform.jp/form/AcMw/kdmtlightreport
352071,,kdmtscl02783,17044-102,,,––•,34.01732639,131.8531167,¢ŠE‘ª’nŒn,,“ŒŠJì,,https://logoform.jp/form/AcMw/kdmtlightreport
352071,,kdmtscl02784,16056-112,,,––•,34.01776528,131.8522614,¢ŠE‘ª’nŒn,,‘åŠC’¬¼,,https://logoform.jp/form/AcMw/kdmtlightreport
352071,,kdmtscl02785,13095-101,,,‹v•Û,34.01812417,131.8989022,¢ŠE‘ª’nŒn,,¯‚ª‹u,,https://logoform.jp/form/AcMw/kdmtlightreport
352071,,kdmtscl02786,L2012-012,,,––•,34.01698139,131.8545253,¢ŠE‘ª’nŒn,,‘åŠC’¬“Œ,,https://logoform.jp/form/AcMw/kdmtlightreport
352071,,kdmtscl02787,16017-110,,,‹v•Û,34.01809528,131.8978458,¢ŠE‘ª’nŒn,,¯‚ª‹u,,https://logoform.jp/form/AcMw/kdmtlightreport
352071,,kdmtscl02788,15076-102,,,––•,34.01672278,131.8548814,¢ŠE‘ª’nŒn,,“ŒŠJì,,https://logoform.jp/form/AcMw/kdmtlightreport
352071,,kdmtscl02789,15098-101,,,‹v•Û,34.01820639,131.8968897,¢ŠE‘ª’nŒn,,¯‚ª‹u,,https://logoform.jp/form/AcMw/kdmtlightreport
352071,,kdmtscl02790,14036-101,,,––•,34.01661861,131.8551803,¢ŠE‘ª’nŒn,,‘åŠC’¬“Œ,,https://logoform.jp/form/AcMw/kdmtlightreport
352071,,kdmtscl02791,18061-106,,,––•,34.01648556,131.8554675,¢ŠE‘ª’nŒn,,‘åŠC’¬“Œ,,https://logoform.jp/form/AcMw/kdmtlightreport
352071,,kdmtscl02792,15076-103,,,––•,34.01611556,131.8551425,¢ŠE‘ª’nŒn,,“ŒŠJì,,https://logoform.jp/form/AcMw/kdmtlightreport
352071,,kdmtscl02793,15076-105,,,––•,34.01651028,131.8538025,¢ŠE‘ª’nŒn,,“ŒŠJì,,https://logoform.jp/form/AcMw/kdmtlightreport
352071,,kdmtscl02794,16085-104,,,––•,34.01748,131.8510094,¢ŠE‘ª’nŒn,,“ŒŠJì,,https://logoform.jp/form/AcMw/kdmtlightreport
352071,,kdmtscl02795,16085-105,,,––•,34.01797,131.8513389,¢ŠE‘ª’nŒn,,“ŒŠJì,,https://logoform.jp/form/AcMw/kdmtlightreport
352071,,kdmtscl02796,13052-103,,,––•,34.019405,131.8498403,¢ŠE‘ª’nŒn,,¼ŠJì,,https://logoform.jp/form/AcMw/kdmtlightreport
352071,,kdmtscl02797,14009-103,,,‹v•Û,34.02075528,131.9038817,¢ŠE‘ª’nŒn,,‰Í“àã,,https://logoform.jp/form/AcMw/kdmtlightreport
352071,,kdmtscl02798,14060-103,,,––•,34.01916583,131.8483131,¢ŠE‘ª’nŒn,,¼ŠJì,,https://logoform.jp/form/AcMw/kdmtlightreport
352071,,kdmtscl02799,14060-102,,,––•,34.01939861,131.8476058,¢ŠE‘ª’nŒn,,¼ŠJì,,https://logoform.jp/form/AcMw/kdmtlightreport
352071,,kdmtscl02800,18071-108,,,––•,34.01746722,131.8477133,¢ŠE‘ª’nŒn,,¼ŠJì,,https://logoform.jp/form/AcMw/kdmtlightreport
352071,,kdmtscl02801,15007-106,,,‰Ô‰ª,34.04231778,131.8811772,¢ŠE‘ª’nŒn,,ã@,,https://logoform.jp/form/AcMw/kdmtlightreport
352071,,kdmtscl02802,13026-101,,,‹v•Û,34.02129722,131.9028481,¢ŠE‘ª’nŒn,,‰Í“àã,,https://logoform.jp/form/AcMw/kdmtlightreport
352071,,kdmtscl02803,14004-109,,,‰Ô‰ª,34.04251806,131.8801875,¢ŠE‘ª’nŒn,,ã@,,https://logoform.jp/form/AcMw/kdmtlightreport
352071,,kdmtscl02804,16067-110,,,‹v•Û,34.02328806,131.9008242,¢ŠE‘ª’nŒn,,‰ª‚ÌŒ´,,https://logoform.jp/form/AcMw/kdmtlightreport
352071,,kdmtscl02805,15010-105,,,‹v•Û,34.02322306,131.9012208,¢ŠE‘ª’nŒn,,‰ª‚ÌŒ´,,https://logoform.jp/form/AcMw/kdmtlightreport
352071,,kdmtscl02806,14004-110,,,‰Ô‰ª,34.04242194,131.8805175,¢ŠE‘ª’nŒn,,ã@,,https://logoform.jp/form/AcMw/kdmtlightreport
352071,,kdmtscl02807,L2012-081,,,‹v•Û,34.02297306,131.9013631,¢ŠE‘ª’nŒn,,‰ª‚ÌŒ´,,https://logoform.jp/form/AcMw/kdmtlightreport
352071,,kdmtscl02808,15007-103,,,‰Ô‰ª,34.04241444,131.8808422,¢ŠE‘ª’nŒn,,ã@,,https://logoform.jp/form/AcMw/kdmtlightreport
352071,,kdmtscl02809,14004-102,,,‰Ô‰ª,34.04232472,131.88195,¢ŠE‘ª’nŒn,,ã@,,https://logoform.jp/form/AcMw/kdmtlightreport
352071,,kdmtscl02810,15010-103,,,‹v•Û,34.02349917,131.9012753,¢ŠE‘ª’nŒn,,‰ª‚ÌŒ´,,https://logoform.jp/form/AcMw/kdmtlightreport
352071,,kdmtscl02811,14004-103,,,‰Ô‰ª,34.04243639,131.8816022,¢ŠE‘ª’nŒn,,ã@,,https://logoform.jp/form/AcMw/kdmtlightreport
352071,,kdmtscl02812,13053-104,,,‹v•Û,34.02340194,131.9013789,¢ŠE‘ª’nŒn,,‰ª‚ÌŒ´,,https://logoform.jp/form/AcMw/kdmtlightreport
352071,,kdmtscl02813,L2012-080,,,‹v•Û,34.02352278,131.9008131,¢ŠE‘ª’nŒn,,‰ª‚ÌŒ´,,https://logoform.jp/form/AcMw/kdmtlightreport
352071,,kdmtscl02814,16067-108,,,‹v•Û,34.02355833,131.9001431,¢ŠE‘ª’nŒn,,‰ª‚ÌŒ´,,https://logoform.jp/form/AcMw/kdmtlightreport
352071,,kdmtscl02815,16067-107,,,‹v•Û,34.02385806,131.9000631,¢ŠE‘ª’nŒn,,‰ª‚ÌŒ´,,https://logoform.jp/form/AcMw/kdmtlightreport
352071,,kdmtscl02816,15027-109,,,––•,34.02465583,131.8631628,¢ŠE‘ª’nŒn,,•½“c“Œ,,https://logoform.jp/form/AcMw/kdmtlightreport
352071,,kdmtscl02817,13053-105,,,‹v•Û,34.02400222,131.9001628,¢ŠE‘ª’nŒn,,‰ª‚ÌŒ´,,https://logoform.jp/form/AcMw/kdmtlightreport
352071,,kdmtscl02818,16040-104,,,––•,34.02516556,131.8635006,¢ŠE‘ª’nŒn,,•½“c“Œ,,https://logoform.jp/form/AcMw/kdmtlightreport
352071,,kdmtscl02819,15010-102,,,‹v•Û,34.02380806,131.9006867,¢ŠE‘ª’nŒn,,‰ª‚ÌŒ´,,https://logoform.jp/form/AcMw/kdmtlightreport
352071,,kdmtscl02820,16067-109,,,‹v•Û,34.023775,131.9012583,¢ŠE‘ª’nŒn,,‰ª‚ÌŒ´,,https://logoform.jp/form/AcMw/kdmtlightreport
352071,,kdmtscl02821,15010-106,,,‹v•Û,34.02350861,131.8995919,¢ŠE‘ª’nŒn,,‰ª‚ÌŒ´,,https://logoform.jp/form/AcMw/kdmtlightreport
352071,,kdmtscl02822,13078-105,,,––•,34.02433417,131.8615494,¢ŠE‘ª’nŒn,,•½“c“Œ,,https://logoform.jp/form/AcMw/kdmtlightreport
352071,,kdmtscl02823,13053-103,,,‹v•Û,34.02379222,131.8996431,¢ŠE‘ª’nŒn,,‰ª‚ÌŒ´,,https://logoform.jp/form/AcMw/kdmtlightreport
352071,,kdmtscl02824,18075-107,,,––•,34.02470361,131.8619056,¢ŠE‘ª’nŒn,,•½“c“Œ,,https://logoform.jp/form/AcMw/kdmtlightreport
352071,,kdmtscl02825,15027-110,,,––•,34.02428389,131.8611769,¢ŠE‘ª’nŒn,,•½“c“Œ,,https://logoform.jp/form/AcMw/kdmtlightreport
352071,,kdmtscl02826,L2012-079,,,‹v•Û,34.02374472,131.8993128,¢ŠE‘ª’nŒn,,‰ª‚ÌŒ´,,https://logoform.jp/form/AcMw/kdmtlightreport
352071,,kdmtscl02827,16067-106,,,‹v•Û,34.02346861,131.8989492,¢ŠE‘ª’nŒn,,‰ª‚ÌŒ´,,https://logoform.jp/form/AcMw/kdmtlightreport
352071,,kdmtscl02828,16028-116,,,‰º¼,34.02425,131.8814053,¢ŠE‘ª’nŒn,,á‹{’¬,,https://logoform.jp/form/AcMw/kdmtlightreport
352071,,kdmtscl02829,16067-105,,,‹v•Û,34.02378472,131.8988331,¢ŠE‘ª’nŒn,,‰ª‚ÌŒ´,,https://logoform.jp/form/AcMw/kdmtlightreport
352071,,kdmtscl02830,15100-105,,,’†‘º,34.02778056,131.8617867,¢ŠE‘ª’nŒn,,“Œ‰ÍŒ´,,https://logoform.jp/form/AcMw/kdmtlightreport
352071,,kdmtscl02831,16028-115,,,‰º¼,34.02419861,131.8818475,¢ŠE‘ª’nŒn,,á‹{’¬,,https://logoform.jp/form/AcMw/kdmtlightreport
352071,,kdmtscl02832,15100-109,,,’†‘º,34.02711111,131.8611322,¢ŠE‘ª’nŒn,,“Œ‰ÍŒ´,,https://logoform.jp/form/AcMw/kdmtlightreport
352071,,kdmtscl02833,16067-104,,,‹v•Û,34.02344611,131.8983869,¢ŠE‘ª’nŒn,,‰ª‚ÌŒ´,,https://logoform.jp/form/AcMw/kdmtlightreport
352071,,kdmtscl02834,15010-104,,,‹v•Û,34.02352222,131.8981383,¢ŠE‘ª’nŒn,,‰ª‚ÌŒ´,,https://logoform.jp/form/AcMw/kdmtlightreport
352071,,kdmtscl02835,13073-105,,,’†‘º,34.02785667,131.8558189,¢ŠE‘ª’nŒn,,ã—Í,,https://logoform.jp/form/AcMw/kdmtlightreport
352071,,kdmtscl02836,15069-107,,,‰º¼,34.02410361,131.8823808,¢ŠE‘ª’nŒn,,á‹{’¬,,https://logoform.jp/form/AcMw/kdmtlightreport
352071,,kdmtscl02837,13053-101,,,‹v•Û,34.02322722,131.8978786,¢ŠE‘ª’nŒn,,‰ª‚ÌŒ´,,https://logoform.jp/form/AcMw/kdmtlightreport
352071,,kdmtscl02838,L2011-049,,,––•,34.0248025,131.8561264,¢ŠE‘ª’nŒn,,‚Ğ‚ç‚½–]’¬¼,,https://logoform.jp/form/AcMw/kdmtlightreport
352071,,kdmtscl02839,16067-103,,,‹v•Û,34.02347528,131.8975297,¢ŠE‘ª’nŒn,,‰ª‚ÌŒ´,,https://logoform.jp/form/AcMw/kdmtlightreport
352071,,kdmtscl02840,16028-121,,,‰º¼,34.02431417,131.8828183,¢ŠE‘ª’nŒn,,á‹{’¬,,https://logoform.jp/form/AcMw/kdmtlightreport
352071,,kdmtscl02841,17052-101,,,––•,34.02589389,131.8571069,¢ŠE‘ª’nŒn,,‚Ğ‚ç‚½–]’¬¼,,https://logoform.jp/form/AcMw/kdmtlightreport
352071,,kdmtscl02842,L2011-048,,,––•,34.02683028,131.8575583,¢ŠE‘ª’nŒn,,‚Ğ‚ç‚½–]’¬¼,,https://logoform.jp/form/AcMw/kdmtlightreport
352071,,kdmtscl02843,16067-102,,,‹v•Û,34.02378472,131.8979106,¢ŠE‘ª’nŒn,,‰ª‚ÌŒ´,,https://logoform.jp/form/AcMw/kdmtlightreport
352071,,kdmtscl02844,16067-112,,,‹v•Û,34.02380583,131.8976508,¢ŠE‘ª’nŒn,,‰ª‚ÌŒ´,,https://logoform.jp/form/AcMw/kdmtlightreport
352071,,kdmtscl02845,16067-101,,,‹v•Û,34.02376,131.8973669,¢ŠE‘ª’nŒn,,‰ª‚ÌŒ´,,https://logoform.jp/form/AcMw/kdmtlightreport
352071,,kdmtscl02846,15100-108,,,’†‘º,34.02776944,131.8581697,¢ŠE‘ª’nŒn,,“Œ‰ÍŒ´,,https://logoform.jp/form/AcMw/kdmtlightreport
352071,,kdmtscl02847,16067-111,,,‹v•Û,34.02367111,131.8971086,¢ŠE‘ª’nŒn,,‰ª‚ÌŒ´,,https://logoform.jp/form/AcMw/kdmtlightreport
352071,,kdmtscl02848,15010-101,,,‹v•Û,34.02330556,131.8972672,¢ŠE‘ª’nŒn,,‰ª‚ÌŒ´,,https://logoform.jp/form/AcMw/kdmtlightreport
352071,,kdmtscl02849,13094-101,,,––•,34.02730528,131.8589397,¢ŠE‘ª’nŒn,,‚Ğ‚ç‚½–]’¬“Œ,,https://logoform.jp/form/AcMw/kdmtlightreport
352071,,kdmtscl02850,18090-101,,,––•,34.02712861,131.8592142,¢ŠE‘ª’nŒn,,‚Ğ‚ç‚½–]’¬“Œ,,https://logoform.jp/form/AcMw/kdmtlightreport
352071,,kdmtscl02851,15100-102,,,’†‘º,34.02824333,131.8592381,¢ŠE‘ª’nŒn,,“Œ‰ÍŒ´,,https://logoform.jp/form/AcMw/kdmtlightreport
352071,,kdmtscl02852,15060-107,,,‹v•Û,34.02350861,131.8966594,¢ŠE‘ª’nŒn,,o‡,,https://logoform.jp/form/AcMw/kdmtlightreport
352071,,kdmtscl02853,16073-101,,,’†‘º,34.02837778,131.8590242,¢ŠE‘ª’nŒn,,“Œ‰ÍŒ´,,https://logoform.jp/form/AcMw/kdmtlightreport
352071,,kdmtscl02854,14039-105,,,‹v•Û,34.02029917,131.8985322,¢ŠE‘ª’nŒn,,¯‚ª‹u,,https://logoform.jp/form/AcMw/kdmtlightreport
352071,,kdmtscl02855,15100-103,,,’†‘º,34.02804028,131.8595431,¢ŠE‘ª’nŒn,,“Œ‰ÍŒ´,,https://logoform.jp/form/AcMw/kdmtlightreport
352071,,kdmtscl02856,15100-106,,,’†‘º,34.02782472,131.8598556,¢ŠE‘ª’nŒn,,“Œ‰ÍŒ´,,https://logoform.jp/form/AcMw/kdmtlightreport
352071,,kdmtscl02857,15100-107,,,’†‘º,34.02810028,131.8599569,¢ŠE‘ª’nŒn,,“Œ‰ÍŒ´,,https://logoform.jp/form/AcMw/kdmtlightreport
352071,,kdmtscl02858,15100-104,,,’†‘º,34.02796556,131.8604258,¢ŠE‘ª’nŒn,,“Œ‰ÍŒ´,,https://logoform.jp/form/AcMw/kdmtlightreport
352071,,kdmtscl02859,16017-106,,,‹v•Û,34.02029167,131.8978708,¢ŠE‘ª’nŒn,,¯‚ª‹u,,https://logoform.jp/form/AcMw/kdmtlightreport
352071,,kdmtscl02860,17098-101,,,––•,34.02461528,131.8572575,¢ŠE‘ª’nŒn,,‚Ğ‚ç‚½–]’¬“Œ,,https://logoform.jp/form/AcMw/kdmtlightreport
352071,,kdmtscl02861,L2012-149,,,‹v•Û,34.02057167,131.8968706,¢ŠE‘ª’nŒn,,¯‚ª‹u,,https://logoform.jp/form/AcMw/kdmtlightreport
352071,,kdmtscl02862,16017-104,,,‹v•Û,34.02062,131.8978881,¢ŠE‘ª’nŒn,,¯‚ª‹u,,https://logoform.jp/form/AcMw/kdmtlightreport
352071,,kdmtscl02863,16017-105,,,‹v•Û,34.02057556,131.8985622,¢ŠE‘ª’nŒn,,¯‚ª‹u,,https://logoform.jp/form/AcMw/kdmtlightreport
352071,,kdmtscl02864,16017-103,,,‹v•Û,34.0209325,131.8986517,¢ŠE‘ª’nŒn,,¯‚ª‹u,,https://logoform.jp/form/AcMw/kdmtlightreport
352071,,kdmtscl02865,16017-102,,,‹v•Û,34.02098,131.8978497,¢ŠE‘ª’nŒn,,¯‚ª‹u,,https://logoform.jp/form/AcMw/kdmtlightreport
352071,,kdmtscl02866,15098-107,,,‹v•Û,34.02096278,131.8971783,¢ŠE‘ª’nŒn,,¯‚ª‹u,,https://logoform.jp/form/AcMw/kdmtlightreport
352071,,kdmtscl02867,16017-111,,,‹v•Û,34.02126361,131.8970933,¢ŠE‘ª’nŒn,,¯‚ª‹u,,https://logoform.jp/form/AcMw/kdmtlightreport
352071,,kdmtscl02868,15098-104,,,‹v•Û,34.02129722,131.8977506,¢ŠE‘ª’nŒn,,¯‚ª‹u,,https://logoform.jp/form/AcMw/kdmtlightreport
352071,,kdmtscl02869,15098-108,,,‹v•Û,34.01997306,131.8968144,¢ŠE‘ª’nŒn,,¯‚ª‹u,,https://logoform.jp/form/AcMw/kdmtlightreport
352071,,kdmtscl02870,13039-102,,,‰º¼,34.01973417,131.8806425,¢ŠE‘ª’nŒn,,‹gŒ´,,https://logoform.jp/form/AcMw/kdmtlightreport
352071,,kdmtscl02871,14039-107,,,‹v•Û,34.01997167,131.8992658,¢ŠE‘ª’nŒn,,¯‚ª‹u,,https://logoform.jp/form/AcMw/kdmtlightreport
352071,,kdmtscl02872,14039-106,,,‹v•Û,34.02030917,131.8992794,¢ŠE‘ª’nŒn,,¯‚ª‹u,,https://logoform.jp/form/AcMw/kdmtlightreport
352071,,kdmtscl02873,16047-106,,,‰º¼,34.02027028,131.8811822,¢ŠE‘ª’nŒn,,‘å‰Í“à,,https://logoform.jp/form/AcMw/kdmtlightreport
352071,,kdmtscl02874,16017-101,,,‹v•Û,34.02032806,131.9000794,¢ŠE‘ª’nŒn,,¯‚ª‹u,,https://logoform.jp/form/AcMw/kdmtlightreport
352071,,kdmtscl02875,15098-106,,,‹v•Û,34.01997917,131.8999869,¢ŠE‘ª’nŒn,,¯‚ª‹u,,https://logoform.jp/form/AcMw/kdmtlightreport
352071,,kdmtscl02876,16047-107,,,‰º¼,34.02030917,131.8816922,¢ŠE‘ª’nŒn,,‘å‰Í“à,,https://logoform.jp/form/AcMw/kdmtlightreport
352071,,kdmtscl02877,15060-102,,,‹v•Û,34.02328111,131.8933533,¢ŠE‘ª’nŒn,,o‡,,https://logoform.jp/form/AcMw/kdmtlightreport
352071,,kdmtscl02878,14039-104,,,‹v•Û,34.01995278,131.8985556,¢ŠE‘ª’nŒn,,¯‚ª‹u,,https://logoform.jp/form/AcMw/kdmtlightreport
352071,,kdmtscl02879,16047-101,,,‰º¼,34.02035833,131.8822597,¢ŠE‘ª’nŒn,,‘å‰Í“à,,https://logoform.jp/form/AcMw/kdmtlightreport
352071,,kdmtscl02880,L2012-148,,,‹v•Û,34.0206525,131.8998856,¢ŠE‘ª’nŒn,,¯‚ª‹u,,https://logoform.jp/form/AcMw/kdmtlightreport
352071,,kdmtscl02881,15043-101,,,‰º¼,34.01998778,131.8828683,¢ŠE‘ª’nŒn,,‹gŒ´,,https://logoform.jp/form/AcMw/kdmtlightreport
352071,,kdmtscl02882,15043-102,,,‰º¼,34.01954417,131.88307,¢ŠE‘ª’nŒn,,‹gŒ´,,https://logoform.jp/form/AcMw/kdmtlightreport
352071,,kdmtscl02883,15060-101,,,‹v•Û,34.02401778,131.892685,¢ŠE‘ª’nŒn,,o‡,,https://logoform.jp/form/AcMw/kdmtlightreport
352071,,kdmtscl02884,13039-101,,,‹v•Û,34.02103083,131.8851056,¢ŠE‘ª’nŒn,,‹gŒ´,,https://logoform.jp/form/AcMw/kdmtlightreport
352071,,kdmtscl02885,16072-117,,,‹v•Û,34.03026306,131.9195386,¢ŠE‘ª’nŒn,,ØR˜A‡,,https://logoform.jp/form/AcMw/kdmtlightreport
352071,,kdmtscl02886,14054-001,,,‹v•Û,34.02060861,131.8866244,¢ŠE‘ª’nŒn,,’J’†ŒËŒ´,,https://logoform.jp/form/AcMw/kdmtlightreport
352071,,kdmtscl02887,16048-109,,,‹v•Û,34.01959472,131.8873156,¢ŠE‘ª’nŒn,,’J’†ŒËŒ´,,https://logoform.jp/form/AcMw/kdmtlightreport
352071,,kdmtscl02888,16072-118,,,‹v•Û,34.03017056,131.9202211,¢ŠE‘ª’nŒn,,ØR˜A‡,,https://logoform.jp/form/AcMw/kdmtlightreport
352071,,kdmtscl02889,18015-117,,,‹v•Û,34.02861278,131.91839,¢ŠE‘ª’nŒn,,“R’¬,,https://logoform.jp/form/AcMw/kdmtlightreport
352071,,kdmtscl02890,14048-104,,,‹v•Û,34.02874972,131.9185064,¢ŠE‘ª’nŒn,,“R’¬,,https://logoform.jp/form/AcMw/kdmtlightreport
352071,,kdmtscl02891,15093-106,,,‹v•Û,34.02072222,131.8862494,¢ŠE‘ª’nŒn,,’J’†ŒËŒ´,,https://logoform.jp/form/AcMw/kdmtlightreport
352071,,kdmtscl02892,14063-103,,,‹v•Û,34.02909722,131.9184592,¢ŠE‘ª’nŒn,,“»”—,,https://logoform.jp/form/AcMw/kdmtlightreport
352071,,kdmtscl02893,16011-103,,,––•,34.02171583,131.8679764,¢ŠE‘ª’nŒn,,”öK,,https://logoform.jp/form/AcMw/kdmtlightreport
352071,,kdmtscl02894,16026-102,,,‰Ô‰ª,34.03682028,131.8872703,¢ŠE‘ª’nŒn,,‘å‰¤,,https://logoform.jp/form/AcMw/kdmtlightreport
352071,,kdmtscl02895,18097-102,,,‹v•Û,34.02097417,131.8862167,¢ŠE‘ª’nŒn,,’J’†ŒËŒ´,,https://logoform.jp/form/AcMw/kdmtlightreport
352071,,kdmtscl02896,16048-105,,,‹v•Û,34.02389028,131.8913986,¢ŠE‘ª’nŒn,,’J’†ŒËŒ´,,https://logoform.jp/form/AcMw/kdmtlightreport
352071,,kdmtscl02897,15093-102,,,‹v•Û,34.02114861,131.8866444,¢ŠE‘ª’nŒn,,’J’†ŒËŒ´,,https://logoform.jp/form/AcMw/kdmtlightreport
352071,,kdmtscl02898,16048-104,,,‹v•Û,34.02374444,131.8909875,¢ŠE‘ª’nŒn,,’J’†ŒËŒ´,,https://logoform.jp/form/AcMw/kdmtlightreport
352071,,kdmtscl02899,16048-107,,,‹v•Û,34.02145972,131.8870269,¢ŠE‘ª’nŒn,,’J’†ŒËŒ´,,https://logoform.jp/form/AcMw/kdmtlightreport
352071,,kdmtscl02900,16026-106,,,‰Ô‰ª,34.0371675,131.8875756,¢ŠE‘ª’nŒn,,‘å‰¤,,https://logoform.jp/form/AcMw/kdmtlightreport
352071,,kdmtscl02901,16048-106,,,‹v•Û,34.02206,131.8871981,¢ŠE‘ª’nŒn,,’J’†ŒËŒ´,,https://logoform.jp/form/AcMw/kdmtlightreport
352071,,kdmtscl02902,16048-102,,,‹v•Û,34.02305806,131.8899928,¢ŠE‘ª’nŒn,,’J’†ŒËŒ´,,https://logoform.jp/form/AcMw/kdmtlightreport
352071,,kdmtscl02903,15101-103,,,‰Ô‰ª,34.03677417,131.8868514,¢ŠE‘ª’nŒn,,‘å‰¤,,https://logoform.jp/form/AcMw/kdmtlightreport
352071,,kdmtscl02904,15093-107,,,‹v•Û,34.02253833,131.8872292,¢ŠE‘ª’nŒn,,’J’†ŒËŒ´,,https://logoform.jp/form/AcMw/kdmtlightreport
352071,,kdmtscl02905,16006-103,,,‰Ô‰ª,34.03713833,131.8852269,¢ŠE‘ª’nŒn,,­,,https://logoform.jp/form/AcMw/kdmtlightreport
352071,,kdmtscl02906,16048-101,,,‹v•Û,34.02272778,131.8895117,¢ŠE‘ª’nŒn,,’J’†ŒËŒ´,,https://logoform.jp/form/AcMw/kdmtlightreport
352071,,kdmtscl02907,18126-119,,,‹v•Û,34.03303722,131.91837,¢ŠE‘ª’nŒn,,ØR˜A‡,,https://logoform.jp/form/AcMw/kdmtlightreport
352071,,kdmtscl02908,14028-103,,,‰Ô‰ª,34.03701694,131.8846672,¢ŠE‘ª’nŒn,,­,,https://logoform.jp/form/AcMw/kdmtlightreport
352071,,kdmtscl02909,18097-101,,,‹v•Û,34.02284083,131.8874506,¢ŠE‘ª’nŒn,,’J’†ŒËŒ´,,https://logoform.jp/form/AcMw/kdmtlightreport
352071,,kdmtscl02910,18126-121,,,‹v•Û,34.03204361,131.9191961,¢ŠE‘ª’nŒn,,ØR˜A‡,,https://logoform.jp/form/AcMw/kdmtlightreport
352071,,kdmtscl02911,15093-105,,,‹v•Û,34.02259722,131.8889919,¢ŠE‘ª’nŒn,,’J’†ŒËŒ´,,https://logoform.jp/form/AcMw/kdmtlightreport
352071,,kdmtscl02912,13059-103,,,‰Ô‰ª,34.03753139,131.8837706,¢ŠE‘ª’nŒn,,­,,https://logoform.jp/form/AcMw/kdmtlightreport
352071,,kdmtscl02913,18126-120,,,‹v•Û,34.03220833,131.9190236,¢ŠE‘ª’nŒn,,ØR˜A‡,,https://logoform.jp/form/AcMw/kdmtlightreport
352071,,kdmtscl02914,15093-108,,,‹v•Û,34.0224925,131.8865733,¢ŠE‘ª’nŒn,,’J’†ŒËŒ´,,https://logoform.jp/form/AcMw/kdmtlightreport
352071,,kdmtscl02915,15093-104,,,‹v•Û,34.02255444,131.8886328,¢ŠE‘ª’nŒn,,’J’†ŒËŒ´,,https://logoform.jp/form/AcMw/kdmtlightreport
352071,,kdmtscl02916,15093-109,,,‹v•Û,34.02245361,131.8860408,¢ŠE‘ª’nŒn,,’J’†ŒËŒ´,,https://logoform.jp/form/AcMw/kdmtlightreport
352071,,kdmtscl02917,14028-104,,,‰Ô‰ª,34.03631028,131.8839847,¢ŠE‘ª’nŒn,,­,,https://logoform.jp/form/AcMw/kdmtlightreport
352071,,kdmtscl02918,15093-110,,,‹v•Û,34.02239556,131.8850733,¢ŠE‘ª’nŒn,,’J’†ŒËŒ´,,https://logoform.jp/form/AcMw/kdmtlightreport
352071,,kdmtscl02919,16048-108,,,‹v•Û,34.02327944,131.8913028,¢ŠE‘ª’nŒn,,’J’†ŒËŒ´,,https://logoform.jp/form/AcMw/kdmtlightreport
352071,,kdmtscl02920,14007-118,,,‹v•Û,34.03063861,131.9128831,¢ŠE‘ª’nŒn,,“Œ—z‚T’š–Ú,,https://logoform.jp/form/AcMw/kdmtlightreport
352071,,kdmtscl02921,13059-104,,,‰Ô‰ª,34.0366475,131.8840347,¢ŠE‘ª’nŒn,,­,,https://logoform.jp/form/AcMw/kdmtlightreport
352071,,kdmtscl02922,15060-104,,,‹v•Û,34.02348417,131.8945883,¢ŠE‘ª’nŒn,,o‡,,https://logoform.jp/form/AcMw/kdmtlightreport
352071,,kdmtscl02923,14007-119,,,‹v•Û,34.03050917,131.9132503,¢ŠE‘ª’nŒn,,“Œ—z‚T’š–Ú,,https://logoform.jp/form/AcMw/kdmtlightreport
352071,,kdmtscl02924,16006-102,,,‰Ô‰ª,34.03594944,131.8832369,¢ŠE‘ª’nŒn,,­,,https://logoform.jp/form/AcMw/kdmtlightreport
352071,,kdmtscl02925,16047-102,,,‰º¼,34.02054778,131.8827644,¢ŠE‘ª’nŒn,,‘å‰Í“à,,https://logoform.jp/form/AcMw/kdmtlightreport
352071,,kdmtscl02926,14007-120,,,‹v•Û,34.03042083,131.9135428,¢ŠE‘ª’nŒn,,“Œ—z‚T’š–Ú,,https://logoform.jp/form/AcMw/kdmtlightreport
352071,,kdmtscl02927,16057-108,,,‹v•Û,34.02311333,131.8947983,¢ŠE‘ª’nŒn,,o‡,,https://logoform.jp/form/AcMw/kdmtlightreport
352071,,kdmtscl02928,13059-101,,,‰Ô‰ª,34.03627806,131.8832369,¢ŠE‘ª’nŒn,,­,,https://logoform.jp/form/AcMw/kdmtlightreport
352071,,kdmtscl02929,14007-121,,,‹v•Û,34.03035389,131.9138594,¢ŠE‘ª’nŒn,,“Œ—z‚T’š–Ú,,https://logoform.jp/form/AcMw/kdmtlightreport
352071,,kdmtscl02930,15069-101,,,‰º¼,34.02187917,131.8836286,¢ŠE‘ª’nŒn,,á‹{’¬,,https://logoform.jp/form/AcMw/kdmtlightreport
352071,,kdmtscl02931,13087-101,,,‹v•Û,34.02290472,131.8956333,¢ŠE‘ª’nŒn,,o‡,,https://logoform.jp/form/AcMw/kdmtlightreport
352071,,kdmtscl02932,14007-123,,,‹v•Û,34.03024778,131.9146042,¢ŠE‘ª’nŒn,,“Œ—z‚T’š–Ú,,https://logoform.jp/form/AcMw/kdmtlightreport
352071,,kdmtscl02933,16003-122,,,‹v•Û,34.03021111,131.9150664,¢ŠE‘ª’nŒn,,“Œ—z‚T’š–Ú,,https://logoform.jp/form/AcMw/kdmtlightreport
352071,,kdmtscl02934,15060-106,,,‹v•Û,34.02266472,131.8945383,¢ŠE‘ª’nŒn,,o‡,,https://logoform.jp/form/AcMw/kdmtlightreport
352071,,kdmtscl02935,13059-102,,,‰Ô‰ª,34.03677944,131.8833733,¢ŠE‘ª’nŒn,,­,,https://logoform.jp/form/AcMw/kdmtlightreport
352071,,kdmtscl02936,14007-130,,,‹v•Û,34.02984889,131.9147717,¢ŠE‘ª’nŒn,,“Œ—z‚T’š–Ú,,https://logoform.jp/form/AcMw/kdmtlightreport
352071,,kdmtscl02937,16028-111,,,‰º¼,34.02210111,131.8837461,¢ŠE‘ª’nŒn,,á‹{’¬,,https://logoform.jp/form/AcMw/kdmtlightreport
352071,,kdmtscl02938,14007-128,,,‹v•Û,34.02997194,131.9141869,¢ŠE‘ª’nŒn,,“Œ—z‚T’š–Ú,,https://logoform.jp/form/AcMw/kdmtlightreport
352071,,kdmtscl02939,14028-101,,,‰Ô‰ª,34.03728722,131.8834769,¢ŠE‘ª’nŒn,,­,,https://logoform.jp/form/AcMw/kdmtlightreport
352071,,kdmtscl02940,15060-105,,,‹v•Û,34.02228556,131.8936297,¢ŠE‘ª’nŒn,,o‡,,https://logoform.jp/form/AcMw/kdmtlightreport
352071,,kdmtscl02941,15069-109,,,‰º¼,34.02246778,131.88376,¢ŠE‘ª’nŒn,,á‹{’¬,,https://logoform.jp/form/AcMw/kdmtlightreport
352071,,kdmtscl02942,17059-102,,,‰Ô‰ª,34.03637444,131.882285,¢ŠE‘ª’nŒn,,­,,https://logoform.jp/form/AcMw/kdmtlightreport
352071,,kdmtscl02943,14007-127,,,‹v•Û,34.03002694,131.9138614,¢ŠE‘ª’nŒn,,“Œ—z‚T’š–Ú,,https://logoform.jp/form/AcMw/kdmtlightreport
352071,,kdmtscl02944,16057-101,,,‹v•Û,34.02239056,131.8947508,¢ŠE‘ª’nŒn,,o‡,,https://logoform.jp/form/AcMw/kdmtlightreport
352071,,kdmtscl02945,16028-101,,,‰º¼,34.022455,131.8833683,¢ŠE‘ª’nŒn,,á‹{’¬,,https://logoform.jp/form/AcMw/kdmtlightreport
352071,,kdmtscl02946,14007-126,,,‹v•Û,34.03013333,131.9134581,¢ŠE‘ª’nŒn,,“Œ—z‚T’š–Ú,,https://logoform.jp/form/AcMw/kdmtlightreport
352071,,kdmtscl02947,17109-101,,,‰Ô‰ª,34.03682944,131.8823294,¢ŠE‘ª’nŒn,,’–‚ÌKE,,https://logoform.jp/form/AcMw/kdmtlightreport
352071,,kdmtscl02948,16057-109,,,‹v•Û,34.02269083,131.8934922,¢ŠE‘ª’nŒn,,o‡,,https://logoform.jp/form/AcMw/kdmtlightreport
352071,,kdmtscl02949,14007-125,,,‹v•Û,34.03020972,131.9131353,¢ŠE‘ª’nŒn,,“Œ—z‚T’š–Ú,,https://logoform.jp/form/AcMw/kdmtlightreport
352071,,kdmtscl02950,15093-103,,,‹v•Û,34.0225375,131.8876414,¢ŠE‘ª’nŒn,,’J’†ŒËŒ´,,https://logoform.jp/form/AcMw/kdmtlightreport
352071,,kdmtscl02951,LB030-002,,,‰Ô‰ª,34.03751444,131.8819233,¢ŠE‘ª’nŒn,,“Œ@,,https://logoform.jp/form/AcMw/kdmtlightreport
352071,,kdmtscl02952,14007-124,,,‹v•Û,34.03031083,131.9128267,¢ŠE‘ª’nŒn,,“Œ—z‚T’š–Ú,,https://logoform.jp/form/AcMw/kdmtlightreport
352071,,kdmtscl02953,14007-122,,,‹v•Û,34.02951139,131.9144531,¢ŠE‘ª’nŒn,,“Œ—z‚T’š–Ú,,https://logoform.jp/form/AcMw/kdmtlightreport
352071,,kdmtscl02954,15004-101,,,‰Ô‰ª,34.0366475,131.8809825,¢ŠE‘ª’nŒn,,’–‚ÌK‚a,,https://logoform.jp/form/AcMw/kdmtlightreport
352071,,kdmtscl02955,15008-101,,,‹v•Û,34.02968056,131.9137803,¢ŠE‘ª’nŒn,,“Œ—z‚T’š–Ú,,https://logoform.jp/form/AcMw/kdmtlightreport
352071,,kdmtscl02956,15004-102,,,‰Ô‰ª,34.03662444,131.8818897,¢ŠE‘ª’nŒn,,’–‚ÌK‚a,,https://logoform.jp/form/AcMw/kdmtlightreport
352071,,kdmtscl02957,14007-129,,,‹v•Û,34.02974083,131.9134956,¢ŠE‘ª’nŒn,,“Œ—z‚T’š–Ú,,https://logoform.jp/form/AcMw/kdmtlightreport
352071,,kdmtscl02958,15093-101,,,‹v•Û,34.02254278,131.8880094,¢ŠE‘ª’nŒn,,’J’†ŒËŒ´,,https://logoform.jp/form/AcMw/kdmtlightreport
352071,,kdmtscl02959,13044-102,,,‰Ô‰ª,34.03630028,131.8817583,¢ŠE‘ª’nŒn,,’–‚ÌK‚a,,https://logoform.jp/form/AcMw/kdmtlightreport
352071,,kdmtscl02960,15069-104,,,‰º¼,34.02255917,131.8828447,¢ŠE‘ª’nŒn,,á‹{’¬,,https://logoform.jp/form/AcMw/kdmtlightreport
352071,,kdmtscl02961,16003-124,,,‹v•Û,34.02991361,131.9142019,¢ŠE‘ª’nŒn,,“Œ—z‚T’š–Ú,,https://logoform.jp/form/AcMw/kdmtlightreport
352071,,kdmtscl02962,13044-101,,,‰Ô‰ª,34.03657444,131.8814561,¢ŠE‘ª’nŒn,,’–‚ÌK‚a,,https://logoform.jp/form/AcMw/kdmtlightreport
352071,,kdmtscl02963,16003-123,,,‹v•Û,34.03013861,131.9142592,¢ŠE‘ª’nŒn,,“Œ—z‚T’š–Ú,,https://logoform.jp/form/AcMw/kdmtlightreport
352071,,kdmtscl02964,14007-104,,,‹v•Û,34.03262667,131.9165478,¢ŠE‘ª’nŒn,,“Œ—z‚T’š–Ú,,https://logoform.jp/form/AcMw/kdmtlightreport
352071,,kdmtscl02965,16028-104,,,‰º¼,34.0225275,131.8822047,¢ŠE‘ª’nŒn,,á‹{’¬,,https://logoform.jp/form/AcMw/kdmtlightreport
352071,,kdmtscl02966,14007-103,,,‹v•Û,34.03287833,131.9162653,¢ŠE‘ª’nŒn,,“Œ—z‚T’š–Ú,,https://logoform.jp/form/AcMw/kdmtlightreport
352071,,kdmtscl02967,16003-101,,,‹v•Û,34.03277167,131.9154839,¢ŠE‘ª’nŒn,,“Œ—z‚T’š–Ú,,https://logoform.jp/form/AcMw/kdmtlightreport
352071,,kdmtscl02968,16028-103,,,‰º¼,34.02243,131.8826208,¢ŠE‘ª’nŒn,,á‹{’¬,,https://logoform.jp/form/AcMw/kdmtlightreport
352071,,kdmtscl02969,13013-103,,,‹v•Û,34.03284,131.9155986,¢ŠE‘ª’nŒn,,“Œ—z‚T’š–Ú,,https://logoform.jp/form/AcMw/kdmtlightreport
352071,,kdmtscl02970,14007-106,,,‹v•Û,34.0320075,131.9166389,¢ŠE‘ª’nŒn,,“Œ—z‚T’š–Ú,,https://logoform.jp/form/AcMw/kdmtlightreport
352071,,kdmtscl02971,14007-107,,,‹v•Û,34.0318,131.9172775,¢ŠE‘ª’nŒn,,“Œ—z‚T’š–Ú,,https://logoform.jp/form/AcMw/kdmtlightreport
352071,,kdmtscl02972,15069-102,,,‰º¼,34.02195167,131.8829319,¢ŠE‘ª’nŒn,,á‹{’¬,,https://logoform.jp/form/AcMw/kdmtlightreport
352071,,kdmtscl02973,14007-114,,,‹v•Û,34.0313025,131.9173064,¢ŠE‘ª’nŒn,,“Œ—z‚T’š–Ú,,https://logoform.jp/form/AcMw/kdmtlightreport
352071,,kdmtscl02974,14007-105,,,‹v•Û,34.03085278,131.9169725,¢ŠE‘ª’nŒn,,“Œ—z‚T’š–Ú,,https://logoform.jp/form/AcMw/kdmtlightreport
352071,,kdmtscl02975,14007-117,,,‹v•Û,34.03082028,131.9165764,¢ŠE‘ª’nŒn,,“Œ—z‚T’š–Ú,,https://logoform.jp/form/AcMw/kdmtlightreport
352071,,kdmtscl02976,16028-102,,,‰º¼,34.0224225,131.8828769,¢ŠE‘ª’nŒn,,á‹{’¬,,https://logoform.jp/form/AcMw/kdmtlightreport
352071,,kdmtscl02977,14007-115,,,‹v•Û,34.03078861,131.9160003,¢ŠE‘ª’nŒn,,“Œ—z‚T’š–Ú,,https://logoform.jp/form/AcMw/kdmtlightreport
352071,,kdmtscl02978,16028-112,,,‰º¼,34.02277417,131.8837694,¢ŠE‘ª’nŒn,,á‹{’¬,,https://logoform.jp/form/AcMw/kdmtlightreport
352071,,kdmtscl02979,16003-117,,,‹v•Û,34.03078111,131.9148617,¢ŠE‘ª’nŒn,,“Œ—z‚T’š–Ú,,https://logoform.jp/form/AcMw/kdmtlightreport
352071,,kdmtscl02980,15069-103,,,‰º¼,34.02279833,131.8839797,¢ŠE‘ª’nŒn,,á‹{’¬,,https://logoform.jp/form/AcMw/kdmtlightreport
352071,,kdmtscl02981,16028-113,,,‰º¼,34.02303417,131.8836425,¢ŠE‘ª’nŒn,,á‹{’¬,,https://logoform.jp/form/AcMw/kdmtlightreport
352071,,kdmtscl02982,15008-104,,,‹v•Û,34.03181139,131.9147903,¢ŠE‘ª’nŒn,,“Œ—z‚T’š–Ú,,https://logoform.jp/form/AcMw/kdmtlightreport
352071,,kdmtscl02983,13013-102,,,‹v•Û,34.03215417,131.9148019,¢ŠE‘ª’nŒn,,“Œ—z‚T’š–Ú,,https://logoform.jp/form/AcMw/kdmtlightreport
352071,,kdmtscl02984,15069-110,,,‰º¼,34.023215,131.8835369,¢ŠE‘ª’nŒn,,á‹{’¬,,https://logoform.jp/form/AcMw/kdmtlightreport
352071,,kdmtscl02985,14007-102,,,‹v•Û,34.0320675,131.9152128,¢ŠE‘ª’nŒn,,“Œ—z‚T’š–Ú,,https://logoform.jp/form/AcMw/kdmtlightreport
352071,,kdmtscl02986,16028-119,,,‰º¼,34.02334556,131.8838269,¢ŠE‘ª’nŒn,,á‹{’¬,,https://logoform.jp/form/AcMw/kdmtlightreport
352071,,kdmtscl02987,14007-101,,,‹v•Û,34.03173222,131.9152044,¢ŠE‘ª’nŒn,,“Œ—z‚T’š–Ú,,https://logoform.jp/form/AcMw/kdmtlightreport
352071,,kdmtscl02988,16028-105,,,‰º¼,34.02371583,131.8835486,¢ŠE‘ª’nŒn,,á‹{’¬,,https://logoform.jp/form/AcMw/kdmtlightreport
352071,,kdmtscl02989,16003-118,,,‹v•Û,34.03163611,131.9150944,¢ŠE‘ª’nŒn,,“Œ—z‚T’š–Ú,,https://logoform.jp/form/AcMw/kdmtlightreport
352071,,kdmtscl02990,14007-108,,,‹v•Û,34.03164083,131.9155228,¢ŠE‘ª’nŒn,,“Œ—z‚T’š–Ú,,https://logoform.jp/form/AcMw/kdmtlightreport
352071,,kdmtscl02991,16028-120,,,‰º¼,34.02402,131.8832886,¢ŠE‘ª’nŒn,,á‹{’¬,,https://logoform.jp/form/AcMw/kdmtlightreport
352071,,kdmtscl02992,14007-109,,,‹v•Û,34.0319475,131.9157464,¢ŠE‘ª’nŒn,,“Œ—z‚T’š–Ú,,https://logoform.jp/form/AcMw/kdmtlightreport
352071,,kdmtscl02993,15069-105,,,‰º¼,34.02375861,131.8830083,¢ŠE‘ª’nŒn,,á‹{’¬,,https://logoform.jp/form/AcMw/kdmtlightreport
352071,,kdmtscl02994,16003-107,,,‹v•Û,34.03163778,131.9160164,¢ŠE‘ª’nŒn,,“Œ—z‚T’š–Ú,,https://logoform.jp/form/AcMw/kdmtlightreport
352071,,kdmtscl02995,14007-112,,,‹v•Û,34.03155444,131.9161014,¢ŠE‘ª’nŒn,,“Œ—z‚T’š–Ú,,https://logoform.jp/form/AcMw/kdmtlightreport
352071,,kdmtscl02996,14007-110,,,‹v•Û,34.03163278,131.9168589,¢ŠE‘ª’nŒn,,“Œ—z‚T’š–Ú,,https://logoform.jp/form/AcMw/kdmtlightreport
352071,,kdmtscl02997,16028-108,,,‰º¼,34.02356083,131.8812997,¢ŠE‘ª’nŒn,,á‹{’¬,,https://logoform.jp/form/AcMw/kdmtlightreport
352071,,kdmtscl02998,16003-115,,,‹v•Û,34.03125361,131.9171264,¢ŠE‘ª’nŒn,,“Œ—z‚T’š–Ú,,https://logoform.jp/form/AcMw/kdmtlightreport
352071,,kdmtscl02999,16028-107,,,‰º¼,34.02345917,131.8818822,¢ŠE‘ª’nŒn,,á‹{’¬,,https://logoform.jp/form/AcMw/kdmtlightreport
352071,,kdmtscl03000,14007-113,,,‹v•Û,34.03125972,131.9167386,¢ŠE‘ª’nŒn,,“Œ—z‚T’š–Ú,,https://logoform.jp/form/AcMw/kdmtlightreport
352071,,kdmtscl03001,16003-116,,,‹v•Û,34.03096667,131.9160864,¢ŠE‘ª’nŒn,,“Œ—z‚T’š–Ú,,https://logoform.jp/form/AcMw/kdmtlightreport
352071,,kdmtscl03002,15069-108,,,‰º¼,34.02336,131.8824072,¢ŠE‘ª’nŒn,,á‹{’¬,,https://logoform.jp/form/AcMw/kdmtlightreport
352071,,kdmtscl03003,14007-116,,,‹v•Û,34.03116778,131.9160739,¢ŠE‘ª’nŒn,,“Œ—z‚T’š–Ú,,https://logoform.jp/form/AcMw/kdmtlightreport
352071,,kdmtscl03004,17029-106,,,‰º¼,34.02327667,131.8827786,¢ŠE‘ª’nŒn,,á‹{’¬,,https://logoform.jp/form/AcMw/kdmtlightreport
352071,,kdmtscl03005,16003-110,,,‹v•Û,34.03125667,131.9159689,¢ŠE‘ª’nŒn,,“Œ—z‚T’š–Ú,,https://logoform.jp/form/AcMw/kdmtlightreport
352071,,kdmtscl03006,13013-101,,,‹v•Û,34.03124667,131.9155078,¢ŠE‘ª’nŒn,,“Œ—z‚T’š–Ú,,https://logoform.jp/form/AcMw/kdmtlightreport
352071,,kdmtscl03007,16028-109,,,‰º¼,34.02288306,131.8826947,¢ŠE‘ª’nŒn,,á‹{’¬,,https://logoform.jp/form/AcMw/kdmtlightreport
352071,,kdmtscl03008,14007-111,,,‹v•Û,34.03126194,131.9151042,¢ŠE‘ª’nŒn,,“Œ—z‚T’š–Ú,,https://logoform.jp/form/AcMw/kdmtlightreport
352071,,kdmtscl03009,16028-110,,,‰º¼,34.02295917,131.8823261,¢ŠE‘ª’nŒn,,á‹{’¬,,https://logoform.jp/form/AcMw/kdmtlightreport
352071,,kdmtscl03010,16003-121,,,‹v•Û,34.03109528,131.9145181,¢ŠE‘ª’nŒn,,“Œ—z‚T’š–Ú,,https://logoform.jp/form/AcMw/kdmtlightreport
352071,,kdmtscl03011,16028-118,,,‰º¼,34.02318417,131.8832458,¢ŠE‘ª’nŒn,,á‹{’¬,,https://logoform.jp/form/AcMw/kdmtlightreport
352071,,kdmtscl03012,15069-106,,,‰º¼,34.02277167,131.8832786,¢ŠE‘ª’nŒn,,á‹{’¬,,https://logoform.jp/form/AcMw/kdmtlightreport
352071,,kdmtscl03013,16057-105,,,‹v•Û,34.02454417,131.8964808,¢ŠE‘ª’nŒn,,o‡,,https://logoform.jp/form/AcMw/kdmtlightreport
352071,,kdmtscl03014,16057-104,,,‹v•Û,34.02491611,131.8963108,¢ŠE‘ª’nŒn,,o‡,,https://logoform.jp/form/AcMw/kdmtlightreport
352071,,kdmtscl03015,16057-106,,,‹v•Û,34.02554694,131.8966372,¢ŠE‘ª’nŒn,,o‡,,https://logoform.jp/form/AcMw/kdmtlightreport
352071,,kdmtscl03016,16057-107,,,‹v•Û,34.02585,131.8973894,¢ŠE‘ª’nŒn,,o‡,,https://logoform.jp/form/AcMw/kdmtlightreport
352071,,kdmtscl03017,15015-101,,,‹v•Û,34.02854639,131.8981319,¢ŠE‘ª’nŒn,,‹v•Ûs,,https://logoform.jp/form/AcMw/kdmtlightreport
352071,,kdmtscl03018,15085-109,,,‹v•Û,34.02633361,131.8983692,¢ŠE‘ª’nŒn,,Â—t‘ä,,https://logoform.jp/form/AcMw/kdmtlightreport
352071,,kdmtscl03019,16061-101,,,‹v•Û,34.03303222,131.9029239,¢ŠE‘ª’nŒn,,R“c˜A‡,,https://logoform.jp/form/AcMw/kdmtlightreport
352071,,kdmtscl03020,16009-102,,,‹v•Û,34.03036972,131.8973219,¢ŠE‘ª’nŒn,,Kƒ–‹u,,https://logoform.jp/form/AcMw/kdmtlightreport
352071,,kdmtscl03021,16009-104,,,‹v•Û,34.02993361,131.8970011,¢ŠE‘ª’nŒn,,Kƒ–‹u,,https://logoform.jp/form/AcMw/kdmtlightreport
352071,,kdmtscl03022,15085-108,,,‹v•Û,34.02618111,131.8978558,¢ŠE‘ª’nŒn,,Â—t‘ä,,https://logoform.jp/form/AcMw/kdmtlightreport
352071,,kdmtscl03023,16009-105,,,‹v•Û,34.02945583,131.8964733,¢ŠE‘ª’nŒn,,Kƒ–‹u,,https://logoform.jp/form/AcMw/kdmtlightreport
352071,,kdmtscl03024,15085-105,,,‹v•Û,34.02655778,131.8973819,¢ŠE‘ª’nŒn,,Â—t‘ä,,https://logoform.jp/form/AcMw/kdmtlightreport
352071,,kdmtscl03025,15026-105,,,‹v•Û,34.03282944,131.9093117,¢ŠE‘ª’nŒn,,“Œ—z‚P’š–Ú,,https://logoform.jp/form/AcMw/kdmtlightreport
352071,,kdmtscl03026,16009-106,,,‹v•Û,34.02973472,131.8976822,¢ŠE‘ª’nŒn,,Kƒ–‹u,,https://logoform.jp/form/AcMw/kdmtlightreport
352071,,kdmtscl03027,16009-101,,,‹v•Û,34.03047222,131.8983181,¢ŠE‘ª’nŒn,,Kƒ–‹u,,https://logoform.jp/form/AcMw/kdmtlightreport
352071,,kdmtscl03028,14030-103,,,‹v•Û,34.0324625,131.9093206,¢ŠE‘ª’nŒn,,“Œ—z‚P’š–Ú,,https://logoform.jp/form/AcMw/kdmtlightreport
352071,,kdmtscl03029,15085-110,,,‹v•Û,34.02700806,131.8974619,¢ŠE‘ª’nŒn,,Â—t‘ä,,https://logoform.jp/form/AcMw/kdmtlightreport
352071,,kdmtscl03030,16070-101,,,‹v•Û,34.0271425,131.8973956,¢ŠE‘ª’nŒn,,Â—t‘ä,,https://logoform.jp/form/AcMw/kdmtlightreport
352071,,kdmtscl03031,13028-105,,,‹v•Û,34.03239167,131.9079047,¢ŠE‘ª’nŒn,,“Œ—z‚P’š–Ú,,https://logoform.jp/form/AcMw/kdmtlightreport
352071,,kdmtscl03032,17087-102,,,‹v•Û,34.030565,131.9023403,¢ŠE‘ª’nŒn,,‹v•Ûs,,https://logoform.jp/form/AcMw/kdmtlightreport
352071,,kdmtscl03033,15085-106,,,‹v•Û,34.02735083,131.8972911,¢ŠE‘ª’nŒn,,Â—t‘ä,,https://logoform.jp/form/AcMw/kdmtlightreport
352071,,kdmtscl03034,15026-110,,,‹v•Û,34.03234389,131.9073961,¢ŠE‘ª’nŒn,,“Œ—z‚P’š–Ú,,https://logoform.jp/form/AcMw/kdmtlightreport
352071,,kdmtscl03035,14027-105,,,‹v•Û,34.03009583,131.9035117,¢ŠE‘ª’nŒn,,‹v•Ûs,,https://logoform.jp/form/AcMw/kdmtlightreport
352071,,kdmtscl03036,15085-107,,,‹v•Û,34.0280075,131.8969697,¢ŠE‘ª’nŒn,,Â—t‘ä,,https://logoform.jp/form/AcMw/kdmtlightreport
352071,,kdmtscl03037,13028-103,,,‹v•Û,34.03275389,131.9072172,¢ŠE‘ª’nŒn,,“Œ—z‚P’š–Ú,,https://logoform.jp/form/AcMw/kdmtlightreport
352071,,kdmtscl03038,14027-109,,,‹v•Û,34.03040111,131.9033464,¢ŠE‘ª’nŒn,,‹v•Ûs,,https://logoform.jp/form/AcMw/kdmtlightreport
352071,,kdmtscl03039,15085-101,,,‹v•Û,34.0285775,131.8967222,¢ŠE‘ª’nŒn,,Â—t‘ä,,https://logoform.jp/form/AcMw/kdmtlightreport
352071,,kdmtscl03040,14027-108,,,‹v•Û,34.02953833,131.9029414,¢ŠE‘ª’nŒn,,‹v•Ûs,,https://logoform.jp/form/AcMw/kdmtlightreport
352071,,kdmtscl03041,L2011-011,,,‹v•Û,34.02907111,131.8994044,¢ŠE‘ª’nŒn,,ƒZƒ“ƒgƒVƒeƒB,,https://logoform.jp/form/AcMw/kdmtlightreport
352071,,kdmtscl03042,19014-005,,,‹v•Û,34.02892083,131.8989006,¢ŠE‘ª’nŒn,,ƒZƒ“ƒgƒVƒeƒB,,https://logoform.jp/form/AcMw/kdmtlightreport
352071,,kdmtscl03043,19014-006,,,‹v•Û,34.02856611,131.8987144,¢ŠE‘ª’nŒn,,ƒZƒ“ƒgƒVƒeƒB,,https://logoform.jp/form/AcMw/kdmtlightreport
352071,,kdmtscl03044,15026-109,,,‹v•Û,34.03276667,131.9074986,¢ŠE‘ª’nŒn,,“Œ—z‚P’š–Ú,,https://logoform.jp/form/AcMw/kdmtlightreport
352071,,kdmtscl03045,L2012-115,,,‹v•Û,34.02818667,131.8973347,¢ŠE‘ª’nŒn,,Â—t‘ä,,https://logoform.jp/form/AcMw/kdmtlightreport
352071,,kdmtscl03046,14030-108,,,‹v•Û,34.03289139,131.9080236,¢ŠE‘ª’nŒn,,“Œ—z‚P’š–Ú,,https://logoform.jp/form/AcMw/kdmtlightreport
352071,,kdmtscl03047,15026-108,,,‹v•Û,34.03254861,131.9080258,¢ŠE‘ª’nŒn,,“Œ—z‚P’š–Ú,,https://logoform.jp/form/AcMw/kdmtlightreport
352071,,kdmtscl03048,14021-101,,,‹v•Û,34.02785361,131.8975269,¢ŠE‘ª’nŒn,,Â—t‘ä,,https://logoform.jp/form/AcMw/kdmtlightreport
352071,,kdmtscl03049,15026-107,,,‹v•Û,34.03256167,131.9084211,¢ŠE‘ª’nŒn,,“Œ—z‚P’š–Ú,,https://logoform.jp/form/AcMw/kdmtlightreport
352071,,kdmtscl03050,15085-103,,,‹v•Û,34.02757,131.8976344,¢ŠE‘ª’nŒn,,Â—t‘ä,,https://logoform.jp/form/AcMw/kdmtlightreport
352071,,kdmtscl03051,14030-105,,,‹v•Û,34.03288056,131.908445,¢ŠE‘ª’nŒn,,“Œ—z‚P’š–Ú,,https://logoform.jp/form/AcMw/kdmtlightreport
352071,,kdmtscl03052,14021-102,,,‹v•Û,34.02716972,131.8978347,¢ŠE‘ª’nŒn,,Â—t‘ä,,https://logoform.jp/form/AcMw/kdmtlightreport
352071,,kdmtscl03053,14030-104,,,‹v•Û,34.03253278,131.9088697,¢ŠE‘ª’nŒn,,“Œ—z‚P’š–Ú,,https://logoform.jp/form/AcMw/kdmtlightreport
352071,,kdmtscl03054,L2012-114,,,‹v•Û,34.02661361,131.8981283,¢ŠE‘ª’nŒn,,Â—t‘ä,,https://logoform.jp/form/AcMw/kdmtlightreport
352071,,kdmtscl03055,15026-106,,,‹v•Û,34.03289306,131.9088769,¢ŠE‘ª’nŒn,,“Œ—z‚P’š–Ú,,https://logoform.jp/form/AcMw/kdmtlightreport
352071,,kdmtscl03056,L2012-113,,,‹v•Û,34.02642778,131.8977869,¢ŠE‘ª’nŒn,,Â—t‘ä,,https://logoform.jp/form/AcMw/kdmtlightreport
352071,,kdmtscl03057,13050-104,,,‹v•Û,34.02784417,131.9004744,¢ŠE‘ª’nŒn,,ƒZƒ“ƒgƒVƒeƒB,,https://logoform.jp/form/AcMw/kdmtlightreport
352071,,kdmtscl03058,13069-102,,,‹v•Û,34.03180417,131.9058986,¢ŠE‘ª’nŒn,,R“c˜A‡,,https://logoform.jp/form/AcMw/kdmtlightreport
352071,,kdmtscl03059,14043-106,,,‹v•Û,34.03115222,131.9067386,¢ŠE‘ª’nŒn,,R“c˜A‡,,https://logoform.jp/form/AcMw/kdmtlightreport
352071,,kdmtscl03060,14032-101,,,‹v•Û,34.02766667,131.9005819,¢ŠE‘ª’nŒn,,ƒZƒ“ƒgƒVƒeƒB,,https://logoform.jp/form/AcMw/kdmtlightreport
352071,,kdmtscl03061,13077-104,,,‹v•Û,34.02979528,131.9108381,¢ŠE‘ª’nŒn,,‹v•Ûs,,https://logoform.jp/form/AcMw/kdmtlightreport
352071,,kdmtscl03062,14032-105,,,‹v•Û,34.0284875,131.9004283,¢ŠE‘ª’nŒn,,ƒZƒ“ƒgƒVƒeƒB,,https://logoform.jp/form/AcMw/kdmtlightreport
352071,,kdmtscl03063,13077-105,,,‹v•Û,34.02993028,131.9104906,¢ŠE‘ª’nŒn,,‹v•Ûs,,https://logoform.jp/form/AcMw/kdmtlightreport
352071,,kdmtscl03064,13050-101,,,‹v•Û,34.02836917,131.8998269,¢ŠE‘ª’nŒn,,ƒZƒ“ƒgƒVƒeƒB,,https://logoform.jp/form/AcMw/kdmtlightreport
352071,,kdmtscl03065,17087-106,,,‹v•Û,34.03041639,131.9099169,¢ŠE‘ª’nŒn,,‹v•Ûs,,https://logoform.jp/form/AcMw/kdmtlightreport
352071,,kdmtscl03066,16012-101,,,‹v•Û,34.0279275,131.8987678,¢ŠE‘ª’nŒn,,ƒZƒ“ƒgƒVƒeƒB,,https://logoform.jp/form/AcMw/kdmtlightreport
352071,,kdmtscl03067,LB048-021,,,‹v•Û,34.02887667,131.9067822,¢ŠE‘ª’nŒn,,‹v•Ûs,,https://logoform.jp/form/AcMw/kdmtlightreport
352071,,kdmtscl03068,13050-102,,,‹v•Û,34.02818083,131.8985981,¢ŠE‘ª’nŒn,,ƒZƒ“ƒgƒVƒeƒB,,https://logoform.jp/form/AcMw/kdmtlightreport
352071,,kdmtscl03069,13077-102,,,‹v•Û,34.02969083,131.9062953,¢ŠE‘ª’nŒn,,‹v•Ûs,,https://logoform.jp/form/AcMw/kdmtlightreport
352071,,kdmtscl03070,14032-103,,,‹v•Û,34.02805667,131.8992342,¢ŠE‘ª’nŒn,,ƒZƒ“ƒgƒVƒeƒB,,https://logoform.jp/form/AcMw/kdmtlightreport
352071,,kdmtscl03071,15015-104,,,‹v•Û,34.02969306,131.9053289,¢ŠE‘ª’nŒn,,‹v•Ûs,,https://logoform.jp/form/AcMw/kdmtlightreport
352071,,kdmtscl03072,13050-103,,,‹v•Û,34.02760139,131.8995419,¢ŠE‘ª’nŒn,,ƒZƒ“ƒgƒVƒeƒB,,https://logoform.jp/form/AcMw/kdmtlightreport
352071,,kdmtscl03073,14027-102,,,‹v•Û,34.03016833,131.9044947,¢ŠE‘ª’nŒn,,‹v•Ûs,,https://logoform.jp/form/AcMw/kdmtlightreport
352071,,kdmtscl03074,14032-104,,,‹v•Û,34.02777417,131.8998167,¢ŠE‘ª’nŒn,,ƒZƒ“ƒgƒVƒeƒB,,https://logoform.jp/form/AcMw/kdmtlightreport
352071,,kdmtscl03075,14032-102,,,‹v•Û,34.02827472,131.8995028,¢ŠE‘ª’nŒn,,ƒZƒ“ƒgƒVƒeƒB,,https://logoform.jp/form/AcMw/kdmtlightreport
352071,,kdmtscl03076,LB051-002,,,‹v•Û,34.028545,131.9029581,¢ŠE‘ª’nŒn,,‹v•Ûs,,https://logoform.jp/form/AcMw/kdmtlightreport
352071,,kdmtscl03077,15029-104,,,‰Ô‰ª,34.03776722,131.8740917,¢ŠE‘ª’nŒn,,“Œ’¬,,https://logoform.jp/form/AcMw/kdmtlightreport
352071,,kdmtscl03078,15070-102,,,‰Ô‰ª,34.03763,131.8748539,¢ŠE‘ª’nŒn,,‰Ø—Ë¼,,https://logoform.jp/form/AcMw/kdmtlightreport
352071,,kdmtscl03079,16079-101,,,‹v•Û,34.02670944,131.8999044,¢ŠE‘ª’nŒn,,“ú‚Ìo’¬,,https://logoform.jp/form/AcMw/kdmtlightreport
352071,,kdmtscl03080,15029-103,,,‰Ô‰ª,34.03861417,131.8752364,¢ŠE‘ª’nŒn,,“Œ’¬,,https://logoform.jp/form/AcMw/kdmtlightreport
352071,,kdmtscl03081,15017-104,,,‹v•Û,34.02690417,131.9005042,¢ŠE‘ª’nŒn,,“ú‚Ìo’¬,,https://logoform.jp/form/AcMw/kdmtlightreport
352071,,kdmtscl03082,15029-109,,,‰Ô‰ª,34.03898611,131.8753353,¢ŠE‘ª’nŒn,,“Œ’¬,,https://logoform.jp/form/AcMw/kdmtlightreport
352071,,kdmtscl03083,17035-107,,,‰Ô‰ª,34.03778417,131.8760689,¢ŠE‘ª’nŒn,,“Œ’¬,,https://logoform.jp/form/AcMw/kdmtlightreport
352071,,kdmtscl03084,14047-001,,,‰Ô‰ª,34.03887,131.8767528,¢ŠE‘ª’nŒn,,’†”ö,,https://logoform.jp/form/AcMw/kdmtlightreport
352071,,kdmtscl03085,14047-002,,,‰Ô‰ª,34.03916972,131.8768056,¢ŠE‘ª’nŒn,,’†”ö,,https://logoform.jp/form/AcMw/kdmtlightreport
352071,,kdmtscl03086,16079-105,,,‹v•Û,34.02654861,131.9007419,¢ŠE‘ª’nŒn,,“ú‚Ìo’¬,,https://logoform.jp/form/AcMw/kdmtlightreport
352071,,kdmtscl03087,13029-104,,,‰Ô‰ª,34.04049528,131.8790161,¢ŠE‘ª’nŒn,,¼@,,https://logoform.jp/form/AcMw/kdmtlightreport
352071,,kdmtscl03088,16079-104,,,‹v•Û,34.02661083,131.9012642,¢ŠE‘ª’nŒn,,“ú‚Ìo’¬,,https://logoform.jp/form/AcMw/kdmtlightreport
352071,,kdmtscl03089,13029-103,,,‰Ô‰ª,34.04060472,131.8793639,¢ŠE‘ª’nŒn,,¼@,,https://logoform.jp/form/AcMw/kdmtlightreport
352071,,kdmtscl03090,16079-102,,,‹v•Û,34.02665972,131.9001744,¢ŠE‘ª’nŒn,,“ú‚Ìo’¬,,https://logoform.jp/form/AcMw/kdmtlightreport
352071,,kdmtscl03091,15014-106,,,‰Ô‰ª,34.04054639,131.8796664,¢ŠE‘ª’nŒn,,¼@,,https://logoform.jp/form/AcMw/kdmtlightreport
352071,,kdmtscl03092,16079-103,,,‹v•Û,34.02635472,131.9002942,¢ŠE‘ª’nŒn,,“ú‚Ìo’¬,,https://logoform.jp/form/AcMw/kdmtlightreport
352071,,kdmtscl03093,15014-105,,,‰Ô‰ª,34.04094083,131.8795711,¢ŠE‘ª’nŒn,,¼@,,https://logoform.jp/form/AcMw/kdmtlightreport
352071,,kdmtscl03094,15014-102,,,‰Ô‰ª,34.04110722,131.879675,¢ŠE‘ª’nŒn,,¼@,,https://logoform.jp/form/AcMw/kdmtlightreport
352071,,kdmtscl03095,13029-101,,,‰Ô‰ª,34.04121611,131.8798111,¢ŠE‘ª’nŒn,,¼@,,https://logoform.jp/form/AcMw/kdmtlightreport
352071,,kdmtscl03096,13029-105,,,‰Ô‰ª,34.04026111,131.8792136,¢ŠE‘ª’nŒn,,¼@,,https://logoform.jp/form/AcMw/kdmtlightreport
352071,,kdmtscl03097,15014-107,,,‰Ô‰ª,34.04019528,131.8795614,¢ŠE‘ª’nŒn,,¼@,,https://logoform.jp/form/AcMw/kdmtlightreport
352071,,kdmtscl03098,L2012-050,,,‰Ô‰ª,34.04037278,131.8782036,¢ŠE‘ª’nŒn,,@,,https://logoform.jp/form/AcMw/kdmtlightreport
352071,,kdmtscl03099,L2012-053,,,‰Ô‰ª,34.03944083,131.8781161,¢ŠE‘ª’nŒn,,@,,https://logoform.jp/form/AcMw/kdmtlightreport
352071,,kdmtscl03100,14014-110,,,‰Ô‰ª,34.03934417,131.87901,¢ŠE‘ª’nŒn,,¼@,,https://logoform.jp/form/AcMw/kdmtlightreport
352071,,kdmtscl03101,14014-102,,,‰Ô‰ª,34.03891667,131.8795164,¢ŠE‘ª’nŒn,,¼@,,https://logoform.jp/form/AcMw/kdmtlightreport
352071,,kdmtscl03102,LB022-005,,,‰Ô‰ª,34.04005056,131.8893614,¢ŠE‘ª’nŒn,,‹{–{,,https://logoform.jp/form/AcMw/kdmtlightreport
352071,,kdmtscl03103,L199108701,,,‰Ô‰ª,34.04067639,131.8906011,¢ŠE‘ª’nŒn,,‹{–{,,https://logoform.jp/form/AcMw/kdmtlightreport
352071,,kdmtscl03104,14014-101,,,‰Ô‰ª,34.0396175,131.8790036,¢ŠE‘ª’nŒn,,¼@,,https://logoform.jp/form/AcMw/kdmtlightreport
352071,,kdmtscl03105,L2012-084,,,‰Ô‰ª,34.03954333,131.8795525,¢ŠE‘ª’nŒn,,¼@,,https://logoform.jp/form/AcMw/kdmtlightreport
352071,,kdmtscl03106,LB022-002,,,‰Ô‰ª,34.04087722,131.891355,¢ŠE‘ª’nŒn,,‹{–{,,https://logoform.jp/form/AcMw/kdmtlightreport
352071,,kdmtscl03107,15014-108,,,‰Ô‰ª,34.0398375,131.8797286,¢ŠE‘ª’nŒn,,¼@,,https://logoform.jp/form/AcMw/kdmtlightreport
352071,,kdmtscl03108,14014-105,,,‰Ô‰ª,34.03989,131.8793914,¢ŠE‘ª’nŒn,,¼@,,https://logoform.jp/form/AcMw/kdmtlightreport
352071,,kdmtscl03109,13030-101,,,‰Ô‰ª,34.03886028,131.8788072,¢ŠE‘ª’nŒn,,@,,https://logoform.jp/form/AcMw/kdmtlightreport
352071,,kdmtscl03110,16084-102,,,‰Ô‰ª,34.04144333,131.8909036,¢ŠE‘ª’nŒn,,‹{–{,,https://logoform.jp/form/AcMw/kdmtlightreport
352071,,kdmtscl03111,L2012-054,,,‰Ô‰ª,34.03906722,131.8791186,¢ŠE‘ª’nŒn,,@,,https://logoform.jp/form/AcMw/kdmtlightreport
352071,,kdmtscl03112,17089-102,,,‰Ô‰ª,34.03886639,131.8781947,¢ŠE‘ª’nŒn,,@,,https://logoform.jp/form/AcMw/kdmtlightreport
352071,,kdmtscl03113,L199108702,,,‰Ô‰ª,34.04176194,131.89121,¢ŠE‘ª’nŒn,,‹{–{,,https://logoform.jp/form/AcMw/kdmtlightreport
352071,,kdmtscl03114,15022-101,,,‰Ô‰ª,34.03872861,131.891145,¢ŠE‘ª’nŒn,,“c‰€’²•z,,https://logoform.jp/form/AcMw/kdmtlightreport
352071,,kdmtscl03115,16018-102,,,‰Ô‰ª,34.03849806,131.8781086,¢ŠE‘ª’nŒn,,@,,https://logoform.jp/form/AcMw/kdmtlightreport
352071,,kdmtscl03116,15022-102,,,‰Ô‰ª,34.03836,131.89086,¢ŠE‘ª’nŒn,,“c‰€’²•z,,https://logoform.jp/form/AcMw/kdmtlightreport
352071,,kdmtscl03117,16018-103,,,‰Ô‰ª,34.03803833,131.8780839,¢ŠE‘ª’nŒn,,@,,https://logoform.jp/form/AcMw/kdmtlightreport
352071,,kdmtscl03118,14023-103,,,‰Ô‰ª,34.03914278,131.8890803,¢ŠE‘ª’nŒn,,’†‘º¼,,https://logoform.jp/form/AcMw/kdmtlightreport
352071,,kdmtscl03119,L2012-146,,,‰Ô‰ª,34.03814583,131.8906011,¢ŠE‘ª’nŒn,,’†‘º¼,,https://logoform.jp/form/AcMw/kdmtlightreport
352071,,kdmtscl03120,14023-101,,,‰Ô‰ª,34.03821583,131.8901186,¢ŠE‘ª’nŒn,,’†‘º¼,,https://logoform.jp/form/AcMw/kdmtlightreport
352071,,kdmtscl03121,16026-104,,,‰Ô‰ª,34.03938583,131.8885153,¢ŠE‘ª’nŒn,,‘å‰¤,,https://logoform.jp/form/AcMw/kdmtlightreport
352071,,kdmtscl03122,L2012-157,,,‰Ô‰ª,34.03996167,131.8886344,¢ŠE‘ª’nŒn,,¼‘º,,https://logoform.jp/form/AcMw/kdmtlightreport
352071,,kdmtscl03123,14017-101,,,‰Ô‰ª,34.041765,131.8694956,¢ŠE‘ª’nŒn,,ã’n,,https://logoform.jp/form/AcMw/kdmtlightreport
352071,,kdmtscl03124,13067-103,,,‰Ô‰ª,34.04064306,131.8712658,¢ŠE‘ª’nŒn,,ã’n,,https://logoform.jp/form/AcMw/kdmtlightreport
352071,,kdmtscl03125,13007-104,,,‰Ô‰ª,34.03842028,131.8707447,¢ŠE‘ª’nŒn,,^’¬,,https://logoform.jp/form/AcMw/kdmtlightreport
352071,,kdmtscl03126,13007-103,,,‰Ô‰ª,34.03802444,131.8712206,¢ŠE‘ª’nŒn,,^’¬,,https://logoform.jp/form/AcMw/kdmtlightreport
352071,,kdmtscl03127,13007-101,,,‰Ô‰ª,34.03824444,131.8713233,¢ŠE‘ª’nŒn,,^’¬,,https://logoform.jp/form/AcMw/kdmtlightreport
352071,,kdmtscl03128,15009-103,,,‰Ô‰ª,34.03751417,131.8687775,¢ŠE‘ª’nŒn,,‰Ô‰ª¼’¬,,https://logoform.jp/form/AcMw/kdmtlightreport
352071,,kdmtscl03129,13067-104,,,‰Ô‰ª,34.03918389,131.8680572,¢ŠE‘ª’nŒn,,ã’n,,https://logoform.jp/form/AcMw/kdmtlightreport
352071,,kdmtscl03130,15081-102,,,‰Ô‰ª,34.03967417,131.8636153,¢ŠE‘ª’nŒn,,‚‹´,,https://logoform.jp/form/AcMw/kdmtlightreport
352071,,kdmtscl03131,13060-001,,,‹v•Û,34.02665444,131.8976431,¢ŠE‘ª’nŒn,,Â—t‘ä,,https://logoform.jp/form/AcMw/kdmtlightreport
352071,,kdmtscl03132,16045-105,,,‰Ô‰ª,34.04141417,131.8663275,¢ŠE‘ª’nŒn,,‚‹´,,https://logoform.jp/form/AcMw/kdmtlightreport
352071,,kdmtscl03133,13085-101,,,‰Ô‰ª,34.03809083,131.8637553,¢ŠE‘ª’nŒn,,‚‹´,,https://logoform.jp/form/AcMw/kdmtlightreport
352071,,kdmtscl03134,16032-115,,,‹v•Û,34.03692056,131.9123106,¢ŠE‘ª’nŒn,,“Œ—z‚R’š–Ú,,https://logoform.jp/form/AcMw/kdmtlightreport
352071,,kdmtscl03135,14080-112,,,‹v•Û,34.03663556,131.9123053,¢ŠE‘ª’nŒn,,“Œ—z‚R’š–Ú,,https://logoform.jp/form/AcMw/kdmtlightreport
352071,,kdmtscl03136,13077-101,,,‹v•Û,34.02981861,131.9098122,¢ŠE‘ª’nŒn,,‹v•Ûs,,https://logoform.jp/form/AcMw/kdmtlightreport
352071,,kdmtscl03137,16032-104,,,‹v•Û,34.03620778,131.9122978,¢ŠE‘ª’nŒn,,“Œ—z‚R’š–Ú,,https://logoform.jp/form/AcMw/kdmtlightreport
352071,,kdmtscl03138,16032-105,,,‹v•Û,34.03588889,131.9122928,¢ŠE‘ª’nŒn,,“Œ—z‚R’š–Ú,,https://logoform.jp/form/AcMw/kdmtlightreport
352071,,kdmtscl03139,14080-113,,,‹v•Û,34.03542278,131.9123019,¢ŠE‘ª’nŒn,,“Œ—z‚R’š–Ú,,https://logoform.jp/form/AcMw/kdmtlightreport
352071,,kdmtscl03140,14073-129,,,‹v•Û,34.03558944,131.9116544,¢ŠE‘ª’nŒn,,“Œ—z‚Q’š–Ú,,https://logoform.jp/form/AcMw/kdmtlightreport
352071,,kdmtscl03141,16072-108,,,‹v•Û,34.0344175,131.9204439,¢ŠE‘ª’nŒn,,ØR˜A‡,,https://logoform.jp/form/AcMw/kdmtlightreport
352071,,kdmtscl03142,15075-106,,,‹v•Û,34.03677222,131.9116542,¢ŠE‘ª’nŒn,,“Œ—z‚Q’š–Ú,,https://logoform.jp/form/AcMw/kdmtlightreport
352071,,kdmtscl03143,14027-104,,,‹v•Û,34.03017861,131.9089133,¢ŠE‘ª’nŒn,,‹v•Ûs,,https://logoform.jp/form/AcMw/kdmtlightreport
352071,,kdmtscl03144,15087-103,,,‹v•Û,34.03401,131.9199614,¢ŠE‘ª’nŒn,,ØR˜A‡,,https://logoform.jp/form/AcMw/kdmtlightreport
352071,,kdmtscl03145,15075-104,,,‹v•Û,34.03759333,131.9101833,¢ŠE‘ª’nŒn,,“Œ—z‚Q’š–Ú,,https://logoform.jp/form/AcMw/kdmtlightreport
352071,,kdmtscl03146,15087-102,,,‹v•Û,34.03383472,131.9193036,¢ŠE‘ª’nŒn,,ØR˜A‡,,https://logoform.jp/form/AcMw/kdmtlightreport
352071,,kdmtscl03147,14043-107,,,‹v•Û,34.030795,131.9067983,¢ŠE‘ª’nŒn,,R“c˜A‡,,https://logoform.jp/form/AcMw/kdmtlightreport
352071,,kdmtscl03148,18124-101,,,‹v•Û,34.0372175,131.9093056,¢ŠE‘ª’nŒn,,“Œ—z‚Q’š–Ú,,https://logoform.jp/form/AcMw/kdmtlightreport
352071,,kdmtscl03149,14043-108,,,‹v•Û,34.03156056,131.9062928,¢ŠE‘ª’nŒn,,R“c˜A‡,,https://logoform.jp/form/AcMw/kdmtlightreport
352071,,kdmtscl03150,18124-102,,,‹v•Û,34.0370325,131.9088617,¢ŠE‘ª’nŒn,,“Œ—z‚Q’š–Ú,,https://logoform.jp/form/AcMw/kdmtlightreport
352071,,kdmtscl03151,16066-110,,,‹v•Û,34.036745,131.9083697,¢ŠE‘ª’nŒn,,“Œ—z‚Q’š–Ú,,https://logoform.jp/form/AcMw/kdmtlightreport
352071,,kdmtscl03152,14073-111,,,‹v•Û,34.035445,131.9078111,¢ŠE‘ª’nŒn,,“Œ—z‚Q’š–Ú,,https://logoform.jp/form/AcMw/kdmtlightreport
352071,,kdmtscl03153,16072-110,,,‹v•Û,34.03375806,131.9189758,¢ŠE‘ª’nŒn,,ØR˜A‡,,https://logoform.jp/form/AcMw/kdmtlightreport
352071,,kdmtscl03154,14073-112,,,‹v•Û,34.0357975,131.9078294,¢ŠE‘ª’nŒn,,“Œ—z‚Q’š–Ú,,https://logoform.jp/form/AcMw/kdmtlightreport
352071,,kdmtscl03155,13060-002,,,‹v•Û,34.02766333,131.8971508,¢ŠE‘ª’nŒn,,Â—t‘ä,,https://logoform.jp/form/AcMw/kdmtlightreport
352071,,kdmtscl03156,17099-104,,,‹v•Û,34.03621194,131.9078636,¢ŠE‘ª’nŒn,,“Œ—z‚Q’š–Ú,,https://logoform.jp/form/AcMw/kdmtlightreport
352071,,kdmtscl03157,15087-101,,,‹v•Û,34.03361806,131.9187625,¢ŠE‘ª’nŒn,,ØR˜A‡,,https://logoform.jp/form/AcMw/kdmtlightreport
352071,,kdmtscl03158,13028-102,,,‹v•Û,34.03480611,131.9080497,¢ŠE‘ª’nŒn,,“Œ—z‚P’š–Ú,,https://logoform.jp/form/AcMw/kdmtlightreport
352071,,kdmtscl03159,18126-118,,,‹v•Û,34.03358806,131.9180736,¢ŠE‘ª’nŒn,,ØR˜A‡,,https://logoform.jp/form/AcMw/kdmtlightreport
352071,,kdmtscl03160,15026-102,,,‹v•Û,34.03457056,131.9082711,¢ŠE‘ª’nŒn,,“Œ—z‚P’š–Ú,,https://logoform.jp/form/AcMw/kdmtlightreport
352071,,kdmtscl03161,16072-116,,,‹v•Û,34.03441306,131.9179478,¢ŠE‘ª’nŒn,,ØR˜A‡,,https://logoform.jp/form/AcMw/kdmtlightreport
352071,,kdmtscl03162,15026-103,,,‹v•Û,34.03438222,131.9084422,¢ŠE‘ª’nŒn,,“Œ—z‚P’š–Ú,,https://logoform.jp/form/AcMw/kdmtlightreport
352071,,kdmtscl03163,16072-104,,,‹v•Û,34.03505583,131.9186922,¢ŠE‘ª’nŒn,,ØR˜A‡,,https://logoform.jp/form/AcMw/kdmtlightreport
352071,,kdmtscl03164,14030-102,,,‹v•Û,34.03426389,131.908135,¢ŠE‘ª’nŒn,,“Œ—z‚P’š–Ú,,https://logoform.jp/form/AcMw/kdmtlightreport
352071,,kdmtscl03165,18045-104@,,,‹v•Û,34.03422194,131.9172439,¢ŠE‘ª’nŒn,,“Œ—z˜A‡©¡‰ï,,https://logoform.jp/form/AcMw/kdmtlightreport
352071,,kdmtscl03166,14030-107,,,‹v•Û,34.03385639,131.9075883,¢ŠE‘ª’nŒn,,“Œ—z‚P’š–Ú,,https://logoform.jp/form/AcMw/kdmtlightreport
352071,,kdmtscl03167,14089-104,,,‹v•Û,34.03428083,131.9164775,¢ŠE‘ª’nŒn,,“Œ—z‚S’š–Ú,,https://logoform.jp/form/AcMw/kdmtlightreport
352071,,kdmtscl03168,15026-101,,,‹v•Û,34.03344528,131.9075183,¢ŠE‘ª’nŒn,,“Œ—z‚P’š–Ú,,https://logoform.jp/form/AcMw/kdmtlightreport
352071,,kdmtscl03169,13060-003,,,‹v•Û,34.028285,131.8968397,¢ŠE‘ª’nŒn,,Â—t‘ä,,https://logoform.jp/form/AcMw/kdmtlightreport
352071,,kdmtscl03170,L2012-159,,,‹v•Û,34.03753778,131.9161692,¢ŠE‘ª’nŒn,,“Œ—z‚R’š–Ú,,https://logoform.jp/form/AcMw/kdmtlightreport
352071,,kdmtscl03171,16032-101,,,‹v•Û,34.03756972,131.9157903,¢ŠE‘ª’nŒn,,“Œ—z‚R’š–Ú,,https://logoform.jp/form/AcMw/kdmtlightreport
352071,,kdmtscl03172,16096-106,,,––•,34.01598167,131.8605636,¢ŠE‘ª’nŒn,,–í¶’¬,,https://logoform.jp/form/AcMw/kdmtlightreport
352071,,kdmtscl03173,14080-111,,,‹v•Û,34.03756778,131.9138389,¢ŠE‘ª’nŒn,,“Œ—z‚R’š–Ú,,https://logoform.jp/form/AcMw/kdmtlightreport
352071,,kdmtscl03174,13028-101,,,‹v•Û,34.03317639,131.9070808,¢ŠE‘ª’nŒn,,“Œ—z‚P’š–Ú,,https://logoform.jp/form/AcMw/kdmtlightreport
352071,,kdmtscl03175,18048-106,,,‹v•Û,34.03721472,131.9156364,¢ŠE‘ª’nŒn,,“Œ—z‚R’š–Ú,,https://logoform.jp/form/AcMw/kdmtlightreport
352071,,kdmtscl03176,16096-102,,,––•,34.01617333,131.8602272,¢ŠE‘ª’nŒn,,–í¶’¬,,https://logoform.jp/form/AcMw/kdmtlightreport
352071,,kdmtscl03177,18048-103,,,‹v•Û,34.03721056,131.9144106,¢ŠE‘ª’nŒn,,“Œ—z‚R’š–Ú,,https://logoform.jp/form/AcMw/kdmtlightreport
352071,,kdmtscl03178,14030-110,,,‹v•Û,34.03320111,131.9076122,¢ŠE‘ª’nŒn,,“Œ—z‚P’š–Ú,,https://logoform.jp/form/AcMw/kdmtlightreport
352071,,kdmtscl03179,18048-102,,,‹v•Û,34.03721194,131.9139417,¢ŠE‘ª’nŒn,,“Œ—z‚R’š–Ú,,https://logoform.jp/form/AcMw/kdmtlightreport
352071,,kdmtscl03180,14030-106,,,‹v•Û,34.03336306,131.9088783,¢ŠE‘ª’nŒn,,“Œ—z‚P’š–Ú,,https://logoform.jp/form/AcMw/kdmtlightreport
352071,,kdmtscl03181,18048-101,,,‹v•Û,34.03720472,131.9135106,¢ŠE‘ª’nŒn,,“Œ—z‚R’š–Ú,,https://logoform.jp/form/AcMw/kdmtlightreport
352071,,kdmtscl03182,14030-109,,,‹v•Û,34.03385028,131.9089325,¢ŠE‘ª’nŒn,,“Œ—z‚P’š–Ú,,https://logoform.jp/form/AcMw/kdmtlightreport
352071,,kdmtscl03183,15026-104,,,‹v•Û,34.03354611,131.9092092,¢ŠE‘ª’nŒn,,“Œ—z‚P’š–Ú,,https://logoform.jp/form/AcMw/kdmtlightreport
352071,,kdmtscl03184,16032-110,,,‹v•Û,34.03720778,131.9130956,¢ŠE‘ª’nŒn,,“Œ—z‚R’š–Ú,,https://logoform.jp/form/AcMw/kdmtlightreport
352071,,kdmtscl03185,14030-101,,,‹v•Û,34.033195,131.9093094,¢ŠE‘ª’nŒn,,“Œ—z‚P’š–Ú,,https://logoform.jp/form/AcMw/kdmtlightreport
352071,,kdmtscl03186,14080-116,,,‹v•Û,34.03720028,131.9126544,¢ŠE‘ª’nŒn,,“Œ—z‚R’š–Ú,,https://logoform.jp/form/AcMw/kdmtlightreport
352071,,kdmtscl03187,13028-104,,,‹v•Û,34.03404056,131.9086508,¢ŠE‘ª’nŒn,,“Œ—z‚P’š–Ú,,https://logoform.jp/form/AcMw/kdmtlightreport
352071,,kdmtscl03188,19014-003,,,‹v•Û,34.02755222,131.8997431,¢ŠE‘ª’nŒn,,ƒZƒ“ƒgƒVƒeƒB,,https://logoform.jp/form/AcMw/kdmtlightreport
352071,,kdmtscl03189,14080-115,,,‹v•Û,34.03677083,131.9127328,¢ŠE‘ª’nŒn,,“Œ—z‚R’š–Ú,,https://logoform.jp/form/AcMw/kdmtlightreport
352071,,kdmtscl03190,14073-107,,,‹v•Û,34.03427694,131.9092919,¢ŠE‘ª’nŒn,,“Œ—z‚Q’š–Ú,,https://logoform.jp/form/AcMw/kdmtlightreport
352071,,kdmtscl03191,19014-004,,,‹v•Û,34.02779917,131.9002003,¢ŠE‘ª’nŒn,,ƒZƒ“ƒgƒVƒeƒB,,https://logoform.jp/form/AcMw/kdmtlightreport
352071,,kdmtscl03192,14073-105,,,‹v•Û,34.03407972,131.9094631,¢ŠE‘ª’nŒn,,“Œ—z‚Q’š–Ú,,https://logoform.jp/form/AcMw/kdmtlightreport
352071,,kdmtscl03193,L2011-059,,,‰Ô‰ª,34.03796444,131.8815394,¢ŠE‘ª’nŒn,,“Œ@,,https://logoform.jp/form/AcMw/kdmtlightreport
352071,,kdmtscl03194,17099-108,,,‹v•Û,34.03380139,131.9097267,¢ŠE‘ª’nŒn,,“Œ—z‚Q’š–Ú,,https://logoform.jp/form/AcMw/kdmtlightreport
352071,,kdmtscl03195,18026-110,,,‰Ô‰ª,34.03757889,131.8810683,¢ŠE‘ª’nŒn,,“Œ@,,https://logoform.jp/form/AcMw/kdmtlightreport
352071,,kdmtscl03196,16032-114,,,‹v•Û,34.03647556,131.9127553,¢ŠE‘ª’nŒn,,“Œ—z‚R’š–Ú,,https://logoform.jp/form/AcMw/kdmtlightreport
352071,,kdmtscl03197,14080-114,,,‹v•Û,34.03613444,131.9127456,¢ŠE‘ª’nŒn,,“Œ—z‚R’š–Ú,,https://logoform.jp/form/AcMw/kdmtlightreport
352071,,kdmtscl03198,LB021-065,,,‰Ô‰ª,34.03776083,131.8807861,¢ŠE‘ª’nŒn,,“Œ@,,https://logoform.jp/form/AcMw/kdmtlightreport
352071,,kdmtscl03199,14080-119,,,‹v•Û,34.03614806,131.9131792,¢ŠE‘ª’nŒn,,“Œ—z‚R’š–Ú,,https://logoform.jp/form/AcMw/kdmtlightreport
352071,,kdmtscl03200,14073-108,,,‹v•Û,34.03373667,131.9102547,¢ŠE‘ª’nŒn,,“Œ—z‚Q’š–Ú,,https://logoform.jp/form/AcMw/kdmtlightreport
352071,,kdmtscl03201,14080-118,,,‹v•Û,34.03650139,131.9131742,¢ŠE‘ª’nŒn,,“Œ—z‚R’š–Ú,,https://logoform.jp/form/AcMw/kdmtlightreport
352071,,kdmtscl03202,14073-130,,,‹v•Û,34.03375472,131.9107708,¢ŠE‘ª’nŒn,,“Œ—z‚Q’š–Ú,,https://logoform.jp/form/AcMw/kdmtlightreport
352071,,kdmtscl03203,14073-109,,,‹v•Û,34.03378917,131.9111183,¢ŠE‘ª’nŒn,,“Œ—z‚Q’š–Ú,,https://logoform.jp/form/AcMw/kdmtlightreport
352071,,kdmtscl03204,14080-117,,,‹v•Û,34.03706444,131.9131642,¢ŠE‘ª’nŒn,,“Œ—z‚R’š–Ú,,https://logoform.jp/form/AcMw/kdmtlightreport
352071,,kdmtscl03205,16032-108,,,‹v•Û,34.03703361,131.9135442,¢ŠE‘ª’nŒn,,“Œ—z‚R’š–Ú,,https://logoform.jp/form/AcMw/kdmtlightreport
352071,,kdmtscl03206,14073-110,,,‹v•Û,34.03397056,131.9111006,¢ŠE‘ª’nŒn,,“Œ—z‚Q’š–Ú,,https://logoform.jp/form/AcMw/kdmtlightreport
352071,,kdmtscl03207,LB021-058,,,‰Ô‰ª,34.03805639,131.8808086,¢ŠE‘ª’nŒn,,“Œ@,,https://logoform.jp/form/AcMw/kdmtlightreport
352071,,kdmtscl03208,14080-105,,,‹v•Û,34.03676056,131.9135606,¢ŠE‘ª’nŒn,,“Œ—z‚R’š–Ú,,https://logoform.jp/form/AcMw/kdmtlightreport
352071,,kdmtscl03209,14073-118,,,‹v•Û,34.03422972,131.9111006,¢ŠE‘ª’nŒn,,“Œ—z‚Q’š–Ú,,https://logoform.jp/form/AcMw/kdmtlightreport
352071,,kdmtscl03210,L199200403,,,‰Ô‰ª,34.03840806,131.8815075,¢ŠE‘ª’nŒn,,“Œ@,,https://logoform.jp/form/AcMw/kdmtlightreport
352071,,kdmtscl03211,17099-105,,,‹v•Û,34.03455111,131.9110617,¢ŠE‘ª’nŒn,,“Œ—z‚Q’š–Ú,,https://logoform.jp/form/AcMw/kdmtlightreport
352071,,kdmtscl03212,14073-119,,,‹v•Û,34.03455778,131.9106972,¢ŠE‘ª’nŒn,,“Œ—z‚Q’š–Ú,,https://logoform.jp/form/AcMw/kdmtlightreport
352071,,kdmtscl03213,13045-105,,,‰Ô‰ª,34.03847833,131.8810322,¢ŠE‘ª’nŒn,,“Œ@,,https://logoform.jp/form/AcMw/kdmtlightreport
352071,,kdmtscl03214,17099-110,,,‹v•Û,34.03476972,131.9102908,¢ŠE‘ª’nŒn,,“Œ—z‚Q’š–Ú,,https://logoform.jp/form/AcMw/kdmtlightreport
352071,,kdmtscl03215,LB021-051 ,,,‰Ô‰ª,34.03835,131.8802953,¢ŠE‘ª’nŒn,,“Œ@,,https://logoform.jp/form/AcMw/kdmtlightreport
352071,,kdmtscl03216,16066-105,,,‹v•Û,34.03489278,131.9100144,¢ŠE‘ª’nŒn,,“Œ—z‚Q’š–Ú,,https://logoform.jp/form/AcMw/kdmtlightreport
352071,,kdmtscl03217,LB021-055,,,‰Ô‰ª,34.03820139,131.8801328,¢ŠE‘ª’nŒn,,“Œ@,,https://logoform.jp/form/AcMw/kdmtlightreport
352071,,kdmtscl03218,14052-103,,,‰Ô‰ª,34.038375,131.8806608,¢ŠE‘ª’nŒn,,“Œ@,,https://logoform.jp/form/AcMw/kdmtlightreport
352071,,kdmtscl03219,14073-114,,,‹v•Û,34.0346075,131.9099567,¢ŠE‘ª’nŒn,,“Œ—z‚Q’š–Ú,,https://logoform.jp/form/AcMw/kdmtlightreport
352071,,kdmtscl03220,LB021-047,,,‰Ô‰ª,34.03863472,131.8808408,¢ŠE‘ª’nŒn,,“Œ@,,https://logoform.jp/form/AcMw/kdmtlightreport
352071,,kdmtscl03221,14080-110,,,‹v•Û,34.03599472,131.9138253,¢ŠE‘ª’nŒn,,“Œ—z‚R’š–Ú,,https://logoform.jp/form/AcMw/kdmtlightreport
352071,,kdmtscl03222,17099-106,,,‹v•Û,34.03445639,131.9097158,¢ŠE‘ª’nŒn,,“Œ—z‚Q’š–Ú,,https://logoform.jp/form/AcMw/kdmtlightreport
352071,,kdmtscl03223,14080-108,,,‹v•Û,34.03644472,131.9145814,¢ŠE‘ª’nŒn,,“Œ—z‚R’š–Ú,,https://logoform.jp/form/AcMw/kdmtlightreport
352071,,kdmtscl03224,15014-104,,,‰Ô‰ª,34.03878944,131.8801478,¢ŠE‘ª’nŒn,,¼@,,https://logoform.jp/form/AcMw/kdmtlightreport
352071,,kdmtscl03225,17099-107,,,‹v•Û,34.03434694,131.9097444,¢ŠE‘ª’nŒn,,“Œ—z‚Q’š–Ú,,https://logoform.jp/form/AcMw/kdmtlightreport
352071,,kdmtscl03226,15014-110,,,‰Ô‰ª,34.03917833,131.8799772,¢ŠE‘ª’nŒn,,¼@,,https://logoform.jp/form/AcMw/kdmtlightreport
352071,,kdmtscl03227,14073-115,,,‹v•Û,34.03416056,131.9099422,¢ŠE‘ª’nŒn,,“Œ—z‚Q’š–Ú,,https://logoform.jp/form/AcMw/kdmtlightreport
352071,,kdmtscl03228,14080-109,,,‹v•Û,34.03643194,131.9137431,¢ŠE‘ª’nŒn,,“Œ—z‚R’š–Ú,,https://logoform.jp/form/AcMw/kdmtlightreport
352071,,kdmtscl03229,14073-116,,,‹v•Û,34.034135,131.9104406,¢ŠE‘ª’nŒn,,“Œ—z‚Q’š–Ú,,https://logoform.jp/form/AcMw/kdmtlightreport
352071,,kdmtscl03230,14080-106,,,‹v•Û,34.03677444,131.9141044,¢ŠE‘ª’nŒn,,“Œ—z‚R’š–Ú,,https://logoform.jp/form/AcMw/kdmtlightreport
352071,,kdmtscl03231,14073-117,,,‹v•Û,34.03413639,131.9109017,¢ŠE‘ª’nŒn,,“Œ—z‚Q’š–Ú,,https://logoform.jp/form/AcMw/kdmtlightreport
352071,,kdmtscl03232,14073-113,,,‹v•Û,34.03430861,131.9094897,¢ŠE‘ª’nŒn,,“Œ—z‚Q’š–Ú,,https://logoform.jp/form/AcMw/kdmtlightreport
352071,,kdmtscl03233,14080-107,,,‹v•Û,34.03678,131.9145814,¢ŠE‘ª’nŒn,,“Œ—z‚R’š–Ú,,https://logoform.jp/form/AcMw/kdmtlightreport
352071,,kdmtscl03234,14073-120,,,‹v•Û,34.03513389,131.9099667,¢ŠE‘ª’nŒn,,“Œ—z‚Q’š–Ú,,https://logoform.jp/form/AcMw/kdmtlightreport
352071,,kdmtscl03235,17099-109,,,‹v•Û,34.03554806,131.9099567,¢ŠE‘ª’nŒn,,“Œ—z‚Q’š–Ú,,https://logoform.jp/form/AcMw/kdmtlightreport
352071,,kdmtscl03236,14080-104,,,‹v•Û,34.03705889,131.9147675,¢ŠE‘ª’nŒn,,“Œ—z‚R’š–Ú,,https://logoform.jp/form/AcMw/kdmtlightreport
352071,,kdmtscl03237,16066-107,,,‹v•Û,34.03636472,131.9099444,¢ŠE‘ª’nŒn,,“Œ—z‚Q’š–Ú,,https://logoform.jp/form/AcMw/kdmtlightreport
352071,,kdmtscl03238,18046-101,,,‹v•Û,34.03606056,131.9147789,¢ŠE‘ª’nŒn,,“Œ—z‚S’š–Ú,,https://logoform.jp/form/AcMw/kdmtlightreport
352071,,kdmtscl03239,14073-122,,,‹v•Û,34.03674333,131.9099444,¢ŠE‘ª’nŒn,,“Œ—z‚Q’š–Ú,,https://logoform.jp/form/AcMw/kdmtlightreport
352071,,kdmtscl03240,13020-101,,,‹v•Û,34.03564472,131.9147839,¢ŠE‘ª’nŒn,,“Œ—z‚S’š–Ú,,https://logoform.jp/form/AcMw/kdmtlightreport
352071,,kdmtscl03241,14073-121,,,‹v•Û,34.03700306,131.9099469,¢ŠE‘ª’nŒn,,“Œ—z‚Q’š–Ú,,https://logoform.jp/form/AcMw/kdmtlightreport
352071,,kdmtscl03242,18046-103,,,‹v•Û,34.03448167,131.9147792,¢ŠE‘ª’nŒn,,“Œ—z‚S’š–Ú,,https://logoform.jp/form/AcMw/kdmtlightreport
352071,,kdmtscl03243,18124-105,,,‹v•Û,34.03705028,131.9097356,¢ŠE‘ª’nŒn,,“Œ—z‚Q’š–Ú,,https://logoform.jp/form/AcMw/kdmtlightreport
352071,,kdmtscl03244,18124-106,,,‹v•Û,34.03685722,131.9092808,¢ŠE‘ª’nŒn,,“Œ—z‚Q’š–Ú,,https://logoform.jp/form/AcMw/kdmtlightreport
352071,,kdmtscl03245,14073-106,,,‹v•Û,34.03666333,131.9094472,¢ŠE‘ª’nŒn,,“Œ—z‚Q’š–Ú,,https://logoform.jp/form/AcMw/kdmtlightreport
352071,,kdmtscl03246,14073-104,,,‹v•Û,34.03632222,131.9094547,¢ŠE‘ª’nŒn,,“Œ—z‚Q’š–Ú,,https://logoform.jp/form/AcMw/kdmtlightreport
352071,,kdmtscl03247,18046-104,,,‹v•Û,34.03407472,131.9147767,¢ŠE‘ª’nŒn,,“Œ—z‚S’š–Ú,,https://logoform.jp/form/AcMw/kdmtlightreport
352071,,kdmtscl03248,14073-103,,,‹v•Û,34.03591333,131.9094483,¢ŠE‘ª’nŒn,,“Œ—z‚Q’š–Ú,,https://logoform.jp/form/AcMw/kdmtlightreport
352071,,kdmtscl03249,18046-107,,,‹v•Û,34.0332,131.9150089,¢ŠE‘ª’nŒn,,“Œ—z‚S’š–Ú,,https://logoform.jp/form/AcMw/kdmtlightreport
352071,,kdmtscl03250,14073-102,,,‹v•Û,34.0355925,131.9094533,¢ŠE‘ª’nŒn,,“Œ—z‚Q’š–Ú,,https://logoform.jp/form/AcMw/kdmtlightreport
352071,,kdmtscl03251,18046-106,,,‹v•Û,34.0335375,131.9146514,¢ŠE‘ª’nŒn,,“Œ—z‚S’š–Ú,,https://logoform.jp/form/AcMw/kdmtlightreport
352071,,kdmtscl03252,14073-101,,,‹v•Û,34.03524083,131.9094619,¢ŠE‘ª’nŒn,,“Œ—z‚Q’š–Ú,,https://logoform.jp/form/AcMw/kdmtlightreport
352071,,kdmtscl03253,15014-109,,,‰Ô‰ª,34.03946083,131.8799122,¢ŠE‘ª’nŒn,,¼@,,https://logoform.jp/form/AcMw/kdmtlightreport
352071,,kdmtscl03254,14014-104,,,‰Ô‰ª,34.03976167,131.8800539,¢ŠE‘ª’nŒn,,¼@,,https://logoform.jp/form/AcMw/kdmtlightreport
352071,,kdmtscl03255,16003-102,,,‹v•Û,34.03316194,131.9166267,¢ŠE‘ª’nŒn,,“Œ—z‚T’š–Ú,,https://logoform.jp/form/AcMw/kdmtlightreport
352071,,kdmtscl03256,14014-106,,,‰Ô‰ª,34.04037806,131.8805497,¢ŠE‘ª’nŒn,,¼@,,https://logoform.jp/form/AcMw/kdmtlightreport
352071,,kdmtscl03257,15014-103,,,‰Ô‰ª,34.04047389,131.8799911,¢ŠE‘ª’nŒn,,¼@,,https://logoform.jp/form/AcMw/kdmtlightreport
352071,,kdmtscl03258,L2012-085,,,‰Ô‰ª,34.04059222,131.8806075,¢ŠE‘ª’nŒn,,¼@,,https://logoform.jp/form/AcMw/kdmtlightreport
352071,,kdmtscl03259,13013-105,,,‹v•Û,34.03361167,131.9172939,¢ŠE‘ª’nŒn,,“Œ—z‚T’š–Ú,,https://logoform.jp/form/AcMw/kdmtlightreport
352071,,kdmtscl03260,15008-109,,,‹v•Û,34.03361167,131.9168836,¢ŠE‘ª’nŒn,,“Œ—z‚T’š–Ú,,https://logoform.jp/form/AcMw/kdmtlightreport
352071,,kdmtscl03261,15008-108,,,‹v•Û,34.03358917,131.9165939,¢ŠE‘ª’nŒn,,“Œ—z‚T’š–Ú,,https://logoform.jp/form/AcMw/kdmtlightreport
352071,,kdmtscl03262,13013-104,,,‹v•Û,34.033345,131.9162553,¢ŠE‘ª’nŒn,,“Œ—z‚T’š–Ú,,https://logoform.jp/form/AcMw/kdmtlightreport
352071,,kdmtscl03263,15061-102,,,‹v•Û,34.03382583,131.915185,¢ŠE‘ª’nŒn,,“Œ—z‚S’š–Ú,,https://logoform.jp/form/AcMw/kdmtlightreport
352071,,kdmtscl03264,13029-102,,,‰Ô‰ª,34.04089278,131.8807286,¢ŠE‘ª’nŒn,,¼@,,https://logoform.jp/form/AcMw/kdmtlightreport
352071,,kdmtscl03265,14014-109,,,‰Ô‰ª,34.04109806,131.8803386,¢ŠE‘ª’nŒn,,¼@,,https://logoform.jp/form/AcMw/kdmtlightreport
352071,,kdmtscl03266,15007-101,,,‰Ô‰ª,34.04172306,131.8801039,¢ŠE‘ª’nŒn,,ã@,,https://logoform.jp/form/AcMw/kdmtlightreport
352071,,kdmtscl03267,14004-105,,,‰Ô‰ª,34.04188917,131.8816108,¢ŠE‘ª’nŒn,,ã@,,https://logoform.jp/form/AcMw/kdmtlightreport
352071,,kdmtscl03268,14089-105,,,‹v•Û,34.03431722,131.9152028,¢ŠE‘ª’nŒn,,“Œ—z‚S’š–Ú,,https://logoform.jp/form/AcMw/kdmtlightreport
352071,,kdmtscl03269,18086-107,,,‰Ô‰ª,34.04190111,131.8819308,¢ŠE‘ª’nŒn,,ã@,,https://logoform.jp/form/AcMw/kdmtlightreport
352071,,kdmtscl03270,18086-105,,,‰Ô‰ª,34.04172056,131.8814211,¢ŠE‘ª’nŒn,,ã@,,https://logoform.jp/form/AcMw/kdmtlightreport
352071,,kdmtscl03271,18086-103,,,‰Ô‰ª,34.04169972,131.8808647,¢ŠE‘ª’nŒn,,ã@,,https://logoform.jp/form/AcMw/kdmtlightreport
352071,,kdmtscl03272,15061-103,,,‹v•Û,34.03477917,131.9152,¢ŠE‘ª’nŒn,,“Œ—z‚S’š–Ú,,https://logoform.jp/form/AcMw/kdmtlightreport
352071,,kdmtscl03273,14004-107,,,‰Ô‰ª,34.04138278,131.8805708,¢ŠE‘ª’nŒn,,ã@,,https://logoform.jp/form/AcMw/kdmtlightreport
352071,,kdmtscl03274,16013-122,,,‹v•Û,34.03495806,131.9151889,¢ŠE‘ª’nŒn,,“Œ—z‚S’š–Ú,,https://logoform.jp/form/AcMw/kdmtlightreport
352071,,kdmtscl03275,18086-106,,,‰Ô‰ª,34.04150972,131.8816458,¢ŠE‘ª’nŒn,,ã@,,https://logoform.jp/form/AcMw/kdmtlightreport
352071,,kdmtscl03276,LB021-008,,,‰Ô‰ª,34.04097889,131.8810636,¢ŠE‘ª’nŒn,,“Œ@,,https://logoform.jp/form/AcMw/kdmtlightreport
352071,,kdmtscl03277,LB052-001,,,‹v•Û,34.02853528,131.9068358,¢ŠE‘ª’nŒn,,‹v•Ûs,,https://logoform.jp/form/AcMw/kdmtlightreport
352071,,kdmtscl03278,13077-103,,,‹v•Û,34.02783333,131.9045789,¢ŠE‘ª’nŒn,,‹v•Ûs,,https://logoform.jp/form/AcMw/kdmtlightreport
352071,,kdmtscl03279,14052-106,,,‰Ô‰ª,34.04068833,131.8809947,¢ŠE‘ª’nŒn,,“Œ@,,https://logoform.jp/form/AcMw/kdmtlightreport
352071,,kdmtscl03280,16013-102,,,‹v•Û,34.03449306,131.9156064,¢ŠE‘ª’nŒn,,“Œ—z‚S’š–Ú,,https://logoform.jp/form/AcMw/kdmtlightreport
352071,,kdmtscl03281,14089-101,,,‹v•Û,34.03374639,131.9155986,¢ŠE‘ª’nŒn,,“Œ—z‚S’š–Ú,,https://logoform.jp/form/AcMw/kdmtlightreport
352071,,kdmtscl03282,13045-104,,,‰Ô‰ª,34.04040222,131.8809247,¢ŠE‘ª’nŒn,,“Œ@,,https://logoform.jp/form/AcMw/kdmtlightreport
352071,,kdmtscl03283,L2012-064,,,‰Ô‰ª,34.03977889,131.88081,¢ŠE‘ª’nŒn,,“Œ@,,https://logoform.jp/form/AcMw/kdmtlightreport
352071,,kdmtscl03284,15061-101,,,‹v•Û,34.03361056,131.9154742,¢ŠE‘ª’nŒn,,“Œ—z‚S’š–Ú,,https://logoform.jp/form/AcMw/kdmtlightreport
352071,,kdmtscl03285,LB021-035,,,‰Ô‰ª,34.03903083,131.8807072,¢ŠE‘ª’nŒn,,“Œ@,,https://logoform.jp/form/AcMw/kdmtlightreport
352071,,kdmtscl03286,14089-103,,,‹v•Û,34.03409528,131.9161053,¢ŠE‘ª’nŒn,,“Œ—z‚S’š–Ú,,https://logoform.jp/form/AcMw/kdmtlightreport
352071,,kdmtscl03287,14089-102,,,‹v•Û,34.03482028,131.9160789,¢ŠE‘ª’nŒn,,“Œ—z‚S’š–Ú,,https://logoform.jp/form/AcMw/kdmtlightreport
352071,,kdmtscl03288,L2011-058,,,‰Ô‰ª,34.03900083,131.8811497,¢ŠE‘ª’nŒn,,“Œ@,,https://logoform.jp/form/AcMw/kdmtlightreport
352071,,kdmtscl03289,16066-104,,,‹v•Û,34.03457167,131.9095047,¢ŠE‘ª’nŒn,,“Œ—z‚Q’š–Ú,,https://logoform.jp/form/AcMw/kdmtlightreport
352071,,kdmtscl03290,14052-108,,,‰Ô‰ª,34.03930111,131.8811747,¢ŠE‘ª’nŒn,,“Œ@,,https://logoform.jp/form/AcMw/kdmtlightreport
352071,,kdmtscl03291,L2012-063,,,‰Ô‰ª,34.03973333,131.8812072,¢ŠE‘ª’nŒn,,“Œ@,,https://logoform.jp/form/AcMw/kdmtlightreport
352071,,kdmtscl03292,16013-121,,,‹v•Û,34.03496056,131.9160392,¢ŠE‘ª’nŒn,,“Œ—z‚S’š–Ú,,https://logoform.jp/form/AcMw/kdmtlightreport
352071,,kdmtscl03293,LB021-019,,,‰Ô‰ª,34.04038056,131.8813008,¢ŠE‘ª’nŒn,,“Œ@,,https://logoform.jp/form/AcMw/kdmtlightreport
352071,,kdmtscl03294,13081-105,,,‹v•Û,34.03472306,131.9094131,¢ŠE‘ª’nŒn,,“Œ—z‚Q’š–Ú,,https://logoform.jp/form/AcMw/kdmtlightreport
352071,,kdmtscl03295,LB021-012,,,‰Ô‰ª,34.0407325,131.8813794,¢ŠE‘ª’nŒn,,“Œ@,,https://logoform.jp/form/AcMw/kdmtlightreport
352071,,kdmtscl03296,LB021-007,,,‰Ô‰ª,34.04107472,131.8818383,¢ŠE‘ª’nŒn,,“Œ@,,https://logoform.jp/form/AcMw/kdmtlightreport
352071,,kdmtscl03297,14089-109,,,‹v•Û,34.0351525,131.9149192,¢ŠE‘ª’nŒn,,“Œ—z‚S’š–Ú,,https://logoform.jp/form/AcMw/kdmtlightreport
352071,,kdmtscl03298,13045-103,,,‰Ô‰ª,34.04092222,131.8818047,¢ŠE‘ª’nŒn,,“Œ@,,https://logoform.jp/form/AcMw/kdmtlightreport
352071,,kdmtscl03299,13081-104,,,‹v•Û,34.035025,131.9091183,¢ŠE‘ª’nŒn,,“Œ—z‚Q’š–Ú,,https://logoform.jp/form/AcMw/kdmtlightreport
352071,,kdmtscl03300,13020-103,,,‹v•Û,34.03527389,131.9152153,¢ŠE‘ª’nŒn,,“Œ—z‚S’š–Ú,,https://logoform.jp/form/AcMw/kdmtlightreport
352071,,kdmtscl03301,LB021-013,,,‰Ô‰ª,34.04061056,131.8817297,¢ŠE‘ª’nŒn,,“Œ@,,https://logoform.jp/form/AcMw/kdmtlightreport
352071,,kdmtscl03302,13081-103,,,‹v•Û,34.03532917,131.9090231,¢ŠE‘ª’nŒn,,“Œ—z‚Q’š–Ú,,https://logoform.jp/form/AcMw/kdmtlightreport
352071,,kdmtscl03303,LB021-022,,,‰Ô‰ª,34.0403225,131.8816661,¢ŠE‘ª’nŒn,,“Œ@,,https://logoform.jp/form/AcMw/kdmtlightreport
352071,,kdmtscl03304,16013-101,,,‹v•Û,34.03564222,131.9152117,¢ŠE‘ª’nŒn,,“Œ—z‚S’š–Ú,,https://logoform.jp/form/AcMw/kdmtlightreport
352071,,kdmtscl03305,LB021-037,,,‰Ô‰ª,34.03893278,131.8815772,¢ŠE‘ª’nŒn,,“Œ@,,https://logoform.jp/form/AcMw/kdmtlightreport
352071,,kdmtscl03306,13081-102,,,‹v•Û,34.03569694,131.9090122,¢ŠE‘ª’nŒn,,“Œ—z‚Q’š–Ú,,https://logoform.jp/form/AcMw/kdmtlightreport
352071,,kdmtscl03307,13020-102,,,‹v•Û,34.03604944,131.9152117,¢ŠE‘ª’nŒn,,“Œ—z‚S’š–Ú,,https://logoform.jp/form/AcMw/kdmtlightreport
352071,,kdmtscl03308,LB021-048,,,‰Ô‰ª,34.03862583,131.8817747,¢ŠE‘ª’nŒn,,“Œ@,,https://logoform.jp/form/AcMw/kdmtlightreport
352071,,kdmtscl03309,18048-105,,,‹v•Û,34.03633833,131.9152178,¢ŠE‘ª’nŒn,,“Œ—z‚R’š–Ú,,https://logoform.jp/form/AcMw/kdmtlightreport
352071,,kdmtscl03310,13081-101,,,‹v•Û,34.03607722,131.9090144,¢ŠE‘ª’nŒn,,“Œ—z‚Q’š–Ú,,https://logoform.jp/form/AcMw/kdmtlightreport
352071,,kdmtscl03311,14080-103,,,‹v•Û,34.03721778,131.9152742,¢ŠE‘ª’nŒn,,“Œ—z‚R’š–Ú,,https://logoform.jp/form/AcMw/kdmtlightreport
352071,,kdmtscl03312,13045-101,,,‰Ô‰ª,34.03799972,131.8820819,¢ŠE‘ª’nŒn,,“Œ@,,https://logoform.jp/form/AcMw/kdmtlightreport
352071,,kdmtscl03313,16066-106,,,‹v•Û,34.03651694,131.9090108,¢ŠE‘ª’nŒn,,“Œ—z‚Q’š–Ú,,https://logoform.jp/form/AcMw/kdmtlightreport
352071,,kdmtscl03314,LB021-062,,,‰Ô‰ª,34.03798111,131.8822294,¢ŠE‘ª’nŒn,,“Œ@,,https://logoform.jp/form/AcMw/kdmtlightreport
352071,,kdmtscl03315,15091-106,,,‹v•Û,34.03704056,131.9156342,¢ŠE‘ª’nŒn,,“Œ—z‚R’š–Ú,,https://logoform.jp/form/AcMw/kdmtlightreport
352071,,kdmtscl03316,L2011-057,,,‰Ô‰ª,34.03864972,131.8822172,¢ŠE‘ª’nŒn,,“Œ@,,https://logoform.jp/form/AcMw/kdmtlightreport
352071,,kdmtscl03317,18124-107,,,‹v•Û,34.03670028,131.9088858,¢ŠE‘ª’nŒn,,“Œ—z‚Q’š–Ú,,https://logoform.jp/form/AcMw/kdmtlightreport
352071,,kdmtscl03318,14080-102,,,‹v•Û,34.03679722,131.9156389,¢ŠE‘ª’nŒn,,“Œ—z‚R’š–Ú,,https://logoform.jp/form/AcMw/kdmtlightreport
352071,,kdmtscl03319,14052-104,,,‰Ô‰ª,34.03904222,131.8818761,¢ŠE‘ª’nŒn,,“Œ@,,https://logoform.jp/form/AcMw/kdmtlightreport
352071,,kdmtscl03320,16096-107,,,––•,34.01543583,131.8602697,¢ŠE‘ª’nŒn,,–í¶’¬,,https://logoform.jp/form/AcMw/kdmtlightreport
352071,,kdmtscl03321,LB021-034,,,‰Ô‰ª,34.03928306,131.8818925,¢ŠE‘ª’nŒn,,“Œ@,,https://logoform.jp/form/AcMw/kdmtlightreport
352071,,kdmtscl03322,13020-104,,,‹v•Û,34.03605528,131.9156389,¢ŠE‘ª’nŒn,,“Œ—z‚S’š–Ú,,https://logoform.jp/form/AcMw/kdmtlightreport
352071,,kdmtscl03323,13045-102,,,‰Ô‰ª,34.03932833,131.8821297,¢ŠE‘ª’nŒn,,“Œ@,,https://logoform.jp/form/AcMw/kdmtlightreport
352071,,kdmtscl03324,18124-108,,,‹v•Û,34.03651,131.9086144,¢ŠE‘ª’nŒn,,“Œ—z‚Q’š–Ú,,https://logoform.jp/form/AcMw/kdmtlightreport
352071,,kdmtscl03325,LB021-025,,,‰Ô‰ª,34.03996167,131.88195,¢ŠE‘ª’nŒn,,“Œ@,,https://logoform.jp/form/AcMw/kdmtlightreport
352071,,kdmtscl03326,14089-107,,,‹v•Û,34.03564806,131.9156464,¢ŠE‘ª’nŒn,,“Œ—z‚S’š–Ú,,https://logoform.jp/form/AcMw/kdmtlightreport
352071,,kdmtscl03327,LB021-024,,,‰Ô‰ª,34.04023111,131.8820122,¢ŠE‘ª’nŒn,,“Œ@,,https://logoform.jp/form/AcMw/kdmtlightreport
352071,,kdmtscl03328,18046-102,,,‹v•Û,34.03526056,131.9160817,¢ŠE‘ª’nŒn,,“Œ—z‚S’š–Ú,,https://logoform.jp/form/AcMw/kdmtlightreport
352071,,kdmtscl03329,18124-109,,,‹v•Û,34.03619917,131.9085794,¢ŠE‘ª’nŒn,,“Œ—z‚Q’š–Ú,,https://logoform.jp/form/AcMw/kdmtlightreport
352071,,kdmtscl03330,LB021-014,,,‰Ô‰ª,34.04059306,131.8824444,¢ŠE‘ª’nŒn,,“Œ@,,https://logoform.jp/form/AcMw/kdmtlightreport
352071,,kdmtscl03331,14089-106,,,‹v•Û,34.03565278,131.9160789,¢ŠE‘ª’nŒn,,“Œ—z‚S’š–Ú,,https://logoform.jp/form/AcMw/kdmtlightreport
352071,,kdmtscl03332,L2012-062,,,‰Ô‰ª,34.04037417,131.8822772,¢ŠE‘ª’nŒn,,“Œ@,,https://logoform.jp/form/AcMw/kdmtlightreport
352071,,kdmtscl03333,14028-102,,,‰Ô‰ª,34.03812583,131.8826386,¢ŠE‘ª’nŒn,,­,,https://logoform.jp/form/AcMw/kdmtlightreport
352071,,kdmtscl03334,14080-101,,,‹v•Û,34.03639944,131.9160753,¢ŠE‘ª’nŒn,,“Œ—z‚R’š–Ú,,https://logoform.jp/form/AcMw/kdmtlightreport
352071,,kdmtscl03335,18124-110,,,‹v•Û,34.03575417,131.9085736,¢ŠE‘ª’nŒn,,“Œ—z‚Q’š–Ú,,https://logoform.jp/form/AcMw/kdmtlightreport
352071,,kdmtscl03336,15091-104,,,‹v•Û,34.03680861,131.9160692,¢ŠE‘ª’nŒn,,“Œ—z‚R’š–Ú,,https://logoform.jp/form/AcMw/kdmtlightreport
352071,,kdmtscl03337,13059-105,,,‰Ô‰ª,34.039375,131.8832969,¢ŠE‘ª’nŒn,,­,,https://logoform.jp/form/AcMw/kdmtlightreport
352071,,kdmtscl03338,L2012-161,,,‹v•Û,34.03708889,131.9164975,¢ŠE‘ª’nŒn,,“Œ—z‚R’š–Ú,,https://logoform.jp/form/AcMw/kdmtlightreport
352071,,kdmtscl03339,L2012-160,,,‹v•Û,34.03639944,131.9165014,¢ŠE‘ª’nŒn,,“Œ—z‚R’š–Ú,,https://logoform.jp/form/AcMw/kdmtlightreport
352071,,kdmtscl03340,18124-111,,,‹v•Û,34.03526972,131.9085722,¢ŠE‘ª’nŒn,,“Œ—z‚Q’š–Ú,,https://logoform.jp/form/AcMw/kdmtlightreport
352071,,kdmtscl03341,13020-105,,,‹v•Û,34.03601306,131.9165,¢ŠE‘ª’nŒn,,“Œ—z‚S’š–Ú,,https://logoform.jp/form/AcMw/kdmtlightreport
352071,,kdmtscl03342,18060-101,,,‰Ô‰ª,34.04160583,131.8834983,¢ŠE‘ª’nŒn,,‰Hª“c,,https://logoform.jp/form/AcMw/kdmtlightreport
352071,,kdmtscl03343,15061-104,,,‹v•Û,34.03563278,131.9165028,¢ŠE‘ª’nŒn,,“Œ—z‚S’š–Ú,,https://logoform.jp/form/AcMw/kdmtlightreport
352071,,kdmtscl03344,16015-102,,,‰Ô‰ª,34.03957889,131.8847472,¢ŠE‘ª’nŒn,,“Œ–œƒm–Ø,,https://logoform.jp/form/AcMw/kdmtlightreport
352071,,kdmtscl03345,15061-105,,,‹v•Û,34.03516472,131.9163278,¢ŠE‘ª’nŒn,,“Œ—z‚S’š–Ú,,https://logoform.jp/form/AcMw/kdmtlightreport
352071,,kdmtscl03346,16015-103,,,‰Ô‰ª,34.03908889,131.8851142,¢ŠE‘ª’nŒn,,“Œ–œƒm–Ø,,https://logoform.jp/form/AcMw/kdmtlightreport
352071,,kdmtscl03347,14089-108,,,‹v•Û,34.03513167,131.9156153,¢ŠE‘ª’nŒn,,“Œ—z‚S’š–Ú,,https://logoform.jp/form/AcMw/kdmtlightreport
352071,,kdmtscl03348,16015-101,,,‰Ô‰ª,34.03995472,131.8851192,¢ŠE‘ª’nŒn,,“Œ–œƒm–Ø,,https://logoform.jp/form/AcMw/kdmtlightreport
352071,,kdmtscl03349,18124-112,,,‹v•Û,34.03490861,131.9087122,¢ŠE‘ª’nŒn,,“Œ—z‚Q’š–Ú,,https://logoform.jp/form/AcMw/kdmtlightreport
352071,,kdmtscl03350,13041-102,,,‰Ô‰ª,34.03887028,131.8862914,¢ŠE‘ª’nŒn,,¼‘º’c’n,,https://logoform.jp/form/AcMw/kdmtlightreport
352071,,kdmtscl03351,18046-109,,,‹v•Û,34.0336275,131.9161028,¢ŠE‘ª’nŒn,,“Œ—z‚S’š–Ú,,https://logoform.jp/form/AcMw/kdmtlightreport
352071,,kdmtscl03352,15036-104,,,‰Ô‰ª,34.03890667,131.8866314,¢ŠE‘ª’nŒn,,¼‘º’c’n,,https://logoform.jp/form/AcMw/kdmtlightreport
352071,,kdmtscl03353,18124-113,,,‹v•Û,34.0346,131.9089958,¢ŠE‘ª’nŒn,,“Œ—z‚Q’š–Ú,,https://logoform.jp/form/AcMw/kdmtlightreport
352071,,kdmtscl03354,15036-105,,,‰Ô‰ª,34.03856361,131.8865253,¢ŠE‘ª’nŒn,,¼‘º’c’n,,https://logoform.jp/form/AcMw/kdmtlightreport
352071,,kdmtscl03355,13041-104,,,‰Ô‰ª,34.03883028,131.8869994,¢ŠE‘ª’nŒn,,¼‘º’c’n,,https://logoform.jp/form/AcMw/kdmtlightreport
352071,,kdmtscl03356,18124-114,,,‹v•Û,34.03446333,131.9092658,¢ŠE‘ª’nŒn,,“Œ—z‚Q’š–Ú,,https://logoform.jp/form/AcMw/kdmtlightreport
352071,,kdmtscl03357,15042-101,,,‰Ô‰ª,34.038115,131.8733867,¢ŠE‘ª’nŒn,,‰Ô‰ª—,,https://logoform.jp/form/AcMw/kdmtlightreport
352071,,kdmtscl03358,15036-106,,,‰Ô‰ª,34.03903944,131.8869042,¢ŠE‘ª’nŒn,,¼‘º’c’n,,https://logoform.jp/form/AcMw/kdmtlightreport
352071,,kdmtscl03359,18124-104,,,‹v•Û,34.03721028,131.9101969,¢ŠE‘ª’nŒn,,“Œ—z‚Q’š–Ú,,https://logoform.jp/form/AcMw/kdmtlightreport
352071,,kdmtscl03360,16034-101,,,‰Ô‰ª,34.03729167,131.8737206,¢ŠE‘ª’nŒn,,‰Ô‰ªãs,,https://logoform.jp/form/AcMw/kdmtlightreport
352071,,kdmtscl03361,13041-103,,,‰Ô‰ª,34.03932917,131.8869556,¢ŠE‘ª’nŒn,,¼‘º’c’n,,https://logoform.jp/form/AcMw/kdmtlightreport
352071,,kdmtscl03362,15036-102,,,‰Ô‰ª,34.03955472,131.8867381,¢ŠE‘ª’nŒn,,¼‘º’c’n,,https://logoform.jp/form/AcMw/kdmtlightreport
352071,,kdmtscl03363,15070-101,,,‰Ô‰ª,34.03775306,131.8751192,¢ŠE‘ª’nŒn,,‰Ø—Ë¼,,https://logoform.jp/form/AcMw/kdmtlightreport
352071,,kdmtscl03364,15036-101,,,‰Ô‰ª,34.03966167,131.8863017,¢ŠE‘ª’nŒn,,¼‘º’c’n,,https://logoform.jp/form/AcMw/kdmtlightreport
352071,,kdmtscl03365,14053-102,,,‰Ô‰ª,34.03783833,131.8752164,¢ŠE‘ª’nŒn,,‰Ø—Ë¼,,https://logoform.jp/form/AcMw/kdmtlightreport
352071,,kdmtscl03366,15036-103,,,‰Ô‰ª,34.03921028,131.8867969,¢ŠE‘ª’nŒn,,¼‘º’c’n,,https://logoform.jp/form/AcMw/kdmtlightreport
352071,,kdmtscl03367,14053-101,,,‰Ô‰ª,34.03765417,131.875725,¢ŠE‘ª’nŒn,,‰Ø—Ë¼,,https://logoform.jp/form/AcMw/kdmtlightreport
352071,,kdmtscl03368,18124-103,,,‹v•Û,34.03722028,131.9106556,¢ŠE‘ª’nŒn,,“Œ—z‚Q’š–Ú,,https://logoform.jp/form/AcMw/kdmtlightreport
352071,,kdmtscl03369,15028-105,,,‰Ô‰ª,34.039445,131.8859719,¢ŠE‘ª’nŒn,,“Œ–œƒm–Ø,,https://logoform.jp/form/AcMw/kdmtlightreport
352071,,kdmtscl03370,17035-108,,,‰Ô‰ª,34.03931889,131.8754925,¢ŠE‘ª’nŒn,,“Œ’¬,,https://logoform.jp/form/AcMw/kdmtlightreport
352071,,kdmtscl03371,15063-102,,,‰Ô‰ª,34.03994,131.8860019,¢ŠE‘ª’nŒn,,¼‘º,,https://logoform.jp/form/AcMw/kdmtlightreport
352071,,kdmtscl03372,14073-124,,,‹v•Û,34.03722333,131.9111569,¢ŠE‘ª’nŒn,,“Œ—z‚Q’š–Ú,,https://logoform.jp/form/AcMw/kdmtlightreport
352071,,kdmtscl03373,15063-103,,,‰Ô‰ª,34.03984222,131.8868694,¢ŠE‘ª’nŒn,,¼‘º,,https://logoform.jp/form/AcMw/kdmtlightreport
352071,,kdmtscl03374,L2010-069,,,‹v•Û,34.037025,131.9112006,¢ŠE‘ª’nŒn,,“Œ—z‚Q’š–Ú,,https://logoform.jp/form/AcMw/kdmtlightreport
352071,,kdmtscl03375,16096-105,,,––•,34.01556722,131.8596547,¢ŠE‘ª’nŒn,,–í¶’¬,,https://logoform.jp/form/AcMw/kdmtlightreport
352071,,kdmtscl03376,15063-106,,,‰Ô‰ª,34.03971389,131.8871278,¢ŠE‘ª’nŒn,,¼‘º,,https://logoform.jp/form/AcMw/kdmtlightreport
352071,,kdmtscl03377,15063-104,,,‰Ô‰ª,34.04013583,131.8874367,¢ŠE‘ª’nŒn,,¼‘º,,https://logoform.jp/form/AcMw/kdmtlightreport
352071,,kdmtscl03378,18124-127,,,‹v•Û,34.03663278,131.9112092,¢ŠE‘ª’nŒn,,“Œ—z‚Q’š–Ú,,https://logoform.jp/form/AcMw/kdmtlightreport
352071,,kdmtscl03379,15063-108,,,‰Ô‰ª,34.04036917,131.8879731,¢ŠE‘ª’nŒn,,¼‘º,,https://logoform.jp/form/AcMw/kdmtlightreport
352071,,kdmtscl03380,18124-126,,,‹v•Û,34.03624889,131.9112092,¢ŠE‘ª’nŒn,,“Œ—z‚Q’š–Ú,,https://logoform.jp/form/AcMw/kdmtlightreport
352071,,kdmtscl03381,13033-101,,,‰Ô‰ª,34.03995639,131.8878067,¢ŠE‘ª’nŒn,,¼‘º,,https://logoform.jp/form/AcMw/kdmtlightreport
352071,,kdmtscl03382,15063-109,,,‰Ô‰ª,34.0419775,131.8874081,¢ŠE‘ª’nŒn,,¼‘º,,https://logoform.jp/form/AcMw/kdmtlightreport
352071,,kdmtscl03383,18124-125,,,‹v•Û,34.03598472,131.9112058,¢ŠE‘ª’nŒn,,“Œ—z‚Q’š–Ú,,https://logoform.jp/form/AcMw/kdmtlightreport
352071,,kdmtscl03384,18076-104,,,‰Ô‰ª,34.04166111,131.8860206,¢ŠE‘ª’nŒn,,¼‘º,,https://logoform.jp/form/AcMw/kdmtlightreport
352071,,kdmtscl03385,14014-107,,,‰Ô‰ª,34.04115194,131.8792636,¢ŠE‘ª’nŒn,,¼@,,https://logoform.jp/form/AcMw/kdmtlightreport
352071,,kdmtscl03386,L2012-156,,,‰Ô‰ª,34.04200917,131.8866678,¢ŠE‘ª’nŒn,,¼‘º,,https://logoform.jp/form/AcMw/kdmtlightreport
352071,,kdmtscl03387,14014-103,,,‰Ô‰ª,34.038855,131.8798111,¢ŠE‘ª’nŒn,,¼@,,https://logoform.jp/form/AcMw/kdmtlightreport
352071,,kdmtscl03388,15028-101,,,‰Ô‰ª,34.03878667,131.8860744,¢ŠE‘ª’nŒn,,“Œ–œƒm–Ø,,https://logoform.jp/form/AcMw/kdmtlightreport
352071,,kdmtscl03389,13041-101,,,‰Ô‰ª,34.0382825,131.8863189,¢ŠE‘ª’nŒn,,¼‘º’c’n,,https://logoform.jp/form/AcMw/kdmtlightreport
352071,,kdmtscl03390,18124-121,,,‹v•Û,34.03600306,131.9108831,¢ŠE‘ª’nŒn,,“Œ—z‚Q’š–Ú,,https://logoform.jp/form/AcMw/kdmtlightreport
352071,,kdmtscl03391,14073-127,,,‹v•Û,34.03600306,131.9104756,¢ŠE‘ª’nŒn,,“Œ—z‚Q’š–Ú,,https://logoform.jp/form/AcMw/kdmtlightreport
352071,,kdmtscl03392,16066-108,,,‹v•Û,34.03643861,131.9100167,¢ŠE‘ª’nŒn,,“Œ—z‚Q’š–Ú,,https://logoform.jp/form/AcMw/kdmtlightreport
352071,,kdmtscl03393,15036-107,,,‰Ô‰ª,34.0382025,131.8861367,¢ŠE‘ª’nŒn,,¼‘º’c’n,,https://logoform.jp/form/AcMw/kdmtlightreport
352071,,kdmtscl03394,14073-126,,,‹v•Û,34.03643861,131.9105706,¢ŠE‘ª’nŒn,,“Œ—z‚Q’š–Ú,,https://logoform.jp/form/AcMw/kdmtlightreport
352071,,kdmtscl03395,13075-102,,,‰Ô‰ª,34.03824528,131.8856881,¢ŠE‘ª’nŒn,,–œƒm–Ø‘ä,,https://logoform.jp/form/AcMw/kdmtlightreport
352071,,kdmtscl03396,14002-102,,,‰Ô‰ª,34.03836917,131.8855444,¢ŠE‘ª’nŒn,,–œƒm–Ø‘ä,,https://logoform.jp/form/AcMw/kdmtlightreport
352071,,kdmtscl03397,14073-125,,,‹v•Û,34.03643639,131.9111506,¢ŠE‘ª’nŒn,,“Œ—z‚Q’š–Ú,,https://logoform.jp/form/AcMw/kdmtlightreport
352071,,kdmtscl03398,14002-105,,,‰Ô‰ª,34.03800944,131.8853797,¢ŠE‘ª’nŒn,,–œƒm–Ø‘ä,,https://logoform.jp/form/AcMw/kdmtlightreport
352071,,kdmtscl03399,14073-123,,,‹v•Û,34.03682861,131.9110494,¢ŠE‘ª’nŒn,,“Œ—z‚Q’š–Ú,,https://logoform.jp/form/AcMw/kdmtlightreport
352071,,kdmtscl03400,16066-109,,,‹v•Û,34.03683028,131.9105742,¢ŠE‘ª’nŒn,,“Œ—z‚Q’š–Ú,,https://logoform.jp/form/AcMw/kdmtlightreport
352071,,kdmtscl03401,13075-101,,,‰Ô‰ª,34.03749556,131.8850319,¢ŠE‘ª’nŒn,,–œƒm–Ø‘ä,,https://logoform.jp/form/AcMw/kdmtlightreport
352071,,kdmtscl03402,14073-128,,,‹v•Û,34.03499556,131.9103708,¢ŠE‘ª’nŒn,,“Œ—z‚Q’š–Ú,,https://logoform.jp/form/AcMw/kdmtlightreport
352071,,kdmtscl03403,14002-107,,,‰Ô‰ª,34.0375775,131.8847156,¢ŠE‘ª’nŒn,,–œƒm–Ø‘ä,,https://logoform.jp/form/AcMw/kdmtlightreport
352071,,kdmtscl03404,18124-115,,,‹v•Û,34.03486333,131.9105147,¢ŠE‘ª’nŒn,,“Œ—z‚Q’š–Ú,,https://logoform.jp/form/AcMw/kdmtlightreport
352071,,kdmtscl03405,18061-107,,,––•,34.0165075,131.8563864,¢ŠE‘ª’nŒn,,‘åŠC’¬“Œ,,https://logoform.jp/form/AcMw/kdmtlightreport
352071,,kdmtscl03406,14002-104,,,‰Ô‰ª,34.03799556,131.8846642,¢ŠE‘ª’nŒn,,–œƒm–Ø‘ä,,https://logoform.jp/form/AcMw/kdmtlightreport
352071,,kdmtscl03407,18124-122,,,‹v•Û,34.03494639,131.9112156,¢ŠE‘ª’nŒn,,“Œ—z‚Q’š–Ú,,https://logoform.jp/form/AcMw/kdmtlightreport
352071,,kdmtscl03408,14002-106,,,‰Ô‰ª,34.03823306,131.8848297,¢ŠE‘ª’nŒn,,–œƒm–Ø‘ä,,https://logoform.jp/form/AcMw/kdmtlightreport
352071,,kdmtscl03409,15052-104,,,––•,34.01622361,131.8559911,¢ŠE‘ª’nŒn,,‘åŠC’¬“Œ,,https://logoform.jp/form/AcMw/kdmtlightreport
352071,,kdmtscl03410,18124-123,,,‹v•Û,34.03530278,131.9112119,¢ŠE‘ª’nŒn,,“Œ—z‚Q’š–Ú,,https://logoform.jp/form/AcMw/kdmtlightreport
352071,,kdmtscl03411,14002-103,,,‰Ô‰ª,34.03858861,131.8847044,¢ŠE‘ª’nŒn,,–œƒm–Ø‘ä,,https://logoform.jp/form/AcMw/kdmtlightreport
352071,,kdmtscl03412,16006-101,,,‰Ô‰ª,34.03792528,131.8860347,¢ŠE‘ª’nŒn,,­,,https://logoform.jp/form/AcMw/kdmtlightreport
352071,,kdmtscl03413,18124-124,,,‹v•Û,34.03561528,131.9112081,¢ŠE‘ª’nŒn,,“Œ—z‚Q’š–Ú,,https://logoform.jp/form/AcMw/kdmtlightreport
352071,,kdmtscl03414,16026-105,,,‰Ô‰ª,34.03767167,131.8871492,¢ŠE‘ª’nŒn,,‘å‰¤,,https://logoform.jp/form/AcMw/kdmtlightreport
352071,,kdmtscl03415,15001-108,,,––•,34.01500056,131.8573689,¢ŠE‘ª’nŒn,,¼s¼,,https://logoform.jp/form/AcMw/kdmtlightreport
352071,,kdmtscl03416,18124-120,,,‹v•Û,34.03587639,131.9108008,¢ŠE‘ª’nŒn,,“Œ—z‚Q’š–Ú,,https://logoform.jp/form/AcMw/kdmtlightreport
352071,,kdmtscl03417,18124-119,,,‹v•Û,34.03558278,131.9108017,¢ŠE‘ª’nŒn,,“Œ—z‚Q’š–Ú,,https://logoform.jp/form/AcMw/kdmtlightreport
352071,,kdmtscl03418,18124-118,,,‹v•Û,34.03528222,131.9108044,¢ŠE‘ª’nŒn,,“Œ—z‚Q’š–Ú,,https://logoform.jp/form/AcMw/kdmtlightreport
352071,,kdmtscl03419,18124-117,,,‹v•Û,34.03496306,131.9108069,¢ŠE‘ª’nŒn,,“Œ—z‚Q’š–Ú,,https://logoform.jp/form/AcMw/kdmtlightreport
352071,,kdmtscl03420,16066-111,,,‹v•Û,34.03476139,131.9085172,¢ŠE‘ª’nŒn,,“Œ—z‚Q’š–Ú,,https://logoform.jp/form/AcMw/kdmtlightreport
352071,,kdmtscl03421,L2012-014,,,––•,34.01507639,131.857705,¢ŠE‘ª’nŒn,,¼s¼,,https://logoform.jp/form/AcMw/kdmtlightreport
352071,,kdmtscl03422,15001-102,,,––•,34.01522,131.85758,¢ŠE‘ª’nŒn,,¼s¼,,https://logoform.jp/form/AcMw/kdmtlightreport
352071,,kdmtscl03423,15001-101,,,––•,34.0154025,131.8578253,¢ŠE‘ª’nŒn,,¼s¼,,https://logoform.jp/form/AcMw/kdmtlightreport
352071,,kdmtscl03424,16041-101,,,––•,34.01631222,131.8590122,¢ŠE‘ª’nŒn,,‚ ‚¯‚Ú‚Ì’¬,,https://logoform.jp/form/AcMw/kdmtlightreport
352071,,kdmtscl03425,16041-104,,,––•,34.01654306,131.8586933,¢ŠE‘ª’nŒn,,‚ ‚¯‚Ú‚Ì’¬,,https://logoform.jp/form/AcMw/kdmtlightreport
352071,,kdmtscl03426,13032-101,,,––•,34.01703111,131.8585108,¢ŠE‘ª’nŒn,,‚ ‚¯‚Ú‚Ì’¬¼,,https://logoform.jp/form/AcMw/kdmtlightreport
352071,,kdmtscl03427,14022-103,,,––•,34.01793278,131.8592075,¢ŠE‘ª’nŒn,,¼’†’¬,,https://logoform.jp/form/AcMw/kdmtlightreport
352071,,kdmtscl03428,18023-103,,,––•,34.01766083,131.8597211,¢ŠE‘ª’nŒn,,¼’†’¬,,https://logoform.jp/form/AcMw/kdmtlightreport
352071,,kdmtscl03429,16008-103,,,––•,34.01780972,131.8597594,¢ŠE‘ª’nŒn,,¼’†’¬,,https://logoform.jp/form/AcMw/kdmtlightreport
352071,,kdmtscl03430,16054-104,,,––•,34.02499111,131.8707236,¢ŠE‘ª’nŒn,,“¡Œõ‰º,,https://logoform.jp/form/AcMw/kdmtlightreport
352071,,kdmtscl03431,16008-102,,,––•,34.01804861,131.86012,¢ŠE‘ª’nŒn,,¼’†’¬,,https://logoform.jp/form/AcMw/kdmtlightreport
352071,,kdmtscl03432,16008-101,,,––•,34.01792028,131.8603097,¢ŠE‘ª’nŒn,,¼’†’¬,,https://logoform.jp/form/AcMw/kdmtlightreport
352071,,kdmtscl03433,S099-005,,,Š}ŒË,33.9705125,131.8537331,¢ŠE‘ª’nŒn,,‰º¼si’nˆæŒğ—¬‰Ûj,,https://logoform.jp/form/AcMw/kdmtlightreport
352071,,kdmtscl03434,S099-003,,,Š}ŒË,33.97086611,131.854755,¢ŠE‘ª’nŒn,,‰º¼si’nˆæŒğ—¬‰Ûj,,https://logoform.jp/form/AcMw/kdmtlightreport
352071,,kdmtscl03435,S099-004,,,Š}ŒË,33.9708625,131.8554639,¢ŠE‘ª’nŒn,,‰º¼si’nˆæŒğ—¬‰Ûj,,https://logoform.jp/form/AcMw/kdmtlightreport
352071,,kdmtscl03436,S099-002,,,Š}ŒË,33.97159389,131.8556364,¢ŠE‘ª’nŒn,,‰º¼si’nˆæŒğ—¬‰Ûj,,https://logoform.jp/form/AcMw/kdmtlightreport
352071,,kdmtscl03437,S099-001,,,Š}ŒË,33.97275333,131.8557553,¢ŠE‘ª’nŒn,,‰º¼si’nˆæŒğ—¬‰Ûj,,https://logoform.jp/form/AcMw/kdmtlightreport
352071,,kdmtscl03438,13001-103,,,Š}ŒË,33.96682111,131.8490608,¢ŠE‘ª’nŒn,,”ö‹½E—,,https://logoform.jp/form/AcMw/kdmtlightreport
352071,,kdmtscl03439,13012-102,,,––•,34.01676806,131.8633169,¢ŠE‘ª’nŒn,,’†‰›’¬,,https://logoform.jp/form/AcMw/kdmtlightreport
352071,,kdmtscl03440,16058-106,,,‰º¼,34.015725,131.8636892,¢ŠE‘ª’nŒn,,–ö,,https://logoform.jp/form/AcMw/kdmtlightreport
352071,,kdmtscl03441,13074-105,,,Š}ŒË,33.98678389,131.8587186,¢ŠE‘ª’nŒn,,–{‰Y,,https://logoform.jp/form/AcMw/kdmtlightreport
352071,,kdmtscl03442,18013-101,,,Š}ŒË,33.98684278,131.858575,¢ŠE‘ª’nŒn,,–{‰Y,,https://logoform.jp/form/AcMw/kdmtlightreport
352071,,kdmtscl03443,18144-102,,,––•,34.01931389,131.8591747,¢ŠE‘ª’nŒn,,‰º¼si“ss­ô‰Ûj,,https://logoform.jp/form/AcMw/kdmtlightreport
352071,,kdmtscl03444,18144-103,,,––•,34.01897556,131.8586611,¢ŠE‘ª’nŒn,,‰º¼si“ss­ô‰Ûj,,https://logoform.jp/form/AcMw/kdmtlightreport
352071,,kdmtscl03445,18013-106,,,Š}ŒË,33.97894667,131.8626828,¢ŠE‘ª’nŒn,,–{‰Y,,https://logoform.jp/form/AcMw/kdmtlightreport
352071,,kdmtscl03446,14023-102,,,‰Ô‰ª,34.03866361,131.8888203,¢ŠE‘ª’nŒn,,’†‘º¼,,https://logoform.jp/form/AcMw/kdmtlightreport
352071,,kdmtscl03447,14042-101,,,Š}ŒË,33.97908861,131.8623872,¢ŠE‘ª’nŒn,,–{‰Y,,https://logoform.jp/form/AcMw/kdmtlightreport
352071,,kdmtscl03448,LB022-001,,,‰Ô‰ª,34.04203667,131.8916339,¢ŠE‘ª’nŒn,,‹{–{,,https://logoform.jp/form/AcMw/kdmtlightreport
352071,,kdmtscl03449,15056-109,,,‰º¼,34.01066778,131.8759483,¢ŠE‘ª’nŒn,,Šø‰ª‚P’š–ÚŒÂl,,https://logoform.jp/form/AcMw/kdmtlightreport
352071,,kdmtscl03450,14042-110,,,Š}ŒË,33.97944972,131.8655069,¢ŠE‘ª’nŒn,,–{‰Y,,https://logoform.jp/form/AcMw/kdmtlightreport
352071,,kdmtscl03451,18013-108,,,Š}ŒË,33.97900167,131.8655578,¢ŠE‘ª’nŒn,,–{‰Y,,https://logoform.jp/form/AcMw/kdmtlightreport
352071,,kdmtscl03452,15056-110,,,‰º¼,34.01057944,131.8756283,¢ŠE‘ª’nŒn,,Šø‰ª‚P’š–ÚŒÂl,,https://logoform.jp/form/AcMw/kdmtlightreport
352071,,kdmtscl03453,15056-105,,,‰º¼,34.01084833,131.8754356,¢ŠE‘ª’nŒn,,Šø‰ª‚P’š–ÚŒÂl,,https://logoform.jp/form/AcMw/kdmtlightreport
352071,,kdmtscl03454,16016-101,,,Š}ŒË,33.97743639,131.8661467,¢ŠE‘ª’nŒn,,–{‰Y,,https://logoform.jp/form/AcMw/kdmtlightreport
352071,,kdmtscl03455,15056-103,,,‰º¼,34.01095861,131.8759503,¢ŠE‘ª’nŒn,,Šø‰ª‚P’š–ÚŒÂl,,https://logoform.jp/form/AcMw/kdmtlightreport
352071,,kdmtscl03456,L2011-013,,,Š}ŒË,33.97755306,131.8674439,¢ŠE‘ª’nŒn,,–{‰Y,,https://logoform.jp/form/AcMw/kdmtlightreport
352071,,kdmtscl03457,13074-103,,,Š}ŒË,33.97695583,131.8671811,¢ŠE‘ª’nŒn,,–{‰Y,,https://logoform.jp/form/AcMw/kdmtlightreport
352071,,kdmtscl03458,15056-102,,,‰º¼,34.0112925,131.8758417,¢ŠE‘ª’nŒn,,Šø‰ª‚P’š–ÚŒÂl,,https://logoform.jp/form/AcMw/kdmtlightreport
352071,,kdmtscl03459,15057-103,,,Š}ŒË,33.97862639,131.8685428,¢ŠE‘ª’nŒn,,–{‰Y,,https://logoform.jp/form/AcMw/kdmtlightreport
352071,,kdmtscl03460,L2011-014,,,Š}ŒË,33.97837861,131.8686839,¢ŠE‘ª’nŒn,,–{‰Y,,https://logoform.jp/form/AcMw/kdmtlightreport
352071,,kdmtscl03461,15056-104,,,‰º¼,34.01125417,131.8754819,¢ŠE‘ª’nŒn,,Šø‰ª‚P’š–ÚŒÂl,,https://logoform.jp/form/AcMw/kdmtlightreport
352071,,kdmtscl03462,13074-101,,,Š}ŒË,33.97818667,131.8686289,¢ŠE‘ª’nŒn,,–{‰Y,,https://logoform.jp/form/AcMw/kdmtlightreport
352071,,kdmtscl03463,18013-115,,,Š}ŒË,33.97791833,131.8682625,¢ŠE‘ª’nŒn,,–{‰Y,,https://logoform.jp/form/AcMw/kdmtlightreport
352071,,kdmtscl03464,15057-101,,,Š}ŒË,33.97872056,131.8682114,¢ŠE‘ª’nŒn,,–{‰Y,,https://logoform.jp/form/AcMw/kdmtlightreport
352071,,kdmtscl03465,13074-102,,,Š}ŒË,33.97774528,131.8669864,¢ŠE‘ª’nŒn,,–{‰Y,,https://logoform.jp/form/AcMw/kdmtlightreport
352071,,kdmtscl03466,13084-101,,,‰º¼,34.01235583,131.8783553,¢ŠE‘ª’nŒn,,Šø‰ª‚R’š–Ú,,https://logoform.jp/form/AcMw/kdmtlightreport
352071,,kdmtscl03467,17007-105,,,Š}ŒË,33.97737028,131.8667617,¢ŠE‘ª’nŒn,,–{‰Y,,https://logoform.jp/form/AcMw/kdmtlightreport
352071,,kdmtscl03468,18098-102,,,‰º¼,34.01054639,131.8744669,¢ŠE‘ª’nŒn,,Šø‰ª‚P’š–ÚŒÂl,,https://logoform.jp/form/AcMw/kdmtlightreport
352071,,kdmtscl03469,16001-101,,,‰º¼,34.01083,131.8746481,¢ŠE‘ª’nŒn,,Šø‰ª‚P’š–ÚŒÂl,,https://logoform.jp/form/AcMw/kdmtlightreport
352071,,kdmtscl03470,14086-104,,,‰º¼,34.010595,131.8725972,¢ŠE‘ª’nŒn,,K’¬,,https://logoform.jp/form/AcMw/kdmtlightreport
352071,,kdmtscl03471,13092-102,,,‰º¼,34.01200972,131.8718897,¢ŠE‘ª’nŒn,,“s’¬,,https://logoform.jp/form/AcMw/kdmtlightreport
352071,,kdmtscl03472,S095-022,,,Š}ŒË,33.974915,131.8568425,¢ŠE‘ª’nŒn,,‰º¼si’nˆæŒğ—¬‰Ûj,,https://logoform.jp/form/AcMw/kdmtlightreport
352071,,kdmtscl03473,13092-105,,,‰º¼,34.01382389,131.8728458,¢ŠE‘ª’nŒn,,“s’¬,,https://logoform.jp/form/AcMw/kdmtlightreport
352071,,kdmtscl03474,S095-021,,,Š}ŒË,33.97513,131.856995,¢ŠE‘ª’nŒn,,‰º¼si’nˆæŒğ—¬‰Ûj,,https://logoform.jp/form/AcMw/kdmtlightreport
352071,,kdmtscl03475,S095-012,,,Š}ŒË,33.9758075,131.8575372,¢ŠE‘ª’nŒn,,‰º¼si’nˆæŒğ—¬‰Ûj,,https://logoform.jp/form/AcMw/kdmtlightreport
352071,,kdmtscl03476,S095-011,,,Š}ŒË,33.97631861,131.8576747,¢ŠE‘ª’nŒn,,‰º¼si’nˆæŒğ—¬‰Ûj,,https://logoform.jp/form/AcMw/kdmtlightreport
352071,,kdmtscl03477,13092-104,,,‰º¼,34.01371306,131.8725697,¢ŠE‘ª’nŒn,,“s’¬,,https://logoform.jp/form/AcMw/kdmtlightreport
352071,,kdmtscl03478,S095-010,,,Š}ŒË,33.97657444,131.8570933,¢ŠE‘ª’nŒn,,‰º¼si’nˆæŒğ—¬‰Ûj,,https://logoform.jp/form/AcMw/kdmtlightreport
352071,,kdmtscl03479,S095-009,,,Š}ŒË,33.97664778,131.8570297,¢ŠE‘ª’nŒn,,‰º¼si’nˆæŒğ—¬‰Ûj,,https://logoform.jp/form/AcMw/kdmtlightreport
352071,,kdmtscl03480,S095-008,,,Š}ŒË,33.97730444,131.8574058,¢ŠE‘ª’nŒn,,‰º¼si’nˆæŒğ—¬‰Ûj,,https://logoform.jp/form/AcMw/kdmtlightreport
352071,,kdmtscl03481,S095-007,,,Š}ŒË,33.97753722,131.8572608,¢ŠE‘ª’nŒn,,‰º¼si’nˆæŒğ—¬‰Ûj,,https://logoform.jp/form/AcMw/kdmtlightreport
352071,,kdmtscl03482,18122-104,,,‰º¼,34.01449556,131.8724244,¢ŠE‘ª’nŒn,,“s’¬,,https://logoform.jp/form/AcMw/kdmtlightreport
352071,,kdmtscl03483,S095-006,,,Š}ŒË,33.97785889,131.8575061,¢ŠE‘ª’nŒn,,‰º¼si’nˆæŒğ—¬‰Ûj,,https://logoform.jp/form/AcMw/kdmtlightreport
352071,,kdmtscl03484,14042-103,,,Š}ŒË,33.97877556,131.8621606,¢ŠE‘ª’nŒn,,–{‰Y,,https://logoform.jp/form/AcMw/kdmtlightreport
352071,,kdmtscl03485,14078-101,,,‰º¼,34.01468139,131.8730869,¢ŠE‘ª’nŒn,,“s’¬,,https://logoform.jp/form/AcMw/kdmtlightreport
352071,,kdmtscl03486,14065-102,,,Š}ŒË,33.96157889,131.8510386,¢ŠE‘ª’nŒn,,”ö‹½E—,,https://logoform.jp/form/AcMw/kdmtlightreport
352071,,kdmtscl03487,16020-106,,,‰º¼,34.01435389,131.8717931,¢ŠE‘ª’nŒn,,“s’¬,,https://logoform.jp/form/AcMw/kdmtlightreport
352071,,kdmtscl03488,L2012-155,,,Š}ŒË,33.96190806,131.8508908,¢ŠE‘ª’nŒn,,”ö‹½E—,,https://logoform.jp/form/AcMw/kdmtlightreport
352071,,kdmtscl03489,13001-102,,,Š}ŒË,33.96223833,131.8502947,¢ŠE‘ª’nŒn,,”ö‹½E—,,https://logoform.jp/form/AcMw/kdmtlightreport
352071,,kdmtscl03490,S100-005,,,Š}ŒË,33.97201139,131.8559353,¢ŠE‘ª’nŒn,,‰º¼si’nˆæŒğ—¬‰Ûj,,https://logoform.jp/form/AcMw/kdmtlightreport
352071,,kdmtscl03491,S100-004,,,Š}ŒË,33.97300861,131.8562061,¢ŠE‘ª’nŒn,,‰º¼si’nˆæŒğ—¬‰Ûj,,https://logoform.jp/form/AcMw/kdmtlightreport
352071,,kdmtscl03492,S100-003,,,Š}ŒË,33.97340306,131.8566547,¢ŠE‘ª’nŒn,,‰º¼si’nˆæŒğ—¬‰Ûj,,https://logoform.jp/form/AcMw/kdmtlightreport
352071,,kdmtscl03493,S100-002,,,Š}ŒË,33.97365278,131.8569372,¢ŠE‘ª’nŒn,,‰º¼si’nˆæŒğ—¬‰Ûj,,https://logoform.jp/form/AcMw/kdmtlightreport
352071,,kdmtscl03494,S100-001,,,Š}ŒË,33.97397889,131.8567847,¢ŠE‘ª’nŒn,,‰º¼si’nˆæŒğ—¬‰Ûj,,https://logoform.jp/form/AcMw/kdmtlightreport
352071,,kdmtscl03495,16084-101,,,‰Ô‰ª,34.04210972,131.8899578,¢ŠE‘ª’nŒn,,‹{–{,,https://logoform.jp/form/AcMw/kdmtlightreport
352071,,kdmtscl03496,16072-111,,,‹v•Û,34.03556,131.9176789,¢ŠE‘ª’nŒn,,ØR˜A‡,,https://logoform.jp/form/AcMw/kdmtlightreport
352071,,kdmtscl03497,17060-101,,,‹v•Û,34.03394639,131.9142692,¢ŠE‘ª’nŒn,,“Œ—z‚S’š–Ú,,https://logoform.jp/form/AcMw/kdmtlightreport
352071,,kdmtscl03498,L2012-144,,,‹v•Û,34.04322611,131.9064022,¢ŠE‘ª’nŒn,,R“c˜A‡,,https://logoform.jp/form/AcMw/kdmtlightreport
352071,,kdmtscl03499,14043-104,,,‹v•Û,34.04432722,131.9112978,¢ŠE‘ª’nŒn,,R“c˜A‡,,https://logoform.jp/form/AcMw/kdmtlightreport
352071,,kdmtscl03500,15087-105,,,‹v•Û,34.04862083,131.9227944,¢ŠE‘ª’nŒn,,ØR˜A‡,,https://logoform.jp/form/AcMw/kdmtlightreport
352071,,kdmtscl03501,18027-107,,,’†‘º,34.02102417,131.8473461,¢ŠE‘ª’nŒn,,“ì—Í,,https://logoform.jp/form/AcMw/kdmtlightreport
352071,,kdmtscl03502,B049-008,,,‹v•Û,34.03187833,131.9134178,¢ŠE‘ª’nŒn,,“Œ—z‚U’š–Ú,,https://logoform.jp/form/AcMw/kdmtlightreport
352071,,kdmtscl03503,16003-119,,,‹v•Û,34.03211778,131.9145214,¢ŠE‘ª’nŒn,,“Œ—z‚T’š–Ú,,https://logoform.jp/form/AcMw/kdmtlightreport
352071,,kdmtscl03504,16003-120,,,‹v•Û,34.03183639,131.9145153,¢ŠE‘ª’nŒn,,“Œ—z‚T’š–Ú,,https://logoform.jp/form/AcMw/kdmtlightreport
352071,,kdmtscl03505,ŒöB056-005,,,‹v•Û,34.02823389,131.9239894,¢ŠE‘ª’nŒn,,“Œ˜a,,https://logoform.jp/form/AcMw/kdmtlightreport
352071,,kdmtscl03506,14029-107,,,’†‘º,34.03775611,131.853825,¢ŠE‘ª’nŒn,,˜a“c,,https://logoform.jp/form/AcMw/kdmtlightreport
352071,,kdmtscl03507,Œö057-001,,,’†‘º,34.0218975,131.8472872,¢ŠE‘ª’nŒn,,‰º¼si“ss­ô‰Ûj,,https://logoform.jp/form/AcMw/kdmtlightreport
352071,,kdmtscl03508,ŒöB056-006,,,‹v•Û,34.02802556,131.9241419,¢ŠE‘ª’nŒn,,“Œ˜a,,https://logoform.jp/form/AcMw/kdmtlightreport
352071,,kdmtscl03509,13090-103,,,‹v•Û,34.02983694,131.9255878,¢ŠE‘ª’nŒn,,“Œ˜a,,https://logoform.jp/form/AcMw/kdmtlightreport
352071,,kdmtscl03510,13066-103,,,––•,34.01744889,131.8554961,¢ŠE‘ª’nŒn,,‘åŠC’¬“Œ,,https://logoform.jp/form/AcMw/kdmtlightreport
352071,,kdmtscl03511,18133-111,,,–Lˆä,33.99988389,131.8764742,¢ŠE‘ª’nŒn,,–Lˆä,,https://logoform.jp/form/AcMw/kdmtlightreport
352071,,kdmtscl03512,13050-105,,,‹v•Û,34.02742889,131.9001833,¢ŠE‘ª’nŒn,,ƒZƒ“ƒgƒVƒeƒB,,https://logoform.jp/form/AcMw/kdmtlightreport
352071,,kdmtscl03513,14058-115,,,–Lˆä,34.00005694,131.8760869,¢ŠE‘ª’nŒn,,–Lˆä,,https://logoform.jp/form/AcMw/kdmtlightreport
352071,,kdmtscl03514,LB089-016,,,–Lˆä,34.00039556,131.8758819,¢ŠE‘ª’nŒn,,–Lˆä,,https://logoform.jp/form/AcMw/kdmtlightreport
352071,,kdmtscl03515,B051-013,,,‹v•Û,34.0279525,131.8980519,¢ŠE‘ª’nŒn,,ƒZƒ“ƒgƒVƒeƒB,,https://logoform.jp/form/AcMw/kdmtlightreport
352071,,kdmtscl03516,14058-106,,,–Lˆä,34.00134,131.8757528,¢ŠE‘ª’nŒn,,–Lˆä,,https://logoform.jp/form/AcMw/kdmtlightreport
352071,,kdmtscl03517,13060-101,,,‹v•Û,34.028375,131.8975919,¢ŠE‘ª’nŒn,,Â—t‘ä,,https://logoform.jp/form/AcMw/kdmtlightreport
352071,,kdmtscl03518,ŒöB066-006,,,––•,34.01770583,131.8528406,¢ŠE‘ª’nŒn,,‰º¼si“ss­ô‰Ûj,,https://logoform.jp/form/AcMw/kdmtlightreport
352071,,kdmtscl03519,14058-113,,,–Lˆä,33.99988694,131.8778069,¢ŠE‘ª’nŒn,,–Lˆä,,https://logoform.jp/form/AcMw/kdmtlightreport
352071,,kdmtscl03520,14058-110,,,–Lˆä,34.00034139,131.8789417,¢ŠE‘ª’nŒn,,–Lˆä,,https://logoform.jp/form/AcMw/kdmtlightreport
352071,,kdmtscl03521,13038-104,,,–Lˆä,33.99858806,131.8777158,¢ŠE‘ª’nŒn,,–Lˆä,,https://logoform.jp/form/AcMw/kdmtlightreport
352071,,kdmtscl03522,13060-102,,,‹v•Û,34.02834278,131.8971844,¢ŠE‘ª’nŒn,,Â—t‘ä,,https://logoform.jp/form/AcMw/kdmtlightreport
352071,,kdmtscl03523,16033-101,,,‰Ô‰ª,34.03739722,131.8610617,¢ŠE‘ª’nŒn,,—Îƒ–‹u,,https://logoform.jp/form/AcMw/kdmtlightreport
352071,,kdmtscl03524,16052-101,,,‰Ô‰ª,34.0357625,131.8711522,¢ŠE‘ª’nŒn,,”ª”¦’Ê‚è,,https://logoform.jp/form/AcMw/kdmtlightreport
352071,,kdmtscl03525,14029-104,,,’†‘º,34.03446611,131.8560622,¢ŠE‘ª’nŒn,,˜a“c,,https://logoform.jp/form/AcMw/kdmtlightreport
352071,,kdmtscl03526,14029-109,,,‰Ô‰ª,34.03723361,131.8555944,¢ŠE‘ª’nŒn,,˜a“c,,https://logoform.jp/form/AcMw/kdmtlightreport
352071,,kdmtscl03527,14004-104,,,‰Ô‰ª,34.04207472,131.8816258,¢ŠE‘ª’nŒn,,ã@,,https://logoform.jp/form/AcMw/kdmtlightreport
352071,,kdmtscl03528,16081-102,,,‰Ô‰ª,34.04310722,131.8710094,¢ŠE‘ª’nŒn,,ã’n,,https://logoform.jp/form/AcMw/kdmtlightreport
352071,,kdmtscl03529,16081-101,,,‰Ô‰ª,34.04355028,131.8713156,¢ŠE‘ª’nŒn,,ã’n,,https://logoform.jp/form/AcMw/kdmtlightreport
352071,,kdmtscl03530,13048-101,,,‰º¼,34.00675417,131.8808528,¢ŠE‘ª’nŒn,,›”—,,https://logoform.jp/form/AcMw/kdmtlightreport
352071,,kdmtscl03531,15081-101,,,‰Ô‰ª,34.04521139,131.8676386,¢ŠE‘ª’nŒn,,‚‹´,,https://logoform.jp/form/AcMw/kdmtlightreport
352071,,kdmtscl03532,13085-105,,,‰Ô‰ª,34.04272306,131.8658189,¢ŠE‘ª’nŒn,,‚‹´,,https://logoform.jp/form/AcMw/kdmtlightreport
352071,,kdmtscl03533,17074-106,,,‰Ô‰ª,34.04218917,131.8651114,¢ŠE‘ª’nŒn,,‚‹´,,https://logoform.jp/form/AcMw/kdmtlightreport
352071,,kdmtscl03534,16048-103,,,‹v•Û,34.02349,131.8906225,¢ŠE‘ª’nŒn,,’J’†ŒËŒ´,,https://logoform.jp/form/AcMw/kdmtlightreport
352071,,kdmtscl03535,15007-104,,,‰Ô‰ª,34.04208778,131.8808708,¢ŠE‘ª’nŒn,,ã@,,https://logoform.jp/form/AcMw/kdmtlightreport
352071,,kdmtscl03536,L2012-147,,,‰Ô‰ª,34.04222806,131.88054,¢ŠE‘ª’nŒn,,ã@,,https://logoform.jp/form/AcMw/kdmtlightreport
352071,,kdmtscl03537,14004-108,,,‰Ô‰ª,34.04209083,131.8802086,¢ŠE‘ª’nŒn,,ã@,,https://logoform.jp/form/AcMw/kdmtlightreport
352071,,kdmtscl03538,15098-105,,,‹v•Û,34.01960639,131.8999181,¢ŠE‘ª’nŒn,,¯‚ª‹u,,https://logoform.jp/form/AcMw/kdmtlightreport
352071,,kdmtscl03539,14039-108,,,‹v•Û,34.01958583,131.8992431,¢ŠE‘ª’nŒn,,¯‚ª‹u,,https://logoform.jp/form/AcMw/kdmtlightreport
352071,,kdmtscl03540,14039-103,,,‹v•Û,34.01956639,131.8985556,¢ŠE‘ª’nŒn,,¯‚ª‹u,,https://logoform.jp/form/AcMw/kdmtlightreport
352071,,kdmtscl03541,18071-109,,,––•,34.01729444,131.8475333,¢ŠE‘ª’nŒn,,¼ŠJì,,https://logoform.jp/form/AcMw/kdmtlightreport
352071,,kdmtscl03542,16017-107,,,‹v•Û,34.01956056,131.8979694,¢ŠE‘ª’nŒn,,¯‚ª‹u,,https://logoform.jp/form/AcMw/kdmtlightreport
352071,,kdmtscl03543,LB094-009,,,–Lˆä,33.99398667,131.8822936,¢ŠE‘ª’nŒn,,ã—öƒ–•liŒöOA‚Å‚ÌŒ_–ñ‚È‚µj,,https://logoform.jp/form/AcMw/kdmtlightreport
352071,,kdmtscl03544,17076-104,,,–Lˆä,33.99410694,131.8812517,¢ŠE‘ª’nŒn,,ã—öƒ–•l,,https://logoform.jp/form/AcMw/kdmtlightreport
352071,,kdmtscl03545,16046-103,,,–Lˆä,33.99426361,131.8814614,¢ŠE‘ª’nŒn,,ã—öƒ–•l,,https://logoform.jp/form/AcMw/kdmtlightreport
352071,,kdmtscl03546,13008-101,,,‰º¼,34.01167583,131.8631444,¢ŠE‘ª’nŒn,,’†s,,https://logoform.jp/form/AcMw/kdmtlightreport
352071,,kdmtscl03547,13053-102,,,‹v•Û,34.02367083,131.8985142,¢ŠE‘ª’nŒn,,‰ª‚ÌŒ´,,https://logoform.jp/form/AcMw/kdmtlightreport
352071,,kdmtscl03548,13008-104,,,‰º¼,34.01102806,131.8636294,¢ŠE‘ª’nŒn,,’†s,,https://logoform.jp/form/AcMw/kdmtlightreport
352071,,kdmtscl03549,13008-102,,,‰º¼,34.01074278,131.8633781,¢ŠE‘ª’nŒn,,’†s,,https://logoform.jp/form/AcMw/kdmtlightreport
352071,,kdmtscl03550,16043-101,,,‰º¼,34.00910944,131.8718411,¢ŠE‘ª’nŒn,,K’¬,,https://logoform.jp/form/AcMw/kdmtlightreport
352071,,kdmtscl03551,ŒöB077-044,,,‰º¼,34.01058667,131.8618722,¢ŠE‘ª’nŒn,,‰º¼si“ss­ô‰Ûj,,https://logoform.jp/form/AcMw/kdmtlightreport
352071,,kdmtscl03552,17053-102,,,‰º¼,34.00737306,131.868495,¢ŠE‘ª’nŒn,,¼_’¬–k’Ê‚è,,https://logoform.jp/form/AcMw/kdmtlightreport
352071,,kdmtscl03553,15098-109,,,‹v•Û,34.01946806,131.8968322,¢ŠE‘ª’nŒn,,¯‚ª‹u,,https://logoform.jp/form/AcMw/kdmtlightreport
352071,,kdmtscl03554,L2012-060,,,‰º¼,34.01073083,131.8648356,¢ŠE‘ª’nŒn,,–{’¬,,https://logoform.jp/form/AcMw/kdmtlightreport
352071,,kdmtscl03555,18112-109,,,‹v•Û,34.04198972,131.9083044,¢ŠE‘ª’nŒn,,R“c˜A‡,,https://logoform.jp/form/AcMw/kdmtlightreport
352071,,kdmtscl03556,13069-105,,,‹v•Û,34.041505,131.9095169,¢ŠE‘ª’nŒn,,R“c˜A‡,,https://logoform.jp/form/AcMw/kdmtlightreport
352071,,kdmtscl03557,15087-110,,,‹v•Û,34.03985944,131.9282092,¢ŠE‘ª’nŒn,,ØR˜A‡,,https://logoform.jp/form/AcMw/kdmtlightreport
352071,,kdmtscl03558,18095-107,,,––•,34.0127225,131.8601486,¢ŠE‘ª’nŒn,,¼s“Œ,,https://logoform.jp/form/AcMw/kdmtlightreport
352071,,kdmtscl03559,LB077-013,,,––•,34.01369028,131.8593047,¢ŠE‘ª’nŒn,,¼s“Œ,,https://logoform.jp/form/AcMw/kdmtlightreport
352071,,kdmtscl03560,18095-102,,,––•,34.01430667,131.8589211,¢ŠE‘ª’nŒn,,¼s“Œ,,https://logoform.jp/form/AcMw/kdmtlightreport
352071,,kdmtscl03561,17088-107,,,––•,34.01456917,131.8593875,¢ŠE‘ª’nŒn,,¼s“Œ,,https://logoform.jp/form/AcMw/kdmtlightreport
352071,,kdmtscl03562,13003-101,,,––•,34.01479694,131.8579161,¢ŠE‘ª’nŒn,,¼s¼,,https://logoform.jp/form/AcMw/kdmtlightreport
352071,,kdmtscl03563,13097-102,,,‰º¼,34.01053556,131.8659092,¢ŠE‘ª’nŒn,,‘Š¶’¬,,https://logoform.jp/form/AcMw/kdmtlightreport
352071,,kdmtscl03564,18129-124,,,‰º¼,34.01374778,131.8787892,¢ŠE‘ª’nŒn,,º˜a’Ê‚èã,,https://logoform.jp/form/AcMw/kdmtlightreport
352071,,kdmtscl03565,14048-106,,,‹v•Û,34.02857167,131.9154881,¢ŠE‘ª’nŒn,,“R’¬,,https://logoform.jp/form/AcMw/kdmtlightreport
352071,,kdmtscl03566,B083-013,,,‰º¼,34.01073056,131.8787392,¢ŠE‘ª’nŒn,,Šø‰ª‚R’š–Ú@,,https://logoform.jp/form/AcMw/kdmtlightreport
352071,,kdmtscl03567,14057-103,,,’†‘º,34.02740611,131.8498192,¢ŠE‘ª’nŒn,,ã—Í,,https://logoform.jp/form/AcMw/kdmtlightreport
352071,,kdmtscl03568,13097-104,,,‰º¼,34.01080861,131.8663906,¢ŠE‘ª’nŒn,,‘Š¶’¬,,https://logoform.jp/form/AcMw/kdmtlightreport
352071,,kdmtscl03569,14057-104,,,’†‘º,34.02769056,131.8535547,¢ŠE‘ª’nŒn,,ã—Í,,https://logoform.jp/form/AcMw/kdmtlightreport
352071,,kdmtscl03570,14083-103,,,‰º¼,34.01336889,131.8696872,¢ŠE‘ª’nŒn,,ã‰h’¬,,https://logoform.jp/form/AcMw/kdmtlightreport
352071,,kdmtscl03571,13003-102,,,––•,34.01488167,131.8567525,¢ŠE‘ª’nŒn,,¼s¼,,https://logoform.jp/form/AcMw/kdmtlightreport
352071,,kdmtscl03572,13016-104,,,‰º¼,34.01069,131.8731169,¢ŠE‘ª’nŒn,,K’¬,,https://logoform.jp/form/AcMw/kdmtlightreport
352071,,kdmtscl03573,13014-104,,,‰º¼,34.01413056,131.87033,¢ŠE‘ª’nŒn,,‘åè’¬,,https://logoform.jp/form/AcMw/kdmtlightreport
352071,,kdmtscl03574,14078-104,,,‰º¼,34.01361806,131.8719236,¢ŠE‘ª’nŒn,,“s’¬,,https://logoform.jp/form/AcMw/kdmtlightreport
352071,,kdmtscl03575,13014-103,,,‰º¼,34.0142725,131.8705383,¢ŠE‘ª’nŒn,,‘åè’¬,,https://logoform.jp/form/AcMw/kdmtlightreport
352071,,kdmtscl03576,16049-102,,,––•,34.01216417,131.8596936,¢ŠE‘ª’nŒn,,¼s‰«,,https://logoform.jp/form/AcMw/kdmtlightreport
352071,,kdmtscl03577,15003-101,,,‹v•Û,34.02824306,131.9155944,¢ŠE‘ª’nŒn,,“R’¬,,https://logoform.jp/form/AcMw/kdmtlightreport
352071,,kdmtscl03578,13062-101,,,’†‘º,34.03366944,131.8551875,¢ŠE‘ª’nŒn,,˜a“c,,https://logoform.jp/form/AcMw/kdmtlightreport
352071,,kdmtscl03579,15003-103,,,‹v•Û,34.02801639,131.9167578,¢ŠE‘ª’nŒn,,“R’¬,,https://logoform.jp/form/AcMw/kdmtlightreport
352071,,kdmtscl03580,14048-113,,,‹v•Û,34.02810472,131.9177836,¢ŠE‘ª’nŒn,,“R’¬,,https://logoform.jp/form/AcMw/kdmtlightreport
352071,,kdmtscl03581,B081-033,,,‰º¼,34.0074975,131.8681614,¢ŠE‘ª’nŒn,,¼_’¬–k’Ê‚è,,https://logoform.jp/form/AcMw/kdmtlightreport
352071,,kdmtscl03582,13062-105,,,’†‘º,34.03402528,131.8510303,¢ŠE‘ª’nŒn,,˜a“c,,https://logoform.jp/form/AcMw/kdmtlightreport
352071,,kdmtscl03583,14048-105,,,‹v•Û,34.02756056,131.9176686,¢ŠE‘ª’nŒn,,“R’¬,,https://logoform.jp/form/AcMw/kdmtlightreport
352071,,kdmtscl03584,14048-112,,,‹v•Û,34.02849278,131.9182261,¢ŠE‘ª’nŒn,,“R’¬,,https://logoform.jp/form/AcMw/kdmtlightreport
352071,,kdmtscl03585,17053-101,,,‰º¼,34.00763944,131.8683189,¢ŠE‘ª’nŒn,,¼_’¬–k’Ê‚è,,https://logoform.jp/form/AcMw/kdmtlightreport
352071,,kdmtscl03586,18015-105,,,‹v•Û,34.02861806,131.9167853,¢ŠE‘ª’nŒn,,“R’¬,,https://logoform.jp/form/AcMw/kdmtlightreport
352071,,kdmtscl03587,13016-105,,,‰º¼,34.0102925,131.8722936,¢ŠE‘ª’nŒn,,K’¬,,https://logoform.jp/form/AcMw/kdmtlightreport
352071,,kdmtscl03588,13035-102,,,‰º¼,34.00778278,131.8679636,¢ŠE‘ª’nŒn,,V’¬,,https://logoform.jp/form/AcMw/kdmtlightreport
352071,,kdmtscl03589,14063-102,,,‹v•Û,34.02784583,131.9195475,¢ŠE‘ª’nŒn,,“»”—,,https://logoform.jp/form/AcMw/kdmtlightreport
352071,,kdmtscl03590,14048-108,,,‹v•Û,34.02781694,131.9185003,¢ŠE‘ª’nŒn,,“R’¬,,https://logoform.jp/form/AcMw/kdmtlightreport
352071,,kdmtscl03591,13052-101,,,––•,34.02016083,131.8474997,¢ŠE‘ª’nŒn,,¼ŠJì,,https://logoform.jp/form/AcMw/kdmtlightreport
352071,,kdmtscl03592,15003-105,,,‹v•Û,34.02729806,131.9183839,¢ŠE‘ª’nŒn,,“R’¬,,https://logoform.jp/form/AcMw/kdmtlightreport
352071,,kdmtscl03593,13035-105,,,‰º¼,34.00764639,131.8677878,¢ŠE‘ª’nŒn,,V’¬,,https://logoform.jp/form/AcMw/kdmtlightreport
352071,,kdmtscl03594,13061-101,,,‹v•Û,34.02661083,131.9182103,¢ŠE‘ª’nŒn,,“R’¬,,https://logoform.jp/form/AcMw/kdmtlightreport
352071,,kdmtscl03595,13035-104,,,‰º¼,34.00788528,131.8677653,¢ŠE‘ª’nŒn,,V’¬,,https://logoform.jp/form/AcMw/kdmtlightreport
352071,,kdmtscl03596,LB058-003,,,’†‘º,34.02121556,131.8488453,¢ŠE‘ª’nŒn,,“ì—Í,,https://logoform.jp/form/AcMw/kdmtlightreport
352071,,kdmtscl03597,13035-103,,,‰º¼,34.00808611,131.8682475,¢ŠE‘ª’nŒn,,V’¬,,https://logoform.jp/form/AcMw/kdmtlightreport
352071,,kdmtscl03598,14048-115,,,‹v•Û,34.02706,131.9186225,¢ŠE‘ª’nŒn,,“R’¬,,https://logoform.jp/form/AcMw/kdmtlightreport
352071,,kdmtscl03599,14048-111,,,‹v•Û,34.02749417,131.9188325,¢ŠE‘ª’nŒn,,“R’¬,,https://logoform.jp/form/AcMw/kdmtlightreport
352071,,kdmtscl03600,14048-103,,,‹v•Û,34.02704528,131.9192514,¢ŠE‘ª’nŒn,,“R’¬,,https://logoform.jp/form/AcMw/kdmtlightreport
352071,,kdmtscl03601,15003-109,,,‹v•Û,34.02662389,131.919455,¢ŠE‘ª’nŒn,,“R’¬,,https://logoform.jp/form/AcMw/kdmtlightreport
352071,,kdmtscl03602,14048-118,,,‹v•Û,34.02634917,131.9192003,¢ŠE‘ª’nŒn,,“R’¬,,https://logoform.jp/form/AcMw/kdmtlightreport
352071,,kdmtscl03603,15003-108,,,‹v•Û,34.02609194,131.9193378,¢ŠE‘ª’nŒn,,“R’¬,,https://logoform.jp/form/AcMw/kdmtlightreport
352071,,kdmtscl03604,14048-107,,,‹v•Û,34.02605861,131.9198211,¢ŠE‘ª’nŒn,,“R’¬,,https://logoform.jp/form/AcMw/kdmtlightreport
352071,,kdmtscl03605,14048-102,,,‹v•Û,34.02591833,131.9196892,¢ŠE‘ª’nŒn,,“R’¬,,https://logoform.jp/form/AcMw/kdmtlightreport
352071,,kdmtscl03606,13073-102,,,’†‘º,34.02848139,131.8505292,¢ŠE‘ª’nŒn,,ã—Í,,https://logoform.jp/form/AcMw/kdmtlightreport
352071,,kdmtscl03607,14048-116,,,‹v•Û,34.02525556,131.9199125,¢ŠE‘ª’nŒn,,“R’¬,,https://logoform.jp/form/AcMw/kdmtlightreport
352071,,kdmtscl03608,14031-102,,,‰º¼,34.00654306,131.8749383,¢ŠE‘ª’nŒn,,›”—,,https://logoform.jp/form/AcMw/kdmtlightreport
352071,,kdmtscl03609,14048-109,,,‹v•Û,34.02488361,131.9200736,¢ŠE‘ª’nŒn,,“R’¬,,https://logoform.jp/form/AcMw/kdmtlightreport
352071,,kdmtscl03610,B081-037,,,‰º¼,34.00703944,131.8686167,¢ŠE‘ª’nŒn,,¼_’¬–k’Ê‚è,,https://logoform.jp/form/AcMw/kdmtlightreport
352071,,kdmtscl03611,13073-101,,,’†‘º,34.02893083,131.8510025,¢ŠE‘ª’nŒn,,ã—Í,,https://logoform.jp/form/AcMw/kdmtlightreport
352071,,kdmtscl03612,15049-101,,,’†‘º,34.03093167,131.8491833,¢ŠE‘ª’nŒn,,‰º˜a“c,,https://logoform.jp/form/AcMw/kdmtlightreport
352071,,kdmtscl03613,LB084-053,,,‰º¼,34.00618889,131.8749022,¢ŠE‘ª’nŒn,,›”—,,https://logoform.jp/form/AcMw/kdmtlightreport
352071,,kdmtscl03614,13062-104,,,’†‘º,34.03274083,131.8529086,¢ŠE‘ª’nŒn,,˜a“c,,https://logoform.jp/form/AcMw/kdmtlightreport
352071,,kdmtscl03615,18009-107,,,‰º¼,34.00702028,131.8686325,¢ŠE‘ª’nŒn,,¼_’¬–k’Ê‚è,,https://logoform.jp/form/AcMw/kdmtlightreport
352071,,kdmtscl03616,17077-106,,,‰º¼,34.01871278,131.8773239,¢ŠE‘ª’nŒn,,º˜a’Ê‚èã,,https://logoform.jp/form/AcMw/kdmtlightreport
352071,,kdmtscl03617,15083-102,,,‰º¼,34.00670583,131.8679553,¢ŠE‘ª’nŒn,,¼_’¬–{’Ê‚è,,https://logoform.jp/form/AcMw/kdmtlightreport
352071,,kdmtscl03618,17055-101,,,‰º¼,34.00660389,131.8681189,¢ŠE‘ª’nŒn,,¼_’¬–{’Ê‚è,,https://logoform.jp/form/AcMw/kdmtlightreport
352071,,kdmtscl03619,16072-114,,,‹v•Û,34.03832222,131.9195236,¢ŠE‘ª’nŒn,,ØR˜A‡,,https://logoform.jp/form/AcMw/kdmtlightreport
352071,,kdmtscl03620,18041-101,,,‰º¼,34.00643167,131.86857,¢ŠE‘ª’nŒn,,¼_’¬–{’Ê‚è,,https://logoform.jp/form/AcMw/kdmtlightreport
352071,,kdmtscl03621,13036-101,,,‰º¼,34.01879667,131.8789603,¢ŠE‘ª’nŒn,,º˜a’Ê‚èã,,https://logoform.jp/form/AcMw/kdmtlightreport
352071,,kdmtscl03622,13016-101,,,‰º¼,34.00848194,131.8745494,¢ŠE‘ª’nŒn,,K’¬,,https://logoform.jp/form/AcMw/kdmtlightreport
352071,,kdmtscl03623,LB069-030,,,‰º¼,34.01701472,131.8792192,¢ŠE‘ª’nŒn,,º˜a’¬‚P’š–Ú,,https://logoform.jp/form/AcMw/kdmtlightreport
352071,,kdmtscl03624,13100-102,,,‰º¼,34.0072925,131.8641683,¢ŠE‘ª’nŒn,,`’¬,,https://logoform.jp/form/AcMw/kdmtlightreport
352071,,kdmtscl03625,14033-103,,,‰º¼,34.00870139,131.8780489,¢ŠE‘ª’nŒn,,Šø‰ª‚S’š–Ú,,https://logoform.jp/form/AcMw/kdmtlightreport
352071,,kdmtscl03626,14070-103,,,‰º¼,34.00844472,131.8648669,¢ŠE‘ª’nŒn,,`’¬,,https://logoform.jp/form/AcMw/kdmtlightreport
352071,,kdmtscl03627,13100-105,,,‰º¼,34.00905139,131.8644569,¢ŠE‘ª’nŒn,,`’¬,,https://logoform.jp/form/AcMw/kdmtlightreport
352071,,kdmtscl03628,L2012-072,,,‰º¼,34.00923167,131.8651706,¢ŠE‘ª’nŒn,,ˆ®’¬,,https://logoform.jp/form/AcMw/kdmtlightreport
352071,,kdmtscl03629,14056-105,,,‰º¼,34.01735556,131.8798953,¢ŠE‘ª’nŒn,,º˜a’¬‚P’š–Ú,,https://logoform.jp/form/AcMw/kdmtlightreport
352071,,kdmtscl03630,L2012-074,,,‰º¼,34.00938806,131.8647164,¢ŠE‘ª’nŒn,,ˆ®’¬,,https://logoform.jp/form/AcMw/kdmtlightreport
352071,,kdmtscl03631,17086-103,,,‰º¼,34.00949,131.8641081,¢ŠE‘ª’nŒn,,‚»’¬“Œ,,https://logoform.jp/form/AcMw/kdmtlightreport
352071,,kdmtscl03632,13097-103,,,‰º¼,34.01034278,131.8664478,¢ŠE‘ª’nŒn,,‘Š¶’¬,,https://logoform.jp/form/AcMw/kdmtlightreport
352071,,kdmtscl03633,15020-101,,,‰º¼,34.01643111,131.8778478,¢ŠE‘ª’nŒn,,º˜a’Ê‚èã,,https://logoform.jp/form/AcMw/kdmtlightreport
352071,,kdmtscl03634,13097-101,,,‰º¼,34.01031667,131.8666306,¢ŠE‘ª’nŒn,,‘Š¶’¬,,https://logoform.jp/form/AcMw/kdmtlightreport
352071,,kdmtscl03635,17084-107,,,‰º¼,34.01020417,131.8666694,¢ŠE‘ª’nŒn,,‘Š¶’¬,,https://logoform.jp/form/AcMw/kdmtlightreport
352071,,kdmtscl03636,L2012-057,,,‰º¼,34.00988111,131.8668494,¢ŠE‘ª’nŒn,,‘Š¶’¬,,https://logoform.jp/form/AcMw/kdmtlightreport
352071,,kdmtscl03637,18105-102,,,‰º¼,34.01558722,131.8770831,¢ŠE‘ª’nŒn,,“aƒ–—,,https://logoform.jp/form/AcMw/kdmtlightreport
352071,,kdmtscl03638,L2012-058,,,’†‘º,34.02734,131.8607506,¢ŠE‘ª’nŒn,,“Œ‰ÍŒ´,,https://logoform.jp/form/AcMw/kdmtlightreport
352071,,kdmtscl03639,13078-102,,,––•,34.02548639,131.8625428,¢ŠE‘ª’nŒn,,•½“c“Œ,,https://logoform.jp/form/AcMw/kdmtlightreport
352071,,kdmtscl03640,18105-103,,,‰º¼,34.01513361,131.8772642,¢ŠE‘ª’nŒn,,“aƒ–—,,https://logoform.jp/form/AcMw/kdmtlightreport
352071,,kdmtscl03641,13058-101,,,‰º¼,34.01532306,131.8751653,¢ŠE‘ª’nŒn,,“aƒ–—,,https://logoform.jp/form/AcMw/kdmtlightreport
352071,,kdmtscl03642,15066-103,,,‰º¼,34.01562889,131.8746567,¢ŠE‘ª’nŒn,,“aƒ–—,,https://logoform.jp/form/AcMw/kdmtlightreport
352071,,kdmtscl03643,16088-101,,,‰º¼,34.01526583,131.8744678,¢ŠE‘ª’nŒn,,“aƒ–—,,https://logoform.jp/form/AcMw/kdmtlightreport
352071,,kdmtscl03644,13078-104,,,––•,34.02312028,131.8597892,¢ŠE‘ª’nŒn,,•½“c“Œ,,https://logoform.jp/form/AcMw/kdmtlightreport
352071,,kdmtscl03645,13017-102,,,––•,34.02090778,131.8570269,¢ŠE‘ª’nŒn,,‚Ğ‚ç‚½”ü—¢,,https://logoform.jp/form/AcMw/kdmtlightreport
352071,,kdmtscl03646,14069-109,,,‰º¼,34.018875,131.8745431,¢ŠE‘ª’nŒn,,–@˜@›,,https://logoform.jp/form/AcMw/kdmtlightreport
352071,,kdmtscl03647,13034-105,,,‰º¼,34.01917917,131.8742758,¢ŠE‘ª’nŒn,,–@˜@›,,https://logoform.jp/form/AcMw/kdmtlightreport
352071,,kdmtscl03648,13034-104,,,‰º¼,34.01938722,131.8738153,¢ŠE‘ª’nŒn,,–@˜@›,,https://logoform.jp/form/AcMw/kdmtlightreport
352071,,kdmtscl03649,14069-107,,,‰º¼,34.01896306,131.8727347,¢ŠE‘ª’nŒn,,–@˜@›,,https://logoform.jp/form/AcMw/kdmtlightreport
352071,,kdmtscl03650,18028-101,,,‰º¼,34.01624722,131.8640203,¢ŠE‘ª’nŒn,,–ö,,https://logoform.jp/form/AcMw/kdmtlightreport
352071,,kdmtscl03651,14069-110,,,‰º¼,34.01824333,131.8720044,¢ŠE‘ª’nŒn,,–@˜@›,,https://logoform.jp/form/AcMw/kdmtlightreport
352071,,kdmtscl03652,16058-105,,,‰º¼,34.01550444,131.8639403,¢ŠE‘ª’nŒn,,–ö,,https://logoform.jp/form/AcMw/kdmtlightreport
352071,,kdmtscl03653,14069-104,,,‰º¼,34.01800583,131.8722233,¢ŠE‘ª’nŒn,,–@˜@›,,https://logoform.jp/form/AcMw/kdmtlightreport
352071,,kdmtscl03654,L2012-071,,,‰Ô‰ª,34.03197111,131.8633194,¢ŠE‘ª’nŒn,,“Œ’†‘º,,https://logoform.jp/form/AcMw/kdmtlightreport
352071,,kdmtscl03655,14069-105,,,‰º¼,34.01782278,131.8719222,¢ŠE‘ª’nŒn,,–@˜@›,,https://logoform.jp/form/AcMw/kdmtlightreport
352071,,kdmtscl03656,16058-102,,,‰º¼,34.01508667,131.8643506,¢ŠE‘ª’nŒn,,–ö,,https://logoform.jp/form/AcMw/kdmtlightreport
352071,,kdmtscl03657,18028-117,,,‰º¼,34.01496667,131.8690614,¢ŠE‘ª’nŒn,,–ö,,https://logoform.jp/form/AcMw/kdmtlightreport
352071,,kdmtscl03658,15089-101,,,‰º¼,34.01634722,131.8733247,¢ŠE‘ª’nŒn,,÷’¬“Œ’c’n,,https://logoform.jp/form/AcMw/kdmtlightreport
352071,,kdmtscl03659,17113-106,,,‰º¼,34.01621028,131.8667886,¢ŠE‘ª’nŒn,,–ö,,https://logoform.jp/form/AcMw/kdmtlightreport
352071,,kdmtscl03660,14008-109,,,––•,34.01874917,131.8648792,¢ŠE‘ª’nŒn,,“í–Ø’¬,,https://logoform.jp/form/AcMw/kdmtlightreport
352071,,kdmtscl03661,L2012-117,,,––•,34.01888083,131.8651978,¢ŠE‘ª’nŒn,,“í–Ø’¬,,https://logoform.jp/form/AcMw/kdmtlightreport
352071,,kdmtscl03662,17086-104,,,‰º¼,34.00948944,131.8636508,¢ŠE‘ª’nŒn,,‚»’¬“Œ,,https://logoform.jp/form/AcMw/kdmtlightreport
352071,,kdmtscl03663,L2012-116,,,––•,34.01918222,131.8647617,¢ŠE‘ª’nŒn,,“í–Ø’¬,,https://logoform.jp/form/AcMw/kdmtlightreport
352071,,kdmtscl03664,17108-105,,,[‰Y,33.94357028,131.8257794,¢ŠE‘ª’nŒn,,[‰Y,,https://logoform.jp/form/AcMw/kdmtlightreport
352071,,kdmtscl03665,17108-104,,,[‰Y,33.94557667,131.8260817,¢ŠE‘ª’nŒn,,[‰Y,,https://logoform.jp/form/AcMw/kdmtlightreport
352071,,kdmtscl03666,14018-102,,,––•,34.016805,131.8637367,¢ŠE‘ª’nŒn,,’†‰›’¬,,https://logoform.jp/form/AcMw/kdmtlightreport
352071,,kdmtscl03667,ŒöB080-003,,,‰º¼,34.00861306,131.8636569,¢ŠE‘ª’nŒn,,‰º¼si“ss­ô‰Ûj,,https://logoform.jp/form/AcMw/kdmtlightreport
352071,,kdmtscl03668,L2011-033,,,‰º¼,34.01921139,131.8675589,¢ŠE‘ª’nŒn,,“ŒŒõ›¼,,https://logoform.jp/form/AcMw/kdmtlightreport
352071,,kdmtscl03669,L2012-093,,,‰º¼,34.01792222,131.8688161,¢ŠE‘ª’nŒn,,“ŒŒõ›“Œ,,https://logoform.jp/form/AcMw/kdmtlightreport
352071,,kdmtscl03670,L2012-040,,,‰º¼,34.01823306,131.8695636,¢ŠE‘ª’nŒn,,“ŒŒõ›“Œ,,https://logoform.jp/form/AcMw/kdmtlightreport
352071,,kdmtscl03671,14008-105,,,––•,34.01966333,131.8647753,¢ŠE‘ª’nŒn,,“í–Ø’¬,,https://logoform.jp/form/AcMw/kdmtlightreport
352071,,kdmtscl03672,18049-101,,,‰º¼,34.01749611,131.8717669,¢ŠE‘ª’nŒn,,ƒ~[ƒeƒBƒA÷’¬,,https://logoform.jp/form/AcMw/kdmtlightreport
352071,,kdmtscl03673,14008-110,,,––•,34.01950778,131.8652006,¢ŠE‘ª’nŒn,,“í–Ø’¬,,https://logoform.jp/form/AcMw/kdmtlightreport
352071,,kdmtscl03674,13005-103,,,––•,34.0204575,131.8651528,¢ŠE‘ª’nŒn,,“í–Ø’¬,,https://logoform.jp/form/AcMw/kdmtlightreport
352071,,kdmtscl03675,13005-104,,,––•,34.02134278,131.8652794,¢ŠE‘ª’nŒn,,“í–Ø’¬,,https://logoform.jp/form/AcMw/kdmtlightreport
352071,,kdmtscl03676,13005-102,,,––•,34.02145722,131.8656964,¢ŠE‘ª’nŒn,,“í–Ø’¬,,https://logoform.jp/form/AcMw/kdmtlightreport
352071,,kdmtscl03677,14008-103,,,––•,34.02182972,131.8663842,¢ŠE‘ª’nŒn,,“í–Ø’¬,,https://logoform.jp/form/AcMw/kdmtlightreport
352071,,kdmtscl03678,14069-106,,,‰º¼,34.01782083,131.8717322,¢ŠE‘ª’nŒn,,–@˜@›,,https://logoform.jp/form/AcMw/kdmtlightreport
352071,,kdmtscl03679,14008-102,,,––•,34.0221,131.8665828,¢ŠE‘ª’nŒn,,“í–Ø’¬,,https://logoform.jp/form/AcMw/kdmtlightreport
352071,,kdmtscl03680,15037-107,,,––•,34.02243278,131.8675225,¢ŠE‘ª’nŒn,,”öK,,https://logoform.jp/form/AcMw/kdmtlightreport
352071,,kdmtscl03681,13072-103,,,––•,34.02374389,131.8700422,¢ŠE‘ª’nŒn,,“¡Œõ‰º,,https://logoform.jp/form/AcMw/kdmtlightreport
352071,,kdmtscl03682,18005-105,,,‰Ô‰ª,34.02911222,131.8662842,¢ŠE‘ª’nŒn,,‰º‚’Ë,,https://logoform.jp/form/AcMw/kdmtlightreport
352071,,kdmtscl03683,16075-104,,,‰Ô‰ª,34.03165806,131.8638242,¢ŠE‘ª’nŒn,,“Œ’†‘º,,https://logoform.jp/form/AcMw/kdmtlightreport
352071,,kdmtscl03684,15054-101,,,––•,34.02515528,131.8706386,¢ŠE‘ª’nŒn,,“¡Œõ‰º,,https://logoform.jp/form/AcMw/kdmtlightreport
352071,,kdmtscl03685,16054-101,,,––•,34.0263675,131.86956,¢ŠE‘ª’nŒn,,“¡Œõ‰º,,https://logoform.jp/form/AcMw/kdmtlightreport
352071,,kdmtscl03686,13009-102,,,––•,34.02782778,131.8704358,¢ŠE‘ª’nŒn,,“¡Œõã,,https://logoform.jp/form/AcMw/kdmtlightreport
352071,,kdmtscl03687,18057-104,,,‰Ô‰ª,34.03765472,131.8680911,¢ŠE‘ª’nŒn,,‰Ô‰ª¼’¬,,https://logoform.jp/form/AcMw/kdmtlightreport
352071,,kdmtscl03688,14036-104,,,––•,34.01633222,131.8568428,¢ŠE‘ª’nŒn,,‘åŠC’¬“Œ,,https://logoform.jp/form/AcMw/kdmtlightreport
352071,,kdmtscl03689,14036-105i‰ÎĞˆøü“P‹j,,,––•,34.01610167,131.85727,¢ŠE‘ª’nŒn,,‘åŠC’¬“Œ,,https://logoform.jp/form/AcMw/kdmtlightreport
352071,,kdmtscl03690,13066-101,,,––•,34.01687722,131.85566,¢ŠE‘ª’nŒn,,‘åŠC’¬“Œ,,https://logoform.jp/form/AcMw/kdmtlightreport
352071,,kdmtscl03691,15095-104,,,[‰Y,33.94666083,131.8325208,¢ŠE‘ª’nŒn,,¬[‰Y,,https://logoform.jp/form/AcMw/kdmtlightreport
352071,,kdmtscl03692,LB040-037,,,’†‘º,34.02571778,131.8416647,¢ŠE‘ª’nŒn,,ƒXƒJƒCƒrƒ…[,,https://logoform.jp/form/AcMw/kdmtlightreport
352071,,kdmtscl03693,LB040-040,,,’†‘º,34.02536194,131.8416986,¢ŠE‘ª’nŒn,,ƒXƒJƒCƒrƒ…[,,https://logoform.jp/form/AcMw/kdmtlightreport
352071,,kdmtscl03694,14079-101,,,’†‘º,34.02783667,131.8404989,¢ŠE‘ª’nŒn,,’©“ú‘ä,,https://logoform.jp/form/AcMw/kdmtlightreport
352071,,kdmtscl03695,14079-110,,,’†‘º,34.0278925,131.8419572,¢ŠE‘ª’nŒn,,’©“ú‘ä,,https://logoform.jp/form/AcMw/kdmtlightreport
352071,,kdmtscl03696,L2012-138,,,’†‘º,34.028115,131.8420672,¢ŠE‘ª’nŒn,,’©“ú‘ä,,https://logoform.jp/form/AcMw/kdmtlightreport
352071,,kdmtscl03697,S095-020,,,Š}ŒË,33.97531167,131.8545039,¢ŠE‘ª’nŒn,,‰º¼si’nˆæŒğ—¬‰Ûj,,https://logoform.jp/form/AcMw/kdmtlightreport
352071,,kdmtscl03698,S095-018,,,Š}ŒË,33.97537417,131.8544439,¢ŠE‘ª’nŒn,,‰º¼si’nˆæŒğ—¬‰Ûj,,https://logoform.jp/form/AcMw/kdmtlightreport
352071,,kdmtscl03699,S095-017,,,Š}ŒË,33.975415,131.854385,¢ŠE‘ª’nŒn,,‰º¼si’nˆæŒğ—¬‰Ûj,,https://logoform.jp/form/AcMw/kdmtlightreport
352071,,kdmtscl03700,S095-015,,,Š}ŒË,33.97544833,131.8543139,¢ŠE‘ª’nŒn,,‰º¼si’nˆæŒğ—¬‰Ûj,,https://logoform.jp/form/AcMw/kdmtlightreport
352071,,kdmtscl03701,S095-014,,,Š}ŒË,33.97547389,131.8542386,¢ŠE‘ª’nŒn,,‰º¼si’nˆæŒğ—¬‰Ûj,,https://logoform.jp/form/AcMw/kdmtlightreport
352071,,kdmtscl03702,S095-013,,,Š}ŒË,33.97548667,131.854155,¢ŠE‘ª’nŒn,,‰º¼si’nˆæŒğ—¬‰Ûj,,https://logoform.jp/form/AcMw/kdmtlightreport
352071,,kdmtscl03703,S095-016,,,Š}ŒË,33.97541806,131.8540622,¢ŠE‘ª’nŒn,,‰º¼si’nˆæŒğ—¬‰Ûj,,https://logoform.jp/form/AcMw/kdmtlightreport
352071,,kdmtscl03704,S095-019,,,Š}ŒË,33.97534333,131.8539425,¢ŠE‘ª’nŒn,,‰º¼si’nˆæŒğ—¬‰Ûj,,https://logoform.jp/form/AcMw/kdmtlightreport
352071,,kdmtscl03705,13074-104,,,Š}ŒË,33.97834972,131.8690036,¢ŠE‘ª’nŒn,,–{‰Y,,https://logoform.jp/form/AcMw/kdmtlightreport
352071,,kdmtscl03706,18013-114,,,Š}ŒË,33.977765,131.8679514,¢ŠE‘ª’nŒn,,–{‰Y,,https://logoform.jp/form/AcMw/kdmtlightreport
352071,,kdmtscl03707,15057-106,,,Š}ŒË,33.97838167,131.8669614,¢ŠE‘ª’nŒn,,‰º¼si“y–Ø‰Ûj,,https://logoform.jp/form/AcMw/kdmtlightreport
352071,,kdmtscl03708,15057-105,,,Š}ŒË,33.97739167,131.8655781,¢ŠE‘ª’nŒn,,–{‰Y,,https://logoform.jp/form/AcMw/kdmtlightreport
352071,,kdmtscl03709,16069-103,,,‰Ô‰ª,34.03697583,131.8773614,¢ŠE‘ª’nŒn,,‰º‘º¼,,https://logoform.jp/form/AcMw/kdmtlightreport
352071,,kdmtscl03710,15057-104,,,Š}ŒË,33.977185,131.8652506,¢ŠE‘ª’nŒn,,–{‰Y,,https://logoform.jp/form/AcMw/kdmtlightreport
352071,,kdmtscl03711,16034-104,,,‰Ô‰ª,34.03639889,131.8731981,¢ŠE‘ª’nŒn,,‰Ô‰ªãs,,https://logoform.jp/form/AcMw/kdmtlightreport
352071,,kdmtscl03712,14042-102,,,Š}ŒË,33.97844139,131.8618756,¢ŠE‘ª’nŒn,,–{‰Y,,https://logoform.jp/form/AcMw/kdmtlightreport
352071,,kdmtscl03713,16034-102,,,‰Ô‰ª,34.03676722,131.8728981,¢ŠE‘ª’nŒn,,‰Ô‰ªãs,,https://logoform.jp/form/AcMw/kdmtlightreport
352071,,kdmtscl03714,15013-102,,,‰Ô‰ª,34.03633417,131.8721517,¢ŠE‘ª’nŒn,,‰Ô‰ª’†s,,https://logoform.jp/form/AcMw/kdmtlightreport
352071,,kdmtscl03715,16051-104,,,‰Ô‰ª,34.03565028,131.8718358,¢ŠE‘ª’nŒn,,ã‚’Ë,,https://logoform.jp/form/AcMw/kdmtlightreport
352071,,kdmtscl03716,13069-101,,,‹v•Û,34.03261167,131.9056211,¢ŠE‘ª’nŒn,,R“c˜A‡,,https://logoform.jp/form/AcMw/kdmtlightreport
352071,,kdmtscl03717,16038-105,,,‰Ô‰ª,34.03304972,131.8795589,¢ŠE‘ª’nŒn,,‰º‘º“Œ,,https://logoform.jp/form/AcMw/kdmtlightreport
352071,,kdmtscl03718,15077-101,,,•Äì,34.07373778,131.9200128,¢ŠE‘ª’nŒn,,‘å“¡’J,,https://logoform.jp/form/AcMw/kdmtlightreport
352071,,kdmtscl03719,16009-103,,,‹v•Û,34.02998194,131.8974969,¢ŠE‘ª’nŒn,,Kƒ–‹u,,https://logoform.jp/form/AcMw/kdmtlightreport
352071,,kdmtscl03720,16074-106,,,––•,34.01933583,131.8454894,¢ŠE‘ª’nŒn,,¼ŠJì,,https://logoform.jp/form/AcMw/kdmtlightreport
352071,,kdmtscl03721,18093-101,,,–Lˆä,33.99022333,131.8674514,¢ŠE‘ª’nŒn,,F•@,,https://logoform.jp/form/AcMw/kdmtlightreport
352071,,kdmtscl03722,13052-105,,,––•,34.01649111,131.8466669,¢ŠE‘ª’nŒn,,¼ŠJì,,https://logoform.jp/form/AcMw/kdmtlightreport
352071,,kdmtscl03723,15064-105,,,––•,34.01818417,131.8434636,¢ŠE‘ª’nŒn,,¼ŠJì,,https://logoform.jp/form/AcMw/kdmtlightreport
352071,,kdmtscl03724,14027-103,,,‹v•Û,34.03073083,131.9016389,¢ŠE‘ª’nŒn,,‹v•Ûs,,https://logoform.jp/form/AcMw/kdmtlightreport
352071,,kdmtscl03725,13086-102,,,‰Ô‰ª,34.03623139,131.8940972,¢ŠE‘ª’nŒn,,’†‘º“Œ,,https://logoform.jp/form/AcMw/kdmtlightreport
352071,,kdmtscl03726,14027-110,,,‹v•Û,34.03108972,131.9031167,¢ŠE‘ª’nŒn,,‹v•Ûs,,https://logoform.jp/form/AcMw/kdmtlightreport
352071,,kdmtscl03727,15038-104,,,‰Ô‰ª,34.03672472,131.889015,¢ŠE‘ª’nŒn,,’†‘º“Œ,,https://logoform.jp/form/AcMw/kdmtlightreport
352071,,kdmtscl03728,15015-102,,,‹v•Û,34.02900639,131.90369,¢ŠE‘ª’nŒn,,‹v•Ûs,,https://logoform.jp/form/AcMw/kdmtlightreport
352071,,kdmtscl03729,13001-101,,,Š}ŒË,33.96193972,131.8526594,¢ŠE‘ª’nŒn,,”ö‹½E—,,https://logoform.jp/form/AcMw/kdmtlightreport
352071,,kdmtscl03730,14027-101,,,‹v•Û,34.0289925,131.9041672,¢ŠE‘ª’nŒn,,‹v•Ûs,,https://logoform.jp/form/AcMw/kdmtlightreport
352071,,kdmtscl03731,14066-101,,,‰Ô‰ª,34.03535194,131.8946208,¢ŠE‘ª’nŒn,,“¡—§,,https://logoform.jp/form/AcMw/kdmtlightreport
352071,,kdmtscl03732,17073-101,,,Š}ŒË,33.96214556,131.8524169,¢ŠE‘ª’nŒn,,”ö‹½E—,,https://logoform.jp/form/AcMw/kdmtlightreport
352071,,kdmtscl03733,14066-102,,,‰Ô‰ª,34.03550333,131.894275,¢ŠE‘ª’nŒn,,“¡—§,,https://logoform.jp/form/AcMw/kdmtlightreport
352071,,kdmtscl03734,15051-104,,,Š}ŒË,33.96207778,131.8520792,¢ŠE‘ª’nŒn,,”ö‹½E—,,https://logoform.jp/form/AcMw/kdmtlightreport
352071,,kdmtscl03735,13093-104,,,•Äì,34.06249472,131.8830867,¢ŠE‘ª’nŒn,,£ŒË,,https://logoform.jp/form/AcMw/kdmtlightreport
352071,,kdmtscl03736,13093-105,,,•Äì,34.06191167,131.8819381,¢ŠE‘ª’nŒn,,£ŒË,,https://logoform.jp/form/AcMw/kdmtlightreport
352071,,kdmtscl03737,13093-103,,,•Äì,34.06228417,131.8846628,¢ŠE‘ª’nŒn,,£ŒË,,https://logoform.jp/form/AcMw/kdmtlightreport
352071,,kdmtscl03738,13079-101,,,•Äì,34.0890725,131.8823433,¢ŠE‘ª’nŒn,,›‘ò,,https://logoform.jp/form/AcMw/kdmtlightreport
352071,,kdmtscl03739,L2012-143,,,‹v•Û,34.05448111,131.9161208,¢ŠE‘ª’nŒn,,R“c˜A‡,,https://logoform.jp/form/AcMw/kdmtlightreport
352071,,kdmtscl03740,15007-102,,,‰Ô‰ª,34.04201306,131.8797839,¢ŠE‘ª’nŒn,,ã@,,https://logoform.jp/form/AcMw/kdmtlightreport
352071,,kdmtscl03741,13080-105,,,Š}ŒË,33.95214056,131.8502772,¢ŠE‘ª’nŒn,,]‚Ì‰Y,,https://logoform.jp/form/AcMw/kdmtlightreport
352071,,kdmtscl03742,14065-101,,,Š}ŒË,33.95343389,131.8602314,¢ŠE‘ª’nŒn,,”ö‹½E—,,https://logoform.jp/form/AcMw/kdmtlightreport
352071,,kdmtscl03743,15014-101,,,‰Ô‰ª,34.04086861,131.8798528,¢ŠE‘ª’nŒn,,¼@,,https://logoform.jp/form/AcMw/kdmtlightreport
352071,,kdmtscl03744,14014-108,,,‰Ô‰ª,34.03921667,131.8796286,¢ŠE‘ª’nŒn,,¼@,,https://logoform.jp/form/AcMw/kdmtlightreport
352071,,kdmtscl03745,16050-101,,,Š}ŒË,33.95069139,131.850465,¢ŠE‘ª’nŒn,,]‚Ì‰Y,,https://logoform.jp/form/AcMw/kdmtlightreport
352071,,kdmtscl03746,15025-110,,,Š}ŒË,33.95097306,131.8500792,¢ŠE‘ª’nŒn,,]‚Ì‰Y,,https://logoform.jp/form/AcMw/kdmtlightreport
352071,,kdmtscl03747,14026-110,,,Š}ŒË,33.95106722,131.8499492,¢ŠE‘ª’nŒn,,]‚Ì‰Y,,https://logoform.jp/form/AcMw/kdmtlightreport
352071,,kdmtscl03748,14026-109,,,Š}ŒË,33.95132583,131.849785,¢ŠE‘ª’nŒn,,]‚Ì‰Y,,https://logoform.jp/form/AcMw/kdmtlightreport
352071,,kdmtscl03749,14026-108,,,Š}ŒË,33.9515825,131.8498575,¢ŠE‘ª’nŒn,,]‚Ì‰Y,,https://logoform.jp/form/AcMw/kdmtlightreport
352071,,kdmtscl03750,18018-112,,,‰º¼,34.01782306,131.8855122,¢ŠE‘ª’nŒn,,‹gŒ´,,https://logoform.jp/form/AcMw/kdmtlightreport
352071,,kdmtscl03751,16028-114,,,‰º¼,34.02353056,131.8832622,¢ŠE‘ª’nŒn,,á‹{’¬,,https://logoform.jp/form/AcMw/kdmtlightreport
352071,,kdmtscl03752,18018-105,,,‰º¼,34.01931583,131.8833975,¢ŠE‘ª’nŒn,,‹gŒ´,,https://logoform.jp/form/AcMw/kdmtlightreport
352071,,kdmtscl03753,16028-117,,,‰º¼,34.02361333,131.8810839,¢ŠE‘ª’nŒn,,á‹{’¬,,https://logoform.jp/form/AcMw/kdmtlightreport
352071,,kdmtscl03754,16005-101,,,‰º¼,34.01783167,131.8879506,¢ŠE‘ª’nŒn,,‹gŒ´,,https://logoform.jp/form/AcMw/kdmtlightreport
352071,,kdmtscl03755,17033-108,,,‰º¼,34.01604889,131.8848519,¢ŠE‘ª’nŒn,,‹gŒ´,,https://logoform.jp/form/AcMw/kdmtlightreport
352071,,kdmtscl03756,13070-101,,,‰º¼,34.02082694,131.8810503,¢ŠE‘ª’nŒn,,‘å‰Í“à,,https://logoform.jp/form/AcMw/kdmtlightreport
352071,,kdmtscl03757,17033-105,,,‰º¼,34.01503778,131.8861906,¢ŠE‘ª’nŒn,,‹gŒ´,,https://logoform.jp/form/AcMw/kdmtlightreport
352071,,kdmtscl03758,L2012-167,,,‰º¼,34.01531333,131.8865208,¢ŠE‘ª’nŒn,,‹gŒ´,,https://logoform.jp/form/AcMw/kdmtlightreport
352071,,kdmtscl03759,17033-107,,,‰º¼,34.01593333,131.8863308,¢ŠE‘ª’nŒn,,‹gŒ´,,https://logoform.jp/form/AcMw/kdmtlightreport
352071,,kdmtscl03760,L2012-154,,,‰º¼,34.01617417,131.8861294,¢ŠE‘ª’nŒn,,‹gŒ´,,https://logoform.jp/form/AcMw/kdmtlightreport
352071,,kdmtscl03761,L2012-166,,,‰º¼,34.01639972,131.8854617,¢ŠE‘ª’nŒn,,‹gŒ´,,https://logoform.jp/form/AcMw/kdmtlightreport
352071,,kdmtscl03762,18007-105,,,‰º¼,34.00537972,131.8698153,¢ŠE‘ª’nŒn,,Z‹g’¬,,https://logoform.jp/form/AcMw/kdmtlightreport
352071,,kdmtscl03763,17028-105,,,‰º¼,34.00484389,131.870115,¢ŠE‘ª’nŒn,,“ñ‹{’¬‚P’š–Ú,,https://logoform.jp/form/AcMw/kdmtlightreport
352071,,kdmtscl03764,17028-104,,,‰º¼,34.00465639,131.870215,¢ŠE‘ª’nŒn,,“ñ‹{’¬‚P’š–Ú,,https://logoform.jp/form/AcMw/kdmtlightreport
352071,,kdmtscl03765,18118-102,,,‰º¼,34.00461278,131.8705883,¢ŠE‘ª’nŒn,,“ñ‹{’¬“ñ’š–Ú,,https://logoform.jp/form/AcMw/kdmtlightreport
352071,,kdmtscl03766,13019-101,,,‰º¼,34.00438028,131.8706533,¢ŠE‘ª’nŒn,,“ñ‹{’¬“ñ’š–Ú,,https://logoform.jp/form/AcMw/kdmtlightreport
352071,,kdmtscl03767,13019-104,,,‰º¼,34.00396111,131.8713508,¢ŠE‘ª’nŒn,,“ñ‹{’¬“ñ’š–Ú,,https://logoform.jp/form/AcMw/kdmtlightreport
352071,,kdmtscl03768,18087-102,,,‰Ô‰ª,34.0335375,131.8618042,¢ŠE‘ª’nŒn,,“Œ’†‘º,,https://logoform.jp/form/AcMw/kdmtlightreport
352071,,kdmtscl03769,18087-106,,,‰Ô‰ª,34.03472083,131.8650753,¢ŠE‘ª’nŒn,,“Œ’†‘º,,https://logoform.jp/form/AcMw/kdmtlightreport
352071,,kdmtscl03770,18126-103,,,‹v•Û,34.04565722,131.9196858,¢ŠE‘ª’nŒn,,ØR˜A‡,,https://logoform.jp/form/AcMw/kdmtlightreport
352071,,kdmtscl03771,18126-110,,,‹v•Û,34.04020528,131.9251744,¢ŠE‘ª’nŒn,,ØR˜A‡,,https://logoform.jp/form/AcMw/kdmtlightreport
352071,,kdmtscl03772,18126-124,,,‹v•Û,34.03116389,131.9238947,¢ŠE‘ª’nŒn,,ØR˜A‡,,https://logoform.jp/form/AcMw/kdmtlightreport
352071,,kdmtscl03773,18018-106,,,‰º¼,34.018395,131.8841258,¢ŠE‘ª’nŒn,,‹gŒ´,,https://logoform.jp/form/AcMw/kdmtlightreport
352071,,kdmtscl03774,18105-104,,,‰º¼,34.01614222,131.8760003,¢ŠE‘ª’nŒn,,“aƒ–—,,https://logoform.jp/form/AcMw/kdmtlightreport
352071,,kdmtscl03775,18148-101,,,‰Ô‰ª,34.0364125,131.8708172,¢ŠE‘ª’nŒn,,”ª”¦’Ê‚è,,https://logoform.jp/form/AcMw/kdmtlightreport
352071,,kdmtscl03776,14093-101,,,––•,34.01567417,131.8532103,¢ŠE‘ª’nŒn,,“ŒŠJì,,https://logoform.jp/form/AcMw/kdmtlightreport
352071,,kdmtscl03777,18081-110,,,––•,34.01549528,131.8537492,¢ŠE‘ª’nŒn,,“ŒŠJì,,https://logoform.jp/form/AcMw/kdmtlightreport
352071,,kdmtscl03778,19005-009,,,’†‘º,34.03274694,131.85491,¢ŠE‘ª’nŒn,,¼‰ÍŒ´¼,,https://logoform.jp/form/AcMw/kdmtlightreport
352071,,kdmtscl03779,19005-008,,,’†‘º,34.03217472,131.8541947,¢ŠE‘ª’nŒn,,¼‰ÍŒ´¼,,https://logoform.jp/form/AcMw/kdmtlightreport
352071,,kdmtscl03780,19005-010,,,’†‘º,34.03151194,131.853905,¢ŠE‘ª’nŒn,,¼‰ÍŒ´¼,,https://logoform.jp/form/AcMw/kdmtlightreport
352071,,kdmtscl03781,18077-103,,,•Äì,34.07748333,131.8775906,¢ŠE‘ª’nŒn,,’†£,,https://logoform.jp/form/AcMw/kdmtlightreport
352071,,kdmtscl03782,18077-102,,,•Äì,34.07876111,131.8777669,¢ŠE‘ª’nŒn,,’†£,,https://logoform.jp/form/AcMw/kdmtlightreport
352071,,kdmtscl03783,18077-101,,,•Äì,34.07949944,131.8775319,¢ŠE‘ª’nŒn,,’†£,,https://logoform.jp/form/AcMw/kdmtlightreport
352071,,kdmtscl03784,18112-101,,,‹v•Û,34.04064583,131.8972656,¢ŠE‘ª’nŒn,,R“c˜A‡,,https://logoform.jp/form/AcMw/kdmtlightreport
352071,,kdmtscl03785,18018-102,,,‰º¼,34.01900611,131.8819336,¢ŠE‘ª’nŒn,,‹gŒ´,,https://logoform.jp/form/AcMw/kdmtlightreport
352071,,kdmtscl03786,18018-113,,,‰º¼,34.01742722,131.8869408,¢ŠE‘ª’nŒn,,‹gŒ´,,https://logoform.jp/form/AcMw/kdmtlightreport
352071,,kdmtscl03787,"18018-104	",,,‰º¼,34.01818611,131.8827233,¢ŠE‘ª’nŒn,,‹gŒ´,,https://logoform.jp/form/AcMw/kdmtlightreport
352071,,kdmtscl03788,18018-115,,,‰º¼,34.01632667,131.8858358,¢ŠE‘ª’nŒn,,‹gŒ´,,https://logoform.jp/form/AcMw/kdmtlightreport
352071,,kdmtscl03789,18126-127,,,‹v•Û,34.03953222,131.9277428,¢ŠE‘ª’nŒn,,ØR˜A‡,,https://logoform.jp/form/AcMw/kdmtlightreport
352071,,kdmtscl03790,18126-102,,,‹v•Û,34.04762972,131.9228853,¢ŠE‘ª’nŒn,,ØR˜A‡,,https://logoform.jp/form/AcMw/kdmtlightreport
352071,,kdmtscl03791,18128-101,,,‹v•Û,34.02128556,131.8974908,¢ŠE‘ª’nŒn,,¯‚ª‹u,,https://logoform.jp/form/AcMw/kdmtlightreport
352071,,kdmtscl03792,18072-101,,,‰º¼,34.01181028,131.8602044,¢ŠE‘ª’nŒn,,’†“‡’¬,,https://logoform.jp/form/AcMw/kdmtlightreport
352071,,kdmtscl03793,18127-102,,,‹v•Û,34.03262639,131.9123181,¢ŠE‘ª’nŒn,,“Œ—z‚U’š–Ú,,https://logoform.jp/form/AcMw/kdmtlightreport
352071,,kdmtscl03794,18127-101,,,‹v•Û,34.03291472,131.9120572,¢ŠE‘ª’nŒn,,“Œ—z‚U’š–Ú,,https://logoform.jp/form/AcMw/kdmtlightreport
352071,,kdmtscl03795,18100-108,,,‰º¼,34.01786583,131.8673536,¢ŠE‘ª’nŒn,,“ŒŒõ›¼,,https://logoform.jp/form/AcMw/kdmtlightreport
352071,,kdmtscl03796,18027-110,,,’†‘º,34.0224525,131.8494519,¢ŠE‘ª’nŒn,,“ì—Í,,https://logoform.jp/form/AcMw/kdmtlightreport
352071,,kdmtscl03797,18027-106,,,’†‘º,34.02109917,131.8480944,¢ŠE‘ª’nŒn,,“ì—Í,,https://logoform.jp/form/AcMw/kdmtlightreport
352071,,kdmtscl03798,L2010-036,,,’†‘º,34.02242028,131.8489603,¢ŠE‘ª’nŒn,,“ì—Í,,https://logoform.jp/form/AcMw/kdmtlightreport
352071,,kdmtscl03799,L2010-028,,,––•,34.0277025,131.8696686,¢ŠE‘ª’nŒn,,“¡Œõã,,https://logoform.jp/form/AcMw/kdmtlightreport
352071,,kdmtscl03800,18127-103,,,‹v•Û,34.03126667,131.9133194,¢ŠE‘ª’nŒn,,“Œ—z‚U’š–Ú,,https://logoform.jp/form/AcMw/kdmtlightreport
352071,,kdmtscl03801,L2010-043,,,’†‘º,34.03119917,131.8543803,¢ŠE‘ª’nŒn,,¼‰ÍŒ´¼,,https://logoform.jp/form/AcMw/kdmtlightreport
352071,,kdmtscl03802,18084-105,,,––•,34.02388778,131.8659014,¢ŠE‘ª’nŒn,,”öK,,https://logoform.jp/form/AcMw/kdmtlightreport
352071,,kdmtscl03803,18027-113,,,’†‘º,34.021605,131.8495769,¢ŠE‘ª’nŒn,,“ì—Í,,https://logoform.jp/form/AcMw/kdmtlightreport
352071,,kdmtscl03804,18087-107,,,‰Ô‰ª,34.03375333,131.8662464,¢ŠE‘ª’nŒn,,“Œ’†‘º,,https://logoform.jp/form/AcMw/kdmtlightreport
352071,,kdmtscl03805,18095-105,,,––•,34.01358528,131.8591547,¢ŠE‘ª’nŒn,,¼s“Œ,,https://logoform.jp/form/AcMw/kdmtlightreport
352071,,kdmtscl03806,18047-102,,,•Äì,34.10315306,131.8769297,¢ŠE‘ª’nŒn,,´á,,https://logoform.jp/form/AcMw/kdmtlightreport
352071,,kdmtscl03807,18130-103,,,‰º¼,34.02199,131.8741692,¢ŠE‘ª’nŒn,,éR’¬,,https://logoform.jp/form/AcMw/kdmtlightreport
352071,,kdmtscl03808,18071-101,,,––•,34.01986972,131.8485908,¢ŠE‘ª’nŒn,,¼ŠJì,,https://logoform.jp/form/AcMw/kdmtlightreport
352071,,kdmtscl03809,18071-103,,,––•,34.01976083,131.8492144,¢ŠE‘ª’nŒn,,¼ŠJì,,https://logoform.jp/form/AcMw/kdmtlightreport
352071,,kdmtscl03810,18071-102,,,––•,34.01943583,131.8488453,¢ŠE‘ª’nŒn,,¼ŠJì,,https://logoform.jp/form/AcMw/kdmtlightreport
352071,,kdmtscl03811,17073-105,,,Š}ŒË,33.96164056,131.8522781,¢ŠE‘ª’nŒn,,”ö‹½E—,,https://logoform.jp/form/AcMw/kdmtlightreport
352071,,kdmtscl03812,18084-108,,,––•,34.02108306,131.8640956,¢ŠE‘ª’nŒn,,”öK,,https://logoform.jp/form/AcMw/kdmtlightreport
352071,,kdmtscl03813,17014-102,,,‰Ô‰ª,34.03919972,131.8707783,¢ŠE‘ª’nŒn,,^’¬,,https://logoform.jp/form/AcMw/kdmtlightreport
352071,,kdmtscl03814,L2011-005,,,‰Ô‰ª,34.03641861,131.8789947,¢ŠE‘ª’nŒn,,‰º‘º“Œ,,https://logoform.jp/form/AcMw/kdmtlightreport
352071,,kdmtscl03815,L2011-006,,,‰Ô‰ª,34.03424778,131.8696547,¢ŠE‘ª’nŒn,,¬˜HŒû,,https://logoform.jp/form/AcMw/kdmtlightreport
352071,,kdmtscl03816,L2011-007,,,‰Ô‰ª,34.03487139,131.8696972,¢ŠE‘ª’nŒn,,¬˜HŒû,,https://logoform.jp/form/AcMw/kdmtlightreport
352071,,kdmtscl03817,L2011-008,,,‰Ô‰ª,34.03490833,131.8692683,¢ŠE‘ª’nŒn,,¬˜HŒû,,https://logoform.jp/form/AcMw/kdmtlightreport
352071,,kdmtscl03818,L2011-010,,,‹v•Û,34.02828139,131.9005856,¢ŠE‘ª’nŒn,,ƒZƒ“ƒgƒVƒeƒB,,https://logoform.jp/form/AcMw/kdmtlightreport
352071,,kdmtscl03819,L2011-012,,,–Lˆä,34.00265833,131.8764867,¢ŠE‘ª’nŒn,,–Lˆä,,https://logoform.jp/form/AcMw/kdmtlightreport
352071,,kdmtscl03820,L2011-015,,,‰Ô‰ª,34.0371475,131.86764,¢ŠE‘ª’nŒn,,‰Ô‰ª¼’¬,,https://logoform.jp/form/AcMw/kdmtlightreport
352071,,kdmtscl03821,L2011-016,,,’†‘º,34.03021028,131.8560786,¢ŠE‘ª’nŒn,,¼‰ÍŒ´“Œ,,https://logoform.jp/form/AcMw/kdmtlightreport
352071,,kdmtscl03822,L2011-017,,,’†‘º,34.03065778,131.8563522,¢ŠE‘ª’nŒn,,¼‰ÍŒ´“Œ,,https://logoform.jp/form/AcMw/kdmtlightreport
352071,,kdmtscl03823,L2011-018,,,’†‘º,34.03257639,131.8586281,¢ŠE‘ª’nŒn,,¼‰ÍŒ´“Œ,,https://logoform.jp/form/AcMw/kdmtlightreport
352071,,kdmtscl03824,L2011-022,,,‰º¼,34.00521944,131.8755108,¢ŠE‘ª’nŒn,,›”—,,https://logoform.jp/form/AcMw/kdmtlightreport
352071,,kdmtscl03825,L2011-024,,,’†‘º,34.02349556,131.8503367,¢ŠE‘ª’nŒn,,“ì—Í,,https://logoform.jp/form/AcMw/kdmtlightreport
352071,,kdmtscl03826,L2011-025,,,‹v•Û,34.01954333,131.8974744,¢ŠE‘ª’nŒn,,¯‚ª‹u,,https://logoform.jp/form/AcMw/kdmtlightreport
352071,,kdmtscl03827,L2011-026,,,‹v•Û,34.01922583,131.8985444,¢ŠE‘ª’nŒn,,¯‚ª‹u,,https://logoform.jp/form/AcMw/kdmtlightreport
352071,,kdmtscl03828,L2011-032,,,‰º¼,34.01884833,131.8673611,¢ŠE‘ª’nŒn,,“ŒŒõ›¼,,https://logoform.jp/form/AcMw/kdmtlightreport
352071,,kdmtscl03829,L2011-034,,,––•,34.01733111,131.8481767,¢ŠE‘ª’nŒn,,¼ŠJì,,https://logoform.jp/form/AcMw/kdmtlightreport
352071,,kdmtscl03830,L2011-038,,,[‰Y,33.95340667,131.8365431,¢ŠE‘ª’nŒn,,¬[‰Y,,https://logoform.jp/form/AcMw/kdmtlightreport
352071,,kdmtscl03831,L2011-039,,,‰º¼,34.00919333,131.8803506,¢ŠE‘ª’nŒn,,Šø‰ª‚S’š–Ú,,https://logoform.jp/form/AcMw/kdmtlightreport
352071,,kdmtscl03832,L2011-040,,,‰º¼,34.00960611,131.8783489,¢ŠE‘ª’nŒn,,Šø‰ª‚S’š–Ú,,https://logoform.jp/form/AcMw/kdmtlightreport
352071,,kdmtscl03833,L2011-041,,,‰º¼,34.01103306,131.8679567,¢ŠE‘ª’nŒn,,‰º‰h’¬,,https://logoform.jp/form/AcMw/kdmtlightreport
352071,,kdmtscl03834,L2011-063,,,‰º¼,34.00681778,131.868495,¢ŠE‘ª’nŒn,,¼_’¬–{’Ê‚è,,https://logoform.jp/form/AcMw/kdmtlightreport
352071,,kdmtscl03835,L2011-064,,,‰º¼,34.00666583,131.8686475,¢ŠE‘ª’nŒn,,¼_’¬–{’Ê‚è,,https://logoform.jp/form/AcMw/kdmtlightreport
352071,,kdmtscl03836,L2011-065,,,‰º¼,34.00649361,131.8687764,¢ŠE‘ª’nŒn,,¼_’¬–{’Ê‚è,,https://logoform.jp/form/AcMw/kdmtlightreport
352071,,kdmtscl03837,L2011-066,,,––•,34.01773861,131.8571039,¢ŠE‘ª’nŒn,,‚ ‚¯‚Ú‚Ì’¬¼,,https://logoform.jp/form/AcMw/kdmtlightreport
352071,,kdmtscl03838,L2011-067,,,––•,34.01742889,131.8569039,¢ŠE‘ª’nŒn,,‚ ‚¯‚Ú‚Ì’¬¼,,https://logoform.jp/form/AcMw/kdmtlightreport
352071,,kdmtscl03839,L2011-071,,,•Äì,34.069025,131.9053067,¢ŠE‘ª’nŒn,,“¹’J,,https://logoform.jp/form/AcMw/kdmtlightreport
352071,,kdmtscl03840,L2011-075,,,‰Ô‰ª,34.03365417,131.8613242,¢ŠE‘ª’nŒn,,“Œ’†‘º,,https://logoform.jp/form/AcMw/kdmtlightreport
352071,,kdmtscl03841,L2011-079,,,‹v•Û,34.04616667,131.9065508,¢ŠE‘ª’nŒn,,R“c˜A‡,,https://logoform.jp/form/AcMw/kdmtlightreport
352071,,kdmtscl03842,L2011-081,,,‰Ô‰ª,34.03975111,131.8838856,¢ŠE‘ª’nŒn,,¶–ì‰®Œ§‰c,,https://logoform.jp/form/AcMw/kdmtlightreport
352071,,kdmtscl03843,L2011-088,,,‰Ô‰ª,34.03483944,131.8672961,¢ŠE‘ª’nŒn,,¼íX,,https://logoform.jp/form/AcMw/kdmtlightreport
352071,,kdmtscl03844,L2011-094,,,‰º¼,34.01408917,131.8786025,¢ŠE‘ª’nŒn,,º˜a’Ê‚èã,,https://logoform.jp/form/AcMw/kdmtlightreport
352071,,kdmtscl03845,L2011-096,,,–Lˆä,34.00228861,131.8765403,¢ŠE‘ª’nŒn,,–Lˆä,,https://logoform.jp/form/AcMw/kdmtlightreport
352071,,kdmtscl03846,L2011-098,,,’†‘º,34.02496,131.8471969,¢ŠE‘ª’nŒn,,‰º—Í,,https://logoform.jp/form/AcMw/kdmtlightreport
352071,,kdmtscl03847,L2011-102,,,‹v•Û,34.03479167,131.9197897,¢ŠE‘ª’nŒn,,ØR˜A‡,,https://logoform.jp/form/AcMw/kdmtlightreport
352071,,kdmtscl03848,L2011-103,,,‹v•Û,34.01444667,131.9106486,¢ŠE‘ª’nŒn,,‰Í“àã,,https://logoform.jp/form/AcMw/kdmtlightreport
352071,,kdmtscl03849,L2011-104,,,‹v•Û,34.01855028,131.9054889,¢ŠE‘ª’nŒn,,‰Í“àã,,https://logoform.jp/form/AcMw/kdmtlightreport
352071,,kdmtscl03850,L2012-006,,,Š}ŒË,33.98474028,131.8586261,¢ŠE‘ª’nŒn,,–{‰Y,,https://logoform.jp/form/AcMw/kdmtlightreport
352071,,kdmtscl03851,L2012-007,,,‰º¼,34.01948083,131.8724333,¢ŠE‘ª’nŒn,,Œõ—z‘ä,,https://logoform.jp/form/AcMw/kdmtlightreport
352071,,kdmtscl03852,L2012-008,,,‰º¼,34.02001694,131.8722108,¢ŠE‘ª’nŒn,,Œõ—z‘ä,,https://logoform.jp/form/AcMw/kdmtlightreport
352071,,kdmtscl03853,L2012-009,,,‰º¼,34.005145,131.8750419,¢ŠE‘ª’nŒn,,›”—,,https://logoform.jp/form/AcMw/kdmtlightreport
352071,,kdmtscl03854,L2012-010,,,‰º¼,34.00549083,131.8748183,¢ŠE‘ª’nŒn,,›”—,,https://logoform.jp/form/AcMw/kdmtlightreport
352071,,kdmtscl03855,L2012-013,,,––•,34.01517167,131.8568247,¢ŠE‘ª’nŒn,,‘åŠC’¬“Œ,,https://logoform.jp/form/AcMw/kdmtlightreport
352071,,kdmtscl03856,L2012-017,,,‰Ô‰ª,34.03909028,131.8829058,¢ŠE‘ª’nŒn,,­,,https://logoform.jp/form/AcMw/kdmtlightreport
352071,,kdmtscl03857,L2012-018,,,‰Ô‰ª,34.04234167,131.8784389,¢ŠE‘ª’nŒn,,‚Š_’c’n,,https://logoform.jp/form/AcMw/kdmtlightreport
352071,,kdmtscl03858,L2012-022,,,‰Ô‰ª,34.03416194,131.8844817,¢ŠE‘ª’nŒn,,ˆ×O,,https://logoform.jp/form/AcMw/kdmtlightreport
352071,,kdmtscl03859,L2012-028,,,––•,34.01893861,131.8593969,¢ŠE‘ª’nŒn,,ƒŠƒo[ƒp[ƒN,,https://logoform.jp/form/AcMw/kdmtlightreport
352071,,kdmtscl03860,L2012-029,,,––•,34.01884361,131.8586961,¢ŠE‘ª’nŒn,,ƒŠƒo[ƒp[ƒN,,https://logoform.jp/form/AcMw/kdmtlightreport
352071,,kdmtscl03861,L2012-030,,,––•,34.01904222,131.8589458,¢ŠE‘ª’nŒn,,ƒŠƒo[ƒp[ƒN,,https://logoform.jp/form/AcMw/kdmtlightreport
352071,,kdmtscl03862,L2012-032,,,‰º¼,34.01176806,131.8612147,¢ŠE‘ª’nŒn,,’†“‡’¬,,https://logoform.jp/form/AcMw/kdmtlightreport
352071,,kdmtscl03863,L2012-037,,,‰º¼,34.01830417,131.8671103,¢ŠE‘ª’nŒn,,“ŒŒõ›¼,,https://logoform.jp/form/AcMw/kdmtlightreport
352071,,kdmtscl03864,L2012-041,,,‰º¼,34.01219806,131.8649517,¢ŠE‘ª’nŒn,,’†s,,https://logoform.jp/form/AcMw/kdmtlightreport
352071,,kdmtscl03865,L2012-042,,,‰º¼,34.01138972,131.8646644,¢ŠE‘ª’nŒn,,’†s,,https://logoform.jp/form/AcMw/kdmtlightreport
352071,,kdmtscl03866,L2012-043,,,‰º¼,34.01103083,131.8643889,¢ŠE‘ª’nŒn,,’†s,,https://logoform.jp/form/AcMw/kdmtlightreport
352071,,kdmtscl03867,L2012-047,,,‰º¼,34.00760528,131.8676428,¢ŠE‘ª’nŒn,,V’¬,,https://logoform.jp/form/AcMw/kdmtlightreport
352071,,kdmtscl03868,L2012-048,,,‰º¼,34.00748111,131.8678003,¢ŠE‘ª’nŒn,,V’¬,,https://logoform.jp/form/AcMw/kdmtlightreport
352071,,kdmtscl03869,L2012-049,,,‰º¼,34.00728333,131.8680492,¢ŠE‘ª’nŒn,,V’¬,,https://logoform.jp/form/AcMw/kdmtlightreport
352071,,kdmtscl03870,L2012-056,,,‰º¼,34.01074889,131.8651239,¢ŠE‘ª’nŒn,,‘Š¶’¬,,https://logoform.jp/form/AcMw/kdmtlightreport
352071,,kdmtscl03871,L2012-059,,,‰Ô‰ª,34.04113278,131.8800697,¢ŠE‘ª’nŒn,,¼@,,https://logoform.jp/form/AcMw/kdmtlightreport
352071,,kdmtscl03872,L2012-061,,,‰º¼,34.01065361,131.8649853,¢ŠE‘ª’nŒn,,–{’¬,,https://logoform.jp/form/AcMw/kdmtlightreport
352071,,kdmtscl03873,L2012-097,,,–Lˆä,34.00032389,131.8753644,¢ŠE‘ª’nŒn,,–Lˆä,,https://logoform.jp/form/AcMw/kdmtlightreport
352071,,kdmtscl03874,L2012-098,,,‹v•Û,34.0292875,131.9184653,¢ŠE‘ª’nŒn,,“»”—,,https://logoform.jp/form/AcMw/kdmtlightreport
352071,,kdmtscl03875,L2012-099,,,‹v•Û,34.02582194,131.922825,¢ŠE‘ª’nŒn,,“»”—,,https://logoform.jp/form/AcMw/kdmtlightreport
352071,,kdmtscl03876,L2012-103,,,‹v•Û,34.03486917,131.91827,¢ŠE‘ª’nŒn,,ØR˜A‡,,https://logoform.jp/form/AcMw/kdmtlightreport
352071,,kdmtscl03877,L2012-108,,,‹v•Û,34.02958944,131.9182411,¢ŠE‘ª’nŒn,,“»”—,,https://logoform.jp/form/AcMw/kdmtlightreport
352071,,kdmtscl03878,L2012-110,,,’†‘º,34.03078944,131.8560136,¢ŠE‘ª’nŒn,,¼‰ÍŒ´“Œ,,https://logoform.jp/form/AcMw/kdmtlightreport
352071,,kdmtscl03879,L2012-111,,,’†‘º,34.03135194,131.8562433,¢ŠE‘ª’nŒn,,¼‰ÍŒ´“Œ,,https://logoform.jp/form/AcMw/kdmtlightreport
352071,,kdmtscl03880,L2012-112,,,’†‘º,34.03056889,131.8554714,¢ŠE‘ª’nŒn,,¼‰ÍŒ´“Œ,,https://logoform.jp/form/AcMw/kdmtlightreport
352071,,kdmtscl03881,L2012-118,,,––•,34.02238444,131.8659464,¢ŠE‘ª’nŒn,,“í–Ø’¬,,https://logoform.jp/form/AcMw/kdmtlightreport
352071,,kdmtscl03882,L2012-121,,,–Lˆä,33.9936375,131.8801514,¢ŠE‘ª’nŒn,,ã—öƒ–•l,,https://logoform.jp/form/AcMw/kdmtlightreport
352071,,kdmtscl03883,L2012-132,,,––•,34.01750222,131.8583747,¢ŠE‘ª’nŒn,,‚ ‚¯‚Ú‚Ì’¬¼,,https://logoform.jp/form/AcMw/kdmtlightreport
352071,,kdmtscl03884,L2012-133,,,‰Ô‰ª,34.04218583,131.8882967,¢ŠE‘ª’nŒn,,¼‘º,,https://logoform.jp/form/AcMw/kdmtlightreport
352071,,kdmtscl03885,L2012-134,,,‰Ô‰ª,34.03399194,131.8691572,¢ŠE‘ª’nŒn,,¼íX,,https://logoform.jp/form/AcMw/kdmtlightreport
352071,,kdmtscl03886,L2012-135,,,‰Ô‰ª,34.03390861,131.868585,¢ŠE‘ª’nŒn,,¼íX,,https://logoform.jp/form/AcMw/kdmtlightreport
352071,,kdmtscl03887,L2012-142,,,‰Ô‰ª,34.03595861,131.8859492,¢ŠE‘ª’nŒn,,’†‘º¼,,https://logoform.jp/form/AcMw/kdmtlightreport
352071,,kdmtscl03888,L2012-165,,,‰º¼,34.01639861,131.8694939,¢ŠE‘ª’nŒn,,‹g•~’¬,,https://logoform.jp/form/AcMw/kdmtlightreport
352071,,kdmtscl03889,16086-103,,,•Äì,34.08011361,131.9042006,¢ŠE‘ª’nŒn,,‰·Œ©,,https://logoform.jp/form/AcMw/kdmtlightreport
352071,,kdmtscl03890,16091-104,,,––•,34.01825639,131.841555,¢ŠE‘ª’nŒn,,r_,,https://logoform.jp/form/AcMw/kdmtlightreport
352071,,kdmtscl03891,16091-105,,,––•,34.01790056,131.8413847,¢ŠE‘ª’nŒn,,r_,,https://logoform.jp/form/AcMw/kdmtlightreport
352071,,kdmtscl03892,17037-104,,,[‰Y,33.94638917,131.8318558,¢ŠE‘ª’nŒn,,¬[‰Y,,https://logoform.jp/form/AcMw/kdmtlightreport
352071,,kdmtscl03893,18129-111,,,‰º¼,34.02008778,131.8798589,¢ŠE‘ª’nŒn,,º˜a’Ê‚èã,,https://logoform.jp/form/AcMw/kdmtlightreport
352071,,kdmtscl03894,17105-101,,,•Äì,34.10076333,131.87725,¢ŠE‘ª’nŒn,,´á,,https://logoform.jp/form/AcMw/kdmtlightreport
352071,,kdmtscl03895,17095-101,,,‰º¼,34.00546333,131.8720264,¢ŠE‘ª’nŒn,,Â–ö,,https://logoform.jp/form/AcMw/kdmtlightreport
352071,,kdmtscl03896,16072-115,,,‹v•Û,34.0397725,131.9188883,¢ŠE‘ª’nŒn,,ØR˜A‡,,https://logoform.jp/form/AcMw/kdmtlightreport
352071,,kdmtscl03897,16036-101,,,–Lˆä,34.00016861,131.8783864,¢ŠE‘ª’nŒn,,–Lˆä,,https://logoform.jp/form/AcMw/kdmtlightreport
352071,,kdmtscl03898,13101-103,,,[‰Y,33.94862194,131.8290822,¢ŠE‘ª’nŒn,,[‰Y,,https://logoform.jp/form/AcMw/kdmtlightreport
352071,,kdmtscl03899,13101-104,,,[‰Y,33.94838556,131.8300708,¢ŠE‘ª’nŒn,,[‰Y,,https://logoform.jp/form/AcMw/kdmtlightreport
352071,,kdmtscl03900,13093-102,,,•Äì,34.06170444,131.8859564,¢ŠE‘ª’nŒn,,£ŒË,,https://logoform.jp/form/AcMw/kdmtlightreport
352071,,kdmtscl03901,13086-103,,,‰Ô‰ª,34.03546528,131.8927572,¢ŠE‘ª’nŒn,,’†‘º“Œ,,https://logoform.jp/form/AcMw/kdmtlightreport
352071,,kdmtscl03902,13069-104,,,‹v•Û,34.0426725,131.9094969,¢ŠE‘ª’nŒn,,R“c˜A‡,,https://logoform.jp/form/AcMw/kdmtlightreport
352071,,kdmtscl03903,13090-101,,,‹v•Û,34.03009694,131.9255344,¢ŠE‘ª’nŒn,,“Œ˜a,,https://logoform.jp/form/AcMw/kdmtlightreport
352071,,kdmtscl03904,13014-101,,,‰º¼,34.01312056,131.8669714,¢ŠE‘ª’nŒn,,‘åè’¬,,https://logoform.jp/form/AcMw/kdmtlightreport
352071,,kdmtscl03905,13004-001,,,––•,34.02208917,131.8634417,¢ŠE‘ª’nŒn,,”öK,,https://logoform.jp/form/AcMw/kdmtlightreport
352071,,kdmtscl03906,13040-001,,,‰Ô‰ª,34.03281889,131.8710969,¢ŠE‘ª’nŒn,,íX“ì,,https://logoform.jp/form/AcMw/kdmtlightreport
352071,,kdmtscl03907,13054-001,,,––•,34.01915528,131.8596247,¢ŠE‘ª’nŒn,,ƒŠƒo[ƒp[ƒN,,https://logoform.jp/form/AcMw/kdmtlightreport
352071,,kdmtscl03908,13054-002,,,––•,34.01870194,131.8590183,¢ŠE‘ª’nŒn,,ƒŠƒo[ƒp[ƒN,,https://logoform.jp/form/AcMw/kdmtlightreport
352071,,kdmtscl03909,13054-003,,,––•,34.01834944,131.8591522,¢ŠE‘ª’nŒn,,ƒŠƒo[ƒp[ƒN,,https://logoform.jp/form/AcMw/kdmtlightreport
352071,,kdmtscl03910,13046-101,,,‰º¼,34.01059444,131.87132,¢ŠE‘ª’nŒn,,Š“c,,https://logoform.jp/form/AcMw/kdmtlightreport
352071,,kdmtscl03911,13066-102,,,––•,34.01712222,131.8552411,¢ŠE‘ª’nŒn,,‘åŠC’¬“Œ,,https://logoform.jp/form/AcMw/kdmtlightreport
352071,,kdmtscl03912,13066-104,,,––•,34.01719944,131.8550511,¢ŠE‘ª’nŒn,,‘åŠC’¬“Œ,,https://logoform.jp/form/AcMw/kdmtlightreport
352071,,kdmtscl03913,13023-101,,,––•,34.01817028,131.8545539,¢ŠE‘ª’nŒn,,‘åŠC’¬¼,,https://logoform.jp/form/AcMw/kdmtlightreport
352071,,kdmtscl03914,13091-001,,,•Äì,34.07362972,131.9140083,¢ŠE‘ª’nŒn,,‘å“¡’J,,https://logoform.jp/form/AcMw/kdmtlightreport
352071,,kdmtscl03915,13007-102,,,‰Ô‰ª,34.03752889,131.8712972,¢ŠE‘ª’nŒn,,^’¬,,https://logoform.jp/form/AcMw/kdmtlightreport
352071,,kdmtscl03916,13042-102,,,‰º¼,34.01749611,131.8694575,¢ŠE‘ª’nŒn,,“ŒŒõ›“ì,,https://logoform.jp/form/AcMw/kdmtlightreport
352071,,kdmtscl03917,13042-105,,,‰º¼,34.01765889,131.8686897,¢ŠE‘ª’nŒn,,“ŒŒõ›“ì,,https://logoform.jp/form/AcMw/kdmtlightreport
352071,,kdmtscl03918,13038-102,,,–Lˆä,33.999595,131.8790464,¢ŠE‘ª’nŒn,,–Lˆä,,https://logoform.jp/form/AcMw/kdmtlightreport
352071,,kdmtscl03919,13071-103,,,‰º¼,34.008225,131.8637844,¢ŠE‘ª’nŒn,,¬Œ©’¬,,https://logoform.jp/form/AcMw/kdmtlightreport
352071,,kdmtscl03920,13018-104,,,•Äì,34.07936694,131.8758097,¢ŠE‘ª’nŒn,,‰º’J‚P‹æ,,https://logoform.jp/form/AcMw/kdmtlightreport
352071,,kdmtscl03921,13078-001,,,––•,34.02288417,131.8633628,¢ŠE‘ª’nŒn,,•½“c“Œ,,https://logoform.jp/form/AcMw/kdmtlightreport
352071,,kdmtscl03922,13078-002,,,––•,34.02494667,131.8635889,¢ŠE‘ª’nŒn,,•½“c“Œ,,https://logoform.jp/form/AcMw/kdmtlightreport
352071,,kdmtscl03923,13078-003,,,––•,34.02477444,131.8638917,¢ŠE‘ª’nŒn,,•½“c“Œ,,https://logoform.jp/form/AcMw/kdmtlightreport
352071,,kdmtscl03924,13017-001,,,––•,34.02619722,131.8623328,¢ŠE‘ª’nŒn,,‚Ğ‚ç‚½”ü—¢,,https://logoform.jp/form/AcMw/kdmtlightreport
352071,,kdmtscl03925,13017-002,,,––•,34.02580639,131.8619656,¢ŠE‘ª’nŒn,,‚Ğ‚ç‚½”ü—¢,,https://logoform.jp/form/AcMw/kdmtlightreport
352071,,kdmtscl03926,13051-001,,,–Lˆä,33.996095,131.8797753,¢ŠE‘ª’nŒn,,ã—öƒ–•l,,https://logoform.jp/form/AcMw/kdmtlightreport
352071,,kdmtscl03927,13051-002,,,–Lˆä,33.996615,131.8798389,¢ŠE‘ª’nŒn,,ã—öƒ–•l,,https://logoform.jp/form/AcMw/kdmtlightreport
352071,,kdmtscl03928,13067-001,,,‰Ô‰ª,34.04284611,131.86741,¢ŠE‘ª’nŒn,,ã’n,,https://logoform.jp/form/AcMw/kdmtlightreport
352071,,kdmtscl03929,13063-001,,,‰º¼,34.01401694,131.8626544,¢ŠE‘ª’nŒn,,–ö,,https://logoform.jp/form/AcMw/kdmtlightreport
352071,,kdmtscl03930,13063-002,,,‰º¼,34.01407667,131.8636756,¢ŠE‘ª’nŒn,,–ö,,https://logoform.jp/form/AcMw/kdmtlightreport
352071,,kdmtscl03931,13022-001,,,‰Ô‰ª,34.03973583,131.8859122,¢ŠE‘ª’nŒn,,“Œ–œƒm–Ø,,https://logoform.jp/form/AcMw/kdmtlightreport
352071,,kdmtscl03932,13033-001,,,‰Ô‰ª,34.04127,131.889625,¢ŠE‘ª’nŒn,,¼‘º,,https://logoform.jp/form/AcMw/kdmtlightreport
352071,,kdmtscl03933,13033-002,,,‰Ô‰ª,34.03987806,131.8872153,¢ŠE‘ª’nŒn,,¼‘º,,https://logoform.jp/form/AcMw/kdmtlightreport
352071,,kdmtscl03934,13002-001,,,‰Ô‰ª,34.03726389,131.8724028,¢ŠE‘ª’nŒn,,‰Ô‰ª’†s,,https://logoform.jp/form/AcMw/kdmtlightreport
352071,,kdmtscl03935,13015-101,,,‰º¼,34.00982306,131.8647967,¢ŠE‘ª’nŒn,,–{’¬,,https://logoform.jp/form/AcMw/kdmtlightreport
352071,,kdmtscl03936,13015-102,,,‰º¼,34.00994667,131.8658853,¢ŠE‘ª’nŒn,,–{’¬,,https://logoform.jp/form/AcMw/kdmtlightreport
352071,,kdmtscl03937,13024-101,,,‰º¼,34.01007472,131.8627944,¢ŠE‘ª’nŒn,,‚»’¬¼,,https://logoform.jp/form/AcMw/kdmtlightreport
352071,,kdmtscl03938,13024-001,,,‰º¼,34.01125167,131.8619994,¢ŠE‘ª’nŒn,,‚»’¬¼,,https://logoform.jp/form/AcMw/kdmtlightreport
352071,,kdmtscl03939,13024-002,,,‰º¼,34.00882111,131.86084,¢ŠE‘ª’nŒn,,‚»’¬¼,,https://logoform.jp/form/AcMw/kdmtlightreport
352071,,kdmtscl03940,13094-001,,,––•,34.02674583,131.8601694,¢ŠE‘ª’nŒn,,‚Ğ‚ç‚½–]’¬“Œ,,https://logoform.jp/form/AcMw/kdmtlightreport
352071,,kdmtscl03941,13094-002,,,––•,34.02724389,131.8597069,¢ŠE‘ª’nŒn,,‚Ğ‚ç‚½–]’¬“Œ,,https://logoform.jp/form/AcMw/kdmtlightreport
352071,,kdmtscl03942,13094-003,,,––•,34.02686083,131.8609817,¢ŠE‘ª’nŒn,,‚Ğ‚ç‚½–]’¬“Œ,,https://logoform.jp/form/AcMw/kdmtlightreport
352071,,kdmtscl03943,13011-001,,,‰Ô‰ª,34.03364778,131.8647339,¢ŠE‘ª’nŒn,,“Œ’†‘º,,https://logoform.jp/form/AcMw/kdmtlightreport
352071,,kdmtscl03944,13011-002,,,‰Ô‰ª,34.03417583,131.8640003,¢ŠE‘ª’nŒn,,“Œ’†‘º,,https://logoform.jp/form/AcMw/kdmtlightreport
352071,,kdmtscl03945,13088-001,,,’†‘º,34.02571,131.8414608,¢ŠE‘ª’nŒn,,’©“ú‘ä,,https://logoform.jp/form/AcMw/kdmtlightreport
352071,,kdmtscl03946,13088-002,,,’†‘º,34.02691694,131.8426547,¢ŠE‘ª’nŒn,,’©“ú‘ä,,https://logoform.jp/form/AcMw/kdmtlightreport
352071,,kdmtscl03947,13048-102,,,‰º¼,34.00601111,131.8781517,¢ŠE‘ª’nŒn,,›”—,,https://logoform.jp/form/AcMw/kdmtlightreport
352071,,kdmtscl03948,13048-104,,,‰º¼,34.00583389,131.8755217,¢ŠE‘ª’nŒn,,›”—,,https://logoform.jp/form/AcMw/kdmtlightreport
352071,,kdmtscl03949,13048-001,,,‰º¼,34.0048375,131.8752861,¢ŠE‘ª’nŒn,,›”—,,https://logoform.jp/form/AcMw/kdmtlightreport
352071,,kdmtscl03950,13068-001,,,’†‘º,34.0283675,131.8446544,¢ŠE‘ª’nŒn,,Rª,,https://logoform.jp/form/AcMw/kdmtlightreport
352071,,kdmtscl03951,13008-103,,,‰º¼,34.01126056,131.8624444,¢ŠE‘ª’nŒn,,’†s,,https://logoform.jp/form/AcMw/kdmtlightreport
352071,,kdmtscl03952,13057-001,,,•Äì,34.08074889,131.8924828,¢ŠE‘ª’nŒn,,ŒãR,,https://logoform.jp/form/AcMw/kdmtlightreport
352071,,kdmtscl03953,13095-001,,,‹v•Û,34.01822917,131.8971919,¢ŠE‘ª’nŒn,,¯‚ª‹u,,https://logoform.jp/form/AcMw/kdmtlightreport
352071,,kdmtscl03954,13095-002,,,‹v•Û,34.01852944,131.8985856,¢ŠE‘ª’nŒn,,¯‚ª‹u,,https://logoform.jp/form/AcMw/kdmtlightreport
352071,,kdmtscl03955,13053-001,,,‹v•Û,34.02354333,131.9004856,¢ŠE‘ª’nŒn,,‰ª‚ÌŒ´,,https://logoform.jp/form/AcMw/kdmtlightreport
352071,,kdmtscl03956,13053-002,,,‹v•Û,34.02349278,131.8992744,¢ŠE‘ª’nŒn,,‰ª‚ÌŒ´,,https://logoform.jp/form/AcMw/kdmtlightreport
352071,,kdmtscl03957,13084-001,,,‰º¼,34.01111778,131.8787481,¢ŠE‘ª’nŒn,,Šø‰ª‚R’š–Ú,,https://logoform.jp/form/AcMw/kdmtlightreport
352071,,kdmtscl03958,13084-002,,,‰º¼,34.0112875,131.8784206,¢ŠE‘ª’nŒn,,Šø‰ª‚R’š–Ú,,https://logoform.jp/form/AcMw/kdmtlightreport
352071,,kdmtscl03959,13098-001,,,‰º¼,34.00792583,131.8768708,¢ŠE‘ª’nŒn,,Šø‰ª‚T’š–Ú,,https://logoform.jp/form/AcMw/kdmtlightreport
352071,,kdmtscl03960,13098-002,,,‰º¼,34.00669861,131.8761381,¢ŠE‘ª’nŒn,,Šø‰ª‚T’š–Ú,,https://logoform.jp/form/AcMw/kdmtlightreport
352071,,kdmtscl03961,13098-003,,,‰º¼,34.00733028,131.8759408,¢ŠE‘ª’nŒn,,Šø‰ª‚T’š–Ú,,https://logoform.jp/form/AcMw/kdmtlightreport
352071,,kdmtscl03962,13055-001,,,––•,34.02061778,131.8550264,¢ŠE‘ª’nŒn,,‚Ğ‚ç‚½•ä,,https://logoform.jp/form/AcMw/kdmtlightreport
352071,,kdmtscl03963,13070-001,,,‰º¼,34.02069944,131.8803814,¢ŠE‘ª’nŒn,,‘å‰Í“à,,https://logoform.jp/form/AcMw/kdmtlightreport
352071,,kdmtscl03964,13035-001,,,‰º¼,34.0078175,131.8673775,¢ŠE‘ª’nŒn,,V’¬,,https://logoform.jp/form/AcMw/kdmtlightreport
352071,,kdmtscl03965,13035-002,,,‰º¼,34.00709667,131.8681503,¢ŠE‘ª’nŒn,,V’¬,,https://logoform.jp/form/AcMw/kdmtlightreport
352071,,kdmtscl03966,13064-001,,,’†‘º,34.03036333,131.858275,¢ŠE‘ª’nŒn,,¼‰ÍŒ´“Œ,,https://logoform.jp/form/AcMw/kdmtlightreport
352071,,kdmtscl03967,13064-002,,,’†‘º,34.03094167,131.8556997,¢ŠE‘ª’nŒn,,¼‰ÍŒ´“Œ,,https://logoform.jp/form/AcMw/kdmtlightreport
352071,,kdmtscl03968,13064-003,,,’†‘º,34.03154556,131.8570961,¢ŠE‘ª’nŒn,,¼‰ÍŒ´“Œ,,https://logoform.jp/form/AcMw/kdmtlightreport
352071,,kdmtscl03969,14002-101,,,‰Ô‰ª,34.03749028,131.8842692,¢ŠE‘ª’nŒn,,–œƒm–Ø‘ä,,https://logoform.jp/form/AcMw/kdmtlightreport
352071,,kdmtscl03970,14002-001,,,‰Ô‰ª,34.03766611,131.8844017,¢ŠE‘ª’nŒn,,–œƒm–Ø‘ä,,https://logoform.jp/form/AcMw/kdmtlightreport
352071,,kdmtscl03971,14004-101,,,‰Ô‰ª,34.04173222,131.8817644,¢ŠE‘ª’nŒn,,ã@,,https://logoform.jp/form/AcMw/kdmtlightreport
352071,,kdmtscl03972,14004-106,,,‰Ô‰ª,34.04186944,131.8808886,¢ŠE‘ª’nŒn,,ã@,,https://logoform.jp/form/AcMw/kdmtlightreport
352071,,kdmtscl03973,14005-001,,,‰Ô‰ª,34.04197361,131.8780539,¢ŠE‘ª’nŒn,,‚Š_’c’n,,https://logoform.jp/form/AcMw/kdmtlightreport
352071,,kdmtscl03974,14005-002,,,‰Ô‰ª,34.04286333,131.8778289,¢ŠE‘ª’nŒn,,‚Š_’c’n,,https://logoform.jp/form/AcMw/kdmtlightreport
352071,,kdmtscl03975,14006-102,,,‰Ô‰ª,34.03373583,131.8617431,¢ŠE‘ª’nŒn,,“Œ’†‘º,,https://logoform.jp/form/AcMw/kdmtlightreport
352071,,kdmtscl03976,14008-107,,,––•,34.01924833,131.8653414,¢ŠE‘ª’nŒn,,“í–Ø’¬,,https://logoform.jp/form/AcMw/kdmtlightreport
352071,,kdmtscl03977,14012-001,,,‹v•Û,34.03299167,131.9125431,¢ŠE‘ª’nŒn,,“Œ—z‚U’š–Ú,,https://logoform.jp/form/AcMw/kdmtlightreport
352071,,kdmtscl03978,14014-001,,,‰Ô‰ª,34.04045056,131.8801725,¢ŠE‘ª’nŒn,,¼@,,https://logoform.jp/form/AcMw/kdmtlightreport
352071,,kdmtscl03979,14020-001,,,––•,34.02607778,131.8566883,¢ŠE‘ª’nŒn,,‚Ğ‚ç‚½–]’¬¼,,https://logoform.jp/form/AcMw/kdmtlightreport
352071,,kdmtscl03980,14022-102,,,––•,34.01848889,131.8597383,¢ŠE‘ª’nŒn,,¼’†’¬,,https://logoform.jp/form/AcMw/kdmtlightreport
352071,,kdmtscl03981,14024-001,,,’†‘º,34.02766,131.8591219,¢ŠE‘ª’nŒn,,“Œ‰ÍŒ´,,https://logoform.jp/form/AcMw/kdmtlightreport
352071,,kdmtscl03982,14024-002,,,’†‘º,34.02751278,131.8593292,¢ŠE‘ª’nŒn,,“Œ‰ÍŒ´,,https://logoform.jp/form/AcMw/kdmtlightreport
352071,,kdmtscl03983,14026-101,,,Š}ŒË,33.95209889,131.8504147,¢ŠE‘ª’nŒn,,]‚Ì‰Y,,https://logoform.jp/form/AcMw/kdmtlightreport
352071,,kdmtscl03984,14027-107,,,‹v•Û,34.02758444,131.9077347,¢ŠE‘ª’nŒn,,‹v•Ûs,,https://logoform.jp/form/AcMw/kdmtlightreport
352071,,kdmtscl03985,14028-001,,,‰Ô‰ª,34.03608889,131.8849256,¢ŠE‘ª’nŒn,,­,,https://logoform.jp/form/AcMw/kdmtlightreport
352071,,kdmtscl03986,14028-002,,,‰Ô‰ª,34.03570528,131.8807483,¢ŠE‘ª’nŒn,,­,,https://logoform.jp/form/AcMw/kdmtlightreport
352071,,kdmtscl03987,14028-003,,,‰Ô‰ª,34.03717361,131.8830261,¢ŠE‘ª’nŒn,,­,,https://logoform.jp/form/AcMw/kdmtlightreport
352071,,kdmtscl03988,14031-103,,,‰º¼,34.00605917,131.8755319,¢ŠE‘ª’nŒn,,›”—,,https://logoform.jp/form/AcMw/kdmtlightreport
352071,,kdmtscl03989,14031-104,,,‰º¼,34.00663583,131.8751758,¢ŠE‘ª’nŒn,,›”—,,https://logoform.jp/form/AcMw/kdmtlightreport
352071,,kdmtscl03990,14034-103,,,––•,34.02673917,131.8697275,¢ŠE‘ª’nŒn,,“¡Œõã,,https://logoform.jp/form/AcMw/kdmtlightreport
352071,,kdmtscl03991,14035-001,,,‰Ô‰ª,34.03522139,131.8609917,¢ŠE‘ª’nŒn,,‰ºLÎ,,https://logoform.jp/form/AcMw/kdmtlightreport
352071,,kdmtscl03992,14035-002,,,‰Ô‰ª,34.03440139,131.8617367,¢ŠE‘ª’nŒn,,‰ºLÎ,,https://logoform.jp/form/AcMw/kdmtlightreport
352071,,kdmtscl03993,14035-003,,,‰Ô‰ª,34.03439806,131.8596867,¢ŠE‘ª’nŒn,,‰ºLÎ,,https://logoform.jp/form/AcMw/kdmtlightreport
352071,,kdmtscl03994,14043-103,,,‹v•Û,34.04644889,131.9131469,¢ŠE‘ª’nŒn,,R“c˜A‡,,https://logoform.jp/form/AcMw/kdmtlightreport
352071,,kdmtscl03995,14043-105,,,‹v•Û,34.03320694,131.8987992,¢ŠE‘ª’nŒn,,R“c˜A‡,,https://logoform.jp/form/AcMw/kdmtlightreport
352071,,kdmtscl03996,14044-001,,,––•,34.01863611,131.8587336,¢ŠE‘ª’nŒn,,ƒŠƒo[ƒp[ƒN,,https://logoform.jp/form/AcMw/kdmtlightreport
352071,,kdmtscl03997,14044-002,,,––•,34.01903917,131.8596111,¢ŠE‘ª’nŒn,,ƒŠƒo[ƒp[ƒN,,https://logoform.jp/form/AcMw/kdmtlightreport
352071,,kdmtscl03998,14046-001,,,’†‘º,34.02977611,131.8568947,¢ŠE‘ª’nŒn,,¼‰ÍŒ´“Œ,,https://logoform.jp/form/AcMw/kdmtlightreport
352071,,kdmtscl03999,14046-002,,,’†‘º,34.03145944,131.8580711,¢ŠE‘ª’nŒn,,¼‰ÍŒ´“Œ,,https://logoform.jp/form/AcMw/kdmtlightreport
352071,,kdmtscl04000,14046-003,,,’†‘º,34.03087444,131.8570772,¢ŠE‘ª’nŒn,,¼‰ÍŒ´“Œ,,https://logoform.jp/form/AcMw/kdmtlightreport
