city,cluster,terminals,raw_kw,coinc_kw,n_s1,n_s1_feas,s1_npc_mean,s1_npc_feas_mean,s1_capex_mean,s1_length_mean,s1_plkw_mean,s1_vdrop_max,s1cond_npc_mean,s1cond_vdrop_max,n_s1cond_feas,s1cond_plkw_mean,s2f_npc,s2f_plkw,s2_npc,s2_w,s2_capex,s2_plkw,s2_length,s2_vdrop,s2_upsize_m,s2_feasible,vof_mean,tld
sano,0,1,123.47208798003354,61.73604399001677,1,1,4713525.528645839,4713525.528645839,0.0,0.0,0.0,0.0,4713525.528645839,0.0,1,0.0,4713525.528645839,0.0,4713525.528645839,0,0.0,0.0,0.0,0.0,0.0,True,0.0,0.0
sano,2,3,159.0808240675916,79.5404120337958,12,12,28773665.637966543,28773665.637966543,17731261.34340867,109.45223051486828,0.10219732084387619,0.21565891647925112,28773665.637966543,0.21565891647925112,12,0.10219732084387619,28773665.637966543,0.10219732084387619,28773665.637966543,0,17731261.343408667,0.10219732084387619,109.45223051486829,0.21565891647925112,0.0,True,0.0,0.0
sano,3,3,199.21653798545057,99.6082689927253,12,12,15125969.19861097,15125969.19861097,7555175.351438026,46.63688488541991,0.1341760138160102,0.1560570013338792,15125969.19861097,0.1560570013338792,12,0.1341760138160102,15125969.198610974,0.1341760138160102,15125969.198610974,0,7555175.351438024,0.1341760138160102,46.6368848854199,0.1560570013338792,0.0,True,0.0,0.0
sano,4,2,78.01019662534486,39.00509831267243,12,12,6492331.927249721,6492331.927249721,1319093.0167317113,8.142549485998218,0.0013294037427388136,0.010881806634860042,6492331.927249721,0.010881806634860042,12,0.0013294037427388136,6492331.927249721,0.0013294037427388136,6492331.927249721,0,1319093.0167317113,0.0013294037427388136,8.142549485998218,0.010881806634860042,0.0,True,0.0,0.0
sano,5,2,53.41369613388528,26.70684806694264,12,12,12738137.736759106,12738137.736759106,5949137.807744152,36.72307288730958,0.007213185839378539,0.053830128997084926,12738137.736759106,0.053830128997084926,12,0.007213185839378539,12738137.736759108,0.00721318583937854,12738137.736759108,0,5949137.807744152,0.00721318583937854,36.72307288730958,0.053830128997084926,0.0,True,0.0,0.0
sano,6,1,39.48021992074765,19.740109960373825,1,1,4713525.528645839,4713525.528645839,0.0,0.0,0.0,0.0,4713525.528645839,0.0,1,0.0,4713525.528645839,0.0,4713525.528645839,0,0.0,0.0,0.0,0.0,0.0,True,0.0,0.0
sano,7,1,49.57054438028701,24.785272190143505,1,1,4713525.528645839,4713525.528645839,0.0,0.0,0.0,0.0,4713525.528645839,0.0,1,0.0,4713525.528645839,0.0,4713525.528645839,0,0.0,0.0,0.0,0.0,0.0,True,0.0,0.0
sano,8,2,220.33613789145662,110.16806894572831,12,12,17982292.107952807,17982292.107952807,9668923.021714317,59.684710010582215,0.1396470581788247,0.30195330826025596,17982292.107952807,0.30195330826025596,12,0.1396470581788247,17982292.10795281,0.1396470581788247,17982292.10795281,0,9668923.021714319,0.1396470581788247,59.684710010582215,0.30195330826025596,0.0,True,0.0,0.0
sano,9,4,201.59418713838258,100.79709356919129,12,12,41381264.42201712,41381264.42201712,26820625.48890538,165.55941659818134,0.30919972473145474,0.47322913752797835,41381264.42201712,0.47322913752797835,12,0.30919972473145474,41381264.42201713,0.3091997247314547,41381264.42201713,0,26820625.48890538,0.3091997247314547,165.55941659818137,0.47322913752797835,0.0,True,0.0,0.0
sano,11,3,88.64102534779732,44.32051267389866,12,12,16320489.847204117,16320489.847204117,8588703.799521053,53.01669012050032,0.022786303374265255,0.06244116826098753,16320489.847204117,0.06244116826098753,12,0.022786303374265255,16320489.847204115,0.02278630337426526,16320489.847204115,0,8588703.799521051,0.02278630337426526,53.016690120500314,0.06244116826098753,0.0,True,0.0,0.0
sano,12,2,73.19758599839429,36.598792999197144,12,12,15518502.604378825,15518502.604378825,8015828.8138849465,49.480424777067576,0.005580611719809833,0.05496041021556434,15518502.604378825,0.05496041021556434,12,0.005580611719809833,15518502.604378825,0.0055806117198098325,15518502.604378825,0,8015828.813884947,0.0055806117198098325,49.480424777067576,0.05496041021556434,0.0,True,0.0,0.0
sano,13,2,89.20169408121673,44.600847040608365,12,12,12964805.89252457,12964805.89252457,6114505.579121311,37.74386159951427,0.009450417719092667,0.06246561507509907,12964805.89252457,0.06246561507509907,12,0.009450417719092667,12964805.89252457,0.009450417719092668,12964805.89252457,0,6114505.579121311,0.009450417719092668,37.74386159951427,0.06246561507509907,0.0,True,0.0,0.0
sano,14,1,65.65755669212768,32.82877834606384,1,1,4713525.528645839,4713525.528645839,0.0,0.0,0.0,0.0,4713525.528645839,0.0,1,0.0,4713525.528645839,0.0,4713525.528645839,0,0.0,0.0,0.0,0.0,0.0,True,0.0,0.0
sano,15,1,66.3137310919579,33.15686554597895,1,1,4713525.528645839,4713525.528645839,0.0,0.0,0.0,0.0,4713525.528645839,0.0,1,0.0,4713525.528645839,0.0,4713525.528645839,0,0.0,0.0,0.0,0.0,0.0,True,0.0,0.0
sano,16,2,58.91667816176377,29.458339080881885,12,12,10033009.257145375,10033009.257145375,3946855.369634925,24.36330475083287,0.002352723024695302,0.025040664684288724,10033009.257145375,0.025040664684288724,12,0.002352723024695302,10033009.257145375,0.002352723024695302,10033009.257145375,0,3946855.369634925,0.002352723024695302,24.36330475083287,0.025040664684288724,0.0,True,0.0,0.0
sano,17,1,31.136799598272557,15.568399799136278,1,1,4713525.528645839,4713525.528645839,0.0,0.0,0.0,0.0,4713525.528645839,0.0,1,0.0,4713525.528645839,0.0,4713525.528645839,0,0.0,0.0,0.0,0.0,0.0,True,0.0,0.0
sano,18,2,42.45140675307432,21.22570337653716,12,12,9065381.535127655,9065381.535127655,3228616.5059021492,19.929731517914497,0.0021495648667998082,0.021648028659827432,9065381.535127655,0.021648028659827432,12,0.0021495648667998082,9065381.535127655,0.002149564866799808,9065381.535127655,0,3228616.5059021492,0.002149564866799808,19.9297315179145,0.021648028659827432,0.0,True,0.0,0.0
sano,19,1,68.06377739126289,34.031888695631444,1,1,4713525.528645839,4713525.528645839,0.0,0.0,0.0,0.0,4713525.528645839,0.0,1,0.0,4713525.528645839,0.0,4713525.528645839,0,0.0,0.0,0.0,0.0,0.0,True,0.0,0.0
sano,20,2,161.38555086305496,80.69277543152748,12,12,12345351.460843237,12345351.460843237,5617689.541521891,34.67709593532032,0.03745579300076298,0.11919916430249186,12345351.460843237,0.11919916430249186,12,0.03745579300076298,12345351.460843239,0.03745579300076299,12345351.460843239,0,5617689.541521891,0.03745579300076299,34.67709593532032,0.11919916430249186,0.0,True,0.0,0.0
sano,21,2,229.0067546671159,114.50337733355795,12,12,12884641.740519492,12884641.740519492,5859311.838726447,36.16859159707684,0.15817973671262073,0.25016904779371624,12884641.740519492,0.25016904779371624,12,0.15817973671262073,12884641.74051949,0.15817973671262073,12884641.74051949,0,5859311.838726448,0.15817973671262073,36.16859159707684,0.25016904779371624,0.0,True,0.0,0.0
sano,22,2,138.2393842889484,69.1196921444742,12,12,10007342.2174375,10007342.2174375,3926659.384968744,24.23863817881941,0.003217027255867427,0.0292061176707922,10007342.2174375,0.0292061176707922,12,0.003217027255867427,10007342.217437498,0.0032170272558674265,10007342.217437498,0,3926659.3849687446,0.0032170272558674265,24.23863817881941,0.0292061176707922,0.0,True,0.0,0.0
sano,23,2,80.96012984500842,40.48006492250421,12,12,11255926.523391977,11255926.523391977,4839156.092093245,29.871333901810157,0.014338985481742152,0.0684508543830693,11255926.523391977,0.0684508543830693,12,0.014338985481742152,11255926.523391977,0.014338985481742153,11255926.523391977,0,4839156.092093245,0.014338985481742153,29.871333901810157,0.0684508543830693,0.0,True,0.0,0.0
sano,24,2,172.21205359113947,86.10602679556973,12,12,56674362.85997406,56674362.85997406,37949038.13804924,234.25332183981016,0.48203756756921406,1.111413517905913,56674362.85997406,1.111413517905913,12,0.48203756756921406,56674362.859974064,0.4820375675692141,56674362.859974064,0,37949038.13804924,0.4820375675692141,234.2533218398101,1.111413517905913,0.0,True,0.0,0.0
sano,25,1,125.14058508220424,62.57029254110212,1,1,4713525.528645839,4713525.528645839,0.0,0.0,0.0,0.0,4713525.528645839,0.0,1,0.0,4713525.528645839,0.0,4713525.528645839,0,0.0,0.0,0.0,0.0,0.0,True,0.0,0.0
sano,26,2,143.85411723083396,71.92705861541698,12,12,12484760.501194919,12484760.501194919,5706653.25586396,35.22625466582691,0.048518141878835484,0.1367343617662653,12484760.501194919,0.1367343617662653,12,0.048518141878835484,12484760.501194917,0.048518141878835484,12484760.501194917,0,5706653.25586396,0.048518141878835484,35.226254665826914,0.1367343617662653,0.0,True,0.0,0.0
sano,27,1,73.74467154213171,36.872335771065856,1,1,4713525.528645839,4713525.528645839,0.0,0.0,0.0,0.0,4713525.528645839,0.0,1,0.0,4713525.528645839,0.0,4713525.528645839,0,0.0,0.0,0.0,0.0,0.0,True,0.0,0.0
sano,28,1,147.40554081716493,73.70277040858247,1,1,4713525.528645839,4713525.528645839,0.0,0.0,0.0,0.0,4713525.528645839,0.0,1,0.0,4713525.528645839,0.0,4713525.528645839,0,0.0,0.0,0.0,0.0,0.0,True,0.0,0.0
sano,29,1,89.13983633699763,44.569918168498816,1,1,4713525.528645839,4713525.528645839,0.0,0.0,0.0,0.0,4713525.528645839,0.0,1,0.0,4713525.528645839,0.0,4713525.528645839,0,0.0,0.0,0.0,0.0,0.0,True,0.0,0.0
sano,30,2,121.80514525221696,60.90257262610848,12,12,11736416.997298913,11736416.997298913,5181609.604889325,31.985244474625464,0.025232716499196395,0.09396133831139583,11736416.997298913,0.09396133831139583,12,0.025232716499196395,11736416.997298915,0.025232716499196395,11736416.997298915,0,5181609.604889325,0.025232716499196395,31.985244474625464,0.09396133831139583,0.0,True,0.0,0.0
sano,31,2,51.462941169660986,25.731470584830493,12,12,13068915.698829727,13068915.698829727,6202238.15309536,38.285420698119495,0.00152516532897597,0.025273624364225197,13068915.698829727,0.025273624364225197,12,0.00152516532897597,13068915.698829727,0.00152516532897597,13068915.698829727,0,6202238.153095359,0.00152516532897597,38.2854206981195,0.025273624364225197,0.0,True,0.0,0.0
sano,32,3,88.92135352747405,44.46067676373703,12,12,83835568.03797112,83835568.03797112,58598266.558785796,361.7176948073198,0.11654732589232314,0.6758584456977912,83835568.03797112,0.6758584456977912,12,0.11654732589232314,83835568.03797111,0.11654732589232317,83835568.03797111,0,58598266.558785796,0.11654732589232317,361.7176948073198,0.6758584456977912,0.0,True,0.0,0.0
sano,33,5,123.89368658523912,61.94684329261956,12,12,26124710.792796332,26124710.792796332,15781610.410086878,97.41734821041285,0.08903638027194251,0.3166377592078397,26124710.792796332,0.3166377592078397,12,0.08903638027194251,26013375.42257671,0.06853656422191166,26013375.42257671,0,15725908.564808914,0.06853656422191166,97.0735096593143,0.18071198562823088,0.0,True,111335.37021962057,0.33333333333333337
sano,34,1,11.02398951117607,5.511994755588035,1,1,4713525.528645839,4713525.528645839,0.0,0.0,0.0,0.0,4713525.528645839,0.0,1,0.0,4713525.528645839,0.0,4713525.528645839,0,0.0,0.0,0.0,0.0,0.0,True,0.0,0.0
sano,35,2,85.39988980129836,42.69994490064918,12,12,26427417.337992314,26427417.337992314,16052836.941364191,99.09158605780362,0.05372656016740731,0.24132663671385807,26427417.337992314,0.24132663671385807,12,0.05372656016740731,26427417.337992318,0.05372656016740731,26427417.337992318,0,16052836.941364188,0.05372656016740731,99.09158605780362,0.24132663671385807,0.0,True,0.0,0.0
sano,36,2,85.78660684184527,42.893303420922635,12,12,6753332.466400626,6753332.466400626,1508569.9421626779,9.312160136806655,0.0046187412949760115,0.02169099074201885,6753332.466400626,0.02169099074201885,12,0.0046187412949760115,6753332.466400627,0.0046187412949760115,6753332.466400627,0,1508569.942162678,0.0046187412949760115,9.312160136806655,0.02169099074201885,0.0,True,0.0,0.0
sano,37,3,237.03377400378548,118.51688700189274,12,12,33840646.19658651,33840646.19658651,21399971.544577453,132.09858978134233,0.17345430165997458,0.4518206321706919,33840646.19658651,0.4518206321706919,12,0.17345430165997458,33840646.19658652,0.17345430165997458,33840646.19658652,0,21399971.544577457,0.17345430165997458,132.09858978134233,0.4518206321706919,0.0,True,0.0,0.0
sano,38,1,5.518538686146353,2.7592693430731763,1,1,4713525.528645839,4713525.528645839,0.0,0.0,0.0,0.0,4713525.528645839,0.0,1,0.0,4713525.528645839,0.0,4713525.528645839,0,0.0,0.0,0.0,0.0,0.0,True,0.0,0.0
sano,39,2,90.41167710152908,45.20583855076454,12,12,16381106.48133672,16381106.48133672,8644784.348786611,53.36286635053465,0.014371868653819404,0.09159432087768274,16381106.48133672,0.09159432087768274,12,0.014371868653819404,16381106.481336722,0.014371868653819406,16381106.481336722,0,8644784.348786613,0.014371868653819406,53.36286635053465,0.09159432087768274,0.0,True,0.0,0.0
sano,40,2,205.8580979923624,102.9290489961812,12,12,11069205.346022094,11069205.346022094,4668718.68474727,28.819251140415247,0.03850188825974287,0.11017288268870425,11069205.346022094,0.11017288268870425,12,0.03850188825974287,11069205.346022092,0.03850188825974287,11069205.346022092,0,4668718.68474727,0.03850188825974287,28.819251140415247,0.11017288268870425,0.0,True,0.0,0.0
sano,41,1,58.383175665795335,29.191587832897667,1,1,4713525.528645839,4713525.528645839,0.0,0.0,0.0,0.0,4713525.528645839,0.0,1,0.0,4713525.528645839,0.0,4713525.528645839,0,0.0,0.0,0.0,0.0,0.0,True,0.0,0.0
sano,42,2,57.93634912903919,28.968174564519597,12,12,5629336.184534817,5629336.184534817,679683.0847169535,4.195574597018231,0.00026345653812158925,0.003477303250565456,5629336.184534817,0.003477303250565456,12,0.00026345653812158925,5629336.184534816,0.0002634565381215892,5629336.184534816,0,679683.0847169536,0.0002634565381215892,4.195574597018232,0.003477303250565456,0.0,True,0.0,0.0
sano,43,3,134.50066398786953,67.25033199393476,12,12,24889043.765765507,24889043.765765507,14846429.894836873,91.64462898047452,0.10244729618976844,0.21431138982716844,24889043.765765507,0.21431138982716844,12,0.10244729618976844,24889043.765765507,0.10244729618976844,24889043.765765507,0,14846429.894836873,0.10244729618976844,91.64462898047452,0.21431138982716844,0.0,True,0.0,0.0
sano,44,1,126.62637092211358,63.31318546105679,1,1,4713525.528645839,4713525.528645839,0.0,0.0,0.0,0.0,4713525.528645839,0.0,1,0.0,4713525.528645839,0.0,4713525.528645839,0,0.0,0.0,0.0,0.0,0.0,True,0.0,0.0
sano,45,2,153.54701747851567,76.77350873925784,12,12,26595344.50335942,26595344.50335942,16025001.62355653,98.91976310837366,0.16966498535979455,0.4284794504499969,26595344.50335942,0.4284794504499969,12,0.16966498535979455,26595344.50335942,0.16966498535979455,26595344.50335942,0,16025001.623556532,0.16966498535979455,98.91976310837366,0.4284794504499969,0.0,True,0.0,0.0
sano,46,1,74.53793612578636,37.26896806289318,1,1,4713525.528645839,4713525.528645839,0.0,0.0,0.0,0.0,4713525.528645839,0.0,1,0.0,4713525.528645839,0.0,4713525.528645839,0,0.0,0.0,0.0,0.0,0.0,True,0.0,0.0
sano,47,2,98.29923077042162,49.14961538521081,12,12,17376268.94362533,17376268.94362533,9386883.392896965,57.94372464751212,0.011979690778083129,0.08714016155584682,17376268.94362533,0.08714016155584682,12,0.011979690778083129,17376268.94362533,0.011979690778083129,17376268.94362533,0,9386883.392896965,0.011979690778083129,57.94372464751213,0.08714016155584682,0.0,True,0.0,0.0
sano,48,1,49.55649388105324,24.77824694052662,1,1,4713525.528645839,4713525.528645839,0.0,0.0,0.0,0.0,4713525.528645839,0.0,1,0.0,4713525.528645839,0.0,4713525.528645839,0,0.0,0.0,0.0,0.0,0.0,True,0.0,0.0
sano,49,2,80.46687696419228,40.23343848209614,12,12,17864833.428806126,17864833.428806126,9764159.611850936,60.27259019661073,0.0009614486902746879,0.02517765836786854,17864833.428806126,0.02517765836786854,12,0.0009614486902746879,17864833.428806126,0.0009614486902746879,17864833.428806126,0,9764159.611850938,0.0009614486902746879,60.27259019661072,0.02517765836786854,0.0,True,0.0,0.0
sano,50,1,43.55205196936814,21.77602598468407,1,1,4713525.528645839,4713525.528645839,0.0,0.0,0.0,0.0,4713525.528645839,0.0,1,0.0,4713525.528645839,0.0,4713525.528645839,0,0.0,0.0,0.0,0.0,0.0,True,0.0,0.0
sano,51,2,112.55549798141813,56.277748990709064,12,12,5837259.862586282,5837259.862586282,831641.0974744557,5.133587021447257,0.002113914065532741,0.010895482836813183,5837259.862586282,0.010895482836813183,12,0.002113914065532741,5837259.862586282,0.0021139140655327413,5837259.862586282,0,831641.0974744557,0.0021139140655327413,5.133587021447258,0.010895482836813183,0.0,True,0.0,0.0
sano,52,1,46.79993293861144,23.39996646930572,1,1,4713525.528645839,4713525.528645839,0.0,0.0,0.0,0.0,4713525.528645839,0.0,1,0.0,4713525.528645839,0.0,4713525.528645839,0,0.0,0.0,0.0,0.0,0.0,True,0.0,0.0
sano,53,1,27.93252402529828,13.96626201264914,1,1,4713525.528645839,4713525.528645839,0.0,0.0,0.0,0.0,4713525.528645839,0.0,1,0.0,4713525.528645839,0.0,4713525.528645839,0,0.0,0.0,0.0,0.0,0.0,True,0.0,0.0
sano,54,2,57.17031774928835,28.585158874644176,12,12,10079517.93827564,10079517.93827564,3981400.668493657,24.5765473363806,0.0023446979992321993,0.02510708218463631,10079517.93827564,0.02510708218463631,12,0.0023446979992321993,10079517.938275643,0.002344697999232199,10079517.938275643,0,3981400.668493657,0.002344697999232199,24.5765473363806,0.02510708218463631,0.0,True,0.0,0.0
sano,55,4,261.5011091957996,130.7505545978998,12,12,32272545.577509884,32272545.577509884,19998124.897565093,123.44521541706848,0.35395211692352274,0.3532920246888131,32272545.577509884,0.3532920246888131,12,0.35395211692352274,32272545.577509888,0.3539521169235227,32272545.577509888,0,19998124.89756509,0.3539521169235227,123.44521541706845,0.3532920246888131,0.0,True,0.0,0.0
sano,56,3,79.83965479560305,39.91982739780153,12,12,9846627.494498268,9846627.494498268,3802707.6309465994,23.4735038947321,0.006724174766184542,0.027501078597996487,9846627.494498268,0.027501078597996487,12,0.006724174766184542,9846627.494498268,0.0067241747661845415,9846627.494498268,0,3802707.6309466,0.0067241747661845415,23.473503894732097,0.027501078597996487,0.0,True,0.0,0.0
sano,57,3,230.23738176227945,115.11869088113971,12,12,21462691.183854215,21462691.183854215,12099339.341937272,74.68727988850165,0.25665300666266555,0.31647121720593974,21462691.183854215,0.31647121720593974,12,0.25665300666266555,21462691.18385421,0.25665300666266555,21462691.18385421,0,12099339.34193727,0.25665300666266555,74.68727988850166,0.31647121720593974,0.0,True,0.0,0.0
sano,58,2,86.09248077880478,43.04624038940239,12,12,11334402.938432857,11334402.938432857,4906436.25964293,30.286643578042785,0.007491937558375492,0.04982129367835553,11334402.938432857,0.04982129367835553,12,0.007491937558375492,11334402.938432857,0.007491937558375494,11334402.938432857,0,4906436.259642931,0.007491937558375494,30.28664357804278,0.04982129367835553,0.0,True,0.0,0.0
sano,59,1,77.84710106482542,38.92355053241271,1,1,4713525.528645839,4713525.528645839,0.0,0.0,0.0,0.0,4713525.528645839,0.0,1,0.0,4713525.528645839,0.0,4713525.528645839,0,0.0,0.0,0.0,0.0,0.0,True,0.0,0.0
sano,60,1,8.951912237985947,4.475956118992974,1,1,4713525.528645839,4713525.528645839,0.0,0.0,0.0,0.0,4713525.528645839,0.0,1,0.0,4713525.528645839,0.0,4713525.528645839,0,0.0,0.0,0.0,0.0,0.0,True,0.0,0.0
sano,62,3,113.47342133317653,56.736710666588266,12,12,27942514.183351714,27942514.183351714,17160046.57846165,105.92621344729416,0.06726897352750759,0.1592568846779833,27942514.183351714,0.1592568846779833,12,0.06726897352750759,27942514.183351718,0.06726897352750758,27942514.183351718,0,17160046.578461654,0.06726897352750758,105.92621344729415,0.1592568846779833,0.0,True,0.0,0.0
sano,63,3,207.83063368653933,103.91531684326966,12,12,14846127.994069824,14846127.994069824,7381404.27213882,45.56422390209149,0.10831457022021422,0.15558075521451914,14846127.994069824,0.15558075521451914,12,0.10831457022021422,14846127.994069826,0.10831457022021423,14846127.994069826,0,7381404.272138821,0.10831457022021423,45.564223902091484,0.15558075521451914,0.0,True,0.0,0.0
sano,64,1,52.89810313234322,26.44905156617161,1,1,4713525.528645839,4713525.528645839,0.0,0.0,0.0,0.0,4713525.528645839,0.0,1,0.0,4713525.528645839,0.0,4713525.528645839,0,0.0,0.0,0.0,0.0,0.0,True,0.0,0.0
sano,65,1,56.89393324832911,28.446966624164556,1,1,4713525.528645839,4713525.528645839,0.0,0.0,0.0,0.0,4713525.528645839,0.0,1,0.0,4713525.528645839,0.0,4713525.528645839,0,0.0,0.0,0.0,0.0,0.0,True,0.0,0.0
sano,66,2,81.30188244959638,40.65094122479819,12,12,15283357.166810535,15283357.166810535,7835438.438029095,48.366903938451195,0.009977499738316393,0.07265698280828062,15283357.166810535,0.07265698280828062,12,0.009977499738316393,15283357.166810531,0.009977499738316391,15283357.166810531,0,7835438.438029095,0.009977499738316391,48.3669039384512,0.07265698280828062,0.0,True,0.0,0.0
sano,67,2,40.984773911238385,20.492386955619192,12,12,33458693.20984352,33458693.20984352,21342489.042864706,131.74375952385617,0.0015674495792337819,0.047528506614501566,33458693.20984352,0.047528506614501566,12,0.0015674495792337819,33458693.209843524,0.001567449579233782,33458693.209843524,0,21342489.042864703,0.001567449579233782,131.74375952385617,0.047528506614501566,0.0,True,0.0,0.0
sano,68,1,95.36626409661191,47.68313204830596,1,1,4713525.528645839,4713525.528645839,0.0,0.0,0.0,0.0,4713525.528645839,0.0,1,0.0,4713525.528645839,0.0,4713525.528645839,0,0.0,0.0,0.0,0.0,0.0,True,0.0,0.0
sano,69,5,152.2561096280973,76.12805481404865,12,12,22112097.32275537,22112097.32275537,12790139.802721145,78.95148026371078,0.09810344752936233,0.22276902602336848,22112097.32275537,0.22276902602336848,12,0.09810344752936233,22112097.32275537,0.09810344752936234,22112097.32275537,0,12790139.802721146,0.09810344752936234,78.95148026371078,0.22276902602336848,0.0,True,0.0,0.0
sano,70,1,74.65842573027452,37.32921286513726,1,1,4713525.528645839,4713525.528645839,0.0,0.0,0.0,0.0,4713525.528645839,0.0,1,0.0,4713525.528645839,0.0,4713525.528645839,0,0.0,0.0,0.0,0.0,0.0,True,0.0,0.0
sano,71,1,32.93190212889061,16.465951064445306,1,1,4713525.528645839,4713525.528645839,0.0,0.0,0.0,0.0,4713525.528645839,0.0,1,0.0,4713525.528645839,0.0,4713525.528645839,0,0.0,0.0,0.0,0.0,0.0,True,0.0,0.0
sano,72,2,171.3556811922017,85.67784059610085,12,12,20776339.46120795,20776339.46120795,11782468.103812331,72.73128459143415,0.11012285959627445,0.29600000731527865,20776339.46120795,0.29600000731527865,12,0.11012285959627445,20776339.461207945,0.11012285959627445,20776339.461207945,0,11782468.103812331,0.11012285959627445,72.73128459143415,0.29600000731527865,0.0,True,0.0,0.0
sano,73,1,59.2327558327077,29.61637791635385,1,1,4713525.528645839,4713525.528645839,0.0,0.0,0.0,0.0,4713525.528645839,0.0,1,0.0,4713525.528645839,0.0,4713525.528645839,0,0.0,0.0,0.0,0.0,0.0,True,0.0,0.0
sano,74,1,30.21285759740553,15.106428798702765,1,1,4713525.528645839,4713525.528645839,0.0,0.0,0.0,0.0,4713525.528645839,0.0,1,0.0,4713525.528645839,0.0,4713525.528645839,0,0.0,0.0,0.0,0.0,0.0,True,0.0,0.0
sano,75,1,14.491012627382126,7.245506313691063,1,1,4713525.528645839,4713525.528645839,0.0,0.0,0.0,0.0,4713525.528645839,0.0,1,0.0,4713525.528645839,0.0,4713525.528645839,0,0.0,0.0,0.0,0.0,0.0,True,0.0,0.0
sano,76,1,19.662829012763464,9.831414506381732,1,1,4713525.528645839,4713525.528645839,0.0,0.0,0.0,0.0,4713525.528645839,0.0,1,0.0,4713525.528645839,0.0,4713525.528645839,0,0.0,0.0,0.0,0.0,0.0,True,0.0,0.0
sano,77,1,36.05256500188613,18.026282500943065,1,1,4713525.528645839,4713525.528645839,0.0,0.0,0.0,0.0,4713525.528645839,0.0,1,0.0,4713525.528645839,0.0,4713525.528645839,0,0.0,0.0,0.0,0.0,0.0,True,0.0,0.0
sano,78,3,155.2313838398494,77.6156919199247,12,12,20073481.817337837,20073481.817337837,11292984.745595274,69.7097823802177,0.08548060774012421,0.2461228802691827,20073481.817337837,0.2461228802691827,12,0.08548060774012421,20073481.817337837,0.0854806077401242,20073481.817337837,0,11292984.745595273,0.0854806077401242,69.70978238021772,0.2461228802691827,0.0,True,0.0,0.0
sano,79,3,168.40814196093365,84.20407098046682,12,12,10620687.776345521,10620687.776345521,4356028.582036361,26.88906532121211,0.02303068587084432,0.0813186820137826,10620687.776345521,0.0813186820137826,12,0.02303068587084432,10620687.776345521,0.02303068587084432,10620687.776345521,0,4356028.582036361,0.02303068587084432,26.889065321212108,0.0813186820137826,0.0,True,0.0,0.0
sano,80,3,51.48014786374875,25.740073931874374,12,12,27648795.672059435,27648795.672059435,17011718.672368173,105.01060908869248,0.014235383019594898,0.0846554141253976,27648795.672059435,0.0846554141253976,12,0.014235383019594898,27648795.67205944,0.014235383019594896,27648795.67205944,0,17011718.672368176,0.014235383019594896,105.01060908869246,0.0846554141253976,0.0,True,0.0,0.0
sano,81,2,186.40587790566804,93.20293895283402,12,12,5224367.194632723,5224367.194632723,377207.66129612504,2.3284423536797836,0.0016074349707198247,0.006398700809803496,5224367.194632723,0.006398700809803496,12,0.0016074349707198247,5224367.194632723,0.0016074349707198244,5224367.194632723,0,377207.66129612504,0.0016074349707198244,2.328442353679784,0.006398700809803496,0.0,True,0.0,0.0
sano,82,1,52.627107925173696,26.313553962586848,1,1,4713525.528645839,4713525.528645839,0.0,0.0,0.0,0.0,4713525.528645839,0.0,1,0.0,4713525.528645839,0.0,4713525.528645839,0,0.0,0.0,0.0,0.0,0.0,True,0.0,0.0
sano,83,2,156.54083155797315,78.27041577898657,12,12,17100162.07162946,17100162.07162946,9143094.863308622,56.43885718091743,0.04144687410224628,0.15996587616898814,17100162.07162946,0.15996587616898814,12,0.04144687410224628,17100162.071629457,0.041446874102246276,17100162.071629457,0,9143094.863308622,0.041446874102246276,56.43885718091742,0.15996587616898814,0.0,True,0.0,0.0
sano,84,3,173.01592816228163,86.50796408114081,12,12,21281177.78188708,21281177.78188708,12143821.550559765,74.96186142320845,0.12039285485246504,0.2928935699512782,21281177.78188708,0.2928935699512782,12,0.12039285485246504,21281177.781887077,0.12039285485246501,21281177.781887077,0,12143821.550559767,0.12039285485246501,74.96186142320845,0.2928935699512782,0.0,True,0.0,0.0
sano,85,4,444.4417255382157,222.22086276910778,12,12,43409868.031464025,43409868.031464025,27856312.363088083,171.95254545116106,0.6669379622007742,0.6416558438509862,43409868.031464025,0.6416558438509862,12,0.6669379622007742,43409868.03146402,0.6669379622007743,43409868.03146402,0,27856312.363088086,0.6669379622007743,171.95254545116103,0.6416558438509862,0.0,False,0.0,0.0
sano,86,3,235.9895925400619,117.99479627003095,12,12,42704242.22176534,42704242.22176534,27816161.21423875,171.70469885332565,0.2991917257826177,0.42855901671216706,42704242.22176534,0.42855901671216706,12,0.2991917257826177,42704242.22176534,0.29919172578261777,42704242.22176534,0,27816161.214238748,0.29919172578261777,171.70469885332562,0.42855901671216706,0.0,True,0.0,0.75
sano,87,3,292.06711525782987,146.03355762891493,12,12,34627769.86579096,34627769.86579096,21470092.60121317,132.53143580995786,0.5644187129301855,0.7573676640828214,34627769.86579096,0.7573676640828214,12,0.5644187129301855,34627769.86579096,0.5644187129301854,34627769.86579096,0,21470092.601213172,0.5644187129301854,132.53143580995786,0.7573676640828214,0.0,False,0.0,0.0
sano,88,2,26.58812640041595,13.294063200207974,12,12,13032169.714251263,13032169.714251263,6175400.6426512,38.119757053402466,0.0011846370099439683,0.022225936174011494,13032169.714251263,0.022225936174011494,12,0.0011846370099439683,13032169.714251263,0.0011846370099439683,13032169.714251263,0,6175400.6426512,0.0011846370099439683,38.11975705340247,0.022225936174011494,0.0,True,0.0,0.0
sano,89,1,121.42604145711908,60.71302072855954,1,1,4713525.528645839,4713525.528645839,0.0,0.0,0.0,0.0,4713525.528645839,0.0,1,0.0,4713525.528645839,0.0,4713525.528645839,0,0.0,0.0,0.0,0.0,0.0,True,0.0,0.0
sano,90,3,80.17050275509226,40.08525137754612,12,12,47768644.99068401,47768644.99068401,31909231.935623717,196.97056750385013,0.04643338627505639,0.22000749749811654,47768644.99068401,0.22000749749811654,12,0.04643338627505639,47768644.99068401,0.04643338627505639,47768644.99068401,0,31909231.93562372,0.04643338627505639,196.97056750385013,0.22000749749811654,0.0,True,0.0,0.0
sano,91,2,22.30073634315208,11.15036817157604,12,12,6201572.026634724,6201572.026634724,1104822.4303092028,6.819891545118537,8.93408746355691e-05,0.002581702448000406,6201572.026634724,0.002581702448000406,12,8.93408746355691e-05,6201572.026634725,8.93408746355691e-05,6201572.026634725,0,1104822.430309203,8.93408746355691e-05,6.819891545118537,0.002581702448000406,0.0,True,0.0,0.0
sano,92,2,190.74081225019825,95.37040612509912,12,12,21135464.94469935,21135464.94469935,11913096.423671978,73.53763224488875,0.21352671924456748,0.4144510911712694,21135464.94469935,0.4144510911712694,12,0.21352671924456748,21135464.944699354,0.21352671924456754,21135464.944699354,0,11913096.423671978,0.21352671924456754,73.53763224488875,0.4144510911712694,0.0,True,0.0,0.0
sano,93,2,52.661930741851215,26.330965370925608,12,12,14580890.410853574,14580890.410853574,7326049.004497712,45.22252471912169,0.0006866637059193852,0.018430698785355543,14580890.410853574,0.018430698785355543,12,0.0006866637059193852,14580890.410853576,0.0006866637059193853,14580890.410853576,0,7326049.004497713,0.0006866637059193853,45.22252471912169,0.018430698785355543,0.0,True,0.0,0.0
sano,94,1,96.2148372091525,48.10741860457625,1,1,4713525.528645839,4713525.528645839,0.0,0.0,0.0,0.0,4713525.528645839,0.0,1,0.0,4713525.528645839,0.0,4713525.528645839,0,0.0,0.0,0.0,0.0,0.0,True,0.0,0.0
sano,95,5,250.17206664414425,125.08603332207213,12,12,55751835.05161965,55751835.05161965,37259511.449398525,229.9969842555465,0.4854650671157008,0.8953000222341976,55751835.05161965,0.8953000222341976,12,0.4854650671157008,54366218.31759973,0.5452172129582742,54366218.31759973,0,36152020.14757313,0.5452172129582742,223.16061819489585,0.8953000222341976,0.0,True,1385616.7340199228,0.0
sano,96,2,140.28001044042912,70.14000522021456,12,12,14535477.515618682,14535477.515618682,7259026.719298545,44.808806909250286,0.025999225644659413,0.11288968191521855,14535477.515618682,0.11288968191521855,12,0.025999225644659413,14535477.515618682,0.02599922564465942,14535477.515618682,0,7259026.719298546,0.02599922564465942,44.808806909250286,0.11288968191521855,0.0,True,0.0,0.0
sano,97,1,97.50475158416914,48.75237579208457,1,1,4713525.528645839,4713525.528645839,0.0,0.0,0.0,0.0,4713525.528645839,0.0,1,0.0,4713525.528645839,0.0,4713525.528645839,0,0.0,0.0,0.0,0.0,0.0,True,0.0,0.0
sano,98,1,35.5859887794602,17.7929943897301,1,1,4713525.528645839,4713525.528645839,0.0,0.0,0.0,0.0,4713525.528645839,0.0,1,0.0,4713525.528645839,0.0,4713525.528645839,0,0.0,0.0,0.0,0.0,0.0,True,0.0,0.0
sano,99,2,138.4351913461689,69.21759567308445,12,12,12698207.47160449,12698207.47160449,5862072.563912609,36.18563311057165,0.05085506342389698,0.141882077970678,12698207.47160449,0.141882077970678,12,0.05085506342389698,12698207.47160449,0.05085506342389697,12698207.47160449,0,5862072.563912609,0.05085506342389697,36.18563311057166,0.141882077970678,0.0,True,0.0,0.0
sano,100,2,80.63804850693951,40.319024253469756,12,12,16878952.794239458,16878952.794239458,9010450.563976152,55.62006520972932,0.017417297342972263,0.10294339393777273,16878952.794239458,0.10294339393777273,12,0.017417297342972263,16878952.794239454,0.017417297342972267,16878952.794239454,0,9010450.56397615,0.017417297342972267,55.62006520972932,0.10294339393777273,0.0,True,0.0,0.0
sano,101,2,52.20474803983453,26.102374019917264,12,12,44234051.78920263,44234051.78920263,29325244.548700202,181.0200280783963,0.01557027902886693,0.17559165176886832,44234051.78920263,0.17559165176886832,12,0.01557027902886693,44234051.78920263,0.015570279028866933,44234051.78920263,0,29325244.5487002,0.015570279028866933,181.0200280783963,0.17559165176886832,0.0,True,0.0,0.0
sano,102,1,54.78957509662419,27.394787548312095,1,1,4713525.528645839,4713525.528645839,0.0,0.0,0.0,0.0,4713525.528645839,0.0,1,0.0,4713525.528645839,0.0,4713525.528645839,0,0.0,0.0,0.0,0.0,0.0,True,0.0,0.0
sano,103,2,243.02195817954535,121.51097908977268,12,12,29770484.461210128,29770484.461210128,18008845.99876517,111.16571604176032,0.4538217243992042,0.7428830137978023,29770484.461210128,0.7428830137978023,12,0.4538217243992042,29770484.461210128,0.4538217243992042,29770484.461210128,0,18008845.99876517,0.4538217243992042,111.16571604176032,0.7428830137978023,0.0,True,0.0,0.0
sano,104,1,67.65454159161955,33.827270795809774,1,1,4713525.528645839,4713525.528645839,0.0,0.0,0.0,0.0,4713525.528645839,0.0,1,0.0,4713525.528645839,0.0,4713525.528645839,0,0.0,0.0,0.0,0.0,0.0,True,0.0,0.0
sano,105,1,46.019919515361416,23.009959757680708,1,1,4713525.528645839,4713525.528645839,0.0,0.0,0.0,0.0,4713525.528645839,0.0,1,0.0,4713525.528645839,0.0,4713525.528645839,0,0.0,0.0,0.0,0.0,0.0,True,0.0,0.0
sano,106,2,55.96082299664503,27.980411498322514,12,12,24898679.863139343,24898679.863139343,14988332.613368576,92.52057168746036,2.447394838770919e-05,0.004976952848210836,24898679.863139343,0.004976952848210836,12,2.447394838770919e-05,24898679.863139346,2.447394838770919e-05,24898679.863139346,0,14988332.613368578,2.447394838770919e-05,92.52057168746036,0.004976952848210836,0.0,True,0.0,0.0
sano,107,3,184.7682390262443,92.38411951312214,12,12,56013436.968025215,56013436.968025215,37724759.6640998,232.86888681543078,0.27947750895025836,0.5359105422391932,56013436.968025215,0.5359105422391932,12,0.27947750895025836,56013436.96802522,0.27947750895025836,56013436.96802522,0,37724759.66409979,0.27947750895025836,232.86888681543078,0.5359105422391932,0.0,True,0.0,0.0
sano,108,1,24.37614470060875,12.188072350304376,1,1,4713525.528645839,4713525.528645839,0.0,0.0,0.0,0.0,4713525.528645839,0.0,1,0.0,4713525.528645839,0.0,4713525.528645839,0,0.0,0.0,0.0,0.0,0.0,True,0.0,0.0
sano,109,2,148.10275270525779,74.05137635262889,12,12,21183284.377399035,21183284.377399035,12189495.294921601,75.24379811680001,0.0304233517653535,0.15824545184170538,21183284.377399035,0.15824545184170538,12,0.0304233517653535,21183284.37739904,0.030423351765353504,21183284.37739904,0,12189495.294921601,0.030423351765353504,75.24379811680001,0.15824545184170538,0.0,True,0.0,0.0
sano,110,1,23.949201908496757,11.974600954248379,1,1,4713525.528645839,4713525.528645839,0.0,0.0,0.0,0.0,4713525.528645839,0.0,1,0.0,4713525.528645839,0.0,4713525.528645839,0,0.0,0.0,0.0,0.0,0.0,True,0.0,0.0
sano,111,2,95.53084783998118,47.76542391999059,12,12,5622368.1202681055,5622368.1202681055,671908.9806770253,4.147586300475465,0.0022397482258266032,0.010080676287022227,5622368.1202681055,0.010080676287022227,12,0.0022397482258266032,5622368.1202681055,0.002239748225826603,5622368.1202681055,0,671908.9806770253,0.002239748225826603,4.1475863004754645,0.010080676287022227,0.0,True,0.0,0.0
sano,112,1,68.04890210123284,34.02445105061642,1,1,4713525.528645839,4713525.528645839,0.0,0.0,0.0,0.0,4713525.528645839,0.0,1,0.0,4713525.528645839,0.0,4713525.528645839,0,0.0,0.0,0.0,0.0,0.0,True,0.0,0.0
sano,113,2,53.172206423288266,26.586103211644133,12,12,11168997.515273629,11168997.515273629,4790623.790203002,29.571751791376542,0.0021648395425939815,0.02646328382372834,11168997.515273629,0.02646328382372834,12,0.0021648395425939815,11168997.515273629,0.0021648395425939815,11168997.515273629,0,4790623.790203001,0.0021648395425939815,29.57175179137655,0.02646328382372834,0.0,True,0.0,0.0
sano,114,1,43.50803950742675,21.754019753713376,1,1,4713525.528645839,4713525.528645839,0.0,0.0,0.0,0.0,4713525.528645839,0.0,1,0.0,4713525.528645839,0.0,4713525.528645839,0,0.0,0.0,0.0,0.0,0.0,True,0.0,0.0
sano,115,1,130.51065400669614,65.25532700334807,1,1,4713525.528645839,4713525.528645839,0.0,0.0,0.0,0.0,4713525.528645839,0.0,1,0.0,4713525.528645839,0.0,4713525.528645839,0,0.0,0.0,0.0,0.0,0.0,True,0.0,0.0
sano,116,2,60.319307139175095,30.159653569587547,12,12,7186404.866868508,7186404.866868508,1833369.390119348,11.317095000736716,0.0021680389793351856,0.016382997929673963,7186404.866868508,0.016382997929673963,12,0.0021680389793351856,7186404.866868508,0.002168038979335185,7186404.866868508,0,1833369.390119348,0.002168038979335185,11.317095000736716,0.016382997929673963,0.0,True,0.0,0.0
sano,117,2,130.0295879213599,65.01479396067995,12,12,6311739.054407791,6311739.054407791,1186712.905408773,7.325388304992426,2.3506311124114547e-05,0.0013724607016727293,6311739.054407791,0.0013724607016727293,12,2.3506311124114547e-05,6311739.054407792,2.3506311124114547e-05,6311739.054407792,0,1186712.9054087729,2.3506311124114547e-05,7.325388304992424,0.0013724607016727293,0.0,True,0.0,0.0
sano,118,1,76.39247240021261,38.196236200106306,1,1,4713525.528645839,4713525.528645839,0.0,0.0,0.0,0.0,4713525.528645839,0.0,1,0.0,4713525.528645839,0.0,4713525.528645839,0,0.0,0.0,0.0,0.0,0.0,True,0.0,0.0
sano,119,3,105.84872979813744,52.92436489906872,12,12,15369076.210551145,15369076.210551145,7872325.879608337,48.59460419511321,0.030320090762625363,0.07870083622863959,15369076.210551145,0.07870083622863959,12,0.030320090762625363,15369076.210551145,0.030320090762625363,15369076.210551145,0,7872325.879608339,0.030320090762625363,48.594604195113206,0.07870083622863959,0.0,True,0.0,0.0
sano,120,4,256.9764168849703,128.48820844248516,12,12,46709503.5935871,46709503.5935871,30702629.768097814,189.52240597591245,0.3657880645164971,0.6774109034988739,46709503.5935871,0.6774109034988739,12,0.3657880645164971,46709503.5935871,0.36578806451649704,46709503.5935871,0,30702629.768097814,0.36578806451649704,189.52240597591242,0.6774109034988739,0.0,True,0.0,0.0
sano,121,2,89.87131017566793,44.935655087833965,12,12,8514768.757580161,8514768.757580161,2821732.53370296,17.41810205989481,0.0006519744201541073,0.011145717889102813,8514768.757580161,0.011145717889102813,12,0.0006519744201541073,8514768.757580161,0.0006519744201541073,8514768.757580161,0,2821732.53370296,0.0006519744201541073,17.418102059894814,0.011145717889102813,0.0,True,0.0,0.0
sano,122,2,71.07665332125082,35.53832666062541,12,12,14468537.752850644,14468537.752850644,7240110.333781313,44.69203909741551,0.0025959678306707785,0.03562518191712106,14468537.752850644,0.03562518191712106,12,0.0025959678306707785,14468537.752850642,0.002595967830670778,14468537.752850642,0,7240110.333781312,0.002595967830670778,44.69203909741551,0.03562518191712106,0.0,True,0.0,0.0
sano,123,6,300.1436672895198,379.29647559274764,12,12,76128470.99392016,76128470.99392016,50829609.922338136,313.7630242119638,1.671577513703987,2.5934684318901597,75929827.74633916,2.2708459512731367,12,1.4474268320316834,76507540.84397261,2.5263889893391385,76030797.04977822,0,50340234.989133,1.9884273533256085,308.55861574137487,2.2708459512731367,44.21740487878486,False,401329.1537341662,0.0
sano,124,1,86.10016658869358,43.05008329434679,1,1,4713525.528645839,4713525.528645839,0.0,0.0,0.0,0.0,4713525.528645839,0.0,1,0.0,4713525.528645839,0.0,4713525.528645839,0,0.0,0.0,0.0,0.0,0.0,True,0.0,0.0
sano,125,2,63.1569809581959,31.57849047909795,12,12,18729389.940122608,18729389.940122608,10391980.718894156,64.14802912897629,0.011717090100230471,0.0906763220245482,18729389.940122608,0.0906763220245482,12,0.011717090100230471,18729389.940122608,0.01171709010023047,18729389.940122608,0,10391980.718894158,0.01171709010023047,64.14802912897628,0.0906763220245482,0.0,True,0.0,0.0
sano,127,1,13.400462799118843,6.700231399559422,1,1,4713525.528645839,4713525.528645839,0.0,0.0,0.0,0.0,4713525.528645839,0.0,1,0.0,4713525.528645839,0.0,4713525.528645839,0,0.0,0.0,0.0,0.0,0.0,True,0.0,0.0
sano,128,1,84.0621973778568,42.0310986889284,1,1,4713525.528645839,4713525.528645839,0.0,0.0,0.0,0.0,4713525.528645839,0.0,1,0.0,4713525.528645839,0.0,4713525.528645839,0,0.0,0.0,0.0,0.0,0.0,True,0.0,0.0
sano,129,2,37.24181855478642,18.62090927739321,12,12,39119249.45678686,39119249.45678686,25529463.414398555,157.58928033579355,0.013909789742234809,0.154851697784155,39119249.45678686,0.154851697784155,12,0.013909789742234809,39119249.456786856,0.01390978974223481,39119249.456786856,0,25529463.414398555,0.01390978974223481,157.58928033579355,0.154851697784155,0.0,True,0.0,0.0
sano,130,1,11.637379575398606,5.818689787699303,1,1,4713525.528645839,4713525.528645839,0.0,0.0,0.0,0.0,4713525.528645839,0.0,1,0.0,4713525.528645839,0.0,4713525.528645839,0,0.0,0.0,0.0,0.0,0.0,True,0.0,0.0
sano,131,1,70.16920434197205,35.084602170986024,1,1,4713525.528645839,4713525.528645839,0.0,0.0,0.0,0.0,4713525.528645839,0.0,1,0.0,4713525.528645839,0.0,4713525.528645839,0,0.0,0.0,0.0,0.0,0.0,True,0.0,0.0
sano,132,2,116.70663978739441,58.353319893697204,12,12,13430490.211063394,13430490.211063394,6436549.040702232,39.731784201865636,0.027501208462851378,0.10932947825497681,13430490.211063394,0.10932947825497681,12,0.027501208462851378,13430490.211063398,0.02750120846285138,13430490.211063398,0,6436549.040702232,0.02750120846285138,39.73178420186563,0.10932947825497681,0.0,True,0.0,0.0
sano,133,2,134.845183861186,67.422591930593,12,12,15360737.046526736,15360737.046526736,7835969.509781349,48.37018215914414,0.0532481598072554,0.16785470372376102,15360737.046526736,0.16785470372376102,12,0.0532481598072554,15360737.046526738,0.0532481598072554,15360737.046526738,0,7835969.509781351,0.0532481598072554,48.37018215914414,0.16785470372376102,0.0,True,0.0,0.0
sano,134,2,94.0117125295537,47.00585626477685,12,12,9199165.628168738,9199165.628168738,3322749.7430431475,20.510800882982387,0.0061077090874759364,0.03701884235106399,9199165.628168738,0.03701884235106399,12,0.0061077090874759364,9199165.62816874,0.006107709087475937,9199165.62816874,0,3322749.7430431475,0.006107709087475937,20.51080088298239,0.03701884235106399,0.0,True,0.0,0.0
sano,135,3,226.5966471458876,113.29832357294381,12,12,64237327.90545946,64237327.90545946,41245664.016927265,254.6028643020201,2.2448893490627704,2.6766202640998773,64237327.90545946,2.6766202640998773,12,2.2448893490627704,62541692.37839155,2.101390924170388,62541692.37839155,0,40175366.63246858,2.101390924170388,247.99609032388014,2.2543262748787347,0.0,True,1695635.5270679195,0.0
sano,136,2,113.10339417686365,56.55169708843182,12,12,17949463.798072398,17949463.798072398,9778396.89195368,60.36047464168939,0.037906174361877716,0.15820625623089737,17949463.798072398,0.15820625623089737,12,0.037906174361877716,17949463.798072398,0.03790617436187772,17949463.798072398,0,9778396.891953683,0.03790617436187772,60.36047464168939,0.15820625623089737,0.0,True,0.0,0.0
sano,137,3,117.3163772121169,58.65818860605845,12,12,28402016.54872771,28402016.54872771,17485739.185616348,107.93666163960711,0.0790568302565452,0.15812423560249197,28402016.54872771,0.15812423560249197,12,0.0790568302565452,28402016.548727714,0.0790568302565452,28402016.548727714,0,17485739.18561635,0.0790568302565452,107.93666163960711,0.15812423560249197,0.0,True,0.0,0.0
sano,138,1,80.58391408977229,40.291957044886146,1,1,4713525.528645839,4713525.528645839,0.0,0.0,0.0,0.0,4713525.528645839,0.0,1,0.0,4713525.528645839,0.0,4713525.528645839,0,0.0,0.0,0.0,0.0,0.0,True,0.0,0.0
sano,139,2,30.50707230058555,15.253536150292774,12,12,5318885.323033751,5318885.323033751,449471.60952373245,2.774516108171188,2.6345980385017888e-05,0.0008942174897803721,5318885.323033751,0.0008942174897803721,12,2.6345980385017888e-05,5318885.323033751,2.6345980385017888e-05,5318885.323033751,0,449471.6095237325,2.6345980385017888e-05,2.774516108171188,0.0008942174897803721,0.0,True,0.0,0.0
sano,140,1,16.742801979605506,8.371400989802753,1,1,4713525.528645839,4713525.528645839,0.0,0.0,0.0,0.0,4713525.528645839,0.0,1,0.0,4713525.528645839,0.0,4713525.528645839,0,0.0,0.0,0.0,0.0,0.0,True,0.0,0.0
sano,141,2,107.29077686299684,53.64538843149842,12,12,7066369.535589017,7066369.535589017,1738520.146716958,10.73160584393184,0.006514139432228966,0.027653699182387838,7066369.535589017,0.027653699182387838,12,0.006514139432228966,7066369.535589017,0.0065141394322289665,7066369.535589017,0,1738520.146716958,0.0065141394322289665,10.731605843931838,0.027653699182387838,0.0,True,0.0,0.0
sano,142,2,91.6891411860629,45.84457059303145,12,12,12326794.941143215,12326794.941143215,5624411.902329232,34.718591989686615,0.021872493675680036,0.09114283944332287,12326794.941143215,0.09114283944332287,12,0.021872493675680036,12326794.941143215,0.02187249367568004,12326794.941143215,0,5624411.902329232,0.02187249367568004,34.718591989686615,0.09114283944332287,0.0,True,0.0,0.0
sano,143,1,44.52626331962693,22.263131659813464,1,1,4713525.528645839,4713525.528645839,0.0,0.0,0.0,0.0,4713525.528645839,0.0,1,0.0,4713525.528645839,0.0,4713525.528645839,0,0.0,0.0,0.0,0.0,0.0,True,0.0,0.0
sano,144,3,88.96436784768275,44.482183923841376,12,12,10144205.73379363,10144205.73379363,4031338.8284112345,24.884807582785395,0.0008969734112070892,0.012331391316628844,10144205.73379363,0.012331391316628844,12,0.0008969734112070892,10144205.73379363,0.000896973411207089,10144205.73379363,0,4031338.828411234,0.000896973411207089,24.884807582785395,0.012331391316628844,0.0,True,0.0,0.0
sano,145,1,60.543555445089126,30.271777722544563,1,1,4713525.528645839,4713525.528645839,0.0,0.0,0.0,0.0,4713525.528645839,0.0,1,0.0,4713525.528645839,0.0,4713525.528645839,0,0.0,0.0,0.0,0.0,0.0,True,0.0,0.0
sano,146,1,9.366927669051297,4.683463834525648,1,1,4713525.528645839,4713525.528645839,0.0,0.0,0.0,0.0,4713525.528645839,0.0,1,0.0,4713525.528645839,0.0,4713525.528645839,0,0.0,0.0,0.0,0.0,0.0,True,0.0,0.0
sano,147,2,27.529269667093907,13.764634833546953,12,12,78108627.00371075,78108627.00371075,54486007.67437222,336.3333807060015,0.009944506930105486,0.19127973711373752,78108627.00371075,0.19127973711373752,12,0.009944506930105486,78108627.00371075,0.009944506930105488,78108627.00371075,0,54486007.674372226,0.009944506930105488,336.33338070600144,0.19127973711373752,0.0,True,0.0,0.0
sano,148,1,61.73836354306632,30.86918177153316,1,1,4713525.528645839,4713525.528645839,0.0,0.0,0.0,0.0,4713525.528645839,0.0,1,0.0,4713525.528645839,0.0,4713525.528645839,0,0.0,0.0,0.0,0.0,0.0,True,0.0,0.0
sano,149,2,59.93868487820372,29.96934243910186,12,12,9645046.279616488,9645046.279616488,3653509.2609094977,22.55252630191048,0.0063558658543597865,0.03959837031598494,9645046.279616488,0.03959837031598494,12,0.0063558658543597865,9645046.279616488,0.0063558658543597865,9645046.279616488,0,3653509.2609094977,0.0063558658543597865,22.55252630191048,0.03959837031598494,0.0,True,0.0,0.0
sano,150,1,12.119725519984842,6.059862759992421,1,1,4713525.528645839,4713525.528645839,0.0,0.0,0.0,0.0,4713525.528645839,0.0,1,0.0,4713525.528645839,0.0,4713525.528645839,0,0.0,0.0,0.0,0.0,0.0,True,0.0,0.0
sano,151,1,84.79168644437144,42.39584322218572,1,1,4713525.528645839,4713525.528645839,0.0,0.0,0.0,0.0,4713525.528645839,0.0,1,0.0,4713525.528645839,0.0,4713525.528645839,0,0.0,0.0,0.0,0.0,0.0,True,0.0,0.0
sano,152,1,51.79963857754508,25.89981928877254,1,1,4713525.528645839,4713525.528645839,0.0,0.0,0.0,0.0,4713525.528645839,0.0,1,0.0,4713525.528645839,0.0,4713525.528645839,0,0.0,0.0,0.0,0.0,0.0,True,0.0,0.0
sano,153,1,8.097303315423005,4.048651657711503,1,1,4713525.528645839,4713525.528645839,0.0,0.0,0.0,0.0,4713525.528645839,0.0,1,0.0,4713525.528645839,0.0,4713525.528645839,0,0.0,0.0,0.0,0.0,0.0,True,0.0,0.0
sano,154,1,38.83392669699476,19.41696334849738,1,1,4713525.528645839,4713525.528645839,0.0,0.0,0.0,0.0,4713525.528645839,0.0,1,0.0,4713525.528645839,0.0,4713525.528645839,0,0.0,0.0,0.0,0.0,0.0,True,0.0,0.0
sano,155,2,145.28233338704757,72.64116669352379,12,12,16957168.688487556,16957168.688487556,8971471.524671625,55.379453855997674,0.09119181908816744,0.23504154125882043,16957168.688487556,0.23504154125882043,12,0.09119181908816744,16957168.688487552,0.09119181908816744,16957168.688487552,0,8971471.524671623,0.09119181908816744,55.37945385599768,0.23504154125882043,0.0,True,0.0,0.0
sano,156,4,166.3357484770827,83.16787423854134,12,12,32502358.889248803,32502358.889248803,20311651.353539743,125.38056391073913,0.2453477265785126,0.41135048225374726,32502358.889248803,0.41135048225374726,12,0.2453477265785126,32502358.88924881,0.2453477265785126,32502358.88924881,0,20311651.353539746,0.2453477265785126,125.38056391073917,0.41135048225374726,0.0,True,0.0,0.0
sano,157,1,81.52427726798196,40.76213863399098,1,1,4713525.528645839,4713525.528645839,0.0,0.0,0.0,0.0,4713525.528645839,0.0,1,0.0,4713525.528645839,0.0,4713525.528645839,0,0.0,0.0,0.0,0.0,0.0,True,0.0,0.0
sano,158,3,255.67754273970536,127.83877136985268,12,12,19316746.925931398,19316746.925931398,10708998.013530686,66.10492600944869,0.10226214500874382,0.19889851737375988,19316746.925931398,0.19889851737375988,12,0.10226214500874382,19316746.925931398,0.10226214500874384,19316746.925931398,0,10708998.013530686,0.10226214500874384,66.10492600944868,0.19889851737375988,0.0,True,0.0,0.0
sano,159,1,30.78894316986234,15.39447158493117,1,1,4713525.528645839,4713525.528645839,0.0,0.0,0.0,0.0,4713525.528645839,0.0,1,0.0,4713525.528645839,0.0,4713525.528645839,0,0.0,0.0,0.0,0.0,0.0,True,0.0,0.0
sano,160,2,191.61327490762525,95.80663745381263,12,12,45920579.35245604,45920579.35245604,30286082.192497622,186.95112464504703,0.23712940322772924,0.6963845026038226,45920579.35245604,0.6963845026038226,12,0.23712940322772924,45920579.35245604,0.23712940322772919,45920579.35245604,0,30286082.192497626,0.23712940322772919,186.95112464504706,0.6963845026038226,0.0,True,0.0,0.0
sano,161,1,111.68643475241424,55.84321737620712,1,1,4713525.528645839,4713525.528645839,0.0,0.0,0.0,0.0,4713525.528645839,0.0,1,0.0,4713525.528645839,0.0,4713525.528645839,0,0.0,0.0,0.0,0.0,0.0,True,0.0,0.0
sano,162,1,45.69139288536808,22.84569644268404,1,1,4713525.528645839,4713525.528645839,0.0,0.0,0.0,0.0,4713525.528645839,0.0,1,0.0,4713525.528645839,0.0,4713525.528645839,0,0.0,0.0,0.0,0.0,0.0,True,0.0,0.0
sano,163,1,95.12360056254006,47.56180028127003,1,1,4713525.528645839,4713525.528645839,0.0,0.0,0.0,0.0,4713525.528645839,0.0,1,0.0,4713525.528645839,0.0,4713525.528645839,0,0.0,0.0,0.0,0.0,0.0,True,0.0,0.0
sano,164,1,117.6817268208518,58.8408634104259,1,1,4713525.528645839,4713525.528645839,0.0,0.0,0.0,0.0,4713525.528645839,0.0,1,0.0,4713525.528645839,0.0,4713525.528645839,0,0.0,0.0,0.0,0.0,0.0,True,0.0,0.0
sano,165,1,78.32777268818633,39.163886344093164,1,1,4713525.528645839,4713525.528645839,0.0,0.0,0.0,0.0,4713525.528645839,0.0,1,0.0,4713525.528645839,0.0,4713525.528645839,0,0.0,0.0,0.0,0.0,0.0,True,0.0,0.0
sano,166,3,294.73238598982954,147.36619299491477,12,12,17666261.180504292,17666261.180504292,9144900.91042426,56.45000561990283,0.3595886741290975,0.35432306028560023,17666261.180504292,0.35432306028560023,12,0.3595886741290975,17666261.180504292,0.35958867412909756,17666261.180504292,0,9144900.910424259,0.35958867412909756,56.450005619902825,0.35432306028560023,0.0,False,0.0,0.0
sano,167,1,1.7683939901772632,0.8841969950886316,1,1,4713525.528645839,4713525.528645839,0.0,0.0,0.0,0.0,4713525.528645839,0.0,1,0.0,4713525.528645839,0.0,4713525.528645839,0,0.0,0.0,0.0,0.0,0.0,True,0.0,0.0
sano,168,1,8.818356884814522,4.409178442407261,1,1,4713525.528645839,4713525.528645839,0.0,0.0,0.0,0.0,4713525.528645839,0.0,1,0.0,4713525.528645839,0.0,4713525.528645839,0,0.0,0.0,0.0,0.0,0.0,True,0.0,0.0
sano,169,2,114.35099775505878,57.17549887752939,12,12,64904090.26259339,64904090.26259339,44348258.216139264,273.75468034653875,0.2629090409377266,0.8873110489611773,64904090.26259339,0.8873110489611773,12,0.2629090409377266,64904090.26259339,0.2629090409377266,64904090.26259339,0,44348258.216139264,0.2629090409377266,273.7546803465387,0.8873110489611773,0.0,True,0.0,0.0
sano,170,1,80.09224627209791,40.046123136048955,1,1,4713525.528645839,4713525.528645839,0.0,0.0,0.0,0.0,4713525.528645839,0.0,1,0.0,4713525.528645839,0.0,4713525.528645839,0,0.0,0.0,0.0,0.0,0.0,True,0.0,0.0
sano,171,1,147.04143908990758,73.52071954495379,1,1,4713525.528645839,4713525.528645839,0.0,0.0,0.0,0.0,4713525.528645839,0.0,1,0.0,4713525.528645839,0.0,4713525.528645839,0,0.0,0.0,0.0,0.0,0.0,True,0.0,0.0
sano,172,2,227.88843881814864,113.94421940907432,12,12,12525402.713146986,12525402.713146986,5638369.205729612,34.80474818351613,0.123360540634134,0.2167203695089256,12525402.713146986,0.2167203695089256,12,0.123360540634134,12525402.713146988,0.12336054063413399,12525402.713146988,0,5638369.205729612,0.12336054063413399,34.804748183516125,0.2167203695089256,0.0,True,0.0,0.0
sano,173,3,279.6375205397502,139.8187602698751,12,12,19644507.358879473,19644507.358879473,10694738.293538513,66.01690304653404,0.29809385932755905,0.3129037045840664,19644507.358879473,0.3129037045840664,12,0.29809385932755905,19644507.35887947,0.29809385932755905,19644507.35887947,0,10694738.293538515,0.29809385932755905,66.01690304653404,0.3129037045840664,0.0,False,0.0,0.0
sano,174,2,148.69715428672367,74.34857714336184,12,12,25104167.484167103,25104167.484167103,15139895.750990532,93.45614661105266,0.0008001336264128607,0.028600758365172663,25104167.484167103,0.028600758365172663,12,0.0008001336264128607,25104167.484167106,0.0008001336264128608,25104167.484167106,0,15139895.75099053,0.0008001336264128608,93.45614661105266,0.028600758365172663,0.0,True,0.0,0.0
sano,175,1,33.40175412644282,16.70087706322141,1,1,4713525.528645839,4713525.528645839,0.0,0.0,0.0,0.0,4713525.528645839,0.0,1,0.0,4713525.528645839,0.0,4713525.528645839,0,0.0,0.0,0.0,0.0,0.0,True,0.0,0.0
sano,176,1,57.73782144480862,28.86891072240431,1,1,4713525.528645839,4713525.528645839,0.0,0.0,0.0,0.0,4713525.528645839,0.0,1,0.0,4713525.528645839,0.0,4713525.528645839,0,0.0,0.0,0.0,0.0,0.0,True,0.0,0.0
sano,177,4,295.8374547067324,147.9187273533662,12,12,79077722.73826419,79077722.73826419,53630489.112564646,331.0524019294115,1.2072038888038887,1.677885801480604,79077722.73826419,1.677885801480604,12,1.2072038888038887,79077722.73826417,1.2072038888038887,79077722.73826417,0,53630489.11256464,1.2072038888038887,331.0524019294114,1.677885801480604,0.0,False,0.0,0.0
sano,178,1,63.890769709930325,31.945384854965162,1,1,4713525.528645839,4713525.528645839,0.0,0.0,0.0,0.0,4713525.528645839,0.0,1,0.0,4713525.528645839,0.0,4713525.528645839,0,0.0,0.0,0.0,0.0,0.0,True,0.0,0.0
sano,179,2,135.83938921622976,67.91969460811488,12,12,38482378.86299675,38482378.86299675,24887175.62346756,153.62454088560227,0.14265966180722298,0.48963589311538724,38482378.86299675,0.48963589311538724,12,0.14265966180722298,38482378.86299675,0.142659661807223,38482378.86299675,0,24887175.62346756,0.142659661807223,153.62454088560224,0.48963589311538724,0.0,True,0.0,0.0
sano,180,1,6.908392510970354,3.454196255485177,1,1,4713525.528645839,4713525.528645839,0.0,0.0,0.0,0.0,4713525.528645839,0.0,1,0.0,4713525.528645839,0.0,4713525.528645839,0,0.0,0.0,0.0,0.0,0.0,True,0.0,0.0
sano,181,1,79.6155734204733,39.80778671023665,1,1,4713525.528645839,4713525.528645839,0.0,0.0,0.0,0.0,4713525.528645839,0.0,1,0.0,4713525.528645839,0.0,4713525.528645839,0,0.0,0.0,0.0,0.0,0.0,True,0.0,0.0
sano,182,2,194.72459029327496,97.36229514663748,12,12,13207462.507717088,13207462.507717088,6237268.520639225,38.50165753481003,0.05309609670692981,0.14954206164253592,13207462.507717088,0.14954206164253592,12,0.05309609670692981,13207462.507717088,0.0530960967069298,13207462.507717088,0,6237268.520639225,0.0530960967069298,38.50165753481003,0.14954206164253592,0.0,True,0.0,0.0
sano,183,2,119.04332577903644,59.52166288951822,12,12,12522680.377050787,12522680.377050787,5779373.386851671,35.675144363281916,0.014645424944538852,0.07560076860941535,12522680.377050787,0.07560076860941535,12,0.014645424944538852,12522680.377050787,0.014645424944538852,12522680.377050787,0,5779373.386851671,0.014645424944538852,35.67514436328192,0.07560076860941535,0.0,True,0.0,0.0
sano,184,2,176.72031651310738,88.36015825655369,12,12,19032235.415592577,19032235.415592577,10486041.36980808,64.72865043091407,0.11115111768051554,0.28054177837298866,19032235.415592577,0.28054177837298866,12,0.11115111768051554,19032235.415592574,0.11115111768051554,19032235.415592574,0,10486041.36980808,0.11115111768051554,64.72865043091407,0.28054177837298866,0.0,True,0.0,0.0
sano,185,1,48.34419845218795,24.172099226093977,1,1,4713525.528645839,4713525.528645839,0.0,0.0,0.0,0.0,4713525.528645839,0.0,1,0.0,4713525.528645839,0.0,4713525.528645839,0,0.0,0.0,0.0,0.0,0.0,True,0.0,0.0
sano,186,3,78.20314445240456,39.10157222620228,12,12,24577330.406741183,24577330.406741183,14741251.152957164,90.99537748738989,0.00645907014701783,0.048495624951680555,24577330.406741183,0.048495624951680555,12,0.00645907014701783,24577330.406741183,0.006459070147017831,24577330.406741183,0,14741251.152957162,0.006459070147017831,90.99537748738989,0.048495624951680555,0.0,True,0.0,0.0
sano,187,2,101.49137207342682,50.74568603671341,12,12,16042700.171510635,16042700.171510635,8404400.064496249,51.879012743804,0.006088742157281136,0.05878303369653042,16042700.171510635,0.05878303369653042,12,0.006088742157281136,16042700.171510633,0.006088742157281136,16042700.171510633,0,8404400.064496249,0.006088742157281136,51.879012743804005,0.05878303369653042,0.0,True,0.0,0.0
sano,188,1,91.68938859560078,45.84469429780039,1,1,4713525.528645839,4713525.528645839,0.0,0.0,0.0,0.0,4713525.528645839,0.0,1,0.0,4713525.528645839,0.0,4713525.528645839,0,0.0,0.0,0.0,0.0,0.0,True,0.0,0.0
sano,189,2,98.55007428502896,49.27503714251448,12,12,9499926.307039754,9499926.307039754,3531988.6910035815,21.8023993271826,0.016816952250376657,0.06333126209681005,9499926.307039754,0.06333126209681005,12,0.016816952250376657,9499926.307039756,0.016816952250376653,9499926.307039756,0,3531988.691003581,0.016816952250376653,21.8023993271826,0.06333126209681005,0.0,True,0.0,0.0
sano,190,2,123.12026281657447,61.56013140828723,12,12,99207622.6202748,99207622.6202748,70030700.17350979,432.28827267598626,0.10286000461070798,0.6974327694711526,99207622.6202748,0.6974327694711526,12,0.10286000461070798,99207622.6202748,0.10286000461070796,99207622.6202748,0,70030700.17350978,0.10286000461070796,432.28827267598626,0.6974327694711526,0.0,True,0.0,0.0
sano,191,2,176.55653452355494,88.27826726177747,12,12,36077153.34761827,36077153.34761827,23126233.200888764,142.7545259314122,0.12362401548687325,0.4393784157287966,36077153.34761827,0.4393784157287966,12,0.12362401548687325,36077153.34761826,0.12362401548687324,36077153.34761826,0,23126233.200888768,0.12362401548687324,142.75452593141216,0.4393784157287966,0.0,True,0.0,0.0
sano,192,2,171.65970783013694,85.82985391506847,12,12,16134172.884715013,16134172.884715013,8373465.435001374,51.68805824074923,0.0812309751493946,0.21431289090909902,16134172.884715013,0.21431289090909902,12,0.0812309751493946,16134172.88471501,0.08123097514939462,16134172.88471501,0,8373465.435001375,0.08123097514939462,51.68805824074923,0.21431289090909902,0.0,True,0.0,0.0
sano,193,4,180.2362884408624,107.55299665980628,12,12,42413561.62632855,42413561.62632855,27727897.942756012,171.15986384417292,0.20221709188522083,0.24067489832306638,42413561.62632855,0.24067489832306638,12,0.20221709188522083,42413561.62632856,0.2022170918852208,42413561.62632856,0,27727897.942756016,0.2022170918852208,171.15986384417295,0.24067489832306638,0.0,True,0.0,0.0
sano,194,1,103.45741858192105,51.72870929096052,1,1,4713525.528645839,4713525.528645839,0.0,0.0,0.0,0.0,4713525.528645839,0.0,1,0.0,4713525.528645839,0.0,4713525.528645839,0,0.0,0.0,0.0,0.0,0.0,True,0.0,0.0
sano,195,2,52.52587279406227,26.262936397031137,12,12,12998935.556796407,12998935.556796407,6141950.096817934,37.91327220257984,0.007852864841607642,0.057069234655916706,12998935.556796407,0.057069234655916706,12,0.007852864841607642,12998935.55679641,0.00785286484160764,12998935.55679641,0,6141950.096817934,0.00785286484160764,37.91327220257984,0.057069234655916706,0.0,True,0.0,0.0
sano,196,1,16.60790708388291,8.303953541941455,1,1,4713525.528645839,4713525.528645839,0.0,0.0,0.0,0.0,4713525.528645839,0.0,1,0.0,4713525.528645839,0.0,4713525.528645839,0,0.0,0.0,0.0,0.0,0.0,True,0.0,0.0
sano,197,3,54.38266459553246,27.19133229776623,12,12,42951888.95209312,42951888.95209312,28385344.885324884,175.21817830447458,0.006325350008010887,0.06345435414245514,42951888.95209312,0.06345435414245514,12,0.006325350008010887,42951888.95209311,0.006325350008010885,42951888.95209311,0,28385344.88532488,0.006325350008010885,175.21817830447458,0.06345435414245514,0.0,True,0.0,0.0
sano,198,1,62.714329171050686,31.357164585525343,1,1,4713525.528645839,4713525.528645839,0.0,0.0,0.0,0.0,4713525.528645839,0.0,1,0.0,4713525.528645839,0.0,4713525.528645839,0,0.0,0.0,0.0,0.0,0.0,True,0.0,0.0
sano,199,2,58.31772491524943,29.158862457624714,12,12,14902819.480211524,14902819.480211524,7557693.820481148,46.65243099062436,0.006312746514726378,0.056759513908113075,14902819.480211524,0.056759513908113075,12,0.006312746514726378,14902819.480211524,0.006312746514726378,14902819.480211524,0,7557693.820481147,0.006312746514726378,46.65243099062436,0.056759513908113075,0.0,True,0.0,0.0
sano,200,1,71.34754436577215,35.673772182886076,1,1,4713525.528645839,4713525.528645839,0.0,0.0,0.0,0.0,4713525.528645839,0.0,1,0.0,4713525.528645839,0.0,4713525.528645839,0,0.0,0.0,0.0,0.0,0.0,True,0.0,0.0
sano,201,1,126.92909799246311,63.46454899623156,1,1,4713525.528645839,4713525.528645839,0.0,0.0,0.0,0.0,4713525.528645839,0.0,1,0.0,4713525.528645839,0.0,4713525.528645839,0,0.0,0.0,0.0,0.0,0.0,True,0.0,0.0
sano,202,2,79.64457347871911,39.822286739359555,12,12,6455174.518394594,6455174.518394594,1287774.5592206758,7.949225674201703,0.0041626711025998875,0.01902570746542778,6455174.518394594,0.01902570746542778,12,0.0041626711025998875,6455174.518394594,0.0041626711025998875,6455174.518394594,0,1287774.559220676,0.0041626711025998875,7.949225674201704,0.01902570746542778,0.0,True,0.0,0.0
sano,203,2,106.02832544290372,53.01416272145186,12,12,16847330.683624063,16847330.683624063,8985439.869494645,55.465678206757055,0.01858017841338721,0.10617675698831523,16847330.683624063,0.10617675698831523,12,0.01858017841338721,16847330.683624066,0.018580178413387206,16847330.683624066,0,8985439.869494645,0.018580178413387206,55.46567820675706,0.10617675698831523,0.0,True,0.0,0.0
sano,204,1,93.19118331572774,46.59559165786387,1,1,4713525.528645839,4713525.528645839,0.0,0.0,0.0,0.0,4713525.528645839,0.0,1,0.0,4713525.528645839,0.0,4713525.528645839,0,0.0,0.0,0.0,0.0,0.0,True,0.0,0.0
sano,205,1,71.96258327170281,35.981291635851406,1,1,4713525.528645839,4713525.528645839,0.0,0.0,0.0,0.0,4713525.528645839,0.0,1,0.0,4713525.528645839,0.0,4713525.528645839,0,0.0,0.0,0.0,0.0,0.0,True,0.0,0.0
sano,206,2,155.0889351728537,77.54446758642685,12,12,17978645.479088012,17978645.479088012,9705447.187061463,59.91016782136706,0.10982648988705403,0.26828486453601447,17978645.479088012,0.26828486453601447,12,0.10982648988705403,17978645.479088016,0.10982648988705403,17978645.479088016,0,9705447.187061464,0.10982648988705403,59.91016782136707,0.26828486453601447,0.0,True,0.0,0.0
sano,207,3,269.57757491945245,134.78878745972622,12,12,96486732.55721493,96486732.55721493,65689396.846713394,405.490103992058,1.8670150059992647,2.5092636359704334,96486732.55721493,2.5092636359704334,12,1.8670150059992647,96486732.55721492,1.8670150059992652,96486732.55721492,0,65689396.84671339,1.8670150059992652,405.490103992058,2.5092636359704334,0.0,True,0.0,0.0
sano,208,1,66.4277758397742,33.2138879198871,1,1,4713525.528645839,4713525.528645839,0.0,0.0,0.0,0.0,4713525.528645839,0.0,1,0.0,4713525.528645839,0.0,4713525.528645839,0,0.0,0.0,0.0,0.0,0.0,True,0.0,0.0
sano,209,1,95.15463001029217,47.57731500514608,1,1,4713525.528645839,4713525.528645839,0.0,0.0,0.0,0.0,4713525.528645839,0.0,1,0.0,4713525.528645839,0.0,4713525.528645839,0,0.0,0.0,0.0,0.0,0.0,True,0.0,0.0
sano,210,1,66.62685009072281,33.313425045361406,1,1,4713525.528645839,4713525.528645839,0.0,0.0,0.0,0.0,4713525.528645839,0.0,1,0.0,4713525.528645839,0.0,4713525.528645839,0,0.0,0.0,0.0,0.0,0.0,True,0.0,0.0
sano,211,5,120.09559554158997,60.047797770794986,12,12,32612262.006519157,32612262.006519157,20675570.09360173,127.6269758864304,0.030760629850228986,0.10109802181333374,32612262.006519157,0.10109802181333374,12,0.030760629850228986,32570422.667434517,0.030792776741779708,32570422.667434517,0,20644460.25183022,0.030792776741779708,127.43493982611247,0.10109802181333374,0.0,True,41839.33908463611,0.0
sano,212,2,155.28513186257305,77.64256593128653,12,12,15612241.141289987,15612241.141289987,7975139.062975898,49.22925347515987,0.08941666717293008,0.21943869746675654,15612241.141289987,0.21943869746675654,12,0.08941666717293008,15612241.141289989,0.08941666717293008,15612241.141289989,0,7975139.062975898,0.08941666717293008,49.229253475159865,0.21943869746675654,0.0,True,0.0,0.0
sano,213,2,157.63861331384834,78.81930665692417,12,12,15013092.500392148,15013092.500392148,7628999.589151443,47.09259005649039,0.014352269412814776,0.08598623435471266,15013092.500392148,0.08598623435471266,12,0.014352269412814776,15013092.500392154,0.014352269412814775,15013092.500392154,0,7628999.589151443,0.014352269412814775,47.09259005649039,0.08598623435471266,0.0,True,0.0,0.0
sano,214,2,82.27203754134611,41.136018770673054,12,12,8060715.195134834,8060715.195134834,2485345.391346448,15.341638218187947,6.851720485617999e-05,0.003391001953257973,8060715.195134834,0.003391001953257973,12,6.851720485617999e-05,8060715.195134834,6.851720485617997e-05,8060715.195134834,0,2485345.3913464486,6.851720485617997e-05,15.341638218187953,0.003391001953257973,0.0,True,0.0,0.0
sano,215,1,40.14339757837132,20.07169878918566,1,1,4713525.528645839,4713525.528645839,0.0,0.0,0.0,0.0,4713525.528645839,0.0,1,0.0,4713525.528645839,0.0,4713525.528645839,0,0.0,0.0,0.0,0.0,0.0,True,0.0,0.0
sano,216,1,126.46771760948248,63.23385880474124,1,1,4713525.528645839,4713525.528645839,0.0,0.0,0.0,0.0,4713525.528645839,0.0,1,0.0,4713525.528645839,0.0,4713525.528645839,0,0.0,0.0,0.0,0.0,0.0,True,0.0,0.0
sano,217,2,49.26282869217307,24.631414346086537,12,12,6654003.256596695,6654003.256596695,1438913.268625518,8.882180670527887,0.0015025720336034208,0.01208286170001013,6654003.256596695,0.01208286170001013,12,0.0015025720336034208,6654003.256596694,0.0015025720336034208,6654003.256596694,0,1438913.2686255178,0.0015025720336034208,8.882180670527887,0.01208286170001013,0.0,True,0.0,0.0
sano,218,2,145.4244781533077,72.71223907665384,12,12,23884346.78048515,23884346.78048515,14210643.832972502,87.72002366032409,0.01864856365517353,0.13377175237391845,23884346.78048515,0.13377175237391845,12,0.01864856365517353,23884346.780485146,0.018648563655173526,23884346.780485146,0,14210643.832972502,0.018648563655173526,87.72002366032409,0.13377175237391845,0.0,True,0.0,0.0
sano,219,2,77.7982860318922,38.8991430159461,12,12,12806220.68714493,12806220.68714493,5994033.565422594,37.000207193966624,0.011514513014186758,0.068268006006155,12806220.68714493,0.068268006006155,12,0.011514513014186758,12806220.687144928,0.011514513014186758,12806220.687144928,0,5994033.565422593,0.011514513014186758,37.000207193966624,0.068268006006155,0.0,True,0.0,0.0
sano,220,4,169.5567925072238,84.7783962536119,12,12,40840194.76848008,40840194.76848008,26596735.720167328,164.1773809886872,0.17399281665113617,0.2636788470322371,40840194.76848008,0.2636788470322371,12,0.17399281665113617,40840194.768480085,0.17399281665113614,40840194.768480085,0,26596735.720167324,0.17399281665113614,164.17738098868716,0.2636788470322371,0.0,True,0.0,0.0
sano,221,3,127.95876377729067,63.979381888645335,12,12,31459293.978480835,31459293.978480835,19834741.289240543,122.43667462494163,0.019130453937143074,0.0935254667143352,31459293.978480835,0.0935254667143352,12,0.019130453937143074,31459293.978480842,0.01913045393714307,31459293.978480842,0,19834741.289240547,0.01913045393714307,122.43667462494163,0.0935254667143352,0.0,True,0.0,0.0
sano,222,1,90.03666057391098,45.01833028695549,1,1,4713525.528645839,4713525.528645839,0.0,0.0,0.0,0.0,4713525.528645839,0.0,1,0.0,4713525.528645839,0.0,4713525.528645839,0,0.0,0.0,0.0,0.0,0.0,True,0.0,0.0
sano,223,1,19.869568544887528,9.934784272443764,1,1,4713525.528645839,4713525.528645839,0.0,0.0,0.0,0.0,4713525.528645839,0.0,1,0.0,4713525.528645839,0.0,4713525.528645839,0,0.0,0.0,0.0,0.0,0.0,True,0.0,0.0
sano,224,3,73.95420221977545,36.97710110988773,12,12,13556161.661603324,13556161.661603324,6548987.431843464,40.42584834471274,0.01296654113388275,0.0753744468168238,13556161.661603324,0.0753744468168238,12,0.01296654113388275,13556161.661603322,0.01296654113388275,13556161.661603322,0,6548987.431843465,0.01296654113388275,40.42584834471275,0.0753744468168238,0.0,True,0.0,0.0
sano,225,1,25.485400630850457,12.742700315425228,1,1,4713525.528645839,4713525.528645839,0.0,0.0,0.0,0.0,4713525.528645839,0.0,1,0.0,4713525.528645839,0.0,4713525.528645839,0,0.0,0.0,0.0,0.0,0.0,True,0.0,0.0
sano,226,2,18.592343303116778,9.296171651558389,12,12,6736730.423242949,6736730.423242949,1502233.6718731301,9.273047357241547,6.456398492379757e-05,0.002559167755025362,6736730.423242949,0.002559167755025362,12,6.456398492379757e-05,6736730.423242949,6.456398492379756e-05,6736730.423242949,0,1502233.6718731304,6.456398492379756e-05,9.273047357241545,0.002559167755025362,0.0,True,0.0,0.0
sano,227,1,37.53673548136432,18.76836774068216,1,1,4713525.528645839,4713525.528645839,0.0,0.0,0.0,0.0,4713525.528645839,0.0,1,0.0,4713525.528645839,0.0,4713525.528645839,0,0.0,0.0,0.0,0.0,0.0,True,0.0,0.0
sano,228,3,145.73019304815352,72.86509652407676,12,12,13041914.974030035,13041914.974030035,6116220.293723355,37.75444625755158,0.05166853738976929,0.08784790262344767,13041914.974030035,0.08784790262344767,12,0.05166853738976929,13041914.974030035,0.05166853738976929,13041914.974030035,0,6116220.293723354,0.05166853738976929,37.75444625755157,0.08784790262344767,0.0,True,0.0,0.0
sano,229,1,19.669368180939077,9.834684090469539,1,1,4713525.528645839,4713525.528645839,0.0,0.0,0.0,0.0,4713525.528645839,0.0,1,0.0,4713525.528645839,0.0,4713525.528645839,0,0.0,0.0,0.0,0.0,0.0,True,0.0,0.0
sano,230,1,123.93820259836184,61.96910129918092,1,1,4713525.528645839,4713525.528645839,0.0,0.0,0.0,0.0,4713525.528645839,0.0,1,0.0,4713525.528645839,0.0,4713525.528645839,0,0.0,0.0,0.0,0.0,0.0,True,0.0,0.0
sano,231,1,50.26894081602544,25.13447040801272,1,1,4713525.528645839,4713525.528645839,0.0,0.0,0.0,0.0,4713525.528645839,0.0,1,0.0,4713525.528645839,0.0,4713525.528645839,0,0.0,0.0,0.0,0.0,0.0,True,0.0,0.0
sano,232,1,67.67297622381989,33.836488111909944,1,1,4713525.528645839,4713525.528645839,0.0,0.0,0.0,0.0,4713525.528645839,0.0,1,0.0,4713525.528645839,0.0,4713525.528645839,0,0.0,0.0,0.0,0.0,0.0,True,0.0,0.0
sano,233,1,18.979460481537647,9.489730240768823,1,1,4713525.528645839,4713525.528645839,0.0,0.0,0.0,0.0,4713525.528645839,0.0,1,0.0,4713525.528645839,0.0,4713525.528645839,0,0.0,0.0,0.0,0.0,0.0,True,0.0,0.0
sano,234,3,154.52665021847406,77.26332510923703,12,12,23684049.780832898,23684049.780832898,13964568.327490786,86.20103905858512,0.09264229621460933,0.16977098099031854,23684049.780832898,0.16977098099031854,12,0.09264229621460933,23684049.7808329,0.09264229621460933,23684049.7808329,0,13964568.32749079,0.09264229621460933,86.20103905858512,0.16977098099031854,0.0,True,0.0,0.0
sano,236,1,106.84526451517942,53.42263225758971,1,1,4713525.528645839,4713525.528645839,0.0,0.0,0.0,0.0,4713525.528645839,0.0,1,0.0,4713525.528645839,0.0,4713525.528645839,0,0.0,0.0,0.0,0.0,0.0,True,0.0,0.0
sano,237,3,62.25315273811585,31.126576369057926,12,12,26858368.876898337,26858368.876898337,16415342.85257396,101.32927686774046,0.021417779243702695,0.1492708461560494,26858368.876898337,0.1492708461560494,12,0.021417779243702695,26858368.876898333,0.021417779243702695,26858368.876898333,0,16415342.85257396,0.021417779243702695,101.32927686774048,0.1492708461560494,0.0,True,0.0,0.0
sano,238,3,192.81954551041696,96.40977275520848,12,12,29296588.657446966,29296588.657446966,18110003.5748487,111.7901455237574,0.10945720688624516,0.3222258161159388,29296588.657446966,0.3222258161159388,12,0.10945720688624516,29296588.65744696,0.10945720688624516,29296588.65744696,0,18110003.574848697,0.10945720688624516,111.79014552375739,0.3222258161159388,0.0,True,0.0,0.0
sano,239,3,117.70753322079386,58.85376661039693,12,12,20078820.91471677,20078820.91471677,11348803.37703623,70.05434183355702,0.04606581126340583,0.18748150330932792,20078820.91471677,0.18748150330932792,12,0.04606581126340583,20078820.914716765,0.04606581126340584,20078820.914716765,0,11348803.377036233,0.04606581126340584,70.054341833557,0.18748150330932792,0.0,True,0.0,0.0
sano,241,1,26.309492276560416,13.154746138280208,1,1,4713525.528645839,4713525.528645839,0.0,0.0,0.0,0.0,4713525.528645839,0.0,1,0.0,4713525.528645839,0.0,4713525.528645839,0,0.0,0.0,0.0,0.0,0.0,True,0.0,0.0
sano,242,3,107.25106714021118,53.62553357010559,12,12,27820282.71946736,27820282.71946736,17103878.19965314,105.57949505958727,0.04097385977626077,0.2143508980000646,27820282.71946736,0.2143508980000646,12,0.04097385977626077,27820282.719467364,0.04097385977626077,27820282.719467364,0,17103878.199653137,0.04097385977626077,105.57949505958727,0.2143508980000646,0.0,True,0.0,0.0
sano,243,2,74.14007019983765,37.070035099918826,12,12,17759435.578285802,17759435.578285802,9654883.90330692,59.5980487858452,0.024534847090622192,0.12647364960647617,17759435.578285802,0.12647364960647617,12,0.024534847090622192,17759435.5782858,0.024534847090622192,17759435.5782858,0,9654883.903306922,0.024534847090622192,59.5980487858452,0.12647364960647617,0.0,True,0.0,0.0
sano,244,3,31.74824301609768,15.87412150804884,12,12,21996718.908783913,21996718.908783913,12829768.413891057,79.19610132031517,0.00286011204480857,0.02627894703171325,21996718.908783913,0.02627894703171325,12,0.00286011204480857,21996718.908783913,0.0028601120448085698,21996718.908783913,0,12829768.413891057,0.0028601120448085698,79.19610132031517,0.02627894703171325,0.0,True,0.0,0.0
sano,245,5,126.16241418343705,63.081207091718525,12,12,42450389.36244033,42450389.36244033,27926905.994187128,172.38830860609343,0.07173533246960852,0.15911836568613227,42450389.36244033,0.15911836568613227,12,0.07173533246960852,42450389.362440325,0.07173533246960852,42450389.362440325,0,27926905.99418713,0.07173533246960852,172.3883086060934,0.15911836568613227,0.0,True,0.0,0.0
sano,246,2,23.562061818805216,11.781030909402608,12,12,13802232.725249106,13802232.725249106,6748319.294292438,41.65629194007677,0.00033863569017914046,0.012422214404783262,13802232.725249106,0.012422214404783262,12,0.00033863569017914046,13802232.725249104,0.00033863569017914046,13802232.725249104,0,6748319.294292438,0.00033863569017914046,41.65629194007678,0.012422214404783262,0.0,True,0.0,0.0
sano,247,2,43.362305418333776,21.681152709166888,12,12,6835905.2966733435,6835905.2966733435,1574917.1334791891,9.721710700488824,0.0007929337840815303,0.0091829487406927,6835905.2966733435,0.0091829487406927,12,0.0007929337840815303,6835905.296673344,0.0007929337840815305,6835905.296673344,0,1574917.1334791891,0.0007929337840815305,9.721710700488822,0.0091829487406927,0.0,True,0.0,0.0
sano,248,1,86.51399108177586,43.25699554088793,1,1,4713525.528645839,4713525.528645839,0.0,0.0,0.0,0.0,4713525.528645839,0.0,1,0.0,4713525.528645839,0.0,4713525.528645839,0,0.0,0.0,0.0,0.0,0.0,True,0.0,0.0
sano,249,1,9.799050777497593,4.899525388748796,1,1,4713525.528645839,4713525.528645839,0.0,0.0,0.0,0.0,4713525.528645839,0.0,1,0.0,4713525.528645839,0.0,4713525.528645839,0,0.0,0.0,0.0,0.0,0.0,True,0.0,0.0
sano,250,2,148.40660735965517,74.20330367982758,12,12,8357295.1652278,8357295.1652278,2697358.5241435873,16.650361260145594,0.006309423664559828,0.03389994769108971,8357295.1652278,0.03389994769108971,12,0.006309423664559828,8357295.165227799,0.006309423664559826,8357295.165227799,0,2697358.524143587,0.006309423664559826,16.650361260145598,0.03389994769108971,0.0,True,0.0,0.0
sano,251,1,67.56846674310292,33.78423337155146,1,1,4713525.528645839,4713525.528645839,0.0,0.0,0.0,0.0,4713525.528645839,0.0,1,0.0,4713525.528645839,0.0,4713525.528645839,0,0.0,0.0,0.0,0.0,0.0,True,0.0,0.0
sano,252,1,43.0956036188105,21.54780180940525,1,1,4713525.528645839,4713525.528645839,0.0,0.0,0.0,0.0,4713525.528645839,0.0,1,0.0,4713525.528645839,0.0,4713525.528645839,0,0.0,0.0,0.0,0.0,0.0,True,0.0,0.0
sano,253,2,107.4373625374212,53.7186812687106,12,12,13038781.882349223,13038781.882349223,6174956.996500528,38.11701849691684,0.005253860683906444,0.046804875050370474,13038781.882349223,0.046804875050370474,12,0.005253860683906444,13038781.882349223,0.005253860683906443,13038781.882349223,0,6174956.996500528,0.005253860683906443,38.11701849691684,0.046804875050370474,0.0,True,0.0,0.0
sano,254,1,36.556024713738495,18.278012356869247,1,1,4713525.528645839,4713525.528645839,0.0,0.0,0.0,0.0,4713525.528645839,0.0,1,0.0,4713525.528645839,0.0,4713525.528645839,0,0.0,0.0,0.0,0.0,0.0,True,0.0,0.0
sano,255,1,10.241939576980249,5.120969788490124,1,1,4713525.528645839,4713525.528645839,0.0,0.0,0.0,0.0,4713525.528645839,0.0,1,0.0,4713525.528645839,0.0,4713525.528645839,0,0.0,0.0,0.0,0.0,0.0,True,0.0,0.0
sano,256,2,60.029276283844496,30.014638141922248,12,12,5780669.360979873,5780669.360979873,790760.539738299,4.881237899619129,0.001247101771853923,0.008160340638473873,5780669.360979873,0.008160340638473873,12,0.001247101771853923,5780669.360979873,0.001247101771853923,5780669.360979873,0,790760.5397382989,0.001247101771853923,4.881237899619129,0.008160340638473873,0.0,True,0.0,0.0
sano,257,3,172.09810516716453,86.04905258358227,12,12,32954420.800521504,32954420.800521504,20919376.603281848,129.13195434124597,0.03856044779592027,0.22631493454089466,32954420.800521504,0.22631493454089466,12,0.03856044779592027,32954420.800521508,0.03856044779592027,32954420.800521508,0,20919376.603281844,0.03856044779592027,129.13195434124594,0.22631493454089466,0.0,True,0.0,0.0
sano,258,1,37.23200288368277,18.616001441841384,1,1,4713525.528645839,4713525.528645839,0.0,0.0,0.0,0.0,4713525.528645839,0.0,1,0.0,4713525.528645839,0.0,4713525.528645839,0,0.0,0.0,0.0,0.0,0.0,True,0.0,0.0
sano,259,1,139.90744429130228,69.95372214565114,1,1,4713525.528645839,4713525.528645839,0.0,0.0,0.0,0.0,4713525.528645839,0.0,1,0.0,4713525.528645839,0.0,4713525.528645839,0,0.0,0.0,0.0,0.0,0.0,True,0.0,0.0
sano,261,1,46.79096634442956,23.39548317221478,1,1,4713525.528645839,4713525.528645839,0.0,0.0,0.0,0.0,4713525.528645839,0.0,1,0.0,4713525.528645839,0.0,4713525.528645839,0,0.0,0.0,0.0,0.0,0.0,True,0.0,0.0
sano,262,2,214.5374055928369,107.26870279641845,12,12,16944937.667462442,16944937.667462442,8974309.37949821,55.396971478383996,0.08213137259268001,0.22309503458951685,16944937.667462442,0.22309503458951685,12,0.08213137259268001,16944937.667462446,0.08213137259268002,16944937.667462446,0,8974309.379498208,0.08213137259268002,55.396971478384,0.22309503458951685,0.0,True,0.0,0.0
sano,263,3,177.55736833177417,88.77868416588709,12,12,37005164.82702782,37005164.82702782,23650783.153812062,145.99248860377818,0.24869193106760049,0.4620234869908174,37005164.82702782,0.4620234869908174,12,0.24869193106760049,37005164.82702783,0.24869193106760054,37005164.82702783,0,23650783.153812066,0.24869193106760054,145.9924886037782,0.4620234869908174,0.0,True,0.0,0.0
sano,264,1,149.31955085550925,74.65977542775462,1,1,4713525.528645839,4713525.528645839,0.0,0.0,0.0,0.0,4713525.528645839,0.0,1,0.0,4713525.528645839,0.0,4713525.528645839,0,0.0,0.0,0.0,0.0,0.0,True,0.0,0.0
sano,265,1,35.50862973723848,17.75431486861924,1,1,4713525.528645839,4713525.528645839,0.0,0.0,0.0,0.0,4713525.528645839,0.0,1,0.0,4713525.528645839,0.0,4713525.528645839,0,0.0,0.0,0.0,0.0,0.0,True,0.0,0.0
sano,266,2,157.14702705482847,78.57351352741424,12,12,28937843.63756078,28937843.63756078,17793705.39514976,109.83768762438122,0.14739747374922524,0.4208361736689991,28937843.63756078,0.4208361736689991,12,0.14739747374922524,28937843.637560777,0.14739747374922527,28937843.637560777,0,17793705.395149756,0.14739747374922527,109.8376876243812,0.4208361736689991,0.0,True,0.0,0.0
sano,267,1,72.01895913148297,36.009479565741486,1,1,4713525.528645839,4713525.528645839,0.0,0.0,0.0,0.0,4713525.528645839,0.0,1,0.0,4713525.528645839,0.0,4713525.528645839,0,0.0,0.0,0.0,0.0,0.0,True,0.0,0.0
sano,268,1,44.37678921362354,22.18839460681177,1,1,4713525.528645839,4713525.528645839,0.0,0.0,0.0,0.0,4713525.528645839,0.0,1,0.0,4713525.528645839,0.0,4713525.528645839,0,0.0,0.0,0.0,0.0,0.0,True,0.0,0.0
sano,269,2,77.53213723742203,38.76606861871102,12,12,18257500.404733308,18257500.404733308,10027917.095262287,61.900722810261044,0.022103900454366967,0.1223417449976192,18257500.404733308,0.1223417449976192,12,0.022103900454366967,18257500.40473331,0.022103900454366963,18257500.40473331,0,10027917.095262287,0.022103900454366963,61.90072281026104,0.1223417449976192,0.0,True,0.0,0.0
sano,270,1,114.94125888464268,57.47062944232134,1,1,4713525.528645839,4713525.528645839,0.0,0.0,0.0,0.0,4713525.528645839,0.0,1,0.0,4713525.528645839,0.0,4713525.528645839,0,0.0,0.0,0.0,0.0,0.0,True,0.0,0.0
sano,271,1,13.191969974448114,6.595984987224057,1,1,4713525.528645839,4713525.528645839,0.0,0.0,0.0,0.0,4713525.528645839,0.0,1,0.0,4713525.528645839,0.0,4713525.528645839,0,0.0,0.0,0.0,0.0,0.0,True,0.0,0.0
sano,272,1,137.99382744511362,68.99691372255681,1,1,4713525.528645839,4713525.528645839,0.0,0.0,0.0,0.0,4713525.528645839,0.0,1,0.0,4713525.528645839,0.0,4713525.528645839,0,0.0,0.0,0.0,0.0,0.0,True,0.0,0.0
sano,273,1,33.672646984198096,16.836323492099048,1,1,4713525.528645839,4713525.528645839,0.0,0.0,0.0,0.0,4713525.528645839,0.0,1,0.0,4713525.528645839,0.0,4713525.528645839,0,0.0,0.0,0.0,0.0,0.0,True,0.0,0.0
sano,274,3,59.80574007731811,29.902870038659056,12,12,42556289.53066546,42556289.53066546,28089584.68681107,173.392498066735,0.007853344629258687,0.11995553932860326,42556289.53066546,0.11995553932860326,12,0.007853344629258687,42556289.53066546,0.007853344629258687,42556289.53066546,0,28089584.686811063,0.007853344629258687,173.39249806673496,0.11995553932860326,0.0,True,0.0,0.0
sano,275,2,173.0675917767352,86.5337958883676,12,12,12553207.463992165,12553207.463992165,5782402.846288445,35.6938447301756,0.029572637738325403,0.1074568360765496,12553207.463992165,0.1074568360765496,12,0.029572637738325403,12553207.463992165,0.029572637738325403,12553207.463992165,0,5782402.846288445,0.029572637738325403,35.69384473017559,0.1074568360765496,0.0,True,0.0,0.0
sano,276,1,40.6924136385426,20.3462068192713,1,1,4713525.528645839,4713525.528645839,0.0,0.0,0.0,0.0,4713525.528645839,0.0,1,0.0,4713525.528645839,0.0,4713525.528645839,0,0.0,0.0,0.0,0.0,0.0,True,0.0,0.0
sano,277,1,9.462501426724302,4.731250713362151,1,1,4713525.528645839,4713525.528645839,0.0,0.0,0.0,0.0,4713525.528645839,0.0,1,0.0,4713525.528645839,0.0,4713525.528645839,0,0.0,0.0,0.0,0.0,0.0,True,0.0,0.0
sano,278,2,54.90357678506517,27.451788392532585,12,12,16148405.828491842,16148405.828491842,8482060.949458148,52.358400922581154,0.006719795653993387,0.06203882630732596,16148405.828491842,0.06203882630732596,12,0.006719795653993387,16148405.828491844,0.006719795653993386,16148405.828491844,0,8482060.949458146,0.006719795653993386,52.358400922581154,0.06203882630732596,0.0,True,0.0,0.0
sano,279,3,159.64360043549635,79.82180021774818,12,12,35786639.06972342,35786639.06972342,22685665.61084814,140.03497290647002,0.29453304281076254,0.6602964098738119,35786639.06972342,0.6602964098738119,12,0.29453304281076254,35786639.06972342,0.2945330428107626,35786639.06972342,0,22685665.61084814,0.2945330428107626,140.03497290647,0.6602964098738119,0.0,True,0.0,0.0
sano,280,3,151.12278013694458,75.56139006847229,12,12,22224691.49858773,22224691.49858773,12918386.289136654,79.74312524158428,0.06417189538925182,0.13353846577702752,22224691.49858773,0.13353846577702752,12,0.06417189538925182,22224691.498587735,0.06417189538925182,22224691.498587735,0,12918386.289136654,0.06417189538925182,79.74312524158428,0.13353846577702752,0.0,True,0.0,0.0
sano,281,2,120.29853258867485,60.14926629433742,12,12,15799906.302745352,15799906.302745352,8195339.241457123,50.588513836155094,0.027961417616978665,0.1243935625894489,15799906.302745352,0.1243935625894489,12,0.027961417616978665,15799906.302745355,0.02796141761697866,15799906.302745355,0,8195339.241457124,0.02796141761697866,50.58851383615509,0.1243935625894489,0.0,True,0.0,0.0
sano,282,1,103.35183059995953,51.67591529997976,1,1,4713525.528645839,4713525.528645839,0.0,0.0,0.0,0.0,4713525.528645839,0.0,1,0.0,4713525.528645839,0.0,4713525.528645839,0,0.0,0.0,0.0,0.0,0.0,True,0.0,0.0
sano,283,1,101.92396722710912,50.96198361355456,1,1,4713525.528645839,4713525.528645839,0.0,0.0,0.0,0.0,4713525.528645839,0.0,1,0.0,4713525.528645839,0.0,4713525.528645839,0,0.0,0.0,0.0,0.0,0.0,True,0.0,0.0
sano,284,1,98.1585950728474,49.0792975364237,1,1,4713525.528645839,4713525.528645839,0.0,0.0,0.0,0.0,4713525.528645839,0.0,1,0.0,4713525.528645839,0.0,4713525.528645839,0,0.0,0.0,0.0,0.0,0.0,True,0.0,0.0
sano,285,3,57.78969896073461,28.894849480367306,12,12,13780754.683364568,13780754.683364568,6732123.363888974,41.55631706104304,0.0005267929386893042,0.015141497816473814,13780754.683364568,0.015141497816473814,12,0.0005267929386893042,13780754.683364566,0.0005267929386893043,13780754.683364566,0,6732123.363888972,0.0005267929386893043,41.55631706104304,0.015141497816473814,0.0,True,0.0,0.0
sano,286,1,88.15030002536321,44.075150012681604,1,1,4713525.528645839,4713525.528645839,0.0,0.0,0.0,0.0,4713525.528645839,0.0,1,0.0,4713525.528645839,0.0,4713525.528645839,0,0.0,0.0,0.0,0.0,0.0,True,0.0,0.0
sano,287,1,17.77089238754112,8.88544619377056,1,1,4713525.528645839,4713525.528645839,0.0,0.0,0.0,0.0,4713525.528645839,0.0,1,0.0,4713525.528645839,0.0,4713525.528645839,0,0.0,0.0,0.0,0.0,0.0,True,0.0,0.0
sano,288,1,43.647134991959945,21.823567495979972,1,1,4713525.528645839,4713525.528645839,0.0,0.0,0.0,0.0,4713525.528645839,0.0,1,0.0,4713525.528645839,0.0,4713525.528645839,0,0.0,0.0,0.0,0.0,0.0,True,0.0,0.0
sano,289,1,45.86777517700203,22.933887588501015,1,1,4713525.528645839,4713525.528645839,0.0,0.0,0.0,0.0,4713525.528645839,0.0,1,0.0,4713525.528645839,0.0,4713525.528645839,0,0.0,0.0,0.0,0.0,0.0,True,0.0,0.0
sano,290,1,147.4231973648273,73.71159868241365,1,1,4713525.528645839,4713525.528645839,0.0,0.0,0.0,0.0,4713525.528645839,0.0,1,0.0,4713525.528645839,0.0,4713525.528645839,0,0.0,0.0,0.0,0.0,0.0,True,0.0,0.0
sano,291,3,159.9354261000762,79.9677130500381,12,12,49872728.4528845,49872728.4528845,33318987.506468907,205.67276238561047,0.1624404580692476,0.5642659029777584,49872728.4528845,0.5642659029777584,12,0.1624404580692476,49341190.3733758,0.1608164883364091,49341190.3733758,0,32926433.60106782,0.1608164883364091,203.24959013004826,0.5248995926101858,0.0,True,531538.0795087131,0.0
sano,293,1,5.871474046509828,2.935737023254914,1,1,4713525.528645839,4713525.528645839,0.0,0.0,0.0,0.0,4713525.528645839,0.0,1,0.0,4713525.528645839,0.0,4713525.528645839,0,0.0,0.0,0.0,0.0,0.0,True,0.0,0.0
sano,294,1,12.412897385054393,6.206448692527196,1,1,4713525.528645839,4713525.528645839,0.0,0.0,0.0,0.0,4713525.528645839,0.0,1,0.0,4713525.528645839,0.0,4713525.528645839,0,0.0,0.0,0.0,0.0,0.0,True,0.0,0.0
sano,295,4,233.8367421921267,116.91837109606335,12,12,41178850.43953056,41178850.43953056,26614839.844686743,164.28913484374525,0.35137390303871446,0.4639871989327621,41178850.43953056,0.4639871989327621,12,0.35137390303871446,41178850.43953056,0.35137390303871446,41178850.43953056,0,26614839.84468674,0.35137390303871446,164.28913484374527,0.4639871989327621,0.0,True,0.0,0.0
sano,296,1,59.70938261270779,29.854691306353896,1,1,4713525.528645839,4713525.528645839,0.0,0.0,0.0,0.0,4713525.528645839,0.0,1,0.0,4713525.528645839,0.0,4713525.528645839,0,0.0,0.0,0.0,0.0,0.0,True,0.0,0.0
sano,297,1,26.879652662176355,13.439826331088177,1,1,4713525.528645839,4713525.528645839,0.0,0.0,0.0,0.0,4713525.528645839,0.0,1,0.0,4713525.528645839,0.0,4713525.528645839,0,0.0,0.0,0.0,0.0,0.0,True,0.0,0.0
sano,298,1,16.967636834956842,8.483818417478421,1,1,4713525.528645839,4713525.528645839,0.0,0.0,0.0,0.0,4713525.528645839,0.0,1,0.0,4713525.528645839,0.0,4713525.528645839,0,0.0,0.0,0.0,0.0,0.0,True,0.0,0.0
sano,299,1,40.61297208313145,20.306486041565726,1,1,4713525.528645839,4713525.528645839,0.0,0.0,0.0,0.0,4713525.528645839,0.0,1,0.0,4713525.528645839,0.0,4713525.528645839,0,0.0,0.0,0.0,0.0,0.0,True,0.0,0.0
sano,300,3,321.07896168909923,160.53948084454964,12,12,24350543.641098704,24350543.641098704,14113632.918101868,87.12119085248064,0.3555157696160875,0.4866199618124988,24350543.641098704,0.4866199618124988,12,0.3555157696160875,24350543.641098704,0.3555157696160875,24350543.641098704,0,14113632.918101864,0.3555157696160875,87.12119085248065,0.4866199618124988,0.0,False,0.0,0.0
sano,301,1,11.849635736501948,5.924817868250974,1,1,4713525.528645839,4713525.528645839,0.0,0.0,0.0,0.0,4713525.528645839,0.0,1,0.0,4713525.528645839,0.0,4713525.528645839,0,0.0,0.0,0.0,0.0,0.0,True,0.0,0.0
sano,302,2,120.06791540335752,60.03395770167876,12,12,18875881.289650086,18875881.289650086,10443430.72244051,64.46562174345992,0.05529131804359299,0.1974626275755727,18875881.289650086,0.1974626275755727,12,0.05529131804359299,18875881.28965009,0.05529131804359298,18875881.28965009,0,10443430.72244051,0.05529131804359298,64.46562174345993,0.1974626275755727,0.0,True,0.0,0.0
sano,303,1,48.08105670047766,24.04052835023883,1,1,4713525.528645839,4713525.528645839,0.0,0.0,0.0,0.0,4713525.528645839,0.0,1,0.0,4713525.528645839,0.0,4713525.528645839,0,0.0,0.0,0.0,0.0,0.0,True,0.0,0.0
sano,304,4,49.834091529738174,24.917045764869087,12,12,54162337.04495063,54162337.04495063,36664619.109040484,226.32480931506464,0.04051241111347804,0.21049803378663667,54162337.04495063,0.21049803378663667,12,0.04051241111347804,54162337.04495063,0.040512411113478045,54162337.04495063,0,36664619.10904048,0.040512411113478045,226.32480931506464,0.21049803378663667,0.0,True,0.0,0.0
sano,305,1,24.28765083694029,12.143825418470145,1,1,4713525.528645839,4713525.528645839,0.0,0.0,0.0,0.0,4713525.528645839,0.0,1,0.0,4713525.528645839,0.0,4713525.528645839,0,0.0,0.0,0.0,0.0,0.0,True,0.0,0.0
sano,306,1,67.54283228542344,33.77141614271172,1,1,4713525.528645839,4713525.528645839,0.0,0.0,0.0,0.0,4713525.528645839,0.0,1,0.0,4713525.528645839,0.0,4713525.528645839,0,0.0,0.0,0.0,0.0,0.0,True,0.0,0.0
sano,307,1,29.161407424773856,14.580703712386928,1,1,4713525.528645839,4713525.528645839,0.0,0.0,0.0,0.0,4713525.528645839,0.0,1,0.0,4713525.528645839,0.0,4713525.528645839,0,0.0,0.0,0.0,0.0,0.0,True,0.0,0.0
sano,308,2,166.2502864608977,83.12514323044886,12,12,16291543.179195916,16291543.179195916,8496195.634216847,52.44565206306697,0.07676469861061762,0.20985913178799726,16291543.179195916,0.20985913178799726,12,0.07676469861061762,16291543.179195918,0.0767646986106176,16291543.179195918,0,8496195.634216849,0.0767646986106176,52.44565206306697,0.20985913178799726,0.0,True,0.0,0.0
sano,309,1,22.66439640003073,11.332198200015364,1,1,4713525.528645839,4713525.528645839,0.0,0.0,0.0,0.0,4713525.528645839,0.0,1,0.0,4713525.528645839,0.0,4713525.528645839,0,0.0,0.0,0.0,0.0,0.0,True,0.0,0.0
sano,310,2,189.83176386817306,94.91588193408653,12,12,18418436.71810362,18418436.71810362,10045399.833776014,62.00864094923465,0.0996499107280443,0.25999016281469595,18418436.71810362,0.25999016281469595,12,0.0996499107280443,18418436.71810362,0.0996499107280443,18418436.71810362,0,10045399.833776016,0.0996499107280443,62.00864094923466,0.25999016281469595,0.0,True,0.0,0.0
sano,311,1,116.28345758983986,58.14172879491993,1,1,4713525.528645839,4713525.528645839,0.0,0.0,0.0,0.0,4713525.528645839,0.0,1,0.0,4713525.528645839,0.0,4713525.528645839,0,0.0,0.0,0.0,0.0,0.0,True,0.0,0.0
sano,312,2,100.57400706146434,50.28700353073217,12,12,8020228.231573846,8020228.231573846,2439399.177643362,15.05801961508248,0.012141228857723554,0.04472059823237453,8020228.231573846,0.04472059823237453,12,0.012141228857723554,8020228.231573844,0.012141228857723554,8020228.231573844,0,2439399.177643362,0.012141228857723554,15.05801961508248,0.04472059823237453,0.0,True,0.0,0.0
sano,313,1,87.18699999436971,43.59349999718486,1,1,4713525.528645839,4713525.528645839,0.0,0.0,0.0,0.0,4713525.528645839,0.0,1,0.0,4713525.528645839,0.0,4713525.528645839,0,0.0,0.0,0.0,0.0,0.0,True,0.0,0.0
sano,314,2,163.70655846827867,81.85327923413934,12,12,8930192.581533585,8930192.581533585,3082600.4706863505,19.02839796719969,0.036835094218491564,0.08756375112899643,8930192.581533585,0.08756375112899643,12,0.036835094218491564,8930192.581533587,0.03683509421849156,8930192.581533587,0,3082600.4706863505,0.03683509421849156,19.028397967199695,0.08756375112899643,0.0,True,0.0,0.0
sano,315,1,74.20532736946946,37.10266368473473,1,1,4713525.528645839,4713525.528645839,0.0,0.0,0.0,0.0,4713525.528645839,0.0,1,0.0,4713525.528645839,0.0,4713525.528645839,0,0.0,0.0,0.0,0.0,0.0,True,0.0,0.0
sano,316,2,163.00525505294038,81.50262752647019,12,12,12697049.32075396,12697049.32075396,5913317.1150015155,36.50195750000937,0.011249926305578894,0.06702321691456009,12697049.32075396,0.06702321691456009,12,0.011249926305578894,12697049.320753958,0.011249926305578896,12697049.320753958,0,5913317.115001516,0.011249926305578896,36.50195750000936,0.06702321691456009,0.0,True,0.0,0.0
sano,317,1,99.84783551389305,49.92391775694652,1,1,4713525.528645839,4713525.528645839,0.0,0.0,0.0,0.0,4713525.528645839,0.0,1,0.0,4713525.528645839,0.0,4713525.528645839,0,0.0,0.0,0.0,0.0,0.0,True,0.0,0.0
sano,318,3,233.52403524207924,116.76201762103962,12,12,28334536.877714444,28334536.877714444,17335226.546526678,107.00757127485605,0.1553763766183578,0.27602582814004023,28334536.877714444,0.27602582814004023,12,0.1553763766183578,28334536.87771444,0.1553763766183578,28334536.87771444,0,17335226.54652668,0.1553763766183578,107.00757127485606,0.27602582814004023,0.0,True,0.0,0.0
sano,319,1,84.7427079624514,42.3713539812257,1,1,4713525.528645839,4713525.528645839,0.0,0.0,0.0,0.0,4713525.528645839,0.0,1,0.0,4713525.528645839,0.0,4713525.528645839,0,0.0,0.0,0.0,0.0,0.0,True,0.0,0.0
sano,320,4,62.98824257171893,31.494121285859464,12,12,18386489.10255396,18386489.10255396,10133501.344806122,62.55247743707483,0.014651432646299025,0.05715438325546982,18386489.10255396,0.05715438325546982,12,0.014651432646299025,18386489.102553956,0.014651432646299022,18386489.102553956,0,10133501.344806124,0.014651432646299022,62.55247743707484,0.05715438325546982,0.0,True,0.0,0.0
sano,321,1,130.4779860833122,65.2389930416561,1,1,4713525.528645839,4713525.528645839,0.0,0.0,0.0,0.0,4713525.528645839,0.0,1,0.0,4713525.528645839,0.0,4713525.528645839,0,0.0,0.0,0.0,0.0,0.0,True,0.0,0.0
sano,322,1,89.4107160087948,44.7053580043974,1,1,4713525.528645839,4713525.528645839,0.0,0.0,0.0,0.0,4713525.528645839,0.0,1,0.0,4713525.528645839,0.0,4713525.528645839,0,0.0,0.0,0.0,0.0,0.0,True,0.0,0.0
sano,323,2,63.9512620467503,31.97563102337515,12,12,5413737.13330003,5413737.13330003,518782.3410646962,3.202360130028989,0.0008783593715164134,0.0055470688608221675,5413737.13330003,0.0055470688608221675,12,0.0008783593715164134,5413737.133300031,0.0008783593715164134,5413737.133300031,0,518782.3410646962,0.0008783593715164134,3.202360130028989,0.0055470688608221675,0.0,True,0.0,0.0
sano,324,2,45.99233565103374,22.99616782551687,12,12,13002462.185712645,13002462.185712645,6146000.497115345,37.93827467355151,0.006764598698337535,0.05298490495383816,13002462.185712645,0.05298490495383816,12,0.006764598698337535,13002462.185712647,0.006764598698337535,13002462.185712647,0,6146000.497115345,0.006764598698337535,37.93827467355151,0.05298490495383816,0.0,True,0.0,0.0
sano,325,1,71.87032392320681,35.935161961603406,1,1,4713525.528645839,4713525.528645839,0.0,0.0,0.0,0.0,4713525.528645839,0.0,1,0.0,4713525.528645839,0.0,4713525.528645839,0,0.0,0.0,0.0,0.0,0.0,True,0.0,0.0
sano,326,2,60.42564673493386,30.21282336746693,12,12,13076213.874137545,13076213.874137545,6207039.405507709,38.31505805868955,0.0019948852987324408,0.028915856539703542,13076213.874137545,0.028915856539703542,12,0.0019948852987324408,13076213.874137545,0.001994885298732441,13076213.874137545,0,6207039.405507709,0.001994885298732441,38.31505805868956,0.028915856539703542,0.0,True,0.0,0.0
sano,327,3,88.53891435184616,44.26945717592308,12,12,16127270.477676652,16127270.477676652,8459112.653999267,52.216744777773236,0.012233908219588982,0.06770607424183119,16127270.477676652,0.06770607424183119,12,0.012233908219588982,16127270.47767665,0.012233908219588982,16127270.47767665,0,8459112.653999265,0.012233908219588982,52.21674477777324,0.06770607424183119,0.0,True,0.0,0.0
sano,328,2,180.15501467155588,90.07750733577794,12,12,15839048.423044803,15839048.423044803,8143346.885651682,50.26757336822027,0.08957367438384946,0.2219353628578125,15839048.423044803,0.2219353628578125,12,0.08957367438384946,15839048.423044804,0.08957367438384947,15839048.423044804,0,8143346.885651683,0.08957367438384947,50.26757336822027,0.2219353628578125,0.0,True,0.0,0.0
sano,329,2,181.03781150147424,90.51890575073712,12,12,17419017.72697451,17419017.72697451,9295350.996445673,57.378709854602924,0.10568235341179703,0.2575544037423491,17419017.72697451,0.2575544037423491,12,0.10568235341179703,17419017.726974506,0.10568235341179703,17419017.726974506,0,9295350.996445674,0.10568235341179703,57.37870985460293,0.2575544037423491,0.0,True,0.0,0.0
sano,330,2,157.77549632646515,78.88774816323257,12,12,15971616.004616164,15971616.004616164,8354494.432856505,51.570953289237686,0.0039015364069800696,0.04691511272456864,15971616.004616164,0.04691511272456864,12,0.0039015364069800696,15971616.00461616,0.0039015364069800687,15971616.00461616,0,8354494.432856508,0.0039015364069800687,51.5709532892377,0.04691511272456864,0.0,True,0.0,0.0
sano,331,1,81.75565179531259,40.877825897656294,1,1,4713525.528645839,4713525.528645839,0.0,0.0,0.0,0.0,4713525.528645839,0.0,1,0.0,4713525.528645839,0.0,4713525.528645839,0,0.0,0.0,0.0,0.0,0.0,True,0.0,0.0
sano,332,2,43.91514496467487,21.957572482337437,12,12,16815074.449928995,16815074.449928995,8982080.476707887,55.44494121424621,0.0029277953812339185,0.04213991709500121,16815074.449928995,0.04213991709500121,12,0.0029277953812339185,16815074.44992899,0.0029277953812339185,16815074.44992899,0,8982080.476707885,0.0029277953812339185,55.44494121424621,0.04213991709500121,0.0,True,0.0,0.0
sano,333,1,99.60257540288045,49.80128770144022,1,1,4713525.528645839,4713525.528645839,0.0,0.0,0.0,0.0,4713525.528645839,0.0,1,0.0,4713525.528645839,0.0,4713525.528645839,0,0.0,0.0,0.0,0.0,0.0,True,0.0,0.0
sano,334,2,113.81681394273751,56.908406971368755,12,12,37393067.70768386,37393067.70768386,24089651.216603976,148.7015507197776,0.13404227796000145,0.4669506681645565,37393067.70768386,0.4669506681645565,12,0.13404227796000145,37393067.70768386,0.13404227796000145,37393067.70768386,0,24089651.216603976,0.13404227796000145,148.70155071977763,0.4669506681645565,0.0,True,0.0,0.0
sano,335,2,53.2748595905977,26.63742979529885,12,12,32710449.93496723,32710449.93496723,20775495.135798782,128.24379713456034,0.010225374737343347,0.1197705801423224,32710449.93496723,0.1197705801423224,12,0.010225374737343347,32710449.934967235,0.010225374737343345,32710449.934967235,0,20775495.135798782,0.010225374737343345,128.24379713456037,0.1197705801423224,0.0,True,0.0,0.0
sano,336,1,15.820264191820367,7.910132095910184,1,1,4713525.528645839,4713525.528645839,0.0,0.0,0.0,0.0,4713525.528645839,0.0,1,0.0,4713525.528645839,0.0,4713525.528645839,0,0.0,0.0,0.0,0.0,0.0,True,0.0,0.0
sano,337,3,170.12480048594932,85.06240024297466,12,12,22702486.030213293,22702486.030213293,13265261.685481945,81.88433139186385,0.07018288245263146,0.2410325502228795,22702486.030213293,0.2410325502228795,12,0.07018288245263146,22702486.03021329,0.07018288245263145,22702486.03021329,0,13265261.685481945,0.07018288245263145,81.88433139186385,0.2410325502228795,0.0,True,0.0,0.0
sano,338,2,140.23835141372044,70.11917570686022,12,12,18671049.54439568,18671049.54439568,10272575.86911025,63.41096215500155,0.06954965675184777,0.21964535302930024,18671049.54439568,0.21964535302930024,12,0.06954965675184777,18671049.544395678,0.06954965675184777,18671049.544395678,0,10272575.869110249,0.06954965675184777,63.410962155001535,0.21964535302930024,0.0,True,0.0,0.0
sano,339,3,169.69037420551967,84.84518710275984,12,12,69928759.89736436,69928759.89736436,47347942.72365868,292.27125138060916,0.8188177713347621,1.1829443595544489,69928759.89736436,1.1829443595544489,12,0.8188177713347621,69928759.89736436,0.818817771334762,69928759.89736436,0,47347942.72365868,0.818817771334762,292.27125138060916,1.1829443595544489,0.0,True,0.0,0.0
sano,340,1,48.60099193832461,24.300495969162306,1,1,4713525.528645839,4713525.528645839,0.0,0.0,0.0,0.0,4713525.528645839,0.0,1,0.0,4713525.528645839,0.0,4713525.528645839,0,0.0,0.0,0.0,0.0,0.0,True,0.0,0.0
sano,341,2,148.0084437569849,74.00422187849244,12,12,27544719.50207715,27544719.50207715,16933459.94321585,104.52753051367812,0.014978462679533148,0.13087036644177855,27544719.50207715,0.13087036644177855,12,0.014978462679533148,27544719.502077147,0.014978462679533148,27544719.502077147,0,16933459.94321585,0.014978462679533148,104.5275305136781,0.13087036644177855,0.0,True,0.0,0.0
sano,342,2,89.16803864747106,44.58401932373553,12,12,13865314.390921475,13865314.390921475,6788955.714951162,41.90713404290842,0.005054726515274866,0.04813768101052322,13865314.390921475,0.04813768101052322,12,0.005054726515274866,13865314.390921477,0.005054726515274865,13865314.390921477,0,6788955.714951163,0.005054726515274865,41.90713404290842,0.04813768101052322,0.0,True,0.0,0.0
sano,343,1,67.65905182281779,33.82952591140889,1,1,4713525.528645839,4713525.528645839,0.0,0.0,0.0,0.0,4713525.528645839,0.0,1,0.0,4713525.528645839,0.0,4713525.528645839,0,0.0,0.0,0.0,0.0,0.0,True,0.0,0.0
sano,344,3,175.06902317077913,87.53451158538957,12,12,24876921.391335834,24876921.391335834,14858978.622176886,91.72209026035114,0.08606684690295276,0.2892140799977958,24876921.391335834,0.2892140799977958,12,0.08606684690295276,24876921.391335834,0.08606684690295277,24876921.391335834,0,14858978.622176886,0.08606684690295277,91.72209026035114,0.2892140799977958,0.0,True,0.0,0.0
sano,345,1,27.29683035116647,13.648415175583235,1,1,4713525.528645839,4713525.528645839,0.0,0.0,0.0,0.0,4713525.528645839,0.0,1,0.0,4713525.528645839,0.0,4713525.528645839,0,0.0,0.0,0.0,0.0,0.0,True,0.0,0.0
sano,346,1,108.05676960463916,54.02838480231958,1,1,4713525.528645839,4713525.528645839,0.0,0.0,0.0,0.0,4713525.528645839,0.0,1,0.0,4713525.528645839,0.0,4713525.528645839,0,0.0,0.0,0.0,0.0,0.0,True,0.0,0.0
sano,347,1,76.00683467244244,38.00341733622122,1,1,4713525.528645839,4713525.528645839,0.0,0.0,0.0,0.0,4713525.528645839,0.0,1,0.0,4713525.528645839,0.0,4713525.528645839,0,0.0,0.0,0.0,0.0,0.0,True,0.0,0.0
sano,348,2,7.933552387167578,3.966776193583789,12,12,13006657.548598869,13006657.548598869,6157981.188167053,38.01222955658675,2.5888002026299996e-05,0.0032809777946795956,13006657.548598869,0.0032809777946795956,12,2.5888002026299996e-05,13006657.548598869,2.5888002026300003e-05,13006657.548598869,0,6157981.188167053,2.5888002026300003e-05,38.012229556586746,0.0032809777946795956,0.0,True,0.0,0.0
sano,349,3,267.85388468702547,133.92694234351274,12,12,77319661.15698767,77319661.15698767,48682528.565955766,300.5094355923196,3.9759191225904273,3.502544944423864,77074053.8084899,2.347527078079979,12,2.543244451056609,77319661.15698767,3.9759191225904273,77074053.80848989,0,50384981.49082889,2.5432444510566095,300.50943559231956,2.347527078079979,212.80661560913893,True,245607.34849777818,0.0
sano,350,2,75.6179790788123,37.80898953940615,12,12,12180510.329925476,12180510.329925476,5530954.19712238,34.141692574829506,0.010345396578169906,0.062159633905385495,12180510.329925476,0.062159633905385495,12,0.010345396578169906,12180510.329925474,0.010345396578169904,12180510.329925474,0,5530954.19712238,0.010345396578169904,34.141692574829506,0.062159633905385495,0.0,True,0.0,0.0
sano,351,2,193.27505132824712,96.63752566412356,12,12,13601080.511818543,13601080.511818543,6534234.136739922,40.33477862185136,0.04953351213020685,0.14783652735258104,13601080.511818543,0.14783652735258104,12,0.04953351213020685,13601080.511818543,0.04953351213020685,13601080.511818543,0,6534234.136739922,0.04953351213020685,40.33477862185137,0.14783652735258104,0.0,True,0.0,0.0
sano,352,2,14.291336658100617,7.1456683290503085,12,12,11517590.718539024,11517590.718539024,5051833.144607454,31.18415521362625,0.0003682677862791261,0.011208337760136047,11517590.718539024,0.011208337760136047,12,0.0003682677862791261,11517590.718539024,0.0003682677862791261,11517590.718539024,0,5051833.144607453,0.0003682677862791261,31.18415521362625,0.011208337760136047,0.0,True,0.0,0.0
sano,353,2,116.0598313161008,58.0299156580504,12,12,9563114.651512116,9563114.651512116,3586957.0535416957,22.141710207047506,0.010699411827942611,0.0509070447056974,9563114.651512116,0.0509070447056974,12,0.010699411827942611,9563114.651512116,0.010699411827942613,9563114.651512116,0,3586957.0535416952,0.010699411827942613,22.141710207047502,0.0509070447056974,0.0,True,0.0,0.0
sano,354,1,44.311921597846,22.155960798923,1,1,4713525.528645839,4713525.528645839,0.0,0.0,0.0,0.0,4713525.528645839,0.0,1,0.0,4713525.528645839,0.0,4713525.528645839,0,0.0,0.0,0.0,0.0,0.0,True,0.0,0.0
sano,355,4,176.1248741907973,88.06243709539865,12,12,26026884.721266527,26026884.721266527,15612298.358116148,96.3722120871367,0.16251758417627055,0.2550551280715113,26026884.721266527,0.2550551280715113,12,0.16251758417627055,26026884.721266527,0.16251758417627057,26026884.721266527,0,15612298.358116146,0.16251758417627057,96.3722120871367,0.2550551280715113,0.0,True,0.0,0.0
sano,356,1,133.41332641381535,66.70666320690768,1,1,4713525.528645839,4713525.528645839,0.0,0.0,0.0,0.0,4713525.528645839,0.0,1,0.0,4713525.528645839,0.0,4713525.528645839,0,0.0,0.0,0.0,0.0,0.0,True,0.0,0.0
sano,357,2,110.77527840157934,55.38763920078967,12,12,14129109.294887036,14129109.294887036,6960113.193669174,42.96366168931589,0.023846026151135614,0.10586465938595728,14129109.294887036,0.10586465938595728,12,0.023846026151135614,14129109.294887036,0.02384602615113561,14129109.294887036,0,6960113.193669175,0.02384602615113561,42.96366168931589,0.10586465938595728,0.0,True,0.0,0.0
sano,358,2,88.43463003935324,44.21731501967662,12,12,15349091.737751393,15349091.737751393,7896564.467296065,48.74422510676584,0.0006165869192068464,0.01813222466079624,15349091.737751393,0.01813222466079624,12,0.0006165869192068464,15349091.73775139,0.0006165869192068463,15349091.73775139,0,7896564.467296066,0.0006165869192068463,48.74422510676584,0.01813222466079624,0.0,True,0.0,0.0
sano,359,3,60.83610955193514,30.41805477596757,12,12,20966466.19643494,20966466.19643494,12058327.427482424,74.43411992273103,0.007749924256363452,0.05203945965419347,20966466.19643494,0.05203945965419347,12,0.007749924256363452,20966466.19643494,0.007749924256363453,20966466.19643494,0,12058327.427482424,0.007749924256363453,74.43411992273101,0.05203945965419347,0.0,True,0.0,0.0
sano,360,4,323.1742928160057,161.58714640800287,12,12,44805073.06274118,44805073.06274118,28463553.518775944,175.70094764676512,0.992842379871497,1.113964059853278,44805073.06274118,1.113964059853278,12,0.992842379871497,44805073.06274119,0.992842379871497,44805073.06274119,0,28463553.518775944,0.992842379871497,175.7009476467651,1.113964059853278,0.0,False,0.0,0.0
sano,361,3,97.24784576153193,48.62392288076596,12,12,29750779.45159268,29750779.45159268,18520927.698506344,114.32671418831073,0.053461866949551705,0.14095801799940216,29750779.45159268,0.14095801799940216,12,0.053461866949551705,29750779.451592676,0.05346186694955171,29750779.451592676,0,18520927.69850634,0.05346186694955171,114.32671418831073,0.14095801799940216,0.0,True,0.0,0.0
sano,362,4,118.60199890887388,59.30099945443694,12,12,26450351.308444913,26450351.308444913,16117743.504355071,99.49224385404365,0.017334745369010165,0.07373995103581384,26450351.308444913,0.07373995103581384,12,0.017334745369010165,26450351.30844491,0.017334745369010165,26450351.30844491,0,16117743.50435507,0.017334745369010165,99.49224385404366,0.07373995103581384,0.0,True,0.0,0.0
sano,363,1,48.65702849099442,24.32851424549721,1,1,4713525.528645839,4713525.528645839,0.0,0.0,0.0,0.0,4713525.528645839,0.0,1,0.0,4713525.528645839,0.0,4713525.528645839,0,0.0,0.0,0.0,0.0,0.0,True,0.0,0.0
sano,364,1,41.04487234016128,20.52243617008064,1,1,4713525.528645839,4713525.528645839,0.0,0.0,0.0,0.0,4713525.528645839,0.0,1,0.0,4713525.528645839,0.0,4713525.528645839,0,0.0,0.0,0.0,0.0,0.0,True,0.0,0.0
sano,365,1,67.93981007135159,33.969905035675794,1,1,4713525.528645839,4713525.528645839,0.0,0.0,0.0,0.0,4713525.528645839,0.0,1,0.0,4713525.528645839,0.0,4713525.528645839,0,0.0,0.0,0.0,0.0,0.0,True,0.0,0.0
sano,366,2,55.6929392294916,27.8464696147458,12,12,11869759.84184098,11869759.84184098,5311763.222757666,32.78866186887449,0.0015623872299426712,0.023672740608448116,11869759.84184098,0.023672740608448116,12,0.0015623872299426712,11869759.841840979,0.0015623872299426712,11869759.841840979,0,5311763.222757666,0.0015623872299426712,32.788661868874485,0.023672740608448116,0.0,True,0.0,0.0
sano,367,4,231.30782473706688,115.65391236853344,12,12,51805318.3534233,51805318.3534233,34393650.135807894,212.30648231980192,0.43636132394130467,0.4950213217189828,51805318.3534233,0.4950213217189828,12,0.43636132394130467,51805318.3534233,0.43636132394130467,51805318.3534233,0,34393650.1358079,0.43636132394130467,212.3064823198019,0.4950213217189828,0.0,True,0.0,0.0
sano,368,1,39.1052669261782,19.5526334630891,1,1,4713525.528645839,4713525.528645839,0.0,0.0,0.0,0.0,4713525.528645839,0.0,1,0.0,4713525.528645839,0.0,4713525.528645839,0,0.0,0.0,0.0,0.0,0.0,True,0.0,0.0
sano,369,1,76.55703599322901,38.278517996614504,1,1,4713525.528645839,4713525.528645839,0.0,0.0,0.0,0.0,4713525.528645839,0.0,1,0.0,4713525.528645839,0.0,4713525.528645839,0,0.0,0.0,0.0,0.0,0.0,True,0.0,0.0
sano,370,1,74.35706634421693,37.178533172108466,1,1,4713525.528645839,4713525.528645839,0.0,0.0,0.0,0.0,4713525.528645839,0.0,1,0.0,4713525.528645839,0.0,4713525.528645839,0,0.0,0.0,0.0,0.0,0.0,True,0.0,0.0
sano,371,2,71.20302216893153,35.60151108446576,12,12,9683372.441524742,9683372.441524742,3683004.1534930984,22.73459354008085,0.00556836842476413,0.03721344965681492,9683372.441524742,0.03721344965681492,12,0.00556836842476413,9683372.44152474,0.00556836842476413,9683372.44152474,0,3683004.153493098,0.00556836842476413,22.73459354008085,0.03721344965681492,0.0,True,0.0,0.0
sano,372,2,140.64574354927862,70.32287177463931,12,12,9855514.220783923,9855514.220783923,3795488.7494420274,23.428942897790296,0.017227111660445358,0.06644693205870932,9855514.220783923,0.06644693205870932,12,0.017227111660445358,9855514.220783925,0.01722711166044536,9855514.220783925,0,3795488.7494420274,0.01722711166044536,23.428942897790293,0.06644693205870932,0.0,True,0.0,0.0
sano,373,1,73.3189827168737,36.65949135843685,1,1,4713525.528645839,4713525.528645839,0.0,0.0,0.0,0.0,4713525.528645839,0.0,1,0.0,4713525.528645839,0.0,4713525.528645839,0,0.0,0.0,0.0,0.0,0.0,True,0.0,0.0
sano,374,1,88.14387494670251,44.071937473351255,1,1,4713525.528645839,4713525.528645839,0.0,0.0,0.0,0.0,4713525.528645839,0.0,1,0.0,4713525.528645839,0.0,4713525.528645839,0,0.0,0.0,0.0,0.0,0.0,True,0.0,0.0
sano,375,5,192.56227503641202,96.28113751820601,12,12,131989922.2961256,131989922.2961256,93426314.77734531,576.7056467737365,0.8224437967406318,2.0845961642987745,131989922.2961256,2.0845961642987745,12,0.8224437967406318,131989922.2961256,0.8224437967406317,131989922.2961256,0,93426314.77734531,0.8224437967406317,576.7056467737365,2.0845961642987745,0.0,True,0.0,0.0
sano,376,2,101.05628605102909,50.528143025514545,12,12,20240570.452246312,20240570.452246312,11455115.348702846,70.71058857223979,0.05655089082883783,0.20914828315638412,20240570.452246312,0.20914828315638412,12,0.05655089082883783,20240570.452246312,0.056550890828837845,20240570.452246312,0,11455115.348702846,0.056550890828837845,70.71058857223979,0.20914828315638412,0.0,True,0.0,0.0
sano,377,1,77.59569242570048,38.79784621285024,1,1,4713525.528645839,4713525.528645839,0.0,0.0,0.0,0.0,4713525.528645839,0.0,1,0.0,4713525.528645839,0.0,4713525.528645839,0,0.0,0.0,0.0,0.0,0.0,True,0.0,0.0
sano,378,2,225.16168556843627,112.58084278421813,12,12,16641704.055215918,16641704.055215918,8580020.523349542,52.96308965030584,0.21068452605428925,0.34937781816506325,16641704.055215918,0.34937781816506325,12,0.21068452605428925,16641704.055215916,0.2106845260542893,16641704.055215916,0,8580020.523349544,0.2106845260542893,52.96308965030583,0.34937781816506325,0.0,True,0.0,0.0
sano,379,2,209.2039200954639,104.60196004773195,12,12,16255852.966570802,16255852.966570802,8421777.151439177,51.98627871258751,0.11318680298177175,0.2537082645181557,16255852.966570802,0.2537082645181557,12,0.11318680298177175,16255852.966570806,0.11318680298177175,16255852.966570806,0,8421777.151439179,0.11318680298177175,51.98627871258752,0.2537082645181557,0.0,True,0.0,0.0
sano,380,4,143.959204156225,71.9796020781125,12,12,32948087.790574685,32948087.790574685,20805648.105847362,128.4299265793047,0.12143209326152987,0.27180457922812673,32948087.790574685,0.27180457922812673,12,0.12143209326152987,32948087.790574692,0.12143209326152989,32948087.790574692,0,20805648.105847362,0.12143209326152989,128.4299265793047,0.27180457922812673,0.0,True,0.0,0.0
sano,381,1,94.94991405436554,47.47495702718277,1,1,4713525.528645839,4713525.528645839,0.0,0.0,0.0,0.0,4713525.528645839,0.0,1,0.0,4713525.528645839,0.0,4713525.528645839,0,0.0,0.0,0.0,0.0,0.0,True,0.0,0.0
sano,382,1,137.56729128732798,68.78364564366399,1,1,4713525.528645839,4713525.528645839,0.0,0.0,0.0,0.0,4713525.528645839,0.0,1,0.0,4713525.528645839,0.0,4713525.528645839,0,0.0,0.0,0.0,0.0,0.0,True,0.0,0.0
sano,383,3,109.52252696740618,54.76126348370309,12,12,15161131.973527402,15161131.973527402,7702041.930570539,47.543468707225536,0.042387744060154296,0.11572567297106383,15161131.973527402,0.11572567297106383,12,0.042387744060154296,15161131.973527402,0.042387744060154296,15161131.973527402,0,7702041.930570537,0.042387744060154296,47.543468707225536,0.11572567297106383,0.0,True,0.0,0.0
sano,384,1,101.008869254834,50.504434627417,1,1,4713525.528645839,4713525.528645839,0.0,0.0,0.0,0.0,4713525.528645839,0.0,1,0.0,4713525.528645839,0.0,4713525.528645839,0,0.0,0.0,0.0,0.0,0.0,True,0.0,0.0
sano,385,2,46.009697211122045,23.004848605561023,12,12,15045065.97782216,15045065.97782216,7663139.538120698,47.303330482226535,0.0064484736534038654,0.057765252624596065,15045065.97782216,0.057765252624596065,12,0.0064484736534038654,15045065.97782216,0.006448473653403865,15045065.97782216,0,7663139.538120697,0.006448473653403865,47.30333048222653,0.057765252624596065,0.0,True,0.0,0.0
sano,386,1,60.23990956652926,30.11995478326463,1,1,4713525.528645839,4713525.528645839,0.0,0.0,0.0,0.0,4713525.528645839,0.0,1,0.0,4713525.528645839,0.0,4713525.528645839,0,0.0,0.0,0.0,0.0,0.0,True,0.0,0.0
sano,387,2,95.7679822266328,47.8839911133164,12,12,53078617.16271889,53078617.16271889,35875676.78517877,221.45479497023925,0.028527502230162247,0.26288558367326775,53078617.16271889,0.26288558367326775,12,0.028527502230162247,53078617.16271889,0.02852750223016224,53078617.16271889,0,35875676.785178766,0.02852750223016224,221.45479497023928,0.26288558367326775,0.0,True,0.0,0.0
sano,388,2,77.8643528125408,38.9321764062704,12,12,15349987.267045967,15349987.267045967,7867591.625737564,48.56538040578743,0.02314456304700579,0.11088690015990284,15349987.267045967,0.11088690015990284,12,0.02314456304700579,15349987.267045965,0.02314456304700579,15349987.267045965,0,7867591.625737564,0.02314456304700579,48.56538040578743,0.11088690015990284,0.0,True,0.0,0.0
sano,389,1,43.96700913981833,21.983504569909165,1,1,4713525.528645839,4713525.528645839,0.0,0.0,0.0,0.0,4713525.528645839,0.0,1,0.0,4713525.528645839,0.0,4713525.528645839,0,0.0,0.0,0.0,0.0,0.0,True,0.0,0.0
sano,390,1,96.0640207023923,48.03201035119615,1,1,4713525.528645839,4713525.528645839,0.0,0.0,0.0,0.0,4713525.528645839,0.0,1,0.0,4713525.528645839,0.0,4713525.528645839,0,0.0,0.0,0.0,0.0,0.0,True,0.0,0.0
sano,391,3,109.17074913502023,54.585374567510115,12,12,31486853.191632498,31486853.191632498,19808188.405572522,122.27276793563281,0.05486836960679725,0.16684679329336505,31486853.191632498,0.16684679329336505,12,0.05486836960679725,31486853.191632498,0.05486836960679725,31486853.191632498,0,19808188.40557252,0.05486836960679725,122.27276793563281,0.16684679329336505,0.0,True,0.0,0.0
sano,392,3,156.74523952163017,78.37261976081508,12,12,15704804.139966046,15704804.139966046,8033600.488841023,49.59012647432729,0.0972235000708961,0.1946822330017829,15704804.139966046,0.1946822330017829,12,0.0972235000708961,15704804.139966048,0.09722350007089611,15704804.139966048,0,8033600.488841021,0.09722350007089611,49.59012647432729,0.1946822330017829,0.0,True,0.0,0.0
