city,cluster,terminals,raw_kw,coinc_kw,n_s1,n_s1_feas,s1_npc_mean,s1_npc_feas_mean,s1_capex_mean,s1_length_mean,s1_plkw_mean,s1_vdrop_max,s1cond_npc_mean,s1cond_vdrop_max,n_s1cond_feas,s1cond_plkw_mean,s2f_npc,s2f_plkw,s2_npc,s2_w,s2_capex,s2_plkw,s2_length,s2_vdrop,s2_upsize_m,s2_feasible,vof_mean,tld
sano,0,1,30.21285759740553,18.12771455844332,1,1,4713525.528645839,4713525.528645839,0.0,0.0,0.0,0.0,4713525.528645839,0.0,1,0.0,4713525.528645839,0.0,4713525.528645839,0,0.0,0.0,0.0,0.0,0.0,True,0.0,0.0
sano,1,2,171.24919737222652,102.7495184233359,12,12,19044371.07145601,19044371.07145601,10352444.286724461,63.90397707854604,0.21954904422446764,0.39176178664043587,19044371.07145601,0.39176178664043587,12,0.21954904422446764,19044371.071456008,0.21954904422446764,19044371.071456008,0,10352444.28672446,0.21954904422446764,63.90397707854604,0.39176178664043587,0.0,True,0.0,0.0
sano,2,1,38.99563739713945,23.397382438283667,1,1,4713525.528645839,4713525.528645839,0.0,0.0,0.0,0.0,4713525.528645839,0.0,1,0.0,4713525.528645839,0.0,4713525.528645839,0,0.0,0.0,0.0,0.0,0.0,True,0.0,0.0
sano,3,3,96.70284200958504,58.02170520575102,12,12,23451421.500749897,23451421.500749897,13895987.241697842,85.77769902282616,0.013472623359396743,0.11131214182660631,23451421.500749897,0.11131214182660631,12,0.013472623359396743,23451421.5007499,0.01347262335939674,23451421.5007499,0,13895987.24169784,0.01347262335939674,85.77769902282617,0.11131214182660631,0.0,True,0.0,0.0
sano,4,1,93.19118331572774,55.914709989436645,1,1,4713525.528645839,4713525.528645839,0.0,0.0,0.0,0.0,4713525.528645839,0.0,1,0.0,4713525.528645839,0.0,4713525.528645839,0,0.0,0.0,0.0,0.0,0.0,True,0.0,0.0
sano,5,2,165.24438036115163,99.14662821669098,12,12,12314457.58234118,12314457.58234118,5570703.043298804,34.38705582283212,0.0557337117087213,0.1447934221816724,12314457.58234118,0.1447934221816724,12,0.0557337117087213,12314457.58234118,0.055733711708721295,12314457.58234118,0,5570703.043298804,0.055733711708721295,34.387055822832124,0.1447934221816724,0.0,True,0.0,0.0
sano,6,2,132.93612316240618,79.76167389744371,12,12,28715413.196204145,28715413.196204145,17716964.31050683,109.36397722535087,0.0801861008187246,0.3097269873494275,28715413.196204145,0.3097269873494275,12,0.0801861008187246,28715413.196204152,0.08018610081872461,28715413.196204152,0,17716964.310506836,0.08018610081872461,109.36397722535084,0.3097269873494275,0.0,True,0.0,0.0
sano,7,1,47.45855428843281,28.475132573059685,1,1,4713525.528645839,4713525.528645839,0.0,0.0,0.0,0.0,4713525.528645839,0.0,1,0.0,4713525.528645839,0.0,4713525.528645839,0,0.0,0.0,0.0,0.0,0.0,True,0.0,0.0
sano,8,2,176.5424956179481,105.92549737076885,12,12,12667540.167886129,12667540.167886129,5805008.979261912,35.833388760876005,0.07692055136072336,0.17364308276063106,12667540.167886129,0.17364308276063106,12,0.07692055136072336,12667540.167886127,0.07692055136072334,12667540.167886127,0,5805008.979261912,0.07692055136072334,35.833388760876005,0.17364308276063106,0.0,True,0.0,0.0
sano,9,2,51.435116713719935,30.861070028231964,12,12,7938916.727967431,7938916.727967431,2391357.2628222327,14.761464585322422,0.0027649366206423313,0.02113000828296421,7938916.727967431,0.02113000828296421,12,0.0027649366206423313,7938916.727967433,0.002764936620642331,7938916.727967433,0,2391357.2628222327,0.002764936620642331,14.761464585322424,0.02113000828296421,0.0,True,0.0,0.0
sano,10,1,34.12934474988618,20.477606849931707,1,1,4713525.528645839,4713525.528645839,0.0,0.0,0.0,0.0,4713525.528645839,0.0,1,0.0,4713525.528645839,0.0,4713525.528645839,0,0.0,0.0,0.0,0.0,0.0,True,0.0,0.0
sano,11,1,50.64500665269883,30.3870039916193,1,1,4713525.528645839,4713525.528645839,0.0,0.0,0.0,0.0,4713525.528645839,0.0,1,0.0,4713525.528645839,0.0,4713525.528645839,0,0.0,0.0,0.0,0.0,0.0,True,0.0,0.0
sano,12,4,105.3866671755721,63.232000305343256,12,12,44960854.06135135,44960854.06135135,29669128.46796496,183.14276832077135,0.16439871601109685,0.307232866953987,44960854.06135135,0.307232866953987,12,0.16439871601109685,44960854.06135135,0.16439871601109682,44960854.06135135,0,29669128.46796496,0.16439871601109682,183.14276832077135,0.307232866953987,0.0,True,0.0,0.0
sano,13,4,308.86275135082724,185.31765081049636,12,12,23509379.514366847,23509379.514366847,13210430.320189646,81.54586617401016,0.5672831636491527,0.3702913003236942,23509379.514366847,0.3702913003236942,12,0.5672831636491527,23509379.514366847,0.5672831636491527,23509379.514366847,0,13210430.320189646,0.5672831636491527,81.54586617401016,0.3702913003236942,0.0,False,0.0,0.0
sano,14,1,16.753515323073344,10.052109193844005,1,1,4713525.528645839,4713525.528645839,0.0,0.0,0.0,0.0,4713525.528645839,0.0,1,0.0,4713525.528645839,0.0,4713525.528645839,0,0.0,0.0,0.0,0.0,0.0,True,0.0,0.0
sano,15,2,12.065706557044138,7.2394239342264814,12,12,8214689.556889225,8214689.556889225,2599542.058680494,16.046555917780832,0.00017194365774292382,0.005493844338517888,8214689.556889225,0.005493844338517888,12,0.00017194365774292382,8214689.556889227,0.0001719436577429238,8214689.556889227,0,2599542.0586804943,0.0001719436577429238,16.04655591778083,0.005493844338517888,0.0,True,0.0,0.0
sano,16,1,15.820264191820367,9.49215851509222,1,1,4713525.528645839,4713525.528645839,0.0,0.0,0.0,0.0,4713525.528645839,0.0,1,0.0,4713525.528645839,0.0,4713525.528645839,0,0.0,0.0,0.0,0.0,0.0,True,0.0,0.0
sano,17,1,3.637006714862881,2.1822040289177282,1,1,4713525.528645839,4713525.528645839,0.0,0.0,0.0,0.0,4713525.528645839,0.0,1,0.0,4713525.528645839,0.0,4713525.528645839,0,0.0,0.0,0.0,0.0,0.0,True,0.0,0.0
sano,18,2,77.22517367958356,46.335104207750135,12,12,6371871.429988642,6371871.429988642,1231219.0561929948,7.600117630820958,0.00013355693590846204,0.0033322358541450275,6371871.429988642,0.0033322358541450275,12,0.00013355693590846204,6371871.429988643,0.00013355693590846204,6371871.429988643,0,1231219.056192995,0.00013355693590846204,7.600117630820957,0.0033322358541450275,0.0,True,0.0,0.0
sano,19,1,105.30113759900549,63.18068255940329,1,1,4713525.528645839,4713525.528645839,0.0,0.0,0.0,0.0,4713525.528645839,0.0,1,0.0,4713525.528645839,0.0,4713525.528645839,0,0.0,0.0,0.0,0.0,0.0,True,0.0,0.0
sano,20,3,198.015695556455,118.80941733387297,12,12,28579943.861529764,28579943.861529764,17132133.010568492,105.75390747264498,0.4482609429573498,0.7045007699701512,28579943.861529764,0.7045007699701512,12,0.4482609429573498,28579943.861529764,0.44826094295734975,28579943.861529764,0,17132133.01056849,0.44826094295734975,105.75390747264498,0.7045007699701512,0.0,True,0.0,0.0
sano,21,1,3.601619811736647,2.1609718870419883,1,1,4713525.528645839,4713525.528645839,0.0,0.0,0.0,0.0,4713525.528645839,0.0,1,0.0,4713525.528645839,0.0,4713525.528645839,0,0.0,0.0,0.0,0.0,0.0,True,0.0,0.0
sano,22,1,78.63503082648323,47.18101849588994,1,1,4713525.528645839,4713525.528645839,0.0,0.0,0.0,0.0,4713525.528645839,0.0,1,0.0,4713525.528645839,0.0,4713525.528645839,0,0.0,0.0,0.0,0.0,0.0,True,0.0,0.0
sano,23,1,125.91152787085612,75.54691672251367,1,1,4713525.528645839,4713525.528645839,0.0,0.0,0.0,0.0,4713525.528645839,0.0,1,0.0,4713525.528645839,0.0,4713525.528645839,0,0.0,0.0,0.0,0.0,0.0,True,0.0,0.0
sano,24,1,49.53686510094662,29.72211906056797,1,1,4713525.528645839,4713525.528645839,0.0,0.0,0.0,0.0,4713525.528645839,0.0,1,0.0,4713525.528645839,0.0,4713525.528645839,0,0.0,0.0,0.0,0.0,0.0,True,0.0,0.0
sano,25,1,27.27771466879144,16.366628801274864,1,1,4713525.528645839,4713525.528645839,0.0,0.0,0.0,0.0,4713525.528645839,0.0,1,0.0,4713525.528645839,0.0,4713525.528645839,0,0.0,0.0,0.0,0.0,0.0,True,0.0,0.0
sano,26,1,73.8594383855048,44.31566303130288,1,1,4713525.528645839,4713525.528645839,0.0,0.0,0.0,0.0,4713525.528645839,0.0,1,0.0,4713525.528645839,0.0,4713525.528645839,0,0.0,0.0,0.0,0.0,0.0,True,0.0,0.0
sano,27,1,47.740033520273975,28.644020112164384,1,1,4713525.528645839,4713525.528645839,0.0,0.0,0.0,0.0,4713525.528645839,0.0,1,0.0,4713525.528645839,0.0,4713525.528645839,0,0.0,0.0,0.0,0.0,0.0,True,0.0,0.0
sano,28,2,83.09657661396915,49.857945968381486,12,12,15066357.706816198,15066357.706816198,7664204.037492986,47.30990146600607,0.017656700150327383,0.09559235152749986,15066357.706816198,0.09559235152749986,12,0.017656700150327383,15066357.706816198,0.017656700150327383,15066357.706816198,0,7664204.037492983,0.017656700150327383,47.30990146600607,0.09559235152749986,0.0,True,0.0,0.0
sano,29,2,103.63915906389963,62.183495438339776,12,12,12826982.795248127,12826982.795248127,5980742.522133754,36.91816371687503,0.033335595247925794,0.11602898827959116,12826982.795248127,0.11602898827959116,12,0.033335595247925794,12826982.795248128,0.0333355952479258,12826982.795248128,0,5980742.522133755,0.0333355952479258,36.91816371687503,0.11602898827959116,0.0,True,0.0,0.0
sano,30,1,13.63763049833936,8.182578299003616,1,1,4713525.528645839,4713525.528645839,0.0,0.0,0.0,0.0,4713525.528645839,0.0,1,0.0,4713525.528645839,0.0,4713525.528645839,0,0.0,0.0,0.0,0.0,0.0,True,0.0,0.0
sano,31,1,12.84910126629152,7.709460759774911,1,1,4713525.528645839,4713525.528645839,0.0,0.0,0.0,0.0,4713525.528645839,0.0,1,0.0,4713525.528645839,0.0,4713525.528645839,0,0.0,0.0,0.0,0.0,0.0,True,0.0,0.0
sano,32,1,48.65702849099442,29.194217094596652,1,1,4713525.528645839,4713525.528645839,0.0,0.0,0.0,0.0,4713525.528645839,0.0,1,0.0,4713525.528645839,0.0,4713525.528645839,0,0.0,0.0,0.0,0.0,0.0,True,0.0,0.0
sano,33,1,25.485400630850457,15.291240378510274,1,1,4713525.528645839,4713525.528645839,0.0,0.0,0.0,0.0,4713525.528645839,0.0,1,0.0,4713525.528645839,0.0,4713525.528645839,0,0.0,0.0,0.0,0.0,0.0,True,0.0,0.0
sano,34,1,147.4231973648273,88.45391841889638,1,1,4713525.528645839,4713525.528645839,0.0,0.0,0.0,0.0,4713525.528645839,0.0,1,0.0,4713525.528645839,0.0,4713525.528645839,0,0.0,0.0,0.0,0.0,0.0,True,0.0,0.0
sano,35,1,94.143215337362,56.485929202417196,1,1,4713525.528645839,4713525.528645839,0.0,0.0,0.0,0.0,4713525.528645839,0.0,1,0.0,4713525.528645839,0.0,4713525.528645839,0,0.0,0.0,0.0,0.0,0.0,True,0.0,0.0
sano,36,2,193.27505132824712,115.96503079694827,12,12,13639695.292409962,13639695.292409962,6534234.136739922,40.33477862185136,0.07132825746749785,0.17740383282309724,13639695.292409962,0.17740383282309724,12,0.07132825746749785,13639695.292409964,0.07132825746749787,13639695.292409964,0,6534234.136739922,0.07132825746749787,40.33477862185137,0.17740383282309724,0.0,True,0.0,0.0
sano,37,1,82.3137238883725,49.3882343330235,1,1,4713525.528645839,4713525.528645839,0.0,0.0,0.0,0.0,4713525.528645839,0.0,1,0.0,4713525.528645839,0.0,4713525.528645839,0,0.0,0.0,0.0,0.0,0.0,True,0.0,0.0
sano,38,1,14.724972163791614,8.834983298274969,1,1,4713525.528645839,4713525.528645839,0.0,0.0,0.0,0.0,4713525.528645839,0.0,1,0.0,4713525.528645839,0.0,4713525.528645839,0,0.0,0.0,0.0,0.0,0.0,True,0.0,0.0
sano,39,1,11.739194168099182,7.043516500859509,1,1,4713525.528645839,4713525.528645839,0.0,0.0,0.0,0.0,4713525.528645839,0.0,1,0.0,4713525.528645839,0.0,4713525.528645839,0,0.0,0.0,0.0,0.0,0.0,True,0.0,0.0
sano,40,3,159.60150220270535,95.76090132162322,12,12,35610915.60976839,35610915.60976839,22754017.561946,140.45689853053088,0.143397205456451,0.32274295858894686,35610915.60976839,0.32274295858894686,12,0.143397205456451,35610915.60976839,0.143397205456451,35610915.60976839,0,22754017.561945997,0.143397205456451,140.45689853053085,0.32274295858894686,0.0,True,0.0,0.0
sano,41,3,53.06312858904694,31.837877153428167,12,12,41045640.4963556,41045640.4963556,26923306.251265634,166.19324846460268,0.04172008376911962,0.1958118020704184,41045640.4963556,0.1958118020704184,12,0.04172008376911962,41045640.49635561,0.04172008376911962,41045640.49635561,0,26923306.251265634,0.04172008376911962,166.19324846460268,0.1958118020704184,0.0,True,0.0,0.0
sano,42,1,25.812672628062757,15.487603576837653,1,1,4713525.528645839,4713525.528645839,0.0,0.0,0.0,0.0,4713525.528645839,0.0,1,0.0,4713525.528645839,0.0,4713525.528645839,0,0.0,0.0,0.0,0.0,0.0,True,0.0,0.0
sano,43,1,72.01895913148297,43.211375478889785,1,1,4713525.528645839,4713525.528645839,0.0,0.0,0.0,0.0,4713525.528645839,0.0,1,0.0,4713525.528645839,0.0,4713525.528645839,0,0.0,0.0,0.0,0.0,0.0,True,0.0,0.0
sano,44,1,34.605754882873576,20.763452929724146,1,1,4713525.528645839,4713525.528645839,0.0,0.0,0.0,0.0,4713525.528645839,0.0,1,0.0,4713525.528645839,0.0,4713525.528645839,0,0.0,0.0,0.0,0.0,0.0,True,0.0,0.0
sano,45,1,53.71392357278026,32.228354143668156,1,1,4713525.528645839,4713525.528645839,0.0,0.0,0.0,0.0,4713525.528645839,0.0,1,0.0,4713525.528645839,0.0,4713525.528645839,0,0.0,0.0,0.0,0.0,0.0,True,0.0,0.0
sano,46,1,113.4969978223842,68.09819869343052,1,1,4713525.528645839,4713525.528645839,0.0,0.0,0.0,0.0,4713525.528645839,0.0,1,0.0,4713525.528645839,0.0,4713525.528645839,0,0.0,0.0,0.0,0.0,0.0,True,0.0,0.0
sano,47,1,54.72816719956842,32.83690031974105,1,1,4713525.528645839,4713525.528645839,0.0,0.0,0.0,0.0,4713525.528645839,0.0,1,0.0,4713525.528645839,0.0,4713525.528645839,0,0.0,0.0,0.0,0.0,0.0,True,0.0,0.0
sano,48,1,24.1198279714033,14.471896782841979,1,1,4713525.528645839,4713525.528645839,0.0,0.0,0.0,0.0,4713525.528645839,0.0,1,0.0,4713525.528645839,0.0,4713525.528645839,0,0.0,0.0,0.0,0.0,0.0,True,0.0,0.0
sano,49,1,44.55300217594933,26.731801305569597,1,1,4713525.528645839,4713525.528645839,0.0,0.0,0.0,0.0,4713525.528645839,0.0,1,0.0,4713525.528645839,0.0,4713525.528645839,0,0.0,0.0,0.0,0.0,0.0,True,0.0,0.0
sano,50,1,27.753720402943628,16.652232241766175,1,1,4713525.528645839,4713525.528645839,0.0,0.0,0.0,0.0,4713525.528645839,0.0,1,0.0,4713525.528645839,0.0,4713525.528645839,0,0.0,0.0,0.0,0.0,0.0,True,0.0,0.0
sano,51,1,71.96258327170281,43.17754996302168,1,1,4713525.528645839,4713525.528645839,0.0,0.0,0.0,0.0,4713525.528645839,0.0,1,0.0,4713525.528645839,0.0,4713525.528645839,0,0.0,0.0,0.0,0.0,0.0,True,0.0,0.0
sano,52,1,26.879652662176355,16.127791597305812,1,1,4713525.528645839,4713525.528645839,0.0,0.0,0.0,0.0,4713525.528645839,0.0,1,0.0,4713525.528645839,0.0,4713525.528645839,0,0.0,0.0,0.0,0.0,0.0,True,0.0,0.0
sano,53,1,40.14339757837132,24.086038547022792,1,1,4713525.528645839,4713525.528645839,0.0,0.0,0.0,0.0,4713525.528645839,0.0,1,0.0,4713525.528645839,0.0,4713525.528645839,0,0.0,0.0,0.0,0.0,0.0,True,0.0,0.0
sano,54,1,62.90422577337414,37.74253546402448,1,1,4713525.528645839,4713525.528645839,0.0,0.0,0.0,0.0,4713525.528645839,0.0,1,0.0,4713525.528645839,0.0,4713525.528645839,0,0.0,0.0,0.0,0.0,0.0,True,0.0,0.0
sano,55,2,92.75370436516776,55.652222619100655,12,12,17054588.83944333,17054588.83944333,9128838.09540558,56.350852440775185,0.026561379079906123,0.12795813678317017,17054588.83944333,0.12795813678317017,12,0.026561379079906123,17054588.83944333,0.026561379079906123,17054588.83944333,0,9128838.09540558,0.026561379079906123,56.35085244077519,0.12795813678317017,0.0,True,0.0,0.0
sano,56,2,155.0889351728537,93.0533611037122,12,12,18064262.78397378,18064262.78397378,9705447.187061463,59.91016782136706,0.15815014543735778,0.32194183744321736,18064262.78397378,0.32194183744321736,12,0.15815014543735778,18064262.783973776,0.1581501454373578,18064262.783973776,0,9705447.187061464,0.1581501454373578,59.91016782136707,0.32194183744321736,0.0,True,0.0,0.0
sano,57,3,139.83386183656137,83.90031710193682,12,12,26467285.37516014,26467285.37516014,15986179.760256296,98.6801219768907,0.12689540510577577,0.22648372350784393,26467285.37516014,0.22648372350784393,12,0.12689540510577577,26467285.375160135,0.12689540510577577,26467285.375160135,0,15986179.760256298,0.12689540510577577,98.68012197689072,0.22648372350784393,0.0,True,0.0,0.0
sano,58,1,34.9185185218681,20.95111111312086,1,1,4713525.528645839,4713525.528645839,0.0,0.0,0.0,0.0,4713525.528645839,0.0,1,0.0,4713525.528645839,0.0,4713525.528645839,0,0.0,0.0,0.0,0.0,0.0,True,0.0,0.0
sano,59,1,71.27459049130516,42.764754294783096,1,1,4713525.528645839,4713525.528645839,0.0,0.0,0.0,0.0,4713525.528645839,0.0,1,0.0,4713525.528645839,0.0,4713525.528645839,0,0.0,0.0,0.0,0.0,0.0,True,0.0,0.0
sano,60,2,73.19758599839429,43.918551599036576,12,12,15522853.075158278,15522853.075158278,8015828.8138849465,49.480424777067576,0.008036080876526158,0.0659524922586772,15522853.075158278,0.0659524922586772,12,0.008036080876526158,15522853.075158281,0.008036080876526158,15522853.075158281,0,8015828.813884947,0.008036080876526158,49.480424777067576,0.0659524922586772,0.0,True,0.0,0.0
sano,61,1,35.50862973723848,21.305177842343088,1,1,4713525.528645839,4713525.528645839,0.0,0.0,0.0,0.0,4713525.528645839,0.0,1,0.0,4713525.528645839,0.0,4713525.528645839,0,0.0,0.0,0.0,0.0,0.0,True,0.0,0.0
sano,62,2,52.661930741851215,31.59715844511073,12,12,14581425.71245453,14581425.71245453,7326049.004497712,45.22252471912169,0.000988795736523915,0.022116838542426652,14581425.71245453,0.022116838542426652,12,0.000988795736523915,14581425.71245453,0.0009887957365239148,14581425.71245453,0,7326049.004497713,0.0009887957365239148,45.22252471912169,0.022116838542426652,0.0,True,0.0,0.0
sano,63,1,126.46771760948248,75.88063056568949,1,1,4713525.528645839,4713525.528645839,0.0,0.0,0.0,0.0,4713525.528645839,0.0,1,0.0,4713525.528645839,0.0,4713525.528645839,0,0.0,0.0,0.0,0.0,0.0,True,0.0,0.0
sano,64,2,115.02976313467708,69.01785788080625,12,12,30891177.93984105,30891177.93984105,19290821.603676476,119.07914570170668,0.1119158878983731,0.38181771999479996,30891177.93984105,0.38181771999479996,12,0.1119158878983731,30891177.939841058,0.11191588789837313,30891177.939841058,0,19290821.60367648,0.11191588789837313,119.07914570170666,0.38181771999479996,0.0,True,0.0,0.0
sano,65,3,107.30816813124096,64.38490087874457,12,12,19708242.187994007,19708242.187994007,11084151.34761201,68.42068733093835,0.038070242237252326,0.16818019150902933,19708242.187994007,0.16818019150902933,12,0.038070242237252326,19708242.18799401,0.03807024223725233,19708242.18799401,0,11084151.347612012,0.03807024223725233,68.42068733093835,0.16818019150902933,0.0,True,0.0,0.0
sano,66,3,199.21653798545057,119.52992279127037,12,12,15230568.632636912,15230568.632636912,7555175.351438026,46.63688488541991,0.1932134598950547,0.18726840160065505,15230568.632636912,0.18726840160065505,12,0.1932134598950547,15230568.632636916,0.1932134598950547,15230568.632636916,0,7555175.351438024,0.1932134598950547,46.6368848854199,0.18726840160065505,0.0,True,0.0,0.0
sano,67,1,18.95690356552856,11.374142139317135,1,1,4713525.528645839,4713525.528645839,0.0,0.0,0.0,0.0,4713525.528645839,0.0,1,0.0,4713525.528645839,0.0,4713525.528645839,0,0.0,0.0,0.0,0.0,0.0,True,0.0,0.0
sano,68,1,45.68864891860176,27.413189351161055,1,1,4713525.528645839,4713525.528645839,0.0,0.0,0.0,0.0,4713525.528645839,0.0,1,0.0,4713525.528645839,0.0,4713525.528645839,0,0.0,0.0,0.0,0.0,0.0,True,0.0,0.0
sano,69,1,11.595979314790778,6.957587588874467,1,1,4713525.528645839,4713525.528645839,0.0,0.0,0.0,0.0,4713525.528645839,0.0,1,0.0,4713525.528645839,0.0,4713525.528645839,0,0.0,0.0,0.0,0.0,0.0,True,0.0,0.0
sano,70,2,227.88843881814864,136.73306329088916,12,12,12621570.741727406,12621570.741727406,5638369.205729612,34.80474818351613,0.17763917851315295,0.2600644434107108,12621570.741727406,0.2600644434107108,12,0.17763917851315295,12621570.741727404,0.17763917851315295,12621570.741727404,0,5638369.205729612,0.17763917851315295,34.804748183516125,0.2600644434107108,0.0,False,0.0,0.0
sano,71,1,126.92909799246311,76.15745879547787,1,1,4713525.528645839,4713525.528645839,0.0,0.0,0.0,0.0,4713525.528645839,0.0,1,0.0,4713525.528645839,0.0,4713525.528645839,0,0.0,0.0,0.0,0.0,0.0,True,0.0,0.0
sano,72,1,116.28345758983986,69.77007455390391,1,1,4713525.528645839,4713525.528645839,0.0,0.0,0.0,0.0,4713525.528645839,0.0,1,0.0,4713525.528645839,0.0,4713525.528645839,0,0.0,0.0,0.0,0.0,0.0,True,0.0,0.0
sano,73,2,138.4351913461689,83.06111480770133,12,12,12737852.492351547,12737852.492351547,5862072.563912609,36.18563311057165,0.07323129133041163,0.17025849356481357,12737852.492351547,0.17025849356481357,12,0.07323129133041163,12737852.492351547,0.07323129133041165,12737852.492351547,0,5862072.563912609,0.07323129133041165,36.18563311057166,0.17025849356481357,0.0,True,0.0,0.0
sano,74,2,54.323820349719654,32.59429220983179,12,12,17163699.081480384,17163699.081480384,9219180.032194214,56.908518717248256,0.01947504460098993,0.11010834214614004,17163699.081480384,0.11010834214614004,12,0.01947504460098993,17163699.081480384,0.019475044600989932,17163699.081480384,0,9219180.032194216,0.019475044600989932,56.90851871724824,0.11010834214614004,0.0,True,0.0,0.0
sano,75,1,22.97349508715068,13.784097052290408,1,1,4713525.528645839,4713525.528645839,0.0,0.0,0.0,0.0,4713525.528645839,0.0,1,0.0,4713525.528645839,0.0,4713525.528645839,0,0.0,0.0,0.0,0.0,0.0,True,0.0,0.0
sano,76,1,16.742801979605506,10.045681187763304,1,1,4713525.528645839,4713525.528645839,0.0,0.0,0.0,0.0,4713525.528645839,0.0,1,0.0,4713525.528645839,0.0,4713525.528645839,0,0.0,0.0,0.0,0.0,0.0,True,0.0,0.0
sano,77,1,59.70938261270779,35.825629567624674,1,1,4713525.528645839,4713525.528645839,0.0,0.0,0.0,0.0,4713525.528645839,0.0,1,0.0,4713525.528645839,0.0,4713525.528645839,0,0.0,0.0,0.0,0.0,0.0,True,0.0,0.0
sano,78,1,42.20726534494544,25.324359206967262,1,1,4713525.528645839,4713525.528645839,0.0,0.0,0.0,0.0,4713525.528645839,0.0,1,0.0,4713525.528645839,0.0,4713525.528645839,0,0.0,0.0,0.0,0.0,0.0,True,0.0,0.0
sano,79,1,46.019919515361416,27.61195170921685,1,1,4713525.528645839,4713525.528645839,0.0,0.0,0.0,0.0,4713525.528645839,0.0,1,0.0,4713525.528645839,0.0,4713525.528645839,0,0.0,0.0,0.0,0.0,0.0,True,0.0,0.0
sano,80,1,126.62637092211358,75.97582255326815,1,1,4713525.528645839,4713525.528645839,0.0,0.0,0.0,0.0,4713525.528645839,0.0,1,0.0,4713525.528645839,0.0,4713525.528645839,0,0.0,0.0,0.0,0.0,0.0,True,0.0,0.0
sano,81,1,11.427677257772352,6.856606354663411,1,1,4713525.528645839,4713525.528645839,0.0,0.0,0.0,0.0,4713525.528645839,0.0,1,0.0,4713525.528645839,0.0,4713525.528645839,0,0.0,0.0,0.0,0.0,0.0,True,0.0,0.0
sano,82,1,72.64845575521285,43.58907345312771,1,1,4713525.528645839,4713525.528645839,0.0,0.0,0.0,0.0,4713525.528645839,0.0,1,0.0,4713525.528645839,0.0,4713525.528645839,0,0.0,0.0,0.0,0.0,0.0,True,0.0,0.0
sano,83,1,58.383175665795335,35.0299053994772,1,1,4713525.528645839,4713525.528645839,0.0,0.0,0.0,0.0,4713525.528645839,0.0,1,0.0,4713525.528645839,0.0,4713525.528645839,0,0.0,0.0,0.0,0.0,0.0,True,0.0,0.0
sano,84,1,88.79970766822845,53.27982460093707,1,1,4713525.528645839,4713525.528645839,0.0,0.0,0.0,0.0,4713525.528645839,0.0,1,0.0,4713525.528645839,0.0,4713525.528645839,0,0.0,0.0,0.0,0.0,0.0,True,0.0,0.0
sano,85,1,116.71130234839951,70.0267814090397,1,1,4713525.528645839,4713525.528645839,0.0,0.0,0.0,0.0,4713525.528645839,0.0,1,0.0,4713525.528645839,0.0,4713525.528645839,0,0.0,0.0,0.0,0.0,0.0,True,0.0,0.0
sano,86,1,12.412897385054393,7.4477384310326356,1,1,4713525.528645839,4713525.528645839,0.0,0.0,0.0,0.0,4713525.528645839,0.0,1,0.0,4713525.528645839,0.0,4713525.528645839,0,0.0,0.0,0.0,0.0,0.0,True,0.0,0.0
sano,87,1,44.583363606351696,26.750018163811017,1,1,4713525.528645839,4713525.528645839,0.0,0.0,0.0,0.0,4713525.528645839,0.0,1,0.0,4713525.528645839,0.0,4713525.528645839,0,0.0,0.0,0.0,0.0,0.0,True,0.0,0.0
sano,88,1,80.30335383599989,48.18201230159993,1,1,4713525.528645839,4713525.528645839,0.0,0.0,0.0,0.0,4713525.528645839,0.0,1,0.0,4713525.528645839,0.0,4713525.528645839,0,0.0,0.0,0.0,0.0,0.0,True,0.0,0.0
sano,89,1,72.59259397142843,43.555556382857056,1,1,4713525.528645839,4713525.528645839,0.0,0.0,0.0,0.0,4713525.528645839,0.0,1,0.0,4713525.528645839,0.0,4713525.528645839,0,0.0,0.0,0.0,0.0,0.0,True,0.0,0.0
sano,90,2,73.13263824917426,43.87958294950455,12,12,17026412.81493454,17026412.81493454,9125229.61313097,56.328577858833135,0.013401260856084576,0.09087189322779628,17026412.81493454,0.09087189322779628,12,0.013401260856084576,17026412.814934537,0.013401260856084576,17026412.814934537,0,9125229.613130968,0.013401260856084576,56.328577858833135,0.09087189322779628,0.0,True,0.0,0.0
sano,91,2,89.87131017566793,53.92278610540075,12,12,8515277.016496252,8515277.016496252,2821732.53370296,17.41810205989481,0.0009388431650219148,0.013374861466923377,8515277.016496252,0.013374861466923377,12,0.0009388431650219148,8515277.01649625,0.0009388431650219149,8515277.01649625,0,2821732.53370296,0.0009388431650219149,17.418102059894814,0.013374861466923377,0.0,True,0.0,0.0
sano,92,2,52.20474803983453,31.322848823900713,12,12,44246189.89293463,44246189.89293463,29325244.548700202,181.0200280783963,0.02242120180156838,0.21070998212264197,44246189.89293463,0.21070998212264197,12,0.02242120180156838,44246189.892934635,0.02242120180156838,44246189.892934635,0,29325244.5487002,0.02242120180156838,181.0200280783963,0.21070998212264197,0.0,True,0.0,0.0
sano,93,2,58.91667816176377,35.35000689705826,12,12,10034843.36660953,10034843.36660953,3946855.369634925,24.36330475083287,0.003387921155561235,0.030048797621146473,10034843.36660953,0.030048797621146473,12,0.003387921155561235,10034843.366609532,0.0033879211555612357,10034843.366609532,0,3946855.369634925,0.0033879211555612357,24.36330475083287,0.030048797621146473,0.0,True,0.0,0.0
sano,94,1,37.52228392401906,22.513370354411432,1,1,4713525.528645839,4713525.528645839,0.0,0.0,0.0,0.0,4713525.528645839,0.0,1,0.0,4713525.528645839,0.0,4713525.528645839,0,0.0,0.0,0.0,0.0,0.0,True,0.0,0.0
sano,95,2,102.44881526073254,61.46928915643952,12,12,18279025.71134245,18279025.71134245,10061848.902799075,62.11017841233999,0.008461214942527924,0.07582110417867272,18279025.71134245,0.07582110417867272,12,0.008461214942527924,18279025.711342447,0.008461214942527922,18279025.711342447,0,10061848.902799077,0.008461214942527922,62.110178412339984,0.07582110417867272,0.0,True,0.0,0.0
sano,96,3,126.89757829147396,76.13854697488438,12,12,28039647.305285383,28039647.305285383,17237036.725062285,106.4014612658166,0.06357139768518803,0.22065932682907713,28039647.305285383,0.22065932682907713,12,0.06357139768518803,28039647.30528538,0.06357139768518802,28039647.30528538,0,17237036.72506229,0.06357139768518802,106.4014612658166,0.22065932682907713,0.0,True,0.0,0.0
sano,97,2,122.3996434063487,73.43978604380922,12,12,15119230.929811386,15119230.929811386,7677071.885904652,47.38933262904106,0.03771814707409454,0.139832403858833,15119230.929811386,0.139832403858833,12,0.03771814707409454,15119230.929811386,0.03771814707409453,15119230.929811386,0,7677071.885904651,0.03771814707409453,47.38933262904106,0.139832403858833,0.0,True,0.0,0.0
sano,98,4,139.80354339544888,83.88212603726933,12,12,27702427.66099903,27702427.66099903,16817917.033314917,103.81430267478345,0.19181648807939475,0.28852709500604373,27702427.66099903,0.28852709500604373,12,0.19181648807939475,27702427.66099903,0.19181648807939472,27702427.66099903,0,16817917.033314917,0.19181648807939472,103.81430267478345,0.28852709500604373,0.0,True,0.0,0.0
sano,99,2,166.36787464727414,99.82072478836447,12,12,30963965.815248948,30963965.815248948,19013471.516284753,117.36710812521453,0.36381480728923593,0.683448413814562,30963965.815248948,0.683448413814562,12,0.36381480728923593,30963965.815248936,0.3638148072892359,30963965.815248936,0,19013471.51628475,0.3638148072892359,117.3671081252145,0.683448413814562,0.0,True,0.0,0.0
sano,100,1,61.01724582647062,36.61034749588237,1,1,4713525.528645839,4713525.528645839,0.0,0.0,0.0,0.0,4713525.528645839,0.0,1,0.0,4713525.528645839,0.0,4713525.528645839,0,0.0,0.0,0.0,0.0,0.0,True,0.0,0.0
sano,101,1,38.960629836726746,23.376377902036047,1,1,4713525.528645839,4713525.528645839,0.0,0.0,0.0,0.0,4713525.528645839,0.0,1,0.0,4713525.528645839,0.0,4713525.528645839,0,0.0,0.0,0.0,0.0,0.0,True,0.0,0.0
sano,102,2,116.40797584345084,69.84478550607051,12,12,15834742.58209803,15834742.58209803,8182486.121822778,50.509173591498644,0.0573932975238363,0.17807709930468033,15834742.58209803,0.17807709930468033,12,0.0573932975238363,15834742.582098028,0.05739329752383631,15834742.582098028,0,8182486.121822779,0.05739329752383631,50.50917359149864,0.17807709930468033,0.0,True,0.0,0.0
sano,103,2,70.94514505920091,42.567087035520544,12,12,11429854.00346071,11429854.00346071,4983284.596112036,30.761016025382947,0.0029527754666040045,0.03152157450561698,11429854.00346071,0.03152157450561698,12,0.0029527754666040045,11429854.003460713,0.002952775466604005,11429854.003460713,0,4983284.596112037,0.002952775466604005,30.761016025382943,0.03152157450561698,0.0,True,0.0,0.0
sano,104,2,144.5427281726256,86.72563690357536,12,12,17815631.607404288,17815631.607404288,9691448.57504597,59.82375663608624,0.028459558445695633,0.13647191066283937,17815631.607404288,0.13647191066283937,12,0.028459558445695633,17815631.607404284,0.028459558445695633,17815631.607404284,0,9691448.575045967,0.028459558445695633,59.823756636086216,0.13647191066283937,0.0,True,0.0,0.0
sano,105,2,81.30188244959638,48.78112946975782,12,12,15291135.31430456,15291135.31430456,7835438.438029095,48.366903938451195,0.014367599623175605,0.08718837936993674,15291135.31430456,0.08718837936993674,12,0.014367599623175605,15291135.31430456,0.014367599623175605,15291135.31430456,0,7835438.438029095,0.014367599623175605,48.3669039384512,0.08718837936993674,0.0,True,0.0,0.0
sano,106,2,35.538211189424786,21.32292671365487,12,12,61295883.79033199,61295883.79033199,42001483.25865645,259.26841517689166,0.010190156227380192,0.17000338942630808,61295883.79033199,0.17000338942630808,12,0.010190156227380192,61295883.790332004,0.010190156227380192,61295883.790332004,0,42001483.25865646,0.010190156227380192,259.26841517689166,0.17000338942630808,0.0,True,0.0,0.0
sano,107,2,18.67647295796805,11.20588377478083,12,12,12704677.273244796,12704677.273244796,5931849.582197093,36.616355445661064,0.0014685532618448714,0.0242535190532188,12704677.273244796,0.0242535190532188,12,0.0014685532618448714,12704677.273244794,0.0014685532618448714,12704677.273244794,0,5931849.582197093,0.0014685532618448714,36.61635544566107,0.0242535190532188,0.0,True,0.0,0.0
sano,108,1,51.705671646216025,31.023402987729614,1,1,4713525.528645839,4713525.528645839,0.0,0.0,0.0,0.0,4713525.528645839,0.0,1,0.0,4713525.528645839,0.0,4713525.528645839,0,0.0,0.0,0.0,0.0,0.0,True,0.0,0.0
sano,109,1,93.57219956618958,56.143319739713746,1,1,4713525.528645839,4713525.528645839,0.0,0.0,0.0,0.0,4713525.528645839,0.0,1,0.0,4713525.528645839,0.0,4713525.528645839,0,0.0,0.0,0.0,0.0,0.0,True,0.0,0.0
sano,110,1,70.26702900908454,42.16021740545072,1,1,4713525.528645839,4713525.528645839,0.0,0.0,0.0,0.0,4713525.528645839,0.0,1,0.0,4713525.528645839,0.0,4713525.528645839,0,0.0,0.0,0.0,0.0,0.0,True,0.0,0.0
sano,111,1,89.4107160087948,53.64642960527687,1,1,4713525.528645839,4713525.528645839,0.0,0.0,0.0,0.0,4713525.528645839,0.0,1,0.0,4713525.528645839,0.0,4713525.528645839,0,0.0,0.0,0.0,0.0,0.0,True,0.0,0.0
sano,112,3,51.560565313946576,30.936339188367945,12,12,12002041.918536408,12002041.918536408,5408043.418518141,33.382984064926795,0.003040848304546586,0.033236010470686174,12002041.918536408,0.033236010470686174,12,0.003040848304546586,12002041.918536406,0.0030408483045465855,12002041.918536406,0,5408043.418518141,0.0030408483045465855,33.382984064926795,0.033236010470686174,0.0,True,0.0,0.0
sano,113,3,195.08509342771526,117.05105605662914,12,12,28141316.100083005,28141316.100083005,17076765.231495623,105.41213105861497,0.2427786011222742,0.2742452830943235,28141316.100083005,0.2742452830943235,12,0.2427786011222742,28141316.10008301,0.24277860112227423,28141316.10008301,0,17076765.231495626,0.24277860112227423,105.41213105861499,0.2742452830943235,0.0,True,0.0,0.0
sano,114,1,149.31955085550925,89.59173051330555,1,1,4713525.528645839,4713525.528645839,0.0,0.0,0.0,0.0,4713525.528645839,0.0,1,0.0,4713525.528645839,0.0,4713525.528645839,0,0.0,0.0,0.0,0.0,0.0,True,0.0,0.0
sano,115,1,42.32786209266544,25.396717255599263,1,1,4713525.528645839,4713525.528645839,0.0,0.0,0.0,0.0,4713525.528645839,0.0,1,0.0,4713525.528645839,0.0,4713525.528645839,0,0.0,0.0,0.0,0.0,0.0,True,0.0,0.0
sano,116,1,109.78428584521724,65.87057150713034,1,1,4713525.528645839,4713525.528645839,0.0,0.0,0.0,0.0,4713525.528645839,0.0,1,0.0,4713525.528645839,0.0,4713525.528645839,0,0.0,0.0,0.0,0.0,0.0,True,0.0,0.0
sano,117,2,59.93868487820372,35.96321092692223,12,12,9650001.114331005,9650001.114331005,3653509.2609094977,22.55252630191048,0.009152446830278094,0.04751804437918194,9650001.114331005,0.04751804437918194,12,0.009152446830278094,9650001.114331003,0.009152446830278096,9650001.114331003,0,3653509.2609094977,0.009152446830278096,22.55252630191048,0.04751804437918194,0.0,True,0.0,0.0
sano,118,1,68.04890210123284,40.8293412607397,1,1,4713525.528645839,4713525.528645839,0.0,0.0,0.0,0.0,4713525.528645839,0.0,1,0.0,4713525.528645839,0.0,4713525.528645839,0,0.0,0.0,0.0,0.0,0.0,True,0.0,0.0
sano,119,3,60.82102203294983,36.4926132197699,12,12,24444598.59062165,24444598.59062165,14645380.757167125,90.40358492078472,0.004415276813384717,0.035568811149588445,24444598.59062165,0.035568811149588445,12,0.004415276813384717,24444598.59062165,0.004415276813384718,24444598.59062165,0,14645380.757167123,0.004415276813384718,90.40358492078471,0.035568811149588445,0.0,True,0.0,0.0
sano,120,1,35.5859887794602,21.35159326767612,1,1,4713525.528645839,4713525.528645839,0.0,0.0,0.0,0.0,4713525.528645839,0.0,1,0.0,4713525.528645839,0.0,4713525.528645839,0,0.0,0.0,0.0,0.0,0.0,True,0.0,0.0
sano,121,2,73.76241173912096,44.25744704347258,12,12,12055106.301546825,12055106.301546825,5440845.676822893,33.585467140882066,0.008057858367285326,0.05440989200854058,12055106.301546825,0.05440989200854058,12,0.008057858367285326,12055106.301546825,0.008057858367285325,12055106.301546825,0,5440845.676822893,0.008057858367285325,33.58546714088206,0.05440989200854058,0.0,True,0.0,0.0
sano,122,1,50.26894081602544,30.161364489615263,1,1,4713525.528645839,4713525.528645839,0.0,0.0,0.0,0.0,4713525.528645839,0.0,1,0.0,4713525.528645839,0.0,4713525.528645839,0,0.0,0.0,0.0,0.0,0.0,True,0.0,0.0
sano,123,2,109.71632948733759,65.82979769240255,12,12,14737486.867559997,14737486.867559997,7381384.375123066,45.56410108100658,0.04701105786453147,0.1530748236695903,14737486.867559997,0.1530748236695903,12,0.04701105786453147,14737486.867559996,0.04701105786453147,14737486.867559996,0,7381384.375123065,0.04701105786453147,45.56410108100658,0.1530748236695903,0.0,True,0.0,0.0
sano,124,6,339.1032501073834,203.46195006443003,12,12,85381231.03596674,85381231.03596674,55702437.1565152,343.8422046698469,3.1900889260488188,1.9027495975981867,84315580.82375959,1.3587677130830322,12,2.024243510577516,85381231.03596674,3.1900889260488188,84315580.8237596,0,56444931.54968344,2.0242435105775156,343.84220466984686,1.3587677130830322,37.12471965841232,False,1065650.2122071385,0.0
sano,125,1,9.799050777497593,5.8794304664985555,1,1,4713525.528645839,4713525.528645839,0.0,0.0,0.0,0.0,4713525.528645839,0.0,1,0.0,4713525.528645839,0.0,4713525.528645839,0,0.0,0.0,0.0,0.0,0.0,True,0.0,0.0
sano,126,1,19.826836027413357,11.896101616448014,1,1,4713525.528645839,4713525.528645839,0.0,0.0,0.0,0.0,4713525.528645839,0.0,1,0.0,4713525.528645839,0.0,4713525.528645839,0,0.0,0.0,0.0,0.0,0.0,True,0.0,0.0
sano,127,1,53.33375192858816,32.000251157152896,1,1,4713525.528645839,4713525.528645839,0.0,0.0,0.0,0.0,4713525.528645839,0.0,1,0.0,4713525.528645839,0.0,4713525.528645839,0,0.0,0.0,0.0,0.0,0.0,True,0.0,0.0
sano,128,1,46.79993293861144,28.079959763166865,1,1,4713525.528645839,4713525.528645839,0.0,0.0,0.0,0.0,4713525.528645839,0.0,1,0.0,4713525.528645839,0.0,4713525.528645839,0,0.0,0.0,0.0,0.0,0.0,True,0.0,0.0
sano,129,1,49.671317960458296,29.802790776274975,1,1,4713525.528645839,4713525.528645839,0.0,0.0,0.0,0.0,4713525.528645839,0.0,1,0.0,4713525.528645839,0.0,4713525.528645839,0,0.0,0.0,0.0,0.0,0.0,True,0.0,0.0
sano,130,1,52.31792126515168,31.390752759091008,1,1,4713525.528645839,4713525.528645839,0.0,0.0,0.0,0.0,4713525.528645839,0.0,1,0.0,4713525.528645839,0.0,4713525.528645839,0,0.0,0.0,0.0,0.0,0.0,True,0.0,0.0
sano,131,2,6.676842791916326,4.006105675149795,12,12,6752017.362960118,6752017.362960118,1513614.9422065883,9.34330211238635,4.1726278354252144e-05,0.002065129896218301,6752017.362960118,0.002065129896218301,12,4.1726278354252144e-05,6752017.362960119,4.172627835425214e-05,6752017.362960119,0,1513614.9422065886,4.172627835425214e-05,9.343302112386349,0.002065129896218301,0.0,True,0.0,0.0
sano,132,1,29.914696327678524,17.948817796607113,1,1,4713525.528645839,4713525.528645839,0.0,0.0,0.0,0.0,4713525.528645839,0.0,1,0.0,4713525.528645839,0.0,4713525.528645839,0,0.0,0.0,0.0,0.0,0.0,True,0.0,0.0
sano,133,2,128.45620985687106,77.07372591412263,12,12,15967493.072948432,15967493.072948432,8293996.7223215895,51.19751063161476,0.04755936608561397,0.16320550499108352,15967493.072948432,0.16320550499108352,12,0.04755936608561397,15967493.072948433,0.04755936608561397,15967493.072948433,0,8293996.722321591,0.04755936608561397,51.19751063161476,0.16320550499108352,0.0,True,0.0,0.0
sano,134,1,95.15463001029217,57.0927780061753,1,1,4713525.528645839,4713525.528645839,0.0,0.0,0.0,0.0,4713525.528645839,0.0,1,0.0,4713525.528645839,0.0,4713525.528645839,0,0.0,0.0,0.0,0.0,0.0,True,0.0,0.0
sano,135,1,84.12100481020468,50.47260288612281,1,1,4713525.528645839,4713525.528645839,0.0,0.0,0.0,0.0,4713525.528645839,0.0,1,0.0,4713525.528645839,0.0,4713525.528645839,0,0.0,0.0,0.0,0.0,0.0,True,0.0,0.0
sano,136,2,99.32678742020205,59.59607245212123,12,12,13417235.379011007,13417235.379011007,6407283.914704175,39.5511352759517,0.04226468239351879,0.13522613471014086,13417235.379011007,0.13522613471014086,12,0.04226468239351879,13417235.379011009,0.0422646823935188,13417235.379011009,0,6407283.914704176,0.0422646823935188,39.5511352759517,0.13522613471014086,0.0,True,0.0,0.0
sano,137,1,19.669368180939077,11.801620908563446,1,1,4713525.528645839,4713525.528645839,0.0,0.0,0.0,0.0,4713525.528645839,0.0,1,0.0,4713525.528645839,0.0,4713525.528645839,0,0.0,0.0,0.0,0.0,0.0,True,0.0,0.0
sano,138,2,225.16168556843627,135.09701134106177,12,12,16805947.138286795,16805947.138286795,8580020.523349542,52.96308965030584,0.3033857175181767,0.41925338179807586,16805947.138286795,0.41925338179807586,12,0.3033857175181767,16805947.13828679,0.30338571751817667,16805947.13828679,0,8580020.523349544,0.30338571751817667,52.96308965030583,0.41925338179807586,0.0,False,0.0,0.0
sano,139,1,24.011319622763228,14.406791773657936,1,1,4713525.528645839,4713525.528645839,0.0,0.0,0.0,0.0,4713525.528645839,0.0,1,0.0,4713525.528645839,0.0,4713525.528645839,0,0.0,0.0,0.0,0.0,0.0,True,0.0,0.0
sano,140,1,95.12360056254006,57.074160337524035,1,1,4713525.528645839,4713525.528645839,0.0,0.0,0.0,0.0,4713525.528645839,0.0,1,0.0,4713525.528645839,0.0,4713525.528645839,0,0.0,0.0,0.0,0.0,0.0,True,0.0,0.0
sano,141,3,107.64787843473462,64.58872706084077,12,12,59340949.52810148,59340949.52810148,40420957.5191499,249.5120834515425,0.10816906160382622,0.5316338215293547,59340949.52810148,0.5316338215293547,12,0.10816906160382622,59340949.52810149,0.10816906160382622,59340949.52810149,0,40420957.5191499,0.10816906160382622,249.51208345154257,0.5316338215293547,0.0,True,0.0,0.0
sano,142,1,52.89810313234322,31.73886187940593,1,1,4713525.528645839,4713525.528645839,0.0,0.0,0.0,0.0,4713525.528645839,0.0,1,0.0,4713525.528645839,0.0,4713525.528645839,0,0.0,0.0,0.0,0.0,0.0,True,0.0,0.0
sano,143,1,89.13983633699763,53.48390180219858,1,1,4713525.528645839,4713525.528645839,0.0,0.0,0.0,0.0,4713525.528645839,0.0,1,0.0,4713525.528645839,0.0,4713525.528645839,0,0.0,0.0,0.0,0.0,0.0,True,0.0,0.0
sano,144,1,6.908392510970354,4.145035506582213,1,1,4713525.528645839,4713525.528645839,0.0,0.0,0.0,0.0,4713525.528645839,0.0,1,0.0,4713525.528645839,0.0,4713525.528645839,0,0.0,0.0,0.0,0.0,0.0,True,0.0,0.0
sano,145,3,85.25167907950309,51.15100744770186,12,12,19802977.158081558,19802977.158081558,11117654.696663713,68.62749812755378,0.06607383378745314,0.19803068539597907,19802977.158081558,0.19803068539597907,12,0.06607383378745314,19802977.158081558,0.06607383378745316,19802977.158081558,0,11117654.696663715,0.06607383378745316,68.62749812755379,0.19803068539597907,0.0,True,0.0,0.0
sano,146,1,113.81245145782138,68.28747087469283,1,1,4713525.528645839,4713525.528645839,0.0,0.0,0.0,0.0,4713525.528645839,0.0,1,0.0,4713525.528645839,0.0,4713525.528645839,0,0.0,0.0,0.0,0.0,0.0,True,0.0,0.0
sano,147,1,45.95286980672566,27.571721884035394,1,1,4713525.528645839,4713525.528645839,0.0,0.0,0.0,0.0,4713525.528645839,0.0,1,0.0,4713525.528645839,0.0,4713525.528645839,0,0.0,0.0,0.0,0.0,0.0,True,0.0,0.0
sano,148,2,43.91514496467487,26.349086978804923,12,12,16817356.867859818,16817356.867859818,8982080.476707887,55.44494121424621,0.0042160253489768405,0.05056790051400145,16817356.867859818,0.05056790051400145,12,0.0042160253489768405,16817356.86785982,0.004216025348976841,16817356.86785982,0,8982080.476707885,0.004216025348976841,55.44494121424621,0.05056790051400145,0.0,True,0.0,0.0
sano,149,1,88.15030002536321,52.89018001521792,1,1,4713525.528645839,4713525.528645839,0.0,0.0,0.0,0.0,4713525.528645839,0.0,1,0.0,4713525.528645839,0.0,4713525.528645839,0,0.0,0.0,0.0,0.0,0.0,True,0.0,0.0
sano,150,1,18.90100963838653,11.340605783031917,1,1,4713525.528645839,4713525.528645839,0.0,0.0,0.0,0.0,4713525.528645839,0.0,1,0.0,4713525.528645839,0.0,4713525.528645839,0,0.0,0.0,0.0,0.0,0.0,True,0.0,0.0
sano,151,1,127.59417057607808,76.55650234564685,1,1,4713525.528645839,4713525.528645839,0.0,0.0,0.0,0.0,4713525.528645839,0.0,1,0.0,4713525.528645839,0.0,4713525.528645839,0,0.0,0.0,0.0,0.0,0.0,True,0.0,0.0
sano,152,2,212.23816279057354,127.34289767434413,12,12,18448724.441765536,18448724.441765536,9826346.924396513,60.65646249627477,0.28324889743094733,0.43352585735589044,18448724.441765536,0.43352585735589044,12,0.28324889743094733,18448724.441765532,0.28324889743094733,18448724.441765532,0,9826346.924396511,0.28324889743094733,60.65646249627476,0.43352585735589044,0.0,True,0.0,0.0
sano,153,2,96.01528989536408,57.60917393721845,12,12,18952195.59738067,18952195.59738067,10564080.012376469,65.21037044676832,0.006657578931066197,0.06891422051298968,18952195.59738067,0.06891422051298968,12,0.006657578931066197,18952195.597380675,0.006657578931066198,18952195.597380675,0,10564080.012376467,0.006657578931066198,65.21037044676831,0.06891422051298968,0.0,True,0.0,0.0
sano,154,1,83.61946908711073,50.171681452266434,1,1,4713525.528645839,4713525.528645839,0.0,0.0,0.0,0.0,4713525.528645839,0.0,1,0.0,4713525.528645839,0.0,4713525.528645839,0,0.0,0.0,0.0,0.0,0.0,True,0.0,0.0
sano,155,2,78.36750574067105,47.020503444402635,12,12,11494461.166047564,11494461.166047564,5016885.188123086,30.96842708717954,0.013877877791090074,0.06856673278522034,11494461.166047564,0.06856673278522034,12,0.013877877791090074,11494461.166047564,0.013877877791090076,11494461.166047564,0,5016885.1881230865,0.013877877791090076,30.968427087179546,0.06856673278522034,0.0,True,0.0,0.0
sano,156,1,82.6568210593836,49.59409263563016,1,1,4713525.528645839,4713525.528645839,0.0,0.0,0.0,0.0,4713525.528645839,0.0,1,0.0,4713525.528645839,0.0,4713525.528645839,0,0.0,0.0,0.0,0.0,0.0,True,0.0,0.0
sano,157,2,85.76430277663314,51.458581665979885,12,12,13264792.042619595,13264792.042619595,6345827.718394338,39.17177603947123,0.0029368664413459843,0.035474892026870736,13264792.042619595,0.035474892026870736,12,0.0029368664413459843,13264792.042619597,0.0029368664413459843,13264792.042619597,0,6345827.718394338,0.0029368664413459843,39.171776039471226,0.035474892026870736,0.0,True,0.0,0.0
sano,158,1,84.17362090028627,50.50417254017176,1,1,4713525.528645839,4713525.528645839,0.0,0.0,0.0,0.0,4713525.528645839,0.0,1,0.0,4713525.528645839,0.0,4713525.528645839,0,0.0,0.0,0.0,0.0,0.0,True,0.0,0.0
sano,159,1,35.47175259699705,21.283051558198228,1,1,4713525.528645839,4713525.528645839,0.0,0.0,0.0,0.0,4713525.528645839,0.0,1,0.0,4713525.528645839,0.0,4713525.528645839,0,0.0,0.0,0.0,0.0,0.0,True,0.0,0.0
sano,160,2,123.60907147059456,74.16544288235673,12,12,16661784.351383321,16661784.351383321,8755991.928189455,54.04933289005836,0.08826063661199522,0.22843942025940842,16661784.351383321,0.22843942025940842,12,0.08826063661199522,16661784.351383317,0.08826063661199522,16661784.351383317,0,8755991.928189453,0.08826063661199522,54.049332890058345,0.22843942025940842,0.0,True,0.0,0.0
sano,161,1,26.55803642121426,15.934821852728556,1,1,4713525.528645839,4713525.528645839,0.0,0.0,0.0,0.0,4713525.528645839,0.0,1,0.0,4713525.528645839,0.0,4713525.528645839,0,0.0,0.0,0.0,0.0,0.0,True,0.0,0.0
sano,162,1,74.53793612578636,44.722761675471816,1,1,4713525.528645839,4713525.528645839,0.0,0.0,0.0,0.0,4713525.528645839,0.0,1,0.0,4713525.528645839,0.0,4713525.528645839,0,0.0,0.0,0.0,0.0,0.0,True,0.0,0.0
sano,163,2,107.29077686299684,64.37446611779811,12,12,7071447.755446642,7071447.755446642,1738520.146716958,10.73160584393184,0.009380360782409712,0.03318443901886541,7071447.755446642,0.03318443901886541,12,0.009380360782409712,7071447.755446641,0.009380360782409712,7071447.755446641,0,1738520.146716958,0.009380360782409712,10.731605843931838,0.03318443901886541,0.0,True,0.0,0.0
sano,165,1,29.698055528580586,17.81883331714835,1,1,4713525.528645839,4713525.528645839,0.0,0.0,0.0,0.0,4713525.528645839,0.0,1,0.0,4713525.528645839,0.0,4713525.528645839,0,0.0,0.0,0.0,0.0,0.0,True,0.0,0.0
sano,166,1,28.00454860045486,16.802729160272914,1,1,4713525.528645839,4713525.528645839,0.0,0.0,0.0,0.0,4713525.528645839,0.0,1,0.0,4713525.528645839,0.0,4713525.528645839,0,0.0,0.0,0.0,0.0,0.0,True,0.0,0.0
sano,167,1,64.31365700097312,38.58819420058387,1,1,4713525.528645839,4713525.528645839,0.0,0.0,0.0,0.0,4713525.528645839,0.0,1,0.0,4713525.528645839,0.0,4713525.528645839,0,0.0,0.0,0.0,0.0,0.0,True,0.0,0.0
sano,168,2,22.30073634315208,13.380441805891248,12,12,6201641.673993121,6201641.673993121,1104822.4303092028,6.819891545118537,0.00012865085947521944,0.003098042937600487,6201641.673993121,0.003098042937600487,12,0.00012865085947521944,6201641.67399312,0.00012865085947521947,6201641.67399312,0,1104822.430309203,0.00012865085947521947,6.819891545118537,0.003098042937600487,0.0,True,0.0,0.0
sano,169,2,43.3559174266412,26.013550455984717,12,12,16808696.231317338,16808696.231317338,8966897.52058332,55.35121926286001,0.010868541935415102,0.08112254950696093,16808696.231317338,0.08112254950696093,12,0.010868541935415102,16808696.231317334,0.010868541935415102,16808696.231317334,0,8966897.520583322,0.010868541935415102,55.35121926286001,0.08112254950696093,0.0,True,0.0,0.0
sano,170,1,130.4779860833122,78.28679164998732,1,1,4713525.528645839,4713525.528645839,0.0,0.0,0.0,0.0,4713525.528645839,0.0,1,0.0,4713525.528645839,0.0,4713525.528645839,0,0.0,0.0,0.0,0.0,0.0,True,0.0,0.0
sano,171,1,17.494206539055842,10.496523923433505,1,1,4713525.528645839,4713525.528645839,0.0,0.0,0.0,0.0,4713525.528645839,0.0,1,0.0,4713525.528645839,0.0,4713525.528645839,0,0.0,0.0,0.0,0.0,0.0,True,0.0,0.0
sano,172,1,35.44887802379071,21.269326814274425,1,1,4713525.528645839,4713525.528645839,0.0,0.0,0.0,0.0,4713525.528645839,0.0,1,0.0,4713525.528645839,0.0,4713525.528645839,0,0.0,0.0,0.0,0.0,0.0,True,0.0,0.0
sano,173,2,95.96853135801584,57.5811188148095,12,12,44787648.17624352,44787648.17624352,29493694.7750095,182.0598442901821,0.19998757001374998,0.6311040071734446,44787648.17624352,0.6311040071734446,12,0.19998757001374998,44787648.17624352,0.19998757001374995,44787648.17624352,0,29493694.775009498,0.19998757001374995,182.05984429018207,0.6311040071734446,0.0,True,0.0,0.0
sano,174,2,231.83312553427902,139.0998753205674,12,12,18104135.68965331,18104135.68965331,9668654.019009931,59.683049500061294,0.20862182415757843,0.36906063478483897,18104135.68965331,0.36906063478483897,12,0.20862182415757843,18104135.689653315,0.20862182415757838,18104135.689653315,0,9668654.01900993,0.20862182415757838,59.68304950006129,0.36906063478483897,0.0,False,0.0,0.0
sano,175,1,83.24621649954938,49.94772989972962,1,1,4713525.528645839,4713525.528645839,0.0,0.0,0.0,0.0,4713525.528645839,0.0,1,0.0,4713525.528645839,0.0,4713525.528645839,0,0.0,0.0,0.0,0.0,0.0,True,0.0,0.0
sano,176,1,95.36626409661191,57.219758457967146,1,1,4713525.528645839,4713525.528645839,0.0,0.0,0.0,0.0,4713525.528645839,0.0,1,0.0,4713525.528645839,0.0,4713525.528645839,0,0.0,0.0,0.0,0.0,0.0,True,0.0,0.0
sano,177,1,38.32805255341247,22.99683153204748,1,1,4713525.528645839,4713525.528645839,0.0,0.0,0.0,0.0,4713525.528645839,0.0,1,0.0,4713525.528645839,0.0,4713525.528645839,0,0.0,0.0,0.0,0.0,0.0,True,0.0,0.0
sano,178,1,99.60257540288045,59.761545241728264,1,1,4713525.528645839,4713525.528645839,0.0,0.0,0.0,0.0,4713525.528645839,0.0,1,0.0,4713525.528645839,0.0,4713525.528645839,0,0.0,0.0,0.0,0.0,0.0,True,0.0,0.0
sano,179,2,53.2748595905977,31.96491575435862,12,12,32718421.318076715,32718421.318076715,20775495.135798782,128.24379713456034,0.014724539621774413,0.14372469617078687,32718421.318076715,0.14372469617078687,12,0.014724539621774413,32718421.318076707,0.014724539621774413,32718421.318076707,0,20775495.135798782,0.014724539621774413,128.24379713456037,0.14372469617078687,0.0,True,0.0,0.0
sano,180,2,270.87762879719844,162.52657727831908,12,12,53215276.444645666,53215276.444645666,33969918.95603703,209.69085775331496,1.5542442446452929,1.8881727887722612,53215276.444645666,1.8881727887722612,12,1.5542442446452929,53215276.444645666,1.5542442446452926,53215276.444645666,0,33969918.95603702,1.5542442446452926,209.69085775331496,1.8881727887722612,0.0,False,0.0,0.0
sano,181,2,181.12177666590713,108.67306599954428,12,12,17800179.540237788,17800179.540237788,9646572.35164984,59.54674291141876,0.05384902115745386,0.18728813494622887,17800179.540237788,0.18728813494622887,12,0.05384902115745386,17800179.540237788,0.053849021157453866,17800179.540237788,0,9646572.351649841,0.053849021157453866,59.54674291141877,0.18728813494622887,0.0,True,0.0,0.0
sano,182,2,80.46687696419228,48.28012617851537,12,12,17865582.944207486,17865582.944207486,9764159.611850936,60.27259019661073,0.001384486113995551,0.030213190041442253,17865582.944207486,0.030213190041442253,12,0.001384486113995551,17865582.944207482,0.001384486113995551,17865582.944207482,0,9764159.611850938,0.001384486113995551,60.27259019661072,0.030213190041442253,0.0,True,0.0,0.0
sano,183,3,136.72278847296863,82.03367308378117,12,12,26152734.380116936,26152734.380116936,15784685.232273245,97.43632859427929,0.10251610071998248,0.1807588202264511,26152734.380116936,0.1807588202264511,12,0.10251610071998248,26152734.380116932,0.10251610071998249,26152734.380116932,0,15784685.232273243,0.10251610071998249,97.43632859427927,0.1807588202264511,0.0,True,0.0,0.0
sano,184,2,133.7515726905168,80.25094361431009,12,12,17664425.859734323,17664425.859734323,9563409.965065176,59.033394846081336,0.04044016750456959,0.1616023622698092,17664425.859734323,0.1616023622698092,12,0.04044016750456959,17664425.85973432,0.04044016750456959,17664425.85973432,0,9563409.965065174,0.04044016750456959,59.03339484608132,0.1616023622698092,0.0,True,0.0,0.0
sano,185,2,93.00037948409552,55.80022769045731,12,12,12854014.756666424,12854014.756666424,6038095.57657335,37.27219491711945,0.004998238419050594,0.045143301866444545,12854014.756666424,0.045143301866444545,12,0.004998238419050594,12854014.756666424,0.004998238419050594,12854014.756666424,0,6038095.57657335,0.004998238419050594,37.27219491711944,0.045143301866444545,0.0,True,0.0,0.0
sano,187,1,14.090976983879823,8.454586190327893,1,1,4713525.528645839,4713525.528645839,0.0,0.0,0.0,0.0,4713525.528645839,0.0,1,0.0,4713525.528645839,0.0,4713525.528645839,0,0.0,0.0,0.0,0.0,0.0,True,0.0,0.0
sano,188,1,84.7427079624514,50.84562477747084,1,1,4713525.528645839,4713525.528645839,0.0,0.0,0.0,0.0,4713525.528645839,0.0,1,0.0,4713525.528645839,0.0,4713525.528645839,0,0.0,0.0,0.0,0.0,0.0,True,0.0,0.0
sano,189,1,14.62646875554066,8.775881253324396,1,1,4713525.528645839,4713525.528645839,0.0,0.0,0.0,0.0,4713525.528645839,0.0,1,0.0,4713525.528645839,0.0,4713525.528645839,0,0.0,0.0,0.0,0.0,0.0,True,0.0,0.0
sano,190,1,13.11640206098634,7.869841236591804,1,1,4713525.528645839,4713525.528645839,0.0,0.0,0.0,0.0,4713525.528645839,0.0,1,0.0,4713525.528645839,0.0,4713525.528645839,0,0.0,0.0,0.0,0.0,0.0,True,0.0,0.0
sano,191,1,115.54315797056924,69.32589478234154,1,1,4713525.528645839,4713525.528645839,0.0,0.0,0.0,0.0,4713525.528645839,0.0,1,0.0,4713525.528645839,0.0,4713525.528645839,0,0.0,0.0,0.0,0.0,0.0,True,0.0,0.0
sano,192,1,18.171188803805062,10.902713282283036,1,1,4713525.528645839,4713525.528645839,0.0,0.0,0.0,0.0,4713525.528645839,0.0,1,0.0,4713525.528645839,0.0,4713525.528645839,0,0.0,0.0,0.0,0.0,0.0,True,0.0,0.0
sano,193,1,105.40401810463068,63.24241086277841,1,1,4713525.528645839,4713525.528645839,0.0,0.0,0.0,0.0,4713525.528645839,0.0,1,0.0,4713525.528645839,0.0,4713525.528645839,0,0.0,0.0,0.0,0.0,0.0,True,0.0,0.0
sano,194,2,168.99150236121986,101.39490141673191,12,12,67783302.94396643,67783302.94396643,46128668.29381656,284.7448660112132,0.5346724108392459,1.2905183709523098,67783302.94396643,1.2905183709523098,12,0.5346724108392459,67783302.94396645,0.534672410839246,67783302.94396645,0,46128668.29381655,0.534672410839246,284.7448660112133,1.2905183709523098,0.0,True,0.0,0.0
sano,195,1,50.4016247025668,30.240974821540078,1,1,4713525.528645839,4713525.528645839,0.0,0.0,0.0,0.0,4713525.528645839,0.0,1,0.0,4713525.528645839,0.0,4713525.528645839,0,0.0,0.0,0.0,0.0,0.0,True,0.0,0.0
sano,196,1,30.213213095778656,18.127927857467192,1,1,4713525.528645839,4713525.528645839,0.0,0.0,0.0,0.0,4713525.528645839,0.0,1,0.0,4713525.528645839,0.0,4713525.528645839,0,0.0,0.0,0.0,0.0,0.0,True,0.0,0.0
sano,197,1,83.2422072081902,49.94532432491412,1,1,4713525.528645839,4713525.528645839,0.0,0.0,0.0,0.0,4713525.528645839,0.0,1,0.0,4713525.528645839,0.0,4713525.528645839,0,0.0,0.0,0.0,0.0,0.0,True,0.0,0.0
sano,198,1,47.35583676589377,28.41350205953626,1,1,4713525.528645839,4713525.528645839,0.0,0.0,0.0,0.0,4713525.528645839,0.0,1,0.0,4713525.528645839,0.0,4713525.528645839,0,0.0,0.0,0.0,0.0,0.0,True,0.0,0.0
sano,199,1,104.82439307651168,62.894635845907004,1,1,4713525.528645839,4713525.528645839,0.0,0.0,0.0,0.0,4713525.528645839,0.0,1,0.0,4713525.528645839,0.0,4713525.528645839,0,0.0,0.0,0.0,0.0,0.0,True,0.0,0.0
sano,200,2,22.764102141453172,13.658461284871901,12,12,13341030.947638387,13341030.947638387,6404708.644927919,39.53523854893776,0.0012112764431456314,0.022887911730357355,13341030.947638387,0.022887911730357355,12,0.0012112764431456314,13341030.947638387,0.0012112764431456311,13341030.947638387,0,6404708.644927919,0.0012112764431456311,39.53523854893777,0.022887911730357355,0.0,True,0.0,0.0
sano,201,2,84.83485381550561,50.90091228930336,12,12,97792432.9239328,97792432.9239328,68919350.71640396,425.4280908419997,0.14885335892803778,0.8323093117220518,97792432.9239328,0.8323093117220518,12,0.14885335892803778,97792432.9239328,0.14885335892803775,97792432.9239328,0,68919350.71640396,0.14885335892803775,425.42809084199973,0.8323093117220518,0.0,True,0.0,0.0
sano,202,2,46.009697211122045,27.60581832667323,12,12,15050093.006687408,15050093.006687408,7663139.538120698,47.303330482226535,0.009285802060901559,0.06931830314951527,15050093.006687408,0.06931830314951527,12,0.009285802060901559,15050093.00668741,0.00928580206090156,15050093.00668741,0,7663139.538120697,0.00928580206090156,47.30333048222653,0.06931830314951527,0.0,True,0.0,0.0
sano,203,1,67.54283228542344,40.52569937125406,1,1,4713525.528645839,4713525.528645839,0.0,0.0,0.0,0.0,4713525.528645839,0.0,1,0.0,4713525.528645839,0.0,4713525.528645839,0,0.0,0.0,0.0,0.0,0.0,True,0.0,0.0
sano,204,1,109.90315159100872,65.94189095460523,1,1,4713525.528645839,4713525.528645839,0.0,0.0,0.0,0.0,4713525.528645839,0.0,1,0.0,4713525.528645839,0.0,4713525.528645839,0,0.0,0.0,0.0,0.0,0.0,True,0.0,0.0
sano,205,2,148.40660735965517,89.0439644157931,12,12,8362213.795060161,8362213.795060161,2697358.5241435873,16.650361260145594,0.009085570076966148,0.040679937229307656,8362213.795060161,0.040679937229307656,12,0.009085570076966148,8362213.795060161,0.00908557007696615,8362213.795060161,0,2697358.524143587,0.00908557007696615,16.650361260145598,0.040679937229307656,0.0,True,0.0,0.0
sano,206,1,58.08741025368624,34.85244615221174,1,1,4713525.528645839,4713525.528645839,0.0,0.0,0.0,0.0,4713525.528645839,0.0,1,0.0,4713525.528645839,0.0,4713525.528645839,0,0.0,0.0,0.0,0.0,0.0,True,0.0,0.0
sano,207,1,38.654544259024085,23.19272655541445,1,1,4713525.528645839,4713525.528645839,0.0,0.0,0.0,0.0,4713525.528645839,0.0,1,0.0,4713525.528645839,0.0,4713525.528645839,0,0.0,0.0,0.0,0.0,0.0,True,0.0,0.0
sano,208,1,36.05256500188613,21.631539001131678,1,1,4713525.528645839,4713525.528645839,0.0,0.0,0.0,0.0,4713525.528645839,0.0,1,0.0,4713525.528645839,0.0,4713525.528645839,0,0.0,0.0,0.0,0.0,0.0,True,0.0,0.0
sano,209,1,107.17837311596944,64.30702386958166,1,1,4713525.528645839,4713525.528645839,0.0,0.0,0.0,0.0,4713525.528645839,0.0,1,0.0,4713525.528645839,0.0,4713525.528645839,0,0.0,0.0,0.0,0.0,0.0,True,0.0,0.0
sano,210,1,8.951912237985947,5.371147342791568,1,1,4713525.528645839,4713525.528645839,0.0,0.0,0.0,0.0,4713525.528645839,0.0,1,0.0,4713525.528645839,0.0,4713525.528645839,0,0.0,0.0,0.0,0.0,0.0,True,0.0,0.0
sano,211,2,101.49137207342682,60.89482324405609,12,12,16047446.764925271,16047446.764925271,8404400.064496249,51.879012743804,0.008767788706484836,0.07053964043583649,16047446.764925271,0.07053964043583649,12,0.008767788706484836,16047446.764925271,0.008767788706484834,16047446.764925271,0,8404400.064496249,0.008767788706484834,51.879012743804005,0.07053964043583649,0.0,True,0.0,0.0
sano,212,1,22.980653957227734,13.78839237433664,1,1,4713525.528645839,4713525.528645839,0.0,0.0,0.0,0.0,4713525.528645839,0.0,1,0.0,4713525.528645839,0.0,4713525.528645839,0,0.0,0.0,0.0,0.0,0.0,True,0.0,0.0
sano,213,2,143.85411723083396,86.31247033850038,12,12,12522583.730818326,12522583.730818326,5706653.25586396,35.22625466582691,0.06986612430552308,0.16408123411951836,12522583.730818326,0.16408123411951836,12,0.06986612430552308,12522583.730818324,0.06986612430552308,12522583.730818324,0,5706653.25586396,0.06986612430552308,35.226254665826914,0.16408123411951836,0.0,True,0.0,0.0
sano,214,2,55.88679323576552,33.53207594145931,12,12,17030013.88555604,17030013.88555604,9122096.032431543,56.30923476809594,0.0178156214679282,0.10475690370188916,17030013.88555604,0.10475690370188916,12,0.0178156214679282,17030013.88555604,0.0178156214679282,17030013.88555604,0,9122096.032431543,0.0178156214679282,56.30923476809594,0.10475690370188916,0.0,True,0.0,0.0
sano,215,1,19.869568544887528,11.921741126932517,1,1,4713525.528645839,4713525.528645839,0.0,0.0,0.0,0.0,4713525.528645839,0.0,1,0.0,4713525.528645839,0.0,4713525.528645839,0,0.0,0.0,0.0,0.0,0.0,True,0.0,0.0
sano,216,1,45.0611350523855,27.0366810314313,1,1,4713525.528645839,4713525.528645839,0.0,0.0,0.0,0.0,4713525.528645839,0.0,1,0.0,4713525.528645839,0.0,4713525.528645839,0,0.0,0.0,0.0,0.0,0.0,True,0.0,0.0
sano,217,1,46.4166855894385,27.8500113536631,1,1,4713525.528645839,4713525.528645839,0.0,0.0,0.0,0.0,4713525.528645839,0.0,1,0.0,4713525.528645839,0.0,4713525.528645839,0,0.0,0.0,0.0,0.0,0.0,True,0.0,0.0
sano,218,1,60.73825224874857,36.44295134924914,1,1,4713525.528645839,4713525.528645839,0.0,0.0,0.0,0.0,4713525.528645839,0.0,1,0.0,4713525.528645839,0.0,4713525.528645839,0,0.0,0.0,0.0,0.0,0.0,True,0.0,0.0
sano,219,1,133.41332641381535,80.0479958482892,1,1,4713525.528645839,4713525.528645839,0.0,0.0,0.0,0.0,4713525.528645839,0.0,1,0.0,4713525.528645839,0.0,4713525.528645839,0,0.0,0.0,0.0,0.0,0.0,True,0.0,0.0
sano,220,2,255.29249751718748,153.17549851031248,12,12,27490752.94971283,27490752.94971283,16068429.68264881,99.1878375472149,0.6420364998095011,0.8346442825908422,27490752.94971283,0.8346442825908422,12,0.6420364998095011,27490752.949712835,0.642036499809501,27490752.949712835,0,16068429.682648811,0.642036499809501,99.18783754721488,0.8346442825908422,0.0,False,0.0,0.0
sano,221,1,26.43199640952933,15.859197845717597,1,1,4713525.528645839,4713525.528645839,0.0,0.0,0.0,0.0,4713525.528645839,0.0,1,0.0,4713525.528645839,0.0,4713525.528645839,0,0.0,0.0,0.0,0.0,0.0,True,0.0,0.0
sano,222,1,51.11285616881828,30.667713701290968,1,1,4713525.528645839,4713525.528645839,0.0,0.0,0.0,0.0,4713525.528645839,0.0,1,0.0,4713525.528645839,0.0,4713525.528645839,0,0.0,0.0,0.0,0.0,0.0,True,0.0,0.0
sano,223,1,5.417159107384417,3.25029546443065,1,1,4713525.528645839,4713525.528645839,0.0,0.0,0.0,0.0,4713525.528645839,0.0,1,0.0,4713525.528645839,0.0,4713525.528645839,0,0.0,0.0,0.0,0.0,0.0,True,0.0,0.0
sano,224,2,90.41167710152908,54.247006260917445,12,12,16392310.341731219,16392310.341731219,8644784.348786611,53.36286635053465,0.020695490861499945,0.1099131850532193,16392310.341731219,0.1099131850532193,12,0.020695490861499945,16392310.341731219,0.020695490861499948,16392310.341731219,0,8644784.348786613,0.020695490861499948,53.36286635053465,0.1099131850532193,0.0,True,0.0,0.0
sano,225,1,74.65842573027452,44.79505543816471,1,1,4713525.528645839,4713525.528645839,0.0,0.0,0.0,0.0,4713525.528645839,0.0,1,0.0,4713525.528645839,0.0,4713525.528645839,0,0.0,0.0,0.0,0.0,0.0,True,0.0,0.0
sano,226,1,27.757437050850008,16.654462230510003,1,1,4713525.528645839,4713525.528645839,0.0,0.0,0.0,0.0,4713525.528645839,0.0,1,0.0,4713525.528645839,0.0,4713525.528645839,0,0.0,0.0,0.0,0.0,0.0,True,0.0,0.0
sano,227,2,127.6858617220881,76.61151703325285,12,12,14800290.068705047,14800290.068705047,7440764.5391905205,45.930645303645186,0.03732268555627354,0.13693991974384417,14800290.068705047,0.13693991974384417,12,0.03732268555627354,14800290.068705045,0.03732268555627354,14800290.068705045,0,7440764.539190521,0.03732268555627354,45.93064530364519,0.13693991974384417,0.0,True,0.0,0.0
sano,228,1,59.88135905602164,35.92881543361298,1,1,4713525.528645839,4713525.528645839,0.0,0.0,0.0,0.0,4713525.528645839,0.0,1,0.0,4713525.528645839,0.0,4713525.528645839,0,0.0,0.0,0.0,0.0,0.0,True,0.0,0.0
sano,229,1,10.518980276616908,6.311388165970144,1,1,4713525.528645839,4713525.528645839,0.0,0.0,0.0,0.0,4713525.528645839,0.0,1,0.0,4713525.528645839,0.0,4713525.528645839,0,0.0,0.0,0.0,0.0,0.0,True,0.0,0.0
sano,230,1,96.0640207023923,57.638412421435376,1,1,4713525.528645839,4713525.528645839,0.0,0.0,0.0,0.0,4713525.528645839,0.0,1,0.0,4713525.528645839,0.0,4713525.528645839,0,0.0,0.0,0.0,0.0,0.0,True,0.0,0.0
sano,231,2,105.08985139471962,63.053910836831776,12,12,6879436.30330111,6879436.30330111,1607144.5270005304,9.920645228398337,0.0008661272468024439,0.00969511941251085,6879436.30330111,0.00969511941251085,12,0.0008661272468024439,6879436.303301109,0.0008661272468024438,6879436.303301109,0,1607144.5270005304,0.0008661272468024438,9.920645228398335,0.00969511941251085,0.0,True,0.0,0.0
sano,232,1,101.008869254834,60.60532155290039,1,1,4713525.528645839,4713525.528645839,0.0,0.0,0.0,0.0,4713525.528645839,0.0,1,0.0,4713525.528645839,0.0,4713525.528645839,0,0.0,0.0,0.0,0.0,0.0,True,0.0,0.0
sano,233,1,32.97132659050337,19.78279595430202,1,1,4713525.528645839,4713525.528645839,0.0,0.0,0.0,0.0,4713525.528645839,0.0,1,0.0,4713525.528645839,0.0,4713525.528645839,0,0.0,0.0,0.0,0.0,0.0,True,0.0,0.0
sano,234,1,138.62956908755186,83.17774145253111,1,1,4713525.528645839,4713525.528645839,0.0,0.0,0.0,0.0,4713525.528645839,0.0,1,0.0,4713525.528645839,0.0,4713525.528645839,0,0.0,0.0,0.0,0.0,0.0,True,0.0,0.0
sano,235,1,103.4343413350679,62.06060480104074,1,1,4713525.528645839,4713525.528645839,0.0,0.0,0.0,0.0,4713525.528645839,0.0,1,0.0,4713525.528645839,0.0,4713525.528645839,0,0.0,0.0,0.0,0.0,0.0,True,0.0,0.0
sano,236,1,25.20380265589546,15.122281593537274,1,1,4713525.528645839,4713525.528645839,0.0,0.0,0.0,0.0,4713525.528645839,0.0,1,0.0,4713525.528645839,0.0,4713525.528645839,0,0.0,0.0,0.0,0.0,0.0,True,0.0,0.0
sano,237,2,101.70827327555004,61.024963965330016,12,12,20972282.029137194,20972282.029137194,12047884.920908695,74.36966000560925,0.018969911421852673,0.12422897503254471,20972282.029137194,0.12422897503254471,12,0.018969911421852673,20972282.029137194,0.018969911421852673,20972282.029137194,0,12047884.920908695,0.018969911421852673,74.36966000560923,0.12422897503254471,0.0,True,0.0,0.0
sano,238,4,322.481713840825,193.489028304495,12,12,51435302.13333225,51435302.13333225,32439104.387821946,200.24138511001206,1.7131871743545497,2.300966916853122,51200356.394747466,1.8424369884511331,12,1.4548914537592326,53431089.76874858,2.846599150206368,52726252.55299423,0,32926016.507139407,2.0717119884204167,200.184860367565,1.8424369884511331,62.00864094923466,False,234945.73858478418,0.0
sano,239,1,16.994170036982904,10.196502022189742,1,1,4713525.528645839,4713525.528645839,0.0,0.0,0.0,0.0,4713525.528645839,0.0,1,0.0,4713525.528645839,0.0,4713525.528645839,0,0.0,0.0,0.0,0.0,0.0,True,0.0,0.0
sano,240,2,202.52882820793232,121.51729692475939,12,12,17802661.088377707,17802661.088377707,9466720.72100654,58.436547660534195,0.19195654029820106,0.3502967312329726,17802661.088377707,0.3502967312329726,12,0.19195654029820106,17802661.088377703,0.19195654029820103,17802661.088377703,0,9466720.72100654,0.19195654029820103,58.4365476605342,0.3502967312329726,0.0,True,0.0,0.0
sano,241,1,148.27126437690382,88.96275862614229,1,1,4713525.528645839,4713525.528645839,0.0,0.0,0.0,0.0,4713525.528645839,0.0,1,0.0,4713525.528645839,0.0,4713525.528645839,0,0.0,0.0,0.0,0.0,0.0,True,0.0,0.0
sano,242,1,96.57318668195754,57.94391200917452,1,1,4713525.528645839,4713525.528645839,0.0,0.0,0.0,0.0,4713525.528645839,0.0,1,0.0,4713525.528645839,0.0,4713525.528645839,0,0.0,0.0,0.0,0.0,0.0,True,0.0,0.0
sano,243,1,69.97544495607015,41.98526697364209,1,1,4713525.528645839,4713525.528645839,0.0,0.0,0.0,0.0,4713525.528645839,0.0,1,0.0,4713525.528645839,0.0,4713525.528645839,0,0.0,0.0,0.0,0.0,0.0,True,0.0,0.0
sano,244,3,121.33054465695054,72.79832679417031,12,12,26417044.949959785,26417044.949959785,16006653.56722153,98.8065035013675,0.08297664530590505,0.15651062142528074,26417044.949959785,0.15651062142528074,12,0.08297664530590505,26417044.949959785,0.08297664530590504,26417044.949959785,0,16006653.567221534,0.08297664530590504,98.8065035013675,0.15651062142528074,0.0,True,0.0,0.0
sano,245,2,60.332102857436126,36.19926171446168,12,12,21624260.571681615,21624260.571681615,12520304.605797648,77.2858308999855,0.027865513250113435,0.1534884908698315,21624260.571681615,0.1534884908698315,12,0.027865513250113435,21624260.57168161,0.027865513250113435,21624260.57168161,0,12520304.605797648,0.027865513250113435,77.28583089998548,0.1534884908698315,0.0,True,0.0,0.0
sano,246,1,45.69139288536808,27.414835731220847,1,1,4713525.528645839,4713525.528645839,0.0,0.0,0.0,0.0,4713525.528645839,0.0,1,0.0,4713525.528645839,0.0,4713525.528645839,0,0.0,0.0,0.0,0.0,0.0,True,0.0,0.0
sano,247,1,55.538027004358646,33.322816202615186,1,1,4713525.528645839,4713525.528645839,0.0,0.0,0.0,0.0,4713525.528645839,0.0,1,0.0,4713525.528645839,0.0,4713525.528645839,0,0.0,0.0,0.0,0.0,0.0,True,0.0,0.0
sano,248,1,29.29386816248198,17.57632089748919,1,1,4713525.528645839,4713525.528645839,0.0,0.0,0.0,0.0,4713525.528645839,0.0,1,0.0,4713525.528645839,0.0,4713525.528645839,0,0.0,0.0,0.0,0.0,0.0,True,0.0,0.0
sano,249,3,88.64102534779732,53.184615208678395,12,12,16338253.338372955,16338253.338372955,8588703.799521053,53.01669012050032,0.03281227685894197,0.07492940191318503,16338253.338372955,0.07492940191318503,12,0.03281227685894197,16338253.33837296,0.032812276858941974,16338253.33837296,0,8588703.799521051,0.032812276858941974,53.016690120500314,0.07492940191318503,0.0,True,0.0,0.0
sano,250,3,191.06687912949536,114.64012747769723,12,12,33316881.660991784,33316881.660991784,20663083.235001452,127.54989651235469,0.437949616611821,0.7570221324548054,33316881.660991784,0.7570221324548054,12,0.437949616611821,33316881.66099178,0.437949616611821,33316881.66099178,0,20663083.235001456,0.437949616611821,127.54989651235468,0.7570221324548054,0.0,True,0.0,0.0
sano,251,1,63.890769709930325,38.33446182595819,1,1,4713525.528645839,4713525.528645839,0.0,0.0,0.0,0.0,4713525.528645839,0.0,1,0.0,4713525.528645839,0.0,4713525.528645839,0,0.0,0.0,0.0,0.0,0.0,True,0.0,0.0
sano,252,1,133.24606463850594,79.94763878310356,1,1,4713525.528645839,4713525.528645839,0.0,0.0,0.0,0.0,4713525.528645839,0.0,1,0.0,4713525.528645839,0.0,4713525.528645839,0,0.0,0.0,0.0,0.0,0.0,True,0.0,0.0
sano,253,1,28.50238402295959,17.101430413775752,1,1,4713525.528645839,4713525.528645839,0.0,0.0,0.0,0.0,4713525.528645839,0.0,1,0.0,4713525.528645839,0.0,4713525.528645839,0,0.0,0.0,0.0,0.0,0.0,True,0.0,0.0
sano,254,1,50.24889193310191,30.149335159861145,1,1,4713525.528645839,4713525.528645839,0.0,0.0,0.0,0.0,4713525.528645839,0.0,1,0.0,4713525.528645839,0.0,4713525.528645839,0,0.0,0.0,0.0,0.0,0.0,True,0.0,0.0
sano,255,1,76.00683467244244,45.604100803465464,1,1,4713525.528645839,4713525.528645839,0.0,0.0,0.0,0.0,4713525.528645839,0.0,1,0.0,4713525.528645839,0.0,4713525.528645839,0,0.0,0.0,0.0,0.0,0.0,True,0.0,0.0
sano,256,2,70.35870711090092,42.21522426654055,12,12,17176758.14965235,17176758.14965235,9231658.67032617,56.9855473476924,0.01736064423244013,0.10402976877168416,17176758.14965235,0.10402976877168416,12,0.01736064423244013,17176758.149652347,0.01736064423244013,17176758.149652347,0,9231658.670326168,0.01736064423244013,56.98554734769239,0.10402976877168416,0.0,True,0.0,0.0
sano,257,1,128.90056625946403,77.34033975567841,1,1,4713525.528645839,4713525.528645839,0.0,0.0,0.0,0.0,4713525.528645839,0.0,1,0.0,4713525.528645839,0.0,4713525.528645839,0,0.0,0.0,0.0,0.0,0.0,True,0.0,0.0
sano,258,2,207.80728622410794,124.68437173446476,12,12,45040414.97442097,45040414.97442097,29408528.08506532,181.5341239818847,0.4073888304719706,0.899447974709063,45040414.97442097,0.899447974709063,12,0.4073888304719706,45040414.97442097,0.40738883047197066,45040414.97442097,0,29408528.085065324,0.40738883047197066,181.5341239818847,0.899447974709063,0.0,True,0.0,0.0
sano,259,2,14.291336658100617,8.574801994860369,12,12,11517877.808615105,11517877.808615105,5051833.144607454,31.18415521362625,0.0005303056122419415,0.013450005312163251,11517877.808615105,0.013450005312163251,12,0.0005303056122419415,11517877.808615105,0.0005303056122419416,11517877.808615105,0,5051833.144607453,0.0005303056122419416,31.18415521362625,0.013450005312163251,0.0,True,0.0,0.0
sano,260,1,108.05676960463916,64.83406176278349,1,1,4713525.528645839,4713525.528645839,0.0,0.0,0.0,0.0,4713525.528645839,0.0,1,0.0,4713525.528645839,0.0,4713525.528645839,0,0.0,0.0,0.0,0.0,0.0,True,0.0,0.0
sano,261,2,57.17031774928835,34.302190649573014,12,12,10081345.791680334,10081345.791680334,3981400.668493657,24.5765473363806,0.0033763651188943662,0.03012849862156357,10081345.791680334,0.03012849862156357,12,0.0033763651188943662,10081345.791680332,0.0033763651188943662,10081345.791680332,0,3981400.668493657,0.0033763651188943662,24.5765473363806,0.03012849862156357,0.0,True,0.0,0.0
sano,262,1,5.0356725131349656,3.0214035078809793,1,1,4713525.528645839,4713525.528645839,0.0,0.0,0.0,0.0,4713525.528645839,0.0,1,0.0,4713525.528645839,0.0,4713525.528645839,0,0.0,0.0,0.0,0.0,0.0,True,0.0,0.0
sano,263,1,19.662829012763464,11.797697407658077,1,1,4713525.528645839,4713525.528645839,0.0,0.0,0.0,0.0,4713525.528645839,0.0,1,0.0,4713525.528645839,0.0,4713525.528645839,0,0.0,0.0,0.0,0.0,0.0,True,0.0,0.0
sano,264,1,90.03666057391098,54.02199634434658,1,1,4713525.528645839,4713525.528645839,0.0,0.0,0.0,0.0,4713525.528645839,0.0,1,0.0,4713525.528645839,0.0,4713525.528645839,0,0.0,0.0,0.0,0.0,0.0,True,0.0,0.0
sano,265,2,141.5167487077442,84.91004922464651,12,12,82359871.27662097,82359871.27662097,56556350.87124578,349.11327698299874,0.8357216568337197,1.786513752017483,82359871.27662097,1.786513752017483,12,0.8357216568337197,82359871.27662097,0.8357216568337198,82359871.27662097,0,56556350.87124579,0.8357216568337198,349.11327698299874,1.786513752017483,0.0,True,0.0,0.0
sano,266,2,155.20328641443865,93.12197184866318,12,12,17241125.188322365,17241125.188322365,9243134.578271447,57.05638628562621,0.04496739524729312,0.16753029345335974,17241125.188322365,0.16753029345335974,12,0.04496739524729312,17241125.188322365,0.04496739524729312,17241125.188322365,0,9243134.578271445,0.04496739524729312,57.0563862856262,0.16753029345335974,0.0,True,0.0,0.0
sano,267,2,86.09248077880478,51.655488467282865,12,12,11340243.419201935,11340243.419201935,4906436.25964293,30.286643578042785,0.010788390084060706,0.059785552414026624,11340243.419201935,0.059785552414026624,12,0.010788390084060706,11340243.419201935,0.010788390084060706,11340243.419201935,0,4906436.259642931,0.010788390084060706,30.28664357804278,0.059785552414026624,0.0,True,0.0,0.0
sano,268,1,83.39482890853863,50.03689734512317,1,1,4713525.528645839,4713525.528645839,0.0,0.0,0.0,0.0,4713525.528645839,0.0,1,0.0,4713525.528645839,0.0,4713525.528645839,0,0.0,0.0,0.0,0.0,0.0,True,0.0,0.0
sano,269,1,13.273725448879604,7.964235269327762,1,1,4713525.528645839,4713525.528645839,0.0,0.0,0.0,0.0,4713525.528645839,0.0,1,0.0,4713525.528645839,0.0,4713525.528645839,0,0.0,0.0,0.0,0.0,0.0,True,0.0,0.0
sano,270,2,130.4555383269974,78.27332299619844,12,12,51948086.9326955,51948086.9326955,34697767.813736804,214.18375193664693,0.28577931680098917,0.8182782549813996,51948086.9326955,0.8182782549813996,12,0.28577931680098917,51948086.9326955,0.2857793168009891,51948086.9326955,0,34697767.813736804,0.2857793168009891,214.18375193664696,0.8182782549813996,0.0,True,0.0,0.0
sano,271,1,43.50803950742675,26.10482370445605,1,1,4713525.528645839,4713525.528645839,0.0,0.0,0.0,0.0,4713525.528645839,0.0,1,0.0,4713525.528645839,0.0,4713525.528645839,0,0.0,0.0,0.0,0.0,0.0,True,0.0,0.0
sano,272,1,13.724148533176509,8.234489119905906,1,1,4713525.528645839,4713525.528645839,0.0,0.0,0.0,0.0,4713525.528645839,0.0,1,0.0,4713525.528645839,0.0,4713525.528645839,0,0.0,0.0,0.0,0.0,0.0,True,0.0,0.0
sano,273,3,231.68385418731106,139.01031251238663,12,12,14500174.456846217,14500174.456846217,7182246.21331464,44.334853168608895,0.06443524110390987,0.13870624951833202,14500174.456846217,0.13870624951833202,12,0.06443524110390987,14500174.456846219,0.06443524110390987,14500174.456846219,0,7182246.213314641,0.06443524110390987,44.334853168608895,0.13870624951833202,0.0,False,0.0,0.0
sano,274,2,129.74917960712656,77.84950776427593,12,12,16158276.3878737,16158276.3878737,8379747.902695507,51.726838905527835,0.09005998174110845,0.2257440172274411,16158276.3878737,0.2257440172274411,12,0.09005998174110845,16158276.387873694,0.09005998174110845,16158276.387873694,0,8379747.902695507,0.09005998174110845,51.72683890552782,0.2257440172274411,0.0,True,0.0,0.0
sano,275,1,25.14898424590799,15.089390547544793,1,1,4713525.528645839,4713525.528645839,0.0,0.0,0.0,0.0,4713525.528645839,0.0,1,0.0,4713525.528645839,0.0,4713525.528645839,0,0.0,0.0,0.0,0.0,0.0,True,0.0,0.0
sano,276,2,238.63199308455347,143.17919585073207,12,12,7876475.9877981655,7876475.9877981655,2232397.173669919,13.78022946709826,0.0883495143992548,0.11540447792773754,7876475.9877981655,0.11540447792773754,12,0.0883495143992548,7876475.987798164,0.08834951439925481,7876475.987798164,0,2232397.173669919,0.08834951439925481,13.780229467098264,0.11540447792773754,0.0,False,0.0,0.0
sano,277,1,8.097303315423005,4.858381989253803,1,1,4713525.528645839,4713525.528645839,0.0,0.0,0.0,0.0,4713525.528645839,0.0,1,0.0,4713525.528645839,0.0,4713525.528645839,0,0.0,0.0,0.0,0.0,0.0,True,0.0,0.0
sano,278,1,44.60323304904425,26.76193982942655,1,1,4713525.528645839,4713525.528645839,0.0,0.0,0.0,0.0,4713525.528645839,0.0,1,0.0,4713525.528645839,0.0,4713525.528645839,0,0.0,0.0,0.0,0.0,0.0,True,0.0,0.0
sano,279,1,44.52626331962693,26.715757991776155,1,1,4713525.528645839,4713525.528645839,0.0,0.0,0.0,0.0,4713525.528645839,0.0,1,0.0,4713525.528645839,0.0,4713525.528645839,0,0.0,0.0,0.0,0.0,0.0,True,0.0,0.0
sano,280,1,56.56115778654327,33.93669467192596,1,1,4713525.528645839,4713525.528645839,0.0,0.0,0.0,0.0,4713525.528645839,0.0,1,0.0,4713525.528645839,0.0,4713525.528645839,0,0.0,0.0,0.0,0.0,0.0,True,0.0,0.0
sano,281,1,115.1943032092945,69.1165819255767,1,1,4713525.528645839,4713525.528645839,0.0,0.0,0.0,0.0,4713525.528645839,0.0,1,0.0,4713525.528645839,0.0,4713525.528645839,0,0.0,0.0,0.0,0.0,0.0,True,0.0,0.0
sano,282,1,45.86777517700203,27.520665106201218,1,1,4713525.528645839,4713525.528645839,0.0,0.0,0.0,0.0,4713525.528645839,0.0,1,0.0,4713525.528645839,0.0,4713525.528645839,0,0.0,0.0,0.0,0.0,0.0,True,0.0,0.0
sano,283,2,78.01019662534486,46.80611797520691,12,12,6493368.288929635,6493368.288929635,1319093.0167317113,8.142549485998218,0.0019143413895438925,0.013058167961832052,6493368.288929635,0.013058167961832052,12,0.0019143413895438925,6493368.288929635,0.0019143413895438921,6493368.288929635,0,1319093.0167317113,0.0019143413895438921,8.142549485998218,0.013058167961832052,0.0,True,0.0,0.0
sano,284,2,107.4373625374212,64.46241752245271,12,12,13042877.628215851,13042877.628215851,6174956.996500528,38.11701849691684,0.007565559384825273,0.056165850060444555,13042877.628215851,0.056165850060444555,12,0.007565559384825273,13042877.628215851,0.007565559384825274,13042877.628215851,0,6174956.996500528,0.007565559384825274,38.11701849691684,0.056165850060444555,0.0,True,0.0,0.0
sano,285,1,130.51065400669614,78.30639240401769,1,1,4713525.528645839,4713525.528645839,0.0,0.0,0.0,0.0,4713525.528645839,0.0,1,0.0,4713525.528645839,0.0,4713525.528645839,0,0.0,0.0,0.0,0.0,0.0,True,0.0,0.0
sano,286,1,37.35400718672521,22.412404312035125,1,1,4713525.528645839,4713525.528645839,0.0,0.0,0.0,0.0,4713525.528645839,0.0,1,0.0,4713525.528645839,0.0,4713525.528645839,0,0.0,0.0,0.0,0.0,0.0,True,0.0,0.0
sano,287,1,98.1585950728474,58.89515704370844,1,1,4713525.528645839,4713525.528645839,0.0,0.0,0.0,0.0,4713525.528645839,0.0,1,0.0,4713525.528645839,0.0,4713525.528645839,0,0.0,0.0,0.0,0.0,0.0,True,0.0,0.0
sano,288,2,243.02195817954535,145.81317490772722,12,12,30124269.71813335,30124269.71813335,18008845.99876517,111.16571604176032,0.6535032831348538,0.8914596165573628,30124269.71813335,0.8914596165573628,12,0.6535032831348538,30124269.71813336,0.6535032831348538,30124269.71813336,0,18008845.99876517,0.6535032831348538,111.16571604176032,0.8914596165573628,0.0,False,0.0,0.0
sano,289,1,77.63235253711883,46.5794115222713,1,1,4713525.528645839,4713525.528645839,0.0,0.0,0.0,0.0,4713525.528645839,0.0,1,0.0,4713525.528645839,0.0,4713525.528645839,0,0.0,0.0,0.0,0.0,0.0,True,0.0,0.0
sano,290,4,295.8374547067324,177.50247282403944,12,12,80018821.22473398,80018821.22473398,53630489.112564646,331.0524019294115,1.7383735998776,2.0134629617767246,80018821.22473398,2.0134629617767246,12,1.7383735998776,80018821.224734,1.7383735998775995,80018821.224734,0,53630489.11256464,1.7383735998775995,331.0524019294114,2.0134629617767246,0.0,False,0.0,0.0
sano,291,1,23.28234146745857,13.96940488047514,1,1,4713525.528645839,4713525.528645839,0.0,0.0,0.0,0.0,4713525.528645839,0.0,1,0.0,4713525.528645839,0.0,4713525.528645839,0,0.0,0.0,0.0,0.0,0.0,True,0.0,0.0
sano,292,2,95.81952583170357,57.49171549902214,12,12,15401001.749972394,15401001.749972394,7917989.965393943,48.87648126786383,0.013629634516512114,0.08536590009504594,15401001.749972394,0.08536590009504594,12,0.013629634516512114,15401001.749972388,0.013629634516512116,15401001.749972388,0,7917989.965393942,0.013629634516512116,48.87648126786384,0.08536590009504594,0.0,True,0.0,0.0
sano,293,1,57.155984098914544,34.29359045934873,1,1,4713525.528645839,4713525.528645839,0.0,0.0,0.0,0.0,4713525.528645839,0.0,1,0.0,4713525.528645839,0.0,4713525.528645839,0,0.0,0.0,0.0,0.0,0.0,True,0.0,0.0
sano,294,1,74.55597529040095,44.73358517424057,1,1,4713525.528645839,4713525.528645839,0.0,0.0,0.0,0.0,4713525.528645839,0.0,1,0.0,4713525.528645839,0.0,4713525.528645839,0,0.0,0.0,0.0,0.0,0.0,True,0.0,0.0
sano,295,1,130.32056603573636,78.19233962144182,1,1,4713525.528645839,4713525.528645839,0.0,0.0,0.0,0.0,4713525.528645839,0.0,1,0.0,4713525.528645839,0.0,4713525.528645839,0,0.0,0.0,0.0,0.0,0.0,True,0.0,0.0
sano,296,1,65.84248029706876,39.50548817824126,1,1,4713525.528645839,4713525.528645839,0.0,0.0,0.0,0.0,4713525.528645839,0.0,1,0.0,4713525.528645839,0.0,4713525.528645839,0,0.0,0.0,0.0,0.0,0.0,True,0.0,0.0
sano,297,3,162.76889185458933,97.66133511275359,12,12,87748561.04259153,87748561.04259153,59886636.75140536,369.6705972308973,1.3457954801443248,2.2999232005408152,87748561.04259153,2.2999232005408152,12,1.3457954801443248,87748561.04259151,1.3457954801443246,87748561.04259151,0,59886636.75140536,1.3457954801443246,369.6705972308973,2.2999232005408152,0.0,True,0.0,0.0
sano,298,1,20.601480347465937,12.360888208479562,1,1,4713525.528645839,4713525.528645839,0.0,0.0,0.0,0.0,4713525.528645839,0.0,1,0.0,4713525.528645839,0.0,4713525.528645839,0,0.0,0.0,0.0,0.0,0.0,True,0.0,0.0
sano,299,2,63.77388732495268,38.26433239497161,12,12,7420089.223051819,7420089.223051819,2009578.9513947153,12.404808341942688,0.00012437136490311678,0.004108162198634063,7420089.223051819,0.004108162198634063,12,0.00012437136490311678,7420089.223051819,0.0001243713649031168,7420089.223051819,0,2009578.9513947156,0.0001243713649031168,12.404808341942688,0.004108162198634063,0.0,True,0.0,0.0
sano,300,2,104.64596420578997,62.787578523473975,12,12,7471715.301527236,7471715.301527236,2034113.5959854082,12.556256765342026,0.010613871449118217,0.038182060216550476,7471715.301527236,0.038182060216550476,12,0.010613871449118217,7471715.3015272375,0.010613871449118217,7471715.3015272375,0,2034113.595985408,0.010613871449118217,12.556256765342024,0.038182060216550476,0.0,True,0.0,0.0
sano,301,1,23.01168169380601,13.807009016283606,1,1,4713525.528645839,4713525.528645839,0.0,0.0,0.0,0.0,4713525.528645839,0.0,1,0.0,4713525.528645839,0.0,4713525.528645839,0,0.0,0.0,0.0,0.0,0.0,True,0.0,0.0
sano,302,1,63.04483058941706,37.826898353650236,1,1,4713525.528645839,4713525.528645839,0.0,0.0,0.0,0.0,4713525.528645839,0.0,1,0.0,4713525.528645839,0.0,4713525.528645839,0,0.0,0.0,0.0,0.0,0.0,True,0.0,0.0
sano,303,2,197.66925871591445,118.60155522954867,12,12,6893618.957423337,6893618.957423337,1569037.0286642138,9.685413757186508,0.0378368879859567,0.06331536959157125,6893618.957423337,0.06331536959157125,12,0.0378368879859567,6893618.957423337,0.0378368879859567,6893618.957423337,0,1569037.028664214,0.0378368879859567,9.685413757186506,0.06331536959157125,0.0,True,0.0,0.0
sano,304,1,9.366927669051297,5.620156601430778,1,1,4713525.528645839,4713525.528645839,0.0,0.0,0.0,0.0,4713525.528645839,0.0,1,0.0,4713525.528645839,0.0,4713525.528645839,0,0.0,0.0,0.0,0.0,0.0,True,0.0,0.0
sano,305,1,143.66148177358872,86.19688906415323,1,1,4713525.528645839,4713525.528645839,0.0,0.0,0.0,0.0,4713525.528645839,0.0,1,0.0,4713525.528645839,0.0,4713525.528645839,0,0.0,0.0,0.0,0.0,0.0,True,0.0,0.0
sano,306,1,112.05847869288648,67.23508721573188,1,1,4713525.528645839,4713525.528645839,0.0,0.0,0.0,0.0,4713525.528645839,0.0,1,0.0,4713525.528645839,0.0,4713525.528645839,0,0.0,0.0,0.0,0.0,0.0,True,0.0,0.0
sano,307,1,43.647134991959945,26.188280995175965,1,1,4713525.528645839,4713525.528645839,0.0,0.0,0.0,0.0,4713525.528645839,0.0,1,0.0,4713525.528645839,0.0,4713525.528645839,0,0.0,0.0,0.0,0.0,0.0,True,0.0,0.0
sano,308,1,1.7683939901772632,1.0610363941063579,1,1,4713525.528645839,4713525.528645839,0.0,0.0,0.0,0.0,4713525.528645839,0.0,1,0.0,4713525.528645839,0.0,4713525.528645839,0,0.0,0.0,0.0,0.0,0.0,True,0.0,0.0
sano,309,1,69.83670779198545,41.902024675191264,1,1,4713525.528645839,4713525.528645839,0.0,0.0,0.0,0.0,4713525.528645839,0.0,1,0.0,4713525.528645839,0.0,4713525.528645839,0,0.0,0.0,0.0,0.0,0.0,True,0.0,0.0
sano,310,2,85.74294689314263,51.44576813588557,12,12,16426945.584335722,16426945.584335722,8645529.206707316,53.36746423893407,0.0396779534868529,0.15219671136022087,16426945.584335722,0.15219671136022087,12,0.0396779534868529,16426945.584335726,0.03967795348685291,16426945.584335726,0,8645529.206707317,0.03967795348685291,53.36746423893406,0.15219671136022087,0.0,True,0.0,0.0
sano,311,2,78.10224919210019,46.86134951526011,12,12,10925482.211761361,10925482.211761361,4610175.218109149,28.45787171672315,0.0018818886550270141,0.024204188316838807,10925482.211761361,0.024204188316838807,12,0.0018818886550270141,10925482.211761363,0.0018818886550270144,10925482.211761363,0,4610175.2181091495,0.0018818886550270144,28.457871716723147,0.024204188316838807,0.0,True,0.0,0.0
sano,312,2,116.0598313161008,69.63589878966047,12,12,9571455.579147276,9571455.579147276,3586957.0535416957,22.141710207047506,0.015407153032237358,0.06108845364683688,9571455.579147276,0.06108845364683688,12,0.015407153032237358,9571455.579147274,0.015407153032237358,9571455.579147274,0,3586957.0535416952,0.015407153032237358,22.141710207047502,0.06108845364683688,0.0,True,0.0,0.0
sano,313,2,85.97145697164149,51.58287418298488,12,12,9356717.924783913,9356717.924783913,3439305.025858095,21.230277937395645,0.006437768594085455,0.03866676806261283,9356717.924783913,0.03866676806261283,12,0.006437768594085455,9356717.924783912,0.006437768594085455,9356717.924783912,0,3439305.0258580945,0.006437768594085455,21.230277937395645,0.03866676806261283,0.0,True,0.0,0.0
sano,314,1,100.40780616382897,60.24468369829738,1,1,4713525.528645839,4713525.528645839,0.0,0.0,0.0,0.0,4713525.528645839,0.0,1,0.0,4713525.528645839,0.0,4713525.528645839,0,0.0,0.0,0.0,0.0,0.0,True,0.0,0.0
sano,315,2,59.80582492641788,35.88349495585072,12,12,14402055.620140791,14402055.620140791,7176153.984916688,44.29724682047338,0.013686298134488522,0.08143736590024182,14402055.620140791,0.08143736590024182,12,0.013686298134488522,14402055.620140791,0.013686298134488524,14402055.620140791,0,7176153.984916688,0.013686298134488524,44.29724682047338,0.08143736590024182,0.0,True,0.0,0.0
sano,316,1,57.96025126026448,34.776150756158685,1,1,4713525.528645839,4713525.528645839,0.0,0.0,0.0,0.0,4713525.528645839,0.0,1,0.0,4713525.528645839,0.0,4713525.528645839,0,0.0,0.0,0.0,0.0,0.0,True,0.0,0.0
sano,317,2,173.82309845085427,104.29385907051257,12,12,11476641.613614442,11476641.613614442,4885038.4435431035,30.15455829347594,0.10403819931941112,0.18525300080394935,11476641.613614442,0.18525300080394935,12,0.10403819931941112,11476641.613614444,0.10403819931941115,11476641.613614444,0,4885038.443543103,0.10403819931941115,30.154558293475944,0.18525300080394935,0.0,True,0.0,0.0
sano,318,1,85.91010539721327,51.54606323832796,1,1,4713525.528645839,4713525.528645839,0.0,0.0,0.0,0.0,4713525.528645839,0.0,1,0.0,4713525.528645839,0.0,4713525.528645839,0,0.0,0.0,0.0,0.0,0.0,True,0.0,0.0
sano,319,2,93.54237732100526,56.12542639260316,12,12,9079022.266807394,9079022.266807394,3235845.083972447,19.97435237020029,0.004354083346758017,0.030844453163776014,9079022.266807394,0.030844453163776014,12,0.004354083346758017,9079022.266807394,0.004354083346758016,9079022.266807394,0,3235845.0839724476,0.004354083346758016,19.974352370200293,0.030844453163776014,0.0,True,0.0,0.0
sano,320,2,123.86978582281326,74.32187149368795,12,12,14467934.786831578,14467934.786831578,7208471.902736367,44.496740140347946,0.026304310709079837,0.11315400058824353,14467934.786831578,0.11315400058824353,12,0.026304310709079837,14467934.786831576,0.026304310709079834,14467934.786831576,0,7208471.902736368,0.026304310709079834,44.496740140347946,0.11315400058824353,0.0,True,0.0,0.0
sano,321,2,80.96012984500842,48.57607790700506,12,12,11267104.749091491,11267104.749091491,4839156.092093245,29.871333901810157,0.020648139093708693,0.08214102525968317,11267104.749091491,0.08214102525968317,12,0.020648139093708693,11267104.749091491,0.020648139093708696,11267104.749091491,0,4839156.092093245,0.020648139093708696,29.871333901810157,0.08214102525968317,0.0,True,0.0,0.0
sano,322,3,82.93547567637117,49.761285405822704,12,12,14747894.475916797,14747894.475916797,7420079.331258873,45.80295883493131,0.02347286776444743,0.0906653931697999,14747894.475916797,0.0906653931697999,12,0.02347286776444743,14747894.475916795,0.02347286776444743,14747894.475916795,0,7420079.3312588725,0.02347286776444743,45.80295883493131,0.0906653931697999,0.0,True,0.0,0.0
sano,323,1,58.070484326987895,34.84229059619273,1,1,4713525.528645839,4713525.528645839,0.0,0.0,0.0,0.0,4713525.528645839,0.0,1,0.0,4713525.528645839,0.0,4713525.528645839,0,0.0,0.0,0.0,0.0,0.0,True,0.0,0.0
sano,324,1,27.93252402529828,16.75951441517897,1,1,4713525.528645839,4713525.528645839,0.0,0.0,0.0,0.0,4713525.528645839,0.0,1,0.0,4713525.528645839,0.0,4713525.528645839,0,0.0,0.0,0.0,0.0,0.0,True,0.0,0.0
sano,325,1,142.95387221898827,85.77232333139295,1,1,4713525.528645839,4713525.528645839,0.0,0.0,0.0,0.0,4713525.528645839,0.0,1,0.0,4713525.528645839,0.0,4713525.528645839,0,0.0,0.0,0.0,0.0,0.0,True,0.0,0.0
sano,326,1,92.73665887910332,55.64199532746199,1,1,4713525.528645839,4713525.528645839,0.0,0.0,0.0,0.0,4713525.528645839,0.0,1,0.0,4713525.528645839,0.0,4713525.528645839,0,0.0,0.0,0.0,0.0,0.0,True,0.0,0.0
sano,327,1,29.161407424773856,17.496844454864313,1,1,4713525.528645839,4713525.528645839,0.0,0.0,0.0,0.0,4713525.528645839,0.0,1,0.0,4713525.528645839,0.0,4713525.528645839,0,0.0,0.0,0.0,0.0,0.0,True,0.0,0.0
sano,328,1,55.65849767260031,33.395098603560186,1,1,4713525.528645839,4713525.528645839,0.0,0.0,0.0,0.0,4713525.528645839,0.0,1,0.0,4713525.528645839,0.0,4713525.528645839,0,0.0,0.0,0.0,0.0,0.0,True,0.0,0.0
sano,329,1,25.84668240537259,15.508009443223553,1,1,4713525.528645839,4713525.528645839,0.0,0.0,0.0,0.0,4713525.528645839,0.0,1,0.0,4713525.528645839,0.0,4713525.528645839,0,0.0,0.0,0.0,0.0,0.0,True,0.0,0.0
sano,330,1,49.57054438028701,29.742326628172204,1,1,4713525.528645839,4713525.528645839,0.0,0.0,0.0,0.0,4713525.528645839,0.0,1,0.0,4713525.528645839,0.0,4713525.528645839,0,0.0,0.0,0.0,0.0,0.0,True,0.0,0.0
sano,331,1,44.29871863069983,26.5792311784199,1,1,4713525.528645839,4713525.528645839,0.0,0.0,0.0,0.0,4713525.528645839,0.0,1,0.0,4713525.528645839,0.0,4713525.528645839,0,0.0,0.0,0.0,0.0,0.0,True,0.0,0.0
sano,332,2,171.3556811922017,102.813408715321,12,12,20862187.80667216,20862187.80667216,11782468.103812331,72.73128459143415,0.15857691781863517,0.3552000087783343,20862187.80667216,0.3552000087783343,12,0.15857691781863517,20862187.806672163,0.15857691781863517,20862187.806672163,0,11782468.103812331,0.15857691781863517,72.73128459143415,0.3552000087783343,0.0,True,0.0,0.0
sano,333,3,163.97932676450333,98.387596058702,12,12,42796031.39839126,42796031.39839126,27995829.682069317,172.81376346956367,0.21443120233447863,0.49817266054377346,42796031.39839126,0.49817266054377346,12,0.21443120233447863,42796031.39839127,0.2144312023344786,42796031.39839127,0,27995829.68206932,0.2144312023344786,172.8137634695637,0.49817266054377346,0.0,True,0.0,0.0
sano,334,2,49.64705077154193,29.788230462925156,12,12,12166336.865435565,12166336.865435565,5526823.360972733,34.116193586251434,0.005485573485863918,0.04524636099945604,12166336.865435565,0.04524636099945604,12,0.005485573485863918,12166336.865435563,0.005485573485863918,12166336.865435563,0,5526823.360972733,0.005485573485863918,34.11619358625144,0.04524636099945604,0.0,True,0.0,0.0
sano,335,1,119.68690726124268,71.8121443567456,1,1,4713525.528645839,4713525.528645839,0.0,0.0,0.0,0.0,4713525.528645839,0.0,1,0.0,4713525.528645839,0.0,4713525.528645839,0,0.0,0.0,0.0,0.0,0.0,True,0.0,0.0
sano,336,1,66.3137310919579,39.788238655174744,1,1,4713525.528645839,4713525.528645839,0.0,0.0,0.0,0.0,4713525.528645839,0.0,1,0.0,4713525.528645839,0.0,4713525.528645839,0,0.0,0.0,0.0,0.0,0.0,True,0.0,0.0
sano,337,1,48.66958597780915,29.20175158668549,1,1,4713525.528645839,4713525.528645839,0.0,0.0,0.0,0.0,4713525.528645839,0.0,1,0.0,4713525.528645839,0.0,4713525.528645839,0,0.0,0.0,0.0,0.0,0.0,True,0.0,0.0
sano,338,1,55.07568085362245,33.045408512173466,1,1,4713525.528645839,4713525.528645839,0.0,0.0,0.0,0.0,4713525.528645839,0.0,1,0.0,4713525.528645839,0.0,4713525.528645839,0,0.0,0.0,0.0,0.0,0.0,True,0.0,0.0
sano,339,2,136.34689815596715,81.80813889358028,12,12,91492821.9768991,91492821.9768991,64100285.24969878,395.6807731462887,0.2562775460981312,1.0532224427705248,91492821.9768991,1.0532224427705248,12,0.2562775460981312,91492821.9768991,0.25627754609813125,91492821.9768991,0,64100285.24969878,0.25627754609813125,395.6807731462887,1.0532224427705248,0.0,True,0.0,0.0
sano,340,2,75.6179790788123,45.37078744728737,12,12,12188575.278317327,12188575.278317327,5530954.19712238,34.141692574829506,0.01489737107256466,0.07459156068646255,12188575.278317327,0.07459156068646255,12,0.01489737107256466,12188575.278317325,0.014897371072564655,12188575.278317325,0,5530954.19712238,0.014897371072564655,34.141692574829506,0.07459156068646255,0.0,True,0.0,0.0
sano,341,3,146.63113098550662,87.97867859130398,12,12,44115154.84508145,44115154.84508145,28889764.839629292,178.33188172610673,0.2794752868165488,0.7060088619052113,44115154.84508145,0.7060088619052113,12,0.2794752868165488,44115154.84508145,0.2794752868165488,44115154.84508145,0,28889764.839629292,0.2794752868165488,178.33188172610673,0.7060088619052113,0.0,True,0.0,0.0
sano,342,1,56.99614420553024,34.19768652331815,1,1,4713525.528645839,4713525.528645839,0.0,0.0,0.0,0.0,4713525.528645839,0.0,1,0.0,4713525.528645839,0.0,4713525.528645839,0,0.0,0.0,0.0,0.0,0.0,True,0.0,0.0
sano,343,1,11.849635736501948,7.109781441901169,1,1,4713525.528645839,4713525.528645839,0.0,0.0,0.0,0.0,4713525.528645839,0.0,1,0.0,4713525.528645839,0.0,4713525.528645839,0,0.0,0.0,0.0,0.0,0.0,True,0.0,0.0
sano,344,4,114.90255153043128,68.94153091825878,12,12,23771084.630202617,23771084.630202617,14051259.565591643,86.7361701579731,0.07587121818523583,0.282218242456503,23771084.630202617,0.282218242456503,12,0.07587121818523583,23721234.074646845,0.09007432824756406,23721234.074646845,0,13995557.720313678,0.09007432824756406,86.39233160687456,0.282218242456503,0.0,True,49850.55555577576,0.0
sano,345,1,27.29683035116647,16.378098210699882,1,1,4713525.528645839,4713525.528645839,0.0,0.0,0.0,0.0,4713525.528645839,0.0,1,0.0,4713525.528645839,0.0,4713525.528645839,0,0.0,0.0,0.0,0.0,0.0,True,0.0,0.0
sano,346,1,90.26657448309288,54.15994468985573,1,1,4713525.528645839,4713525.528645839,0.0,0.0,0.0,0.0,4713525.528645839,0.0,1,0.0,4713525.528645839,0.0,4713525.528645839,0,0.0,0.0,0.0,0.0,0.0,True,0.0,0.0
sano,347,2,112.77508194067528,67.66504916440516,12,12,16638911.877113847,16638911.877113847,8801664.256733943,54.3312608440367,0.04063511684771171,0.15540607819910454,16638911.877113847,0.15540607819910454,12,0.04063511684771171,16638911.877113845,0.04063511684771171,16638911.877113845,0,8801664.256733945,0.04063511684771171,54.3312608440367,0.15540607819910454,0.0,True,0.0,0.0
sano,348,1,48.86833541524832,29.32100124914899,1,1,4713525.528645839,4713525.528645839,0.0,0.0,0.0,0.0,4713525.528645839,0.0,1,0.0,4713525.528645839,0.0,4713525.528645839,0,0.0,0.0,0.0,0.0,0.0,True,0.0,0.0
sano,349,2,80.63804850693951,48.382829104163704,12,12,16892530.775821425,16892530.775821425,9010450.563976152,55.62006520972932,0.025080908173880073,0.1235320727253273,16892530.775821425,0.1235320727253273,12,0.025080908173880073,16892530.77582143,0.025080908173880066,16892530.77582143,0,9010450.56397615,0.025080908173880066,55.62006520972932,0.1235320727253273,0.0,True,0.0,0.0
sano,350,1,47.43834930887219,28.463009585323313,1,1,4713525.528645839,4713525.528645839,0.0,0.0,0.0,0.0,4713525.528645839,0.0,1,0.0,4713525.528645839,0.0,4713525.528645839,0,0.0,0.0,0.0,0.0,0.0,True,0.0,0.0
sano,351,1,54.16910682518599,32.501464095111594,1,1,4713525.528645839,4713525.528645839,0.0,0.0,0.0,0.0,4713525.528645839,0.0,1,0.0,4713525.528645839,0.0,4713525.528645839,0,0.0,0.0,0.0,0.0,0.0,True,0.0,0.0
sano,352,1,116.03743291165664,69.62245974699398,1,1,4713525.528645839,4713525.528645839,0.0,0.0,0.0,0.0,4713525.528645839,0.0,1,0.0,4713525.528645839,0.0,4713525.528645839,0,0.0,0.0,0.0,0.0,0.0,True,0.0,0.0
sano,353,1,41.121223915331306,24.672734349198784,1,1,4713525.528645839,4713525.528645839,0.0,0.0,0.0,0.0,4713525.528645839,0.0,1,0.0,4713525.528645839,0.0,4713525.528645839,0,0.0,0.0,0.0,0.0,0.0,True,0.0,0.0
sano,354,3,107.25106714021118,64.3506402841267,12,12,27852224.662148207,27852224.662148207,17103878.19965314,105.57949505958727,0.05900235807781549,0.25722107760007745,27852224.662148207,0.25722107760007745,12,0.05900235807781549,27852224.662148207,0.05900235807781548,27852224.662148207,0,17103878.199653137,0.05900235807781548,105.57949505958727,0.25722107760007745,0.0,True,0.0,0.0
sano,355,1,22.443342632357485,13.46600557941449,1,1,4713525.528645839,4713525.528645839,0.0,0.0,0.0,0.0,4713525.528645839,0.0,1,0.0,4713525.528645839,0.0,4713525.528645839,0,0.0,0.0,0.0,0.0,0.0,True,0.0,0.0
sano,356,2,113.5914594515885,68.1548756709531,12,12,43093211.25637458,43093211.25637458,28327944.469412506,174.86385474945993,0.129720309631393,0.4981342057366082,43093211.25637458,0.4981342057366082,12,0.129720309631393,43093211.256374575,0.129720309631393,43093211.256374575,0,28327944.469412506,0.129720309631393,174.8638547494599,0.4981342057366082,0.0,True,0.0,0.0
sano,357,3,73.95420221977545,44.37252133186527,12,12,13566269.972510055,13566269.972510055,6548987.431843464,40.42584834471274,0.018671819232791157,0.09044933618018855,13566269.972510055,0.09044933618018855,12,0.018671819232791157,13566269.972510055,0.018671819232791157,13566269.972510055,0,6548987.431843465,0.018671819232791157,40.42584834471275,0.09044933618018855,0.0,True,0.0,0.0
sano,358,2,145.1641591688034,87.09849550128203,12,12,25253402.451431427,25253402.451431427,14981701.84599889,92.47964102468451,0.2052751841267502,0.4557048443334045,25253402.451431427,0.4557048443334045,12,0.2052751841267502,25253402.451431427,0.20527518412675022,25253402.451431427,0,14981701.845998893,0.20527518412675022,92.47964102468453,0.4557048443334045,0.0,True,0.0,0.0
sano,359,1,16.680910044016386,10.008546026409832,1,1,4713525.528645839,4713525.528645839,0.0,0.0,0.0,0.0,4713525.528645839,0.0,1,0.0,4713525.528645839,0.0,4713525.528645839,0,0.0,0.0,0.0,0.0,0.0,True,0.0,0.0
sano,360,1,44.311921597846,26.587152958707602,1,1,4713525.528645839,4713525.528645839,0.0,0.0,0.0,0.0,4713525.528645839,0.0,1,0.0,4713525.528645839,0.0,4713525.528645839,0,0.0,0.0,0.0,0.0,0.0,True,0.0,0.0
sano,361,1,94.94991405436554,56.96994843261932,1,1,4713525.528645839,4713525.528645839,0.0,0.0,0.0,0.0,4713525.528645839,0.0,1,0.0,4713525.528645839,0.0,4713525.528645839,0,0.0,0.0,0.0,0.0,0.0,True,0.0,0.0
sano,362,1,24.28765083694029,14.572590502164173,1,1,4713525.528645839,4713525.528645839,0.0,0.0,0.0,0.0,4713525.528645839,0.0,1,0.0,4713525.528645839,0.0,4713525.528645839,0,0.0,0.0,0.0,0.0,0.0,True,0.0,0.0
sano,363,1,127.40696340951897,76.44417804571138,1,1,4713525.528645839,4713525.528645839,0.0,0.0,0.0,0.0,4713525.528645839,0.0,1,0.0,4713525.528645839,0.0,4713525.528645839,0,0.0,0.0,0.0,0.0,0.0,True,0.0,0.0
sano,364,2,43.362305418333776,26.01738325100027,12,12,6836523.443111566,6836523.443111566,1574917.1334791891,9.721710700488824,0.001141824649077404,0.01101953848883124,6836523.443111566,0.01101953848883124,12,0.001141824649077404,6836523.443111565,0.0011418246490774039,6836523.443111565,0,1574917.1334791891,0.0011418246490774039,9.721710700488822,0.01101953848883124,0.0,True,0.0,0.0
sano,365,1,71.42866350575139,42.857198103450834,1,1,4713525.528645839,4713525.528645839,0.0,0.0,0.0,0.0,4713525.528645839,0.0,1,0.0,4713525.528645839,0.0,4713525.528645839,0,0.0,0.0,0.0,0.0,0.0,True,0.0,0.0
sano,366,1,0.8851421430225761,0.5310852858135456,1,1,4713525.528645839,4713525.528645839,0.0,0.0,0.0,0.0,4713525.528645839,0.0,1,0.0,4713525.528645839,0.0,4713525.528645839,0,0.0,0.0,0.0,0.0,0.0,True,0.0,0.0
sano,367,3,318.6627928916368,191.19767573498206,12,12,27063768.409137774,27063768.409137774,15908878.986118823,98.20295670443717,0.5223161661653108,0.5396130219253622,27063768.409137774,0.5396130219253622,12,0.5223161661653108,27063768.409137774,0.5223161661653108,27063768.409137774,0,15908878.986118823,0.5223161661653108,98.20295670443718,0.5396130219253622,0.0,False,0.0,0.0
sano,368,2,37.24181855478642,22.34509113287185,12,12,39130093.09487892,39130093.09487892,25529463.414398555,157.58928033579355,0.020030097228818128,0.18582203734098598,39130093.09487892,0.18582203734098598,12,0.020030097228818128,39130093.09487893,0.020030097228818128,39130093.09487893,0,25529463.414398555,0.020030097228818128,157.58928033579355,0.18582203734098598,0.0,True,0.0,0.0
sano,369,2,58.045414623602525,34.82724877416152,12,12,15255313.114741394,15255313.114741394,7817771.079966725,48.25784617263411,0.007578150926330633,0.0632496235612106,15255313.114741394,0.0632496235612106,12,0.007578150926330633,15255313.1147414,0.007578150926330635,15255313.1147414,0,7817771.079966726,0.007578150926330635,48.25784617263411,0.0632496235612106,0.0,True,0.0,0.0
sano,370,3,221.0056327725362,132.6033796635217,12,12,26577380.368071992,26577380.368071992,15970290.32399786,98.58203903702383,0.20111233305040654,0.3285168179071284,26577380.368071992,0.3285168179071284,12,0.20111233305040654,26577380.368071992,0.20111233305040654,26577380.368071992,0,15970290.323997863,0.20111233305040654,98.58203903702383,0.3285168179071284,0.0,True,0.0,0.0
sano,371,2,96.40906794216244,57.84544076529747,12,12,7309913.754887414,7309913.754887414,1924030.227669373,11.876729800428224,0.0029661108527762373,0.01963064094289457,7309913.754887414,0.01963064094289457,12,0.0029661108527762373,7309913.754887413,0.0029661108527762373,7309913.754887413,0,1924030.2276693727,0.0029661108527762373,11.876729800428226,0.01963064094289457,0.0,True,0.0,0.0
sano,372,1,50.58541963405942,30.35125178043565,1,1,4713525.528645839,4713525.528645839,0.0,0.0,0.0,0.0,4713525.528645839,0.0,1,0.0,4713525.528645839,0.0,4713525.528645839,0,0.0,0.0,0.0,0.0,0.0,True,0.0,0.0
sano,373,2,140.83217746019227,84.49930647611535,12,12,21457660.03423438,21457660.03423438,12219091.208149763,75.42648893919605,0.16278884516968567,0.3664937895488606,21457660.03423438,0.3664937895488606,12,0.16278884516968567,21457660.034234382,0.16278884516968564,21457660.034234382,0,12219091.208149763,0.16278884516968564,75.42648893919606,0.3664937895488606,0.0,True,0.0,0.0
sano,374,1,137.56729128732798,82.54037477239679,1,1,4713525.528645839,4713525.528645839,0.0,0.0,0.0,0.0,4713525.528645839,0.0,1,0.0,4713525.528645839,0.0,4713525.528645839,0,0.0,0.0,0.0,0.0,0.0,True,0.0,0.0
sano,375,2,7.933552387167578,4.760131432300547,12,12,13006677.730077533,13006677.730077533,6157981.188167053,38.01222955658675,3.727872291787201e-05,0.003937173353615515,13006677.730077533,0.003937173353615515,12,3.727872291787201e-05,13006677.730077533,3.727872291787201e-05,13006677.730077533,0,6157981.188167053,3.727872291787201e-05,38.012229556586746,0.003937173353615515,0.0,True,0.0,0.0
sano,376,2,69.96414832265901,41.978488993595406,12,12,17928841.851101253,17928841.851101253,9776851.61557567,60.350935898615234,0.027441425680579848,0.1345977166854432,17928841.851101253,0.1345977166854432,12,0.027441425680579848,17928841.851101253,0.02744142568057985,17928841.851101253,0,9776851.615575667,0.02744142568057985,60.35093589861523,0.1345977166854432,0.0,True,0.0,0.0
sano,377,1,103.35183059995953,62.01109835997571,1,1,4713525.528645839,4713525.528645839,0.0,0.0,0.0,0.0,4713525.528645839,0.0,1,0.0,4713525.528645839,0.0,4713525.528645839,0,0.0,0.0,0.0,0.0,0.0,True,0.0,0.0
sano,378,1,30.044442737770268,18.02666564266216,1,1,4713525.528645839,4713525.528645839,0.0,0.0,0.0,0.0,4713525.528645839,0.0,1,0.0,4713525.528645839,0.0,4713525.528645839,0,0.0,0.0,0.0,0.0,0.0,True,0.0,0.0
sano,379,1,5.936246357380727,3.5617478144284362,1,1,4713525.528645839,4713525.528645839,0.0,0.0,0.0,0.0,4713525.528645839,0.0,1,0.0,4713525.528645839,0.0,4713525.528645839,0,0.0,0.0,0.0,0.0,0.0,True,0.0,0.0
sano,380,2,115.38242392412687,69.22945435447612,12,12,6764400.349044149,6764400.349044149,1521196.5191140745,9.390101969839964,0.0012680371014485144,0.011412833648106977,6764400.349044149,0.011412833648106977,12,0.0012680371014485144,6764400.34904415,0.0012680371014485144,6764400.34904415,0,1521196.5191140745,0.0012680371014485144,9.390101969839966,0.011412833648106977,0.0,True,0.0,0.0
sano,381,2,94.32330129939555,56.593980779637334,12,12,15306846.47339947,15306846.47339947,7829381.939101268,48.32951814260043,0.02783880811746824,0.12131762617600052,15306846.47339947,0.12131762617600052,12,0.02783880811746824,15306846.473399475,0.02783880811746824,15306846.473399475,0,7829381.9391012695,0.02783880811746824,48.32951814260043,0.12131762617600052,0.0,True,0.0,0.0
sano,382,1,20.01945214841469,12.011671289048813,1,1,4713525.528645839,4713525.528645839,0.0,0.0,0.0,0.0,4713525.528645839,0.0,1,0.0,4713525.528645839,0.0,4713525.528645839,0,0.0,0.0,0.0,0.0,0.0,True,0.0,0.0
sano,383,2,118.28466461730139,70.97079877038082,12,12,29551662.777696446,29551662.777696446,18243906.922994398,112.61670940119996,0.15164358013931503,0.43222092031427495,29551662.777696446,0.43222092031427495,12,0.15164358013931503,29551662.77769645,0.15164358013931503,29551662.77769645,0,18243906.922994394,0.15164358013931503,112.61670940119996,0.43222092031427495,0.0,True,0.0,0.0
sano,384,2,135.50667924951523,81.30400754970914,12,12,35857066.34119396,35857066.34119396,23073756.88213474,142.43059803786878,0.03929143718078426,0.24742464662085745,35857066.34119396,0.24742464662085745,12,0.03929143718078426,35857066.34119395,0.03929143718078426,35857066.34119395,0,23073756.882134743,0.03929143718078426,142.43059803786878,0.24742464662085745,0.0,True,0.0,0.0
sano,385,1,54.78957509662419,32.87374505797451,1,1,4713525.528645839,4713525.528645839,0.0,0.0,0.0,0.0,4713525.528645839,0.0,1,0.0,4713525.528645839,0.0,4713525.528645839,0,0.0,0.0,0.0,0.0,0.0,True,0.0,0.0
sano,386,2,91.6891411860629,55.01348471163774,12,12,12343846.05478227,12343846.05478227,5624411.902329232,34.718591989686615,0.031496390892979266,0.10937140733198743,12343846.05478227,0.10937140733198743,12,0.031496390892979266,12343846.054782268,0.03149639089297926,12343846.054782268,0,5624411.902329232,0.03149639089297926,34.718591989686615,0.10937140733198743,0.0,True,0.0,0.0
sano,387,1,10.236594638774656,6.141956783264794,1,1,4713525.528645839,4713525.528645839,0.0,0.0,0.0,0.0,4713525.528645839,0.0,1,0.0,4713525.528645839,0.0,4713525.528645839,0,0.0,0.0,0.0,0.0,0.0,True,0.0,0.0
sano,388,1,24.37614470060875,14.62568682036525,1,1,4713525.528645839,4713525.528645839,0.0,0.0,0.0,0.0,4713525.528645839,0.0,1,0.0,4713525.528645839,0.0,4713525.528645839,0,0.0,0.0,0.0,0.0,0.0,True,0.0,0.0
sano,389,1,86.10016658869358,51.66009995321615,1,1,4713525.528645839,4713525.528645839,0.0,0.0,0.0,0.0,4713525.528645839,0.0,1,0.0,4713525.528645839,0.0,4713525.528645839,0,0.0,0.0,0.0,0.0,0.0,True,0.0,0.0
sano,390,1,39.99282083562253,23.99569250137352,1,1,4713525.528645839,4713525.528645839,0.0,0.0,0.0,0.0,4713525.528645839,0.0,1,0.0,4713525.528645839,0.0,4713525.528645839,0,0.0,0.0,0.0,0.0,0.0,True,0.0,0.0
sano,391,2,67.00443054859421,40.20265832915653,12,12,6969651.816428381,6969651.816428381,1672485.1060574322,10.323982136156989,0.0021190967432045574,0.015470037510050721,6969651.816428381,0.015470037510050721,12,0.0021190967432045574,6969651.816428382,0.002119096743204557,6969651.816428382,0,1672485.1060574325,0.002119096743204557,10.32398213615699,0.015470037510050721,0.0,True,0.0,0.0
sano,392,1,76.55703599322901,45.9342215959374,1,1,4713525.528645839,4713525.528645839,0.0,0.0,0.0,0.0,4713525.528645839,0.0,1,0.0,4713525.528645839,0.0,4713525.528645839,0,0.0,0.0,0.0,0.0,0.0,True,0.0,0.0
sano,393,1,24.768435743212265,14.861061445927358,1,1,4713525.528645839,4713525.528645839,0.0,0.0,0.0,0.0,4713525.528645839,0.0,1,0.0,4713525.528645839,0.0,4713525.528645839,0,0.0,0.0,0.0,0.0,0.0,True,0.0,0.0
sano,394,1,38.44723425949665,23.06834055569799,1,1,4713525.528645839,4713525.528645839,0.0,0.0,0.0,0.0,4713525.528645839,0.0,1,0.0,4713525.528645839,0.0,4713525.528645839,0,0.0,0.0,0.0,0.0,0.0,True,0.0,0.0
sano,395,2,55.40077872479961,33.240467234879766,12,12,11295200.631354436,11295200.631354436,4884839.318106697,30.15332912411542,0.0017816198291863508,0.024241947446251015,11295200.631354436,0.024241947446251015,12,0.0017816198291863508,11295200.631354436,0.0017816198291863514,11295200.631354436,0,4884839.318106697,0.0017816198291863514,30.153329124115416,0.024241947446251015,0.0,True,0.0,0.0
sano,396,1,19.48935514414581,11.693613086487487,1,1,4713525.528645839,4713525.528645839,0.0,0.0,0.0,0.0,4713525.528645839,0.0,1,0.0,4713525.528645839,0.0,4713525.528645839,0,0.0,0.0,0.0,0.0,0.0,True,0.0,0.0
sano,397,1,51.79963857754508,31.07978314652705,1,1,4713525.528645839,4713525.528645839,0.0,0.0,0.0,0.0,4713525.528645839,0.0,1,0.0,4713525.528645839,0.0,4713525.528645839,0,0.0,0.0,0.0,0.0,0.0,True,0.0,0.0
sano,398,1,9.462501426724302,5.677500856034581,1,1,4713525.528645839,4713525.528645839,0.0,0.0,0.0,0.0,4713525.528645839,0.0,1,0.0,4713525.528645839,0.0,4713525.528645839,0,0.0,0.0,0.0,0.0,0.0,True,0.0,0.0
sano,399,1,117.6817268208518,70.60903609251108,1,1,4713525.528645839,4713525.528645839,0.0,0.0,0.0,0.0,4713525.528645839,0.0,1,0.0,4713525.528645839,0.0,4713525.528645839,0,0.0,0.0,0.0,0.0,0.0,True,0.0,0.0
sano,400,1,73.3189827168737,43.991389630124225,1,1,4713525.528645839,4713525.528645839,0.0,0.0,0.0,0.0,4713525.528645839,0.0,1,0.0,4713525.528645839,0.0,4713525.528645839,0,0.0,0.0,0.0,0.0,0.0,True,0.0,0.0
sano,401,1,44.99424198608144,26.996545191648863,1,1,4713525.528645839,4713525.528645839,0.0,0.0,0.0,0.0,4713525.528645839,0.0,1,0.0,4713525.528645839,0.0,4713525.528645839,0,0.0,0.0,0.0,0.0,0.0,True,0.0,0.0
sano,402,1,30.63854257110417,18.3831255426625,1,1,4713525.528645839,4713525.528645839,0.0,0.0,0.0,0.0,4713525.528645839,0.0,1,0.0,4713525.528645839,0.0,4713525.528645839,0,0.0,0.0,0.0,0.0,0.0,True,0.0,0.0
sano,403,1,37.32505862521691,22.395035175130147,1,1,4713525.528645839,4713525.528645839,0.0,0.0,0.0,0.0,4713525.528645839,0.0,1,0.0,4713525.528645839,0.0,4713525.528645839,0,0.0,0.0,0.0,0.0,0.0,True,0.0,0.0
sano,404,2,130.0295879213599,78.01775275281592,12,12,6311757.379194538,6311757.379194538,1186712.905408773,7.325388304992426,3.384908801872496e-05,0.0016469528420072755,6311757.379194538,0.0016469528420072755,12,3.384908801872496e-05,6311757.379194538,3.384908801872495e-05,6311757.379194538,0,1186712.9054087729,3.384908801872495e-05,7.325388304992424,0.0016469528420072755,0.0,True,0.0,0.0
sano,405,3,113.20407148231715,67.92244288939028,12,12,32233810.662015367,32233810.662015367,20257349.225909203,125.04536559203211,0.13505074278046517,0.4124989368072738,32233810.662015367,0.4124989368072738,12,0.13505074278046517,32233810.662015367,0.13505074278046514,32233810.662015367,0,20257349.225909203,0.13505074278046514,125.04536559203211,0.4124989368072738,0.0,True,0.0,0.0
sano,406,1,5.303269644690092,3.181961786814055,1,1,4713525.528645839,4713525.528645839,0.0,0.0,0.0,0.0,4713525.528645839,0.0,1,0.0,4713525.528645839,0.0,4713525.528645839,0,0.0,0.0,0.0,0.0,0.0,True,0.0,0.0
sano,407,1,68.22536649506904,40.93521989704142,1,1,4713525.528645839,4713525.528645839,0.0,0.0,0.0,0.0,4713525.528645839,0.0,1,0.0,4713525.528645839,0.0,4713525.528645839,0,0.0,0.0,0.0,0.0,0.0,True,0.0,0.0
sano,408,1,132.79204195716173,79.67522517429704,1,1,4713525.528645839,4713525.528645839,0.0,0.0,0.0,0.0,4713525.528645839,0.0,1,0.0,4713525.528645839,0.0,4713525.528645839,0,0.0,0.0,0.0,0.0,0.0,True,0.0,0.0
sano,409,2,128.55046998001052,77.13028198800632,12,12,18250021.493249025,18250021.493249025,10026516.678412443,61.8920782618052,0.01894716360984242,0.11326141633347753,18250021.493249025,0.11326141633347753,12,0.01894716360984242,18250021.493249025,0.018947163609842423,18250021.493249025,0,10026516.678412445,0.018947163609842423,61.89207826180521,0.11326141633347753,0.0,True,0.0,0.0
sano,410,1,34.923145444299294,20.953887266579574,1,1,4713525.528645839,4713525.528645839,0.0,0.0,0.0,0.0,4713525.528645839,0.0,1,0.0,4713525.528645839,0.0,4713525.528645839,0,0.0,0.0,0.0,0.0,0.0,True,0.0,0.0
sano,411,2,60.70893791334872,36.42536274800923,12,12,14618831.496129626,14618831.496129626,7351817.988495119,45.38159252157481,0.002513921178543359,0.03532710481362922,14618831.496129626,0.03532710481362922,12,0.002513921178543359,14618831.496129625,0.002513921178543359,14618831.496129625,0,7351817.988495119,0.002513921178543359,45.38159252157481,0.03532710481362922,0.0,True,0.0,0.0
sano,412,1,78.32777268818633,46.996663612911796,1,1,4713525.528645839,4713525.528645839,0.0,0.0,0.0,0.0,4713525.528645839,0.0,1,0.0,4713525.528645839,0.0,4713525.528645839,0,0.0,0.0,0.0,0.0,0.0,True,0.0,0.0
sano,413,1,107.88546785478854,64.73128071287313,1,1,4713525.528645839,4713525.528645839,0.0,0.0,0.0,0.0,4713525.528645839,0.0,1,0.0,4713525.528645839,0.0,4713525.528645839,0,0.0,0.0,0.0,0.0,0.0,True,0.0,0.0
sano,415,1,14.769473083064202,8.86168384983852,1,1,4713525.528645839,4713525.528645839,0.0,0.0,0.0,0.0,4713525.528645839,0.0,1,0.0,4713525.528645839,0.0,4713525.528645839,0,0.0,0.0,0.0,0.0,0.0,True,0.0,0.0
sano,416,1,23.494059410655023,14.096435646393013,1,1,4713525.528645839,4713525.528645839,0.0,0.0,0.0,0.0,4713525.528645839,0.0,1,0.0,4713525.528645839,0.0,4713525.528645839,0,0.0,0.0,0.0,0.0,0.0,True,0.0,0.0
sano,417,1,39.89758786690457,23.93855272014274,1,1,4713525.528645839,4713525.528645839,0.0,0.0,0.0,0.0,4713525.528645839,0.0,1,0.0,4713525.528645839,0.0,4713525.528645839,0,0.0,0.0,0.0,0.0,0.0,True,0.0,0.0
sano,418,2,158.8210506193239,95.29263037159433,12,12,13232557.234722478,13232557.234722478,6318608.224993989,39.003754475271535,0.005432860831515813,0.048145959881338275,13232557.234722478,0.048145959881338275,12,0.005432860831515813,13232557.234722478,0.005432860831515813,13232557.234722478,0,6318608.224993989,0.005432860831515813,39.003754475271535,0.048145959881338275,0.0,True,0.0,0.0
sano,419,1,14.067753307244358,8.440651984346614,1,1,4713525.528645839,4713525.528645839,0.0,0.0,0.0,0.0,4713525.528645839,0.0,1,0.0,4713525.528645839,0.0,4713525.528645839,0,0.0,0.0,0.0,0.0,0.0,True,0.0,0.0
sano,420,1,19.87727282649595,11.92636369589757,1,1,4713525.528645839,4713525.528645839,0.0,0.0,0.0,0.0,4713525.528645839,0.0,1,0.0,4713525.528645839,0.0,4713525.528645839,0,0.0,0.0,0.0,0.0,0.0,True,0.0,0.0
sano,421,1,68.23227945939259,40.93936767563555,1,1,4713525.528645839,4713525.528645839,0.0,0.0,0.0,0.0,4713525.528645839,0.0,1,0.0,4713525.528645839,0.0,4713525.528645839,0,0.0,0.0,0.0,0.0,0.0,True,0.0,0.0
sano,422,2,58.418318165564,35.0509908993384,12,12,18387866.748371955,18387866.748371955,10141008.818617882,62.598819868011596,0.009722495369767187,0.08159514113008356,18387866.748371955,0.08159514113008356,12,0.009722495369767187,18387866.74837195,0.009722495369767187,18387866.74837195,0,10141008.818617882,0.009722495369767187,62.59881986801162,0.08159514113008356,0.0,True,0.0,0.0
sano,423,2,140.28001044042912,84.16800626425747,12,12,14555745.700745074,14555745.700745074,7259026.719298545,44.808806909250286,0.03743888492830955,0.1354676182982622,14555745.700745074,0.1354676182982622,12,0.03743888492830955,14555745.700745074,0.03743888492830955,14555745.700745074,0,7259026.719298546,0.03743888492830955,44.808806909250286,0.1354676182982622,0.0,True,0.0,0.0
sano,424,2,174.33638294074473,104.60182976444683,12,12,8465289.074409487,8465289.074409487,2773730.2091279803,17.121791414370247,0.009211932969120169,0.04153768973714225,8465289.074409487,0.04153768973714225,12,0.009211932969120169,8465289.074409489,0.00921193296912017,8465289.074409489,0,2773730.20912798,0.00921193296912017,17.121791414370247,0.04153768973714225,0.0,True,0.0,0.0
sano,425,2,110.91309105795543,66.54785463477326,12,12,16756716.213826654,16756716.213826654,8895662.590252759,54.91149747069605,0.035676595040248,0.1463914443089322,16756716.213826654,0.1463914443089322,12,0.035676595040248,16756716.213826654,0.03567659504024799,16756716.213826654,0,8895662.590252759,0.03567659504024799,54.91149747069604,0.1463914443089322,0.0,True,0.0,0.0
sano,426,1,13.191969974448114,7.915181984668868,1,1,4713525.528645839,4713525.528645839,0.0,0.0,0.0,0.0,4713525.528645839,0.0,1,0.0,4713525.528645839,0.0,4713525.528645839,0,0.0,0.0,0.0,0.0,0.0,True,0.0,0.0
sano,427,1,64.4583770296559,38.675026217793544,1,1,4713525.528645839,4713525.528645839,0.0,0.0,0.0,0.0,4713525.528645839,0.0,1,0.0,4713525.528645839,0.0,4713525.528645839,0,0.0,0.0,0.0,0.0,0.0,True,0.0,0.0
sano,428,1,67.67297622381989,40.60378573429193,1,1,4713525.528645839,4713525.528645839,0.0,0.0,0.0,0.0,4713525.528645839,0.0,1,0.0,4713525.528645839,0.0,4713525.528645839,0,0.0,0.0,0.0,0.0,0.0,True,0.0,0.0
sano,429,1,24.74570050771589,14.847420304629532,1,1,4713525.528645839,4713525.528645839,0.0,0.0,0.0,0.0,4713525.528645839,0.0,1,0.0,4713525.528645839,0.0,4713525.528645839,0,0.0,0.0,0.0,0.0,0.0,True,0.0,0.0
sano,430,1,14.5652713500102,8.73916281000612,1,1,4713525.528645839,4713525.528645839,0.0,0.0,0.0,0.0,4713525.528645839,0.0,1,0.0,4713525.528645839,0.0,4713525.528645839,0,0.0,0.0,0.0,0.0,0.0,True,0.0,0.0
sano,431,1,26.933980206105147,16.160388123663086,1,1,4713525.528645839,4713525.528645839,0.0,0.0,0.0,0.0,4713525.528645839,0.0,1,0.0,4713525.528645839,0.0,4713525.528645839,0,0.0,0.0,0.0,0.0,0.0,True,0.0,0.0
sano,432,2,207.59739232741492,124.55843539644894,12,12,8451193.526238218,8451193.526238218,2683075.70379182,16.562195702418645,0.07016353265352374,0.11274752888371387,8451193.526238218,0.11274752888371387,12,0.07016353265352374,8451193.526238218,0.07016353265352375,8451193.526238218,0,2683075.70379182,0.07016353265352375,16.56219570241864,0.11274752888371387,0.0,True,0.0,0.0
sano,433,4,129.32724892857416,77.5963493571445,12,12,40122672.65154225,40122672.65154225,26170049.342731714,161.54351446130687,0.09334115318259995,0.31383006458893736,40122672.65154225,0.31383006458893736,12,0.09334115318259995,40122672.65154225,0.09334115318259995,40122672.65154225,0,26170049.342731714,0.09334115318259995,161.5435144613069,0.31383006458893736,0.0,True,0.0,0.0
sano,434,1,41.04487234016128,24.626923404096765,1,1,4713525.528645839,4713525.528645839,0.0,0.0,0.0,0.0,4713525.528645839,0.0,1,0.0,4713525.528645839,0.0,4713525.528645839,0,0.0,0.0,0.0,0.0,0.0,True,0.0,0.0
sano,435,1,44.26904196282638,26.561425177695828,1,1,4713525.528645839,4713525.528645839,0.0,0.0,0.0,0.0,4713525.528645839,0.0,1,0.0,4713525.528645839,0.0,4713525.528645839,0,0.0,0.0,0.0,0.0,0.0,True,0.0,0.0
sano,436,1,97.50475158416914,58.50285095050148,1,1,4713525.528645839,4713525.528645839,0.0,0.0,0.0,0.0,4713525.528645839,0.0,1,0.0,4713525.528645839,0.0,4713525.528645839,0,0.0,0.0,0.0,0.0,0.0,True,0.0,0.0
sano,438,1,19.496874614083023,11.698124768449814,1,1,4713525.528645839,4713525.528645839,0.0,0.0,0.0,0.0,4713525.528645839,0.0,1,0.0,4713525.528645839,0.0,4713525.528645839,0,0.0,0.0,0.0,0.0,0.0,True,0.0,0.0
sano,439,2,134.15575437628087,80.49345262576851,12,12,16616786.737599766,16616786.737599766,8727577.684512094,53.87393632414873,0.08446125802007089,0.22310560432710685,16616786.737599766,0.22310560432710685,12,0.08446125802007089,16616786.737599768,0.08446125802007089,16616786.737599768,0,8727577.684512094,0.08446125802007089,53.87393632414872,0.22310560432710685,0.0,True,0.0,0.0
sano,440,1,40.6924136385426,24.41544818312556,1,1,4713525.528645839,4713525.528645839,0.0,0.0,0.0,0.0,4713525.528645839,0.0,1,0.0,4713525.528645839,0.0,4713525.528645839,0,0.0,0.0,0.0,0.0,0.0,True,0.0,0.0
sano,441,1,75.44562559506213,45.267375357037274,1,1,4713525.528645839,4713525.528645839,0.0,0.0,0.0,0.0,4713525.528645839,0.0,1,0.0,4713525.528645839,0.0,4713525.528645839,0,0.0,0.0,0.0,0.0,0.0,True,0.0,0.0
sano,442,2,110.12186353936539,66.07311812361922,12,12,18408316.836007055,18408316.836007055,10113630.570491938,62.429818336369976,0.042075284116741725,0.16951257328885835,18408316.836007055,0.16951257328885835,12,0.042075284116741725,18408316.83600705,0.04207528411674173,18408316.83600705,0,10113630.570491936,0.04207528411674173,62.429818336369976,0.16951257328885835,0.0,True,0.0,0.0
sano,443,1,59.63093918234931,35.77856350940959,1,1,4713525.528645839,4713525.528645839,0.0,0.0,0.0,0.0,4713525.528645839,0.0,1,0.0,4713525.528645839,0.0,4713525.528645839,0,0.0,0.0,0.0,0.0,0.0,True,0.0,0.0
sano,444,1,113.48156936168434,68.0889416170106,1,1,4713525.528645839,4713525.528645839,0.0,0.0,0.0,0.0,4713525.528645839,0.0,1,0.0,4713525.528645839,0.0,4713525.528645839,0,0.0,0.0,0.0,0.0,0.0,True,0.0,0.0
sano,445,1,52.18781572714825,31.31268943628895,1,1,4713525.528645839,4713525.528645839,0.0,0.0,0.0,0.0,4713525.528645839,0.0,1,0.0,4713525.528645839,0.0,4713525.528645839,0,0.0,0.0,0.0,0.0,0.0,True,0.0,0.0
sano,446,1,101.92396722710912,61.15438033626547,1,1,4713525.528645839,4713525.528645839,0.0,0.0,0.0,0.0,4713525.528645839,0.0,1,0.0,4713525.528645839,0.0,4713525.528645839,0,0.0,0.0,0.0,0.0,0.0,True,0.0,0.0
sano,447,1,118.41254826153504,71.04752895692101,1,1,4713525.528645839,4713525.528645839,0.0,0.0,0.0,0.0,4713525.528645839,0.0,1,0.0,4713525.528645839,0.0,4713525.528645839,0,0.0,0.0,0.0,0.0,0.0,True,0.0,0.0
sano,448,1,65.22424490824574,39.13454694494744,1,1,4713525.528645839,4713525.528645839,0.0,0.0,0.0,0.0,4713525.528645839,0.0,1,0.0,4713525.528645839,0.0,4713525.528645839,0,0.0,0.0,0.0,0.0,0.0,True,0.0,0.0
sano,449,2,14.336895570960873,8.602137342576524,12,12,7202352.028402004,7202352.028402004,1847840.9418723586,11.406425567113326,0.0001688884463556951,0.004590575221833719,7202352.028402004,0.004590575221833719,12,0.0001688884463556951,7202352.028402005,0.0001688884463556951,7202352.028402005,0,1847840.9418723586,0.0001688884463556951,11.406425567113324,0.004590575221833719,0.0,True,0.0,0.0
sano,450,1,11.069747106771894,6.641848264063136,1,1,4713525.528645839,4713525.528645839,0.0,0.0,0.0,0.0,4713525.528645839,0.0,1,0.0,4713525.528645839,0.0,4713525.528645839,0,0.0,0.0,0.0,0.0,0.0,True,0.0,0.0
sano,451,1,32.52121409469417,19.512728456816504,1,1,4713525.528645839,4713525.528645839,0.0,0.0,0.0,0.0,4713525.528645839,0.0,1,0.0,4713525.528645839,0.0,4713525.528645839,0,0.0,0.0,0.0,0.0,0.0,True,0.0,0.0
sano,452,1,30.11859749445413,18.071158496672478,1,1,4713525.528645839,4713525.528645839,0.0,0.0,0.0,0.0,4713525.528645839,0.0,1,0.0,4713525.528645839,0.0,4713525.528645839,0,0.0,0.0,0.0,0.0,0.0,True,0.0,0.0
sano,453,1,51.67057609669707,31.00234565801824,1,1,4713525.528645839,4713525.528645839,0.0,0.0,0.0,0.0,4713525.528645839,0.0,1,0.0,4713525.528645839,0.0,4713525.528645839,0,0.0,0.0,0.0,0.0,0.0,True,0.0,0.0
sano,454,1,82.2724269872105,49.363456192326296,1,1,4713525.528645839,4713525.528645839,0.0,0.0,0.0,0.0,4713525.528645839,0.0,1,0.0,4713525.528645839,0.0,4713525.528645839,0,0.0,0.0,0.0,0.0,0.0,True,0.0,0.0
sano,456,1,71.3162984084767,42.789779045086014,1,1,4713525.528645839,4713525.528645839,0.0,0.0,0.0,0.0,4713525.528645839,0.0,1,0.0,4713525.528645839,0.0,4713525.528645839,0,0.0,0.0,0.0,0.0,0.0,True,0.0,0.0
sano,457,1,29.66483810483016,17.798902862898096,1,1,4713525.528645839,4713525.528645839,0.0,0.0,0.0,0.0,4713525.528645839,0.0,1,0.0,4713525.528645839,0.0,4713525.528645839,0,0.0,0.0,0.0,0.0,0.0,True,0.0,0.0
sano,458,3,223.7884018758999,134.27304112553995,12,12,35666103.3299567,35666103.3299567,22635189.998319734,139.7233950513564,0.26486789588692666,0.5288420299669833,35666103.3299567,0.5288420299669833,12,0.26486789588692666,35666103.329956695,0.2648678958869267,35666103.329956695,0,22635189.998319734,0.2648678958869267,139.72339505135636,0.5288420299669833,0.0,True,0.0,0.0
sano,459,1,33.40175412644282,20.04105247586569,1,1,4713525.528645839,4713525.528645839,0.0,0.0,0.0,0.0,4713525.528645839,0.0,1,0.0,4713525.528645839,0.0,4713525.528645839,0,0.0,0.0,0.0,0.0,0.0,True,0.0,0.0
sano,461,2,95.24836301411443,57.149017808468656,12,12,15845687.200779548,15845687.200779548,8244815.504456746,50.89392286701696,0.016193456487530174,0.09495002763573762,15845687.200779548,0.09495002763573762,12,0.016193456487530174,15845687.200779542,0.016193456487530174,15845687.200779542,0,8244815.504456747,0.016193456487530174,50.89392286701696,0.09495002763573762,0.0,True,0.0,0.0
sano,462,1,123.5307266757886,74.11843600547316,1,1,4713525.528645839,4713525.528645839,0.0,0.0,0.0,0.0,4713525.528645839,0.0,1,0.0,4713525.528645839,0.0,4713525.528645839,0,0.0,0.0,0.0,0.0,0.0,True,0.0,0.0
sano,463,1,36.27239779797833,21.763438678786997,1,1,4713525.528645839,4713525.528645839,0.0,0.0,0.0,0.0,4713525.528645839,0.0,1,0.0,4713525.528645839,0.0,4713525.528645839,0,0.0,0.0,0.0,0.0,0.0,True,0.0,0.0
sano,464,2,23.562061818805216,14.13723709128313,12,12,13802496.7150676,13802496.7150676,6748319.294292438,41.65629194007677,0.0004876353938579623,0.014906657285739913,13802496.7150676,0.014906657285739913,12,0.0004876353938579623,13802496.7150676,0.0004876353938579624,13802496.7150676,0,6748319.294292438,0.0004876353938579624,41.65629194007678,0.014906657285739913,0.0,True,0.0,0.0
sano,465,1,103.20970027217834,61.925820163307,1,1,4713525.528645839,4713525.528645839,0.0,0.0,0.0,0.0,4713525.528645839,0.0,1,0.0,4713525.528645839,0.0,4713525.528645839,0,0.0,0.0,0.0,0.0,0.0,True,0.0,0.0
sano,466,2,60.78519394890254,36.47111636934152,12,12,7352534.008764607,7352534.008764607,1956180.2612332522,12.075186797736125,0.002584064203498325,0.01847527584642839,7352534.008764607,0.01847527584642839,12,0.002584064203498325,7352534.008764607,0.0025840642034983246,7352534.008764607,0,1956180.2612332522,0.0025840642034983246,12.075186797736125,0.01847527584642839,0.0,True,0.0,0.0
sano,467,1,69.63290646749766,41.77974388049859,1,1,4713525.528645839,4713525.528645839,0.0,0.0,0.0,0.0,4713525.528645839,0.0,1,0.0,4713525.528645839,0.0,4713525.528645839,0,0.0,0.0,0.0,0.0,0.0,True,0.0,0.0
sano,468,2,80.41762531371002,48.25057518822601,12,12,13770299.626815237,13770299.626815237,6691929.784290676,41.30820854500417,0.025177320218835647,0.10666336600872385,13770299.626815237,0.10666336600872385,12,0.025177320218835647,13770299.626815239,0.025177320218835647,13770299.626815239,0,6691929.784290676,0.025177320218835647,41.30820854500417,0.10666336600872385,0.0,True,0.0,0.0
sano,469,1,35.04852755385766,21.029116532314596,1,1,4713525.528645839,4713525.528645839,0.0,0.0,0.0,0.0,4713525.528645839,0.0,1,0.0,4713525.528645839,0.0,4713525.528645839,0,0.0,0.0,0.0,0.0,0.0,True,0.0,0.0
sano,470,1,137.08992139190724,82.25395283514435,1,1,4713525.528645839,4713525.528645839,0.0,0.0,0.0,0.0,4713525.528645839,0.0,1,0.0,4713525.528645839,0.0,4713525.528645839,0,0.0,0.0,0.0,0.0,0.0,True,0.0,0.0
sano,471,1,76.83484885341394,46.100909312048366,1,1,4713525.528645839,4713525.528645839,0.0,0.0,0.0,0.0,4713525.528645839,0.0,1,0.0,4713525.528645839,0.0,4713525.528645839,0,0.0,0.0,0.0,0.0,0.0,True,0.0,0.0
sano,472,1,106.77929974884242,64.06757984930545,1,1,4713525.528645839,4713525.528645839,0.0,0.0,0.0,0.0,4713525.528645839,0.0,1,0.0,4713525.528645839,0.0,4713525.528645839,0,0.0,0.0,0.0,0.0,0.0,True,0.0,0.0
sano,473,2,112.06092447510407,67.23655468506244,12,12,9880259.426613059,9880259.426613059,3805492.134514244,23.49069218835953,0.02359000069235546,0.07785817800627387,9880259.426613059,0.07785817800627387,12,0.02359000069235546,9880259.426613057,0.02359000069235546,9880259.426613057,0,3805492.1345142443,0.02359000069235546,23.49069218835953,0.07785817800627387,0.0,True,0.0,0.0
sano,474,1,57.61397472791701,34.568384836750205,1,1,4713525.528645839,4713525.528645839,0.0,0.0,0.0,0.0,4713525.528645839,0.0,1,0.0,4713525.528645839,0.0,4713525.528645839,0,0.0,0.0,0.0,0.0,0.0,True,0.0,0.0
sano,475,1,43.10090384913056,25.860542309478337,1,1,4713525.528645839,4713525.528645839,0.0,0.0,0.0,0.0,4713525.528645839,0.0,1,0.0,4713525.528645839,0.0,4713525.528645839,0,0.0,0.0,0.0,0.0,0.0,True,0.0,0.0
sano,476,1,31.49872165315571,18.899232991893424,1,1,4713525.528645839,4713525.528645839,0.0,0.0,0.0,0.0,4713525.528645839,0.0,1,0.0,4713525.528645839,0.0,4713525.528645839,0,0.0,0.0,0.0,0.0,0.0,True,0.0,0.0
sano,477,2,94.80836698908966,56.88502019345379,12,12,19329446.15867824,19329446.15867824,10827139.960492557,66.83419728699108,0.019628984505226096,0.11979553648193111,19329446.15867824,0.11979553648193111,12,0.019628984505226096,19329446.158678245,0.019628984505226092,19329446.158678245,0,10827139.960492559,0.019628984505226092,66.8341972869911,0.11979553648193111,0.0,True,0.0,0.0
sano,478,1,120.78476274654209,72.47085764792524,1,1,4713525.528645839,4713525.528645839,0.0,0.0,0.0,0.0,4713525.528645839,0.0,1,0.0,4713525.528645839,0.0,4713525.528645839,0,0.0,0.0,0.0,0.0,0.0,True,0.0,0.0
sano,479,3,156.74523952163017,94.04714371297808,12,12,15780596.547209434,15780596.547209434,8033600.488841023,49.59012647432729,0.1400018401020904,0.23361867960213942,15780596.547209434,0.23361867960213942,12,0.1400018401020904,15780596.54720943,0.1400018401020904,15780596.54720943,0,8033600.488841021,0.1400018401020904,49.59012647432729,0.23361867960213942,0.0,True,0.0,0.0
sano,480,1,86.51399108177586,51.908394649065514,1,1,4713525.528645839,4713525.528645839,0.0,0.0,0.0,0.0,4713525.528645839,0.0,1,0.0,4713525.528645839,0.0,4713525.528645839,0,0.0,0.0,0.0,0.0,0.0,True,0.0,0.0
sano,481,1,125.14058508220424,75.08435104932254,1,1,4713525.528645839,4713525.528645839,0.0,0.0,0.0,0.0,4713525.528645839,0.0,1,0.0,4713525.528645839,0.0,4713525.528645839,0,0.0,0.0,0.0,0.0,0.0,True,0.0,0.0
sano,482,1,147.62304151939537,88.57382491163722,1,1,4713525.528645839,4713525.528645839,0.0,0.0,0.0,0.0,4713525.528645839,0.0,1,0.0,4713525.528645839,0.0,4713525.528645839,0,0.0,0.0,0.0,0.0,0.0,True,0.0,0.0
sano,483,1,66.26614121593309,39.75968472955985,1,1,4713525.528645839,4713525.528645839,0.0,0.0,0.0,0.0,4713525.528645839,0.0,1,0.0,4713525.528645839,0.0,4713525.528645839,0,0.0,0.0,0.0,0.0,0.0,True,0.0,0.0
sano,484,1,23.15529525569725,13.89317715341835,1,1,4713525.528645839,4713525.528645839,0.0,0.0,0.0,0.0,4713525.528645839,0.0,1,0.0,4713525.528645839,0.0,4713525.528645839,0,0.0,0.0,0.0,0.0,0.0,True,0.0,0.0
sano,485,2,158.9680599516783,95.38083597100697,12,12,14873270.48140346,14873270.48140346,7466296.276650075,46.08824862129677,0.059106983751864774,0.17262625696708844,14873270.48140346,0.17262625696708844,12,0.059106983751864774,14873270.481403459,0.05910698375186479,14873270.481403459,0,7466296.276650077,0.05910698375186479,46.08824862129677,0.17262625696708844,0.0,True,0.0,0.0
sano,486,2,47.111961018758635,28.267176611255177,12,12,14116413.151097924,14116413.151097924,6971158.820788787,43.03184457277029,0.008284253527050674,0.062447351585032174,14116413.151097924,0.062447351585032174,12,0.008284253527050674,14116413.151097924,0.008284253527050674,14116413.151097924,0,6971158.820788787,0.008284253527050674,43.03184457277029,0.062447351585032174,0.0,True,0.0,0.0
sano,487,1,24.47633933901333,14.685803603407997,1,1,4713525.528645839,4713525.528645839,0.0,0.0,0.0,0.0,4713525.528645839,0.0,1,0.0,4713525.528645839,0.0,4713525.528645839,0,0.0,0.0,0.0,0.0,0.0,True,0.0,0.0
sano,488,2,146.6317971980576,87.97907831883455,12,12,12334995.87198112,12334995.87198112,5570949.067667784,34.38857449177646,0.06713881650808239,0.15892282628050447,12334995.87198112,0.15892282628050447,12,0.06713881650808239,12334995.871981122,0.06713881650808237,12334995.871981122,0,5570949.067667785,0.06713881650808237,34.38857449177645,0.15892282628050447,0.0,True,0.0,0.0
sano,489,1,49.55649388105324,29.733896328631943,1,1,4713525.528645839,4713525.528645839,0.0,0.0,0.0,0.0,4713525.528645839,0.0,1,0.0,4713525.528645839,0.0,4713525.528645839,0,0.0,0.0,0.0,0.0,0.0,True,0.0,0.0
sano,490,1,53.88429950764784,32.3305797045887,1,1,4713525.528645839,4713525.528645839,0.0,0.0,0.0,0.0,4713525.528645839,0.0,1,0.0,4713525.528645839,0.0,4713525.528645839,0,0.0,0.0,0.0,0.0,0.0,True,0.0,0.0
