city,cluster,terminals,raw_kw,coinc_kw,n_s1,n_s1_feas,s1_npc_mean,s1_npc_feas_mean,s1_capex_mean,s1_length_mean,s1_plkw_mean,s1_vdrop_max,s1cond_npc_mean,s1cond_vdrop_max,n_s1cond_feas,s1cond_plkw_mean,s2f_npc,s2f_plkw,s2_npc,s2_w,s2_capex,s2_plkw,s2_length,s2_vdrop,s2_upsize_m,s2_feasible,vof_mean,tld
sano,0,1,123.47208798003354,86.43046158602347,1,1,4713525.528645839,4713525.528645839,0.0,0.0,0.0,0.0,4713525.528645839,0.0,1,0.0,4713525.528645839,0.0,4713525.528645839,0,0.0,0.0,0.0,0.0,0.0,True,0.0,0.0
sano,2,3,159.0808240675916,111.35657684731412,12,12,28947490.74938358,28947490.74938358,17731261.34340867,109.45223051486828,0.20030674885399732,0.3019224830709516,28947490.74938358,0.3019224830709516,12,0.20030674885399732,28947490.749383584,0.20030674885399732,28947490.749383584,0,17731261.343408667,0.20030674885399732,109.45223051486829,0.3019224830709516,0.0,True,0.0,0.0
sano,3,3,199.21653798545057,139.4515765898154,12,12,15354186.145576661,15354186.145576661,7555175.351438026,46.63688488541991,0.26298498707937995,0.2184798018674309,15354186.145576661,0.2184798018674309,12,0.26298498707937995,15354186.145576663,0.26298498707937995,15354186.145576663,0,7555175.351438024,0.26298498707937995,46.6368848854199,0.2184798018674309,0.0,False,0.0,0.0
sano,4,2,78.01019662534486,54.607137637741396,12,12,6494593.080005896,6494593.080005896,1319093.0167317113,8.142549485998218,0.002605631335768076,0.015234529288804059,6494593.080005896,0.015234529288804059,12,0.002605631335768076,6494593.080005896,0.0026056313357680754,6494593.080005896,0,1319093.0167317113,0.0026056313357680754,8.142549485998218,0.015234529288804059,0.0,True,0.0,0.0
sano,5,2,53.41369613388528,37.3895872937197,12,12,12750406.481397897,12750406.481397897,5949137.807744152,36.72307288730958,0.014137844245181936,0.0753621805959189,12750406.481397897,0.0753621805959189,12,0.014137844245181936,12750406.481397897,0.014137844245181936,12750406.481397897,0,5949137.807744152,0.014137844245181936,36.72307288730958,0.0753621805959189,0.0,True,0.0,0.0
sano,6,1,39.48021992074765,27.636153944523354,1,1,4713525.528645839,4713525.528645839,0.0,0.0,0.0,0.0,4713525.528645839,0.0,1,0.0,4713525.528645839,0.0,4713525.528645839,0,0.0,0.0,0.0,0.0,0.0,True,0.0,0.0
sano,7,1,49.57054438028701,34.69938106620091,1,1,4713525.528645839,4713525.528645839,0.0,0.0,0.0,0.0,4713525.528645839,0.0,1,0.0,4713525.528645839,0.0,4713525.528645839,0,0.0,0.0,0.0,0.0,0.0,True,0.0,0.0
sano,8,2,220.33613789145662,154.23529652401962,12,12,18219814.63052538,18219814.63052538,9668923.021714317,59.684710010582215,0.2737082340304963,0.42273463156435825,18219814.63052538,0.42273463156435825,12,0.2737082340304963,18219814.63052538,0.27370823403049627,18219814.63052538,0,9668923.021714319,0.27370823403049627,59.684710010582215,0.42273463156435825,0.0,False,0.0,0.0
sano,9,4,201.59418713838258,141.1159309968678,12,12,41907175.24000882,41907175.24000882,26820625.48890538,165.55941659818134,0.6060314604736511,0.6625207925391696,41907175.24000882,0.6625207925391696,12,0.6060314604736511,41907175.24000882,0.6060314604736512,41907175.24000882,0,26820625.48890538,0.6060314604736512,165.55941659818137,0.6625207925391696,0.0,False,0.0,0.0
sano,11,3,88.64102534779732,62.048717743458134,12,12,16359246.555208867,16359246.555208867,8588703.799521053,53.01669012050032,0.044661154613559906,0.08741763556538254,16359246.555208867,0.08741763556538254,12,0.044661154613559906,16359246.55520887,0.044661154613559906,16359246.55520887,0,8588703.799521051,0.044661154613559906,53.016690120500314,0.08741763556538254,0.0,True,0.0,0.0
sano,12,2,73.19758599839429,51.238310198876,12,12,15527994.540624915,15527994.540624915,8015828.8138849465,49.480424777067576,0.010937998970827272,0.07694457430179007,15527994.540624915,0.07694457430179007,12,0.010937998970827272,15527994.540624913,0.010937998970827272,15527994.540624913,0,8015828.813884947,0.010937998970827272,49.480424777067576,0.07694457430179007,0.0,True,0.0,0.0
sano,13,2,89.20169408121673,62.4411858568517,12,12,12980879.894263504,12980879.894263504,6114505.579121311,37.74386159951427,0.01852281872942163,0.08745186110513871,12980879.894263504,0.08745186110513871,12,0.01852281872942163,12980879.894263504,0.01852281872942163,12980879.894263504,0,6114505.579121311,0.01852281872942163,37.74386159951427,0.08745186110513871,0.0,True,0.0,0.0
sano,14,1,65.65755669212768,45.960289684489375,1,1,4713525.528645839,4713525.528645839,0.0,0.0,0.0,0.0,4713525.528645839,0.0,1,0.0,4713525.528645839,0.0,4713525.528645839,0,0.0,0.0,0.0,0.0,0.0,True,0.0,0.0
sano,15,1,66.3137310919579,46.41961176437053,1,1,4713525.528645839,4713525.528645839,0.0,0.0,0.0,0.0,4713525.528645839,0.0,1,0.0,4713525.528645839,0.0,4713525.528645839,0,0.0,0.0,0.0,0.0,0.0,True,0.0,0.0
sano,16,2,58.91667816176377,41.24167471323463,12,12,10037010.95052172,10037010.95052172,3946855.369634925,24.36330475083287,0.004611337128402793,0.03505693055800422,10037010.95052172,0.03505693055800422,12,0.004611337128402793,10037010.950521719,0.004611337128402792,10037010.950521719,0,3946855.369634925,0.004611337128402792,24.36330475083287,0.03505693055800422,0.0,True,0.0,0.0
sano,17,1,31.136799598272557,21.795759718790787,1,1,4713525.528645839,4713525.528645839,0.0,0.0,0.0,0.0,4713525.528645839,0.0,1,0.0,4713525.528645839,0.0,4713525.528645839,0,0.0,0.0,0.0,0.0,0.0,True,0.0,0.0
sano,18,2,42.45140675307432,29.715984727152023,12,12,9069037.68138848,9069037.68138848,3228616.5059021492,19.929731517914497,0.0042131471389276216,0.0303072401237584,9069037.68138848,0.0303072401237584,12,0.0042131471389276216,9069037.681388479,0.004213147138927622,9069037.681388479,0,3228616.5059021492,0.004213147138927622,19.9297315179145,0.0303072401237584,0.0,True,0.0,0.0
sano,19,1,68.06377739126289,47.64464417388402,1,1,4713525.528645839,4713525.528645839,0.0,0.0,0.0,0.0,4713525.528645839,0.0,1,0.0,4713525.528645839,0.0,4713525.528645839,0,0.0,0.0,0.0,0.0,0.0,True,0.0,0.0
sano,20,2,161.38555086305496,112.96988560413845,12,12,12409059.171943782,12409059.171943782,5617689.541521891,34.67709593532032,0.07341335428149545,0.16687883002348863,12409059.171943782,0.16687883002348863,12,0.07341335428149545,12409059.171943782,0.07341335428149547,12409059.171943782,0,5617689.541521891,0.07341335428149547,34.67709593532032,0.16687883002348863,0.0,True,0.0,0.0
sano,21,2,229.0067546671159,160.3047282669811,12,12,13153686.076818615,13153686.076818615,5859311.838726447,36.16859159707684,0.3100322839567367,0.35023666691120275,13153686.076818615,0.35023666691120275,12,0.3100322839567367,13153686.076818615,0.31003228395673665,13153686.076818615,0,5859311.838726448,0.31003228395673665,36.16859159707684,0.35023666691120275,0.0,False,0.0,0.0
sano,22,2,138.2393842889484,96.76756900226387,12,12,10012813.986330902,10012813.986330902,3926659.384968744,24.23863817881941,0.006305373421500157,0.04088856473910909,10012813.986330902,0.04088856473910909,12,0.006305373421500157,10012813.986330904,0.006305373421500157,10012813.986330904,0,3926659.3849687446,0.006305373421500157,24.23863817881941,0.04088856473910909,0.0,True,0.0,0.0
sano,23,2,80.96012984500842,56.67209089150589,12,12,11280315.379463643,11280315.379463643,4839156.092093245,29.871333901810157,0.028104411544214617,0.09583119613629705,11280315.379463643,0.09583119613629705,12,0.028104411544214617,11280315.379463643,0.02810441154421462,11280315.379463643,0,4839156.092093245,0.02810441154421462,29.871333901810157,0.09583119613629705,0.0,True,0.0,0.0
sano,24,2,172.21205359113947,120.54843751379762,12,12,57494249.65542069,57494249.65542069,37949038.13804924,234.25332183981016,0.9447936324356597,1.5559789250682783,57494249.65542069,1.5559789250682783,12,0.9447936324356597,57494249.6554207,0.9447936324356597,57494249.6554207,0,37949038.13804924,0.9447936324356597,234.2533218398101,1.5559789250682783,0.0,True,0.0,0.0
sano,25,1,125.14058508220424,87.59840955754296,1,1,4713525.528645839,4713525.528645839,0.0,0.0,0.0,0.0,4713525.528645839,0.0,1,0.0,4713525.528645839,0.0,4713525.528645839,0,0.0,0.0,0.0,0.0,0.0,True,0.0,0.0
sano,26,2,143.85411723083396,100.69788206158377,12,12,12567283.911282351,12567283.911282351,5706653.25586396,35.22625466582691,0.09509555808251753,0.1914281064727714,12567283.911282351,0.1914281064727714,12,0.09509555808251753,12567283.91128235,0.09509555808251753,12567283.91128235,0,5706653.25586396,0.09509555808251753,35.226254665826914,0.1914281064727714,0.0,True,0.0,0.0
sano,27,1,73.74467154213171,51.6212700794922,1,1,4713525.528645839,4713525.528645839,0.0,0.0,0.0,0.0,4713525.528645839,0.0,1,0.0,4713525.528645839,0.0,4713525.528645839,0,0.0,0.0,0.0,0.0,0.0,True,0.0,0.0
sano,28,1,147.40554081716493,103.18387857201544,1,1,4713525.528645839,4713525.528645839,0.0,0.0,0.0,0.0,4713525.528645839,0.0,1,0.0,4713525.528645839,0.0,4713525.528645839,0,0.0,0.0,0.0,0.0,0.0,True,0.0,0.0
sano,29,1,89.13983633699763,62.39788543589834,1,1,4713525.528645839,4713525.528645839,0.0,0.0,0.0,0.0,4713525.528645839,0.0,1,0.0,4713525.528645839,0.0,4713525.528645839,0,0.0,0.0,0.0,0.0,0.0,True,0.0,0.0
sano,30,2,121.80514525221696,85.26360167655186,12,12,11779334.754052324,11779334.754052324,5181609.604889325,31.985244474625464,0.04945612433842491,0.13154587363595416,11779334.754052324,0.13154587363595416,12,0.04945612433842491,11779334.754052324,0.0494561243384249,11779334.754052324,0,5181609.604889325,0.0494561243384249,31.985244474625464,0.13154587363595416,0.0,True,0.0,0.0
sano,31,2,51.462941169660986,36.02405881876269,12,12,13071509.81803999,13071509.81803999,6202238.15309536,38.285420698119495,0.0029893240447928997,0.035383074109915265,13071509.81803999,0.035383074109915265,12,0.0029893240447928997,13071509.818039991,0.0029893240447928997,13071509.818039991,0,6202238.153095359,0.0029893240447928997,38.2854206981195,0.035383074109915265,0.0,True,0.0,0.0
sano,32,3,88.92135352747405,62.24494746923184,12,12,84033800.7483916,84033800.7483916,58598266.558785796,361.7176948073198,0.22843275874895352,0.9462018239769077,84033800.7483916,0.9462018239769077,12,0.22843275874895352,84033800.74839158,0.2284327587489535,84033800.74839158,0,58598266.558785796,0.2284327587489535,361.7176948073198,0.9462018239769077,0.0,True,0.0,0.0
sano,33,5,123.89368658523912,86.72558060966739,12,12,26276150.758082543,26276150.758082543,15781610.410086878,97.41734821041285,0.17451130533300732,0.4432928628909755,26276150.758082543,0.4432928628909755,12,0.17451130533300732,26129947.714429785,0.13433166587494688,26129947.714429785,0,15725908.564808914,0.13433166587494688,97.0735096593143,0.2529967798795232,0.0,True,146203.04365275428,0.33333333333333337
sano,34,1,11.02398951117607,7.716792657823249,1,1,4713525.528645839,4713525.528645839,0.0,0.0,0.0,0.0,4713525.528645839,0.0,1,0.0,4713525.528645839,0.0,4713525.528645839,0,0.0,0.0,0.0,0.0,0.0,True,0.0,0.0
sano,35,2,85.39988980129836,59.77992286090884,12,12,26518799.628937308,26518799.628937308,16052836.941364191,99.09158605780362,0.10530405792811832,0.3378572913994013,26518799.628937308,0.3378572913994013,12,0.10530405792811832,26518799.62893731,0.10530405792811832,26518799.62893731,0,16052836.941364188,0.10530405792811832,99.09158605780362,0.3378572913994013,0.0,True,0.0,0.0
sano,36,2,85.78660684184527,60.05062478929169,12,12,6761188.378997712,6761188.378997712,1508569.9421626779,9.312160136806655,0.00905273293815298,0.030367387038826386,6761188.378997712,0.030367387038826386,12,0.00905273293815298,6761188.378997711,0.00905273293815298,6761188.378997711,0,1508569.942162678,0.00905273293815298,9.312160136806655,0.030367387038826386,0.0,True,0.0,0.0
sano,37,3,237.03377400378548,165.9236418026498,12,12,34135670.69490845,34135670.69490845,21399971.544577453,132.09858978134233,0.33997043125355014,0.6325488850389687,34135670.69490845,0.6325488850389687,12,0.33997043125355014,34135670.69490845,0.3399704312535501,34135670.69490845,0,21399971.544577457,0.3399704312535501,132.09858978134233,0.6325488850389687,0.0,False,0.0,0.0
sano,38,1,5.518538686146353,3.8629770803024464,1,1,4713525.528645839,4713525.528645839,0.0,0.0,0.0,0.0,4713525.528645839,0.0,1,0.0,4713525.528645839,0.0,4713525.528645839,0,0.0,0.0,0.0,0.0,0.0,True,0.0,0.0
sano,39,2,90.41167710152908,63.28817397107035,12,12,16405551.267651983,16405551.267651983,8644784.348786611,53.36286635053465,0.02816886256148603,0.12823204922875583,16405551.267651983,0.12823204922875583,12,0.02816886256148603,16405551.267651986,0.02816886256148603,16405551.267651986,0,8644784.348786613,0.02816886256148603,53.36286635053465,0.12823204922875583,0.0,True,0.0,0.0
sano,40,2,205.8580979923624,144.10066859465365,12,12,11134692.336886954,11134692.336886954,4668718.68474727,28.819251140415247,0.07546370098909604,0.154242035764186,11134692.336886954,0.154242035764186,12,0.07546370098909604,11134692.336886952,0.07546370098909602,11134692.336886952,0,4668718.68474727,0.07546370098909602,28.819251140415247,0.154242035764186,0.0,False,0.0,0.0
sano,41,1,58.383175665795335,40.868222966056734,1,1,4713525.528645839,4713525.528645839,0.0,0.0,0.0,0.0,4713525.528645839,0.0,1,0.0,4713525.528645839,0.0,4713525.528645839,0,0.0,0.0,0.0,0.0,0.0,True,0.0,0.0
sano,42,2,57.93634912903919,40.55544439032743,12,12,5629784.291801371,5629784.291801371,679683.0847169535,4.195574597018231,0.0005163748147183146,0.004868224550791637,5629784.291801371,0.004868224550791637,12,0.0005163748147183146,5629784.291801371,0.0005163748147183147,5629784.291801371,0,679683.0847169536,0.0005163748147183147,4.195574597018232,0.004868224550791637,0.0,True,0.0,0.0
sano,43,3,134.50066398786953,94.15046479150867,12,12,25063294.05459417,25063294.05459417,14846429.894836873,91.64462898047452,0.20079670053194618,0.3000359457580359,25063294.05459417,0.3000359457580359,12,0.20079670053194618,25063294.05459417,0.20079670053194615,25063294.05459417,0,14846429.894836873,0.20079670053194615,91.64462898047452,0.3000359457580359,0.0,True,0.0,0.0
sano,44,1,126.62637092211358,88.6384596454795,1,1,4713525.528645839,4713525.528645839,0.0,0.0,0.0,0.0,4713525.528645839,0.0,1,0.0,4713525.528645839,0.0,4713525.528645839,0,0.0,0.0,0.0,0.0,0.0,True,0.0,0.0
sano,45,2,153.54701747851567,107.48291223496095,12,12,26883923.839297112,26883923.839297112,16025001.62355653,98.91976310837366,0.3325433713051974,0.5998712306299957,26883923.839297112,0.5998712306299957,12,0.3325433713051974,26883923.83929711,0.33254337130519734,26883923.83929711,0,16025001.623556532,0.33254337130519734,98.91976310837366,0.5998712306299957,0.0,True,0.0,0.0
sano,46,1,74.53793612578636,52.17655528805045,1,1,4713525.528645839,4713525.528645839,0.0,0.0,0.0,0.0,4713525.528645839,0.0,1,0.0,4713525.528645839,0.0,4713525.528645839,0,0.0,0.0,0.0,0.0,0.0,True,0.0,0.0
sano,47,2,98.29923077042162,68.80946153929513,12,12,17396644.928700555,17396644.928700555,9386883.392896965,57.94372464751212,0.023480193925042924,0.12199622617818554,17396644.928700555,0.12199622617818554,12,0.023480193925042924,17396644.92870055,0.023480193925042924,17396644.92870055,0,9386883.392896965,0.023480193925042924,57.94372464751213,0.12199622617818554,0.0,True,0.0,0.0
sano,48,1,49.55649388105324,34.689545716737264,1,1,4713525.528645839,4713525.528645839,0.0,0.0,0.0,0.0,4713525.528645839,0.0,1,0.0,4713525.528645839,0.0,4713525.528645839,0,0.0,0.0,0.0,0.0,0.0,True,0.0,0.0
sano,49,2,80.46687696419228,56.32681387493459,12,12,17866468.735136356,17866468.735136356,9764159.611850936,60.27259019661073,0.0018844394329383882,0.03524872171501596,17866468.735136356,0.03524872171501596,12,0.0018844394329383882,17866468.735136356,0.0018844394329383882,17866468.735136356,0,9764159.611850938,0.0018844394329383882,60.27259019661072,0.03524872171501596,0.0,True,0.0,0.0
sano,50,1,43.55205196936814,30.486436378557695,1,1,4713525.528645839,4713525.528645839,0.0,0.0,0.0,0.0,4713525.528645839,0.0,1,0.0,4713525.528645839,0.0,4713525.528645839,0,0.0,0.0,0.0,0.0,0.0,True,0.0,0.0
sano,51,2,112.55549798141813,78.78884858699269,12,12,5840855.37120562,5840855.37120562,831641.0974744557,5.133587021447257,0.004143271568444172,0.015253675971538455,5840855.37120562,0.015253675971538455,12,0.004143271568444172,5840855.371205619,0.004143271568444173,5840855.371205619,0,831641.0974744557,0.004143271568444173,5.133587021447258,0.015253675971538455,0.0,True,0.0,0.0
sano,52,1,46.79993293861144,32.75995305702801,1,1,4713525.528645839,4713525.528645839,0.0,0.0,0.0,0.0,4713525.528645839,0.0,1,0.0,4713525.528645839,0.0,4713525.528645839,0,0.0,0.0,0.0,0.0,0.0,True,0.0,0.0
sano,53,1,27.93252402529828,19.552766817708797,1,1,4713525.528645839,4713525.528645839,0.0,0.0,0.0,0.0,4713525.528645839,0.0,1,0.0,4713525.528645839,0.0,4713525.528645839,0,0.0,0.0,0.0,0.0,0.0,True,0.0,0.0
sano,54,2,57.17031774928835,40.01922242450184,12,12,10083505.982067693,10083505.982067693,3981400.668493657,24.5765473363806,0.004595608078495108,0.03514991505849083,10083505.982067693,0.03514991505849083,12,0.004595608078495108,10083505.982067695,0.004595608078495108,10083505.982067695,0,3981400.668493657,0.004595608078495108,24.5765473363806,0.03514991505849083,0.0,True,0.0,0.0
sano,55,4,261.5011091957996,183.05077643705965,12,12,32874574.72712447,32874574.72712447,19998124.897565093,123.44521541706848,0.6937461491701046,0.49460883456433824,32874574.72712447,0.49460883456433824,12,0.6937461491701046,32874574.727124482,0.6937461491701045,32874574.727124482,0,19998124.89756509,0.6937461491701045,123.44521541706845,0.49460883456433824,0.0,False,0.0,0.0
sano,56,3,79.83965479560305,55.887758356922134,12,12,9858064.491263626,9858064.491263626,3802707.6309465994,23.4735038947321,0.013179382541721707,0.03850151003719508,9858064.491263626,0.03850151003719508,12,0.013179382541721707,9858064.491263624,0.013179382541721706,9858064.491263624,0,3802707.6309466,0.013179382541721706,23.473503894732097,0.03850151003719508,0.0,True,0.0,0.0
sano,57,3,230.23738176227945,161.1661672335956,12,12,21899226.477639552,21899226.477639552,12099339.341937272,74.68727988850165,0.5030398930588244,0.4430597040883155,21899226.477639552,0.4430597040883155,12,0.5030398930588244,21899226.47763955,0.5030398930588244,21899226.47763955,0,12099339.34193727,0.5030398930588244,74.68727988850166,0.4430597040883155,0.0,False,0.0,0.0
sano,58,2,86.09248077880478,60.264736545163345,12,12,11347145.805565389,11347145.805565389,4906436.25964293,30.286643578042785,0.014684197614415967,0.06974981114969774,11347145.805565389,0.06974981114969774,12,0.014684197614415967,11347145.805565389,0.014684197614415966,11347145.805565389,0,4906436.259642931,0.014684197614415966,30.28664357804278,0.06974981114969774,0.0,True,0.0,0.0
sano,59,1,77.84710106482542,54.4929707453778,1,1,4713525.528645839,4713525.528645839,0.0,0.0,0.0,0.0,4713525.528645839,0.0,1,0.0,4713525.528645839,0.0,4713525.528645839,0,0.0,0.0,0.0,0.0,0.0,True,0.0,0.0
sano,60,1,8.951912237985947,6.2663385665901625,1,1,4713525.528645839,4713525.528645839,0.0,0.0,0.0,0.0,4713525.528645839,0.0,1,0.0,4713525.528645839,0.0,4713525.528645839,0,0.0,0.0,0.0,0.0,0.0,True,0.0,0.0
sano,62,3,113.47342133317653,79.43139493322357,12,12,28056930.458864387,28056930.458864387,17160046.57846165,105.92621344729416,0.1318471881139148,0.2229596385491766,28056930.458864387,0.2229596385491766,12,0.1318471881139148,28056930.458864383,0.13184718811391483,28056930.458864383,0,17160046.578461654,0.13184718811391483,105.92621344729415,0.2229596385491766,0.0,True,0.0,0.0
sano,63,3,207.83063368653933,145.48144358057752,12,12,15030357.796584716,15030357.796584716,7381404.27213882,45.56422390209149,0.2122965576316199,0.21781305730032677,15030357.796584716,0.21781305730032677,12,0.2122965576316199,15030357.79658471,0.21229655763161992,15030357.79658471,0,7381404.272138821,0.21229655763161992,45.564223902091484,0.21781305730032677,0.0,False,0.0,0.0
sano,64,1,52.89810313234322,37.02867219264025,1,1,4713525.528645839,4713525.528645839,0.0,0.0,0.0,0.0,4713525.528645839,0.0,1,0.0,4713525.528645839,0.0,4713525.528645839,0,0.0,0.0,0.0,0.0,0.0,True,0.0,0.0
sano,65,1,56.89393324832911,39.82575327383038,1,1,4713525.528645839,4713525.528645839,0.0,0.0,0.0,0.0,4713525.528645839,0.0,1,0.0,4713525.528645839,0.0,4713525.528645839,0,0.0,0.0,0.0,0.0,0.0,True,0.0,0.0
sano,66,2,81.30188244959638,56.911317714717455,12,12,15300327.670433871,15300327.670433871,7835438.438029095,48.366903938451195,0.01955589948710013,0.10171977593159287,15300327.670433871,0.10171977593159287,12,0.01955589948710013,15300327.670433868,0.01955589948710013,15300327.670433868,0,7835438.438029095,0.01955589948710013,48.3669039384512,0.10171977593159287,0.0,True,0.0,0.0
sano,67,2,40.984773911238385,28.689341737866872,12,12,33461359.24937862,33461359.24937862,21342489.042864706,131.74375952385617,0.0030722011752982135,0.06653990926030222,33461359.24937862,0.06653990926030222,12,0.0030722011752982135,33461359.24937862,0.0030722011752982135,33461359.24937862,0,21342489.042864703,0.0030722011752982135,131.74375952385617,0.06653990926030222,0.0,True,0.0,0.0
sano,68,1,95.36626409661191,66.75638486762834,1,1,4713525.528645839,4713525.528645839,0.0,0.0,0.0,0.0,4713525.528645839,0.0,1,0.0,4713525.528645839,0.0,4713525.528645839,0,0.0,0.0,0.0,0.0,0.0,True,0.0,0.0
sano,69,5,152.2561096280973,106.5792767396681,12,12,22278959.257651273,22278959.257651273,12790139.802721145,78.95148026371078,0.19228275715755008,0.3118766364327158,22278959.257651273,0.3118766364327158,12,0.19228275715755008,22278959.257651277,0.19228275715755008,22278959.257651277,0,12790139.802721146,0.19228275715755008,78.95148026371078,0.3118766364327158,0.0,True,0.0,0.0
sano,70,1,74.65842573027452,52.26089801119216,1,1,4713525.528645839,4713525.528645839,0.0,0.0,0.0,0.0,4713525.528645839,0.0,1,0.0,4713525.528645839,0.0,4713525.528645839,0,0.0,0.0,0.0,0.0,0.0,True,0.0,0.0
sano,71,1,32.93190212889061,23.052331490223427,1,1,4713525.528645839,4713525.528645839,0.0,0.0,0.0,0.0,4713525.528645839,0.0,1,0.0,4713525.528645839,0.0,4713525.528645839,0,0.0,0.0,0.0,0.0,0.0,True,0.0,0.0
sano,72,2,171.3556811922017,119.94897683454117,12,12,20963644.94222078,20963644.94222078,11782468.103812331,72.73128459143415,0.2158408048086979,0.41440001024139006,20963644.94222078,0.41440001024139006,12,0.2158408048086979,20963644.94222078,0.21584080480869788,20963644.94222078,0,11782468.103812331,0.21584080480869788,72.73128459143415,0.41440001024139006,0.0,True,0.0,0.0
sano,73,1,59.2327558327077,41.46292908289539,1,1,4713525.528645839,4713525.528645839,0.0,0.0,0.0,0.0,4713525.528645839,0.0,1,0.0,4713525.528645839,0.0,4713525.528645839,0,0.0,0.0,0.0,0.0,0.0,True,0.0,0.0
sano,74,1,30.21285759740553,21.14900031818387,1,1,4713525.528645839,4713525.528645839,0.0,0.0,0.0,0.0,4713525.528645839,0.0,1,0.0,4713525.528645839,0.0,4713525.528645839,0,0.0,0.0,0.0,0.0,0.0,True,0.0,0.0
sano,75,1,14.491012627382126,10.143708839167488,1,1,4713525.528645839,4713525.528645839,0.0,0.0,0.0,0.0,4713525.528645839,0.0,1,0.0,4713525.528645839,0.0,4713525.528645839,0,0.0,0.0,0.0,0.0,0.0,True,0.0,0.0
sano,76,1,19.662829012763464,13.763980308934423,1,1,4713525.528645839,4713525.528645839,0.0,0.0,0.0,0.0,4713525.528645839,0.0,1,0.0,4713525.528645839,0.0,4713525.528645839,0,0.0,0.0,0.0,0.0,0.0,True,0.0,0.0
sano,77,1,36.05256500188613,25.23679550132029,1,1,4713525.528645839,4713525.528645839,0.0,0.0,0.0,0.0,4713525.528645839,0.0,1,0.0,4713525.528645839,0.0,4713525.528645839,0,0.0,0.0,0.0,0.0,0.0,True,0.0,0.0
sano,78,3,155.2313838398494,108.66196868789456,12,12,20218873.849552874,20218873.849552874,11292984.745595274,69.7097823802177,0.16754199117064336,0.34457203237685574,20218873.849552874,0.34457203237685574,12,0.16754199117064336,20218873.849552874,0.1675419911706434,20218873.849552874,0,11292984.745595273,0.1675419911706434,69.70978238021772,0.34457203237685574,0.0,True,0.0,0.0
sano,79,3,168.40814196093365,117.88569937265353,12,12,10659860.149011005,10659860.149011005,4356028.582036361,26.88906532121211,0.04514014430685485,0.11384615481929564,10659860.149011005,0.11384615481929564,12,0.04514014430685485,10659860.149011007,0.04514014430685485,10659860.149011007,0,4356028.582036361,0.04514014430685485,26.889065321212108,0.11384615481929564,0.0,True,0.0,0.0
sano,80,3,51.48014786374875,36.03610350462412,12,12,27673008.31304663,27673008.31304663,17011718.672368173,105.01060908869248,0.027901350718405996,0.11851757977555663,27673008.31304663,0.11851757977555663,12,0.027901350718405996,27673008.313046627,0.027901350718406,27673008.313046627,0,17011718.672368176,0.027901350718406,105.01060908869246,0.11851757977555663,0.0,True,0.0,0.0
sano,81,2,186.40587790566804,130.4841145339676,12,12,5227101.244415768,5227101.244415768,377207.66129612504,2.3284423536797836,0.0031505725426108563,0.008958181133724895,5227101.244415768,0.008958181133724895,12,0.0031505725426108563,5227101.244415768,0.0031505725426108563,5227101.244415768,0,377207.66129612504,0.0031505725426108563,2.328442353679784,0.008958181133724895,0.0,True,0.0,0.0
sano,82,1,52.627107925173696,36.83897554762159,1,1,4713525.528645839,4713525.528645839,0.0,0.0,0.0,0.0,4713525.528645839,0.0,1,0.0,4713525.528645839,0.0,4713525.528645839,0,0.0,0.0,0.0,0.0,0.0,True,0.0,0.0
sano,83,2,156.54083155797315,109.5785820905812,12,12,17170658.122301046,17170658.122301046,9143094.863308622,56.43885718091743,0.08123587324040271,0.22395222663658337,17170658.122301046,0.22395222663658337,12,0.08123587324040271,17170658.12230105,0.08123587324040271,17170658.12230105,0,9143094.863308622,0.08123587324040271,56.43885718091742,0.22395222663658337,0.0,True,0.0,0.0
sano,84,3,173.01592816228163,121.11114971359711,12,12,21485951.26553363,21485951.26553363,12143821.550559765,74.96186142320845,0.23596999551083145,0.41005099793178945,21485951.26553363,0.41005099793178945,12,0.23596999551083145,21485951.265533634,0.23596999551083145,21485951.265533634,0,12143821.550559767,0.23596999551083145,74.96186142320845,0.41005099793178945,0.0,True,0.0,0.0
sano,85,4,444.4417255382157,311.10920787675093,12,12,44544247.72586821,44544247.72586821,27856312.363088083,171.95254545116106,1.3071984059135175,0.8983181813913808,44544247.72586821,0.8983181813913808,12,1.3071984059135175,44544247.7258682,1.3071984059135175,44544247.7258682,0,27856312.363088086,1.3071984059135175,171.95254545116103,0.8983181813913808,0.0,False,0.0,0.0
sano,86,3,235.9895925400619,165.19271477804332,12,12,43213130.6607164,43213130.6607164,27816161.21423875,171.70469885332565,0.5864157825339307,0.5999826233970337,43213130.6607164,0.5999826233970337,12,0.5864157825339307,43213130.66071639,0.5864157825339307,43213130.66071639,0,27816161.214238748,0.5864157825339307,171.70469885332562,0.5999826233970337,0.0,False,0.0,0.75
sano,87,3,292.06711525782987,204.44698068048086,12,12,35587776.88799883,35587776.88799883,21470092.60121317,132.53143580995786,1.1062606773431631,1.0603147297159496,35587776.88799883,1.0603147297159496,12,1.1062606773431631,35587776.88799883,1.106260677343163,35587776.88799883,0,21470092.601213172,1.106260677343163,132.53143580995786,1.0603147297159496,0.0,False,0.0,0.0
sano,88,2,26.58812640041595,18.611688480291164,12,12,13034184.63654611,13034184.63654611,6175400.6426512,38.119757053402466,0.0023218885394901767,0.03111631064361609,13034184.63654611,0.03111631064361609,12,0.0023218885394901767,13034184.636546113,0.002321888539490177,13034184.636546113,0,6175400.6426512,0.002321888539490177,38.11975705340247,0.03111631064361609,0.0,True,0.0,0.0
sano,89,1,121.42604145711908,84.99822901998336,1,1,4713525.528645839,4713525.528645839,0.0,0.0,0.0,0.0,4713525.528645839,0.0,1,0.0,4713525.528645839,0.0,4713525.528645839,0,0.0,0.0,0.0,0.0,0.0,True,0.0,0.0
sano,90,3,80.17050275509226,56.11935192856457,12,12,47847622.487120174,47847622.487120174,31909231.935623717,196.97056750385013,0.09100943709911054,0.3080104964973631,47847622.487120174,0.3080104964973631,12,0.09100943709911054,47847622.487120174,0.09100943709911052,47847622.487120174,0,31909231.93562372,0.09100943709911052,196.97056750385013,0.3080104964973631,0.0,True,0.0,0.0
sano,91,2,22.30073634315208,15.610515440206456,12,12,6201723.984507588,6201723.984507588,1104822.4303092028,6.819891545118537,0.00017510811428571543,0.003614383427200569,6201723.984507588,0.003614383427200569,12,0.00017510811428571543,6201723.984507587,0.00017510811428571543,6201723.984507587,0,1104822.430309203,0.00017510811428571543,6.819891545118537,0.003614383427200569,0.0,True,0.0,0.0
sano,92,2,190.74081225019825,133.51856857513877,12,12,21498647.711690903,21498647.711690903,11913096.423671978,73.53763224488875,0.4185123697193525,0.5802315276397771,21498647.711690903,0.5802315276397771,12,0.4185123697193525,21498647.711690903,0.4185123697193525,21498647.711690903,0,11913096.423671978,0.4185123697193525,73.53763224488875,0.5802315276397771,0.0,True,0.0,0.0
sano,93,2,52.661930741851215,36.863351519295854,12,12,14582058.341619292,14582058.341619292,7326049.004497712,45.22252471912169,0.0013458608636019948,0.025802978299497757,14582058.341619292,0.025802978299497757,12,0.0013458608636019948,14582058.341619294,0.001345860863601995,14582058.341619294,0,7326049.004497713,0.001345860863601995,45.22252471912169,0.025802978299497757,0.0,True,0.0,0.0
sano,94,1,96.2148372091525,67.35038604640675,1,1,4713525.528645839,4713525.528645839,0.0,0.0,0.0,0.0,4713525.528645839,0.0,1,0.0,4713525.528645839,0.0,4713525.528645839,0,0.0,0.0,0.0,0.0,0.0,True,0.0,0.0
sano,95,5,250.17206664414425,175.120446650901,12,12,56577551.60351813,56577551.60351813,37259511.449398525,229.9969842555465,0.9515115315467737,1.2534200311278767,56577551.60351813,1.2534200311278767,12,0.9515115315467737,55293565.942825064,1.0686257373982175,55293565.942825064,0,36152020.14757313,1.0686257373982175,223.16061819489585,1.2534200311278767,0.0,False,1283985.6606930632,0.0
sano,96,2,140.28001044042912,98.19600730830038,12,12,14579699.0104399,14579699.0104399,7259026.719298545,44.808806909250286,0.050958482263532466,0.15804555468130593,14579699.0104399,0.15804555468130593,12,0.050958482263532466,14579699.010439899,0.05095848226353245,14579699.010439899,0,7259026.719298546,0.05095848226353245,44.808806909250286,0.15804555468130593,0.0,True,0.0,0.0
sano,97,1,97.50475158416914,68.2533261089184,1,1,4713525.528645839,4713525.528645839,0.0,0.0,0.0,0.0,4713525.528645839,0.0,1,0.0,4713525.528645839,0.0,4713525.528645839,0,0.0,0.0,0.0,0.0,0.0,True,0.0,0.0
sano,98,1,35.5859887794602,24.91019214562214,1,1,4713525.528645839,4713525.528645839,0.0,0.0,0.0,0.0,4713525.528645839,0.0,1,0.0,4713525.528645839,0.0,4713525.528645839,0,0.0,0.0,0.0,0.0,0.0,True,0.0,0.0
sano,99,2,138.4351913461689,96.90463394231821,12,12,12784705.698688975,12784705.698688975,5862072.563912609,36.18563311057165,0.09967592431083806,0.19863490915894919,12784705.698688975,0.19863490915894919,12,0.09967592431083806,12784705.698688975,0.09967592431083808,12784705.698688975,0,5862072.563912609,0.09967592431083808,36.18563311057166,0.19863490915894919,0.0,True,0.0,0.0
sano,100,2,80.63804850693951,56.44663395485766,12,12,16908577.481327392,16908577.481327392,9010450.563976152,55.62006520972932,0.03413790279222564,0.14412075151288184,16908577.481327392,0.14412075151288184,12,0.03413790279222564,16908577.481327396,0.034137902792225644,16908577.481327396,0,9010450.56397615,0.034137902792225644,55.62006520972932,0.14412075151288184,0.0,True,0.0,0.0
sano,101,2,52.20474803983453,36.54332362788416,12,12,44260534.92461791,44260534.92461791,29325244.548700202,181.0200280783963,0.030517746896579174,0.24582831247641565,44260534.92461791,0.24582831247641565,12,0.030517746896579174,44260534.92461792,0.030517746896579184,44260534.92461792,0,29325244.5487002,0.030517746896579184,181.0200280783963,0.24582831247641565,0.0,True,0.0,0.0
sano,102,1,54.78957509662419,38.35270256763693,1,1,4713525.528645839,4713525.528645839,0.0,0.0,0.0,0.0,4713525.528645839,0.0,1,0.0,4713525.528645839,0.0,4713525.528645839,0,0.0,0.0,0.0,0.0,0.0,True,0.0,0.0
sano,103,2,243.02195817954535,170.11537072568171,12,12,30542379.567224454,30542379.567224454,18008845.99876517,111.16571604176032,0.8894905798224397,1.040036219316923,30542379.567224454,1.040036219316923,12,0.8894905798224397,30542379.567224458,0.88949057982244,30542379.567224458,0,18008845.99876517,0.88949057982244,111.16571604176032,1.040036219316923,0.0,False,0.0,0.0
sano,104,1,67.65454159161955,47.358179114133684,1,1,4713525.528645839,4713525.528645839,0.0,0.0,0.0,0.0,4713525.528645839,0.0,1,0.0,4713525.528645839,0.0,4713525.528645839,0,0.0,0.0,0.0,0.0,0.0,True,0.0,0.0
sano,105,1,46.019919515361416,32.21394366075299,1,1,4713525.528645839,4713525.528645839,0.0,0.0,0.0,0.0,4713525.528645839,0.0,1,0.0,4713525.528645839,0.0,4713525.528645839,0,0.0,0.0,0.0,0.0,0.0,True,0.0,0.0
sano,106,2,55.96082299664503,39.172576097651515,12,12,24898721.490324583,24898721.490324583,14988332.613368576,92.52057168746036,4.796893883991002e-05,0.006967733987495173,24898721.490324583,0.006967733987495173,12,4.796893883991002e-05,24898721.490324583,4.796893883991002e-05,24898721.490324583,0,14988332.613368578,4.796893883991002e-05,92.52057168746036,0.006967733987495173,0.0,True,0.0,0.0
sano,107,3,184.7682390262443,129.337767318371,12,12,56488793.94148298,56488793.94148298,37724759.6640998,232.86888681543078,0.5477759175425064,0.7502747591348705,56488793.94148298,0.7502747591348705,12,0.5477759175425064,56488793.94148297,0.5477759175425064,56488793.94148297,0,37724759.66409979,0.5477759175425064,232.86888681543078,0.7502747591348705,0.0,True,0.0,0.0
sano,108,1,24.37614470060875,17.063301290426125,1,1,4713525.528645839,4713525.528645839,0.0,0.0,0.0,0.0,4713525.528645839,0.0,1,0.0,4713525.528645839,0.0,4713525.528645839,0,0.0,0.0,0.0,0.0,0.0,True,0.0,0.0
sano,109,2,148.10275270525779,103.67192689368044,12,12,21235030.768269416,21235030.768269416,12189495.294921601,75.24379811680001,0.0596297694600929,0.22154363257838763,21235030.768269416,0.22154363257838763,12,0.0596297694600929,21235030.768269416,0.0596297694600929,21235030.768269416,0,12189495.294921601,0.0596297694600929,75.24379811680001,0.22154363257838763,0.0,True,0.0,0.0
sano,110,1,23.949201908496757,16.76444133594773,1,1,4713525.528645839,4713525.528645839,0.0,0.0,0.0,0.0,4713525.528645839,0.0,1,0.0,4713525.528645839,0.0,4713525.528645839,0,0.0,0.0,0.0,0.0,0.0,True,0.0,0.0
sano,111,2,95.53084783998118,66.87159348798683,12,12,5626177.657364436,5626177.657364436,671908.9806770253,4.147586300475465,0.0043899065226201415,0.014112946801831115,5626177.657364436,0.014112946801831115,12,0.0043899065226201415,5626177.657364437,0.004389906522620142,5626177.657364437,0,671908.9806770253,0.004389906522620142,4.1475863004754645,0.014112946801831115,0.0,True,0.0,0.0
sano,112,1,68.04890210123284,47.634231470862986,1,1,4713525.528645839,4713525.528645839,0.0,0.0,0.0,0.0,4713525.528645839,0.0,1,0.0,4713525.528645839,0.0,4713525.528645839,0,0.0,0.0,0.0,0.0,0.0,True,0.0,0.0
sano,113,2,53.172206423288266,37.220544496301784,12,12,11172679.641885012,11172679.641885012,4790623.790203002,29.571751791376542,0.0042430855034842055,0.03704859735321967,11172679.641885012,0.03704859735321967,12,0.0042430855034842055,11172679.641885012,0.004243085503484205,11172679.641885012,0,4790623.790203001,0.004243085503484205,29.57175179137655,0.03704859735321967,0.0,True,0.0,0.0
sano,114,1,43.50803950742675,30.455627655198725,1,1,4713525.528645839,4713525.528645839,0.0,0.0,0.0,0.0,4713525.528645839,0.0,1,0.0,4713525.528645839,0.0,4713525.528645839,0,0.0,0.0,0.0,0.0,0.0,True,0.0,0.0
sano,115,1,130.51065400669614,91.3574578046873,1,1,4713525.528645839,4713525.528645839,0.0,0.0,0.0,0.0,4713525.528645839,0.0,1,0.0,4713525.528645839,0.0,4713525.528645839,0,0.0,0.0,0.0,0.0,0.0,True,0.0,0.0
sano,116,2,60.319307139175095,42.22351499742256,12,12,7190092.435329478,7190092.435329478,1833369.390119348,11.317095000736716,0.004249356399496961,0.02293619710154355,7190092.435329478,0.02293619710154355,12,0.004249356399496961,7190092.435329477,0.004249356399496962,7190092.435329477,0,1833369.390119348,0.004249356399496962,11.317095000736716,0.02293619710154355,0.0,True,0.0,0.0
sano,117,2,130.0295879213599,91.02071154495191,12,12,6311779.035760693,6311779.035760693,1186712.905408773,7.325388304992426,4.607236980326452e-05,0.0019214449823418212,6311779.035760693,0.0019214449823418212,12,4.607236980326452e-05,6311779.035760693,4.607236980326452e-05,6311779.035760693,0,1186712.9054087729,4.607236980326452e-05,7.325388304992424,0.0019214449823418212,0.0,True,0.0,0.0
sano,118,1,76.39247240021261,53.474730680148824,1,1,4713525.528645839,4713525.528645839,0.0,0.0,0.0,0.0,4713525.528645839,0.0,1,0.0,4713525.528645839,0.0,4713525.528645839,0,0.0,0.0,0.0,0.0,0.0,True,0.0,0.0
sano,119,3,105.84872979813744,74.0941108586962,12,12,15420646.967117643,15420646.967117643,7872325.879608337,48.59460419511321,0.0594273778947457,0.1101811707200954,15420646.967117643,0.1101811707200954,12,0.0594273778947457,15420646.967117645,0.059427377894745684,15420646.967117645,0,7872325.879608339,0.059427377894745684,48.594604195113206,0.1101811707200954,0.0,True,0.0,0.0
sano,120,4,256.9764168849703,179.88349181947922,12,12,47331664.23874468,47331664.23874468,30702629.768097814,189.52240597591245,0.7169446064523345,0.9483752648984234,47331664.23874468,0.9483752648984234,12,0.7169446064523345,47331664.23874469,0.7169446064523345,47331664.23874469,0,30702629.768097814,0.7169446064523345,189.52240597591242,0.9483752648984234,0.0,False,0.0,0.0
sano,121,2,89.87131017566793,62.90991712296754,12,12,8515877.686124356,8515877.686124356,2821732.53370296,17.41810205989481,0.0012778698635020505,0.015604005044743937,8515877.686124356,0.015604005044743937,12,0.0012778698635020505,8515877.686124358,0.0012778698635020505,8515877.686124358,0,2821732.53370296,0.0012778698635020505,17.418102059894814,0.015604005044743937,0.0,True,0.0,0.0
sano,122,2,71.07665332125082,49.753657324875576,12,12,14472953.175815502,14472953.175815502,7240110.333781313,44.69203909741551,0.005088096948114724,0.04987525468396948,14472953.175815502,0.04987525468396948,12,0.005088096948114724,14472953.175815504,0.005088096948114723,14472953.175815504,0,7240110.333781312,0.005088096948114723,44.69203909741551,0.04987525468396948,0.0,True,0.0,0.0
sano,123,6,300.1436672895198,531.0150658298467,12,12,78971619.37748392,78971619.37748392,50829609.922338136,313.7630242119638,3.2762919268598147,3.6308558046462234,78147070.3306291,2.678046862287929,12,2.286761069669262,80804618.73142068,4.95172241910471,79010975.14377375,0,51230430.300405376,2.9938375980959187,308.55861574137487,2.678046862287929,89.16571146965458,False,747351.494852888,0.0
sano,124,1,86.10016658869358,60.2701166120855,1,1,4713525.528645839,4713525.528645839,0.0,0.0,0.0,0.0,4713525.528645839,0.0,1,0.0,4713525.528645839,0.0,4713525.528645839,0,0.0,0.0,0.0,0.0,0.0,True,0.0,0.0
sano,125,2,63.1569809581959,44.209886670737134,12,12,18749319.273644637,18749319.273644637,10391980.718894156,64.14802912897629,0.022965496596451706,0.12694685083436744,18749319.273644637,0.12694685083436744,12,0.022965496596451706,18749319.27364464,0.02296549659645171,18749319.27364464,0,10391980.718894158,0.02296549659645171,64.14802912897628,0.12694685083436744,0.0,True,0.0,0.0
sano,127,1,13.400462799118843,9.38032395938319,1,1,4713525.528645839,4713525.528645839,0.0,0.0,0.0,0.0,4713525.528645839,0.0,1,0.0,4713525.528645839,0.0,4713525.528645839,0,0.0,0.0,0.0,0.0,0.0,True,0.0,0.0
sano,128,1,84.0621973778568,58.84353816449976,1,1,4713525.528645839,4713525.528645839,0.0,0.0,0.0,0.0,4713525.528645839,0.0,1,0.0,4713525.528645839,0.0,4713525.528645839,0,0.0,0.0,0.0,0.0,0.0,True,0.0,0.0
sano,129,2,37.24181855478642,26.06927298835049,12,12,39142908.30353319,39142908.30353319,25529463.414398555,157.58928033579355,0.02726318789478022,0.21679237689781697,39142908.30353319,0.21679237689781697,12,0.02726318789478022,39142908.30353319,0.027263187894780223,39142908.30353319,0,25529463.414398555,0.027263187894780223,157.58928033579355,0.21679237689781697,0.0,True,0.0,0.0
sano,130,1,11.637379575398606,8.146165702779024,1,1,4713525.528645839,4713525.528645839,0.0,0.0,0.0,0.0,4713525.528645839,0.0,1,0.0,4713525.528645839,0.0,4713525.528645839,0,0.0,0.0,0.0,0.0,0.0,True,0.0,0.0
sano,131,1,70.16920434197205,49.11844303938043,1,1,4713525.528645839,4713525.528645839,0.0,0.0,0.0,0.0,4713525.528645839,0.0,1,0.0,4713525.528645839,0.0,4713525.528645839,0,0.0,0.0,0.0,0.0,0.0,True,0.0,0.0
sano,132,2,116.70663978739441,81.69464785117609,12,12,13477266.394486656,13477266.394486656,6436549.040702232,39.731784201865636,0.05390236858718869,0.15306126955696753,13477266.394486656,0.15306126955696753,12,0.05390236858718869,13477266.394486655,0.0539023685871887,13477266.394486655,0,6436549.040702232,0.0539023685871887,39.73178420186563,0.15306126955696753,0.0,True,0.0,0.0
sano,133,2,134.845183861186,94.39162870283019,12,12,15451305.637120105,15451305.637120105,7835969.509781349,48.37018215914414,0.10436639322222058,0.23499658521326547,15451305.637120105,0.23499658521326547,12,0.10436639322222058,15451305.637120109,0.10436639322222059,15451305.637120109,0,7835969.509781351,0.10436639322222059,48.37018215914414,0.23499658521326547,0.0,True,0.0,0.0
sano,134,2,94.0117125295537,65.8081987706876,12,12,9209554.092405051,9209554.092405051,3322749.7430431475,20.510800882982387,0.011971109811452838,0.051826379291489574,9209554.092405051,0.051826379291489574,12,0.011971109811452838,9209554.092405051,0.011971109811452838,9209554.092405051,0,3322749.7430431475,0.011971109811452838,20.51080088298239,0.051826379291489574,0.0,True,0.0,0.0
sano,135,3,226.5966471458876,158.6176530021213,12,12,68055609.4220159,68055609.4220159,41245664.016927265,254.6028643020201,4.39998312416303,3.747268369739829,67147676.46409859,2.534651704754569,12,2.7871177902645474,66115900.669846594,4.1187262113739616,65241115.37141647,0,41570218.35606748,2.564744862708756,247.99609032388014,2.0672162570795676,174.35646544986227,False,2814494.0505994484,0.0
sano,136,2,113.10339417686365,79.17237592380455,12,12,18013937.552642856,18013937.552642856,9778396.89195368,60.36047464168939,0.07429610174928034,0.22148875872325635,18013937.552642856,0.22148875872325635,12,0.07429610174928034,18013937.55264286,0.07429610174928032,18013937.55264286,0,9778396.891953683,0.07429610174928032,60.36047464168939,0.22148875872325635,0.0,True,0.0,0.0
sano,137,3,117.3163772121169,82.12146404848184,12,12,28536482.523120683,28536482.523120683,17485739.185616348,107.93666163960711,0.15495138730282854,0.22137392984348872,28536482.523120683,0.22137392984348872,12,0.15495138730282854,28536482.523120675,0.15495138730282854,28536482.523120675,0,17485739.18561635,0.15495138730282854,107.93666163960711,0.22137392984348872,0.0,True,0.0,0.0
sano,138,1,80.58391408977229,56.4087398628406,1,1,4713525.528645839,4713525.528645839,0.0,0.0,0.0,0.0,4713525.528645839,0.0,1,0.0,4713525.528645839,0.0,4713525.528645839,0,0.0,0.0,0.0,0.0,0.0,True,0.0,0.0
sano,139,2,30.50707230058555,21.354950610409883,12,12,5318930.134315866,5318930.134315866,449471.60952373245,2.774516108171188,5.163812155463507e-05,0.001251904485692521,5318930.134315866,0.001251904485692521,12,5.163812155463507e-05,5318930.134315867,5.163812155463506e-05,5318930.134315867,0,449471.6095237325,5.163812155463506e-05,2.774516108171188,0.001251904485692521,0.0,True,0.0,0.0
sano,140,1,16.742801979605506,11.719961385723854,1,1,4713525.528645839,4713525.528645839,0.0,0.0,0.0,0.0,4713525.528645839,0.0,1,0.0,4713525.528645839,0.0,4713525.528645839,0,0.0,0.0,0.0,0.0,0.0,True,0.0,0.0
sano,141,2,107.29077686299684,75.10354380409778,12,12,7077449.28800565,7077449.28800565,1738520.146716958,10.73160584393184,0.01276771328716877,0.03871517885534295,7077449.28800565,0.03871517885534295,12,0.01276771328716877,7077449.28800565,0.012767713287168768,7077449.28800565,0,1738520.146716958,0.012767713287168768,10.731605843931838,0.03871517885534295,0.0,True,0.0,0.0
sano,142,2,91.6891411860629,64.18239883024403,12,12,12363997.37090115,12363997.37090115,5624411.902329232,34.718591989686615,0.04287008760433287,0.12759997522065197,12363997.37090115,0.12759997522065197,12,0.04287008760433287,12363997.37090115,0.04287008760433287,12363997.37090115,0,5624411.902329232,0.04287008760433287,34.718591989686615,0.12759997522065197,0.0,True,0.0,0.0
sano,143,1,44.52626331962693,31.16838432373885,1,1,4713525.528645839,4713525.528645839,0.0,0.0,0.0,0.0,4713525.528645839,0.0,1,0.0,4713525.528645839,0.0,4713525.528645839,0,0.0,0.0,0.0,0.0,0.0,True,0.0,0.0
sano,144,3,88.96436784768275,62.275057493377915,12,12,10145731.375580067,10145731.375580067,4031338.8284112345,24.884807582785395,0.0017580678859658936,0.017263947843280385,10145731.375580067,0.017263947843280385,12,0.0017580678859658936,10145731.375580065,0.0017580678859658938,10145731.375580065,0,4031338.828411234,0.0017580678859658938,24.884807582785395,0.017263947843280385,0.0,True,0.0,0.0
sano,145,1,60.543555445089126,42.38048881156239,1,1,4713525.528645839,4713525.528645839,0.0,0.0,0.0,0.0,4713525.528645839,0.0,1,0.0,4713525.528645839,0.0,4713525.528645839,0,0.0,0.0,0.0,0.0,0.0,True,0.0,0.0
sano,146,1,9.366927669051297,6.556849368335907,1,1,4713525.528645839,4713525.528645839,0.0,0.0,0.0,0.0,4713525.528645839,0.0,1,0.0,4713525.528645839,0.0,4713525.528645839,0,0.0,0.0,0.0,0.0,0.0,True,0.0,0.0
sano,147,2,27.529269667093907,19.270488766965734,12,12,78125541.39061286,78125541.39061286,54486007.67437222,336.3333807060015,0.019491233583006754,0.26779163195923256,78125541.39061286,0.26779163195923256,12,0.019491233583006754,78125541.39061286,0.019491233583006754,78125541.39061286,0,54486007.674372226,0.019491233583006754,336.33338070600144,0.26779163195923256,0.0,True,0.0,0.0
sano,148,1,61.73836354306632,43.216854480146424,1,1,4713525.528645839,4713525.528645839,0.0,0.0,0.0,0.0,4713525.528645839,0.0,1,0.0,4713525.528645839,0.0,4713525.528645839,0,0.0,0.0,0.0,0.0,0.0,True,0.0,0.0
sano,149,2,59.93868487820372,41.95707941474261,12,12,9655856.828084523,9655856.828084523,3653509.2609094977,22.55252630191048,0.012457497074545179,0.055437718442378915,9655856.828084523,0.055437718442378915,12,0.012457497074545179,9655856.828084521,0.012457497074545177,9655856.828084521,0,3653509.2609094977,0.012457497074545177,22.55252630191048,0.055437718442378915,0.0,True,0.0,0.0
sano,150,1,12.119725519984842,8.483807863989389,1,1,4713525.528645839,4713525.528645839,0.0,0.0,0.0,0.0,4713525.528645839,0.0,1,0.0,4713525.528645839,0.0,4713525.528645839,0,0.0,0.0,0.0,0.0,0.0,True,0.0,0.0
sano,151,1,84.79168644437144,59.35418051106,1,1,4713525.528645839,4713525.528645839,0.0,0.0,0.0,0.0,4713525.528645839,0.0,1,0.0,4713525.528645839,0.0,4713525.528645839,0,0.0,0.0,0.0,0.0,0.0,True,0.0,0.0
sano,152,1,51.79963857754508,36.25974700428156,1,1,4713525.528645839,4713525.528645839,0.0,0.0,0.0,0.0,4713525.528645839,0.0,1,0.0,4713525.528645839,0.0,4713525.528645839,0,0.0,0.0,0.0,0.0,0.0,True,0.0,0.0
sano,153,1,8.097303315423005,5.668112320796103,1,1,4713525.528645839,4713525.528645839,0.0,0.0,0.0,0.0,4713525.528645839,0.0,1,0.0,4713525.528645839,0.0,4713525.528645839,0,0.0,0.0,0.0,0.0,0.0,True,0.0,0.0
sano,154,1,38.83392669699476,27.18374868789633,1,1,4713525.528645839,4713525.528645839,0.0,0.0,0.0,0.0,4713525.528645839,0.0,1,0.0,4713525.528645839,0.0,4713525.528645839,0,0.0,0.0,0.0,0.0,0.0,True,0.0,0.0
sano,155,2,145.28233338704757,101.69763337093329,12,12,17112274.790902305,17112274.790902305,8971471.524671625,55.379453855997674,0.17873596541280815,0.3290581577623486,17112274.790902305,0.3290581577623486,12,0.17873596541280815,17112274.7909023,0.17873596541280815,17112274.7909023,0,8971471.524671623,0.17873596541280815,55.37945385599768,0.3290581577623486,0.0,True,0.0,0.0
sano,156,4,166.3357484770827,116.4350239339579,12,12,32919665.287853714,32919665.287853714,20311651.353539743,125.38056391073913,0.48088154409388456,0.5758906751552461,32919665.287853714,0.5758906751552461,12,0.48088154409388456,32919665.28785371,0.4808815440938845,32919665.28785371,0,20311651.353539746,0.4808815440938845,125.38056391073917,0.5758906751552461,0.0,True,0.0,0.0
sano,157,1,81.52427726798196,57.06699408758737,1,1,4713525.528645839,4713525.528645839,0.0,0.0,0.0,0.0,4713525.528645839,0.0,1,0.0,4713525.528645839,0.0,4713525.528645839,0,0.0,0.0,0.0,0.0,0.0,True,0.0,0.0
sano,158,3,255.67754273970536,178.97427991779372,12,12,19490682.295304205,19490682.295304205,10708998.013530686,66.10492600944869,0.20043380421713794,0.27845792432326383,19490682.295304205,0.27845792432326383,12,0.20043380421713794,19490682.2953042,0.2004338042171379,19490682.2953042,0,10708998.013530686,0.2004338042171379,66.10492600944868,0.27845792432326383,0.0,False,0.0,0.0
sano,159,1,30.78894316986234,21.552260218903637,1,1,4713525.528645839,4713525.528645839,0.0,0.0,0.0,0.0,4713525.528645839,0.0,1,0.0,4713525.528645839,0.0,4713525.528645839,0,0.0,0.0,0.0,0.0,0.0,True,0.0,0.0
sano,160,2,191.61327490762525,134.12929243533767,12,12,46323907.39076426,46323907.39076426,30286082.192497622,186.95112464504703,0.4647736303263492,0.9749383036453516,46323907.39076426,0.9749383036453516,12,0.4647736303263492,46323907.39076426,0.4647736303263491,46323907.39076426,0,30286082.192497626,0.4647736303263491,186.95112464504706,0.9749383036453516,0.0,True,0.0,0.0
sano,161,1,111.68643475241424,78.18050432668997,1,1,4713525.528645839,4713525.528645839,0.0,0.0,0.0,0.0,4713525.528645839,0.0,1,0.0,4713525.528645839,0.0,4713525.528645839,0,0.0,0.0,0.0,0.0,0.0,True,0.0,0.0
sano,162,1,45.69139288536808,31.983975019757654,1,1,4713525.528645839,4713525.528645839,0.0,0.0,0.0,0.0,4713525.528645839,0.0,1,0.0,4713525.528645839,0.0,4713525.528645839,0,0.0,0.0,0.0,0.0,0.0,True,0.0,0.0
sano,163,1,95.12360056254006,66.58652039377804,1,1,4713525.528645839,4713525.528645839,0.0,0.0,0.0,0.0,4713525.528645839,0.0,1,0.0,4713525.528645839,0.0,4713525.528645839,0,0.0,0.0,0.0,0.0,0.0,True,0.0,0.0
sano,164,1,117.6817268208518,82.37720877459626,1,1,4713525.528645839,4713525.528645839,0.0,0.0,0.0,0.0,4713525.528645839,0.0,1,0.0,4713525.528645839,0.0,4713525.528645839,0,0.0,0.0,0.0,0.0,0.0,True,0.0,0.0
sano,165,1,78.32777268818633,54.82944088173043,1,1,4713525.528645839,4713525.528645839,0.0,0.0,0.0,0.0,4713525.528645839,0.0,1,0.0,4713525.528645839,0.0,4713525.528645839,0,0.0,0.0,0.0,0.0,0.0,True,0.0,0.0
sano,166,3,294.73238598982954,206.31267019288066,12,12,18277877.422776278,18277877.422776278,9144900.91042426,56.45000561990283,0.7047938012930312,0.49605228439984034,18277877.422776278,0.49605228439984034,12,0.7047938012930312,18277877.422776274,0.7047938012930312,18277877.422776274,0,9144900.910424259,0.7047938012930312,56.450005619902825,0.49605228439984034,0.0,False,0.0,0.0
sano,167,1,1.7683939901772632,1.2378757931240842,1,1,4713525.528645839,4713525.528645839,0.0,0.0,0.0,0.0,4713525.528645839,0.0,1,0.0,4713525.528645839,0.0,4713525.528645839,0,0.0,0.0,0.0,0.0,0.0,True,0.0,0.0
sano,168,1,8.818356884814522,6.172849819370165,1,1,4713525.528645839,4713525.528645839,0.0,0.0,0.0,0.0,4713525.528645839,0.0,1,0.0,4713525.528645839,0.0,4713525.528645839,0,0.0,0.0,0.0,0.0,0.0,True,0.0,0.0
sano,169,2,114.35099775505878,80.04569842854113,12,12,65351266.30357162,65351266.30357162,44348258.216139264,273.75468034653875,0.515301720237944,1.2422354685456483,65351266.30357162,1.2422354685456483,12,0.515301720237944,65351266.303571634,0.515301720237944,65351266.303571634,0,44348258.216139264,0.515301720237944,273.7546803465387,1.2422354685456483,0.0,True,0.0,0.0
sano,170,1,80.09224627209791,56.064572390468534,1,1,4713525.528645839,4713525.528645839,0.0,0.0,0.0,0.0,4713525.528645839,0.0,1,0.0,4713525.528645839,0.0,4713525.528645839,0,0.0,0.0,0.0,0.0,0.0,True,0.0,0.0
sano,171,1,147.04143908990758,102.92900736293531,1,1,4713525.528645839,4713525.528645839,0.0,0.0,0.0,0.0,4713525.528645839,0.0,1,0.0,4713525.528645839,0.0,4713525.528645839,0,0.0,0.0,0.0,0.0,0.0,True,0.0,0.0
sano,172,2,227.88843881814864,159.52190717270403,12,12,12735223.866413353,12735223.866413353,5638369.205729612,34.80474818351613,0.2417866596429027,0.30340851731249596,12735223.866413353,0.30340851731249596,12,0.2417866596429027,12735223.866413351,0.24178665964290263,12735223.866413351,0,5638369.205729612,0.24178665964290263,34.804748183516125,0.30340851731249596,0.0,False,0.0,0.0
sano,173,3,279.6375205397502,195.74626437782513,12,12,20151528.461609807,20151528.461609807,10694738.293538513,66.01690304653404,0.5842639642820158,0.4380651864176929,20151528.461609807,0.4380651864176929,12,0.5842639642820158,20151528.461609807,0.5842639642820157,20151528.461609807,0,10694738.293538515,0.5842639642820157,66.01690304653404,0.4380651864176929,0.0,False,0.0,0.0
sano,174,2,148.69715428672367,104.08800800070657,12,12,25105528.41335401,25105528.41335401,15139895.750990532,93.45614661105266,0.001568261907769206,0.04004106171124172,25105528.41335401,0.04004106171124172,12,0.001568261907769206,25105528.41335401,0.0015682619077692062,25105528.41335401,0,15139895.75099053,0.0015682619077692062,93.45614661105266,0.04004106171124172,0.0,True,0.0,0.0
sano,175,1,33.40175412644282,23.381227888509972,1,1,4713525.528645839,4713525.528645839,0.0,0.0,0.0,0.0,4713525.528645839,0.0,1,0.0,4713525.528645839,0.0,4713525.528645839,0,0.0,0.0,0.0,0.0,0.0,True,0.0,0.0
sano,176,1,57.73782144480862,40.41647501136603,1,1,4713525.528645839,4713525.528645839,0.0,0.0,0.0,0.0,4713525.528645839,0.0,1,0.0,4713525.528645839,0.0,4713525.528645839,0,0.0,0.0,0.0,0.0,0.0,True,0.0,0.0
sano,177,4,295.8374547067324,207.0862182947127,12,12,81131028.52692558,81131028.52692558,53630489.112564646,331.0524019294115,2.3661196220556215,2.349040122072845,81126640.8727527,2.3196738455421864,12,2.3302406527059456,81131028.5269256,2.366119622055622,81126640.87275271,0,53674433.46809002,2.330240652705945,331.0524019294114,2.3196738455421864,5.493044440672122,False,4387.654172882438,0.0
sano,178,1,63.890769709930325,44.723538796951225,1,1,4713525.528645839,4713525.528645839,0.0,0.0,0.0,0.0,4713525.528645839,0.0,1,0.0,4713525.528645839,0.0,4713525.528645839,0,0.0,0.0,0.0,0.0,0.0,True,0.0,0.0
sano,179,2,135.83938921622976,95.08757245136083,12,12,38725025.45493864,38725025.45493864,24887175.62346756,153.62454088560227,0.27961293714215696,0.6854902503615421,38725025.45493864,0.6854902503615421,12,0.27961293714215696,38725025.454938635,0.27961293714215696,38725025.454938635,0,24887175.62346756,0.27961293714215696,153.62454088560224,0.6854902503615421,0.0,True,0.0,0.0
sano,180,1,6.908392510970354,4.835874757679248,1,1,4713525.528645839,4713525.528645839,0.0,0.0,0.0,0.0,4713525.528645839,0.0,1,0.0,4713525.528645839,0.0,4713525.528645839,0,0.0,0.0,0.0,0.0,0.0,True,0.0,0.0
sano,181,1,79.6155734204733,55.730901394331305,1,1,4713525.528645839,4713525.528645839,0.0,0.0,0.0,0.0,4713525.528645839,0.0,1,0.0,4713525.528645839,0.0,4713525.528645839,0,0.0,0.0,0.0,0.0,0.0,True,0.0,0.0
sano,182,2,194.72459029327496,136.30721320529244,12,12,13297772.457622638,13297772.457622638,6237268.520639225,38.50165753481003,0.10406834954558242,0.20935888629955027,13297772.457622638,0.20935888629955027,12,0.10406834954558242,13297772.457622638,0.10406834954558242,13297772.457622638,0,6237268.520639225,0.10406834954558242,38.50165753481003,0.20935888629955027,0.0,False,0.0,0.0
sano,183,2,119.04332577903644,83.3303280453255,12,12,12547590.449073354,12547590.449073354,5779373.386851671,35.675144363281916,0.028705032891296157,0.1058410760531815,12547590.449073354,0.1058410760531815,12,0.028705032891296157,12547590.449073356,0.028705032891296157,12547590.449073356,0,5779373.386851671,0.028705032891296157,35.67514436328192,0.1058410760531815,0.0,True,0.0,0.0
sano,184,2,176.72031651310738,123.70422155917515,12,12,19221289.83752268,19221289.83752268,10486041.36980808,64.72865043091407,0.21785619065381043,0.3927584897221841,19221289.83752268,0.3927584897221841,12,0.21785619065381043,19221289.837522678,0.21785619065381043,19221289.837522678,0,10486041.36980808,0.21785619065381043,64.72865043091407,0.3927584897221841,0.0,True,0.0,0.0
sano,185,1,48.34419845218795,33.84093891653156,1,1,4713525.528645839,4713525.528645839,0.0,0.0,0.0,0.0,4713525.528645839,0.0,1,0.0,4713525.528645839,0.0,4713525.528645839,0,0.0,0.0,0.0,0.0,0.0,True,0.0,0.0
sano,186,3,78.20314445240456,54.74220111668319,12,12,24588316.49305622,24588316.49305622,14741251.152957164,90.99537748738989,0.012659777488154946,0.06789387493235277,24588316.49305622,0.06789387493235277,12,0.012659777488154946,24588316.493056215,0.012659777488154948,24588316.493056215,0,14741251.152957162,0.012659777488154948,90.99537748738989,0.06789387493235277,0.0,True,0.0,0.0
sano,187,2,101.49137207342682,71.04396045139876,12,12,16053056.37532439,16053056.37532439,8404400.064496249,51.879012743804,0.011933934628271024,0.08229624717514258,16053056.37532439,0.08229624717514258,12,0.011933934628271024,16053056.375324389,0.011933934628271024,16053056.375324389,0,8404400.064496249,0.011933934628271024,51.879012743804005,0.08229624717514258,0.0,True,0.0,0.0
sano,188,1,91.68938859560078,64.18257201692055,1,1,4713525.528645839,4713525.528645839,0.0,0.0,0.0,0.0,4713525.528645839,0.0,1,0.0,4713525.528645839,0.0,4713525.528645839,0,0.0,0.0,0.0,0.0,0.0,True,0.0,0.0
sano,189,2,98.55007428502896,68.98505199952027,12,12,9528529.880738938,9528529.880738938,3531988.6910035815,21.8023993271826,0.032961226410738224,0.08866376693553404,9528529.880738938,0.08866376693553404,12,0.032961226410738224,9528529.880738936,0.03296122641073822,9528529.880738936,0,3531988.691003581,0.03296122641073822,21.8023993271826,0.08866376693553404,0.0,True,0.0,0.0
sano,190,2,123.12026281657447,86.18418397160212,12,12,99382574.87552156,99382574.87552156,70030700.17350979,432.28827267598626,0.20160560903698746,0.9764058772596131,99382574.87552156,0.9764058772596131,12,0.20160560903698746,99382574.87552156,0.20160560903698752,99382574.87552156,0,70030700.17350978,0.20160560903698752,432.28827267598626,0.9764058772596131,0.0,True,0.0,0.0
sano,191,2,176.55653452355494,123.58957416648846,12,12,36287422.63930209,36287422.63930209,23126233.200888764,142.7545259314122,0.24230307035427145,0.6151297820203153,36287422.63930209,0.6151297820203153,12,0.24230307035427145,36287422.6393021,0.24230307035427145,36287422.6393021,0,23126233.200888768,0.24230307035427145,142.75452593141216,0.6151297820203153,0.0,True,0.0,0.0
sano,192,2,171.65970783013694,120.16179548109585,12,12,16272336.81297913,16272336.81297913,8373465.435001374,51.68805824074923,0.15921271129281342,0.30003804727273853,16272336.81297913,0.30003804727273853,12,0.15921271129281342,16272336.812979128,0.1592127112928134,16272336.812979128,0,8373465.435001375,0.1592127112928134,51.68805824074923,0.30003804727273853,0.0,True,0.0,0.0
sano,193,4,180.2362884408624,150.57419532372882,12,12,42757508.10395761,42757508.10395761,27727897.942756012,171.15986384417292,0.39634550009503283,0.33694485765229293,42757508.10395761,0.33694485765229293,12,0.39634550009503283,42757508.103957616,0.3963455000950328,42757508.103957616,0,27727897.942756016,0.3963455000950328,171.15986384417295,0.33694485765229293,0.0,False,0.0,0.0
sano,194,1,103.45741858192105,72.42019300734472,1,1,4713525.528645839,4713525.528645839,0.0,0.0,0.0,0.0,4713525.528645839,0.0,1,0.0,4713525.528645839,0.0,4713525.528645839,0,0.0,0.0,0.0,0.0,0.0,True,0.0,0.0
sano,195,2,52.52587279406227,36.76811095584359,12,12,13012292.316981157,13012292.316981157,6141950.096817934,37.91327220257984,0.015391615089550973,0.07989692851828337,13012292.316981157,0.07989692851828337,12,0.015391615089550973,13012292.316981157,0.015391615089550973,13012292.316981157,0,6141950.096817934,0.015391615089550973,37.91327220257984,0.07989692851828337,0.0,True,0.0,0.0
sano,196,1,16.60790708388291,11.625534958718037,1,1,4713525.528645839,4713525.528645839,0.0,0.0,0.0,0.0,4713525.528645839,0.0,1,0.0,4713525.528645839,0.0,4713525.528645839,0,0.0,0.0,0.0,0.0,0.0,True,0.0,0.0
sano,197,3,54.38266459553246,38.06786521687272,12,12,42962647.59684832,42962647.59684832,28385344.885324884,175.21817830447458,0.012397686015701329,0.08883609579943717,42962647.59684832,0.08883609579943717,12,0.012397686015701329,42962647.596848324,0.012397686015701329,42962647.596848324,0,28385344.88532488,0.012397686015701329,175.21817830447458,0.08883609579943717,0.0,True,0.0,0.0
sano,198,1,62.714329171050686,43.90003041973548,1,1,4713525.528645839,4713525.528645839,0.0,0.0,0.0,0.0,4713525.528645839,0.0,1,0.0,4713525.528645839,0.0,4713525.528645839,0,0.0,0.0,0.0,0.0,0.0,True,0.0,0.0
sano,199,2,58.31772491524943,40.822407440674596,12,12,14913556.687970096,14913556.687970096,7557693.820481148,46.65243099062436,0.0123729831688637,0.0794633194713583,14913556.687970096,0.0794633194713583,12,0.0123729831688637,14913556.687970094,0.012372983168863698,14913556.687970094,0,7557693.820481147,0.012372983168863698,46.65243099062436,0.0794633194713583,0.0,True,0.0,0.0
sano,200,1,71.34754436577215,49.943281056040504,1,1,4713525.528645839,4713525.528645839,0.0,0.0,0.0,0.0,4713525.528645839,0.0,1,0.0,4713525.528645839,0.0,4713525.528645839,0,0.0,0.0,0.0,0.0,0.0,True,0.0,0.0
sano,201,1,126.92909799246311,88.85036859472417,1,1,4713525.528645839,4713525.528645839,0.0,0.0,0.0,0.0,4713525.528645839,0.0,1,0.0,4713525.528645839,0.0,4713525.528645839,0,0.0,0.0,0.0,0.0,0.0,True,0.0,0.0
sano,202,2,79.64457347871911,55.75120143510337,12,12,6462254.7115173405,6462254.7115173405,1287774.5592206758,7.949225674201703,0.008158835361095781,0.02663599045159889,6462254.7115173405,0.02663599045159889,12,0.008158835361095781,6462254.7115173405,0.008158835361095781,6462254.7115173405,0,1287774.559220676,0.008158835361095781,7.949225674201704,0.02663599045159889,0.0,True,0.0,0.0
sano,203,2,106.02832544290372,74.2198278100326,12,12,16878933.288821407,16878933.288821407,8985439.869494645,55.465678206757055,0.03641714969023891,0.1486474597836413,16878933.288821407,0.1486474597836413,12,0.03641714969023891,16878933.28882141,0.03641714969023892,16878933.28882141,0,8985439.869494645,0.03641714969023892,55.46567820675706,0.1486474597836413,0.0,True,0.0,0.0
sano,204,1,93.19118331572774,65.23382832100941,1,1,4713525.528645839,4713525.528645839,0.0,0.0,0.0,0.0,4713525.528645839,0.0,1,0.0,4713525.528645839,0.0,4713525.528645839,0,0.0,0.0,0.0,0.0,0.0,True,0.0,0.0
sano,205,1,71.96258327170281,50.37380829019197,1,1,4713525.528645839,4713525.528645839,0.0,0.0,0.0,0.0,4713525.528645839,0.0,1,0.0,4713525.528645839,0.0,4713525.528645839,0,0.0,0.0,0.0,0.0,0.0,True,0.0,0.0
sano,206,2,155.0889351728537,108.56225462099758,12,12,18165446.871566035,18165446.871566035,9705447.187061463,59.91016782136706,0.21525992017862586,0.3755988103504202,18165446.871566035,0.3755988103504202,12,0.21525992017862586,18165446.87156604,0.21525992017862586,18165446.87156604,0,9705447.187061464,0.21525992017862586,59.91016782136707,0.3755988103504202,0.0,True,0.0,0.0
sano,207,3,269.57757491945245,188.7043024436167,12,12,99662296.15081333,99662296.15081333,65689396.846713394,405.490103992058,3.65934941175856,3.5129690903586064,99350432.36061108,3.119823755821023,12,3.0995950779020816,99662296.15081331,3.659349411758559,99350432.36061108,0,66194237.21905997,3.099595077902082,405.490103992058,3.119823755821023,63.10504654332199,False,311863.7902022302,0.0
sano,208,1,66.4277758397742,46.49944308784194,1,1,4713525.528645839,4713525.528645839,0.0,0.0,0.0,0.0,4713525.528645839,0.0,1,0.0,4713525.528645839,0.0,4713525.528645839,0,0.0,0.0,0.0,0.0,0.0,True,0.0,0.0
sano,209,1,95.15463001029217,66.60824100720451,1,1,4713525.528645839,4713525.528645839,0.0,0.0,0.0,0.0,4713525.528645839,0.0,1,0.0,4713525.528645839,0.0,4713525.528645839,0,0.0,0.0,0.0,0.0,0.0,True,0.0,0.0
sano,210,1,66.62685009072281,46.63879506350597,1,1,4713525.528645839,4713525.528645839,0.0,0.0,0.0,0.0,4713525.528645839,0.0,1,0.0,4713525.528645839,0.0,4713525.528645839,0,0.0,0.0,0.0,0.0,0.0,True,0.0,0.0
sano,211,5,120.09559554158997,84.06691687911297,12,12,32664582.06605519,32664582.06605519,20675570.09360173,127.6269758864304,0.06029083450644881,0.14153723053866726,32664582.06605519,0.14153723053866726,12,0.06029083450644881,32622797.404891253,0.0603538424138882,32622797.404891253,0,20644460.25183022,0.0603538424138882,127.43493982611247,0.14153723053866726,0.0,True,41784.66116392985,0.0
sano,212,2,155.28513186257305,108.69959230380113,12,12,15764327.92796436,15764327.92796436,7975139.062975898,49.22925347515987,0.17525666765894296,0.3072141764534591,15764327.92796436,0.3072141764534591,12,0.17525666765894296,15764327.92796436,0.17525666765894296,15764327.92796436,0,7975139.062975898,0.17525666765894296,49.229253475159865,0.3072141764534591,0.0,True,0.0,0.0
sano,213,2,157.63861331384834,110.34702931969383,12,12,15037503.950801708,15037503.950801708,7628999.589151443,47.09259005649039,0.028130448049116952,0.12038072809659771,15037503.950801708,0.12038072809659771,12,0.028130448049116952,15037503.950801712,0.028130448049116952,15037503.950801712,0,7628999.589151443,0.028130448049116952,47.09259005649039,0.12038072809659771,0.0,True,0.0,0.0
sano,214,2,82.27203754134611,57.590426278942275,12,12,8060831.734498781,8060831.734498781,2485345.391346448,15.341638218187947,0.00013429372151811274,0.004747402734561161,8060831.734498781,0.004747402734561161,12,0.00013429372151811274,8060831.73449878,0.0001342937215181127,8060831.73449878,0,2485345.3913464486,0.0001342937215181127,15.341638218187953,0.004747402734561161,0.0,True,0.0,0.0
sano,215,1,40.14339757837132,28.100378304859923,1,1,4713525.528645839,4713525.528645839,0.0,0.0,0.0,0.0,4713525.528645839,0.0,1,0.0,4713525.528645839,0.0,4713525.528645839,0,0.0,0.0,0.0,0.0,0.0,True,0.0,0.0
sano,216,1,126.46771760948248,88.52740232663773,1,1,4713525.528645839,4713525.528645839,0.0,0.0,0.0,0.0,4713525.528645839,0.0,1,0.0,4713525.528645839,0.0,4713525.528645839,0,0.0,0.0,0.0,0.0,0.0,True,0.0,0.0
sano,217,2,49.26282869217307,34.48398008452115,12,12,6656558.947381899,6656558.947381899,1438913.268625518,8.882180670527887,0.002945041185862705,0.016916006380014184,6656558.947381899,0.016916006380014184,12,0.002945041185862705,6656558.947381899,0.0029450411858627052,6656558.947381899,0,1438913.2686255178,0.0029450411858627052,8.882180670527887,0.016916006380014184,0.0,True,0.0,0.0
sano,218,2,145.4244781533077,101.79713470731538,12,12,23916065.700593438,23916065.700593438,14210643.832972502,87.72002366032409,0.036551184764140106,0.18728045332348583,23916065.700593438,0.18728045332348583,12,0.036551184764140106,23916065.700593438,0.036551184764140106,23916065.700593438,0,14210643.832972502,0.036551184764140106,87.72002366032409,0.18728045332348583,0.0,True,0.0,0.0
sano,219,2,77.7982860318922,54.45880022232454,12,12,12825805.461883413,12825805.461883413,5994033.565422594,37.000207193966624,0.022568445507806043,0.09557520840861701,12825805.461883413,0.09557520840861701,12,0.022568445507806043,12825805.461883413,0.022568445507806047,12825805.461883413,0,5994033.565422593,0.022568445507806047,37.000207193966624,0.09557520840861701,0.0,True,0.0,0.0
sano,220,4,169.5567925072238,118.68975475505667,12,12,41136135.21476978,41136135.21476978,26596735.720167328,164.1773809886872,0.3410259206362268,0.36915038584513193,41136135.21476978,0.36915038584513193,12,0.3410259206362268,41136135.21476978,0.3410259206362268,41136135.21476978,0,26596735.720167324,0.3410259206362268,164.17738098868716,0.36915038584513193,0.0,True,0.0,0.0
sano,221,3,127.95876377729067,89.57113464410347,12,12,31491832.53486984,31491832.53486984,19834741.289240543,122.43667462494163,0.0374956897168004,0.1309356534000693,31491832.53486984,0.1309356534000693,12,0.0374956897168004,31491832.534869835,0.03749568971680041,31491832.534869835,0,19834741.289240547,0.03749568971680041,122.43667462494163,0.1309356534000693,0.0,True,0.0,0.0
sano,222,1,90.03666057391098,63.025662401737684,1,1,4713525.528645839,4713525.528645839,0.0,0.0,0.0,0.0,4713525.528645839,0.0,1,0.0,4713525.528645839,0.0,4713525.528645839,0,0.0,0.0,0.0,0.0,0.0,True,0.0,0.0
sano,223,1,19.869568544887528,13.90869798142127,1,1,4713525.528645839,4713525.528645839,0.0,0.0,0.0,0.0,4713525.528645839,0.0,1,0.0,4713525.528645839,0.0,4713525.528645839,0,0.0,0.0,0.0,0.0,0.0,True,0.0,0.0
sano,224,3,73.95420221977545,51.7679415538428,12,12,13578216.158127101,13578216.158127101,6548987.431843464,40.42584834471274,0.025414420622410182,0.1055242255435533,13578216.158127101,0.1055242255435533,12,0.025414420622410182,13578216.158127101,0.025414420622410182,13578216.158127101,0,6548987.431843465,0.025414420622410182,40.42584834471275,0.1055242255435533,0.0,True,0.0,0.0
sano,225,1,25.485400630850457,17.83978044159532,1,1,4713525.528645839,4713525.528645839,0.0,0.0,0.0,0.0,4713525.528645839,0.0,1,0.0,4713525.528645839,0.0,4713525.528645839,0,0.0,0.0,0.0,0.0,0.0,True,0.0,0.0
sano,226,2,18.592343303116778,13.014640312181744,12,12,6736840.238664527,6736840.238664527,1502233.6718731301,9.273047357241547,0.0001265454104506432,0.0035828348570355064,6736840.238664527,0.0035828348570355064,12,0.0001265454104506432,6736840.238664529,0.00012654541045064322,6736840.238664529,0,1502233.6718731304,0.00012654541045064322,9.273047357241545,0.0035828348570355064,0.0,True,0.0,0.0
sano,227,1,37.53673548136432,26.27571483695502,1,1,4713525.528645839,4713525.528645839,0.0,0.0,0.0,0.0,4713525.528645839,0.0,1,0.0,4713525.528645839,0.0,4713525.528645839,0,0.0,0.0,0.0,0.0,0.0,True,0.0,0.0
sano,228,3,145.73019304815352,102.01113513370746,12,12,13129796.820583066,13129796.820583066,6116220.293723355,37.75444625755158,0.10127033328394776,0.12298706367282675,13129796.820583066,0.12298706367282675,12,0.10127033328394776,13129796.820583064,0.10127033328394777,13129796.820583064,0,6116220.293723354,0.10127033328394777,37.75444625755157,0.12298706367282675,0.0,True,0.0,0.0
sano,229,1,19.669368180939077,13.768557726657354,1,1,4713525.528645839,4713525.528645839,0.0,0.0,0.0,0.0,4713525.528645839,0.0,1,0.0,4713525.528645839,0.0,4713525.528645839,0,0.0,0.0,0.0,0.0,0.0,True,0.0,0.0
sano,230,1,123.93820259836184,86.75674181885329,1,1,4713525.528645839,4713525.528645839,0.0,0.0,0.0,0.0,4713525.528645839,0.0,1,0.0,4713525.528645839,0.0,4713525.528645839,0,0.0,0.0,0.0,0.0,0.0,True,0.0,0.0
sano,231,1,50.26894081602544,35.18825857121781,1,1,4713525.528645839,4713525.528645839,0.0,0.0,0.0,0.0,4713525.528645839,0.0,1,0.0,4713525.528645839,0.0,4713525.528645839,0,0.0,0.0,0.0,0.0,0.0,True,0.0,0.0
sano,232,1,67.67297622381989,47.37108335667392,1,1,4713525.528645839,4713525.528645839,0.0,0.0,0.0,0.0,4713525.528645839,0.0,1,0.0,4713525.528645839,0.0,4713525.528645839,0,0.0,0.0,0.0,0.0,0.0,True,0.0,0.0
sano,233,1,18.979460481537647,13.285622337076353,1,1,4713525.528645839,4713525.528645839,0.0,0.0,0.0,0.0,4713525.528645839,0.0,1,0.0,4713525.528645839,0.0,4713525.528645839,0,0.0,0.0,0.0,0.0,0.0,True,0.0,0.0
sano,234,3,154.52665021847406,108.16865515293182,12,12,23841622.966983605,23841622.966983605,13964568.327490786,86.20103905858512,0.18157890058063428,0.2376793733864459,23841622.966983605,0.2376793733864459,12,0.18157890058063428,23841622.9669836,0.18157890058063425,23841622.9669836,0,13964568.32749079,0.18157890058063425,86.20103905858512,0.2376793733864459,0.0,True,0.0,0.0
sano,236,1,106.84526451517942,74.79168516062559,1,1,4713525.528645839,4713525.528645839,0.0,0.0,0.0,0.0,4713525.528645839,0.0,1,0.0,4713525.528645839,0.0,4713525.528645839,0,0.0,0.0,0.0,0.0,0.0,True,0.0,0.0
sano,237,3,62.25315273811585,43.57720691668109,12,12,26894797.893164128,26894797.893164128,16415342.85257396,101.32927686774046,0.041978847317657275,0.20897918461846915,26894797.893164128,0.20897918461846915,12,0.041978847317657275,26894797.893164128,0.041978847317657275,26894797.893164128,0,16415342.85257396,0.041978847317657275,101.32927686774048,0.20897918461846915,0.0,True,0.0,0.0
sano,238,3,192.81954551041696,134.97368185729184,12,12,29482761.944821734,29482761.944821734,18110003.5748487,111.7901455237574,0.21453612549704038,0.45111614256231425,29482761.944821734,0.45111614256231425,12,0.21453612549704038,29482761.94482174,0.21453612549704038,29482761.94482174,0,18110003.574848697,0.21453612549704038,111.79014552375739,0.45111614256231425,0.0,True,0.0,0.0
sano,239,3,117.70753322079386,82.3952732545557,12,12,20157173.21112981,20157173.21112981,11348803.37703623,70.05434183355702,0.09028899007627544,0.2624741046330591,20157173.21112981,0.2624741046330591,12,0.09028899007627544,20157173.211129807,0.09028899007627544,20157173.211129807,0,11348803.377036233,0.09028899007627544,70.054341833557,0.2624741046330591,0.0,True,0.0,0.0
sano,241,1,26.309492276560416,18.41664459359229,1,1,4713525.528645839,4713525.528645839,0.0,0.0,0.0,0.0,4713525.528645839,0.0,1,0.0,4713525.528645839,0.0,4713525.528645839,0,0.0,0.0,0.0,0.0,0.0,True,0.0,0.0
sano,242,3,107.25106714021118,75.07574699814782,12,12,27889974.230771016,27889974.230771016,17103878.19965314,105.57949505958727,0.08030876516147102,0.3000912572000903,27889974.230771016,0.3000912572000903,12,0.08030876516147102,27889974.23077102,0.08030876516147104,27889974.23077102,0,17103878.199653137,0.08030876516147104,105.57949505958727,0.3000912572000903,0.0,True,0.0,0.0
sano,243,2,74.14007019983765,51.89804913988635,12,12,17801166.344747305,17801166.344747305,9654883.90330692,59.5980487858452,0.04808830029761949,0.17706310944906659,17801166.344747305,0.17706310944906659,12,0.04808830029761949,17801166.344747305,0.04808830029761949,17801166.344747305,0,9654883.903306922,0.04808830029761949,59.5980487858452,0.17706310944906659,0.0,True,0.0,0.0
sano,244,3,31.74824301609768,22.223770111268372,12,12,22001583.60866791,22001583.60866791,12829768.413891057,79.19610132031517,0.005605819607824796,0.03679052584439855,22001583.60866791,0.03679052584439855,12,0.005605819607824796,22001583.60866791,0.005605819607824796,22001583.60866791,0,12829768.413891057,0.005605819607824796,79.19610132031517,0.03679052584439855,0.0,True,0.0,0.0
sano,245,5,126.16241418343705,88.31368992840594,12,12,42572402.36685281,42572402.36685281,27926905.994187128,172.38830860609343,0.1406012516404327,0.22276571196058517,42572402.36685281,0.22276571196058517,12,0.1406012516404327,42572402.36685281,0.1406012516404327,42572402.36685281,0,27926905.99418713,0.1406012516404327,172.3883086060934,0.22276571196058517,0.0,True,0.0,0.0
sano,246,2,23.562061818805216,16.49344327316365,12,12,13802808.703034913,13802808.703034913,6748319.294292438,41.65629194007677,0.0006637259527511153,0.017391100166696566,13802808.703034913,0.017391100166696566,12,0.0006637259527511153,13802808.703034913,0.0006637259527511152,13802808.703034913,0,6748319.294292438,0.0006637259527511152,41.65629194007678,0.017391100166696566,0.0,True,0.0,0.0
sano,247,2,43.362305418333776,30.35361379283364,12,12,6837253.97981128,6837253.97981128,1574917.1334791891,9.721710700488824,0.0015541502167997986,0.012856128236969777,6837253.97981128,0.012856128236969777,12,0.0015541502167997986,6837253.979811279,0.0015541502167997988,6837253.979811279,0,1574917.1334791891,0.0015541502167997988,9.721710700488822,0.012856128236969777,0.0,True,0.0,0.0
sano,248,1,86.51399108177586,60.55979375724309,1,1,4713525.528645839,4713525.528645839,0.0,0.0,0.0,0.0,4713525.528645839,0.0,1,0.0,4713525.528645839,0.0,4713525.528645839,0,0.0,0.0,0.0,0.0,0.0,True,0.0,0.0
sano,249,1,9.799050777497593,6.859335544248315,1,1,4713525.528645839,4713525.528645839,0.0,0.0,0.0,0.0,4713525.528645839,0.0,1,0.0,4713525.528645839,0.0,4713525.528645839,0,0.0,0.0,0.0,0.0,0.0,True,0.0,0.0
sano,250,2,148.40660735965517,103.88462515175861,12,12,8368026.721225679,8368026.721225679,2697358.5241435873,16.650361260145594,0.012366470382537256,0.04745992676752559,8368026.721225679,0.04745992676752559,12,0.012366470382537256,8368026.721225679,0.012366470382537256,8368026.721225679,0,2697358.524143587,0.012366470382537256,16.650361260145598,0.04745992676752559,0.0,True,0.0,0.0
sano,251,1,67.56846674310292,47.297926720172036,1,1,4713525.528645839,4713525.528645839,0.0,0.0,0.0,0.0,4713525.528645839,0.0,1,0.0,4713525.528645839,0.0,4713525.528645839,0,0.0,0.0,0.0,0.0,0.0,True,0.0,0.0
sano,252,1,43.0956036188105,30.166922533167348,1,1,4713525.528645839,4713525.528645839,0.0,0.0,0.0,0.0,4713525.528645839,0.0,1,0.0,4713525.528645839,0.0,4713525.528645839,0,0.0,0.0,0.0,0.0,0.0,True,0.0,0.0
sano,253,2,107.4373625374212,75.20615377619482,12,12,13047718.05514914,13047718.05514914,6174956.996500528,38.11701849691684,0.010297566940456632,0.06552682507051867,13047718.05514914,0.06552682507051867,12,0.010297566940456632,13047718.055149142,0.01029756694045663,13047718.055149142,0,6174956.996500528,0.01029756694045663,38.11701849691684,0.06552682507051867,0.0,True,0.0,0.0
sano,254,1,36.556024713738495,25.589217299616944,1,1,4713525.528645839,4713525.528645839,0.0,0.0,0.0,0.0,4713525.528645839,0.0,1,0.0,4713525.528645839,0.0,4713525.528645839,0,0.0,0.0,0.0,0.0,0.0,True,0.0,0.0
sano,255,1,10.241939576980249,7.169357703886174,1,1,4713525.528645839,4713525.528645839,0.0,0.0,0.0,0.0,4713525.528645839,0.0,1,0.0,4713525.528645839,0.0,4713525.528645839,0,0.0,0.0,0.0,0.0,0.0,True,0.0,0.0
sano,256,2,60.029276283844496,42.020493398691144,12,12,5782790.528175361,5782790.528175361,790760.539738299,4.881237899619129,0.002444319472833689,0.011424476893863422,5782790.528175361,0.011424476893863422,12,0.002444319472833689,5782790.528175361,0.002444319472833689,5782790.528175361,0,790760.5397382989,0.002444319472833689,4.881237899619129,0.011424476893863422,0.0,True,0.0,0.0
sano,257,3,172.09810516716453,120.46867361701516,12,12,33020007.393976886,33020007.393976886,20919376.603281848,129.13195434124597,0.07557847768000371,0.31684090835725254,33020007.393976886,0.31684090835725254,12,0.07557847768000371,33020007.393976893,0.07557847768000373,33020007.393976893,0,20919376.603281844,0.07557847768000373,129.13195434124594,0.31684090835725254,0.0,True,0.0,0.0
sano,258,1,37.23200288368277,26.062402018577934,1,1,4713525.528645839,4713525.528645839,0.0,0.0,0.0,0.0,4713525.528645839,0.0,1,0.0,4713525.528645839,0.0,4713525.528645839,0,0.0,0.0,0.0,0.0,0.0,True,0.0,0.0
sano,259,1,139.90744429130228,97.93521100391159,1,1,4713525.528645839,4713525.528645839,0.0,0.0,0.0,0.0,4713525.528645839,0.0,1,0.0,4713525.528645839,0.0,4713525.528645839,0,0.0,0.0,0.0,0.0,0.0,True,0.0,0.0
sano,261,1,46.79096634442956,32.753676441100694,1,1,4713525.528645839,4713525.528645839,0.0,0.0,0.0,0.0,4713525.528645839,0.0,1,0.0,4713525.528645839,0.0,4713525.528645839,0,0.0,0.0,0.0,0.0,0.0,True,0.0,0.0
sano,262,2,214.5374055928369,150.1761839149858,12,12,17084633.061371714,17084633.061371714,8974309.37949821,55.396971478383996,0.16097749028165279,0.31233304842532356,17084633.061371714,0.31233304842532356,12,0.16097749028165279,17084633.061371714,0.16097749028165279,17084633.061371714,0,8974309.379498208,0.16097749028165279,55.396971478384,0.31233304842532356,0.0,False,0.0,0.0
sano,263,3,177.55736833177417,124.2901578322419,12,12,37428159.30740549,37428159.30740549,23650783.153812062,145.99248860377818,0.48743618489249724,0.6468328817871444,37428159.30740549,0.6468328817871444,12,0.48743618489249724,37428159.307405494,0.4874361848924971,37428159.307405494,0,23650783.153812066,0.4874361848924971,145.9924886037782,0.6468328817871444,0.0,True,0.0,0.0
sano,264,1,149.31955085550925,104.52368559885647,1,1,4713525.528645839,4713525.528645839,0.0,0.0,0.0,0.0,4713525.528645839,0.0,1,0.0,4713525.528645839,0.0,4713525.528645839,0,0.0,0.0,0.0,0.0,0.0,True,0.0,0.0
sano,265,1,35.50862973723848,24.856040816066933,1,1,4713525.528645839,4713525.528645839,0.0,0.0,0.0,0.0,4713525.528645839,0.0,1,0.0,4713525.528645839,0.0,4713525.528645839,0,0.0,0.0,0.0,0.0,0.0,True,0.0,0.0
sano,266,2,157.14702705482847,110.00291893837993,12,12,29188548.66667001,29188548.66667001,17793705.39514976,109.83768762438122,0.2888990485484816,0.5891706431365988,29188548.66667001,0.5891706431365988,12,0.2888990485484816,29188548.666670006,0.28889904854848164,29188548.666670006,0,17793705.395149756,0.28889904854848164,109.8376876243812,0.5891706431365988,0.0,True,0.0,0.0
sano,267,1,72.01895913148297,50.41327139203808,1,1,4713525.528645839,4713525.528645839,0.0,0.0,0.0,0.0,4713525.528645839,0.0,1,0.0,4713525.528645839,0.0,4713525.528645839,0,0.0,0.0,0.0,0.0,0.0,True,0.0,0.0
sano,268,1,44.37678921362354,31.063752449536477,1,1,4713525.528645839,4713525.528645839,0.0,0.0,0.0,0.0,4713525.528645839,0.0,1,0.0,4713525.528645839,0.0,4713525.528645839,0,0.0,0.0,0.0,0.0,0.0,True,0.0,0.0
sano,269,2,77.53213723742203,54.27249606619543,12,12,18295096.429046918,18295096.429046918,10027917.095262287,61.900722810261044,0.04332364489055927,0.1712784429966669,18295096.429046918,0.1712784429966669,12,0.04332364489055927,18295096.429046914,0.04332364489055927,18295096.429046914,0,10027917.095262287,0.04332364489055927,61.90072281026104,0.1712784429966669,0.0,True,0.0,0.0
sano,270,1,114.94125888464268,80.45888121924988,1,1,4713525.528645839,4713525.528645839,0.0,0.0,0.0,0.0,4713525.528645839,0.0,1,0.0,4713525.528645839,0.0,4713525.528645839,0,0.0,0.0,0.0,0.0,0.0,True,0.0,0.0
sano,271,1,13.191969974448114,9.234378982113679,1,1,4713525.528645839,4713525.528645839,0.0,0.0,0.0,0.0,4713525.528645839,0.0,1,0.0,4713525.528645839,0.0,4713525.528645839,0,0.0,0.0,0.0,0.0,0.0,True,0.0,0.0
sano,272,1,137.99382744511362,96.59567921157954,1,1,4713525.528645839,4713525.528645839,0.0,0.0,0.0,0.0,4713525.528645839,0.0,1,0.0,4713525.528645839,0.0,4713525.528645839,0,0.0,0.0,0.0,0.0,0.0,True,0.0,0.0
sano,273,1,33.672646984198096,23.570852888938667,1,1,4713525.528645839,4713525.528645839,0.0,0.0,0.0,0.0,4713525.528645839,0.0,1,0.0,4713525.528645839,0.0,4713525.528645839,0,0.0,0.0,0.0,0.0,0.0,True,0.0,0.0
sano,274,3,59.80574007731811,41.86401805412268,12,12,42569647.10691017,42569647.10691017,28089584.68681107,173.392498066735,0.015392555473347029,0.16793775506004455,42569647.10691017,0.16793775506004455,12,0.015392555473347029,42569647.10691017,0.015392555473347027,42569647.10691017,0,28089584.686811063,0.015392555473347027,173.39249806673496,0.16793775506004455,0.0,True,0.0,0.0
sano,275,2,173.0675917767352,121.14731424371465,12,12,12603506.894616311,12603506.894616311,5782402.846288445,35.6938447301756,0.05796236996711778,0.15043957050716947,12603506.894616311,0.15043957050716947,12,0.05796236996711778,12603506.894616311,0.05796236996711778,12603506.894616311,0,5782402.846288445,0.05796236996711778,35.69384473017559,0.15043957050716947,0.0,True,0.0,0.0
sano,276,1,40.6924136385426,28.484689546979816,1,1,4713525.528645839,4713525.528645839,0.0,0.0,0.0,0.0,4713525.528645839,0.0,1,0.0,4713525.528645839,0.0,4713525.528645839,0,0.0,0.0,0.0,0.0,0.0,True,0.0,0.0
sano,277,1,9.462501426724302,6.623750998707011,1,1,4713525.528645839,4713525.528645839,0.0,0.0,0.0,0.0,4713525.528645839,0.0,1,0.0,4713525.528645839,0.0,4713525.528645839,0,0.0,0.0,0.0,0.0,0.0,True,0.0,0.0
sano,278,2,54.90357678506517,38.43250374954562,12,12,16159835.37692433,16159835.37692433,8482060.949458148,52.358400922581154,0.013170799481827039,0.08685435683025636,16159835.37692433,0.08685435683025636,12,0.013170799481827039,16159835.376924329,0.013170799481827039,16159835.376924329,0,8482060.949458146,0.013170799481827039,52.358400922581154,0.08685435683025636,0.0,True,0.0,0.0
sano,279,3,159.64360043549635,111.75052030484744,12,12,36287603.66018262,36287603.66018262,22685665.61084814,140.03497290647002,0.5772847639090948,0.9244149738233368,36287603.66018262,0.9244149738233368,12,0.5772847639090948,36287603.660182625,0.5772847639090948,36287603.660182625,0,22685665.61084814,0.5772847639090948,140.03497290647,0.9244149738233368,0.0,True,0.0,0.0
sano,280,3,151.12278013694458,105.78594609586119,12,12,22333840.023948006,22333840.023948006,12918386.289136654,79.74312524158428,0.12577691496293356,0.18695385208783855,22333840.023948006,0.18695385208783855,12,0.12577691496293356,22333840.023948003,0.12577691496293358,22333840.023948003,0,12918386.289136654,0.12577691496293358,79.74312524158428,0.18695385208783855,0.0,True,0.0,0.0
sano,281,2,120.29853258867485,84.20897281207239,12,12,15847465.245509377,15847465.245509377,8195339.241457123,50.588513836155094,0.05480437852927814,0.17415098762522846,15847465.245509377,0.17415098762522846,12,0.05480437852927814,15847465.245509371,0.05480437852927816,15847465.245509371,0,8195339.241457124,0.05480437852927816,50.58851383615509,0.17415098762522846,0.0,True,0.0,0.0
sano,282,1,103.35183059995953,72.34628141997166,1,1,4713525.528645839,4713525.528645839,0.0,0.0,0.0,0.0,4713525.528645839,0.0,1,0.0,4713525.528645839,0.0,4713525.528645839,0,0.0,0.0,0.0,0.0,0.0,True,0.0,0.0
sano,283,1,101.92396722710912,71.34677705897637,1,1,4713525.528645839,4713525.528645839,0.0,0.0,0.0,0.0,4713525.528645839,0.0,1,0.0,4713525.528645839,0.0,4713525.528645839,0,0.0,0.0,0.0,0.0,0.0,True,0.0,0.0
sano,284,1,98.1585950728474,68.71101655099318,1,1,4713525.528645839,4713525.528645839,0.0,0.0,0.0,0.0,4713525.528645839,0.0,1,0.0,4713525.528645839,0.0,4713525.528645839,0,0.0,0.0,0.0,0.0,0.0,True,0.0,0.0
sano,285,3,57.78969896073461,40.452789272514224,12,12,13781650.693558427,13781650.693558427,6732123.363888974,41.55631706104304,0.001032514159831037,0.021198096943063342,13781650.693558427,0.021198096943063342,12,0.001032514159831037,13781650.693558427,0.0010325141598310369,13781650.693558427,0,6732123.363888972,0.0010325141598310369,41.55631706104304,0.021198096943063342,0.0,True,0.0,0.0
sano,286,1,88.15030002536321,61.70521001775424,1,1,4713525.528645839,4713525.528645839,0.0,0.0,0.0,0.0,4713525.528645839,0.0,1,0.0,4713525.528645839,0.0,4713525.528645839,0,0.0,0.0,0.0,0.0,0.0,True,0.0,0.0
sano,287,1,17.77089238754112,12.439624671278784,1,1,4713525.528645839,4713525.528645839,0.0,0.0,0.0,0.0,4713525.528645839,0.0,1,0.0,4713525.528645839,0.0,4713525.528645839,0,0.0,0.0,0.0,0.0,0.0,True,0.0,0.0
sano,288,1,43.647134991959945,30.55299449437196,1,1,4713525.528645839,4713525.528645839,0.0,0.0,0.0,0.0,4713525.528645839,0.0,1,0.0,4713525.528645839,0.0,4713525.528645839,0,0.0,0.0,0.0,0.0,0.0,True,0.0,0.0
sano,289,1,45.86777517700203,32.10744262390142,1,1,4713525.528645839,4713525.528645839,0.0,0.0,0.0,0.0,4713525.528645839,0.0,1,0.0,4713525.528645839,0.0,4713525.528645839,0,0.0,0.0,0.0,0.0,0.0,True,0.0,0.0
sano,290,1,147.4231973648273,103.1962381553791,1,1,4713525.528645839,4713525.528645839,0.0,0.0,0.0,0.0,4713525.528645839,0.0,1,0.0,4713525.528645839,0.0,4713525.528645839,0,0.0,0.0,0.0,0.0,0.0,True,0.0,0.0
sano,291,3,159.9354261000762,111.95479827005335,12,12,50149019.753765665,50149019.753765665,33318987.506468907,205.67276238561047,0.3183832978157252,0.7899722641688617,50149019.753765665,0.7899722641688617,12,0.3183832978157252,49614719.50087102,0.3152003171393618,49614719.50087102,0,32926433.60106782,0.3152003171393618,203.24959013004826,0.7348594296542603,0.0,True,534300.252894645,0.0
sano,293,1,5.871474046509828,4.11003183255688,1,1,4713525.528645839,4713525.528645839,0.0,0.0,0.0,0.0,4713525.528645839,0.0,1,0.0,4713525.528645839,0.0,4713525.528645839,0,0.0,0.0,0.0,0.0,0.0,True,0.0,0.0
sano,294,1,12.412897385054393,8.689028169538075,1,1,4713525.528645839,4713525.528645839,0.0,0.0,0.0,0.0,4713525.528645839,0.0,1,0.0,4713525.528645839,0.0,4713525.528645839,0,0.0,0.0,0.0,0.0,0.0,True,0.0,0.0
sano,295,4,233.8367421921267,163.6857195344887,12,12,41776494.363465235,41776494.363465235,26614839.844686743,164.28913484374525,0.6886928499558803,0.6495820785058668,41776494.363465235,0.6495820785058668,12,0.6886928499558803,41776494.36346523,0.6886928499558802,41776494.36346523,0,26614839.84468674,0.6886928499558802,164.28913484374527,0.6495820785058668,0.0,False,0.0,0.0
sano,296,1,59.70938261270779,41.796567828895455,1,1,4713525.528645839,4713525.528645839,0.0,0.0,0.0,0.0,4713525.528645839,0.0,1,0.0,4713525.528645839,0.0,4713525.528645839,0,0.0,0.0,0.0,0.0,0.0,True,0.0,0.0
sano,297,1,26.879652662176355,18.815756863523447,1,1,4713525.528645839,4713525.528645839,0.0,0.0,0.0,0.0,4713525.528645839,0.0,1,0.0,4713525.528645839,0.0,4713525.528645839,0,0.0,0.0,0.0,0.0,0.0,True,0.0,0.0
sano,298,1,16.967636834956842,11.877345784469789,1,1,4713525.528645839,4713525.528645839,0.0,0.0,0.0,0.0,4713525.528645839,0.0,1,0.0,4713525.528645839,0.0,4713525.528645839,0,0.0,0.0,0.0,0.0,0.0,True,0.0,0.0
sano,299,1,40.61297208313145,28.429080458192015,1,1,4713525.528645839,4713525.528645839,0.0,0.0,0.0,0.0,4713525.528645839,0.0,1,0.0,4713525.528645839,0.0,4713525.528645839,0,0.0,0.0,0.0,0.0,0.0,True,0.0,0.0
sano,300,3,321.07896168909923,224.75527318236945,12,12,24955232.37220974,24955232.37220974,14113632.918101868,87.12119085248064,0.6968109084475312,0.6812679465374982,24955232.37220974,0.6812679465374982,12,0.6968109084475312,24955232.372209743,0.6968109084475312,24955232.372209743,0,14113632.918101864,0.6968109084475312,87.12119085248065,0.6812679465374982,0.0,False,0.0,0.0
sano,301,1,11.849635736501948,8.294745015551364,1,1,4713525.528645839,4713525.528645839,0.0,0.0,0.0,0.0,4713525.528645839,0.0,1,0.0,4713525.528645839,0.0,4713525.528645839,0,0.0,0.0,0.0,0.0,0.0,True,0.0,0.0
sano,302,2,120.06791540335752,84.04754078235025,12,12,18969925.041873347,18969925.041873347,10443430.72244051,64.46562174345992,0.10837098336544222,0.27644767860580177,18969925.041873347,0.27644767860580177,12,0.10837098336544222,18969925.04187335,0.10837098336544222,18969925.04187335,0,10443430.72244051,0.10837098336544222,64.46562174345993,0.27644767860580177,0.0,True,0.0,0.0
sano,303,1,48.08105670047766,33.65673969033436,1,1,4713525.528645839,4713525.528645839,0.0,0.0,0.0,0.0,4713525.528645839,0.0,1,0.0,4713525.528645839,0.0,4713525.528645839,0,0.0,0.0,0.0,0.0,0.0,True,0.0,0.0
sano,304,4,49.834091529738174,34.88386407081672,12,12,54231243.6886613,54231243.6886613,36664619.109040484,226.32480931506464,0.07940432578241696,0.29469724730129127,54231243.6886613,0.29469724730129127,12,0.07940432578241696,54231243.68866129,0.07940432578241696,54231243.68866129,0,36664619.10904048,0.07940432578241696,226.32480931506464,0.29469724730129127,0.0,True,0.0,0.0
sano,305,1,24.28765083694029,17.001355585858203,1,1,4713525.528645839,4713525.528645839,0.0,0.0,0.0,0.0,4713525.528645839,0.0,1,0.0,4713525.528645839,0.0,4713525.528645839,0,0.0,0.0,0.0,0.0,0.0,True,0.0,0.0
sano,306,1,67.54283228542344,47.279982599796405,1,1,4713525.528645839,4713525.528645839,0.0,0.0,0.0,0.0,4713525.528645839,0.0,1,0.0,4713525.528645839,0.0,4713525.528645839,0,0.0,0.0,0.0,0.0,0.0,True,0.0,0.0
sano,307,1,29.161407424773856,20.412985197341698,1,1,4713525.528645839,4713525.528645839,0.0,0.0,0.0,0.0,4713525.528645839,0.0,1,0.0,4713525.528645839,0.0,4713525.528645839,0,0.0,0.0,0.0,0.0,0.0,True,0.0,0.0
sano,308,2,166.2502864608977,116.3752005226284,12,12,16422110.518718159,16422110.518718159,8496195.634216847,52.44565206306697,0.15045880927681046,0.2938027845031962,16422110.518718159,0.2938027845031962,12,0.15045880927681046,16422110.51871816,0.1504588092768105,16422110.51871816,0,8496195.634216849,0.1504588092768105,52.44565206306697,0.2938027845031962,0.0,True,0.0,0.0
sano,309,1,22.66439640003073,15.865077480021508,1,1,4713525.528645839,4713525.528645839,0.0,0.0,0.0,0.0,4713525.528645839,0.0,1,0.0,4713525.528645839,0.0,4713525.528645839,0,0.0,0.0,0.0,0.0,0.0,True,0.0,0.0
sano,310,2,189.83176386817306,132.88223470772112,12,12,18587928.99727464,18587928.99727464,10045399.833776014,62.00864094923465,0.19531382502696684,0.36398622794057434,18587928.99727464,0.36398622794057434,12,0.19531382502696684,18587928.99727464,0.19531382502696687,18587928.99727464,0,10045399.833776016,0.19531382502696687,62.00864094923466,0.36398622794057434,0.0,True,0.0,0.0
sano,311,1,116.28345758983986,81.3984203128879,1,1,4713525.528645839,4713525.528645839,0.0,0.0,0.0,0.0,4713525.528645839,0.0,1,0.0,4713525.528645839,0.0,4713525.528645839,0,0.0,0.0,0.0,0.0,0.0,True,0.0,0.0
sano,312,2,100.57400706146434,70.40180494302504,12,12,8040878.973114883,8040878.973114883,2439399.177643362,15.05801961508248,0.023796808561138156,0.06260883752532433,8040878.973114883,0.06260883752532433,12,0.023796808561138156,8040878.973114884,0.02379680856113816,8040878.973114884,0,2439399.177643362,0.02379680856113816,15.05801961508248,0.06260883752532433,0.0,True,0.0,0.0
sano,313,1,87.18699999436971,61.03089999605879,1,1,4713525.528645839,4713525.528645839,0.0,0.0,0.0,0.0,4713525.528645839,0.0,1,0.0,4713525.528645839,0.0,4713525.528645839,0,0.0,0.0,0.0,0.0,0.0,True,0.0,0.0
sano,314,2,163.70655846827867,114.59459092779505,12,12,8992844.560114982,8992844.560114982,3082600.4706863505,19.02839796719969,0.07219678466824343,0.12258925158059501,8992844.560114982,0.12258925158059501,12,0.07219678466824343,8992844.560114982,0.07219678466824345,8992844.560114982,0,3082600.4706863505,0.07219678466824345,19.028397967199695,0.12258925158059501,0.0,True,0.0,0.0
sano,315,1,74.20532736946946,51.94372915862862,1,1,4713525.528645839,4713525.528645839,0.0,0.0,0.0,0.0,4713525.528645839,0.0,1,0.0,4713525.528645839,0.0,4713525.528645839,0,0.0,0.0,0.0,0.0,0.0,True,0.0,0.0
sano,316,2,163.00525505294038,114.10367853705826,12,12,12716184.065944469,12716184.065944469,5913317.1150015155,36.50195750000937,0.022049855558934624,0.09383250368038412,12716184.065944469,0.09383250368038412,12,0.022049855558934624,12716184.06594447,0.02204985555893462,12716184.06594447,0,5913317.115001516,0.02204985555893462,36.50195750000936,0.09383250368038412,0.0,True,0.0,0.0
sano,317,1,99.84783551389305,69.89348485972512,1,1,4713525.528645839,4713525.528645839,0.0,0.0,0.0,0.0,4713525.528645839,0.0,1,0.0,4713525.528645839,0.0,4713525.528645839,0,0.0,0.0,0.0,0.0,0.0,True,0.0,0.0
sano,318,3,233.52403524207924,163.46682466945546,12,12,28598813.042238582,28598813.042238582,17335226.546526678,107.00757127485605,0.30453769817198123,0.38643615939605636,28598813.042238582,0.38643615939605636,12,0.30453769817198123,28598813.04223858,0.3045376981719812,28598813.04223858,0,17335226.54652668,0.3045376981719812,107.00757127485606,0.38643615939605636,0.0,False,0.0,0.0
sano,319,1,84.7427079624514,59.31989557371598,1,1,4713525.528645839,4713525.528645839,0.0,0.0,0.0,0.0,4713525.528645839,0.0,1,0.0,4713525.528645839,0.0,4713525.528645839,0,0.0,0.0,0.0,0.0,0.0,True,0.0,0.0
sano,320,4,62.98824257171893,44.09176980020325,12,12,18411409.392940555,18411409.392940555,10133501.344806122,62.55247743707483,0.02871680798674608,0.08001613655765777,18411409.392940555,0.08001613655765777,12,0.02871680798674608,18411409.39294056,0.028716807986746078,18411409.39294056,0,10133501.344806124,0.028716807986746078,62.55247743707484,0.08001613655765777,0.0,True,0.0,0.0
sano,321,1,130.4779860833122,91.33459025831854,1,1,4713525.528645839,4713525.528645839,0.0,0.0,0.0,0.0,4713525.528645839,0.0,1,0.0,4713525.528645839,0.0,4713525.528645839,0,0.0,0.0,0.0,0.0,0.0,True,0.0,0.0
sano,322,1,89.4107160087948,62.587501206156354,1,1,4713525.528645839,4713525.528645839,0.0,0.0,0.0,0.0,4713525.528645839,0.0,1,0.0,4713525.528645839,0.0,4713525.528645839,0,0.0,0.0,0.0,0.0,0.0,True,0.0,0.0
sano,323,2,63.9512620467503,44.765883432725204,12,12,5415231.1148873875,5415231.1148873875,518782.3410646962,3.202360130028989,0.0017215843681721691,0.007765896405151031,5415231.1148873875,0.007765896405151031,12,0.0017215843681721691,5415231.114887388,0.0017215843681721694,5415231.114887388,0,518782.3410646962,0.0017215843681721694,3.202360130028989,0.007765896405151031,0.0,True,0.0,0.0
sano,324,2,45.99233565103374,32.194634955723615,12,12,13013967.938629853,13013967.938629853,6146000.497115345,37.93827467355151,0.013258613448741565,0.07417886693537341,13013967.938629853,0.07417886693537341,12,0.013258613448741565,13013967.938629853,0.013258613448741564,13013967.938629853,0,6146000.497115345,0.013258613448741564,37.93827467355151,0.07417886693537341,0.0,True,0.0,0.0
sano,325,1,71.87032392320681,50.30922674624477,1,1,4713525.528645839,4713525.528645839,0.0,0.0,0.0,0.0,4713525.528645839,0.0,1,0.0,4713525.528645839,0.0,4713525.528645839,0,0.0,0.0,0.0,0.0,0.0,True,0.0,0.0
sano,326,2,60.42564673493386,42.2979527144537,12,12,13079606.92941975,13079606.92941975,6207039.405507709,38.31505805868955,0.003909975185515585,0.04048219915558496,13079606.92941975,0.04048219915558496,12,0.003909975185515585,13079606.929419748,0.003909975185515585,13079606.929419748,0,6207039.405507709,0.003909975185515585,38.31505805868956,0.04048219915558496,0.0,True,0.0,0.0
sano,327,3,88.53891435184616,61.97724004629231,12,12,16148078.85544797,16148078.85544797,8459112.653999267,52.216744777773236,0.023978460110394405,0.09478850393856367,16148078.85544797,0.09478850393856367,12,0.023978460110394405,16148078.855447968,0.023978460110394405,16148078.855447968,0,8459112.653999265,0.023978460110394405,52.21674477777324,0.09478850393856367,0.0,True,0.0,0.0
sano,328,2,180.15501467155588,126.10851027008911,12,12,15991402.259732874,15991402.259732874,8143346.885651682,50.26757336822027,0.17556440179234498,0.31070950800093755,15991402.259732874,0.31070950800093755,12,0.17556440179234498,15991402.259732874,0.17556440179234495,15991402.259732874,0,8143346.885651683,0.17556440179234495,50.26757336822027,0.31070950800093755,0.0,True,0.0,0.0
sano,329,2,181.03781150147424,126.72646805103196,12,12,17598770.45145819,17598770.45145819,9295350.996445673,57.378709854602924,0.20713741268712207,0.3605761652392886,17598770.45145819,0.3605761652392886,12,0.20713741268712207,17598770.451458193,0.20713741268712207,17598770.451458193,0,9295350.996445674,0.20713741268712207,57.37870985460293,0.3605761652392886,0.0,True,0.0,0.0
sano,330,2,157.77549632646515,110.4428474285256,12,12,15978252.039641744,15978252.039641744,8354494.432856505,51.570953289237686,0.007647011357680935,0.06568115781439611,15978252.039641744,0.06568115781439611,12,0.007647011357680935,15978252.039641745,0.007647011357680935,15978252.039641745,0,8354494.432856508,0.007647011357680935,51.5709532892377,0.06568115781439611,0.0,True,0.0,0.0
sano,331,1,81.75565179531259,57.22895625671881,1,1,4713525.528645839,4713525.528645839,0.0,0.0,0.0,0.0,4713525.528645839,0.0,1,0.0,4713525.528645839,0.0,4713525.528645839,0,0.0,0.0,0.0,0.0,0.0,True,0.0,0.0
sano,332,2,43.91514496467487,30.74060147527241,12,12,16820054.270868983,16820054.270868983,8982080.476707887,55.44494121424621,0.005738478947218476,0.058995883933001675,16820054.270868983,0.058995883933001675,12,0.005738478947218476,16820054.270868983,0.005738478947218477,16820054.270868983,0,8982080.476707885,0.005738478947218477,55.44494121424621,0.058995883933001675,0.0,True,0.0,0.0
sano,333,1,99.60257540288045,69.72180278201631,1,1,4713525.528645839,4713525.528645839,0.0,0.0,0.0,0.0,4713525.528645839,0.0,1,0.0,4713525.528645839,0.0,4713525.528645839,0,0.0,0.0,0.0,0.0,0.0,True,0.0,0.0
sano,334,2,113.81681394273751,79.67176975991626,12,12,37621057.18635703,37621057.18635703,24089651.216603976,148.7015507197776,0.2627228648016029,0.6537309354303791,37621057.18635703,0.6537309354303791,12,0.2627228648016029,37621057.186357036,0.2627228648016029,37621057.186357036,0,24089651.216603976,0.2627228648016029,148.70155071977763,0.6537309354303791,0.0,True,0.0,0.0
sano,335,2,53.2748595905977,37.29240171341839,12,12,32727842.043569725,32727842.043569725,20775495.135798782,128.24379713456034,0.020041734485192954,0.16767881219925135,32727842.043569725,0.16767881219925135,12,0.020041734485192954,32727842.043569718,0.020041734485192957,32727842.043569718,0,20775495.135798782,0.020041734485192957,128.24379713456037,0.16767881219925135,0.0,True,0.0,0.0
sano,336,1,15.820264191820367,11.074184934274257,1,1,4713525.528645839,4713525.528645839,0.0,0.0,0.0,0.0,4713525.528645839,0.0,1,0.0,4713525.528645839,0.0,4713525.528645839,0,0.0,0.0,0.0,0.0,0.0,True,0.0,0.0
sano,337,3,170.12480048594932,119.08736034016451,12,12,22821858.507506844,22821858.507506844,13265261.685481945,81.88433139186385,0.13755844960715763,0.33744557031203126,22821858.507506844,0.33744557031203126,12,0.13755844960715763,22821858.507506844,0.13755844960715766,22821858.507506844,0,13265261.685481945,0.13755844960715766,81.88433139186385,0.33744557031203126,0.0,True,0.0,0.0
sano,338,2,140.23835141372044,98.1668459896043,12,12,18789344.982417732,18789344.982417732,10272575.86911025,63.41096215500155,0.13631732723362158,0.3075034942410203,18789344.982417732,0.3075034942410203,12,0.13631732723362158,18789344.982417732,0.1363173272336216,18789344.982417732,0,10272575.869110249,0.1363173272336216,63.410962155001535,0.3075034942410203,0.0,True,0.0,0.0
sano,339,3,169.69037420551967,118.78326194386375,12,12,71321468.52374756,71321468.52374756,47347942.72365868,292.27125138060916,1.6048828318161323,1.6561221033762281,71316809.63919668,1.314334668549837,12,1.2006478304226993,71321468.52374756,1.6048828318161323,71316809.6391967,0,47876294.9733848,1.200647830422699,292.27125138060916,1.314334668549837,66.0440312157646,True,4658.884550869465,0.0
sano,340,1,48.60099193832461,34.02069435682723,1,1,4713525.528645839,4713525.528645839,0.0,0.0,0.0,0.0,4713525.528645839,0.0,1,0.0,4713525.528645839,0.0,4713525.528645839,0,0.0,0.0,0.0,0.0,0.0,True,0.0,0.0
sano,341,2,148.0084437569849,103.60591062988942,12,12,27570196.03045017,27570196.03045017,16933459.94321585,104.52753051367812,0.02935778685188496,0.1832185130184899,27570196.03045017,0.1832185130184899,12,0.02935778685188496,27570196.030450173,0.029357786851884962,27570196.030450173,0,16933459.94321585,0.029357786851884962,104.5275305136781,0.1832185130184899,0.0,True,0.0,0.0
sano,342,2,89.16803864747106,62.41762705322975,12,12,13873911.860918196,13873911.860918196,6788955.714951162,41.90713404290842,0.009907263969938736,0.06739275341473251,13873911.860918196,0.06739275341473251,12,0.009907263969938736,13873911.860918196,0.009907263969938735,13873911.860918196,0,6788955.714951163,0.009907263969938735,41.90713404290842,0.06739275341473251,0.0,True,0.0,0.0
sano,343,1,67.65905182281779,47.36133627597245,1,1,4713525.528645839,4713525.528645839,0.0,0.0,0.0,0.0,4713525.528645839,0.0,1,0.0,4713525.528645839,0.0,4713525.528645839,0,0.0,0.0,0.0,0.0,0.0,True,0.0,0.0
sano,344,3,175.06902317077913,122.54831621954537,12,12,25023310.544482756,25023310.544482756,14858978.622176886,91.72209026035114,0.16869101992978744,0.4048997119969141,25023310.544482756,0.4048997119969141,12,0.16869101992978744,25023310.544482753,0.1686910199297874,25023310.544482753,0,14858978.622176886,0.1686910199297874,91.72209026035114,0.4048997119969141,0.0,True,0.0,0.0
sano,345,1,27.29683035116647,19.10778124581653,1,1,4713525.528645839,4713525.528645839,0.0,0.0,0.0,0.0,4713525.528645839,0.0,1,0.0,4713525.528645839,0.0,4713525.528645839,0,0.0,0.0,0.0,0.0,0.0,True,0.0,0.0
sano,346,1,108.05676960463916,75.6397387232474,1,1,4713525.528645839,4713525.528645839,0.0,0.0,0.0,0.0,4713525.528645839,0.0,1,0.0,4713525.528645839,0.0,4713525.528645839,0,0.0,0.0,0.0,0.0,0.0,True,0.0,0.0
sano,347,1,76.00683467244244,53.2047842707097,1,1,4713525.528645839,4713525.528645839,0.0,0.0,0.0,0.0,4713525.528645839,0.0,1,0.0,4713525.528645839,0.0,4713525.528645839,0,0.0,0.0,0.0,0.0,0.0,True,0.0,0.0
sano,348,2,7.933552387167578,5.553486671017304,12,12,13006701.580915956,13006701.580915956,6157981.188167053,38.01222955658675,5.074048397154803e-05,0.004593368912551434,13006701.580915956,0.004593368912551434,12,5.074048397154803e-05,13006701.580915954,5.074048397154803e-05,13006701.580915954,0,6157981.188167053,5.074048397154803e-05,38.012229556586746,0.004593368912551434,0.0,True,0.0,0.0
sano,349,3,267.85388468702547,187.4977192809178,12,12,84082212.06108832,84082212.06108832,48682528.565955766,300.5094355923196,7.792801480277235,4.903562922193409,81399800.7695187,3.2865379093119707,12,4.984759124070954,84082212.06108832,7.792801480277236,81399800.76951869,0,50384981.49082889,4.984759124070953,300.50943559231956,3.2865379093119707,212.80661560913893,False,2682411.2915696353,0.0
sano,350,2,75.6179790788123,52.9325853551686,12,12,12198106.58096224,12198106.58096224,5530954.19712238,34.141692574829506,0.020276977293213008,0.08702348746753966,12198106.58096224,0.08702348746753966,12,0.020276977293213008,12198106.58096224,0.020276977293213008,12198106.58096224,0,5530954.19712238,0.020276977293213008,34.141692574829506,0.08702348746753966,0.0,True,0.0,0.0
sano,351,2,193.27505132824712,135.29253592977298,12,12,13685330.942199826,13685330.942199826,6534234.136739922,40.33477862185136,0.09708568377520539,0.20697113829361344,13685330.942199826,0.20697113829361344,12,0.09708568377520539,13685330.942199826,0.09708568377520538,13685330.942199826,0,6534234.136739922,0.09708568377520538,40.33477862185137,0.20697113829361344,0.0,False,0.0,0.0
sano,352,2,14.291336658100617,10.003935660670432,12,12,11518217.096886838,11518217.096886838,5051833.144607454,31.18415521362625,0.000721804861107087,0.01569167286419046,11518217.096886838,0.01569167286419046,12,0.000721804861107087,11518217.096886838,0.000721804861107087,11518217.096886838,0,5051833.144607453,0.000721804861107087,31.18415521362625,0.01569167286419046,0.0,True,0.0,0.0
sano,353,2,116.0598313161008,81.24188192127056,12,12,9581313.039079731,9581313.039079731,3586957.0535416957,22.141710207047506,0.020970847182767528,0.07126986258797637,9581313.039079731,0.07126986258797637,12,0.020970847182767528,9581313.039079733,0.020970847182767524,9581313.039079733,0,3586957.0535416952,0.020970847182767524,22.141710207047502,0.07126986258797637,0.0,True,0.0,0.0
sano,354,1,44.311921597846,31.0183451184922,1,1,4713525.528645839,4713525.528645839,0.0,0.0,0.0,0.0,4713525.528645839,0.0,1,0.0,4713525.528645839,0.0,4713525.528645839,0,0.0,0.0,0.0,0.0,0.0,True,0.0,0.0
sano,355,4,176.1248741907973,123.2874119335581,12,12,26303307.204198588,26303307.204198588,15612298.358116148,96.3722120871367,0.31853446498549026,0.35707717930011573,26303307.204198588,0.35707717930011573,12,0.31853446498549026,26303307.204198584,0.31853446498549026,26303307.204198584,0,15612298.358116146,0.31853446498549026,96.3722120871367,0.35707717930011573,0.0,True,0.0,0.0
sano,356,1,133.41332641381535,93.38932848967075,1,1,4713525.528645839,4713525.528645839,0.0,0.0,0.0,0.0,4713525.528645839,0.0,1,0.0,4713525.528645839,0.0,4713525.528645839,0,0.0,0.0,0.0,0.0,0.0,True,0.0,0.0
sano,357,2,110.77527840157934,77.54269488110553,12,12,14169668.461393043,14169668.461393043,6960113.193669174,42.96366168931589,0.0467382112562258,0.1482105231403402,14169668.461393043,0.1482105231403402,12,0.0467382112562258,14169668.461393043,0.046738211256225806,14169668.461393043,0,6960113.193669175,0.046738211256225806,42.96366168931589,0.1482105231403402,0.0,True,0.0,0.0
sano,358,2,88.43463003935324,61.90424102754726,12,12,15350140.476495659,15350140.476495659,7896564.467296065,48.74422510676584,0.0012085103616454186,0.02538511452511473,15350140.476495659,0.02538511452511473,12,0.0012085103616454186,15350140.47649566,0.0012085103616454188,15350140.47649566,0,7896564.467296066,0.0012085103616454188,48.74422510676584,0.02538511452511473,0.0,True,0.0,0.0
sano,359,3,60.83610955193514,42.5852766863546,12,12,20979647.86730666,20979647.86730666,12058327.427482424,74.43411992273103,0.015189851542472356,0.07285524351587085,20979647.86730666,0.07285524351587085,12,0.015189851542472356,20979647.867306665,0.01518985154247236,20979647.867306665,0,12058327.427482424,0.01518985154247236,74.43411992273101,0.07285524351587085,0.0,True,0.0,0.0
sano,360,4,323.1742928160057,226.22200497120394,12,12,46493776.209513195,46493776.209513195,28463553.518775944,175.70094764676512,1.9459710645481332,1.5595496837945895,46493776.209513195,1.5595496837945895,12,1.9459710645481332,46493776.209513195,1.9459710645481334,46493776.209513195,0,28463553.518775944,1.9459710645481334,175.7009476467651,1.5595496837945895,0.0,False,0.0,0.0
sano,361,3,97.24784576153193,68.07349203307234,12,12,29841711.531830534,29841711.531830534,18520927.698506344,114.32671418831073,0.1047852592211213,0.19734122519916303,29841711.531830534,0.19734122519916303,12,0.1047852592211213,29841711.53183053,0.10478525922112128,29841711.53183053,0,18520927.69850634,0.10478525922112128,114.32671418831073,0.19734122519916303,0.0,True,0.0,0.0
sano,362,4,118.60199890887388,83.0213992362117,12,12,26479835.584747594,26479835.584747594,16117743.504355071,99.49224385404365,0.033976100923259915,0.10323593145013937,26479835.584747594,0.10323593145013937,12,0.033976100923259915,26479835.58474759,0.03397610092325991,26479835.58474759,0,16117743.50435507,0.03397610092325991,99.49224385404366,0.10323593145013937,0.0,True,0.0,0.0
sano,363,1,48.65702849099442,34.059919943696094,1,1,4713525.528645839,4713525.528645839,0.0,0.0,0.0,0.0,4713525.528645839,0.0,1,0.0,4713525.528645839,0.0,4713525.528645839,0,0.0,0.0,0.0,0.0,0.0,True,0.0,0.0
sano,364,1,41.04487234016128,28.73141063811289,1,1,4713525.528645839,4713525.528645839,0.0,0.0,0.0,0.0,4713525.528645839,0.0,1,0.0,4713525.528645839,0.0,4713525.528645839,0,0.0,0.0,0.0,0.0,0.0,True,0.0,0.0
sano,365,1,67.93981007135159,47.55786704994611,1,1,4713525.528645839,4713525.528645839,0.0,0.0,0.0,0.0,4713525.528645839,0.0,1,0.0,4713525.528645839,0.0,4713525.528645839,0,0.0,0.0,0.0,0.0,0.0,True,0.0,0.0
sano,366,2,55.6929392294916,38.985057460644114,12,12,11872417.270940674,11872417.270940674,5311763.222757666,32.78866186887449,0.0030622789706876347,0.03314183685182735,11872417.270940674,0.03314183685182735,12,0.0030622789706876347,11872417.270940673,0.0030622789706876347,11872417.270940673,0,5311763.222757666,0.0030622789706876347,32.788661868874485,0.03314183685182735,0.0,True,0.0,0.0
sano,367,4,231.30782473706688,161.91547731594682,12,12,52547515.459236465,52547515.459236465,34393650.135807894,212.30648231980192,0.8552681949249571,0.6930298504065757,52547515.459236465,0.6930298504065757,12,0.8552681949249571,52547515.45923646,0.8552681949249571,52547515.45923646,0,34393650.1358079,0.8552681949249571,212.3064823198019,0.6930298504065757,0.0,False,0.0,0.0
sano,368,1,39.1052669261782,27.37368684832474,1,1,4713525.528645839,4713525.528645839,0.0,0.0,0.0,0.0,4713525.528645839,0.0,1,0.0,4713525.528645839,0.0,4713525.528645839,0,0.0,0.0,0.0,0.0,0.0,True,0.0,0.0
sano,369,1,76.55703599322901,53.5899251952603,1,1,4713525.528645839,4713525.528645839,0.0,0.0,0.0,0.0,4713525.528645839,0.0,1,0.0,4713525.528645839,0.0,4713525.528645839,0,0.0,0.0,0.0,0.0,0.0,True,0.0,0.0
sano,370,1,74.35706634421693,52.04994644095185,1,1,4713525.528645839,4713525.528645839,0.0,0.0,0.0,0.0,4713525.528645839,0.0,1,0.0,4713525.528645839,0.0,4713525.528645839,0,0.0,0.0,0.0,0.0,0.0,True,0.0,0.0
sano,371,2,71.20302216893153,49.842115518252065,12,12,9692843.553427218,9692843.553427218,3683004.1534930984,22.73459354008085,0.010914002112537695,0.052098829519540896,9692843.553427218,0.052098829519540896,12,0.010914002112537695,9692843.553427216,0.010914002112537697,9692843.553427216,0,3683004.153493098,0.010914002112537697,22.73459354008085,0.052098829519540896,0.0,True,0.0,0.0
sano,372,2,140.64574354927862,98.45202048449504,12,12,9884815.42534628,9884815.42534628,3795488.7494420274,23.428942897790296,0.0337651388544729,0.09302570488219303,9884815.42534628,0.09302570488219303,12,0.0337651388544729,9884815.425346278,0.0337651388544729,9884815.425346278,0,3795488.7494420274,0.0337651388544729,23.428942897790293,0.09302570488219303,0.0,True,0.0,0.0
sano,373,1,73.3189827168737,51.32328790181159,1,1,4713525.528645839,4713525.528645839,0.0,0.0,0.0,0.0,4713525.528645839,0.0,1,0.0,4713525.528645839,0.0,4713525.528645839,0,0.0,0.0,0.0,0.0,0.0,True,0.0,0.0
sano,374,1,88.14387494670251,61.700712462691754,1,1,4713525.528645839,4713525.528645839,0.0,0.0,0.0,0.0,4713525.528645839,0.0,1,0.0,4713525.528645839,0.0,4713525.528645839,0,0.0,0.0,0.0,0.0,0.0,True,0.0,0.0
sano,375,5,192.56227503641202,134.7935925254884,12,12,133388798.34710437,133388798.34710437,93426314.77734531,576.7056467737365,1.6119898416116383,2.9184346300182846,133388798.34710437,2.9184346300182846,12,1.6119898416116383,133388798.3471044,1.611989841611638,133388798.3471044,0,93426314.77734531,1.611989841611638,576.7056467737365,2.9184346300182846,0.0,True,0.0,0.0
sano,376,2,101.05628605102909,70.73940023572035,12,12,20336756.58332965,20336756.58332965,11455115.348702846,70.71058857223979,0.11083974602452222,0.2928075964189378,20336756.58332965,0.2928075964189378,12,0.11083974602452222,20336756.583329655,0.11083974602452219,20336756.583329655,0,11455115.348702846,0.11083974602452219,70.71058857223979,0.2928075964189378,0.0,True,0.0,0.0
sano,377,1,77.59569242570048,54.31698469799033,1,1,4713525.528645839,4713525.528645839,0.0,0.0,0.0,0.0,4713525.528645839,0.0,1,0.0,4713525.528645839,0.0,4713525.528645839,0,0.0,0.0,0.0,0.0,0.0,True,0.0,0.0
sano,378,2,225.16168556843627,157.61317989790538,12,12,17000052.60009783,17000052.60009783,8580020.523349542,52.96308965030584,0.4129416710664069,0.4891289454310885,17000052.60009783,0.4891289454310885,12,0.4129416710664069,17000052.600097828,0.4129416710664069,17000052.600097828,0,8580020.523349544,0.4129416710664069,52.96308965030583,0.4891289454310885,0.0,False,0.0,0.0
sano,379,2,209.2039200954639,146.44274406682473,12,12,16448369.83958455,16448369.83958455,8421777.151439177,51.98627871258751,0.22184613384427262,0.3551915703254179,16448369.83958455,0.3551915703254179,12,0.22184613384427262,16448369.839584546,0.2218461338442726,16448369.839584546,0,8421777.151439179,0.2218461338442726,51.98627871258752,0.3551915703254179,0.0,False,0.0,0.0
sano,380,4,143.959204156225,100.77144290935748,12,12,33154628.89132464,33154628.89132464,20805648.105847362,128.4299265793047,0.2380069027925985,0.38052641091937744,33154628.89132464,0.38052641091937744,12,0.2380069027925985,33154628.89132464,0.23800690279259853,33154628.89132464,0,20805648.105847362,0.23800690279259853,128.4299265793047,0.38052641091937744,0.0,True,0.0,0.0
sano,381,1,94.94991405436554,66.46493983805587,1,1,4713525.528645839,4713525.528645839,0.0,0.0,0.0,0.0,4713525.528645839,0.0,1,0.0,4713525.528645839,0.0,4713525.528645839,0,0.0,0.0,0.0,0.0,0.0,True,0.0,0.0
sano,382,1,137.56729128732798,96.29710390112957,1,1,4713525.528645839,4713525.528645839,0.0,0.0,0.0,0.0,4713525.528645839,0.0,1,0.0,4713525.528645839,0.0,4713525.528645839,0,0.0,0.0,0.0,0.0,0.0,True,0.0,0.0
sano,383,3,109.52252696740618,76.66576887718432,12,12,15233228.328628816,15233228.328628816,7702041.930570539,47.543468707225536,0.0830799783579024,0.1620159421594894,15233228.328628816,0.1620159421594894,12,0.0830799783579024,15233228.328628818,0.08307997835790241,15233228.328628818,0,7702041.930570537,0.08307997835790241,47.543468707225536,0.1620159421594894,0.0,True,0.0,0.0
sano,384,1,101.008869254834,70.70620847838379,1,1,4713525.528645839,4713525.528645839,0.0,0.0,0.0,0.0,4713525.528645839,0.0,1,0.0,4713525.528645839,0.0,4713525.528645839,0,0.0,0.0,0.0,0.0,0.0,True,0.0,0.0
sano,385,2,46.009697211122045,32.20678804778543,12,12,15056034.04080089,15056034.04080089,7663139.538120698,47.303330482226535,0.012639008360671564,0.08087135367443449,15056034.04080089,0.08087135367443449,12,0.012639008360671564,15056034.040800886,0.012639008360671566,15056034.040800886,0,7663139.538120697,0.012639008360671566,47.30333048222653,0.08087135367443449,0.0,True,0.0,0.0
sano,386,1,60.23990956652926,42.16793669657048,1,1,4713525.528645839,4713525.528645839,0.0,0.0,0.0,0.0,4713525.528645839,0.0,1,0.0,4713525.528645839,0.0,4713525.528645839,0,0.0,0.0,0.0,0.0,0.0,True,0.0,0.0
sano,387,2,95.7679822266328,67.03758755864295,12,12,53127138.94599718,53127138.94599718,35875676.78517877,221.45479497023925,0.05591390437111798,0.3680398171425748,53127138.94599718,0.3680398171425748,12,0.05591390437111798,53127138.94599718,0.05591390437111798,53127138.94599718,0,35875676.785178766,0.05591390437111798,221.45479497023928,0.3680398171425748,0.0,True,0.0,0.0
sano,388,2,77.8643528125408,54.505046968778565,12,12,15389353.330824586,15389353.330824586,7867591.625737564,48.56538040578743,0.045363343572131336,0.15524166022386393,15389353.330824586,0.15524166022386393,12,0.045363343572131336,15389353.330824587,0.04536334357213133,15389353.330824587,0,7867591.625737564,0.04536334357213133,48.56538040578743,0.15524166022386393,0.0,True,0.0,0.0
sano,389,1,43.96700913981833,30.77690639787283,1,1,4713525.528645839,4713525.528645839,0.0,0.0,0.0,0.0,4713525.528645839,0.0,1,0.0,4713525.528645839,0.0,4713525.528645839,0,0.0,0.0,0.0,0.0,0.0,True,0.0,0.0
sano,390,1,96.0640207023923,67.2448144916746,1,1,4713525.528645839,4713525.528645839,0.0,0.0,0.0,0.0,4713525.528645839,0.0,1,0.0,4713525.528645839,0.0,4713525.528645839,0,0.0,0.0,0.0,0.0,0.0,True,0.0,0.0
sano,391,3,109.17074913502023,76.41952439451416,12,12,31580177.560426306,31580177.560426306,19808188.405572522,122.27276793563281,0.10754200442932256,0.23358551061071103,31580177.560426306,0.23358551061071103,12,0.10754200442932256,31580177.560426306,0.10754200442932257,31580177.560426306,0,19808188.40557252,0.10754200442932257,122.27276793563281,0.23358551061071103,0.0,True,0.0,0.0
sano,392,3,156.74523952163017,109.72166766514111,12,12,15870169.392133424,15870169.392133424,8033600.488841023,49.59012647432729,0.19055806013895646,0.272555126202496,15870169.392133424,0.272555126202496,12,0.19055806013895646,15870169.392133428,0.19055806013895646,15870169.392133428,0,8033600.488841021,0.19055806013895646,49.59012647432729,0.272555126202496,0.0,True,0.0,0.0
