city,cluster,terminals,raw_kw,coinc_kw,n_s1,n_s1_feas,s1_npc_mean,s1_npc_feas_mean,s1_capex_mean,s1_length_mean,s1_plkw_mean,s1_vdrop_max,s1cond_npc_mean,s1cond_vdrop_max,n_s1cond_feas,s1cond_plkw_mean,s2f_npc,s2f_plkw,s2_npc,s2_w,s2_capex,s2_plkw,s2_length,s2_vdrop,s2_upsize_m,s2_feasible,vof_mean,tld
sano,0,1,37.23200288368277,22.33920173020966,1,1,4713525.528645839,4713525.528645839,0.0,0.0,0.0,0.0,4713525.528645839,0.0,1,0.0,4713525.528645839,0.0,4713525.528645839,0,0.0,0.0,0.0,0.0,0.0,True,0.0,0.0
sano,1,6,208.23572332725354,124.94143399635212,12,12,70405360.7726585,70405360.7726585,48021562.14515769,296.42939595776346,0.5757938689234232,0.8812358423303792,70405360.7726585,0.8812358423303792,12,0.5757938689234232,70405360.77265851,0.5757938689234233,70405360.77265851,0,48021562.14515768,0.5757938689234233,296.42939595776346,0.8812358423303792,0.0,True,0.0,0.0
sano,2,2,190.74081225019825,114.44448735011895,12,12,21301923.71290382,21301923.71290382,11913096.423671978,73.53763224488875,0.3074784757121773,0.49734130940552335,21301923.71290382,0.49734130940552335,12,0.3074784757121773,21301923.712903816,0.3074784757121773,21301923.712903816,0,11913096.423671978,0.3074784757121773,73.53763224488875,0.49734130940552335,0.0,True,0.0,0.0
sano,3,2,45.552343764404654,27.331406258642794,12,12,13499560.689368218,13499560.689368218,6518906.950100253,40.240166358643535,0.0038845808553123052,0.041351790508454014,13499560.689368218,0.041351790508454014,12,0.0038845808553123052,13499560.689368218,0.003884580855312305,13499560.689368218,0,6518906.950100252,0.003884580855312305,40.240166358643535,0.041351790508454014,0.0,True,0.0,0.0
sano,4,1,84.12100481020468,50.47260288612281,1,1,4713525.528645839,4713525.528645839,0.0,0.0,0.0,0.0,4713525.528645839,0.0,1,0.0,4713525.528645839,0.0,4713525.528645839,0,0.0,0.0,0.0,0.0,0.0,True,0.0,0.0
sano,5,3,99.00917734654911,59.40550640792946,12,12,24505466.62097911,24505466.62097911,14577750.36189077,89.98611334500477,0.09017657332016561,0.18890953346884756,24505466.62097911,0.18890953346884756,12,0.09017657332016561,24505466.620979108,0.09017657332016563,24505466.620979108,0,14577750.361890772,0.09017657332016563,89.98611334500477,0.18890953346884756,0.0,True,0.0,0.0
sano,6,3,187.43670989370818,112.46202593622492,12,12,14500564.812335253,14500564.812335253,7107782.716112514,43.87520195131183,0.12125596021302826,0.22945451564918576,14500564.812335253,0.22945451564918576,12,0.12125596021302826,14500564.812335253,0.12125596021302823,14500564.812335253,0,7107782.716112516,0.12125596021302823,43.87520195131182,0.22945451564918576,0.0,True,0.0,0.0
sano,7,1,51.54809168674748,30.928855012048487,1,1,4713525.528645839,4713525.528645839,0.0,0.0,0.0,0.0,4713525.528645839,0.0,1,0.0,4713525.528645839,0.0,4713525.528645839,0,0.0,0.0,0.0,0.0,0.0,True,0.0,0.0
sano,8,1,69.26173387727842,41.55704032636705,1,1,4713525.528645839,4713525.528645839,0.0,0.0,0.0,0.0,4713525.528645839,0.0,1,0.0,4713525.528645839,0.0,4713525.528645839,0,0.0,0.0,0.0,0.0,0.0,True,0.0,0.0
sano,9,3,147.17188789905086,88.3031327394305,12,12,18604689.71195222,18604689.71195222,10282668.472267447,63.47326217449041,0.0244237179787285,0.12682433860637235,18604689.71195222,0.12682433860637235,12,0.0244237179787285,18604689.711952224,0.0244237179787285,18604689.711952224,0,10282668.472267445,0.0244237179787285,63.47326217449041,0.12682433860637235,0.0,True,0.0,0.0
sano,10,1,87.23231077549636,52.339386465297814,1,1,4713525.528645839,4713525.528645839,0.0,0.0,0.0,0.0,4713525.528645839,0.0,1,0.0,4713525.528645839,0.0,4713525.528645839,0,0.0,0.0,0.0,0.0,0.0,True,0.0,0.0
sano,11,2,122.46255132044408,73.47753079226644,12,12,57763781.904224835,57763781.904224835,38930725.18189438,240.3131184067555,0.3507321123150165,0.9602158212483374,57763781.904224835,0.9602158212483374,12,0.3507321123150165,57763781.90422482,0.35073211231501644,57763781.90422482,0,38930725.181894384,0.35073211231501644,240.31311840675545,0.9602158212483374,0.0,True,0.0,0.0
sano,12,2,177.19166865330033,106.31500119198017,12,12,6476284.93484513,6476284.93484513,1273761.1156438407,7.862722936073094,0.026729446825083488,0.04794836737824425,6476284.93484513,0.04794836737824425,12,0.026729446825083488,6476284.934845129,0.026729446825083488,6476284.934845129,0,1273761.115643841,0.026729446825083488,7.862722936073093,0.04794836737824425,0.0,True,0.0,0.0
sano,13,2,90.41167710152908,54.247006260917445,12,12,16392310.341731219,16392310.341731219,8644784.348786611,53.36286635053465,0.020695490861499945,0.1099131850532193,16392310.341731219,0.1099131850532193,12,0.020695490861499945,16392310.341731219,0.020695490861499948,16392310.341731219,0,8644784.348786613,0.020695490861499948,53.36286635053465,0.1099131850532193,0.0,True,0.0,0.0
sano,14,3,173.01592816228163,103.80955689736896,12,12,21375032.295225084,21375032.295225084,12143821.550559765,74.96186142320845,0.17336571098754958,0.3514722839415338,21375032.295225084,0.3514722839415338,12,0.17336571098754958,21375032.295225084,0.17336571098754958,21375032.295225084,0,12143821.550559767,0.17336571098754958,74.96186142320845,0.3514722839415338,0.0,True,0.0,0.0
sano,15,2,53.41369613388528,32.04821768033117,12,12,12743760.911385218,12743760.911385218,5949137.807744152,36.72307288730958,0.010386987608705099,0.06459615479650191,12743760.911385218,0.06459615479650191,12,0.010386987608705099,12743760.91138522,0.010386987608705097,12743760.91138522,0,5949137.807744152,0.010386987608705097,36.72307288730958,0.06459615479650191,0.0,True,0.0,0.0
sano,16,1,77.59569242570048,46.55741545542028,1,1,4713525.528645839,4713525.528645839,0.0,0.0,0.0,0.0,4713525.528645839,0.0,1,0.0,4713525.528645839,0.0,4713525.528645839,0,0.0,0.0,0.0,0.0,0.0,True,0.0,0.0
sano,17,2,141.39378549684096,84.83627129810456,12,12,44616762.65261661,44616762.65261661,29163420.172426026,180.02111217546926,0.35458208539775554,0.8356270070030412,44616762.65261661,0.8356270070030412,12,0.35458208539775554,44616762.65261661,0.35458208539775554,44616762.65261661,0,29163420.172426023,0.35458208539775554,180.02111217546928,0.8356270070030412,0.0,True,0.0,0.0
sano,18,5,290.1884172760755,174.11305036564528,12,12,47084908.42224455,47084908.42224455,29795103.408096652,183.92039140800395,1.2674912516166617,1.1807586911644838,47084908.42224455,1.1807586911644838,12,1.2674912516166617,47084908.42224455,1.2674912516166619,47084908.42224455,0,29795103.408096645,1.2674912516166619,183.92039140800395,1.1807586911644838,0.0,False,0.0,0.0
sano,19,1,35.44887802379071,21.269326814274425,1,1,4713525.528645839,4713525.528645839,0.0,0.0,0.0,0.0,4713525.528645839,0.0,1,0.0,4713525.528645839,0.0,4713525.528645839,0,0.0,0.0,0.0,0.0,0.0,True,0.0,0.0
sano,20,2,122.69905541632414,73.61943324979448,12,12,28788469.676331893,28788469.676331893,17849935.164783012,110.18478496779638,0.020347860640995977,0.1566074954032641,28788469.676331893,0.1566074954032641,12,0.020347860640995977,28788469.676331896,0.02034786064099598,28788469.676331896,0,17849935.164783016,0.02034786064099598,110.1847849677964,0.1566074954032641,0.0,True,0.0,0.0
sano,21,1,50.4016247025668,30.240974821540078,1,1,4713525.528645839,4713525.528645839,0.0,0.0,0.0,0.0,4713525.528645839,0.0,1,0.0,4713525.528645839,0.0,4713525.528645839,0,0.0,0.0,0.0,0.0,0.0,True,0.0,0.0
sano,22,3,203.66974028545815,122.20184417127487,12,12,29603240.997442823,29603240.997442823,18349202.742318362,113.26668359455778,0.10071874801727898,0.20632589423128941,29603240.997442823,0.20632589423128941,12,0.10071874801727898,29603240.99744282,0.10071874801727898,29603240.99744282,0,18349202.742318362,0.10071874801727898,113.26668359455778,0.20632589423128941,0.0,True,0.0,0.0
sano,23,2,42.76379759397004,25.658278556382022,12,12,12891886.769452676,12891886.769452676,6068836.8425267665,37.46195581806647,0.0030070326111185618,0.035104003176555765,12891886.769452676,0.035104003176555765,12,0.0030070326111185618,12891886.769452676,0.0030070326111185618,12891886.769452676,0,6068836.842526767,0.0030070326111185618,37.461955818066464,0.035104003176555765,0.0,True,0.0,0.0
sano,24,3,220.54170524972034,132.3250231498322,12,12,44541829.550199345,44541829.550199345,28037115.44714631,173.06861387127356,1.1684034465299142,1.398498010583066,44541829.550199345,1.398498010583066,12,1.1684034465299142,44541829.55019935,1.168403446529914,44541829.55019935,0,28037115.447146315,1.168403446529914,173.06861387127356,1.398498010583066,0.0,True,0.0,0.0
sano,25,1,69.66629070079071,41.79977442047443,1,1,4713525.528645839,4713525.528645839,0.0,0.0,0.0,0.0,4713525.528645839,0.0,1,0.0,4713525.528645839,0.0,4713525.528645839,0,0.0,0.0,0.0,0.0,0.0,True,0.0,0.0
sano,26,2,26.58812640041595,15.952875840249568,12,12,13033093.220303068,13033093.220303068,6175400.6426512,38.119757053402466,0.0017058772943193137,0.02667112340881379,13033093.220303068,0.02667112340881379,12,0.0017058772943193137,13033093.220303068,0.0017058772943193139,13033093.220303068,0,6175400.6426512,0.0017058772943193139,38.11975705340247,0.02667112340881379,0.0,True,0.0,0.0
sano,27,2,103.15575872975553,61.89345523785332,12,12,21332708.40772832,21332708.40772832,12293416.374287808,75.88528626103584,0.03576907478169884,0.1723157577682612,21332708.40772832,0.1723157577682612,12,0.03576907478169884,21332708.407728326,0.03576907478169885,21332708.407728326,0,12293416.374287806,0.03576907478169885,75.88528626103584,0.1723157577682612,0.0,True,0.0,0.0
sano,28,4,163.13272087525826,97.87963252515493,12,12,37143008.47856106,37143008.47856106,23977443.246296447,148.0089089277558,0.07819552392309297,0.2325497579997852,37143008.47856106,0.2325497579997852,12,0.07819552392309297,37143008.478561066,0.07819552392309298,37143008.478561066,0,23977443.246296447,0.07819552392309298,148.00890892775584,0.2325497579997852,0.0,True,0.0,0.0
sano,29,2,116.77537789468158,70.06522673680895,12,12,17272457.31519949,17272457.31519949,9245605.773623466,57.07164057792263,0.06077332604480432,0.19478658054229084,17272457.31519949,0.19478658054229084,12,0.06077332604480432,17272457.315199487,0.06077332604480432,17272457.315199487,0,9245605.773623466,0.06077332604480432,57.07164057792263,0.19478658054229084,0.0,True,0.0,0.0
sano,30,1,82.3137238883725,49.3882343330235,1,1,4713525.528645839,4713525.528645839,0.0,0.0,0.0,0.0,4713525.528645839,0.0,1,0.0,4713525.528645839,0.0,4713525.528645839,0,0.0,0.0,0.0,0.0,0.0,True,0.0,0.0
sano,31,4,136.20222003901225,81.72133202340734,12,12,33932644.28100352,33932644.28100352,21572041.209368203,133.1607482059766,0.09458760967984041,0.29393822269827014,33932644.28100352,0.29393822269827014,12,0.09458760967984041,33932644.28100351,0.09458760967984042,33932644.28100351,0,21572041.209368207,0.09458760967984042,133.16074820597657,0.29393822269827014,0.0,True,0.0,0.0
sano,32,1,52.627107925173696,31.576264755104216,1,1,4713525.528645839,4713525.528645839,0.0,0.0,0.0,0.0,4713525.528645839,0.0,1,0.0,4713525.528645839,0.0,4713525.528645839,0,0.0,0.0,0.0,0.0,0.0,True,0.0,0.0
sano,33,2,138.56706919299236,83.14024151579542,12,12,15427526.940532772,15427526.940532772,7921008.084410534,48.89511163216378,0.026306738586659006,0.11862017983323599,15427526.940532772,0.11862017983323599,12,0.026306738586659006,15427526.940532772,0.02630673858665901,15427526.940532772,0,7921008.084410534,0.02630673858665901,48.89511163216379,0.11862017983323599,0.0,True,0.0,0.0
sano,34,1,39.1052669261782,23.46316015570692,1,1,4713525.528645839,4713525.528645839,0.0,0.0,0.0,0.0,4713525.528645839,0.0,1,0.0,4713525.528645839,0.0,4713525.528645839,0,0.0,0.0,0.0,0.0,0.0,True,0.0,0.0
sano,35,1,78.06624312237031,46.83974587342218,1,1,4713525.528645839,4713525.528645839,0.0,0.0,0.0,0.0,4713525.528645839,0.0,1,0.0,4713525.528645839,0.0,4713525.528645839,0,0.0,0.0,0.0,0.0,0.0,True,0.0,0.0
sano,36,3,146.1214348190309,87.67286089141854,12,12,29183726.635075737,29183726.635075737,18027738.984743766,111.2823394119985,0.10828631548887863,0.24423703289094176,29183726.635075737,0.24423703289094176,12,0.10828631548887863,29183726.635075737,0.10828631548887861,29183726.635075737,0,18027738.984743763,0.10828631548887861,111.28233941199852,0.24423703289094176,0.0,True,0.0,0.0
sano,37,6,191.09003632509206,114.65402179505523,12,12,46680680.98995348,46680680.98995348,30798164.510424946,190.1121266075614,0.2769033204941156,0.3819329681774882,46680680.98995348,0.3819329681774882,12,0.2769033204941156,46578100.79378383,0.27562024430910764,46578100.79378383,0,30723682.218793336,0.27562024430910764,189.6523593752675,0.343875879631632,0.0,True,102580.19616965204,0.0
sano,38,1,101.008869254834,60.60532155290039,1,1,4713525.528645839,4713525.528645839,0.0,0.0,0.0,0.0,4713525.528645839,0.0,1,0.0,4713525.528645839,0.0,4713525.528645839,0,0.0,0.0,0.0,0.0,0.0,True,0.0,0.0
sano,39,3,159.60150220270535,95.76090132162322,12,12,35610915.60976839,35610915.60976839,22754017.561946,140.45689853053088,0.143397205456451,0.32274295858894686,35610915.60976839,0.32274295858894686,12,0.143397205456451,35610915.60976839,0.143397205456451,35610915.60976839,0,22754017.561945997,0.143397205456451,140.45689853053085,0.32274295858894686,0.0,True,0.0,0.0
sano,40,1,101.22281469781136,60.733688818686815,1,1,4713525.528645839,4713525.528645839,0.0,0.0,0.0,0.0,4713525.528645839,0.0,1,0.0,4713525.528645839,0.0,4713525.528645839,0,0.0,0.0,0.0,0.0,0.0,True,0.0,0.0
sano,41,2,24.801865988784854,14.881119593270913,12,12,13249875.45415491,13249875.45415491,6335993.816072491,39.11107293871908,0.001992566979085414,0.02919770269408551,13249875.45415491,0.02919770269408551,12,0.001992566979085414,13249875.454154912,0.0019925669790854137,13249875.454154912,0,6335993.816072491,0.0019925669790854137,39.11107293871908,0.02919770269408551,0.0,True,0.0,0.0
sano,42,1,11.595979314790778,6.957587588874467,1,1,4713525.528645839,4713525.528645839,0.0,0.0,0.0,0.0,4713525.528645839,0.0,1,0.0,4713525.528645839,0.0,4713525.528645839,0,0.0,0.0,0.0,0.0,0.0,True,0.0,0.0
sano,43,2,58.17456406897267,34.9047384413836,12,12,15148168.752546124,15148168.752546124,7737975.693384904,47.76528205793152,0.007757525757651142,0.06366637734725523,15148168.752546124,0.06366637734725523,12,0.007757525757651142,15148168.75254612,0.007757525757651144,15148168.75254612,0,7737975.693384906,0.007757525757651144,47.76528205793152,0.06366637734725523,0.0,True,0.0,0.0
sano,44,2,52.56194012681161,31.537164076086967,12,12,7997943.909213424,7997943.909213424,2433984.438631851,15.024595300196614,0.0036794257980687453,0.024591429126719966,7997943.909213424,0.024591429126719966,12,0.0036794257980687453,7997943.909213424,0.003679425798068746,7997943.909213424,0,2433984.438631851,0.003679425798068746,15.024595300196614,0.024591429126719966,0.0,True,0.0,0.0
sano,45,3,146.63113098550662,87.97867859130398,12,12,44115154.84508145,44115154.84508145,28889764.839629292,178.33188172610673,0.2794752868165488,0.7060088619052113,44115154.84508145,0.7060088619052113,12,0.2794752868165488,44115154.84508145,0.2794752868165488,44115154.84508145,0,28889764.839629292,0.2794752868165488,178.33188172610673,0.7060088619052113,0.0,True,0.0,0.0
sano,46,2,94.32330129939555,56.593980779637334,12,12,15306846.47339947,15306846.47339947,7829381.939101268,48.32951814260043,0.02783880811746824,0.12131762617600052,15306846.47339947,0.12131762617600052,12,0.02783880811746824,15306846.473399475,0.02783880811746824,15306846.473399475,0,7829381.9391012695,0.02783880811746824,48.32951814260043,0.12131762617600052,0.0,True,0.0,0.0
sano,47,1,30.044442737770268,18.02666564266216,1,1,4713525.528645839,4713525.528645839,0.0,0.0,0.0,0.0,4713525.528645839,0.0,1,0.0,4713525.528645839,0.0,4713525.528645839,0,0.0,0.0,0.0,0.0,0.0,True,0.0,0.0
sano,48,1,74.35706634421693,44.61423980653016,1,1,4713525.528645839,4713525.528645839,0.0,0.0,0.0,0.0,4713525.528645839,0.0,1,0.0,4713525.528645839,0.0,4713525.528645839,0,0.0,0.0,0.0,0.0,0.0,True,0.0,0.0
sano,49,2,176.72031651310738,106.03218990786442,12,12,19118885.358977202,19118885.358977202,10486041.36980808,64.72865043091407,0.16005760945994238,0.33665013404758637,19118885.358977202,0.33665013404758637,12,0.16005760945994238,19118885.358977206,0.16005760945994238,19118885.358977206,0,10486041.36980808,0.16005760945994238,64.72865043091407,0.33665013404758637,0.0,True,0.0,0.0
sano,50,1,18.185683991017093,10.911410394610256,1,1,4713525.528645839,4713525.528645839,0.0,0.0,0.0,0.0,4713525.528645839,0.0,1,0.0,4713525.528645839,0.0,4713525.528645839,0,0.0,0.0,0.0,0.0,0.0,True,0.0,0.0
sano,51,1,79.6155734204733,47.76934405228398,1,1,4713525.528645839,4713525.528645839,0.0,0.0,0.0,0.0,4713525.528645839,0.0,1,0.0,4713525.528645839,0.0,4713525.528645839,0,0.0,0.0,0.0,0.0,0.0,True,0.0,0.0
sano,52,2,72.60778164949912,43.56466898969946,12,12,6144276.102277757,6144276.102277757,1059115.692987727,6.537751191282266,0.0024928016815426754,0.013352125669518124,6144276.102277757,0.013352125669518124,12,0.0024928016815426754,6144276.102277758,0.002492801681542675,6144276.102277758,0,1059115.692987727,0.002492801681542675,6.537751191282265,0.013352125669518124,0.0,True,0.0,0.0
sano,53,1,16.739168535297974,10.043501121178783,1,1,4713525.528645839,4713525.528645839,0.0,0.0,0.0,0.0,4713525.528645839,0.0,1,0.0,4713525.528645839,0.0,4713525.528645839,0,0.0,0.0,0.0,0.0,0.0,True,0.0,0.0
sano,54,1,74.53793612578636,44.722761675471816,1,1,4713525.528645839,4713525.528645839,0.0,0.0,0.0,0.0,4713525.528645839,0.0,1,0.0,4713525.528645839,0.0,4713525.528645839,0,0.0,0.0,0.0,0.0,0.0,True,0.0,0.0
sano,55,3,168.40814196093365,101.0448851765602,12,12,10638641.78048387,10638641.78048387,4356028.582036361,26.88906532121211,0.033164187654015805,0.09758241841653913,10638641.78048387,0.09758241841653913,12,0.033164187654015805,10638641.780483868,0.03316418765401581,10638641.780483868,0,4356028.582036361,0.03316418765401581,26.889065321212108,0.09758241841653913,0.0,True,0.0,0.0
sano,56,2,116.0598313161008,69.63589878966047,12,12,9571455.579147276,9571455.579147276,3586957.0535416957,22.141710207047506,0.015407153032237358,0.06108845364683688,9571455.579147276,0.06108845364683688,12,0.015407153032237358,9571455.579147274,0.015407153032237358,9571455.579147274,0,3586957.0535416952,0.015407153032237358,22.141710207047502,0.06108845364683688,0.0,True,0.0,0.0
sano,57,2,51.911362610428256,31.146817566256956,12,12,10253242.065916238,10253242.065916238,4107641.0271716886,25.355808809701788,0.004440658551760894,0.03509577015701182,10253242.065916238,0.03509577015701182,12,0.004440658551760894,10253242.065916238,0.004440658551760894,10253242.065916238,0,4107641.02717169,0.004440658551760894,25.35580880970179,0.03509577015701182,0.0,True,0.0,0.0
sano,58,2,188.65144421745708,113.19086653047424,12,12,25141939.78120124,25141939.78120124,14861689.122098476,91.73882174134862,0.23358681506440568,0.4841646685564909,25141939.78120124,0.4841646685564909,12,0.23358681506440568,25141939.781201236,0.2335868150644057,25141939.781201236,0,14861689.122098476,0.2335868150644057,91.73882174134862,0.4841646685564909,0.0,True,0.0,0.0
sano,59,3,196.43061319999447,117.85836791999668,12,12,63747145.85305354,63747145.85305354,42542576.55972213,262.6084972822355,0.982428163863743,1.6373955400860463,63747145.85305354,1.6373955400860463,12,0.982428163863743,63747145.853053525,0.982428163863743,63747145.853053525,0,42542576.55972214,0.982428163863743,262.6084972822355,1.6373955400860463,0.0,True,0.0,0.0
sano,60,1,5.936246357380727,3.5617478144284362,1,1,4713525.528645839,4713525.528645839,0.0,0.0,0.0,0.0,4713525.528645839,0.0,1,0.0,4713525.528645839,0.0,4713525.528645839,0,0.0,0.0,0.0,0.0,0.0,True,0.0,0.0
sano,61,3,98.39364797106431,59.036188782638575,12,12,22467702.435422394,22467702.435422394,13110494.849614779,80.92898055317765,0.055307308752424476,0.14388920067755062,22467702.435422394,0.14388920067755062,12,0.055307308752424476,22467702.4354224,0.05530730875242446,22467702.4354224,0,13110494.84961478,0.05530730875242446,80.92898055317765,0.14388920067755062,0.0,True,0.0,0.0
sano,62,1,39.48021992074765,23.68813195244859,1,1,4713525.528645839,4713525.528645839,0.0,0.0,0.0,0.0,4713525.528645839,0.0,1,0.0,4713525.528645839,0.0,4713525.528645839,0,0.0,0.0,0.0,0.0,0.0,True,0.0,0.0
sano,63,1,74.65842573027452,44.79505543816471,1,1,4713525.528645839,4713525.528645839,0.0,0.0,0.0,0.0,4713525.528645839,0.0,1,0.0,4713525.528645839,0.0,4713525.528645839,0,0.0,0.0,0.0,0.0,0.0,True,0.0,0.0
sano,64,1,66.4277758397742,39.85666550386452,1,1,4713525.528645839,4713525.528645839,0.0,0.0,0.0,0.0,4713525.528645839,0.0,1,0.0,4713525.528645839,0.0,4713525.528645839,0,0.0,0.0,0.0,0.0,0.0,True,0.0,0.0
sano,65,1,16.80982428615527,10.085894571693162,1,1,4713525.528645839,4713525.528645839,0.0,0.0,0.0,0.0,4713525.528645839,0.0,1,0.0,4713525.528645839,0.0,4713525.528645839,0,0.0,0.0,0.0,0.0,0.0,True,0.0,0.0
sano,66,2,116.40797584345084,69.84478550607051,12,12,15834742.58209803,15834742.58209803,8182486.121822778,50.509173591498644,0.0573932975238363,0.17807709930468033,15834742.58209803,0.17807709930468033,12,0.0573932975238363,15834742.582098028,0.05739329752383631,15834742.582098028,0,8182486.121822779,0.05739329752383631,50.50917359149864,0.17807709930468033,0.0,True,0.0,0.0
sano,67,2,14.21778194114621,8.530669164687726,12,12,6502251.1004760945,6502251.1004760945,1328179.553209251,8.198639217341055,2.116888964591494e-05,0.0013778828028071749,6502251.1004760945,0.0013778828028071749,12,2.116888964591494e-05,6502251.1004760945,2.1168889645914938e-05,6502251.1004760945,0,1328179.553209251,2.1168889645914938e-05,8.198639217341055,0.0013778828028071749,0.0,True,0.0,0.0
sano,68,2,16.362845727960988,9.817707436776592,12,12,20376176.205232892,20376176.205232892,11628486.803400641,71.78078273704101,0.001307500363137797,0.03204183328954404,20376176.205232892,0.03204183328954404,12,0.001307500363137797,20376176.205232896,0.001307500363137797,20376176.205232896,0,11628486.803400643,0.001307500363137797,71.780782737041,0.03204183328954404,0.0,True,0.0,0.0
sano,69,3,96.68842279978199,58.01305367986919,12,12,14711421.984065393,14711421.984065393,7385884.01939039,45.59187666290365,0.02887943602382825,0.0733974147971928,14711421.984065393,0.0733974147971928,12,0.02887943602382825,14711421.984065395,0.028879436023828246,14711421.984065395,0,7385884.019390391,0.028879436023828246,45.59187666290365,0.0733974147971928,0.0,True,0.0,0.0
sano,70,6,249.2013659859429,149.52081959156575,12,12,57389449.36522158,57389449.36522158,37661361.894963674,232.47754256150404,1.1043082081321374,1.3247909925471928,57389449.36522158,1.3247909925471928,12,1.1043082081321374,57389449.365221575,1.1043082081321376,57389449.365221575,0,37661361.894963674,1.1043082081321376,232.4775425615041,1.3247909925471928,0.0,False,0.0,0.0
sano,71,1,71.96258327170281,43.17754996302168,1,1,4713525.528645839,4713525.528645839,0.0,0.0,0.0,0.0,4713525.528645839,0.0,1,0.0,4713525.528645839,0.0,4713525.528645839,0,0.0,0.0,0.0,0.0,0.0,True,0.0,0.0
sano,72,1,101.92396722710912,61.15438033626547,1,1,4713525.528645839,4713525.528645839,0.0,0.0,0.0,0.0,4713525.528645839,0.0,1,0.0,4713525.528645839,0.0,4713525.528645839,0,0.0,0.0,0.0,0.0,0.0,True,0.0,0.0
sano,73,4,56.68228496288633,34.0093709777318,12,12,13627258.982071899,13627258.982071899,6603353.90786134,40.761443875687284,0.011770441652924365,0.043597222769616965,13627258.982071899,0.043597222769616965,12,0.011770441652924365,13627258.982071897,0.011770441652924363,13627258.982071897,0,6603353.90786134,0.011770441652924363,40.761443875687284,0.043597222769616965,0.0,True,0.0,0.0
sano,74,3,181.51159114217464,108.90695468530477,12,12,24807523.91194408,24807523.91194408,14661855.769213773,90.50528252601093,0.19673281131379602,0.30398037055430294,24807523.91194408,0.30398037055430294,12,0.19673281131379602,24807523.911944076,0.196732811313796,24807523.911944076,0,14661855.769213775,0.196732811313796,90.50528252601094,0.30398037055430294,0.0,True,0.0,0.0
sano,76,2,147.10934447043417,88.26560668226048,12,12,8433108.019328548,8433108.019328548,2746844.219011462,16.955828512416424,0.011484767284870056,0.0461543841103745,8433108.019328548,0.0461543841103745,12,0.011484767284870056,8433108.019328546,0.011484767284870056,8433108.019328546,0,2746844.2190114614,0.011484767284870056,16.955828512416428,0.0461543841103745,0.0,True,0.0,0.0
sano,77,1,102.45874609968126,61.47524765980876,1,1,4713525.528645839,4713525.528645839,0.0,0.0,0.0,0.0,4713525.528645839,0.0,1,0.0,4713525.528645839,0.0,4713525.528645839,0,0.0,0.0,0.0,0.0,0.0,True,0.0,0.0
sano,78,1,13.400462799118843,8.040277679471306,1,1,4713525.528645839,4713525.528645839,0.0,0.0,0.0,0.0,4713525.528645839,0.0,1,0.0,4713525.528645839,0.0,4713525.528645839,0,0.0,0.0,0.0,0.0,0.0,True,0.0,0.0
sano,79,1,84.7427079624514,50.84562477747084,1,1,4713525.528645839,4713525.528645839,0.0,0.0,0.0,0.0,4713525.528645839,0.0,1,0.0,4713525.528645839,0.0,4713525.528645839,0,0.0,0.0,0.0,0.0,0.0,True,0.0,0.0
sano,80,2,83.09657661396915,49.857945968381486,12,12,15066357.706816198,15066357.706816198,7664204.037492986,47.30990146600607,0.017656700150327383,0.09559235152749986,15066357.706816198,0.09559235152749986,12,0.017656700150327383,15066357.706816198,0.017656700150327383,15066357.706816198,0,7664204.037492983,0.017656700150327383,47.30990146600607,0.09559235152749986,0.0,True,0.0,0.0
sano,81,1,68.9910100322999,41.394606019379935,1,1,4713525.528645839,4713525.528645839,0.0,0.0,0.0,0.0,4713525.528645839,0.0,1,0.0,4713525.528645839,0.0,4713525.528645839,0,0.0,0.0,0.0,0.0,0.0,True,0.0,0.0
sano,82,1,98.1585950728474,58.89515704370844,1,1,4713525.528645839,4713525.528645839,0.0,0.0,0.0,0.0,4713525.528645839,0.0,1,0.0,4713525.528645839,0.0,4713525.528645839,0,0.0,0.0,0.0,0.0,0.0,True,0.0,0.0
sano,83,2,158.05364496680664,94.83218698008397,12,12,15780532.410028629,15780532.410028629,8087314.890843157,49.92169685705653,0.09913682360422342,0.23267757120165575,15780532.410028629,0.23267757120165575,12,0.09913682360422342,15780532.410028625,0.09913682360422343,15780532.410028625,0,8087314.890843158,0.09913682360422343,49.92169685705653,0.23267757120165575,0.0,True,0.0,0.0
sano,84,3,184.9477093147525,110.9686255888515,12,12,70924514.2416887,70924514.2416887,48478711.87686879,299.25130788190614,0.5213278955229212,0.7123433353703629,70924514.2416887,0.7123433353703629,12,0.5213278955229212,70924514.24168868,0.5213278955229214,70924514.24168868,0,48478711.87686879,0.5213278955229214,299.25130788190614,0.7123433353703629,0.0,True,0.0,0.7142857142857143
sano,85,1,46.63767996696443,27.982607980178656,1,1,4713525.528645839,4713525.528645839,0.0,0.0,0.0,0.0,4713525.528645839,0.0,1,0.0,4713525.528645839,0.0,4713525.528645839,0,0.0,0.0,0.0,0.0,0.0,True,0.0,0.0
sano,86,2,132.64994997265197,79.58996998359117,12,12,18211310.5200707,18211310.5200707,9957849.53182798,61.468206986592456,0.04929266253764133,0.182057579177202,18211310.5200707,0.182057579177202,12,0.04929266253764133,18211310.5200707,0.04929266253764133,18211310.5200707,0,9957849.531827979,0.04929266253764133,61.468206986592456,0.182057579177202,0.0,True,0.0,0.0
sano,87,3,248.60627824457714,149.16376694674628,12,12,30370314.13704951,30370314.13704951,18464421.3638416,113.97790965334322,0.44608726945346006,0.4484885764424003,30370314.13704951,0.4484885764424003,12,0.44608726945346006,30370314.137049515,0.4460872694534601,30370314.137049515,0,18464421.363841604,0.4460872694534601,113.97790965334323,0.4484885764424003,0.0,False,0.0,0.0
sano,88,2,68.21166694025257,40.92700016415154,12,12,23138687.03489976,23138687.03489976,13662719.165529998,84.33777262672838,0.01426996403116456,0.11474000256562358,23138687.03489976,0.11474000256562358,12,0.01426996403116456,23138687.034899756,0.014269964031164557,23138687.034899756,0,13662719.16553,0.014269964031164557,84.3377726267284,0.11474000256562358,0.0,True,0.0,0.0
sano,89,1,34.12934474988618,20.477606849931707,1,1,4713525.528645839,4713525.528645839,0.0,0.0,0.0,0.0,4713525.528645839,0.0,1,0.0,4713525.528645839,0.0,4713525.528645839,0,0.0,0.0,0.0,0.0,0.0,True,0.0,0.0
sano,90,1,97.50475158416914,58.50285095050148,1,1,4713525.528645839,4713525.528645839,0.0,0.0,0.0,0.0,4713525.528645839,0.0,1,0.0,4713525.528645839,0.0,4713525.528645839,0,0.0,0.0,0.0,0.0,0.0,True,0.0,0.0
sano,91,2,81.55473699128314,48.932842194769876,12,12,12771432.515643293,12771432.515643293,5966397.041153486,36.82961136514497,0.012886340788794104,0.07205360705177075,12771432.515643293,0.07205360705177075,12,0.012886340788794104,12771432.515643293,0.012886340788794103,12771432.515643293,0,5966397.041153486,0.012886340788794103,36.82961136514498,0.07205360705177075,0.0,True,0.0,0.0
sano,92,1,35.04852755385766,21.029116532314596,1,1,4713525.528645839,4713525.528645839,0.0,0.0,0.0,0.0,4713525.528645839,0.0,1,0.0,4713525.528645839,0.0,4713525.528645839,0,0.0,0.0,0.0,0.0,0.0,True,0.0,0.0
sano,93,2,113.9969824307358,68.39818945844148,12,12,32048196.677882973,32048196.677882973,20243798.977562223,124.96172208371742,0.040587172870636075,0.23554573987917002,32048196.677882973,0.23554573987917002,12,0.040587172870636075,32048196.677882977,0.04058717287063608,32048196.677882977,0,20243798.977562223,0.04058717287063608,124.96172208371742,0.23554573987917002,0.0,True,0.0,0.0
sano,94,2,96.22756658561953,57.73653995137171,12,12,15910377.197578395,15910377.197578395,8311240.468176859,51.303953507264566,0.0022152014271679342,0.03525935637828112,15910377.197578395,0.03525935637828112,12,0.0022152014271679342,15910377.197578395,0.0022152014271679347,15910377.197578395,0,8311240.468176859,0.0022152014271679347,51.303953507264566,0.03525935637828112,0.0,True,0.0,0.0
sano,95,3,88.92135352747405,53.35281211648443,12,12,83926424.69691382,83926424.69691382,58598266.558785796,361.7176948073198,0.16782814928494538,0.8110301348373493,83926424.69691382,0.8110301348373493,12,0.16782814928494538,83926424.69691382,0.16782814928494538,83926424.69691382,0,58598266.558785796,0.16782814928494538,361.7176948073198,0.8110301348373493,0.0,True,0.0,0.0
sano,96,1,78.32777268818633,46.996663612911796,1,1,4713525.528645839,4713525.528645839,0.0,0.0,0.0,0.0,4713525.528645839,0.0,1,0.0,4713525.528645839,0.0,4713525.528645839,0,0.0,0.0,0.0,0.0,0.0,True,0.0,0.0
sano,97,1,4.906888759605884,2.9441332557635307,1,1,4713525.528645839,4713525.528645839,0.0,0.0,0.0,0.0,4713525.528645839,0.0,1,0.0,4713525.528645839,0.0,4713525.528645839,0,0.0,0.0,0.0,0.0,0.0,True,0.0,0.0
sano,98,1,60.31007588654353,36.18604553192612,1,1,4713525.528645839,4713525.528645839,0.0,0.0,0.0,0.0,4713525.528645839,0.0,1,0.0,4713525.528645839,0.0,4713525.528645839,0,0.0,0.0,0.0,0.0,0.0,True,0.0,0.0
sano,99,2,18.63659888721473,11.181959332328839,12,12,6575694.130664616,6575694.130664616,1382350.5516164023,8.533028096397546,0.00029760653524659364,0.005270662070432016,6575694.130664616,0.005270662070432016,12,0.00029760653524659364,6575694.130664615,0.0002976065352465936,6575694.130664615,0,1382350.5516164023,0.0002976065352465936,8.533028096397546,0.005270662070432016,0.0,True,0.0,0.0
sano,100,3,101.86977688461755,61.12186613077053,12,12,25738899.636448067,25738899.636448067,15540521.648946665,95.92914598115225,0.05453274643501884,0.15651062142528074,25738899.636448067,0.15651062142528074,12,0.05453274643501884,25738899.636448063,0.05453274643501884,25738899.636448063,0,15540521.648946662,0.05453274643501884,95.92914598115223,0.15651062142528074,0.0,True,0.0,0.0
sano,101,1,112.05847869288648,67.23508721573188,1,1,4713525.528645839,4713525.528645839,0.0,0.0,0.0,0.0,4713525.528645839,0.0,1,0.0,4713525.528645839,0.0,4713525.528645839,0,0.0,0.0,0.0,0.0,0.0,True,0.0,0.0
sano,102,3,180.9044578524768,108.54267471148609,12,12,28258532.66953056,28258532.66953056,17024228.911289148,105.08783278573544,0.3488706880538835,0.4120096120827933,28258532.66953056,0.4120096120827933,12,0.3488706880538835,28258532.669530556,0.34887068805388355,28258532.669530556,0,17024228.911289144,0.34887068805388355,105.08783278573546,0.4120096120827933,0.0,True,0.0,0.0
sano,103,2,152.46883146114024,91.48129887668415,12,12,51505673.29599904,51505673.29599904,34474671.7286805,212.80661560913896,0.20565201711119122,0.6919128587750579,51505673.29599904,0.6919128587750579,12,0.20565201711119122,51505673.29599904,0.2056520171111912,51505673.29599904,0,34474671.72868051,0.2056520171111912,212.80661560913893,0.6919128587750579,0.0,True,0.0,0.0
sano,104,2,85.76430277663314,51.458581665979885,12,12,13264792.042619595,13264792.042619595,6345827.718394338,39.17177603947123,0.0029368664413459843,0.035474892026870736,13264792.042619595,0.035474892026870736,12,0.0029368664413459843,13264792.042619597,0.0029368664413459843,13264792.042619597,0,6345827.718394338,0.0029368664413459843,39.171776039471226,0.035474892026870736,0.0,True,0.0,0.0
sano,105,2,229.0067546671159,137.40405280026954,12,12,13007953.727989921,13007953.727989921,5859311.838726447,36.16859159707684,0.22777882086617382,0.3002028573524595,13007953.727989921,0.3002028573524595,12,0.22777882086617382,13007953.727989923,0.22777882086617376,13007953.727989923,0,5859311.838726448,0.22777882086617376,36.16859159707684,0.3002028573524595,0.0,False,0.0,0.0
sano,106,2,83.47766013090649,50.08659607854389,12,12,35790479.49163532,35790479.49163532,22984195.432891283,141.8777495857487,0.06978533870849503,0.3291028122859624,35790479.49163532,0.3291028122859624,12,0.06978533870849503,35790479.49163532,0.06978533870849503,35790479.49163532,0,22984195.432891287,0.06978533870849503,141.8777495857487,0.3291028122859624,0.0,True,0.0,0.0
sano,107,5,335.8237427544286,201.4942456526572,12,12,79467227.19700466,79467227.19700466,54042809.294868745,333.59758823993064,1.113637480594935,1.162389714466236,79467227.19700466,1.162389714466236,12,1.113637480594935,79467227.19700465,1.113637480594935,79467227.19700465,0,54042809.29486875,1.113637480594935,333.5975882399306,1.162389714466236,0.0,False,0.0,0.0
sano,108,3,74.0151118080123,44.409067084807376,12,12,23992889.83122473,23992889.83122473,14264064.77720785,88.0497825753571,0.03930608796273304,0.19991170920077883,23992889.83122473,0.19991170920077883,12,0.03930608796273304,23813670.636062663,0.03907173789001413,23813670.636062663,0,14131294.953981696,0.03907173789001413,87.2302157653191,0.19299806428038516,0.0,True,179219.1951620678,0.75
sano,109,3,194.32584441084117,116.5955066465047,12,12,61047939.112538196,61047939.112538196,40895981.58452403,252.44433076866687,0.7105486682978107,1.2194322727990001,61047939.112538196,1.2194322727990001,12,0.7105486682978107,61047939.11253819,0.7105486682978106,61047939.11253819,0,40895981.58452402,0.7105486682978106,252.44433076866682,1.2194322727990001,0.0,True,0.0,0.0
sano,110,2,138.2393842889484,82.94363057336903,12,12,10009850.111513643,10009850.111513643,3926659.384968744,24.23863817881941,0.004632519248449095,0.03504734120495064,10009850.111513643,0.03504734120495064,12,0.004632519248449095,10009850.111513643,0.0046325192484490945,10009850.111513643,0,3926659.3849687446,0.0046325192484490945,24.23863817881941,0.03504734120495064,0.0,True,0.0,0.0
sano,112,1,68.23227945939259,40.93936767563555,1,1,4713525.528645839,4713525.528645839,0.0,0.0,0.0,0.0,4713525.528645839,0.0,1,0.0,4713525.528645839,0.0,4713525.528645839,0,0.0,0.0,0.0,0.0,0.0,True,0.0,0.0
sano,113,2,58.28061935424395,34.96837161254637,12,12,36464254.19247324,36464254.19247324,23570210.626403306,145.4951273234772,0.004638007550421173,0.085917632755348,36464254.19247324,0.085917632755348,12,0.004638007550421173,36464254.19247325,0.004638007550421172,36464254.19247325,0,23570210.626403306,0.004638007550421172,145.4951273234772,0.085917632755348,0.0,True,0.0,0.0
sano,114,1,53.33375192858816,32.000251157152896,1,1,4713525.528645839,4713525.528645839,0.0,0.0,0.0,0.0,4713525.528645839,0.0,1,0.0,4713525.528645839,0.0,4713525.528645839,0,0.0,0.0,0.0,0.0,0.0,True,0.0,0.0
sano,115,5,160.42327356349944,96.25396413809966,12,12,51448060.33571052,51448060.33571052,34480228.368383,212.84091585421615,0.16891076855881956,0.33301589025899364,51448060.33571052,0.33301589025899364,12,0.16891076855881956,51448060.3357105,0.16891076855881954,51448060.3357105,0,34480228.368383005,0.16891076855881954,212.8409158542161,0.33301589025899364,0.0,True,1.241763432820638e-09,0.0
sano,116,1,55.07568085362245,33.045408512173466,1,1,4713525.528645839,4713525.528645839,0.0,0.0,0.0,0.0,4713525.528645839,0.0,1,0.0,4713525.528645839,0.0,4713525.528645839,0,0.0,0.0,0.0,0.0,0.0,True,0.0,0.0
sano,117,3,122.3016118814567,73.38096712887402,12,12,30007220.311128963,30007220.311128963,18634810.184918962,115.02969249949977,0.11163769099829567,0.18656073394051004,30007220.311128963,0.18656073394051004,12,0.11163769099829567,30007220.31112896,0.11163769099829567,30007220.31112896,0,18634810.18491896,0.11163769099829567,115.02969249949976,0.18656073394051004,0.0,True,0.0,0.0
sano,118,2,54.6498621938674,32.78991731632044,12,12,10566793.246914955,10566793.246914955,4336437.356829278,26.768131832279494,0.007503299933444669,0.04687351664544531,10566793.246914955,0.04687351664544531,12,0.007503299933444669,10566793.246914955,0.007503299933444667,10566793.246914955,0,4336437.356829278,0.007503299933444667,26.768131832279494,0.04687351664544531,0.0,True,0.0,0.0
sano,119,1,3.601619811736647,2.1609718870419883,1,1,4713525.528645839,4713525.528645839,0.0,0.0,0.0,0.0,4713525.528645839,0.0,1,0.0,4713525.528645839,0.0,4713525.528645839,0,0.0,0.0,0.0,0.0,0.0,True,0.0,0.0
sano,120,1,9.366927669051297,5.620156601430778,1,1,4713525.528645839,4713525.528645839,0.0,0.0,0.0,0.0,4713525.528645839,0.0,1,0.0,4713525.528645839,0.0,4713525.528645839,0,0.0,0.0,0.0,0.0,0.0,True,0.0,0.0
sano,121,3,179.33136009594432,107.59881605756658,12,12,19312314.24659611,19312314.24659611,10610899.288527086,65.49937832424125,0.17432602939572203,0.3201150182337462,19312314.24659611,0.3201150182337462,12,0.17432602939572203,19312314.246596113,0.174326029395722,19312314.246596113,0,10610899.288527086,0.174326029395722,65.49937832424126,0.3201150182337462,0.0,True,0.0,0.0
sano,122,1,63.890769709930325,38.33446182595819,1,1,4713525.528645839,4713525.528645839,0.0,0.0,0.0,0.0,4713525.528645839,0.0,1,0.0,4713525.528645839,0.0,4713525.528645839,0,0.0,0.0,0.0,0.0,0.0,True,0.0,0.0
sano,123,1,24.74570050771589,14.847420304629532,1,1,4713525.528645839,4713525.528645839,0.0,0.0,0.0,0.0,4713525.528645839,0.0,1,0.0,4713525.528645839,0.0,4713525.528645839,0,0.0,0.0,0.0,0.0,0.0,True,0.0,0.0
sano,124,3,120.45301827714954,72.27181096628972,12,12,28821798.397655312,28821798.397655312,17807294.06137457,109.92156828008996,0.07157097632199806,0.17826968523827627,28821798.397655312,0.17826968523827627,12,0.07157097632199806,28821798.397655312,0.07157097632199806,28821798.397655312,0,17807294.061374567,0.07157097632199806,109.92156828008994,0.17826968523827627,0.0,True,0.0,0.0
sano,125,1,68.04890210123284,40.8293412607397,1,1,4713525.528645839,4713525.528645839,0.0,0.0,0.0,0.0,4713525.528645839,0.0,1,0.0,4713525.528645839,0.0,4713525.528645839,0,0.0,0.0,0.0,0.0,0.0,True,0.0,0.0
sano,126,2,82.95257230112206,49.771543380673236,12,12,17404908.514754403,17404908.514754403,9405584.218013978,58.05916183959246,0.013929611312663922,0.094058323278562,17404908.514754403,0.094058323278562,12,0.013929611312663922,17404908.5147544,0.013929611312663919,17404908.5147544,0,9405584.21801398,0.013929611312663919,58.05916183959247,0.094058323278562,0.0,True,0.0,0.0
sano,127,1,73.68573778419756,44.21144267051853,1,1,4713525.528645839,4713525.528645839,0.0,0.0,0.0,0.0,4713525.528645839,0.0,1,0.0,4713525.528645839,0.0,4713525.528645839,0,0.0,0.0,0.0,0.0,0.0,True,0.0,0.0
sano,128,1,79.83779598554888,47.90267759132933,1,1,4713525.528645839,4713525.528645839,0.0,0.0,0.0,0.0,4713525.528645839,0.0,1,0.0,4713525.528645839,0.0,4713525.528645839,0,0.0,0.0,0.0,0.0,0.0,True,0.0,0.0
sano,129,1,27.27771466879144,16.366628801274864,1,1,4713525.528645839,4713525.528645839,0.0,0.0,0.0,0.0,4713525.528645839,0.0,1,0.0,4713525.528645839,0.0,4713525.528645839,0,0.0,0.0,0.0,0.0,0.0,True,0.0,0.0
sano,130,1,76.55703599322901,45.9342215959374,1,1,4713525.528645839,4713525.528645839,0.0,0.0,0.0,0.0,4713525.528645839,0.0,1,0.0,4713525.528645839,0.0,4713525.528645839,0,0.0,0.0,0.0,0.0,0.0,True,0.0,0.0
sano,131,1,19.89897085332031,11.939382511992186,1,1,4713525.528645839,4713525.528645839,0.0,0.0,0.0,0.0,4713525.528645839,0.0,1,0.0,4713525.528645839,0.0,4713525.528645839,0,0.0,0.0,0.0,0.0,0.0,True,0.0,0.0
sano,132,2,40.93713869861483,24.562283219168897,12,12,11569620.173132392,11569620.173132392,5087168.6066936385,31.402275349960732,0.0028756374021126955,0.03142968099435657,11569620.173132392,0.03142968099435657,12,0.0028756374021126955,11569620.173132394,0.0028756374021126955,11569620.173132394,0,5087168.606693638,0.0028756374021126955,31.40227534996073,0.03142968099435657,0.0,True,0.0,0.0
sano,133,3,145.75988396690485,87.45593038014292,12,12,37522168.67926108,37522168.67926108,24116246.884458747,148.86572150900457,0.18669313468010543,0.5374300121684263,37522168.67926108,0.5374300121684263,12,0.18669313468010543,37522168.67926108,0.18669313468010543,37522168.67926108,0,24116246.884458743,0.18669313468010543,148.8657215090046,0.5374300121684263,0.0,True,0.0,0.0
sano,134,4,293.24913540534254,175.9494812432055,12,12,34720870.520391695,34720870.520391695,21456312.205848373,132.44637164103935,0.627440686882043,0.6153206424452711,34720870.520391695,0.6153206424452711,12,0.627440686882043,34720870.52039169,0.6274406868820431,34720870.52039169,0,21456312.205848377,0.6274406868820431,132.44637164103935,0.6153206424452711,0.0,False,0.0,0.0
sano,135,5,293.5741100498797,176.1444660299278,12,12,89762561.26384388,89762561.26384388,59260446.22242721,365.8052235952296,2.958499822923834,2.31820214524976,88966627.89313652,1.8220656429938606,12,2.1073593176923744,89762561.26384386,2.9584998229238346,88966627.89313653,0,59789191.367789075,2.1073593176923744,365.8052235952296,1.8220656429938606,66.09314317023444,False,795933.3707073331,0.0
sano,136,1,60.08184340762124,36.049106044572746,1,1,4713525.528645839,4713525.528645839,0.0,0.0,0.0,0.0,4713525.528645839,0.0,1,0.0,4713525.528645839,0.0,4713525.528645839,0,0.0,0.0,0.0,0.0,0.0,True,0.0,0.0
sano,137,1,30.21285759740553,18.12771455844332,1,1,4713525.528645839,4713525.528645839,0.0,0.0,0.0,0.0,4713525.528645839,0.0,1,0.0,4713525.528645839,0.0,4713525.528645839,0,0.0,0.0,0.0,0.0,0.0,True,0.0,0.0
sano,138,3,88.64102534779732,53.184615208678395,12,12,16338253.338372955,16338253.338372955,8588703.799521053,53.01669012050032,0.03281227685894197,0.07492940191318503,16338253.338372955,0.07492940191318503,12,0.03281227685894197,16338253.33837296,0.032812276858941974,16338253.33837296,0,8588703.799521051,0.032812276858941974,53.016690120500314,0.07492940191318503,0.0,True,0.0,0.0
sano,139,2,55.40077872479961,33.240467234879766,12,12,11295200.631354436,11295200.631354436,4884839.318106697,30.15332912411542,0.0017816198291863508,0.024241947446251015,11295200.631354436,0.024241947446251015,12,0.0017816198291863508,11295200.631354436,0.0017816198291863514,11295200.631354436,0,4884839.318106697,0.0017816198291863514,30.153329124115416,0.024241947446251015,0.0,True,0.0,0.0
sano,140,1,29.698055528580586,17.81883331714835,1,1,4713525.528645839,4713525.528645839,0.0,0.0,0.0,0.0,4713525.528645839,0.0,1,0.0,4713525.528645839,0.0,4713525.528645839,0,0.0,0.0,0.0,0.0,0.0,True,0.0,0.0
sano,141,1,1.420259647075441,0.8521557882452645,1,1,4713525.528645839,4713525.528645839,0.0,0.0,0.0,0.0,4713525.528645839,0.0,1,0.0,4713525.528645839,0.0,4713525.528645839,0,0.0,0.0,0.0,0.0,0.0,True,0.0,0.0
sano,142,4,123.5790072673037,74.14740436038221,12,12,30645230.894701112,30645230.894701112,19142384.824769083,118.16286928869812,0.08592796484107827,0.27557443725230213,30645230.894701112,0.27557443725230213,12,0.08592796484107827,30645230.89470111,0.08592796484107827,30645230.89470111,0,19142384.824769087,0.08592796484107827,118.16286928869809,0.27557443725230213,0.0,True,0.0,0.0
sano,143,1,40.6924136385426,24.41544818312556,1,1,4713525.528645839,4713525.528645839,0.0,0.0,0.0,0.0,4713525.528645839,0.0,1,0.0,4713525.528645839,0.0,4713525.528645839,0,0.0,0.0,0.0,0.0,0.0,True,0.0,0.0
sano,145,1,113.48156936168434,68.0889416170106,1,1,4713525.528645839,4713525.528645839,0.0,0.0,0.0,0.0,4713525.528645839,0.0,1,0.0,4713525.528645839,0.0,4713525.528645839,0,0.0,0.0,0.0,0.0,0.0,True,0.0,0.0
sano,146,2,74.64784444130069,44.78870666478042,12,12,17816245.256903756,17816245.256903756,9680941.02395949,59.75889520962645,0.036792798480164306,0.15508687439394966,17816245.256903756,0.15508687439394966,12,0.036792798480164306,17816245.256903753,0.036792798480164306,17816245.256903753,0,9680941.02395949,0.036792798480164306,59.75889520962647,0.15508687439394966,0.0,True,0.0,0.0
sano,147,2,145.28233338704757,87.16940003222854,12,12,17028258.985427648,17028258.985427648,8971471.524671625,55.379453855997674,0.131316219486961,0.2820498495105844,17028258.985427648,0.2820498495105844,12,0.131316219486961,17028258.985427648,0.131316219486961,17028258.985427648,0,8971471.524671623,0.131316219486961,55.37945385599768,0.2820498495105844,0.0,True,0.0,0.0
sano,148,1,39.99282083562253,23.99569250137352,1,1,4713525.528645839,4713525.528645839,0.0,0.0,0.0,0.0,4713525.528645839,0.0,1,0.0,4713525.528645839,0.0,4713525.528645839,0,0.0,0.0,0.0,0.0,0.0,True,0.0,0.0
sano,149,3,55.7024904695949,33.421494281756935,12,12,14958976.969197294,14958976.969197294,7593829.806445304,46.87549263237843,0.010541553301333358,0.07313767491407316,14958976.969197294,0.07313767491407316,12,0.010541553301333358,14958976.96919729,0.01054155330133336,14958976.96919729,0,7593829.806445306,0.01054155330133336,46.87549263237843,0.07313767491407316,0.0,True,0.0,0.0
sano,150,2,70.35870711090092,42.21522426654055,12,12,17176758.14965235,17176758.14965235,9231658.67032617,56.9855473476924,0.01736064423244013,0.10402976877168416,17176758.14965235,0.10402976877168416,12,0.01736064423244013,17176758.149652347,0.01736064423244013,17176758.149652347,0,9231658.670326168,0.01736064423244013,56.98554734769239,0.10402976877168416,0.0,True,0.0,0.0
sano,151,1,91.68938859560078,55.013633157360466,1,1,4713525.528645839,4713525.528645839,0.0,0.0,0.0,0.0,4713525.528645839,0.0,1,0.0,4713525.528645839,0.0,4713525.528645839,0,0.0,0.0,0.0,0.0,0.0,True,0.0,0.0
sano,152,3,90.56934825665141,54.34160895399084,12,12,24627789.9945112,24627789.9945112,14743830.705833143,91.01130065329103,0.0329784552723259,0.12658337721098617,24627789.9945112,0.12658337721098617,12,0.0329784552723259,24627789.994511202,0.0329784552723259,24627789.994511202,0,14743830.705833144,0.0329784552723259,91.01130065329102,0.12658337721098617,0.0,True,0.0,0.0
sano,153,2,153.62597571851938,92.17558543111164,12,12,73079230.32479969,73079230.32479969,49749924.00737014,307.098296341791,0.7712209145444019,1.6096092360077192,73079230.32479969,1.6096092360077192,12,0.7712209145444019,73079230.3247997,0.7712209145444018,73079230.3247997,0,49749924.007370144,0.7712209145444018,307.098296341791,1.6096092360077192,0.0,True,0.0,1.0
sano,154,1,85.70964672543457,51.42578803526074,1,1,4713525.528645839,4713525.528645839,0.0,0.0,0.0,0.0,4713525.528645839,0.0,1,0.0,4713525.528645839,0.0,4713525.528645839,0,0.0,0.0,0.0,0.0,0.0,True,0.0,0.0
sano,155,1,46.4166855894385,27.8500113536631,1,1,4713525.528645839,4713525.528645839,0.0,0.0,0.0,0.0,4713525.528645839,0.0,1,0.0,4713525.528645839,0.0,4713525.528645839,0,0.0,0.0,0.0,0.0,0.0,True,0.0,0.0
sano,156,2,112.65213392083268,67.59128035249961,12,12,25206991.408765554,25206991.408765554,15161776.963695265,93.59121582527943,0.04220334300480134,0.2078659353631579,25206991.408765554,0.2078659353631579,12,0.04220334300480134,25206991.408765554,0.04220334300480134,25206991.408765554,0,15161776.96369527,0.04220334300480134,93.59121582527943,0.2078659353631579,0.0,True,0.0,0.0
sano,157,2,112.06092447510407,67.23655468506244,12,12,9880259.426613059,9880259.426613059,3805492.134514244,23.49069218835953,0.02359000069235546,0.07785817800627387,9880259.426613059,0.07785817800627387,12,0.02359000069235546,9880259.426613057,0.02359000069235546,9880259.426613057,0,3805492.1345142443,0.02359000069235546,23.49069218835953,0.07785817800627387,0.0,True,0.0,0.0
sano,158,3,109.17074913502023,65.50244948101215,12,12,31529626.860662993,31529626.860662993,19808188.405572522,122.27276793563281,0.07901045223378801,0.20021615195203804,31529626.860662993,0.20021615195203804,12,0.07901045223378801,31529626.860662993,0.07901045223378803,31529626.860662993,0,19808188.40557252,0.07901045223378803,122.27276793563281,0.20021615195203804,0.0,True,0.0,0.0
sano,160,1,64.5177428131074,38.71064568786444,1,1,4713525.528645839,4713525.528645839,0.0,0.0,0.0,0.0,4713525.528645839,0.0,1,0.0,4713525.528645839,0.0,4713525.528645839,0,0.0,0.0,0.0,0.0,0.0,True,0.0,0.0
sano,161,2,77.71544293319675,46.629265759918056,12,12,11876418.27412886,11876418.27412886,5310684.667748303,32.78200412190312,0.0061403232159512695,0.04692515533429706,11876418.27412886,0.04692515533429706,12,0.0061403232159512695,11876418.27412886,0.0061403232159512695,11876418.27412886,0,5310684.667748304,0.0061403232159512695,32.782004121903114,0.04692515533429706,0.0,True,0.0,0.0
sano,162,3,221.0056327725362,132.6033796635217,12,12,26577380.368071992,26577380.368071992,15970290.32399786,98.58203903702383,0.20111233305040654,0.3285168179071284,26577380.368071992,0.3285168179071284,12,0.20111233305040654,26577380.368071992,0.20111233305040654,26577380.368071992,0,15970290.323997863,0.20111233305040654,98.58203903702383,0.3285168179071284,0.0,True,0.0,0.0
sano,163,1,43.96700913981833,26.380205483890997,1,1,4713525.528645839,4713525.528645839,0.0,0.0,0.0,0.0,4713525.528645839,0.0,1,0.0,4713525.528645839,0.0,4713525.528645839,0,0.0,0.0,0.0,0.0,0.0,True,0.0,0.0
sano,164,2,157.3349132686092,94.40094796116551,12,12,43031689.877632365,43031689.877632365,28245747.402877685,174.35646544986227,0.15747550097452456,0.5480470949950897,43031689.877632365,0.5480470949950897,12,0.15747550097452456,43031689.87763236,0.15747550097452456,43031689.87763236,0,28245747.402877685,0.15747550097452456,174.35646544986227,0.5480470949950897,0.0,True,0.0,0.0
sano,165,1,83.39482890853863,50.03689734512317,1,1,4713525.528645839,4713525.528645839,0.0,0.0,0.0,0.0,4713525.528645839,0.0,1,0.0,4713525.528645839,0.0,4713525.528645839,0,0.0,0.0,0.0,0.0,0.0,True,0.0,0.0
sano,166,2,161.32932847795163,96.79759708677098,12,12,21827212.89092621,21827212.89092621,12459245.291722653,76.90892155384354,0.1888265146757583,0.39857697048179325,21827212.89092621,0.39857697048179325,12,0.1888265146757583,21827212.89092621,0.18882651467575834,21827212.89092621,0,12459245.291722652,0.18882651467575834,76.90892155384353,0.39857697048179325,0.0,True,0.0,0.0
sano,167,2,106.02832544290372,63.61699526574223,12,12,16861815.211006176,16861815.211006176,8985439.869494645,55.465678206757055,0.02675545691527757,0.12741210838597825,16861815.211006176,0.12741210838597825,12,0.02675545691527757,16861815.21100618,0.026755456915277566,16861815.21100618,0,8985439.869494645,0.026755456915277566,55.46567820675706,0.12741210838597825,0.0,True,0.0,0.0
sano,168,1,72.88986065568263,43.73391639340957,1,1,4713525.528645839,4713525.528645839,0.0,0.0,0.0,0.0,4713525.528645839,0.0,1,0.0,4713525.528645839,0.0,4713525.528645839,0,0.0,0.0,0.0,0.0,0.0,True,0.0,0.0
sano,169,3,207.83063368653933,124.69838021192359,12,12,14930566.653555812,14930566.653555812,7381404.27213882,45.56422390209149,0.15597298111710847,0.186696906257423,14930566.653555812,0.186696906257423,12,0.15597298111710847,14930566.653555814,0.1559729811171085,14930566.653555814,0,7381404.272138821,0.1559729811171085,45.564223902091484,0.186696906257423,0.0,True,0.0,0.0
sano,170,1,49.53686510094662,29.72211906056797,1,1,4713525.528645839,4713525.528645839,0.0,0.0,0.0,0.0,4713525.528645839,0.0,1,0.0,4713525.528645839,0.0,4713525.528645839,0,0.0,0.0,0.0,0.0,0.0,True,0.0,0.0
sano,171,1,94.94991405436554,56.96994843261932,1,1,4713525.528645839,4713525.528645839,0.0,0.0,0.0,0.0,4713525.528645839,0.0,1,0.0,4713525.528645839,0.0,4713525.528645839,0,0.0,0.0,0.0,0.0,0.0,True,0.0,0.0
sano,172,2,116.2429763261871,69.74578579571227,12,12,60828835.22170948,60828835.22170948,41251312.29698353,254.63773022829344,0.31679305749929815,0.9393805363018074,60828835.22170948,0.9393805363018074,12,0.31679305749929815,60828835.221709475,0.3167930574992981,60828835.221709475,0,41251312.29698353,0.3167930574992981,254.6377302282934,0.9393805363018074,0.0,True,0.0,0.0
sano,173,1,70.26702900908454,42.16021740545072,1,1,4713525.528645839,4713525.528645839,0.0,0.0,0.0,0.0,4713525.528645839,0.0,1,0.0,4713525.528645839,0.0,4713525.528645839,0,0.0,0.0,0.0,0.0,0.0,True,0.0,0.0
sano,174,1,42.32786209266544,25.396717255599263,1,1,4713525.528645839,4713525.528645839,0.0,0.0,0.0,0.0,4713525.528645839,0.0,1,0.0,4713525.528645839,0.0,4713525.528645839,0,0.0,0.0,0.0,0.0,0.0,True,0.0,0.0
sano,175,4,293.318734450862,175.99124067051721,12,12,56842534.941785656,56842534.941785656,37281229.71057532,230.13104759614396,1.0845637399616528,1.2592601486180208,56842534.941785656,1.2592601486180208,12,1.0845637399616528,56842534.94178565,1.084563739961653,56842534.94178565,0,37281229.71057531,1.084563739961653,230.1310475961439,1.2592601486180208,0.0,False,0.0,0.0
sano,176,3,105.84872979813744,63.50923787888245,12,12,15392712.807310792,15392712.807310792,7872325.879608337,48.59460419511321,0.04366093069818051,0.0944410034743675,15392712.807310792,0.0944410034743675,12,0.04366093069818051,15392712.807310792,0.043660930698180514,15392712.807310792,0,7872325.879608339,0.043660930698180514,48.594604195113206,0.0944410034743675,0.0,True,0.0,0.0
sano,177,2,166.2502864608977,99.75017187653864,12,12,16351386.543143608,16351386.543143608,8496195.634216847,52.44565206306697,0.11054116599928936,0.2518309581455968,16351386.543143608,0.2518309581455968,12,0.11054116599928936,16351386.543143611,0.11054116599928933,16351386.543143611,0,8496195.634216849,0.11054116599928933,52.44565206306697,0.2518309581455968,0.0,True,0.0,0.0
sano,178,1,53.71392357278026,32.228354143668156,1,1,4713525.528645839,4713525.528645839,0.0,0.0,0.0,0.0,4713525.528645839,0.0,1,0.0,4713525.528645839,0.0,4713525.528645839,0,0.0,0.0,0.0,0.0,0.0,True,0.0,0.0
sano,179,3,231.24939075370213,138.74963445222124,12,12,85635214.58052719,85635214.58052719,58790081.01844606,362.90173468176573,0.9864941264108497,1.909663785471736,85635214.58052719,1.909663785471736,12,0.9864941264108497,85635214.58052719,0.9864941264108493,85635214.58052719,0,58790081.01844605,0.9864941264108493,362.90173468176573,1.909663785471736,0.0,False,0.0,0.0
sano,180,1,111.68643475241424,67.01186085144855,1,1,4713525.528645839,4713525.528645839,0.0,0.0,0.0,0.0,4713525.528645839,0.0,1,0.0,4713525.528645839,0.0,4713525.528645839,0,0.0,0.0,0.0,0.0,0.0,True,0.0,0.0
sano,181,2,197.66925871591445,118.60155522954867,12,12,6893618.957423337,6893618.957423337,1569037.0286642138,9.685413757186508,0.0378368879859567,0.06331536959157125,6893618.957423337,0.06331536959157125,12,0.0378368879859567,6893618.957423337,0.0378368879859567,6893618.957423337,0,1569037.028664214,0.0378368879859567,9.685413757186506,0.06331536959157125,0.0,True,0.0,0.0
sano,182,4,266.94009208480185,160.16405525088112,12,12,29189215.843511987,29189215.843511987,17893044.207239147,110.45089016814289,0.213767257909415,0.48205567827479584,29189215.843511987,0.48205567827479584,12,0.213767257909415,163337965.89013317,3.8601943712019495,163253748.06917524,0,112807600.37632285,3.736307584407317,695.7231501370377,4.80195742161501,12.556256765342024,False,0.0,0.0
sano,183,5,326.57789441555786,195.94673664933467,12,12,57955705.14970806,57955705.14970806,37990502.653802864,234.50927564075837,1.1737282793711796,1.6304424993595694,57935123.38197741,1.2807629124544502,12,1.1330805527080037,55031515.048034295,1.1574235619636666,55031515.048034295,0,35840613.3916727,1.1574235619636666,221.23835426958456,0.8367999610807922,0.0,False,2924190.1016737656,0.0
sano,184,2,42.45140675307432,25.470844051844594,12,12,9067057.268830536,9067057.268830536,3228616.5059021492,19.929731517914497,0.0030953734081917233,0.02597763439179292,9067057.268830536,0.02597763439179292,12,0.0030953734081917233,9067057.268830534,0.0030953734081917233,9067057.268830534,0,3228616.5059021492,0.0030953734081917233,19.9297315179145,0.02597763439179292,0.0,True,0.0,0.0
sano,185,3,73.76341761406567,44.2580505684394,12,12,27166649.98801362,27166649.98801362,16624856.263737552,102.62256952924413,0.03616304201250235,0.1119672088795847,27166649.98801362,0.1119672088795847,12,0.03616304201250235,27166649.988013618,0.036163042012502346,27166649.988013618,0,16624856.263737548,0.036163042012502346,102.62256952924412,0.1119672088795847,0.0,True,0.0,0.0
sano,186,5,128.51433196321662,77.10859917792997,12,12,60944732.299055584,60944732.299055584,41608933.08563453,256.84526596070697,0.11037617069796178,0.24522402965816223,60944732.299055584,0.24522402965816223,12,0.11037617069796178,60944732.299055584,0.11037617069796177,60944732.299055584,0,41608933.08563453,0.11037617069796177,256.84526596070697,0.24522402965816223,0.0,True,0.0,0.0
sano,187,2,89.87131017566793,53.92278610540075,12,12,8515277.016496252,8515277.016496252,2821732.53370296,17.41810205989481,0.0009388431650219148,0.013374861466923377,8515277.016496252,0.013374861466923377,12,0.0009388431650219148,8515277.01649625,0.0009388431650219149,8515277.01649625,0,2821732.53370296,0.0009388431650219149,17.418102059894814,0.013374861466923377,0.0,True,0.0,0.0
sano,188,3,156.74523952163017,94.04714371297808,12,12,15780596.547209434,15780596.547209434,8033600.488841023,49.59012647432729,0.1400018401020904,0.23361867960213942,15780596.547209434,0.23361867960213942,12,0.1400018401020904,15780596.54720943,0.1400018401020904,15780596.54720943,0,8033600.488841021,0.1400018401020904,49.59012647432729,0.23361867960213942,0.0,True,0.0,0.0
sano,189,1,29.161407424773856,17.496844454864313,1,1,4713525.528645839,4713525.528645839,0.0,0.0,0.0,0.0,4713525.528645839,0.0,1,0.0,4713525.528645839,0.0,4713525.528645839,0,0.0,0.0,0.0,0.0,0.0,True,0.0,0.0
sano,190,2,103.63915906389963,62.183495438339776,12,12,12826982.795248127,12826982.795248127,5980742.522133754,36.91816371687503,0.033335595247925794,0.11602898827959116,12826982.795248127,0.11602898827959116,12,0.033335595247925794,12826982.795248128,0.0333355952479258,12826982.795248128,0,5980742.522133755,0.0333355952479258,36.91816371687503,0.11602898827959116,0.0,True,0.0,0.0
sano,191,2,72.97548258448656,43.78528955069193,12,12,52703385.61878932,52703385.61878932,35631014.230984196,219.94453229002588,0.0027116292781380713,0.08077260597462706,52703385.61878932,0.08077260597462706,12,0.0027116292781380713,52703385.61878932,0.0027116292781380713,52703385.61878932,0,35631014.23098419,0.0027116292781380713,219.94453229002585,0.08077260597462706,0.0,True,0.0,0.0
sano,192,1,32.52121409469417,19.512728456816504,1,1,4713525.528645839,4713525.528645839,0.0,0.0,0.0,0.0,4713525.528645839,0.0,1,0.0,4713525.528645839,0.0,4713525.528645839,0,0.0,0.0,0.0,0.0,0.0,True,0.0,0.0
sano,193,2,56.13364845273547,33.68018907164129,12,12,12321450.762198145,12321450.762198145,5642846.654564337,34.83238675656998,0.00484373450967239,0.04296097557429655,12321450.762198145,0.04296097557429655,12,0.00484373450967239,12321450.762198145,0.00484373450967239,12321450.762198145,0,5642846.654564337,0.00484373450967239,34.83238675656998,0.04296097557429655,0.0,True,0.0,0.0
sano,194,2,43.3559174266412,26.013550455984717,12,12,16808696.231317338,16808696.231317338,8966897.52058332,55.35121926286001,0.010868541935415102,0.08112254950696093,16808696.231317338,0.08112254950696093,12,0.010868541935415102,16808696.231317334,0.010868541935415102,16808696.231317334,0,8966897.520583322,0.010868541935415102,55.35121926286001,0.08112254950696093,0.0,True,0.0,0.0
sano,195,1,62.90422577337414,37.74253546402448,1,1,4713525.528645839,4713525.528645839,0.0,0.0,0.0,0.0,4713525.528645839,0.0,1,0.0,4713525.528645839,0.0,4713525.528645839,0,0.0,0.0,0.0,0.0,0.0,True,0.0,0.0
sano,196,1,44.52626331962693,26.715757991776155,1,1,4713525.528645839,4713525.528645839,0.0,0.0,0.0,0.0,4713525.528645839,0.0,1,0.0,4713525.528645839,0.0,4713525.528645839,0,0.0,0.0,0.0,0.0,0.0,True,0.0,0.0
sano,197,5,147.9110023586017,88.74660141516102,12,12,38648023.43896472,38648023.43896472,25037882.018353704,154.55482727378833,0.12159854389027196,0.2554680452839951,38648023.43896472,0.2554680452839951,12,0.12159854389027196,38648023.43896472,0.12159854389027193,38648023.43896472,0,25037882.018353708,0.12159854389027193,154.55482727378833,0.2554680452839951,0.0,True,0.0,0.0
sano,198,1,30.213213095778656,18.127927857467192,1,1,4713525.528645839,4713525.528645839,0.0,0.0,0.0,0.0,4713525.528645839,0.0,1,0.0,4713525.528645839,0.0,4713525.528645839,0,0.0,0.0,0.0,0.0,0.0,True,0.0,0.0
sano,199,3,125.80585504954325,75.48351302972594,12,12,19675373.108315654,19675373.108315654,11010918.753545677,67.96863428114615,0.07518323014899449,0.1280050697767601,19675373.108315654,0.1280050697767601,12,0.07518323014899449,19675373.108315658,0.07518323014899447,19675373.108315658,0,11010918.75354568,0.07518323014899447,67.96863428114617,0.1280050697767601,0.0,True,0.0,0.0
sano,200,2,168.99150236121986,101.39490141673191,12,12,67783302.94396643,67783302.94396643,46128668.29381656,284.7448660112132,0.5346724108392459,1.2905183709523098,67783302.94396643,1.2905183709523098,12,0.5346724108392459,67783302.94396645,0.534672410839246,67783302.94396645,0,46128668.29381655,0.534672410839246,284.7448660112133,1.2905183709523098,0.0,True,0.0,0.0
sano,201,2,106.20222077279952,63.72133246367971,12,12,6180009.4765305845,6180009.4765305845,1077286.405368581,6.649916082522101,0.008849511778801894,0.025372314777048807,6180009.4765305845,0.025372314777048807,12,0.008849511778801894,6180009.4765305845,0.008849511778801895,6180009.4765305845,0,1077286.4053685807,0.008849511778801895,6.649916082522103,0.025372314777048807,0.0,True,0.0,0.0
sano,202,1,36.556024713738495,21.933614828243098,1,1,4713525.528645839,4713525.528645839,0.0,0.0,0.0,0.0,4713525.528645839,0.0,1,0.0,4713525.528645839,0.0,4713525.528645839,0,0.0,0.0,0.0,0.0,0.0,True,0.0,0.0
sano,203,1,28.50238402295959,17.101430413775752,1,1,4713525.528645839,4713525.528645839,0.0,0.0,0.0,0.0,4713525.528645839,0.0,1,0.0,4713525.528645839,0.0,4713525.528645839,0,0.0,0.0,0.0,0.0,0.0,True,0.0,0.0
sano,204,1,20.601480347465937,12.360888208479562,1,1,4713525.528645839,4713525.528645839,0.0,0.0,0.0,0.0,4713525.528645839,0.0,1,0.0,4713525.528645839,0.0,4713525.528645839,0,0.0,0.0,0.0,0.0,0.0,True,0.0,0.0
sano,205,2,101.49137207342682,60.89482324405609,12,12,16047446.764925271,16047446.764925271,8404400.064496249,51.879012743804,0.008767788706484836,0.07053964043583649,16047446.764925271,0.07053964043583649,12,0.008767788706484836,16047446.764925271,0.008767788706484834,16047446.764925271,0,8404400.064496249,0.008767788706484834,51.879012743804005,0.07053964043583649,0.0,True,0.0,0.0
sano,206,2,96.01528989536408,57.60917393721845,12,12,18952195.59738067,18952195.59738067,10564080.012376469,65.21037044676832,0.006657578931066197,0.06891422051298968,18952195.59738067,0.06891422051298968,12,0.006657578931066197,18952195.597380675,0.006657578931066198,18952195.597380675,0,10564080.012376467,0.006657578931066198,65.21037044676831,0.06891422051298968,0.0,True,0.0,0.0
sano,207,2,97.55155092472913,58.53093055483748,12,12,42458970.82051244,42458970.82051244,27995829.682069317,172.81376346956367,0.02418929637007487,0.21384206243947815,42458970.82051244,0.21384206243947815,12,0.02418929637007487,42458970.820512444,0.024189296370074866,42458970.820512444,0,27995829.68206932,0.024189296370074866,172.8137634695637,0.21384206243947815,0.0,True,0.0,0.0
sano,208,2,123.53900387293601,74.1234023237616,12,12,17610010.684234206,17610010.684234206,9513428.121058892,58.72486494480794,0.04771911333228652,0.17508524514180668,17610010.684234206,0.17508524514180668,12,0.04771911333228652,17610010.68423421,0.04771911333228652,17610010.68423421,0,9513428.12105889,0.04771911333228652,58.72486494480796,0.17508524514180668,0.0,True,0.0,0.0
sano,209,4,107.86537748606928,64.71922649164156,12,12,66788724.56181177,66788724.56181177,45999394.08171827,283.9468770476437,0.07158039761419852,0.3570937754623854,66788724.56181177,0.3570937754623854,12,0.07158039761419852,66788724.56181175,0.0715803976141985,66788724.56181175,0,45999394.08171827,0.0715803976141985,283.9468770476437,0.3570937754623854,0.0,True,0.0,0.0
sano,210,2,43.91514496467487,26.349086978804923,12,12,16817356.867859818,16817356.867859818,8982080.476707887,55.44494121424621,0.0042160253489768405,0.05056790051400145,16817356.867859818,0.05056790051400145,12,0.0042160253489768405,16817356.86785982,0.004216025348976841,16817356.86785982,0,8982080.476707885,0.004216025348976841,55.44494121424621,0.05056790051400145,0.0,True,0.0,0.0
sano,211,2,136.41113643677318,81.84668186206392,12,12,13975026.916761821,13975026.916761821,6831630.521361618,42.17055877383716,0.03454055893189388,0.12622974672318654,13975026.916761821,0.12622974672318654,12,0.03454055893189388,13975026.916761823,0.034540558931893874,13975026.916761823,0,6831630.521361618,0.034540558931893874,42.17055877383715,0.12622974672318654,0.0,True,0.0,0.0
sano,212,3,148.6847979143933,89.21087874863599,12,12,21105237.948096123,21105237.948096123,12041573.71802448,74.33070196311407,0.09880937516821033,0.17137093985557378,21105237.948096123,0.17137093985557378,12,0.09880937516821033,21105237.94809612,0.09880937516821033,21105237.94809612,0,12041573.718024481,0.09880937516821033,74.33070196311408,0.17137093985557378,0.0,True,0.0,0.0
sano,213,2,68.4675595077083,41.080535704624985,12,12,59622562.76394907,59622562.76394907,40722412.76619177,251.37291830982574,0.03797674207320832,0.32315467903996253,59622562.76394907,0.32315467903996253,12,0.03797674207320832,59622562.763949074,0.037976742073208315,59622562.763949074,0,40722412.766191766,0.037976742073208315,251.3729183098257,0.32315467903996253,0.0,True,0.0,0.0
sano,214,2,26.606469757050075,15.963881854230046,12,12,11026193.468973285,11026193.468973285,4684928.47229107,28.919311557352287,0.0019041472804269086,0.024543505710498667,11026193.468973285,0.024543505710498667,12,0.0019041472804269086,11026193.468973286,0.0019041472804269084,11026193.468973286,0,4684928.472291071,0.0019041472804269084,28.91931155735229,0.024543505710498667,0.0,True,0.0,0.0
sano,215,2,136.33249966620127,81.79949979972076,12,12,15897363.51171296,15897363.51171296,8231064.889090296,50.809042525248735,0.055812290672697995,0.1761277477927605,15897363.51171296,0.1761277477927605,12,0.055812290672697995,15897363.511712957,0.055812290672697995,15897363.511712957,0,8231064.889090294,0.055812290672697995,50.80904252524873,0.1761277477927605,0.0,True,0.0,0.0
sano,216,2,86.09248077880478,51.655488467282865,12,12,11340243.419201935,11340243.419201935,4906436.25964293,30.286643578042785,0.010788390084060706,0.059785552414026624,11340243.419201935,0.059785552414026624,12,0.010788390084060706,11340243.419201935,0.010788390084060706,11340243.419201935,0,4906436.259642931,0.010788390084060706,30.28664357804278,0.059785552414026624,0.0,True,0.0,0.0
sano,217,1,76.23495827880281,45.74097496728168,1,1,4713525.528645839,4713525.528645839,0.0,0.0,0.0,0.0,4713525.528645839,0.0,1,0.0,4713525.528645839,0.0,4713525.528645839,0,0.0,0.0,0.0,0.0,0.0,True,0.0,0.0
sano,218,2,14.291336658100617,8.574801994860369,12,12,11517877.808615105,11517877.808615105,5051833.144607454,31.18415521362625,0.0005303056122419415,0.013450005312163251,11517877.808615105,0.013450005312163251,12,0.0005303056122419415,11517877.808615105,0.0005303056122419416,11517877.808615105,0,5051833.144607453,0.0005303056122419416,31.18415521362625,0.013450005312163251,0.0,True,0.0,0.0
sano,219,2,207.59739232741492,124.55843539644894,12,12,8451193.526238218,8451193.526238218,2683075.70379182,16.562195702418645,0.07016353265352374,0.11274752888371387,8451193.526238218,0.11274752888371387,12,0.07016353265352374,8451193.526238218,0.07016353265352375,8451193.526238218,0,2683075.70379182,0.07016353265352375,16.56219570241864,0.11274752888371387,0.0,True,0.0,0.0
sano,220,1,73.91744853306149,44.350469119836895,1,1,4713525.528645839,4713525.528645839,0.0,0.0,0.0,0.0,4713525.528645839,0.0,1,0.0,4713525.528645839,0.0,4713525.528645839,0,0.0,0.0,0.0,0.0,0.0,True,0.0,0.0
sano,221,1,37.52228392401906,22.513370354411432,1,1,4713525.528645839,4713525.528645839,0.0,0.0,0.0,0.0,4713525.528645839,0.0,1,0.0,4713525.528645839,0.0,4713525.528645839,0,0.0,0.0,0.0,0.0,0.0,True,0.0,0.0
sano,222,3,117.6741280183823,70.60447681102939,12,12,135846522.898684,135846522.898684,96596693.30548859,596.2758846017814,0.5893312171969313,1.9543653829027465,135846522.898684,1.9543653829027465,12,0.5893312171969313,135846522.898684,0.5893312171969313,135846522.898684,0,96596693.30548859,0.5893312171969313,596.2758846017814,1.9543653829027465,0.0,True,0.0,0.0
sano,223,1,46.019919515361416,27.61195170921685,1,1,4713525.528645839,4713525.528645839,0.0,0.0,0.0,0.0,4713525.528645839,0.0,1,0.0,4713525.528645839,0.0,4713525.528645839,0,0.0,0.0,0.0,0.0,0.0,True,0.0,0.0
sano,224,3,100.28719385859755,60.172316315158525,12,12,37674758.73013265,37674758.73013265,24394041.21177605,150.58050130725957,0.06166313297289595,0.1583404731448625,37674758.73013265,0.1583404731448625,12,0.06166313297289595,37674758.73013265,0.061663132972895954,37674758.73013265,0,24394041.211776055,0.061663132972895954,150.5805013072596,0.1583404731448625,0.0,True,0.0,0.0
sano,225,3,242.70322555797384,145.6219353347843,12,12,42739715.24017274,42739715.24017274,27707422.5889122,171.033472771063,0.401866455167097,0.5114882498994097,42739715.24017274,0.5114882498994097,12,0.401866455167097,42739715.24017273,0.40186645516709707,42739715.24017273,0,27707422.588912204,0.40186645516709707,171.033472771063,0.5114882498994097,0.0,False,0.0,0.0
sano,226,1,117.6817268208518,70.60903609251108,1,1,4713525.528645839,4713525.528645839,0.0,0.0,0.0,0.0,4713525.528645839,0.0,1,0.0,4713525.528645839,0.0,4713525.528645839,0,0.0,0.0,0.0,0.0,0.0,True,0.0,0.0
sano,227,3,77.81787976037468,46.690727856224804,12,12,98160355.47553444,98160355.47553444,69231970.58093543,427.3578430921941,0.11888894638289231,0.6377025367272064,98160355.47553444,0.6377025367272064,12,0.11888894638289231,98004466.9429998,0.11869761148152398,98004466.9429998,0,69116468.20999265,0.11869761148152398,426.64486549378177,0.6334956753080396,0.0,True,155888.5325346353,0.4285714285714286
sano,228,4,117.64794333430856,70.58876600058514,12,12,20163354.885245334,20163354.885245334,11361067.286885979,70.13004498077767,0.08445610516435482,0.19461350689320953,20163354.885245334,0.19461350689320953,12,0.08445610516435482,20163354.885245338,0.08445610516435481,20163354.885245338,0,11361067.28688598,0.08445610516435481,70.13004498077765,0.19461350689320953,0.0,True,0.0,0.0
sano,229,1,43.127949220793504,25.8767695324761,1,1,4713525.528645839,4713525.528645839,0.0,0.0,0.0,0.0,4713525.528645839,0.0,1,0.0,4713525.528645839,0.0,4713525.528645839,0,0.0,0.0,0.0,0.0,0.0,True,0.0,0.0
sano,230,2,166.36787464727414,99.82072478836447,12,12,30963965.815248948,30963965.815248948,19013471.516284753,117.36710812521453,0.36381480728923593,0.683448413814562,30963965.815248948,0.683448413814562,12,0.36381480728923593,30963965.815248936,0.3638148072892359,30963965.815248936,0,19013471.51628475,0.3638148072892359,117.3671081252145,0.683448413814562,0.0,True,0.0,0.0
sano,231,6,199.67948323291543,119.80768993974925,12,12,38814374.24968075,38814374.24968075,24455110.80028142,150.95747407581123,0.6584591905516631,0.7951150699312695,38807440.63463359,0.7253751499536218,12,0.6296453569144496,38117627.05107232,0.6114531319843708,38117627.05107232,0,23999586.54651626,0.6114531319843708,148.14559596614976,0.7253751499536218,0.0,True,696747.1986084419,0.33333333333333337
sano,232,2,230.37775882710145,138.22665529626084,12,12,25687544.713829327,25687544.713829327,14803374.809117531,91.3788568464045,0.5858594479877607,0.7652651425849859,25687544.713829327,0.7652651425849859,12,0.5858594479877607,25687544.713829324,0.5858594479877606,25687544.713829324,0,14803374.809117531,0.5858594479877606,91.37885684640452,0.7652651425849859,0.0,False,0.0,0.0
sano,233,2,108.47204878457384,65.0832292707443,12,12,29689017.78475525,29689017.78475525,18456548.160040863,113.92930962988187,0.06753816738821462,0.29012471138738943,29689017.78475525,0.29012471138738943,12,0.06753816738821462,29689017.784755252,0.06753816738821464,29689017.784755252,0,18456548.160040867,0.06753816738821464,113.9293096298819,0.29012471138738943,0.0,True,0.0,0.0
sano,234,1,40.36049346313308,24.21629607787985,1,1,4713525.528645839,4713525.528645839,0.0,0.0,0.0,0.0,4713525.528645839,0.0,1,0.0,4713525.528645839,0.0,4713525.528645839,0,0.0,0.0,0.0,0.0,0.0,True,0.0,0.0
sano,235,2,171.24919737222652,102.7495184233359,12,12,19044371.07145601,19044371.07145601,10352444.286724461,63.90397707854604,0.21954904422446764,0.39176178664043587,19044371.07145601,0.39176178664043587,12,0.21954904422446764,19044371.071456008,0.21954904422446764,19044371.071456008,0,10352444.28672446,0.21954904422446764,63.90397707854604,0.39176178664043587,0.0,True,0.0,0.0
sano,236,2,109.45261901573735,65.67157140944241,12,12,11657077.795427019,11657077.795427019,5115007.243747233,31.57411878856317,0.03107758799753695,0.10360521688692027,11657077.795427019,0.10360521688692027,12,0.03107758799753695,11657077.795427017,0.03107758799753695,11657077.795427017,0,5115007.243747233,0.03107758799753695,31.57411878856317,0.10360521688692027,0.0,True,0.0,0.0
sano,237,2,54.005059358619114,32.40303561517147,12,12,7884679.150451034,7884679.150451034,2354135.295152546,14.5316993527935,0.00044522066265327494,0.008412754400536302,7884679.150451034,0.008412754400536302,12,0.00044522066265327494,7884679.150451034,0.00044522066265327494,7884679.150451034,0,2354135.2951525464,0.00044522066265327494,14.531699352793495,0.008412754400536302,0.0,True,0.0,0.0
sano,238,2,43.362305418333776,26.01738325100027,12,12,6836523.443111566,6836523.443111566,1574917.1334791891,9.721710700488824,0.001141824649077404,0.01101953848883124,6836523.443111566,0.01101953848883124,12,0.001141824649077404,6836523.443111565,0.0011418246490774039,6836523.443111565,0,1574917.1334791891,0.0011418246490774039,9.721710700488822,0.01101953848883124,0.0,True,0.0,0.0
sano,239,2,152.00885909095393,91.20531545457237,12,12,12513195.706714587,12513195.706714587,5737961.688121491,35.41951659334254,0.040769556037203114,0.12568448167179644,12513195.706714587,0.12568448167179644,12,0.040769556037203114,12513195.706714587,0.040769556037203114,12513195.706714587,0,5737961.688121491,0.040769556037203114,35.419516593342536,0.12568448167179644,0.0,True,0.0,0.0
sano,240,1,95.12360056254006,57.074160337524035,1,1,4713525.528645839,4713525.528645839,0.0,0.0,0.0,0.0,4713525.528645839,0.0,1,0.0,4713525.528645839,0.0,4713525.528645839,0,0.0,0.0,0.0,0.0,0.0,True,0.0,0.0
sano,241,2,112.55549798141813,67.53329878885087,12,12,5838907.804036811,5838907.804036811,831641.0974744557,5.133587021447257,0.0030440362543671484,0.013074579404175822,5838907.804036811,0.013074579404175822,12,0.0030440362543671484,5838907.804036811,0.0030440362543671484,5838907.804036811,0,831641.0974744557,0.0030440362543671484,5.133587021447258,0.013074579404175822,0.0,True,0.0,0.0
sano,242,3,159.9354261000762,95.96125566004571,12,12,49466557.890144445,49466557.890144445,32926433.601067826,203.24959013004823,0.23157574320442906,0.6298795111322231,49466557.890144445,0.6298795111322231,12,0.23157574320442906,49466557.890144445,0.23157574320442909,49466557.890144445,0,32926433.60106782,0.23157574320442909,203.24959013004826,0.6298795111322231,0.0,True,0.0,0.0
sano,244,2,60.029276283844496,36.01756577030669,12,12,5781641.562611139,5781641.562611139,790760.539738299,4.881237899619129,0.0017958265514696483,0.009792408766168647,5781641.562611139,0.009792408766168647,12,0.0017958265514696483,5781641.562611138,0.0017958265514696483,5781641.562611138,0,790760.5397382989,0.0017958265514696483,4.881237899619129,0.009792408766168647,0.0,True,0.0,0.0
sano,245,2,22.170674430457762,13.302404658274655,12,12,5697597.690957096,5697597.690957096,730632.2036853497,4.5100753313910475,6.434712768514583e-05,0.0017817584755106467,5697597.690957096,0.0017817584755106467,12,6.434712768514583e-05,5697597.6909570955,6.434712768514583e-05,5697597.6909570955,0,730632.2036853496,6.434712768514583e-05,4.510075331391047,0.0017817584755106467,0.0,True,0.0,0.0
sano,246,2,74.41748441040922,44.65049064624553,12,12,15707558.114555115,15707558.114555115,8151318.684252013,50.31678200155566,0.009299188312958463,0.07154368454194285,15707558.114555115,0.07154368454194285,12,0.009299188312958463,15707558.114555113,0.009299188312958463,15707558.114555113,0,8151318.684252015,0.009299188312958463,50.31678200155565,0.07154368454194285,0.0,True,0.0,0.0
sano,247,1,17.494206539055842,10.496523923433505,1,1,4713525.528645839,4713525.528645839,0.0,0.0,0.0,0.0,4713525.528645839,0.0,1,0.0,4713525.528645839,0.0,4713525.528645839,0,0.0,0.0,0.0,0.0,0.0,True,0.0,0.0
sano,248,3,208.0434067230995,124.82604403385972,12,12,22725876.60362078,22725876.60362078,12987845.289588036,80.17188450362985,0.29425164587612285,0.2888098779876797,22725876.60362078,0.2888098779876797,12,0.29425164587612285,22725876.603620782,0.29425164587612285,22725876.603620782,0,12987845.289588038,0.29425164587612285,80.17188450362987,0.2888098779876797,0.0,True,0.0,0.0
sano,249,3,127.58074100563186,76.54844460337912,12,12,19183897.089955915,19183897.089955915,10638129.98954594,65.66746907127121,0.08114720420107426,0.20795681367794552,19183897.089955915,0.20795681367794552,12,0.08114720420107426,19183897.08995591,0.08114720420107426,19183897.08995591,0,10638129.98954594,0.08114720420107426,65.66746907127123,0.20795681367794552,0.0,True,0.0,0.0
sano,250,1,103.45741858192105,62.07445114915262,1,1,4713525.528645839,4713525.528645839,0.0,0.0,0.0,0.0,4713525.528645839,0.0,1,0.0,4713525.528645839,0.0,4713525.528645839,0,0.0,0.0,0.0,0.0,0.0,True,0.0,0.0
sano,251,1,6.513292740092137,3.907975644055282,1,1,4713525.528645839,4713525.528645839,0.0,0.0,0.0,0.0,4713525.528645839,0.0,1,0.0,4713525.528645839,0.0,4713525.528645839,0,0.0,0.0,0.0,0.0,0.0,True,0.0,0.0
sano,252,1,85.91010539721327,51.54606323832796,1,1,4713525.528645839,4713525.528645839,0.0,0.0,0.0,0.0,4713525.528645839,0.0,1,0.0,4713525.528645839,0.0,4713525.528645839,0,0.0,0.0,0.0,0.0,0.0,True,0.0,0.0
sano,253,1,72.64845575521285,43.58907345312771,1,1,4713525.528645839,4713525.528645839,0.0,0.0,0.0,0.0,4713525.528645839,0.0,1,0.0,4713525.528645839,0.0,4713525.528645839,0,0.0,0.0,0.0,0.0,0.0,True,0.0,0.0
sano,254,1,0.8851421430225761,0.5310852858135456,1,1,4713525.528645839,4713525.528645839,0.0,0.0,0.0,0.0,4713525.528645839,0.0,1,0.0,4713525.528645839,0.0,4713525.528645839,0,0.0,0.0,0.0,0.0,0.0,True,0.0,0.0
sano,255,1,81.40319738865614,48.84191843319368,1,1,4713525.528645839,4713525.528645839,0.0,0.0,0.0,0.0,4713525.528645839,0.0,1,0.0,4713525.528645839,0.0,4713525.528645839,0,0.0,0.0,0.0,0.0,0.0,True,0.0,0.0
sano,256,4,122.64408254906462,73.58644952943878,12,12,25260026.435201477,25260026.435201477,15147359.314644786,93.5022179916345,0.08309607454260952,0.18846615186794605,25260026.435201477,0.18846615186794605,12,0.08309607454260952,25260026.43520148,0.08309607454260953,25260026.43520148,0,15147359.314644787,0.08309607454260953,93.5022179916345,0.18846615186794605,0.0,True,0.0,0.0
sano,257,2,37.24181855478642,22.34509113287185,12,12,39130093.09487892,39130093.09487892,25529463.414398555,157.58928033579355,0.020030097228818128,0.18582203734098598,39130093.09487892,0.18582203734098598,12,0.020030097228818128,39130093.09487893,0.020030097228818128,39130093.09487893,0,25529463.414398555,0.020030097228818128,157.58928033579355,0.18582203734098598,0.0,True,0.0,0.0
sano,258,2,60.70893791334872,36.42536274800923,12,12,14618831.496129626,14618831.496129626,7351817.988495119,45.38159252157481,0.002513921178543359,0.03532710481362922,14618831.496129626,0.03532710481362922,12,0.002513921178543359,14618831.496129625,0.002513921178543359,14618831.496129625,0,7351817.988495119,0.002513921178543359,45.38159252157481,0.03532710481362922,0.0,True,0.0,0.0
sano,259,1,42.00458138699784,25.202748832198704,1,1,4713525.528645839,4713525.528645839,0.0,0.0,0.0,0.0,4713525.528645839,0.0,1,0.0,4713525.528645839,0.0,4713525.528645839,0,0.0,0.0,0.0,0.0,0.0,True,0.0,0.0
sano,260,1,58.00828402379089,34.804970414274536,1,1,4713525.528645839,4713525.528645839,0.0,0.0,0.0,0.0,4713525.528645839,0.0,1,0.0,4713525.528645839,0.0,4713525.528645839,0,0.0,0.0,0.0,0.0,0.0,True,0.0,0.0
sano,261,2,110.77527840157934,66.4651670409476,12,12,14147698.912868952,14147698.912868952,6960113.193669174,42.96366168931589,0.0343382776576353,0.12703759126314879,14147698.912868952,0.12703759126314879,12,0.0343382776576353,14147698.912868954,0.034338277657635294,14147698.912868954,0,6960113.193669175,0.034338277657635294,42.96366168931589,0.12703759126314879,0.0,True,0.0,0.0
sano,262,3,172.39040354219807,103.43424212531885,12,12,36606404.01012009,36606404.01012009,23488620.068838302,144.9914819064093,0.1468871794387909,0.44671016848457157,36606404.01012009,0.44671016848457157,12,0.1468871794387909,36606404.01012009,0.1468871794387909,36606404.01012009,0,23488620.068838306,0.1468871794387909,144.99148190640932,0.44671016848457157,0.0,True,0.0,0.0
sano,263,2,110.31260192034337,66.18756115220602,12,12,23311723.647335082,23311723.647335082,13722667.22961563,84.70782240503478,0.06636727065222278,0.24798824211125248,23311723.647335082,0.24798824211125248,12,0.06636727065222278,23311723.647335082,0.06636727065222277,23311723.647335082,0,13722667.22961563,0.06636727065222277,84.70782240503476,0.24798824211125248,0.0,True,0.0,0.0
sano,264,1,11.849635736501948,7.109781441901169,1,1,4713525.528645839,4713525.528645839,0.0,0.0,0.0,0.0,4713525.528645839,0.0,1,0.0,4713525.528645839,0.0,4713525.528645839,0,0.0,0.0,0.0,0.0,0.0,True,0.0,0.0
sano,265,2,55.88679323576552,33.53207594145931,12,12,17030013.88555604,17030013.88555604,9122096.032431543,56.30923476809594,0.0178156214679282,0.10475690370188916,17030013.88555604,0.10475690370188916,12,0.0178156214679282,17030013.88555604,0.0178156214679282,17030013.88555604,0,9122096.032431543,0.0178156214679282,56.30923476809594,0.10475690370188916,0.0,True,0.0,0.0
sano,266,3,93.47124641818061,56.08274785090836,12,12,95698368.1711577,95698368.1711577,67459679.05670853,416.4177719549909,0.07644267623423141,0.5842356090515466,95698368.1711577,0.5842356090515466,12,0.07644267623423141,95698368.1711577,0.07644267623423143,95698368.1711577,0,67459679.05670851,0.07644267623423143,416.4177719549909,0.5842356090515466,0.0,True,0.0,0.0
sano,267,4,256.9764168849703,154.18585013098217,12,12,46994660.555951,46994660.555951,30702629.768097814,189.52240597591245,0.5267348129037558,0.8128930841986484,46994660.555951,0.8128930841986484,12,0.5267348129037558,46994660.555951,0.5267348129037557,46994660.555951,0,30702629.768097814,0.5267348129037557,189.52240597591242,0.8128930841986484,0.0,False,0.0,0.0
sano,268,4,147.08526212094046,88.25115727256426,12,12,78243269.52572617,78243269.52572617,53966941.30669854,333.1292673252996,0.4804858837231923,1.142431258602775,78243269.52572617,1.142431258602775,12,0.4804858837231923,78243269.52572615,0.48048588372319234,78243269.52572615,0,53966941.30669854,0.48048588372319234,333.1292673252996,1.142431258602775,0.0,True,0.0,0.0
sano,269,2,40.57632128596339,24.345792771578033,12,12,26208667.782680515,26208667.782680515,15946219.78598964,98.43345546907183,0.011301812232226245,0.11031581095098807,26208667.782680515,0.11031581095098807,12,0.011301812232226245,26208667.78268052,0.011301812232226245,26208667.78268052,0,15946219.785989638,0.011301812232226245,98.43345546907184,0.11031581095098807,0.0,True,0.0,0.0
sano,270,2,98.23751318296428,58.94250790977857,12,12,15680674.051371641,15680674.051371641,8143284.519692968,50.26718839316646,0.0002322741694408895,0.011301474452544565,15680674.051371641,0.011301474452544565,12,0.0002322741694408895,15680674.051371645,0.0002322741694408895,15680674.051371645,0,8143284.519692966,0.0002322741694408895,50.26718839316646,0.011301474452544565,0.0,True,0.0,0.0
sano,271,2,96.34018029445485,57.80410817667291,12,12,18172953.72365948,18172953.72365948,9986414.209482986,61.64453215730239,0.00593125008016795,0.06324304191253036,18172953.72365948,0.06324304191253036,12,0.00593125008016795,18172953.723659478,0.005931250080167949,18172953.723659478,0,9986414.209482988,0.005931250080167949,61.6445321573024,0.06324304191253036,0.0,True,0.0,0.0
sano,272,3,181.0998571948577,108.65991431691461,12,12,34722347.84035672,34722347.84035672,21394600.905735787,132.06543768972708,0.67518184098334,0.9705082963945412,34722347.84035672,0.9705082963945412,12,0.67518184098334,34722347.84035673,0.6751818409833399,34722347.84035673,0,21394600.905735783,0.6751818409833399,132.06543768972705,0.9705082963945412,0.0,True,0.0,0.0
sano,273,2,75.6179790788123,45.37078744728737,12,12,12188575.278317327,12188575.278317327,5530954.19712238,34.141692574829506,0.01489737107256466,0.07459156068646255,12188575.278317327,0.07459156068646255,12,0.01489737107256466,12188575.278317325,0.014897371072564655,12188575.278317325,0,5530954.19712238,0.014897371072564655,34.141692574829506,0.07459156068646255,0.0,True,0.0,0.0
sano,274,3,75.22596317732159,45.13557790639295,12,12,18051657.437316034,18051657.437316034,9857043.956728801,60.84595035017778,0.035805389378918424,0.10476604689574388,18051657.437316034,0.10476604689574388,12,0.035805389378918424,18051657.437316034,0.03580538937891843,18051657.437316034,0,9857043.956728801,0.03580538937891843,60.84595035017779,0.10476604689574388,0.0,True,0.0,0.0
sano,275,4,242.5866651427938,145.5519990856763,12,12,30546515.29310104,30546515.29310104,18791072.265715178,115.99427324515544,0.2972473831471201,0.29081689058817534,30546515.29310104,0.29081689058817534,12,0.2972473831471201,30546515.29310104,0.29724738314712007,30546515.29310104,0,18791072.265715174,0.29724738314712007,115.99427324515543,0.29081689058817534,0.0,False,9.313225746154785e-10,0.0
sano,276,1,55.538027004358646,33.322816202615186,1,1,4713525.528645839,4713525.528645839,0.0,0.0,0.0,0.0,4713525.528645839,0.0,1,0.0,4713525.528645839,0.0,4713525.528645839,0,0.0,0.0,0.0,0.0,0.0,True,0.0,0.0
sano,277,1,109.9606652388616,65.97639914331695,1,1,4713525.528645839,4713525.528645839,0.0,0.0,0.0,0.0,4713525.528645839,0.0,1,0.0,4713525.528645839,0.0,4713525.528645839,0,0.0,0.0,0.0,0.0,0.0,True,0.0,0.0
sano,278,3,104.53424560162952,62.720547360977704,12,12,18983530.651510652,18983530.651510652,10577170.683678254,65.29117705974231,0.01439319947593795,0.07100094121002713,18983530.651510652,0.07100094121002713,12,0.01439319947593795,18983530.65151065,0.014393199475937948,18983530.65151065,0,10577170.683678254,0.014393199475937948,65.29117705974232,0.07100094121002713,0.0,True,0.0,0.0
sano,279,2,95.42449151371311,57.25469490822786,12,12,46707031.37287297,46707031.37287297,31011179.309193,191.42703277279625,0.12986133120952784,0.521475502857205,46707031.37287297,0.521475502857205,12,0.12986133120952784,46707031.37287298,0.12986133120952784,46707031.37287298,0,31011179.309192993,0.12986133120952784,191.42703277279622,0.521475502857205,0.0,True,0.0,0.0
sano,280,1,61.01724582647062,36.61034749588237,1,1,4713525.528645839,4713525.528645839,0.0,0.0,0.0,0.0,4713525.528645839,0.0,1,0.0,4713525.528645839,0.0,4713525.528645839,0,0.0,0.0,0.0,0.0,0.0,True,0.0,0.0
sano,281,4,69.6047908548157,41.762874512889425,12,12,103724854.08810611,103724854.08810611,73473020.03616713,453.53716071708095,0.03591198271925316,0.31388131097665883,103724854.08810611,0.31388131097665883,12,0.03591198271925316,103724854.0881061,0.03591198271925316,103724854.0881061,0,73473020.03616711,0.03591198271925316,453.53716071708095,0.31388131097665883,0.0,True,0.0,0.0
sano,283,2,84.72215097969527,50.83329058781717,12,12,12627170.147826226,12627170.147826226,5846226.547347806,36.08781819350498,0.022805266418477906,0.0948834004624282,12627170.147826226,0.0948834004624282,12,0.022805266418477906,12627170.147826228,0.022805266418477903,12627170.147826228,0,5846226.547347806,0.022805266418477903,36.08781819350498,0.0948834004624282,0.0,True,0.0,0.0
sano,284,4,137.44604044255797,82.46762426553478,12,12,34944580.055959836,34944580.055959836,22233137.259821642,137.24158802359034,0.16323366295614683,0.4374357142136873,34944580.055959836,0.4374357142136873,12,0.16323366295614683,34944580.05595984,0.16323366295614683,34944580.05595984,0,22233137.25982164,0.16323366295614683,137.24158802359034,0.4374357142136873,0.0,True,0.0,0.0
sano,285,1,115.3850532258852,69.23103193553112,1,1,4713525.528645839,4713525.528645839,0.0,0.0,0.0,0.0,4713525.528645839,0.0,1,0.0,4713525.528645839,0.0,4713525.528645839,0,0.0,0.0,0.0,0.0,0.0,True,0.0,0.0
sano,286,1,37.34278337280037,22.40567002368022,1,1,4713525.528645839,4713525.528645839,0.0,0.0,0.0,0.0,4713525.528645839,0.0,1,0.0,4713525.528645839,0.0,4713525.528645839,0,0.0,0.0,0.0,0.0,0.0,True,0.0,0.0
sano,287,1,74.55597529040095,44.73358517424057,1,1,4713525.528645839,4713525.528645839,0.0,0.0,0.0,0.0,4713525.528645839,0.0,1,0.0,4713525.528645839,0.0,4713525.528645839,0,0.0,0.0,0.0,0.0,0.0,True,0.0,0.0
sano,288,3,174.5530363660265,104.73182181961592,12,12,22845423.326780196,22845423.326780196,13291323.547931125,82.04520708599462,0.1310489132442169,0.3424824894711154,22845423.326780196,0.3424824894711154,12,0.1310489132442169,22845423.326780193,0.13104891324421689,22845423.326780193,0,13291323.547931125,0.13104891324421689,82.0452070859946,0.3424824894711154,0.0,True,0.0,0.0
sano,289,1,61.6169047668952,36.97014286013712,1,1,4713525.528645839,4713525.528645839,0.0,0.0,0.0,0.0,4713525.528645839,0.0,1,0.0,4713525.528645839,0.0,4713525.528645839,0,0.0,0.0,0.0,0.0,0.0,True,0.0,0.0
sano,290,2,142.27297588837553,85.36378553302532,12,12,24152443.682853818,24152443.682853818,14188258.163128635,87.58184051313971,0.18698192121956683,0.42325217174696916,24152443.682853818,0.42325217174696916,12,0.18698192121956683,24152443.682853818,0.18698192121956683,24152443.682853818,0,14188258.163128633,0.18698192121956683,87.58184051313971,0.42325217174696916,0.0,True,0.0,0.0
sano,291,2,132.0242834064709,79.21457004388253,12,12,17066911.834520526,17066911.834520526,9155243.926121589,56.51385139581226,0.013445339707232022,0.09117078515282405,17066911.834520526,0.09117078515282405,12,0.013445339707232022,17066911.83452053,0.01344533970723202,17066911.83452053,0,9155243.926121587,0.01344533970723202,56.51385139581226,0.09117078515282405,0.0,True,0.0,0.0
sano,292,1,81.93890680322274,49.16334408193364,1,1,4713525.528645839,4713525.528645839,0.0,0.0,0.0,0.0,4713525.528645839,0.0,1,0.0,4713525.528645839,0.0,4713525.528645839,0,0.0,0.0,0.0,0.0,0.0,True,0.0,0.0
sano,293,4,244.81567530181763,146.88940518109058,12,12,15135919.412059812,15135919.412059812,7453234.719491855,46.00762172525838,0.21727808185455447,0.18677751612975357,15135919.412059812,0.18677751612975357,12,0.21727808185455447,15135919.41205981,0.21727808185455444,15135919.41205981,0,7453234.719491856,0.21727808185455444,46.007621725258375,0.18677751612975357,0.0,False,0.0,0.0
sano,294,3,73.22066255246199,43.93239753147719,12,12,93492419.20055938,93492419.20055938,65820037.459018804,406.29652752480735,0.07767973293897876,0.5626618855864451,93492419.20055938,0.5626618855864451,12,0.07767973293897876,93492419.20055938,0.07767973293897874,93492419.20055938,0,65820037.4590188,0.07767973293897874,406.2965275248074,0.5626618855864451,0.0,True,0.0,0.0
sano,295,3,136.30521899180204,81.78313139508121,12,12,47390627.86798092,47390627.86798092,31484592.80292808,194.34933828967954,0.15584716324497958,0.5660095147176226,47390627.86798092,0.5660095147176226,12,0.15584716324497958,43229625.541376494,0.17817086849621463,43229625.541376494,0,28365496.50710199,0.17817086849621463,175.09565745124684,0.5660095147176226,0.0,True,4161002.3266044185,0.0
sano,296,2,68.66047550196961,41.19628530118176,12,12,21271346.354060743,21271346.354060743,12252339.130888918,75.6317230301785,0.03235863151624141,0.16362114333082758,21271346.354060743,0.16362114333082758,12,0.03235863151624141,21271346.354060743,0.03235863151624141,21271346.354060743,0,12252339.13088892,0.03235863151624141,75.63172303017852,0.16362114333082758,0.0,True,0.0,0.0
sano,297,2,123.12026281657447,73.87215768994469,12,12,99287809.07059623,99287809.07059623,70030700.17350979,432.28827267598626,0.14811840663941941,0.8369193233653826,99287809.07059623,0.8369193233653826,12,0.14811840663941941,99287809.07059623,0.1481184066394194,99287809.07059623,0,70030700.17350978,0.1481184066394194,432.28827267598626,0.8369193233653826,0.0,True,0.0,0.0
sano,298,1,40.46073660312597,24.276441961875584,1,1,4713525.528645839,4713525.528645839,0.0,0.0,0.0,0.0,4713525.528645839,0.0,1,0.0,4713525.528645839,0.0,4713525.528645839,0,0.0,0.0,0.0,0.0,0.0,True,0.0,0.0
sano,299,1,62.714329171050686,37.62859750263041,1,1,4713525.528645839,4713525.528645839,0.0,0.0,0.0,0.0,4713525.528645839,0.0,1,0.0,4713525.528645839,0.0,4713525.528645839,0,0.0,0.0,0.0,0.0,0.0,True,0.0,0.0
sano,300,2,165.24438036115163,99.14662821669098,12,12,12314457.58234118,12314457.58234118,5570703.043298804,34.38705582283212,0.0557337117087213,0.1447934221816724,12314457.58234118,0.1447934221816724,12,0.0557337117087213,12314457.58234118,0.055733711708721295,12314457.58234118,0,5570703.043298804,0.055733711708721295,34.387055822832124,0.1447934221816724,0.0,True,0.0,0.0
sano,301,2,146.6317971980576,87.97907831883455,12,12,12334995.87198112,12334995.87198112,5570949.067667784,34.38857449177646,0.06713881650808239,0.15892282628050447,12334995.87198112,0.15892282628050447,12,0.06713881650808239,12334995.871981122,0.06713881650808237,12334995.871981122,0,5570949.067667785,0.06713881650808237,34.38857449177645,0.15892282628050447,0.0,True,0.0,0.0
sano,302,1,64.31365700097312,38.58819420058387,1,1,4713525.528645839,4713525.528645839,0.0,0.0,0.0,0.0,4713525.528645839,0.0,1,0.0,4713525.528645839,0.0,4713525.528645839,0,0.0,0.0,0.0,0.0,0.0,True,0.0,0.0
sano,303,2,31.75200687854972,19.051204127129832,12,12,13615152.946926827,13615152.946926827,6604118.4307140345,40.76616315255576,0.004356497927539373,0.044076898502914096,13615152.946926827,0.044076898502914096,12,0.004356497927539373,13615152.946926825,0.004356497927539374,13615152.946926825,0,6604118.4307140345,0.004356497927539374,40.76616315255577,0.044076898502914096,0.0,True,0.0,0.0
sano,304,1,83.24621649954938,49.94772989972962,1,1,4713525.528645839,4713525.528645839,0.0,0.0,0.0,0.0,4713525.528645839,0.0,1,0.0,4713525.528645839,0.0,4713525.528645839,0,0.0,0.0,0.0,0.0,0.0,True,0.0,0.0
sano,305,2,92.90974545157886,55.74584727094731,12,12,13693556.406674555,13693556.406674555,6619997.989435856,40.86418511997442,0.03653835379892018,0.127802180137442,13693556.406674555,0.127802180137442,12,0.03653835379892018,13693556.406674553,0.03653835379892018,13693556.406674553,0,6619997.989435856,0.03653835379892018,40.86418511997442,0.127802180137442,0.0,True,0.0,0.0
sano,306,1,80.6254297137233,48.375257828233984,1,1,4713525.528645839,4713525.528645839,0.0,0.0,0.0,0.0,4713525.528645839,0.0,1,0.0,4713525.528645839,0.0,4713525.528645839,0,0.0,0.0,0.0,0.0,0.0,True,0.0,0.0
sano,307,3,82.93547567637117,49.761285405822704,12,12,14747894.475916797,14747894.475916797,7420079.331258873,45.80295883493131,0.02347286776444743,0.0906653931697999,14747894.475916797,0.0906653931697999,12,0.02347286776444743,14747894.475916795,0.02347286776444743,14747894.475916795,0,7420079.3312588725,0.02347286776444743,45.80295883493131,0.0906653931697999,0.0,True,0.0,0.0
sano,308,1,113.2620511005433,67.95723066032598,1,1,4713525.528645839,4713525.528645839,0.0,0.0,0.0,0.0,4713525.528645839,0.0,1,0.0,4713525.528645839,0.0,4713525.528645839,0,0.0,0.0,0.0,0.0,0.0,True,0.0,0.0
sano,309,1,24.37614470060875,14.62568682036525,1,1,4713525.528645839,4713525.528645839,0.0,0.0,0.0,0.0,4713525.528645839,0.0,1,0.0,4713525.528645839,0.0,4713525.528645839,0,0.0,0.0,0.0,0.0,0.0,True,0.0,0.0
sano,310,3,117.85640827505162,70.71384496503097,12,12,28596280.285825044,28596280.285825044,17552171.10171142,108.34673519574947,0.13820659940462354,0.32637151713943663,28596280.285825044,0.32637151713943663,12,0.13820659940462354,28596280.285825044,0.13820659940462354,28596280.285825044,0,17552171.101711415,0.13820659940462354,108.34673519574947,0.32637151713943663,0.0,True,0.0,0.0
sano,311,1,74.20532736946946,44.523196421681675,1,1,4713525.528645839,4713525.528645839,0.0,0.0,0.0,0.0,4713525.528645839,0.0,1,0.0,4713525.528645839,0.0,4713525.528645839,0,0.0,0.0,0.0,0.0,0.0,True,0.0,0.0
sano,312,1,66.62685009072281,39.97611005443368,1,1,4713525.528645839,4713525.528645839,0.0,0.0,0.0,0.0,4713525.528645839,0.0,1,0.0,4713525.528645839,0.0,4713525.528645839,0,0.0,0.0,0.0,0.0,0.0,True,0.0,0.0
sano,314,1,52.89810313234322,31.73886187940593,1,1,4713525.528645839,4713525.528645839,0.0,0.0,0.0,0.0,4713525.528645839,0.0,1,0.0,4713525.528645839,0.0,4713525.528645839,0,0.0,0.0,0.0,0.0,0.0,True,0.0,0.0
sano,315,5,150.79825806039855,90.47895483623913,12,12,46637881.27546034,46637881.27546034,30891211.84293793,190.6864928576415,0.1820203945896464,0.4843530437988576,46637881.27546034,0.4843530437988576,12,0.1820203945896464,46637881.27546033,0.18202039458964642,46637881.27546033,0,30891211.842937924,0.18202039458964642,190.6864928576415,0.4843530437988576,0.0,True,0.0,0.0
sano,316,2,62.412317106870276,37.44739026412216,12,12,15288528.336244876,15288528.336244876,7839767.942835242,48.39362927676075,0.009605286315092222,0.07130855017055282,15288528.336244876,0.07130855017055282,12,0.009605286315092222,15288528.336244874,0.009605286315092224,15288528.336244874,0,7839767.942835242,0.009605286315092224,48.39362927676075,0.07130855017055282,0.0,True,0.0,0.0
sano,317,1,19.662829012763464,11.797697407658077,1,1,4713525.528645839,4713525.528645839,0.0,0.0,0.0,0.0,4713525.528645839,0.0,1,0.0,4713525.528645839,0.0,4713525.528645839,0,0.0,0.0,0.0,0.0,0.0,True,0.0,0.0
sano,318,1,11.427677257772352,6.856606354663411,1,1,4713525.528645839,4713525.528645839,0.0,0.0,0.0,0.0,4713525.528645839,0.0,1,0.0,4713525.528645839,0.0,4713525.528645839,0,0.0,0.0,0.0,0.0,0.0,True,0.0,0.0
sano,319,4,195.67577239030658,117.40546343418396,12,12,94808719.80752273,94808719.80752273,64100285.249698766,395.6807731462887,2.127818641918178,3.0101436519166613,94808719.80752273,3.0101436519166613,12,2.127818641918178,94808719.80752273,2.127818641918178,94808719.80752273,0,64100285.24969877,2.127818641918178,395.6807731462887,3.0101436519166613,0.0,True,0.0,0.0
sano,320,3,188.71574980047214,113.22944988028328,12,12,28001391.868673448,28001391.868673448,16970716.68126259,104.75751037816416,0.24441181355723393,0.5055041043291405,28001391.868673448,0.5055041043291405,12,0.24441181355723393,28001391.86867345,0.24441181355723393,28001391.86867345,0,16970716.681262594,0.24441181355723393,104.75751037816414,0.5055041043291405,0.0,True,0.0,0.0
sano,321,1,51.79963857754508,31.07978314652705,1,1,4713525.528645839,4713525.528645839,0.0,0.0,0.0,0.0,4713525.528645839,0.0,1,0.0,4713525.528645839,0.0,4713525.528645839,0,0.0,0.0,0.0,0.0,0.0,True,0.0,0.0
sano,322,2,133.7515726905168,80.25094361431009,12,12,17664425.859734323,17664425.859734323,9563409.965065176,59.033394846081336,0.04044016750456959,0.1616023622698092,17664425.859734323,0.1616023622698092,12,0.04044016750456959,17664425.85973432,0.04044016750456959,17664425.85973432,0,9563409.965065174,0.04044016750456959,59.03339484608132,0.1616023622698092,0.0,True,0.0,0.0
sano,323,1,61.29270887188889,36.77562532313333,1,1,4713525.528645839,4713525.528645839,0.0,0.0,0.0,0.0,4713525.528645839,0.0,1,0.0,4713525.528645839,0.0,4713525.528645839,0,0.0,0.0,0.0,0.0,0.0,True,0.0,0.0
sano,324,5,240.05765678577654,144.0345940714659,12,12,40828207.44007736,40828207.44007736,25657139.122022275,158.37740198779184,0.8814231067289446,1.06157396882466,40812914.04581096,0.875840284547226,12,0.6581114439606723,40828207.44007735,0.8814231067289446,40812914.04581096,0,25939571.987706967,0.6581114439606722,158.3774019877918,0.875840284547226,35.30410821058692,False,15293.39426638931,0.0
sano,325,5,205.6899680933356,123.41398085600137,12,12,43844449.8226596,43844449.8226596,28675789.303845346,177.01104508546516,0.2893302189535083,0.4034696894381992,43844449.8226596,0.4034696894381992,12,0.2893302189535083,43844449.82265959,0.2893302189535083,43844449.82265959,0,28675789.303845346,0.2893302189535083,177.01104508546513,0.4034696894381992,0.0,True,0.0,0.0
sano,326,1,52.444560307691134,31.46673618461468,1,1,4713525.528645839,4713525.528645839,0.0,0.0,0.0,0.0,4713525.528645839,0.0,1,0.0,4713525.528645839,0.0,4713525.528645839,0,0.0,0.0,0.0,0.0,0.0,True,0.0,0.0
sano,327,1,69.63290646749766,41.77974388049859,1,1,4713525.528645839,4713525.528645839,0.0,0.0,0.0,0.0,4713525.528645839,0.0,1,0.0,4713525.528645839,0.0,4713525.528645839,0,0.0,0.0,0.0,0.0,0.0,True,0.0,0.0
sano,328,2,93.426266212753,56.05575972765179,12,12,16860762.973389067,16860762.973389067,8975269.415219214,55.40289762480995,0.03389221554399125,0.14332058495550828,16860762.973389067,0.14332058495550828,12,0.03389221554399125,16860762.97338907,0.03389221554399126,16860762.97338907,0,8975269.415219212,0.03389221554399126,55.40289762480995,0.14332058495550828,0.0,True,0.0,0.0
sano,329,2,59.93868487820372,35.96321092692223,12,12,9650001.114331005,9650001.114331005,3653509.2609094977,22.55252630191048,0.009152446830278094,0.04751804437918194,9650001.114331005,0.04751804437918194,12,0.009152446830278094,9650001.114331003,0.009152446830278096,9650001.114331003,0,3653509.2609094977,0.009152446830278096,22.55252630191048,0.04751804437918194,0.0,True,0.0,0.0
sano,330,3,101.69254961556247,61.01552976933748,12,12,26592427.720449243,26592427.720449243,16173229.063228728,99.83474730388104,0.055349655047961833,0.16417402011757806,26592427.720449243,0.16417402011757806,12,0.055349655047961833,26592427.720449243,0.05534965504796183,26592427.720449243,0,16173229.06322873,0.05534965504796183,99.83474730388104,0.16417402011757806,0.0,True,0.0,0.0
