city,cluster,terminals,raw_kw,coinc_kw,n_s1,n_s1_feas,s1_npc_mean,s1_npc_feas_mean,s1_capex_mean,s1_length_mean,s1_plkw_mean,s1_vdrop_max,s1cond_npc_mean,s1cond_vdrop_max,n_s1cond_feas,s1cond_plkw_mean,s2f_npc,s2f_plkw,s2_npc,s2_w,s2_capex,s2_plkw,s2_length,s2_vdrop,s2_upsize_m,s2_feasible,vof_mean,tld
sano,0,3,160.63683297476592,96.38209978485955,12,12,22838383.92657468,22838383.92657468,13349464.306006992,82.40410065436413,0.08288244214614839,0.1991457182346127,22838383.92657468,0.1991457182346127,12,0.08288244214614839,22838383.92657468,0.0828824421461484,22838383.92657468,0,13349464.30600699,0.0828824421461484,82.40410065436413,0.1991457182346127,0.0,True,0.0,0.0
sano,1,1,115.1943032092945,69.1165819255767,1,1,4713525.528645839,4713525.528645839,0.0,0.0,0.0,0.0,4713525.528645839,0.0,1,0.0,4713525.528645839,0.0,4713525.528645839,0,0.0,0.0,0.0,0.0,0.0,True,0.0,0.0
sano,2,1,45.68864891860176,27.413189351161055,1,1,4713525.528645839,4713525.528645839,0.0,0.0,0.0,0.0,4713525.528645839,0.0,1,0.0,4713525.528645839,0.0,4713525.528645839,0,0.0,0.0,0.0,0.0,0.0,True,0.0,0.0
sano,3,1,16.739168535297974,10.043501121178783,1,1,4713525.528645839,4713525.528645839,0.0,0.0,0.0,0.0,4713525.528645839,0.0,1,0.0,4713525.528645839,0.0,4713525.528645839,0,0.0,0.0,0.0,0.0,0.0,True,0.0,0.0
sano,4,1,38.99563739713945,23.397382438283667,1,1,4713525.528645839,4713525.528645839,0.0,0.0,0.0,0.0,4713525.528645839,0.0,1,0.0,4713525.528645839,0.0,4713525.528645839,0,0.0,0.0,0.0,0.0,0.0,True,0.0,0.0
sano,5,2,187.01384242305699,112.2083054538342,12,12,57539038.57683007,57539038.57683007,39165439.95139199,241.76197500859246,0.045474821316274006,0.34679422006301747,57539038.57683007,0.34679422006301747,12,0.045474821316274006,57539038.576830074,0.045474821316274006,57539038.576830074,0,39165439.95139199,0.045474821316274006,241.76197500859251,0.34679422006301747,0.0,True,0.0,0.0
sano,6,1,98.71648704272616,59.229892225635695,1,1,4713525.528645839,4713525.528645839,0.0,0.0,0.0,0.0,4713525.528645839,0.0,1,0.0,4713525.528645839,0.0,4713525.528645839,0,0.0,0.0,0.0,0.0,0.0,True,0.0,0.0
sano,7,1,40.6924136385426,24.41544818312556,1,1,4713525.528645839,4713525.528645839,0.0,0.0,0.0,0.0,4713525.528645839,0.0,1,0.0,4713525.528645839,0.0,4713525.528645839,0,0.0,0.0,0.0,0.0,0.0,True,0.0,0.0
sano,8,2,125.10560396426737,75.06336237856041,12,12,34810192.80950065,34810192.80950065,22036117.101234995,136.02541420515425,0.23714039604992643,0.5940255860627793,34810192.80950065,0.5940255860627793,12,0.23714039604992643,34810192.80950066,0.23714039604992648,34810192.80950066,0,22036117.10123499,0.23714039604992648,136.02541420515428,0.5940255860627793,0.0,True,0.0,0.0
sano,9,3,318.6627928916368,191.19767573498206,12,12,27063768.409137774,27063768.409137774,15908878.986118823,98.20295670443717,0.5223161661653108,0.5396130219253622,27063768.409137774,0.5396130219253622,12,0.5223161661653108,27063768.409137774,0.5223161661653108,27063768.409137774,0,15908878.986118823,0.5223161661653108,98.20295670443718,0.5396130219253622,0.0,False,0.0,0.0
sano,10,2,165.24438036115163,99.14662821669098,12,12,12314457.58234118,12314457.58234118,5570703.043298804,34.38705582283212,0.0557337117087213,0.1447934221816724,12314457.58234118,0.1447934221816724,12,0.0557337117087213,12314457.58234118,0.055733711708721295,12314457.58234118,0,5570703.043298804,0.055733711708721295,34.387055822832124,0.1447934221816724,0.0,True,0.0,0.0
sano,11,1,56.89393324832911,34.136359948997466,1,1,4713525.528645839,4713525.528645839,0.0,0.0,0.0,0.0,4713525.528645839,0.0,1,0.0,4713525.528645839,0.0,4713525.528645839,0,0.0,0.0,0.0,0.0,0.0,True,0.0,0.0
sano,12,1,19.869568544887528,11.921741126932517,1,1,4713525.528645839,4713525.528645839,0.0,0.0,0.0,0.0,4713525.528645839,0.0,1,0.0,4713525.528645839,0.0,4713525.528645839,0,0.0,0.0,0.0,0.0,0.0,True,0.0,0.0
sano,13,1,156.8704782512735,94.1222869507641,1,1,4713525.528645839,4713525.528645839,0.0,0.0,0.0,0.0,4713525.528645839,0.0,1,0.0,4713525.528645839,0.0,4713525.528645839,0,0.0,0.0,0.0,0.0,0.0,True,0.0,0.0
sano,14,2,220.33613789145662,132.20168273487397,12,12,18091156.597465243,18091156.597465243,9668923.021714317,59.684710010582215,0.20109176377750745,0.3623439699123071,18091156.597465243,0.3623439699123071,12,0.20109176377750745,18091156.59746524,0.20109176377750748,18091156.59746524,0,9668923.021714319,0.20109176377750748,59.684710010582215,0.3623439699123071,0.0,True,0.0,0.0
sano,15,3,195.08509342771526,117.05105605662914,12,12,28141316.100083005,28141316.100083005,17076765.231495623,105.41213105861497,0.2427786011222742,0.2742452830943235,28141316.100083005,0.2742452830943235,12,0.2427786011222742,28141316.10008301,0.24277860112227423,28141316.10008301,0,17076765.231495626,0.24277860112227423,105.41213105861499,0.2742452830943235,0.0,True,0.0,0.0
sano,16,2,86.09248077880478,51.655488467282865,12,12,11340243.419201935,11340243.419201935,4906436.25964293,30.286643578042785,0.010788390084060706,0.059785552414026624,11340243.419201935,0.059785552414026624,12,0.010788390084060706,11340243.419201935,0.010788390084060706,11340243.419201935,0,4906436.259642931,0.010788390084060706,30.28664357804278,0.059785552414026624,0.0,True,0.0,0.0
sano,17,3,184.7682390262443,110.86094341574656,12,12,56231308.91419337,56231308.91419337,37724759.6640998,232.86888681543078,0.40244761288837205,0.643092650687032,56231308.91419337,0.643092650687032,12,0.40244761288837205,56231308.91419336,0.40244761288837205,56231308.91419336,0,37724759.66409979,0.40244761288837205,232.86888681543078,0.643092650687032,0.0,True,0.0,0.0
sano,18,2,31.307378799557046,18.784427279734228,12,12,7376561.892122735,7376561.892122735,1975752.7461811192,12.196004606056292,0.0012685241573055924,0.01300919769330921,7376561.892122735,0.01300919769330921,12,0.0012685241573055924,7376561.892122736,0.0012685241573055924,7376561.892122736,0,1975752.7461811192,0.0012685241573055924,12.196004606056292,0.01300919769330921,0.0,True,0.0,0.0
sano,19,2,57.17031774928835,34.302190649573014,12,12,10081345.791680334,10081345.791680334,3981400.668493657,24.5765473363806,0.0033763651188943662,0.03012849862156357,10081345.791680334,0.03012849862156357,12,0.0033763651188943662,10081345.791680332,0.0033763651188943662,10081345.791680332,0,3981400.668493657,0.0033763651188943662,24.5765473363806,0.03012849862156357,0.0,True,0.0,0.0
sano,20,3,117.56891930255594,70.54135158153356,12,12,25895327.53141379,25895327.53141379,15588674.09051258,96.22638327476899,0.10622181307239113,0.32919656833231487,25895327.53141379,0.32919656833231487,12,0.10622181307239113,25895327.531413786,0.10622181307239113,25895327.531413786,0,15588674.09051258,0.10622181307239113,96.226383274769,0.32919656833231487,0.0,True,0.0,0.0
sano,21,2,171.24919737222652,102.7495184233359,12,12,19044371.07145601,19044371.07145601,10352444.286724461,63.90397707854604,0.21954904422446764,0.39176178664043587,19044371.07145601,0.39176178664043587,12,0.21954904422446764,19044371.071456008,0.21954904422446764,19044371.071456008,0,10352444.28672446,0.21954904422446764,63.90397707854604,0.39176178664043587,0.0,True,0.0,0.0
sano,22,2,157.14702705482847,94.2882162328971,12,12,29052750.109235834,29052750.109235834,17793705.39514976,109.83768762438122,0.2122523621988844,0.5050034084027988,29052750.109235834,0.5050034084027988,12,0.2122523621988844,29052750.109235838,0.21225236219888438,29052750.109235838,0,17793705.395149756,0.21225236219888438,109.8376876243812,0.5050034084027988,0.0,True,0.0,0.0
sano,23,1,50.4016247025668,30.240974821540078,1,1,4713525.528645839,4713525.528645839,0.0,0.0,0.0,0.0,4713525.528645839,0.0,1,0.0,4713525.528645839,0.0,4713525.528645839,0,0.0,0.0,0.0,0.0,0.0,True,0.0,0.0
sano,24,1,0.8851421430225761,0.5310852858135456,1,1,4713525.528645839,4713525.528645839,0.0,0.0,0.0,0.0,4713525.528645839,0.0,1,0.0,4713525.528645839,0.0,4713525.528645839,0,0.0,0.0,0.0,0.0,0.0,True,0.0,0.0
sano,25,1,26.43199640952933,15.859197845717597,1,1,4713525.528645839,4713525.528645839,0.0,0.0,0.0,0.0,4713525.528645839,0.0,1,0.0,4713525.528645839,0.0,4713525.528645839,0,0.0,0.0,0.0,0.0,0.0,True,0.0,0.0
sano,26,1,39.48021992074765,23.68813195244859,1,1,4713525.528645839,4713525.528645839,0.0,0.0,0.0,0.0,4713525.528645839,0.0,1,0.0,4713525.528645839,0.0,4713525.528645839,0,0.0,0.0,0.0,0.0,0.0,True,0.0,0.0
sano,27,2,163.70655846827867,98.2239350809672,12,12,8958908.071716726,8958908.071716726,3082600.4706863505,19.02839796719969,0.053042535674627835,0.10507650135479572,8958908.071716726,0.10507650135479572,12,0.053042535674627835,8958908.071716726,0.05304253567462785,8958908.071716726,0,3082600.4706863505,0.05304253567462785,19.028397967199695,0.10507650135479572,0.0,True,0.0,0.0
sano,28,1,45.01092314272787,27.00655388563672,1,1,4713525.528645839,4713525.528645839,0.0,0.0,0.0,0.0,4713525.528645839,0.0,1,0.0,4713525.528645839,0.0,4713525.528645839,0,0.0,0.0,0.0,0.0,0.0,True,0.0,0.0
sano,29,1,93.57219956618958,56.143319739713746,1,1,4713525.528645839,4713525.528645839,0.0,0.0,0.0,0.0,4713525.528645839,0.0,1,0.0,4713525.528645839,0.0,4713525.528645839,0,0.0,0.0,0.0,0.0,0.0,True,0.0,0.0
sano,30,1,161.16008091366186,96.69604854819711,1,1,4713525.528645839,4713525.528645839,0.0,0.0,0.0,0.0,4713525.528645839,0.0,1,0.0,4713525.528645839,0.0,4713525.528645839,0,0.0,0.0,0.0,0.0,0.0,True,0.0,0.0
sano,31,1,147.4231973648273,88.45391841889638,1,1,4713525.528645839,4713525.528645839,0.0,0.0,0.0,0.0,4713525.528645839,0.0,1,0.0,4713525.528645839,0.0,4713525.528645839,0,0.0,0.0,0.0,0.0,0.0,True,0.0,0.0
sano,32,1,84.2400923611866,50.544055416711956,1,1,4713525.528645839,4713525.528645839,0.0,0.0,0.0,0.0,4713525.528645839,0.0,1,0.0,4713525.528645839,0.0,4713525.528645839,0,0.0,0.0,0.0,0.0,0.0,True,0.0,0.0
sano,33,2,140.83217746019227,84.49930647611535,12,12,21457660.03423438,21457660.03423438,12219091.208149763,75.42648893919605,0.16278884516968567,0.3664937895488606,21457660.03423438,0.3664937895488606,12,0.16278884516968567,21457660.034234382,0.16278884516968564,21457660.034234382,0,12219091.208149763,0.16278884516968564,75.42648893919606,0.3664937895488606,0.0,True,0.0,0.0
sano,34,1,14.724972163791614,8.834983298274969,1,1,4713525.528645839,4713525.528645839,0.0,0.0,0.0,0.0,4713525.528645839,0.0,1,0.0,4713525.528645839,0.0,4713525.528645839,0,0.0,0.0,0.0,0.0,0.0,True,0.0,0.0
sano,35,4,240.03791523851612,144.02274914310965,12,12,73311370.768297,73311370.768297,50327904.68834716,310.6660783231306,0.4629158752980958,0.899447974709063,73311370.768297,0.899447974709063,12,0.4629158752980958,73311370.76829702,0.4629158752980958,73311370.76829702,0,50327904.68834716,0.4629158752980958,310.66607832313065,0.899447974709063,0.0,False,0.0,0.6
sano,36,2,57.50212313184652,34.50127387910791,12,12,26734326.29086818,26734326.29086818,16317611.586193293,100.72599744563762,0.025692779142427,0.1682552726590184,26734326.29086818,0.1682552726590184,12,0.025692779142427,26734326.29086818,0.025692779142426996,26734326.29086818,0,16317611.586193293,0.025692779142426996,100.72599744563762,0.1682552726590184,0.0,True,0.0,0.0
sano,37,1,16.665936881400714,9.999562128840429,1,1,4713525.528645839,4713525.528645839,0.0,0.0,0.0,0.0,4713525.528645839,0.0,1,0.0,4713525.528645839,0.0,4713525.528645839,0,0.0,0.0,0.0,0.0,0.0,True,0.0,0.0
sano,38,1,89.4107160087948,53.64642960527687,1,1,4713525.528645839,4713525.528645839,0.0,0.0,0.0,0.0,4713525.528645839,0.0,1,0.0,4713525.528645839,0.0,4713525.528645839,0,0.0,0.0,0.0,0.0,0.0,True,0.0,0.0
sano,39,3,84.04043153152338,50.42425891891403,12,12,23182470.9086194,23182470.9086194,13713578.831224099,84.65172118039568,0.00032331599874922776,0.014986326995494861,23182470.9086194,0.014986326995494861,12,0.00032331599874922776,23182470.9086194,0.0003233159987492278,23182470.9086194,0,13713578.831224099,0.0003233159987492278,84.65172118039567,0.014986326995494861,0.0,True,0.0,0.0
sano,40,1,25.308043268659212,15.184825961195527,1,1,4713525.528645839,4713525.528645839,0.0,0.0,0.0,0.0,4713525.528645839,0.0,1,0.0,4713525.528645839,0.0,4713525.528645839,0,0.0,0.0,0.0,0.0,0.0,True,0.0,0.0
sano,41,1,101.22281469781136,60.733688818686815,1,1,4713525.528645839,4713525.528645839,0.0,0.0,0.0,0.0,4713525.528645839,0.0,1,0.0,4713525.528645839,0.0,4713525.528645839,0,0.0,0.0,0.0,0.0,0.0,True,0.0,0.0
sano,42,2,84.72215097969527,50.83329058781717,12,12,12627170.147826226,12627170.147826226,5846226.547347806,36.08781819350498,0.022805266418477906,0.0948834004624282,12627170.147826226,0.0948834004624282,12,0.022805266418477906,12627170.147826228,0.022805266418477903,12627170.147826228,0,5846226.547347806,0.022805266418477903,36.08781819350498,0.0948834004624282,0.0,True,0.0,0.0
sano,43,1,23.25939309129133,13.955635854774798,1,1,4713525.528645839,4713525.528645839,0.0,0.0,0.0,0.0,4713525.528645839,0.0,1,0.0,4713525.528645839,0.0,4713525.528645839,0,0.0,0.0,0.0,0.0,0.0,True,0.0,0.0
sano,44,2,122.3996434063487,73.43978604380922,12,12,15119230.929811386,15119230.929811386,7677071.885904652,47.38933262904106,0.03771814707409454,0.139832403858833,15119230.929811386,0.139832403858833,12,0.03771814707409454,15119230.929811386,0.03771814707409453,15119230.929811386,0,7677071.885904651,0.03771814707409453,47.38933262904106,0.139832403858833,0.0,True,0.0,0.0
sano,45,2,270.5170230413154,162.31021382478923,12,12,13643280.700083645,13643280.700083645,6472049.602175822,39.950923470221134,0.1206189569245905,0.2295955931838283,13643280.700083645,0.2295955931838283,12,0.1206189569245905,13643280.700083645,0.12061895692459046,13643280.700083645,0,6472049.6021758225,0.12061895692459046,39.95092347022113,0.2295955931838283,0.0,False,0.0,0.0
sano,46,4,271.8535774054824,163.11214644328942,12,12,128573925.23745209,128573925.23745209,87174042.13183352,538.1113711841573,3.6468158244245275,4.4624980422829985,128573925.23745209,4.4624980422829985,12,3.6468158244245275,128573925.2374521,3.646815824424527,128573925.2374521,0,87174042.13183351,3.646815824424527,538.1113711841574,4.4624980422829985,0.0,False,0.0,0.0
sano,47,2,73.76241173912096,44.25744704347258,12,12,12055106.301546825,12055106.301546825,5440845.676822893,33.585467140882066,0.008057858367285326,0.05440989200854058,12055106.301546825,0.05440989200854058,12,0.008057858367285326,12055106.301546825,0.008057858367285325,12055106.301546825,0,5440845.676822893,0.008057858367285325,33.58546714088206,0.05440989200854058,0.0,True,0.0,0.0
sano,48,2,147.10934447043417,88.26560668226048,12,12,8433108.019328548,8433108.019328548,2746844.219011462,16.955828512416424,0.011484767284870056,0.0461543841103745,8433108.019328548,0.0461543841103745,12,0.011484767284870056,8433108.019328546,0.011484767284870056,8433108.019328546,0,2746844.2190114614,0.011484767284870056,16.955828512416428,0.0461543841103745,0.0,True,0.0,0.0
sano,49,2,163.00525505294038,97.80315303176423,12,12,12705819.412299609,12705819.412299609,5913317.1150015155,36.50195750000937,0.0161998938800336,0.0804278602974721,12705819.412299609,0.0804278602974721,12,0.0161998938800336,12705819.412299609,0.016199893880033605,12705819.412299609,0,5913317.115001516,0.016199893880033605,36.50195750000936,0.0804278602974721,0.0,True,0.0,0.0
sano,50,2,123.60907147059456,74.16544288235673,12,12,16661784.351383321,16661784.351383321,8755991.928189455,54.04933289005836,0.08826063661199522,0.22843942025940842,16661784.351383321,0.22843942025940842,12,0.08826063661199522,16661784.351383317,0.08826063661199522,16661784.351383317,0,8755991.928189453,0.08826063661199522,54.049332890058345,0.22843942025940842,0.0,True,0.0,0.0
sano,51,3,243.27945568984984,145.9676734139099,12,12,48304974.083142616,48304974.083142616,31763212.09897845,196.06921048752125,0.46013638397529705,0.5114882498994097,48304974.083142616,0.5114882498994097,12,0.46013638397529705,48304974.08314261,0.46013638397529705,48304974.08314261,0,31763212.098978445,0.46013638397529705,196.06921048752127,0.5114882498994097,0.0,False,0.0,0.0
sano,52,1,41.69708780349222,25.01825268209533,1,1,4713525.528645839,4713525.528645839,0.0,0.0,0.0,0.0,4713525.528645839,0.0,1,0.0,4713525.528645839,0.0,4713525.528645839,0,0.0,0.0,0.0,0.0,0.0,True,0.0,0.0
sano,53,2,91.6891411860629,55.01348471163774,12,12,12343846.05478227,12343846.05478227,5624411.902329232,34.718591989686615,0.031496390892979266,0.10937140733198743,12343846.05478227,0.10937140733198743,12,0.031496390892979266,12343846.054782268,0.03149639089297926,12343846.054782268,0,5624411.902329232,0.03149639089297926,34.718591989686615,0.10937140733198743,0.0,True,0.0,0.0
sano,54,1,147.62304151939537,88.57382491163722,1,1,4713525.528645839,4713525.528645839,0.0,0.0,0.0,0.0,4713525.528645839,0.0,1,0.0,4713525.528645839,0.0,4713525.528645839,0,0.0,0.0,0.0,0.0,0.0,True,0.0,0.0
sano,55,1,43.50803950742675,26.10482370445605,1,1,4713525.528645839,4713525.528645839,0.0,0.0,0.0,0.0,4713525.528645839,0.0,1,0.0,4713525.528645839,0.0,4713525.528645839,0,0.0,0.0,0.0,0.0,0.0,True,0.0,0.0
sano,56,2,246.91376745457154,148.14826047274292,12,12,24436485.921176273,24436485.921176273,14390365.451753428,88.82941636884833,0.193675873298946,0.4338189494552839,24436485.921176273,0.4338189494552839,12,0.193675873298946,24436485.921176273,0.193675873298946,24436485.921176273,0,14390365.451753426,0.193675873298946,88.82941636884831,0.4338189494552839,0.0,False,0.0,0.0
sano,57,4,295.8374547067324,177.50247282403944,12,12,80018821.22473398,80018821.22473398,53630489.112564646,331.0524019294115,1.7383735998776,2.0134629617767246,80018821.22473398,2.0134629617767246,12,1.7383735998776,80018821.224734,1.7383735998775995,80018821.224734,0,53630489.11256464,1.7383735998775995,331.0524019294114,2.0134629617767246,0.0,False,0.0,0.0
sano,58,1,36.27239779797833,21.763438678786997,1,1,4713525.528645839,4713525.528645839,0.0,0.0,0.0,0.0,4713525.528645839,0.0,1,0.0,4713525.528645839,0.0,4713525.528645839,0,0.0,0.0,0.0,0.0,0.0,True,0.0,0.0
sano,59,2,239.3206527169031,143.59239163014186,12,12,20767133.584031153,20767133.584031153,11557904.899487706,71.34509197214634,0.27561950843409305,0.4637985435469608,20767133.584031153,0.4637985435469608,12,0.27561950843409305,20767133.58403115,0.2756195084340931,20767133.58403115,0,11557904.899487708,0.2756195084340931,71.34509197214635,0.4637985435469608,0.0,False,0.0,0.0
sano,60,2,77.8643528125408,46.718611687524486,12,12,15368030.04627783,15368030.04627783,7867591.625737564,48.56538040578743,0.033328170787688335,0.13306428019188338,15368030.04627783,0.13306428019188338,12,0.033328170787688335,15368030.046277834,0.03332817078768833,15368030.046277834,0,7867591.625737564,0.03332817078768833,48.56538040578743,0.13306428019188338,0.0,True,0.0,0.0
sano,61,2,18.67647295796805,11.20588377478083,12,12,12704677.273244796,12704677.273244796,5931849.582197093,36.616355445661064,0.0014685532618448714,0.0242535190532188,12704677.273244796,0.0242535190532188,12,0.0014685532618448714,12704677.273244794,0.0014685532618448714,12704677.273244794,0,5931849.582197093,0.0014685532618448714,36.61635544566107,0.0242535190532188,0.0,True,0.0,0.0
sano,62,2,81.55473699128314,48.932842194769876,12,12,12771432.515643293,12771432.515643293,5966397.041153486,36.82961136514497,0.012886340788794104,0.07205360705177075,12771432.515643293,0.07205360705177075,12,0.012886340788794104,12771432.515643293,0.012886340788794103,12771432.515643293,0,5966397.041153486,0.012886340788794103,36.82961136514498,0.07205360705177075,0.0,True,0.0,0.0
sano,63,1,26.309492276560416,15.785695365936249,1,1,4713525.528645839,4713525.528645839,0.0,0.0,0.0,0.0,4713525.528645839,0.0,1,0.0,4713525.528645839,0.0,4713525.528645839,0,0.0,0.0,0.0,0.0,0.0,True,0.0,0.0
sano,64,1,25.14898424590799,15.089390547544793,1,1,4713525.528645839,4713525.528645839,0.0,0.0,0.0,0.0,4713525.528645839,0.0,1,0.0,4713525.528645839,0.0,4713525.528645839,0,0.0,0.0,0.0,0.0,0.0,True,0.0,0.0
sano,65,2,43.362305418333776,26.01738325100027,12,12,6836523.443111566,6836523.443111566,1574917.1334791891,9.721710700488824,0.001141824649077404,0.01101953848883124,6836523.443111566,0.01101953848883124,12,0.001141824649077404,6836523.443111565,0.0011418246490774039,6836523.443111565,0,1574917.1334791891,0.0011418246490774039,9.721710700488822,0.01101953848883124,0.0,True,0.0,0.0
sano,66,2,115.02976313467708,69.01785788080625,12,12,30891177.93984105,30891177.93984105,19290821.603676476,119.07914570170668,0.1119158878983731,0.38181771999479996,30891177.93984105,0.38181771999479996,12,0.1119158878983731,30891177.939841058,0.11191588789837313,30891177.939841058,0,19290821.60367648,0.11191588789837313,119.07914570170666,0.38181771999479996,0.0,True,0.0,0.0
sano,67,2,116.25700615706369,69.75420369423821,12,12,13151241.47980762,13151241.47980762,6198213.770787218,38.26057883201986,0.05105000720250338,0.14617261766197823,13151241.47980762,0.14617261766197823,12,0.05105000720250338,13151241.479807623,0.05105000720250336,13151241.479807623,0,6198213.770787218,0.05105000720250336,38.26057883201986,0.14617261766197823,0.0,True,0.0,0.0
sano,68,1,90.26657448309288,54.15994468985573,1,1,4713525.528645839,4713525.528645839,0.0,0.0,0.0,0.0,4713525.528645839,0.0,1,0.0,4713525.528645839,0.0,4713525.528645839,0,0.0,0.0,0.0,0.0,0.0,True,0.0,0.0
sano,69,2,104.1414506513956,62.48487039083736,12,12,12776108.498922804,12776108.498922804,5934278.084701681,36.631346201862236,0.039939451472292775,0.12650853896765366,12776108.498922804,0.12650853896765366,12,0.039939451472292775,12776108.498922806,0.039939451472292775,12776108.498922806,0,5934278.0847016815,0.039939451472292775,36.63134620186223,0.12650853896765366,0.0,True,0.0,0.0
sano,70,3,194.58583236336182,116.75149941801706,12,12,19218108.557680856,19218108.557680856,10530909.13749212,65.0056119598279,0.181956222400697,0.35423191307489643,19218108.557680856,0.35423191307489643,12,0.181956222400697,19218108.55768086,0.18195622240069703,19218108.55768086,0,10530909.13749212,0.18195622240069703,65.0056119598279,0.35423191307489643,0.0,True,0.0,0.0
sano,71,3,83.59303730475037,50.15582238285022,12,12,29857029.415943325,29857029.415943325,18617938.57340021,114.92554674938403,0.03969202815026534,0.11843759818834229,29857029.415943325,0.11843759818834229,12,0.03969202815026534,29857029.415943325,0.03969202815026533,29857029.415943325,0,18617938.573400214,0.03969202815026533,114.92554674938403,0.11843759818834229,0.0,True,0.0,0.0
sano,72,5,268.1715849746755,160.9029509848053,12,12,54885180.06620037,54885180.06620037,36392901.10326088,224.64753767444986,0.6550309378344652,0.7715534721609415,54885180.06620037,0.7715534721609415,12,0.6550309378344652,54885180.06620036,0.6550309378344652,54885180.06620036,0,36392901.10326088,0.6550309378344652,224.6475376744499,0.7715534721609415,0.0,False,1.241763432820638e-09,0.0
sano,73,2,122.69905541632414,73.61943324979448,12,12,28788469.676331893,28788469.676331893,17849935.164783012,110.18478496779638,0.020347860640995977,0.1566074954032641,28788469.676331893,0.1566074954032641,12,0.020347860640995977,28788469.676331896,0.02034786064099598,28788469.676331896,0,17849935.164783016,0.02034786064099598,110.1847849677964,0.1566074954032641,0.0,True,0.0,0.0
sano,74,1,164.86574849600592,98.91944909760355,1,1,4713525.528645839,4713525.528645839,0.0,0.0,0.0,0.0,4713525.528645839,0.0,1,0.0,4713525.528645839,0.0,4713525.528645839,0,0.0,0.0,0.0,0.0,0.0,True,0.0,0.0
sano,75,2,79.01824854365577,47.41094912619346,12,12,6541831.138682078,6541831.138682078,1356970.969707927,8.37636401054276,0.0004760962443568818,0.006604919082398229,6541831.138682078,0.006604919082398229,12,0.0004760962443568818,6541831.138682077,0.00047609624435688186,6541831.138682077,0,1356970.9697079272,0.00047609624435688186,8.37636401054276,0.006604919082398229,0.0,True,0.0,0.0
sano,76,3,336.27623762427766,201.76574257456662,12,12,19591593.227943625,19591593.227943625,10073806.242769433,62.18398915289774,0.7402045789350797,0.5321812388673651,19591593.227943625,0.5321812388673651,12,0.7402045789350797,19591593.22794362,0.7402045789350797,19591593.22794362,0,10073806.242769431,0.7402045789350797,62.18398915289772,0.5321812388673651,0.0,False,0.0,0.0
sano,77,2,238.63199308455347,143.17919585073207,12,12,7876475.9877981655,7876475.9877981655,2232397.173669919,13.78022946709826,0.0883495143992548,0.11540447792773754,7876475.9877981655,0.11540447792773754,12,0.0883495143992548,7876475.987798164,0.08834951439925481,7876475.987798164,0,2232397.173669919,0.08834951439925481,13.780229467098264,0.11540447792773754,0.0,False,0.0,0.0
sano,78,2,227.88843881814864,136.73306329088916,12,12,12621570.741727406,12621570.741727406,5638369.205729612,34.80474818351613,0.17763917851315295,0.2600644434107108,12621570.741727406,0.2600644434107108,12,0.17763917851315295,12621570.741727404,0.17763917851315295,12621570.741727404,0,5638369.205729612,0.17763917851315295,34.804748183516125,0.2600644434107108,0.0,False,0.0,0.0
sano,79,2,85.76430277663314,51.458581665979885,12,12,13264792.042619595,13264792.042619595,6345827.718394338,39.17177603947123,0.0029368664413459843,0.035474892026870736,13264792.042619595,0.035474892026870736,12,0.0029368664413459843,13264792.042619597,0.0029368664413459843,13264792.042619597,0,6345827.718394338,0.0029368664413459843,39.171776039471226,0.035474892026870736,0.0,True,0.0,0.0
sano,80,1,50.58541963405942,30.35125178043565,1,1,4713525.528645839,4713525.528645839,0.0,0.0,0.0,0.0,4713525.528645839,0.0,1,0.0,4713525.528645839,0.0,4713525.528645839,0,0.0,0.0,0.0,0.0,0.0,True,0.0,0.0
sano,81,1,62.94887640229775,37.769325841378645,1,1,4713525.528645839,4713525.528645839,0.0,0.0,0.0,0.0,4713525.528645839,0.0,1,0.0,4713525.528645839,0.0,4713525.528645839,0,0.0,0.0,0.0,0.0,0.0,True,0.0,0.0
sano,82,3,125.45729895512812,75.27437937307687,12,12,17489858.955844156,17489858.955844156,9384043.00420657,57.92619138399119,0.07825055617179948,0.10512699304275333,17489858.955844156,0.10512699304275333,12,0.07825055617179948,17489858.955844153,0.07825055617179949,17489858.955844153,0,9384043.004206572,0.07825055617179949,57.92619138399119,0.10512699304275333,0.0,True,0.0,0.0
sano,83,1,12.521543117955748,7.512925870773448,1,1,4713525.528645839,4713525.528645839,0.0,0.0,0.0,0.0,4713525.528645839,0.0,1,0.0,4713525.528645839,0.0,4713525.528645839,0,0.0,0.0,0.0,0.0,0.0,True,0.0,0.0
sano,84,1,67.65454159161955,40.59272495497173,1,1,4713525.528645839,4713525.528645839,0.0,0.0,0.0,0.0,4713525.528645839,0.0,1,0.0,4713525.528645839,0.0,4713525.528645839,0,0.0,0.0,0.0,0.0,0.0,True,0.0,0.0
sano,85,1,66.43966854453234,39.8638011267194,1,1,4713525.528645839,4713525.528645839,0.0,0.0,0.0,0.0,4713525.528645839,0.0,1,0.0,4713525.528645839,0.0,4713525.528645839,0,0.0,0.0,0.0,0.0,0.0,True,0.0,0.0
sano,86,1,53.33375192858816,32.000251157152896,1,1,4713525.528645839,4713525.528645839,0.0,0.0,0.0,0.0,4713525.528645839,0.0,1,0.0,4713525.528645839,0.0,4713525.528645839,0,0.0,0.0,0.0,0.0,0.0,True,0.0,0.0
sano,87,2,73.62521222785205,44.17512733671122,12,12,14126764.051133746,14126764.051133746,6968544.752796845,43.01570835059781,0.016113429861478186,0.08707628426910953,14126764.051133746,0.08707628426910953,12,0.016113429861478186,14126764.051133744,0.01611342986147819,14126764.051133744,0,6968544.7527968455,0.01611342986147819,43.01570835059781,0.08707628426910953,0.0,True,0.0,0.0
sano,88,1,83.61946908711073,50.171681452266434,1,1,4713525.528645839,4713525.528645839,0.0,0.0,0.0,0.0,4713525.528645839,0.0,1,0.0,4713525.528645839,0.0,4713525.528645839,0,0.0,0.0,0.0,0.0,0.0,True,0.0,0.0
sano,89,1,60.73825224874857,36.44295134924914,1,1,4713525.528645839,4713525.528645839,0.0,0.0,0.0,0.0,4713525.528645839,0.0,1,0.0,4713525.528645839,0.0,4713525.528645839,0,0.0,0.0,0.0,0.0,0.0,True,0.0,0.0
sano,90,1,79.6155734204733,47.76934405228398,1,1,4713525.528645839,4713525.528645839,0.0,0.0,0.0,0.0,4713525.528645839,0.0,1,0.0,4713525.528645839,0.0,4713525.528645839,0,0.0,0.0,0.0,0.0,0.0,True,0.0,0.0
sano,91,3,221.0056327725362,132.6033796635217,12,12,26577380.368071992,26577380.368071992,15970290.32399786,98.58203903702383,0.20111233305040654,0.3285168179071284,26577380.368071992,0.3285168179071284,12,0.20111233305040654,26577380.368071992,0.20111233305040654,26577380.368071992,0,15970290.323997863,0.20111233305040654,98.58203903702383,0.3285168179071284,0.0,True,0.0,0.0
sano,92,1,24.768435743212265,14.861061445927358,1,1,4713525.528645839,4713525.528645839,0.0,0.0,0.0,0.0,4713525.528645839,0.0,1,0.0,4713525.528645839,0.0,4713525.528645839,0,0.0,0.0,0.0,0.0,0.0,True,0.0,0.0
sano,93,1,11.427677257772352,6.856606354663411,1,1,4713525.528645839,4713525.528645839,0.0,0.0,0.0,0.0,4713525.528645839,0.0,1,0.0,4713525.528645839,0.0,4713525.528645839,0,0.0,0.0,0.0,0.0,0.0,True,0.0,0.0
sano,94,3,175.87403800604415,105.52442280362649,12,12,18047287.408491496,18047287.408491496,9786103.044348711,60.40804348363398,0.0872617286689905,0.20349906598440462,18047287.408491496,0.20349906598440462,12,0.0872617286689905,18047287.4084915,0.08726172866899048,18047287.4084915,0,9786103.04434871,0.08726172866899048,60.408043483634,0.20349906598440462,0.0,True,0.0,0.0
sano,95,1,42.32786209266544,25.396717255599263,1,1,4713525.528645839,4713525.528645839,0.0,0.0,0.0,0.0,4713525.528645839,0.0,1,0.0,4713525.528645839,0.0,4713525.528645839,0,0.0,0.0,0.0,0.0,0.0,True,0.0,0.0
sano,96,2,40.984773911238385,24.590864346743032,12,12,33459915.144630443,33459915.144630443,21342489.042864706,131.74375952385617,0.0022571273940966458,0.05703420793740189,33459915.144630443,0.05703420793740189,12,0.0022571273940966458,33459915.144630443,0.002257127394096646,33459915.144630443,0,21342489.042864703,0.002257127394096646,131.74375952385617,0.05703420793740189,0.0,True,0.0,0.0
sano,97,1,26.547076134616937,15.92824568077016,1,1,4713525.528645839,4713525.528645839,0.0,0.0,0.0,0.0,4713525.528645839,0.0,1,0.0,4713525.528645839,0.0,4713525.528645839,0,0.0,0.0,0.0,0.0,0.0,True,0.0,0.0
sano,98,1,6.12090615098074,3.6725436905884434,1,1,4713525.528645839,4713525.528645839,0.0,0.0,0.0,0.0,4713525.528645839,0.0,1,0.0,4713525.528645839,0.0,4713525.528645839,0,0.0,0.0,0.0,0.0,0.0,True,0.0,0.0
sano,99,1,72.64845575521285,43.58907345312771,1,1,4713525.528645839,4713525.528645839,0.0,0.0,0.0,0.0,4713525.528645839,0.0,1,0.0,4713525.528645839,0.0,4713525.528645839,0,0.0,0.0,0.0,0.0,0.0,True,0.0,0.0
sano,100,1,10.236594638774656,6.141956783264794,1,1,4713525.528645839,4713525.528645839,0.0,0.0,0.0,0.0,4713525.528645839,0.0,1,0.0,4713525.528645839,0.0,4713525.528645839,0,0.0,0.0,0.0,0.0,0.0,True,0.0,0.0
sano,101,1,127.59417057607808,76.55650234564685,1,1,4713525.528645839,4713525.528645839,0.0,0.0,0.0,0.0,4713525.528645839,0.0,1,0.0,4713525.528645839,0.0,4713525.528645839,0,0.0,0.0,0.0,0.0,0.0,True,0.0,0.0
sano,102,4,163.13272087525826,97.87963252515493,12,12,37143008.47856106,37143008.47856106,23977443.246296447,148.0089089277558,0.07819552392309297,0.2325497579997852,37143008.47856106,0.2325497579997852,12,0.07819552392309297,37143008.478561066,0.07819552392309298,37143008.478561066,0,23977443.246296447,0.07819552392309298,148.00890892775584,0.2325497579997852,0.0,True,0.0,0.0
sano,103,2,60.78519394890254,36.47111636934152,12,12,7352534.008764607,7352534.008764607,1956180.2612332522,12.075186797736125,0.002584064203498325,0.01847527584642839,7352534.008764607,0.01847527584642839,12,0.002584064203498325,7352534.008764607,0.0025840642034983246,7352534.008764607,0,1956180.2612332522,0.0025840642034983246,12.075186797736125,0.01847527584642839,0.0,True,0.0,0.0
sano,104,1,60.08184340762124,36.049106044572746,1,1,4713525.528645839,4713525.528645839,0.0,0.0,0.0,0.0,4713525.528645839,0.0,1,0.0,4713525.528645839,0.0,4713525.528645839,0,0.0,0.0,0.0,0.0,0.0,True,0.0,0.0
sano,105,1,64.88975521060296,38.933853126361775,1,1,4713525.528645839,4713525.528645839,0.0,0.0,0.0,0.0,4713525.528645839,0.0,1,0.0,4713525.528645839,0.0,4713525.528645839,0,0.0,0.0,0.0,0.0,0.0,True,0.0,0.0
sano,106,1,27.753720402943628,16.652232241766175,1,1,4713525.528645839,4713525.528645839,0.0,0.0,0.0,0.0,4713525.528645839,0.0,1,0.0,4713525.528645839,0.0,4713525.528645839,0,0.0,0.0,0.0,0.0,0.0,True,0.0,0.0
sano,107,2,116.0598313161008,69.63589878966047,12,12,9571455.579147276,9571455.579147276,3586957.0535416957,22.141710207047506,0.015407153032237358,0.06108845364683688,9571455.579147276,0.06108845364683688,12,0.015407153032237358,9571455.579147274,0.015407153032237358,9571455.579147274,0,3586957.0535416952,0.015407153032237358,22.141710207047502,0.06108845364683688,0.0,True,0.0,0.0
sano,108,3,149.64462788236665,89.78677672941997,12,12,23911569.038781915,23911569.038781915,14014724.939335769,86.5106477736776,0.18293297647202325,0.24248771768431657,23911569.038781915,0.24248771768431657,12,0.18293297647202325,23911569.03878192,0.18293297647202325,23911569.03878192,0,14014724.93933577,0.18293297647202325,86.51064777367759,0.24248771768431657,0.0,True,0.0,0.0
sano,109,2,171.65970783013694,102.99582469808216,12,12,16197498.018502735,16197498.018502735,8373465.435001374,51.68805824074923,0.11697260421512823,0.25717546909091876,16197498.018502735,0.25717546909091876,12,0.11697260421512823,16197498.01850273,0.11697260421512823,16197498.01850273,0,8373465.435001375,0.11697260421512823,51.68805824074923,0.25717546909091876,0.0,True,0.0,0.0
sano,110,2,83.15331843411603,49.891991060469614,12,12,15576059.663415335,15576059.663415335,8013775.133735421,49.46774773910753,0.039627676654433654,0.14643764182964375,15576059.663415335,0.14643764182964375,12,0.039627676654433654,15576059.663415333,0.03962767665443365,15576059.663415333,0,8013775.133735421,0.03962767665443365,49.46774773910754,0.14643764182964375,0.0,True,0.0,0.0
sano,111,2,153.62597571851938,92.17558543111164,12,12,73079230.32479969,73079230.32479969,49749924.00737014,307.098296341791,0.7712209145444019,1.6096092360077192,73079230.32479969,1.6096092360077192,12,0.7712209145444019,73079230.3247997,0.7712209145444018,73079230.3247997,0,49749924.007370144,0.7712209145444018,307.098296341791,1.6096092360077192,0.0,True,0.0,1.0
sano,112,2,77.17603383331982,46.30562029999189,12,12,12111778.412524989,12111778.412524989,5490970.1117806,33.894877233213585,0.0019443751309617492,0.02685031678722062,12111778.412524989,0.02685031678722062,12,0.0019443751309617492,12111778.412524989,0.0019443751309617487,12111778.412524989,0,5490970.1117806,0.0019443751309617487,33.89487723321358,0.02685031678722062,0.0,True,0.0,0.0
sano,113,2,52.419380836955604,31.45162850217336,12,12,9713062.011946736,9713062.011946736,3702879.8658972927,22.857283122822796,0.007217881119695565,0.042482446465594556,9713062.011946736,0.042482446465594556,12,0.007217881119695565,9713062.011946736,0.007217881119695564,9713062.011946736,0,3702879.8658972937,0.007217881119695564,22.8572831228228,0.042482446465594556,0.0,True,0.0,0.0
sano,115,2,136.41113643677318,81.84668186206392,12,12,13975026.916761821,13975026.916761821,6831630.521361618,42.17055877383716,0.03454055893189388,0.12622974672318654,13975026.916761821,0.12622974672318654,12,0.03454055893189388,13975026.916761823,0.034540558931893874,13975026.916761823,0,6831630.521361618,0.034540558931893874,42.17055877383715,0.12622974672318654,0.0,True,0.0,0.0
sano,116,1,37.23200288368277,22.33920173020966,1,1,4713525.528645839,4713525.528645839,0.0,0.0,0.0,0.0,4713525.528645839,0.0,1,0.0,4713525.528645839,0.0,4713525.528645839,0,0.0,0.0,0.0,0.0,0.0,True,0.0,0.0
sano,117,2,40.93713869861483,24.562283219168897,12,12,11569620.173132392,11569620.173132392,5087168.6066936385,31.402275349960732,0.0028756374021126955,0.03142968099435657,11569620.173132392,0.03142968099435657,12,0.0028756374021126955,11569620.173132394,0.0028756374021126955,11569620.173132394,0,5087168.606693638,0.0028756374021126955,31.40227534996073,0.03142968099435657,0.0,True,0.0,0.0
sano,118,1,172.2316684491533,103.33900106949197,1,1,4713525.528645839,4713525.528645839,0.0,0.0,0.0,0.0,4713525.528645839,0.0,1,0.0,4713525.528645839,0.0,4713525.528645839,0,0.0,0.0,0.0,0.0,0.0,True,0.0,0.0
sano,119,1,16.391840065175565,9.835104039105339,1,1,4713525.528645839,4713525.528645839,0.0,0.0,0.0,0.0,4713525.528645839,0.0,1,0.0,4713525.528645839,0.0,4713525.528645839,0,0.0,0.0,0.0,0.0,0.0,True,0.0,0.0
sano,120,3,80.17050275509226,48.10230165305535,12,12,47804843.00988392,47804843.00988392,31909231.935623717,196.97056750385013,0.06686407623608122,0.26400899699773983,47804843.00988392,0.26400899699773983,12,0.06686407623608122,47804843.00988392,0.0668640762360812,47804843.00988392,0,31909231.93562372,0.0668640762360812,196.97056750385013,0.26400899699773983,0.0,True,0.0,0.0
sano,121,2,74.14007019983765,44.48404211990259,12,12,17778562.179580655,17778562.179580655,9654883.90330692,59.5980487858452,0.03533017981049596,0.1517683795277714,17778562.179580655,0.1517683795277714,12,0.03533017981049596,17778562.179580655,0.03533017981049595,17778562.179580655,0,9654883.903306922,0.03533017981049595,59.5980487858452,0.1517683795277714,0.0,True,0.0,0.0
sano,122,1,115.54315797056924,69.32589478234154,1,1,4713525.528645839,4713525.528645839,0.0,0.0,0.0,0.0,4713525.528645839,0.0,1,0.0,4713525.528645839,0.0,4713525.528645839,0,0.0,0.0,0.0,0.0,0.0,True,0.0,0.0
sano,123,1,47.43834930887219,28.463009585323313,1,1,4713525.528645839,4713525.528645839,0.0,0.0,0.0,0.0,4713525.528645839,0.0,1,0.0,4713525.528645839,0.0,4713525.528645839,0,0.0,0.0,0.0,0.0,0.0,True,0.0,0.0
sano,124,1,11.66258064756785,6.99754838854071,1,1,4713525.528645839,4713525.528645839,0.0,0.0,0.0,0.0,4713525.528645839,0.0,1,0.0,4713525.528645839,0.0,4713525.528645839,0,0.0,0.0,0.0,0.0,0.0,True,0.0,0.0
sano,125,1,20.093831583426088,12.056298950055652,1,1,4713525.528645839,4713525.528645839,0.0,0.0,0.0,0.0,4713525.528645839,0.0,1,0.0,4713525.528645839,0.0,4713525.528645839,0,0.0,0.0,0.0,0.0,0.0,True,0.0,0.0
sano,126,2,116.22737767869029,69.73642660721417,12,12,59731251.88258316,59731251.88258316,40642290.86730498,250.87833868706778,0.16022386631551583,0.66311299486232,59731251.88258316,0.66311299486232,12,0.16022386631551583,59731251.88258316,0.16022386631551586,59731251.88258316,0,40642290.86730498,0.16022386631551586,250.87833868706778,0.66311299486232,0.0,True,0.0,0.0
sano,127,1,86.51399108177586,51.908394649065514,1,1,4713525.528645839,4713525.528645839,0.0,0.0,0.0,0.0,4713525.528645839,0.0,1,0.0,4713525.528645839,0.0,4713525.528645839,0,0.0,0.0,0.0,0.0,0.0,True,0.0,0.0
sano,128,2,201.06778040573403,120.6406682434404,12,12,17871654.490079574,17871654.490079574,9543608.005297232,58.91116052652614,0.17245468255598165,0.3333716289492049,17871654.490079574,0.3333716289492049,12,0.17245468255598165,17871654.49007957,0.17245468255598168,17871654.49007957,0,9543608.005297234,0.17245468255598168,58.91116052652614,0.3333716289492049,0.0,True,0.0,0.0
sano,129,2,111.62249332541963,66.97349599525178,12,12,15638702.182374367,15638702.182374367,8089351.2867427515,49.93426720211577,0.017537891151442882,0.09787693884878867,15638702.182374367,0.09787693884878867,12,0.017537891151442882,15638702.182374373,0.017537891151442882,15638702.182374373,0,8089351.286742754,0.017537891151442882,49.93426720211577,0.09787693884878867,0.0,True,0.0,0.0
sano,130,2,83.86317457843485,50.31790474706091,12,12,14759889.81070251,14759889.81070251,7417781.70133543,45.78877593416933,0.031989659535802,0.12658337721098617,14759889.81070251,0.12658337721098617,12,0.031989659535802,14759889.810702512,0.03198965953580199,14759889.810702512,0,7417781.70133543,0.03198965953580199,45.78877593416932,0.12658337721098617,0.0,True,0.0,0.0
sano,131,1,25.91586562769596,15.549519376617576,1,1,4713525.528645839,4713525.528645839,0.0,0.0,0.0,0.0,4713525.528645839,0.0,1,0.0,4713525.528645839,0.0,4713525.528645839,0,0.0,0.0,0.0,0.0,0.0,True,0.0,0.0
sano,132,1,120.78476274654209,72.47085764792524,1,1,4713525.528645839,4713525.528645839,0.0,0.0,0.0,0.0,4713525.528645839,0.0,1,0.0,4713525.528645839,0.0,4713525.528645839,0,0.0,0.0,0.0,0.0,0.0,True,0.0,0.0
sano,133,1,11.739194168099182,7.043516500859509,1,1,4713525.528645839,4713525.528645839,0.0,0.0,0.0,0.0,4713525.528645839,0.0,1,0.0,4713525.528645839,0.0,4713525.528645839,0,0.0,0.0,0.0,0.0,0.0,True,0.0,0.0
sano,134,1,92.03697788952051,55.222186733712306,1,1,4713525.528645839,4713525.528645839,0.0,0.0,0.0,0.0,4713525.528645839,0.0,1,0.0,4713525.528645839,0.0,4713525.528645839,0,0.0,0.0,0.0,0.0,0.0,True,0.0,0.0
sano,135,1,37.70613836709069,22.62368302025441,1,1,4713525.528645839,4713525.528645839,0.0,0.0,0.0,0.0,4713525.528645839,0.0,1,0.0,4713525.528645839,0.0,4713525.528645839,0,0.0,0.0,0.0,0.0,0.0,True,0.0,0.0
sano,136,1,30.044442737770268,18.02666564266216,1,1,4713525.528645839,4713525.528645839,0.0,0.0,0.0,0.0,4713525.528645839,0.0,1,0.0,4713525.528645839,0.0,4713525.528645839,0,0.0,0.0,0.0,0.0,0.0,True,0.0,0.0
sano,137,2,177.19803880848855,106.31882328509313,12,12,9109683.8261282,9109683.8261282,3232093.4879576215,19.95119437010877,0.02451153762928532,0.07314119980862376,9109683.8261282,0.07314119980862376,12,0.02451153762928532,9109683.8261282,0.024511537629285325,9109683.8261282,0,3232093.4879576215,0.024511537629285325,19.951194370108773,0.07314119980862376,0.0,True,0.0,0.0
sano,138,1,88.15030002536321,52.89018001521792,1,1,4713525.528645839,4713525.528645839,0.0,0.0,0.0,0.0,4713525.528645839,0.0,1,0.0,4713525.528645839,0.0,4713525.528645839,0,0.0,0.0,0.0,0.0,0.0,True,0.0,0.0
sano,139,2,106.20222077279952,63.72133246367971,12,12,6180009.4765305845,6180009.4765305845,1077286.405368581,6.649916082522101,0.008849511778801894,0.025372314777048807,6180009.4765305845,0.025372314777048807,12,0.008849511778801894,6180009.4765305845,0.008849511778801895,6180009.4765305845,0,1077286.4053685807,0.008849511778801895,6.649916082522103,0.025372314777048807,0.0,True,0.0,0.0
sano,140,1,96.0640207023923,57.638412421435376,1,1,4713525.528645839,4713525.528645839,0.0,0.0,0.0,0.0,4713525.528645839,0.0,1,0.0,4713525.528645839,0.0,4713525.528645839,0,0.0,0.0,0.0,0.0,0.0,True,0.0,0.0
sano,141,3,180.9044578524768,108.54267471148609,12,12,28258532.66953056,28258532.66953056,17024228.911289148,105.08783278573544,0.3488706880538835,0.4120096120827933,28258532.66953056,0.4120096120827933,12,0.3488706880538835,28258532.669530556,0.34887068805388355,28258532.669530556,0,17024228.911289144,0.34887068805388355,105.08783278573546,0.4120096120827933,0.0,True,0.0,0.0
sano,142,3,80.00622282645577,48.00373369587346,12,12,29578636.68281738,29578636.68281738,18431413.031718876,113.77415451678314,0.024342908426950704,0.14790412199060268,29578636.68281738,0.14790412199060268,12,0.024342908426950704,29578636.682817377,0.024342908426950707,29578636.682817377,0,18431413.031718872,0.024342908426950707,113.77415451678314,0.14790412199060268,0.0,True,0.0,0.0
sano,143,1,44.55300217594933,26.731801305569597,1,1,4713525.528645839,4713525.528645839,0.0,0.0,0.0,0.0,4713525.528645839,0.0,1,0.0,4713525.528645839,0.0,4713525.528645839,0,0.0,0.0,0.0,0.0,0.0,True,0.0,0.0
sano,144,1,4.541131492244981,2.7246788953469885,1,1,4713525.528645839,4713525.528645839,0.0,0.0,0.0,0.0,4713525.528645839,0.0,1,0.0,4713525.528645839,0.0,4713525.528645839,0,0.0,0.0,0.0,0.0,0.0,True,0.0,0.0
sano,145,1,163.97584547151013,98.38550728290608,1,1,4713525.528645839,4713525.528645839,0.0,0.0,0.0,0.0,4713525.528645839,0.0,1,0.0,4713525.528645839,0.0,4713525.528645839,0,0.0,0.0,0.0,0.0,0.0,True,0.0,0.0
sano,146,1,13.191969974448114,7.915181984668868,1,1,4713525.528645839,4713525.528645839,0.0,0.0,0.0,0.0,4713525.528645839,0.0,1,0.0,4713525.528645839,0.0,4713525.528645839,0,0.0,0.0,0.0,0.0,0.0,True,0.0,0.0
sano,147,1,42.40102165239389,25.440612991436332,1,1,4713525.528645839,4713525.528645839,0.0,0.0,0.0,0.0,4713525.528645839,0.0,1,0.0,4713525.528645839,0.0,4713525.528645839,0,0.0,0.0,0.0,0.0,0.0,True,0.0,0.0
sano,148,1,170.69596111270428,102.41757666762257,1,1,4713525.528645839,4713525.528645839,0.0,0.0,0.0,0.0,4713525.528645839,0.0,1,0.0,4713525.528645839,0.0,4713525.528645839,0,0.0,0.0,0.0,0.0,0.0,True,0.0,0.0
sano,149,3,233.52403524207924,140.11442114524755,12,12,28455663.453121334,28455663.453121334,17335226.546526678,107.00757127485605,0.22374198233043519,0.33123099376804827,28455663.453121334,0.33123099376804827,12,0.22374198233043519,28455663.453121334,0.22374198233043519,28455663.453121334,0,17335226.54652668,0.22374198233043519,107.00757127485606,0.33123099376804827,0.0,False,0.0,0.0
sano,150,2,107.0349785956092,64.22098715736551,12,12,17197529.899573836,17197529.899573836,9237825.247470427,57.02361263870636,0.02439725019043282,0.1233644867918242,17197529.899573836,0.1233644867918242,12,0.02439725019043282,17197529.89957384,0.024397250190432825,17197529.89957384,0,9237825.24747043,0.024397250190432825,57.02361263870635,0.1233644867918242,0.0,True,0.0,0.0
sano,151,1,166.075148056672,99.64508883400319,1,1,4713525.528645839,4713525.528645839,0.0,0.0,0.0,0.0,4713525.528645839,0.0,1,0.0,4713525.528645839,0.0,4713525.528645839,0,0.0,0.0,0.0,0.0,0.0,True,0.0,0.0
sano,152,1,119.68690726124268,71.8121443567456,1,1,4713525.528645839,4713525.528645839,0.0,0.0,0.0,0.0,4713525.528645839,0.0,1,0.0,4713525.528645839,0.0,4713525.528645839,0,0.0,0.0,0.0,0.0,0.0,True,0.0,0.0
sano,153,2,181.12177666590713,108.67306599954428,12,12,17800179.540237788,17800179.540237788,9646572.35164984,59.54674291141876,0.05384902115745386,0.18728813494622887,17800179.540237788,0.18728813494622887,12,0.05384902115745386,17800179.540237788,0.053849021157453866,17800179.540237788,0,9646572.351649841,0.053849021157453866,59.54674291141877,0.18728813494622887,0.0,True,0.0,0.0
sano,154,1,96.2148372091525,57.728902325491504,1,1,4713525.528645839,4713525.528645839,0.0,0.0,0.0,0.0,4713525.528645839,0.0,1,0.0,4713525.528645839,0.0,4713525.528645839,0,0.0,0.0,0.0,0.0,0.0,True,0.0,0.0
sano,155,2,54.6498621938674,32.78991731632044,12,12,10566793.246914955,10566793.246914955,4336437.356829278,26.768131832279494,0.007503299933444669,0.04687351664544531,10566793.246914955,0.04687351664544531,12,0.007503299933444669,10566793.246914955,0.007503299933444667,10566793.246914955,0,4336437.356829278,0.007503299933444667,26.768131832279494,0.04687351664544531,0.0,True,0.0,0.0
sano,156,2,14.470450924132301,8.68227055447938,12,12,7361032.436238543,7361032.436238543,1965653.957083377,12.133666401749238,0.0001796562871630903,0.004883257073492019,7361032.436238543,0.004883257073492019,12,0.0001796562871630903,7361032.436238543,0.00017965628716309028,7361032.436238543,0,1965653.9570833766,0.00017965628716309028,12.133666401749238,0.004883257073492019,0.0,True,0.0,0.0
sano,157,1,76.39247240021261,45.83548344012757,1,1,4713525.528645839,4713525.528645839,0.0,0.0,0.0,0.0,4713525.528645839,0.0,1,0.0,4713525.528645839,0.0,4713525.528645839,0,0.0,0.0,0.0,0.0,0.0,True,0.0,0.0
sano,158,1,59.70938261270779,35.825629567624674,1,1,4713525.528645839,4713525.528645839,0.0,0.0,0.0,0.0,4713525.528645839,0.0,1,0.0,4713525.528645839,0.0,4713525.528645839,0,0.0,0.0,0.0,0.0,0.0,True,0.0,0.0
sano,159,2,63.9512620467503,38.37075722805018,12,12,5414421.874860903,5414421.874860903,518782.3410646962,3.202360130028989,0.0012648374949836355,0.006656482632986601,5414421.874860903,0.006656482632986601,12,0.0012648374949836355,5414421.874860902,0.0012648374949836355,5414421.874860902,0,518782.3410646962,0.0012648374949836355,3.202360130028989,0.006656482632986601,0.0,True,0.0,0.0
sano,160,3,184.6662603423856,110.79975620543135,12,12,17704649.49973191,17704649.49973191,9463229.52280733,58.414997054366246,0.1392910624525924,0.2959628686159529,17704649.49973191,0.2959628686159529,12,0.1392910624525924,17704649.499731913,0.13929106245259237,17704649.499731913,0,9463229.52280733,0.13929106245259237,58.41499705436624,0.2959628686159529,0.0,True,0.0,0.0
sano,161,3,266.70035269847403,160.0202116190844,12,12,31066582.251838338,31066582.251838338,19216519.938421253,118.62049344704478,0.267394026557649,0.40229121331120926,31066582.251838338,0.40229121331120926,12,0.267394026557649,31066582.25183834,0.26739402655764904,31066582.25183834,0,19216519.938421257,0.26739402655764904,118.6204934470448,0.40229121331120926,0.0,False,0.0,0.0
sano,162,2,26.606469757050075,15.963881854230046,12,12,11026193.468973285,11026193.468973285,4684928.47229107,28.919311557352287,0.0019041472804269086,0.024543505710498667,11026193.468973285,0.024543505710498667,12,0.0019041472804269086,11026193.468973286,0.0019041472804269084,11026193.468973286,0,4684928.472291071,0.0019041472804269084,28.91931155735229,0.024543505710498667,0.0,True,0.0,0.0
sano,163,3,132.16633429873085,79.29980057923851,12,12,26474450.189975385,26474450.189975385,15937910.7575053,98.38216516978581,0.16762904900306294,0.2523804572763999,26474450.189975385,0.2523804572763999,12,0.16762904900306294,26474450.18997539,0.1676290490030629,26474450.18997539,0,15937910.757505301,0.1676290490030629,98.38216516978581,0.2523804572763999,0.0,True,0.0,0.0
sano,164,2,49.958719291587926,29.975231574952755,12,12,16088019.44913306,16088019.44913306,8443142.604071764,52.11816422266521,0.002219038739659323,0.035568811149588445,16088019.44913306,0.035568811149588445,12,0.002219038739659323,16088019.449133057,0.002219038739659323,16088019.449133057,0,8443142.604071762,0.002219038739659323,52.11816422266521,0.035568811149588445,0.0,True,0.0,0.0
sano,165,1,78.32777268818633,46.996663612911796,1,1,4713525.528645839,4713525.528645839,0.0,0.0,0.0,0.0,4713525.528645839,0.0,1,0.0,4713525.528645839,0.0,4713525.528645839,0,0.0,0.0,0.0,0.0,0.0,True,0.0,0.0
sano,166,2,152.46883146114024,91.48129887668415,12,12,51505673.29599904,51505673.29599904,34474671.7286805,212.80661560913896,0.20565201711119122,0.6919128587750579,51505673.29599904,0.6919128587750579,12,0.20565201711119122,51505673.29599904,0.2056520171111912,51505673.29599904,0,34474671.72868051,0.2056520171111912,212.80661560913893,0.6919128587750579,0.0,True,0.0,0.0
sano,167,1,20.601480347465937,12.360888208479562,1,1,4713525.528645839,4713525.528645839,0.0,0.0,0.0,0.0,4713525.528645839,0.0,1,0.0,4713525.528645839,0.0,4713525.528645839,0,0.0,0.0,0.0,0.0,0.0,True,0.0,0.0
sano,168,2,138.2393842889484,82.94363057336903,12,12,10009850.111513643,10009850.111513643,3926659.384968744,24.23863817881941,0.004632519248449095,0.03504734120495064,10009850.111513643,0.03504734120495064,12,0.004632519248449095,10009850.111513643,0.0046325192484490945,10009850.111513643,0,3926659.3849687446,0.0046325192484490945,24.23863817881941,0.03504734120495064,0.0,True,0.0,0.0
sano,169,1,98.00415337109492,58.80249202265695,1,1,4713525.528645839,4713525.528645839,0.0,0.0,0.0,0.0,4713525.528645839,0.0,1,0.0,4713525.528645839,0.0,4713525.528645839,0,0.0,0.0,0.0,0.0,0.0,True,0.0,0.0
sano,170,2,189.83176386817306,113.89905832090383,12,12,18496120.679390337,18496120.679390337,10045399.833776014,62.00864094923465,0.14349587144838377,0.31198819537763517,18496120.679390337,0.31198819537763517,12,0.14349587144838377,18496120.679390337,0.14349587144838374,18496120.679390337,0,10045399.833776016,0.14349587144838374,62.00864094923466,0.31198819537763517,0.0,True,0.0,0.0
sano,171,1,77.84710106482542,46.708260638895254,1,1,4713525.528645839,4713525.528645839,0.0,0.0,0.0,0.0,4713525.528645839,0.0,1,0.0,4713525.528645839,0.0,4713525.528645839,0,0.0,0.0,0.0,0.0,0.0,True,0.0,0.0
sano,172,3,225.18421793165206,135.11053075899122,12,12,17772180.487928156,17772180.487928156,9329997.42510174,57.592576698158865,0.2786774936897029,0.348825291089622,17772180.487928156,0.348825291089622,12,0.2786774936897029,17772180.487928156,0.27867749368970285,17772180.487928156,0,9329997.425101738,0.27867749368970285,57.59257669815888,0.348825291089622,0.0,False,0.0,0.0
sano,173,1,32.97132659050337,19.78279595430202,1,1,4713525.528645839,4713525.528645839,0.0,0.0,0.0,0.0,4713525.528645839,0.0,1,0.0,4713525.528645839,0.0,4713525.528645839,0,0.0,0.0,0.0,0.0,0.0,True,0.0,0.0
sano,174,2,93.00855909966394,55.80513545979836,12,12,20304466.671313528,20304466.671313528,11574778.357343359,71.44924911940346,0.001657882950619709,0.03599715016164106,20304466.671313528,0.03599715016164106,12,0.001657882950619709,20304466.67131353,0.001657882950619709,20304466.67131353,0,11574778.357343359,0.001657882950619709,71.44924911940345,0.03599715016164106,0.0,True,0.0,0.0
sano,175,3,84.8117608562095,50.8870565137257,12,12,29489405.53671104,29489405.53671104,18302738.997845735,112.97987035707244,0.0717858780780369,0.29469158434092974,29489405.53671104,0.29469158434092974,12,0.0717858780780369,29489405.53671104,0.07178587807803688,29489405.53671104,0,18302738.99784573,0.07178587807803688,112.97987035707241,0.29469158434092974,0.0,True,0.0,0.0
sano,176,2,175.3380648424632,105.20283890547793,12,12,16570751.636533,16570751.636533,8777472.208295342,54.18192721169962,0.02055308400963026,0.11037178733480445,16570751.636533,0.11037178733480445,12,0.02055308400963026,16570751.636533003,0.020553084009630258,16570751.636533003,0,8777472.20829534,0.020553084009630258,54.18192721169962,0.11037178733480445,0.0,True,0.0,0.0
sano,177,1,74.65842573027452,44.79505543816471,1,1,4713525.528645839,4713525.528645839,0.0,0.0,0.0,0.0,4713525.528645839,0.0,1,0.0,4713525.528645839,0.0,4713525.528645839,0,0.0,0.0,0.0,0.0,0.0,True,0.0,0.0
sano,178,1,139.90744429130228,83.94446657478137,1,1,4713525.528645839,4713525.528645839,0.0,0.0,0.0,0.0,4713525.528645839,0.0,1,0.0,4713525.528645839,0.0,4713525.528645839,0,0.0,0.0,0.0,0.0,0.0,True,0.0,0.0
sano,179,4,192.9538398772197,115.77230392633182,12,12,30226275.139455725,30226275.139455725,18465435.407241438,113.98416918050272,0.36401877467688254,0.6264540266346716,30226275.139455725,0.6264540266346716,12,0.36401877467688254,30226275.139455725,0.3640187746768826,30226275.139455725,0,18465435.40724144,0.3640187746768826,113.98416918050272,0.6264540266346716,0.0,True,0.0,0.0
sano,180,2,100.57400706146434,60.3444042368786,12,12,8029693.154780153,8029693.154780153,2439399.177643362,15.05801961508248,0.017483369555121912,0.053664717878849424,8029693.154780153,0.053664717878849424,12,0.017483369555121912,8029693.154780155,0.01748336955512191,8029693.154780155,0,2439399.177643362,0.01748336955512191,15.05801961508248,0.053664717878849424,0.0,True,0.0,0.0
sano,181,3,226.5966471458876,135.95798828753257,12,12,66439249.20602437,66439249.20602437,41513238.36304193,256.2545577965551,3.284300095611648,3.2119443169198534,66288085.07451282,2.172558604075345,12,2.0885223836229763,64179871.17864178,3.026002930805359,64035543.202548325,0,41570218.35606748,1.8843023481125551,247.99609032388014,1.7718996489253438,174.35646544986227,False,2403706.0034760362,0.0
sano,182,1,77.7269909779744,46.63619458678463,1,1,4713525.528645839,4713525.528645839,0.0,0.0,0.0,0.0,4713525.528645839,0.0,1,0.0,4713525.528645839,0.0,4713525.528645839,0,0.0,0.0,0.0,0.0,0.0,True,0.0,0.0
sano,183,2,89.16803864747106,53.50082318848264,12,12,13869254.898003308,13869254.898003308,6788955.714951162,41.90713404290842,0.007278806181995805,0.05776521721262786,13869254.898003308,0.05776521721262786,12,0.007278806181995805,13869254.898003306,0.007278806181995804,13869254.898003306,0,6788955.714951163,0.007278806181995804,41.90713404290842,0.05776521721262786,0.0,True,0.0,0.0
sano,184,1,41.18830825941525,24.71298495564915,1,1,4713525.528645839,4713525.528645839,0.0,0.0,0.0,0.0,4713525.528645839,0.0,1,0.0,4713525.528645839,0.0,4713525.528645839,0,0.0,0.0,0.0,0.0,0.0,True,0.0,0.0
sano,185,1,105.30113759900549,63.18068255940329,1,1,4713525.528645839,4713525.528645839,0.0,0.0,0.0,0.0,4713525.528645839,0.0,1,0.0,4713525.528645839,0.0,4713525.528645839,0,0.0,0.0,0.0,0.0,0.0,True,0.0,0.0
sano,186,1,40.61297208313145,24.367783249878872,1,1,4713525.528645839,4713525.528645839,0.0,0.0,0.0,0.0,4713525.528645839,0.0,1,0.0,4713525.528645839,0.0,4713525.528645839,0,0.0,0.0,0.0,0.0,0.0,True,0.0,0.0
sano,187,2,65.31102935700576,39.186617614203456,12,12,11760778.756521648,11760778.756521648,5232853.775192616,32.30156651353467,3.1678256232739586e-05,0.0033456829141738863,11760778.756521648,0.0033456829141738863,12,3.1678256232739586e-05,11760778.756521648,3.167825623273958e-05,11760778.756521648,0,5232853.775192615,3.167825623273958e-05,32.30156651353466,0.0033456829141738863,0.0,True,0.0,0.0
sano,188,3,199.21653798545057,119.52992279127037,12,12,15230568.632636912,15230568.632636912,7555175.351438026,46.63688488541991,0.1932134598950547,0.18726840160065505,15230568.632636912,0.18726840160065505,12,0.1932134598950547,15230568.632636916,0.1932134598950547,15230568.632636916,0,7555175.351438024,0.1932134598950547,46.6368848854199,0.18726840160065505,0.0,True,0.0,0.0
sano,189,1,19.89897085332031,11.939382511992186,1,1,4713525.528645839,4713525.528645839,0.0,0.0,0.0,0.0,4713525.528645839,0.0,1,0.0,4713525.528645839,0.0,4713525.528645839,0,0.0,0.0,0.0,0.0,0.0,True,0.0,0.0
sano,190,3,107.23158516792412,64.33895110075447,12,12,24582087.128266007,24582087.128266007,14685626.834368894,90.65201749610428,0.051424395047418886,0.20012559905421548,24582087.128266007,0.20012559905421548,12,0.051424395047418886,24582087.128266007,0.05142439504741888,24582087.128266007,0,14685626.834368896,0.05142439504741888,90.65201749610429,0.20012559905421548,0.0,True,0.0,0.0
sano,191,3,145.73019304815352,87.43811582889211,12,12,13082194.153700173,13082194.153700173,6116220.293723355,37.75444625755158,0.07440269384126776,0.10541748314813722,13082194.153700173,0.10541748314813722,12,0.07440269384126776,13082194.153700173,0.07440269384126777,13082194.153700173,0,6116220.293723354,0.07440269384126777,37.75444625755157,0.10541748314813722,0.0,True,0.0,0.0
sano,192,1,37.34278337280037,22.40567002368022,1,1,4713525.528645839,4713525.528645839,0.0,0.0,0.0,0.0,4713525.528645839,0.0,1,0.0,4713525.528645839,0.0,4713525.528645839,0,0.0,0.0,0.0,0.0,0.0,True,0.0,0.0
sano,193,1,68.06377739126289,40.838266434757735,1,1,4713525.528645839,4713525.528645839,0.0,0.0,0.0,0.0,4713525.528645839,0.0,1,0.0,4713525.528645839,0.0,4713525.528645839,0,0.0,0.0,0.0,0.0,0.0,True,0.0,0.0
sano,194,1,73.3189827168737,43.991389630124225,1,1,4713525.528645839,4713525.528645839,0.0,0.0,0.0,0.0,4713525.528645839,0.0,1,0.0,4713525.528645839,0.0,4713525.528645839,0,0.0,0.0,0.0,0.0,0.0,True,0.0,0.0
sano,195,1,66.44711969329569,39.868271815977415,1,1,4713525.528645839,4713525.528645839,0.0,0.0,0.0,0.0,4713525.528645839,0.0,1,0.0,4713525.528645839,0.0,4713525.528645839,0,0.0,0.0,0.0,0.0,0.0,True,0.0,0.0
sano,196,1,23.28234146745857,13.96940488047514,1,1,4713525.528645839,4713525.528645839,0.0,0.0,0.0,0.0,4713525.528645839,0.0,1,0.0,4713525.528645839,0.0,4713525.528645839,0,0.0,0.0,0.0,0.0,0.0,True,0.0,0.0
sano,197,1,5.871474046509828,3.522884427905897,1,1,4713525.528645839,4713525.528645839,0.0,0.0,0.0,0.0,4713525.528645839,0.0,1,0.0,4713525.528645839,0.0,4713525.528645839,0,0.0,0.0,0.0,0.0,0.0,True,0.0,0.0
sano,198,3,168.40814196093365,101.0448851765602,12,12,10638641.78048387,10638641.78048387,4356028.582036361,26.88906532121211,0.033164187654015805,0.09758241841653913,10638641.78048387,0.09758241841653913,12,0.033164187654015805,10638641.780483868,0.03316418765401581,10638641.780483868,0,4356028.582036361,0.03316418765401581,26.889065321212108,0.09758241841653913,0.0,True,0.0,0.0
sano,199,2,58.17456406897267,34.9047384413836,12,12,15148168.752546124,15148168.752546124,7737975.693384904,47.76528205793152,0.007757525757651142,0.06366637734725523,15148168.752546124,0.06366637734725523,12,0.007757525757651142,15148168.75254612,0.007757525757651144,15148168.75254612,0,7737975.693384906,0.007757525757651144,47.76528205793152,0.06366637734725523,0.0,True,0.0,0.0
sano,200,1,97.50475158416914,58.50285095050148,1,1,4713525.528645839,4713525.528645839,0.0,0.0,0.0,0.0,4713525.528645839,0.0,1,0.0,4713525.528645839,0.0,4713525.528645839,0,0.0,0.0,0.0,0.0,0.0,True,0.0,0.0
sano,201,1,16.994170036982904,10.196502022189742,1,1,4713525.528645839,4713525.528645839,0.0,0.0,0.0,0.0,4713525.528645839,0.0,1,0.0,4713525.528645839,0.0,4713525.528645839,0,0.0,0.0,0.0,0.0,0.0,True,0.0,0.0
sano,202,1,22.97349508715068,13.784097052290408,1,1,4713525.528645839,4713525.528645839,0.0,0.0,0.0,0.0,4713525.528645839,0.0,1,0.0,4713525.528645839,0.0,4713525.528645839,0,0.0,0.0,0.0,0.0,0.0,True,0.0,0.0
sano,203,1,62.714329171050686,37.62859750263041,1,1,4713525.528645839,4713525.528645839,0.0,0.0,0.0,0.0,4713525.528645839,0.0,1,0.0,4713525.528645839,0.0,4713525.528645839,0,0.0,0.0,0.0,0.0,0.0,True,0.0,0.0
sano,204,2,123.86978582281326,74.32187149368795,12,12,14467934.786831578,14467934.786831578,7208471.902736367,44.496740140347946,0.026304310709079837,0.11315400058824353,14467934.786831578,0.11315400058824353,12,0.026304310709079837,14467934.786831576,0.026304310709079834,14467934.786831576,0,7208471.902736368,0.026304310709079834,44.496740140347946,0.11315400058824353,0.0,True,0.0,0.0
sano,205,2,112.55549798141813,67.53329878885087,12,12,5838907.804036811,5838907.804036811,831641.0974744557,5.133587021447257,0.0030440362543671484,0.013074579404175822,5838907.804036811,0.013074579404175822,12,0.0030440362543671484,5838907.804036811,0.0030440362543671484,5838907.804036811,0,831641.0974744557,0.0030440362543671484,5.133587021447258,0.013074579404175822,0.0,True,0.0,0.0
sano,206,1,22.384015704523787,13.430409422714272,1,1,4713525.528645839,4713525.528645839,0.0,0.0,0.0,0.0,4713525.528645839,0.0,1,0.0,4713525.528645839,0.0,4713525.528645839,0,0.0,0.0,0.0,0.0,0.0,True,0.0,0.0
sano,207,2,77.22517367958356,46.335104207750135,12,12,6371871.429988642,6371871.429988642,1231219.0561929948,7.600117630820958,0.00013355693590846204,0.0033322358541450275,6371871.429988642,0.0033322358541450275,12,0.00013355693590846204,6371871.429988643,0.00013355693590846204,6371871.429988643,0,1231219.056192995,0.00013355693590846204,7.600117630820957,0.0033322358541450275,0.0,True,0.0,0.0
sano,208,1,84.12100481020468,50.47260288612281,1,1,4713525.528645839,4713525.528645839,0.0,0.0,0.0,0.0,4713525.528645839,0.0,1,0.0,4713525.528645839,0.0,4713525.528645839,0,0.0,0.0,0.0,0.0,0.0,True,0.0,0.0
sano,209,3,378.9998840778211,227.39993044669268,12,12,47275257.04659701,47275257.04659701,30286082.192497622,186.95112464504703,1.0017292508951463,0.9758231864851372,47275257.04659701,0.9758231864851372,12,1.0017292508951463,47275257.04659701,1.0017292508951465,47275257.04659701,0,30286082.192497626,1.0017292508951465,186.95112464504706,0.9758231864851372,0.0,False,0.0,0.0
sano,210,1,125.14058508220424,75.08435104932254,1,1,4713525.528645839,4713525.528645839,0.0,0.0,0.0,0.0,4713525.528645839,0.0,1,0.0,4713525.528645839,0.0,4713525.528645839,0,0.0,0.0,0.0,0.0,0.0,True,0.0,0.0
sano,211,1,158.78954598766484,95.2737275925989,1,1,4713525.528645839,4713525.528645839,0.0,0.0,0.0,0.0,4713525.528645839,0.0,1,0.0,4713525.528645839,0.0,4713525.528645839,0,0.0,0.0,0.0,0.0,0.0,True,0.0,0.0
sano,212,1,31.46136678052483,18.8768200683149,1,1,4713525.528645839,4713525.528645839,0.0,0.0,0.0,0.0,4713525.528645839,0.0,1,0.0,4713525.528645839,0.0,4713525.528645839,0,0.0,0.0,0.0,0.0,0.0,True,0.0,0.0
sano,213,2,129.74917960712656,77.84950776427593,12,12,16158276.3878737,16158276.3878737,8379747.902695507,51.726838905527835,0.09005998174110845,0.2257440172274411,16158276.3878737,0.2257440172274411,12,0.09005998174110845,16158276.387873694,0.09005998174110845,16158276.387873694,0,8379747.902695507,0.09005998174110845,51.72683890552782,0.2257440172274411,0.0,True,0.0,0.0
sano,214,1,32.52121409469417,19.512728456816504,1,1,4713525.528645839,4713525.528645839,0.0,0.0,0.0,0.0,4713525.528645839,0.0,1,0.0,4713525.528645839,0.0,4713525.528645839,0,0.0,0.0,0.0,0.0,0.0,True,0.0,0.0
sano,215,1,1.268222193564645,0.7609333161387869,1,1,4713525.528645839,4713525.528645839,0.0,0.0,0.0,0.0,4713525.528645839,0.0,1,0.0,4713525.528645839,0.0,4713525.528645839,0,0.0,0.0,0.0,0.0,0.0,True,0.0,0.0
sano,216,2,209.4201610862578,125.65209665175468,12,12,7478896.470204953,7478896.470204953,2007616.7387499555,12.392695918209602,0.03480753540465793,0.06869290548934937,7478896.470204953,0.06869290548934937,12,0.03480753540465793,7478896.470204954,0.03480753540465794,7478896.470204954,0,2007616.7387499555,0.03480753540465794,12.392695918209602,0.06869290548934937,0.0,True,0.0,0.0
sano,217,2,81.85032473620288,49.11019484172172,12,12,15526431.31008932,15526431.31008932,7982827.828465517,49.27671499052787,0.03514004480388565,0.13763040314307318,15526431.31008932,0.13763040314307318,12,0.03514004480388565,15526431.31008932,0.03514004480388564,15526431.31008932,0,7982827.828465515,0.03514004480388564,49.27671499052787,0.13763040314307318,0.0,True,0.0,0.0
sano,218,1,43.0956036188105,25.8573621712863,1,1,4713525.528645839,4713525.528645839,0.0,0.0,0.0,0.0,4713525.528645839,0.0,1,0.0,4713525.528645839,0.0,4713525.528645839,0,0.0,0.0,0.0,0.0,0.0,True,0.0,0.0
sano,219,1,33.672646984198096,20.203588190518857,1,1,4713525.528645839,4713525.528645839,0.0,0.0,0.0,0.0,4713525.528645839,0.0,1,0.0,4713525.528645839,0.0,4713525.528645839,0,0.0,0.0,0.0,0.0,0.0,True,0.0,0.0
sano,220,3,145.62389797694692,87.37433878616815,12,12,59884531.629740335,59884531.629740335,40403629.59371566,249.40512094886208,0.42814584484321044,0.7694525119791481,59884531.629740335,0.7694525119791481,12,0.42814584484321044,59884531.62974033,0.4281458448432105,59884531.62974033,0,40403629.59371566,0.4281458448432105,249.40512094886208,0.7694525119791481,0.0,True,0.0,0.0
sano,221,2,197.66925871591445,118.60155522954867,12,12,6893618.957423337,6893618.957423337,1569037.0286642138,9.685413757186508,0.0378368879859567,0.06331536959157125,6893618.957423337,0.06331536959157125,12,0.0378368879859567,6893618.957423337,0.0378368879859567,6893618.957423337,0,1569037.028664214,0.0378368879859567,9.685413757186506,0.06331536959157125,0.0,True,0.0,0.0
sano,222,3,107.25106714021118,64.3506402841267,12,12,27852224.662148207,27852224.662148207,17103878.19965314,105.57949505958727,0.05900235807781549,0.25722107760007745,27852224.662148207,0.25722107760007745,12,0.05900235807781549,27852224.662148207,0.05900235807781548,27852224.662148207,0,17103878.199653137,0.05900235807781548,105.57949505958727,0.25722107760007745,0.0,True,0.0,0.0
sano,223,2,225.16168556843627,135.09701134106177,12,12,16805947.138286795,16805947.138286795,8580020.523349542,52.96308965030584,0.3033857175181767,0.41925338179807586,16805947.138286795,0.41925338179807586,12,0.3033857175181767,16805947.13828679,0.30338571751817667,16805947.13828679,0,8580020.523349544,0.30338571751817667,52.96308965030583,0.41925338179807586,0.0,False,0.0,0.0
sano,225,1,50.24889193310191,30.149335159861145,1,1,4713525.528645839,4713525.528645839,0.0,0.0,0.0,0.0,4713525.528645839,0.0,1,0.0,4713525.528645839,0.0,4713525.528645839,0,0.0,0.0,0.0,0.0,0.0,True,0.0,0.0
sano,226,1,85.70964672543457,51.42578803526074,1,1,4713525.528645839,4713525.528645839,0.0,0.0,0.0,0.0,4713525.528645839,0.0,1,0.0,4713525.528645839,0.0,4713525.528645839,0,0.0,0.0,0.0,0.0,0.0,True,0.0,0.0
sano,227,1,51.79963857754508,31.07978314652705,1,1,4713525.528645839,4713525.528645839,0.0,0.0,0.0,0.0,4713525.528645839,0.0,1,0.0,4713525.528645839,0.0,4713525.528645839,0,0.0,0.0,0.0,0.0,0.0,True,0.0,0.0
sano,228,2,186.40587790566804,111.84352674340083,12,12,5225620.300783285,5225620.300783285,377207.66129612504,2.3284423536797836,0.002314706357836548,0.007678440971764197,5225620.300783285,0.007678440971764197,12,0.002314706357836548,5225620.300783286,0.0023147063578365474,5225620.300783286,0,377207.66129612504,0.0023147063578365474,2.328442353679784,0.007678440971764197,0.0,True,0.0,0.0
sano,229,2,116.77537789468158,70.06522673680895,12,12,17272457.31519949,17272457.31519949,9245605.773623466,57.07164057792263,0.06077332604480432,0.19478658054229084,17272457.31519949,0.19478658054229084,12,0.06077332604480432,17272457.315199487,0.06077332604480432,17272457.315199487,0,9245605.773623466,0.06077332604480432,57.07164057792263,0.19478658054229084,0.0,True,0.0,0.0
sano,231,2,147.5262339757275,88.5157403854365,12,12,26073274.021724444,26073274.021724444,15674768.707078667,96.75783152517694,0.14121608865482485,0.38661393633492264,26073274.021724444,0.38661393633492264,12,0.14121608865482485,26073274.021724444,0.14121608865482488,26073274.021724444,0,15674768.707078667,0.14121608865482488,96.75783152517695,0.38661393633492264,0.0,True,0.0,0.0
sano,232,1,68.23227945939259,40.93936767563555,1,1,4713525.528645839,4713525.528645839,0.0,0.0,0.0,0.0,4713525.528645839,0.0,1,0.0,4713525.528645839,0.0,4713525.528645839,0,0.0,0.0,0.0,0.0,0.0,True,0.0,0.0
sano,233,1,130.51065400669614,78.30639240401769,1,1,4713525.528645839,4713525.528645839,0.0,0.0,0.0,0.0,4713525.528645839,0.0,1,0.0,4713525.528645839,0.0,4713525.528645839,0,0.0,0.0,0.0,0.0,0.0,True,0.0,0.0
sano,234,1,38.83392669699476,23.300356018196855,1,1,4713525.528645839,4713525.528645839,0.0,0.0,0.0,0.0,4713525.528645839,0.0,1,0.0,4713525.528645839,0.0,4713525.528645839,0,0.0,0.0,0.0,0.0,0.0,True,0.0,0.0
sano,235,1,109.9606652388616,65.97639914331695,1,1,4713525.528645839,4713525.528645839,0.0,0.0,0.0,0.0,4713525.528645839,0.0,1,0.0,4713525.528645839,0.0,4713525.528645839,0,0.0,0.0,0.0,0.0,0.0,True,0.0,0.0
sano,236,1,69.63290646749766,41.77974388049859,1,1,4713525.528645839,4713525.528645839,0.0,0.0,0.0,0.0,4713525.528645839,0.0,1,0.0,4713525.528645839,0.0,4713525.528645839,0,0.0,0.0,0.0,0.0,0.0,True,0.0,0.0
sano,237,1,74.35706634421693,44.61423980653016,1,1,4713525.528645839,4713525.528645839,0.0,0.0,0.0,0.0,4713525.528645839,0.0,1,0.0,4713525.528645839,0.0,4713525.528645839,0,0.0,0.0,0.0,0.0,0.0,True,0.0,0.0
sano,238,1,49.53686510094662,29.72211906056797,1,1,4713525.528645839,4713525.528645839,0.0,0.0,0.0,0.0,4713525.528645839,0.0,1,0.0,4713525.528645839,0.0,4713525.528645839,0,0.0,0.0,0.0,0.0,0.0,True,0.0,0.0
sano,239,3,148.30007799656315,88.98004679793789,12,12,40694159.12848122,40694159.12848122,26412036.689557243,163.03726351578544,0.23195962257808098,0.4935179297504917,40694159.12848122,0.4935179297504917,12,0.23195962257808098,40694159.12848122,0.23195962257808098,40694159.12848122,0,26412036.68955724,0.23195962257808098,163.0372635157854,0.4935179297504917,0.0,True,0.0,0.75
sano,240,1,73.8594383855048,44.31566303130288,1,1,4713525.528645839,4713525.528645839,0.0,0.0,0.0,0.0,4713525.528645839,0.0,1,0.0,4713525.528645839,0.0,4713525.528645839,0,0.0,0.0,0.0,0.0,0.0,True,0.0,0.0
sano,242,4,241.5440452518091,144.92642715108548,12,12,30748558.38113676,30748558.38113676,18699635.381678484,115.42984803505236,0.4807854746752282,0.5707802378194273,30748558.38113676,0.5707802378194273,12,0.4807854746752282,30748558.381136756,0.48078547467522825,30748558.381136756,0,18699635.38167848,0.48078547467522825,115.42984803505236,0.5707802378194273,0.0,False,0.0,0.5
sano,243,1,113.4969978223842,68.09819869343052,1,1,4713525.528645839,4713525.528645839,0.0,0.0,0.0,0.0,4713525.528645839,0.0,1,0.0,4713525.528645839,0.0,4713525.528645839,0,0.0,0.0,0.0,0.0,0.0,True,0.0,0.0
sano,244,2,300.74072546488406,180.44443527893043,12,12,17489083.443062905,17489083.443062905,9074824.670474475,56.017436237496774,0.3128525768313876,0.43784846849588877,17489083.443062905,0.43784846849588877,12,0.3128525768313876,17489083.443062905,0.3128525768313877,17489083.443062905,0,9074824.670474477,0.3128525768313877,56.01743623749677,0.43784846849588877,0.0,False,0.0,0.0
sano,245,1,169.61265599972714,101.76759359983627,1,1,4713525.528645839,4713525.528645839,0.0,0.0,0.0,0.0,4713525.528645839,0.0,1,0.0,4713525.528645839,0.0,4713525.528645839,0,0.0,0.0,0.0,0.0,0.0,True,0.0,0.0
sano,246,1,71.27459049130516,42.764754294783096,1,1,4713525.528645839,4713525.528645839,0.0,0.0,0.0,0.0,4713525.528645839,0.0,1,0.0,4713525.528645839,0.0,4713525.528645839,0,0.0,0.0,0.0,0.0,0.0,True,0.0,0.0
sano,247,1,41.121223915331306,24.672734349198784,1,1,4713525.528645839,4713525.528645839,0.0,0.0,0.0,0.0,4713525.528645839,0.0,1,0.0,4713525.528645839,0.0,4713525.528645839,0,0.0,0.0,0.0,0.0,0.0,True,0.0,0.0
sano,248,1,59.90273646273943,35.94164187764366,1,1,4713525.528645839,4713525.528645839,0.0,0.0,0.0,0.0,4713525.528645839,0.0,1,0.0,4713525.528645839,0.0,4713525.528645839,0,0.0,0.0,0.0,0.0,0.0,True,0.0,0.0
sano,249,1,28.243414361269732,16.94604861676184,1,1,4713525.528645839,4713525.528645839,0.0,0.0,0.0,0.0,4713525.528645839,0.0,1,0.0,4713525.528645839,0.0,4713525.528645839,0,0.0,0.0,0.0,0.0,0.0,True,0.0,0.0
sano,250,1,115.3850532258852,69.23103193553112,1,1,4713525.528645839,4713525.528645839,0.0,0.0,0.0,0.0,4713525.528645839,0.0,1,0.0,4713525.528645839,0.0,4713525.528645839,0,0.0,0.0,0.0,0.0,0.0,True,0.0,0.0
sano,251,1,109.60435142388285,65.76261085432971,1,1,4713525.528645839,4713525.528645839,0.0,0.0,0.0,0.0,4713525.528645839,0.0,1,0.0,4713525.528645839,0.0,4713525.528645839,0,0.0,0.0,0.0,0.0,0.0,True,0.0,0.0
sano,252,3,73.95420221977545,44.37252133186527,12,12,13566269.972510055,13566269.972510055,6548987.431843464,40.42584834471274,0.018671819232791157,0.09044933618018855,13566269.972510055,0.09044933618018855,12,0.018671819232791157,13566269.972510055,0.018671819232791157,13566269.972510055,0,6548987.431843465,0.018671819232791157,40.42584834471275,0.09044933618018855,0.0,True,0.0,0.0
sano,253,2,85.97145697164149,51.58287418298488,12,12,9356717.924783913,9356717.924783913,3439305.025858095,21.230277937395645,0.006437768594085455,0.03866676806261283,9356717.924783913,0.03866676806261283,12,0.006437768594085455,9356717.924783912,0.006437768594085455,9356717.924783912,0,3439305.0258580945,0.006437768594085455,21.230277937395645,0.03866676806261283,0.0,True,0.0,0.0
sano,254,1,121.42604145711908,72.85562487427144,1,1,4713525.528645839,4713525.528645839,0.0,0.0,0.0,0.0,4713525.528645839,0.0,1,0.0,4713525.528645839,0.0,4713525.528645839,0,0.0,0.0,0.0,0.0,0.0,True,0.0,0.0
sano,255,2,71.07665332125082,42.64599199275049,12,12,14470561.488376202,14470561.488376202,7240110.333781313,44.69203909741551,0.0037381936761659205,0.04275021830054527,14470561.488376202,0.04275021830054527,12,0.0037381936761659205,14470561.488376204,0.0037381936761659196,14470561.488376204,0,7240110.333781312,0.0037381936761659196,44.69203909741551,0.04275021830054527,0.0,True,0.0,0.0
sano,256,1,60.31007588654353,36.18604553192612,1,1,4713525.528645839,4713525.528645839,0.0,0.0,0.0,0.0,4713525.528645839,0.0,1,0.0,4713525.528645839,0.0,4713525.528645839,0,0.0,0.0,0.0,0.0,0.0,True,0.0,0.0
sano,257,1,39.4105477085332,23.64632862511992,1,1,4713525.528645839,4713525.528645839,0.0,0.0,0.0,0.0,4713525.528645839,0.0,1,0.0,4713525.528645839,0.0,4713525.528645839,0,0.0,0.0,0.0,0.0,0.0,True,0.0,0.0
sano,258,2,155.0889351728537,93.0533611037122,12,12,18064262.78397378,18064262.78397378,9705447.187061463,59.91016782136706,0.15815014543735778,0.32194183744321736,18064262.78397378,0.32194183744321736,12,0.15815014543735778,18064262.783973776,0.1581501454373578,18064262.783973776,0,9705447.187061464,0.1581501454373578,59.91016782136707,0.32194183744321736,0.0,True,0.0,0.0
sano,259,2,31.41292015593181,18.847752093559087,12,12,10838164.125315685,10838164.125315685,4545280.733971135,28.057288481303303,0.0019251881380109306,0.0243081434082479,10838164.125315685,0.0243081434082479,12,0.0019251881380109306,10838164.125315687,0.0019251881380109308,10838164.125315687,0,4545280.733971135,0.0019251881380109308,28.0572884813033,0.0243081434082479,0.0,True,0.0,0.0
sano,260,1,44.311921597846,26.587152958707602,1,1,4713525.528645839,4713525.528645839,0.0,0.0,0.0,0.0,4713525.528645839,0.0,1,0.0,4713525.528645839,0.0,4713525.528645839,0,0.0,0.0,0.0,0.0,0.0,True,0.0,0.0
sano,261,2,148.69715428672367,89.2182925720342,12,12,25104791.24337777,25104791.24337777,15139895.750990532,93.45614661105266,0.0011521924220345198,0.03432091003820719,25104791.24337777,0.03432091003820719,12,0.0011521924220345198,25104791.24337777,0.0011521924220345195,25104791.24337777,0,15139895.75099053,0.0011521924220345195,93.45614661105266,0.03432091003820719,0.0,True,0.0,0.0
sano,262,2,18.28085831153882,10.968514986923294,12,12,8288117.216267078,8288117.216267078,2653476.8265488567,16.379486583634925,0.0006192668232450004,0.01053371106432645,8288117.216267078,0.01053371106432645,12,0.0006192668232450004,8288117.216267077,0.0006192668232450005,8288117.216267077,0,2653476.826548857,0.0006192668232450005,16.37948658363492,0.01053371106432645,0.0,True,0.0,0.0
sano,263,1,61.01724582647062,36.61034749588237,1,1,4713525.528645839,4713525.528645839,0.0,0.0,0.0,0.0,4713525.528645839,0.0,1,0.0,4713525.528645839,0.0,4713525.528645839,0,0.0,0.0,0.0,0.0,0.0,True,0.0,0.0
sano,264,2,80.63804850693951,48.382829104163704,12,12,16892530.775821425,16892530.775821425,9010450.563976152,55.62006520972932,0.025080908173880073,0.1235320727253273,16892530.775821425,0.1235320727253273,12,0.025080908173880073,16892530.77582143,0.025080908173880066,16892530.77582143,0,9010450.56397615,0.025080908173880066,55.62006520972932,0.1235320727253273,0.0,True,0.0,0.0
sano,265,1,95.12360056254006,57.074160337524035,1,1,4713525.528645839,4713525.528645839,0.0,0.0,0.0,0.0,4713525.528645839,0.0,1,0.0,4713525.528645839,0.0,4713525.528645839,0,0.0,0.0,0.0,0.0,0.0,True,0.0,0.0
sano,266,1,96.57318668195754,57.94391200917452,1,1,4713525.528645839,4713525.528645839,0.0,0.0,0.0,0.0,4713525.528645839,0.0,1,0.0,4713525.528645839,0.0,4713525.528645839,0,0.0,0.0,0.0,0.0,0.0,True,0.0,0.0
sano,267,3,25.77229424219441,15.463376545316644,12,12,11090100.253385935,11090100.253385935,4734509.956408448,29.22537010128671,0.00028672122703879226,0.009407607860901715,11090100.253385935,0.009407607860901715,12,0.00028672122703879226,11048285.975014955,0.00033301275087182494,11048285.975014955,0,4703400.114636938,0.00033301275087182494,29.033334040968754,0.009407607860901715,0.0,True,41814.278370979395,0.0
sano,268,2,137.29949804153011,82.37969882491808,12,12,42956012.54770159,42956012.54770159,28037115.447146308,173.06861387127353,0.27334520220924713,0.7193781422043763,42956012.54770159,0.7193781422043763,12,0.27334520220924713,42956012.54770159,0.2733452022092472,42956012.54770159,0,28037115.44714631,0.2733452022092472,173.06861387127353,0.7193781422043763,0.0,True,0.0,0.0
sano,269,1,72.59259397142843,43.555556382857056,1,1,4713525.528645839,4713525.528645839,0.0,0.0,0.0,0.0,4713525.528645839,0.0,1,0.0,4713525.528645839,0.0,4713525.528645839,0,0.0,0.0,0.0,0.0,0.0,True,0.0,0.0
sano,270,1,126.62637092211358,75.97582255326815,1,1,4713525.528645839,4713525.528645839,0.0,0.0,0.0,0.0,4713525.528645839,0.0,1,0.0,4713525.528645839,0.0,4713525.528645839,0,0.0,0.0,0.0,0.0,0.0,True,0.0,0.0
sano,271,3,57.78969896073461,34.67381937644076,12,12,13781165.35470342,13781165.35470342,6732123.363888974,41.55631706104304,0.0007585818317125981,0.01816979737976858,13781165.35470342,0.01816979737976858,12,0.0007585818317125981,13781165.354703419,0.0007585818317125982,13781165.354703419,0,6732123.363888972,0.0007585818317125982,41.55631706104304,0.01816979737976858,0.0,True,0.0,0.0
sano,272,1,196.2853219764217,117.77119318585301,1,1,4713525.528645839,4713525.528645839,0.0,0.0,0.0,0.0,4713525.528645839,0.0,1,0.0,4713525.528645839,0.0,4713525.528645839,0,0.0,0.0,0.0,0.0,0.0,True,0.0,0.0
sano,273,1,157.02606797811296,94.21564078686778,1,1,4713525.528645839,4713525.528645839,0.0,0.0,0.0,0.0,4713525.528645839,0.0,1,0.0,4713525.528645839,0.0,4713525.528645839,0,0.0,0.0,0.0,0.0,0.0,True,0.0,0.0
sano,274,1,48.65702849099442,29.194217094596652,1,1,4713525.528645839,4713525.528645839,0.0,0.0,0.0,0.0,4713525.528645839,0.0,1,0.0,4713525.528645839,0.0,4713525.528645839,0,0.0,0.0,0.0,0.0,0.0,True,0.0,0.0
sano,275,1,14.491012627382126,8.694607576429275,1,1,4713525.528645839,4713525.528645839,0.0,0.0,0.0,0.0,4713525.528645839,0.0,1,0.0,4713525.528645839,0.0,4713525.528645839,0,0.0,0.0,0.0,0.0,0.0,True,0.0,0.0
sano,276,1,52.627107925173696,31.576264755104216,1,1,4713525.528645839,4713525.528645839,0.0,0.0,0.0,0.0,4713525.528645839,0.0,1,0.0,4713525.528645839,0.0,4713525.528645839,0,0.0,0.0,0.0,0.0,0.0,True,0.0,0.0
sano,277,3,73.43314828229997,44.05988896937998,12,12,23144958.75308987,23144958.75308987,13660282.543181663,84.32273174803494,0.019661912555601405,0.06949434638472944,23144958.75308987,0.06949434638472944,12,0.019661912555601405,23144958.753089868,0.019661912555601405,23144958.753089868,0,13660282.543181663,0.019661912555601405,84.32273174803495,0.06949434638472944,0.0,True,0.0,0.0
sano,278,3,54.38266459553246,32.62959875731948,12,12,42956819.99760592,42956819.99760592,28385344.885324884,175.21817830447458,0.009108504011535673,0.07614522497094615,42956819.99760592,0.07614522497094615,12,0.009108504011535673,42956819.99760592,0.009108504011535672,42956819.99760592,0,28385344.88532488,0.009108504011535672,175.21817830447458,0.07614522497094615,0.0,True,0.0,0.0
sano,279,1,52.68977645512904,31.613865873077422,1,1,4713525.528645839,4713525.528645839,0.0,0.0,0.0,0.0,4713525.528645839,0.0,1,0.0,4713525.528645839,0.0,4713525.528645839,0,0.0,0.0,0.0,0.0,0.0,True,0.0,0.0
sano,280,2,89.20169408121673,53.52101644873004,12,12,12972173.14332158,12972173.14332158,6114505.579121311,37.74386159951427,0.013608601515493446,0.07495873809011888,12972173.14332158,0.07495873809011888,12,0.013608601515493446,12972173.143321581,0.013608601515493444,12972173.143321581,0,6114505.579121311,0.013608601515493444,37.74386159951427,0.07495873809011888,0.0,True,0.0,0.0
sano,281,2,120.08884033133168,72.05330419879901,12,12,13305440.28547621,13305440.28547621,6333092.508994014,39.093163635765514,0.03555947864802729,0.12331629093530468,13305440.28547621,0.12331629093530468,12,0.03555947864802729,13305440.285476211,0.0355594786480273,13305440.285476211,0,6333092.508994014,0.0355594786480273,39.09316363576552,0.12331629093530468,0.0,True,0.0,0.0
sano,282,4,56.68228496288633,34.0093709777318,12,12,13627258.982071899,13627258.982071899,6603353.90786134,40.761443875687284,0.011770441652924365,0.043597222769616965,13627258.982071899,0.043597222769616965,12,0.011770441652924365,13627258.982071897,0.011770441652924363,13627258.982071897,0,6603353.90786134,0.011770441652924363,40.761443875687284,0.043597222769616965,0.0,True,0.0,0.0
sano,283,2,113.1130607069675,67.8678364241805,12,12,11810094.662322847,11810094.662322847,5241857.096830079,32.35714257302518,0.02102278621801269,0.08626260534058519,11810094.662322847,0.08626260534058519,12,0.02102278621801269,11810094.662322845,0.02102278621801269,11810094.662322845,0,5241857.09683008,0.02102278621801269,32.357142573025186,0.08626260534058519,0.0,True,0.0,0.0
sano,284,2,120.11753653151102,72.0705219189066,12,12,36286587.63274374,36286587.63274374,23192526.641085476,143.1637446980585,0.19144152001287737,0.5475539852647081,36286587.63274374,0.5475539852647081,12,0.19144152001287737,36286587.632743746,0.19144152001287734,36286587.632743746,0,23192526.641085476,0.19144152001287734,143.1637446980585,0.5475539852647081,0.0,True,0.0,0.0
sano,285,2,244.00766187563,146.40459712537796,12,12,25503349.60210124,25503349.60210124,15120181.192620898,93.33445180630183,0.2410895619741903,0.49613806324802145,25503349.60210124,0.49613806324802145,12,0.2410895619741903,25503349.60210124,0.24108956197419024,25503349.60210124,0,15120181.192620898,0.24108956197419024,93.33445180630184,0.49613806324802145,0.0,False,0.0,0.0
sano,286,1,84.79168644437144,50.87501186662286,1,1,4713525.528645839,4713525.528645839,0.0,0.0,0.0,0.0,4713525.528645839,0.0,1,0.0,4713525.528645839,0.0,4713525.528645839,0,0.0,0.0,0.0,0.0,0.0,True,0.0,0.0
sano,287,2,157.11817679462487,94.27090607677492,12,12,26174185.303543266,26174185.303543266,15695966.525484376,96.88868225607636,0.18205922891640433,0.4392737247871617,26174185.303543266,0.4392737247871617,12,0.18205922891640433,26174185.303543262,0.18205922891640433,26174185.303543262,0,15695966.525484372,0.18205922891640433,96.88868225607636,0.4392737247871617,0.0,True,0.0,0.0
sano,288,4,244.81567530181763,146.88940518109058,12,12,15135919.412059812,15135919.412059812,7453234.719491855,46.00762172525838,0.21727808185455447,0.18677751612975357,15135919.412059812,0.18677751612975357,12,0.21727808185455447,15135919.41205981,0.21727808185455444,15135919.41205981,0,7453234.719491856,0.21727808185455444,46.007621725258375,0.18677751612975357,0.0,False,0.0,0.0
sano,289,1,5.303269644690092,3.181961786814055,1,1,4713525.528645839,4713525.528645839,0.0,0.0,0.0,0.0,4713525.528645839,0.0,1,0.0,4713525.528645839,0.0,4713525.528645839,0,0.0,0.0,0.0,0.0,0.0,True,0.0,0.0
sano,290,2,74.41748441040922,44.65049064624553,12,12,15707558.114555115,15707558.114555115,8151318.684252013,50.31678200155566,0.009299188312958463,0.07154368454194285,15707558.114555115,0.07154368454194285,12,0.009299188312958463,15707558.114555113,0.009299188312958463,15707558.114555113,0,8151318.684252015,0.009299188312958463,50.31678200155565,0.07154368454194285,0.0,True,0.0,0.0
sano,291,2,41.01104316127581,24.606625896765483,12,12,6447430.064557287,6447430.064557287,1286786.9816151354,7.943129516142814,0.0005422553320244871,0.0068642025470130085,6447430.064557287,0.0068642025470130085,12,0.0005422553320244871,6447430.064557288,0.0005422553320244871,6447430.064557288,0,1286786.9816151354,0.0005422553320244871,7.943129516142812,0.0068642025470130085,0.0,True,0.0,0.0
sano,292,1,17.62781627641788,10.576689765850729,1,1,4713525.528645839,4713525.528645839,0.0,0.0,0.0,0.0,4713525.528645839,0.0,1,0.0,4713525.528645839,0.0,4713525.528645839,0,0.0,0.0,0.0,0.0,0.0,True,0.0,0.0
sano,293,2,58.89340571981387,35.33604343188832,12,12,19965741.59479695,19965741.59479695,11299124.773916706,69.74768378960928,0.02000336218385793,0.12354032704616592,19965741.59479695,0.12354032704616592,12,0.02000336218385793,19965741.59479695,0.02000336218385793,19965741.59479695,0,11299124.773916706,0.02000336218385793,69.7476837896093,0.12354032704616592,0.0,True,0.0,0.0
sano,294,1,82.19740145271412,49.31844087162847,1,1,4713525.528645839,4713525.528645839,0.0,0.0,0.0,0.0,4713525.528645839,0.0,1,0.0,4713525.528645839,0.0,4713525.528645839,0,0.0,0.0,0.0,0.0,0.0,True,0.0,0.0
sano,295,1,109.90315159100872,65.94189095460523,1,1,4713525.528645839,4713525.528645839,0.0,0.0,0.0,0.0,4713525.528645839,0.0,1,0.0,4713525.528645839,0.0,4713525.528645839,0,0.0,0.0,0.0,0.0,0.0,True,0.0,0.0
sano,296,1,11.913280106579364,7.147968063947618,1,1,4713525.528645839,4713525.528645839,0.0,0.0,0.0,0.0,4713525.528645839,0.0,1,0.0,4713525.528645839,0.0,4713525.528645839,0,0.0,0.0,0.0,0.0,0.0,True,0.0,0.0
sano,297,1,48.34419845218795,29.00651907131277,1,1,4713525.528645839,4713525.528645839,0.0,0.0,0.0,0.0,4713525.528645839,0.0,1,0.0,4713525.528645839,0.0,4713525.528645839,0,0.0,0.0,0.0,0.0,0.0,True,0.0,0.0
sano,298,2,39.65831320879035,23.794987925274206,12,12,6692366.099556639,6692366.099556639,1469319.0224909966,9.069870509203684,4.3423792646520375e-05,0.002075662656464955,6692366.099556639,0.002075662656464955,12,4.3423792646520375e-05,6692366.099556638,4.3423792646520375e-05,6692366.099556638,0,1469319.0224909966,4.3423792646520375e-05,9.069870509203684,0.002075662656464955,0.0,True,0.0,0.0
sano,299,3,173.64683717251575,104.18810230350945,12,12,22158431.924220063,22158431.924220063,12922726.65570802,79.76991762782733,0.02347487226440584,0.1343942180190956,22158431.924220063,0.1343942180190956,12,0.02347487226440584,22158431.924220067,0.02347487226440584,22158431.924220067,0,12922726.655708022,0.02347487226440584,79.76991762782731,0.1343942180190956,0.0,True,0.0,0.0
sano,300,2,60.029276283844496,36.01756577030669,12,12,5781641.562611139,5781641.562611139,790760.539738299,4.881237899619129,0.0017958265514696483,0.009792408766168647,5781641.562611139,0.009792408766168647,12,0.0017958265514696483,5781641.562611138,0.0017958265514696483,5781641.562611138,0,790760.5397382989,0.0017958265514696483,4.881237899619129,0.009792408766168647,0.0,True,0.0,0.0
sano,301,1,8.097303315423005,4.858381989253803,1,1,4713525.528645839,4713525.528645839,0.0,0.0,0.0,0.0,4713525.528645839,0.0,1,0.0,4713525.528645839,0.0,4713525.528645839,0,0.0,0.0,0.0,0.0,0.0,True,0.0,0.0
sano,302,1,18.171188803805062,10.902713282283036,1,1,4713525.528645839,4713525.528645839,0.0,0.0,0.0,0.0,4713525.528645839,0.0,1,0.0,4713525.528645839,0.0,4713525.528645839,0,0.0,0.0,0.0,0.0,0.0,True,0.0,0.0
sano,303,2,172.21205359113947,103.32723215468368,12,12,57050144.3078871,57050144.3078871,37949038.13804924,234.25332183981016,0.694134097299668,1.3336962214870953,57050144.3078871,1.3336962214870953,12,0.694134097299668,57050144.30788711,0.6941340972996681,57050144.30788711,0,37949038.13804924,0.6941340972996681,234.2533218398101,1.3336962214870953,0.0,True,0.0,0.0
sano,304,1,58.070484326987895,34.84229059619273,1,1,4713525.528645839,4713525.528645839,0.0,0.0,0.0,0.0,4713525.528645839,0.0,1,0.0,4713525.528645839,0.0,4713525.528645839,0,0.0,0.0,0.0,0.0,0.0,True,0.0,0.0
sano,305,3,79.83965479560305,47.90379287736184,12,12,9851869.451349055,9851869.451349055,3802707.6309465994,23.4735038947321,0.009682811663305741,0.03300129431759579,9851869.451349055,0.03300129431759579,12,0.009682811663305741,9851869.451349057,0.00968281166330574,9851869.451349057,0,3802707.6309466,0.00968281166330574,23.473503894732097,0.03300129431759579,0.0,True,0.0,0.0
sano,306,1,82.2724269872105,49.363456192326296,1,1,4713525.528645839,4713525.528645839,0.0,0.0,0.0,0.0,4713525.528645839,0.0,1,0.0,4713525.528645839,0.0,4713525.528645839,0,0.0,0.0,0.0,0.0,0.0,True,0.0,0.0
sano,307,2,109.45261901573735,65.67157140944241,12,12,11657077.795427019,11657077.795427019,5115007.243747233,31.57411878856317,0.03107758799753695,0.10360521688692027,11657077.795427019,0.10360521688692027,12,0.03107758799753695,11657077.795427017,0.03107758799753695,11657077.795427017,0,5115007.243747233,0.03107758799753695,31.57411878856317,0.10360521688692027,0.0,True,0.0,0.0
sano,308,1,70.16920434197205,42.10152260518323,1,1,4713525.528645839,4713525.528645839,0.0,0.0,0.0,0.0,4713525.528645839,0.0,1,0.0,4713525.528645839,0.0,4713525.528645839,0,0.0,0.0,0.0,0.0,0.0,True,0.0,0.0
sano,309,3,267.6127280340295,160.56763682041768,12,12,24572881.545648593,24572881.545648593,14199320.253159402,87.65012501950245,0.4158747852776941,0.6148093042401609,24572881.545648593,0.6148093042401609,12,0.4158747852776941,24572881.545648597,0.41587478527769417,24572881.545648597,0,14199320.2531594,0.41587478527769417,87.65012501950247,0.6148093042401609,0.0,False,0.0,0.0
sano,310,1,110.09537592465242,66.05722555479144,1,1,4713525.528645839,4713525.528645839,0.0,0.0,0.0,0.0,4713525.528645839,0.0,1,0.0,4713525.528645839,0.0,4713525.528645839,0,0.0,0.0,0.0,0.0,0.0,True,0.0,0.0
sano,311,1,17.77089238754112,10.662535432524672,1,1,4713525.528645839,4713525.528645839,0.0,0.0,0.0,0.0,4713525.528645839,0.0,1,0.0,4713525.528645839,0.0,4713525.528645839,0,0.0,0.0,0.0,0.0,0.0,True,0.0,0.0
sano,312,1,67.56846674310292,40.54108004586175,1,1,4713525.528645839,4713525.528645839,0.0,0.0,0.0,0.0,4713525.528645839,0.0,1,0.0,4713525.528645839,0.0,4713525.528645839,0,0.0,0.0,0.0,0.0,0.0,True,0.0,0.0
sano,313,2,247.73839016473715,148.6430340988423,12,12,17315078.77210034,17315078.77210034,8851184.04986015,54.63693857938364,0.38463311851438314,0.47946716275975265,17315078.77210034,0.47946716275975265,12,0.38463311851438314,17315078.772100344,0.3846331185143831,17315078.772100344,0,8851184.04986015,0.3846331185143831,54.63693857938364,0.47946716275975265,0.0,False,0.0,0.0
sano,314,1,58.00828402379089,34.804970414274536,1,1,4713525.528645839,4713525.528645839,0.0,0.0,0.0,0.0,4713525.528645839,0.0,1,0.0,4713525.528645839,0.0,4713525.528645839,0,0.0,0.0,0.0,0.0,0.0,True,0.0,0.0
sano,315,2,60.70893791334872,36.42536274800923,12,12,14618831.496129626,14618831.496129626,7351817.988495119,45.38159252157481,0.002513921178543359,0.03532710481362922,14618831.496129626,0.03532710481362922,12,0.002513921178543359,14618831.496129625,0.002513921178543359,14618831.496129625,0,7351817.988495119,0.002513921178543359,45.38159252157481,0.03532710481362922,0.0,True,0.0,0.0
sano,316,1,68.04890210123284,40.8293412607397,1,1,4713525.528645839,4713525.528645839,0.0,0.0,0.0,0.0,4713525.528645839,0.0,1,0.0,4713525.528645839,0.0,4713525.528645839,0,0.0,0.0,0.0,0.0,0.0,True,0.0,0.0
sano,317,2,84.02176488911225,50.41305893346735,12,12,18085373.84916862,18085373.84916862,9870031.795912009,60.92612219698768,0.04496324660272117,0.17311031722722295,18085373.84916862,0.17311031722722295,12,0.04496324660272117,18085373.849168617,0.04496324660272118,18085373.849168617,0,9870031.795912007,0.04496324660272118,60.92612219698769,0.17311031722722295,0.0,True,0.0,0.0
sano,318,1,188.6394563879464,113.18367383276784,1,1,4713525.528645839,4713525.528645839,0.0,0.0,0.0,0.0,4713525.528645839,0.0,1,0.0,4713525.528645839,0.0,4713525.528645839,0,0.0,0.0,0.0,0.0,0.0,True,0.0,0.0
sano,319,2,24.602686189343423,14.761611713606051,12,12,16320649.814614115,16320649.814614115,8615779.14373629,53.18382187491537,0.002296370358726363,0.036551322088289644,16320649.814614115,0.036551322088289644,12,0.002296370358726363,16320649.814614115,0.0022963703587263627,16320649.814614115,0,8615779.14373629,0.0022963703587263627,53.183821874915374,0.036551322088289644,0.0,True,0.0,0.0
sano,320,1,80.09224627209791,48.055347763258744,1,1,4713525.528645839,4713525.528645839,0.0,0.0,0.0,0.0,4713525.528645839,0.0,1,0.0,4713525.528645839,0.0,4713525.528645839,0,0.0,0.0,0.0,0.0,0.0,True,0.0,0.0
sano,321,2,105.08985139471962,63.053910836831776,12,12,6879436.30330111,6879436.30330111,1607144.5270005304,9.920645228398337,0.0008661272468024439,0.00969511941251085,6879436.30330111,0.00969511941251085,12,0.0008661272468024439,6879436.303301109,0.0008661272468024438,6879436.303301109,0,1607144.5270005304,0.0008661272468024438,9.920645228398335,0.00969511941251085,0.0,True,0.0,0.0
sano,322,1,43.813043021389774,26.287825812833862,1,1,4713525.528645839,4713525.528645839,0.0,0.0,0.0,0.0,4713525.528645839,0.0,1,0.0,4713525.528645839,0.0,4713525.528645839,0,0.0,0.0,0.0,0.0,0.0,True,0.0,0.0
sano,323,1,71.3162984084767,42.789779045086014,1,1,4713525.528645839,4713525.528645839,0.0,0.0,0.0,0.0,4713525.528645839,0.0,1,0.0,4713525.528645839,0.0,4713525.528645839,0,0.0,0.0,0.0,0.0,0.0,True,0.0,0.0
sano,324,1,46.4166855894385,27.8500113536631,1,1,4713525.528645839,4713525.528645839,0.0,0.0,0.0,0.0,4713525.528645839,0.0,1,0.0,4713525.528645839,0.0,4713525.528645839,0,0.0,0.0,0.0,0.0,0.0,True,0.0,0.0
sano,325,1,142.80640614481368,85.68384368688821,1,1,4713525.528645839,4713525.528645839,0.0,0.0,0.0,0.0,4713525.528645839,0.0,1,0.0,4713525.528645839,0.0,4713525.528645839,0,0.0,0.0,0.0,0.0,0.0,True,0.0,0.0
sano,326,1,89.58300608966769,53.74980365380061,1,1,4713525.528645839,4713525.528645839,0.0,0.0,0.0,0.0,4713525.528645839,0.0,1,0.0,4713525.528645839,0.0,4713525.528645839,0,0.0,0.0,0.0,0.0,0.0,True,0.0,0.0
sano,327,2,144.5427281726256,86.72563690357536,12,12,17815631.607404288,17815631.607404288,9691448.57504597,59.82375663608624,0.028459558445695633,0.13647191066283937,17815631.607404288,0.13647191066283937,12,0.028459558445695633,17815631.607404284,0.028459558445695633,17815631.607404284,0,9691448.575045967,0.028459558445695633,59.823756636086216,0.13647191066283937,0.0,True,0.0,0.0
sano,328,1,103.35183059995953,62.01109835997571,1,1,4713525.528645839,4713525.528645839,0.0,0.0,0.0,0.0,4713525.528645839,0.0,1,0.0,4713525.528645839,0.0,4713525.528645839,0,0.0,0.0,0.0,0.0,0.0,True,0.0,0.0
sano,329,2,59.93868487820372,35.96321092692223,12,12,9650001.114331005,9650001.114331005,3653509.2609094977,22.55252630191048,0.009152446830278094,0.04751804437918194,9650001.114331005,0.04751804437918194,12,0.009152446830278094,9650001.114331003,0.009152446830278096,9650001.114331003,0,3653509.2609094977,0.009152446830278096,22.55252630191048,0.04751804437918194,0.0,True,0.0,0.0
sano,330,1,113.81245145782138,68.28747087469283,1,1,4713525.528645839,4713525.528645839,0.0,0.0,0.0,0.0,4713525.528645839,0.0,1,0.0,4713525.528645839,0.0,4713525.528645839,0,0.0,0.0,0.0,0.0,0.0,True,0.0,0.0
sano,331,1,171.52924115639806,102.91754469383883,1,1,4713525.528645839,4713525.528645839,0.0,0.0,0.0,0.0,4713525.528645839,0.0,1,0.0,4713525.528645839,0.0,4713525.528645839,0,0.0,0.0,0.0,0.0,0.0,True,0.0,0.0
sano,332,1,79.83779598554888,47.90267759132933,1,1,4713525.528645839,4713525.528645839,0.0,0.0,0.0,0.0,4713525.528645839,0.0,1,0.0,4713525.528645839,0.0,4713525.528645839,0,0.0,0.0,0.0,0.0,0.0,True,0.0,0.0
sano,333,1,132.9649754417036,79.77898526502214,1,1,4713525.528645839,4713525.528645839,0.0,0.0,0.0,0.0,4713525.528645839,0.0,1,0.0,4713525.528645839,0.0,4713525.528645839,0,0.0,0.0,0.0,0.0,0.0,True,0.0,0.0
sano,334,1,147.04143908990758,88.22486345394455,1,1,4713525.528645839,4713525.528645839,0.0,0.0,0.0,0.0,4713525.528645839,0.0,1,0.0,4713525.528645839,0.0,4713525.528645839,0,0.0,0.0,0.0,0.0,0.0,True,0.0,0.0
sano,335,2,81.5285492525999,48.91712955155994,12,12,16403399.491522722,16403399.491522722,8637246.926231211,53.316339050809944,0.0326836337187299,0.13806629808269133,16403399.491522722,0.13806629808269133,12,0.0326836337187299,16403399.491522718,0.0326836337187299,16403399.491522718,0,8637246.926231213,0.0326836337187299,53.31633905080995,0.13806629808269133,0.0,True,0.0,0.0
sano,336,1,40.14339757837132,24.086038547022792,1,1,4713525.528645839,4713525.528645839,0.0,0.0,0.0,0.0,4713525.528645839,0.0,1,0.0,4713525.528645839,0.0,4713525.528645839,0,0.0,0.0,0.0,0.0,0.0,True,0.0,0.0
sano,337,3,117.65464507559889,70.59278704535933,12,12,17939819.82461563,17939819.82461563,9735519.670275612,60.095800433800065,0.06505435007288815,0.18786574503943096,17939819.82461563,0.18786574503943096,12,0.06505435007288815,17939819.824615635,0.06505435007288814,17939819.824615635,0,9735519.670275612,0.06505435007288814,60.09580043380007,0.18786574503943096,0.0,True,0.0,0.0
sano,338,2,43.91514496467487,26.349086978804923,12,12,16817356.867859818,16817356.867859818,8982080.476707887,55.44494121424621,0.0042160253489768405,0.05056790051400145,16817356.867859818,0.05056790051400145,12,0.0042160253489768405,16817356.86785982,0.004216025348976841,16817356.86785982,0,8982080.476707885,0.004216025348976841,55.44494121424621,0.05056790051400145,0.0,True,0.0,0.0
sano,339,2,34.18750131922969,20.51250079153781,12,12,16299167.91426182,16299167.91426182,8596109.99584919,53.062407381785114,0.005122374744054442,0.05452824261136549,16299167.91426182,0.05452824261136549,12,0.005122374744054442,16299167.914261822,0.005122374744054442,16299167.914261822,0,8596109.99584919,0.005122374744054442,53.06240738178513,0.05452824261136549,0.0,True,0.0,0.0
sano,340,1,130.4779860833122,78.28679164998732,1,1,4713525.528645839,4713525.528645839,0.0,0.0,0.0,0.0,4713525.528645839,0.0,1,0.0,4713525.528645839,0.0,4713525.528645839,0,0.0,0.0,0.0,0.0,0.0,True,0.0,0.0
sano,341,2,85.78660684184527,51.47196410510716,12,12,6756933.093007623,6756933.093007623,1508569.9421626779,9.312160136806655,0.006650987464765456,0.026029188890422623,6756933.093007623,0.026029188890422623,12,0.006650987464765456,6756933.093007623,0.006650987464765455,6756933.093007623,0,1508569.942162678,0.006650987464765455,9.312160136806655,0.026029188890422623,0.0,True,0.0,0.0
sano,342,2,112.06092447510407,67.23655468506244,12,12,9880259.426613059,9880259.426613059,3805492.134514244,23.49069218835953,0.02359000069235546,0.07785817800627387,9880259.426613059,0.07785817800627387,12,0.02359000069235546,9880259.426613057,0.02359000069235546,9880259.426613057,0,3805492.1345142443,0.02359000069235546,23.49069218835953,0.07785817800627387,0.0,True,0.0,0.0
sano,343,2,78.36750574067105,47.020503444402635,12,12,11494461.166047564,11494461.166047564,5016885.188123086,30.96842708717954,0.013877877791090074,0.06856673278522034,11494461.166047564,0.06856673278522034,12,0.013877877791090074,11494461.166047564,0.013877877791090076,11494461.166047564,0,5016885.1881230865,0.013877877791090076,30.968427087179546,0.06856673278522034,0.0,True,0.0,0.0
sano,344,2,42.45140675307432,25.470844051844594,12,12,9067057.268830536,9067057.268830536,3228616.5059021492,19.929731517914497,0.0030953734081917233,0.02597763439179292,9067057.268830536,0.02597763439179292,12,0.0030953734081917233,9067057.268830534,0.0030953734081917233,9067057.268830534,0,3228616.5059021492,0.0030953734081917233,19.9297315179145,0.02597763439179292,0.0,True,0.0,0.0
sano,345,2,35.67989053007294,21.40793431804376,12,12,16155008.7355031,16155008.7355031,8485550.785575852,52.37994312083859,0.007793915779641058,0.06682711584181707,16155008.7355031,0.06682711584181707,12,0.007793915779641058,16155008.735503098,0.007793915779641058,16155008.735503098,0,8485550.785575852,0.007793915779641058,52.3799431208386,0.06682711584181707,0.0,True,0.0,0.0
sano,346,1,103.45741858192105,62.07445114915262,1,1,4713525.528645839,4713525.528645839,0.0,0.0,0.0,0.0,4713525.528645839,0.0,1,0.0,4713525.528645839,0.0,4713525.528645839,0,0.0,0.0,0.0,0.0,0.0,True,0.0,0.0
sano,347,1,44.52626331962693,26.715757991776155,1,1,4713525.528645839,4713525.528645839,0.0,0.0,0.0,0.0,4713525.528645839,0.0,1,0.0,4713525.528645839,0.0,4713525.528645839,0,0.0,0.0,0.0,0.0,0.0,True,0.0,0.0
sano,348,1,116.28345758983986,69.77007455390391,1,1,4713525.528645839,4713525.528645839,0.0,0.0,0.0,0.0,4713525.528645839,0.0,1,0.0,4713525.528645839,0.0,4713525.528645839,0,0.0,0.0,0.0,0.0,0.0,True,0.0,0.0
sano,349,3,146.63113098550662,87.97867859130398,12,12,44115154.84508145,44115154.84508145,28889764.839629292,178.33188172610673,0.2794752868165488,0.7060088619052113,44115154.84508145,0.7060088619052113,12,0.2794752868165488,44115154.84508145,0.2794752868165488,44115154.84508145,0,28889764.839629292,0.2794752868165488,178.33188172610673,0.7060088619052113,0.0,True,0.0,0.0
sano,350,4,131.25353108434012,78.75211865060407,12,12,47717932.76402676,47717932.76402676,31801919.50293903,196.30814507987057,0.09937984409772092,0.21882476880757243,47717932.76402676,0.21882476880757243,12,0.09937984409772092,47469666.12637109,0.09913458706184199,47469666.12637109,0,31617893.266244546,0.09913458706184199,195.17218065583052,0.2135874777506125,0.0,True,248266.63765567043,0.5714285714285714
sano,351,1,73.59329238691078,44.15597543214646,1,1,4713525.528645839,4713525.528645839,0.0,0.0,0.0,0.0,4713525.528645839,0.0,1,0.0,4713525.528645839,0.0,4713525.528645839,0,0.0,0.0,0.0,0.0,0.0,True,0.0,0.0
sano,352,1,58.383175665795335,35.0299053994772,1,1,4713525.528645839,4713525.528645839,0.0,0.0,0.0,0.0,4713525.528645839,0.0,1,0.0,4713525.528645839,0.0,4713525.528645839,0,0.0,0.0,0.0,0.0,0.0,True,0.0,0.0
sano,353,3,163.97932676450333,98.387596058702,12,12,42796031.39839126,42796031.39839126,27995829.682069317,172.81376346956367,0.21443120233447863,0.49817266054377346,42796031.39839126,0.49817266054377346,12,0.21443120233447863,42796031.39839127,0.2144312023344786,42796031.39839127,0,27995829.68206932,0.2144312023344786,172.8137634695637,0.49817266054377346,0.0,True,0.0,0.0
sano,354,1,37.53673548136432,22.52204128881859,1,1,4713525.528645839,4713525.528645839,0.0,0.0,0.0,0.0,4713525.528645839,0.0,1,0.0,4713525.528645839,0.0,4713525.528645839,0,0.0,0.0,0.0,0.0,0.0,True,0.0,0.0
sano,355,2,116.97005076296846,70.18203045778107,12,12,16180384.939789677,16180384.939789677,8506091.401750298,52.50673704784137,0.006503502180331602,0.06111861622227484,16180384.939789677,0.06111861622227484,12,0.006503502180331602,16180384.939789677,0.006503502180331601,16180384.939789677,0,8506091.4017503,0.006503502180331601,52.50673704784136,0.06111861622227484,0.0,True,0.0,0.0
sano,356,1,106.84526451517942,64.10715870910765,1,1,4713525.528645839,4713525.528645839,0.0,0.0,0.0,0.0,4713525.528645839,0.0,1,0.0,4713525.528645839,0.0,4713525.528645839,0,0.0,0.0,0.0,0.0,0.0,True,0.0,0.0
sano,357,2,183.90103617197417,110.3406217031845,12,12,123147104.92041278,123147104.92041278,87053747.91529463,537.3688142919419,0.6752760436368977,1.9923666035195993,123147104.92041278,1.9923666035195993,12,0.6752760436368977,123147104.92041278,0.6752760436368976,123147104.92041278,0,87053747.91529463,0.6752760436368976,537.368814291942,1.9923666035195993,0.0,True,0.0,0.0
sano,358,1,16.60790708388291,9.964744250329746,1,1,4713525.528645839,4713525.528645839,0.0,0.0,0.0,0.0,4713525.528645839,0.0,1,0.0,4713525.528645839,0.0,4713525.528645839,0,0.0,0.0,0.0,0.0,0.0,True,0.0,0.0
sano,359,1,12.119725519984842,7.2718353119909045,1,1,4713525.528645839,4713525.528645839,0.0,0.0,0.0,0.0,4713525.528645839,0.0,1,0.0,4713525.528645839,0.0,4713525.528645839,0,0.0,0.0,0.0,0.0,0.0,True,0.0,0.0
sano,360,1,12.412897385054393,7.4477384310326356,1,1,4713525.528645839,4713525.528645839,0.0,0.0,0.0,0.0,4713525.528645839,0.0,1,0.0,4713525.528645839,0.0,4713525.528645839,0,0.0,0.0,0.0,0.0,0.0,True,0.0,0.0
sano,361,2,179.53240845291478,107.71944507174886,12,12,10074807.485131914,10074807.485131914,3966691.351992378,24.48574908637271,0.010866737824001169,0.0539508938651387,10074807.485131914,0.0539508938651387,12,0.010866737824001169,10074807.485131912,0.010866737824001169,10074807.485131912,0,3966691.351992379,0.010866737824001169,24.48574908637271,0.0539508938651387,0.0,True,0.0,0.0
sano,362,3,43.29958813484076,25.979752880904456,12,12,22614356.025874313,22614356.025874313,13290039.70940273,82.037282156807,0.0016070162523328933,0.023470084630418837,22614356.025874313,0.023470084630418837,12,0.0016070162523328933,22614356.02587431,0.001607016252332893,22614356.02587431,0,13290039.70940273,0.001607016252332893,82.03728215680698,0.023470084630418837,0.0,True,0.0,0.0
sano,363,1,34.420564836656126,20.652338901993677,1,1,4713525.528645839,4713525.528645839,0.0,0.0,0.0,0.0,4713525.528645839,0.0,1,0.0,4713525.528645839,0.0,4713525.528645839,0,0.0,0.0,0.0,0.0,0.0,True,0.0,0.0
sano,364,2,212.14277346765422,127.28566408059254,12,12,17639857.448285937,17639857.448285937,9342762.426596884,57.67137300368449,0.1942896439115042,0.3501042027133828,17639857.448285937,0.3501042027133828,12,0.1942896439115042,17639857.448285937,0.19428964391150422,17639857.448285937,0,9342762.426596886,0.19428964391150422,57.67137300368448,0.3501042027133828,0.0,True,0.0,0.0
sano,365,3,62.68341329771505,37.61004797862903,12,12,8790674.95275867,8790674.95275867,3024115.6775577446,18.667380725665087,0.0025441449642523077,0.02279318271235014,8790674.95275867,0.02279318271235014,12,0.0025441449642523077,119914279.05213232,0.015687643464640574,119914279.05213232,0,85520987.20885207,0.015687643464640574,527.9073284497042,0.27058833786052255,0.0,True,0.0,0.0
sano,366,1,14.5652713500102,8.73916281000612,1,1,4713525.528645839,4713525.528645839,0.0,0.0,0.0,0.0,4713525.528645839,0.0,1,0.0,4713525.528645839,0.0,4713525.528645839,0,0.0,0.0,0.0,0.0,0.0,True,0.0,0.0
sano,367,1,90.03666057391098,54.02199634434658,1,1,4713525.528645839,4713525.528645839,0.0,0.0,0.0,0.0,4713525.528645839,0.0,1,0.0,4713525.528645839,0.0,4713525.528645839,0,0.0,0.0,0.0,0.0,0.0,True,0.0,0.0
sano,368,1,35.47175259699705,21.283051558198228,1,1,4713525.528645839,4713525.528645839,0.0,0.0,0.0,0.0,4713525.528645839,0.0,1,0.0,4713525.528645839,0.0,4713525.528645839,0,0.0,0.0,0.0,0.0,0.0,True,0.0,0.0
sano,369,2,110.77527840157934,66.4651670409476,12,12,14147698.912868952,14147698.912868952,6960113.193669174,42.96366168931589,0.0343382776576353,0.12703759126314879,14147698.912868952,0.12703759126314879,12,0.0343382776576353,14147698.912868954,0.034338277657635294,14147698.912868954,0,6960113.193669175,0.034338277657635294,42.96366168931589,0.12703759126314879,0.0,True,0.0,0.0
sano,370,1,55.07568085362245,33.045408512173466,1,1,4713525.528645839,4713525.528645839,0.0,0.0,0.0,0.0,4713525.528645839,0.0,1,0.0,4713525.528645839,0.0,4713525.528645839,0,0.0,0.0,0.0,0.0,0.0,True,0.0,0.0
sano,371,2,268.2777810506485,160.9666686303891,12,12,13386553.575507427,13386553.575507427,6186358.9436412,38.18740088667408,0.19287455026015618,0.28385063225176826,13386553.575507427,0.28385063225176826,12,0.19287455026015618,13386553.575507425,0.19287455026015618,13386553.575507425,0,6186358.943641199,0.19287455026015618,38.18740088667407,0.28385063225176826,0.0,False,0.0,0.0
sano,372,1,70.71475367461676,42.42885220477005,1,1,4713525.528645839,4713525.528645839,0.0,0.0,0.0,0.0,4713525.528645839,0.0,1,0.0,4713525.528645839,0.0,4713525.528645839,0,0.0,0.0,0.0,0.0,0.0,True,0.0,0.0
sano,373,1,57.61397472791701,34.568384836750205,1,1,4713525.528645839,4713525.528645839,0.0,0.0,0.0,0.0,4713525.528645839,0.0,1,0.0,4713525.528645839,0.0,4713525.528645839,0,0.0,0.0,0.0,0.0,0.0,True,0.0,0.0
sano,374,2,57.93634912903919,34.76180947742351,12,12,5629541.567031987,5629541.567031987,679683.0847169535,4.195574597018231,0.0003793774148950885,0.004172763900678547,5629541.567031987,0.004172763900678547,12,0.0003793774148950885,5629541.567031987,0.0003793774148950885,5629541.567031987,0,679683.0847169536,0.0003793774148950885,4.195574597018232,0.004172763900678547,0.0,True,0.0,0.0
sano,375,4,233.8367421921267,140.30204531527602,12,12,41452770.57133395,41452770.57133395,26614839.844686743,164.28913484374525,0.5059784203757489,0.5567846387193145,41452770.57133395,0.5567846387193145,12,0.5059784203757489,41452770.57133395,0.5059784203757488,41452770.57133395,0,26614839.84468674,0.5059784203757488,164.28913484374527,0.5567846387193145,0.0,False,0.0,0.0
sano,376,3,187.43670989370818,112.46202593622492,12,12,14500564.812335253,14500564.812335253,7107782.716112514,43.87520195131183,0.12125596021302826,0.22945451564918576,14500564.812335253,0.22945451564918576,12,0.12125596021302826,14500564.812335253,0.12125596021302823,14500564.812335253,0,7107782.716112516,0.12125596021302823,43.87520195131182,0.22945451564918576,0.0,True,0.0,0.0
sano,377,1,14.067753307244358,8.440651984346614,1,1,4713525.528645839,4713525.528645839,0.0,0.0,0.0,0.0,4713525.528645839,0.0,1,0.0,4713525.528645839,0.0,4713525.528645839,0,0.0,0.0,0.0,0.0,0.0,True,0.0,0.0
sano,378,2,49.791969154174474,29.87518149250468,12,12,10834915.435492082,10834915.435492082,4538321.433463329,28.014329836193394,0.005381409263140779,0.040609765560752506,10834915.435492082,0.040609765560752506,12,0.005381409263140779,10834915.43549208,0.00538140926314078,10834915.43549208,0,4538321.43346333,0.00538140926314078,28.014329836193397,0.040609765560752506,0.0,True,0.0,0.0
sano,379,1,60.543555445089126,36.32613326705347,1,1,4713525.528645839,4713525.528645839,0.0,0.0,0.0,0.0,4713525.528645839,0.0,1,0.0,4713525.528645839,0.0,4713525.528645839,0,0.0,0.0,0.0,0.0,0.0,True,0.0,0.0
sano,380,4,157.2159089321854,94.32954535931123,12,12,38171703.74805931,38171703.74805931,24142952.024751082,149.03056805401897,0.5330013750470574,0.9350696082418586,38171703.74805931,0.9350696082418586,12,0.5330013750470574,35200366.31394111,0.6313096468501721,35200366.31394111,0,21807268.91541331,0.6313096468501721,134.6127710827982,0.9350696082418586,0.0,True,2971337.434118196,0.0
sano,381,1,14.051211810871797,8.430727086523078,1,1,4713525.528645839,4713525.528645839,0.0,0.0,0.0,0.0,4713525.528645839,0.0,1,0.0,4713525.528645839,0.0,4713525.528645839,0,0.0,0.0,0.0,0.0,0.0,True,0.0,0.0
sano,382,3,186.2340800358782,111.74044802152693,12,12,33782879.208286636,33782879.208286636,21000369.463337805,129.63191026751727,0.44459102945614354,0.4805209932725548,33782879.208286636,0.4805209932725548,12,0.44459102945614354,33782879.20828663,0.4445910294561437,33782879.20828663,0,21000369.4633378,0.4445910294561437,129.63191026751727,0.4805209932725548,0.0,True,0.0,0.0
sano,383,2,70.35870711090092,42.21522426654055,12,12,17176758.14965235,17176758.14965235,9231658.67032617,56.9855473476924,0.01736064423244013,0.10402976877168416,17176758.14965235,0.10402976877168416,12,0.01736064423244013,17176758.149652347,0.01736064423244013,17176758.149652347,0,9231658.670326168,0.01736064423244013,56.98554734769239,0.10402976877168416,0.0,True,0.0,0.0
sano,384,4,214.38456883043685,128.6307412982621,12,12,37387445.72504651,37387445.72504651,23438372.813853294,144.68131366576108,0.625911920172744,0.5055270798946878,37387445.72504651,0.5055270798946878,12,0.625911920172744,37387445.72504651,0.6259119201727441,37387445.72504651,0,23438372.813853294,0.6259119201727441,144.68131366576108,0.5055270798946878,0.0,True,0.0,0.0
sano,385,2,214.5374055928369,128.72244335570213,12,12,17008964.723004192,17008964.723004192,8974309.37949821,55.396971478383996,0.11826917653345916,0.2677140415074202,17008964.723004192,0.2677140415074202,12,0.11826917653345916,17008964.723004192,0.11826917653345917,17008964.723004192,0,8974309.379498208,0.11826917653345917,55.396971478384,0.2677140415074202,0.0,True,0.0,0.0
sano,386,3,316.91626159771613,190.14975695862967,12,12,30901562.99907012,30901562.99907012,18219516.33119725,112.46615019257563,0.932086468172514,1.0437387408970333,30901562.99907012,1.0437387408970333,12,0.932086468172514,30901562.99907012,0.932086468172514,30901562.99907012,0,18219516.331197247,0.932086468172514,112.4661501925756,1.0437387408970333,0.0,False,0.0,0.0
sano,387,2,67.00443054859421,40.20265832915653,12,12,6969651.816428381,6969651.816428381,1672485.1060574322,10.323982136156989,0.0021190967432045574,0.015470037510050721,6969651.816428381,0.015470037510050721,12,0.0021190967432045574,6969651.816428382,0.002119096743204557,6969651.816428382,0,1672485.1060574325,0.002119096743204557,10.32398213615699,0.015470037510050721,0.0,True,0.0,0.0
sano,388,1,2.304501834566845,1.382701100740107,1,1,4713525.528645839,4713525.528645839,0.0,0.0,0.0,0.0,4713525.528645839,0.0,1,0.0,4713525.528645839,0.0,4713525.528645839,0,0.0,0.0,0.0,0.0,0.0,True,0.0,0.0
sano,389,1,161.70188563015384,97.0211313780923,1,1,4713525.528645839,4713525.528645839,0.0,0.0,0.0,0.0,4713525.528645839,0.0,1,0.0,4713525.528645839,0.0,4713525.528645839,0,0.0,0.0,0.0,0.0,0.0,True,0.0,0.0
sano,390,2,39.351930314180706,23.61115818850842,12,12,17572228.032103024,17572228.032103024,9546553.080058662,58.92934000036211,0.0012154440165139324,0.027991464494579253,17572228.032103024,0.027991464494579253,12,0.0012154440165139324,17572228.03210302,0.0012154440165139324,17572228.03210302,0,9546553.08005866,0.0012154440165139324,58.9293400003621,0.027991464494579253,0.0,True,0.0,0.0
sano,391,3,55.7024904695949,33.421494281756935,12,12,14958976.969197294,14958976.969197294,7593829.806445304,46.87549263237843,0.010541553301333358,0.07313767491407316,14958976.969197294,0.07313767491407316,12,0.010541553301333358,14958976.96919729,0.01054155330133336,14958976.96919729,0,7593829.806445306,0.01054155330133336,46.87549263237843,0.07313767491407316,0.0,True,0.0,0.0
sano,392,2,86.13391544057714,51.68034926434628,12,12,21083400.67735857,21083400.67735857,12148902.175471157,74.99322330537753,0.004902742357998459,0.06341951237889368,21083400.67735857,0.06341951237889368,12,0.004902742357998459,21083400.677358575,0.004902742357998459,21083400.677358575,0,12148902.175471157,0.004902742357998459,74.99322330537751,0.06341951237889368,0.0,True,0.0,0.0
sano,393,1,35.40670217098215,21.24402130258929,1,1,4713525.528645839,4713525.528645839,0.0,0.0,0.0,0.0,4713525.528645839,0.0,1,0.0,4713525.528645839,0.0,4713525.528645839,0,0.0,0.0,0.0,0.0,0.0,True,0.0,0.0
sano,394,1,38.44723425949665,23.06834055569799,1,1,4713525.528645839,4713525.528645839,0.0,0.0,0.0,0.0,4713525.528645839,0.0,1,0.0,4713525.528645839,0.0,4713525.528645839,0,0.0,0.0,0.0,0.0,0.0,True,0.0,0.0
sano,395,1,4.552536146988493,2.7315216881930957,1,1,4713525.528645839,4713525.528645839,0.0,0.0,0.0,0.0,4713525.528645839,0.0,1,0.0,4713525.528645839,0.0,4713525.528645839,0,0.0,0.0,0.0,0.0,0.0,True,0.0,0.0
sano,396,2,166.2502864608977,99.75017187653864,12,12,16351386.543143608,16351386.543143608,8496195.634216847,52.44565206306697,0.11054116599928936,0.2518309581455968,16351386.543143608,0.2518309581455968,12,0.11054116599928936,16351386.543143611,0.11054116599928933,16351386.543143611,0,8496195.634216849,0.11054116599928933,52.44565206306697,0.2518309581455968,0.0,True,0.0,0.0
sano,397,1,37.35400718672521,22.412404312035125,1,1,4713525.528645839,4713525.528645839,0.0,0.0,0.0,0.0,4713525.528645839,0.0,1,0.0,4713525.528645839,0.0,4713525.528645839,0,0.0,0.0,0.0,0.0,0.0,True,0.0,0.0
sano,398,1,23.15529525569725,13.89317715341835,1,1,4713525.528645839,4713525.528645839,0.0,0.0,0.0,0.0,4713525.528645839,0.0,1,0.0,4713525.528645839,0.0,4713525.528645839,0,0.0,0.0,0.0,0.0,0.0,True,0.0,0.0
sano,399,1,59.2327558327077,35.53965349962462,1,1,4713525.528645839,4713525.528645839,0.0,0.0,0.0,0.0,4713525.528645839,0.0,1,0.0,4713525.528645839,0.0,4713525.528645839,0,0.0,0.0,0.0,0.0,0.0,True,0.0,0.0
sano,400,3,207.83063368653933,124.69838021192359,12,12,14930566.653555812,14930566.653555812,7381404.27213882,45.56422390209149,0.15597298111710847,0.186696906257423,14930566.653555812,0.186696906257423,12,0.15597298111710847,14930566.653555814,0.1559729811171085,14930566.653555814,0,7381404.272138821,0.1559729811171085,45.564223902091484,0.186696906257423,0.0,True,0.0,0.0
sano,401,3,221.99856544946365,133.1991392696782,12,12,20421416.054926492,20421416.054926492,11277410.169262528,69.61364302013907,0.2936981461533384,0.46818965790129813,20421416.054926492,0.46818965790129813,12,0.2936981461533384,20421416.054926496,0.2936981461533384,20421416.054926496,0,11277410.169262528,0.2936981461533384,69.61364302013907,0.46818965790129813,0.0,True,0.0,0.0
sano,402,1,45.59336587071275,27.35601952242765,1,1,4713525.528645839,4713525.528645839,0.0,0.0,0.0,0.0,4713525.528645839,0.0,1,0.0,4713525.528645839,0.0,4713525.528645839,0,0.0,0.0,0.0,0.0,0.0,True,0.0,0.0
sano,403,2,85.74294689314263,51.44576813588557,12,12,16426945.584335722,16426945.584335722,8645529.206707316,53.36746423893407,0.0396779534868529,0.15219671136022087,16426945.584335722,0.15219671136022087,12,0.0396779534868529,16426945.584335726,0.03967795348685291,16426945.584335726,0,8645529.206707317,0.03967795348685291,53.36746423893406,0.15219671136022087,0.0,True,0.0,0.0
sano,404,1,11.069747106771894,6.641848264063136,1,1,4713525.528645839,4713525.528645839,0.0,0.0,0.0,0.0,4713525.528645839,0.0,1,0.0,4713525.528645839,0.0,4713525.528645839,0,0.0,0.0,0.0,0.0,0.0,True,0.0,0.0
sano,405,2,23.562061818805216,14.13723709128313,12,12,13802496.7150676,13802496.7150676,6748319.294292438,41.65629194007677,0.0004876353938579623,0.014906657285739913,13802496.7150676,0.014906657285739913,12,0.0004876353938579623,13802496.7150676,0.0004876353938579624,13802496.7150676,0,6748319.294292438,0.0004876353938579624,41.65629194007678,0.014906657285739913,0.0,True,0.0,0.0
sano,406,3,164.77266349665072,98.86359809799043,12,12,34086672.28036425,34086672.28036425,21422254.46969339,132.23613870181106,0.2953775528497175,0.39856381119886897,34086672.28036425,0.39856381119886897,12,0.2953775528497175,34086672.280364245,0.29537755284971756,34086672.280364245,0,21422254.469693385,0.29537755284971756,132.23613870181103,0.39856381119886897,0.0,True,0.0,0.0
sano,407,1,104.82439307651168,62.894635845907004,1,1,4713525.528645839,4713525.528645839,0.0,0.0,0.0,0.0,4713525.528645839,0.0,1,0.0,4713525.528645839,0.0,4713525.528645839,0,0.0,0.0,0.0,0.0,0.0,True,0.0,0.0
sano,408,3,230.23424269297115,138.14054561578268,12,12,22591918.269060787,22591918.269060787,13115252.499036456,80.95834875948431,0.12180020329080436,0.2761271134374438,22591918.269060787,0.2761271134374438,12,0.12180020329080436,22591918.269060783,0.12180020329080438,22591918.269060783,0,13115252.499036454,0.12180020329080438,80.9583487594843,0.2761271134374438,0.0,False,0.0,0.0
sano,409,1,108.05676960463916,64.83406176278349,1,1,4713525.528645839,4713525.528645839,0.0,0.0,0.0,0.0,4713525.528645839,0.0,1,0.0,4713525.528645839,0.0,4713525.528645839,0,0.0,0.0,0.0,0.0,0.0,True,0.0,0.0
sano,410,3,182.88636708756707,109.73182025254022,12,12,90210166.8279345,90210166.8279345,61268206.32570676,378.19880447967154,1.6850178034703898,2.586584782290421,90210166.8279345,2.586584782290421,12,1.6850178034703898,90210166.8279345,1.6850178034703895,90210166.8279345,0,61268206.32570678,1.6850178034703895,378.1988044796715,2.586584782290421,0.0,True,0.0,0.0
sano,411,1,26.87881298764929,16.127287792589573,1,1,4713525.528645839,4713525.528645839,0.0,0.0,0.0,0.0,4713525.528645839,0.0,1,0.0,4713525.528645839,0.0,4713525.528645839,0,0.0,0.0,0.0,0.0,0.0,True,0.0,0.0
sano,412,4,476.45906723234384,285.87544033940634,12,12,44590427.04516173,44590427.04516173,26401688.07447968,162.9733831758005,2.438936137858072,1.180984801543598,44302857.68974316,0.8595219968644627,12,1.8475674120150278,44590427.04516174,2.4389361378580725,44302857.68974316,0,26966160.03568017,1.8475674120150278,162.97338317580048,0.8595219968644627,70.558995150062,False,287569.3554185778,0.0
sano,413,1,123.5307266757886,74.11843600547316,1,1,4713525.528645839,4713525.528645839,0.0,0.0,0.0,0.0,4713525.528645839,0.0,1,0.0,4713525.528645839,0.0,4713525.528645839,0,0.0,0.0,0.0,0.0,0.0,True,0.0,0.0
sano,414,2,145.28233338704757,87.16940003222854,12,12,17028258.985427648,17028258.985427648,8971471.524671625,55.379453855997674,0.131316219486961,0.2820498495105844,17028258.985427648,0.2820498495105844,12,0.131316219486961,17028258.985427648,0.131316219486961,17028258.985427648,0,8971471.524671623,0.131316219486961,55.37945385599768,0.2820498495105844,0.0,True,0.0,0.0
sano,415,1,25.20380265589546,15.122281593537274,1,1,4713525.528645839,4713525.528645839,0.0,0.0,0.0,0.0,4713525.528645839,0.0,1,0.0,4713525.528645839,0.0,4713525.528645839,0,0.0,0.0,0.0,0.0,0.0,True,0.0,0.0
sano,416,3,127.58074100563186,76.54844460337912,12,12,19183897.089955915,19183897.089955915,10638129.98954594,65.66746907127121,0.08114720420107426,0.20795681367794552,19183897.089955915,0.20795681367794552,12,0.08114720420107426,19183897.08995591,0.08114720420107426,19183897.08995591,0,10638129.98954594,0.08114720420107426,65.66746907127123,0.20795681367794552,0.0,True,0.0,0.0
sano,417,2,234.23217529374077,140.53930517624445,12,12,17610424.952652488,17610424.952652488,9384629.689467924,57.92981289795014,0.14585381822349872,0.3040201134931702,17610424.952652488,0.3040201134931702,12,0.14585381822349872,17610424.952652488,0.1458538182234987,17610424.952652488,0,9384629.689467926,0.1458538182234987,57.92981289795016,0.3040201134931702,0.0,False,0.0,0.0
sano,418,4,243.76793614590773,146.26076168754466,12,12,41113061.778232224,41113061.778232224,26363212.004227493,162.7358765693055,0.5055064849382828,0.7938470124172919,41113061.778232224,0.7938470124172919,12,0.5055064849382828,41113061.77823223,0.5055064849382828,41113061.77823223,0,26363212.004227493,0.5055064849382828,162.73587656930553,0.7938470124172919,0.0,False,0.0,0.0
sano,419,2,14.291336658100617,8.574801994860369,12,12,11517877.808615105,11517877.808615105,5051833.144607454,31.18415521362625,0.0005303056122419415,0.013450005312163251,11517877.808615105,0.013450005312163251,12,0.0005303056122419415,11517877.808615105,0.0005303056122419416,11517877.808615105,0,5051833.144607453,0.0005303056122419416,31.18415521362625,0.013450005312163251,0.0,True,0.0,0.0
sano,420,2,95.24836301411443,57.149017808468656,12,12,15845687.200779548,15845687.200779548,8244815.504456746,50.89392286701696,0.016193456487530174,0.09495002763573762,15845687.200779548,0.09495002763573762,12,0.016193456487530174,15845687.200779542,0.016193456487530174,15845687.200779542,0,8244815.504456747,0.016193456487530174,50.89392286701696,0.09495002763573762,0.0,True,0.0,0.0
sano,421,1,10.241939576980249,6.145163746188149,1,1,4713525.528645839,4713525.528645839,0.0,0.0,0.0,0.0,4713525.528645839,0.0,1,0.0,4713525.528645839,0.0,4713525.528645839,0,0.0,0.0,0.0,0.0,0.0,True,0.0,0.0
sano,422,3,59.80574007731811,35.88344404639087,12,12,42562411.753110945,42562411.753110945,28089584.68681107,173.392498066735,0.01130881626613251,0.14394664719432393,42562411.753110945,0.14394664719432393,12,0.01130881626613251,42562411.753110945,0.011308816266132511,42562411.753110945,0,28089584.686811063,0.011308816266132511,173.39249806673496,0.14394664719432393,0.0,True,0.0,0.0
sano,423,1,82.3137238883725,49.3882343330235,1,1,4713525.528645839,4713525.528645839,0.0,0.0,0.0,0.0,4713525.528645839,0.0,1,0.0,4713525.528645839,0.0,4713525.528645839,0,0.0,0.0,0.0,0.0,0.0,True,0.0,0.0
sano,424,1,56.56115778654327,33.93669467192596,1,1,4713525.528645839,4713525.528645839,0.0,0.0,0.0,0.0,4713525.528645839,0.0,1,0.0,4713525.528645839,0.0,4713525.528645839,0,0.0,0.0,0.0,0.0,0.0,True,0.0,0.0
sano,425,1,45.69139288536808,27.414835731220847,1,1,4713525.528645839,4713525.528645839,0.0,0.0,0.0,0.0,4713525.528645839,0.0,1,0.0,4713525.528645839,0.0,4713525.528645839,0,0.0,0.0,0.0,0.0,0.0,True,0.0,0.0
sano,426,1,9.799050777497593,5.8794304664985555,1,1,4713525.528645839,4713525.528645839,0.0,0.0,0.0,0.0,4713525.528645839,0.0,1,0.0,4713525.528645839,0.0,4713525.528645839,0,0.0,0.0,0.0,0.0,0.0,True,0.0,0.0
sano,427,1,133.24606463850594,79.94763878310356,1,1,4713525.528645839,4713525.528645839,0.0,0.0,0.0,0.0,4713525.528645839,0.0,1,0.0,4713525.528645839,0.0,4713525.528645839,0,0.0,0.0,0.0,0.0,0.0,True,0.0,0.0
sano,428,3,179.20589037351525,107.52353422410914,12,12,36394495.30783848,36394495.30783848,23466930.64363506,144.85759656564855,0.04376915114178064,0.24332432791663422,36394495.30783848,0.24332432791663422,12,0.04376915114178064,36078737.62741655,0.04728178768667672,36078737.62741655,0,23227845.453710534,0.04728178768667672,143.38176205994156,0.24332432791663422,0.0,True,315757.680421931,0.0
sano,429,3,101.69254961556247,61.01552976933748,12,12,26592427.720449243,26592427.720449243,16173229.063228728,99.83474730388104,0.055349655047961833,0.16417402011757806,26592427.720449243,0.16417402011757806,12,0.055349655047961833,26592427.720449243,0.05534965504796183,26592427.720449243,0,16173229.06322873,0.05534965504796183,99.83474730388104,0.16417402011757806,0.0,True,0.0,0.0
sano,430,3,145.0901811047442,87.05410866284653,12,12,55241500.93873491,55241500.93873491,37313384.338907145,230.32953295621698,0.15647576654667056,0.4981342057366082,55241500.93873491,0.4981342057366082,12,0.15647576654667056,55241500.93873492,0.15647576654667059,55241500.93873492,0,37313384.33890715,0.15647576654667059,230.32953295621698,0.4981342057366082,0.0,True,0.0,0.875
sano,431,2,140.28001044042912,84.16800626425747,12,12,14555745.700745074,14555745.700745074,7259026.719298545,44.808806909250286,0.03743888492830955,0.1354676182982622,14555745.700745074,0.1354676182982622,12,0.03743888492830955,14555745.700745074,0.03743888492830955,14555745.700745074,0,7259026.719298546,0.03743888492830955,44.808806909250286,0.1354676182982622,0.0,True,0.0,0.0
sano,432,2,120.03945014709944,72.02367008825966,12,12,14656281.417424588,14656281.417424588,7349134.5660795765,45.3650281856764,0.025690897275669995,0.11291264510325391,14656281.417424588,0.11291264510325391,12,0.025690897275669995,14656281.417424586,0.02569089727567,14656281.417424586,0,7349134.566079577,0.02569089727567,45.3650281856764,0.11291264510325391,0.0,True,0.0,0.0
sano,433,2,75.6179790788123,45.37078744728737,12,12,12188575.278317327,12188575.278317327,5530954.19712238,34.141692574829506,0.01489737107256466,0.07459156068646255,12188575.278317327,0.07459156068646255,12,0.01489737107256466,12188575.278317325,0.014897371072564655,12188575.278317325,0,5530954.19712238,0.014897371072564655,34.141692574829506,0.07459156068646255,0.0,True,0.0,0.0
sano,434,1,105.40401810463068,63.24241086277841,1,1,4713525.528645839,4713525.528645839,0.0,0.0,0.0,0.0,4713525.528645839,0.0,1,0.0,4713525.528645839,0.0,4713525.528645839,0,0.0,0.0,0.0,0.0,0.0,True,0.0,0.0
sano,435,2,166.36787464727414,99.82072478836447,12,12,30963965.815248948,30963965.815248948,19013471.516284753,117.36710812521453,0.36381480728923593,0.683448413814562,30963965.815248948,0.683448413814562,12,0.36381480728923593,30963965.815248936,0.3638148072892359,30963965.815248936,0,19013471.51628475,0.3638148072892359,117.3671081252145,0.683448413814562,0.0,True,0.0,0.0
sano,436,1,116.71130234839951,70.0267814090397,1,1,4713525.528645839,4713525.528645839,0.0,0.0,0.0,0.0,4713525.528645839,0.0,1,0.0,4713525.528645839,0.0,4713525.528645839,0,0.0,0.0,0.0,0.0,0.0,True,0.0,0.0
sano,437,1,81.52427726798196,48.91456636078917,1,1,4713525.528645839,4713525.528645839,0.0,0.0,0.0,0.0,4713525.528645839,0.0,1,0.0,4713525.528645839,0.0,4713525.528645839,0,0.0,0.0,0.0,0.0,0.0,True,0.0,0.0
sano,438,2,74.76436935854778,44.85862161512866,12,12,17052967.707054567,17052967.707054567,9139855.921919746,56.41886371555398,0.017271635910789732,0.10324552982885582,17052967.707054567,0.10324552982885582,12,0.017271635910789732,17052967.70705457,0.017271635910789732,17052967.70705457,0,9139855.921919744,0.017271635910789732,56.41886371555398,0.10324552982885582,0.0,True,0.0,0.0
sano,439,1,153.92655404595806,92.35593242757483,1,1,4713525.528645839,4713525.528645839,0.0,0.0,0.0,0.0,4713525.528645839,0.0,1,0.0,4713525.528645839,0.0,4713525.528645839,0,0.0,0.0,0.0,0.0,0.0,True,0.0,0.0
