city,cluster,frequency_hz,terminals,demand_kw,transformer_sites,transformer_units,s1_npc_mean,s1_npc_std,s1B_npc_mean,s1A_npc_mean,s1B_length_mean,s1_capex_mean,s1_capex_trench_mean,s1_capex_conductor_mean,s1_capex_transformer_mean,s1_variable_loss_kwh_y_mean,s1_no_load_loss_kwh_y_mean,s1_length_mean,s1_plkw_mean,s1_vdrop_max,s1_customer_min_pu,s1_representative_candidate,s1_representative_fixed_npc,s1_conductor_optimized_npc,s15_npc,s15_capex,s15_conductor_optimized_npc,s2_topology_fixed_conductor_npc,s2_npc,s2_w,s2_capex,s2_capex_trench,s2_capex_conductor,s2_capex_transformer,s2_variable_loss_kwh_y,s2_no_load_loss_kwh_y,s2_plkw,s2_length,s2_vdrop,s2_customer_min_pu,s2_upsize_m,edge_set_divergence,tld,all_primary_networks_feasible,delta_npc,delta_npc_B,routing_policy_delta_npc,routing_policy_savings_pct,combined_screening_savings_pct,ltp_pct,ltpB_pct
sano,0,50,6,365.19824186798076,6,13,166797338.27416834,0.0,166797338.2741683,166797338.2741683,217.20477679053386,116680929.50025542,81330716.51858008,9330119.419763345,26020093.561912004,8789.842895443953,7927.799999999998,217.20477679053388,6.165323581778221,0.005427356137674492,0.9774894474916321,c000_r00_A_steiner.csv,166797338.27416834,162283760.59568164,166797338.27416834,116680929.50025544,162283760.59568164,166797338.27416834,162283760.59568164,0,113062544.47320667,81330716.51858008,5711734.392714595,26020093.561912004,9411.747400822296,7927.799999999998,6.537505311778364,217.20477679053388,0.017765271011629728,0.9773660683428926,0.0,0.0,0.0,True,4513577.678486705,4513577.678486675,0.0,0.0,2.706025003269321,2.706025003269321,2.706025003269304
sano,1,50,4,308.86275135082724,4,11,118194972.73215242,1.4901161193847656e-08,118194972.73215245,118194972.73215245,81.54586617401014,81712763.54425417,53481879.92610153,5338646.654350254,22892236.963802386,7166.706680078371,6937.919999999998,81.54586617401014,5.080949939303741,0.002497161104105489,0.9791832593089702,c001_r00_A_steiner.csv,118194972.73215243,116458012.1248239,118194972.73215243,81712763.54425417,116458012.1248239,118194972.73215243,116458012.1248239,0,80231204.51690295,53481879.92610152,3857087.626999039,22892236.963802386,7613.670909817116,6937.919999999998,5.348437823430173,81.54586617401016,0.008172786719390415,0.9791265030528173,0.0,0.0,0.0,True,1736960.6073285192,1736960.607328549,-1.4901161193847656e-08,-1.2607271569507383e-14,1.4695723237440337,1.4695723237440337,1.4695723237440586
sano,2,50,12,324.36302326522895,12,16,410079661.1395598,4764663.031464609,405763084.87328124,414396237.4058385,1168.0895395768928,297917189.88113976,237952535.9424545,34458755.99040908,25505897.948276144,7322.134739714277,8024.159999999999,1186.3502396163633,5.297966606051741,0.04696955553981752,0.9777266158231394,c002_r00_A_steiner.csv,414335440.2496787,389514486.6289284,405750367.07638794,294687077.07807344,381719414.2613007,405750367.07638794,381719414.2613007,0,276029915.7399762,235183867.8255405,15340149.966159543,25505897.948276144,9253.051519336652,8024.159999999999,6.4535330013923975,1167.8924521702697,0.13099209662966654,0.974775530769715,0.0,0.0,0.0,True,28360246.878259122,24043670.611980557,4329294.063171864,1.0557202596054873,6.915789678388235,6.915789678388235,5.92554411880256
sano,3,50,5,403.8985635929966,5,14,188172818.52913204,2.9802322387695312e-08,188172818.5291321,188172818.5291321,262.692790885093,131806812.72245796,91903918.63276394,10767319.772127327,29135574.317566674,9626.930101899638,8830.079999999998,262.692790885093,6.7692824299057675,0.010550076246889865,0.9787530514528864,c003_r00_A_steiner.csv,188172818.52913207,182907535.47634444,188172818.52913207,131806812.72245796,182907535.47634444,188172818.52913207,182907535.47634444,0,127582191.47297595,91903918.63276395,6542698.5226453245,29135574.317566674,10360.842683957764,8830.079999999998,7.2084959298837,262.692790885093,0.03451742019561524,0.9785133780133991,0.0,0.0,0.0,True,5265283.052787602,5265283.052787662,-2.9802322387695312e-08,-1.583774033925174e-14,2.79811031898449,2.79811031898449,2.798110318984521
sano,4,50,6,408.9889407007124,6,15,210499560.6025072,1533351.183096776,211687267.4641466,209311853.74086776,334.37514609016847,148269050.8272502,105644630.25929451,12732438.37654908,29891982.191406682,9617.762712182366,9110.399999999998,329.2975350619632,6.7957961616201175,0.027408371886560253,0.9790900667046627,c004_r00_A_steiner.csv,209311853.7408678,202809751.95405298,209311853.7408678,147380468.8973143,202809751.95405298,209311853.7408678,202809751.95405298,0,141969746.2048939,104882988.6050637,7194775.408423531,29891982.191406682,10991.08506018591,9110.399999999998,7.617667498630083,324.219924033758,0.0898108054844725,0.9774863188949788,0.0,0.0,0.0,True,7689808.648454219,8877515.51009363,1187706.8616394103,0.5642324659680377,3.6531233730103225,3.6531233730103225,4.193693657837598
sano,5,50,1,130.4779860833122,1,4,36484444.87936458,0.0,36484444.87936458,36484444.87936458,0.0,24524449.805019047,15000000.0,1200000.0,8324449.805019047,3459.1631759650345,2522.8799999999997,0.0,2.3581527711239785,0.0,0.9783476162059711,singleton_co_located_source,36484444.87936458,36484444.87936458,36484444.87936458,24524449.805019047,36484444.87936458,36484444.87936458,36484444.87936458,0,24524449.805019047,15000000.0,1200000.0,8324449.805019047,3459.1631759650345,2522.8799999999997,2.3581527711239785,0.0,0.0,0.9783476162059711,0.0,1.0,1.0,True,0.0,0.0,0.0,0.0,0.0,0.0,0.0
sano,6,50,9,374.23251959894196,9,17,196149868.5402669,941632.8691788134,196643324.67968354,195656412.4008503,228.13352236246786,138191489.63741735,97657513.57836612,10751252.26306102,29782723.795990188,8139.99781809803,9241.799999999997,226.05009052244077,5.9264206826562,0.015872679401099682,0.9805227776065276,c006_r04_A_steiner.csv,195744563.12670267,190470621.92204863,195386174.63214973,137627085.60604146,190140814.94817185,195386174.63214973,190140814.94817185,0,133248228.32634744,97173738.69432966,6291765.836027591,29782723.79599019,9261.606268162002,9241.799999999997,6.597652631801889,222.8249246288644,0.035951556775878336,0.9791589538583766,0.0,0.0,0.0,True,6009053.592095047,6502509.731511682,763693.9081171751,0.38934204432586667,3.0635012079355386,3.0635012079355386,3.30675335260109
sano,7,50,5,344.92781471197367,5,13,165228579.05698138,0.0,165228579.05698135,165228579.05698135,207.1824391316405,115961388.71434899,79827365.86974609,9079560.978291012,27054461.86631191,7480.439019563648,8199.359999999997,207.18243913164054,5.4127045605628155,0.005610630450450337,0.9802791276234746,c007_r00_A_steiner.csv,165228579.05698138,160948800.61640018,165228579.05698138,115961388.714349,160948800.61640018,165228579.05698138,160948800.61640018,0,112069514.3947514,79827365.86974609,5187686.658693414,27054461.86631191,9144.297424631814,8199.359999999997,6.408448592513219,207.18243913164054,0.01839950451213471,0.9779336413839483,0.0,0.0,0.0,True,4279778.4405812025,4279778.440581173,0.0,0.0,2.5902168166109214,2.5902168166109214,2.5902168166109036
sano,8,50,8,379.9552424846901,8,15,218393738.28829667,0.0,218393738.28829667,218393738.28829667,373.53374930843853,154685683.74296868,112280062.39626579,13838343.732710965,28567277.61399193,8675.066970466858,8759.999999999998,373.53374930843853,6.191635379729654,0.025824356589358406,0.9794281830017707,c008_r00_A_steiner.csv,218393738.28829667,210766624.58174908,218393738.28829667,154685683.74296868,210766624.58174908,218393738.28829667,210766624.58174908,0,148078125.7231276,112280062.39626579,7230785.7128698975,28567277.61399193,10875.265646424858,8759.999999999998,7.508354815720724,373.53374930843853,0.08479906376697093,0.9756778004325184,0.0,0.0,0.0,True,7627113.706547588,7627113.706547588,0.0,0.0,3.4923683097906437,3.4923683097906437,3.4923683097906437
sano,9,50,2,107.29077686299684,2,4,36636092.07339962,0.0,36636092.07339961,36636092.07339961,10.73160584393184,25077776.250292372,16609740.876589775,1468290.146098296,6999745.227604296,2782.463326487888,2172.4799999999996,10.731605843931838,1.9131785049928414,0.00022392181911830752,0.9784638295017254,c009_r00_A_steiner.csv,36636092.07339962,36335574.39748311,36636092.07339962,25077776.25029237,36335574.39748311,36636092.07339962,36335574.39748311,0,24780378.34166415,16609740.876589775,1170892.2374700801,6999745.227604296,2955.503329610554,2172.4799999999996,2.0167351236769986,10.731605843931838,0.0007342116686727836,0.97709810269201,0.0,0.0,0.0,True,300517.67591650784,300517.6759165004,0.0,0.0,0.8202776521972572,0.8202776521972572,0.820277652197237
sano,10,50,6,329.0827397871182,6,13,203393531.98291108,0.0,203393531.98291108,203393531.98291108,389.1485451626781,144493695.8262437,107122281.77440171,13628713.629066953,23742700.422775026,7906.301284097545,7323.360000000001,389.1485451626781,5.567563872539631,0.016780423759455793,0.976680093654291,c010_r00_A_steiner.csv,203393531.98291108,195316108.5113608,203393531.98291108,144493695.8262437,195316108.5113608,203393531.98291108,195316108.5113608,0,137729563.8343362,107122281.77440171,6864581.6371594705,23742700.422775026,9692.13598833681,7323.360000000001,6.6363052049628735,389.1485451626781,0.05505762424568137,0.9764022413692749,0.0,0.0,0.0,True,8077423.471550286,8077423.471550286,0.0,0.0,3.9713275996549107,3.9713275996549107,3.9713275996549107
sano,11,50,3,206.674657757261,3,7,98205818.3850801,0.0,98205818.3850801,98205818.3850801,148.20124819433315,68853005.59279163,48480187.22914997,5805031.204858328,14567787.158783337,5068.055811044912,4415.04,148.20124819433312,3.5370022747535343,0.00728028588754927,0.9778365497469372,c011_r00_A_steiner.csv,98205818.3850801,95205481.02319708,98205818.3850801,68853005.59279163,95205481.02319708,98205818.3850801,95205481.02319708,0,66457180.88045117,48480187.22914997,3409206.4925178764,14567787.158783335,5459.444451086194,4415.04,3.771230681033289,148.20124819433312,0.02381772508973275,0.977724775932407,0.0,0.0,0.0,True,3000337.3618830144,3000337.3618830144,0.0,0.0,3.055152343538578,3.055152343538578,3.055152343538578
sano,12,50,5,287.5294617105426,5,10,142061648.86128753,0.0,142061648.86128756,142061648.86128756,224.00109155961158,99848963.24677227,71100163.73394173,8600027.288990289,20148772.223840248,7007.468324995317,6132.0,224.00109155961152,4.893652982995097,0.011334768625960296,0.9782810387804491,c012_r00_A_steiner.csv,142061648.86128753,137547759.52093408,142061648.86128753,99848963.24677227,137547759.52093408,142061648.86128753,137547759.52093408,0,96199775.80850212,71100163.73394173,4950839.850720153,20148772.223840248,7700.618369936159,6132.0,5.308471947393525,224.0010915596115,0.037184632868309454,0.9750020142697933,0.0,0.0,0.0,True,4513889.340353459,4513889.340353489,0.0,0.0,3.177415844835738,3.177415844835738,3.1774158448357586
sano,13,50,5,173.21956815373053,5,7,118271522.31928527,0.0,118271522.31928527,118271522.31928527,244.67055363468128,84410429.46743782,62950583.045202196,8216763.840867032,13243082.581368582,3885.5581091643635,4064.640000000001,244.67055363468134,2.7893308612149617,0.00329500208266781,0.9794793949041397,c013_r00_A_steiner.csv,118271522.31928527,113181245.261675,118271522.31928527,84410429.46743782,113181245.261675,118271522.31928527,113181245.261675,0,80321551.64020051,62950583.045202196,4127886.013629741,13243082.581368582,4605.968328562198,4064.6400000000003,3.2204638075861314,244.6705536346813,0.010783828905390912,0.9774891683464325,0.0,0.0,0.0,True,5090277.057610273,5090277.057610273,0.0,0.0,4.303890706562974,4.303890706562974,4.303890706562974
sano,14,50,2,364.5478911483738,2,11,184749442.86318502,2.9802322387695312e-08,184749442.86318496,184749442.86318496,357.31875223657016,129973018.60520215,94847812.83548552,12232968.805914253,22892236.963802386,9868.603466365603,6937.919999999998,357.31875223657016,6.697913012421291,0.02317277245263981,0.9779161370740269,c014_r00_A_steiner.csv,184749442.863185,177729662.11412463,184749442.863185,129973018.60520215,177729662.11412463,184749442.863185,177729662.11412463,0,124699331.44090714,94847812.83548552,6959281.64161923,22892236.963802386,10011.209345093377,6937.919999999998,6.783256183589997,357.31875223657016,0.07584096321853863,0.9773903010491362,0.0,0.0,0.0,True,7019780.749060392,7019780.749060333,2.9802322387695312e-08,1.6131210966500844e-14,3.7996221478507217,3.7996221478507217,3.7996221478506906
sano,15,50,5,160.42327356349944,5,7,108218552.48079973,0.0,108218552.48079972,108218552.48079972,212.84091585421615,77143522.26274912,58176137.378132425,7421022.896355403,11546361.988261297,3871.194652384893,3617.8799999999997,212.84091585421615,2.7297349817081655,0.0022427772062132353,0.9768497351317301,c015_r00_A_steiner.csv,108218552.48079973,103610151.71251294,108218552.4807997,77143522.2627491,103610151.71251294,108218552.4807997,103610151.71251294,0,73394172.04342227,58176137.37813242,3671672.677028549,11546361.988261297,4634.222004936435,3617.8799999999997,3.186372355539857,212.8409158542161,0.007380237634744403,0.975602972364717,0.0,0.0,0.0,True,4608400.768286794,4608400.7682867795,2.9802322387695312e-08,2.7539014064139213e-14,4.258420264034138,4.258420264034138,4.258420264034125
sano,16,50,4,167.14489642962744,4,7,259887931.97251797,407655.1369120086,259802930.00050738,259972933.94452855,844.2570565941149,189691511.0824975,152942650.4812406,23215441.746873435,13533418.85438343,3516.176834583468,4143.48,844.6176698749374,2.5772728682043775,0.021303389438606136,0.981955858407754,c016_r00_A_steiner.csv,259802930.00050738,242828840.17220983,259802930.0005074,189628403.75835356,242828840.17220983,259802930.0005074,242828840.17220983,0,176616310.01613164,152888558.48911723,10194332.672630984,13533418.854383428,4467.19401815804,4143.48,3.1464136568328818,844.2570565941149,0.06863956831856546,0.9789314939549009,0.0,0.0,0.0,True,17059091.800308138,16974089.828297555,85001.97201055288,0.03270716395540116,6.564018448579622,6.564018448579622,6.533448190235732
sano,17,50,7,822.9129457943351,7,27,341038365.6177234,4117.910998257511,341040453.77972394,341036277.4557229,408.7129874428524,237072256.40224028,162563331.6157386,18318888.6026231,56190036.18387858,20640.050345910673,17029.440000000006,408.7555441049238,14.296136989838644,0.04086361448399299,0.9767607825996265,c017_r01_A_steiner.csv,341034885.34772265,333208401.7021918,341043237.9957245,237054879.09856105,333364100.86978006,341043237.9957245,333364100.86978006,0,230467460.85958636,162548436.78401357,11728987.891694184,56190036.183878586,22752.21643544511,17029.440000000006,15.560172902831955,408.6562452267571,0.1337852803185342,0.9759919887072304,0.0,0.0,0.0,True,7674264.747943342,7676352.909943879,-4872.378001093864,-0.0014286891131056524,2.2502643460781697,2.2502643460781697,2.25086285948411
sano,18,50,5,263.425876051887,5,10,171544296.59790826,0.0,171544296.59790826,171544296.59790826,353.93337520407096,122215096.86886013,90590006.28061064,11848334.380101776,19776756.208147716,5999.241067171929,6035.639999999999,353.9333752040709,4.279274551411413,0.018871826637388785,0.9793766542041294,c018_r00_A_steiner.csv,171544296.59790826,164366006.5523669,171544296.59790826,122215096.86886013,164366006.5523669,171544296.59790826,164366006.5523669,0,116439717.37326297,90590006.28061064,6072954.884504611,19776756.208147716,7036.738910202111,6035.639999999999,4.900170104910389,353.9333752040709,0.06193370384456406,0.9791232695762105,0.0,0.0,0.0,True,7178290.045541346,7178290.045541346,0.0,0.0,4.184511049275464,4.184511049275464,4.184511049275464
sano,19,50,11,468.58377146463135,10,20,262958372.4263238,5726002.060681561,267797726.4343432,258119018.41830444,424.8443297512456,185866543.97451875,135639308.52703604,16106551.421172673,34120684.026310034,11261.22620523791,10625.880000000001,404.262056846907,7.952334760790386,0.03166262535278568,0.9785107815325557,c019_r00_A_steiner.csv,258119018.41830444,249842204.01801825,258119018.41830444,182264646.2162595,249842204.01801825,258119018.41830444,249842204.01801825,0,175251227.65764594,132551967.59138528,8578576.039950654,34120684.026310034,13302.70366625291,10625.880000000001,9.174066725466592,383.67978394256846,0.1038002127770872,0.9741995492099561,0.0,0.0,0.0,True,13116168.408305556,17955522.416324943,4839354.008019358,1.8403498482921503,4.987925764554414,4.987925764554414,6.70488232121984
sano,20,50,8,681.4579574827053,8,24,295849675.98827356,101385.14250761949,295802743.97258097,295896608.0039663,345.32739218268733,206289129.41162947,141828972.9933685,15838162.165561417,48621994.25269955,16423.730756029483,14786.880000000003,345.52648662245673,11.516860336229549,0.024255527436445955,0.9775723695142834,c020_r02_A_steiner.csv,295883350.1561353,289008177.7774328,295775875.2447294,206241914.91009906,288784981.7759075,295775875.2447294,288784981.7759075,0,200251452.11950794,141788503.42062813,9840954.44618025,48621994.25269955,18269.089367161716,14786.880000000003,12.621224035836503,345.2566894708543,0.0534342407826526,0.9773344400043424,0.0,0.0,0.0,True,7064694.2123660445,7017762.196673453,73800.74354416132,0.024945352161577665,2.387933733159155,2.387933733159155,2.3724466184546125
sano,21,50,6,929.7799142922547,6,28,379602486.31527394,0.0,379602486.31527394,379602486.31527394,522.8398608708513,263168124.28753236,183425979.13062772,21470996.521771286,58271148.63513335,25928.060206645416,17660.160000000003,522.8398608708515,17.532771819150206,0.09818272240577106,0.9759496988017194,c021_r00_A_steiner.csv,379602486.31527394,370580696.25036454,379602486.31527394,263168124.28753236,370580696.25036454,379602486.31527394,370580696.25036454,0,255451501.95523763,183425979.13062772,13754374.189476555,58271148.63513335,28299.44721966966,17660.160000000003,18.951939735404984,522.8398608708515,0.3217772759711062,0.9740626317029104,0.0,0.0,0.0,True,9021790.064909399,9021790.064909399,0.0,0.0,2.3766414578793005,2.3766414578793005,2.3766414578793005
sano,22,50,4,276.96847855486914,4,9,119948771.76470418,1.4901161193847656e-08,119948771.76470421,119948771.76470421,162.57958393905685,83631439.2506278,58136937.59085853,6764489.598476421,18730012.06129286,6991.622977526055,5676.48,162.57958393905682,4.832170258907136,0.003610746293209862,0.9779606812388025,c022_r00_A_steiner.csv,119948771.7647042,116697544.24180254,119948771.7647042,83631439.2506278,116697544.24180254,119948771.7647042,116697544.24180254,0,81023403.88831097,58136937.59085853,4156454.236159583,18730012.06129286,7443.403302619964,5676.48,5.102540358366676,162.57958393905682,0.011848935010758314,0.9779606812388025,0.0,0.0,0.0,True,3251227.5229016393,3251227.522901669,-1.4901161193847656e-08,-1.2422937704671382e-14,2.7105133925667566,2.7105133925667566,2.710513392566781
sano,23,50,5,314.8514298853745,5,12,165688273.14089504,0.0,165688273.14089507,165688273.14089507,262.2928702949171,116825192.56183816,84343930.54423758,10157321.75737293,22323940.260227647,7594.366739029002,6867.839999999999,262.2928702949172,5.328885149960204,0.005774235015079202,0.9786653834131669,c023_r00_A_steiner.csv,165688273.14089504,160234790.30742544,165688273.14089504,116825192.56183816,160234790.30742544,165688273.14089504,160234790.30742544,0,112406721.21828592,84343930.54423758,5738850.413820693,22323940.260227647,8454.367217249293,6867.839999999999,5.8435565553237305,262.2928702949172,0.018939766191455088,0.9760588957096827,0.0,0.0,0.0,True,5453482.8334695995,5453482.833469629,0.0,0.0,3.2914114741434743,3.2914114741434743,3.2914114741434917
sano,24,50,3,325.32925522576176,3,11,160720971.75950602,0.0,160720971.75950602,160720971.75950602,263.85595494843966,112954676.79107194,80828393.24226594,9896398.87371099,22229884.67509501,8123.814059425323,6762.719999999998,263.8559549484396,5.633735434762638,0.002115524911335921,0.9784424844271264,c024_r00_A_steiner.csv,160720971.75950602,155375307.82231396,160720971.75950602,112954676.79107194,155375307.82231396,160720971.75950602,155375307.82231396,0,108717269.22673006,80828393.24226594,5658991.30936911,22229884.67509501,8748.426357960132,6762.719999999999,6.0075376565468765,263.8559549484396,0.006966206451028428,0.9750418245703268,0.0,0.0,0.0,True,5345663.937192053,5345663.937192053,0.0,0.0,3.326052523619014,3.326052523619014,3.326052523619014
sano,25,50,1,60.73825224874857,1,2,18108656.311018184,0.0,18108656.311018184,18108656.311018184,0.0,12262224.902509524,7500000.0,600000.0,4162224.9025095236,1498.4460547172016,1261.4399999999998,0.0,1.040752218601891,0.0,0.9798450406334532,singleton_co_located_source,18108656.311018184,18108656.311018184,18108656.311018184,12262224.902509524,18108656.311018184,18108656.311018184,18108656.311018184,0,12262224.902509524,7500000.0,600000.0,4162224.9025095236,1498.4460547172016,1261.4399999999998,1.040752218601891,0.0,0.0,0.9798450406334532,0.0,1.0,1.0,True,0.0,0.0,0.0,0.0,0.0,0.0,0.0
sano,26,50,8,309.0013491497275,8,14,178409007.50607845,637898.4403905121,178713699.91118908,178104315.10096785,258.05165795990973,126288612.45283067,91014152.54016614,10619025.423361024,24655434.489303496,6782.201592054342,7638.719999999998,256.761016934441,4.930841027699087,0.01320409938198557,0.9772410699379199,c026_r00_A_steiner.csv,178104315.10096782,172370959.0139674,178104315.10096782,126062750.27337363,172370959.0139674,178104315.10096782,172370959.0139674,0,121197696.09071688,90820556.38634583,5721705.215067556,24655434.489303496,8197.743884516958,7638.719999999999,5.777979092692842,255.47037590897222,0.038422476449974936,0.9768576926802163,0.0,0.0,0.0,True,6038048.492111057,6342740.897221684,304692.4051106274,0.17078308397643344,3.3843854503284194,3.3843854503284194,3.5491072594734927
sano,27,50,2,555.026001865239,2,17,288261381.8729712,0.0,288261381.8729711,288261381.8729711,564.2489724017004,202972481.84162852,148387345.86025506,19206224.310042508,35378911.67133096,15086.295815737214,10722.24,564.2489724017004,10.25246599025549,0.07610842105209899,0.9765367965959884,c027_r00_A_steiner.csv,288261381.8729712,277610932.2734909,288261381.8729712,202972481.84162852,277610932.2734909,288261381.8729712,277610932.2734909,0,194644700.14924368,148387345.86025506,10878442.617657669,35378911.67133096,16063.599362735591,10722.24,10.83733797897963,564.2489724017004,0.2494066152211224,0.9748038146542981,0.0,0.0,0.0,True,10650449.599480271,10650449.599480212,0.0,0.0,3.694719539009783,3.694719539009783,3.694719539009763
sano,28,50,6,644.4884882723563,6,21,281658194.2590311,0.0,281658194.2590312,281658194.2590312,385.83347397236986,196274219.42151475,136625021.09585547,15945836.849309245,43703361.47635001,16746.899755507497,13245.120000000003,385.83347397236986,11.534262371860356,0.07486990555560513,0.9767282202499926,c028_r00_A_steiner.csv,281658194.2590311,274804824.02046376,281658194.2590311,196274219.42151475,274804824.02046376,281658194.2590311,274804824.02046376,0,189954138.94861382,136625021.09585547,9625756.376408331,43703361.47635001,19616.092704552924,13245.120000000003,13.251344634884486,385.8334739723699,0.24551777965223553,0.9750930200069213,0.0,0.0,0.0,True,6853370.238567352,6853370.238567412,0.0,0.0,2.4332223873680556,2.4332223873680556,2.433222387368076
sano,29,50,9,325.1954058428834,9,13,191491606.80472866,1842580.7339867253,192047165.7993261,190936047.81013128,346.10173332133337,135751912.93191695,100311921.32415056,12493653.554025099,22946338.05374126,7901.760233821856,7104.360000000001,343.7461421610039,5.539846259251725,0.008073687359559368,0.9777462264124148,c029_r00_A_steiner.csv,190936047.81013128,183731727.65022638,190936047.81013128,135339684.4788593,183731727.65022638,190936047.81013128,183731727.65022638,0,129693063.10708575,99958582.65010116,6788142.403243331,22946338.05374126,8593.447182200898,7104.360000000001,5.9537896265049035,341.39055100067446,0.023791095364754943,0.9746650837204582,0.0,0.0,0.0,True,7759879.154502273,8315438.149099708,555558.9945973754,0.29012185122238815,4.0523338249573095,4.0523338249573095,4.329893708396964
sano,30,50,3,184.66626034238558,3,7,76425001.08995664,0.0,76425001.08995664,76425001.08995664,58.414997054366246,53140411.64329741,35012249.55815493,3560374.926359156,14567787.158783337,3994.5813206477856,4415.04,58.41499705436624,2.89457632431928,0.001991716118027398,0.9813993809584752,c030_r00_A_steiner.csv,76425001.08995664,75161405.0835026,76425001.08995664,53140411.64329742,75161405.0835026,76425001.08995664,75161405.0835026,0,51791728.06908712,35012249.55815493,2211691.352148855,14567787.158783335,4951.0350855760225,4415.04,3.466970661098657,58.41499705436624,0.00653328811966441,0.9786973020211359,0.0,0.0,0.0,True,1263596.0064540356,1263596.0064540356,0.0,0.0,1.6533804232030171,1.6533804232030171,1.6533804232030171
sano,31,50,5,433.7934320890153,5,15,260460954.61012682,2.9802322387695312e-08,260460954.61012685,260460954.61012685,538.1113711841574,184811472.14863428,136966705.67762363,17952784.279603936,29891982.191406686,10913.776609500914,9110.399999999998,538.1113711841575,7.571401886030817,0.04814180910567633,0.9779062659925499,c031_r00_A_steiner.csv,260460954.6101268,249849891.57802618,260460954.6101268,184811472.14863425,249849891.57802618,260460954.6101268,249849891.57802618,0,176252675.5706149,136966705.67762363,9393987.701584589,29891982.191406686,12497.617481577097,9110.399999999998,8.519259042099558,538.1113711841574,0.15810754009671105,0.9755766579776997,0.0,0.0,0.0,True,10611063.032100648,10611063.032100677,2.9802322387695312e-08,1.1442145880293332e-14,4.073955364244099,4.073955364244099,4.073955364244109
sano,32,50,3,95.8574189144641,3,5,621578005.8713295,0.0,621578005.8713294,621578005.8713294,2467.579101048802,459564475.6243318,388886865.1573202,63189477.526220046,7488132.9407915315,2259.737381943267,2365.2,2467.5791010488015,1.6223506597624535,0.003336694733730617,0.9800824797604198,c032_r00_A_steiner.csv,621578005.8713295,572176661.3803571,621578005.8713294,459564475.6243317,572176661.380357,621578005.8713294,572176661.380357,0,422876082.3097813,388886865.15732014,26501084.21166963,7488132.9407915315,2273.0734547786165,2365.2,1.6303316964269956,2467.5791010488015,0.010930961359173869,0.9800824797604198,0.0,0.0,0.0,True,49401344.49097252,49401344.4909724,1.1920928955078125e-07,1.9178492228609887e-14,7.947730457695586,7.947730457695586,7.947730457695569
sano,33,50,6,835.9936610359133,6,27,301656640.758295,5580.53252810658,301656640.7582949,301656640.7582949,239.78719508989448,207502795.32461014,137218079.26348415,14094679.877247363,56190036.18387858,21401.652444926254,17029.440000000006,239.78719508989448,14.751921413865157,0.028908726041084843,0.9771793641407215,c033_r01_A_steiner.csv,301651924.3474852,296875997.9636665,301663243.73342866,207482466.13238424,297064319.92002594,301663243.73342866,297064319.92002594,0,203597624.3464901,137200654.24157628,10206933.921035234,56190036.183878586,22555.645555112475,17029.440000000006,15.442534117974878,239.67102827717525,0.09467134323388866,0.976660374191293,0.0,0.0,0.0,True,4592320.838269055,4592320.838268936,-6602.975133657455,-0.0021889042843741494,1.5223668959267804,1.5223668959267804,1.5223668959267416
sano,34,50,8,389.29344835320694,8,15,234381902.6736753,249478.87557719884,234433922.61523592,234329882.7321147,436.8699149438119,166393778.24737883,121747841.43829672,15416306.906382784,29229629.902699307,8881.650291342725,8935.199999999999,436.6522762553114,6.335266157586748,0.023005715411700017,0.9775281324067749,c034_r00_A_steiner.csv,234329882.7321147,225394292.89759117,234329882.7321147,166355691.47689122,225394292.89759117,234329882.7321147,225394292.89759117,0,159084652.20891958,121715195.63502164,8139826.671198624,29229629.902699307,10362.518004813248,8935.199999999999,7.221498533674003,436.4346375668109,0.043899026987494864,0.977441708197363,0.0,0.0,0.0,True,8987609.776084125,9039629.717644751,52019.94156059623,0.022194521405956173,3.834600570077876,3.834600570077876,3.8559392842140086
sano,35,50,4,411.44368833822904,4,15,160480308.9566564,0.0,160480308.95665643,160480308.95665643,117.11286193352481,111136733.02977353,73816929.29002872,7427821.54833812,29891982.191406682,9596.377310758086,9110.399999999996,117.11286193352483,6.782997965707395,0.0034810575482493514,0.9803781819394068,c035_r00_A_steiner.csv,160480308.9566564,158007459.5536112,160480308.9566564,111136733.02977353,158007459.5536112,160480308.9566564,158007459.5536112,0,108860981.43382865,73816929.29002872,5152069.952393241,29891982.191406682,10620.751475838792,9110.399999999996,7.396039591278594,117.11286193352484,0.011387603910517293,0.9763827779155904,0.0,0.0,0.0,True,2472849.4030452073,2472849.403045237,0.0,0.0,1.5409051858898721,1.5409051858898721,1.5409051858898903
sano,36,50,5,452.5534907962734,5,16,196105826.62588945,82777.19962541648,196068155.5080757,196143497.74370322,220.8252072019956,136768910.38832864,93146666.71564496,10324444.452607496,33297799.2200762,10529.377491966776,10091.519999999999,220.9777781042998,7.453356392973409,0.013933927226775488,0.978798755980332,c036_r02_A_steiner.csv,196068155.5080757,191566204.79642123,196068155.5080757,136742210.48042542,191566204.79642123,196068155.5080757,191566204.79642123,0,132857496.11418033,93123781.08029935,6435915.813804796,33297799.2200762,11789.115950380025,10091.519999999999,8.20725290722157,220.82520720199562,0.030053779236079044,0.978620454335428,0.0,0.0,0.0,True,4539621.8294682205,4501950.711654484,37671.1178137362,0.0192095862024545,2.3148837072181667,2.3148837072181667,2.29611519524345
sano,37,50,4,167.3583148945999,4,8,102007339.48733413,0.0,102007339.48733413,102007339.48733413,156.98997510197165,72414021.44031249,53548496.26529575,6324749.377549293,12540775.79746745,3811.919471128743,3950.76,156.98997510197168,2.7322614655731363,0.0014877074624950403,0.9796959261996319,c037_r00_A_steiner.csv,102007339.48733413,98486312.34404173,102007339.48733413,72414021.44031249,98486312.34404173,102007339.48733413,98486312.34404173,0,69475835.67173578,53548496.26529575,3386563.608972572,12540775.797467452,4566.226780148905,3950.76,3.1836802875867947,156.98997510197168,0.004877429048464723,0.9777173540460388,0.0,0.0,0.0,True,3521027.1432923973,3521027.1432923973,0.0,0.0,3.4517390228862794,3.4517390228862794,3.4517390228862794
sano,38,50,7,438.8825401142954,7,16,210405757.7099968,0.0,210405757.7099968,210405757.7099968,298.05084514719914,147607287.96600655,104707626.77207989,12251271.128679981,30648390.06524669,10717.352380688339,9390.72,298.05084514719914,7.48585086547834,0.011744990511184975,0.9772864941726751,c038_r00_A_steiner.csv,210405757.7099968,204356875.97841525,210405757.7099968,147607287.96600655,204356875.97841525,210405757.7099968,204356875.97841525,0,142587177.039331,104707626.77207987,7231160.20200441,30648390.06524669,11949.136083712923,9390.72,8.223017722468342,298.0508451471992,0.03849101442589623,0.9761837626134724,0.0,0.0,0.0,True,6048881.731581539,6048881.731581539,0.0,0.0,2.8748651165329515,2.8748651165329515,2.8748651165329515
sano,39,50,4,323.4449917970968,4,11,131055385.12845206,0.0,131055385.12845206,131055385.12845206,134.3339722757104,90950682.11205171,61400095.84135655,6658349.30689276,22892236.963802386,7892.663415980933,6937.919999999998,134.33397227571038,5.515402225043498,0.004031386352945639,0.977207035396538,c039_r00_A_steiner.csv,131055385.12845206,128312912.59099796,131055385.12845206,90950682.11205171,128312912.59099796,131055385.12845206,128312912.59099796,0,88481506.19691283,61400095.84135656,4189173.3917538766,22892236.963802386,8901.230495032754,6937.919999999998,6.11898402426899,134.33397227571038,0.01318807596715377,0.9771154685003959,0.0,0.0,0.0,True,2742472.5374540985,2742472.5374540985,0.0,0.0,2.092605759592483,2.092605759592483,2.092605759592483
sano,40,50,7,370.9765444685627,7,15,267154753.04401672,0.0,267154753.04401675,267154753.04401675,585.5539917739699,191045194.14305162,144083098.7660955,19138849.794349246,27823245.58260687,8512.823444168851,8567.279999999999,585.5539917739699,6.072539964313453,0.01206832378242821,0.9779422369313184,c040_r00_A_steiner.csv,267154753.04401672,255067971.54720855,267154753.04401666,191045194.1430516,255067971.54720852,267154753.04401666,255067971.54720852,0,181577674.9926269,144083098.76609546,9671330.643924545,27823245.58260687,9660.714237483586,8567.279999999999,6.759500707662967,585.55399177397,0.03959581272096274,0.9778336804450471,0.0,0.0,0.0,True,12086781.496808201,12086781.49680823,5.960464477539063e-08,2.2310905606672886e-14,4.524262196007708,4.524262196007708,4.524262196007719
sano,41,50,3,164.1640349242917,3,6,118384359.3152725,1.4901161193847656e-08,118384359.3152725,118384359.3152725,281.90952999918136,84662127.79964417,64786429.49987719,8847738.249979533,11027960.049787432,4168.760245765066,3390.1200000000003,281.90952999918136,2.881814536326246,0.009182913943057043,0.9785912759810897,c041_r00_A_steiner.csv,118384359.31527248,112632690.17593557,118384359.31527248,84662127.79964417,112632690.17593557,118384359.31527248,112632690.17593557,0,80366780.84525049,64786429.4998772,4552391.2955858465,11027960.049787432,4225.809990590131,3390.12,2.9159562293698458,281.90952999918136,0.0300517285007972,0.9785912759810897,0.0,0.0,0.0,True,5751669.139336929,5751669.139336929,1.4901161193847656e-08,1.2587102958562273e-14,4.858470470765068,4.858470470765068,4.858470470765068
sano,42,50,7,387.1951934310565,7,15,198546483.8538576,0.0,198546483.8538576,198546483.8538576,293.9524759901742,139724592.60787252,100342871.39852613,11848811.899754355,27532909.309592027,9467.799927897246,8488.44,293.9524759901742,6.635050215083004,0.013452245585154522,0.9769770432442453,c042_r00_A_steiner.csv,198546483.8538576,192357710.19442025,198546483.8538576,139724592.60787252,192357710.19442025,198546483.8538576,192357710.19442025,0,134495712.4202749,100342871.39852613,6619931.712156754,27532909.309592027,10944.037075923,8488.44,7.518511407100667,293.9524759901742,0.04411093738785481,0.9749976660963535,0.0,0.0,0.0,True,6188773.659437358,6188773.659437358,0.0,0.0,3.1170401708008466,3.1170401708008466,3.1170401708008466
sano,43,50,9,420.4825211750121,9,17,240378032.36364678,2651153.1643095845,240930836.0122784,239825228.71501526,400.27668871320606,170183203.4699612,123439773.64959395,15048295.608265663,31695134.212101553,9612.00646022368,9749.88,397.9318243306264,6.865351305064531,0.012368525718543286,0.9775204382871511,c043_r00_A_steiner.csv,239825228.7150152,231461923.5202376,239825228.7150152,169772852.20300975,231461923.5202376,239825228.7150152,231461923.5202376,0,162835428.74380052,123088043.99220702,8052250.539491938,31695134.212101553,11306.676766363646,9749.88,7.879534866792131,395.5869599480469,0.025486758060679043,0.9760313380131844,0.0,0.0,0.0,True,8916108.84340918,9468912.492040813,552803.6486315727,0.22997261571526834,3.7092028567405793,3.7092028567405793,3.930137233059804
sano,44,50,3,90.56934825665141,3,5,61442213.756872736,7.450580596923828e-09,61442213.75687274,61442213.75687274,91.01130065329103,43799120.635443844,32401695.097993653,3775282.516332275,7622143.021117919,1842.8140897690143,2409.0,91.01130065329102,1.377840918609559,0.0008530595854277966,0.9813187971763666,c044_r00_A_steiner.csv,61442213.75687273,59272781.838733256,61442213.75687273,43799120.635443844,59272781.838733256,61442213.75687273,59272781.838733256,0,41912984.30916962,32401695.09799365,1889146.1900580504,7622143.021117919,2484.2542475344817,2409.0,1.7617138533513361,91.01130065329102,0.002808274130571094,0.9759846902515129,0.0,0.0,0.0,True,2169431.91813948,2169431.9181394875,7.450580596923828e-09,1.2126159103586058e-14,3.53084920853265,3.53084920853265,3.5308492085326617
sano,45,50,7,512.6868977598643,7,18,278132759.33404154,1372929.3711133206,278651677.86027324,277613840.80780977,501.63474861293247,196436157.4880371,142415003.95102814,17885833.991838023,36135319.54517097,12511.315964318967,11002.56,499.4333596735208,8.743456964708505,0.014890820069577978,0.9778232414832521,c045_r00_A_steiner.csv,277613840.80780977,267614182.61831468,277613840.80780977,196050914.42364007,267614182.61831468,277613840.80780977,267614182.61831468,0,188164963.94382107,142084795.6101164,9944848.788533714,36135319.54517097,13584.946489625943,11002.56,9.385976294981923,497.23197073410927,0.04752230111533649,0.9775113910202955,0.0,0.0,0.0,True,10518576.715726852,11037495.241958559,518918.52623176575,0.18657224250543494,3.781854658513594,3.781854658513594,3.961036706010142
sano,46,50,5,337.12709475337647,5,12,169535232.58914852,0.0,169535232.58914852,169535232.58914852,264.797004576999,119250472.9273246,84719550.68654986,10219925.114424977,24310997.126349766,8073.807228442558,7393.439999999998,264.79700457699903,5.675808607241637,0.011466800544922356,0.9780426013725652,c046_r00_A_steiner.csv,169535232.58914852,164143667.62587103,169535232.58914852,119250472.9273246,164143667.62587103,169535232.58914852,164143667.62587103,0,114860166.81331939,84719550.68654986,5829619.0004197685,24310997.12634977,8975.317348710189,7393.439999999998,6.2153216567084915,264.79700457699903,0.037547618468207394,0.9777817931933324,0.0,0.0,0.0,True,5391564.963277489,5391564.963277489,0.0,0.0,3.180203242085615,3.180203242085615,3.180203242085615
sano,47,50,5,232.73758581824703,5,11,160634497.29194108,3274898.542548786,162950200.25907525,158318794.3248069,304.28333234771577,114595060.54029702,85417686.47118689,10661281.07853115,18516092.990578964,5158.664100369439,5755.320000000001,294.4512431412459,3.744227239489303,0.011877524224625327,0.9809338623037386,c047_r00_A_steiner.csv,158318794.32480687,152101232.6064933,158318794.32480687,112874444.92916478,152101232.6064933,158318794.32480687,152101232.6064933,0,107713810.98320006,83942873.09021643,5254844.902404673,18516092.990578964,6428.6097240885965,5755.320000000001,4.50423228070438,284.6191539347761,0.03897327902072765,0.9782036799121242,0.0,0.0,0.0,True,8533264.685447782,10848967.65258196,2315702.9671342075,1.4415975435996118,5.3122242291076605,5.3122242291076605,6.657842479072217
sano,48,50,10,298.70926041900026,10,15,240423813.31144205,0.0,240423813.31144202,240423813.31144202,505.4016503309083,172508380.336966,132060247.54963623,17135041.258272707,23313091.52905706,6681.4168352679,7340.88,505.40165033090824,4.836525907268173,0.01429051511764335,0.9802293538388114,c048_r00_A_steiner.csv,240423813.31144205,229445614.1760008,240423813.31144205,172508380.336966,229445614.1760008,240423813.31144205,229445614.1760008,0,163754824.151559,132060247.54963623,8381485.072865697,23313091.52905706,8083.816787482689,7340.88,5.675798875792318,505.4016503309082,0.04687309816803132,0.9779740194860588,0.0,0.0,0.0,True,10978199.135441244,10978199.135441214,0.0,0.0,4.566186262597965,4.566186262597965,4.566186262597952
sano,49,50,6,360.2032059806,6,13,201211924.08443394,4818622.679948167,203683825.36268064,198740022.80618724,375.71422076941707,142298935.35228348,103537866.91147399,13031311.151912332,25729757.28889716,8720.318036104956,7848.959999999999,365.25244607649324,6.114716096701293,0.026071666958903898,0.9769102202129215,c049_r00_A_steiner.csv,198740022.80618727,191588023.67955655,198740022.80618727,140468124.7810218,191588023.67955652,198740022.80618727,191588023.67955652,0,134606206.74301013,101968600.70753539,6907848.746577585,25729757.28889716,9994.071841955869,7848.959999999999,6.877000162753292,354.79067138356936,0.04701934923963508,0.9768588458750721,0.0,0.0,0.0,True,9623900.404877424,12095801.683124125,2471901.278246671,1.2285063569142127,4.782967236493885,4.782967236493885,5.938518515933343
sano,50,50,6,394.21186391324176,6,15,273907673.3719524,0.0,273907673.3719525,273907673.3719525,607.5950563174046,195646412.46953765,147389258.44761065,19689876.407935113,28567277.613991927,9282.882252052395,8759.999999999996,607.5950563174044,6.555385346267375,0.016819223652377827,0.9789871418830993,c050_r00_A_steiner.csv,273907673.3719524,261646904.93058026,273907673.3719524,195646412.4695377,261646904.93058026,273907673.3719524,261646904.93058026,0,186053340.57643706,147389258.44761068,10096804.514834478,28567277.613991927,10422.289541176558,8759.999999999996,7.237269095900321,607.5950563174046,0.055115755552296,0.9768711050982231,0.0,0.0,0.0,True,12260768.441372156,12260768.441372216,0.0,0.0,4.476241315343754,4.476241315343754,4.476241315343775
sano,51,50,6,158.64491985216915,6,8,127113025.95005137,0.0,127113025.95005135,127113025.95005135,265.8348988659881,91223877.16364922,69875234.82989821,9045872.471649703,12302769.862101307,3473.470380385597,3898.1999999999994,265.83489886598807,2.523714986137152,0.0022538717341348906,0.980415545279309,c051_r00_A_steiner.csv,127113025.95005137,121339516.7130307,127113025.95005137,91223877.16364922,121339516.7130307,127113025.95005137,121339516.7130307,0,86353623.73691519,69875234.82989821,4175619.0449156794,12302769.862101307,4832.5426685709435,3898.1999999999994,3.337058306594938,265.83489886598807,0.007404770219581582,0.9748205794066372,0.0,0.0,0.0,True,5773509.237020671,5773509.2370206565,0.0,0.0,4.542028005288264,4.542028005288264,4.542028005288254
sano,52,50,4,312.04322266967455,4,11,129471615.46824825,0.0,129471615.4682483,129471615.4682483,129.13959465681745,90041666.02874543,60620939.198522605,6528489.866420436,22892236.963802386,7270.415296897426,6937.919999999998,129.13959465681742,5.143014857775678,0.0058755704397878035,0.9789255868447485,c052_r00_A_steiner.csv,129471615.46824825,126820115.43648069,129471615.46824825,90041666.02874543,126820115.43648069,129471615.46824825,126820115.43648069,0,87649154.21926513,60620939.19852261,4135978.0569401346,22892236.963802386,8257.744528914754,6937.919999999998,5.733886765719765,129.13959465681742,0.019279982136044,0.9782099467346982,0.0,0.0,0.0,True,2651500.031767562,2651500.0317676067,0.0,0.0,2.0479392507601935,2.0479392507601935,2.047939250760227
sano,53,50,8,593.932179744927,8,21,313909808.24520874,1900842.7862066666,314877584.6574756,312942031.83294183,541.1422538585147,221407422.8128244,159303227.9261907,19725537.987698447,42378656.89893526,14335.752486107813,12894.720000000001,537.0215195079378,10.05129973973669,0.02266870016101717,0.9769115922917357,c053_r00_A_steiner.csv,312969669.42383784,302299872.573763,312922290.6965876,220678857.3389328,302185145.2981894,312922290.6965876,302185145.2981894,0,211910810.43388852,158678743.23428363,10853410.300669637,42378656.89893526,16178.089288049865,12894.720000000001,11.15385502316012,532.8582882285574,0.05782576602424535,0.9761484786902942,0.0,0.0,0.0,True,11724662.947019339,12692439.35928619,987517.5486211181,0.31458639478054307,3.735041925756168,3.735041925756168,4.030912322035577
sano,54,50,5,276.52855662179286,5,10,135716218.98478818,0.0,135716218.98478818,135716218.98478818,205.66368213538848,95315212.02011847,68349552.32030827,8141592.05338471,18824067.646425493,6943.018006359471,5781.600000000001,205.66368213538843,4.815082381107663,0.003133643957839509,0.9779338007120777,c054_r00_A_steiner.csv,135716218.98478818,131454899.22830817,135716218.98478818,95315212.02011847,131454899.22830817,135716218.98478818,131454899.22830817,0,92001791.30401242,68349552.32030827,4828171.337278664,18824067.646425493,7290.73577655653,5781.6,5.0231757461573405,205.66368213538843,0.010274698409099956,0.9779338007120777,0.0,0.0,0.0,True,4261319.756480008,4261319.756480008,0.0,0.0,3.1398750925691794,3.1398750925691794,3.1398750925691794
sano,55,50,3,105.41327686914991,3,5,59399785.21093655,0.0,59399785.21093655,59399785.21093655,74.65618421440684,42023673.900687724,29948427.632161032,3366404.605360171,8708841.663166527,2148.2314104166094,2706.8399999999997,74.65618421440684,1.594619377018504,0.0007586815884706359,0.9831069665105054,c055_r00_A_steiner.csv,59399785.21093655,57631238.58059624,59399785.21093655,42023673.900687724,57631238.58059624,59399785.21093655,57631238.58059624,0,40444047.52511732,29948427.63216103,1786778.229789765,8708841.663166527,2769.0816576381103,2706.8399999999997,1.9661701811750725,74.65618421440684,0.0024934411894857035,0.9789748049003236,0.0,0.0,0.0,True,1768546.630340308,1768546.630340308,0.0,0.0,2.977361995603121,2.977361995603121,2.977361995603121
sano,56,50,2,368.24379149550157,2,11,122337085.35451049,0.0,122337085.3545105,122337085.3545105,92.04826136878997,83550682.70334063,55057239.20531849,5601206.534219749,22892236.963802386,10051.350718258098,6937.919999999998,92.04826136878997,6.80727898062688,0.007303041660799698,0.9770865949777547,c056_r00_A_steiner.csv,122337085.35451049,120539245.49978915,122337085.35451049,83550682.70334063,120539245.49978915,122337085.35451049,120539245.49978915,0,82192137.33890682,55057239.205318496,4242661.169785951,22892236.963802386,10106.280967157694,6937.919999999998,6.840152251182064,92.04826136878997,0.023892725544845398,0.9770865949777547,0.0,0.0,0.0,True,1797839.8547213376,1797839.8547213525,0.0,0.0,1.4695787867689725,1.4695787867689725,1.4695787867689845
sano,57,50,5,245.6186595282266,5,9,111057951.73072313,0.0,111057951.73072313,111057951.73072313,128.42121384078334,77653724.48342994,53013182.07611749,5910530.346019584,18730012.06129286,5537.137402393848,5676.48,128.4212138407833,3.9617263998718406,0.00290526659187945,0.979960091270814,c057_r00_A_steiner.csv,111057951.73072313,108389460.42205589,111057951.73072313,77653724.48342994,108389460.42205589,111057951.73072313,108389460.42205589,0,75480329.61548881,53013182.0761175,3737135.478078449,18730012.06129286,5984.412350721872,5676.48,4.229400235026286,128.4212138407833,0.009522490833550171,0.9792161734488323,0.0,0.0,0.0,True,2668491.3086672425,2668491.3086672425,0.0,0.0,2.4027917560891137,2.4027917560891137,2.4027917560891137
sano,58,50,7,201.0857693725549,7,9,169810145.31758153,119762.05088209701,169799837.841391,169820452.79377207,398.0392547469872,122113314.21281369,93462335.1848812,12652055.864146864,15998923.163785672,4312.984729593779,4958.16,398.08223456587456,3.147126369470296,0.009658588052058225,0.9797859776052866,c058_r01_A_steiner.csv,169717378.03186673,161382962.2423892,169717378.03186673,122045620.99806619,161382962.2423892,169717378.03186673,161382962.2423892,0,115424602.58263111,93404312.42938331,6021366.989462132,15998923.16378567,5317.7953634717505,4958.16,3.7484601060891283,397.6954161958887,0.02041141466432953,0.978037911184919,0.0,0.0,0.0,True,8427183.075192332,8416875.599001795,92767.28571480513,0.054630001959724096,4.962708829576516,4.962708829576516,4.956939715610298
sano,59,50,5,600.6439530271596,5,20,307775215.849878,0.0,307775215.84987795,307775215.84987795,537.368814291942,216661791.52618513,155605322.14379132,19434220.357298553,41622249.02509525,15059.860843716742,12614.400000000001,537.3688142919422,10.452645854633383,0.05161953563122028,0.9778847197362638,c059_r00_A_steiner.csv,307775215.849878,297478331.917282,307775215.849878,216661791.52618513,297478331.917282,307775215.849878,297478331.917282,0,207966183.06460533,155605322.14379132,10738611.89571875,41622249.02509525,17506.226539311345,12614.400000000001,11.916685122600255,537.368814291942,0.16940941081229816,0.9768578652317152,0.0,0.0,0.0,True,10296883.932596028,10296883.932595968,0.0,0.0,3.345585804939696,3.345585804939696,3.3455858049396774
sano,60,50,4,578.6165805540185,4,18,228040524.21520922,0.0,228040524.21520916,228040524.21520916,271.5612315325099,157883239.64077497,108234184.72987647,12189030.78831275,37460024.12258572,15323.93449665173,11352.960000000001,271.56123153250996,10.466681997074591,0.030120675819902812,0.976861164095264,c060_r00_A_steiner.csv,228040524.21520922,222924804.1045073,228040524.21520922,157883239.64077497,222924804.1045073,228040524.21520922,222924804.1045073,0,153875252.45261592,108234184.72987649,8181043.600153711,37460024.12258572,15811.800397676925,11352.960000000001,10.758647682290482,271.56123153250996,0.09858939018071892,0.9767761802364815,0.0,0.0,0.0,True,5115720.110701919,5115720.110701859,0.0,0.0,2.243338164700081,2.243338164700081,2.2433381647000554
sano,61,50,7,351.3833256557359,7,14,276495537.4541435,0.0,276495537.4541435,276495537.4541435,656.4755644015639,198359725.2060257,150971334.66023457,20611889.110039093,26776501.435752016,7989.686326637853,8208.119999999999,656.4755644015638,5.71846605063996,0.02154207825539991,0.9788020688150236,c061_r00_A_steiner.csv,276495537.4541435,263081966.47305575,276495537.4541435,198359725.2060257,263081966.47305575,276495537.4541435,263081966.47305575,0,187780346.76959848,150971334.66023457,10032510.673611924,26776501.435752016,9432.757033236725,8208.119999999999,6.582078626927308,656.4755644015638,0.07050722412460539,0.9782790514778882,0.0,0.0,0.0,True,13413570.981087774,13413570.981087774,0.0,0.0,4.851279374920256,4.851279374920256,4.851279374920256
sano,62,50,7,421.7282398459983,7,15,285908435.3505447,0.0,285908435.35054475,285908435.35054475,651.3282160022662,203962067.7030959,153949232.40033993,20783205.400056653,29229629.902699307,10495.348334731707,8935.199999999999,651.3282160022661,7.300991480835509,0.021105011395789144,0.9767495707128909,c062_r00_A_steiner.csv,285908435.3505447,272813616.71105057,285908435.3505447,203962067.7030959,272813616.71105057,285908435.3505447,272813616.71105057,0,193667173.58495128,153949232.40033993,10488311.281912068,29229629.902699307,11827.02909732276,8935.199999999999,8.097942211603296,651.3282160022661,0.06914295911900065,0.9747753447959169,0.0,0.0,0.0,True,13094818.639494121,13094818.63949418,0.0,0.0,4.580074254695884,4.580074254695884,4.580074254695903
sano,63,50,5,291.0060653632114,5,12,157387946.36956033,0.0,157387946.3695603,157387946.3695603,222.2844176101336,111148417.91941579,78342662.64152005,9157110.440253342,23648644.83764239,6109.987379829031,7218.239999999998,222.28441761013366,4.480551212666314,0.007587499643718867,0.9807014307411828,c063_r00_A_steiner.csv,157387946.36956033,152666707.79305178,157387946.36956033,111148417.9194158,152666707.79305178,157387946.36956033,152666707.79305178,0,106903404.8958844,78342662.64152005,4912097.416721949,23648644.837642394,7832.889200588215,7218.239999999998,5.511630059539199,222.2844176101337,0.02490367989574941,0.9751358547216128,0.0,0.0,0.0,True,4721238.576508552,4721238.576508522,0.0,0.0,2.9997459687431722,2.9997459687431722,2.999745968743154
sano,64,50,10,380.39796985280555,10,16,307687691.3843468,742973.5793022423,307258735.38833576,308116647.3803577,717.6142487236267,220977310.13668284,167915088.07468173,22785848.012446955,30276374.049554165,8171.145140492175,9294.359999999999,719.4339204978781,5.951060946930333,0.006939356702649534,0.980452113020397,c064_r02_A_steiner.csv,307258735.3883358,292467699.285017,307258735.3883358,220658867.57618886,292467699.285017,307258735.3883358,292467699.285017,0,208903501.72215113,167642137.30854404,10984990.364052944,30276374.049554165,9970.974689829463,9294.359999999999,7.028177561434056,717.6142487236269,0.02239131438751208,0.9757454905664023,0.0,0.0,0.0,True,15219992.09932977,14791036.10331875,428955.99601095915,0.1394127903137765,4.946571645700894,4.946571645700894,4.81387000588438
sano,65,50,7,375.6913434242505,7,14,176483705.05538335,0.0,176483705.05538338,176483705.05538338,229.47589940837858,123634783.83221827,86921384.91125679,9936897.485209463,26776501.435752016,9065.809743063925,8208.119999999999,229.47589940837852,6.362477263543885,0.007303250926270266,0.9775510409346636,c065_r00_A_steiner.csv,176483705.05538335,171616010.80295917,176483705.05538335,123634783.83221827,171616010.80295917,176483705.05538335,171616010.80295917,0,119427021.7663313,86921384.91125679,5729135.419322492,26776501.435752016,10448.457557154012,8208.119999999999,7.189929470399837,229.47589940837855,0.023953719085180968,0.977436983551558,0.0,0.0,0.0,True,4867694.2524241805,4867694.25242421,0.0,0.0,2.7581550664389223,2.7581550664389223,2.7581550664389387
sano,66,50,9,866.2347680973857,9,30,393896654.34325093,277875.9650651257,393812871.58739835,393980437.0991036,532.945084532759,275273472.385447,192494704.89765108,22332450.81627518,60446316.67152075,21716.753545837946,18396.000000000004,533.2980326510072,15.09649517695587,0.06145696720080774,0.9779749618880943,c066_r00_A_steiner.csv,393812871.5873983,383701272.9927648,393812871.5873983,275211706.46475357,383701272.9927648,393812871.5873983,383701272.9927648,0,266516264.1891062,192441762.67991382,13628184.837671632,60446316.67152075,24482.326844980234,18396.000000000004,16.75156576418502,532.9450845327588,0.20130611430408174,0.9768064375246269,0.0,0.0,0.0,True,10195381.35048616,10111598.59463358,83782.75585263968,0.021270237999947414,2.5883391590327296,2.5883391590327296,2.5676150588667404
sano,67,50,8,474.6404095576093,8,19,238698008.82574323,1682625.110212458,239048860.414677,238347157.2368096,316.1260935093858,167868665.14904025,118445405.17236789,13565900.862061314,35857359.114611074,10837.314185575598,11011.32,314.6360344824525,7.742642582198123,0.009289993826300677,0.9778072909667,c067_r00_A_steiner.csv,238347157.23680958,231615918.29214537,238347157.23680958,167607904.81932694,231615918.29214537,238347157.23680958,231615918.29214537,0,161756984.62450415,118221896.31832789,7677729.191565162,35857359.114611074,12825.03271946857,11011.32,8.93220225944725,313.1459754555193,0.03042590852849323,0.9751335206400504,0.0,0.0,0.0,True,7082090.533597857,7432942.122531623,350851.5889336467,0.14698555327697727,2.9669667411293728,2.9669667411293728,3.1093819521405504
sano,68,50,2,235.51587929473897,2,8,220842884.24948248,2.9802322387695312e-08,220842884.24948248,220842884.24948248,630.390437051339,159367226.09402242,124558565.55770083,18159760.926283475,16648899.610038096,5717.230511043701,5045.759999999999,630.3904370513388,3.997503983341234,0.03395815122846188,0.979107329477862,c068_r00_A_steiner.csv,220842884.24948245,208375197.98909914,220842884.24948245,159367226.09402242,208375197.98909914,220842884.24948245,208375197.98909914,0,149785239.7856746,124558565.55770084,8577774.617935654,16648899.610038098,6472.73262391442,5045.759999999999,4.449637841442049,630.390437051339,0.1115150410466523,0.9781023126502172,0.0,0.0,0.0,True,12467686.260383338,12467686.260383338,2.9802322387695312e-08,1.3494807627140086e-14,5.645500556992728,5.645500556992728,5.645500556992728
sano,69,50,5,281.5319706279389,5,9,237713691.95499194,0.0,237713691.9549919,237713691.9549919,661.502966627204,170943031.2210536,132975444.99408062,19237574.165680103,18730012.06129286,7304.003534069133,5676.48,661.502966627204,5.019115899189772,0.02464798162812561,0.9769603937459779,c069_r00_A_steiner.csv,237713691.95499194,224587506.94259572,237713691.95499194,170943031.2210536,224587506.94259572,237713691.95499194,224587506.94259572,0,160901853.37337017,132975444.99408063,9196396.317996677,18730012.06129286,7990.120412495601,5676.48,5.429725831400685,661.5029666272042,0.0809162186280694,0.9768906523651761,0.0,0.0,0.0,True,13126185.012396216,13126185.012396187,0.0,0.0,5.521846429814187,5.521846429814187,5.521846429814175
sano,70,50,4,194.82184563734322,4,7,103188685.92661254,0.0,103188685.92661254,103188685.92661254,177.98545726527843,72740537.60279231,52947818.58979177,6549636.431631961,13243082.58136858,4981.409392323623,4064.64,177.98545726527843,3.445148310456576,0.0013103430208668049,0.9767711740594437,c070_r00_A_steiner.csv,103188685.92661254,99505719.573749,103188685.92661254,72740537.60279231,99505719.57374898,103188685.92661254,99505719.57374898,0,69835621.33352628,52947818.58979176,3644720.162365946,13243082.58136858,5377.947284511136,4064.64,3.682458311346785,177.98545726527843,0.004297691517628912,0.9766700850684398,0.0,0.0,0.0,True,3682966.352863565,3682966.352863565,0.0,0.0,3.569157141397148,3.569157141397148,3.569157141397148
sano,71,50,5,101.82088346317353,5,6,120762906.1868612,631160.2639344748,120894512.19947161,120631300.1742508,316.5935249266059,87612764.92286213,69905340.03736861,9700890.006228104,8006534.879265398,2205.5385856969137,2592.96,316.0356002491241,1.6159151305510655,0.007825357194316453,0.9803276044439141,c071_r00_A_steiner.csv,120631300.17425078,113858550.42810303,120631300.17425078,87515128.10430281,113858550.42810303,120631300.17425078,113858550.42810303,0,82116327.63100666,69821651.33574635,4288141.415994911,8006534.879265398,3067.0049306459805,2592.96,2.1314637908795375,315.47767557164235,0.01212591542051803,0.9746900301827828,0.0,0.0,0.0,True,6904355.758758172,7035961.771368578,131606.01261042058,0.10897883859037097,5.7172818846167806,5.7172818846167806,5.81991824389803
sano,72,50,4,111.71185456838353,4,4,224866162.54462743,563754.5477072897,224696184.15293637,225036140.9363185,800.8040424356424,164791371.8795444,135228790.34959316,21238131.72493219,8324449.805019047,2561.4286900042716,2522.8799999999997,801.525268997288,1.8208992680923488,0.013610536420800958,0.979358498327232,c072_r00_A_steiner.csv,224696184.15293634,208757799.25707787,224696184.1529364,164665157.2312565,208757799.25707787,224696184.1529364,208757799.25707787,0,152637531.8987939,135120606.36534637,9192475.728428487,8324449.805019047,3010.449411439309,2522.8799999999997,2.0896178695244734,800.8040424356424,0.044278022746862974,0.9779459143188444,0.0,0.0,0.0,True,16108363.287549555,15938384.895858496,169978.39169102907,0.07559091584412786,7.163533679440389,7.163533679440389,7.093304657550506
sano,73,50,3,220.44725631092842,3,7,94889953.71655756,0.0,94889953.71655755,94889953.71655755,132.62175109472608,66126593.60036039,46143262.66420891,5415543.7773681525,14567787.158783337,5683.858029639396,4415.04,132.62175109472608,3.905532061999555,0.004315261401877775,0.977335007921235,c073_r00_A_steiner.csv,94889953.71655756,92260573.21840402,94889953.71655756,66126593.60036039,92260573.21840402,94889953.71655756,92260573.21840402,0,63960707.54465662,46143262.66420891,3249657.7216643738,14567787.158783335,6181.314794286009,4415.04,4.203237445487357,132.62175109472608,0.014116829033686041,0.9773176847204008,0.0,0.0,0.0,True,2629380.4981535375,2629380.4981535226,0.0,0.0,2.770978797194556,2.770978797194556,2.7709787971945405
sano,74,50,5,95.84378874086022,5,5,117780526.99143939,3940508.0024813227,120566886.92131378,114994167.06156497,338.88803999024645,85532930.22955787,67809806.44722748,9676634.407871246,8046489.37445915,1952.9105491367154,2531.64,327.06537631484986,1.457728672050794,0.0028010827961335244,0.9801924706328277,c074_r00_A_steiner.csv,114994167.06156498,108381540.75133318,114994167.06156501,83463964.08636346,108381540.75133318,114994167.06156501,108381540.75133318,0,78333507.8735237,66036406.89591798,4250611.603146575,8046489.37445915,2466.229404879661,2531.64,1.7649267999303764,315.2427126394532,0.007508587243867651,0.978268703439584,0.0,0.0,0.0,True,9398986.24010621,12185346.1699806,2786359.9298743755,2.3657220773658922,7.980085061760128,7.980085061760128,10.106710458513529
sano,75,50,3,127.58074100563186,3,5,60122780.369454466,0.0,60122780.36945447,60122780.36945447,65.66746907127121,42147369.343746275,28600120.360690683,3141686.7267817804,10405562.25627381,2664.3393749754796,3153.6,65.66746907127123,1.9544866604280626,0.0013996364921171555,0.9814119890279395,c075_r00_A_steiner.csv,60122780.369454466,58717603.18238882,60122780.369454466,42147369.343746275,58717603.18238882,60122780.369454466,58717603.18238882,0,40830655.681500904,28600120.360690683,1824973.0645364106,10405562.25627381,3301.2818747108167,3153.6,2.3356679501791278,65.66746907127123,0.004591300454070402,0.9787464240075909,0.0,0.0,0.0,True,1405177.187065646,1405177.1870656535,0.0,0.0,2.337179316110853,2.337179316110853,2.337179316110865
sano,76,50,7,468.23428551917965,7,16,244715137.84597695,0.0,244715137.84597692,244715137.84597692,425.1428477902518,172497797.58337027,123771427.16853778,15428571.194756294,33297799.2200762,11381.556037379109,10091.519999999999,425.14284779025166,7.963346725183045,0.0357586397146654,0.977687946990029,c076_r00_A_steiner.csv,244715137.84597695,236435723.05279088,244715137.84597695,172497797.58337027,236435723.05279088,244715137.84597695,236435723.05279088,0,165528043.12189335,123771427.16853777,8458816.733279385,33297799.2200762,13297.047907123211,10091.519999999999,9.109682009325848,425.1428477902518,0.1172440405028586,0.9769638206649108,0.0,0.0,0.0,True,8279414.793186069,8279414.793186039,0.0,0.0,3.383286733327102,3.383286733327102,3.38328673332709
sano,77,50,7,392.04137079748875,7,15,194476139.4399201,2.9802322387695312e-08,194476139.43992016,194476139.43992016,269.1442778147979,136707862.5045964,96621641.67221968,11228606.945369946,28857613.88700678,9104.163571517638,8838.839999999998,269.1442778147978,6.457430295886605,0.008121535503491803,0.9768497485766447,c077_r00_A_steiner.csv,194476139.43992013,188821181.05723202,194476139.43992013,136707862.5045964,188821181.05723202,194476139.43992013,188821181.05723202,0,131775623.10846193,96621641.67221968,6296367.5492354855,28857613.88700678,10812.845533002512,8838.839999999998,7.47999919986745,269.1442778147978,0.026669773492895645,0.976039693231976,0.0,0.0,0.0,True,5654958.382688075,5654958.382688135,-2.9802322387695312e-08,-1.532441073415189e-14,2.9077903330321266,2.9077903330321266,2.9077903330321564
sano,78,50,4,678.3876933631556,4,22,235167285.0464737,0.0,235167285.04647365,235167285.04647365,156.29264378309628,161201318.2852467,105943896.56746443,10507316.094577406,44750105.623204865,17672.673231156816,13604.28,156.29264378309625,12.129295942570375,0.010560429577997804,0.977398362594984,c078_r00_A_steiner.csv,235167285.0464737,231860333.11978424,235167285.0464737,161201318.2852467,231860333.11978424,235167285.0464737,231860333.11978424,0,158342929.2412075,105943896.56746444,7648927.050538188,44750105.623204865,18611.470780106236,13604.28,12.691123832328671,156.29264378309625,0.03465610942573745,0.977398362594984,0.0,0.0,0.0,True,3306951.926689476,3306951.926689416,0.0,0.0,1.4062125716321283,1.4062125716321283,1.4062125716321034
sano,79,50,3,378.9998840778211,3,12,153149415.3374018,0.0,153149415.33740184,153149415.33740184,186.95112464504703,106289796.22794038,73042668.69675706,8273778.116126177,24973349.41505715,9747.824251902879,7568.639999999997,186.9511246450471,6.697632113025896,0.006588215224024735,0.9783079260970997,c079_r00_A_steiner.csv,153149415.3374018,149460866.241225,153149415.3374018,106289796.22794038,149460866.241225,153149415.3374018,149460866.241225,0,103530574.27213788,73042668.69675706,5514556.160323661,24973349.41505715,9795.16134815491,7568.639999999998,6.7259612250099705,186.95112464504706,0.02155371166488542,0.978158271132691,0.0,0.0,0.0,True,3688549.096176803,3688549.096176833,0.0,0.0,2.4084643666778622,2.4084643666778622,2.4084643666778813
sano,80,50,2,578.4703461218535,2,17,180195941.31275073,2.9802322387695312e-08,180195941.3127508,180195941.3127508,103.25615720848556,122298739.18281595,79238423.58127284,7681403.93021214,35378911.67133096,16089.341984140572,10722.24,103.25615720848559,10.852743774059723,0.0012221379450541765,0.9769980799826645,c080_r00_A_steiner.csv,180195941.31275076,178115524.49204737,180195941.31275076,122298739.18281594,178115524.49204737,180195941.31275076,178115524.49204737,0,120705271.09260347,79238423.58127284,6087935.839999667,35378911.67133096,16202.760438596853,10722.24,10.920619591373189,103.25615720848558,0.004008717967322314,0.9769980799826645,0.0,0.0,0.0,True,2080416.8207033575,2080416.820703417,-2.9802322387695312e-08,-1.6538842201761894e-14,1.154530343773146,1.154530343773146,1.1545303437731786
sano,81,50,6,407.02772732149367,6,15,209873015.4225153,0.0,209873015.4225153,209873015.4225153,326.7821674936659,147828861.50279823,105267325.12404986,12669554.187341645,29891982.191406686,9559.388409074862,9110.399999999998,326.7821674936659,6.760861780328111,0.005639661020337151,0.9780558443131557,c081_r00_A_steiner.csv,209873015.4225153,203147013.73537478,209873015.4225153,147828861.50279823,203147013.73537478,209873015.4225153,203147013.73537478,0,142310817.7447327,105267325.12404987,7151510.429276127,29891982.191406686,10779.849367777208,9110.399999999998,7.491252486745549,326.78216749366584,0.018450034096104267,0.9779277405823981,0.0,0.0,0.0,True,6726001.687140524,6726001.687140524,0.0,0.0,3.204795849337644,3.204795849337644,3.204795849337644
sano,82,50,6,255.965100212139,6,10,151087926.12461182,3179005.875801948,153127859.06048587,149047993.1887378,270.6456752707432,107159719.09661166,76798795.35776918,9549799.22629486,20811124.512547623,5414.516241866297,6307.2,261.99196905179446,3.9603431790315184,0.006717327512074972,0.9784130260494234,c082_r00_A_steiner.csv,149047993.18873778,143805226.19005817,149047993.18873778,105645320.50829561,143805226.19005817,149047993.18873778,143805226.19005817,0,101350248.93461055,75500739.42492685,5038384.997136079,20811124.512547623,6350.781413480944,6307.199999999999,4.520655555444409,253.33826283284557,0.019891811064250458,0.9784130260494234,0.0,0.0,0.0,True,7282699.934553653,9322632.870427698,2039932.935874045,1.3501627748808878,4.820173339693039,4.820173339693039,6.088136363707165
sano,83,50,8,249.1426203348483,8,12,177219046.58737937,738242.9124812086,177392658.88362977,177045434.2911289,331.61078978595924,126571988.9300059,94631250.59704554,11871875.099507593,20068863.23345274,5446.652538530616,6254.64,330.8750039803037,3.973575299694559,0.009439138707751805,0.9771405695120041,c083_r01_A_steiner.csv,177126898.54721484,169879675.56101665,177018279.5391003,126423062.62768279,169780220.31023473,177018279.5391003,169780220.31023473,0,120731305.65274017,94503599.48076862,6158842.938518817,20068863.23345274,6185.483849539654,6254.64,4.415732436572563,330.0239965384574,0.014620702903853684,0.9771219544781324,0.0,0.0,0.0,True,7438826.277144641,7612438.573395044,200767.04827907681,0.11328751177999759,4.197532048834753,4.197532048834753,4.291292898647419
sano,84,50,5,235.00304479846506,5,9,126931360.47399072,0.0,126931360.47399072,126931360.47399072,196.8853901956197,89634955.3455263,63282808.52934295,7622134.754890491,18730012.06129286,5083.793697621257,5676.48,196.8853901956197,3.6904206883554203,0.005648264969433071,0.9793420623201605,c084_r00_A_steiner.csv,126931360.47399072,122849716.45903656,126931360.47399072,89634955.34552631,122849716.45903656,126931360.47399072,122849716.45903656,0,86312084.37781982,63282808.52934295,4299263.787184008,18730012.06129286,5764.463226120056,5676.48,4.097770627910768,196.8853901956197,0.018502613687525645,0.9792491827407241,0.0,0.0,0.0,True,4081644.0149541646,4081644.0149541646,0.0,0.0,3.2156308730264707,3.2156308730264707,3.2156308730264707
sano,85,50,4,158.33560849649805,4,6,94942579.79204698,1.4901161193847656e-08,94942579.79204701,94942579.79204701,178.74590939303758,67404856.56260277,49311886.40895563,6268647.734825939,11824322.418821195,3601.8616062460965,3609.1200000000003,178.74590939303758,2.567551330213048,0.0024983891626933737,0.9798149216327665,c085_r00_A_steiner.csv,94942579.792047,91276194.94710681,94942579.792047,67404856.56260277,91276194.94710684,94942579.792047,91276194.94710684,0,64354088.07982433,49311886.40895563,3217879.2520474964,11824322.418821195,4367.001588097474,3609.12,3.0254530171681564,178.74590939303758,0.008179907047730067,0.9783273873718006,0.0,0.0,0.0,True,3666384.844940141,3666384.8449401706,-1.4901161193847656e-08,-1.5694919209574583e-14,3.86168656146761,3.86168656146761,3.86168656146764
sano,86,50,4,282.50411253142005,4,10,192515239.26447102,0.0,192515239.26447102,192515239.26447102,435.1135045991862,137455987.81740522,102767025.68987794,13877837.614979656,20811124.512547623,6498.973008315919,6307.2,435.11350459918623,4.609341525171559,0.0048627754494274,0.9801706364879227,c086_r00_A_steiner.csv,192515239.26447102,183812299.0711088,192515239.26447102,137455987.81740522,183812299.0711088,192515239.26447102,183812299.0711088,0,130686599.74815501,102767025.68987794,7108449.545729448,20811124.512547623,7214.603343296405,6307.199999999999,5.037613926818797,435.1135045991863,0.01595667882732717,0.9794953010626515,0.0,0.0,0.0,True,8702940.193362236,8702940.193362236,0.0,0.0,4.520650015350954,4.520650015350954,4.520650015350954
sano,87,50,3,441.4225433817408,3,14,158533912.11449885,0.0,158533912.11449885,158533912.11449885,132.64937551039955,109049215.03188662,72397406.32655993,7516234.38775999,29135574.317566674,11373.417580190342,8830.079999999998,132.64937551039958,7.81447622649739,0.0061030767125582015,0.9775782937186618,c087_r00_A_steiner.csv,158533912.11449885,155938120.43191117,158533912.11449885,109049215.0318866,155938120.43191117,158533912.11449885,155938120.43191117,0,107091435.58537775,72397406.32655993,5558454.94125114,29135574.317566674,11444.00818985641,8830.079999999998,7.8567215149622145,132.64937551039958,0.019966316181718426,0.9774396613239702,0.0,0.0,0.0,True,2595791.682587683,2595791.682587683,0.0,0.0,1.637373132325726,1.637373132325726,1.637373132325726
sano,88,50,2,114.35099775505878,2,4,100547488.86600465,0.0,100547488.86600466,100547488.86600466,273.75468034653875,72431518.86566332,56063202.0519808,8043867.008663467,8324449.805019047,2672.7574370693974,2522.8799999999997,273.7546803465387,1.8875244900084371,0.007171831501774718,0.979752233725456,c088_r00_A_steiner.csv,100547488.86600465,95088114.03615333,100547488.86600465,72431518.86566332,95088114.03615333,100547488.86600465,95088114.03615333,0,68252148.89921415,56063202.0519808,3864497.042214304,8324449.805019047,2965.3372528535447,2522.8799999999997,2.0626202821436324,273.7546803465387,0.023534510429175443,0.9795410915466918,0.0,0.0,0.0,True,5459374.829851314,5459374.829851329,0.0,0.0,5.429648110980465,5.429648110980465,5.429648110980478
sano,89,50,1,113.2620511005433,1,4,35990352.480541915,0.0,35990352.480541915,35990352.480541915,0.0,24524449.805019047,15000000.0,1200000.0,8324449.805019047,2604.138693138175,2522.8799999999997,0.0,1.846459274037341,0.0,0.9812110610363908,singleton_co_located_source,35990352.480541915,35974401.79436111,35990352.480541915,24524449.805019047,35974401.79436111,35990352.480541915,35974401.79436111,0,24246430.712393887,15000000.0,921980.9073748403,8324449.805019047,3224.4582460231427,2522.8799999999997,2.2176924816263264,0.0,0.0,0.978521123675181,0.0,1.0,1.0,True,15950.68618080765,15950.68618080765,0.0,0.0,0.04431933860450893,0.04431933860450893,0.04431933860450893
sano,90,50,3,73.95420221977545,3,4,40811440.82784452,0.0,40811440.827844515,40811440.827844515,40.42584834471274,28815554.03018789,21063877.251706913,2210646.2086178185,5541030.569863157,1691.2110927447054,1778.28,40.42584834471275,1.215113378902497,0.0006094853993917324,0.980436788063594,c090_r00_A_steiner.csv,40811440.82784452,39732976.04750639,40811440.82784452,28815554.03018789,39732976.04750639,40811440.82784452,39732976.04750639,0,27745515.956617273,21063877.251706913,1140608.1350472027,5541030.569863157,2318.6515619851452,1778.2800000000002,1.590608132991703,40.42584834471275,0.0019998846167006627,0.9748650437958347,0.0,0.0,0.0,True,1078464.780338131,1078464.7803381234,0.0,0.0,2.642555024919199,2.642555024919199,2.642555024919181
sano,91,50,8,793.1937392135249,8,28,385995772.13486415,58329.01571837056,386022127.2874956,385969416.98223263,581.8959677897827,270821325.2265447,192256787.78249216,22942797.963748693,55621739.48030385,19856.662682984108,16959.360000000004,581.7119185499475,13.819314890742566,0.0773273515756459,0.9772012238768726,c091_r01_A_steiner.csv,385975221.5138489,374924409.3696945,385975221.5138489,270694289.05694354,374924409.3696945,385975221.5138489,374924409.3696945,0,261155179.63835028,192147899.63711974,13385540.520926673,55621739.48030385,23224.628574761755,16959.360000000004,15.83489021033397,580.9859975807984,0.2535480836048037,0.9755360630960688,0.0,0.0,0.0,True,11071362.76516968,11097717.917801142,20550.621015250683,0.005324053396126433,2.868260111745842,2.868260111745842,2.874891653435181
sano,92,50,7,321.12097157773127,7,14,185344668.69383422,344253.4657717457,185471283.6177518,185218053.76991662,279.22323211845213,131294086.43851924,94303091.62670524,11167181.937784208,25823812.87402979,6803.736726047839,7954.079999999999,278.68727751136834,4.979728831785035,0.006892755827183547,0.979284069319594,c092_r00_A_steiner.csv,185218053.76991665,179198837.92549977,185218053.76991665,131200294.38227959,179198837.92549977,185218053.76991665,179198837.92549977,0,125926605.1916156,94222698.43564269,5880093.881943119,25823812.87402979,8677.29542911001,7954.079999999999,6.1009690114783695,278.1513229042846,0.012770902241975295,0.9751142876954622,0.0,0.0,0.0,True,6145830.768334448,6272445.69225204,126614.92391756177,0.06831322681674405,3.315892931609799,3.315892931609799,3.381895876225926
sano,93,50,7,676.4780170404493,7,23,356761071.57655245,3036598.3490623455,358908270.8609143,354613872.2921906,654.5703275005767,251475507.48312005,183066860.6283442,23036143.438057363,45372503.41671849,17470.04991895295,13840.800000000001,645.4457375222946,12.035035050870425,0.014768118295595548,0.9770291742411508,c093_r00_A_steiner.csv,354613872.2921906,341786631.07014376,354613872.2921906,249878704.2369207,341786631.07014376,354613872.2921906,341786631.07014376,0,239939928.92816824,181698172.1316019,12869253.379847854,45372503.41671849,18440.463241641562,13840.800000000001,12.615783551854053,636.3211475440127,0.04836523546872272,0.9767964536707778,0.0,0.0,0.0,True,14974440.506408691,17121639.79077053,2147199.2843618393,0.6018591868426714,4.197330286131157,4.197330286131157,4.770477913395756
sano,94,50,5,306.8433333071025,5,11,132513762.9271069,1.4901161193847656e-08,132513762.92710687,132513762.92710687,142.63245106351718,92402915.89991789,62644867.65952757,6865811.27658793,22892236.963802386,7031.955323921294,6937.919999999998,142.63245106351715,5.000307344788532,0.006726225082840039,0.9785334840298074,c094_r00_A_steiner.csv,132513762.92710689,129593720.14301978,132513762.92710689,92402915.89991789,129593720.14301978,132513762.92710689,129593720.14301978,0,89950271.82514276,62644867.65952757,4413167.201812802,22892236.963802386,7694.710585275609,6937.919999999998,5.396936405366709,142.63245106351718,0.022043452928618066,0.978410254090178,0.0,0.0,0.0,True,2920042.7840871215,2920042.7840870917,1.4901161193847656e-08,1.124499136142144e-14,2.2035769867114685,2.2035769867114685,2.2035769867114468
sano,95,50,5,149.27264404104554,5,6,96946747.32656212,204083.2694680606,96853205.91336714,97040288.73975712,189.8944352002494,69053181.4555036,51043607.187749945,6557267.864624992,11452306.403128663,3325.010623747939,3512.76,190.2907145849997,2.3908685336947637,0.0034901061882340978,0.9790862041543921,c095_r00_A_steiner.csv,96815789.34808914,92854895.73538196,96815789.34808914,68956093.0062398,92854895.73538196,96815789.34808914,92854895.73538196,0,65812627.07329297,50960388.5169524,3399932.1532119,11452306.403128665,3796.1775910128836,3512.76,2.672840662018399,189.73592344634935,0.007698583321984408,0.9790413330106059,0.0,0.0,0.0,True,4091851.5911801606,3998310.1779851764,130957.97847297788,0.13508238500447053,4.2207208637922475,4.2207208637922475,4.128216655586567
sano,96,50,4,125.59718265665153,4,5,82956645.09307301,0.0,82956645.09307301,82956645.09307301,168.61060835352035,59128050.41373996,44041591.25302806,5715265.208838011,9371193.951873902,2876.396456395223,2882.0399999999995,168.61060835352038,2.05039323650049,0.0020791649493813484,0.9790726708569758,c096_r00_A_steiner.csv,82956645.09307301,79432390.68710959,82956645.09307301,59128050.413739964,79432390.68710959,82956645.09307301,79432390.68710959,0,56365878.94410534,44041591.25302806,2953093.739203386,9371193.951873902,3214.918539162786,2882.0399999999995,2.2529833983630985,168.61060835352038,0.006805978925499265,0.9790254027172147,0.0,0.0,0.0,True,3524254.405963421,3524254.405963421,0.0,0.0,4.248308742487588,4.248308742487588,4.248308742487588
sano,97,50,5,274.4975382425487,5,10,123516717.83030327,1.4901161193847656e-08,123516717.83030325,123516717.83030325,154.7881534629621,86277984.42211747,60718223.01944432,6869703.836574052,18690057.566099107,6936.855621415129,5737.8,154.7881534629621,4.806394472321544,0.003674437683443874,0.9788983770429422,c097_r00_A_steiner.csv,123516717.83030328,120227370.90211487,123516717.83030328,86277984.42211747,120227370.90211484,123516717.83030328,120227370.90211484,0,83789324.09944154,60718223.01944431,4381043.513898128,18690057.566099107,7044.467555040106,5737.8,4.870795349431832,154.7881534629621,0.01202050828702671,0.9783286592081802,0.0,0.0,0.0,True,3289346.9281884283,3289346.9281884134,-1.4901161193847656e-08,-1.2064084486376988e-14,2.6630783152023074,2.6630783152023074,2.663078315202296
sano,98,50,3,182.88636708756707,3,7,151749588.73477584,0.0,151749588.7347758,151749588.7347758,378.1988044796714,109102577.94272584,82979820.67195073,11554970.111991787,14567787.158783337,3923.857105737155,4415.04,378.1988044796714,2.852251079155913,0.017431887265130088,0.9811026177696336,c098_r00_A_steiner.csv,151749588.73477584,144159009.4669548,151749588.73477584,109102577.94272584,144159009.4669548,151749588.73477584,144159009.4669548,0,103034187.52410206,82979820.67195073,5486579.693368008,14567787.158783335,4930.750988326608,4415.04,3.454831545944337,378.19880447967137,0.05722335746985195,0.978024327396014,0.0,0.0,0.0,True,7590579.267821044,7590579.267821014,0.0,0.0,5.002042727830828,5.002042727830828,5.002042727830809
sano,99,50,5,338.90860863441026,5,12,196021999.60090008,0.0,196021999.60090008,196021999.60090008,373.3949403458018,138917463.97557244,101009241.05187027,12934873.508645043,24973349.41505715,7900.0015939495715,7568.639999999997,373.3949403458017,5.591793792796742,0.013365668881292411,0.9789475403210712,c099_r00_A_steiner.csv,196021999.60090008,188534632.00732574,196021999.60090008,138917463.97557244,188534632.00732574,196021999.60090008,188534632.00732574,0,132919974.05255164,101009241.05187026,6937383.585624229,24973349.41505715,8920.269516000022,7568.639999999998,6.202378017558678,373.39494034580173,0.04386273671295357,0.978551725838746,0.0,0.0,0.0,True,7487367.593574345,7487367.593574345,0.0,0.0,3.819656777718109,3.819656777718109,3.819656777718109
sano,100,50,8,432.36724654220086,8,17,240021137.05670723,2.9802322387695312e-08,240021137.05670726,240021137.05670726,389.97029210857426,169690293.55517557,122245543.81628615,14849257.302714355,32595492.436175067,9915.365023625392,9977.639999999998,389.97029210857426,7.072897690338781,0.02620294831288475,0.9782093274465634,c100_r00_A_steiner.csv,240021137.0567072,231938465.86335334,240021137.0567072,169690293.55517557,231938465.86335334,240021137.0567072,231938465.86335334,0,163113785.8988977,122245543.81628613,8272749.646436503,32595492.43617507,11254.860973159399,9977.639999999998,7.874525457165239,389.9702921085742,0.08584639782709542,0.977446840946425,0.0,0.0,0.0,True,8082671.193353891,8082671.193353921,2.9802322387695312e-08,1.241654079017809e-14,3.3674830860601603,3.3674830860601603,3.3674830860601723
sano,101,50,5,887.7733458145394,5,27,327390923.582018,0.0,327390923.58201796,327390923.58201796,342.9000737480033,225547549.08977923,152685011.06220052,16672501.843700087,56190036.18387858,23881.492663059133,17029.440000000006,342.9000737480034,16.235993670179077,0.019728747439730243,0.9771511437462379,c101_r00_A_steiner.csv,327390923.582018,320683704.80374295,327390923.582018,225547549.0897792,320683704.80374295,327390923.582018,320683704.80374295,0,220347658.44992858,152685011.06220052,11472611.20384946,56190036.183878586,24393.003065791603,17029.440000000006,16.542109520692534,342.90007374800336,0.0645629476523826,0.9767516300935266,0.0,0.0,0.0,True,6707218.778275073,6707218.778275013,0.0,0.0,2.048688065292311,2.048688065292311,2.0486880652922927
sano,102,50,3,47.18960674788189,3,3,58384225.297456704,0.0,58384225.29745671,58384225.29745671,150.55448040341383,42381298.54254705,33833172.06051207,4663862.010085345,3884264.471949627,994.0074594438007,1270.1999999999998,150.5544804034138,0.7398685251343835,0.0011394777850937592,0.9796907960871621,c102_r00_A_steiner.csv,58384225.297456704,55108742.73014471,58384225.297456704,42381298.54254705,55108742.73014471,58384225.297456704,55108742.73014471,0,39820494.575339,33833172.06051207,2103058.042877297,3884264.4719496267,1293.742013051669,1270.1999999999998,0.919246104389468,150.5544804034138,0.0037360350960983797,0.9777162975058727,0.0,0.0,0.0,True,3275482.5673119947,3275482.567312002,0.0,0.0,5.610218429077416,5.610218429077416,5.6102184290774275
sano,103,50,5,354.9791741231588,5,12,188999848.28203884,0.0,188999848.28203884,188999848.28203884,351.03016791163606,133306908.20648618,97654525.18674542,12375754.197790904,23276628.82194986,9270.33585128684,7121.879999999997,351.03016791163617,6.3608768926353205,0.011407600358986449,0.9767850581075129,c103_r00_A_steiner.csv,188999848.28203884,181885767.58334583,188999848.28203884,133306908.2064862,181885767.58334583,188999848.28203884,181885767.58334583,0,127578758.19506016,97654525.18674542,6647604.186364871,23276628.821949862,10308.87957324113,7121.879999999997,6.982398357385908,351.0301679116361,0.037459917968135414,0.9757568035518887,0.0,0.0,0.0,True,7114080.698693007,7114080.698693007,0.0,0.0,3.7640668833113966,3.7640668833113966,3.7640668833113966
sano,104,50,8,351.67971782844796,8,14,223232278.57391834,0.0,223232278.57391834,223232278.57391834,435.038482818858,158811873.5600184,117755772.42282869,15075962.070471449,25980139.066718247,8202.952086709382,7989.119999999998,435.03848281885786,5.821095966240795,0.014933353254078114,0.9778259112917147,c104_r00_A_steiner.csv,223232278.57391834,214174662.0563124,223232278.57391834,158811873.5600184,214174662.0563124,223232278.57391834,214174662.0563124,0,151500697.21914905,117755772.42282869,7764785.729602102,25980139.066718247,9567.451695668371,7989.119999999997,6.637687292810985,435.0384828188579,0.04896169225080347,0.9775386560018525,0.0,0.0,0.0,True,9057616.51760593,9057616.51760593,0.0,0.0,4.057485134080511,4.057485134080511,4.057485134080511
sano,105,50,8,485.056686174689,8,18,301107673.96676916,4458278.9678595895,302037289.3934554,300178058.54008293,600.1536924202328,214034346.3826076,156931435.32748225,20305239.221247043,36797671.833878346,11081.60025547794,11177.76,596.2095688498816,7.90783675079621,0.01470988265334723,0.9777447681092769,c105_r00_A_steiner.csv,300178058.54008293,288152597.3730525,300178058.54008293,213344124.75779617,288152597.3730525,300178058.54008293,288152597.3730525,0,203634160.4610684,156339816.79192954,10496671.835260494,36797671.833878346,12900.485979259098,11177.76,8.996357624169853,592.2654452795305,0.04487037434309417,0.9767427345588408,0.0,0.0,0.0,True,12955076.593716681,13884692.020402908,929615.4266862273,0.30873189462079986,4.302473073185916,4.302473073185916,4.597012523945583
sano,106,50,4,415.6186549303982,4,14,282841703.0803403,2913574.1125238216,284523855.87850994,281159550.2821708,684.8010510046197,201776985.6459267,154149274.69987673,21141545.783312786,26486165.162737172,11086.626181691981,8129.28,677.6618313325116,7.562844540411846,0.01893000454083449,0.9773797537480198,c106_r00_A_steiner.csv,281159550.2821708,267687812.2633853,281159550.2821708,200527622.20330778,267687812.2633853,281159550.2821708,267687812.2633853,0,190353322.91729975,153078391.7490605,10788766.005502068,26486165.16273717,11485.682331873333,8129.28,7.801661604860253,670.5226116604033,0.06205206905929806,0.9773797537480198,0.0,0.0,0.0,True,15153890.81695503,16836043.615124643,1682152.7981695533,0.5947329477406459,5.357728599396325,5.357728599396325,5.917269595247415
sano,107,50,6,187.72952582991763,6,8,107644483.26598854,1.4901161193847656e-08,107644483.26598857,107644483.26598857,174.15662336430546,76214547.25525467,56123493.50464582,6753915.5841076365,13337138.166501215,4490.862397624697,4169.76,174.15662336430546,3.163578111889919,0.0019832507468339772,0.9791275673086806,c107_r00_A_steiner.csv,107644483.26598856,103927685.79295507,107644483.26598856,76214547.25525467,103927685.79295507,107644483.26598856,103927685.79295507,0,73027378.86620599,56123493.504645824,3566747.195058955,13337138.166501215,5486.642888128702,4169.76,3.759507715954627,174.15662336430546,0.006506805600028284,0.9747851878443244,0.0,0.0,0.0,True,3716797.473033473,3716797.4730335027,-1.4901161193847656e-08,-1.3842939964723526e-14,3.4528452924515416,3.4528452924515416,3.4528452924515682
sano,108,50,9,608.4178823230379,9,22,320629988.3560323,2113709.915255611,321070727.34049845,320189249.3715662,542.0643629293559,226029780.3117342,163533212.203152,20105535.367192,42391032.741390206,15105.009770112772,12982.320000000002,540.2214146876798,10.52166544588639,0.07488054161539173,0.9762208207565392,c108_r00_A_steiner.csv,320189249.3715661,309276257.67978877,320189249.3715661,225707264.36944088,309276257.67978877,320189249.3715661,309276257.67978877,0,217144525.7177262,163256769.9669006,11496723.009435408,42391032.741390206,16164.476723187841,12982.320000000003,11.155708518517896,538.3784664460038,0.08047171928090834,0.976136598659097,0.0,0.0,0.0,True,11353730.676243544,11794469.66070968,440738.9844661951,0.13746031265696582,3.541069484628553,3.541069484628553,3.6734802198898486
sano,109,50,7,320.0215704388919,7,12,175520444.2196399,2063159.373123774,176949805.2760392,174091083.16324064,309.2968499265543,123988132.14141698,90483593.04101944,11180598.840169905,22323940.260227643,7915.695063043611,6867.839999999999,303.2239536067962,5.5211856245435955,0.014475665471515888,0.976817358904896,c109_r00_A_steiner.csv,176252189.62251157,169875363.33498457,173370714.34348363,122389028.28827113,167260707.445359,173370714.34348363,167260707.445359,0,117431812.41020787,89112932.59546584,5994939.554514376,22323940.260227643,8901.73202887204,6867.839999999998,6.111284169597323,294.08621730310557,0.04326461713243947,0.9757592432931278,0.0,0.0,0.0,True,8259736.774280906,9689097.830680221,2149729.8761562705,1.2247746327864673,4.705854529370363,4.705854529370363,5.475619380063948
sano,110,50,5,179.60516185875775,5,9,190782788.6915913,0.0,190782788.6915913,190782788.6915913,491.41099526036845,138073831.3186576,107461649.28905527,14985274.881509209,15626907.14809314,3506.494492011731,4861.8,491.41099526036834,2.6534784239164866,0.015172521034290901,0.9835040919725588,c110_r00_A_steiner.csv,190782788.6915913,180460009.67486483,190782788.6915913,138073831.3186576,180460009.67486483,190782788.6915913,180460009.67486483,0,130000154.7318376,107461649.28905526,6911598.294689215,15626907.148093138,4458.63967462491,4861.8,3.223294268972459,491.4109952603684,0.04978567779390329,0.9809734927103805,0.0,0.0,0.0,True,10322779.016726464,10322779.016726464,0.0,0.0,5.4107496213474935,5.4107496213474935,5.4107496213474935
sano,111,50,4,247.04311870690148,4,8,151272232.34214896,0.0,151272232.342149,151272232.342149,337.51168020148276,107451091.35659021,80626752.03022242,10837792.00503707,15986547.32133072,6491.055622385643,4870.56,337.51168020148276,4.440603327639421,0.002761260497980843,0.9777822728389345,c111_r00_A_steiner.csv,151272232.34214896,144507170.83851796,151272232.34214896,107451091.35659021,144507170.83851796,151272232.34214896,144507170.83851796,0,102265604.42869411,80626752.03022242,5652305.077140979,15986547.32133072,6868.901691058844,4870.56,4.666727117218648,337.51168020148276,0.00904534170211429,0.9750261833761337,0.0,0.0,0.0,True,6765061.503630996,6765061.503631026,0.0,0.0,4.472110577656919,4.472110577656919,4.472110577656939
sano,112,50,3,588.4193742746199,3,19,231665642.1143153,0.0,231665642.11431536,231665642.11431536,251.07431074315585,160429140.95389277,108911146.61147338,11976857.768578896,39541136.573840484,15033.252739528276,11983.68,251.0743107431559,10.364722107236085,0.0069696009786777285,0.9781611384208846,c112_r00_A_steiner.csv,231665642.1143153,226566467.47454178,231665642.1143153,160429140.95389277,226566467.47454178,231665642.1143153,226566467.47454178,0,156445502.26654294,108911146.61147338,7993219.081229074,39541136.573840484,15493.0064349721,11983.68,10.639863908371845,251.07431074315588,0.02286210726758024,0.9781611384208846,0.0,0.0,0.0,True,5099174.639773518,5099174.639773577,0.0,0.0,2.2010923127121855,2.2010923127121855,2.201092312712211
sano,113,50,5,360.79098477581135,5,13,162785073.2652986,40147.07946387368,162768286.9280852,162801859.602512,195.0620074352266,113852638.83019884,78019865.96904595,8778310.994840993,27054461.86631191,8166.395487144097,8199.359999999997,195.1324397936396,5.823218494134603,0.005287332276221798,0.980380565235685,c113_r01_A_steiner.csv,162748143.32342914,158783978.5676638,162748143.32342914,113825522.37220982,158783978.5676638,162748143.32342914,158783978.5676638,0,110391800.68295301,77996623.29076964,5340715.525871469,27054461.86631191,9307.98705386257,8199.359999999997,6.50640943515597,194.9774886051309,0.017297248236335497,0.9794375294566955,0.0,0.0,0.0,True,4001094.697634816,3984308.360421419,36929.9418694675,0.02268631953083377,2.4579002345712873,2.4579002345712873,2.4478406915849513
sano,114,50,5,226.65876851351302,5,9,156739543.70428097,3487200.3365568016,159202394.55002245,154276692.85853955,346.4638705051498,111913006.89804024,84151484.0961833,11100247.349363886,16661275.452493047,5290.938854469099,5133.36,336.0098939745554,3.752387699640986,0.01955105063267514,0.9778600728375885,c114_r00_A_steiner.csv,154276692.85853952,147557067.72095802,154276692.85853952,110083561.0051862,147557067.72095802,154276692.85853952,147557067.72095802,0,104661882.08772677,82583387.61659414,5417219.018639596,16661275.452493045,6299.4199692201455,5133.36,4.355918053118935,325.55591744396105,0.06416853739078347,0.9778291388381083,0.0,0.0,0.0,True,9182475.983322948,11645326.829064429,2462850.845741451,1.5713015283418768,5.858429702109787,5.858429702109787,7.314793764239136
sano,115,50,3,316.91626159771613,3,10,117479535.05879323,1.4901161193847656e-08,117479535.05879323,117479535.05879323,112.46615019257563,80992700.79624836,54369922.52888634,5811653.75481439,20811124.512547623,8237.467997967166,6307.2,112.4661501925756,5.649752178655013,0.007036885192808933,0.9773908664998078,c115_r00_A_steiner.csv,117479535.05879322,115246977.49083062,117479535.05879322,80992700.79624836,115246977.49083062,117479535.05879322,115246977.49083062,0,79124292.36549707,54369922.52888634,3943245.3240631074,20811124.512547623,8728.35475311708,6307.199999999999,5.943525708490926,112.4661501925756,0.023069074656411954,0.9773908664998078,0.0,0.0,0.0,True,2232557.5679626167,2232557.5679626167,1.4901161193847656e-08,1.2684048490990618e-14,1.900379982645762,1.900379982645762,1.900379982645762
sano,116,50,4,414.2546276715536,4,14,193631917.32688627,0.0,193631917.32688627,193631917.32688627,291.7435081942408,135565983.67414406,96261526.22913611,11493587.704856018,27810869.740151923,10663.544365412765,8479.679999999998,291.7435081942408,7.349649201010652,0.00954600109638925,0.9773360801727636,c116_r00_A_steiner.csv,193631917.32688627,187682230.26667896,193631917.32688627,135565983.67414406,187682230.26667896,193631917.32688627,187682230.26667896,0,130912601.28624472,96261526.22913611,6840205.316956677,27810869.740151923,11212.324894369975,8479.679999999998,7.678069537077253,291.7435081942408,0.03131173154673833,0.9773360801727636,0.0,0.0,0.0,True,5949687.060207307,5949687.060207307,0.0,0.0,3.0726788963015546,3.0726788963015546,3.0726788963015546
sano,117,50,16,677.5429018714864,16,30,538372772.4713027,1829279.7011557368,539064175.2095364,537681369.7330688,1223.5647862050112,385956491.78703743,295594706.52719,39515784.42119833,50846000.838649094,16352.414192639497,15829.320000000005,1220.6313768479333,11.593180597281517,0.05709984724098555,0.9769159708869782,c117_r00_A_steiner.csv,537681369.733069,512501027.6413256,537681369.733069,385443145.14954877,512501027.6413255,537681369.733069,512501027.6413255,0,365434120.28186303,295154695.12362826,19433424.319585685,50846000.838649094,19408.772685552634,15829.320000000005,13.422272976506244,1217.6979674908553,0.18717869447613283,0.9737455833970152,0.0,0.0,0.0,True,25871744.829977274,26563147.56821096,691402.7382338047,0.1284245366012931,4.805544810748454,4.805544810748454,4.927641047169524
sano,118,50,2,176.72031651310738,2,7,77703566.0161401,0.0,77703566.0161401,77703566.0161401,64.72865043091407,54245300.984193295,35959297.56463711,3718216.2607728518,14567787.158783337,3632.1924681525948,4415.04,64.72865043091407,2.67770297979772,0.0022649890345223175,0.9825173836791832,c118_r00_A_steiner.csv,77703566.0161401,76264561.8927233,77703566.0161401,54245300.984193295,76264561.8927233,77703566.0161401,76264561.8927233,0,52803433.85170822,35959297.56463711,2276349.1282877703,14567787.158783335,4502.2671708522785,4415.04,3.1984033530537825,64.72865043091407,0.007429253147372286,0.980016881058581,0.0,0.0,0.0,True,1439004.1234167963,1439004.1234167963,0.0,0.0,1.8519151657954738,1.8519151657954738,1.8519151657954738
sano,119,50,3,68.08832513843214,3,4,49771743.16931058,0.0,49771743.16931058,49771743.16931058,75.21897116237632,35566702.811986394,26282845.67435645,3080474.279059408,6203382.858570534,1288.2512683215637,1953.4799999999998,75.21897116237633,0.9939601419065355,0.00077028254294088,0.9816140287616857,c119_r00_A_steiner.csv,49771743.16931058,47960318.86602603,49771743.16931058,35566702.811986394,47960318.86602603,49771743.16931058,47960318.86602603,0,34048275.00597909,26282845.674356453,1562046.4730521082,6203382.858570533,1692.2789444943382,1953.4799999999998,1.2357524398967894,75.21897116237633,0.0025342737611467646,0.9763667822332367,0.0,0.0,0.0,True,1811424.3032845482,1811424.3032845482,0.0,0.0,3.6394632535222886,3.6394632535222886,3.6394632535222886
sano,120,50,8,254.22663317510018,8,11,168362972.6664491,4979610.135302405,170822683.27869025,165903262.05420798,331.59719443188754,119962738.52027552,89425096.29917361,11329182.716528937,19208459.504572976,5813.1656725805515,5965.56,321.16730866115745,4.159916840266763,0.024990756025517563,0.9786228719981077,c120_r00_A_steiner.csv,165903262.05420795,159287986.40966365,165903262.05420795,118137508.51039776,159287986.40966365,165903262.05420795,159287986.40966365,0,112799907.91240834,87860613.4335641,5730834.974271254,19208459.504572976,6801.888026545477,5965.5599999999995,4.7516224687130695,310.73742289042735,0.021955733582975274,0.9752084177086615,0.0,0.0,0.0,True,9074986.256785452,11534696.869026601,2459710.612241149,1.4609569867325782,5.390131875827761,5.390131875827761,6.752438638496395
sano,121,50,8,239.12979230998738,8,12,187208137.74599457,2361954.5466739372,188398368.33275533,186017907.15923378,383.79673149233275,134205478.94792336,101811983.78216203,13068663.96369367,19324831.202067677,5135.634796102911,6061.920000000001,378.7465585477469,3.7654452420467823,0.0058746393778109805,0.9811975013963178,c121_r00_A_steiner.csv,186017907.15923375,177820163.26375383,186017907.15923375,133321698.68262085,177820163.26375386,186017907.15923375,177820163.26375386,0,126646616.4192628,101054457.84047416,6267327.376720956,19324831.202067677,6505.683011709438,6061.92,4.585357158841534,373.696385603161,0.01928531058540488,0.9763192659267378,0.0,0.0,0.0,True,9387974.482240707,10578205.069001466,1190230.586760819,0.6357792994959081,5.014725639212534,5.014725639212534,5.614807157096974
sano,122,50,6,516.0958218421838,6,19,228306382.97165227,596761.1026806397,228430816.26330975,228181949.67999473,253.35366181966472,159411059.36013022,109173966.31174667,12020661.051957786,38216431.99642573,11943.10538261779,11633.279999999999,252.82644207831137,8.475408620512512,0.008510345789862626,0.9789628545732528,c122_r00_A_steiner.csv,228181949.67999476,222939066.8375966,228181949.67999476,159318795.90539336,222939066.83759665,228181949.67999476,222939066.83759665,0,154769802.27040675,109094883.3505437,7458486.923437327,38216431.99642573,13471.418006584441,11633.279999999999,9.390034630534625,252.29922233695794,0.016995219840985308,0.9761406621934148,0.0,0.0,0.0,True,5367316.1340556145,5491749.425713092,124433.29165750742,0.054502765116714987,2.3509268835125163,2.3509268835125163,2.404119337113786
sano,123,50,1,15.367442075797502,1,1,7790623.780580232,0.0,7790623.780580232,7790623.780580232,0.0,5468760.162547386,3750000.0,300000.0,1418760.162547386,281.19755260974364,455.52,0.0,0.2202840222204729,0.0,0.9848633304771148,singleton_co_located_source,7790623.780580232,7687068.400293421,7790623.780580232,5468760.162547386,7687068.400293421,7790623.780580232,7687068.400293421,0,5334131.503914521,3750000.0,165371.3413671349,1418760.162547386,415.74690419356256,455.52,0.30080572613126666,0.0,0.0,0.9805665736727137,0.0,1.0,1.0,True,103555.38028681092,103555.38028681092,0.0,0.0,1.3292309217259917,1.3292309217259917,1.3292309217259917
sano,124,50,4,157.07087447737658,4,7,78702126.21636058,0.0,78702126.21636058,78702126.21636058,84.49320599686482,55345025.32642001,38923980.89952972,4212330.14992162,12208714.276968673,3419.2538091990477,3793.0799999999995,84.4932059968648,2.479268819427666,0.0012102862027253043,0.9806363421718008,c124_r00_A_steiner.csv,78702126.21636058,76709971.33171481,78702126.21636058,55345025.32642001,76709971.33171481,78702126.21636058,76709971.33171481,0,53485585.14538545,38923980.89952972,2352889.968887061,12208714.276968673,4305.2557714498325,3793.0799999999995,3.0095009374494053,84.4932059968648,0.003963092586742057,0.9760474051364394,0.0,0.0,0.0,True,1992154.884645775,1992154.884645775,0.0,0.0,2.5312592942776764,2.5312592942776764,2.5312592942776764
sano,125,50,1,262.1401280682805,1,8,73005383.4809854,0.0,73005383.4809854,73005383.4809854,0.0,49048899.6100381,30000000.0,2400000.0,16648899.610038098,6981.478560045185,5045.759999999999,0.0,4.754099283676658,0.0,0.9782491029023986,singleton_co_located_source,73005383.4809854,73005383.4809854,73005383.4809854,49048899.6100381,73005383.4809854,73005383.4809854,73005383.4809854,0,49048899.6100381,30000000.0,2400000.0,16648899.610038098,6981.478560045185,5045.759999999999,4.754099283676658,0.0,0.0,0.9782491029023986,0.0,1.0,1.0,True,0.0,0.0,0.0,0.0,0.0,0.0,0.0
sano,126,50,2,171.65970783013694,2,5,58058618.48372977,0.0,58058618.48372976,58058618.48372976,51.68805824074923,39700972.44840492,26503208.736112386,2792201.456018731,10405562.25627381,4793.633329340315,3153.6,51.68805824074923,3.228772826167026,0.0017373307807495373,0.9771104537299719,c126_r00_A_steiner.csv,58058618.48372977,57034447.16345542,58058618.48372977,39700972.44840492,57034447.16345542,58058618.48372977,57034447.16345542,0,38938105.54711478,26503208.736112386,2029334.5547285872,10405562.25627381,4799.167449372689,3153.6,3.2320847468073572,51.68805824074923,0.005683097021133246,0.9771104537299719,0.0,0.0,0.0,True,1024171.320274353,1024171.3202743381,0.0,0.0,1.764029780628288,1.764029780628288,1.764029780628263
sano,127,50,3,289.6805714030846,3,9,113442179.16550533,1.4901161193847656e-08,113442179.16550533,113442179.16550533,133.25494794941554,78499627.95244059,53738242.19241234,6031373.69873539,18730012.06129286,7691.657429994014,5676.48,133.25494794941557,5.251109229964639,0.006277216987200518,0.9768113169365038,c127_r00_A_steiner.csv,113442179.16550532,110765218.76085505,113442179.16550532,78499627.95244059,110765218.76085505,113442179.16550532,110765218.76085505,0,76393901.28260472,53738242.19241234,3925647.028899531,18730012.06129286,7966.576243922676,5676.48,5.415635710947938,133.25494794941557,0.020551703006552118,0.9766685720763103,0.0,0.0,0.0,True,2676960.404650286,2676960.404650286,1.4901161193847656e-08,1.3135468045009745e-14,2.3597575649042857,2.3597575649042857,2.3597575649042857
sano,128,50,5,456.5234891654323,5,16,275965894.112112,0.0,275965894.112112,275965894.112112,558.970945169287,195917714.6247014,143845641.77539307,18774273.629232176,33297799.2200762,10880.834842297407,10091.519999999999,558.970945169287,7.6636877276656135,0.0380947916065507,0.9775809014422789,c128_r00_A_steiner.csv,275965894.112112,264959317.815028,275965894.112112,195917714.6247014,264959317.81502798,275965894.112112,264959317.81502798,0,187250802.9882952,143845641.77539304,10107361.992825974,33297799.2200762,12032.203556653007,10091.519999999999,8.352729849520344,558.970945169287,0.12483507276991793,0.9775809014422789,0.0,0.0,0.0,True,11006576.297084004,11006576.297084004,0.0,0.0,3.98838281538245,3.98838281538245,3.98838281538245
sano,129,50,5,304.5228056727468,5,11,150359898.56231403,0.0,150359898.56231403,150359898.56231403,225.92196948866732,105653877.0469044,75138295.4233001,8948049.237216683,21567532.386387635,7383.705643009991,6587.519999999998,225.9219694886673,5.170814008037243,0.00824978208105897,0.9780884854007262,c129_r00_A_steiner.csv,150359898.56231403,145740507.0393628,150359898.56231403,105653877.04690441,145740507.0393628,150359898.56231403,145740507.0393628,0,101971958.37769598,75138295.4233001,5266130.56800824,21567532.386387635,7970.564650108169,6587.519999999998,5.522022591733047,225.9219694886673,0.027015962078387405,0.9777978788616738,0.0,0.0,0.0,True,4619391.522951245,4619391.522951245,0.0,0.0,3.0722230908108914,3.0722230908108914,3.0722230908108914
sano,130,50,3,728.9663069372909,3,23,242764084.0232257,2.9802322387695312e-08,242764084.02322575,242764084.02322575,142.28769889093238,165915933.6847727,107593154.83363986,10457192.472273309,47865586.37885954,18929.22859414675,14506.560000000003,142.28769889093235,12.984287518116275,0.017390069899206675,0.9782631716828875,c130_r00_A_steiner.csv,242764084.02322572,240005080.7253173,242764084.02322572,165915933.6847727,240005080.7253173,242764084.02322572,240005080.7253173,0,163607387.37263253,107593154.83363986,8148646.160133144,47865586.378859535,19534.842767762602,14506.560000000003,13.34672022104682,142.28769889093235,0.05694492202855778,0.9782221711303639,0.0,0.0,0.0,True,2759003.2979083955,2759003.297908455,-2.9802322387695312e-08,-1.2276248567660473e-14,1.1364956678041536,1.1364956678041536,1.136495667804178
sano,131,50,4,326.56119722311024,4,11,119450588.76469438,1.4901161193847656e-08,119450588.7646944,119450588.7646944,84.82520198405744,82286647.31101243,53973780.297608614,5420630.049601436,22892236.963802386,8002.1107761216235,6937.919999999998,84.82520198405744,5.580901521943318,0.004846029822891234,0.9776358132892107,c131_r00_A_steiner.csv,119450588.76469436,117720550.2575976,119450588.76469436,82286647.31101243,117720550.2575976,119450588.76469436,117720550.2575976,0,80895697.93195388,53973780.297608614,4029680.670542869,22892236.963802386,8249.88832372729,6937.919999999998,5.729185182096202,84.82520198405744,0.015853270063830263,0.977606635691733,0.0,0.0,0.0,True,1730038.5070967823,1730038.5070967972,1.4901161193847656e-08,1.2474749055612813e-14,1.4483298282478823,1.4483298282478823,1.4483298282478947
sano,132,50,4,504.7120352102489,4,16,189828394.54013583,0.0,189828394.54013583,189828394.54013583,187.83314103520095,130968598.90123637,88174971.15528014,9495828.525880024,33297799.2200762,13183.909518677721,10091.519999999999,187.83314103520095,9.041973798857983,0.008115928962772821,0.9771192270732673,c132_r00_A_steiner.csv,189828394.54013583,186084766.4072533,189828394.54013583,130968598.90123637,186084766.4072533,189828394.54013583,186084766.4072533,0,127848835.35112196,88174971.15528014,6376064.975765615,33297799.2200762,13976.173035458756,10091.519999999999,9.516107695206232,187.83314103520098,0.02655270838945536,0.9770085021119387,0.0,0.0,0.0,True,3743628.1328825355,3743628.1328825355,0.0,0.0,1.97211178124936,1.97211178124936,1.97211178124936
sano,133,50,6,361.0570043441934,6,12,192920915.91403142,2.9802322387695312e-08,192920915.91403148,192920915.91403148,357.62806286995607,136158260.41729945,98644209.43049341,12540701.571748903,24973349.41505715,8963.901836251544,7568.639999999997,357.62806286995607,6.228489988600361,0.01584358808997532,0.9766354984772464,c133_r00_A_steiner.csv,192920915.91403145,185835438.4079146,192920915.91403145,136158260.41729945,185835438.4079146,192920915.91403145,185835438.4079146,0,130601989.02768794,98644209.43049341,6984430.182137368,24973349.41505715,9651.380954632052,7568.639999999998,6.639915159836534,357.62806286995607,0.051877520623362,0.9762751591519124,0.0,0.0,0.0,True,7085477.506116807,7085477.506116867,-2.9802322387695312e-08,-1.544794780104387e-14,3.672736816817834,3.672736816817834,3.6727368168178636
sano,134,50,8,460.8590563891173,8,17,256563446.01163402,7412403.124359472,262076844.7307173,251050047.2925509,471.9157747391234,181399243.80298862,131031460.03634779,16313576.672724633,34054207.09391621,10859.898509630219,10371.84,448.5430669089851,7.683158279101491,0.03733441728252618,0.9770890702356841,c134_r15_B_incremental.csv,256615552.59260616,247486071.6400383,251050047.29255083,177309019.93271443,242347693.0809179,251050047.29255083,242347693.0809179,0,170069602.11334667,127525553.86182706,8489841.15760338,34054207.09391621,12663.282117604806,10371.84,8.762401837019699,425.17035907884707,0.04482792836848382,0.9750418733623167,0.0,0.0,0.0,True,14215752.930716127,19729151.649799407,5513398.71908319,2.1489416379421336,5.540833330587361,5.540833330587361,7.528002586444069
sano,135,50,5,238.14845826902467,5,9,132903190.22802252,78266.14294250098,132933314.88048671,132873065.57555832,221.91264937541723,93991940.81119178,67017367.49991337,8244561.249985561,18730012.06129286,5264.082571724328,5676.48,221.78244999942248,3.7983154285979572,0.007514892396350412,0.9775154304798386,c135_r00_A_steiner.csv,132858003.24932623,128289813.22935271,132858003.24932623,93957763.47499317,128289813.22935271,132858003.24932623,128289813.22935271,0,90200813.08549069,66988072.64031455,4482728.383883278,18730012.06129286,6115.860856451752,5676.48,4.308066222883566,221.58715093543037,0.02465452075706377,0.9774651121507736,0.0,0.0,0.0,True,4613376.998669803,4643501.651133999,45186.97869628668,0.0339999202568119,3.471231195244158,3.471231195244158,3.4931060399033345
sano,136,50,7,767.7113179973421,7,27,347627076.6770702,5729560.702522107,348821772.6697611,346432380.6843794,454.76713965555626,242915054.71919647,168706905.5251994,19342817.58753324,54865331.60646383,18775.569713121342,16679.040000000005,449.7127035013294,13.14032962478162,0.057976572858175736,0.9766614085359572,c136_r00_A_steiner.csv,346432380.68437934,337538507.24923587,346432380.68437934,242030528.3922068,337538507.24923587,346432380.68437934,337538507.24923587,0,234086458.82134432,167948740.10206538,11272387.11281505,54865331.606463835,21892.349212389847,16679.040000000005,15.005581244660195,444.65826734710265,0.09701760540788613,0.9763930327752393,0.0,0.0,0.0,True,10088569.427834332,11283265.420525253,1194695.9926908612,0.343671731244537,2.90212417406316,2.90212417406316,3.2346792272073626
sano,137,50,4,390.96988328094096,4,13,218434253.34446645,0.0,218434253.34446645,218434253.34446645,427.54648923649324,154525097.48269823,112881973.38547398,14588662.23091233,27054461.86631191,9680.063572473411,8199.359999999997,427.5464892364932,6.729080409865774,0.03405270078544411,0.9780855634129056,c137_r00_A_steiner.csv,218434253.34446645,210079096.9643264,218434253.34446645,154525097.48269823,210079096.9643264,218434253.34446645,210079096.9643264,0,147658877.09090897,112881973.38547398,7722441.839123088,27054461.86631191,11223.199352237303,8199.359999999997,7.652577408473704,427.5464892364932,0.11149176137147758,0.9773111728070454,0.0,0.0,0.0,True,8355156.380140036,8355156.380140036,0.0,0.0,3.825021145820075,3.825021145820075,3.825021145820075
sano,138,50,7,622.2557825355337,7,21,270854475.7911564,0.0,270854475.79115635,270854475.79115635,343.3818457361604,188845184.4801781,130257276.86042409,14884546.143404013,43703361.47635001,15364.447360877113,13245.120000000003,343.3818457361604,10.706927114716072,0.028254412048240876,0.9768094449849463,c138_r00_A_steiner.csv,270854475.7911564,264083850.3952269,270854475.7911564,188845184.4801781,264083850.3952269,270854475.7911564,264083850.3952269,0,183221154.702055,130257276.86042407,9260516.36528093,43703361.47635001,16754.68711154737,13245.120000000003,11.538922752381776,343.3818457361604,0.09251186591708657,0.9767987042779569,0.0,0.0,0.0,True,6770625.395929515,6770625.395929456,0.0,0.0,2.4997280831903392,2.4997280831903392,2.499728083190318
sano,139,50,4,223.22933432063297,4,9,145551002.2947791,5787301.315161273,148892302.26696888,142209702.32258922,299.0039533239669,103699647.47935872,76473719.99612623,9820619.999354372,17405307.48387811,4877.696602487162,5326.079999999999,284.82479997417494,3.5270808946223826,0.011062428884584237,0.980734095490652,c139_r00_A_steiner.csv,142209702.32258925,136638947.1456942,142209702.32258925,101218295.64314511,136638947.1456942,142209702.32258925,136638947.1456942,0,96468030.89376426,74346846.99365744,4715876.416228715,17405307.48387811,6308.675827626682,5326.079999999999,4.383457265915416,270.64564662438295,0.03632581786753993,0.9751351848527838,0.0,0.0,0.0,True,8912055.149084896,12253355.12127468,3341299.9721898437,2.295621410715422,6.1229775189288205,6.1229775189288205,8.229676709077951
sano,140,50,6,649.7928011987098,6,22,365071687.221628,803076.6311527028,365239140.2748158,364904234.16844034,709.4103154678318,258244566.8797491,188804953.0635872,24317492.177264526,45122121.6388974,16216.429839363578,13700.640000000005,708.699687090581,11.268800109734814,0.017345267209307305,0.9771979245941598,c140_r00_A_steiner.csv,364904234.16844034,350635604.5175667,364904234.1684403,258120206.91373017,350635604.5175667,364904234.1684403,350635604.5175667,0,247114919.17740726,188698358.80699953,13294438.73151033,45122121.6388974,17172.44884018278,13700.640000000003,11.840934259850735,707.9890587133303,0.056902418503203524,0.9769771426277906,0.0,0.0,0.0,True,14436082.70406133,14603535.757249117,167453.05318772793,0.045868540083764536,3.9543145111928277,3.9543145111928277,3.9983490669321538
sano,141,50,3,107.30816813124095,3,5,58322691.73567649,7.450580596923828e-09,58322691.73567649,58322691.73567649,68.42068733093835,41170467.88144688,29013103.099640753,3210517.183273459,8946847.59853267,2220.158872871589,2759.4,68.42068733093835,1.6436647114380207,0.001134307085122242,0.9795543878174531,c141_r00_A_steiner.csv,58322691.73567648,56697998.989458375,58322691.73567648,41170467.88144688,56697998.989458375,58322691.73567648,56697998.989458375,0,39817500.20679377,29013103.099640753,1857549.5086203422,8946847.59853267,2561.72056852914,2759.4,1.8480739441935763,68.42068733093835,0.00371106201931649,0.9795286202681112,0.0,0.0,0.0,True,1624692.746218115,1624692.746218115,7.450580596923828e-09,1.277475434551359e-14,2.7856957521462897,2.7856957521462897,2.7856957521462897
sano,142,50,6,315.0673201914467,6,11,180184637.00239587,0.0,180184637.00239587,180184637.00239587,351.2280424101655,127582439.80816658,93934206.36152482,12080701.060254136,21567532.386387635,7890.861430515804,6587.5199999999995,351.2280424101655,5.474323818210862,0.01709462752048487,0.9769893577908435,c142_r00_A_steiner.csv,180184637.00239587,173134993.02018523,180184637.00239584,127582439.80816658,173134993.02018523,180184637.00239584,173134993.02018523,0,121851369.35610735,93934206.36152482,6349630.608194906,21567532.386387635,9047.718648240505,6587.519999999999,6.166650561195297,351.2280424101655,0.05598771629761221,0.9747184779365042,0.0,0.0,0.0,True,7049643.982210636,7049643.982210636,2.9802322387695312e-08,1.6539879805235027e-14,3.9124556341154095,3.9124556341154095,3.9124556341154095
sano,143,50,4,476.45906723234384,4,16,183046216.75323164,0.0,183046216.7532316,183046216.7532316,162.9733831758005,126618141.27584128,84446007.47637007,8874334.579395011,33297799.2200762,11586.104231872187,10091.519999999999,162.97338317580048,8.085759571908644,0.007964567548724794,0.9792689222068937,c143_r00_A_steiner.csv,183046216.75323164,179849485.49450967,183046216.75323164,126618141.27584128,179849485.49450967,183046216.75323164,179849485.49450967,0,123656769.94309658,84446007.47637007,5912963.246650313,33297799.2200762,12955.637829203039,10091.519999999999,8.905363512931434,162.97338317580048,0.02609932599781325,0.9780966393720876,0.0,0.0,0.0,True,3196731.2587219775,3196731.2587219477,0.0,0.0,1.7464066263830824,1.7464066263830824,1.7464066263830664
sano,144,50,6,373.1912107278984,6,14,224454622.94212887,429687.3629161772,224508758.46135655,224400487.42290106,427.8337201251748,159341982.80540642,116640954.05593242,14890159.009322071,27810869.740151923,8592.23603838039,8479.679999999998,427.6063603728829,6.110064811684464,0.016935222024475286,0.9787573722139635,c144_r00_A_steiner.csv,224292216.3844455,215573016.97229493,224292216.3844455,159222618.93545315,215573016.97229493,224292216.3844455,215573016.97229493,0,152165829.20350888,116538642.16740105,7816317.295955916,27810869.74015192,9946.65120688501,8479.679999999998,6.920621056562961,426.924281116007,0.030641123374249273,0.9769662449855622,0.0,0.0,0.0,True,8881605.96983394,8935741.489061624,162406.55768337846,0.07235607605429083,3.9569717270309397,3.9569717270309397,3.980130463640546
sano,145,50,7,630.5611015576457,7,23,259519491.95594636,2.9802322387695312e-08,259519491.95594642,259519491.95594642,224.69956562728507,180338010.36363444,119954934.84409277,12517489.140682125,47865586.37885954,14313.800924752684,14506.560000000003,224.69956562728507,10.222162722701597,0.011478728075362045,0.9778961857179446,c145_r00_A_steiner.csv,259519491.9559464,254897615.9467718,259519491.9559464,180338010.3636344,254897615.9467718,259519491.9559464,254897615.9467718,0,175909580.7156917,119954934.84409276,8089059.492739361,47865586.378859535,16636.100730272374,14506.560000000003,11.611954164510662,224.69956562728507,0.0376412595567975,0.9777836900619005,0.0,0.0,0.0,True,4621876.009174556,4621876.009174615,-2.9802322387695312e-08,-1.1483654720144983e-14,1.7809359807004874,1.7809359807004874,1.7809359807005098
sano,146,50,6,202.45138378214267,6,9,141495199.5244464,1743803.5592223937,142291921.1226798,140698477.926213,279.0864328900555,101069243.5135809,75105689.42923088,9592614.904871816,16370939.179478196,4260.85331286318,5054.52,275.70459619487264,3.1269280734323064,0.009639213711056293,0.9807690245343105,c146_r20_B_incremental.csv,141489615.35031974,135639022.49488828,140528000.04504535,100350646.56242406,134749177.22828448,140528000.04504535,134749177.22828448,0,95660206.79837066,74489749.18538217,4799518.433510281,16370939.179478196,5192.628324500092,5054.52,3.684553292099854,271.59832790254785,0.021803659153785262,0.9767705711011166,0.0,0.0,0.0,True,6746022.29616192,7542743.894395322,967199.479401052,0.6835563910660779,4.7676686692090895,4.7676686692090895,5.30089398954154
