city,cluster,terminals,raw_kw,coinc_kw,n_s1,n_s1_feas,s1_npc_mean,s1_npc_feas_mean,s1_capex_mean,s1_length_mean,s1_plkw_mean,s1_vdrop_max,s1cond_npc_mean,s1cond_vdrop_max,n_s1cond_feas,s1cond_plkw_mean,s2f_npc,s2f_plkw,s2_npc,s2_w,s2_capex,s2_plkw,s2_length,s2_vdrop,s2_upsize_m,s2_feasible,vof_mean,tld
sano,0,1,123.47208798003354,98.77767038402683,1,1,4713525.528645839,4713525.528645839,0.0,0.0,0.0,0.0,4713525.528645839,0.0,1,0.0,4713525.528645839,0.0,4713525.528645839,0,0.0,0.0,0.0,0.0,0.0,True,0.0,0.0
sano,2,3,159.0808240675916,127.26465925407331,12,12,29056131.44401924,29056131.44401924,17731261.34340867,109.45223051486828,0.26162514136032305,0.3450542663668019,29056131.44401924,0.3450542663668019,12,0.26162514136032305,29056131.444019236,0.2616251413603231,29056131.444019236,0,17731261.343408667,0.2616251413603231,109.45223051486829,0.3450542663668019,0.0,True,0.0,0.0
sano,3,3,199.21653798545057,159.3732303883605,12,12,15496821.737430217,15496821.737430217,7555175.351438026,46.63688488541991,0.34349059536898613,0.2496912021342067,15496821.737430217,0.2496912021342067,12,0.34349059536898613,15496821.737430219,0.34349059536898613,15496821.737430219,0,7555175.351438024,0.34349059536898613,46.6368848854199,0.2496912021342067,0.0,False,0.0,0.0
sano,4,2,78.01019662534486,62.40815730027589,12,12,6496006.300478504,6496006.300478504,1319093.0167317113,8.142549485998218,0.003403273581411363,0.017410890615776067,6496006.300478504,0.017410890615776067,12,0.003403273581411363,6496006.300478505,0.003403273581411363,6496006.300478505,0,1319093.0167317113,0.003403273581411363,8.142549485998218,0.017410890615776067,0.0,True,0.0,0.0
sano,5,2,53.41369613388528,42.73095690710823,12,12,12758074.446797138,12758074.446797138,5949137.807744152,36.72307288730958,0.018465755748809064,0.08612820639533589,12758074.446797138,0.08612820639533589,12,0.018465755748809064,12758074.446797138,0.01846575574880906,12758074.446797138,0,5949137.807744152,0.01846575574880906,36.72307288730958,0.08612820639533589,0.0,True,0.0,0.0
sano,6,1,39.48021992074765,31.584175936598122,1,1,4713525.528645839,4713525.528645839,0.0,0.0,0.0,0.0,4713525.528645839,0.0,1,0.0,4713525.528645839,0.0,4713525.528645839,0,0.0,0.0,0.0,0.0,0.0,True,0.0,0.0
sano,7,1,49.57054438028701,39.65643550422961,1,1,4713525.528645839,4713525.528645839,0.0,0.0,0.0,0.0,4713525.528645839,0.0,1,0.0,4713525.528645839,0.0,4713525.528645839,0,0.0,0.0,0.0,0.0,0.0,True,0.0,0.0
sano,8,2,220.33613789145662,176.2689103131653,12,12,18368266.207133237,18368266.207133237,9668923.021714317,59.684710010582215,0.35749646893779125,0.4831252932164096,18368266.207133237,0.4831252932164096,12,0.35749646893779125,18368266.20713324,0.35749646893779125,18368266.20713324,0,9668923.021714319,0.35749646893779125,59.684710010582215,0.4831252932164096,0.0,False,0.0,0.0
sano,9,4,201.59418713838258,161.27534971070608,12,12,42235869.50125363,42235869.50125363,26820625.48890538,165.55941659818134,0.7915512953125244,0.7571666200447653,42235869.50125363,0.7571666200447653,12,0.7915512953125244,42235869.501253635,0.7915512953125243,42235869.501253635,0,26820625.48890538,0.7915512953125243,165.55941659818137,0.7571666200447653,0.0,False,0.0,0.0
sano,11,3,88.64102534779732,70.91282027823786,12,12,16383469.49771184,16383469.49771184,8588703.799521053,53.01669012050032,0.05833293663811909,0.09990586921758006,16383469.49771184,0.09990586921758006,12,0.05833293663811909,16383469.49771184,0.05833293663811907,16383469.49771184,0,8588703.799521051,0.05833293663811907,53.016690120500314,0.09990586921758006,0.0,True,0.0,0.0
sano,12,2,73.19758599839429,58.55806879871543,12,12,15533927.000778725,15533927.000778725,8015828.8138849465,49.480424777067576,0.014286366002713179,0.08793665634490296,15533927.000778725,0.08793665634490296,12,0.014286366002713179,15533927.00077872,0.014286366002713177,15533927.00077872,0,8015828.813884947,0.014286366002713177,49.480424777067576,0.08793665634490296,0.0,True,0.0,0.0
sano,13,2,89.20169408121673,71.36135526497338,12,12,12990926.145350337,12990926.145350337,6114505.579121311,37.74386159951427,0.02419306936087724,0.09994498412015854,12990926.145350337,0.09994498412015854,12,0.02419306936087724,12990926.145350337,0.02419306936087724,12990926.145350337,0,6114505.579121311,0.02419306936087724,37.74386159951427,0.09994498412015854,0.0,True,0.0,0.0
sano,14,1,65.65755669212768,52.52604535370215,1,1,4713525.528645839,4713525.528645839,0.0,0.0,0.0,0.0,4713525.528645839,0.0,1,0.0,4713525.528645839,0.0,4713525.528645839,0,0.0,0.0,0.0,0.0,0.0,True,0.0,0.0
sano,15,1,66.3137310919579,53.05098487356633,1,1,4713525.528645839,4713525.528645839,0.0,0.0,0.0,0.0,4713525.528645839,0.0,1,0.0,4713525.528645839,0.0,4713525.528645839,0,0.0,0.0,0.0,0.0,0.0,True,0.0,0.0
sano,16,2,58.91667816176377,47.13334252941102,12,12,10039512.008881932,10039512.008881932,3946855.369634925,24.36330475083287,0.006022970943219974,0.04006506349486196,10039512.008881932,0.04006506349486196,12,0.006022970943219974,10039512.008881934,0.006022970943219974,10039512.008881934,0,3946855.369634925,0.006022970943219974,24.36330475083287,0.04006506349486196,0.0,True,0.0,0.0
sano,17,1,31.136799598272557,24.909439678618046,1,1,4713525.528645839,4713525.528645839,0.0,0.0,0.0,0.0,4713525.528645839,0.0,1,0.0,4713525.528645839,0.0,4713525.528645839,0,0.0,0.0,0.0,0.0,0.0,True,0.0,0.0
sano,18,2,42.45140675307432,33.96112540245946,12,12,9071322.772801494,9071322.772801494,3228616.5059021492,19.929731517914497,0.005502886059007508,0.034636845855723894,9071322.772801494,0.034636845855723894,12,0.005502886059007508,9071322.772801496,0.005502886059007508,9071322.772801496,0,3228616.5059021492,0.005502886059007508,19.9297315179145,0.034636845855723894,0.0,True,0.0,0.0
sano,19,1,68.06377739126289,54.451021913010315,1,1,4713525.528645839,4713525.528645839,0.0,0.0,0.0,0.0,4713525.528645839,0.0,1,0.0,4713525.528645839,0.0,4713525.528645839,0,0.0,0.0,0.0,0.0,0.0,True,0.0,0.0
sano,20,2,161.38555086305496,129.10844069044398,12,12,12448876.491381621,12448876.491381621,5617689.541521891,34.67709593532032,0.09588683008195327,0.19071866288398695,12448876.491381621,0.19071866288398695,12,0.09588683008195327,12448876.491381621,0.09588683008195326,12448876.491381621,0,5617689.541521891,0.09588683008195326,34.67709593532032,0.19071866288398695,0.0,True,0.0,0.0
sano,21,2,229.0067546671159,183.20540373369272,12,12,13321838.787005568,13321838.787005568,5859311.838726447,36.16859159707684,0.4049401259843091,0.4002704764699461,13321838.787005568,0.4002704764699461,12,0.4049401259843091,13321838.787005568,0.4049401259843092,13321838.787005568,0,5859311.838726448,0.4049401259843092,36.16859159707684,0.4002704764699461,0.0,False,0.0,0.0
sano,22,2,138.2393842889484,110.59150743115872,12,12,10016233.841889279,10016233.841889279,3926659.384968744,24.23863817881941,0.008235589775020613,0.04672978827326752,10016233.841889279,0.04672978827326752,12,0.008235589775020613,10016233.84188928,0.008235589775020612,10016233.84188928,0,3926659.3849687446,0.008235589775020612,24.23863817881941,0.04672978827326752,0.0,True,0.0,0.0
sano,23,2,80.96012984500842,64.76810387600673,12,12,11295558.414508434,11295558.414508434,4839156.092093245,29.871333901810157,0.036707802833259924,0.10952136701291092,11295558.414508434,0.10952136701291092,12,0.036707802833259924,11295558.414508434,0.036707802833259924,11295558.414508434,0,4839156.092093245,0.036707802833259924,29.871333901810157,0.10952136701291092,0.0,True,0.0,0.0
sano,24,2,172.21205359113947,137.76964287291156,12,12,58006678.90257486,58006678.90257486,37949038.13804924,234.25332183981016,1.2340161729771884,1.778261628649461,58006678.90257486,1.778261628649461,12,1.2340161729771884,58006678.90257485,1.2340161729771884,58006678.90257485,0,37949038.13804924,1.2340161729771884,234.2533218398101,1.778261628649461,0.0,False,0.0,0.0
sano,25,1,125.14058508220424,100.1124680657634,1,1,4713525.528645839,4713525.528645839,0.0,0.0,0.0,0.0,4713525.528645839,0.0,1,0.0,4713525.528645839,0.0,4713525.528645839,0,0.0,0.0,0.0,0.0,0.0,True,0.0,0.0
sano,26,2,143.85411723083396,115.08329378466718,12,12,12618861.042586997,12618861.042586997,5706653.25586396,35.22625466582691,0.12420644320981887,0.21877497882602454,12618861.042586997,0.21877497882602454,12,0.12420644320981887,12618861.042586997,0.12420644320981887,12618861.042586997,0,5706653.25586396,0.12420644320981887,35.226254665826914,0.21877497882602454,0.0,True,0.0,0.0
sano,27,1,73.74467154213171,58.99573723370537,1,1,4713525.528645839,4713525.528645839,0.0,0.0,0.0,0.0,4713525.528645839,0.0,1,0.0,4713525.528645839,0.0,4713525.528645839,0,0.0,0.0,0.0,0.0,0.0,True,0.0,0.0
sano,28,1,147.40554081716493,117.92443265373196,1,1,4713525.528645839,4713525.528645839,0.0,0.0,0.0,0.0,4713525.528645839,0.0,1,0.0,4713525.528645839,0.0,4713525.528645839,0,0.0,0.0,0.0,0.0,0.0,True,0.0,0.0
sano,29,1,89.13983633699763,71.3118690695981,1,1,4713525.528645839,4713525.528645839,0.0,0.0,0.0,0.0,4713525.528645839,0.0,1,0.0,4713525.528645839,0.0,4713525.528645839,0,0.0,0.0,0.0,0.0,0.0,True,0.0,0.0
sano,30,2,121.80514525221696,97.44411620177357,12,12,11806158.352023201,11806158.352023201,5181609.604889325,31.985244474625464,0.06459575423794275,0.15033814129823336,11806158.352023201,0.15033814129823336,12,0.06459575423794275,11806158.352023203,0.06459575423794277,11806158.352023203,0,5181609.604889325,0.06459575423794277,31.985244474625464,0.15033814129823336,0.0,True,0.0,0.0
sano,31,2,51.462941169660986,41.170352935728786,12,12,13073131.142546406,13073131.142546406,6202238.15309536,38.285420698119495,0.0039044232421784823,0.040437798982760315,13073131.142546406,0.040437798982760315,12,0.0039044232421784823,13073131.142546406,0.0039044232421784823,13073131.142546406,0,6202238.153095359,0.0039044232421784823,38.2854206981195,0.040437798982760315,0.0,True,0.0,0.0
sano,32,3,88.92135352747405,71.13708282197925,12,12,84157696.19240437,84157696.19240437,58598266.558785796,361.7176948073198,0.29836115428434734,1.081373513116466,84157696.19240437,1.081373513116466,12,0.29836115428434734,84157696.19240436,0.29836115428434734,84157696.19240436,0,58598266.558785796,0.29836115428434734,361.7176948073198,1.081373513116466,0.0,True,0.0,0.0
sano,33,5,123.89368658523912,99.11494926819132,12,12,26370800.73638642,26370800.73638642,15781610.410086878,97.41734821041285,0.22793313349617284,0.5066204147325436,26370800.73638642,0.5066204147325436,12,0.22793313349617284,26202805.396837957,0.17545360440809388,26202805.396837957,0,15725908.564808914,0.17545360440809388,97.0735096593143,0.28913917700516933,0.0,True,167995.3395484636,0.33333333333333337
sano,34,1,11.02398951117607,8.819191608940857,1,1,4713525.528645839,4713525.528645839,0.0,0.0,0.0,0.0,4713525.528645839,0.0,1,0.0,4713525.528645839,0.0,4713525.528645839,0,0.0,0.0,0.0,0.0,0.0,True,0.0,0.0
sano,35,2,85.39988980129836,68.31991184103869,12,12,26575913.560777932,26575913.560777932,16052836.941364191,99.09158605780362,0.13753999402856268,0.38612261874217296,26575913.560777932,0.38612261874217296,12,0.13753999402856268,26575913.560777932,0.1375399940285627,26575913.560777932,0,16052836.941364188,0.1375399940285627,99.09158605780362,0.38612261874217296,0.0,True,0.0,0.0
sano,36,2,85.78660684184527,68.62928547347622,12,12,6766098.32437089,6766098.32437089,1508569.9421626779,9.312160136806655,0.011823977715138592,0.034705585187230166,6766098.32437089,0.034705585187230166,12,0.011823977715138592,6766098.324370889,0.011823977715138592,6766098.324370889,0,1508569.942162678,0.011823977715138592,9.312160136806655,0.034705585187230166,0.0,True,0.0,0.0
sano,37,3,237.03377400378548,189.62701920302837,12,12,34320061.006359644,34320061.006359644,21399971.544577453,132.09858978134233,0.44404301224953513,0.7229130114731072,34320061.006359644,0.7229130114731072,12,0.44404301224953513,34320061.00635965,0.4440430122495351,34320061.00635965,0,21399971.544577457,0.4440430122495351,132.09858978134233,0.7229130114731072,0.0,False,0.0,0.0
sano,38,1,5.518538686146353,4.414830948917082,1,1,4713525.528645839,4713525.528645839,0.0,0.0,0.0,0.0,4713525.528645839,0.0,1,0.0,4713525.528645839,0.0,4713525.528645839,0,0.0,0.0,0.0,0.0,0.0,True,0.0,0.0
sano,39,2,90.41167710152908,72.32934168122327,12,12,16420829.25909903,16420829.25909903,8644784.348786611,53.36286635053465,0.03679198375377768,0.14655091340429238,16420829.25909903,0.14655091340429238,12,0.03679198375377768,16420829.259099029,0.03679198375377768,16420829.259099029,0,8644784.348786613,0.03679198375377768,53.36286635053465,0.14655091340429238,0.0,True,0.0,0.0
sano,40,2,205.8580979923624,164.68647839388993,12,12,11175621.70617749,11175621.70617749,4668718.68474727,28.819251140415247,0.09856483394494171,0.1762766123019268,11175621.70617749,0.1762766123019268,12,0.09856483394494171,11175621.70617749,0.09856483394494173,11175621.70617749,0,4668718.68474727,0.09856483394494173,28.819251140415247,0.1762766123019268,0.0,False,0.0,0.0
sano,41,1,58.383175665795335,46.70654053263627,1,1,4713525.528645839,4713525.528645839,0.0,0.0,0.0,0.0,4713525.528645839,0.0,1,0.0,4713525.528645839,0.0,4713525.528645839,0,0.0,0.0,0.0,0.0,0.0,True,0.0,0.0
sano,42,2,57.93634912903919,46.34907930323135,12,12,5630064.358842968,5630064.358842968,679683.0847169535,4.195574597018231,0.0006744487375912684,0.005563685200904728,5630064.358842968,0.005563685200904728,12,0.0006744487375912684,5630064.358842967,0.0006744487375912682,5630064.358842967,0,679683.0847169536,0.0006744487375912682,4.195574597018232,0.005563685200904728,0.0,True,0.0,0.0
sano,43,3,134.50066398786953,107.60053119029564,12,12,25172200.485112082,25172200.485112082,14846429.894836873,91.64462898047452,0.2622650782458073,0.3428982237234696,25172200.485112082,0.3428982237234696,12,0.2622650782458073,25172200.485112086,0.2622650782458073,25172200.485112086,0,14846429.894836873,0.2622650782458073,91.64462898047452,0.3428982237234696,0.0,True,0.0,0.0
sano,44,1,126.62637092211358,101.30109673769087,1,1,4713525.528645839,4713525.528645839,0.0,0.0,0.0,0.0,4713525.528645839,0.0,1,0.0,4713525.528645839,0.0,4713525.528645839,0,0.0,0.0,0.0,0.0,0.0,True,0.0,0.0
sano,45,2,153.54701747851567,122.83761398281253,12,12,27064285.92425817,27064285.92425817,16025001.62355653,98.91976310837366,0.4343423625210739,0.685567120719995,27064285.92425817,0.685567120719995,12,0.4343423625210739,27064285.924258165,0.434342362521074,27064285.924258165,0,16025001.623556532,0.434342362521074,98.91976310837366,0.685567120719995,0.0,True,0.0,0.0
sano,46,1,74.53793612578636,59.63034890062909,1,1,4713525.528645839,4713525.528645839,0.0,0.0,0.0,0.0,4713525.528645839,0.0,1,0.0,4713525.528645839,0.0,4713525.528645839,0,0.0,0.0,0.0,0.0,0.0,True,0.0,0.0
sano,47,2,98.29923077042162,78.63938461633731,12,12,17409379.91937256,17409379.91937256,9386883.392896965,57.94372464751212,0.030668008391892824,0.13942425848935494,17409379.91937256,0.13942425848935494,12,0.030668008391892824,17409379.91937256,0.030668008391892827,17409379.91937256,0,9386883.392896965,0.030668008391892827,57.94372464751213,0.13942425848935494,0.0,True,0.0,0.0
sano,48,1,49.55649388105324,39.6451951048426,1,1,4713525.528645839,4713525.528645839,0.0,0.0,0.0,0.0,4713525.528645839,0.0,1,0.0,4713525.528645839,0.0,4713525.528645839,0,0.0,0.0,0.0,0.0,0.0,True,0.0,0.0
sano,49,2,80.46687696419228,64.37350157135383,12,12,17867490.801592756,17867490.801592756,9764159.611850936,60.27259019661073,0.002461308647103201,0.040284253388589666,17867490.801592756,0.040284253388589666,12,0.002461308647103201,17867490.801592752,0.0024613086471032015,17867490.801592752,0,9764159.611850938,0.0024613086471032015,60.27259019661072,0.040284253388589666,0.0,True,0.0,0.0
sano,50,1,43.55205196936814,34.84164157549451,1,1,4713525.528645839,4713525.528645839,0.0,0.0,0.0,0.0,4713525.528645839,0.0,1,0.0,4713525.528645839,0.0,4713525.528645839,0,0.0,0.0,0.0,0.0,0.0,True,0.0,0.0
sano,51,2,112.55549798141813,90.0443983851345,12,12,5843102.564092704,5843102.564092704,831641.0974744557,5.133587021447257,0.005411620007763821,0.017432772538901097,5843102.564092704,0.017432772538901097,12,0.005411620007763821,5843102.564092704,0.00541162000776382,5843102.564092704,0,831641.0974744557,0.00541162000776382,5.133587021447258,0.017432772538901097,0.0,True,0.0,0.0
sano,52,1,46.79993293861144,37.43994635088915,1,1,4713525.528645839,4713525.528645839,0.0,0.0,0.0,0.0,4713525.528645839,0.0,1,0.0,4713525.528645839,0.0,4713525.528645839,0,0.0,0.0,0.0,0.0,0.0,True,0.0,0.0
sano,53,1,27.93252402529828,22.346019220238627,1,1,4713525.528645839,4713525.528645839,0.0,0.0,0.0,0.0,4713525.528645839,0.0,1,0.0,4713525.528645839,0.0,4713525.528645839,0,0.0,0.0,0.0,0.0,0.0,True,0.0,0.0
sano,54,2,57.17031774928835,45.73625419943068,12,12,10085998.509437727,10085998.509437727,3981400.668493657,24.5765473363806,0.006002426878034429,0.04017133149541809,10085998.509437727,0.04017133149541809,12,0.006002426878034429,10085998.509437729,0.00600242687803443,10085998.509437729,0,3981400.668493657,0.00600242687803443,24.5765473363806,0.04017133149541809,0.0,True,0.0,0.0
sano,55,4,261.5011091957996,209.2008873566396,12,12,33250842.945633594,33250842.945633594,19998124.897565093,123.44521541706848,0.9061174193242181,0.5652672395021009,33250842.945633594,0.5652672395021009,12,0.9061174193242181,33250842.945633598,0.9061174193242181,33250842.945633598,0,19998124.89756509,0.9061174193242181,123.44521541706845,0.5652672395021009,0.0,False,0.0,0.0
sano,56,3,79.83965479560305,63.871723836482445,12,12,9865212.614241974,9865212.614241974,3802707.6309465994,23.4735038947321,0.01721388740143243,0.044001725756794376,9865212.614241974,0.044001725756794376,12,0.01721388740143243,9865212.614241974,0.01721388740143243,9865212.614241974,0,3802707.6309466,0.01721388740143243,23.473503894732097,0.044001725756794376,0.0,True,0.0,0.0
sano,57,3,230.23738176227945,184.18990540982355,12,12,22172061.036255386,22172061.036255386,12099339.341937272,74.68727988850165,0.6570316970564238,0.5063539475295036,22172061.036255386,0.5063539475295036,12,0.6570316970564238,22172061.036255386,0.6570316970564237,22172061.036255386,0,12099339.34193727,0.6570316970564237,74.68727988850166,0.5063539475295036,0.0,False,0.0,0.0
sano,58,2,86.09248077880478,68.87398462304382,12,12,11355110.097523218,11355110.097523218,4906436.25964293,30.286643578042785,0.019179360149441268,0.07971406988536885,11355110.097523218,0.07971406988536885,12,0.019179360149441268,11355110.09752322,0.019179360149441268,11355110.09752322,0,4906436.259642931,0.019179360149441268,30.28664357804278,0.07971406988536885,0.0,True,0.0,0.0
sano,59,1,77.84710106482542,62.27768085186034,1,1,4713525.528645839,4713525.528645839,0.0,0.0,0.0,0.0,4713525.528645839,0.0,1,0.0,4713525.528645839,0.0,4713525.528645839,0,0.0,0.0,0.0,0.0,0.0,True,0.0,0.0
sano,60,1,8.951912237985947,7.161529790388759,1,1,4713525.528645839,4713525.528645839,0.0,0.0,0.0,0.0,4713525.528645839,0.0,1,0.0,4713525.528645839,0.0,4713525.528645839,0,0.0,0.0,0.0,0.0,0.0,True,0.0,0.0
sano,62,3,113.47342133317653,90.77873706654124,12,12,28128440.631059796,28128440.631059796,17160046.57846165,105.92621344729416,0.1722085722304194,0.2548110154847733,28128440.631059796,0.2548110154847733,12,0.1722085722304194,28128440.631059796,0.1722085722304194,28128440.631059796,0,17160046.578461654,0.1722085722304194,105.92621344729415,0.2548110154847733,0.0,True,0.0,0.0
sano,63,3,207.83063368653933,166.26450694923147,12,12,15145501.42315651,15145501.42315651,7381404.27213882,45.56422390209149,0.27728529976374855,0.24892920834323068,15145501.42315651,0.24892920834323068,12,0.27728529976374855,15145501.423156513,0.2772852997637486,15145501.423156513,0,7381404.272138821,0.2772852997637486,45.564223902091484,0.24892920834323068,0.0,False,0.0,0.0
sano,64,1,52.89810313234322,42.318482505874584,1,1,4713525.528645839,4713525.528645839,0.0,0.0,0.0,0.0,4713525.528645839,0.0,1,0.0,4713525.528645839,0.0,4713525.528645839,0,0.0,0.0,0.0,0.0,0.0,True,0.0,0.0
sano,65,1,56.89393324832911,45.51514659866329,1,1,4713525.528645839,4713525.528645839,0.0,0.0,0.0,0.0,4713525.528645839,0.0,1,0.0,4713525.528645839,0.0,4713525.528645839,0,0.0,0.0,0.0,0.0,0.0,True,0.0,0.0
sano,66,2,81.30188244959638,65.04150595967711,12,12,15310934.235198447,15310934.235198447,7835438.438029095,48.366903938451195,0.025542399330089966,0.11625117249324901,15310934.235198447,0.11625117249324901,12,0.025542399330089966,15310934.235198453,0.02554239933008997,15310934.235198453,0,7835438.438029095,0.02554239933008997,48.3669039384512,0.11625117249324901,0.0,True,0.0,0.0
sano,67,2,40.984773911238385,32.78781912899071,12,12,33463025.524088066,33463025.524088066,21342489.042864706,131.74375952385617,0.004012670922838485,0.07604561058320253,33463025.524088066,0.07604561058320253,12,0.004012670922838485,33463025.52408806,0.004012670922838486,33463025.52408806,0,21342489.042864703,0.004012670922838486,131.74375952385617,0.07604561058320253,0.0,True,0.0,0.0
sano,68,1,95.36626409661191,76.29301127728954,1,1,4713525.528645839,4713525.528645839,0.0,0.0,0.0,0.0,4713525.528645839,0.0,1,0.0,4713525.528645839,0.0,4713525.528645839,0,0.0,0.0,0.0,0.0,0.0,True,0.0,0.0
sano,69,5,152.2561096280973,121.80488770247786,12,12,22383247.966961216,22383247.966961216,12790139.802721145,78.95148026371078,0.25114482567516744,0.3564304416373895,22383247.966961216,0.3564304416373895,12,0.25114482567516744,22383247.96696122,0.2511448256751675,22383247.96696122,0,12790139.802721146,0.2511448256751675,78.95148026371078,0.3564304416373895,0.0,True,0.0,0.0
sano,70,1,74.65842573027452,59.72674058421961,1,1,4713525.528645839,4713525.528645839,0.0,0.0,0.0,0.0,4713525.528645839,0.0,1,0.0,4713525.528645839,0.0,4713525.528645839,0,0.0,0.0,0.0,0.0,0.0,True,0.0,0.0
sano,71,1,32.93190212889061,26.345521703112492,1,1,4713525.528645839,4713525.528645839,0.0,0.0,0.0,0.0,4713525.528645839,0.0,1,0.0,4713525.528645839,0.0,4713525.528645839,0,0.0,0.0,0.0,0.0,0.0,True,0.0,0.0
sano,72,2,171.3556811922017,137.08454495376137,12,12,21080710.86785381,21080710.86785381,11782468.103812331,72.73128459143415,0.28191452056646255,0.4736000117044459,21080710.86785381,0.4736000117044459,12,0.28191452056646255,21080710.867853805,0.2819145205664626,21080710.867853805,0,11782468.103812331,0.2819145205664626,72.73128459143415,0.4736000117044459,0.0,False,0.0,0.0
sano,73,1,59.2327558327077,47.386204666166165,1,1,4713525.528645839,4713525.528645839,0.0,0.0,0.0,0.0,4713525.528645839,0.0,1,0.0,4713525.528645839,0.0,4713525.528645839,0,0.0,0.0,0.0,0.0,0.0,True,0.0,0.0
sano,74,1,30.21285759740553,24.170286077924427,1,1,4713525.528645839,4713525.528645839,0.0,0.0,0.0,0.0,4713525.528645839,0.0,1,0.0,4713525.528645839,0.0,4713525.528645839,0,0.0,0.0,0.0,0.0,0.0,True,0.0,0.0
sano,75,1,14.491012627382126,11.592810101905702,1,1,4713525.528645839,4713525.528645839,0.0,0.0,0.0,0.0,4713525.528645839,0.0,1,0.0,4713525.528645839,0.0,4713525.528645839,0,0.0,0.0,0.0,0.0,0.0,True,0.0,0.0
sano,76,1,19.662829012763464,15.730263210210772,1,1,4713525.528645839,4713525.528645839,0.0,0.0,0.0,0.0,4713525.528645839,0.0,1,0.0,4713525.528645839,0.0,4713525.528645839,0,0.0,0.0,0.0,0.0,0.0,True,0.0,0.0
sano,77,1,36.05256500188613,28.842052001508904,1,1,4713525.528645839,4713525.528645839,0.0,0.0,0.0,0.0,4713525.528645839,0.0,1,0.0,4713525.528645839,0.0,4713525.528645839,0,0.0,0.0,0.0,0.0,0.0,True,0.0,0.0
sano,78,3,155.2313838398494,124.18510707187951,12,12,20309743.86968727,20309743.86968727,11292984.745595274,69.7097823802177,0.21883035581471807,0.39379660843069236,20309743.86968727,0.39379660843069236,12,0.21883035581471807,20309743.869687274,0.21883035581471805,20309743.869687274,0,11292984.745595273,0.21883035581471805,69.70978238021772,0.39379660843069236,0.0,True,0.0,0.0
sano,79,3,168.40814196093365,134.72651356874692,12,12,10684342.881926935,10684342.881926935,4356028.582036361,26.88906532121211,0.058958555829361464,0.1301098912220522,10684342.881926935,0.1301098912220522,12,0.058958555829361464,10684342.881926933,0.05895855582936146,10684342.881926933,0,4356028.582036361,0.05895855582936146,26.889065321212108,0.1301098912220522,0.0,True,0.0,0.0
sano,80,3,51.48014786374875,41.184118290999,12,12,27688141.213663626,27688141.213663626,17011718.672368173,105.01060908869248,0.03644258053016294,0.13544866260063618,27688141.213663626,0.13544866260063618,12,0.03644258053016294,27688141.213663623,0.036442580530162944,27688141.213663623,0,17011718.672368176,0.036442580530162944,105.01060908869246,0.13544866260063618,0.0,True,0.0,0.0
sano,81,2,186.40587790566804,149.12470232453444,12,12,5228810.0255301725,5228810.0255301725,377207.66129612504,2.3284423536797836,0.0041150335250427494,0.010237921295685595,5228810.0255301725,0.010237921295685595,12,0.0041150335250427494,5228810.025530172,0.0041150335250427494,5228810.025530172,0,377207.66129612504,0.0041150335250427494,2.328442353679784,0.010237921295685595,0.0,False,0.0,0.0
sano,82,1,52.627107925173696,42.10168634013896,1,1,4713525.528645839,4713525.528645839,0.0,0.0,0.0,0.0,4713525.528645839,0.0,1,0.0,4713525.528645839,0.0,4713525.528645839,0,0.0,0.0,0.0,0.0,0.0,True,0.0,0.0
sano,83,2,156.54083155797315,125.23266524637853,12,12,17214718.1539708,17214718.1539708,9143094.863308622,56.43885718091743,0.10610399770175044,0.255945401870381,17214718.1539708,0.255945401870381,12,0.10610399770175044,17214718.153970797,0.10610399770175045,17214718.153970797,0,9143094.863308622,0.10610399770175045,56.43885718091742,0.255945401870381,0.0,True,0.0,0.0
sano,84,3,173.01592816228163,138.4127425298253,12,12,21613934.692812733,21613934.692812733,12143821.550559765,74.96186142320845,0.3082057084223104,0.4686297119220451,21613934.692812733,0.4686297119220451,12,0.3082057084223104,21613934.69281273,0.30820570842231043,21613934.69281273,0,12143821.550559767,0.30820570842231043,74.96186142320845,0.4686297119220451,0.0,False,0.0,0.0
sano,85,4,444.4417255382157,355.5533804305725,12,12,45253235.03487081,45253235.03487081,27856312.363088083,171.95254545116106,1.7073611832339817,1.026649350161578,45253235.03487081,1.026649350161578,12,1.7073611832339817,45253235.03487082,1.707361183233982,45253235.03487082,0,27856312.363088086,1.707361183233982,171.95254545116103,1.026649350161578,0.0,False,0.0,0.0
sano,86,3,235.9895925400619,188.79167403204954,12,12,43531185.9350608,43531185.9350608,27816161.21423875,171.70469885332565,0.7659308180035017,0.6856944267394671,43531185.9350608,0.6856944267394671,12,0.7659308180035017,43531185.9350608,0.7659308180035016,43531185.9350608,0,27816161.214238748,0.7659308180035016,171.70469885332562,0.6856944267394671,0.0,False,0.0,0.75
sano,87,3,292.06711525782987,233.65369220626388,12,12,36187781.27687874,36187781.27687874,21470092.60121317,132.53143580995786,1.4449119051012749,1.2117882625325143,36178264.67166728,0.7270729575195084,12,0.870810510763176,36187781.276878744,1.4449119051012747,36178264.67166728,0,22218314.051890664,0.8708105107631758,132.53143580995786,0.7270729575195084,93.52768133468632,False,9516.60521146655,0.0
sano,88,2,26.58812640041595,21.27050112033276,12,12,13035443.962980391,13035443.962980391,6175400.6426512,38.119757053402466,0.0030326707454565592,0.03556149787841839,13035443.962980391,0.03556149787841839,12,0.0030326707454565592,13035443.962980393,0.0030326707454565592,13035443.962980393,0,6175400.6426512,0.0030326707454565592,38.11975705340247,0.03556149787841839,0.0,True,0.0,0.0
sano,89,1,121.42604145711908,97.14083316569527,1,1,4713525.528645839,4713525.528645839,0.0,0.0,0.0,0.0,4713525.528645839,0.0,1,0.0,4713525.528645839,0.0,4713525.528645839,0,0.0,0.0,0.0,0.0,0.0,True,0.0,0.0
sano,90,3,80.17050275509226,64.1364022040738,12,12,47896983.42239278,47896983.42239278,31909231.935623717,196.97056750385013,0.11886946886414436,0.3520119959969865,47896983.42239278,0.3520119959969865,12,0.11886946886414436,47896983.42239277,0.11886946886414439,47896983.42239277,0,31909231.93562372,0.11886946886414439,196.97056750385013,0.3520119959969865,0.0,True,0.0,0.0
sano,91,2,22.30073634315208,17.840589074521663,12,12,6201818.958178125,6201818.958178125,1104822.4303092028,6.819891545118537,0.0002287126390670569,0.00413072391680065,6201818.958178125,0.00413072391680065,12,0.0002287126390670569,6201818.958178125,0.00022871263906705687,6201818.958178125,0,1104822.430309203,0.00022871263906705687,6.819891545118537,0.00413072391680065,0.0,True,0.0,0.0
sano,92,2,190.74081225019825,152.5926498001586,12,12,21725636.941060625,21725636.941060625,11913096.423671978,73.53763224488875,0.5466284012660927,0.6631217458740309,21725636.941060625,0.6631217458740309,12,0.5466284012660927,21725636.94106062,0.5466284012660928,21725636.94106062,0,11913096.423671978,0.5466284012660928,73.53763224488875,0.6631217458740309,0.0,False,0.0,0.0
sano,93,2,52.661930741851215,42.12954459348097,12,12,14582788.298347866,14582788.298347866,7326049.004497712,45.22252471912169,0.001757859087153626,0.02948911805656887,14582788.298347866,0.02948911805656887,12,0.001757859087153626,14582788.298347868,0.0017578590871536264,14582788.298347868,0,7326049.004497713,0.0017578590871536264,45.22252471912169,0.02948911805656887,0.0,True,0.0,0.0
sano,94,1,96.2148372091525,76.971869767322,1,1,4713525.528645839,4713525.528645839,0.0,0.0,0.0,0.0,4713525.528645839,0.0,1,0.0,4713525.528645839,0.0,4713525.528645839,0,0.0,0.0,0.0,0.0,0.0,True,0.0,0.0
sano,95,5,250.17206664414425,200.1376533153154,12,12,57093624.44845467,57093624.44845467,37259511.449398525,229.9969842555465,1.2427905718161936,1.432480035574716,57001143.7930097,1.12648470469612,12,0.9448926607554847,55873158.208590895,1.3957560651731817,55749850.6679976,0,36583011.63816631,0.9985588504255699,223.16061819489585,1.12648470469612,53.87393632414872,False,1343773.780457072,0.0
sano,96,2,140.28001044042912,112.2240083523433,12,12,14607337.44470316,14607337.44470316,7259026.719298545,44.808806909250286,0.06655801765032812,0.1806234910643497,14607337.44470316,0.1806234910643497,12,0.06655801765032812,14607337.44470316,0.06655801765032814,14607337.44470316,0,7259026.719298546,0.06655801765032814,44.808806909250286,0.1806234910643497,0.0,True,0.0,0.0
sano,97,1,97.50475158416914,78.00380126733532,1,1,4713525.528645839,4713525.528645839,0.0,0.0,0.0,0.0,4713525.528645839,0.0,1,0.0,4713525.528645839,0.0,4713525.528645839,0,0.0,0.0,0.0,0.0,0.0,True,0.0,0.0
sano,98,1,35.5859887794602,28.468791023568162,1,1,4713525.528645839,4713525.528645839,0.0,0.0,0.0,0.0,4713525.528645839,0.0,1,0.0,4713525.528645839,0.0,4713525.528645839,0,0.0,0.0,0.0,0.0,0.0,True,0.0,0.0
sano,99,2,138.4351913461689,110.74815307693513,12,12,12838767.090616778,12838767.090616778,5862072.563912609,36.18563311057165,0.13018896236517621,0.22701132475308478,12838767.090616778,0.22701132475308478,12,0.13018896236517621,12838767.090616778,0.13018896236517624,12838767.090616778,0,5862072.563912609,0.13018896236517624,36.18563311057166,0.22701132475308478,0.0,True,0.0,0.0
sano,100,2,80.63804850693951,64.51043880555162,12,12,16927092.910757363,16927092.910757363,9010450.563976152,55.62006520972932,0.044588281198009005,0.1647094303004364,16927092.910757363,0.1647094303004364,12,0.044588281198009005,16927092.910757363,0.044588281198009005,16927092.910757363,0,9010450.56397615,0.044588281198009005,55.62006520972932,0.1647094303004364,0.0,True,0.0,0.0
sano,101,2,52.20474803983453,41.76379843186762,12,12,44277086.88425247,44277086.88425247,29325244.548700202,181.0200280783963,0.03985991431389935,0.28094664283018933,44277086.88425247,0.28094664283018933,12,0.03985991431389935,44277086.884252466,0.03985991431389935,44277086.884252466,0,29325244.5487002,0.03985991431389935,181.0200280783963,0.28094664283018933,0.0,True,0.0,0.0
sano,102,1,54.78957509662419,43.831660077299354,1,1,4713525.528645839,4713525.528645839,0.0,0.0,0.0,0.0,4713525.528645839,0.0,1,0.0,4713525.528645839,0.0,4713525.528645839,0,0.0,0.0,0.0,0.0,0.0,True,0.0,0.0
sano,103,2,243.02195817954535,194.4175665436363,12,12,31024814.008483414,31024814.008483414,18008845.99876517,111.16571604176032,1.161783614461963,1.188612822076484,31024814.008483414,1.188612822076484,12,1.161783614461963,31024814.008483417,1.1617836144619629,31024814.008483417,0,18008845.99876517,1.1617836144619629,111.16571604176032,1.188612822076484,0.0,False,0.0,0.0
sano,104,1,67.65454159161955,54.12363327329564,1,1,4713525.528645839,4713525.528645839,0.0,0.0,0.0,0.0,4713525.528645839,0.0,1,0.0,4713525.528645839,0.0,4713525.528645839,0,0.0,0.0,0.0,0.0,0.0,True,0.0,0.0
sano,105,1,46.019919515361416,36.81593561228913,1,1,4713525.528645839,4713525.528645839,0.0,0.0,0.0,0.0,4713525.528645839,0.0,1,0.0,4713525.528645839,0.0,4713525.528645839,0,0.0,0.0,0.0,0.0,0.0,True,0.0,0.0
sano,106,2,55.96082299664503,44.768658397316024,12,12,24898747.50731535,24898747.50731535,14988332.613368576,92.52057168746036,6.265330787253556e-05,0.00796312455713734,24898747.50731535,0.00796312455713734,12,6.265330787253556e-05,24898747.507315353,6.265330787253554e-05,24898747.507315353,0,14988332.613368578,6.265330787253554e-05,92.52057168746036,0.00796312455713734,0.0,True,0.0,0.0
sano,107,3,184.7682390262443,147.81459122099542,12,12,56785892.04989407,56785892.04989407,37724759.6640998,232.86888681543078,0.7154624229126615,0.8574568675827091,56785892.04989407,0.8574568675827091,12,0.7154624229126615,56785892.049894065,0.7154624229126615,56785892.049894065,0,37724759.66409979,0.7154624229126615,232.86888681543078,0.8574568675827091,0.0,False,0.0,0.0
sano,108,1,24.37614470060875,19.500915760487004,1,1,4713525.528645839,4713525.528645839,0.0,0.0,0.0,0.0,4713525.528645839,0.0,1,0.0,4713525.528645839,0.0,4713525.528645839,0,0.0,0.0,0.0,0.0,0.0,True,0.0,0.0
sano,109,2,148.10275270525779,118.48220216420623,12,12,21267372.262563404,21267372.262563404,12189495.294921601,75.24379811680001,0.07788378051930499,0.2531927229467287,21267372.262563404,0.2531927229467287,12,0.07788378051930499,21267372.2625634,0.07788378051930499,21267372.2625634,0,12189495.294921601,0.07788378051930499,75.24379811680001,0.2531927229467287,0.0,True,0.0,0.0
sano,110,1,23.949201908496757,19.159361526797408,1,1,4713525.528645839,4713525.528645839,0.0,0.0,0.0,0.0,4713525.528645839,0.0,1,0.0,4713525.528645839,0.0,4713525.528645839,0,0.0,0.0,0.0,0.0,0.0,True,0.0,0.0
sano,111,2,95.53084783998118,76.42467827198494,12,12,5628558.618049644,5628558.618049644,671908.9806770253,4.147586300475465,0.005733755458116103,0.01612908205923556,5628558.618049644,0.01612908205923556,12,0.005733755458116103,5628558.618049644,0.005733755458116103,5628558.618049644,0,671908.9806770253,0.005733755458116103,4.1475863004754645,0.01612908205923556,0.0,True,0.0,0.0
sano,112,1,68.04890210123284,54.439121680986275,1,1,4713525.528645839,4713525.528645839,0.0,0.0,0.0,0.0,4713525.528645839,0.0,1,0.0,4713525.528645839,0.0,4713525.528645839,0,0.0,0.0,0.0,0.0,0.0,True,0.0,0.0
sano,113,2,53.172206423288266,42.53776513863062,12,12,11174980.971017126,11174980.971017126,4790623.790203002,29.571751791376542,0.005541989229040595,0.04234125411796535,11174980.971017126,0.04234125411796535,12,0.005541989229040595,11174980.971017128,0.005541989229040595,11174980.971017128,0,4790623.790203001,0.005541989229040595,29.57175179137655,0.04234125411796535,0.0,True,0.0,0.0
sano,114,1,43.50803950742675,34.806431605941405,1,1,4713525.528645839,4713525.528645839,0.0,0.0,0.0,0.0,4713525.528645839,0.0,1,0.0,4713525.528645839,0.0,4713525.528645839,0,0.0,0.0,0.0,0.0,0.0,True,0.0,0.0
sano,115,1,130.51065400669614,104.40852320535691,1,1,4713525.528645839,4713525.528645839,0.0,0.0,0.0,0.0,4713525.528645839,0.0,1,0.0,4713525.528645839,0.0,4713525.528645839,0,0.0,0.0,0.0,0.0,0.0,True,0.0,0.0
sano,116,2,60.319307139175095,48.25544571134007,12,12,7192397.165617584,7192397.165617584,1833369.390119348,11.317095000736716,0.005550179787098076,0.026212796687478345,7192397.165617584,0.026212796687478345,12,0.005550179787098076,7192397.165617583,0.005550179787098075,7192397.165617583,0,1833369.390119348,0.005550179787098075,11.317095000736716,0.026212796687478345,0.0,True,0.0,0.0
sano,117,2,130.0295879213599,104.02367033708792,12,12,6311804.024106256,6311804.024106256,1186712.905408773,7.325388304992426,6.0176156477733245e-05,0.002195937122676367,6311804.024106256,0.002195937122676367,12,6.0176156477733245e-05,6311804.024106256,6.017615647773325e-05,6311804.024106256,0,1186712.9054087729,6.017615647773325e-05,7.325388304992424,0.002195937122676367,0.0,True,0.0,0.0
sano,118,1,76.39247240021261,61.11397792017009,1,1,4713525.528645839,4713525.528645839,0.0,0.0,0.0,0.0,4713525.528645839,0.0,1,0.0,4713525.528645839,0.0,4713525.528645839,0,0.0,0.0,0.0,0.0,0.0,True,0.0,0.0
sano,119,3,105.84872979813744,84.67898383850995,12,12,15452878.68997171,15452878.68997171,7872325.879608337,48.59460419511321,0.07761943235232092,0.12592133796582336,15452878.68997171,0.12592133796582336,12,0.07761943235232092,15452878.689971708,0.07761943235232091,15452878.689971708,0,7872325.879608339,0.07761943235232091,48.594604195113206,0.12592133796582336,0.0,True,0.0,0.0
sano,120,4,256.9764168849703,205.5811335079763,12,12,47720514.64196819,47720514.64196819,30702629.768097814,189.52240597591245,0.9364174451622329,1.0838574455981984,47720514.64196819,1.0838574455981984,12,0.9364174451622329,47720514.64196819,0.9364174451622329,47720514.64196819,0,30702629.768097814,0.9364174451622329,189.52240597591242,1.0838574455981984,0.0,False,0.0,0.0
sano,121,2,89.87131017566793,71.89704814053434,12,12,8516570.766464485,8516570.766464485,2821732.53370296,17.41810205989481,0.001669054515594515,0.0178331486225645,8516570.766464485,0.0178331486225645,12,0.001669054515594515,8516570.766464483,0.0016690545155945151,8516570.766464483,0,2821732.53370296,0.0016690545155945151,17.418102059894814,0.0178331486225645,0.0,True,0.0,0.0
sano,122,2,71.07665332125082,56.861322657000656,12,12,14475712.815168539,14475712.815168539,7240110.333781313,44.69203909741551,0.0066456776465171905,0.05700029106739369,14475712.815168539,0.05700029106739369,12,0.0066456776465171905,14475712.815168543,0.006645677646517191,14475712.815168543,0,7240110.333781312,0.006645677646517191,44.69203909741551,0.05700029106739369,0.0,True,0.0,0.0
sano,123,6,300.1436672895198,606.8743609483963,12,7,78790226.19302237,78790226.19302237,51431834.33107772,317.4804588338131,2.7161545939207903,2.4478756118217313,79357750.98294468,2.8257799448155763,12,2.7458175201758803,,,80607865.45871434,0,51584808.27496917,3.625779787065097,308.55861574137487,2.8257799448155763,133.46295829012797,False,0.0,0.0
sano,124,1,86.10016658869358,68.88013327095487,1,1,4713525.528645839,4713525.528645839,0.0,0.0,0.0,0.0,4713525.528645839,0.0,1,0.0,4713525.528645839,0.0,4713525.528645839,0,0.0,0.0,0.0,0.0,0.0,True,0.0,0.0
sano,125,2,63.1569809581959,50.52558476655672,12,12,18761775.10709592,18761775.10709592,10391980.718894156,64.14802912897629,0.029995750656589996,0.14508211523927708,18761775.10709592,0.14508211523927708,12,0.029995750656589996,18761775.107095916,0.02999575065659,18761775.107095916,0,10391980.718894158,0.02999575065659,64.14802912897628,0.14508211523927708,0.0,True,0.0,0.0
sano,127,1,13.400462799118843,10.720370239295075,1,1,4713525.528645839,4713525.528645839,0.0,0.0,0.0,0.0,4713525.528645839,0.0,1,0.0,4713525.528645839,0.0,4713525.528645839,0,0.0,0.0,0.0,0.0,0.0,True,0.0,0.0
sano,128,1,84.0621973778568,67.24975790228545,1,1,4713525.528645839,4713525.528645839,0.0,0.0,0.0,0.0,4713525.528645839,0.0,1,0.0,4713525.528645839,0.0,4713525.528645839,0,0.0,0.0,0.0,0.0,0.0,True,0.0,0.0
sano,129,2,37.24181855478642,29.79345484382914,12,12,39157695.08274966,39157695.08274966,25529463.414398555,157.58928033579355,0.03560906174012113,0.24776271645464804,39157695.08274966,0.24776271645464804,12,0.03560906174012113,39157695.08274965,0.03560906174012113,39157695.08274965,0,25529463.414398555,0.03560906174012113,157.58928033579355,0.24776271645464804,0.0,True,0.0,0.0
sano,130,1,11.637379575398606,9.309903660318886,1,1,4713525.528645839,4713525.528645839,0.0,0.0,0.0,0.0,4713525.528645839,0.0,1,0.0,4713525.528645839,0.0,4713525.528645839,0,0.0,0.0,0.0,0.0,0.0,True,0.0,0.0
sano,131,1,70.16920434197205,56.13536347357764,1,1,4713525.528645839,4713525.528645839,0.0,0.0,0.0,0.0,4713525.528645839,0.0,1,0.0,4713525.528645839,0.0,4713525.528645839,0,0.0,0.0,0.0,0.0,0.0,True,0.0,0.0
sano,132,2,116.70663978739441,93.36531182991554,12,12,13506501.509126188,13506501.509126188,6436549.040702232,39.731784201865636,0.07040309366489951,0.17492716520796295,13506501.509126188,0.17492716520796295,12,0.07040309366489951,13506501.509126188,0.07040309366489952,13506501.509126188,0,6436549.040702232,0.07040309366489952,39.73178420186563,0.17492716520796295,0.0,True,0.0,0.0
sano,133,2,134.845183861186,107.87614708894878,12,12,15507911.006240966,15507911.006240966,7835969.509781349,48.37018215914414,0.1363152891065739,0.2685675259580177,15507911.006240966,0.2685675259580177,12,0.1363152891065739,15507911.006240968,0.13631528910657387,15507911.006240968,0,7835969.509781351,0.13631528910657387,48.37018215914414,0.2685675259580177,0.0,True,0.0,0.0
sano,134,2,94.0117125295537,75.20937002364298,12,12,9216046.882552743,9216046.882552743,3322749.7430431475,20.510800882982387,0.015635735263938407,0.05923014776170238,9216046.882552743,0.05923014776170238,12,0.015635735263938407,9216046.882552743,0.015635735263938404,9216046.882552743,0,3322749.7430431475,0.015635735263938404,20.51080088298239,0.05923014776170238,0.0,True,0.0,0.0
sano,135,3,226.5966471458876,181.27731771671012,12,12,70442035.36986369,70442035.36986369,41245664.016927265,254.6028643020201,5.746916733600693,4.282592422559805,68659330.03792012,2.896744805433794,12,3.6403171138149193,68349780.852006,5.379560765876195,66632160.181648955,0,41570218.35606748,3.349870841088987,247.99609032388014,2.3625328652337916,174.35646544986227,False,3809875.188214754,0.0
sano,136,2,113.10339417686365,90.48271534149093,12,12,18054233.6492494,18054233.6492494,9778396.89195368,60.36047464168939,0.09703980636640697,0.2531300099694358,18054233.6492494,0.2531300099694358,12,0.09703980636640697,18054233.6492494,0.09703980636640697,18054233.6492494,0,9778396.891953683,0.09703980636640697,60.36047464168939,0.2531300099694358,0.0,True,0.0,0.0
sano,137,3,117.3163772121169,93.85310176969352,12,12,28620523.757116273,28620523.757116273,17485739.185616348,107.93666163960711,0.2023854854567557,0.25299877696398715,28620523.757116273,0.25299877696398715,12,0.2023854854567557,28620523.757116277,0.20238548545675566,28620523.757116277,0,17485739.18561635,0.20238548545675566,107.93666163960711,0.25299877696398715,0.0,True,0.0,0.0
sano,138,1,80.58391408977229,64.46713127181783,1,1,4713525.528645839,4713525.528645839,0.0,0.0,0.0,0.0,4713525.528645839,0.0,1,0.0,4713525.528645839,0.0,4713525.528645839,0,0.0,0.0,0.0,0.0,0.0,True,0.0,0.0
sano,139,2,30.50707230058555,24.405657840468443,12,12,5318958.141367189,5318958.141367189,449471.60952373245,2.774516108171188,6.74457097856458e-05,0.0014307479836485955,5318958.141367189,0.0014307479836485955,12,6.74457097856458e-05,5318958.141367189,6.74457097856458e-05,5318958.141367189,0,449471.6095237325,6.74457097856458e-05,2.774516108171188,0.0014307479836485955,0.0,True,0.0,0.0
sano,140,1,16.742801979605506,13.394241583684405,1,1,4713525.528645839,4713525.528645839,0.0,0.0,0.0,0.0,4713525.528645839,0.0,1,0.0,4713525.528645839,0.0,4713525.528645839,0,0.0,0.0,0.0,0.0,0.0,True,0.0,0.0
sano,141,2,107.29077686299684,85.83262149039749,12,12,7084374.133266046,7084374.133266046,1738520.146716958,10.73160584393184,0.016676196946506152,0.044245918691820534,7084374.133266046,0.044245918691820534,12,0.016676196946506152,7084374.133266046,0.01667619694650615,7084374.133266046,0,1738520.146716958,0.01667619694650615,10.731605843931838,0.044245918691820534,0.0,True,0.0,0.0
sano,142,2,91.6891411860629,73.35131294885032,12,12,12387248.88949986,12387248.88949986,5624411.902329232,34.718591989686615,0.05599358380974087,0.14582854310931656,12387248.88949986,0.14582854310931656,12,0.05599358380974087,12387248.88949986,0.055993583809740885,12387248.88949986,0,5624411.902329232,0.055993583809740885,34.718591989686615,0.14582854310931656,0.0,True,0.0,0.0
sano,143,1,44.52626331962693,35.62101065570155,1,1,4713525.528645839,4713525.528645839,0.0,0.0,0.0,0.0,4713525.528645839,0.0,1,0.0,4713525.528645839,0.0,4713525.528645839,0,0.0,0.0,0.0,0.0,0.0,True,0.0,0.0
sano,144,3,88.96436784768275,71.1714942781462,12,12,10146684.901696589,10146684.901696589,4031338.8284112345,24.884807582785395,0.002296251932690149,0.019730226106606158,10146684.901696589,0.019730226106606158,12,0.002296251932690149,10146684.901696587,0.0022962519326901487,10146684.901696587,0,4031338.828411234,0.0022962519326901487,24.884807582785395,0.019730226106606158,0.0,True,0.0,0.0
sano,145,1,60.543555445089126,48.4348443560713,1,1,4713525.528645839,4713525.528645839,0.0,0.0,0.0,0.0,4713525.528645839,0.0,1,0.0,4713525.528645839,0.0,4713525.528645839,0,0.0,0.0,0.0,0.0,0.0,True,0.0,0.0
sano,146,1,9.366927669051297,7.493542135241038,1,1,4713525.528645839,4713525.528645839,0.0,0.0,0.0,0.0,4713525.528645839,0.0,1,0.0,4713525.528645839,0.0,4713525.528645839,0,0.0,0.0,0.0,0.0,0.0,True,0.0,0.0
sano,147,2,27.529269667093907,22.023415733675126,12,12,78136112.8824267,78136112.8824267,54486007.67437222,336.3333807060015,0.025457937741070042,0.30604757938197996,78136112.8824267,0.30604757938197996,12,0.025457937741070042,78136112.88242668,0.02545793774107005,78136112.88242668,0,54486007.674372226,0.02545793774107005,336.33338070600144,0.30604757938197996,0.0,True,0.0,0.0
sano,148,1,61.73836354306632,49.39069083445306,1,1,4713525.528645839,4713525.528645839,0.0,0.0,0.0,0.0,4713525.528645839,0.0,1,0.0,4713525.528645839,0.0,4713525.528645839,0,0.0,0.0,0.0,0.0,0.0,True,0.0,0.0
sano,149,2,59.93868487820372,47.95094790256298,12,12,9662613.420877041,9662613.420877041,3653509.2609094977,22.55252630191048,0.016271016587161045,0.0633573925055759,9662613.420877041,0.0633573925055759,12,0.016271016587161045,9662613.420877041,0.016271016587161048,9662613.420877041,0,3653509.2609094977,0.016271016587161048,22.55252630191048,0.0633573925055759,0.0,True,0.0,0.0
sano,150,1,12.119725519984842,9.695780415987874,1,1,4713525.528645839,4713525.528645839,0.0,0.0,0.0,0.0,4713525.528645839,0.0,1,0.0,4713525.528645839,0.0,4713525.528645839,0,0.0,0.0,0.0,0.0,0.0,True,0.0,0.0
sano,151,1,84.79168644437144,67.83334915549715,1,1,4713525.528645839,4713525.528645839,0.0,0.0,0.0,0.0,4713525.528645839,0.0,1,0.0,4713525.528645839,0.0,4713525.528645839,0,0.0,0.0,0.0,0.0,0.0,True,0.0,0.0
sano,152,1,51.79963857754508,41.439710862036065,1,1,4713525.528645839,4713525.528645839,0.0,0.0,0.0,0.0,4713525.528645839,0.0,1,0.0,4713525.528645839,0.0,4713525.528645839,0,0.0,0.0,0.0,0.0,0.0,True,0.0,0.0
sano,153,1,8.097303315423005,6.4778426523384045,1,1,4713525.528645839,4713525.528645839,0.0,0.0,0.0,0.0,4713525.528645839,0.0,1,0.0,4713525.528645839,0.0,4713525.528645839,0,0.0,0.0,0.0,0.0,0.0,True,0.0,0.0
sano,154,1,38.83392669699476,31.06714135759581,1,1,4713525.528645839,4713525.528645839,0.0,0.0,0.0,0.0,4713525.528645839,0.0,1,0.0,4713525.528645839,0.0,4713525.528645839,0,0.0,0.0,0.0,0.0,0.0,True,0.0,0.0
sano,155,2,145.28233338704757,116.22586670963807,12,12,17209216.104911517,17209216.104911517,8971471.524671625,55.379453855997674,0.23345105686570858,0.37606646601411264,17209216.104911517,0.37606646601411264,12,0.23345105686570858,17209216.10491152,0.23345105686570858,17209216.10491152,0,8971471.524671623,0.23345105686570858,55.37945385599768,0.37606646601411264,0.0,True,0.0,0.0
sano,156,4,166.3357484770827,133.06859878166617,12,12,33180481.786981773,33180481.786981773,20311651.353539743,125.38056391073913,0.6280901800409922,0.6581607716059956,33180481.786981773,0.6581607716059956,12,0.6280901800409922,33180481.786981773,0.6280901800409922,33180481.786981773,0,20311651.353539746,0.6280901800409922,125.38056391073917,0.6581607716059956,0.0,True,0.0,0.0
sano,157,1,81.52427726798196,65.21942181438557,1,1,4713525.528645839,4713525.528645839,0.0,0.0,0.0,0.0,4713525.528645839,0.0,1,0.0,4713525.528645839,0.0,4713525.528645839,0,0.0,0.0,0.0,0.0,0.0,True,0.0,0.0
sano,158,3,255.67754273970536,204.5420341917643,12,12,19599391.901162203,19599391.901162203,10708998.013530686,66.10492600944869,0.2617910912223843,0.31823762779801584,19599391.901162203,0.31823762779801584,12,0.2617910912223843,19599391.9011622,0.26179109122238425,19599391.9011622,0,10708998.013530686,0.26179109122238425,66.10492600944868,0.31823762779801584,0.0,False,0.0,0.0
sano,159,1,30.78894316986234,24.631154535889873,1,1,4713525.528645839,4713525.528645839,0.0,0.0,0.0,0.0,4713525.528645839,0.0,1,0.0,4713525.528645839,0.0,4713525.528645839,0,0.0,0.0,0.0,0.0,0.0,True,0.0,0.0
sano,160,2,191.61327490762525,153.2906199261002,12,12,46575987.41470689,46575987.41470689,30286082.192497622,186.95112464504703,0.6070512722629867,1.1142152041661162,46575987.41470689,1.1142152041661162,12,0.6070512722629867,46575987.4147069,0.6070512722629868,46575987.4147069,0,30286082.192497626,0.6070512722629868,186.95112464504706,1.1142152041661162,0.0,False,0.0,0.0
sano,161,1,111.68643475241424,89.3491478019314,1,1,4713525.528645839,4713525.528645839,0.0,0.0,0.0,0.0,4713525.528645839,0.0,1,0.0,4713525.528645839,0.0,4713525.528645839,0,0.0,0.0,0.0,0.0,0.0,True,0.0,0.0
sano,162,1,45.69139288536808,36.55311430829447,1,1,4713525.528645839,4713525.528645839,0.0,0.0,0.0,0.0,4713525.528645839,0.0,1,0.0,4713525.528645839,0.0,4713525.528645839,0,0.0,0.0,0.0,0.0,0.0,True,0.0,0.0
sano,163,1,95.12360056254006,76.09888045003206,1,1,4713525.528645839,4713525.528645839,0.0,0.0,0.0,0.0,4713525.528645839,0.0,1,0.0,4713525.528645839,0.0,4713525.528645839,0,0.0,0.0,0.0,0.0,0.0,True,0.0,0.0
sano,164,1,117.6817268208518,94.14538145668143,1,1,4713525.528645839,4713525.528645839,0.0,0.0,0.0,0.0,4713525.528645839,0.0,1,0.0,4713525.528645839,0.0,4713525.528645839,0,0.0,0.0,0.0,0.0,0.0,True,0.0,0.0
sano,165,1,78.32777268818633,62.662218150549066,1,1,4713525.528645839,4713525.528645839,0.0,0.0,0.0,0.0,4713525.528645839,0.0,1,0.0,4713525.528645839,0.0,4713525.528645839,0,0.0,0.0,0.0,0.0,0.0,True,0.0,0.0
sano,166,3,294.73238598982954,235.78590879186362,12,12,18660137.57419627,18660137.57419627,9144900.91042426,56.45000561990283,0.9205470057704902,0.5669168964569605,18558429.88797107,0.34015013787417625,12,0.622982573615067,18660137.574196268,0.9205470057704899,18558429.887971066,0,9460854.32728415,0.622982573615067,56.450005619902825,0.34015013787417625,39.4941771074864,False,101707.68622520193,0.0
sano,167,1,1.7683939901772632,1.4147151921418106,1,1,4713525.528645839,4713525.528645839,0.0,0.0,0.0,0.0,4713525.528645839,0.0,1,0.0,4713525.528645839,0.0,4713525.528645839,0,0.0,0.0,0.0,0.0,0.0,True,0.0,0.0
sano,168,1,8.818356884814522,7.054685507851618,1,1,4713525.528645839,4713525.528645839,0.0,0.0,0.0,0.0,4713525.528645839,0.0,1,0.0,4713525.528645839,0.0,4713525.528645839,0,0.0,0.0,0.0,0.0,0.0,True,0.0,0.0
sano,169,2,114.35099775505878,91.48079820404703,12,12,65630751.32918301,65630751.32918301,44348258.216139264,273.75468034653875,0.6730471448005805,1.4196976783378843,65630751.32918301,1.4196976783378843,12,0.6730471448005805,65630751.32918303,0.6730471448005805,65630751.32918303,0,44348258.216139264,0.6730471448005805,273.7546803465387,1.4196976783378843,0.0,True,0.0,0.0
sano,170,1,80.09224627209791,64.07379701767833,1,1,4713525.528645839,4713525.528645839,0.0,0.0,0.0,0.0,4713525.528645839,0.0,1,0.0,4713525.528645839,0.0,4713525.528645839,0,0.0,0.0,0.0,0.0,0.0,True,0.0,0.0
sano,171,1,147.04143908990758,117.63315127192607,1,1,4713525.528645839,4713525.528645839,0.0,0.0,0.0,0.0,4713525.528645839,0.0,1,0.0,4713525.528645839,0.0,4713525.528645839,0,0.0,0.0,0.0,0.0,0.0,True,0.0,0.0
sano,172,2,227.88843881814864,182.3107510545189,12,12,12866362.087204827,12866362.087204827,5638369.205729612,34.80474818351613,0.31580298402338297,0.346752591214281,12866362.087204827,0.346752591214281,12,0.31580298402338297,12866362.087204827,0.315802984023383,12866362.087204827,0,5638369.205729612,0.315802984023383,34.804748183516125,0.346752591214281,0.0,False,0.0,0.0
sano,173,3,279.6375205397502,223.71001643180017,12,12,20468416.650816265,20468416.650816265,10694738.293538513,66.01690304653404,0.7631202798785512,0.5006459273345063,20444163.57701019,0.5006459273345063,12,0.6453160281320464,20468416.65081627,0.7631202798785512,20444163.577010192,0,10831712.624853477,0.6453160281320465,66.01690304653404,0.5006459273345063,17.121791414370247,False,24253.073806077242,0.0
sano,174,2,148.69715428672367,118.95772342937896,12,12,25106378.99409582,25106378.99409582,15139895.750990532,93.45614661105266,0.0020483420836169236,0.04576121338427625,25106378.99409582,0.04576121338427625,12,0.0020483420836169236,25106378.994095825,0.0020483420836169236,25106378.994095825,0,15139895.75099053,0.0020483420836169236,93.45614661105266,0.04576121338427625,0.0,True,0.0,0.0
sano,175,1,33.40175412644282,26.721403301154254,1,1,4713525.528645839,4713525.528645839,0.0,0.0,0.0,0.0,4713525.528645839,0.0,1,0.0,4713525.528645839,0.0,4713525.528645839,0,0.0,0.0,0.0,0.0,0.0,True,0.0,0.0
sano,176,1,57.73782144480862,46.19025715584689,1,1,4713525.528645839,4713525.528645839,0.0,0.0,0.0,0.0,4713525.528645839,0.0,1,0.0,4713525.528645839,0.0,4713525.528645839,0,0.0,0.0,0.0,0.0,0.0,True,0.0,0.0
sano,177,4,295.8374547067324,236.66996376538594,12,12,82414344.644839,82414344.644839,53630489.112564646,331.0524019294115,3.090441955337956,2.6846172823689662,82390497.25615762,2.651055823476785,12,3.043579628024092,82414344.64483899,3.0904419553379556,82390497.2561576,0,53674433.46809002,3.043579628024092,331.0524019294114,2.651055823476785,5.493044440672122,False,23847.38868138194,0.0
sano,178,1,63.890769709930325,51.11261576794426,1,1,4713525.528645839,4713525.528645839,0.0,0.0,0.0,0.0,4713525.528645839,0.0,1,0.0,4713525.528645839,0.0,4713525.528645839,0,0.0,0.0,0.0,0.0,0.0,True,0.0,0.0
sano,179,2,135.83938921622976,108.67151137298382,12,12,38876679.5749023,38876679.5749023,24887175.62346756,153.62454088560227,0.36520873422649086,0.7834174289846196,38876679.5749023,0.7834174289846196,12,0.36520873422649086,38876679.57490231,0.3652087342264908,38876679.57490231,0,24887175.62346756,0.3652087342264908,153.62454088560224,0.7834174289846196,0.0,True,0.0,0.0
sano,180,1,6.908392510970354,5.526714008776284,1,1,4713525.528645839,4713525.528645839,0.0,0.0,0.0,0.0,4713525.528645839,0.0,1,0.0,4713525.528645839,0.0,4713525.528645839,0,0.0,0.0,0.0,0.0,0.0,True,0.0,0.0
sano,181,1,79.6155734204733,63.69245873637864,1,1,4713525.528645839,4713525.528645839,0.0,0.0,0.0,0.0,4713525.528645839,0.0,1,0.0,4713525.528645839,0.0,4713525.528645839,0,0.0,0.0,0.0,0.0,0.0,True,0.0,0.0
sano,182,2,194.72459029327496,155.77967223461997,12,12,13354216.176313607,13354216.176313607,6237268.520639225,38.50165753481003,0.13592600756974033,0.23926729862805748,13354216.176313607,0.23926729862805748,12,0.13592600756974033,13354216.176313607,0.1359260075697403,13354216.176313607,0,6237268.520639225,0.1359260075697403,38.50165753481003,0.23926729862805748,0.0,False,0.0,0.0
sano,183,2,119.04332577903644,95.23466062322916,12,12,12563159.24408746,12563159.24408746,5779373.386851671,35.675144363281916,0.03749228785801946,0.12096122977506456,12563159.24408746,0.12096122977506456,12,0.03749228785801946,12563159.24408746,0.03749228785801947,12563159.24408746,0,5779373.386851671,0.03749228785801947,35.67514436328192,0.12096122977506456,0.0,True,0.0,0.0
sano,184,2,176.72031651310738,141.3762532104859,12,12,19339448.851228986,19339448.851228986,10486041.36980808,64.72865043091407,0.2845468612621197,0.44886684539678184,19339448.851228986,0.44886684539678184,12,0.2845468612621197,19339448.85122899,0.28454686126211975,19339448.85122899,0,10486041.36980808,0.28454686126211975,64.72865043091407,0.44886684539678184,0.0,False,0.0,0.0
sano,185,1,48.34419845218795,38.67535876175037,1,1,4713525.528645839,4713525.528645839,0.0,0.0,0.0,0.0,4713525.528645839,0.0,1,0.0,4713525.528645839,0.0,4713525.528645839,0,0.0,0.0,0.0,0.0,0.0,True,0.0,0.0
sano,186,3,78.20314445240456,62.56251556192366,12,12,24595182.79700311,24595182.79700311,14741251.152957164,90.99537748738989,0.016535219576365643,0.07759299992268888,24595182.79700311,0.07759299992268888,12,0.016535219576365643,24595182.79700311,0.016535219576365646,24595182.79700311,0,14741251.152957162,0.016535219576365646,90.99537748738989,0.07759299992268888,0.0,True,0.0,0.0
sano,187,2,101.49137207342682,81.19309765874145,12,12,16059529.002707986,16059529.002707986,8404400.064496249,51.879012743804,0.015587179922639713,0.09405285391444868,16059529.002707986,0.09405285391444868,12,0.015587179922639713,16059529.002707986,0.015587179922639709,16059529.002707986,0,8404400.064496249,0.015587179922639709,51.879012743804005,0.09405285391444868,0.0,True,0.0,0.0
sano,188,1,91.68938859560078,73.35151087648062,1,1,4713525.528645839,4713525.528645839,0.0,0.0,0.0,0.0,4713525.528645839,0.0,1,0.0,4713525.528645839,0.0,4713525.528645839,0,0.0,0.0,0.0,0.0,0.0,True,0.0,0.0
sano,189,2,98.55007428502896,78.84005942802318,12,12,9546407.114300923,9546407.114300923,3531988.6910035815,21.8023993271826,0.04305139776096422,0.10133001935489605,9546407.114300923,0.10133001935489605,12,0.04305139776096422,9546407.114300925,0.04305139776096421,9546407.114300925,0,3531988.691003581,0.04305139776096421,21.8023993271826,0.10133001935489605,0.0,True,0.0,0.0
sano,190,2,123.12026281657447,98.49621025325959,12,12,99491920.0350508,99491920.0350508,70030700.17350979,432.28827267598626,0.2633216118034123,1.115892431153844,99491920.0350508,1.115892431153844,12,0.2633216118034123,99491920.03505078,0.2633216118034123,99491920.03505078,0,70030700.17350978,0.2633216118034123,432.28827267598626,1.115892431153844,0.0,True,0.0,0.0
sano,191,2,176.55653452355494,141.24522761884396,12,12,36418840.94660449,36418840.94660449,23126233.200888764,142.7545259314122,0.31647747964639544,0.7030054651660748,36418840.94660449,0.7030054651660748,12,0.31647747964639544,36418840.94660449,0.3164774796463955,36418840.94660449,0,23126233.200888768,0.3164774796463955,142.75452593141216,0.7030054651660748,0.0,False,0.0,0.0
sano,192,2,171.65970783013694,137.32776626410956,12,12,16358689.268144198,16358689.268144198,8373465.435001374,51.68805824074923,0.20795129638245025,0.34290062545455846,16358689.268144198,0.34290062545455846,12,0.20795129638245025,16358689.268144201,0.20795129638245027,16358689.268144201,0,8373465.435001375,0.20795129638245027,51.68805824074923,0.34290062545455846,0.0,False,0.0,0.0
sano,193,4,180.2362884408624,172.08479465569008,12,12,42972474.65247578,42972474.65247578,27727897.942756012,171.15986384417292,0.5176757552261652,0.3850798373169062,42972474.65247578,0.3850798373169062,12,0.5176757552261652,42972474.65247578,0.5176757552261653,42972474.65247578,0,27727897.942756016,0.5176757552261653,171.15986384417295,0.3850798373169062,0.0,False,0.0,0.0
sano,194,1,103.45741858192105,82.76593486553685,1,1,4713525.528645839,4713525.528645839,0.0,0.0,0.0,0.0,4713525.528645839,0.0,1,0.0,4713525.528645839,0.0,4713525.528645839,0,0.0,0.0,0.0,0.0,0.0,True,0.0,0.0
sano,195,2,52.52587279406227,42.020698235249824,12,12,13020640.292096624,13020640.292096624,6141950.096817934,37.91327220257984,0.020103333994515558,0.09131077544946672,13020640.292096624,0.09131077544946672,12,0.020103333994515558,13020640.292096624,0.02010333399451556,13020640.292096624,0,6141950.096817934,0.02010333399451556,37.91327220257984,0.09131077544946672,0.0,True,0.0,0.0
sano,196,1,16.60790708388291,13.286325667106329,1,1,4713525.528645839,4713525.528645839,0.0,0.0,0.0,0.0,4713525.528645839,0.0,1,0.0,4713525.528645839,0.0,4713525.528645839,0,0.0,0.0,0.0,0.0,0.0,True,0.0,0.0
sano,197,3,54.38266459553246,43.50613167642597,12,12,42969371.749820344,42969371.749820344,28385344.885324884,175.21817830447458,0.016192896020507865,0.1015269666279282,42969371.749820344,0.1015269666279282,12,0.016192896020507865,42969371.74982034,0.016192896020507868,42969371.74982034,0,28385344.88532488,0.016192896020507868,175.21817830447458,0.1015269666279282,0.0,True,0.0,0.0
sano,198,1,62.714329171050686,50.17146333684055,1,1,4713525.528645839,4713525.528645839,0.0,0.0,0.0,0.0,4713525.528645839,0.0,1,0.0,4713525.528645839,0.0,4713525.528645839,0,0.0,0.0,0.0,0.0,0.0,True,0.0,0.0
sano,199,2,58.31772491524943,46.65417993219954,12,12,14920267.4428192,14920267.4428192,7557693.820481148,46.65243099062436,0.016160631077699526,0.09081522225298091,14920267.4428192,0.09081522225298091,12,0.016160631077699526,14920267.442819199,0.016160631077699526,14920267.442819199,0,7557693.820481147,0.016160631077699526,46.65243099062436,0.09081522225298091,0.0,True,0.0,0.0
sano,200,1,71.34754436577215,57.07803549261772,1,1,4713525.528645839,4713525.528645839,0.0,0.0,0.0,0.0,4713525.528645839,0.0,1,0.0,4713525.528645839,0.0,4713525.528645839,0,0.0,0.0,0.0,0.0,0.0,True,0.0,0.0
sano,201,1,126.92909799246311,101.5432783939705,1,1,4713525.528645839,4713525.528645839,0.0,0.0,0.0,0.0,4713525.528645839,0.0,1,0.0,4713525.528645839,0.0,4713525.528645839,0,0.0,0.0,0.0,0.0,0.0,True,0.0,0.0
sano,202,2,79.64457347871911,63.71565878297529,12,12,6466679.832219057,6466679.832219057,1287774.5592206758,7.949225674201703,0.010656438022655715,0.030441131944684452,6466679.832219057,0.030441131944684452,12,0.010656438022655715,6466679.832219057,0.010656438022655715,6466679.832219057,0,1287774.559220676,0.010656438022655715,7.949225674201704,0.030441131944684452,0.0,True,0.0,0.0
sano,203,2,106.02832544290372,84.82266035432298,12,12,16898684.917069755,16898684.917069755,8985439.869494645,55.465678206757055,0.04756525673827126,0.16988281118130438,16898684.917069755,0.16988281118130438,12,0.04756525673827126,16898684.91706975,0.04756525673827125,16898684.91706975,0,8985439.869494645,0.04756525673827125,55.46567820675706,0.16988281118130438,0.0,True,0.0,0.0
sano,204,1,93.19118331572774,74.5529466525822,1,1,4713525.528645839,4713525.528645839,0.0,0.0,0.0,0.0,4713525.528645839,0.0,1,0.0,4713525.528645839,0.0,4713525.528645839,0,0.0,0.0,0.0,0.0,0.0,True,0.0,0.0
sano,205,1,71.96258327170281,57.57006661736225,1,1,4713525.528645839,4713525.528645839,0.0,0.0,0.0,0.0,4713525.528645839,0.0,1,0.0,4713525.528645839,0.0,4713525.528645839,0,0.0,0.0,0.0,0.0,0.0,True,0.0,0.0
sano,206,2,155.0889351728537,124.07114813828295,12,12,18282197.741864804,18282197.741864804,9705447.187061463,59.91016782136706,0.2811558141108583,0.42925578325762315,18282197.741864804,0.42925578325762315,12,0.2811558141108583,18282197.741864804,0.2811558141108583,18282197.741864804,0,9705447.187061464,0.2811558141108583,59.91016782136707,0.42925578325762315,0.0,True,0.0,0.0
sano,207,3,269.57757491945245,215.662059935562,12,12,101647023.3968123,101647023.3968123,65689396.846713394,405.490103992058,4.779558415358119,4.0148218175526935,101031564.74521174,3.5655128637954556,12,4.048450713994558,101647023.3968123,4.77955841535812,101031564.74521174,0,66194237.21905997,4.0484507139945585,405.490103992058,3.5655128637954556,63.10504654332199,False,615458.6516005695,0.0
sano,208,1,66.4277758397742,53.14222067181936,1,1,4713525.528645839,4713525.528645839,0.0,0.0,0.0,0.0,4713525.528645839,0.0,1,0.0,4713525.528645839,0.0,4713525.528645839,0,0.0,0.0,0.0,0.0,0.0,True,0.0,0.0
sano,209,1,95.15463001029217,76.12370400823373,1,1,4713525.528645839,4713525.528645839,0.0,0.0,0.0,0.0,4713525.528645839,0.0,1,0.0,4713525.528645839,0.0,4713525.528645839,0,0.0,0.0,0.0,0.0,0.0,True,0.0,0.0
sano,210,1,66.62685009072281,53.30148007257825,1,1,4713525.528645839,4713525.528645839,0.0,0.0,0.0,0.0,4713525.528645839,0.0,1,0.0,4713525.528645839,0.0,4713525.528645839,0,0.0,0.0,0.0,0.0,0.0,True,0.0,0.0
sano,211,5,120.09559554158997,96.07647643327198,12,12,32697282.1032652,32697282.1032652,20675570.09360173,127.6269758864304,0.0787472124165862,0.16175683490133402,32697282.1032652,0.16175683490133402,12,0.0787472124165862,32655531.615801714,0.07882950845895603,32655531.615801714,0,20644460.25183022,0.07882950845895603,127.43493982611247,0.16175683490133402,0.0,True,41750.487463486694,0.0
sano,212,2,155.28513186257305,124.22810549005845,12,12,15859382.16963584,15859382.16963584,7975139.062975898,49.22925347515987,0.22890666796270098,0.35110191594681045,15859382.16963584,0.35110191594681045,12,0.22890666796270098,15859382.169635842,0.22890666796270098,15859382.169635842,0,7975139.062975898,0.22890666796270098,49.229253475159865,0.35110191594681045,0.0,True,0.0,0.0
sano,213,2,157.63861331384834,126.11089065107869,12,12,15052761.107307682,15052761.107307682,7628999.589151443,47.09259005649039,0.03674180969680584,0.1375779749675403,15052761.107307682,0.1375779749675403,12,0.03674180969680584,15052761.107307686,0.036741809696805836,15052761.107307686,0,7628999.589151443,0.036741809696805836,47.09259005649039,0.1375779749675403,0.0,True,0.0,0.0
sano,214,2,82.27203754134611,65.8176300330769,12,12,8060904.571601246,8060904.571601246,2485345.391346448,15.341638218187947,0.00017540404443182076,0.005425603125212756,8060904.571601246,0.005425603125212756,12,0.00017540404443182076,8060904.5716012465,0.00017540404443182076,8060904.5716012465,0,2485345.3913464486,0.00017540404443182076,15.341638218187953,0.005425603125212756,0.0,True,0.0,0.0
sano,215,1,40.14339757837132,32.11471806269706,1,1,4713525.528645839,4713525.528645839,0.0,0.0,0.0,0.0,4713525.528645839,0.0,1,0.0,4713525.528645839,0.0,4713525.528645839,0,0.0,0.0,0.0,0.0,0.0,True,0.0,0.0
sano,216,1,126.46771760948248,101.17417408758598,1,1,4713525.528645839,4713525.528645839,0.0,0.0,0.0,0.0,4713525.528645839,0.0,1,0.0,4713525.528645839,0.0,4713525.528645839,0,0.0,0.0,0.0,0.0,0.0,True,0.0,0.0
sano,217,2,49.26282869217307,39.41026295373847,12,12,6658156.254122651,6658156.254122651,1438913.268625518,8.882180670527887,0.0038465844060247573,0.01933257872001621,6658156.254122651,0.01933257872001621,12,0.0038465844060247573,6658156.254122651,0.0038465844060247578,6658156.254122651,0,1438913.2686255178,0.0038465844060247578,8.882180670527887,0.01933257872001621,0.0,True,0.0,0.0
sano,218,2,145.4244781533077,116.33958252264615,12,12,23935890.025661115,23935890.025661115,14210643.832972502,87.72002366032409,0.04774032295724421,0.2140348037982695,23935890.025661115,0.2140348037982695,12,0.04774032295724421,23935890.02566112,0.047740322957244216,23935890.02566112,0,14210643.832972502,0.047740322957244216,87.72002366032409,0.2140348037982695,0.0,True,0.0,0.0
sano,219,2,77.7982860318922,62.23862882551377,12,12,12838045.946094966,12838045.946094966,5994033.565422594,37.000207193966624,0.029477153316318106,0.10922880960984802,12838045.946094966,0.10922880960984802,12,0.029477153316318106,12838045.946094966,0.029477153316318106,12838045.946094966,0,5994033.565422593,0.029477153316318106,37.000207193966624,0.10922880960984802,0.0,True,0.0,0.0
sano,220,4,169.5567925072238,135.64543400577907,12,12,41321097.993700854,41321097.993700854,26596735.720167328,164.1773809886872,0.4454216106269086,0.42188615525157935,41321097.993700854,0.42188615525157935,12,0.4454216106269086,41321097.99370085,0.44542161062690855,41321097.99370085,0,26596735.720167324,0.44542161062690855,164.17738098868716,0.42188615525157935,0.0,False,0.0,0.0
sano,221,3,127.95876377729067,102.36701102183255,12,12,31512169.132612955,31512169.132612955,19834741.289240543,122.43667462494163,0.04897396207908627,0.14964074674293637,31512169.132612955,0.14964074674293637,12,0.04897396207908627,31512169.132612955,0.04897396207908627,31512169.132612955,0,19834741.289240547,0.04897396207908627,122.43667462494163,0.14964074674293637,0.0,True,0.0,0.0
sano,222,1,90.03666057391098,72.02932845912879,1,1,4713525.528645839,4713525.528645839,0.0,0.0,0.0,0.0,4713525.528645839,0.0,1,0.0,4713525.528645839,0.0,4713525.528645839,0,0.0,0.0,0.0,0.0,0.0,True,0.0,0.0
sano,223,1,19.869568544887528,15.895654835910022,1,1,4713525.528645839,4713525.528645839,0.0,0.0,0.0,0.0,4713525.528645839,0.0,1,0.0,4713525.528645839,0.0,4713525.528645839,0,0.0,0.0,0.0,0.0,0.0,True,0.0,0.0
sano,224,3,73.95420221977545,59.16336177582036,12,12,13592000.21845446,13592000.21845446,6548987.431843464,40.42584834471274,0.033194345302739854,0.12059911490691809,13592000.21845446,0.12059911490691809,12,0.033194345302739854,13592000.218454463,0.03319434530273986,13592000.218454463,0,6548987.431843465,0.03319434530273986,40.42584834471275,0.12059911490691809,0.0,True,0.0,0.0
sano,225,1,25.485400630850457,20.388320504680365,1,1,4713525.528645839,4713525.528645839,0.0,0.0,0.0,0.0,4713525.528645839,0.0,1,0.0,4713525.528645839,0.0,4713525.528645839,0,0.0,0.0,0.0,0.0,0.0,True,0.0,0.0
sano,226,2,18.592343303116778,14.873874642493423,12,12,6736908.873303016,6736908.873303016,1502233.6718731301,9.273047357241547,0.00016528380140492168,0.004094668408040578,6736908.873303016,0.004094668408040578,12,0.00016528380140492168,6736908.873303017,0.0001652838014049217,6736908.873303017,0,1502233.6718731304,0.0001652838014049217,9.273047357241545,0.004094668408040578,0.0,True,0.0,0.0
sano,227,1,37.53673548136432,30.029388385091455,1,1,4713525.528645839,4713525.528645839,0.0,0.0,0.0,0.0,4713525.528645839,0.0,1,0.0,4713525.528645839,0.0,4713525.528645839,0,0.0,0.0,0.0,0.0,0.0,True,0.0,0.0
sano,228,3,145.73019304815352,116.58415443852282,12,12,13184722.974678705,13184722.974678705,6116220.293723355,37.75444625755158,0.13227145571780932,0.14055664419751623,13184722.974678705,0.14055664419751623,12,0.13227145571780932,13184722.974678706,0.13227145571780932,13184722.974678706,0,6116220.293723354,0.13227145571780932,37.75444625755157,0.14055664419751623,0.0,True,0.0,0.0
sano,229,1,19.669368180939077,15.735494544751262,1,1,4713525.528645839,4713525.528645839,0.0,0.0,0.0,0.0,4713525.528645839,0.0,1,0.0,4713525.528645839,0.0,4713525.528645839,0,0.0,0.0,0.0,0.0,0.0,True,0.0,0.0
sano,230,1,123.93820259836184,99.15056207868948,1,1,4713525.528645839,4713525.528645839,0.0,0.0,0.0,0.0,4713525.528645839,0.0,1,0.0,4713525.528645839,0.0,4713525.528645839,0,0.0,0.0,0.0,0.0,0.0,True,0.0,0.0
sano,231,1,50.26894081602544,40.21515265282036,1,1,4713525.528645839,4713525.528645839,0.0,0.0,0.0,0.0,4713525.528645839,0.0,1,0.0,4713525.528645839,0.0,4713525.528645839,0,0.0,0.0,0.0,0.0,0.0,True,0.0,0.0
sano,232,1,67.67297622381989,54.13838097905591,1,1,4713525.528645839,4713525.528645839,0.0,0.0,0.0,0.0,4713525.528645839,0.0,1,0.0,4713525.528645839,0.0,4713525.528645839,0,0.0,0.0,0.0,0.0,0.0,True,0.0,0.0
sano,233,1,18.979460481537647,15.183568385230117,1,1,4713525.528645839,4713525.528645839,0.0,0.0,0.0,0.0,4713525.528645839,0.0,1,0.0,4713525.528645839,0.0,4713525.528645839,0,0.0,0.0,0.0,0.0,0.0,True,0.0,0.0
sano,234,3,154.52665021847406,123.62132017477927,12,12,23940106.20832778,23940106.20832778,13964568.327490786,86.20103905858512,0.2371642783093999,0.2716335695845096,23940106.20832778,0.2716335695845096,12,0.2371642783093999,23940106.208327785,0.2371642783093999,23940106.208327785,0,13964568.32749079,0.2371642783093999,86.20103905858512,0.2716335695845096,0.0,True,0.0,0.0
sano,236,1,106.84526451517942,85.47621161214354,1,1,4713525.528645839,4713525.528645839,0.0,0.0,0.0,0.0,4713525.528645839,0.0,1,0.0,4713525.528645839,0.0,4713525.528645839,0,0.0,0.0,0.0,0.0,0.0,True,0.0,0.0
sano,237,3,62.25315273811585,49.80252219049268,12,12,26917566.028330255,26917566.028330255,16415342.85257396,101.32927686774046,0.05482951486387889,0.23883335384967908,26917566.028330255,0.23883335384967908,12,0.05482951486387889,26917566.02833025,0.054829514863878895,26917566.02833025,0,16415342.85257396,0.054829514863878895,101.32927686774048,0.23883335384967908,0.0,True,0.0,0.0
sano,238,3,192.81954551041696,154.25563640833357,12,12,29599120.249430973,29599120.249430973,18110003.5748487,111.7901455237574,0.28021044962878766,0.515561305785502,29599120.249430973,0.515561305785502,12,0.28021044962878766,29599120.249430977,0.2802104496287876,29599120.249430977,0,18110003.574848697,0.2802104496287876,111.79014552375739,0.515561305785502,0.0,False,0.0,0.0
sano,239,3,117.70753322079386,94.1660265766351,12,12,20206143.39638796,20206143.39638796,11348803.37703623,70.05434183355702,0.11792847683431894,0.2999704052949247,20206143.39638796,0.2999704052949247,12,0.11792847683431894,20206143.396387957,0.11792847683431892,20206143.396387957,0,11348803.377036233,0.11792847683431892,70.054341833557,0.2999704052949247,0.0,True,0.0,0.0
sano,241,1,26.309492276560416,21.047593821248334,1,1,4713525.528645839,4713525.528645839,0.0,0.0,0.0,0.0,4713525.528645839,0.0,1,0.0,4713525.528645839,0.0,4713525.528645839,0,0.0,0.0,0.0,0.0,0.0,True,0.0,0.0
sano,242,3,107.25106714021118,85.80085371216894,12,12,27933531.425335813,27933531.425335813,17103878.19965314,105.57949505958727,0.10489308102722757,0.34296143680010344,27933531.425335813,0.34296143680010344,12,0.10489308102722757,27933531.42533581,0.1048930810272276,27933531.42533581,0,17103878.199653137,0.1048930810272276,105.57949505958727,0.34296143680010344,0.0,True,0.0,0.0
sano,243,2,74.14007019983765,59.312056159870124,12,12,17827248.07378575,17827248.07378575,9654883.90330692,59.5980487858452,0.0628092085519928,0.20235783937036186,17827248.07378575,0.20235783937036186,12,0.0628092085519928,17827248.073785745,0.06280920855199282,17827248.073785745,0,9654883.903306922,0.06280920855199282,59.5980487858452,0.20235783937036186,0.0,True,0.0,0.0
sano,244,3,31.74824301609768,25.398594412878143,12,12,22004624.046095405,22004624.046095405,12829768.413891057,79.19610132031517,0.007321886834709939,0.0420463152507412,22004624.046095405,0.0420463152507412,12,0.007321886834709939,22004624.04609541,0.007321886834709939,22004624.04609541,0,12829768.413891057,0.007321886834709939,79.19610132031517,0.0420463152507412,0.0,True,0.0,0.0
sano,245,5,126.16241418343705,100.92993134674964,12,12,42648660.494610615,42648660.494610615,27926905.994187128,172.38830860609343,0.18364245112219776,0.25458938509781165,42648660.494610615,0.25458938509781165,12,0.18364245112219776,42648660.494610615,0.1836424511221978,42648660.494610615,0,27926905.99418713,0.1836424511221978,172.3883086060934,0.25458938509781165,0.0,True,0.0,0.0
sano,246,2,23.562061818805216,18.849649455044172,12,12,13803168.689151043,13803168.689151043,6748319.294292438,41.65629194007677,0.0008669073668585997,0.01987554304765322,13803168.689151043,0.01987554304765322,12,0.0008669073668585997,13803168.689151043,0.0008669073668585999,13803168.689151043,0,6748319.294292438,0.0008669073668585999,41.65629194007678,0.01987554304765322,0.0,True,0.0,0.0
sano,247,2,43.362305418333776,34.68984433466703,12,12,6838096.90677249,6838096.90677249,1574917.1334791891,9.721710700488824,0.002029910487248717,0.014692717985108317,6838096.90677249,0.014692717985108317,12,0.002029910487248717,6838096.906772489,0.0020299104872487173,6838096.906772489,0,1574917.1334791891,0.0020299104872487173,9.721710700488822,0.014692717985108317,0.0,True,0.0,0.0
sano,248,1,86.51399108177586,69.21119286542068,1,1,4713525.528645839,4713525.528645839,0.0,0.0,0.0,0.0,4713525.528645839,0.0,1,0.0,4713525.528645839,0.0,4713525.528645839,0,0.0,0.0,0.0,0.0,0.0,True,0.0,0.0
sano,249,1,9.799050777497593,7.839240621998075,1,1,4713525.528645839,4713525.528645839,0.0,0.0,0.0,0.0,4713525.528645839,0.0,1,0.0,4713525.528645839,0.0,4713525.528645839,0,0.0,0.0,0.0,0.0,0.0,True,0.0,0.0
sano,250,2,148.40660735965517,118.72528588772414,12,12,8374733.943724353,8374733.943724353,2697358.5241435873,16.650361260145594,0.016152124581273155,0.05423991630574354,8374733.943724353,0.05423991630574354,12,0.016152124581273155,8374733.943724355,0.016152124581273155,8374733.943724355,0,2697358.524143587,0.016152124581273155,16.650361260145598,0.05423991630574354,0.0,True,0.0,0.0
sano,251,1,67.56846674310292,54.05477339448234,1,1,4713525.528645839,4713525.528645839,0.0,0.0,0.0,0.0,4713525.528645839,0.0,1,0.0,4713525.528645839,0.0,4713525.528645839,0,0.0,0.0,0.0,0.0,0.0,True,0.0,0.0
sano,252,1,43.0956036188105,34.4764828950484,1,1,4713525.528645839,4713525.528645839,0.0,0.0,0.0,0.0,4713525.528645839,0.0,1,0.0,4713525.528645839,0.0,4713525.528645839,0,0.0,0.0,0.0,0.0,0.0,True,0.0,0.0
sano,253,2,107.4373625374212,85.94989002993695,12,12,13053303.16314909,13053303.16314909,6174956.996500528,38.11701849691684,0.013449883350800494,0.07488780008059275,13053303.16314909,0.07488780008059275,12,0.013449883350800494,13053303.16314909,0.013449883350800492,13053303.16314909,0,6174956.996500528,0.013449883350800492,38.11701849691684,0.07488780008059275,0.0,True,0.0,0.0
sano,254,1,36.556024713738495,29.244819770990798,1,1,4713525.528645839,4713525.528645839,0.0,0.0,0.0,0.0,4713525.528645839,0.0,1,0.0,4713525.528645839,0.0,4713525.528645839,0,0.0,0.0,0.0,0.0,0.0,True,0.0,0.0
sano,255,1,10.241939576980249,8.1935516615842,1,1,4713525.528645839,4713525.528645839,0.0,0.0,0.0,0.0,4713525.528645839,0.0,1,0.0,4713525.528645839,0.0,4713525.528645839,0,0.0,0.0,0.0,0.0,0.0,True,0.0,0.0
sano,256,2,60.029276283844496,48.0234210270756,12,12,5784116.257672542,5784116.257672542,790760.539738299,4.881237899619129,0.003192580535946043,0.013056545021558195,5784116.257672542,0.013056545021558195,12,0.003192580535946043,5784116.257672543,0.0031925805359460427,5784116.257672543,0,790760.5397382989,0.0031925805359460427,4.881237899619129,0.013056545021558195,0.0,True,0.0,0.0
sano,257,3,172.09810516716453,137.67848413373162,12,12,33060999.014886502,33060999.014886502,20919376.603281848,129.13195434124597,0.09871474635755591,0.36210389526543146,33060999.014886502,0.36210389526543146,12,0.09871474635755591,33060999.014886506,0.0987147463575559,33060999.014886506,0,20919376.603281844,0.0987147463575559,129.13195434124594,0.36210389526543146,0.0,False,0.0,0.0
sano,258,1,37.23200288368277,29.785602306946217,1,1,4713525.528645839,4713525.528645839,0.0,0.0,0.0,0.0,4713525.528645839,0.0,1,0.0,4713525.528645839,0.0,4713525.528645839,0,0.0,0.0,0.0,0.0,0.0,True,0.0,0.0
sano,259,1,139.90744429130228,111.92595543304184,1,1,4713525.528645839,4713525.528645839,0.0,0.0,0.0,0.0,4713525.528645839,0.0,1,0.0,4713525.528645839,0.0,4713525.528645839,0,0.0,0.0,0.0,0.0,0.0,True,0.0,0.0
sano,261,1,46.79096634442956,37.43277307554365,1,1,4713525.528645839,4713525.528645839,0.0,0.0,0.0,0.0,4713525.528645839,0.0,1,0.0,4713525.528645839,0.0,4713525.528645839,0,0.0,0.0,0.0,0.0,0.0,True,0.0,0.0
sano,262,2,214.5374055928369,171.62992447426953,12,12,17171942.682565004,17171942.682565004,8974309.37949821,55.396971478383996,0.21025631383726087,0.356952055343227,17171942.682565004,0.356952055343227,12,0.21025631383726087,17171942.682565004,0.21025631383726087,17171942.682565004,0,8974309.379498208,0.21025631383726087,55.396971478384,0.356952055343227,0.0,False,0.0,0.0
sano,263,3,177.55736833177417,142.04589466541935,12,12,37692530.857641526,37692530.857641526,23650783.153812062,145.99248860377818,0.6366513435330575,0.739237579185308,37692530.857641526,0.739237579185308,12,0.6366513435330575,37692530.85764153,0.6366513435330575,37692530.85764153,0,23650783.153812066,0.6366513435330575,145.9924886037782,0.739237579185308,0.0,False,0.0,0.0
sano,264,1,149.31955085550925,119.4556406844074,1,1,4713525.528645839,4713525.528645839,0.0,0.0,0.0,0.0,4713525.528645839,0.0,1,0.0,4713525.528645839,0.0,4713525.528645839,0,0.0,0.0,0.0,0.0,0.0,True,0.0,0.0
sano,265,1,35.50862973723848,28.406903789790785,1,1,4713525.528645839,4713525.528645839,0.0,0.0,0.0,0.0,4713525.528645839,0.0,1,0.0,4713525.528645839,0.0,4713525.528645839,0,0.0,0.0,0.0,0.0,0.0,True,0.0,0.0
sano,266,2,157.14702705482847,125.71762164386278,12,12,29345239.309863273,29345239.309863273,17793705.39514976,109.83768762438122,0.37733753279801663,0.6733378778703984,29345239.309863273,0.6733378778703984,12,0.37733753279801663,29345239.309863273,0.37733753279801663,29345239.309863273,0,17793705.395149756,0.37733753279801663,109.8376876243812,0.6733378778703984,0.0,True,0.0,0.0
sano,267,1,72.01895913148297,57.61516730518638,1,1,4713525.528645839,4713525.528645839,0.0,0.0,0.0,0.0,4713525.528645839,0.0,1,0.0,4713525.528645839,0.0,4713525.528645839,0,0.0,0.0,0.0,0.0,0.0,True,0.0,0.0
sano,268,1,44.37678921362354,35.501431370898835,1,1,4713525.528645839,4713525.528645839,0.0,0.0,0.0,0.0,4713525.528645839,0.0,1,0.0,4713525.528645839,0.0,4713525.528645839,0,0.0,0.0,0.0,0.0,0.0,True,0.0,0.0
sano,269,2,77.53213723742203,62.025709789937636,12,12,18318593.94424292,18318593.94424292,10027917.095262287,61.900722810261044,0.056585985163179454,0.19574679199619074,18318593.94424292,0.19574679199619074,12,0.056585985163179454,18318593.944242917,0.05658598516317945,18318593.944242917,0,10027917.095262287,0.05658598516317945,61.90072281026104,0.19574679199619074,0.0,True,0.0,0.0
sano,270,1,114.94125888464268,91.95300710771414,1,1,4713525.528645839,4713525.528645839,0.0,0.0,0.0,0.0,4713525.528645839,0.0,1,0.0,4713525.528645839,0.0,4713525.528645839,0,0.0,0.0,0.0,0.0,0.0,True,0.0,0.0
sano,271,1,13.191969974448114,10.553575979558492,1,1,4713525.528645839,4713525.528645839,0.0,0.0,0.0,0.0,4713525.528645839,0.0,1,0.0,4713525.528645839,0.0,4713525.528645839,0,0.0,0.0,0.0,0.0,0.0,True,0.0,0.0
sano,272,1,137.99382744511362,110.3950619560909,1,1,4713525.528645839,4713525.528645839,0.0,0.0,0.0,0.0,4713525.528645839,0.0,1,0.0,4713525.528645839,0.0,4713525.528645839,0,0.0,0.0,0.0,0.0,0.0,True,0.0,0.0
sano,273,1,33.672646984198096,26.938117587358477,1,1,4713525.528645839,4713525.528645839,0.0,0.0,0.0,0.0,4713525.528645839,0.0,1,0.0,4713525.528645839,0.0,4713525.528645839,0,0.0,0.0,0.0,0.0,0.0,True,0.0,0.0
sano,274,3,59.80574007731811,47.84459206185449,12,12,42577995.59206312,42577995.59206312,28089584.68681107,173.392498066735,0.020104562250902246,0.19192886292576528,42577995.59206312,0.19192886292576528,12,0.020104562250902246,42577995.592063114,0.02010456225090225,42577995.592063114,0,28089584.686811063,0.02010456225090225,173.39249806673496,0.19192886292576528,0.0,True,0.0,0.0
sano,275,2,173.0675917767352,138.4540734213882,12,12,12634944.038756402,12634944.038756402,5782402.846288445,35.6938447301756,0.07570595261011305,0.1719309377224794,12634944.038756402,0.1719309377224794,12,0.07570595261011305,12634944.038756404,0.07570595261011305,12634944.038756404,0,5782402.846288445,0.07570595261011305,35.69384473017559,0.1719309377224794,0.0,False,0.0,0.0
sano,276,1,40.6924136385426,32.553930910834076,1,1,4713525.528645839,4713525.528645839,0.0,0.0,0.0,0.0,4713525.528645839,0.0,1,0.0,4713525.528645839,0.0,4713525.528645839,0,0.0,0.0,0.0,0.0,0.0,True,0.0,0.0
sano,277,1,9.462501426724302,7.570001141379442,1,1,4713525.528645839,4713525.528645839,0.0,0.0,0.0,0.0,4713525.528645839,0.0,1,0.0,4713525.528645839,0.0,4713525.528645839,0,0.0,0.0,0.0,0.0,0.0,True,0.0,0.0
sano,278,2,54.90357678506517,43.922861428052144,12,12,16166978.844694635,16166978.844694635,8482060.949458148,52.358400922581154,0.017202676874223066,0.09926212209172154,16166978.844694635,0.09926212209172154,12,0.017202676874223066,16166978.844694631,0.01720267687422307,16166978.844694631,0,8482060.949458146,0.01720267687422307,52.358400922581154,0.09926212209172154,0.0,True,0.0,0.0
sano,279,3,159.64360043549635,127.71488034839709,12,12,36600706.52921963,36600706.52921963,22685665.61084814,140.03497290647002,0.7540045895955524,1.056474255798099,36600706.52921963,1.056474255798099,12,0.7540045895955524,36600706.52921963,0.7540045895955524,36600706.52921963,0,22685665.61084814,0.7540045895955524,140.03497290647,1.056474255798099,0.0,True,0.0,0.0
sano,280,3,151.12278013694458,120.89822410955566,12,12,22402057.85229817,22402057.85229817,12918386.289136654,79.74312524158428,0.16428005219648467,0.21366154524324402,22402057.85229817,0.21366154524324402,12,0.16428005219648467,22402057.85229817,0.16428005219648467,22402057.85229817,0,12918386.289136654,0.16428005219648467,79.74312524158428,0.21366154524324402,0.0,True,0.0,0.0
sano,281,2,120.29853258867485,96.2388260709399,12,12,15877189.584736882,15877189.584736882,8195339.241457123,50.588513836155094,0.07158122909946539,0.1990297001431183,15877189.584736882,0.1990297001431183,12,0.07158122909946539,15877189.58473688,0.07158122909946538,15877189.58473688,0,8195339.241457124,0.07158122909946538,50.58851383615509,0.1990297001431183,0.0,True,0.0,0.0
sano,282,1,103.35183059995953,82.68146447996763,1,1,4713525.528645839,4713525.528645839,0.0,0.0,0.0,0.0,4713525.528645839,0.0,1,0.0,4713525.528645839,0.0,4713525.528645839,0,0.0,0.0,0.0,0.0,0.0,True,0.0,0.0
sano,283,1,101.92396722710912,81.5391737816873,1,1,4713525.528645839,4713525.528645839,0.0,0.0,0.0,0.0,4713525.528645839,0.0,1,0.0,4713525.528645839,0.0,4713525.528645839,0,0.0,0.0,0.0,0.0,0.0,True,0.0,0.0
sano,284,1,98.1585950728474,78.52687605827794,1,1,4713525.528645839,4713525.528645839,0.0,0.0,0.0,0.0,4713525.528645839,0.0,1,0.0,4713525.528645839,0.0,4713525.528645839,0,0.0,0.0,0.0,0.0,0.0,True,0.0,0.0
sano,285,3,57.78969896073461,46.23175916858769,12,12,13782210.69992959,13782210.69992959,6732123.363888974,41.55631706104304,0.0013485899230446191,0.024226396506358105,13782210.69992959,0.024226396506358105,12,0.0013485899230446191,13782210.69992959,0.0013485899230446193,13782210.69992959,0,6732123.363888972,0.0013485899230446193,41.55631706104304,0.024226396506358105,0.0,True,0.0,0.0
sano,286,1,88.15030002536321,70.52024002029057,1,1,4713525.528645839,4713525.528645839,0.0,0.0,0.0,0.0,4713525.528645839,0.0,1,0.0,4713525.528645839,0.0,4713525.528645839,0,0.0,0.0,0.0,0.0,0.0,True,0.0,0.0
sano,287,1,17.77089238754112,14.216713910032897,1,1,4713525.528645839,4713525.528645839,0.0,0.0,0.0,0.0,4713525.528645839,0.0,1,0.0,4713525.528645839,0.0,4713525.528645839,0,0.0,0.0,0.0,0.0,0.0,True,0.0,0.0
sano,288,1,43.647134991959945,34.91770799356796,1,1,4713525.528645839,4713525.528645839,0.0,0.0,0.0,0.0,4713525.528645839,0.0,1,0.0,4713525.528645839,0.0,4713525.528645839,0,0.0,0.0,0.0,0.0,0.0,True,0.0,0.0
sano,289,1,45.86777517700203,36.694220141601626,1,1,4713525.528645839,4713525.528645839,0.0,0.0,0.0,0.0,4713525.528645839,0.0,1,0.0,4713525.528645839,0.0,4713525.528645839,0,0.0,0.0,0.0,0.0,0.0,True,0.0,0.0
sano,290,1,147.4231973648273,117.93855789186185,1,1,4713525.528645839,4713525.528645839,0.0,0.0,0.0,0.0,4713525.528645839,0.0,1,0.0,4713525.528645839,0.0,4713525.528645839,0,0.0,0.0,0.0,0.0,0.0,True,0.0,0.0
sano,291,3,159.9354261000762,127.94834088006097,12,12,50321701.81681638,50321701.81681638,33318987.506468907,205.67276238561047,0.41584757265727373,0.9028254447644135,50321701.81681638,0.9028254447644135,12,0.41584757265727373,49785675.20555552,0.4116902101412072,49785675.20555552,0,32926433.60106782,0.4116902101412072,203.24959013004826,0.8398393481762974,0.0,True,536026.6112608524,0.0
sano,293,1,5.871474046509828,4.6971792372078625,1,1,4713525.528645839,4713525.528645839,0.0,0.0,0.0,0.0,4713525.528645839,0.0,1,0.0,4713525.528645839,0.0,4713525.528645839,0,0.0,0.0,0.0,0.0,0.0,True,0.0,0.0
sano,294,1,12.412897385054393,9.930317908043515,1,1,4713525.528645839,4713525.528645839,0.0,0.0,0.0,0.0,4713525.528645839,0.0,1,0.0,4713525.528645839,0.0,4713525.528645839,0,0.0,0.0,0.0,0.0,0.0,True,0.0,0.0
sano,295,4,233.8367421921267,187.06939375370138,12,12,42150021.8159244,42150021.8159244,26614839.844686743,164.28913484374525,0.8995171917791093,0.7423795182924193,42150021.8159244,0.7423795182924193,12,0.8995171917791093,42150021.8159244,0.8995171917791092,42150021.8159244,0,26614839.84468674,0.8995171917791092,164.28913484374527,0.7423795182924193,0.0,False,0.0,0.0
sano,296,1,59.70938261270779,47.767506090166236,1,1,4713525.528645839,4713525.528645839,0.0,0.0,0.0,0.0,4713525.528645839,0.0,1,0.0,4713525.528645839,0.0,4713525.528645839,0,0.0,0.0,0.0,0.0,0.0,True,0.0,0.0
sano,297,1,26.879652662176355,21.503722129741085,1,1,4713525.528645839,4713525.528645839,0.0,0.0,0.0,0.0,4713525.528645839,0.0,1,0.0,4713525.528645839,0.0,4713525.528645839,0,0.0,0.0,0.0,0.0,0.0,True,0.0,0.0
sano,298,1,16.967636834956842,13.574109467965474,1,1,4713525.528645839,4713525.528645839,0.0,0.0,0.0,0.0,4713525.528645839,0.0,1,0.0,4713525.528645839,0.0,4713525.528645839,0,0.0,0.0,0.0,0.0,0.0,True,0.0,0.0
sano,299,1,40.61297208313145,32.49037766650516,1,1,4713525.528645839,4713525.528645839,0.0,0.0,0.0,0.0,4713525.528645839,0.0,1,0.0,4713525.528645839,0.0,4713525.528645839,0,0.0,0.0,0.0,0.0,0.0,True,0.0,0.0
sano,300,3,321.07896168909923,256.8631693512794,12,12,25333162.829154138,25333162.829154138,14113632.918101868,87.12119085248064,0.9101203702171841,0.7785919388999981,25333162.829154138,0.7785919388999981,12,0.9101203702171841,25333162.829154138,0.9101203702171841,25333162.829154138,0,14113632.918101864,0.9101203702171841,87.12119085248065,0.7785919388999981,0.0,False,0.0,0.0
sano,301,1,11.849635736501948,9.47970858920156,1,1,4713525.528645839,4713525.528645839,0.0,0.0,0.0,0.0,4713525.528645839,0.0,1,0.0,4713525.528645839,0.0,4713525.528645839,0,0.0,0.0,0.0,0.0,0.0,True,0.0,0.0
sano,302,2,120.06791540335752,96.05433232268601,12,12,19028702.387012895,19028702.387012895,10443430.72244051,64.46562174345992,0.141545774191598,0.3159402041209164,19028702.387012895,0.3159402041209164,12,0.141545774191598,19028702.38701289,0.14154577419159803,19028702.38701289,0,10443430.72244051,0.14154577419159803,64.46562174345993,0.3159402041209164,0.0,True,0.0,0.0
sano,303,1,48.08105670047766,38.46484536038213,1,1,4713525.528645839,4713525.528645839,0.0,0.0,0.0,0.0,4713525.528645839,0.0,1,0.0,4713525.528645839,0.0,4713525.528645839,0,0.0,0.0,0.0,0.0,0.0,True,0.0,0.0
sano,304,4,49.834091529738174,39.86727322379055,12,12,54274310.34098045,54274310.34098045,36664619.109040484,226.32480931506464,0.10371177245050382,0.33679685405861864,54274310.34098045,0.33679685405861864,12,0.10371177245050382,54274310.340980455,0.1037117724505038,54274310.340980455,0,36664619.10904048,0.1037117724505038,226.32480931506464,0.33679685405861864,0.0,True,0.0,0.0
sano,305,1,24.28765083694029,19.430120669552235,1,1,4713525.528645839,4713525.528645839,0.0,0.0,0.0,0.0,4713525.528645839,0.0,1,0.0,4713525.528645839,0.0,4713525.528645839,0,0.0,0.0,0.0,0.0,0.0,True,0.0,0.0
sano,306,1,67.54283228542344,54.03426582833876,1,1,4713525.528645839,4713525.528645839,0.0,0.0,0.0,0.0,4713525.528645839,0.0,1,0.0,4713525.528645839,0.0,4713525.528645839,0,0.0,0.0,0.0,0.0,0.0,True,0.0,0.0
sano,307,1,29.161407424773856,23.329125939819086,1,1,4713525.528645839,4713525.528645839,0.0,0.0,0.0,0.0,4713525.528645839,0.0,1,0.0,4713525.528645839,0.0,4713525.528645839,0,0.0,0.0,0.0,0.0,0.0,True,0.0,0.0
sano,308,2,166.2502864608977,133.0002291687182,12,12,16503715.105919564,16503715.105919564,8496195.634216847,52.44565206306697,0.1965176284431811,0.3357746108607957,16503715.105919564,0.3357746108607957,12,0.1965176284431811,16503715.105919564,0.1965176284431811,16503715.105919564,0,8496195.634216849,0.1965176284431811,52.44565206306697,0.3357746108607957,0.0,True,0.0,0.0
sano,309,1,22.66439640003073,18.131517120024583,1,1,4713525.528645839,4713525.528645839,0.0,0.0,0.0,0.0,4713525.528645839,0.0,1,0.0,4713525.528645839,0.0,4713525.528645839,0,0.0,0.0,0.0,0.0,0.0,True,0.0,0.0
sano,310,2,189.83176386817306,151.86541109453844,12,12,18693861.67175653,18693861.67175653,10045399.833776014,62.00864094923465,0.2551037714637934,0.4159842605035136,18693861.67175653,0.4159842605035136,12,0.2551037714637934,18693861.671756525,0.2551037714637935,18693861.671756525,0,10045399.833776016,0.2551037714637935,62.00864094923466,0.4159842605035136,0.0,False,0.0,0.0
sano,311,1,116.28345758983986,93.02676607187189,1,1,4713525.528645839,4713525.528645839,0.0,0.0,0.0,0.0,4713525.528645839,0.0,1,0.0,4713525.528645839,0.0,4713525.528645839,0,0.0,0.0,0.0,0.0,0.0,True,0.0,0.0
sano,312,2,100.57400706146434,80.45920564917148,12,12,8053785.686578034,8053785.686578034,2439399.177643362,15.05801961508248,0.031081545875772294,0.07155295717179926,8053785.686578034,0.07155295717179926,12,0.031081545875772294,8053785.686578034,0.0310815458757723,8053785.686578034,0,2439399.177643362,0.0310815458757723,15.05801961508248,0.07155295717179926,0.0,True,0.0,0.0
sano,313,1,87.18699999436971,69.74959999549577,1,1,4713525.528645839,4713525.528645839,0.0,0.0,0.0,0.0,4713525.528645839,0.0,1,0.0,4713525.528645839,0.0,4713525.528645839,0,0.0,0.0,0.0,0.0,0.0,True,0.0,0.0
sano,314,2,163.70655846827867,130.96524677462293,12,12,9032002.046728356,9032002.046728356,3082600.4706863505,19.02839796719969,0.09429784119933841,0.14010200180639432,9032002.046728356,0.14010200180639432,12,0.09429784119933841,9032002.046728354,0.0942978411993384,9032002.046728354,0,3082600.4706863505,0.0942978411993384,19.028397967199695,0.14010200180639432,0.0,True,0.0,0.0
sano,315,1,74.20532736946946,59.36426189557557,1,1,4713525.528645839,4713525.528645839,0.0,0.0,0.0,0.0,4713525.528645839,0.0,1,0.0,4713525.528645839,0.0,4713525.528645839,0,0.0,0.0,0.0,0.0,0.0,True,0.0,0.0
sano,316,2,163.00525505294038,130.40420404235232,12,12,12728143.281688541,12728143.281688541,5913317.1150015155,36.50195750000937,0.028799811342281986,0.10723714706329618,12728143.281688541,0.10723714706329618,12,0.028799811342281986,12728143.281688541,0.028799811342281982,12728143.281688541,0,5913317.115001516,0.028799811342281982,36.50195750000936,0.10723714706329618,0.0,True,0.0,0.0
sano,317,1,99.84783551389305,79.87826841111445,1,1,4713525.528645839,4713525.528645839,0.0,0.0,0.0,0.0,4713525.528645839,0.0,1,0.0,4713525.528645839,0.0,4713525.528645839,0,0.0,0.0,0.0,0.0,0.0,True,0.0,0.0
sano,318,3,233.52403524207924,186.8192281936634,12,12,28763985.645066157,28763985.645066157,17335226.546526678,107.00757127485605,0.39776352414299604,0.4416413250240645,28763985.645066157,0.4416413250240645,12,0.39776352414299604,28763985.64506616,0.3977635241429961,28763985.64506616,0,17335226.54652668,0.3977635241429961,107.00757127485606,0.4416413250240645,0.0,False,0.0,0.0
sano,319,1,84.7427079624514,67.79416636996113,1,1,4713525.528645839,4713525.528645839,0.0,0.0,0.0,0.0,4713525.528645839,0.0,1,0.0,4713525.528645839,0.0,4713525.528645839,0,0.0,0.0,0.0,0.0,0.0,True,0.0,0.0
sano,320,4,62.98824257171893,50.39059405737515,12,12,18426984.57443219,18426984.57443219,10133501.344806122,62.55247743707483,0.0375076675745255,0.09144701320875173,18426984.57443219,0.09144701320875173,12,0.0375076675745255,18426984.574432187,0.03750766757452549,18426984.574432187,0,10133501.344806124,0.03750766757452549,62.55247743707484,0.09144701320875173,0.0,True,0.0,0.0
sano,321,1,130.4779860833122,104.38238886664976,1,1,4713525.528645839,4713525.528645839,0.0,0.0,0.0,0.0,4713525.528645839,0.0,1,0.0,4713525.528645839,0.0,4713525.528645839,0,0.0,0.0,0.0,0.0,0.0,True,0.0,0.0
sano,322,1,89.4107160087948,71.52857280703584,1,1,4713525.528645839,4713525.528645839,0.0,0.0,0.0,0.0,4713525.528645839,0.0,1,0.0,4713525.528645839,0.0,4713525.528645839,0,0.0,0.0,0.0,0.0,0.0,True,0.0,0.0
sano,323,2,63.9512620467503,51.16100963740024,12,12,5416164.853379487,5416164.853379487,518782.3410646962,3.202360130028989,0.002248599991082018,0.008875310177315467,5416164.853379487,0.008875310177315467,12,0.002248599991082018,5416164.853379486,0.0022485999910820177,5416164.853379486,0,518782.3410646962,0.0022485999910820177,3.202360130028989,0.008875310177315467,0.0,True,0.0,0.0
sano,324,2,45.99233565103374,36.793868520827,12,12,13021159.034203107,13021159.034203107,6146000.497115345,37.93827467355151,0.017317372667744087,0.08477584792614105,13021159.034203107,0.08477584792614105,12,0.017317372667744087,13021159.034203107,0.01731737266774409,13021159.034203107,0,6146000.497115345,0.01731737266774409,37.93827467355151,0.08477584792614105,0.0,True,0.0,0.0
sano,325,1,71.87032392320681,57.49625913856545,1,1,4713525.528645839,4713525.528645839,0.0,0.0,0.0,0.0,4713525.528645839,0.0,1,0.0,4713525.528645839,0.0,4713525.528645839,0,0.0,0.0,0.0,0.0,0.0,True,0.0,0.0
sano,326,2,60.42564673493386,48.3405173879471,12,12,13081727.588971129,13081727.588971129,6207039.405507709,38.31505805868955,0.005106906364755051,0.046265370463525676,13081727.588971129,0.046265370463525676,12,0.005106906364755051,13081727.588971127,0.00510690636475505,13081727.588971127,0,6207039.405507709,0.00510690636475505,38.31505805868956,0.046265370463525676,0.0,True,0.0,0.0
sano,327,3,88.53891435184616,70.83113148147694,12,12,16161084.091555037,16161084.091555037,8459112.653999267,52.216744777773236,0.0313188050421478,0.10832971878692992,16161084.091555037,0.10832971878692992,12,0.0313188050421478,16161084.09155504,0.0313188050421478,16161084.09155504,0,8459112.653999265,0.0313188050421478,52.21674477777324,0.10832971878692992,0.0,True,0.0,0.0
sano,328,2,180.15501467155588,144.1240117372447,12,12,16086623.40766292,16086623.40766292,8143346.885651682,50.26757336822027,0.22930860642265471,0.3550965805725001,16086623.40766292,0.3550965805725001,12,0.22930860642265471,16086623.407662919,0.2293086064226547,16086623.407662919,0,8143346.885651683,0.2293086064226547,50.26757336822027,0.3550965805725001,0.0,False,0.0,0.0
sano,329,2,181.03781150147424,144.8302492011794,12,12,17711115.904260505,17711115.904260505,9295350.996445673,57.378709854602924,0.2705468247342004,0.4120870459877585,17711115.904260505,0.4120870459877585,12,0.2705468247342004,17711115.9042605,0.27054682473420033,17711115.9042605,0,9295350.996445674,0.27054682473420033,57.37870985460293,0.4120870459877585,0.0,False,0.0,0.0
sano,330,2,157.77549632646515,126.22039706117212,12,12,15982399.561532736,15982399.561532736,8354494.432856505,51.570953289237686,0.00998793320186898,0.07506418035930984,15982399.561532736,0.07506418035930984,12,0.00998793320186898,15982399.561532736,0.009987933201868979,15982399.561532736,0,8354494.432856508,0.009987933201868979,51.5709532892377,0.07506418035930984,0.0,True,0.0,0.0
sano,331,1,81.75565179531259,65.40452143625008,1,1,4713525.528645839,4713525.528645839,0.0,0.0,0.0,0.0,4713525.528645839,0.0,1,0.0,4713525.528645839,0.0,4713525.528645839,0,0.0,0.0,0.0,0.0,0.0,True,0.0,0.0
sano,332,2,43.91514496467487,35.1321159717399,12,12,16823166.65895647,16823166.65895647,8982080.476707887,55.44494121424621,0.00749515617595883,0.06742386735200194,16823166.65895647,0.06742386735200194,12,0.00749515617595883,16823166.658956476,0.007495156175958829,16823166.658956476,0,8982080.476707885,0.007495156175958829,55.44494121424621,0.06742386735200194,0.0,True,0.0,0.0
sano,333,1,99.60257540288045,79.68206032230437,1,1,4713525.528645839,4713525.528645839,0.0,0.0,0.0,0.0,4713525.528645839,0.0,1,0.0,4713525.528645839,0.0,4713525.528645839,0,0.0,0.0,0.0,0.0,0.0,True,0.0,0.0
sano,334,2,113.81681394273751,91.05345115419001,12,12,37763550.61052777,37763550.61052777,24089651.216603976,148.7015507197776,0.34314823157760393,0.7471210690632906,37763550.61052777,0.7471210690632906,12,0.34314823157760393,37763550.610527776,0.3431482315776039,37763550.610527776,0,24089651.216603976,0.3431482315776039,148.70155071977763,0.7471210690632906,0.0,True,0.0,0.0
sano,335,2,53.2748595905977,42.619887672478164,12,12,32738712.111446265,32738712.111446265,20775495.135798782,128.24379713456034,0.026176959327598958,0.19163292822771585,32738712.111446265,0.19163292822771585,12,0.026176959327598958,32738712.11144627,0.02617695932759896,32738712.11144627,0,20775495.135798782,0.02617695932759896,128.24379713456037,0.19163292822771585,0.0,True,0.0,0.0
sano,336,1,15.820264191820367,12.656211353456294,1,1,4713525.528645839,4713525.528645839,0.0,0.0,0.0,0.0,4713525.528645839,0.0,1,0.0,4713525.528645839,0.0,4713525.528645839,0,0.0,0.0,0.0,0.0,0.0,True,0.0,0.0
sano,337,3,170.12480048594932,136.09984038875947,12,12,22896466.305815313,22896466.305815313,13265261.685481945,81.88433139186385,0.17966817907873658,0.38565208035660725,22896466.305815313,0.38565208035660725,12,0.17966817907873658,22896466.305815313,0.17966817907873658,22896466.305815313,0,13265261.685481945,0.17966817907873658,81.88433139186385,0.38565208035660725,0.0,False,0.0,0.0
sano,338,2,140.23835141372044,112.19068113097634,12,12,18863279.631181512,18863279.631181512,10272575.86911025,63.41096215500155,0.17804712128473024,0.3514325648468804,18863279.631181512,0.3514325648468804,12,0.17804712128473024,18863279.631181516,0.17804712128473024,18863279.631181516,0,10272575.869110249,0.17804712128473024,63.410962155001535,0.3514325648468804,0.0,True,0.0,0.0
sano,339,3,169.69037420551967,135.75229936441573,12,12,72191911.41523705,72191911.41523705,47347942.72365868,292.27125138060916,2.0961734946169908,1.8927109752871187,71968006.94061656,1.5020967640569571,12,1.5681930846337295,72191911.41523705,2.0961734946169903,71968006.94061655,0,47876294.9733848,1.5681930846337295,292.27125138060916,1.5020967640569571,66.0440312157646,False,223904.47462050617,0.0
sano,340,1,48.60099193832461,38.88079355065969,1,1,4713525.528645839,4713525.528645839,0.0,0.0,0.0,0.0,4713525.528645839,0.0,1,0.0,4713525.528645839,0.0,4713525.528645839,0,0.0,0.0,0.0,0.0,0.0,True,0.0,0.0
sano,341,2,148.0084437569849,118.40675500558794,12,12,27586118.86068331,27586118.86068331,16933459.94321585,104.52753051367812,0.038344864459604874,0.2093925863068457,27586118.86068331,0.2093925863068457,12,0.038344864459604874,27586118.86068331,0.03834486445960487,27586118.86068331,0,16933459.94321585,0.03834486445960487,104.5275305136781,0.2093925863068457,0.0,True,0.0,0.0
sano,342,2,89.16803864747106,71.33443091797686,12,12,13879285.279666146,13879285.279666146,6788955.714951162,41.90713404290842,0.01294009987910366,0.07702028961683717,13879285.279666146,0.07702028961683717,12,0.01294009987910366,13879285.279666144,0.012940099879103658,13879285.279666144,0,6788955.714951163,0.012940099879103658,41.90713404290842,0.07702028961683717,0.0,True,0.0,0.0
sano,343,1,67.65905182281779,54.12724145825423,1,1,4713525.528645839,4713525.528645839,0.0,0.0,0.0,0.0,4713525.528645839,0.0,1,0.0,4713525.528645839,0.0,4713525.528645839,0,0.0,0.0,0.0,0.0,0.0,True,0.0,0.0
sano,344,3,175.06902317077913,140.0552185366233,12,12,25114803.765199583,25114803.765199583,14858978.622176886,91.72209026035114,0.22033112807155905,0.4627425279964733,25114803.765199583,0.4627425279964733,12,0.22033112807155905,25114803.76519958,0.22033112807155908,25114803.76519958,0,14858978.622176886,0.22033112807155908,91.72209026035114,0.4627425279964733,0.0,False,0.0,0.0
sano,345,1,27.29683035116647,21.837464280933176,1,1,4713525.528645839,4713525.528645839,0.0,0.0,0.0,0.0,4713525.528645839,0.0,1,0.0,4713525.528645839,0.0,4713525.528645839,0,0.0,0.0,0.0,0.0,0.0,True,0.0,0.0
sano,346,1,108.05676960463916,86.44541568371133,1,1,4713525.528645839,4713525.528645839,0.0,0.0,0.0,0.0,4713525.528645839,0.0,1,0.0,4713525.528645839,0.0,4713525.528645839,0,0.0,0.0,0.0,0.0,0.0,True,0.0,0.0
sano,347,1,76.00683467244244,60.805467737953954,1,1,4713525.528645839,4713525.528645839,0.0,0.0,0.0,0.0,4713525.528645839,0.0,1,0.0,4713525.528645839,0.0,4713525.528645839,0,0.0,0.0,0.0,0.0,0.0,True,0.0,0.0
sano,348,2,7.933552387167578,6.346841909734063,12,12,13006729.10111413,13006729.10111413,6157981.188167053,38.01222955658675,6.627328518732804e-05,0.005249564471487354,13006729.10111413,0.005249564471487354,12,6.627328518732804e-05,13006729.101114132,6.627328518732805e-05,13006729.101114132,0,6157981.188167053,6.627328518732805e-05,38.012229556586746,0.005249564471487354,0.0,True,0.0,0.0
sano,349,3,267.85388468702547,214.28310774962034,12,12,88308806.37615122,88308806.37615122,48682528.565955766,300.5094355923196,10.178352953831496,5.604071911078183,83887281.843857,2.7165272452184706,12,4.447654267696223,88308806.37615123,10.178352953831498,83887281.84385699,0,52938660.87813855,4.447654267696224,300.50943559231956,2.7165272452184706,212.80661560913893,False,4421524.532294244,0.0
sano,350,2,75.6179790788123,60.49438326304984,12,12,12209104.237860223,12209104.237860223,5530954.19712238,34.141692574829506,0.026484215240114965,0.09945541424861677,12209104.237860223,0.09945541424861677,12,0.026484215240114965,12209104.237860221,0.026484215240114968,12209104.237860221,0,5530954.19712238,0.026484215240114968,34.141692574829506,0.09945541424861677,0.0,True,0.0,0.0
sano,351,2,193.27505132824712,154.6200410625977,12,12,13737987.461188128,13737987.461188128,6534234.136739922,40.33477862185136,0.12680579105332956,0.2365384437641297,13737987.461188128,0.2365384437641297,12,0.12680579105332956,13737987.461188126,0.12680579105332956,13737987.461188126,0,6534234.136739922,0.12680579105332956,40.33477862185137,0.2365384437641297,0.0,False,0.0,0.0
sano,352,2,14.291336658100617,11.433069326480494,12,12,11518608.583354222,11518608.583354222,5051833.144607454,31.18415521362625,0.0009427655328745625,0.01793334041621767,11518608.583354222,0.01793334041621767,12,0.0009427655328745625,11518608.583354224,0.0009427655328745628,11518608.583354224,0,5051833.144607453,0.0009427655328745628,31.18415521362625,0.01793334041621767,0.0,True,0.0,0.0
sano,353,2,116.0598313161008,92.84786505288064,12,12,9592687.031309491,9592687.031309491,3586957.0535416957,22.141710207047506,0.027390494279533096,0.08145127152911584,9592687.031309491,0.08145127152911584,12,0.027390494279533096,9592687.031309493,0.027390494279533092,9592687.031309493,0,3586957.0535416952,0.027390494279533092,22.141710207047502,0.08145127152911584,0.0,True,0.0,0.0
sano,354,1,44.311921597846,35.4495372782768,1,1,4713525.528645839,4713525.528645839,0.0,0.0,0.0,0.0,4713525.528645839,0.0,1,0.0,4713525.528645839,0.0,4713525.528645839,0,0.0,0.0,0.0,0.0,0.0,True,0.0,0.0
sano,355,4,176.1248741907973,140.89989935263785,12,12,26476071.256031115,26476071.256031115,15612298.358116148,96.3722120871367,0.41604501549125256,0.408088204914418,26476071.256031115,0.408088204914418,12,0.41604501549125256,26476071.25603112,0.4160450154912526,26476071.25603112,0,15612298.358116146,0.4160450154912526,96.3722120871367,0.408088204914418,0.0,False,0.0,0.0
sano,356,1,133.41332641381535,106.73066113105229,1,1,4713525.528645839,4713525.528645839,0.0,0.0,0.0,0.0,4713525.528645839,0.0,1,0.0,4713525.528645839,0.0,4713525.528645839,0,0.0,0.0,0.0,0.0,0.0,True,0.0,0.0
sano,357,2,110.77527840157934,88.62022272126347,12,12,14195017.940459302,14195017.940459302,6960113.193669174,42.96366168931589,0.06104582694690718,0.16938345501753166,14195017.940459302,0.16938345501753166,12,0.06104582694690718,14195017.9404593,0.06104582694690718,14195017.9404593,0,6960113.193669175,0.06104582694690718,42.96366168931589,0.16938345501753166,0.0,True,0.0,0.0
sano,358,2,88.43463003935324,70.74770403148258,12,12,15350795.938210825,15350795.938210825,7896564.467296065,48.74422510676584,0.0015784625131695276,0.029011559457273985,15350795.938210825,0.029011559457273985,12,0.0015784625131695276,15350795.938210828,0.0015784625131695276,15350795.938210828,0,7896564.467296066,0.0015784625131695276,48.74422510676584,0.029011559457273985,0.0,True,0.0,0.0
sano,359,3,60.83610955193514,48.66888764154812,12,12,20987886.41160149,20987886.41160149,12058327.427482424,74.43411992273103,0.019839806096290435,0.08326313544670956,20987886.41160149,0.08326313544670956,12,0.019839806096290435,20987886.411601495,0.019839806096290435,20987886.411601495,0,12058327.427482424,0.019839806096290435,74.43411992273101,0.08326313544670956,0.0,True,0.0,0.0
sano,360,4,323.1742928160057,258.53943425280454,12,12,47549215.6762457,47549215.6762457,28463553.518775944,175.70094764676512,2.541676492471031,1.7823424957652452,47296425.777401485,1.1807723559687924,12,1.7575937303462261,47549215.6762457,2.5416764924710313,47296425.777401485,0,29307385.393928844,1.7575937303462261,175.7009476467651,1.1807723559687924,105.47898439411262,False,252789.8988442123,0.0
sano,361,3,97.24784576153193,77.79827660922554,12,12,29898544.081979174,29898544.081979174,18520927.698506344,114.32671418831073,0.13686237939085236,0.2255328287990435,29898544.081979174,0.2255328287990435,12,0.13686237939085236,29898544.081979185,0.13686237939085236,29898544.081979185,0,18520927.69850634,0.13686237939085236,114.32671418831073,0.2255328287990435,0.0,True,0.0,0.0
sano,362,4,118.60199890887388,94.88159912709911,12,12,26498263.257436763,26498263.257436763,16117743.504355071,99.49224385404365,0.04437694814466602,0.11798392165730215,26498263.257436763,0.11798392165730215,12,0.04437694814466602,26498263.257436763,0.044376948144666015,26498263.257436763,0,16117743.50435507,0.044376948144666015,99.49224385404366,0.11798392165730215,0.0,True,0.0,0.0
sano,363,1,48.65702849099442,38.92562279279554,1,1,4713525.528645839,4713525.528645839,0.0,0.0,0.0,0.0,4713525.528645839,0.0,1,0.0,4713525.528645839,0.0,4713525.528645839,0,0.0,0.0,0.0,0.0,0.0,True,0.0,0.0
sano,364,1,41.04487234016128,32.835897872129024,1,1,4713525.528645839,4713525.528645839,0.0,0.0,0.0,0.0,4713525.528645839,0.0,1,0.0,4713525.528645839,0.0,4713525.528645839,0,0.0,0.0,0.0,0.0,0.0,True,0.0,0.0
sano,365,1,67.93981007135159,54.35184805708127,1,1,4713525.528645839,4713525.528645839,0.0,0.0,0.0,0.0,4713525.528645839,0.0,1,0.0,4713525.528645839,0.0,4713525.528645839,0,0.0,0.0,0.0,0.0,0.0,True,0.0,0.0
sano,366,2,55.6929392294916,44.554351383593286,12,12,11874078.164127981,11874078.164127981,5311763.222757666,32.78866186887449,0.003999711308653238,0.03787638497351698,11874078.164127981,0.03787638497351698,12,0.003999711308653238,11874078.164127981,0.003999711308653238,11874078.164127981,0,5311763.222757666,0.003999711308653238,32.788661868874485,0.03787638497351698,0.0,True,0.0,0.0
sano,367,4,231.30782473706688,185.04625978965353,12,12,53011388.65036968,53011388.65036968,34393650.135807894,212.30648231980192,1.1170849892897403,0.7920341147503723,53011388.65036968,0.7920341147503723,12,1.1170849892897403,53011388.65036969,1.1170849892897403,53011388.65036969,0,34393650.1358079,1.1170849892897403,212.3064823198019,0.7920341147503723,0.0,False,0.0,0.0
sano,368,1,39.1052669261782,31.284213540942563,1,1,4713525.528645839,4713525.528645839,0.0,0.0,0.0,0.0,4713525.528645839,0.0,1,0.0,4713525.528645839,0.0,4713525.528645839,0,0.0,0.0,0.0,0.0,0.0,True,0.0,0.0
sano,369,1,76.55703599322901,61.24562879458321,1,1,4713525.528645839,4713525.528645839,0.0,0.0,0.0,0.0,4713525.528645839,0.0,1,0.0,4713525.528645839,0.0,4713525.528645839,0,0.0,0.0,0.0,0.0,0.0,True,0.0,0.0
sano,370,1,74.35706634421693,59.48565307537355,1,1,4713525.528645839,4713525.528645839,0.0,0.0,0.0,0.0,4713525.528645839,0.0,1,0.0,4713525.528645839,0.0,4713525.528645839,0,0.0,0.0,0.0,0.0,0.0,True,0.0,0.0
sano,371,2,71.20302216893153,56.96241773514522,12,12,9698762.998366266,9698762.998366266,3683004.1534930984,22.73459354008085,0.014255023167396179,0.05954151945090387,9698762.998366266,0.05954151945090387,12,0.014255023167396179,9698762.998366266,0.014255023167396177,9698762.998366266,0,3683004.153493098,0.014255023167396177,22.73459354008085,0.05954151945090387,0.0,True,0.0,0.0
sano,372,2,140.64574354927862,112.51659483942291,12,12,9903128.678197743,9903128.678197743,3795488.7494420274,23.428942897790296,0.04410140585074012,0.10631509129393492,9903128.678197743,0.10631509129393492,12,0.04410140585074012,9903128.678197745,0.04410140585074012,9903128.678197745,0,3795488.7494420274,0.04410140585074012,23.428942897790293,0.10631509129393492,0.0,True,0.0,0.0
sano,373,1,73.3189827168737,58.65518617349897,1,1,4713525.528645839,4713525.528645839,0.0,0.0,0.0,0.0,4713525.528645839,0.0,1,0.0,4713525.528645839,0.0,4713525.528645839,0,0.0,0.0,0.0,0.0,0.0,True,0.0,0.0
sano,374,1,88.14387494670251,70.51509995736201,1,1,4713525.528645839,4713525.528645839,0.0,0.0,0.0,0.0,4713525.528645839,0.0,1,0.0,4713525.528645839,0.0,4713525.528645839,0,0.0,0.0,0.0,0.0,0.0,True,0.0,0.0
sano,375,5,192.56227503641202,154.0498200291296,12,12,134263095.87896612,134263095.87896612,93426314.77734531,576.7056467737365,2.105456119656018,3.3353538628780397,134263095.87896612,3.3353538628780397,12,2.105456119656018,134263095.87896612,2.1054561196560178,134263095.87896612,0,93426314.77734531,2.1054561196560178,576.7056467737365,3.3353538628780397,0.0,False,0.0,0.0
sano,376,2,101.05628605102909,80.84502884082328,12,12,20396872.915256742,20396872.915256742,11455115.348702846,70.71058857223979,0.1447702805218248,0.3346372530502145,20396872.915256742,0.3346372530502145,12,0.1447702805218248,20396872.915256746,0.14477028052182483,20396872.915256746,0,11455115.348702846,0.14477028052182483,70.71058857223979,0.3346372530502145,0.0,True,0.0,0.0
sano,377,1,77.59569242570048,62.07655394056039,1,1,4713525.528645839,4713525.528645839,0.0,0.0,0.0,0.0,4713525.528645839,0.0,1,0.0,4713525.528645839,0.0,4713525.528645839,0,0.0,0.0,0.0,0.0,0.0,True,0.0,0.0
sano,378,2,225.16168556843627,180.12934845474905,12,12,17224020.44064903,17224020.44064903,8580020.523349542,52.96308965030584,0.5393523866989804,0.5590045090641012,17224020.44064903,0.5590045090641012,12,0.5393523866989804,17224020.440649025,0.5393523866989804,17224020.440649025,0,8580020.523349544,0.5393523866989804,52.96308965030583,0.5590045090641012,0.0,False,0.0,0.0
sano,379,2,209.2039200954639,167.36313607637112,12,12,16568692.885218136,16568692.885218136,8421777.151439177,51.98627871258751,0.2897582156333356,0.40593322322904896,16568692.885218136,0.40593322322904896,12,0.2897582156333356,16568692.885218134,0.2897582156333356,16568692.885218134,0,8421777.151439179,0.2897582156333356,51.98627871258752,0.40593322322904896,0.0,False,0.0,0.0
sano,380,4,143.959204156225,115.16736332497999,12,12,33283717.07929336,33283717.07929336,20805648.105847362,128.4299265793047,0.31086615874951656,0.43488732676500275,33283717.07929336,0.43488732676500275,12,0.31086615874951656,33283717.079293355,0.31086615874951656,33283717.079293355,0,20805648.105847362,0.31086615874951656,128.4299265793047,0.43488732676500275,0.0,True,0.0,0.0
sano,381,1,94.94991405436554,75.95993124349243,1,1,4713525.528645839,4713525.528645839,0.0,0.0,0.0,0.0,4713525.528645839,0.0,1,0.0,4713525.528645839,0.0,4713525.528645839,0,0.0,0.0,0.0,0.0,0.0,True,0.0,0.0
sano,382,1,137.56729128732798,110.05383302986239,1,1,4713525.528645839,4713525.528645839,0.0,0.0,0.0,0.0,4713525.528645839,0.0,1,0.0,4713525.528645839,0.0,4713525.528645839,0,0.0,0.0,0.0,0.0,0.0,True,0.0,0.0
sano,383,3,109.52252696740618,87.61802157392495,12,12,15278288.550567202,15278288.550567202,7702041.930570539,47.543468707225536,0.108512624793995,0.18516107675370216,15278288.550567202,0.18516107675370216,12,0.108512624793995,15278288.5505672,0.10851262479399501,15278288.5505672,0,7702041.930570537,0.10851262479399501,47.543468707225536,0.18516107675370216,0.0,True,0.0,0.0
sano,384,1,101.008869254834,80.80709540386721,1,1,4713525.528645839,4713525.528645839,0.0,0.0,0.0,0.0,4713525.528645839,0.0,1,0.0,4713525.528645839,0.0,4713525.528645839,0,0.0,0.0,0.0,0.0,0.0,True,0.0,0.0
sano,385,2,46.009697211122045,36.807757768897645,12,12,15062889.08016259,15062889.08016259,7663139.538120698,47.303330482226535,0.016508092552713897,0.09242440419935372,15062889.08016259,0.09242440419935372,12,0.016508092552713897,15062889.08016259,0.016508092552713894,15062889.08016259,0,7663139.538120697,0.016508092552713894,47.30333048222653,0.09242440419935372,0.0,True,0.0,0.0
sano,386,1,60.23990956652926,48.191927653223416,1,1,4713525.528645839,4713525.528645839,0.0,0.0,0.0,0.0,4713525.528645839,0.0,1,0.0,4713525.528645839,0.0,4713525.528645839,0,0.0,0.0,0.0,0.0,0.0,True,0.0,0.0
sano,387,2,95.7679822266328,76.61438578130624,12,12,53157465.06054611,53157465.06054611,35875676.78517877,221.45479497023925,0.07303040570921536,0.42061693387722837,53157465.06054611,0.42061693387722837,12,0.07303040570921536,53157465.06054611,0.07303040570921535,53157465.06054611,0,35875676.785178766,0.07303040570921535,221.45479497023928,0.42061693387722837,0.0,True,0.0,0.0
sano,388,2,77.8643528125408,62.29148225003265,12,12,15413957.120686231,15413957.120686231,7867591.625737564,48.56538040578743,0.05925008140033481,0.17741904025584448,15413957.120686231,0.17741904025584448,12,0.05925008140033481,15413957.12068623,0.05925008140033481,15413957.12068623,0,7867591.625737564,0.05925008140033481,48.56538040578743,0.17741904025584448,0.0,True,0.0,0.0
sano,389,1,43.96700913981833,35.17360731185467,1,1,4713525.528645839,4713525.528645839,0.0,0.0,0.0,0.0,4713525.528645839,0.0,1,0.0,4713525.528645839,0.0,4713525.528645839,0,0.0,0.0,0.0,0.0,0.0,True,0.0,0.0
sano,390,1,96.0640207023923,76.85121656191384,1,1,4713525.528645839,4713525.528645839,0.0,0.0,0.0,0.0,4713525.528645839,0.0,1,0.0,4713525.528645839,0.0,4713525.528645839,0,0.0,0.0,0.0,0.0,0.0,True,0.0,0.0
sano,391,3,109.17074913502023,87.33659930801619,12,12,31638505.290922422,31638505.290922422,19808188.405572522,122.27276793563281,0.140463026193401,0.26695486926938417,31638505.290922422,0.26695486926938417,12,0.140463026193401,31638505.290922433,0.140463026193401,31638505.290922433,0,19808188.40557252,0.140463026193401,122.27276793563281,0.26695486926938417,0.0,True,0.0,0.0
sano,392,3,156.74523952163017,125.39619161730414,12,12,15973522.674738042,15973522.674738042,8033600.488841023,49.59012647432729,0.2488921601814941,0.31149157280285256,15973522.674738042,0.31149157280285256,12,0.2488921601814941,15973522.674738038,0.24889216018149415,15973522.674738038,0,8033600.488841021,0.24889216018149415,49.59012647432729,0.31149157280285256,0.0,True,0.0,0.0
