city,cluster,rep,family,src,edges,length_m,terminals
sano,0,0,A_steiner,4407.0,5,217.20477679053388,6
sano,0,1,A_steiner,4407.0,5,217.20477679053388,6
sano,0,2,A_steiner,4407.0,5,217.20477679053388,6
sano,0,3,A_steiner,4407.0,5,217.20477679053388,6
sano,0,4,A_steiner,4407.0,5,217.20477679053388,6
sano,0,5,A_steiner,4407.0,5,217.20477679053388,6
sano,0,6,B_incremental,4407.0,5,217.20477679053388,6
sano,0,7,B_incremental,4407.0,5,217.20477679053388,6
sano,0,8,B_incremental,4407.0,5,217.20477679053386,6
sano,0,9,B_incremental,4407.0,5,217.20477679053388,6
sano,0,10,B_incremental,4407.0,5,217.20477679053386,6
sano,0,11,B_incremental,4407.0,5,217.20477679053386,6
sano,1,0,A_steiner,4638.0,3,81.54586617401016,4
sano,1,1,A_steiner,4638.0,3,81.54586617401016,4
sano,1,2,A_steiner,4638.0,3,81.54586617401016,4
sano,1,3,A_steiner,4638.0,3,81.54586617401016,4
sano,1,4,A_steiner,4638.0,3,81.54586617401016,4
sano,1,5,A_steiner,4638.0,3,81.54586617401016,4
sano,1,6,B_incremental,4638.0,3,81.54586617401016,4
sano,1,7,B_incremental,4638.0,3,81.54586617401014,4
sano,1,8,B_incremental,4638.0,3,81.54586617401016,4
sano,1,9,B_incremental,4638.0,3,81.54586617401016,4
sano,1,10,B_incremental,4638.0,3,81.54586617401016,4
sano,1,11,B_incremental,4638.0,3,81.54586617401016,4
sano,2,0,A_steiner,4881.0,16,1204.4104608753216,12
sano,2,1,A_steiner,4881.0,16,1204.8114184363455,12
sano,2,2,A_steiner,4881.0,16,1204.4104608753216,12
sano,2,3,A_steiner,4881.0,16,1204.8114184363455,12
sano,2,4,A_steiner,4881.0,16,1204.8114184363455,12
sano,2,5,A_steiner,4881.0,16,1208.0737820326055,12
sano,2,6,B_incremental,4881.0,17,1210.9418158903418,12
sano,2,7,B_incremental,4881.0,16,1163.5493043624037,12
sano,2,8,B_incremental,4881.0,16,1163.5493043624037,12
sano,2,9,B_incremental,4881.0,16,1163.549304362404,12
sano,2,10,B_incremental,4881.0,16,1167.3507405220741,12
sano,2,11,B_incremental,4881.0,16,1160.2869407661437,12
sano,3,0,A_steiner,4993.0,4,262.692790885093,5
sano,3,1,A_steiner,4993.0,4,262.692790885093,5
sano,3,2,A_steiner,4993.0,4,262.692790885093,5
sano,3,3,A_steiner,4993.0,4,262.692790885093,5
sano,3,4,A_steiner,4993.0,4,262.692790885093,5
sano,3,5,A_steiner,4993.0,4,262.692790885093,5
sano,3,6,B_incremental,4993.0,4,262.692790885093,5
sano,3,7,B_incremental,4993.0,4,262.692790885093,5
sano,3,8,B_incremental,4993.0,4,262.692790885093,5
sano,3,9,B_incremental,4993.0,4,262.692790885093,5
sano,3,10,B_incremental,4993.0,4,262.692790885093,5
sano,3,11,B_incremental,4993.0,4,262.692790885093,5
sano,4,0,A_steiner,1672.0,5,324.219924033758,6
sano,4,1,A_steiner,1672.0,5,324.219924033758,6
sano,4,2,A_steiner,1672.0,5,324.219924033758,6
sano,4,3,A_steiner,1672.0,5,324.219924033758,6
sano,4,4,A_steiner,1672.0,5,324.219924033758,6
sano,4,5,A_steiner,1672.0,5,324.219924033758,6
sano,4,6,B_incremental,1672.0,5,337.8659343748539,6
sano,4,7,B_incremental,1672.0,5,337.6756486962663,6
sano,4,8,B_incremental,1672.0,5,324.21992403375805,6
sano,4,9,B_incremental,1672.0,5,337.8659343748539,6
sano,4,10,B_incremental,1672.0,5,337.8659343748539,6
sano,4,11,B_incremental,1672.0,5,324.21992403375805,6
sano,6,0,A_steiner,4818.0,8,222.8249246288644,9
sano,6,1,A_steiner,4818.0,8,224.3433210707015,9
sano,6,2,A_steiner,4818.0,8,222.8249246288644,9
sano,6,3,A_steiner,4818.0,8,222.8249246288644,9
sano,6,4,A_steiner,4818.0,8,224.3433210707015,9
sano,6,5,A_steiner,4818.0,8,224.3433210707015,9
sano,6,6,B_incremental,4818.0,8,228.9337510622708,9
sano,6,7,B_incremental,4818.0,8,228.9337510622708,9
sano,6,8,B_incremental,4818.0,8,228.9337510622708,9
sano,6,9,B_incremental,4818.0,8,228.9337510622708,9
sano,6,10,B_incremental,4818.0,8,230.4521475041079,9
sano,6,11,B_incremental,4818.0,8,222.8249246288644,9
sano,7,0,A_steiner,5039.0,4,207.18243913164054,5
sano,7,1,A_steiner,5039.0,4,207.18243913164054,5
sano,7,2,A_steiner,5039.0,4,207.18243913164054,5
sano,7,3,A_steiner,5039.0,4,207.18243913164054,5
sano,7,4,A_steiner,5039.0,4,207.18243913164054,5
sano,7,5,A_steiner,5039.0,4,207.18243913164054,5
sano,7,6,B_incremental,5039.0,4,207.18243913164054,5
sano,7,7,B_incremental,5039.0,4,207.18243913164054,5
sano,7,8,B_incremental,5039.0,4,207.18243913164054,5
sano,7,9,B_incremental,5039.0,4,207.18243913164054,5
sano,7,10,B_incremental,5039.0,4,207.18243913164054,5
sano,7,11,B_incremental,5039.0,4,207.18243913164054,5
sano,8,0,A_steiner,5020.0,7,373.53374930843853,8
sano,8,1,A_steiner,5020.0,7,373.53374930843853,8
sano,8,2,A_steiner,5020.0,7,373.53374930843853,8
sano,8,3,A_steiner,5020.0,7,373.53374930843853,8
sano,8,4,A_steiner,5020.0,7,373.53374930843853,8
sano,8,5,A_steiner,5020.0,7,373.53374930843853,8
sano,8,6,B_incremental,5020.0,7,373.53374930843853,8
sano,8,7,B_incremental,5020.0,7,373.5337493084386,8
sano,8,8,B_incremental,5020.0,7,373.5337493084386,8
sano,8,9,B_incremental,5020.0,7,373.5337493084386,8
sano,8,10,B_incremental,5020.0,7,373.5337493084386,8
sano,8,11,B_incremental,5020.0,7,373.53374930843853,8
sano,9,0,A_steiner,258.0,1,10.731605843931838,2
sano,9,1,A_steiner,258.0,1,10.731605843931838,2
sano,9,2,A_steiner,258.0,1,10.731605843931838,2
sano,9,3,A_steiner,258.0,1,10.731605843931838,2
sano,9,4,A_steiner,258.0,1,10.731605843931838,2
sano,9,5,A_steiner,258.0,1,10.731605843931838,2
sano,9,6,B_incremental,258.0,1,10.731605843931838,2
sano,9,7,B_incremental,258.0,1,10.731605843931838,2
sano,9,8,B_incremental,258.0,1,10.731605843931838,2
sano,9,9,B_incremental,258.0,1,10.731605843931838,2
sano,9,10,B_incremental,258.0,1,10.731605843931838,2
sano,9,11,B_incremental,258.0,1,10.731605843931838,2
sano,10,0,A_steiner,6238.0,7,389.14854516267815,6
sano,10,1,A_steiner,6238.0,7,389.14854516267815,6
sano,10,2,A_steiner,6238.0,7,389.14854516267815,6
sano,10,3,A_steiner,6238.0,7,389.14854516267815,6
sano,10,4,A_steiner,6238.0,7,389.14854516267815,6
sano,10,5,A_steiner,6238.0,7,389.14854516267815,6
sano,10,6,B_incremental,6238.0,7,389.1485451626781,6
sano,10,7,B_incremental,6238.0,7,389.1485451626781,6
sano,10,8,B_incremental,6238.0,7,389.1485451626781,6
sano,10,9,B_incremental,6238.0,7,389.1485451626781,6
sano,10,10,B_incremental,6238.0,7,389.1485451626781,6
sano,10,11,B_incremental,6238.0,7,389.1485451626781,6
sano,11,0,A_steiner,5713.0,2,148.20124819433312,3
sano,11,1,A_steiner,5713.0,2,148.20124819433312,3
sano,11,2,A_steiner,5713.0,2,148.20124819433312,3
sano,11,3,A_steiner,5713.0,2,148.20124819433312,3
sano,11,4,A_steiner,5713.0,2,148.20124819433312,3
sano,11,5,A_steiner,5713.0,2,148.20124819433312,3
sano,11,6,B_incremental,5713.0,2,148.20124819433312,3
sano,11,7,B_incremental,5713.0,2,148.20124819433312,3
sano,11,8,B_incremental,5713.0,2,148.20124819433312,3
sano,11,9,B_incremental,5713.0,2,148.20124819433312,3
sano,11,10,B_incremental,5713.0,2,148.20124819433312,3
sano,11,11,B_incremental,5713.0,2,148.20124819433312,3
sano,12,0,A_steiner,5207.0,6,224.0010915596115,5
sano,12,1,A_steiner,5207.0,6,224.0010915596115,5
sano,12,2,A_steiner,5207.0,6,224.0010915596115,5
sano,12,3,A_steiner,5207.0,6,224.0010915596115,5
sano,12,4,A_steiner,5207.0,6,224.0010915596115,5
sano,12,5,A_steiner,5207.0,6,224.0010915596115,5
sano,12,6,B_incremental,5207.0,6,224.00109155961152,5
sano,12,7,B_incremental,5207.0,6,224.0010915596115,5
sano,12,8,B_incremental,5207.0,6,224.0010915596115,5
sano,12,9,B_incremental,5207.0,6,224.00109155961152,5
sano,12,10,B_incremental,5207.0,6,224.00109155961152,5
sano,12,11,B_incremental,5207.0,6,224.0010915596115,5
sano,13,0,A_steiner,5053.0,4,244.6705536346813,5
sano,13,1,A_steiner,5053.0,4,244.6705536346813,5
sano,13,2,A_steiner,5053.0,4,244.6705536346813,5
sano,13,3,A_steiner,5053.0,4,244.6705536346813,5
sano,13,4,A_steiner,5053.0,4,244.6705536346813,5
sano,13,5,A_steiner,5053.0,4,244.6705536346813,5
sano,13,6,B_incremental,5053.0,4,244.6705536346813,5
sano,13,7,B_incremental,5053.0,4,244.67055363468134,5
sano,13,8,B_incremental,5053.0,4,244.67055363468134,5
sano,13,9,B_incremental,5053.0,4,244.6705536346813,5
sano,13,10,B_incremental,5053.0,4,244.6705536346813,5
sano,13,11,B_incremental,5053.0,4,244.6705536346813,5
sano,14,0,A_steiner,4826.0,4,357.31875223657016,2
sano,14,1,A_steiner,4826.0,4,357.31875223657016,2
sano,14,2,A_steiner,4826.0,4,357.31875223657016,2
sano,14,3,A_steiner,4826.0,4,357.31875223657016,2
sano,14,4,A_steiner,4826.0,4,357.31875223657016,2
sano,14,5,A_steiner,4826.0,4,357.31875223657016,2
sano,14,6,B_incremental,4826.0,4,357.31875223657016,2
sano,14,7,B_incremental,4826.0,4,357.31875223657016,2
sano,14,8,B_incremental,4826.0,4,357.31875223657016,2
sano,14,9,B_incremental,4826.0,4,357.31875223657016,2
sano,14,10,B_incremental,4826.0,4,357.31875223657016,2
sano,14,11,B_incremental,4826.0,4,357.31875223657016,2
sano,15,0,A_steiner,1725.0,4,212.8409158542161,5
sano,15,1,A_steiner,1725.0,4,212.8409158542161,5
sano,15,2,A_steiner,1725.0,4,212.8409158542161,5
sano,15,3,A_steiner,1725.0,4,212.8409158542161,5
sano,15,4,A_steiner,1725.0,4,212.8409158542161,5
sano,15,5,A_steiner,1725.0,4,212.8409158542161,5
sano,15,6,B_incremental,1725.0,4,212.84091585421612,5
sano,15,7,B_incremental,1725.0,4,212.84091585421612,5
sano,15,8,B_incremental,1725.0,4,212.84091585421612,5
sano,15,9,B_incremental,1725.0,4,212.84091585421612,5
sano,15,10,B_incremental,1725.0,4,212.84091585421612,5
sano,15,11,B_incremental,1725.0,4,212.84091585421612,5
sano,16,0,A_steiner,5629.0,2,113.71185968803456,2
sano,16,1,A_steiner,5629.0,2,113.71185968803456,2
sano,16,2,A_steiner,5629.0,2,113.71185968803456,2
sano,16,3,A_steiner,5629.0,2,113.71185968803456,2
sano,16,4,A_steiner,5629.0,2,113.71185968803456,2
sano,16,5,A_steiner,5629.0,2,113.71185968803456,2
sano,16,6,B_incremental,5629.0,2,113.71185968803456,2
sano,16,7,B_incremental,5629.0,2,113.71185968803456,2
sano,16,8,B_incremental,5629.0,2,113.71185968803456,2
sano,16,9,B_incremental,5629.0,2,113.71185968803456,2
sano,16,10,B_incremental,5629.0,2,113.71185968803456,2
sano,16,11,B_incremental,5629.0,2,113.71185968803456,2
sano,17,0,A_steiner,3602.0,6,408.826471875043,7
sano,17,1,A_steiner,3602.0,6,408.826471875043,7
sano,17,2,A_steiner,3602.0,6,408.826471875043,7
sano,17,3,A_steiner,3602.0,6,408.826471875043,7
sano,17,4,A_steiner,3602.0,6,408.65624522675705,7
sano,17,5,A_steiner,3602.0,6,408.65624522675705,7
sano,17,6,B_incremental,3602.0,6,408.65624522675705,7
sano,17,7,B_incremental,3602.0,6,408.65624522675705,7
sano,17,8,B_incremental,3602.0,6,408.826471875043,7
sano,17,9,B_incremental,3602.0,6,408.826471875043,7
sano,17,10,B_incremental,3602.0,6,408.65624522675705,7
sano,17,11,B_incremental,3602.0,6,408.826471875043,7
sano,18,0,A_steiner,5209.0,5,353.93337520407096,5
sano,18,1,A_steiner,5209.0,5,353.93337520407096,5
sano,18,2,A_steiner,5209.0,5,353.93337520407096,5
sano,18,3,A_steiner,5209.0,5,353.93337520407096,5
sano,18,4,A_steiner,5209.0,5,353.93337520407096,5
sano,18,5,A_steiner,5209.0,5,353.93337520407096,5
sano,18,6,B_incremental,5209.0,5,353.9333752040709,5
sano,18,7,B_incremental,5209.0,5,353.9333752040709,5
sano,18,8,B_incremental,5209.0,5,353.9333752040709,5
sano,18,9,B_incremental,5209.0,5,353.9333752040709,5
sano,18,10,B_incremental,5209.0,5,353.9333752040709,5
sano,18,11,B_incremental,5209.0,5,353.9333752040709,5
sano,19,0,A_steiner,4531.0,10,383.67978394256846,11
sano,19,1,A_steiner,4531.0,10,383.67978394256846,11
sano,19,2,A_steiner,4531.0,10,383.67978394256846,11
sano,19,3,A_steiner,4531.0,10,383.67978394256846,11
sano,19,4,A_steiner,4531.0,10,383.67978394256846,11
sano,19,5,A_steiner,4531.0,10,383.67978394256846,11
sano,19,6,B_incremental,4531.0,10,433.1723588735962,11
sano,19,7,B_incremental,4531.0,10,433.1723588735962,11
sano,19,8,B_incremental,4531.0,10,383.6797839425684,11
sano,19,9,B_incremental,4531.0,10,383.6797839425685,11
sano,19,10,B_incremental,4531.0,10,383.67978394256846,11
sano,19,11,B_incremental,4531.0,10,433.1723588735962,11
sano,20,0,A_steiner,1708.0,7,345.2566894708543,8
sano,20,1,A_steiner,1708.0,7,345.53950031818596,8
sano,20,2,A_steiner,1708.0,7,345.53950031818596,8
sano,20,3,A_steiner,1708.0,7,346.0361995267169,8
sano,20,4,A_steiner,1708.0,7,346.0361995267169,8
sano,20,5,A_steiner,1708.0,7,345.53950031818596,8
sano,20,6,B_incremental,1708.0,7,345.2566894708543,8
sano,20,7,B_incremental,1708.0,7,345.2566894708543,8
sano,20,8,B_incremental,1708.0,7,345.2566894708543,8
sano,20,9,B_incremental,1708.0,7,345.2566894708543,8
sano,20,10,B_incremental,1708.0,7,345.2566894708543,8
sano,20,11,B_incremental,1708.0,7,345.2566894708543,8
sano,21,0,A_steiner,6242.0,5,522.8398608708515,6
sano,21,1,A_steiner,6242.0,5,522.8398608708515,6
sano,21,2,A_steiner,6242.0,5,522.8398608708515,6
sano,21,3,A_steiner,6242.0,5,522.8398608708515,6
sano,21,4,A_steiner,6242.0,5,522.8398608708515,6
sano,21,5,A_steiner,6242.0,5,522.8398608708515,6
sano,21,6,B_incremental,6242.0,5,522.8398608708515,6
sano,21,7,B_incremental,6242.0,5,522.8398608708515,6
sano,21,8,B_incremental,6242.0,5,522.8398608708515,6
sano,21,9,B_incremental,6242.0,5,522.8398608708515,6
sano,21,10,B_incremental,6242.0,5,522.8398608708515,6
sano,21,11,B_incremental,6242.0,5,522.8398608708515,6
sano,22,0,A_steiner,1809.0,3,162.57958393905682,4
sano,22,1,A_steiner,1809.0,3,162.57958393905682,4
sano,22,2,A_steiner,1809.0,3,162.57958393905682,4
sano,22,3,A_steiner,1809.0,3,162.57958393905682,4
sano,22,4,A_steiner,1809.0,3,162.57958393905682,4
sano,22,5,A_steiner,1809.0,3,162.57958393905682,4
sano,22,6,B_incremental,1809.0,3,162.57958393905682,4
sano,22,7,B_incremental,1809.0,3,162.57958393905682,4
sano,22,8,B_incremental,1809.0,3,162.57958393905682,4
sano,22,9,B_incremental,1809.0,3,162.57958393905682,4
sano,22,10,B_incremental,1809.0,3,162.57958393905682,4
sano,22,11,B_incremental,1809.0,3,162.57958393905682,4
sano,23,0,A_steiner,1562.0,4,262.2928702949172,5
sano,23,1,A_steiner,1562.0,4,262.2928702949172,5
sano,23,2,A_steiner,1562.0,4,262.2928702949172,5
sano,23,3,A_steiner,1562.0,4,262.2928702949172,5
sano,23,4,A_steiner,1562.0,4,262.2928702949172,5
sano,23,5,A_steiner,1562.0,4,262.2928702949172,5
sano,23,6,B_incremental,1562.0,4,262.2928702949172,5
sano,23,7,B_incremental,1562.0,4,262.2928702949172,5
sano,23,8,B_incremental,1562.0,4,262.2928702949172,5
sano,23,9,B_incremental,1562.0,4,262.2928702949172,5
sano,23,10,B_incremental,1562.0,4,262.2928702949172,5
sano,23,11,B_incremental,1562.0,4,262.2928702949172,5
sano,24,0,A_steiner,179.0,3,263.8559549484396,3
sano,24,1,A_steiner,179.0,3,263.8559549484396,3
sano,24,2,A_steiner,179.0,3,263.8559549484396,3
sano,24,3,A_steiner,179.0,3,263.8559549484396,3
sano,24,4,A_steiner,179.0,3,263.8559549484396,3
sano,24,5,A_steiner,179.0,3,263.8559549484396,3
sano,24,6,B_incremental,179.0,3,263.8559549484396,3
sano,24,7,B_incremental,179.0,3,263.8559549484396,3
sano,24,8,B_incremental,179.0,3,263.8559549484396,3
sano,24,9,B_incremental,179.0,3,263.8559549484396,3
sano,24,10,B_incremental,179.0,3,263.8559549484396,3
sano,24,11,B_incremental,179.0,3,263.8559549484396,3
sano,26,0,A_steiner,4564.0,7,255.47037590897222,8
sano,26,1,A_steiner,4564.0,7,255.47037590897222,8
sano,26,2,A_steiner,4564.0,7,255.47037590897222,8
sano,26,3,A_steiner,4564.0,7,260.4556186680216,8
sano,26,4,A_steiner,4564.0,7,255.47037590897222,8
sano,26,5,A_steiner,4564.0,7,255.47037590897222,8
sano,26,6,B_incremental,4564.0,7,265.97282545554816,8
sano,26,7,B_incremental,4564.0,7,260.98758269649875,8
sano,26,8,B_incremental,4564.0,7,260.98758269649875,8
sano,26,9,B_incremental,4564.0,7,255.4703759089722,8
sano,26,10,B_incremental,4564.0,7,260.98758269649875,8
sano,26,11,B_incremental,4564.0,7,260.98758269649875,8
sano,27,0,A_steiner,4408.0,5,564.2489724017004,2
sano,27,1,A_steiner,4408.0,5,564.2489724017004,2
sano,27,2,A_steiner,4408.0,5,564.2489724017004,2
sano,27,3,A_steiner,4408.0,5,564.2489724017004,2
sano,27,4,A_steiner,4408.0,5,564.2489724017004,2
sano,27,5,A_steiner,4408.0,5,564.2489724017004,2
sano,27,6,B_incremental,4408.0,5,564.2489724017004,2
sano,27,7,B_incremental,4408.0,5,564.2489724017004,2
sano,27,8,B_incremental,4408.0,5,564.2489724017004,2
sano,27,9,B_incremental,4408.0,5,564.2489724017004,2
sano,27,10,B_incremental,4408.0,5,564.2489724017004,2
sano,27,11,B_incremental,4408.0,5,564.2489724017004,2
sano,28,0,A_steiner,1685.0,5,385.8334739723699,6
sano,28,1,A_steiner,1685.0,5,385.8334739723699,6
sano,28,2,A_steiner,1685.0,5,385.8334739723699,6
sano,28,3,A_steiner,1685.0,5,385.8334739723699,6
sano,28,4,A_steiner,1685.0,5,385.8334739723699,6
sano,28,5,A_steiner,1685.0,5,385.8334739723699,6
sano,28,6,B_incremental,1685.0,5,385.8334739723699,6
sano,28,7,B_incremental,1685.0,5,385.8334739723699,6
sano,28,8,B_incremental,1685.0,5,385.8334739723699,6
sano,28,9,B_incremental,1685.0,5,385.8334739723699,6
sano,28,10,B_incremental,1685.0,5,385.8334739723699,6
sano,28,11,B_incremental,1685.0,5,385.8334739723699,6
sano,29,0,A_steiner,1616.0,8,341.39055100067446,9
sano,29,1,A_steiner,1616.0,8,341.39055100067446,9
sano,29,2,A_steiner,1616.0,8,341.39055100067446,9
sano,29,3,A_steiner,1616.0,8,341.39055100067446,9
sano,29,4,A_steiner,1616.0,8,341.39055100067446,9
sano,29,5,A_steiner,1616.0,8,341.39055100067446,9
sano,29,6,B_incremental,1616.0,8,341.3905510006744,9
sano,29,7,B_incremental,1616.0,8,341.3905510006744,9
sano,29,8,B_incremental,1616.0,8,341.39055100067446,9
sano,29,9,B_incremental,1616.0,8,369.65764492462813,9
sano,29,10,B_incremental,1616.0,8,341.3905510006744,9
sano,29,11,B_incremental,1616.0,8,341.3905510006744,9
sano,30,0,A_steiner,1497.0,2,58.41499705436624,3
sano,30,1,A_steiner,1497.0,2,58.41499705436624,3
sano,30,2,A_steiner,1497.0,2,58.41499705436624,3
sano,30,3,A_steiner,1497.0,2,58.41499705436624,3
sano,30,4,A_steiner,1497.0,2,58.41499705436624,3
sano,30,5,A_steiner,1497.0,2,58.41499705436624,3
sano,30,6,B_incremental,1497.0,2,58.41499705436624,3
sano,30,7,B_incremental,1497.0,2,58.41499705436624,3
sano,30,8,B_incremental,1497.0,2,58.41499705436624,3
sano,30,9,B_incremental,1497.0,2,58.41499705436624,3
sano,30,10,B_incremental,1497.0,2,58.41499705436624,3
sano,30,11,B_incremental,1497.0,2,58.41499705436624,3
sano,31,0,A_steiner,6228.0,8,538.1113711841574,5
sano,31,1,A_steiner,6228.0,8,538.1113711841574,5
sano,31,2,A_steiner,6228.0,8,538.1113711841574,5
sano,31,3,A_steiner,6228.0,8,538.1113711841574,5
sano,31,4,A_steiner,6228.0,8,538.1113711841574,5
sano,31,5,A_steiner,6228.0,8,538.1113711841574,5
sano,31,6,B_incremental,6228.0,8,538.1113711841574,5
sano,31,7,B_incremental,6228.0,8,538.1113711841574,5
sano,31,8,B_incremental,6228.0,8,538.1113711841574,5
sano,31,9,B_incremental,6228.0,8,538.1113711841574,5
sano,31,10,B_incremental,6228.0,8,538.1113711841574,5
sano,31,11,B_incremental,6228.0,8,538.1113711841574,5
sano,33,0,A_steiner,5074.0,5,239.67102827717525,6
sano,33,1,A_steiner,5074.0,5,239.67102827717525,6
sano,33,2,A_steiner,5074.0,5,239.87017138469395,6
sano,33,3,A_steiner,5074.0,5,239.67102827717525,6
sano,33,4,A_steiner,5074.0,5,239.67102827717525,6
sano,33,5,A_steiner,5074.0,5,239.87017138469395,6
sano,33,6,B_incremental,5074.0,5,239.67102827717528,6
sano,33,7,B_incremental,5074.0,5,239.87017138469395,6
sano,33,8,B_incremental,5074.0,5,239.87017138469398,6
sano,33,9,B_incremental,5074.0,5,239.87017138469395,6
sano,33,10,B_incremental,5074.0,5,239.67102827717525,6
sano,33,11,B_incremental,5074.0,5,239.87017138469398,6
sano,34,0,A_steiner,1851.0,7,436.4346375668109,8
sano,34,1,A_steiner,1851.0,7,436.4346375668109,8
sano,34,2,A_steiner,1851.0,7,436.4346375668109,8
sano,34,3,A_steiner,1851.0,7,436.4346375668109,8
sano,34,4,A_steiner,1851.0,7,441.6579660908231,8
sano,34,5,A_steiner,1851.0,7,436.4346375668109,8
sano,34,6,B_incremental,1851.0,7,436.4346375668109,8
sano,34,7,B_incremental,1851.0,7,441.6579660908231,8
sano,34,8,B_incremental,1851.0,7,436.4346375668109,8
sano,34,9,B_incremental,1851.0,7,436.4346375668109,8
sano,34,10,B_incremental,1851.0,7,436.4346375668109,8
sano,34,11,B_incremental,1851.0,7,436.4346375668109,8
sano,35,0,A_steiner,1521.0,3,117.11286193352484,4
sano,35,1,A_steiner,1521.0,3,117.11286193352484,4
sano,35,2,A_steiner,1521.0,3,117.11286193352484,4
sano,35,3,A_steiner,1521.0,3,117.11286193352484,4
sano,35,4,A_steiner,1521.0,3,117.11286193352484,4
sano,35,5,A_steiner,1521.0,3,117.11286193352484,4
sano,35,6,B_incremental,1521.0,3,117.11286193352484,4
sano,35,7,B_incremental,1521.0,3,117.11286193352484,4
sano,35,8,B_incremental,1521.0,3,117.11286193352484,4
sano,35,9,B_incremental,1521.0,3,117.11286193352484,4
sano,35,10,B_incremental,1521.0,3,117.11286193352484,4
sano,35,11,B_incremental,1521.0,3,117.11286193352484,4
sano,36,0,A_steiner,77.0,4,221.2526510069095,5
sano,36,1,A_steiner,77.0,4,221.2526510069095,5
sano,36,2,A_steiner,77.0,4,220.82520720199562,5
sano,36,3,A_steiner,77.0,4,220.82520720199562,5
sano,36,4,A_steiner,77.0,4,220.82520720199562,5
sano,36,5,A_steiner,77.0,4,220.82520720199562,5
sano,36,6,B_incremental,77.0,4,220.8252072019956,5
sano,36,7,B_incremental,77.0,4,222.01489232227487,5
sano,36,8,B_incremental,77.0,4,220.8252072019956,5
sano,36,9,B_incremental,77.0,4,220.82520720199562,5
sano,36,10,B_incremental,77.0,4,220.82520720199562,5
sano,36,11,B_incremental,77.0,4,220.8252072019956,5
sano,37,0,A_steiner,1731.0,3,156.98997510197168,4
sano,37,1,A_steiner,1731.0,3,156.98997510197168,4
sano,37,2,A_steiner,1731.0,3,156.98997510197168,4
sano,37,3,A_steiner,1731.0,3,156.98997510197168,4
sano,37,4,A_steiner,1731.0,3,156.98997510197168,4
sano,37,5,A_steiner,1731.0,3,156.98997510197168,4
sano,37,6,B_incremental,1731.0,3,156.98997510197168,4
sano,37,7,B_incremental,1731.0,3,156.98997510197168,4
sano,37,8,B_incremental,1731.0,3,156.98997510197168,4
sano,37,9,B_incremental,1731.0,3,156.98997510197168,4
sano,37,10,B_incremental,1731.0,3,156.98997510197168,4
sano,37,11,B_incremental,1731.0,3,156.98997510197168,4
sano,38,0,A_steiner,4887.0,6,298.0508451471992,7
sano,38,1,A_steiner,4887.0,6,298.0508451471992,7
sano,38,2,A_steiner,4887.0,6,298.0508451471992,7
sano,38,3,A_steiner,4887.0,6,298.0508451471992,7
sano,38,4,A_steiner,4887.0,6,298.0508451471992,7
sano,38,5,A_steiner,4887.0,6,298.0508451471992,7
sano,38,6,B_incremental,4887.0,6,298.05084514719914,7
sano,38,7,B_incremental,4887.0,6,298.05084514719914,7
sano,38,8,B_incremental,4887.0,6,298.0508451471992,7
sano,38,9,B_incremental,4887.0,6,298.0508451471992,7
sano,38,10,B_incremental,4887.0,6,298.05084514719914,7
sano,38,11,B_incremental,4887.0,6,298.0508451471992,7
sano,39,0,A_steiner,5071.0,3,134.33397227571038,4
sano,39,1,A_steiner,5071.0,3,134.33397227571038,4
sano,39,2,A_steiner,5071.0,3,134.33397227571038,4
sano,39,3,A_steiner,5071.0,3,134.33397227571038,4
sano,39,4,A_steiner,5071.0,3,134.33397227571038,4
sano,39,5,A_steiner,5071.0,3,134.33397227571038,4
sano,39,6,B_incremental,5071.0,3,134.33397227571038,4
sano,39,7,B_incremental,5071.0,3,134.33397227571038,4
sano,39,8,B_incremental,5071.0,3,134.33397227571038,4
sano,39,9,B_incremental,5071.0,3,134.33397227571038,4
sano,39,10,B_incremental,5071.0,3,134.33397227571038,4
sano,39,11,B_incremental,5071.0,3,134.33397227571038,4
sano,40,0,A_steiner,1501.0,9,585.55399177397,7
sano,40,1,A_steiner,1501.0,9,585.55399177397,7
sano,40,2,A_steiner,1501.0,9,585.55399177397,7
sano,40,3,A_steiner,1501.0,9,585.55399177397,7
sano,40,4,A_steiner,1501.0,9,585.55399177397,7
sano,40,5,A_steiner,1501.0,9,585.55399177397,7
sano,40,6,B_incremental,1501.0,9,585.55399177397,7
sano,40,7,B_incremental,1501.0,9,585.55399177397,7
sano,40,8,B_incremental,1501.0,9,585.55399177397,7
sano,40,9,B_incremental,1501.0,9,585.55399177397,7
sano,40,10,B_incremental,1501.0,9,585.5539917739699,7
sano,40,11,B_incremental,1501.0,9,585.55399177397,7
sano,41,0,A_steiner,4831.0,3,281.90952999918136,3
sano,41,1,A_steiner,4831.0,3,281.90952999918136,3
sano,41,2,A_steiner,4831.0,3,281.90952999918136,3
sano,41,3,A_steiner,4831.0,3,281.90952999918136,3
sano,41,4,A_steiner,4831.0,3,281.90952999918136,3
sano,41,5,A_steiner,4831.0,3,281.90952999918136,3
sano,41,6,B_incremental,4831.0,3,281.90952999918136,3
sano,41,7,B_incremental,4831.0,3,281.90952999918136,3
sano,41,8,B_incremental,4831.0,3,281.90952999918136,3
sano,41,9,B_incremental,4831.0,3,281.90952999918136,3
sano,41,10,B_incremental,4831.0,3,281.90952999918136,3
sano,41,11,B_incremental,4831.0,3,281.90952999918136,3
sano,42,0,A_steiner,3624.0,6,293.9524759901742,7
sano,42,1,A_steiner,3624.0,6,293.9524759901742,7
sano,42,2,A_steiner,3624.0,6,293.9524759901742,7
sano,42,3,A_steiner,3624.0,6,293.9524759901742,7
sano,42,4,A_steiner,3624.0,6,293.9524759901742,7
sano,42,5,A_steiner,3624.0,6,293.9524759901742,7
sano,42,6,B_incremental,3624.0,6,293.9524759901742,7
sano,42,7,B_incremental,3624.0,6,293.95247599017426,7
sano,42,8,B_incremental,3624.0,6,293.95247599017426,7
sano,42,9,B_incremental,3624.0,6,293.9524759901742,7
sano,42,10,B_incremental,3624.0,6,293.9524759901742,7
sano,42,11,B_incremental,3624.0,6,293.9524759901742,7
sano,43,0,A_steiner,4864.0,8,395.5869599480469,9
sano,43,1,A_steiner,4864.0,8,395.5869599480469,9
sano,43,2,A_steiner,4864.0,8,395.5869599480469,9
sano,43,3,A_steiner,4864.0,8,395.5869599480469,9
sano,43,4,A_steiner,4864.0,8,395.5869599480469,9
sano,43,5,A_steiner,4864.0,8,395.5869599480469,9
sano,43,6,B_incremental,4864.0,8,395.5869599480469,9
sano,43,7,B_incremental,4864.0,8,395.5869599480469,9
sano,43,8,B_incremental,4864.0,8,395.5869599480469,9
sano,43,9,B_incremental,4864.0,8,440.25762839027027,9
sano,43,10,B_incremental,4864.0,8,395.5869599480469,9
sano,43,11,B_incremental,4864.0,8,395.5869599480469,9
sano,44,0,A_steiner,5503.0,2,91.01130065329102,3
sano,44,1,A_steiner,5503.0,2,91.01130065329102,3
sano,44,2,A_steiner,5503.0,2,91.01130065329102,3
sano,44,3,A_steiner,5503.0,2,91.01130065329102,3
sano,44,4,A_steiner,5503.0,2,91.01130065329102,3
sano,44,5,A_steiner,5503.0,2,91.01130065329102,3
sano,44,6,B_incremental,5503.0,2,91.01130065329102,3
sano,44,7,B_incremental,5503.0,2,91.01130065329102,3
sano,44,8,B_incremental,5503.0,2,91.01130065329102,3
sano,44,9,B_incremental,5503.0,2,91.01130065329102,3
sano,44,10,B_incremental,5503.0,2,91.01130065329102,3
sano,44,11,B_incremental,5503.0,2,91.01130065329102,3
sano,45,0,A_steiner,5040.0,6,497.23197073410927,7
sano,45,1,A_steiner,5040.0,6,497.23197073410927,7
sano,45,2,A_steiner,5040.0,6,497.23197073410927,7
sano,45,3,A_steiner,5040.0,6,497.23197073410927,7
sano,45,4,A_steiner,5040.0,6,497.23197073410927,7
sano,45,5,A_steiner,5040.0,6,497.23197073410927,7
sano,45,6,B_incremental,5040.0,7,514.843082249402,7
sano,45,7,B_incremental,5040.0,6,497.23197073410927,7
sano,45,8,B_incremental,5040.0,7,514.8430822494021,7
sano,45,9,B_incremental,5040.0,6,497.2319707341093,7
sano,45,10,B_incremental,5040.0,6,497.23197073410927,7
sano,45,11,B_incremental,5040.0,6,497.2319707341093,7
sano,46,0,A_steiner,4680.0,5,264.79700457699903,5
sano,46,1,A_steiner,4680.0,5,264.79700457699903,5
sano,46,2,A_steiner,4680.0,5,264.79700457699903,5
sano,46,3,A_steiner,4680.0,5,264.79700457699903,5
sano,46,4,A_steiner,4680.0,5,264.79700457699903,5
sano,46,5,A_steiner,4680.0,5,264.79700457699903,5
sano,46,6,B_incremental,4680.0,5,264.7970045769991,5
sano,46,7,B_incremental,4680.0,5,264.7970045769991,5
sano,46,8,B_incremental,4680.0,5,264.7970045769991,5
sano,46,9,B_incremental,4680.0,5,264.79700457699903,5
sano,46,10,B_incremental,4680.0,5,264.7970045769991,5
sano,46,11,B_incremental,4680.0,5,264.79700457699903,5
sano,47,0,A_steiner,1857.0,4,284.6191539347761,5
sano,47,1,A_steiner,1857.0,4,284.6191539347761,5
sano,47,2,A_steiner,1857.0,4,284.6191539347761,5
sano,47,3,A_steiner,1857.0,4,284.6191539347761,5
sano,47,4,A_steiner,1857.0,4,284.6191539347761,5
sano,47,5,A_steiner,1857.0,4,284.6191539347761,5
sano,47,6,B_incremental,1857.0,4,314.1154215541857,5
sano,47,7,B_incremental,1857.0,4,314.1154215541857,5
sano,47,8,B_incremental,1857.0,4,314.1154215541857,5
sano,47,9,B_incremental,1857.0,4,314.1154215541857,5
sano,47,10,B_incremental,1857.0,4,284.6191539347761,5
sano,47,11,B_incremental,1857.0,4,314.1154215541857,5
sano,48,0,A_steiner,1901.0,9,505.4016503309082,10
sano,48,1,A_steiner,1901.0,9,505.4016503309082,10
sano,48,2,A_steiner,1901.0,9,505.4016503309082,10
sano,48,3,A_steiner,1901.0,9,505.4016503309082,10
sano,48,4,A_steiner,1901.0,9,505.4016503309082,10
sano,48,5,A_steiner,1901.0,9,505.4016503309082,10
sano,48,6,B_incremental,1901.0,9,505.4016503309082,10
sano,48,7,B_incremental,1901.0,9,505.40165033090824,10
sano,48,8,B_incremental,1901.0,9,505.4016503309083,10
sano,48,9,B_incremental,1901.0,9,505.4016503309083,10
sano,48,10,B_incremental,1901.0,9,505.4016503309082,10
sano,48,11,B_incremental,1901.0,9,505.40165033090824,10
sano,49,0,A_steiner,1737.0,5,354.79067138356936,6
sano,49,1,A_steiner,1737.0,5,354.79067138356936,6
sano,49,2,A_steiner,1737.0,5,354.79067138356936,6
sano,49,3,A_steiner,1737.0,5,354.79067138356936,6
sano,49,4,A_steiner,1737.0,5,354.79067138356936,6
sano,49,5,A_steiner,1737.0,5,354.79067138356936,6
sano,49,6,B_incremental,1737.0,5,354.79067138356936,6
sano,49,7,B_incremental,1737.0,5,354.79067138356936,6
sano,49,8,B_incremental,1737.0,5,354.79067138356936,6
sano,49,9,B_incremental,1737.0,5,354.79067138356936,6
sano,49,10,B_incremental,1737.0,5,405.007189909604,6
sano,49,11,B_incremental,1737.0,5,354.79067138356936,6
sano,50,0,A_steiner,6204.0,8,607.5950563174046,6
sano,50,1,A_steiner,6204.0,8,607.5950563174046,6
sano,50,2,A_steiner,6204.0,8,607.5950563174046,6
sano,50,3,A_steiner,6204.0,8,607.5950563174046,6
sano,50,4,A_steiner,6204.0,8,607.5950563174046,6
sano,50,5,A_steiner,6204.0,8,607.5950563174046,6
sano,50,6,B_incremental,6204.0,8,607.5950563174046,6
sano,50,7,B_incremental,6204.0,8,607.5950563174043,6
sano,50,8,B_incremental,6204.0,8,607.5950563174046,6
sano,50,9,B_incremental,6204.0,8,607.5950563174044,6
sano,50,10,B_incremental,6204.0,8,607.5950563174046,6
sano,50,11,B_incremental,6204.0,8,607.5950563174046,6
sano,51,0,A_steiner,1726.0,5,265.83489886598807,6
sano,51,1,A_steiner,1726.0,5,265.83489886598807,6
sano,51,2,A_steiner,1726.0,5,265.83489886598807,6
sano,51,3,A_steiner,1726.0,5,265.83489886598807,6
sano,51,4,A_steiner,1726.0,5,265.83489886598807,6
sano,51,5,A_steiner,1726.0,5,265.83489886598807,6
sano,51,6,B_incremental,1726.0,5,265.83489886598807,6
sano,51,7,B_incremental,1726.0,5,265.83489886598807,6
sano,51,8,B_incremental,1726.0,5,265.83489886598807,6
sano,51,9,B_incremental,1726.0,5,265.83489886598807,6
sano,51,10,B_incremental,1726.0,5,265.83489886598807,6
sano,51,11,B_incremental,1726.0,5,265.83489886598807,6
sano,52,0,A_steiner,4787.0,3,129.13959465681742,4
sano,52,1,A_steiner,4787.0,3,129.13959465681742,4
sano,52,2,A_steiner,4787.0,3,129.13959465681742,4
sano,52,3,A_steiner,4787.0,3,129.13959465681742,4
sano,52,4,A_steiner,4787.0,3,129.13959465681742,4
sano,52,5,A_steiner,4787.0,3,129.13959465681742,4
sano,52,6,B_incremental,4787.0,3,129.13959465681742,4
sano,52,7,B_incremental,4787.0,3,129.13959465681742,4
sano,52,8,B_incremental,4787.0,3,129.13959465681742,4
sano,52,9,B_incremental,4787.0,3,129.13959465681742,4
sano,52,10,B_incremental,4787.0,3,129.13959465681742,4
sano,52,11,B_incremental,4787.0,3,129.13959465681742,4
sano,53,0,A_steiner,209.0,9,532.8582882285574,8
sano,53,1,A_steiner,209.0,9,532.9602808576865,8
sano,53,2,A_steiner,209.0,9,532.9602808576865,8
sano,53,3,A_steiner,209.0,9,532.9602808576865,8
sano,53,4,A_steiner,209.0,9,532.9602808576865,8
sano,53,5,A_steiner,209.0,9,532.9602808576865,8
sano,53,6,B_incremental,209.0,9,552.6786101629774,8
sano,53,7,B_incremental,209.0,9,552.6786101629773,8
sano,53,8,B_incremental,209.0,9,552.7806027921065,8
sano,53,9,B_incremental,209.0,9,552.6786101629774,8
sano,53,10,B_incremental,209.0,9,532.8582882285573,8
sano,53,11,B_incremental,209.0,9,552.7806027921064,8
sano,54,0,A_steiner,4830.0,4,205.66368213538843,5
sano,54,1,A_steiner,4830.0,4,205.66368213538843,5
sano,54,2,A_steiner,4830.0,4,205.66368213538843,5
sano,54,3,A_steiner,4830.0,4,205.66368213538843,5
sano,54,4,A_steiner,4830.0,4,205.66368213538843,5
sano,54,5,A_steiner,4830.0,4,205.66368213538843,5
sano,54,6,B_incremental,4830.0,4,205.66368213538843,5
sano,54,7,B_incremental,4830.0,4,205.66368213538843,5
sano,54,8,B_incremental,4830.0,4,205.66368213538843,5
sano,54,9,B_incremental,4830.0,4,205.66368213538843,5
sano,54,10,B_incremental,4830.0,4,205.66368213538843,5
sano,54,11,B_incremental,4830.0,4,205.66368213538843,5
sano,55,0,A_steiner,5499.0,2,74.65618421440684,3
sano,55,1,A_steiner,5499.0,2,74.65618421440684,3
sano,55,2,A_steiner,5499.0,2,74.65618421440684,3
sano,55,3,A_steiner,5499.0,2,74.65618421440684,3
sano,55,4,A_steiner,5499.0,2,74.65618421440684,3
sano,55,5,A_steiner,5499.0,2,74.65618421440684,3
sano,55,6,B_incremental,5499.0,2,74.65618421440684,3
sano,55,7,B_incremental,5499.0,2,74.65618421440684,3
sano,55,8,B_incremental,5499.0,2,74.65618421440684,3
sano,55,9,B_incremental,5499.0,2,74.65618421440684,3
sano,55,10,B_incremental,5499.0,2,74.65618421440684,3
sano,55,11,B_incremental,5499.0,2,74.65618421440684,3
sano,56,0,A_steiner,1460.0,1,92.04826136878997,2
sano,56,1,A_steiner,1460.0,1,92.04826136878997,2
sano,56,2,A_steiner,1460.0,1,92.04826136878997,2
sano,56,3,A_steiner,1460.0,1,92.04826136878997,2
sano,56,4,A_steiner,1460.0,1,92.04826136878997,2
sano,56,5,A_steiner,1460.0,1,92.04826136878997,2
sano,56,6,B_incremental,1460.0,1,92.04826136878997,2
sano,56,7,B_incremental,1460.0,1,92.04826136878997,2
sano,56,8,B_incremental,1460.0,1,92.04826136878997,2
sano,56,9,B_incremental,1460.0,1,92.04826136878997,2
sano,56,10,B_incremental,1460.0,1,92.04826136878997,2
sano,56,11,B_incremental,1460.0,1,92.04826136878997,2
sano,57,0,A_steiner,861.0,4,128.4212138407833,5
sano,57,1,A_steiner,861.0,4,128.4212138407833,5
sano,57,2,A_steiner,861.0,4,128.4212138407833,5
sano,57,3,A_steiner,861.0,4,128.4212138407833,5
sano,57,4,A_steiner,861.0,4,128.4212138407833,5
sano,57,5,A_steiner,861.0,4,128.4212138407833,5
sano,57,6,B_incremental,861.0,4,128.4212138407833,5
sano,57,7,B_incremental,861.0,4,128.4212138407833,5
sano,57,8,B_incremental,861.0,4,128.4212138407833,5
sano,57,9,B_incremental,861.0,4,128.4212138407833,5
sano,57,10,B_incremental,861.0,4,128.4212138407833,5
sano,57,11,B_incremental,861.0,4,128.4212138407833,5
sano,58,0,A_steiner,6221.0,9,397.6954161958887,7
sano,58,1,A_steiner,6221.0,9,398.7269318491843,7
sano,58,2,A_steiner,6221.0,9,397.6954161958887,7
sano,58,3,A_steiner,6221.0,9,398.7269318491843,7
sano,58,4,A_steiner,6221.0,9,398.7269318491843,7
sano,58,5,A_steiner,6221.0,9,398.7269318491843,7
sano,58,6,B_incremental,6221.0,9,397.69541619588875,7
sano,58,7,B_incremental,6221.0,9,398.7269318491844,7
sano,58,8,B_incremental,6221.0,9,398.7269318491844,7
sano,58,9,B_incremental,6221.0,9,397.69541619588875,7
sano,58,10,B_incremental,6221.0,9,397.69541619588875,7
sano,58,11,B_incremental,6221.0,9,397.69541619588864,7
sano,59,0,A_steiner,5191.0,7,537.368814291942,5
sano,59,1,A_steiner,5191.0,7,537.368814291942,5
sano,59,2,A_steiner,5191.0,7,537.368814291942,5
sano,59,3,A_steiner,5191.0,7,537.368814291942,5
sano,59,4,A_steiner,5191.0,7,537.368814291942,5
sano,59,5,A_steiner,5191.0,7,537.368814291942,5
sano,59,6,B_incremental,5191.0,7,537.3688142919422,5
sano,59,7,B_incremental,5191.0,7,537.368814291942,5
sano,59,8,B_incremental,5191.0,7,537.3688142919422,5
sano,59,9,B_incremental,5191.0,7,537.3688142919422,5
sano,59,10,B_incremental,5191.0,7,537.3688142919422,5
sano,59,11,B_incremental,5191.0,7,537.3688142919422,5
sano,60,0,A_steiner,1468.0,3,271.56123153250996,4
sano,60,1,A_steiner,1468.0,3,271.56123153250996,4
sano,60,2,A_steiner,1468.0,3,271.56123153250996,4
sano,60,3,A_steiner,1468.0,3,271.56123153250996,4
sano,60,4,A_steiner,1468.0,3,271.56123153250996,4
sano,60,5,A_steiner,1468.0,3,271.56123153250996,4
sano,60,6,B_incremental,1468.0,3,271.56123153250996,4
sano,60,7,B_incremental,1468.0,3,271.56123153250996,4
sano,60,8,B_incremental,1468.0,3,271.56123153250996,4
sano,60,9,B_incremental,1468.0,3,271.56123153250996,4
sano,60,10,B_incremental,1468.0,3,271.56123153250996,4
sano,60,11,B_incremental,1468.0,3,271.56123153250996,4
sano,61,0,A_steiner,80.0,10,656.4755644015638,7
sano,61,1,A_steiner,80.0,10,656.4755644015638,7
sano,61,2,A_steiner,80.0,10,656.4755644015638,7
sano,61,3,A_steiner,80.0,10,656.4755644015638,7
sano,61,4,A_steiner,80.0,10,656.4755644015638,7
sano,61,5,A_steiner,80.0,10,656.4755644015638,7
sano,61,6,B_incremental,80.0,10,656.4755644015638,7
sano,61,7,B_incremental,80.0,10,656.4755644015637,7
sano,61,8,B_incremental,80.0,10,656.4755644015637,7
sano,61,9,B_incremental,80.0,10,656.4755644015638,7
sano,61,10,B_incremental,80.0,10,656.4755644015638,7
sano,61,11,B_incremental,80.0,10,656.4755644015637,7
sano,62,0,A_steiner,1877.0,7,651.3282160022661,7
sano,62,1,A_steiner,1877.0,7,651.3282160022661,7
sano,62,2,A_steiner,1877.0,7,651.3282160022661,7
sano,62,3,A_steiner,1877.0,7,651.3282160022661,7
sano,62,4,A_steiner,1877.0,7,651.3282160022661,7
sano,62,5,A_steiner,1877.0,7,651.3282160022661,7
sano,62,6,B_incremental,1877.0,7,651.3282160022661,7
sano,62,7,B_incremental,1877.0,7,651.3282160022661,7
sano,62,8,B_incremental,1877.0,7,651.3282160022661,7
sano,62,9,B_incremental,1877.0,7,651.3282160022662,7
sano,62,10,B_incremental,1877.0,7,651.3282160022661,7
sano,62,11,B_incremental,1877.0,7,651.3282160022662,7
sano,63,0,A_steiner,5013.0,4,222.2844176101337,5
sano,63,1,A_steiner,5013.0,4,222.2844176101337,5
sano,63,2,A_steiner,5013.0,4,222.2844176101337,5
sano,63,3,A_steiner,5013.0,4,222.2844176101337,5
sano,63,4,A_steiner,5013.0,4,222.2844176101337,5
sano,63,5,A_steiner,5013.0,4,222.2844176101337,5
sano,63,6,B_incremental,5013.0,4,222.28441761013366,5
sano,63,7,B_incremental,5013.0,4,222.2844176101337,5
sano,63,8,B_incremental,5013.0,4,222.2844176101337,5
sano,63,9,B_incremental,5013.0,4,222.28441761013366,5
sano,63,10,B_incremental,5013.0,4,222.2844176101337,5
sano,63,11,B_incremental,5013.0,4,222.2844176101337,5
sano,64,0,A_steiner,4557.0,9,717.6142487236267,10
sano,64,1,A_steiner,4557.0,9,717.6142487236267,10
sano,64,2,A_steiner,4557.0,9,717.6142487236267,10
sano,64,3,A_steiner,4557.0,9,717.6142487236267,10
sano,64,4,A_steiner,4557.0,9,717.6142487236267,10
sano,64,5,A_steiner,4557.0,9,717.6142487236267,10
sano,64,6,B_incremental,4557.0,9,717.6142487236268,10
sano,64,7,B_incremental,4557.0,9,717.6142487236268,10
sano,64,8,B_incremental,4557.0,9,717.6142487236268,10
sano,64,9,B_incremental,4557.0,9,717.6142487236268,10
sano,64,10,B_incremental,4557.0,9,717.6142487236268,10
sano,64,11,B_incremental,4557.0,9,717.6142487236268,10
sano,65,0,A_steiner,5192.0,6,229.47589940837855,7
sano,65,1,A_steiner,5192.0,6,229.47589940837855,7
sano,65,2,A_steiner,5192.0,6,229.47589940837855,7
sano,65,3,A_steiner,5192.0,6,229.47589940837855,7
sano,65,4,A_steiner,5192.0,6,229.47589940837855,7
sano,65,5,A_steiner,5192.0,6,229.47589940837855,7
sano,65,6,B_incremental,5192.0,6,229.47589940837855,7
sano,65,7,B_incremental,5192.0,6,229.47589940837855,7
sano,65,8,B_incremental,5192.0,6,229.47589940837855,7
sano,65,9,B_incremental,5192.0,6,229.47589940837855,7
sano,65,10,B_incremental,5192.0,6,229.47589940837855,7
sano,65,11,B_incremental,5192.0,6,229.47589940837855,7
sano,66,0,A_steiner,6141.0,8,532.9450845327588,9
sano,66,1,A_steiner,6141.0,8,532.9450845327588,9
sano,66,2,A_steiner,6141.0,8,537.1804619517383,9
sano,66,3,A_steiner,6141.0,8,532.9450845327588,9
sano,66,4,A_steiner,6141.0,8,532.9450845327588,9
sano,66,5,A_steiner,6141.0,8,532.9450845327588,9
sano,66,6,B_incremental,6141.0,8,532.9450845327588,9
sano,66,7,B_incremental,6141.0,8,537.1804619517383,9
sano,66,8,B_incremental,6141.0,8,532.9450845327588,9
sano,66,9,B_incremental,6141.0,8,532.9450845327588,9
sano,66,10,B_incremental,6141.0,8,532.9450845327588,9
sano,66,11,B_incremental,6141.0,8,532.9450845327588,9
sano,67,0,A_steiner,5031.0,7,313.1459754555193,8
sano,67,1,A_steiner,5031.0,7,313.1459754555193,8
sano,67,2,A_steiner,5031.0,7,313.1459754555193,8
sano,67,3,A_steiner,5031.0,7,313.1459754555193,8
sano,67,4,A_steiner,5031.0,7,313.1459754555193,8
sano,67,5,A_steiner,5031.0,7,313.1459754555193,8
sano,67,6,B_incremental,5031.0,8,348.90739210191646,8
sano,67,7,B_incremental,5031.0,7,313.1459754555193,8
sano,67,8,B_incremental,5031.0,7,313.1459754555193,8
sano,67,9,B_incremental,5031.0,7,313.1459754555193,8
sano,67,10,B_incremental,5031.0,7,313.1459754555193,8
sano,67,11,B_incremental,5031.0,7,313.1459754555193,8
sano,69,0,A_steiner,878.0,8,661.5029666272042,5
sano,69,1,A_steiner,878.0,8,661.5029666272042,5
sano,69,2,A_steiner,878.0,8,661.5029666272042,5
sano,69,3,A_steiner,878.0,8,661.5029666272042,5
sano,69,4,A_steiner,878.0,9,670.7142821361383,5
sano,69,5,A_steiner,878.0,8,661.5029666272042,5
sano,69,6,B_incremental,878.0,8,661.502966627204,5
sano,69,7,B_incremental,878.0,8,661.502966627204,5
sano,69,8,B_incremental,878.0,8,661.5029666272042,5
sano,69,9,B_incremental,878.0,8,661.502966627204,5
sano,69,10,B_incremental,878.0,8,661.502966627204,5
sano,69,11,B_incremental,878.0,8,661.5029666272042,5
sano,70,0,A_steiner,1769.0,3,177.98545726527843,4
sano,70,1,A_steiner,1769.0,3,177.98545726527843,4
sano,70,2,A_steiner,1769.0,3,177.98545726527843,4
sano,70,3,A_steiner,1769.0,3,177.98545726527843,4
sano,70,4,A_steiner,1769.0,3,177.98545726527843,4
sano,70,5,A_steiner,1769.0,3,177.98545726527843,4
sano,70,6,B_incremental,1769.0,3,177.98545726527843,4
sano,70,7,B_incremental,1769.0,3,177.98545726527843,4
sano,70,8,B_incremental,1769.0,3,177.98545726527843,4
sano,70,9,B_incremental,1769.0,3,177.98545726527843,4
sano,70,10,B_incremental,1769.0,3,177.98545726527843,4
sano,70,11,B_incremental,1769.0,3,177.98545726527843,4
sano,71,0,A_steiner,1818.0,6,315.47767557164235,5
sano,71,1,A_steiner,1818.0,6,315.47767557164235,5
sano,71,2,A_steiner,1818.0,6,315.47767557164235,5
sano,71,3,A_steiner,1818.0,6,315.47767557164235,5
sano,71,4,A_steiner,1818.0,6,315.47767557164235,5
sano,71,5,A_steiner,1818.0,6,315.47767557164235,5
sano,71,6,B_incremental,1818.0,6,315.47767557164235,5
sano,71,7,B_incremental,1818.0,6,315.47767557164235,5
sano,71,8,B_incremental,1818.0,6,315.47767557164235,5
sano,71,9,B_incremental,1818.0,6,315.47767557164235,5
sano,71,10,B_incremental,1818.0,6,315.47767557164235,5
sano,71,11,B_incremental,1818.0,6,315.47767557164235,5
sano,72,0,A_steiner,1453.0,2,105.09264132760525,3
sano,72,1,A_steiner,1453.0,2,105.09264132760525,3
sano,72,2,A_steiner,1453.0,2,105.09264132760525,3
sano,72,3,A_steiner,1453.0,2,105.09264132760525,3
sano,72,4,A_steiner,1453.0,2,105.09264132760525,3
sano,72,5,A_steiner,1453.0,2,105.09264132760525,3
sano,72,6,B_incremental,1453.0,2,105.09264132760525,3
sano,72,7,B_incremental,1453.0,2,105.09264132760525,3
sano,72,8,B_incremental,1453.0,2,105.09264132760525,3
sano,72,9,B_incremental,1453.0,2,105.09264132760525,3
sano,72,10,B_incremental,1453.0,2,105.09264132760525,3
sano,72,11,B_incremental,1453.0,2,105.09264132760525,3
sano,73,0,A_steiner,375.0,2,132.62175109472608,3
sano,73,1,A_steiner,375.0,2,132.62175109472608,3
sano,73,2,A_steiner,375.0,2,132.62175109472608,3
sano,73,3,A_steiner,375.0,2,132.62175109472608,3
sano,73,4,A_steiner,375.0,2,132.62175109472608,3
sano,73,5,A_steiner,375.0,2,132.62175109472608,3
sano,73,6,B_incremental,375.0,2,132.62175109472608,3
sano,73,7,B_incremental,375.0,2,132.62175109472608,3
sano,73,8,B_incremental,375.0,2,132.62175109472608,3
sano,73,9,B_incremental,375.0,2,132.62175109472608,3
sano,73,10,B_incremental,375.0,2,132.62175109472608,3
sano,73,11,B_incremental,375.0,2,132.62175109472608,3
sano,74,0,A_steiner,4849.0,5,315.2427126394532,5
sano,74,1,A_steiner,4849.0,5,315.2427126394532,5
sano,74,2,A_steiner,4849.0,5,315.2427126394532,5
sano,74,3,A_steiner,4849.0,5,315.2427126394532,5
sano,74,4,A_steiner,4849.0,5,315.2427126394532,5
sano,74,5,A_steiner,4849.0,5,315.2427126394532,5
sano,74,6,B_incremental,4849.0,6,350.7107036656432,5
sano,74,7,B_incremental,4849.0,6,350.7107036656431,5
sano,74,8,B_incremental,4849.0,6,350.7107036656432,5
sano,74,9,B_incremental,4849.0,5,315.2427126394532,5
sano,74,10,B_incremental,4849.0,6,350.7107036656432,5
sano,74,11,B_incremental,4849.0,6,350.7107036656432,5
sano,75,0,A_steiner,4556.0,2,65.66746907127123,3
sano,75,1,A_steiner,4556.0,2,65.66746907127123,3
sano,75,2,A_steiner,4556.0,2,65.66746907127123,3
sano,75,3,A_steiner,4556.0,2,65.66746907127123,3
sano,75,4,A_steiner,4556.0,2,65.66746907127123,3
sano,75,5,A_steiner,4556.0,2,65.66746907127123,3
sano,75,6,B_incremental,4556.0,2,65.66746907127123,3
sano,75,7,B_incremental,4556.0,2,65.66746907127123,3
sano,75,8,B_incremental,4556.0,2,65.66746907127123,3
sano,75,9,B_incremental,4556.0,2,65.66746907127123,3
sano,75,10,B_incremental,4556.0,2,65.66746907127123,3
sano,75,11,B_incremental,4556.0,2,65.66746907127123,3
sano,76,0,A_steiner,5944.0,7,425.1428477902518,7
sano,76,1,A_steiner,5944.0,7,425.1428477902518,7
sano,76,2,A_steiner,5944.0,7,425.1428477902518,7
sano,76,3,A_steiner,5944.0,7,425.1428477902518,7
sano,76,4,A_steiner,5944.0,7,425.1428477902518,7
sano,76,5,A_steiner,5944.0,7,425.1428477902518,7
sano,76,6,B_incremental,5944.0,7,425.1428477902518,7
sano,76,7,B_incremental,5944.0,7,425.1428477902517,7
sano,76,8,B_incremental,5944.0,7,425.1428477902518,7
sano,76,9,B_incremental,5944.0,7,425.1428477902518,7
sano,76,10,B_incremental,5944.0,7,425.1428477902518,7
sano,76,11,B_incremental,5944.0,7,425.1428477902518,7
sano,77,0,A_steiner,5686.0,6,269.1442778147978,7
sano,77,1,A_steiner,5686.0,6,269.1442778147978,7
sano,77,2,A_steiner,5686.0,6,269.1442778147978,7
sano,77,3,A_steiner,5686.0,6,269.1442778147978,7
sano,77,4,A_steiner,5686.0,6,269.1442778147978,7
sano,77,5,A_steiner,5686.0,6,269.1442778147978,7
sano,77,6,B_incremental,5686.0,6,269.1442778147978,7
sano,77,7,B_incremental,5686.0,6,269.1442778147978,7
sano,77,8,B_incremental,5686.0,6,269.1442778147979,7
sano,77,9,B_incremental,5686.0,6,269.1442778147978,7
sano,77,10,B_incremental,5686.0,6,269.1442778147979,7
sano,77,11,B_incremental,5686.0,6,269.1442778147978,7
sano,78,0,A_steiner,4424.0,3,156.29264378309625,4
sano,78,1,A_steiner,4424.0,3,156.29264378309625,4
sano,78,2,A_steiner,4424.0,3,156.29264378309625,4
sano,78,3,A_steiner,4424.0,3,156.29264378309625,4
sano,78,4,A_steiner,4424.0,3,156.29264378309625,4
sano,78,5,A_steiner,4424.0,3,156.29264378309625,4
sano,78,6,B_incremental,4424.0,3,156.29264378309625,4
sano,78,7,B_incremental,4424.0,3,156.29264378309625,4
sano,78,8,B_incremental,4424.0,3,156.29264378309625,4
sano,78,9,B_incremental,4424.0,3,156.29264378309625,4
sano,78,10,B_incremental,4424.0,3,156.29264378309625,4
sano,78,11,B_incremental,4424.0,3,156.29264378309625,4
sano,79,0,A_steiner,865.0,2,186.95112464504706,3
sano,79,1,A_steiner,865.0,2,186.95112464504706,3
sano,79,2,A_steiner,865.0,2,186.95112464504706,3
sano,79,3,A_steiner,865.0,2,186.95112464504706,3
sano,79,4,A_steiner,865.0,2,186.95112464504706,3
sano,79,5,A_steiner,865.0,2,186.95112464504706,3
sano,79,6,B_incremental,865.0,2,186.95112464504706,3
sano,79,7,B_incremental,865.0,2,186.95112464504706,3
sano,79,8,B_incremental,865.0,2,186.95112464504706,3
sano,79,9,B_incremental,865.0,2,186.95112464504706,3
sano,79,10,B_incremental,865.0,2,186.95112464504706,3
sano,79,11,B_incremental,865.0,2,186.95112464504706,3
sano,80,0,A_steiner,1413.0,1,103.25615720848558,2
sano,80,1,A_steiner,1413.0,1,103.25615720848558,2
sano,80,2,A_steiner,1413.0,1,103.25615720848558,2
sano,80,3,A_steiner,1413.0,1,103.25615720848558,2
sano,80,4,A_steiner,1413.0,1,103.25615720848558,2
sano,80,5,A_steiner,1413.0,1,103.25615720848558,2
sano,80,6,B_incremental,1413.0,1,103.25615720848558,2
sano,80,7,B_incremental,1413.0,1,103.25615720848558,2
sano,80,8,B_incremental,1413.0,1,103.25615720848558,2
sano,80,9,B_incremental,1413.0,1,103.25615720848558,2
sano,80,10,B_incremental,1413.0,1,103.25615720848558,2
sano,80,11,B_incremental,1413.0,1,103.25615720848558,2
sano,81,0,A_steiner,4025.0,8,326.78216749366584,6
sano,81,1,A_steiner,4025.0,8,326.78216749366584,6
sano,81,2,A_steiner,4025.0,8,326.78216749366584,6
sano,81,3,A_steiner,4025.0,8,326.78216749366584,6
sano,81,4,A_steiner,4025.0,8,326.78216749366584,6
sano,81,5,A_steiner,4025.0,8,326.78216749366584,6
sano,81,6,B_incremental,4025.0,8,326.7821674936659,6
sano,81,7,B_incremental,4025.0,8,326.78216749366584,6
sano,81,8,B_incremental,4025.0,8,326.7821674936659,6
sano,81,9,B_incremental,4025.0,8,326.7821674936658,6
sano,81,10,B_incremental,4025.0,8,326.7821674936659,6
sano,81,11,B_incremental,4025.0,8,326.7821674936659,6
sano,82,0,A_steiner,4425.0,5,253.33826283284557,6
sano,82,1,A_steiner,4425.0,5,253.33826283284557,6
sano,82,2,A_steiner,4425.0,5,253.33826283284557,6
sano,82,3,A_steiner,4425.0,5,253.3382628328456,6
sano,82,4,A_steiner,4425.0,5,253.33826283284557,6
sano,82,5,A_steiner,4425.0,5,253.33826283284557,6
sano,82,6,B_incremental,4425.0,5,283.00811272638435,6
sano,82,7,B_incremental,4425.0,5,253.33826283284557,6
sano,82,8,B_incremental,4425.0,5,283.0081127263844,6
sano,82,9,B_incremental,4425.0,5,283.00811272638435,6
sano,82,10,B_incremental,4425.0,5,283.0081127263844,6
sano,82,11,B_incremental,4425.0,5,283.00811272638435,6
sano,83,0,A_steiner,4863.0,7,330.48488308322044,8
sano,83,1,A_steiner,4863.0,7,330.48488308322044,8
sano,83,2,A_steiner,4863.0,7,330.0239965384574,8
sano,83,3,A_steiner,4863.0,7,330.0239965384574,8
sano,83,4,A_steiner,4863.0,7,330.0239965384574,8
sano,83,5,A_steiner,4863.0,7,330.48488308322044,8
sano,83,6,B_incremental,4863.0,7,330.48488308322044,8
sano,83,7,B_incremental,4863.0,7,330.4848830832205,8
sano,83,8,B_incremental,4863.0,7,345.83930969513733,8
sano,83,9,B_incremental,4863.0,7,330.0239965384574,8
sano,83,10,B_incremental,4863.0,7,330.0239965384574,8
sano,83,11,B_incremental,4863.0,7,330.0239965384574,8
sano,84,0,A_steiner,1790.0,4,196.8853901956197,5
sano,84,1,A_steiner,1790.0,4,196.8853901956197,5
sano,84,2,A_steiner,1790.0,4,196.8853901956197,5
sano,84,3,A_steiner,1790.0,4,196.8853901956197,5
sano,84,4,A_steiner,1790.0,4,196.8853901956197,5
sano,84,5,A_steiner,1790.0,4,196.8853901956197,5
sano,84,6,B_incremental,1790.0,4,196.88539019561966,5
sano,84,7,B_incremental,1790.0,4,196.88539019561966,5
sano,84,8,B_incremental,1790.0,4,196.8853901956197,5
sano,84,9,B_incremental,1790.0,4,196.8853901956197,5
sano,84,10,B_incremental,1790.0,4,196.8853901956197,5
sano,84,11,B_incremental,1790.0,4,196.8853901956197,5
sano,85,0,A_steiner,1752.0,3,178.74590939303758,4
sano,85,1,A_steiner,1752.0,3,178.74590939303758,4
sano,85,2,A_steiner,1752.0,3,178.74590939303758,4
sano,85,3,A_steiner,1752.0,3,178.74590939303758,4
sano,85,4,A_steiner,1752.0,3,178.74590939303758,4
sano,85,5,A_steiner,1752.0,3,178.74590939303758,4
sano,85,6,B_incremental,1752.0,3,178.74590939303758,4
sano,85,7,B_incremental,1752.0,3,178.74590939303758,4
sano,85,8,B_incremental,1752.0,3,178.74590939303758,4
sano,85,9,B_incremental,1752.0,3,178.74590939303758,4
sano,85,10,B_incremental,1752.0,3,178.74590939303758,4
sano,85,11,B_incremental,1752.0,3,178.74590939303758,4
sano,86,0,A_steiner,5714.0,7,435.1135045991863,4
sano,86,1,A_steiner,5714.0,7,435.1135045991863,4
sano,86,2,A_steiner,5714.0,7,435.1135045991863,4
sano,86,3,A_steiner,5714.0,7,435.1135045991863,4
sano,86,4,A_steiner,5714.0,7,435.1135045991863,4
sano,86,5,A_steiner,5714.0,7,435.1135045991863,4
sano,86,6,B_incremental,5714.0,7,435.1135045991863,4
sano,86,7,B_incremental,5714.0,7,435.11350459918623,4
sano,86,8,B_incremental,5714.0,7,435.11350459918623,4
sano,86,9,B_incremental,5714.0,7,435.11350459918623,4
sano,86,10,B_incremental,5714.0,7,435.1135045991863,4
sano,86,11,B_incremental,5714.0,7,435.1135045991863,4
sano,87,0,A_steiner,5198.0,2,132.64937551039958,3
sano,87,1,A_steiner,5198.0,2,132.64937551039958,3
sano,87,2,A_steiner,5198.0,2,132.64937551039958,3
sano,87,3,A_steiner,5198.0,2,132.64937551039958,3
sano,87,4,A_steiner,5198.0,2,132.64937551039958,3
sano,87,5,A_steiner,5198.0,2,132.64937551039958,3
sano,87,6,B_incremental,5198.0,2,132.64937551039958,3
sano,87,7,B_incremental,5198.0,2,132.64937551039958,3
sano,87,8,B_incremental,5198.0,2,132.64937551039958,3
sano,87,9,B_incremental,5198.0,2,132.64937551039958,3
sano,87,10,B_incremental,5198.0,2,132.64937551039958,3
sano,87,11,B_incremental,5198.0,2,132.64937551039958,3
sano,88,0,A_steiner,4815.0,2,273.7546803465387,2
sano,88,1,A_steiner,4815.0,2,273.7546803465387,2
sano,88,2,A_steiner,4815.0,2,273.7546803465387,2
sano,88,3,A_steiner,4815.0,2,273.7546803465387,2
sano,88,4,A_steiner,4815.0,2,273.7546803465387,2
sano,88,5,A_steiner,4815.0,2,273.7546803465387,2
sano,88,6,B_incremental,4815.0,2,273.7546803465387,2
sano,88,7,B_incremental,4815.0,2,273.7546803465387,2
sano,88,8,B_incremental,4815.0,2,273.7546803465387,2
sano,88,9,B_incremental,4815.0,2,273.7546803465387,2
sano,88,10,B_incremental,4815.0,2,273.7546803465387,2
sano,88,11,B_incremental,4815.0,2,273.7546803465387,2
sano,90,0,A_steiner,1401.0,2,40.42584834471275,3
sano,90,1,A_steiner,1401.0,2,40.42584834471275,3
sano,90,2,A_steiner,1401.0,2,40.42584834471275,3
sano,90,3,A_steiner,1401.0,2,40.42584834471275,3
sano,90,4,A_steiner,1401.0,2,40.42584834471275,3
sano,90,5,A_steiner,1401.0,2,40.42584834471275,3
sano,90,6,B_incremental,1401.0,2,40.42584834471275,3
sano,90,7,B_incremental,1401.0,2,40.42584834471275,3
sano,90,8,B_incremental,1401.0,2,40.42584834471275,3
sano,90,9,B_incremental,1401.0,2,40.42584834471275,3
sano,90,10,B_incremental,1401.0,2,40.42584834471275,3
sano,90,11,B_incremental,1401.0,2,40.42584834471275,3
sano,91,0,A_steiner,5218.0,7,581.8020634013508,8
sano,91,1,A_steiner,5218.0,7,581.8020634013508,8
sano,91,2,A_steiner,5218.0,7,580.9859975807983,8
sano,91,3,A_steiner,5218.0,7,580.9859975807983,8
sano,91,4,A_steiner,5218.0,7,581.8020634013508,8
sano,91,5,A_steiner,5218.0,7,581.6336370747101,8
sano,91,6,B_incremental,5218.0,7,582.4497028952626,8
sano,91,7,B_incremental,5218.0,7,581.8020634013508,8
sano,91,8,B_incremental,5218.0,7,581.8020634013508,8
sano,91,9,B_incremental,5218.0,7,582.4497028952626,8
sano,91,10,B_incremental,5218.0,7,582.4497028952625,8
sano,91,11,B_incremental,5218.0,7,581.6336370747101,8
sano,92,0,A_steiner,1744.0,6,278.15132290428465,7
sano,92,1,A_steiner,1744.0,6,278.15132290428465,7
sano,92,2,A_steiner,1744.0,6,278.15132290428465,7
sano,92,3,A_steiner,1744.0,6,278.15132290428465,7
sano,92,4,A_steiner,1744.0,6,278.15132290428465,7
sano,92,5,A_steiner,1744.0,6,278.15132290428465,7
sano,92,6,B_incremental,1744.0,6,281.76378670776006,7
sano,92,7,B_incremental,1744.0,6,278.1513229042846,7
sano,92,8,B_incremental,1744.0,6,278.1513229042846,7
sano,92,9,B_incremental,1744.0,6,278.15132290428465,7
sano,92,10,B_incremental,1744.0,6,281.76378670776006,7
sano,92,11,B_incremental,1744.0,6,278.1513229042846,7
sano,93,0,A_steiner,5060.0,6,636.3211475440127,7
sano,93,1,A_steiner,5060.0,6,636.3211475440127,7
sano,93,2,A_steiner,5060.0,6,636.3211475440127,7
sano,93,3,A_steiner,5060.0,6,636.3211475440127,7
sano,93,4,A_steiner,5060.0,6,636.3211475440127,7
sano,93,5,A_steiner,5060.0,6,636.3211475440127,7
sano,93,6,B_incremental,5060.0,7,663.6949174788585,7
sano,93,7,B_incremental,5060.0,7,663.6949174788585,7
sano,93,8,B_incremental,5060.0,6,636.3211475440127,7
sano,93,9,B_incremental,5060.0,7,663.6949174788585,7
sano,93,10,B_incremental,5060.0,7,663.6949174788585,7
sano,93,11,B_incremental,5060.0,6,636.3211475440127,7
sano,94,0,A_steiner,6218.0,4,142.63245106351718,5
sano,94,1,A_steiner,6218.0,4,142.63245106351718,5
sano,94,2,A_steiner,6218.0,4,142.63245106351718,5
sano,94,3,A_steiner,6218.0,4,142.63245106351718,5
sano,94,4,A_steiner,6218.0,4,142.63245106351718,5
sano,94,5,A_steiner,6218.0,4,142.63245106351718,5
sano,94,6,B_incremental,6218.0,4,142.63245106351715,5
sano,94,7,B_incremental,6218.0,4,142.63245106351715,5
sano,94,8,B_incremental,6218.0,4,142.63245106351718,5
sano,94,9,B_incremental,6218.0,4,142.63245106351718,5
sano,94,10,B_incremental,6218.0,4,142.63245106351718,5
sano,94,11,B_incremental,6218.0,4,142.63245106351715,5
sano,95,0,A_steiner,3724.0,4,189.73592344634935,5
sano,95,1,A_steiner,3724.0,4,189.73592344634935,5
sano,95,2,A_steiner,3724.0,4,189.73592344634935,5
sano,95,3,A_steiner,3724.0,4,191.63806449315044,5
sano,95,4,A_steiner,3724.0,4,189.73592344634935,5
sano,95,5,A_steiner,3724.0,4,191.63806449315044,5
sano,95,6,B_incremental,3724.0,4,189.73592344634935,5
sano,95,7,B_incremental,3724.0,4,189.73592344634935,5
sano,95,8,B_incremental,3724.0,4,191.63806449315044,5
sano,95,9,B_incremental,3724.0,4,189.73592344634935,5
sano,95,10,B_incremental,3724.0,4,189.73592344634935,5
sano,95,11,B_incremental,3724.0,4,189.73592344634935,5
sano,96,0,A_steiner,5012.0,3,168.61060835352038,4
sano,96,1,A_steiner,5012.0,3,168.61060835352038,4
sano,96,2,A_steiner,5012.0,3,168.61060835352038,4
sano,96,3,A_steiner,5012.0,3,168.61060835352038,4
sano,96,4,A_steiner,5012.0,3,168.61060835352038,4
sano,96,5,A_steiner,5012.0,3,168.61060835352038,4
sano,96,6,B_incremental,5012.0,3,168.6106083535204,4
sano,96,7,B_incremental,5012.0,3,168.61060835352038,4
sano,96,8,B_incremental,5012.0,3,168.6106083535204,4
sano,96,9,B_incremental,5012.0,3,168.6106083535204,4
sano,96,10,B_incremental,5012.0,3,168.6106083535204,4
sano,96,11,B_incremental,5012.0,3,168.6106083535204,4
sano,97,0,A_steiner,1446.0,4,154.7881534629621,5
sano,97,1,A_steiner,1446.0,4,154.7881534629621,5
sano,97,2,A_steiner,1446.0,4,154.7881534629621,5
sano,97,3,A_steiner,1446.0,4,154.7881534629621,5
sano,97,4,A_steiner,1446.0,4,154.7881534629621,5
sano,97,5,A_steiner,1446.0,4,154.7881534629621,5
sano,97,6,B_incremental,1446.0,4,154.7881534629621,5
sano,97,7,B_incremental,1446.0,4,154.7881534629621,5
sano,97,8,B_incremental,1446.0,4,154.7881534629621,5
sano,97,9,B_incremental,1446.0,4,154.7881534629621,5
sano,97,10,B_incremental,1446.0,4,154.7881534629621,5
sano,97,11,B_incremental,1446.0,4,154.7881534629621,5
sano,98,0,A_steiner,4674.0,5,378.19880447967137,3
sano,98,1,A_steiner,4674.0,5,378.19880447967137,3
sano,98,2,A_steiner,4674.0,5,378.19880447967137,3
sano,98,3,A_steiner,4674.0,5,378.19880447967137,3
sano,98,4,A_steiner,4674.0,5,378.19880447967137,3
sano,98,5,A_steiner,4674.0,5,378.19880447967137,3
sano,98,6,B_incremental,4674.0,5,378.19880447967137,3
sano,98,7,B_incremental,4674.0,5,378.19880447967137,3
sano,98,8,B_incremental,4674.0,5,378.1988044796714,3
sano,98,9,B_incremental,4674.0,5,378.1988044796714,3
sano,98,10,B_incremental,4674.0,5,378.1988044796714,3
sano,98,11,B_incremental,4674.0,5,378.1988044796714,3
sano,99,0,A_steiner,1433.0,4,373.39494034580173,5
sano,99,1,A_steiner,1433.0,4,373.39494034580173,5
sano,99,2,A_steiner,1433.0,4,373.39494034580173,5
sano,99,3,A_steiner,1433.0,4,373.39494034580173,5
sano,99,4,A_steiner,1433.0,4,373.39494034580173,5
sano,99,5,A_steiner,1433.0,4,373.39494034580173,5
sano,99,6,B_incremental,1433.0,4,373.39494034580173,5
sano,99,7,B_incremental,1433.0,4,373.39494034580173,5
sano,99,8,B_incremental,1433.0,4,373.39494034580173,5
sano,99,9,B_incremental,1433.0,4,373.39494034580173,5
sano,99,10,B_incremental,1433.0,4,373.39494034580173,5
sano,99,11,B_incremental,1433.0,4,373.39494034580173,5
sano,100,0,A_steiner,5034.0,7,389.9702921085742,8
sano,100,1,A_steiner,5034.0,7,389.9702921085742,8
sano,100,2,A_steiner,5034.0,7,389.9702921085742,8
sano,100,3,A_steiner,5034.0,7,389.9702921085742,8
sano,100,4,A_steiner,5034.0,7,389.9702921085742,8
sano,100,5,A_steiner,5034.0,7,389.9702921085742,8
sano,100,6,B_incremental,5034.0,7,389.9702921085742,8
sano,100,7,B_incremental,5034.0,7,389.9702921085742,8
sano,100,8,B_incremental,5034.0,7,389.9702921085742,8
sano,100,9,B_incremental,5034.0,7,389.97029210857426,8
sano,100,10,B_incremental,5034.0,7,389.9702921085742,8
sano,100,11,B_incremental,5034.0,7,389.97029210857426,8
sano,101,0,A_steiner,4357.0,4,342.90007374800336,5
sano,101,1,A_steiner,4357.0,4,342.90007374800336,5
sano,101,2,A_steiner,4357.0,4,342.90007374800336,5
sano,101,3,A_steiner,4357.0,4,342.90007374800336,5
sano,101,4,A_steiner,4357.0,4,342.90007374800336,5
sano,101,5,A_steiner,4357.0,4,342.90007374800336,5
sano,101,6,B_incremental,4357.0,4,342.90007374800336,5
sano,101,7,B_incremental,4357.0,4,342.90007374800336,5
sano,101,8,B_incremental,4357.0,4,342.90007374800336,5
sano,101,9,B_incremental,4357.0,4,342.90007374800336,5
sano,101,10,B_incremental,4357.0,4,342.90007374800336,5
sano,101,11,B_incremental,4357.0,4,342.90007374800336,5
sano,102,0,A_steiner,4856.0,2,150.5544804034138,3
sano,102,1,A_steiner,4856.0,2,150.5544804034138,3
sano,102,2,A_steiner,4856.0,2,150.5544804034138,3
sano,102,3,A_steiner,4856.0,2,150.5544804034138,3
sano,102,4,A_steiner,4856.0,2,150.5544804034138,3
sano,102,5,A_steiner,4856.0,2,150.5544804034138,3
sano,102,6,B_incremental,4856.0,2,150.5544804034138,3
sano,102,7,B_incremental,4856.0,2,150.5544804034138,3
sano,102,8,B_incremental,4856.0,2,150.5544804034138,3
sano,102,9,B_incremental,4856.0,2,150.5544804034138,3
sano,102,10,B_incremental,4856.0,2,150.5544804034138,3
sano,102,11,B_incremental,4856.0,2,150.5544804034138,3
sano,103,0,A_steiner,1827.0,4,351.0301679116361,5
sano,103,1,A_steiner,1827.0,4,351.0301679116361,5
sano,103,2,A_steiner,1827.0,4,351.0301679116361,5
sano,103,3,A_steiner,1827.0,4,351.0301679116361,5
sano,103,4,A_steiner,1827.0,4,351.0301679116361,5
sano,103,5,A_steiner,1827.0,4,351.0301679116361,5
sano,103,6,B_incremental,1827.0,4,351.03016791163617,5
sano,103,7,B_incremental,1827.0,4,351.0301679116361,5
sano,103,8,B_incremental,1827.0,4,351.0301679116361,5
sano,103,9,B_incremental,1827.0,4,351.0301679116361,5
sano,103,10,B_incremental,1827.0,4,351.0301679116361,5
sano,103,11,B_incremental,1827.0,4,351.0301679116361,5
sano,104,0,A_steiner,1571.0,10,435.038482818858,8
sano,104,1,A_steiner,1571.0,10,435.038482818858,8
sano,104,2,A_steiner,1571.0,10,435.038482818858,8
sano,104,3,A_steiner,1571.0,10,435.038482818858,8
sano,104,4,A_steiner,1571.0,10,435.038482818858,8
sano,104,5,A_steiner,1571.0,10,435.038482818858,8
sano,104,6,B_incremental,1571.0,10,435.0384828188579,8
sano,104,7,B_incremental,1571.0,10,435.038482818858,8
sano,104,8,B_incremental,1571.0,10,435.0384828188579,8
sano,104,9,B_incremental,1571.0,10,435.0384828188579,8
sano,104,10,B_incremental,1571.0,10,435.0384828188579,8
sano,104,11,B_incremental,1571.0,10,435.0384828188579,8
sano,105,0,A_steiner,1565.0,9,592.2654452795305,8
sano,105,1,A_steiner,1565.0,9,592.2654452795305,8
sano,105,2,A_steiner,1565.0,9,592.2654452795305,8
sano,105,3,A_steiner,1565.0,9,592.2654452795305,8
sano,105,4,A_steiner,1565.0,9,592.2654452795305,8
sano,105,5,A_steiner,1565.0,9,592.2654452795305,8
sano,105,6,B_incremental,1565.0,9,592.2654452795304,8
sano,105,7,B_incremental,1565.0,9,592.2654452795304,8
sano,105,8,B_incremental,1565.0,9,592.2654452795304,8
sano,105,9,B_incremental,1565.0,9,592.2654452795305,8
sano,105,10,B_incremental,1565.0,9,592.2654452795305,8
sano,105,11,B_incremental,1565.0,9,592.2654452795305,8
sano,106,0,A_steiner,5212.0,10,670.5226116604035,4
sano,106,1,A_steiner,5212.0,10,670.5226116604035,4
sano,106,2,A_steiner,5212.0,10,670.5226116604035,4
sano,106,3,A_steiner,5212.0,10,670.5226116604035,4
sano,106,4,A_steiner,5212.0,10,670.5226116604035,4
sano,106,5,A_steiner,5212.0,10,670.5226116604035,4
sano,106,6,B_incremental,5212.0,11,699.0794903488356,4
sano,106,7,B_incremental,5212.0,10,670.5226116604034,4
sano,106,8,B_incremental,5212.0,11,699.0794903488356,4
sano,106,9,B_incremental,5212.0,11,699.0794903488356,4
sano,106,10,B_incremental,5212.0,10,670.5226116604034,4
sano,106,11,B_incremental,5212.0,10,670.5226116604034,4
sano,107,0,A_steiner,4835.0,5,174.15662336430546,6
sano,107,1,A_steiner,4835.0,5,174.15662336430546,6
sano,107,2,A_steiner,4835.0,5,174.15662336430546,6
sano,107,3,A_steiner,4835.0,5,174.15662336430546,6
sano,107,4,A_steiner,4835.0,5,174.15662336430546,6
sano,107,5,A_steiner,4835.0,5,174.15662336430546,6
sano,107,6,B_incremental,4835.0,5,174.15662336430546,6
sano,107,7,B_incremental,4835.0,5,174.15662336430546,6
sano,107,8,B_incremental,4835.0,5,174.1566233643055,6
sano,107,9,B_incremental,4835.0,5,174.15662336430546,6
sano,107,10,B_incremental,4835.0,5,174.15662336430546,6
sano,107,11,B_incremental,4835.0,5,174.15662336430546,6
sano,108,0,A_steiner,4545.0,8,538.3784664460038,9
sano,108,1,A_steiner,4545.0,8,538.3784664460038,9
sano,108,2,A_steiner,4545.0,8,538.3784664460038,9
sano,108,3,A_steiner,4545.0,8,538.3784664460038,9
sano,108,4,A_steiner,4545.0,8,538.3784664460038,9
sano,108,5,A_steiner,4545.0,8,538.3784664460038,9
sano,108,6,B_incremental,4545.0,8,538.3784664460038,9
sano,108,7,B_incremental,4545.0,8,538.3784664460038,9
sano,108,8,B_incremental,4545.0,8,538.3784664460038,9
sano,108,9,B_incremental,4545.0,8,538.3784664460038,9
sano,108,10,B_incremental,4545.0,8,538.3784664460038,9
sano,108,11,B_incremental,4545.0,8,538.3784664460038,9
sano,109,0,A_steiner,5217.0,6,294.0862173031056,7
sano,109,1,A_steiner,5217.0,6,294.0862173031056,7
sano,109,2,A_steiner,5217.0,6,294.0862173031056,7
sano,109,3,A_steiner,5217.0,6,294.0862173031056,7
sano,109,4,A_steiner,5217.0,6,294.0862173031056,7
sano,109,5,A_steiner,5217.0,6,294.0862173031056,7
sano,109,6,B_incremental,5217.0,6,294.08621730310557,7
sano,109,7,B_incremental,5217.0,6,294.08621730310557,7
sano,109,8,B_incremental,5217.0,6,317.07981968817523,7
sano,109,9,B_incremental,5217.0,6,294.08621730310557,7
sano,109,10,B_incremental,5217.0,6,306.3455772388358,7
sano,109,11,B_incremental,5217.0,6,317.0798196881752,7
sano,110,0,A_steiner,4845.0,5,491.4109952603684,5
sano,110,1,A_steiner,4845.0,5,491.4109952603684,5
sano,110,2,A_steiner,4845.0,5,491.4109952603684,5
sano,110,3,A_steiner,4845.0,5,491.4109952603684,5
sano,110,4,A_steiner,4845.0,5,491.4109952603684,5
sano,110,5,A_steiner,4845.0,5,491.4109952603684,5
sano,110,6,B_incremental,4845.0,5,491.4109952603684,5
sano,110,7,B_incremental,4845.0,5,491.4109952603684,5
sano,110,8,B_incremental,4845.0,5,491.4109952603684,5
sano,110,9,B_incremental,4845.0,5,491.4109952603684,5
sano,110,10,B_incremental,4845.0,5,491.4109952603684,5
sano,110,11,B_incremental,4845.0,5,491.41099526036834,5
sano,111,0,A_steiner,5193.0,6,337.51168020148276,4
sano,111,1,A_steiner,5193.0,6,337.51168020148276,4
sano,111,2,A_steiner,5193.0,6,337.51168020148276,4
sano,111,3,A_steiner,5193.0,6,337.51168020148276,4
sano,111,4,A_steiner,5193.0,6,337.51168020148276,4
sano,111,5,A_steiner,5193.0,6,337.51168020148276,4
sano,111,6,B_incremental,5193.0,6,337.5116802014828,4
sano,111,7,B_incremental,5193.0,6,337.51168020148276,4
sano,111,8,B_incremental,5193.0,6,337.51168020148276,4
sano,111,9,B_incremental,5193.0,6,337.51168020148276,4
sano,111,10,B_incremental,5193.0,6,337.5116802014828,4
sano,111,11,B_incremental,5193.0,6,337.51168020148276,4
sano,112,0,A_steiner,1668.0,2,251.07431074315588,3
sano,112,1,A_steiner,1668.0,2,251.07431074315588,3
sano,112,2,A_steiner,1668.0,2,251.07431074315588,3
sano,112,3,A_steiner,1668.0,2,251.07431074315588,3
sano,112,4,A_steiner,1668.0,2,251.07431074315588,3
sano,112,5,A_steiner,1668.0,2,251.07431074315588,3
sano,112,6,B_incremental,1668.0,2,251.07431074315588,3
sano,112,7,B_incremental,1668.0,2,251.07431074315588,3
sano,112,8,B_incremental,1668.0,2,251.07431074315588,3
sano,112,9,B_incremental,1668.0,2,251.07431074315588,3
sano,112,10,B_incremental,1668.0,2,251.07431074315588,3
sano,112,11,B_incremental,1668.0,2,251.07431074315588,3
sano,113,0,A_steiner,4532.0,4,195.31556392551354,5
sano,113,1,A_steiner,4532.0,4,194.9774886051309,5
sano,113,2,A_steiner,4532.0,4,195.31556392551354,5
sano,113,3,A_steiner,4532.0,4,194.9774886051309,5
sano,113,4,A_steiner,4532.0,4,195.31556392551354,5
sano,113,5,A_steiner,4532.0,4,194.9774886051309,5
sano,113,6,B_incremental,4532.0,4,194.97748860513093,5
sano,113,7,B_incremental,4532.0,4,194.97748860513093,5
sano,113,8,B_incremental,4532.0,4,194.97748860513093,5
sano,113,9,B_incremental,4532.0,4,194.97748860513093,5
sano,113,10,B_incremental,4532.0,4,194.97748860513093,5
sano,113,11,B_incremental,4532.0,4,194.97748860513093,5
sano,114,0,A_steiner,5630.0,7,325.55591744396105,5
sano,114,1,A_steiner,5630.0,7,325.55591744396105,5
sano,114,2,A_steiner,5630.0,7,325.55591744396105,5
sano,114,3,A_steiner,5630.0,7,325.55591744396105,5
sano,114,4,A_steiner,5630.0,7,325.55591744396105,5
sano,114,5,A_steiner,5630.0,7,325.55591744396105,5
sano,114,6,B_incremental,5630.0,7,355.27269794279556,5
sano,114,7,B_incremental,5630.0,7,355.27269794279556,5
sano,114,8,B_incremental,5630.0,7,355.27269794279556,5
sano,114,9,B_incremental,5630.0,7,355.27269794279556,5
sano,114,10,B_incremental,5630.0,7,357.9049364915134,5
sano,114,11,B_incremental,5630.0,7,325.555917443961,5
sano,115,0,A_steiner,863.0,2,112.4661501925756,3
sano,115,1,A_steiner,863.0,2,112.4661501925756,3
sano,115,2,A_steiner,863.0,2,112.4661501925756,3
sano,115,3,A_steiner,863.0,2,112.4661501925756,3
sano,115,4,A_steiner,863.0,2,112.4661501925756,3
sano,115,5,A_steiner,863.0,2,112.4661501925756,3
sano,115,6,B_incremental,863.0,2,112.4661501925756,3
sano,115,7,B_incremental,863.0,2,112.4661501925756,3
sano,115,8,B_incremental,863.0,2,112.4661501925756,3
sano,115,9,B_incremental,863.0,2,112.4661501925756,3
sano,115,10,B_incremental,863.0,2,112.4661501925756,3
sano,115,11,B_incremental,863.0,2,112.4661501925756,3
sano,116,0,A_steiner,177.0,3,291.7435081942408,4
sano,116,1,A_steiner,177.0,3,291.7435081942408,4
sano,116,2,A_steiner,177.0,3,291.7435081942408,4
sano,116,3,A_steiner,177.0,3,291.7435081942408,4
sano,116,4,A_steiner,177.0,3,291.7435081942408,4
sano,116,5,A_steiner,177.0,3,291.7435081942408,4
sano,116,6,B_incremental,177.0,3,291.7435081942408,4
sano,116,7,B_incremental,177.0,3,291.7435081942408,4
sano,116,8,B_incremental,177.0,3,291.7435081942408,4
sano,116,9,B_incremental,177.0,3,291.7435081942408,4
sano,116,10,B_incremental,177.0,3,291.7435081942408,4
sano,116,11,B_incremental,177.0,3,291.7435081942408,4
sano,117,0,A_steiner,5204.0,18,1217.6979674908557,16
sano,117,1,A_steiner,5204.0,18,1217.6979674908557,16
sano,117,2,A_steiner,5204.0,18,1217.6979674908557,16
sano,117,3,A_steiner,5204.0,18,1217.6979674908557,16
sano,117,4,A_steiner,5204.0,18,1217.6979674908557,16
sano,117,5,A_steiner,5204.0,18,1217.6979674908557,16
sano,117,6,B_incremental,5204.0,18,1241.1652423474766,16
sano,117,7,B_incremental,5204.0,18,1217.697967490855,16
sano,117,8,B_incremental,5204.0,18,1241.1652423474766,16
sano,117,9,B_incremental,5204.0,18,1241.1652423474768,16
sano,117,10,B_incremental,5204.0,18,1241.1652423474766,16
sano,117,11,B_incremental,5204.0,18,1241.1652423474766,16
sano,118,0,A_steiner,4023.0,1,64.72865043091407,2
sano,118,1,A_steiner,4023.0,1,64.72865043091407,2
sano,118,2,A_steiner,4023.0,1,64.72865043091407,2
sano,118,3,A_steiner,4023.0,1,64.72865043091407,2
sano,118,4,A_steiner,4023.0,1,64.72865043091407,2
sano,118,5,A_steiner,4023.0,1,64.72865043091407,2
sano,118,6,B_incremental,4023.0,1,64.72865043091407,2
sano,118,7,B_incremental,4023.0,1,64.72865043091407,2
sano,118,8,B_incremental,4023.0,1,64.72865043091407,2
sano,118,9,B_incremental,4023.0,1,64.72865043091407,2
sano,118,10,B_incremental,4023.0,1,64.72865043091407,2
sano,118,11,B_incremental,4023.0,1,64.72865043091407,2
sano,119,0,A_steiner,6248.0,2,75.21897116237633,3
sano,119,1,A_steiner,6248.0,2,75.21897116237633,3
sano,119,2,A_steiner,6248.0,2,75.21897116237633,3
sano,119,3,A_steiner,6248.0,2,75.21897116237633,3
sano,119,4,A_steiner,6248.0,2,75.21897116237633,3
sano,119,5,A_steiner,6248.0,2,75.21897116237633,3
sano,119,6,B_incremental,6248.0,2,75.21897116237633,3
sano,119,7,B_incremental,6248.0,2,75.21897116237633,3
sano,119,8,B_incremental,6248.0,2,75.21897116237633,3
sano,119,9,B_incremental,6248.0,2,75.21897116237633,3
sano,119,10,B_incremental,6248.0,2,75.21897116237633,3
sano,119,11,B_incremental,6248.0,2,75.21897116237633,3
sano,120,0,A_steiner,1722.0,7,310.73742289042735,8
sano,120,1,A_steiner,1722.0,7,310.73742289042735,8
sano,120,2,A_steiner,1722.0,7,310.73742289042735,8
sano,120,3,A_steiner,1722.0,7,310.73742289042735,8
sano,120,4,A_steiner,1722.0,7,310.73742289042735,8
sano,120,5,A_steiner,1722.0,7,310.73742289042735,8
sano,120,6,B_incremental,1722.0,7,310.73742289042735,8
sano,120,7,B_incremental,1722.0,7,310.73742289042735,8
sano,120,8,B_incremental,1722.0,7,310.73742289042735,8
sano,120,9,B_incremental,1722.0,7,310.7374228904273,8
sano,120,10,B_incremental,1722.0,7,310.73742289042735,8
sano,120,11,B_incremental,1722.0,7,310.73742289042735,8
sano,121,0,A_steiner,5009.0,7,373.696385603161,8
sano,121,1,A_steiner,5009.0,7,373.696385603161,8
sano,121,2,A_steiner,5009.0,7,373.696385603161,8
sano,121,3,A_steiner,5009.0,7,373.696385603161,8
sano,121,4,A_steiner,5009.0,7,373.696385603161,8
sano,121,5,A_steiner,5009.0,7,373.696385603161,8
sano,121,6,B_incremental,5009.0,7,401.2962485063146,8
sano,121,7,B_incremental,5009.0,7,373.696385603161,8
sano,121,8,B_incremental,5009.0,7,392.89866658346074,8
sano,121,9,B_incremental,5009.0,7,373.696385603161,8
sano,121,10,B_incremental,5009.0,7,373.696385603161,8
sano,121,11,B_incremental,5009.0,7,401.29624850631456,8
sano,122,0,A_steiner,213.0,5,252.29922233695794,6
sano,122,1,A_steiner,213.0,5,252.29922233695794,6
sano,122,2,A_steiner,213.0,5,252.29922233695794,6
sano,122,3,A_steiner,213.0,5,252.29922233695794,6
sano,122,4,A_steiner,213.0,5,252.29922233695794,6
sano,122,5,A_steiner,213.0,5,252.29922233695794,6
sano,122,6,B_incremental,213.0,5,252.29922233695794,6
sano,122,7,B_incremental,213.0,5,252.29922233695794,6
sano,122,8,B_incremental,213.0,5,252.29922233695794,6
sano,122,9,B_incremental,213.0,5,252.29922233695794,6
sano,122,10,B_incremental,213.0,5,264.95249612943945,6
sano,122,11,B_incremental,213.0,5,252.29922233695794,6
sano,124,0,A_steiner,1757.0,3,84.4932059968648,4
sano,124,1,A_steiner,1757.0,3,84.4932059968648,4
sano,124,2,A_steiner,1757.0,3,84.4932059968648,4
sano,124,3,A_steiner,1757.0,3,84.4932059968648,4
sano,124,4,A_steiner,1757.0,3,84.4932059968648,4
sano,124,5,A_steiner,1757.0,3,84.4932059968648,4
sano,124,6,B_incremental,1757.0,3,84.49320599686479,4
sano,124,7,B_incremental,1757.0,3,84.49320599686479,4
sano,124,8,B_incremental,1757.0,3,84.4932059968648,4
sano,124,9,B_incremental,1757.0,3,84.49320599686479,4
sano,124,10,B_incremental,1757.0,3,84.49320599686479,4
sano,124,11,B_incremental,1757.0,3,84.4932059968648,4
sano,126,0,A_steiner,3721.0,1,51.68805824074923,2
sano,126,1,A_steiner,3721.0,1,51.68805824074923,2
sano,126,2,A_steiner,3721.0,1,51.68805824074923,2
sano,126,3,A_steiner,3721.0,1,51.68805824074923,2
sano,126,4,A_steiner,3721.0,1,51.68805824074923,2
sano,126,5,A_steiner,3721.0,1,51.68805824074923,2
sano,126,6,B_incremental,3721.0,1,51.68805824074923,2
sano,126,7,B_incremental,3721.0,1,51.68805824074923,2
sano,126,8,B_incremental,3721.0,1,51.68805824074923,2
sano,126,9,B_incremental,3721.0,1,51.68805824074923,2
sano,126,10,B_incremental,3721.0,1,51.68805824074923,2
sano,126,11,B_incremental,3721.0,1,51.68805824074923,2
sano,127,0,A_steiner,1791.0,2,133.25494794941557,3
sano,127,1,A_steiner,1791.0,2,133.25494794941557,3
sano,127,2,A_steiner,1791.0,2,133.25494794941557,3
sano,127,3,A_steiner,1791.0,2,133.25494794941557,3
sano,127,4,A_steiner,1791.0,2,133.25494794941557,3
sano,127,5,A_steiner,1791.0,2,133.25494794941557,3
sano,127,6,B_incremental,1791.0,2,133.25494794941557,3
sano,127,7,B_incremental,1791.0,2,133.25494794941557,3
sano,127,8,B_incremental,1791.0,2,133.25494794941557,3
sano,127,9,B_incremental,1791.0,2,133.25494794941557,3
sano,127,10,B_incremental,1791.0,2,133.25494794941557,3
sano,127,11,B_incremental,1791.0,2,133.25494794941557,3
sano,128,0,A_steiner,1456.0,6,558.970945169287,5
sano,128,1,A_steiner,1456.0,6,558.970945169287,5
sano,128,2,A_steiner,1456.0,6,558.970945169287,5
sano,128,3,A_steiner,1456.0,6,558.970945169287,5
sano,128,4,A_steiner,1456.0,6,558.970945169287,5
sano,128,5,A_steiner,1456.0,6,558.970945169287,5
sano,128,6,B_incremental,1456.0,6,558.970945169287,5
sano,128,7,B_incremental,1456.0,6,558.970945169287,5
sano,128,8,B_incremental,1456.0,6,558.970945169287,5
sano,128,9,B_incremental,1456.0,6,558.970945169287,5
sano,128,10,B_incremental,1456.0,6,558.970945169287,5
sano,128,11,B_incremental,1456.0,6,558.970945169287,5
sano,129,0,A_steiner,5047.0,4,225.9219694886673,5
sano,129,1,A_steiner,5047.0,4,225.9219694886673,5
sano,129,2,A_steiner,5047.0,4,225.9219694886673,5
sano,129,3,A_steiner,5047.0,4,225.9219694886673,5
sano,129,4,A_steiner,5047.0,4,225.9219694886673,5
sano,129,5,A_steiner,5047.0,4,225.9219694886673,5
sano,129,6,B_incremental,5047.0,4,225.92196948866732,5
sano,129,7,B_incremental,5047.0,4,225.9219694886673,5
sano,129,8,B_incremental,5047.0,4,225.9219694886673,5
sano,129,9,B_incremental,5047.0,4,225.9219694886673,5
sano,129,10,B_incremental,5047.0,4,225.9219694886673,5
sano,129,11,B_incremental,5047.0,4,225.92196948866732,5
sano,130,0,A_steiner,5201.0,2,142.28769889093235,3
sano,130,1,A_steiner,5201.0,2,142.28769889093235,3
sano,130,2,A_steiner,5201.0,2,142.28769889093235,3
sano,130,3,A_steiner,5201.0,2,142.28769889093235,3
sano,130,4,A_steiner,5201.0,2,142.28769889093235,3
sano,130,5,A_steiner,5201.0,2,142.28769889093235,3
sano,130,6,B_incremental,5201.0,2,142.28769889093235,3
sano,130,7,B_incremental,5201.0,2,142.28769889093235,3
sano,130,8,B_incremental,5201.0,2,142.28769889093235,3
sano,130,9,B_incremental,5201.0,2,142.28769889093235,3
sano,130,10,B_incremental,5201.0,2,142.28769889093235,3
sano,130,11,B_incremental,5201.0,2,142.28769889093235,3
sano,131,0,A_steiner,6236.0,3,84.82520198405744,4
sano,131,1,A_steiner,6236.0,3,84.82520198405744,4
sano,131,2,A_steiner,6236.0,3,84.82520198405744,4
sano,131,3,A_steiner,6236.0,3,84.82520198405744,4
sano,131,4,A_steiner,6236.0,3,84.82520198405744,4
sano,131,5,A_steiner,6236.0,3,84.82520198405744,4
sano,131,6,B_incremental,6236.0,3,84.82520198405744,4
sano,131,7,B_incremental,6236.0,3,84.82520198405744,4
sano,131,8,B_incremental,6236.0,3,84.82520198405744,4
sano,131,9,B_incremental,6236.0,3,84.82520198405744,4
sano,131,10,B_incremental,6236.0,3,84.82520198405744,4
sano,131,11,B_incremental,6236.0,3,84.82520198405744,4
sano,132,0,A_steiner,6108.0,3,187.83314103520098,4
sano,132,1,A_steiner,6108.0,3,187.83314103520098,4
sano,132,2,A_steiner,6108.0,3,187.83314103520098,4
sano,132,3,A_steiner,6108.0,3,187.83314103520098,4
sano,132,4,A_steiner,6108.0,3,187.83314103520098,4
sano,132,5,A_steiner,6108.0,3,187.83314103520098,4
sano,132,6,B_incremental,6108.0,3,187.83314103520095,4
sano,132,7,B_incremental,6108.0,3,187.83314103520095,4
sano,132,8,B_incremental,6108.0,3,187.83314103520095,4
sano,132,9,B_incremental,6108.0,3,187.83314103520098,4
sano,132,10,B_incremental,6108.0,3,187.83314103520095,4
sano,132,11,B_incremental,6108.0,3,187.83314103520098,4
sano,133,0,A_steiner,5216.0,5,357.62806286995607,6
sano,133,1,A_steiner,5216.0,5,357.62806286995607,6
sano,133,2,A_steiner,5216.0,5,357.62806286995607,6
sano,133,3,A_steiner,5216.0,5,357.62806286995607,6
sano,133,4,A_steiner,5216.0,5,357.62806286995607,6
sano,133,5,A_steiner,5216.0,5,357.62806286995607,6
sano,133,6,B_incremental,5216.0,5,357.62806286995607,6
sano,133,7,B_incremental,5216.0,5,357.62806286995607,6
sano,133,8,B_incremental,5216.0,5,357.62806286995607,6
sano,133,9,B_incremental,5216.0,5,357.62806286995607,6
sano,133,10,B_incremental,5216.0,5,357.62806286995607,6
sano,133,11,B_incremental,5216.0,5,357.62806286995607,6
sano,134,0,A_steiner,3735.0,7,425.17035907884707,8
sano,134,1,A_steiner,3735.0,7,425.17035907884707,8
sano,134,2,A_steiner,3735.0,7,425.17035907884707,8
sano,134,3,A_steiner,3735.0,7,425.17035907884707,8
sano,134,4,A_steiner,3735.0,7,425.17035907884707,8
sano,134,5,A_steiner,3735.0,7,425.17035907884707,8
sano,134,6,B_incremental,3735.0,7,447.76126942029634,8
sano,134,7,B_incremental,3735.0,7,448.3067019434564,8
sano,134,8,B_incremental,3735.0,7,506.8927519231961,8
sano,134,9,B_incremental,3735.0,7,425.17035907884707,8
sano,134,10,B_incremental,3735.0,7,507.4381844463562,8
sano,134,11,B_incremental,3735.0,7,448.30670194345646,8
sano,135,0,A_steiner,3787.0,4,221.58715093543037,5
sano,135,1,A_steiner,3787.0,4,221.58715093543037,5
sano,135,2,A_steiner,3787.0,4,221.58715093543037,5
sano,135,3,A_steiner,3787.0,4,222.36834719139884,5
sano,135,4,A_steiner,3787.0,4,221.58715093543037,5
sano,135,5,A_steiner,3787.0,4,221.58715093543037,5
sano,135,6,B_incremental,3787.0,4,222.3683471913988,5
sano,135,7,B_incremental,3787.0,4,222.36834719139884,5
sano,135,8,B_incremental,3787.0,4,221.58715093543037,5
sano,135,9,B_incremental,3787.0,4,221.58715093543037,5
sano,135,10,B_incremental,3787.0,4,221.58715093543037,5
sano,135,11,B_incremental,3787.0,4,222.36834719139887,5
sano,136,0,A_steiner,1613.0,6,444.65826734710265,7
sano,136,1,A_steiner,1613.0,6,444.65826734710265,7
sano,136,2,A_steiner,1613.0,6,444.65826734710265,7
sano,136,3,A_steiner,1613.0,6,444.65826734710265,7
sano,136,4,A_steiner,1613.0,6,444.65826734710265,7
sano,136,5,A_steiner,1613.0,6,444.65826734710265,7
sano,136,6,B_incremental,1613.0,6,444.6582673471027,7
sano,136,7,B_incremental,1613.0,7,565.9647350485446,7
sano,136,8,B_incremental,1613.0,6,444.65826734710265,7
sano,136,9,B_incremental,1613.0,6,444.6582673471027,7
sano,136,10,B_incremental,1613.0,6,444.6582673471027,7
sano,136,11,B_incremental,1613.0,6,444.65826734710265,7
sano,137,0,A_steiner,3945.0,6,427.5464892364932,4
sano,137,1,A_steiner,3945.0,6,427.5464892364932,4
sano,137,2,A_steiner,3945.0,6,427.5464892364932,4
sano,137,3,A_steiner,3945.0,6,427.5464892364932,4
sano,137,4,A_steiner,3945.0,6,427.5464892364932,4
sano,137,5,A_steiner,3945.0,6,427.5464892364932,4
sano,137,6,B_incremental,3945.0,6,427.5464892364932,4
sano,137,7,B_incremental,3945.0,6,427.5464892364932,4
sano,137,8,B_incremental,3945.0,6,427.5464892364932,4
sano,137,9,B_incremental,3945.0,6,427.5464892364932,4
sano,137,10,B_incremental,3945.0,6,427.5464892364932,4
sano,137,11,B_incremental,3945.0,6,427.5464892364932,4
sano,138,0,A_steiner,1642.0,7,343.38184573616047,7
sano,138,1,A_steiner,1642.0,7,343.38184573616047,7
sano,138,2,A_steiner,1642.0,7,343.38184573616047,7
sano,138,3,A_steiner,1642.0,7,343.38184573616047,7
sano,138,4,A_steiner,1642.0,7,343.38184573616047,7
sano,138,5,A_steiner,1642.0,7,343.38184573616047,7
sano,138,6,B_incremental,1642.0,7,343.3818457361604,7
sano,138,7,B_incremental,1642.0,7,343.3818457361604,7
sano,138,8,B_incremental,1642.0,7,343.38184573616047,7
sano,138,9,B_incremental,1642.0,7,343.3818457361604,7
sano,138,10,B_incremental,1642.0,7,343.3818457361604,7
sano,138,11,B_incremental,1642.0,7,343.3818457361604,7
sano,139,0,A_steiner,6149.0,3,270.64564662438295,4
sano,139,1,A_steiner,6149.0,3,270.64564662438295,4
sano,139,2,A_steiner,6149.0,3,270.64564662438295,4
sano,139,3,A_steiner,6149.0,3,270.64564662438295,4
sano,139,4,A_steiner,6149.0,3,270.64564662438295,4
sano,139,5,A_steiner,6149.0,3,270.64564662438295,4
sano,139,6,B_incremental,6149.0,3,270.64564662438295,4
sano,139,7,B_incremental,6149.0,4,327.3622600235509,4
sano,139,8,B_incremental,6149.0,4,327.3622600235509,4
sano,139,9,B_incremental,6149.0,3,270.64564662438295,4
sano,139,10,B_incremental,6149.0,4,327.3622600235509,4
sano,139,11,B_incremental,6149.0,4,327.3622600235509,4
sano,140,0,A_steiner,1576.0,8,707.9890587133303,6
sano,140,1,A_steiner,1576.0,8,707.9890587133303,6
sano,140,2,A_steiner,1576.0,8,707.9890587133303,6
sano,140,3,A_steiner,1576.0,8,707.9890587133303,6
sano,140,4,A_steiner,1576.0,8,707.9890587133303,6
sano,140,5,A_steiner,1576.0,8,707.9890587133303,6
sano,140,6,B_incremental,1576.0,8,707.9890587133305,6
sano,140,7,B_incremental,1576.0,8,707.9890587133305,6
sano,140,8,B_incremental,1576.0,8,707.9890587133305,6
sano,140,9,B_incremental,1576.0,8,707.9890587133305,6
sano,140,10,B_incremental,1576.0,8,707.9890587133305,6
sano,140,11,B_incremental,1576.0,8,707.9890587133305,6
sano,141,0,A_steiner,5500.0,2,68.42068733093835,3
sano,141,1,A_steiner,5500.0,2,68.42068733093835,3
sano,141,2,A_steiner,5500.0,2,68.42068733093835,3
sano,141,3,A_steiner,5500.0,2,68.42068733093835,3
sano,141,4,A_steiner,5500.0,2,68.42068733093835,3
sano,141,5,A_steiner,5500.0,2,68.42068733093835,3
sano,141,6,B_incremental,5500.0,2,68.42068733093835,3
sano,141,7,B_incremental,5500.0,2,68.42068733093835,3
sano,141,8,B_incremental,5500.0,2,68.42068733093835,3
sano,141,9,B_incremental,5500.0,2,68.42068733093835,3
sano,141,10,B_incremental,5500.0,2,68.42068733093835,3
sano,141,11,B_incremental,5500.0,2,68.42068733093835,3
sano,142,0,A_steiner,5224.0,7,351.2280424101655,6
sano,142,1,A_steiner,5224.0,7,351.2280424101655,6
sano,142,2,A_steiner,5224.0,7,351.2280424101655,6
sano,142,3,A_steiner,5224.0,7,351.2280424101655,6
sano,142,4,A_steiner,5224.0,7,351.2280424101655,6
sano,142,5,A_steiner,5224.0,7,351.2280424101655,6
sano,142,6,B_incremental,5224.0,7,351.2280424101655,6
sano,142,7,B_incremental,5224.0,7,351.2280424101655,6
sano,142,8,B_incremental,5224.0,7,351.2280424101655,6
sano,142,9,B_incremental,5224.0,7,351.2280424101655,6
sano,142,10,B_incremental,5224.0,7,351.2280424101655,6
sano,142,11,B_incremental,5224.0,7,351.2280424101655,6
sano,143,0,A_steiner,1550.0,3,162.97338317580048,4
sano,143,1,A_steiner,1550.0,3,162.97338317580048,4
sano,143,2,A_steiner,1550.0,3,162.97338317580048,4
sano,143,3,A_steiner,1550.0,3,162.97338317580048,4
sano,143,4,A_steiner,1550.0,3,162.97338317580048,4
sano,143,5,A_steiner,1550.0,3,162.97338317580048,4
sano,143,6,B_incremental,1550.0,3,162.97338317580048,4
sano,143,7,B_incremental,1550.0,3,162.97338317580048,4
sano,143,8,B_incremental,1550.0,3,162.97338317580048,4
sano,143,9,B_incremental,1550.0,3,162.97338317580048,4
sano,143,10,B_incremental,1550.0,3,162.97338317580048,4
sano,143,11,B_incremental,1550.0,3,162.97338317580048,4
sano,144,0,A_steiner,1671.0,7,426.924281116007,6
sano,144,1,A_steiner,1671.0,7,426.924281116007,6
sano,144,2,A_steiner,1671.0,7,426.924281116007,6
sano,144,3,A_steiner,1671.0,7,426.924281116007,6
sano,144,4,A_steiner,1671.0,7,426.924281116007,6
sano,144,5,A_steiner,1671.0,7,426.924281116007,6
sano,144,6,B_incremental,1671.0,7,426.924281116007,6
sano,144,7,B_incremental,1671.0,7,426.924281116007,6
sano,144,8,B_incremental,1671.0,7,426.924281116007,6
sano,144,9,B_incremental,1671.0,7,426.924281116007,6
sano,144,10,B_incremental,1671.0,7,426.924281116007,6
sano,144,11,B_incremental,1671.0,7,426.924281116007,6
sano,145,0,A_steiner,6036.0,6,224.69956562728507,7
sano,145,1,A_steiner,6036.0,6,224.69956562728507,7
sano,145,2,A_steiner,6036.0,6,224.69956562728507,7
sano,145,3,A_steiner,6036.0,6,224.69956562728507,7
sano,145,4,A_steiner,6036.0,6,224.69956562728507,7
sano,145,5,A_steiner,6036.0,6,224.69956562728507,7
sano,145,6,B_incremental,6036.0,6,224.6995656272851,7
sano,145,7,B_incremental,6036.0,6,224.69956562728507,7
sano,145,8,B_incremental,6036.0,6,224.69956562728507,7
sano,145,9,B_incremental,6036.0,6,224.69956562728507,7
sano,145,10,B_incremental,6036.0,6,224.6995656272851,7
sano,145,11,B_incremental,6036.0,6,224.69956562728507,7
sano,146,0,A_steiner,1733.0,5,271.59832790254785,6
sano,146,1,A_steiner,1733.0,5,271.59832790254785,6
sano,146,2,A_steiner,1733.0,5,271.59832790254785,6
sano,146,3,A_steiner,1733.0,5,275.66567284071186,6
sano,146,4,A_steiner,1733.0,5,271.59832790254785,6
sano,146,5,A_steiner,1733.0,5,275.66567284071186,6
sano,146,6,B_incremental,1733.0,5,271.59832790254785,6
sano,146,7,B_incremental,1733.0,5,275.9449174853991,6
sano,146,8,B_incremental,1733.0,5,271.59832790254785,6
sano,146,9,B_incremental,1733.0,5,275.9449174853992,6
sano,146,10,B_incremental,1733.0,5,275.9449174853992,6
sano,146,11,B_incremental,1733.0,5,275.9449174853991,6
kudamatsu,0,0,A_steiner,2155.0,4,399.5768207082467,2
kudamatsu,0,1,A_steiner,2155.0,4,399.5768207082467,2
kudamatsu,0,2,A_steiner,2155.0,4,399.5768207082467,2
kudamatsu,0,3,A_steiner,2155.0,4,399.5768207082467,2
kudamatsu,0,4,A_steiner,2155.0,4,399.5768207082467,2
kudamatsu,0,5,A_steiner,2155.0,4,399.5768207082467,2
kudamatsu,0,6,B_incremental,2155.0,4,399.5768207082467,2
kudamatsu,0,7,B_incremental,2155.0,4,399.5768207082467,2
kudamatsu,0,8,B_incremental,2155.0,4,399.5768207082467,2
kudamatsu,0,9,B_incremental,2155.0,4,399.5768207082467,2
kudamatsu,0,10,B_incremental,2155.0,4,399.5768207082467,2
kudamatsu,0,11,B_incremental,2155.0,4,399.5768207082467,2
kudamatsu,1,0,A_steiner,1457.0,10,714.5510417223425,10
kudamatsu,1,1,A_steiner,1457.0,10,714.5510417223425,10
kudamatsu,1,2,A_steiner,1457.0,10,714.5510417223425,10
kudamatsu,1,3,A_steiner,1457.0,10,714.5510417223425,10
kudamatsu,1,4,A_steiner,1457.0,10,714.5510417223425,10
kudamatsu,1,5,A_steiner,1457.0,10,714.5510417223425,10
kudamatsu,1,6,B_incremental,1457.0,10,714.5510417223426,10
kudamatsu,1,7,B_incremental,1457.0,10,714.5510417223426,10
kudamatsu,1,8,B_incremental,1457.0,10,714.5510417223426,10
kudamatsu,1,9,B_incremental,1457.0,10,714.5510417223425,10
kudamatsu,1,10,B_incremental,1457.0,10,714.5510417223426,10
kudamatsu,1,11,B_incremental,1457.0,10,714.5510417223425,10
kudamatsu,2,0,A_steiner,2428.0,15,1153.2955552424667,13
kudamatsu,2,1,A_steiner,2428.0,15,1153.2955552424667,13
kudamatsu,2,2,A_steiner,2428.0,15,1153.2955552424667,13
kudamatsu,2,3,A_steiner,2428.0,15,1153.2955552424667,13
kudamatsu,2,4,A_steiner,2428.0,15,1153.2955552424667,13
kudamatsu,2,5,A_steiner,2428.0,15,1153.2955552424667,13
kudamatsu,2,6,B_incremental,2428.0,15,1153.2955552424667,13
kudamatsu,2,7,B_incremental,2428.0,15,1153.2955552424667,13
kudamatsu,2,8,B_incremental,2428.0,15,1153.2955552424664,13
kudamatsu,2,9,B_incremental,2428.0,15,1153.2955552424664,13
kudamatsu,2,10,B_incremental,2428.0,15,1153.2955552424664,13
kudamatsu,2,11,B_incremental,2428.0,15,1153.2955552424664,13
kudamatsu,3,0,A_steiner,1141.0,7,310.3738636830871,8
kudamatsu,3,1,A_steiner,1141.0,7,310.3738636830871,8
kudamatsu,3,2,A_steiner,1141.0,7,310.3738636830871,8
kudamatsu,3,3,A_steiner,1141.0,7,310.3738636830871,8
kudamatsu,3,4,A_steiner,1141.0,7,310.3738636830871,8
kudamatsu,3,5,A_steiner,1141.0,7,318.95372240212885,8
kudamatsu,3,6,B_incremental,1141.0,7,359.8922931817711,8
kudamatsu,3,7,B_incremental,1141.0,7,310.3738636830871,8
kudamatsu,3,8,B_incremental,1141.0,7,310.3738636830871,8
kudamatsu,3,9,B_incremental,1141.0,7,310.3738636830871,8
kudamatsu,3,10,B_incremental,1141.0,7,310.3738636830871,8
kudamatsu,3,11,B_incremental,1141.0,7,318.95372240212885,8
kudamatsu,5,0,A_steiner,1523.0,10,705.9681303390594,7
kudamatsu,5,1,A_steiner,1523.0,10,705.9681303390594,7
kudamatsu,5,2,A_steiner,1523.0,10,705.9681303390594,7
kudamatsu,5,3,A_steiner,1523.0,10,705.9681303390594,7
kudamatsu,5,4,A_steiner,1523.0,10,705.9681303390594,7
kudamatsu,5,5,A_steiner,1523.0,10,705.9681303390594,7
kudamatsu,5,6,B_incremental,1523.0,10,705.9681303390594,7
kudamatsu,5,7,B_incremental,1523.0,10,705.9681303390594,7
kudamatsu,5,8,B_incremental,1523.0,11,758.97778578476,7
kudamatsu,5,9,B_incremental,1523.0,11,716.4902865564625,7
kudamatsu,5,10,B_incremental,1523.0,11,758.97778578476,7
kudamatsu,5,11,B_incremental,1523.0,12,725.4040117683335,7
kudamatsu,6,0,A_steiner,2880.0,7,424.8604921107893,6
kudamatsu,6,1,A_steiner,2880.0,7,424.8604921107893,6
kudamatsu,6,2,A_steiner,2880.0,7,424.8604921107893,6
kudamatsu,6,3,A_steiner,2880.0,7,424.8604921107893,6
kudamatsu,6,4,A_steiner,2880.0,7,424.8604921107893,6
kudamatsu,6,5,A_steiner,2880.0,7,424.8604921107893,6
kudamatsu,6,6,B_incremental,2880.0,10,484.0934962963391,6
kudamatsu,6,7,B_incremental,2880.0,10,484.34878064604004,6
kudamatsu,6,8,B_incremental,2880.0,10,484.34878064604004,6
kudamatsu,6,9,B_incremental,2880.0,7,424.86049211078927,6
kudamatsu,6,10,B_incremental,2880.0,10,484.0934962963391,6
kudamatsu,6,11,B_incremental,2880.0,10,484.34878064604004,6
kudamatsu,7,0,A_steiner,1207.0,10,421.9140733383167,5
kudamatsu,7,1,A_steiner,1207.0,10,421.9140733383167,5
kudamatsu,7,2,A_steiner,1207.0,10,421.9140733383167,5
kudamatsu,7,3,A_steiner,1207.0,10,421.9140733383167,5
kudamatsu,7,4,A_steiner,1207.0,10,421.9140733383167,5
kudamatsu,7,5,A_steiner,1207.0,10,421.9140733383167,5
kudamatsu,7,6,B_incremental,1207.0,10,426.1687388953522,5
kudamatsu,7,7,B_incremental,1207.0,10,426.1687388953522,5
kudamatsu,7,8,B_incremental,1207.0,9,427.19048714627587,5
kudamatsu,7,9,B_incremental,1207.0,10,426.1687388953522,5
kudamatsu,7,10,B_incremental,1207.0,10,421.9140733383167,5
kudamatsu,7,11,B_incremental,1207.0,10,426.1687388953522,5
kudamatsu,8,0,A_steiner,971.0,13,1050.3939658018448,9
kudamatsu,8,1,A_steiner,971.0,15,1053.4967191999885,9
kudamatsu,8,2,A_steiner,971.0,13,1050.3939658018448,9
kudamatsu,8,3,A_steiner,971.0,15,1053.4967191999885,9
kudamatsu,8,4,A_steiner,971.0,13,1050.3939658018448,9
kudamatsu,8,5,A_steiner,971.0,13,1050.3939658018448,9
kudamatsu,8,6,B_incremental,971.0,14,1088.1462839742237,9
kudamatsu,8,7,B_incremental,971.0,14,1088.1462839742237,9
kudamatsu,8,8,B_incremental,971.0,14,1088.1462839742237,9
kudamatsu,8,9,B_incremental,971.0,14,1088.146283974224,9
kudamatsu,8,10,B_incremental,971.0,14,1088.1462839742235,9
kudamatsu,8,11,B_incremental,971.0,14,1088.1462839742237,9
kudamatsu,9,0,A_steiner,566.0,7,649.0714054873281,7
kudamatsu,9,1,A_steiner,566.0,7,649.0714054873281,7
kudamatsu,9,2,A_steiner,566.0,7,649.0714054873281,7
kudamatsu,9,3,A_steiner,566.0,7,649.0714054873281,7
kudamatsu,9,4,A_steiner,566.0,7,649.0714054873281,7
kudamatsu,9,5,A_steiner,566.0,7,649.0714054873281,7
kudamatsu,9,6,B_incremental,566.0,7,649.071405487328,7
kudamatsu,9,7,B_incremental,566.0,7,649.071405487328,7
kudamatsu,9,8,B_incremental,566.0,7,690.0520253646699,7
kudamatsu,9,9,B_incremental,566.0,7,649.0714054873281,7
kudamatsu,9,10,B_incremental,566.0,7,649.071405487328,7
kudamatsu,9,11,B_incremental,566.0,7,649.071405487328,7
kudamatsu,10,0,A_steiner,1436.0,9,1028.6765241568157,5
kudamatsu,10,1,A_steiner,1436.0,9,1028.6765241568157,5
kudamatsu,10,2,A_steiner,1436.0,9,1028.6765241568157,5
kudamatsu,10,3,A_steiner,1436.0,9,1028.6765241568157,5
kudamatsu,10,4,A_steiner,1436.0,9,1028.6765241568157,5
kudamatsu,10,5,A_steiner,1436.0,9,1028.6765241568157,5
kudamatsu,10,6,B_incremental,1436.0,9,1028.6765241568157,5
kudamatsu,10,7,B_incremental,1436.0,9,1028.6765241568157,5
kudamatsu,10,8,B_incremental,1436.0,9,1028.6765241568157,5
kudamatsu,10,9,B_incremental,1436.0,9,1028.676524156816,5
kudamatsu,10,10,B_incremental,1436.0,9,1028.6765241568157,5
kudamatsu,10,11,B_incremental,1436.0,9,1028.6765241568157,5
kudamatsu,11,0,A_steiner,2888.0,4,314.0690124439326,5
kudamatsu,11,1,A_steiner,2888.0,4,314.0690124439326,5
kudamatsu,11,2,A_steiner,2888.0,4,314.0690124439326,5
kudamatsu,11,3,A_steiner,2888.0,4,314.0690124439326,5
kudamatsu,11,4,A_steiner,2888.0,4,314.0690124439326,5
kudamatsu,11,5,A_steiner,2888.0,4,314.0690124439326,5
kudamatsu,11,6,B_incremental,2888.0,4,314.0690124439326,5
kudamatsu,11,7,B_incremental,2888.0,4,314.0690124439326,5
kudamatsu,11,8,B_incremental,2888.0,4,314.0690124439326,5
kudamatsu,11,9,B_incremental,2888.0,4,314.0690124439326,5
kudamatsu,11,10,B_incremental,2888.0,4,314.0690124439326,5
kudamatsu,11,11,B_incremental,2888.0,4,314.0690124439326,5
kudamatsu,12,0,A_steiner,1572.0,5,289.3174351267926,6
kudamatsu,12,1,A_steiner,1572.0,5,289.3174351267926,6
kudamatsu,12,2,A_steiner,1572.0,5,289.3174351267926,6
kudamatsu,12,3,A_steiner,1572.0,5,289.3174351267926,6
kudamatsu,12,4,A_steiner,1572.0,5,289.3174351267926,6
kudamatsu,12,5,A_steiner,1572.0,5,289.3174351267926,6
kudamatsu,12,6,B_incremental,1572.0,5,289.3174351267926,6
kudamatsu,12,7,B_incremental,1572.0,5,289.3174351267926,6
kudamatsu,12,8,B_incremental,1572.0,6,302.49120943968194,6
kudamatsu,12,9,B_incremental,1572.0,6,302.49120943968194,6
kudamatsu,12,10,B_incremental,1572.0,5,289.3174351267926,6
kudamatsu,12,11,B_incremental,1572.0,6,298.5625473505939,6
kudamatsu,13,0,A_steiner,2909.0,8,490.6189369747507,3
kudamatsu,13,1,A_steiner,2909.0,8,490.6189369747507,3
kudamatsu,13,2,A_steiner,2909.0,8,490.6189369747507,3
kudamatsu,13,3,A_steiner,2909.0,8,490.6189369747507,3
kudamatsu,13,4,A_steiner,2909.0,8,490.6189369747507,3
kudamatsu,13,5,A_steiner,2909.0,8,490.6189369747507,3
kudamatsu,13,6,B_incremental,2909.0,7,469.49713563919727,3
kudamatsu,13,7,B_incremental,2909.0,7,469.49713563919727,3
kudamatsu,13,8,B_incremental,2909.0,7,469.49713563919727,3
kudamatsu,13,9,B_incremental,2909.0,7,469.49713563919727,3
kudamatsu,13,10,B_incremental,2909.0,7,469.49713563919727,3
kudamatsu,13,11,B_incremental,2909.0,7,469.49713563919727,3
kudamatsu,14,0,A_steiner,17.0,2,148.9850096130747,3
kudamatsu,14,1,A_steiner,17.0,2,148.9850096130747,3
kudamatsu,14,2,A_steiner,17.0,2,148.9850096130747,3
kudamatsu,14,3,A_steiner,17.0,2,148.9850096130747,3
kudamatsu,14,4,A_steiner,17.0,2,148.9850096130747,3
kudamatsu,14,5,A_steiner,17.0,2,148.9850096130747,3
kudamatsu,14,6,B_incremental,17.0,2,148.9850096130747,3
kudamatsu,14,7,B_incremental,17.0,2,148.9850096130747,3
kudamatsu,14,8,B_incremental,17.0,2,148.9850096130747,3
kudamatsu,14,9,B_incremental,17.0,2,148.9850096130747,3
kudamatsu,14,10,B_incremental,17.0,2,148.9850096130747,3
kudamatsu,14,11,B_incremental,17.0,2,148.9850096130747,3
kudamatsu,15,0,A_steiner,1668.0,5,444.2429844551253,5
kudamatsu,15,1,A_steiner,1668.0,5,444.2429844551253,5
kudamatsu,15,2,A_steiner,1668.0,5,444.2429844551253,5
kudamatsu,15,3,A_steiner,1668.0,5,444.2429844551253,5
kudamatsu,15,4,A_steiner,1668.0,5,444.2429844551253,5
kudamatsu,15,5,A_steiner,1668.0,5,444.2429844551253,5
kudamatsu,15,6,B_incremental,1668.0,5,444.2429844551252,5
kudamatsu,15,7,B_incremental,1668.0,5,444.24298445512534,5
kudamatsu,15,8,B_incremental,1668.0,5,444.2429844551252,5
kudamatsu,15,9,B_incremental,1668.0,5,444.24298445512534,5
kudamatsu,15,10,B_incremental,1668.0,5,444.24298445512534,5
kudamatsu,15,11,B_incremental,1668.0,5,444.2429844551252,5
kudamatsu,16,0,A_steiner,1850.0,18,2013.642739548491,8
kudamatsu,16,1,A_steiner,1850.0,18,2013.642739548491,8
kudamatsu,16,2,A_steiner,1850.0,18,2013.642739548491,8
kudamatsu,16,3,A_steiner,1850.0,18,2013.642739548491,8
kudamatsu,16,4,A_steiner,1850.0,18,2013.642739548491,8
kudamatsu,16,5,A_steiner,1850.0,18,2013.642739548491,8
kudamatsu,16,6,B_incremental,1850.0,20,2045.6057881737338,8
kudamatsu,16,7,B_incremental,1850.0,18,1923.108168787616,8
kudamatsu,16,8,B_incremental,1850.0,18,2013.6427395484907,8
kudamatsu,16,9,B_incremental,1850.0,20,2045.6057881737336,8
kudamatsu,16,10,B_incremental,1850.0,18,2013.6427395484905,8
kudamatsu,16,11,B_incremental,1850.0,18,1923.1081687876158,8
kudamatsu,17,0,A_steiner,1571.0,5,258.73800361265694,5
kudamatsu,17,1,A_steiner,1571.0,5,258.73800361265694,5
kudamatsu,17,2,A_steiner,1571.0,5,258.73800361265694,5
kudamatsu,17,3,A_steiner,1571.0,5,258.73800361265694,5
kudamatsu,17,4,A_steiner,1571.0,5,258.73800361265694,5
kudamatsu,17,5,A_steiner,1571.0,5,258.73800361265694,5
kudamatsu,17,6,B_incremental,1571.0,5,258.73800361265694,5
kudamatsu,17,7,B_incremental,1571.0,5,258.73800361265694,5
kudamatsu,17,8,B_incremental,1571.0,5,258.73800361265694,5
kudamatsu,17,9,B_incremental,1571.0,5,258.73800361265694,5
kudamatsu,17,10,B_incremental,1571.0,5,258.73800361265694,5
kudamatsu,17,11,B_incremental,1571.0,5,258.73800361265694,5
kudamatsu,18,0,A_steiner,2840.0,23,1341.750273746644,11
kudamatsu,18,1,A_steiner,2840.0,23,1341.750273746644,11
kudamatsu,18,2,A_steiner,2840.0,23,1341.750273746644,11
kudamatsu,18,3,A_steiner,2840.0,23,1341.750273746644,11
kudamatsu,18,4,A_steiner,2840.0,23,1341.750273746644,11
kudamatsu,18,5,A_steiner,2840.0,23,1341.750273746644,11
kudamatsu,18,6,B_incremental,2840.0,23,1341.7502737466439,11
kudamatsu,18,7,B_incremental,2840.0,24,1329.070904588414,11
kudamatsu,18,8,B_incremental,2840.0,25,1370.0318861903527,11
kudamatsu,18,9,B_incremental,2840.0,24,1329.070904588414,11
kudamatsu,18,10,B_incremental,2840.0,25,1370.0318861903527,11
kudamatsu,18,11,B_incremental,2840.0,25,1370.0318861903527,11
kudamatsu,19,0,A_steiner,2031.0,9,623.7261725774371,8
kudamatsu,19,1,A_steiner,2031.0,10,618.8660626753344,8
kudamatsu,19,2,A_steiner,2031.0,9,623.7261725774371,8
kudamatsu,19,3,A_steiner,2031.0,9,623.7261725774371,8
kudamatsu,19,4,A_steiner,2031.0,10,618.8660626753344,8
kudamatsu,19,5,A_steiner,2031.0,10,618.8660626753344,8
kudamatsu,19,6,B_incremental,2031.0,10,751.2339522062388,8
kudamatsu,19,7,B_incremental,2031.0,9,623.7261725774372,8
kudamatsu,19,8,B_incremental,2031.0,10,618.8660626753342,8
kudamatsu,19,9,B_incremental,2031.0,11,642.8795072967464,8
kudamatsu,19,10,B_incremental,2031.0,9,623.7261725774372,8
kudamatsu,19,11,B_incremental,2031.0,9,623.7261725774372,8
kudamatsu,20,0,A_steiner,2128.0,25,1577.1102477586871,15
kudamatsu,20,1,A_steiner,2128.0,25,1577.1102477586871,15
kudamatsu,20,2,A_steiner,2128.0,25,1577.1102477586871,15
kudamatsu,20,3,A_steiner,2128.0,25,1577.1102477586871,15
kudamatsu,20,4,A_steiner,2128.0,25,1577.1102477586871,15
kudamatsu,20,5,A_steiner,2128.0,25,1577.1102477586871,15
kudamatsu,20,6,B_incremental,2128.0,25,1671.1944064452143,15
kudamatsu,20,7,B_incremental,2128.0,25,1671.1944064452143,15
kudamatsu,20,8,B_incremental,2128.0,25,1577.2459868195872,15
kudamatsu,20,9,B_incremental,2128.0,25,1577.2459868195867,15
kudamatsu,20,10,B_incremental,2128.0,25,1670.5558780971503,15
kudamatsu,20,11,B_incremental,2128.0,25,1671.1944064452143,15
kudamatsu,22,0,A_steiner,1496.0,9,453.9425195415323,8
kudamatsu,22,1,A_steiner,1496.0,9,453.9425195415323,8
kudamatsu,22,2,A_steiner,1496.0,9,453.9425195415323,8
kudamatsu,22,3,A_steiner,1496.0,9,453.9425195415323,8
kudamatsu,22,4,A_steiner,1496.0,9,453.9425195415323,8
kudamatsu,22,5,A_steiner,1496.0,9,453.9425195415323,8
kudamatsu,22,6,B_incremental,1496.0,9,453.94251954153225,8
kudamatsu,22,7,B_incremental,1496.0,9,453.94251954153225,8
kudamatsu,22,8,B_incremental,1496.0,9,453.94251954153225,8
kudamatsu,22,9,B_incremental,1496.0,9,453.9425195415322,8
kudamatsu,22,10,B_incremental,1496.0,9,453.9425195415322,8
kudamatsu,22,11,B_incremental,1496.0,9,453.9425195415322,8
kudamatsu,23,0,A_steiner,1104.0,11,658.7221109557777,8
kudamatsu,23,1,A_steiner,1104.0,11,658.7221109557777,8
kudamatsu,23,2,A_steiner,1104.0,11,658.7221109557777,8
kudamatsu,23,3,A_steiner,1104.0,11,658.7221109557777,8
kudamatsu,23,4,A_steiner,1104.0,11,658.7221109557777,8
kudamatsu,23,5,A_steiner,1104.0,11,658.7221109557777,8
kudamatsu,23,6,B_incremental,1104.0,12,703.7433293356024,8
kudamatsu,23,7,B_incremental,1104.0,11,658.7221109557777,8
kudamatsu,23,8,B_incremental,1104.0,11,658.7221109557777,8
kudamatsu,23,9,B_incremental,1104.0,11,658.7221109557777,8
kudamatsu,23,10,B_incremental,1104.0,12,703.7433293356025,8
kudamatsu,23,11,B_incremental,1104.0,11,658.7221109557777,8
kudamatsu,24,0,A_steiner,1511.0,5,337.84957208481484,5
kudamatsu,24,1,A_steiner,1511.0,5,337.84957208481484,5
kudamatsu,24,2,A_steiner,1511.0,5,337.84957208481484,5
kudamatsu,24,3,A_steiner,1511.0,5,337.84957208481484,5
kudamatsu,24,4,A_steiner,1511.0,5,337.84957208481484,5
kudamatsu,24,5,A_steiner,1511.0,5,337.84957208481484,5
kudamatsu,24,6,B_incremental,1511.0,5,337.8495720848148,5
kudamatsu,24,7,B_incremental,1511.0,5,337.8495720848148,5
kudamatsu,24,8,B_incremental,1511.0,5,337.84957208481484,5
kudamatsu,24,9,B_incremental,1511.0,5,337.84957208481484,5
kudamatsu,24,10,B_incremental,1511.0,5,337.8495720848148,5
kudamatsu,24,11,B_incremental,1511.0,5,337.84957208481484,5
kudamatsu,25,0,A_steiner,1785.0,5,370.63003413722777,6
kudamatsu,25,1,A_steiner,1785.0,5,370.63003413722777,6
kudamatsu,25,2,A_steiner,1785.0,5,370.63003413722777,6
kudamatsu,25,3,A_steiner,1785.0,5,370.63003413722777,6
kudamatsu,25,4,A_steiner,1785.0,5,370.63003413722777,6
kudamatsu,25,5,A_steiner,1785.0,5,370.63003413722777,6
kudamatsu,25,6,B_incremental,1785.0,5,370.6300341372277,6
kudamatsu,25,7,B_incremental,1785.0,5,370.63003413722777,6
kudamatsu,25,8,B_incremental,1785.0,5,370.6300341372277,6
kudamatsu,25,9,B_incremental,1785.0,5,370.63003413722777,6
kudamatsu,25,10,B_incremental,1785.0,5,370.6300341372277,6
kudamatsu,25,11,B_incremental,1785.0,5,370.6300341372277,6
kudamatsu,26,0,A_steiner,1012.0,14,1046.3516210557793,9
kudamatsu,26,1,A_steiner,1012.0,14,1046.3516210557793,9
kudamatsu,26,2,A_steiner,1012.0,14,1046.3516210557793,9
kudamatsu,26,3,A_steiner,1012.0,14,1046.3516210557793,9
kudamatsu,26,4,A_steiner,1012.0,14,1046.3516210557793,9
kudamatsu,26,5,A_steiner,1012.0,14,1046.3516210557793,9
kudamatsu,26,6,B_incremental,1012.0,15,1091.3774166771234,9
kudamatsu,26,7,B_incremental,1012.0,15,1091.3774166771232,9
kudamatsu,26,8,B_incremental,1012.0,14,1046.3516210557796,9
kudamatsu,26,9,B_incremental,1012.0,15,1091.3774166771232,9
kudamatsu,26,10,B_incremental,1012.0,14,1046.3516210557796,9
kudamatsu,26,11,B_incremental,1012.0,15,1091.3774166771232,9
kudamatsu,27,0,A_steiner,2053.0,15,756.8935836302459,10
kudamatsu,27,1,A_steiner,2053.0,15,756.8935836302459,10
kudamatsu,27,2,A_steiner,2053.0,15,756.8935836302459,10
kudamatsu,27,3,A_steiner,2053.0,15,756.8935836302459,10
kudamatsu,27,4,A_steiner,2053.0,15,756.8935836302459,10
kudamatsu,27,5,A_steiner,2053.0,15,756.8935836302459,10
kudamatsu,27,6,B_incremental,2053.0,15,789.578369233608,10
kudamatsu,27,7,B_incremental,2053.0,15,756.893583630246,10
kudamatsu,27,8,B_incremental,2053.0,15,756.8935836302459,10
kudamatsu,27,9,B_incremental,2053.0,15,756.8935836302459,10
kudamatsu,27,10,B_incremental,2053.0,15,756.893583630246,10
kudamatsu,27,11,B_incremental,2053.0,15,756.893583630246,10
kudamatsu,28,0,A_steiner,1228.0,3,79.36275307403523,4
kudamatsu,28,1,A_steiner,1228.0,3,79.36275307403523,4
kudamatsu,28,2,A_steiner,1228.0,3,79.36275307403523,4
kudamatsu,28,3,A_steiner,1228.0,3,79.36275307403523,4
kudamatsu,28,4,A_steiner,1228.0,3,79.36275307403523,4
kudamatsu,28,5,A_steiner,1228.0,3,79.36275307403523,4
kudamatsu,28,6,B_incremental,1228.0,3,79.36275307403523,4
kudamatsu,28,7,B_incremental,1228.0,3,79.36275307403523,4
kudamatsu,28,8,B_incremental,1228.0,3,79.36275307403523,4
kudamatsu,28,9,B_incremental,1228.0,3,79.36275307403523,4
kudamatsu,28,10,B_incremental,1228.0,3,79.36275307403523,4
kudamatsu,28,11,B_incremental,1228.0,3,79.36275307403523,4
kudamatsu,29,0,A_steiner,1870.0,12,710.8171423818956,8
kudamatsu,29,1,A_steiner,1870.0,11,707.6450916967233,8
kudamatsu,29,2,A_steiner,1870.0,11,707.6450916967233,8
kudamatsu,29,3,A_steiner,1870.0,11,707.6450916967233,8
kudamatsu,29,4,A_steiner,1870.0,11,707.6450916967233,8
kudamatsu,29,5,A_steiner,1870.0,11,707.6450916967233,8
kudamatsu,29,6,B_incremental,1870.0,11,673.1473653761701,8
kudamatsu,29,7,B_incremental,1870.0,11,673.1473653761701,8
kudamatsu,29,8,B_incremental,1870.0,11,673.1473653761701,8
kudamatsu,29,9,B_incremental,1870.0,11,707.6450916967234,8
kudamatsu,29,10,B_incremental,1870.0,11,673.14736537617,8
kudamatsu,29,11,B_incremental,1870.0,11,673.14736537617,8
kudamatsu,30,0,A_steiner,1395.0,5,502.8652376942523,6
kudamatsu,30,1,A_steiner,1395.0,5,502.8652376942523,6
kudamatsu,30,2,A_steiner,1395.0,5,502.8652376942523,6
kudamatsu,30,3,A_steiner,1395.0,5,502.8652376942523,6
kudamatsu,30,4,A_steiner,1395.0,5,502.8652376942523,6
kudamatsu,30,5,A_steiner,1395.0,5,502.8652376942523,6
kudamatsu,30,6,B_incremental,1395.0,5,502.86523769425224,6
kudamatsu,30,7,B_incremental,1395.0,5,502.86523769425224,6
kudamatsu,30,8,B_incremental,1395.0,5,516.1780098963251,6
kudamatsu,30,9,B_incremental,1395.0,5,502.86523769425224,6
kudamatsu,30,10,B_incremental,1395.0,5,516.1780098963251,6
kudamatsu,30,11,B_incremental,1395.0,5,502.8652376942523,6
kudamatsu,31,0,A_steiner,30.0,13,722.7104263361592,11
kudamatsu,31,1,A_steiner,30.0,12,714.6304637347253,11
kudamatsu,31,2,A_steiner,30.0,12,714.6304637347253,11
kudamatsu,31,3,A_steiner,30.0,12,714.6304637347253,11
kudamatsu,31,4,A_steiner,30.0,12,714.6304637347253,11
kudamatsu,31,5,A_steiner,30.0,12,714.6304637347253,11
kudamatsu,31,6,B_incremental,30.0,13,730.2787220607671,11
kudamatsu,31,7,B_incremental,30.0,12,722.1987594593332,11
kudamatsu,31,8,B_incremental,30.0,12,722.1987594593332,11
kudamatsu,31,9,B_incremental,30.0,12,714.6304637347254,11
kudamatsu,31,10,B_incremental,30.0,14,782.0128414681628,11
kudamatsu,31,11,B_incremental,30.0,12,714.6304637347253,11
kudamatsu,32,0,A_steiner,2145.0,16,599.1554795721522,7
kudamatsu,32,1,A_steiner,2145.0,16,599.1554795721522,7
kudamatsu,32,2,A_steiner,2145.0,16,599.1554795721522,7
kudamatsu,32,3,A_steiner,2145.0,16,599.1554795721522,7
kudamatsu,32,4,A_steiner,2145.0,16,599.1554795721522,7
kudamatsu,32,5,A_steiner,2145.0,16,599.1554795721522,7
kudamatsu,32,6,B_incremental,2145.0,15,630.7944381250416,7
kudamatsu,32,7,B_incremental,2145.0,17,651.658720498128,7
kudamatsu,32,8,B_incremental,2145.0,15,630.7944381250416,7
kudamatsu,32,9,B_incremental,2145.0,15,630.7944381250416,7
kudamatsu,32,10,B_incremental,2145.0,17,659.9216671995715,7
kudamatsu,32,11,B_incremental,2145.0,15,630.7944381250416,7
kudamatsu,34,0,A_steiner,1503.0,7,450.4489425650629,7
kudamatsu,34,1,A_steiner,1503.0,7,450.4489425650629,7
kudamatsu,34,2,A_steiner,1503.0,7,450.4489425650629,7
kudamatsu,34,3,A_steiner,1503.0,7,450.4489425650629,7
kudamatsu,34,4,A_steiner,1503.0,7,450.4489425650629,7
kudamatsu,34,5,A_steiner,1503.0,7,450.4489425650629,7
kudamatsu,34,6,B_incremental,1503.0,7,450.4489425650629,7
kudamatsu,34,7,B_incremental,1503.0,7,450.4489425650629,7
kudamatsu,34,8,B_incremental,1503.0,7,450.4489425650629,7
kudamatsu,34,9,B_incremental,1503.0,7,450.4489425650629,7
kudamatsu,34,10,B_incremental,1503.0,7,450.4489425650629,7
kudamatsu,34,11,B_incremental,1503.0,11,496.9142683591469,7
kudamatsu,35,0,A_steiner,1363.0,4,241.44635489163738,5
kudamatsu,35,1,A_steiner,1363.0,4,241.44635489163738,5
kudamatsu,35,2,A_steiner,1363.0,4,241.44635489163738,5
kudamatsu,35,3,A_steiner,1363.0,4,241.44635489163738,5
kudamatsu,35,4,A_steiner,1363.0,4,241.44635489163738,5
kudamatsu,35,5,A_steiner,1363.0,4,241.44635489163738,5
kudamatsu,35,6,B_incremental,1363.0,4,241.44635489163738,5
kudamatsu,35,7,B_incremental,1363.0,4,241.44635489163738,5
kudamatsu,35,8,B_incremental,1363.0,4,241.44635489163738,5
kudamatsu,35,9,B_incremental,1363.0,4,241.44635489163738,5
kudamatsu,35,10,B_incremental,1363.0,4,241.44635489163738,5
kudamatsu,35,11,B_incremental,1363.0,4,241.44635489163738,5
kudamatsu,36,0,A_steiner,1471.0,13,1125.2151338258586,8
kudamatsu,36,1,A_steiner,1471.0,13,1125.2151338258586,8
kudamatsu,36,2,A_steiner,1471.0,13,1125.2151338258586,8
kudamatsu,36,3,A_steiner,1471.0,13,1125.2471573047594,8
kudamatsu,36,4,A_steiner,1471.0,13,1125.2151338258586,8
kudamatsu,36,5,A_steiner,1471.0,13,1125.2151338258586,8
kudamatsu,36,6,B_incremental,1471.0,13,1208.6981660135364,8
kudamatsu,36,7,B_incremental,1471.0,13,1125.2471573047594,8
kudamatsu,36,8,B_incremental,1471.0,13,1208.6981660135364,8
kudamatsu,36,9,B_incremental,1471.0,13,1208.6981660135366,8
kudamatsu,36,10,B_incremental,1471.0,13,1125.2471573047594,8
kudamatsu,36,11,B_incremental,1471.0,14,1187.4531940407498,8
kudamatsu,37,0,A_steiner,1621.0,16,692.510591535978,12
kudamatsu,37,1,A_steiner,1621.0,16,692.510591535978,12
kudamatsu,37,2,A_steiner,1621.0,16,692.510591535978,12
kudamatsu,37,3,A_steiner,1621.0,16,692.510591535978,12
kudamatsu,37,4,A_steiner,1621.0,16,692.510591535978,12
kudamatsu,37,5,A_steiner,1621.0,16,692.510591535978,12
kudamatsu,37,6,B_incremental,1621.0,16,692.510591535978,12
kudamatsu,37,7,B_incremental,1621.0,16,692.510591535978,12
kudamatsu,37,8,B_incremental,1621.0,16,677.1919898690312,12
kudamatsu,37,9,B_incremental,1621.0,16,677.1919898690312,12
kudamatsu,37,10,B_incremental,1621.0,16,692.510591535978,12
kudamatsu,37,11,B_incremental,1621.0,17,693.8793536412732,12
kudamatsu,38,0,A_steiner,1131.0,6,375.00910786120954,7
kudamatsu,38,1,A_steiner,1131.0,6,375.00910786120954,7
kudamatsu,38,2,A_steiner,1131.0,6,375.00910786120954,7
kudamatsu,38,3,A_steiner,1131.0,6,375.00910786120954,7
kudamatsu,38,4,A_steiner,1131.0,6,375.00910786120954,7
kudamatsu,38,5,A_steiner,1131.0,6,375.00910786120954,7
kudamatsu,38,6,B_incremental,1131.0,7,403.38666065173953,7
kudamatsu,38,7,B_incremental,1131.0,7,403.38666065173953,7
kudamatsu,38,8,B_incremental,1131.0,6,375.00910786120954,7
kudamatsu,38,9,B_incremental,1131.0,7,403.38666065173953,7
kudamatsu,38,10,B_incremental,1131.0,7,401.78065841928964,7
kudamatsu,38,11,B_incremental,1131.0,7,403.38666065173953,7
kudamatsu,39,0,A_steiner,27.0,5,239.46695996393055,6
kudamatsu,39,1,A_steiner,27.0,5,239.46695996393055,6
kudamatsu,39,2,A_steiner,27.0,5,245.35098980814348,6
kudamatsu,39,3,A_steiner,27.0,5,239.46695996393055,6
kudamatsu,39,4,A_steiner,27.0,5,239.46695996393055,6
kudamatsu,39,5,A_steiner,27.0,5,239.46695996393055,6
kudamatsu,39,6,B_incremental,27.0,5,239.46695996393055,6
kudamatsu,39,7,B_incremental,27.0,5,259.4562672788425,6
kudamatsu,39,8,B_incremental,27.0,5,259.4562672788425,6
kudamatsu,39,9,B_incremental,27.0,5,245.35098980814348,6
kudamatsu,39,10,B_incremental,27.0,5,239.46695996393055,6
kudamatsu,39,11,B_incremental,27.0,5,239.46695996393055,6
kudamatsu,40,0,A_steiner,1617.0,12,859.8979240130436,11
kudamatsu,40,1,A_steiner,1617.0,12,859.8979240130436,11
kudamatsu,40,2,A_steiner,1617.0,12,859.8979240130436,11
kudamatsu,40,3,A_steiner,1617.0,12,859.8979240130436,11
kudamatsu,40,4,A_steiner,1617.0,12,859.8979240130436,11
kudamatsu,40,5,A_steiner,1617.0,12,859.8979240130436,11
kudamatsu,40,6,B_incremental,1617.0,12,859.8979240130437,11
kudamatsu,40,7,B_incremental,1617.0,15,960.9552933101763,11
kudamatsu,40,8,B_incremental,1617.0,13,926.0606853636523,11
kudamatsu,40,9,B_incremental,1617.0,12,859.8979240130437,11
kudamatsu,40,10,B_incremental,1617.0,12,873.533224616467,11
kudamatsu,40,11,B_incremental,1617.0,12,859.8979240130437,11
kudamatsu,41,0,A_steiner,2117.0,9,620.9543337825285,9
kudamatsu,41,1,A_steiner,2117.0,9,620.9543337825285,9
kudamatsu,41,2,A_steiner,2117.0,9,620.9543337825285,9
kudamatsu,41,3,A_steiner,2117.0,9,620.9543337825285,9
kudamatsu,41,4,A_steiner,2117.0,9,624.4094562923685,9
kudamatsu,41,5,A_steiner,2117.0,9,624.4094562923685,9
kudamatsu,41,6,B_incremental,2117.0,9,642.4229833614048,9
kudamatsu,41,7,B_incremental,2117.0,9,620.9543337825285,9
kudamatsu,41,8,B_incremental,2117.0,8,666.7124583299707,9
kudamatsu,41,9,B_incremental,2117.0,9,589.782064757139,9
kudamatsu,41,10,B_incremental,2117.0,9,589.782064757139,9
kudamatsu,41,11,B_incremental,2117.0,9,653.2571555777117,9
kudamatsu,42,0,A_steiner,1861.0,5,380.110863938742,3
kudamatsu,42,1,A_steiner,1861.0,5,380.110863938742,3
kudamatsu,42,2,A_steiner,1861.0,5,380.110863938742,3
kudamatsu,42,3,A_steiner,1861.0,5,380.110863938742,3
kudamatsu,42,4,A_steiner,1861.0,5,380.110863938742,3
kudamatsu,42,5,A_steiner,1861.0,5,380.110863938742,3
kudamatsu,42,6,B_incremental,1861.0,5,380.110863938742,3
kudamatsu,42,7,B_incremental,1861.0,5,380.110863938742,3
kudamatsu,42,8,B_incremental,1861.0,5,380.110863938742,3
kudamatsu,42,9,B_incremental,1861.0,5,380.110863938742,3
kudamatsu,42,10,B_incremental,1861.0,5,380.110863938742,3
kudamatsu,42,11,B_incremental,1861.0,5,380.110863938742,3
kudamatsu,43,0,A_steiner,1902.0,10,1030.028753632792,6
kudamatsu,43,1,A_steiner,1902.0,10,1030.028753632792,6
kudamatsu,43,2,A_steiner,1902.0,10,1030.028753632792,6
kudamatsu,43,3,A_steiner,1902.0,10,1030.028753632792,6
kudamatsu,43,4,A_steiner,1902.0,10,1030.028753632792,6
kudamatsu,43,5,A_steiner,1902.0,10,1030.028753632792,6
kudamatsu,43,6,B_incremental,1902.0,10,1030.028753632792,6
kudamatsu,43,7,B_incremental,1902.0,10,1030.028753632792,6
kudamatsu,43,8,B_incremental,1902.0,10,1030.028753632792,6
kudamatsu,43,9,B_incremental,1902.0,10,1030.028753632792,6
kudamatsu,43,10,B_incremental,1902.0,10,1030.028753632792,6
kudamatsu,43,11,B_incremental,1902.0,10,1030.028753632792,6
kudamatsu,44,0,A_steiner,2918.0,12,413.1474307113883,9
kudamatsu,44,1,A_steiner,2918.0,12,413.1474307113883,9
kudamatsu,44,2,A_steiner,2918.0,12,413.1474307113883,9
kudamatsu,44,3,A_steiner,2918.0,12,413.1474307113883,9
kudamatsu,44,4,A_steiner,2918.0,12,413.1474307113883,9
kudamatsu,44,5,A_steiner,2918.0,12,413.1474307113883,9
kudamatsu,44,6,B_incremental,2918.0,13,411.7635081270017,9
kudamatsu,44,7,B_incremental,2918.0,13,399.21520346882505,9
kudamatsu,44,8,B_incremental,2918.0,13,399.21520346882505,9
kudamatsu,44,9,B_incremental,2918.0,13,399.21520346882505,9
kudamatsu,44,10,B_incremental,2918.0,12,413.1474307113883,9
kudamatsu,44,11,B_incremental,2918.0,14,447.2896965509181,9
kudamatsu,46,0,A_steiner,2749.0,20,1714.3414604045863,12
kudamatsu,46,1,A_steiner,2749.0,21,1723.22958085113,12
kudamatsu,46,2,A_steiner,2749.0,20,1714.3414604045863,12
kudamatsu,46,3,A_steiner,2749.0,20,1714.3414604045863,12
kudamatsu,46,4,A_steiner,2749.0,20,1714.3414604045863,12
kudamatsu,46,5,A_steiner,2749.0,21,1723.22958085113,12
kudamatsu,46,6,B_incremental,2749.0,20,1714.3414604045865,12
kudamatsu,46,7,B_incremental,2749.0,22,1819.4275269820273,12
kudamatsu,46,8,B_incremental,2749.0,22,1819.4275269820275,12
kudamatsu,46,9,B_incremental,2749.0,22,1819.4275269820273,12
kudamatsu,46,10,B_incremental,2749.0,22,1819.427526982027,12
kudamatsu,46,11,B_incremental,2749.0,22,1819.427526982027,12
kudamatsu,47,0,A_steiner,1183.0,5,348.10772310667267,6
kudamatsu,47,1,A_steiner,1183.0,5,348.10772310667267,6
kudamatsu,47,2,A_steiner,1183.0,5,348.10772310667267,6
kudamatsu,47,3,A_steiner,1183.0,5,348.10772310667267,6
kudamatsu,47,4,A_steiner,1183.0,5,348.10772310667267,6
kudamatsu,47,5,A_steiner,1183.0,5,348.10772310667267,6
kudamatsu,47,6,B_incremental,1183.0,5,348.10772310667267,6
kudamatsu,47,7,B_incremental,1183.0,5,348.1077231066726,6
kudamatsu,47,8,B_incremental,1183.0,5,348.10772310667267,6
kudamatsu,47,9,B_incremental,1183.0,5,348.10772310667267,6
kudamatsu,47,10,B_incremental,1183.0,5,348.10772310667267,6
kudamatsu,47,11,B_incremental,1183.0,5,348.10772310667267,6
kudamatsu,48,0,A_steiner,920.0,8,517.7244878236952,9
kudamatsu,48,1,A_steiner,920.0,8,517.7244878236952,9
kudamatsu,48,2,A_steiner,920.0,8,517.7244878236952,9
kudamatsu,48,3,A_steiner,920.0,8,517.7244878236952,9
kudamatsu,48,4,A_steiner,920.0,8,517.7244878236952,9
kudamatsu,48,5,A_steiner,920.0,8,517.7244878236952,9
kudamatsu,48,6,B_incremental,920.0,8,517.7244878236952,9
kudamatsu,48,7,B_incremental,920.0,8,517.7244878236952,9
kudamatsu,48,8,B_incremental,920.0,8,538.6860991210684,9
kudamatsu,48,9,B_incremental,920.0,8,517.7244878236952,9
kudamatsu,48,10,B_incremental,920.0,8,517.7244878236952,9
kudamatsu,48,11,B_incremental,920.0,8,517.7244878236952,9
yasu,0,0,A_steiner,395.0,3,254.53299104667383,4
yasu,0,1,A_steiner,395.0,3,254.53299104667383,4
yasu,0,2,A_steiner,395.0,3,254.53299104667383,4
yasu,0,3,A_steiner,395.0,3,254.53299104667383,4
yasu,0,4,A_steiner,395.0,3,254.53299104667383,4
yasu,0,5,A_steiner,395.0,3,254.53299104667383,4
yasu,0,6,B_incremental,395.0,3,254.53299104667386,4
yasu,0,7,B_incremental,395.0,3,254.53299104667383,4
yasu,0,8,B_incremental,395.0,3,254.53299104667383,4
yasu,0,9,B_incremental,395.0,3,254.53299104667383,4
yasu,0,10,B_incremental,395.0,3,254.53299104667386,4
yasu,0,11,B_incremental,395.0,3,254.53299104667383,4
yasu,1,0,A_steiner,1316.0,2,125.75503887248101,3
yasu,1,1,A_steiner,1316.0,2,125.75503887248101,3
yasu,1,2,A_steiner,1316.0,2,125.75503887248101,3
yasu,1,3,A_steiner,1316.0,2,125.75503887248101,3
yasu,1,4,A_steiner,1316.0,2,125.75503887248101,3
yasu,1,5,A_steiner,1316.0,2,125.75503887248101,3
yasu,1,6,B_incremental,1316.0,2,125.75503887248101,3
yasu,1,7,B_incremental,1316.0,2,125.75503887248101,3
yasu,1,8,B_incremental,1316.0,2,125.75503887248101,3
yasu,1,9,B_incremental,1316.0,2,125.75503887248101,3
yasu,1,10,B_incremental,1316.0,2,125.75503887248101,3
yasu,1,11,B_incremental,1316.0,2,125.75503887248101,3
yasu,2,0,A_steiner,534.0,7,188.30087840519016,8
yasu,2,1,A_steiner,534.0,7,188.30087840519016,8
yasu,2,2,A_steiner,534.0,7,188.30087840519016,8
yasu,2,3,A_steiner,534.0,7,188.30087840519016,8
yasu,2,4,A_steiner,534.0,7,188.30087840519016,8
yasu,2,5,A_steiner,534.0,7,188.30087840519016,8
yasu,2,6,B_incremental,534.0,7,188.30087840519016,8
yasu,2,7,B_incremental,534.0,7,188.30087840519016,8
yasu,2,8,B_incremental,534.0,7,190.38730977870077,8
yasu,2,9,B_incremental,534.0,7,190.6822673650359,8
yasu,2,10,B_incremental,534.0,7,190.38730977870077,8
yasu,2,11,B_incremental,534.0,7,190.38730977870077,8
yasu,3,0,A_steiner,365.0,5,257.1834490224645,4
yasu,3,1,A_steiner,365.0,5,257.1834490224645,4
yasu,3,2,A_steiner,365.0,5,257.1834490224645,4
yasu,3,3,A_steiner,365.0,5,257.1834490224645,4
yasu,3,4,A_steiner,365.0,5,257.1834490224645,4
yasu,3,5,A_steiner,365.0,5,257.1834490224645,4
yasu,3,6,B_incremental,365.0,6,311.25388645953586,4
yasu,3,7,B_incremental,365.0,5,257.1834490224645,4
yasu,3,8,B_incremental,365.0,6,311.25388645953586,4
yasu,3,9,B_incremental,365.0,5,257.1834490224645,4
yasu,3,10,B_incremental,365.0,5,257.1834490224645,4
yasu,3,11,B_incremental,365.0,6,311.25388645953586,4
yasu,4,0,A_steiner,1829.0,5,296.166192652587,6
yasu,4,1,A_steiner,1829.0,5,295.704121999669,6
yasu,4,2,A_steiner,1829.0,5,295.9015443657055,6
yasu,4,3,A_steiner,1829.0,5,295.704121999669,6
yasu,4,4,A_steiner,1829.0,5,296.166192652587,6
yasu,4,5,A_steiner,1829.0,5,296.166192652587,6
yasu,4,6,B_incremental,1829.0,5,295.9015443657055,6
yasu,4,7,B_incremental,1829.0,5,295.9015443657055,6
yasu,4,8,B_incremental,1829.0,5,296.166192652587,6
yasu,4,9,B_incremental,1829.0,5,295.9015443657055,6
yasu,4,10,B_incremental,1829.0,5,295.9015443657055,6
yasu,4,11,B_incremental,1829.0,5,295.9015443657055,6
yasu,5,0,A_steiner,1905.0,1,147.81753653041164,2
yasu,5,1,A_steiner,1905.0,1,147.81753653041164,2
yasu,5,2,A_steiner,1905.0,1,147.81753653041164,2
yasu,5,3,A_steiner,1905.0,1,147.81753653041164,2
yasu,5,4,A_steiner,1905.0,1,147.81753653041164,2
yasu,5,5,A_steiner,1905.0,1,147.81753653041164,2
yasu,5,6,B_incremental,1905.0,1,147.81753653041164,2
yasu,5,7,B_incremental,1905.0,1,147.81753653041164,2
yasu,5,8,B_incremental,1905.0,1,147.81753653041164,2
yasu,5,9,B_incremental,1905.0,1,147.81753653041164,2
yasu,5,10,B_incremental,1905.0,1,147.81753653041164,2
yasu,5,11,B_incremental,1905.0,1,147.81753653041164,2
yasu,6,0,A_steiner,310.0,11,658.6080841345973,3
yasu,6,1,A_steiner,310.0,11,658.6080841345973,3
yasu,6,2,A_steiner,310.0,11,658.6080841345973,3
yasu,6,3,A_steiner,310.0,11,658.6080841345973,3
yasu,6,4,A_steiner,310.0,11,658.6080841345973,3
yasu,6,5,A_steiner,310.0,11,658.6080841345973,3
yasu,6,6,B_incremental,310.0,11,593.4513070716569,3
yasu,6,7,B_incremental,310.0,11,593.4513070716569,3
yasu,6,8,B_incremental,310.0,11,593.4513070716569,3
yasu,6,9,B_incremental,310.0,11,577.3172998316184,3
yasu,6,10,B_incremental,310.0,11,593.4513070716569,3
yasu,6,11,B_incremental,310.0,11,577.3172998316184,3
yasu,7,0,A_steiner,446.0,8,791.3702648186562,5
yasu,7,1,A_steiner,446.0,8,791.3702648186562,5
yasu,7,2,A_steiner,446.0,8,791.3702648186562,5
yasu,7,3,A_steiner,446.0,8,791.3702648186562,5
yasu,7,4,A_steiner,446.0,8,791.3702648186562,5
yasu,7,5,A_steiner,446.0,8,791.3702648186562,5
yasu,7,6,B_incremental,446.0,8,791.3702648186562,5
yasu,7,7,B_incremental,446.0,8,791.3702648186561,5
yasu,7,8,B_incremental,446.0,8,791.3702648186562,5
yasu,7,9,B_incremental,446.0,8,791.3702648186561,5
yasu,7,10,B_incremental,446.0,8,845.8164939671494,5
yasu,7,11,B_incremental,446.0,8,791.3702648186561,5
yasu,8,0,A_steiner,1290.0,8,441.13297469362,6
yasu,8,1,A_steiner,1290.0,8,441.13297469362,6
yasu,8,2,A_steiner,1290.0,8,441.13297469362,6
yasu,8,3,A_steiner,1290.0,8,441.13297469362,6
yasu,8,4,A_steiner,1290.0,8,441.13297469362,6
yasu,8,5,A_steiner,1290.0,8,441.13297469362,6
yasu,8,6,B_incremental,1290.0,8,441.13297469362,6
yasu,8,7,B_incremental,1290.0,8,441.13297469362,6
yasu,8,8,B_incremental,1290.0,8,441.13297469362,6
yasu,8,9,B_incremental,1290.0,8,441.13297469362,6
yasu,8,10,B_incremental,1290.0,8,441.13297469362,6
yasu,8,11,B_incremental,1290.0,8,441.13297469362,6
yasu,9,0,A_steiner,1456.0,7,298.62161975116703,7
yasu,9,1,A_steiner,1456.0,7,298.62161975116703,7
yasu,9,2,A_steiner,1456.0,7,298.62161975116703,7
yasu,9,3,A_steiner,1456.0,7,298.62161975116703,7
yasu,9,4,A_steiner,1456.0,7,298.62161975116703,7
yasu,9,5,A_steiner,1456.0,7,298.62161975116703,7
yasu,9,6,B_incremental,1456.0,7,298.62161975116703,7
yasu,9,7,B_incremental,1456.0,7,298.62161975116703,7
yasu,9,8,B_incremental,1456.0,7,298.62161975116703,7
yasu,9,9,B_incremental,1456.0,7,310.45081742215257,7
yasu,9,10,B_incremental,1456.0,8,412.34167908969476,7
yasu,9,11,B_incremental,1456.0,7,298.62161975116703,7
yasu,10,0,A_steiner,1839.0,1,67.2969166762266,2
yasu,10,1,A_steiner,1839.0,1,67.2969166762266,2
yasu,10,2,A_steiner,1839.0,1,67.2969166762266,2
yasu,10,3,A_steiner,1839.0,1,67.2969166762266,2
yasu,10,4,A_steiner,1839.0,1,67.2969166762266,2
yasu,10,5,A_steiner,1839.0,1,67.2969166762266,2
yasu,10,6,B_incremental,1839.0,1,67.2969166762266,2
yasu,10,7,B_incremental,1839.0,1,67.2969166762266,2
yasu,10,8,B_incremental,1839.0,1,67.2969166762266,2
yasu,10,9,B_incremental,1839.0,1,67.2969166762266,2
yasu,10,10,B_incremental,1839.0,1,67.2969166762266,2
yasu,10,11,B_incremental,1839.0,1,67.2969166762266,2
yasu,11,0,A_steiner,313.0,3,171.2858106510057,4
yasu,11,1,A_steiner,313.0,3,171.2858106510057,4
yasu,11,2,A_steiner,313.0,3,171.2858106510057,4
yasu,11,3,A_steiner,313.0,3,171.2858106510057,4
yasu,11,4,A_steiner,313.0,3,171.2858106510057,4
yasu,11,5,A_steiner,313.0,3,171.2858106510057,4
yasu,11,6,B_incremental,313.0,3,171.28581065100573,4
yasu,11,7,B_incremental,313.0,3,171.2858106510057,4
yasu,11,8,B_incremental,313.0,3,171.28581065100573,4
yasu,11,9,B_incremental,313.0,3,171.28581065100573,4
yasu,11,10,B_incremental,313.0,3,171.28581065100573,4
yasu,11,11,B_incremental,313.0,3,171.28581065100573,4
yasu,12,0,A_steiner,343.0,8,410.4141923068553,7
yasu,12,1,A_steiner,343.0,8,410.4141923068553,7
yasu,12,2,A_steiner,343.0,8,410.4141923068553,7
yasu,12,3,A_steiner,343.0,8,410.4141923068553,7
yasu,12,4,A_steiner,343.0,8,410.4141923068553,7
yasu,12,5,A_steiner,343.0,8,410.4141923068553,7
yasu,12,6,B_incremental,343.0,8,410.4141923068553,7
yasu,12,7,B_incremental,343.0,7,383.2581950760415,7
yasu,12,8,B_incremental,343.0,7,383.2581950760416,7
yasu,12,9,B_incremental,343.0,8,410.4141923068553,7
yasu,12,10,B_incremental,343.0,8,410.4141923068552,7
yasu,12,11,B_incremental,343.0,8,410.4141923068553,7
yasu,13,0,A_steiner,1422.0,6,201.5791802217892,7
yasu,13,1,A_steiner,1422.0,6,201.5791802217892,7
yasu,13,2,A_steiner,1422.0,6,201.5791802217892,7
yasu,13,3,A_steiner,1422.0,6,201.5791802217892,7
yasu,13,4,A_steiner,1422.0,6,201.5791802217892,7
yasu,13,5,A_steiner,1422.0,6,201.5791802217892,7
yasu,13,6,B_incremental,1422.0,6,201.5791802217892,7
yasu,13,7,B_incremental,1422.0,6,201.57918022178916,7
yasu,13,8,B_incremental,1422.0,6,201.57918022178916,7
yasu,13,9,B_incremental,1422.0,6,201.57918022178916,7
yasu,13,10,B_incremental,1422.0,6,201.5791802217892,7
yasu,13,11,B_incremental,1422.0,6,201.5791802217892,7
yasu,14,0,A_steiner,1640.0,10,279.53215095832087,11
yasu,14,1,A_steiner,1640.0,10,279.53215095832087,11
yasu,14,2,A_steiner,1640.0,10,279.53215095832087,11
yasu,14,3,A_steiner,1640.0,10,279.53215095832087,11
yasu,14,4,A_steiner,1640.0,10,279.53215095832087,11
yasu,14,5,A_steiner,1640.0,10,279.53215095832087,11
yasu,14,6,B_incremental,1640.0,10,301.4242988606433,11
yasu,14,7,B_incremental,1640.0,10,301.42429886064326,11
yasu,14,8,B_incremental,1640.0,10,292.92600479885766,11
yasu,14,9,B_incremental,1640.0,10,279.5321509583208,11
yasu,14,10,B_incremental,1640.0,10,279.5321509583208,11
yasu,14,11,B_incremental,1640.0,10,351.3063631632731,11
yasu,15,0,A_steiner,1558.0,26,1390.6318272419353,10
yasu,15,1,A_steiner,1558.0,26,1390.6318272419353,10
yasu,15,2,A_steiner,1558.0,26,1390.6318272419353,10
yasu,15,3,A_steiner,1558.0,26,1401.4648486425656,10
yasu,15,4,A_steiner,1558.0,25,1388.5452886796863,10
yasu,15,5,A_steiner,1558.0,25,1388.5452886796863,10
yasu,15,6,B_incremental,1558.0,24,1371.9505640676282,10
yasu,15,7,B_incremental,1558.0,24,1371.9505640676282,10
yasu,15,8,B_incremental,1558.0,25,1384.8701240305074,10
yasu,15,9,B_incremental,1558.0,26,1405.729456991792,10
yasu,15,10,B_incremental,1558.0,26,1378.0282651825503,10
yasu,15,11,B_incremental,1558.0,26,1378.0282651825505,10
yasu,16,0,A_steiner,2482.0,5,297.58832473831313,6
yasu,16,1,A_steiner,2482.0,5,297.58832473831313,6
yasu,16,2,A_steiner,2482.0,5,297.58832473831313,6
yasu,16,3,A_steiner,2482.0,5,297.58832473831313,6
yasu,16,4,A_steiner,2482.0,5,297.58832473831313,6
yasu,16,5,A_steiner,2482.0,5,297.58832473831313,6
yasu,16,6,B_incremental,2482.0,5,297.58832473831313,6
yasu,16,7,B_incremental,2482.0,5,297.58832473831313,6
yasu,16,8,B_incremental,2482.0,5,297.58832473831313,6
yasu,16,9,B_incremental,2482.0,5,297.58832473831313,6
yasu,16,10,B_incremental,2482.0,5,297.58832473831313,6
yasu,16,11,B_incremental,2482.0,5,297.58832473831313,6
yasu,17,0,A_steiner,1722.0,4,162.2637031080055,5
yasu,17,1,A_steiner,1722.0,4,162.2637031080055,5
yasu,17,2,A_steiner,1722.0,4,162.2637031080055,5
yasu,17,3,A_steiner,1722.0,4,162.2637031080055,5
yasu,17,4,A_steiner,1722.0,4,162.2637031080055,5
yasu,17,5,A_steiner,1722.0,4,162.2637031080055,5
yasu,17,6,B_incremental,1722.0,4,162.2637031080055,5
yasu,17,7,B_incremental,1722.0,4,162.2637031080055,5
yasu,17,8,B_incremental,1722.0,4,162.2637031080055,5
yasu,17,9,B_incremental,1722.0,4,162.2637031080055,5
yasu,17,10,B_incremental,1722.0,4,162.2637031080055,5
yasu,17,11,B_incremental,1722.0,4,162.2637031080055,5
yasu,19,0,A_steiner,353.0,6,496.6335044282232,7
yasu,19,1,A_steiner,353.0,6,496.6335044282232,7
yasu,19,2,A_steiner,353.0,6,496.6335044282232,7
yasu,19,3,A_steiner,353.0,6,496.6335044282232,7
yasu,19,4,A_steiner,353.0,6,496.6335044282232,7
yasu,19,5,A_steiner,353.0,6,496.6335044282232,7
yasu,19,6,B_incremental,353.0,6,496.6335044282232,7
yasu,19,7,B_incremental,353.0,6,496.63350442822315,7
yasu,19,8,B_incremental,353.0,6,496.6335044282232,7
yasu,19,9,B_incremental,353.0,6,496.6335044282232,7
yasu,19,10,B_incremental,353.0,6,496.63350442822315,7
yasu,19,11,B_incremental,353.0,6,496.63350442822315,7
yasu,20,0,A_steiner,1706.0,5,292.571828520394,4
yasu,20,1,A_steiner,1706.0,5,292.571828520394,4
yasu,20,2,A_steiner,1706.0,5,292.571828520394,4
yasu,20,3,A_steiner,1706.0,5,292.571828520394,4
yasu,20,4,A_steiner,1706.0,5,292.571828520394,4
yasu,20,5,A_steiner,1706.0,5,292.571828520394,4
yasu,20,6,B_incremental,1706.0,5,292.571828520394,4
yasu,20,7,B_incremental,1706.0,5,292.571828520394,4
yasu,20,8,B_incremental,1706.0,5,292.571828520394,4
yasu,20,9,B_incremental,1706.0,5,292.571828520394,4
yasu,20,10,B_incremental,1706.0,5,292.571828520394,4
yasu,20,11,B_incremental,1706.0,5,292.571828520394,4
yasu,21,0,A_steiner,1837.0,7,358.61333444013354,8
yasu,21,1,A_steiner,1837.0,7,358.61333444013354,8
yasu,21,2,A_steiner,1837.0,7,352.1260034860854,8
yasu,21,3,A_steiner,1837.0,7,352.1260034860854,8
yasu,21,4,A_steiner,1837.0,7,352.1260034860854,8
yasu,21,5,A_steiner,1837.0,7,352.1260034860854,8
yasu,21,6,B_incremental,1837.0,7,360.0828847688035,8
yasu,21,7,B_incremental,1837.0,7,360.08288476880347,8
yasu,21,8,B_incremental,1837.0,7,360.08288476880347,8
yasu,21,9,B_incremental,1837.0,7,360.08288476880347,8
yasu,21,10,B_incremental,1837.0,9,399.21788147423933,8
yasu,21,11,B_incremental,1837.0,7,360.08288476880347,8
yasu,22,0,A_steiner,293.0,6,635.9504606825942,6
yasu,22,1,A_steiner,293.0,6,635.9504606825942,6
yasu,22,2,A_steiner,293.0,6,635.9504606825942,6
yasu,22,3,A_steiner,293.0,6,635.9504606825942,6
yasu,22,4,A_steiner,293.0,6,635.9504606825942,6
yasu,22,5,A_steiner,293.0,6,635.9504606825942,6
yasu,22,6,B_incremental,293.0,8,650.5165748845639,6
yasu,22,7,B_incremental,293.0,8,670.2562385903746,6
yasu,22,8,B_incremental,293.0,8,670.2562385903746,6
yasu,22,9,B_incremental,293.0,6,635.9504606825942,6
yasu,22,10,B_incremental,293.0,6,668.3950060592455,6
yasu,22,11,B_incremental,293.0,6,655.6901243884049,6
yasu,23,0,A_steiner,1733.0,7,351.33875801471663,8
yasu,23,1,A_steiner,1733.0,7,347.7625095538828,8
yasu,23,2,A_steiner,1733.0,7,351.33875801471663,8
yasu,23,3,A_steiner,1733.0,7,347.7625095538828,8
yasu,23,4,A_steiner,1733.0,7,347.7625095538828,8
yasu,23,5,A_steiner,1733.0,7,347.7625095538828,8
yasu,23,6,B_incremental,1733.0,7,347.76250955388275,8
yasu,23,7,B_incremental,1733.0,7,347.7625095538828,8
yasu,23,8,B_incremental,1733.0,7,347.7625095538828,8
yasu,23,9,B_incremental,1733.0,7,347.7625095538828,8
yasu,23,10,B_incremental,1733.0,7,347.76250955388275,8
yasu,23,11,B_incremental,1733.0,7,347.7625095538828,8
yasu,24,0,A_steiner,1437.0,5,164.36305748685018,6
yasu,24,1,A_steiner,1437.0,5,164.36305748685018,6
yasu,24,2,A_steiner,1437.0,5,164.36305748685018,6
yasu,24,3,A_steiner,1437.0,5,164.36305748685018,6
yasu,24,4,A_steiner,1437.0,5,164.36305748685018,6
yasu,24,5,A_steiner,1437.0,5,164.36305748685018,6
yasu,24,6,B_incremental,1437.0,5,164.36305748685018,6
yasu,24,7,B_incremental,1437.0,5,164.36305748685018,6
yasu,24,8,B_incremental,1437.0,5,164.36305748685018,6
yasu,24,9,B_incremental,1437.0,5,164.36305748685015,6
yasu,24,10,B_incremental,1437.0,5,164.36305748685018,6
yasu,24,11,B_incremental,1437.0,5,164.36305748685015,6
yasu,25,0,A_steiner,1418.0,6,312.6610570400961,6
yasu,25,1,A_steiner,1418.0,6,312.6610570400961,6
yasu,25,2,A_steiner,1418.0,6,312.6610570400961,6
yasu,25,3,A_steiner,1418.0,6,312.6610570400961,6
yasu,25,4,A_steiner,1418.0,6,312.6610570400961,6
yasu,25,5,A_steiner,1418.0,6,312.6610570400961,6
yasu,25,6,B_incremental,1418.0,6,312.66105704009607,6
yasu,25,7,B_incremental,1418.0,6,312.66105704009607,6
yasu,25,8,B_incremental,1418.0,6,312.66105704009607,6
yasu,25,9,B_incremental,1418.0,6,312.6610570400961,6
yasu,25,10,B_incremental,1418.0,6,312.66105704009607,6
yasu,25,11,B_incremental,1418.0,6,312.66105704009607,6
yasu,26,0,A_steiner,1452.0,3,342.998906677496,4
yasu,26,1,A_steiner,1452.0,3,342.998906677496,4
yasu,26,2,A_steiner,1452.0,3,342.998906677496,4
yasu,26,3,A_steiner,1452.0,3,342.998906677496,4
yasu,26,4,A_steiner,1452.0,3,342.998906677496,4
yasu,26,5,A_steiner,1452.0,3,342.998906677496,4
yasu,26,6,B_incremental,1452.0,3,342.998906677496,4
yasu,26,7,B_incremental,1452.0,3,342.998906677496,4
yasu,26,8,B_incremental,1452.0,3,342.998906677496,4
yasu,26,9,B_incremental,1452.0,3,342.998906677496,4
yasu,26,10,B_incremental,1452.0,3,342.998906677496,4
yasu,26,11,B_incremental,1452.0,3,342.998906677496,4
yasu,27,0,A_steiner,1656.0,12,339.8327649578624,11
yasu,27,1,A_steiner,1656.0,12,339.8327649578624,11
yasu,27,2,A_steiner,1656.0,12,339.8327649578624,11
yasu,27,3,A_steiner,1656.0,12,339.83276495786237,11
yasu,27,4,A_steiner,1656.0,12,339.8327649578624,11
yasu,27,5,A_steiner,1656.0,12,339.8327649578624,11
yasu,27,6,B_incremental,1656.0,12,364.0766439387924,11
yasu,27,7,B_incremental,1656.0,11,374.0560690837963,11
yasu,27,8,B_incremental,1656.0,11,373.73589599408723,11
yasu,27,9,B_incremental,1656.0,12,339.8327649578624,11
yasu,27,10,B_incremental,1656.0,12,364.0766439387925,11
yasu,27,11,B_incremental,1656.0,12,371.4669223993182,11
yasu,28,0,A_steiner,457.0,6,247.2387443114921,7
yasu,28,1,A_steiner,457.0,6,247.2387443114921,7
yasu,28,2,A_steiner,457.0,6,247.2387443114921,7
yasu,28,3,A_steiner,457.0,6,247.2387443114921,7
yasu,28,4,A_steiner,457.0,6,247.2387443114921,7
yasu,28,5,A_steiner,457.0,6,247.2387443114921,7
yasu,28,6,B_incremental,457.0,6,247.2387443114921,7
yasu,28,7,B_incremental,457.0,6,255.86367661348095,7
yasu,28,8,B_incremental,457.0,6,247.2387443114921,7
yasu,28,9,B_incremental,457.0,6,255.86367661348095,7
yasu,28,10,B_incremental,457.0,6,255.86367661348095,7
yasu,28,11,B_incremental,457.0,6,255.86367661348095,7
yasu,29,0,A_steiner,1633.0,11,407.82934072202266,12
yasu,29,1,A_steiner,1633.0,11,407.82934072202266,12
yasu,29,2,A_steiner,1633.0,11,407.82934072202266,12
yasu,29,3,A_steiner,1633.0,11,407.82934072202266,12
yasu,29,4,A_steiner,1633.0,11,407.82934072202266,12
yasu,29,5,A_steiner,1633.0,11,407.82934072202266,12
yasu,29,6,B_incremental,1633.0,11,407.8293407220226,12
yasu,29,7,B_incremental,1633.0,11,407.8293407220226,12
yasu,29,8,B_incremental,1633.0,11,409.537835673769,12
yasu,29,9,B_incremental,1633.0,11,407.8293407220226,12
yasu,29,10,B_incremental,1633.0,11,452.2280652617028,12
yasu,29,11,B_incremental,1633.0,11,409.537835673769,12
yasu,30,0,A_steiner,610.0,5,804.3200949181949,5
yasu,30,1,A_steiner,610.0,5,804.3200949181949,5
yasu,30,2,A_steiner,610.0,5,804.3200949181949,5
yasu,30,3,A_steiner,610.0,5,804.3200949181949,5
yasu,30,4,A_steiner,610.0,5,804.3200949181949,5
yasu,30,5,A_steiner,610.0,5,804.3200949181949,5
yasu,30,6,B_incremental,610.0,5,804.3200949181949,5
yasu,30,7,B_incremental,610.0,5,804.3200949181949,5
yasu,30,8,B_incremental,610.0,5,804.3200949181949,5
yasu,30,9,B_incremental,610.0,5,804.320094918195,5
yasu,30,10,B_incremental,610.0,5,804.3200949181949,5
yasu,30,11,B_incremental,610.0,5,804.320094918195,5
yasu,31,0,A_steiner,1726.0,4,266.58143637679876,5
yasu,31,1,A_steiner,1726.0,4,266.58143637679876,5
yasu,31,2,A_steiner,1726.0,4,266.58143637679876,5
yasu,31,3,A_steiner,1726.0,4,266.58143637679876,5
yasu,31,4,A_steiner,1726.0,4,266.58143637679876,5
yasu,31,5,A_steiner,1726.0,4,266.58143637679876,5
yasu,31,6,B_incremental,1726.0,4,266.58143637679876,5
yasu,31,7,B_incremental,1726.0,4,266.58143637679876,5
yasu,31,8,B_incremental,1726.0,4,266.5814363767988,5
yasu,31,9,B_incremental,1726.0,4,266.58143637679876,5
yasu,31,10,B_incremental,1726.0,4,266.5814363767988,5
yasu,31,11,B_incremental,1726.0,4,266.58143637679876,5
yasu,32,0,A_steiner,1830.0,3,168.13595699992163,4
yasu,32,1,A_steiner,1830.0,3,168.13595699992163,4
yasu,32,2,A_steiner,1830.0,3,168.13595699992163,4
yasu,32,3,A_steiner,1830.0,3,168.13595699992163,4
yasu,32,4,A_steiner,1830.0,3,168.13595699992163,4
yasu,32,5,A_steiner,1830.0,3,168.13595699992163,4
yasu,32,6,B_incremental,1830.0,3,168.13595699992163,4
yasu,32,7,B_incremental,1830.0,3,168.13595699992163,4
yasu,32,8,B_incremental,1830.0,3,168.13595699992163,4
yasu,32,9,B_incremental,1830.0,3,168.13595699992163,4
yasu,32,10,B_incremental,1830.0,3,168.13595699992163,4
yasu,32,11,B_incremental,1830.0,3,168.13595699992163,4
yasu,33,0,A_steiner,1433.0,4,101.11810908361191,5
yasu,33,1,A_steiner,1433.0,4,101.11810908361191,5
yasu,33,2,A_steiner,1433.0,4,101.11810908361191,5
yasu,33,3,A_steiner,1433.0,4,101.11810908361191,5
yasu,33,4,A_steiner,1433.0,4,101.11810908361191,5
yasu,33,5,A_steiner,1433.0,4,101.11810908361191,5
yasu,33,6,B_incremental,1433.0,4,101.11810908361191,5
yasu,33,7,B_incremental,1433.0,4,101.11810908361191,5
yasu,33,8,B_incremental,1433.0,4,101.11810908361191,5
yasu,33,9,B_incremental,1433.0,4,101.11810908361191,5
yasu,33,10,B_incremental,1433.0,4,101.11810908361191,5
yasu,33,11,B_incremental,1433.0,4,101.1181090836119,5
yasu,34,0,A_steiner,1922.0,9,520.6503336017065,9
yasu,34,1,A_steiner,1922.0,9,520.6503336017065,9
yasu,34,2,A_steiner,1922.0,9,520.6503336017065,9
yasu,34,3,A_steiner,1922.0,9,520.6503336017065,9
yasu,34,4,A_steiner,1922.0,9,520.6503336017065,9
yasu,34,5,A_steiner,1922.0,9,520.6503336017065,9
yasu,34,6,B_incremental,1922.0,9,520.6503336017065,9
yasu,34,7,B_incremental,1922.0,9,520.6503336017065,9
yasu,34,8,B_incremental,1922.0,9,520.6503336017065,9
yasu,34,9,B_incremental,1922.0,9,520.6503336017065,9
yasu,34,10,B_incremental,1922.0,9,520.6503336017065,9
yasu,34,11,B_incremental,1922.0,9,520.6503336017065,9
yasu,35,0,A_steiner,259.0,3,253.8669247478329,4
yasu,35,1,A_steiner,259.0,3,253.8669247478329,4
yasu,35,2,A_steiner,259.0,3,253.8669247478329,4
yasu,35,3,A_steiner,259.0,3,253.8669247478329,4
yasu,35,4,A_steiner,259.0,3,253.8669247478329,4
yasu,35,5,A_steiner,259.0,3,253.8669247478329,4
yasu,35,6,B_incremental,259.0,3,253.8669247478329,4
yasu,35,7,B_incremental,259.0,3,253.86692474783294,4
yasu,35,8,B_incremental,259.0,3,253.8669247478329,4
yasu,35,9,B_incremental,259.0,3,253.86692474783294,4
yasu,35,10,B_incremental,259.0,3,253.86692474783294,4
yasu,35,11,B_incremental,259.0,3,253.86692474783294,4
yasu,36,0,A_steiner,1600.0,8,245.88339329444298,9
yasu,36,1,A_steiner,1600.0,8,245.88339329444298,9
yasu,36,2,A_steiner,1600.0,8,245.88339329444298,9
yasu,36,3,A_steiner,1600.0,8,245.88339329444298,9
yasu,36,4,A_steiner,1600.0,8,245.88339329444298,9
yasu,36,5,A_steiner,1600.0,8,245.88339329444298,9
yasu,36,6,B_incremental,1600.0,8,245.88339329444298,9
yasu,36,7,B_incremental,1600.0,8,245.88339329444298,9
yasu,36,8,B_incremental,1600.0,8,245.88339329444298,9
yasu,36,9,B_incremental,1600.0,8,245.88339329444298,9
yasu,36,10,B_incremental,1600.0,8,245.88339329444298,9
yasu,36,11,B_incremental,1600.0,8,245.88339329444298,9
yasu,37,0,A_steiner,352.0,2,187.44792790112012,3
yasu,37,1,A_steiner,352.0,2,187.44792790112012,3
yasu,37,2,A_steiner,352.0,2,187.44792790112012,3
yasu,37,3,A_steiner,352.0,2,187.44792790112012,3
yasu,37,4,A_steiner,352.0,2,187.44792790112012,3
yasu,37,5,A_steiner,352.0,2,187.44792790112012,3
yasu,37,6,B_incremental,352.0,2,187.44792790112012,3
yasu,37,7,B_incremental,352.0,2,187.44792790112012,3
yasu,37,8,B_incremental,352.0,2,187.44792790112012,3
yasu,37,9,B_incremental,352.0,2,187.44792790112012,3
yasu,37,10,B_incremental,352.0,2,187.44792790112012,3
yasu,37,11,B_incremental,352.0,2,187.44792790112012,3
yasu,38,0,A_steiner,1709.0,8,669.9488435011873,4
yasu,38,1,A_steiner,1709.0,8,669.9488435011873,4
yasu,38,2,A_steiner,1709.0,8,669.9488435011873,4
yasu,38,3,A_steiner,1709.0,8,669.9488435011873,4
yasu,38,4,A_steiner,1709.0,8,669.9488435011873,4
yasu,38,5,A_steiner,1709.0,8,669.9488435011873,4
yasu,38,6,B_incremental,1709.0,8,669.9488435011872,4
yasu,38,7,B_incremental,1709.0,8,669.9488435011872,4
yasu,38,8,B_incremental,1709.0,8,669.9488435011872,4
yasu,38,9,B_incremental,1709.0,7,573.6684855397032,4
yasu,38,10,B_incremental,1709.0,7,573.6684855397032,4
yasu,38,11,B_incremental,1709.0,8,669.9488435011872,4
yasu,39,0,A_steiner,1753.0,1,100.87300748389193,2
yasu,39,1,A_steiner,1753.0,1,100.87300748389193,2
yasu,39,2,A_steiner,1753.0,1,100.87300748389193,2
yasu,39,3,A_steiner,1753.0,1,100.87300748389193,2
yasu,39,4,A_steiner,1753.0,1,100.87300748389193,2
yasu,39,5,A_steiner,1753.0,1,100.87300748389193,2
yasu,39,6,B_incremental,1753.0,1,100.87300748389193,2
yasu,39,7,B_incremental,1753.0,1,100.87300748389193,2
yasu,39,8,B_incremental,1753.0,1,100.87300748389193,2
yasu,39,9,B_incremental,1753.0,1,100.87300748389193,2
yasu,39,10,B_incremental,1753.0,1,100.87300748389193,2
yasu,39,11,B_incremental,1753.0,1,100.87300748389193,2
yasu,40,0,A_steiner,2526.0,4,326.38467852760095,4
yasu,40,1,A_steiner,2526.0,4,326.38467852760095,4
yasu,40,2,A_steiner,2526.0,4,326.38467852760095,4
yasu,40,3,A_steiner,2526.0,4,326.38467852760095,4
yasu,40,4,A_steiner,2526.0,4,326.38467852760095,4
yasu,40,5,A_steiner,2526.0,4,326.38467852760095,4
yasu,40,6,B_incremental,2526.0,4,326.384678527601,4
yasu,40,7,B_incremental,2526.0,4,326.384678527601,4
yasu,40,8,B_incremental,2526.0,4,326.384678527601,4
yasu,40,9,B_incremental,2526.0,4,326.384678527601,4
yasu,40,10,B_incremental,2526.0,4,326.384678527601,4
yasu,40,11,B_incremental,2526.0,4,326.384678527601,4
yasu,41,0,A_steiner,523.0,5,252.32856900034648,6
yasu,41,1,A_steiner,523.0,5,252.32856900034648,6
yasu,41,2,A_steiner,523.0,5,252.32856900034648,6
yasu,41,3,A_steiner,523.0,5,252.32856900034648,6
yasu,41,4,A_steiner,523.0,5,252.32856900034648,6
yasu,41,5,A_steiner,523.0,5,252.32856900034648,6
yasu,41,6,B_incremental,523.0,5,252.32856900034648,6
yasu,41,7,B_incremental,523.0,5,252.32856900034648,6
yasu,41,8,B_incremental,523.0,5,252.32856900034648,6
yasu,41,9,B_incremental,523.0,5,252.32856900034648,6
yasu,41,10,B_incremental,523.0,5,252.32856900034648,6
yasu,41,11,B_incremental,523.0,5,252.32856900034648,6
yasu,42,0,A_steiner,2119.0,2,37.05359173384322,3
yasu,42,1,A_steiner,2119.0,2,37.05359173384322,3
yasu,42,2,A_steiner,2119.0,2,37.05359173384322,3
yasu,42,3,A_steiner,2119.0,2,37.05359173384322,3
yasu,42,4,A_steiner,2119.0,2,37.05359173384322,3
yasu,42,5,A_steiner,2119.0,2,37.05359173384322,3
yasu,42,6,B_incremental,2119.0,2,37.05359173384322,3
yasu,42,7,B_incremental,2119.0,2,37.05359173384322,3
yasu,42,8,B_incremental,2119.0,2,37.05359173384322,3
yasu,42,9,B_incremental,2119.0,2,37.05359173384322,3
yasu,42,10,B_incremental,2119.0,2,37.05359173384322,3
yasu,42,11,B_incremental,2119.0,2,37.05359173384322,3
yasu,43,0,A_steiner,480.0,1,312.35642614304965,2
yasu,43,1,A_steiner,480.0,1,312.35642614304965,2
yasu,43,2,A_steiner,480.0,1,312.35642614304965,2
yasu,43,3,A_steiner,480.0,1,312.35642614304965,2
yasu,43,4,A_steiner,480.0,1,312.35642614304965,2
yasu,43,5,A_steiner,480.0,1,312.35642614304965,2
yasu,43,6,B_incremental,480.0,1,312.35642614304965,2
yasu,43,7,B_incremental,480.0,1,312.35642614304965,2
yasu,43,8,B_incremental,480.0,1,312.35642614304965,2
yasu,43,9,B_incremental,480.0,1,312.35642614304965,2
yasu,43,10,B_incremental,480.0,1,312.35642614304965,2
yasu,43,11,B_incremental,480.0,1,312.35642614304965,2
yasu,44,0,A_steiner,1698.0,9,285.51126053515634,7
yasu,44,1,A_steiner,1698.0,9,285.51126053515634,7
yasu,44,2,A_steiner,1698.0,9,285.51126053515634,7
yasu,44,3,A_steiner,1698.0,9,285.51126053515634,7
yasu,44,4,A_steiner,1698.0,9,285.51126053515634,7
yasu,44,5,A_steiner,1698.0,9,285.51126053515634,7
yasu,44,6,B_incremental,1698.0,9,285.51126053515634,7
yasu,44,7,B_incremental,1698.0,9,285.51126053515634,7
yasu,44,8,B_incremental,1698.0,9,285.51126053515634,7
yasu,44,9,B_incremental,1698.0,9,316.73129918821724,7
yasu,44,10,B_incremental,1698.0,9,285.51126053515634,7
yasu,44,11,B_incremental,1698.0,9,316.73129918821724,7
yasu,45,0,A_steiner,219.0,5,285.6386239041303,6
yasu,45,1,A_steiner,219.0,5,285.6386239041303,6
yasu,45,2,A_steiner,219.0,5,285.6386239041303,6
yasu,45,3,A_steiner,219.0,5,285.6386239041303,6
yasu,45,4,A_steiner,219.0,5,285.6386239041303,6
yasu,45,5,A_steiner,219.0,5,285.6386239041303,6
yasu,45,6,B_incremental,219.0,5,285.63862390413027,6
yasu,45,7,B_incremental,219.0,5,285.63862390413027,6
yasu,45,8,B_incremental,219.0,5,285.6386239041303,6
yasu,45,9,B_incremental,219.0,5,285.6386239041303,6
yasu,45,10,B_incremental,219.0,5,285.63862390413027,6
yasu,45,11,B_incremental,219.0,5,285.6386239041303,6
yasu,46,0,A_steiner,1728.0,9,357.42413828135227,10
yasu,46,1,A_steiner,1728.0,9,357.45904231337374,10
yasu,46,2,A_steiner,1728.0,9,357.45904231337374,10
yasu,46,3,A_steiner,1728.0,9,357.42413828135227,10
yasu,46,4,A_steiner,1728.0,9,357.45904231337374,10
yasu,46,5,A_steiner,1728.0,9,358.3981004456057,10
yasu,46,6,B_incremental,1728.0,9,357.4241382813522,10
yasu,46,7,B_incremental,1728.0,9,358.3981004456056,10
yasu,46,8,B_incremental,1728.0,9,359.36752861633033,10
yasu,46,9,B_incremental,1728.0,9,359.36752861633033,10
yasu,46,10,B_incremental,1728.0,9,357.4241382813522,10
yasu,46,11,B_incremental,1728.0,9,357.4241382813522,10
yasu,47,0,A_steiner,1607.0,11,289.0843431853243,12
yasu,47,1,A_steiner,1607.0,11,289.0843431853243,12
yasu,47,2,A_steiner,1607.0,11,289.0843431853243,12
yasu,47,3,A_steiner,1607.0,11,289.0843431853243,12
yasu,47,4,A_steiner,1607.0,11,289.0843431853243,12
yasu,47,5,A_steiner,1607.0,11,289.0843431853243,12
yasu,47,6,B_incremental,1607.0,11,316.0710530898575,12
yasu,47,7,B_incremental,1607.0,11,332.4902453902312,12
yasu,47,8,B_incremental,1607.0,11,347.5315677831308,12
yasu,47,9,B_incremental,1607.0,11,332.4902453902312,12
yasu,47,10,B_incremental,1607.0,11,302.7940852172765,12
yasu,47,11,B_incremental,1607.0,11,332.4902453902312,12
yasu,48,0,A_steiner,515.0,3,87.79948070012455,4
yasu,48,1,A_steiner,515.0,3,87.79948070012455,4
yasu,48,2,A_steiner,515.0,3,87.79948070012455,4
yasu,48,3,A_steiner,515.0,3,87.79948070012455,4
yasu,48,4,A_steiner,515.0,3,87.79948070012455,4
yasu,48,5,A_steiner,515.0,3,87.79948070012455,4
yasu,48,6,B_incremental,515.0,3,87.79948070012455,4
yasu,48,7,B_incremental,515.0,3,87.79948070012455,4
yasu,48,8,B_incremental,515.0,3,87.79948070012455,4
yasu,48,9,B_incremental,515.0,3,87.79948070012455,4
yasu,48,10,B_incremental,515.0,3,87.79948070012455,4
yasu,48,11,B_incremental,515.0,3,87.79948070012455,4
yasu,49,0,A_steiner,495.0,6,221.07013560139535,7
yasu,49,1,A_steiner,495.0,6,221.07013560139535,7
yasu,49,2,A_steiner,495.0,6,221.07013560139535,7
yasu,49,3,A_steiner,495.0,6,221.07013560139535,7
yasu,49,4,A_steiner,495.0,6,221.07013560139535,7
yasu,49,5,A_steiner,495.0,6,221.07013560139535,7
yasu,49,6,B_incremental,495.0,6,221.07013560139535,7
yasu,49,7,B_incremental,495.0,6,221.07013560139535,7
yasu,49,8,B_incremental,495.0,6,221.07013560139535,7
yasu,49,9,B_incremental,495.0,6,221.07013560139535,7
yasu,49,10,B_incremental,495.0,6,221.07013560139535,7
yasu,49,11,B_incremental,495.0,6,221.07013560139538,7
yasu,50,0,A_steiner,1649.0,6,238.15870773693314,7
yasu,50,1,A_steiner,1649.0,6,238.15870773693314,7
yasu,50,2,A_steiner,1649.0,6,238.15870773693314,7
yasu,50,3,A_steiner,1649.0,6,238.15870773693314,7
yasu,50,4,A_steiner,1649.0,6,238.15870773693314,7
yasu,50,5,A_steiner,1649.0,6,238.15870773693314,7
yasu,50,6,B_incremental,1649.0,6,238.15870773693314,7
yasu,50,7,B_incremental,1649.0,6,238.15870773693314,7
yasu,50,8,B_incremental,1649.0,6,238.15870773693317,7
yasu,50,9,B_incremental,1649.0,6,238.15870773693317,7
yasu,50,10,B_incremental,1649.0,6,238.15870773693317,7
yasu,50,11,B_incremental,1649.0,6,238.15870773693314,7
yasu,51,0,A_steiner,1845.0,8,265.59304535937457,9
yasu,51,1,A_steiner,1845.0,8,265.59304535937457,9
yasu,51,2,A_steiner,1845.0,8,265.59304535937457,9
yasu,51,3,A_steiner,1845.0,8,265.59304535937457,9
yasu,51,4,A_steiner,1845.0,8,265.59304535937457,9
yasu,51,5,A_steiner,1845.0,8,265.59304535937457,9
yasu,51,6,B_incremental,1845.0,8,265.59304535937457,9
yasu,51,7,B_incremental,1845.0,8,265.59304535937457,9
yasu,51,8,B_incremental,1845.0,8,265.5930453593745,9
yasu,51,9,B_incremental,1845.0,8,265.5930453593745,9
yasu,51,10,B_incremental,1845.0,8,265.59304535937457,9
yasu,51,11,B_incremental,1845.0,8,265.5930453593745,9
yasu,52,0,A_steiner,1440.0,10,565.1629863519605,6
yasu,52,1,A_steiner,1440.0,10,565.1629863519605,6
yasu,52,2,A_steiner,1440.0,10,565.1629863519605,6
yasu,52,3,A_steiner,1440.0,10,565.1629863519605,6
yasu,52,4,A_steiner,1440.0,10,565.1629863519605,6
yasu,52,5,A_steiner,1440.0,10,565.1629863519605,6
yasu,52,6,B_incremental,1440.0,10,565.1629863519604,6
yasu,52,7,B_incremental,1440.0,10,565.1629863519604,6
yasu,52,8,B_incremental,1440.0,10,565.1629863519604,6
yasu,52,9,B_incremental,1440.0,10,565.1629863519605,6
yasu,52,10,B_incremental,1440.0,10,565.1629863519604,6
yasu,52,11,B_incremental,1440.0,10,565.1629863519604,6
yasu,53,0,A_steiner,1951.0,6,313.20659078971664,7
yasu,53,1,A_steiner,1951.0,6,313.20659078971664,7
yasu,53,2,A_steiner,1951.0,6,313.20659078971664,7
yasu,53,3,A_steiner,1951.0,6,313.20659078971664,7
yasu,53,4,A_steiner,1951.0,6,313.20659078971664,7
yasu,53,5,A_steiner,1951.0,6,313.20659078971664,7
yasu,53,6,B_incremental,1951.0,6,313.20659078971664,7
yasu,53,7,B_incremental,1951.0,6,313.20659078971664,7
yasu,53,8,B_incremental,1951.0,6,313.20659078971664,7
yasu,53,9,B_incremental,1951.0,6,313.20659078971664,7
yasu,53,10,B_incremental,1951.0,6,313.20659078971664,7
yasu,53,11,B_incremental,1951.0,6,313.20659078971664,7
yasu,54,0,A_steiner,550.0,6,234.22654170198354,7
yasu,54,1,A_steiner,550.0,6,234.22654170198354,7
yasu,54,2,A_steiner,550.0,6,234.22654170198354,7
yasu,54,3,A_steiner,550.0,6,234.22654170198354,7
yasu,54,4,A_steiner,550.0,6,234.22654170198354,7
yasu,54,5,A_steiner,550.0,6,234.22654170198354,7
yasu,54,6,B_incremental,550.0,6,234.22654170198354,7
yasu,54,7,B_incremental,550.0,6,234.22654170198354,7
yasu,54,8,B_incremental,550.0,6,234.22654170198356,7
yasu,54,9,B_incremental,550.0,6,234.22654170198354,7
yasu,54,10,B_incremental,550.0,6,234.22654170198356,7
yasu,54,11,B_incremental,550.0,6,234.22654170198354,7
yasu,56,0,A_steiner,2079.0,5,212.7673073067861,3
yasu,56,1,A_steiner,2079.0,5,212.7673073067861,3
yasu,56,2,A_steiner,2079.0,5,212.7673073067861,3
yasu,56,3,A_steiner,2079.0,5,212.7673073067861,3
yasu,56,4,A_steiner,2079.0,5,212.7673073067861,3
yasu,56,5,A_steiner,2079.0,5,212.7673073067861,3
yasu,56,6,B_incremental,2079.0,5,212.7673073067861,3
yasu,56,7,B_incremental,2079.0,5,212.7673073067861,3
yasu,56,8,B_incremental,2079.0,5,212.7673073067861,3
yasu,56,9,B_incremental,2079.0,5,212.7673073067861,3
yasu,56,10,B_incremental,2079.0,5,212.7673073067861,3
yasu,56,11,B_incremental,2079.0,5,212.7673073067861,3
