city,cluster,rep,family,src,edges,length_m,terminals,raw_kw
sano,1,0,A_steiner,1905.0,6,296.4293959577634,6,208.23572332725354
sano,1,1,A_steiner,1905.0,6,296.4293959577634,6,208.23572332725354
sano,1,2,A_steiner,1905.0,6,296.4293959577634,6,208.23572332725354
sano,1,3,A_steiner,1905.0,6,296.4293959577634,6,208.23572332725354
sano,1,4,A_steiner,1905.0,6,296.4293959577634,6,208.23572332725354
sano,1,5,A_steiner,1905.0,6,296.4293959577634,6,208.23572332725354
sano,1,6,B_incremental,1905.0,6,296.4293959577634,6,208.23572332725354
sano,1,7,B_incremental,1905.0,6,296.42939595776346,6,208.23572332725354
sano,1,8,B_incremental,1905.0,6,296.42939595776346,6,208.23572332725354
sano,1,9,B_incremental,1905.0,6,296.42939595776346,6,208.23572332725354
sano,1,10,B_incremental,1905.0,6,296.42939595776346,6,208.23572332725354
sano,1,11,B_incremental,1905.0,6,296.42939595776346,6,208.23572332725354
sano,2,0,A_steiner,4022.0,1,73.53763224488875,2,190.74081225019825
sano,2,1,A_steiner,4022.0,1,73.53763224488875,2,190.74081225019825
sano,2,2,A_steiner,4022.0,1,73.53763224488875,2,190.74081225019825
sano,2,3,A_steiner,4022.0,1,73.53763224488875,2,190.74081225019825
sano,2,4,A_steiner,4022.0,1,73.53763224488875,2,190.74081225019825
sano,2,5,A_steiner,4022.0,1,73.53763224488875,2,190.74081225019825
sano,2,6,B_incremental,4022.0,1,73.53763224488875,2,190.74081225019825
sano,2,7,B_incremental,4022.0,1,73.53763224488875,2,190.74081225019825
sano,2,8,B_incremental,4022.0,1,73.53763224488875,2,190.74081225019825
sano,2,9,B_incremental,4022.0,1,73.53763224488875,2,190.74081225019825
sano,2,10,B_incremental,4022.0,1,73.53763224488875,2,190.74081225019825
sano,2,11,B_incremental,4022.0,1,73.53763224488875,2,190.74081225019825
sano,3,0,A_steiner,4819.0,1,40.240166358643535,2,45.552343764404654
sano,3,1,A_steiner,4819.0,1,40.240166358643535,2,45.552343764404654
sano,3,2,A_steiner,4819.0,1,40.240166358643535,2,45.552343764404654
sano,3,3,A_steiner,4819.0,1,40.240166358643535,2,45.552343764404654
sano,3,4,A_steiner,4819.0,1,40.240166358643535,2,45.552343764404654
sano,3,5,A_steiner,4819.0,1,40.240166358643535,2,45.552343764404654
sano,3,6,B_incremental,4819.0,1,40.240166358643535,2,45.552343764404654
sano,3,7,B_incremental,4819.0,1,40.240166358643535,2,45.552343764404654
sano,3,8,B_incremental,4819.0,1,40.240166358643535,2,45.552343764404654
sano,3,9,B_incremental,4819.0,1,40.240166358643535,2,45.552343764404654
sano,3,10,B_incremental,4819.0,1,40.240166358643535,2,45.552343764404654
sano,3,11,B_incremental,4819.0,1,40.240166358643535,2,45.552343764404654
sano,5,0,A_steiner,4808.0,2,89.98611334500477,3,99.00917734654911
sano,5,1,A_steiner,4808.0,2,89.98611334500477,3,99.00917734654911
sano,5,2,A_steiner,4808.0,2,89.98611334500477,3,99.00917734654911
sano,5,3,A_steiner,4808.0,2,89.98611334500477,3,99.00917734654911
sano,5,4,A_steiner,4808.0,2,89.98611334500477,3,99.00917734654911
sano,5,5,A_steiner,4808.0,2,89.98611334500477,3,99.00917734654911
sano,5,6,B_incremental,4808.0,2,89.98611334500477,3,99.00917734654911
sano,5,7,B_incremental,4808.0,2,89.98611334500477,3,99.00917734654911
sano,5,8,B_incremental,4808.0,2,89.98611334500477,3,99.00917734654911
sano,5,9,B_incremental,4808.0,2,89.98611334500477,3,99.00917734654911
sano,5,10,B_incremental,4808.0,2,89.98611334500477,3,99.00917734654911
sano,5,11,B_incremental,4808.0,2,89.98611334500477,3,99.00917734654911
sano,6,0,A_steiner,1480.0,2,43.87520195131182,3,187.43670989370818
sano,6,1,A_steiner,1480.0,2,43.87520195131182,3,187.43670989370818
sano,6,2,A_steiner,1480.0,2,43.87520195131182,3,187.43670989370818
sano,6,3,A_steiner,1480.0,2,43.87520195131182,3,187.43670989370818
sano,6,4,A_steiner,1480.0,2,43.87520195131182,3,187.43670989370818
sano,6,5,A_steiner,1480.0,2,43.87520195131182,3,187.43670989370818
sano,6,6,B_incremental,1480.0,2,43.87520195131182,3,187.43670989370818
sano,6,7,B_incremental,1480.0,2,43.87520195131182,3,187.43670989370818
sano,6,8,B_incremental,1480.0,2,43.87520195131182,3,187.43670989370818
sano,6,9,B_incremental,1480.0,2,43.87520195131182,3,187.43670989370818
sano,6,10,B_incremental,1480.0,2,43.87520195131182,3,187.43670989370818
sano,6,11,B_incremental,1480.0,2,43.87520195131182,3,187.43670989370818
sano,9,0,A_steiner,1803.0,2,63.47326217449041,3,147.17188789905086
sano,9,1,A_steiner,1803.0,2,63.47326217449041,3,147.17188789905086
sano,9,2,A_steiner,1803.0,2,63.47326217449041,3,147.17188789905086
sano,9,3,A_steiner,1803.0,2,63.47326217449041,3,147.17188789905086
sano,9,4,A_steiner,1803.0,2,63.47326217449041,3,147.17188789905086
sano,9,5,A_steiner,1803.0,2,63.47326217449041,3,147.17188789905086
sano,9,6,B_incremental,1803.0,2,63.47326217449041,3,147.17188789905086
sano,9,7,B_incremental,1803.0,2,63.47326217449041,3,147.17188789905086
sano,9,8,B_incremental,1803.0,2,63.47326217449041,3,147.17188789905086
sano,9,9,B_incremental,1803.0,2,63.47326217449041,3,147.17188789905086
sano,9,10,B_incremental,1803.0,2,63.47326217449041,3,147.17188789905086
sano,9,11,B_incremental,1803.0,2,63.47326217449041,3,147.17188789905086
sano,11,0,A_steiner,1465.0,4,240.31311840675545,2,122.46255132044408
sano,11,1,A_steiner,1465.0,4,240.31311840675545,2,122.46255132044408
sano,11,2,A_steiner,1465.0,4,240.31311840675545,2,122.46255132044408
sano,11,3,A_steiner,1465.0,4,240.31311840675545,2,122.46255132044408
sano,11,4,A_steiner,1465.0,4,240.31311840675545,2,122.46255132044408
sano,11,5,A_steiner,1465.0,4,240.31311840675545,2,122.46255132044408
sano,11,6,B_incremental,1465.0,4,240.31311840675545,2,122.46255132044408
sano,11,7,B_incremental,1465.0,4,240.31311840675545,2,122.46255132044408
sano,11,8,B_incremental,1465.0,4,240.31311840675545,2,122.46255132044408
sano,11,9,B_incremental,1465.0,4,240.31311840675545,2,122.46255132044408
sano,11,10,B_incremental,1465.0,4,240.31311840675545,2,122.46255132044408
sano,11,11,B_incremental,1465.0,4,240.31311840675545,2,122.46255132044408
sano,12,0,A_steiner,1625.0,1,7.862722936073093,2,177.19166865330033
sano,12,1,A_steiner,1625.0,1,7.862722936073093,2,177.19166865330033
sano,12,2,A_steiner,1625.0,1,7.862722936073093,2,177.19166865330033
sano,12,3,A_steiner,1625.0,1,7.862722936073093,2,177.19166865330033
sano,12,4,A_steiner,1625.0,1,7.862722936073093,2,177.19166865330033
sano,12,5,A_steiner,1625.0,1,7.862722936073093,2,177.19166865330033
sano,12,6,B_incremental,1625.0,1,7.862722936073093,2,177.19166865330033
sano,12,7,B_incremental,1625.0,1,7.862722936073093,2,177.19166865330033
sano,12,8,B_incremental,1625.0,1,7.862722936073093,2,177.19166865330033
sano,12,9,B_incremental,1625.0,1,7.862722936073093,2,177.19166865330033
sano,12,10,B_incremental,1625.0,1,7.862722936073093,2,177.19166865330033
sano,12,11,B_incremental,1625.0,1,7.862722936073093,2,177.19166865330033
sano,13,0,A_steiner,1433.0,1,53.36286635053465,2,90.41167710152908
sano,13,1,A_steiner,1433.0,1,53.36286635053465,2,90.41167710152908
sano,13,2,A_steiner,1433.0,1,53.36286635053465,2,90.41167710152908
sano,13,3,A_steiner,1433.0,1,53.36286635053465,2,90.41167710152908
sano,13,4,A_steiner,1433.0,1,53.36286635053465,2,90.41167710152908
sano,13,5,A_steiner,1433.0,1,53.36286635053465,2,90.41167710152908
sano,13,6,B_incremental,1433.0,1,53.36286635053465,2,90.41167710152908
sano,13,7,B_incremental,1433.0,1,53.36286635053465,2,90.41167710152908
sano,13,8,B_incremental,1433.0,1,53.36286635053465,2,90.41167710152908
sano,13,9,B_incremental,1433.0,1,53.36286635053465,2,90.41167710152908
sano,13,10,B_incremental,1433.0,1,53.36286635053465,2,90.41167710152908
sano,13,11,B_incremental,1433.0,1,53.36286635053465,2,90.41167710152908
sano,14,0,A_steiner,4656.0,2,74.96186142320845,3,173.01592816228163
sano,14,1,A_steiner,4656.0,2,74.96186142320845,3,173.01592816228163
sano,14,2,A_steiner,4656.0,2,74.96186142320845,3,173.01592816228163
sano,14,3,A_steiner,4656.0,2,74.96186142320845,3,173.01592816228163
sano,14,4,A_steiner,4656.0,2,74.96186142320845,3,173.01592816228163
sano,14,5,A_steiner,4656.0,2,74.96186142320845,3,173.01592816228163
sano,14,6,B_incremental,4656.0,2,74.96186142320845,3,173.01592816228163
sano,14,7,B_incremental,4656.0,2,74.96186142320845,3,173.01592816228163
sano,14,8,B_incremental,4656.0,2,74.96186142320845,3,173.01592816228163
sano,14,9,B_incremental,4656.0,2,74.96186142320845,3,173.01592816228163
sano,14,10,B_incremental,4656.0,2,74.96186142320845,3,173.01592816228163
sano,14,11,B_incremental,4656.0,2,74.96186142320845,3,173.01592816228163
sano,15,0,A_steiner,1444.0,1,36.72307288730958,2,53.41369613388528
sano,15,1,A_steiner,1444.0,1,36.72307288730958,2,53.41369613388528
sano,15,2,A_steiner,1444.0,1,36.72307288730958,2,53.41369613388528
sano,15,3,A_steiner,1444.0,1,36.72307288730958,2,53.41369613388528
sano,15,4,A_steiner,1444.0,1,36.72307288730958,2,53.41369613388528
sano,15,5,A_steiner,1444.0,1,36.72307288730958,2,53.41369613388528
sano,15,6,B_incremental,1444.0,1,36.72307288730958,2,53.41369613388528
sano,15,7,B_incremental,1444.0,1,36.72307288730958,2,53.41369613388528
sano,15,8,B_incremental,1444.0,1,36.72307288730958,2,53.41369613388528
sano,15,9,B_incremental,1444.0,1,36.72307288730958,2,53.41369613388528
sano,15,10,B_incremental,1444.0,1,36.72307288730958,2,53.41369613388528
sano,15,11,B_incremental,1444.0,1,36.72307288730958,2,53.41369613388528
sano,17,0,A_steiner,3940.0,1,180.02111217546928,2,141.39378549684096
sano,17,1,A_steiner,3940.0,1,180.02111217546928,2,141.39378549684096
sano,17,2,A_steiner,3940.0,1,180.02111217546928,2,141.39378549684096
sano,17,3,A_steiner,3940.0,1,180.02111217546928,2,141.39378549684096
sano,17,4,A_steiner,3940.0,1,180.02111217546928,2,141.39378549684096
sano,17,5,A_steiner,3940.0,1,180.02111217546928,2,141.39378549684096
sano,17,6,B_incremental,3940.0,1,180.02111217546928,2,141.39378549684096
sano,17,7,B_incremental,3940.0,1,180.02111217546928,2,141.39378549684096
sano,17,8,B_incremental,3940.0,1,180.02111217546928,2,141.39378549684096
sano,17,9,B_incremental,3940.0,1,180.02111217546928,2,141.39378549684096
sano,17,10,B_incremental,3940.0,1,180.02111217546928,2,141.39378549684096
sano,17,11,B_incremental,3940.0,1,180.02111217546928,2,141.39378549684096
sano,18,0,A_steiner,4867.0,4,183.92039140800395,5,290.1884172760755
sano,18,1,A_steiner,4867.0,4,183.92039140800395,5,290.1884172760755
sano,18,2,A_steiner,4867.0,4,183.92039140800395,5,290.1884172760755
sano,18,3,A_steiner,4867.0,4,183.92039140800395,5,290.1884172760755
sano,18,4,A_steiner,4867.0,4,183.92039140800395,5,290.1884172760755
sano,18,5,A_steiner,4867.0,4,183.92039140800395,5,290.1884172760755
sano,18,6,B_incremental,4867.0,4,183.92039140800395,5,290.1884172760755
sano,18,7,B_incremental,4867.0,4,183.92039140800395,5,290.1884172760755
sano,18,8,B_incremental,4867.0,4,183.92039140800395,5,290.1884172760755
sano,18,9,B_incremental,4867.0,4,183.92039140800395,5,290.1884172760755
sano,18,10,B_incremental,4867.0,4,183.92039140800395,5,290.1884172760755
sano,18,11,B_incremental,4867.0,4,183.92039140800395,5,290.1884172760755
sano,20,0,A_steiner,6028.0,1,110.1847849677964,2,122.69905541632414
sano,20,1,A_steiner,6028.0,1,110.1847849677964,2,122.69905541632414
sano,20,2,A_steiner,6028.0,1,110.1847849677964,2,122.69905541632414
sano,20,3,A_steiner,6028.0,1,110.1847849677964,2,122.69905541632414
sano,20,4,A_steiner,6028.0,1,110.1847849677964,2,122.69905541632414
sano,20,5,A_steiner,6028.0,1,110.1847849677964,2,122.69905541632414
sano,20,6,B_incremental,6028.0,1,110.1847849677964,2,122.69905541632414
sano,20,7,B_incremental,6028.0,1,110.1847849677964,2,122.69905541632414
sano,20,8,B_incremental,6028.0,1,110.1847849677964,2,122.69905541632414
sano,20,9,B_incremental,6028.0,1,110.1847849677964,2,122.69905541632414
sano,20,10,B_incremental,6028.0,1,110.1847849677964,2,122.69905541632414
sano,20,11,B_incremental,6028.0,1,110.1847849677964,2,122.69905541632414
sano,22,0,A_steiner,5037.0,2,113.26668359455778,3,203.66974028545815
sano,22,1,A_steiner,5037.0,2,113.26668359455778,3,203.66974028545815
sano,22,2,A_steiner,5037.0,2,113.26668359455778,3,203.66974028545815
sano,22,3,A_steiner,5037.0,2,113.26668359455778,3,203.66974028545815
sano,22,4,A_steiner,5037.0,2,113.26668359455778,3,203.66974028545815
sano,22,5,A_steiner,5037.0,2,113.26668359455778,3,203.66974028545815
sano,22,6,B_incremental,5037.0,2,113.26668359455778,3,203.66974028545815
sano,22,7,B_incremental,5037.0,2,113.26668359455778,3,203.66974028545815
sano,22,8,B_incremental,5037.0,2,113.26668359455778,3,203.66974028545815
sano,22,9,B_incremental,5037.0,2,113.26668359455778,3,203.66974028545815
sano,22,10,B_incremental,5037.0,2,113.26668359455778,3,203.66974028545815
sano,22,11,B_incremental,5037.0,2,113.26668359455778,3,203.66974028545815
sano,23,0,A_steiner,5203.0,1,37.461955818066464,2,42.76379759397004
sano,23,1,A_steiner,5203.0,1,37.461955818066464,2,42.76379759397004
sano,23,2,A_steiner,5203.0,1,37.461955818066464,2,42.76379759397004
sano,23,3,A_steiner,5203.0,1,37.461955818066464,2,42.76379759397004
sano,23,4,A_steiner,5203.0,1,37.461955818066464,2,42.76379759397004
sano,23,5,A_steiner,5203.0,1,37.461955818066464,2,42.76379759397004
sano,23,6,B_incremental,5203.0,1,37.461955818066464,2,42.76379759397004
sano,23,7,B_incremental,5203.0,1,37.461955818066464,2,42.76379759397004
sano,23,8,B_incremental,5203.0,1,37.461955818066464,2,42.76379759397004
sano,23,9,B_incremental,5203.0,1,37.461955818066464,2,42.76379759397004
sano,23,10,B_incremental,5203.0,1,37.461955818066464,2,42.76379759397004
sano,23,11,B_incremental,5203.0,1,37.461955818066464,2,42.76379759397004
sano,24,0,A_steiner,5944.0,3,173.06861387127356,3,220.54170524972034
sano,24,1,A_steiner,5944.0,3,173.06861387127356,3,220.54170524972034
sano,24,2,A_steiner,5944.0,3,173.06861387127356,3,220.54170524972034
sano,24,3,A_steiner,5944.0,3,173.06861387127356,3,220.54170524972034
sano,24,4,A_steiner,5944.0,3,173.06861387127356,3,220.54170524972034
sano,24,5,A_steiner,5944.0,3,173.06861387127356,3,220.54170524972034
sano,24,6,B_incremental,5944.0,3,173.06861387127353,3,220.54170524972034
sano,24,7,B_incremental,5944.0,3,173.06861387127353,3,220.54170524972034
sano,24,8,B_incremental,5944.0,3,173.06861387127356,3,220.54170524972034
sano,24,9,B_incremental,5944.0,3,173.06861387127356,3,220.54170524972034
sano,24,10,B_incremental,5944.0,3,173.06861387127353,3,220.54170524972034
sano,24,11,B_incremental,5944.0,3,173.06861387127353,3,220.54170524972034
sano,26,0,A_steiner,4853.0,1,38.11975705340247,2,26.58812640041595
sano,26,1,A_steiner,4853.0,1,38.11975705340247,2,26.58812640041595
sano,26,2,A_steiner,4853.0,1,38.11975705340247,2,26.58812640041595
sano,26,3,A_steiner,4853.0,1,38.11975705340247,2,26.58812640041595
sano,26,4,A_steiner,4853.0,1,38.11975705340247,2,26.58812640041595
sano,26,5,A_steiner,4853.0,1,38.11975705340247,2,26.58812640041595
sano,26,6,B_incremental,4853.0,1,38.11975705340247,2,26.58812640041595
sano,26,7,B_incremental,4853.0,1,38.11975705340247,2,26.58812640041595
sano,26,8,B_incremental,4853.0,1,38.11975705340247,2,26.58812640041595
sano,26,9,B_incremental,4853.0,1,38.11975705340247,2,26.58812640041595
sano,26,10,B_incremental,4853.0,1,38.11975705340247,2,26.58812640041595
sano,26,11,B_incremental,4853.0,1,38.11975705340247,2,26.58812640041595
sano,27,0,A_steiner,3608.0,1,75.88528626103584,2,103.15575872975553
sano,27,1,A_steiner,3608.0,1,75.88528626103584,2,103.15575872975553
sano,27,2,A_steiner,3608.0,1,75.88528626103584,2,103.15575872975553
sano,27,3,A_steiner,3608.0,1,75.88528626103584,2,103.15575872975553
sano,27,4,A_steiner,3608.0,1,75.88528626103584,2,103.15575872975553
sano,27,5,A_steiner,3608.0,1,75.88528626103584,2,103.15575872975553
sano,27,6,B_incremental,3608.0,1,75.88528626103584,2,103.15575872975553
sano,27,7,B_incremental,3608.0,1,75.88528626103584,2,103.15575872975553
sano,27,8,B_incremental,3608.0,1,75.88528626103584,2,103.15575872975553
sano,27,9,B_incremental,3608.0,1,75.88528626103584,2,103.15575872975553
sano,27,10,B_incremental,3608.0,1,75.88528626103584,2,103.15575872975553
sano,27,11,B_incremental,3608.0,1,75.88528626103584,2,103.15575872975553
sano,28,0,A_steiner,1792.0,3,148.00890892775584,4,163.13272087525826
sano,28,1,A_steiner,1792.0,3,148.00890892775584,4,163.13272087525826
sano,28,2,A_steiner,1792.0,3,148.00890892775584,4,163.13272087525826
sano,28,3,A_steiner,1792.0,3,148.00890892775584,4,163.13272087525826
sano,28,4,A_steiner,1792.0,3,148.00890892775584,4,163.13272087525826
sano,28,5,A_steiner,1792.0,3,148.00890892775584,4,163.13272087525826
sano,28,6,B_incremental,1792.0,3,148.00890892775584,4,163.13272087525826
sano,28,7,B_incremental,1792.0,3,148.00890892775584,4,163.13272087525826
sano,28,8,B_incremental,1792.0,3,148.00890892775584,4,163.13272087525826
sano,28,9,B_incremental,1792.0,3,148.00890892775584,4,163.13272087525826
sano,28,10,B_incremental,1792.0,3,148.00890892775584,4,163.13272087525826
sano,28,11,B_incremental,1792.0,3,148.00890892775584,4,163.13272087525826
sano,29,0,A_steiner,1769.0,1,57.07164057792263,2,116.77537789468158
sano,29,1,A_steiner,1769.0,1,57.07164057792263,2,116.77537789468158
sano,29,2,A_steiner,1769.0,1,57.07164057792263,2,116.77537789468158
sano,29,3,A_steiner,1769.0,1,57.07164057792263,2,116.77537789468158
sano,29,4,A_steiner,1769.0,1,57.07164057792263,2,116.77537789468158
sano,29,5,A_steiner,1769.0,1,57.07164057792263,2,116.77537789468158
sano,29,6,B_incremental,1769.0,1,57.07164057792263,2,116.77537789468158
sano,29,7,B_incremental,1769.0,1,57.07164057792263,2,116.77537789468158
sano,29,8,B_incremental,1769.0,1,57.07164057792263,2,116.77537789468158
sano,29,9,B_incremental,1769.0,1,57.07164057792263,2,116.77537789468158
sano,29,10,B_incremental,1769.0,1,57.07164057792263,2,116.77537789468158
sano,29,11,B_incremental,1769.0,1,57.07164057792263,2,116.77537789468158
sano,31,0,A_steiner,5499.0,3,133.16074820597657,4,136.20222003901225
sano,31,1,A_steiner,5499.0,3,133.16074820597657,4,136.20222003901225
sano,31,2,A_steiner,5499.0,3,133.16074820597657,4,136.20222003901225
sano,31,3,A_steiner,5499.0,3,133.16074820597657,4,136.20222003901225
sano,31,4,A_steiner,5499.0,3,133.16074820597657,4,136.20222003901225
sano,31,5,A_steiner,5499.0,3,133.16074820597657,4,136.20222003901225
sano,31,6,B_incremental,5499.0,3,133.16074820597657,4,136.20222003901225
sano,31,7,B_incremental,5499.0,3,133.16074820597657,4,136.20222003901225
sano,31,8,B_incremental,5499.0,3,133.1607482059766,4,136.20222003901225
sano,31,9,B_incremental,5499.0,3,133.16074820597657,4,136.20222003901225
sano,31,10,B_incremental,5499.0,3,133.16074820597657,4,136.20222003901225
sano,31,11,B_incremental,5499.0,3,133.1607482059766,4,136.20222003901225
sano,33,0,A_steiner,1687.0,1,48.89511163216379,2,138.56706919299236
sano,33,1,A_steiner,1687.0,1,48.89511163216379,2,138.56706919299236
sano,33,2,A_steiner,1687.0,1,48.89511163216379,2,138.56706919299236
sano,33,3,A_steiner,1687.0,1,48.89511163216379,2,138.56706919299236
sano,33,4,A_steiner,1687.0,1,48.89511163216379,2,138.56706919299236
sano,33,5,A_steiner,1687.0,1,48.89511163216379,2,138.56706919299236
sano,33,6,B_incremental,1687.0,1,48.89511163216379,2,138.56706919299236
sano,33,7,B_incremental,1687.0,1,48.89511163216379,2,138.56706919299236
sano,33,8,B_incremental,1687.0,1,48.89511163216379,2,138.56706919299236
sano,33,9,B_incremental,1687.0,1,48.89511163216379,2,138.56706919299236
sano,33,10,B_incremental,1687.0,1,48.89511163216379,2,138.56706919299236
sano,33,11,B_incremental,1687.0,1,48.89511163216379,2,138.56706919299236
sano,36,0,A_steiner,5026.0,2,111.28233941199852,3,146.1214348190309
sano,36,1,A_steiner,5026.0,2,111.28233941199852,3,146.1214348190309
sano,36,2,A_steiner,5026.0,2,111.28233941199852,3,146.1214348190309
sano,36,3,A_steiner,5026.0,2,111.28233941199852,3,146.1214348190309
sano,36,4,A_steiner,5026.0,2,111.28233941199852,3,146.1214348190309
sano,36,5,A_steiner,5026.0,2,111.28233941199852,3,146.1214348190309
sano,36,6,B_incremental,5026.0,2,111.28233941199852,3,146.1214348190309
sano,36,7,B_incremental,5026.0,2,111.28233941199852,3,146.1214348190309
sano,36,8,B_incremental,5026.0,2,111.28233941199852,3,146.1214348190309
sano,36,9,B_incremental,5026.0,2,111.28233941199852,3,146.1214348190309
sano,36,10,B_incremental,5026.0,2,111.28233941199852,3,146.1214348190309
sano,36,11,B_incremental,5026.0,2,111.28233941199852,3,146.1214348190309
sano,37,0,A_steiner,4567.0,5,189.6523593752675,6,191.09003632509206
sano,37,1,A_steiner,4567.0,5,189.6523593752675,6,191.09003632509206
sano,37,2,A_steiner,4567.0,5,189.6523593752675,6,191.09003632509206
sano,37,3,A_steiner,4567.0,5,189.6523593752675,6,191.09003632509206
sano,37,4,A_steiner,4567.0,5,189.6523593752675,6,191.09003632509206
sano,37,5,A_steiner,4567.0,5,189.6523593752675,6,191.09003632509206
sano,37,6,B_incremental,4567.0,5,189.6523593752675,6,191.09003632509206
sano,37,7,B_incremental,4567.0,5,189.6523593752675,6,191.09003632509206
sano,37,8,B_incremental,4567.0,5,189.6523593752675,6,191.09003632509206
sano,37,9,B_incremental,4567.0,5,195.16956616279404,6,191.09003632509206
sano,37,10,B_incremental,4567.0,5,189.6523593752675,6,191.09003632509206
sano,37,11,B_incremental,4567.0,5,189.65235937526754,6,191.09003632509206
sano,39,0,A_steiner,5054.0,2,140.45689853053085,3,159.60150220270535
sano,39,1,A_steiner,5054.0,2,140.45689853053085,3,159.60150220270535
sano,39,2,A_steiner,5054.0,2,140.45689853053085,3,159.60150220270535
sano,39,3,A_steiner,5054.0,2,140.45689853053085,3,159.60150220270535
sano,39,4,A_steiner,5054.0,2,140.45689853053085,3,159.60150220270535
sano,39,5,A_steiner,5054.0,2,140.45689853053085,3,159.60150220270535
sano,39,6,B_incremental,5054.0,2,140.45689853053085,3,159.60150220270535
sano,39,7,B_incremental,5054.0,2,140.45689853053085,3,159.60150220270535
sano,39,8,B_incremental,5054.0,2,140.45689853053085,3,159.60150220270535
sano,39,9,B_incremental,5054.0,2,140.45689853053085,3,159.60150220270535
sano,39,10,B_incremental,5054.0,2,140.45689853053085,3,159.60150220270535
sano,39,11,B_incremental,5054.0,2,140.45689853053085,3,159.60150220270535
sano,41,0,A_steiner,4847.0,1,39.11107293871908,2,24.801865988784854
sano,41,1,A_steiner,4847.0,1,39.11107293871908,2,24.801865988784854
sano,41,2,A_steiner,4847.0,1,39.11107293871908,2,24.801865988784854
sano,41,3,A_steiner,4847.0,1,39.11107293871908,2,24.801865988784854
sano,41,4,A_steiner,4847.0,1,39.11107293871908,2,24.801865988784854
sano,41,5,A_steiner,4847.0,1,39.11107293871908,2,24.801865988784854
sano,41,6,B_incremental,4847.0,1,39.11107293871908,2,24.801865988784854
sano,41,7,B_incremental,4847.0,1,39.11107293871908,2,24.801865988784854
sano,41,8,B_incremental,4847.0,1,39.11107293871908,2,24.801865988784854
sano,41,9,B_incremental,4847.0,1,39.11107293871908,2,24.801865988784854
sano,41,10,B_incremental,4847.0,1,39.11107293871908,2,24.801865988784854
sano,41,11,B_incremental,4847.0,1,39.11107293871908,2,24.801865988784854
sano,43,0,A_steiner,1751.0,1,47.76528205793152,2,58.17456406897267
sano,43,1,A_steiner,1751.0,1,47.76528205793152,2,58.17456406897267
sano,43,2,A_steiner,1751.0,1,47.76528205793152,2,58.17456406897267
sano,43,3,A_steiner,1751.0,1,47.76528205793152,2,58.17456406897267
sano,43,4,A_steiner,1751.0,1,47.76528205793152,2,58.17456406897267
sano,43,5,A_steiner,1751.0,1,47.76528205793152,2,58.17456406897267
sano,43,6,B_incremental,1751.0,1,47.76528205793152,2,58.17456406897267
sano,43,7,B_incremental,1751.0,1,47.76528205793152,2,58.17456406897267
sano,43,8,B_incremental,1751.0,1,47.76528205793152,2,58.17456406897267
sano,43,9,B_incremental,1751.0,1,47.76528205793152,2,58.17456406897267
sano,43,10,B_incremental,1751.0,1,47.76528205793152,2,58.17456406897267
sano,43,11,B_incremental,1751.0,1,47.76528205793152,2,58.17456406897267
sano,44,0,A_steiner,3595.0,1,15.024595300196614,2,52.56194012681161
sano,44,1,A_steiner,3595.0,1,15.024595300196614,2,52.56194012681161
sano,44,2,A_steiner,3595.0,1,15.024595300196614,2,52.56194012681161
sano,44,3,A_steiner,3595.0,1,15.024595300196614,2,52.56194012681161
sano,44,4,A_steiner,3595.0,1,15.024595300196614,2,52.56194012681161
sano,44,5,A_steiner,3595.0,1,15.024595300196614,2,52.56194012681161
sano,44,6,B_incremental,3595.0,1,15.024595300196614,2,52.56194012681161
sano,44,7,B_incremental,3595.0,1,15.024595300196614,2,52.56194012681161
sano,44,8,B_incremental,3595.0,1,15.024595300196614,2,52.56194012681161
sano,44,9,B_incremental,3595.0,1,15.024595300196614,2,52.56194012681161
sano,44,10,B_incremental,3595.0,1,15.024595300196614,2,52.56194012681161
sano,44,11,B_incremental,3595.0,1,15.024595300196614,2,52.56194012681161
sano,45,0,A_steiner,3597.0,5,178.33188172610673,3,146.63113098550662
sano,45,1,A_steiner,3597.0,5,178.33188172610673,3,146.63113098550662
sano,45,2,A_steiner,3597.0,5,178.33188172610673,3,146.63113098550662
sano,45,3,A_steiner,3597.0,5,178.33188172610673,3,146.63113098550662
sano,45,4,A_steiner,3597.0,5,178.33188172610673,3,146.63113098550662
sano,45,5,A_steiner,3597.0,5,178.33188172610673,3,146.63113098550662
sano,45,6,B_incremental,3597.0,5,178.33188172610673,3,146.63113098550662
sano,45,7,B_incremental,3597.0,5,178.33188172610673,3,146.63113098550662
sano,45,8,B_incremental,3597.0,5,178.33188172610673,3,146.63113098550662
sano,45,9,B_incremental,3597.0,5,178.33188172610673,3,146.63113098550662
sano,45,10,B_incremental,3597.0,5,178.33188172610673,3,146.63113098550662
sano,45,11,B_incremental,3597.0,5,178.33188172610673,3,146.63113098550662
sano,46,0,A_steiner,4863.0,1,48.32951814260043,2,94.32330129939555
sano,46,1,A_steiner,4863.0,1,48.32951814260043,2,94.32330129939555
sano,46,2,A_steiner,4863.0,1,48.32951814260043,2,94.32330129939555
sano,46,3,A_steiner,4863.0,1,48.32951814260043,2,94.32330129939555
sano,46,4,A_steiner,4863.0,1,48.32951814260043,2,94.32330129939555
sano,46,5,A_steiner,4863.0,1,48.32951814260043,2,94.32330129939555
sano,46,6,B_incremental,4863.0,1,48.32951814260043,2,94.32330129939555
sano,46,7,B_incremental,4863.0,1,48.32951814260043,2,94.32330129939555
sano,46,8,B_incremental,4863.0,1,48.32951814260043,2,94.32330129939555
sano,46,9,B_incremental,4863.0,1,48.32951814260043,2,94.32330129939555
sano,46,10,B_incremental,4863.0,1,48.32951814260043,2,94.32330129939555
sano,46,11,B_incremental,4863.0,1,48.32951814260043,2,94.32330129939555
sano,49,0,A_steiner,4023.0,1,64.72865043091407,2,176.72031651310738
sano,49,1,A_steiner,4023.0,1,64.72865043091407,2,176.72031651310738
sano,49,2,A_steiner,4023.0,1,64.72865043091407,2,176.72031651310738
sano,49,3,A_steiner,4023.0,1,64.72865043091407,2,176.72031651310738
sano,49,4,A_steiner,4023.0,1,64.72865043091407,2,176.72031651310738
sano,49,5,A_steiner,4023.0,1,64.72865043091407,2,176.72031651310738
sano,49,6,B_incremental,4023.0,1,64.72865043091407,2,176.72031651310738
sano,49,7,B_incremental,4023.0,1,64.72865043091407,2,176.72031651310738
sano,49,8,B_incremental,4023.0,1,64.72865043091407,2,176.72031651310738
sano,49,9,B_incremental,4023.0,1,64.72865043091407,2,176.72031651310738
sano,49,10,B_incremental,4023.0,1,64.72865043091407,2,176.72031651310738
sano,49,11,B_incremental,4023.0,1,64.72865043091407,2,176.72031651310738
sano,52,0,A_steiner,214.0,1,6.537751191282265,2,72.60778164949912
sano,52,1,A_steiner,214.0,1,6.537751191282265,2,72.60778164949912
sano,52,2,A_steiner,214.0,1,6.537751191282265,2,72.60778164949912
sano,52,3,A_steiner,214.0,1,6.537751191282265,2,72.60778164949912
sano,52,4,A_steiner,214.0,1,6.537751191282265,2,72.60778164949912
sano,52,5,A_steiner,214.0,1,6.537751191282265,2,72.60778164949912
sano,52,6,B_incremental,214.0,1,6.537751191282265,2,72.60778164949912
sano,52,7,B_incremental,214.0,1,6.537751191282265,2,72.60778164949912
sano,52,8,B_incremental,214.0,1,6.537751191282265,2,72.60778164949912
sano,52,9,B_incremental,214.0,1,6.537751191282265,2,72.60778164949912
sano,52,10,B_incremental,214.0,1,6.537751191282265,2,72.60778164949912
sano,52,11,B_incremental,214.0,1,6.537751191282265,2,72.60778164949912
sano,55,0,A_steiner,6217.0,2,26.889065321212108,3,168.40814196093365
sano,55,1,A_steiner,6217.0,2,26.889065321212108,3,168.40814196093365
sano,55,2,A_steiner,6217.0,2,26.889065321212108,3,168.40814196093365
sano,55,3,A_steiner,6217.0,2,26.889065321212108,3,168.40814196093365
sano,55,4,A_steiner,6217.0,2,26.889065321212108,3,168.40814196093365
sano,55,5,A_steiner,6217.0,2,26.889065321212108,3,168.40814196093365
sano,55,6,B_incremental,6217.0,2,26.889065321212108,3,168.40814196093365
sano,55,7,B_incremental,6217.0,2,26.889065321212108,3,168.40814196093365
sano,55,8,B_incremental,6217.0,2,26.889065321212108,3,168.40814196093365
sano,55,9,B_incremental,6217.0,2,26.889065321212108,3,168.40814196093365
sano,55,10,B_incremental,6217.0,2,26.889065321212108,3,168.40814196093365
sano,55,11,B_incremental,6217.0,2,26.889065321212108,3,168.40814196093365
sano,56,0,A_steiner,1757.0,1,22.141710207047502,2,116.0598313161008
sano,56,1,A_steiner,1757.0,1,22.141710207047502,2,116.0598313161008
sano,56,2,A_steiner,1757.0,1,22.141710207047502,2,116.0598313161008
sano,56,3,A_steiner,1757.0,1,22.141710207047502,2,116.0598313161008
sano,56,4,A_steiner,1757.0,1,22.141710207047502,2,116.0598313161008
sano,56,5,A_steiner,1757.0,1,22.141710207047502,2,116.0598313161008
sano,56,6,B_incremental,1757.0,1,22.141710207047502,2,116.0598313161008
sano,56,7,B_incremental,1757.0,1,22.141710207047502,2,116.0598313161008
sano,56,8,B_incremental,1757.0,1,22.141710207047502,2,116.0598313161008
sano,56,9,B_incremental,1757.0,1,22.141710207047502,2,116.0598313161008
sano,56,10,B_incremental,1757.0,1,22.141710207047502,2,116.0598313161008
sano,56,11,B_incremental,1757.0,1,22.141710207047502,2,116.0598313161008
sano,57,0,A_steiner,5222.0,1,25.35580880970179,2,51.911362610428256
sano,57,1,A_steiner,5222.0,1,25.35580880970179,2,51.911362610428256
sano,57,2,A_steiner,5222.0,1,25.35580880970179,2,51.911362610428256
sano,57,3,A_steiner,5222.0,1,25.35580880970179,2,51.911362610428256
sano,57,4,A_steiner,5222.0,1,25.35580880970179,2,51.911362610428256
sano,57,5,A_steiner,5222.0,1,25.35580880970179,2,51.911362610428256
sano,57,6,B_incremental,5222.0,1,25.35580880970179,2,51.911362610428256
sano,57,7,B_incremental,5222.0,1,25.35580880970179,2,51.911362610428256
sano,57,8,B_incremental,5222.0,1,25.35580880970179,2,51.911362610428256
sano,57,9,B_incremental,5222.0,1,25.35580880970179,2,51.911362610428256
sano,57,10,B_incremental,5222.0,1,25.35580880970179,2,51.911362610428256
sano,57,11,B_incremental,5222.0,1,25.35580880970179,2,51.911362610428256
sano,58,0,A_steiner,1602.0,2,91.73882174134862,2,188.65144421745708
sano,58,1,A_steiner,1602.0,2,91.73882174134862,2,188.65144421745708
sano,58,2,A_steiner,1602.0,2,91.73882174134862,2,188.65144421745708
sano,58,3,A_steiner,1602.0,2,91.73882174134862,2,188.65144421745708
sano,58,4,A_steiner,1602.0,2,91.73882174134862,2,188.65144421745708
sano,58,5,A_steiner,1602.0,2,91.73882174134862,2,188.65144421745708
sano,58,6,B_incremental,1602.0,2,91.73882174134862,2,188.65144421745708
sano,58,7,B_incremental,1602.0,2,91.73882174134862,2,188.65144421745708
sano,58,8,B_incremental,1602.0,2,91.73882174134862,2,188.65144421745708
sano,58,9,B_incremental,1602.0,2,91.73882174134862,2,188.65144421745708
sano,58,10,B_incremental,1602.0,2,91.73882174134862,2,188.65144421745708
sano,58,11,B_incremental,1602.0,2,91.73882174134862,2,188.65144421745708
sano,59,0,A_steiner,258.0,3,262.6084972822355,3,196.43061319999447
sano,59,1,A_steiner,258.0,3,262.6084972822355,3,196.43061319999447
sano,59,2,A_steiner,258.0,3,262.6084972822355,3,196.43061319999447
sano,59,3,A_steiner,258.0,3,262.6084972822355,3,196.43061319999447
sano,59,4,A_steiner,258.0,3,262.6084972822355,3,196.43061319999447
sano,59,5,A_steiner,258.0,3,262.6084972822355,3,196.43061319999447
sano,59,6,B_incremental,258.0,3,262.6084972822355,3,196.43061319999447
sano,59,7,B_incremental,258.0,3,262.6084972822355,3,196.43061319999447
sano,59,8,B_incremental,258.0,3,262.6084972822355,3,196.43061319999447
sano,59,9,B_incremental,258.0,3,262.6084972822355,3,196.43061319999447
sano,59,10,B_incremental,258.0,3,262.6084972822355,3,196.43061319999447
sano,59,11,B_incremental,258.0,3,262.6084972822355,3,196.43061319999447
sano,61,0,A_steiner,5941.0,2,80.92898055317765,3,98.39364797106431
sano,61,1,A_steiner,5941.0,2,80.92898055317765,3,98.39364797106431
sano,61,2,A_steiner,5941.0,2,80.92898055317765,3,98.39364797106431
sano,61,3,A_steiner,5941.0,2,80.92898055317765,3,98.39364797106431
sano,61,4,A_steiner,5941.0,2,80.92898055317765,3,98.39364797106431
sano,61,5,A_steiner,5941.0,2,80.92898055317765,3,98.39364797106431
sano,61,6,B_incremental,5941.0,2,80.92898055317765,3,98.39364797106431
sano,61,7,B_incremental,5941.0,2,80.92898055317765,3,98.39364797106431
sano,61,8,B_incremental,5941.0,2,80.92898055317765,3,98.39364797106431
sano,61,9,B_incremental,5941.0,2,80.92898055317765,3,98.39364797106431
sano,61,10,B_incremental,5941.0,2,80.92898055317765,3,98.39364797106431
sano,61,11,B_incremental,5941.0,2,80.92898055317765,3,98.39364797106431
sano,66,0,A_steiner,90.0,1,50.50917359149864,2,116.40797584345084
sano,66,1,A_steiner,90.0,1,50.50917359149864,2,116.40797584345084
sano,66,2,A_steiner,90.0,1,50.50917359149864,2,116.40797584345084
sano,66,3,A_steiner,90.0,1,50.50917359149864,2,116.40797584345084
sano,66,4,A_steiner,90.0,1,50.50917359149864,2,116.40797584345084
sano,66,5,A_steiner,90.0,1,50.50917359149864,2,116.40797584345084
sano,66,6,B_incremental,90.0,1,50.50917359149864,2,116.40797584345084
sano,66,7,B_incremental,90.0,1,50.50917359149864,2,116.40797584345084
sano,66,8,B_incremental,90.0,1,50.50917359149864,2,116.40797584345084
sano,66,9,B_incremental,90.0,1,50.50917359149864,2,116.40797584345084
sano,66,10,B_incremental,90.0,1,50.50917359149864,2,116.40797584345084
sano,66,11,B_incremental,90.0,1,50.50917359149864,2,116.40797584345084
sano,67,0,A_steiner,6013.0,1,8.198639217341055,2,14.21778194114621
sano,67,1,A_steiner,6013.0,1,8.198639217341055,2,14.21778194114621
sano,67,2,A_steiner,6013.0,1,8.198639217341055,2,14.21778194114621
sano,67,3,A_steiner,6013.0,1,8.198639217341055,2,14.21778194114621
sano,67,4,A_steiner,6013.0,1,8.198639217341055,2,14.21778194114621
sano,67,5,A_steiner,6013.0,1,8.198639217341055,2,14.21778194114621
sano,67,6,B_incremental,6013.0,1,8.198639217341055,2,14.21778194114621
sano,67,7,B_incremental,6013.0,1,8.198639217341055,2,14.21778194114621
sano,67,8,B_incremental,6013.0,1,8.198639217341055,2,14.21778194114621
sano,67,9,B_incremental,6013.0,1,8.198639217341055,2,14.21778194114621
sano,67,10,B_incremental,6013.0,1,8.198639217341055,2,14.21778194114621
sano,67,11,B_incremental,6013.0,1,8.198639217341055,2,14.21778194114621
sano,68,0,A_steiner,1539.0,2,71.780782737041,2,16.362845727960988
sano,68,1,A_steiner,1539.0,2,71.780782737041,2,16.362845727960988
sano,68,2,A_steiner,1539.0,2,71.780782737041,2,16.362845727960988
sano,68,3,A_steiner,1539.0,2,71.780782737041,2,16.362845727960988
sano,68,4,A_steiner,1539.0,2,71.780782737041,2,16.362845727960988
sano,68,5,A_steiner,1539.0,2,71.780782737041,2,16.362845727960988
sano,68,6,B_incremental,1539.0,2,71.780782737041,2,16.362845727960988
sano,68,7,B_incremental,1539.0,2,71.780782737041,2,16.362845727960988
sano,68,8,B_incremental,1539.0,2,71.780782737041,2,16.362845727960988
sano,68,9,B_incremental,1539.0,2,71.780782737041,2,16.362845727960988
sano,68,10,B_incremental,1539.0,2,71.780782737041,2,16.362845727960988
sano,68,11,B_incremental,1539.0,2,71.780782737041,2,16.362845727960988
sano,69,0,A_steiner,5226.0,2,45.59187666290365,3,96.68842279978199
sano,69,1,A_steiner,5226.0,2,45.59187666290365,3,96.68842279978199
sano,69,2,A_steiner,5226.0,2,45.59187666290365,3,96.68842279978199
sano,69,3,A_steiner,5226.0,2,45.59187666290365,3,96.68842279978199
sano,69,4,A_steiner,5226.0,2,45.59187666290365,3,96.68842279978199
sano,69,5,A_steiner,5226.0,2,45.59187666290365,3,96.68842279978199
sano,69,6,B_incremental,5226.0,2,45.59187666290365,3,96.68842279978199
sano,69,7,B_incremental,5226.0,2,45.59187666290365,3,96.68842279978199
sano,69,8,B_incremental,5226.0,2,45.59187666290365,3,96.68842279978199
sano,69,9,B_incremental,5226.0,2,45.59187666290365,3,96.68842279978199
sano,69,10,B_incremental,5226.0,2,45.59187666290365,3,96.68842279978199
sano,69,11,B_incremental,5226.0,2,45.59187666290365,3,96.68842279978199
sano,70,0,A_steiner,1800.0,5,232.4775425615041,6,249.2013659859429
sano,70,1,A_steiner,1800.0,5,232.4775425615041,6,249.2013659859429
sano,70,2,A_steiner,1800.0,5,232.4775425615041,6,249.2013659859429
sano,70,3,A_steiner,1800.0,5,232.4775425615041,6,249.2013659859429
sano,70,4,A_steiner,1800.0,5,232.4775425615041,6,249.2013659859429
sano,70,5,A_steiner,1800.0,5,232.4775425615041,6,249.2013659859429
sano,70,6,B_incremental,1800.0,5,232.4775425615041,6,249.2013659859429
sano,70,7,B_incremental,1800.0,5,232.4775425615041,6,249.2013659859429
sano,70,8,B_incremental,1800.0,5,232.4775425615041,6,249.2013659859429
sano,70,9,B_incremental,1800.0,5,232.4775425615041,6,249.2013659859429
sano,70,10,B_incremental,1800.0,5,232.4775425615041,6,249.2013659859429
sano,70,11,B_incremental,1800.0,5,232.4775425615041,6,249.2013659859429
sano,73,0,A_steiner,6219.0,3,40.761443875687284,4,56.68228496288633
sano,73,1,A_steiner,6219.0,3,40.761443875687284,4,56.68228496288633
sano,73,2,A_steiner,6219.0,3,40.761443875687284,4,56.68228496288633
sano,73,3,A_steiner,6219.0,3,40.761443875687284,4,56.68228496288633
sano,73,4,A_steiner,6219.0,3,40.761443875687284,4,56.68228496288633
sano,73,5,A_steiner,6219.0,3,40.761443875687284,4,56.68228496288633
sano,73,6,B_incremental,6219.0,3,40.761443875687284,4,56.68228496288633
sano,73,7,B_incremental,6219.0,3,40.761443875687284,4,56.68228496288633
sano,73,8,B_incremental,6219.0,3,40.761443875687284,4,56.68228496288633
sano,73,9,B_incremental,6219.0,3,40.761443875687284,4,56.68228496288633
sano,73,10,B_incremental,6219.0,3,40.761443875687284,4,56.68228496288633
sano,73,11,B_incremental,6219.0,3,40.761443875687284,4,56.68228496288633
sano,74,0,A_steiner,6149.0,2,90.50528252601094,3,181.51159114217464
sano,74,1,A_steiner,6149.0,2,90.50528252601094,3,181.51159114217464
sano,74,2,A_steiner,6149.0,2,90.50528252601094,3,181.51159114217464
sano,74,3,A_steiner,6149.0,2,90.50528252601094,3,181.51159114217464
sano,74,4,A_steiner,6149.0,2,90.50528252601094,3,181.51159114217464
sano,74,5,A_steiner,6149.0,2,90.50528252601094,3,181.51159114217464
sano,74,6,B_incremental,6149.0,2,90.50528252601094,3,181.51159114217464
sano,74,7,B_incremental,6149.0,2,90.50528252601094,3,181.51159114217464
sano,74,8,B_incremental,6149.0,2,90.50528252601094,3,181.51159114217464
sano,74,9,B_incremental,6149.0,2,90.50528252601094,3,181.51159114217464
sano,74,10,B_incremental,6149.0,2,90.50528252601094,3,181.51159114217464
sano,74,11,B_incremental,6149.0,2,90.50528252601094,3,181.51159114217464
sano,76,0,A_steiner,5072.0,1,16.955828512416428,2,147.10934447043417
sano,76,1,A_steiner,5072.0,1,16.955828512416428,2,147.10934447043417
sano,76,2,A_steiner,5072.0,1,16.955828512416428,2,147.10934447043417
sano,76,3,A_steiner,5072.0,1,16.955828512416428,2,147.10934447043417
sano,76,4,A_steiner,5072.0,1,16.955828512416428,2,147.10934447043417
sano,76,5,A_steiner,5072.0,1,16.955828512416428,2,147.10934447043417
sano,76,6,B_incremental,5072.0,1,16.955828512416428,2,147.10934447043417
sano,76,7,B_incremental,5072.0,1,16.955828512416428,2,147.10934447043417
sano,76,8,B_incremental,5072.0,1,16.955828512416428,2,147.10934447043417
sano,76,9,B_incremental,5072.0,1,16.955828512416428,2,147.10934447043417
sano,76,10,B_incremental,5072.0,1,16.955828512416428,2,147.10934447043417
sano,76,11,B_incremental,5072.0,1,16.955828512416428,2,147.10934447043417
sano,80,0,A_steiner,1705.0,1,47.30990146600607,2,83.09657661396915
sano,80,1,A_steiner,1705.0,1,47.30990146600607,2,83.09657661396915
sano,80,2,A_steiner,1705.0,1,47.30990146600607,2,83.09657661396915
sano,80,3,A_steiner,1705.0,1,47.30990146600607,2,83.09657661396915
sano,80,4,A_steiner,1705.0,1,47.30990146600607,2,83.09657661396915
sano,80,5,A_steiner,1705.0,1,47.30990146600607,2,83.09657661396915
sano,80,6,B_incremental,1705.0,1,47.30990146600607,2,83.09657661396915
sano,80,7,B_incremental,1705.0,1,47.30990146600607,2,83.09657661396915
sano,80,8,B_incremental,1705.0,1,47.30990146600607,2,83.09657661396915
sano,80,9,B_incremental,1705.0,1,47.30990146600607,2,83.09657661396915
sano,80,10,B_incremental,1705.0,1,47.30990146600607,2,83.09657661396915
sano,80,11,B_incremental,1705.0,1,47.30990146600607,2,83.09657661396915
sano,83,0,A_steiner,1680.0,1,49.92169685705653,2,158.05364496680664
sano,83,1,A_steiner,1680.0,1,49.92169685705653,2,158.05364496680664
sano,83,2,A_steiner,1680.0,1,49.92169685705653,2,158.05364496680664
sano,83,3,A_steiner,1680.0,1,49.92169685705653,2,158.05364496680664
sano,83,4,A_steiner,1680.0,1,49.92169685705653,2,158.05364496680664
sano,83,5,A_steiner,1680.0,1,49.92169685705653,2,158.05364496680664
sano,83,6,B_incremental,1680.0,1,49.92169685705653,2,158.05364496680664
sano,83,7,B_incremental,1680.0,1,49.92169685705653,2,158.05364496680664
sano,83,8,B_incremental,1680.0,1,49.92169685705653,2,158.05364496680664
sano,83,9,B_incremental,1680.0,1,49.92169685705653,2,158.05364496680664
sano,83,10,B_incremental,1680.0,1,49.92169685705653,2,158.05364496680664
sano,83,11,B_incremental,1680.0,1,49.92169685705653,2,158.05364496680664
sano,84,0,A_steiner,5216.0,3,299.25130788190614,3,184.9477093147525
sano,84,1,A_steiner,5216.0,3,299.25130788190614,3,184.9477093147525
sano,84,2,A_steiner,5216.0,3,299.25130788190614,3,184.9477093147525
sano,84,3,A_steiner,5216.0,3,299.25130788190614,3,184.9477093147525
sano,84,4,A_steiner,5216.0,3,299.25130788190614,3,184.9477093147525
sano,84,5,A_steiner,5216.0,3,299.25130788190614,3,184.9477093147525
sano,84,6,B_incremental,5216.0,3,299.25130788190614,3,184.9477093147525
sano,84,7,B_incremental,5216.0,3,299.25130788190614,3,184.9477093147525
sano,84,8,B_incremental,5216.0,3,299.25130788190614,3,184.9477093147525
sano,84,9,B_incremental,5216.0,3,299.25130788190614,3,184.9477093147525
sano,84,10,B_incremental,5216.0,3,299.25130788190614,3,184.9477093147525
sano,84,11,B_incremental,5216.0,3,299.25130788190614,3,184.9477093147525
sano,86,0,A_steiner,5206.0,1,61.468206986592456,2,132.64994997265197
sano,86,1,A_steiner,5206.0,1,61.468206986592456,2,132.64994997265197
sano,86,2,A_steiner,5206.0,1,61.468206986592456,2,132.64994997265197
sano,86,3,A_steiner,5206.0,1,61.468206986592456,2,132.64994997265197
sano,86,4,A_steiner,5206.0,1,61.468206986592456,2,132.64994997265197
sano,86,5,A_steiner,5206.0,1,61.468206986592456,2,132.64994997265197
sano,86,6,B_incremental,5206.0,1,61.468206986592456,2,132.64994997265197
sano,86,7,B_incremental,5206.0,1,61.468206986592456,2,132.64994997265197
sano,86,8,B_incremental,5206.0,1,61.468206986592456,2,132.64994997265197
sano,86,9,B_incremental,5206.0,1,61.468206986592456,2,132.64994997265197
sano,86,10,B_incremental,5206.0,1,61.468206986592456,2,132.64994997265197
sano,86,11,B_incremental,5206.0,1,61.468206986592456,2,132.64994997265197
sano,87,0,A_steiner,4807.0,2,113.97790965334323,3,248.60627824457717
sano,87,1,A_steiner,4807.0,2,113.97790965334323,3,248.60627824457717
sano,87,2,A_steiner,4807.0,2,113.97790965334323,3,248.60627824457717
sano,87,3,A_steiner,4807.0,2,113.97790965334323,3,248.60627824457717
sano,87,4,A_steiner,4807.0,2,113.97790965334323,3,248.60627824457717
sano,87,5,A_steiner,4807.0,2,113.97790965334323,3,248.60627824457717
sano,87,6,B_incremental,4807.0,2,113.97790965334323,3,248.60627824457717
sano,87,7,B_incremental,4807.0,2,113.97790965334323,3,248.60627824457717
sano,87,8,B_incremental,4807.0,2,113.97790965334323,3,248.60627824457717
sano,87,9,B_incremental,4807.0,2,113.97790965334323,3,248.60627824457717
sano,87,10,B_incremental,4807.0,2,113.97790965334323,3,248.60627824457717
sano,87,11,B_incremental,4807.0,2,113.97790965334323,3,248.60627824457717
sano,88,0,A_steiner,6160.0,1,84.3377726267284,2,68.21166694025257
sano,88,1,A_steiner,6160.0,1,84.3377726267284,2,68.21166694025257
sano,88,2,A_steiner,6160.0,1,84.3377726267284,2,68.21166694025257
sano,88,3,A_steiner,6160.0,1,84.3377726267284,2,68.21166694025257
sano,88,4,A_steiner,6160.0,1,84.3377726267284,2,68.21166694025257
sano,88,5,A_steiner,6160.0,1,84.3377726267284,2,68.21166694025257
sano,88,6,B_incremental,6160.0,1,84.3377726267284,2,68.21166694025257
sano,88,7,B_incremental,6160.0,1,84.3377726267284,2,68.21166694025257
sano,88,8,B_incremental,6160.0,1,84.3377726267284,2,68.21166694025257
sano,88,9,B_incremental,6160.0,1,84.3377726267284,2,68.21166694025257
sano,88,10,B_incremental,6160.0,1,84.3377726267284,2,68.21166694025257
sano,88,11,B_incremental,6160.0,1,84.3377726267284,2,68.21166694025257
sano,91,0,A_steiner,5716.0,1,36.82961136514498,2,81.55473699128314
sano,91,1,A_steiner,5716.0,1,36.82961136514498,2,81.55473699128314
sano,91,2,A_steiner,5716.0,1,36.82961136514498,2,81.55473699128314
sano,91,3,A_steiner,5716.0,1,36.82961136514498,2,81.55473699128314
sano,91,4,A_steiner,5716.0,1,36.82961136514498,2,81.55473699128314
sano,91,5,A_steiner,5716.0,1,36.82961136514498,2,81.55473699128314
sano,91,6,B_incremental,5716.0,1,36.82961136514498,2,81.55473699128314
sano,91,7,B_incremental,5716.0,1,36.82961136514498,2,81.55473699128314
sano,91,8,B_incremental,5716.0,1,36.82961136514498,2,81.55473699128314
sano,91,9,B_incremental,5716.0,1,36.82961136514498,2,81.55473699128314
sano,91,10,B_incremental,5716.0,1,36.82961136514498,2,81.55473699128314
sano,91,11,B_incremental,5716.0,1,36.82961136514498,2,81.55473699128314
sano,93,0,A_steiner,1838.0,1,124.96172208371742,2,113.9969824307358
sano,93,1,A_steiner,1838.0,1,124.96172208371742,2,113.9969824307358
sano,93,2,A_steiner,1838.0,1,124.96172208371742,2,113.9969824307358
sano,93,3,A_steiner,1838.0,1,124.96172208371742,2,113.9969824307358
sano,93,4,A_steiner,1838.0,1,124.96172208371742,2,113.9969824307358
sano,93,5,A_steiner,1838.0,1,124.96172208371742,2,113.9969824307358
sano,93,6,B_incremental,1838.0,1,124.96172208371742,2,113.9969824307358
sano,93,7,B_incremental,1838.0,1,124.96172208371742,2,113.9969824307358
sano,93,8,B_incremental,1838.0,1,124.96172208371742,2,113.9969824307358
sano,93,9,B_incremental,1838.0,1,124.96172208371742,2,113.9969824307358
sano,93,10,B_incremental,1838.0,1,124.96172208371742,2,113.9969824307358
sano,93,11,B_incremental,1838.0,1,124.96172208371742,2,113.9969824307358
sano,94,0,A_steiner,1844.0,1,51.303953507264566,2,96.22756658561953
sano,94,1,A_steiner,1844.0,1,51.303953507264566,2,96.22756658561953
sano,94,2,A_steiner,1844.0,1,51.303953507264566,2,96.22756658561953
sano,94,3,A_steiner,1844.0,1,51.303953507264566,2,96.22756658561953
sano,94,4,A_steiner,1844.0,1,51.303953507264566,2,96.22756658561953
sano,94,5,A_steiner,1844.0,1,51.303953507264566,2,96.22756658561953
sano,94,6,B_incremental,1844.0,1,51.303953507264566,2,96.22756658561953
sano,94,7,B_incremental,1844.0,1,51.303953507264566,2,96.22756658561953
sano,94,8,B_incremental,1844.0,1,51.303953507264566,2,96.22756658561953
sano,94,9,B_incremental,1844.0,1,51.303953507264566,2,96.22756658561953
sano,94,10,B_incremental,1844.0,1,51.303953507264566,2,96.22756658561953
sano,94,11,B_incremental,1844.0,1,51.303953507264566,2,96.22756658561953
sano,95,0,A_steiner,1883.0,3,361.7176948073198,3,88.92135352747405
sano,95,1,A_steiner,1883.0,3,361.7176948073198,3,88.92135352747405
sano,95,2,A_steiner,1883.0,3,361.7176948073198,3,88.92135352747405
sano,95,3,A_steiner,1883.0,3,361.7176948073198,3,88.92135352747405
sano,95,4,A_steiner,1883.0,3,361.7176948073198,3,88.92135352747405
sano,95,5,A_steiner,1883.0,3,361.7176948073198,3,88.92135352747405
sano,95,6,B_incremental,1883.0,3,361.71769480731973,3,88.92135352747405
sano,95,7,B_incremental,1883.0,3,361.71769480731973,3,88.92135352747405
sano,95,8,B_incremental,1883.0,3,361.71769480731973,3,88.92135352747405
sano,95,9,B_incremental,1883.0,3,361.71769480731973,3,88.92135352747405
sano,95,10,B_incremental,1883.0,3,361.71769480731973,3,88.92135352747405
sano,95,11,B_incremental,1883.0,3,361.71769480731973,3,88.92135352747405
sano,99,0,A_steiner,4547.0,1,8.533028096397546,2,18.63659888721473
sano,99,1,A_steiner,4547.0,1,8.533028096397546,2,18.63659888721473
sano,99,2,A_steiner,4547.0,1,8.533028096397546,2,18.63659888721473
sano,99,3,A_steiner,4547.0,1,8.533028096397546,2,18.63659888721473
sano,99,4,A_steiner,4547.0,1,8.533028096397546,2,18.63659888721473
sano,99,5,A_steiner,4547.0,1,8.533028096397546,2,18.63659888721473
sano,99,6,B_incremental,4547.0,1,8.533028096397546,2,18.63659888721473
sano,99,7,B_incremental,4547.0,1,8.533028096397546,2,18.63659888721473
sano,99,8,B_incremental,4547.0,1,8.533028096397546,2,18.63659888721473
sano,99,9,B_incremental,4547.0,1,8.533028096397546,2,18.63659888721473
sano,99,10,B_incremental,4547.0,1,8.533028096397546,2,18.63659888721473
sano,99,11,B_incremental,4547.0,1,8.533028096397546,2,18.63659888721473
sano,100,0,A_steiner,1467.0,2,95.92914598115223,3,101.86977688461756
sano,100,1,A_steiner,1467.0,2,95.92914598115223,3,101.86977688461756
sano,100,2,A_steiner,1467.0,2,95.92914598115223,3,101.86977688461756
sano,100,3,A_steiner,1467.0,2,95.92914598115223,3,101.86977688461756
sano,100,4,A_steiner,1467.0,2,95.92914598115223,3,101.86977688461756
sano,100,5,A_steiner,1467.0,2,95.92914598115223,3,101.86977688461756
sano,100,6,B_incremental,1467.0,2,95.92914598115223,3,101.86977688461756
sano,100,7,B_incremental,1467.0,2,95.92914598115223,3,101.86977688461756
sano,100,8,B_incremental,1467.0,2,95.92914598115223,3,101.86977688461756
sano,100,9,B_incremental,1467.0,2,95.92914598115223,3,101.86977688461756
sano,100,10,B_incremental,1467.0,2,95.92914598115223,3,101.86977688461756
sano,100,11,B_incremental,1467.0,2,95.92914598115223,3,101.86977688461756
sano,102,0,A_steiner,1804.0,2,105.08783278573546,3,180.9044578524768
sano,102,1,A_steiner,1804.0,2,105.08783278573546,3,180.9044578524768
sano,102,2,A_steiner,1804.0,2,105.08783278573546,3,180.9044578524768
sano,102,3,A_steiner,1804.0,2,105.08783278573546,3,180.9044578524768
sano,102,4,A_steiner,1804.0,2,105.08783278573546,3,180.9044578524768
sano,102,5,A_steiner,1804.0,2,105.08783278573546,3,180.9044578524768
sano,102,6,B_incremental,1804.0,2,105.08783278573546,3,180.9044578524768
sano,102,7,B_incremental,1804.0,2,105.08783278573546,3,180.9044578524768
sano,102,8,B_incremental,1804.0,2,105.08783278573546,3,180.9044578524768
sano,102,9,B_incremental,1804.0,2,105.08783278573546,3,180.9044578524768
sano,102,10,B_incremental,1804.0,2,105.08783278573546,3,180.9044578524768
sano,102,11,B_incremental,1804.0,2,105.08783278573546,3,180.9044578524768
sano,103,0,A_steiner,4359.0,3,212.80661560913893,2,152.46883146114024
sano,103,1,A_steiner,4359.0,3,212.80661560913893,2,152.46883146114024
sano,103,2,A_steiner,4359.0,3,212.80661560913893,2,152.46883146114024
sano,103,3,A_steiner,4359.0,3,212.80661560913893,2,152.46883146114024
sano,103,4,A_steiner,4359.0,3,212.80661560913893,2,152.46883146114024
sano,103,5,A_steiner,4359.0,3,212.80661560913893,2,152.46883146114024
sano,103,6,B_incremental,4359.0,3,212.80661560913893,2,152.46883146114024
sano,103,7,B_incremental,4359.0,3,212.80661560913893,2,152.46883146114024
sano,103,8,B_incremental,4359.0,3,212.80661560913893,2,152.46883146114024
sano,103,9,B_incremental,4359.0,3,212.80661560913893,2,152.46883146114024
sano,103,10,B_incremental,4359.0,3,212.80661560913893,2,152.46883146114024
sano,103,11,B_incremental,4359.0,3,212.80661560913893,2,152.46883146114024
sano,104,0,A_steiner,877.0,1,39.171776039471226,2,85.76430277663314
sano,104,1,A_steiner,877.0,1,39.171776039471226,2,85.76430277663314
sano,104,2,A_steiner,877.0,1,39.171776039471226,2,85.76430277663314
sano,104,3,A_steiner,877.0,1,39.171776039471226,2,85.76430277663314
sano,104,4,A_steiner,877.0,1,39.171776039471226,2,85.76430277663314
sano,104,5,A_steiner,877.0,1,39.171776039471226,2,85.76430277663314
sano,104,6,B_incremental,877.0,1,39.171776039471226,2,85.76430277663314
sano,104,7,B_incremental,877.0,1,39.171776039471226,2,85.76430277663314
sano,104,8,B_incremental,877.0,1,39.171776039471226,2,85.76430277663314
sano,104,9,B_incremental,877.0,1,39.171776039471226,2,85.76430277663314
sano,104,10,B_incremental,877.0,1,39.171776039471226,2,85.76430277663314
sano,104,11,B_incremental,877.0,1,39.171776039471226,2,85.76430277663314
sano,105,0,A_steiner,3945.0,1,36.16859159707684,2,229.0067546671159
sano,105,1,A_steiner,3945.0,1,36.16859159707684,2,229.0067546671159
sano,105,2,A_steiner,3945.0,1,36.16859159707684,2,229.0067546671159
sano,105,3,A_steiner,3945.0,1,36.16859159707684,2,229.0067546671159
sano,105,4,A_steiner,3945.0,1,36.16859159707684,2,229.0067546671159
sano,105,5,A_steiner,3945.0,1,36.16859159707684,2,229.0067546671159
sano,105,6,B_incremental,3945.0,1,36.16859159707684,2,229.0067546671159
sano,105,7,B_incremental,3945.0,1,36.16859159707684,2,229.0067546671159
sano,105,8,B_incremental,3945.0,1,36.16859159707684,2,229.0067546671159
sano,105,9,B_incremental,3945.0,1,36.16859159707684,2,229.0067546671159
sano,105,10,B_incremental,3945.0,1,36.16859159707684,2,229.0067546671159
sano,105,11,B_incremental,3945.0,1,36.16859159707684,2,229.0067546671159
sano,106,0,A_steiner,5227.0,3,141.8777495857487,2,83.47766013090649
sano,106,1,A_steiner,5227.0,3,141.8777495857487,2,83.47766013090649
sano,106,2,A_steiner,5227.0,3,141.8777495857487,2,83.47766013090649
sano,106,3,A_steiner,5227.0,3,141.8777495857487,2,83.47766013090649
sano,106,4,A_steiner,5227.0,3,141.8777495857487,2,83.47766013090649
sano,106,5,A_steiner,5227.0,3,141.8777495857487,2,83.47766013090649
sano,106,6,B_incremental,5227.0,3,141.87774958574872,2,83.47766013090649
sano,106,7,B_incremental,5227.0,3,141.87774958574872,2,83.47766013090649
sano,106,8,B_incremental,5227.0,3,141.87774958574872,2,83.47766013090649
sano,106,9,B_incremental,5227.0,3,141.87774958574872,2,83.47766013090649
sano,106,10,B_incremental,5227.0,3,141.87774958574872,2,83.47766013090649
sano,106,11,B_incremental,5227.0,3,141.87774958574872,2,83.47766013090649
sano,107,0,A_steiner,3721.0,4,333.5975882399306,5,335.8237427544286
sano,107,1,A_steiner,3721.0,4,333.5975882399306,5,335.8237427544286
sano,107,2,A_steiner,3721.0,4,333.5975882399306,5,335.8237427544286
sano,107,3,A_steiner,3721.0,4,333.5975882399306,5,335.8237427544286
sano,107,4,A_steiner,3721.0,4,333.5975882399306,5,335.8237427544286
sano,107,5,A_steiner,3721.0,4,333.5975882399306,5,335.8237427544286
sano,107,6,B_incremental,3721.0,4,333.5975882399306,5,335.8237427544286
sano,107,7,B_incremental,3721.0,4,333.5975882399306,5,335.8237427544286
sano,107,8,B_incremental,3721.0,4,333.5975882399306,5,335.8237427544286
sano,107,9,B_incremental,3721.0,4,333.5975882399306,5,335.8237427544286
sano,107,10,B_incremental,3721.0,4,333.5975882399306,5,335.8237427544286
sano,107,11,B_incremental,3721.0,4,333.5975882399306,5,335.8237427544286
sano,108,0,A_steiner,4996.0,3,92.14761662554702,3,74.0151118080123
sano,108,1,A_steiner,4996.0,2,87.2302157653191,3,74.0151118080123
sano,108,2,A_steiner,4996.0,2,87.2302157653191,3,74.0151118080123
sano,108,3,A_steiner,4996.0,2,87.2302157653191,3,74.0151118080123
sano,108,4,A_steiner,4996.0,3,92.14761662554702,3,74.0151118080123
sano,108,5,A_steiner,4996.0,2,87.2302157653191,3,74.0151118080123
sano,108,6,B_incremental,4996.0,2,87.2302157653191,3,74.0151118080123
sano,108,7,B_incremental,4996.0,2,87.2302157653191,3,74.0151118080123
sano,108,8,B_incremental,4996.0,2,87.2302157653191,3,74.0151118080123
sano,108,9,B_incremental,4996.0,2,87.2302157653191,3,74.0151118080123
sano,108,10,B_incremental,4996.0,2,87.2302157653191,3,74.0151118080123
sano,108,11,B_incremental,4996.0,2,87.2302157653191,3,74.0151118080123
sano,109,0,A_steiner,1671.0,4,252.44433076866682,3,194.32584441084117
sano,109,1,A_steiner,1671.0,4,252.44433076866682,3,194.32584441084117
sano,109,2,A_steiner,1671.0,4,252.44433076866682,3,194.32584441084117
sano,109,3,A_steiner,1671.0,4,252.44433076866682,3,194.32584441084117
sano,109,4,A_steiner,1671.0,4,252.44433076866682,3,194.32584441084117
sano,109,5,A_steiner,1671.0,4,252.44433076866682,3,194.32584441084117
sano,109,6,B_incremental,1671.0,4,252.44433076866682,3,194.32584441084117
sano,109,7,B_incremental,1671.0,4,252.44433076866682,3,194.32584441084117
sano,109,8,B_incremental,1671.0,4,252.44433076866682,3,194.32584441084117
sano,109,9,B_incremental,1671.0,4,252.44433076866682,3,194.32584441084117
sano,109,10,B_incremental,1671.0,4,252.44433076866682,3,194.32584441084117
sano,109,11,B_incremental,1671.0,4,252.44433076866682,3,194.32584441084117
sano,110,0,A_steiner,1648.0,1,24.23863817881941,2,138.2393842889484
sano,110,1,A_steiner,1648.0,1,24.23863817881941,2,138.2393842889484
sano,110,2,A_steiner,1648.0,1,24.23863817881941,2,138.2393842889484
sano,110,3,A_steiner,1648.0,1,24.23863817881941,2,138.2393842889484
sano,110,4,A_steiner,1648.0,1,24.23863817881941,2,138.2393842889484
sano,110,5,A_steiner,1648.0,1,24.23863817881941,2,138.2393842889484
sano,110,6,B_incremental,1648.0,1,24.23863817881941,2,138.2393842889484
sano,110,7,B_incremental,1648.0,1,24.23863817881941,2,138.2393842889484
sano,110,8,B_incremental,1648.0,1,24.23863817881941,2,138.2393842889484
sano,110,9,B_incremental,1648.0,1,24.23863817881941,2,138.2393842889484
sano,110,10,B_incremental,1648.0,1,24.23863817881941,2,138.2393842889484
sano,110,11,B_incremental,1648.0,1,24.23863817881941,2,138.2393842889484
sano,111,0,A_steiner,1423.0,3,176.34210322078332,2,52.60487361982568
sano,111,1,A_steiner,1423.0,3,176.34210322078332,2,52.60487361982568
sano,111,2,A_steiner,1423.0,3,176.34210322078332,2,52.60487361982568
sano,111,3,A_steiner,1423.0,3,176.34210322078332,2,52.60487361982568
sano,111,4,A_steiner,1423.0,3,176.34210322078332,2,52.60487361982568
sano,111,5,A_steiner,1423.0,3,176.34210322078332,2,52.60487361982568
sano,111,6,B_incremental,1423.0,3,176.34210322078332,2,52.60487361982568
sano,111,7,B_incremental,1423.0,3,176.34210322078332,2,52.60487361982568
sano,111,8,B_incremental,1423.0,3,176.34210322078332,2,52.60487361982568
sano,111,9,B_incremental,1423.0,3,176.34210322078332,2,52.60487361982568
sano,111,10,B_incremental,1423.0,3,176.34210322078332,2,52.60487361982568
sano,111,11,B_incremental,1423.0,3,176.34210322078332,2,52.60487361982568
sano,113,0,A_steiner,5007.0,3,145.4951273234772,2,58.28061935424395
sano,113,1,A_steiner,5007.0,3,145.4951273234772,2,58.28061935424395
sano,113,2,A_steiner,5007.0,3,145.4951273234772,2,58.28061935424395
sano,113,3,A_steiner,5007.0,3,145.4951273234772,2,58.28061935424395
sano,113,4,A_steiner,5007.0,3,145.4951273234772,2,58.28061935424395
sano,113,5,A_steiner,5007.0,3,145.4951273234772,2,58.28061935424395
sano,113,6,B_incremental,5007.0,3,145.4951273234772,2,58.28061935424395
sano,113,7,B_incremental,5007.0,3,145.4951273234772,2,58.28061935424395
sano,113,8,B_incremental,5007.0,3,145.4951273234772,2,58.28061935424395
sano,113,9,B_incremental,5007.0,3,145.4951273234772,2,58.28061935424395
sano,113,10,B_incremental,5007.0,3,145.4951273234772,2,58.28061935424395
sano,113,11,B_incremental,5007.0,3,145.4951273234772,2,58.28061935424395
sano,115,0,A_steiner,1725.0,4,212.8409158542161,5,160.42327356349944
sano,115,1,A_steiner,1725.0,4,212.8409158542161,5,160.42327356349944
sano,115,2,A_steiner,1725.0,4,212.8409158542161,5,160.42327356349944
sano,115,3,A_steiner,1725.0,4,212.8409158542161,5,160.42327356349944
sano,115,4,A_steiner,1725.0,4,212.8409158542161,5,160.42327356349944
sano,115,5,A_steiner,1725.0,4,212.8409158542161,5,160.42327356349944
sano,115,6,B_incremental,1725.0,4,212.84091585421612,5,160.42327356349944
sano,115,7,B_incremental,1725.0,4,212.84091585421612,5,160.42327356349944
sano,115,8,B_incremental,1725.0,4,212.84091585421612,5,160.42327356349944
sano,115,9,B_incremental,1725.0,4,212.84091585421612,5,160.42327356349944
sano,115,10,B_incremental,1725.0,4,212.84091585421612,5,160.42327356349944
sano,115,11,B_incremental,1725.0,4,212.84091585421612,5,160.42327356349944
sano,117,0,A_steiner,4877.0,2,115.02969249949976,3,122.3016118814567
sano,117,1,A_steiner,4877.0,2,115.02969249949976,3,122.3016118814567
sano,117,2,A_steiner,4877.0,2,115.02969249949976,3,122.3016118814567
sano,117,3,A_steiner,4877.0,2,115.02969249949976,3,122.3016118814567
sano,117,4,A_steiner,4877.0,2,115.02969249949976,3,122.3016118814567
sano,117,5,A_steiner,4877.0,2,115.02969249949976,3,122.3016118814567
sano,117,6,B_incremental,4877.0,2,115.02969249949976,3,122.3016118814567
sano,117,7,B_incremental,4877.0,2,115.02969249949976,3,122.3016118814567
sano,117,8,B_incremental,4877.0,2,115.02969249949976,3,122.3016118814567
sano,117,9,B_incremental,4877.0,2,115.02969249949976,3,122.3016118814567
sano,117,10,B_incremental,4877.0,2,115.02969249949976,3,122.3016118814567
sano,117,11,B_incremental,4877.0,2,115.02969249949976,3,122.3016118814567
sano,118,0,A_steiner,91.0,1,26.768131832279494,2,54.6498621938674
sano,118,1,A_steiner,91.0,1,26.768131832279494,2,54.6498621938674
sano,118,2,A_steiner,91.0,1,26.768131832279494,2,54.6498621938674
sano,118,3,A_steiner,91.0,1,26.768131832279494,2,54.6498621938674
sano,118,4,A_steiner,91.0,1,26.768131832279494,2,54.6498621938674
sano,118,5,A_steiner,91.0,1,26.768131832279494,2,54.6498621938674
sano,118,6,B_incremental,91.0,1,26.768131832279494,2,54.6498621938674
sano,118,7,B_incremental,91.0,1,26.768131832279494,2,54.6498621938674
sano,118,8,B_incremental,91.0,1,26.768131832279494,2,54.6498621938674
sano,118,9,B_incremental,91.0,1,26.768131832279494,2,54.6498621938674
sano,118,10,B_incremental,91.0,1,26.768131832279494,2,54.6498621938674
sano,118,11,B_incremental,91.0,1,26.768131832279494,2,54.6498621938674
sano,121,0,A_steiner,1448.0,2,65.49937832424126,3,179.33136009594432
sano,121,1,A_steiner,1448.0,2,65.49937832424126,3,179.33136009594432
sano,121,2,A_steiner,1448.0,2,65.49937832424126,3,179.33136009594432
sano,121,3,A_steiner,1448.0,2,65.49937832424126,3,179.33136009594432
sano,121,4,A_steiner,1448.0,2,65.49937832424126,3,179.33136009594432
sano,121,5,A_steiner,1448.0,2,65.49937832424126,3,179.33136009594432
sano,121,6,B_incremental,1448.0,2,65.49937832424126,3,179.33136009594432
sano,121,7,B_incremental,1448.0,2,65.49937832424126,3,179.33136009594432
sano,121,8,B_incremental,1448.0,2,65.49937832424126,3,179.33136009594432
sano,121,9,B_incremental,1448.0,2,65.49937832424126,3,179.33136009594432
sano,121,10,B_incremental,1448.0,2,65.49937832424126,3,179.33136009594432
sano,121,11,B_incremental,1448.0,2,65.49937832424126,3,179.33136009594432
sano,124,0,A_steiner,5001.0,2,109.92156828008994,3,120.45301827714954
sano,124,1,A_steiner,5001.0,2,109.92156828008994,3,120.45301827714954
sano,124,2,A_steiner,5001.0,2,109.92156828008994,3,120.45301827714954
sano,124,3,A_steiner,5001.0,2,109.92156828008994,3,120.45301827714954
sano,124,4,A_steiner,5001.0,2,109.92156828008994,3,120.45301827714954
sano,124,5,A_steiner,5001.0,2,109.92156828008994,3,120.45301827714954
sano,124,6,B_incremental,5001.0,2,109.92156828008994,3,120.45301827714954
sano,124,7,B_incremental,5001.0,2,109.92156828008994,3,120.45301827714954
sano,124,8,B_incremental,5001.0,2,109.92156828008994,3,120.45301827714954
sano,124,9,B_incremental,5001.0,2,109.92156828008994,3,120.45301827714954
sano,124,10,B_incremental,5001.0,2,109.92156828008994,3,120.45301827714954
sano,124,11,B_incremental,5001.0,2,109.92156828008994,3,120.45301827714954
sano,126,0,A_steiner,3723.0,1,58.05916183959247,2,82.95257230112206
sano,126,1,A_steiner,3723.0,1,58.05916183959247,2,82.95257230112206
sano,126,2,A_steiner,3723.0,1,58.05916183959247,2,82.95257230112206
sano,126,3,A_steiner,3723.0,1,58.05916183959247,2,82.95257230112206
sano,126,4,A_steiner,3723.0,1,58.05916183959247,2,82.95257230112206
sano,126,5,A_steiner,3723.0,1,58.05916183959247,2,82.95257230112206
sano,126,6,B_incremental,3723.0,1,58.05916183959247,2,82.95257230112206
sano,126,7,B_incremental,3723.0,1,58.05916183959247,2,82.95257230112206
sano,126,8,B_incremental,3723.0,1,58.05916183959247,2,82.95257230112206
sano,126,9,B_incremental,3723.0,1,58.05916183959247,2,82.95257230112206
sano,126,10,B_incremental,3723.0,1,58.05916183959247,2,82.95257230112206
sano,126,11,B_incremental,3723.0,1,58.05916183959247,2,82.95257230112206
sano,132,0,A_steiner,1831.0,1,31.40227534996073,2,40.93713869861483
sano,132,1,A_steiner,1831.0,1,31.40227534996073,2,40.93713869861483
sano,132,2,A_steiner,1831.0,1,31.40227534996073,2,40.93713869861483
sano,132,3,A_steiner,1831.0,1,31.40227534996073,2,40.93713869861483
sano,132,4,A_steiner,1831.0,1,31.40227534996073,2,40.93713869861483
sano,132,5,A_steiner,1831.0,1,31.40227534996073,2,40.93713869861483
sano,132,6,B_incremental,1831.0,1,31.40227534996073,2,40.93713869861483
sano,132,7,B_incremental,1831.0,1,31.40227534996073,2,40.93713869861483
sano,132,8,B_incremental,1831.0,1,31.40227534996073,2,40.93713869861483
sano,132,9,B_incremental,1831.0,1,31.40227534996073,2,40.93713869861483
sano,132,10,B_incremental,1831.0,1,31.40227534996073,2,40.93713869861483
sano,132,11,B_incremental,1831.0,1,31.40227534996073,2,40.93713869861483
sano,133,0,A_steiner,5010.0,2,148.8657215090046,3,145.75988396690485
sano,133,1,A_steiner,5010.0,2,148.8657215090046,3,145.75988396690485
sano,133,2,A_steiner,5010.0,2,148.8657215090046,3,145.75988396690485
sano,133,3,A_steiner,5010.0,2,148.8657215090046,3,145.75988396690485
sano,133,4,A_steiner,5010.0,2,148.8657215090046,3,145.75988396690485
sano,133,5,A_steiner,5010.0,2,148.8657215090046,3,145.75988396690485
sano,133,6,B_incremental,5010.0,2,148.8657215090046,3,145.75988396690485
sano,133,7,B_incremental,5010.0,2,148.8657215090046,3,145.75988396690485
sano,133,8,B_incremental,5010.0,2,148.8657215090046,3,145.75988396690485
sano,133,9,B_incremental,5010.0,2,148.8657215090046,3,145.75988396690485
sano,133,10,B_incremental,5010.0,2,148.8657215090046,3,145.75988396690485
sano,133,11,B_incremental,5010.0,2,148.8657215090046,3,145.75988396690485
sano,134,0,A_steiner,1483.0,3,132.44637164103935,4,293.24913540534254
sano,134,1,A_steiner,1483.0,3,132.44637164103935,4,293.24913540534254
sano,134,2,A_steiner,1483.0,3,132.44637164103935,4,293.24913540534254
sano,134,3,A_steiner,1483.0,3,132.44637164103935,4,293.24913540534254
sano,134,4,A_steiner,1483.0,3,132.44637164103935,4,293.24913540534254
sano,134,5,A_steiner,1483.0,3,132.44637164103935,4,293.24913540534254
sano,134,6,B_incremental,1483.0,3,132.44637164103935,4,293.24913540534254
sano,134,7,B_incremental,1483.0,3,132.44637164103935,4,293.24913540534254
sano,134,8,B_incremental,1483.0,3,132.44637164103935,4,293.24913540534254
sano,134,9,B_incremental,1483.0,3,132.44637164103935,4,293.24913540534254
sano,134,10,B_incremental,1483.0,3,132.44637164103935,4,293.24913540534254
sano,134,11,B_incremental,1483.0,3,132.44637164103935,4,293.24913540534254
sano,135,0,A_steiner,6238.0,6,365.8052235952296,5,293.5741100498797
sano,135,1,A_steiner,6238.0,6,365.8052235952296,5,293.5741100498797
sano,135,2,A_steiner,6238.0,6,365.8052235952296,5,293.5741100498797
sano,135,3,A_steiner,6238.0,6,365.8052235952296,5,293.5741100498797
sano,135,4,A_steiner,6238.0,6,365.8052235952296,5,293.5741100498797
sano,135,5,A_steiner,6238.0,6,365.8052235952296,5,293.5741100498797
sano,135,6,B_incremental,6238.0,6,365.8052235952296,5,293.5741100498797
sano,135,7,B_incremental,6238.0,6,365.8052235952296,5,293.5741100498797
sano,135,8,B_incremental,6238.0,6,365.8052235952296,5,293.5741100498797
sano,135,9,B_incremental,6238.0,6,365.8052235952296,5,293.5741100498797
sano,135,10,B_incremental,6238.0,6,365.8052235952296,5,293.5741100498797
sano,135,11,B_incremental,6238.0,6,365.8052235952296,5,293.5741100498797
sano,138,0,A_steiner,5681.0,2,53.016690120500314,3,88.64102534779732
sano,138,1,A_steiner,5681.0,2,53.016690120500314,3,88.64102534779732
sano,138,2,A_steiner,5681.0,2,53.016690120500314,3,88.64102534779732
sano,138,3,A_steiner,5681.0,2,53.016690120500314,3,88.64102534779732
sano,138,4,A_steiner,5681.0,2,53.016690120500314,3,88.64102534779732
sano,138,5,A_steiner,5681.0,2,53.016690120500314,3,88.64102534779732
sano,138,6,B_incremental,5681.0,2,53.016690120500314,3,88.64102534779732
sano,138,7,B_incremental,5681.0,2,53.016690120500314,3,88.64102534779732
sano,138,8,B_incremental,5681.0,2,53.016690120500314,3,88.64102534779732
sano,138,9,B_incremental,5681.0,2,53.016690120500314,3,88.64102534779732
sano,138,10,B_incremental,5681.0,2,53.016690120500314,3,88.64102534779732
sano,138,11,B_incremental,5681.0,2,53.016690120500314,3,88.64102534779732
sano,139,0,A_steiner,4866.0,1,30.153329124115416,2,55.40077872479961
sano,139,1,A_steiner,4866.0,1,30.153329124115416,2,55.40077872479961
sano,139,2,A_steiner,4866.0,1,30.153329124115416,2,55.40077872479961
sano,139,3,A_steiner,4866.0,1,30.153329124115416,2,55.40077872479961
sano,139,4,A_steiner,4866.0,1,30.153329124115416,2,55.40077872479961
sano,139,5,A_steiner,4866.0,1,30.153329124115416,2,55.40077872479961
sano,139,6,B_incremental,4866.0,1,30.153329124115416,2,55.40077872479961
sano,139,7,B_incremental,4866.0,1,30.153329124115416,2,55.40077872479961
sano,139,8,B_incremental,4866.0,1,30.153329124115416,2,55.40077872479961
sano,139,9,B_incremental,4866.0,1,30.153329124115416,2,55.40077872479961
sano,139,10,B_incremental,4866.0,1,30.153329124115416,2,55.40077872479961
sano,139,11,B_incremental,4866.0,1,30.153329124115416,2,55.40077872479961
sano,142,0,A_steiner,5500.0,3,118.16286928869809,4,123.5790072673037
sano,142,1,A_steiner,5500.0,3,118.16286928869809,4,123.5790072673037
sano,142,2,A_steiner,5500.0,3,118.16286928869809,4,123.5790072673037
sano,142,3,A_steiner,5500.0,3,118.16286928869809,4,123.5790072673037
sano,142,4,A_steiner,5500.0,3,118.16286928869809,4,123.5790072673037
sano,142,5,A_steiner,5500.0,3,118.16286928869809,4,123.5790072673037
sano,142,6,B_incremental,5500.0,3,118.16286928869808,4,123.5790072673037
sano,142,7,B_incremental,5500.0,3,118.16286928869808,4,123.5790072673037
sano,142,8,B_incremental,5500.0,3,118.16286928869809,4,123.5790072673037
sano,142,9,B_incremental,5500.0,3,118.16286928869808,4,123.5790072673037
sano,142,10,B_incremental,5500.0,3,118.16286928869809,4,123.5790072673037
sano,142,11,B_incremental,5500.0,3,118.16286928869808,4,123.5790072673037
sano,146,0,A_steiner,6153.0,1,59.75889520962647,2,74.64784444130069
sano,146,1,A_steiner,6153.0,1,59.75889520962647,2,74.64784444130069
sano,146,2,A_steiner,6153.0,1,59.75889520962647,2,74.64784444130069
sano,146,3,A_steiner,6153.0,1,59.75889520962647,2,74.64784444130069
sano,146,4,A_steiner,6153.0,1,59.75889520962647,2,74.64784444130069
sano,146,5,A_steiner,6153.0,1,59.75889520962647,2,74.64784444130069
sano,146,6,B_incremental,6153.0,1,59.75889520962647,2,74.64784444130069
sano,146,7,B_incremental,6153.0,1,59.75889520962647,2,74.64784444130069
sano,146,8,B_incremental,6153.0,1,59.75889520962647,2,74.64784444130069
sano,146,9,B_incremental,6153.0,1,59.75889520962647,2,74.64784444130069
sano,146,10,B_incremental,6153.0,1,59.75889520962647,2,74.64784444130069
sano,146,11,B_incremental,6153.0,1,59.75889520962647,2,74.64784444130069
sano,147,0,A_steiner,5229.0,1,55.37945385599768,2,145.28233338704757
sano,147,1,A_steiner,5229.0,1,55.37945385599768,2,145.28233338704757
sano,147,2,A_steiner,5229.0,1,55.37945385599768,2,145.28233338704757
sano,147,3,A_steiner,5229.0,1,55.37945385599768,2,145.28233338704757
sano,147,4,A_steiner,5229.0,1,55.37945385599768,2,145.28233338704757
sano,147,5,A_steiner,5229.0,1,55.37945385599768,2,145.28233338704757
sano,147,6,B_incremental,5229.0,1,55.37945385599768,2,145.28233338704757
sano,147,7,B_incremental,5229.0,1,55.37945385599768,2,145.28233338704757
sano,147,8,B_incremental,5229.0,1,55.37945385599768,2,145.28233338704757
sano,147,9,B_incremental,5229.0,1,55.37945385599768,2,145.28233338704757
sano,147,10,B_incremental,5229.0,1,55.37945385599768,2,145.28233338704757
sano,147,11,B_incremental,5229.0,1,55.37945385599768,2,145.28233338704757
sano,149,0,A_steiner,83.0,2,46.87549263237843,3,55.7024904695949
sano,149,1,A_steiner,83.0,2,46.87549263237843,3,55.7024904695949
sano,149,2,A_steiner,83.0,2,46.87549263237843,3,55.7024904695949
sano,149,3,A_steiner,83.0,2,46.87549263237843,3,55.7024904695949
sano,149,4,A_steiner,83.0,2,46.87549263237843,3,55.7024904695949
sano,149,5,A_steiner,83.0,2,46.87549263237843,3,55.7024904695949
sano,149,6,B_incremental,83.0,2,46.87549263237843,3,55.7024904695949
sano,149,7,B_incremental,83.0,2,46.87549263237843,3,55.7024904695949
sano,149,8,B_incremental,83.0,2,46.87549263237843,3,55.7024904695949
sano,149,9,B_incremental,83.0,2,46.87549263237843,3,55.7024904695949
sano,149,10,B_incremental,83.0,2,46.87549263237843,3,55.7024904695949
sano,149,11,B_incremental,83.0,2,46.87549263237843,3,55.7024904695949
sano,150,0,A_steiner,4865.0,1,56.98554734769239,2,70.35870711090092
sano,150,1,A_steiner,4865.0,1,56.98554734769239,2,70.35870711090092
sano,150,2,A_steiner,4865.0,1,56.98554734769239,2,70.35870711090092
sano,150,3,A_steiner,4865.0,1,56.98554734769239,2,70.35870711090092
sano,150,4,A_steiner,4865.0,1,56.98554734769239,2,70.35870711090092
sano,150,5,A_steiner,4865.0,1,56.98554734769239,2,70.35870711090092
sano,150,6,B_incremental,4865.0,1,56.98554734769239,2,70.35870711090092
sano,150,7,B_incremental,4865.0,1,56.98554734769239,2,70.35870711090092
sano,150,8,B_incremental,4865.0,1,56.98554734769239,2,70.35870711090092
sano,150,9,B_incremental,4865.0,1,56.98554734769239,2,70.35870711090092
sano,150,10,B_incremental,4865.0,1,56.98554734769239,2,70.35870711090092
sano,150,11,B_incremental,4865.0,1,56.98554734769239,2,70.35870711090092
sano,152,0,A_steiner,5503.0,2,91.01130065329102,3,90.56934825665141
sano,152,1,A_steiner,5503.0,2,91.01130065329102,3,90.56934825665141
sano,152,2,A_steiner,5503.0,2,91.01130065329102,3,90.56934825665141
sano,152,3,A_steiner,5503.0,2,91.01130065329102,3,90.56934825665141
sano,152,4,A_steiner,5503.0,2,91.01130065329102,3,90.56934825665141
sano,152,5,A_steiner,5503.0,2,91.01130065329102,3,90.56934825665141
sano,152,6,B_incremental,5503.0,2,91.01130065329102,3,90.56934825665141
sano,152,7,B_incremental,5503.0,2,91.01130065329102,3,90.56934825665141
sano,152,8,B_incremental,5503.0,2,91.01130065329102,3,90.56934825665141
sano,152,9,B_incremental,5503.0,2,91.01130065329102,3,90.56934825665141
sano,152,10,B_incremental,5503.0,2,91.01130065329102,3,90.56934825665141
sano,152,11,B_incremental,5503.0,2,91.01130065329102,3,90.56934825665141
sano,153,0,A_steiner,4855.0,3,307.098296341791,2,153.62597571851938
sano,153,1,A_steiner,4855.0,3,307.098296341791,2,153.62597571851938
sano,153,2,A_steiner,4855.0,3,307.098296341791,2,153.62597571851938
sano,153,3,A_steiner,4855.0,3,307.098296341791,2,153.62597571851938
sano,153,4,A_steiner,4855.0,3,307.098296341791,2,153.62597571851938
sano,153,5,A_steiner,4855.0,3,307.098296341791,2,153.62597571851938
sano,153,6,B_incremental,4855.0,3,307.098296341791,2,153.62597571851938
sano,153,7,B_incremental,4855.0,3,307.098296341791,2,153.62597571851938
sano,153,8,B_incremental,4855.0,3,307.098296341791,2,153.62597571851938
sano,153,9,B_incremental,4855.0,3,307.098296341791,2,153.62597571851938
sano,153,10,B_incremental,4855.0,3,307.098296341791,2,153.62597571851938
sano,153,11,B_incremental,4855.0,3,307.098296341791,2,153.62597571851938
sano,156,0,A_steiner,4993.0,1,93.59121582527943,2,112.65213392083268
sano,156,1,A_steiner,4993.0,1,93.59121582527943,2,112.65213392083268
sano,156,2,A_steiner,4993.0,1,93.59121582527943,2,112.65213392083268
sano,156,3,A_steiner,4993.0,1,93.59121582527943,2,112.65213392083268
sano,156,4,A_steiner,4993.0,1,93.59121582527943,2,112.65213392083268
sano,156,5,A_steiner,4993.0,1,93.59121582527943,2,112.65213392083268
sano,156,6,B_incremental,4993.0,1,93.59121582527943,2,112.65213392083268
sano,156,7,B_incremental,4993.0,1,93.59121582527943,2,112.65213392083268
sano,156,8,B_incremental,4993.0,1,93.59121582527943,2,112.65213392083268
sano,156,9,B_incremental,4993.0,1,93.59121582527943,2,112.65213392083268
sano,156,10,B_incremental,4993.0,1,93.59121582527943,2,112.65213392083268
sano,156,11,B_incremental,4993.0,1,93.59121582527943,2,112.65213392083268
sano,157,0,A_steiner,5021.0,1,23.49069218835953,2,112.06092447510407
sano,157,1,A_steiner,5021.0,1,23.49069218835953,2,112.06092447510407
sano,157,2,A_steiner,5021.0,1,23.49069218835953,2,112.06092447510407
sano,157,3,A_steiner,5021.0,1,23.49069218835953,2,112.06092447510407
sano,157,4,A_steiner,5021.0,1,23.49069218835953,2,112.06092447510407
sano,157,5,A_steiner,5021.0,1,23.49069218835953,2,112.06092447510407
sano,157,6,B_incremental,5021.0,1,23.49069218835953,2,112.06092447510407
sano,157,7,B_incremental,5021.0,1,23.49069218835953,2,112.06092447510407
sano,157,8,B_incremental,5021.0,1,23.49069218835953,2,112.06092447510407
sano,157,9,B_incremental,5021.0,1,23.49069218835953,2,112.06092447510407
sano,157,10,B_incremental,5021.0,1,23.49069218835953,2,112.06092447510407
sano,157,11,B_incremental,5021.0,1,23.49069218835953,2,112.06092447510407
sano,158,0,A_steiner,5005.0,2,122.27276793563281,3,109.17074913502023
sano,158,1,A_steiner,5005.0,2,122.27276793563281,3,109.17074913502023
sano,158,2,A_steiner,5005.0,2,122.27276793563281,3,109.17074913502023
sano,158,3,A_steiner,5005.0,2,122.27276793563281,3,109.17074913502023
sano,158,4,A_steiner,5005.0,2,122.27276793563281,3,109.17074913502023
sano,158,5,A_steiner,5005.0,2,122.27276793563281,3,109.17074913502023
sano,158,6,B_incremental,5005.0,2,122.27276793563281,3,109.17074913502023
sano,158,7,B_incremental,5005.0,2,122.27276793563281,3,109.17074913502023
sano,158,8,B_incremental,5005.0,2,122.27276793563281,3,109.17074913502023
sano,158,9,B_incremental,5005.0,2,122.27276793563281,3,109.17074913502023
sano,158,10,B_incremental,5005.0,2,122.27276793563281,3,109.17074913502023
sano,158,11,B_incremental,5005.0,2,122.27276793563281,3,109.17074913502023
sano,161,0,A_steiner,1427.0,1,32.782004121903114,2,77.71544293319675
sano,161,1,A_steiner,1427.0,1,32.782004121903114,2,77.71544293319675
sano,161,2,A_steiner,1427.0,1,32.782004121903114,2,77.71544293319675
sano,161,3,A_steiner,1427.0,1,32.782004121903114,2,77.71544293319675
sano,161,4,A_steiner,1427.0,1,32.782004121903114,2,77.71544293319675
sano,161,5,A_steiner,1427.0,1,32.782004121903114,2,77.71544293319675
sano,161,6,B_incremental,1427.0,1,32.782004121903114,2,77.71544293319675
sano,161,7,B_incremental,1427.0,1,32.782004121903114,2,77.71544293319675
sano,161,8,B_incremental,1427.0,1,32.782004121903114,2,77.71544293319675
sano,161,9,B_incremental,1427.0,1,32.782004121903114,2,77.71544293319675
sano,161,10,B_incremental,1427.0,1,32.782004121903114,2,77.71544293319675
sano,161,11,B_incremental,1427.0,1,32.782004121903114,2,77.71544293319675
sano,162,0,A_steiner,1845.0,2,98.58203903702383,3,221.0056327725362
sano,162,1,A_steiner,1845.0,2,98.58203903702383,3,221.0056327725362
sano,162,2,A_steiner,1845.0,2,98.58203903702383,3,221.0056327725362
sano,162,3,A_steiner,1845.0,2,98.58203903702383,3,221.0056327725362
sano,162,4,A_steiner,1845.0,2,98.58203903702383,3,221.0056327725362
sano,162,5,A_steiner,1845.0,2,98.58203903702383,3,221.0056327725362
sano,162,6,B_incremental,1845.0,2,98.58203903702383,3,221.0056327725362
sano,162,7,B_incremental,1845.0,2,98.58203903702383,3,221.0056327725362
sano,162,8,B_incremental,1845.0,2,98.58203903702383,3,221.0056327725362
sano,162,9,B_incremental,1845.0,2,98.58203903702383,3,221.0056327725362
sano,162,10,B_incremental,1845.0,2,98.58203903702383,3,221.0056327725362
sano,162,11,B_incremental,1845.0,2,98.58203903702383,3,221.0056327725362
sano,164,0,A_steiner,5208.0,3,174.35646544986227,2,157.3349132686092
sano,164,1,A_steiner,5208.0,3,174.35646544986227,2,157.3349132686092
sano,164,2,A_steiner,5208.0,3,174.35646544986227,2,157.3349132686092
sano,164,3,A_steiner,5208.0,3,174.35646544986227,2,157.3349132686092
sano,164,4,A_steiner,5208.0,3,174.35646544986227,2,157.3349132686092
sano,164,5,A_steiner,5208.0,3,174.35646544986227,2,157.3349132686092
sano,164,6,B_incremental,5208.0,3,174.35646544986227,2,157.3349132686092
sano,164,7,B_incremental,5208.0,3,174.35646544986227,2,157.3349132686092
sano,164,8,B_incremental,5208.0,3,174.35646544986227,2,157.3349132686092
sano,164,9,B_incremental,5208.0,3,174.35646544986227,2,157.3349132686092
sano,164,10,B_incremental,5208.0,3,174.35646544986227,2,157.3349132686092
sano,164,11,B_incremental,5208.0,3,174.35646544986227,2,157.3349132686092
sano,166,0,A_steiner,864.0,1,76.90892155384353,2,161.32932847795163
sano,166,1,A_steiner,864.0,1,76.90892155384353,2,161.32932847795163
sano,166,2,A_steiner,864.0,1,76.90892155384353,2,161.32932847795163
sano,166,3,A_steiner,864.0,1,76.90892155384353,2,161.32932847795163
sano,166,4,A_steiner,864.0,1,76.90892155384353,2,161.32932847795163
sano,166,5,A_steiner,864.0,1,76.90892155384353,2,161.32932847795163
sano,166,6,B_incremental,864.0,1,76.90892155384353,2,161.32932847795163
sano,166,7,B_incremental,864.0,1,76.90892155384353,2,161.32932847795163
sano,166,8,B_incremental,864.0,1,76.90892155384353,2,161.32932847795163
sano,166,9,B_incremental,864.0,1,76.90892155384353,2,161.32932847795163
sano,166,10,B_incremental,864.0,1,76.90892155384353,2,161.32932847795163
sano,166,11,B_incremental,864.0,1,76.90892155384353,2,161.32932847795163
sano,167,0,A_steiner,5025.0,1,55.46567820675706,2,106.02832544290372
sano,167,1,A_steiner,5025.0,1,55.46567820675706,2,106.02832544290372
sano,167,2,A_steiner,5025.0,1,55.46567820675706,2,106.02832544290372
sano,167,3,A_steiner,5025.0,1,55.46567820675706,2,106.02832544290372
sano,167,4,A_steiner,5025.0,1,55.46567820675706,2,106.02832544290372
sano,167,5,A_steiner,5025.0,1,55.46567820675706,2,106.02832544290372
sano,167,6,B_incremental,5025.0,1,55.46567820675706,2,106.02832544290372
sano,167,7,B_incremental,5025.0,1,55.46567820675706,2,106.02832544290372
sano,167,8,B_incremental,5025.0,1,55.46567820675706,2,106.02832544290372
sano,167,9,B_incremental,5025.0,1,55.46567820675706,2,106.02832544290372
sano,167,10,B_incremental,5025.0,1,55.46567820675706,2,106.02832544290372
sano,167,11,B_incremental,5025.0,1,55.46567820675706,2,106.02832544290372
sano,169,0,A_steiner,216.0,2,45.564223902091484,3,207.83063368653933
sano,169,1,A_steiner,216.0,2,45.564223902091484,3,207.83063368653933
sano,169,2,A_steiner,216.0,2,45.564223902091484,3,207.83063368653933
sano,169,3,A_steiner,216.0,2,45.564223902091484,3,207.83063368653933
sano,169,4,A_steiner,216.0,2,45.564223902091484,3,207.83063368653933
sano,169,5,A_steiner,216.0,2,45.564223902091484,3,207.83063368653933
sano,169,6,B_incremental,216.0,2,45.564223902091484,3,207.83063368653933
sano,169,7,B_incremental,216.0,2,45.564223902091484,3,207.83063368653933
sano,169,8,B_incremental,216.0,2,45.564223902091484,3,207.83063368653933
sano,169,9,B_incremental,216.0,2,45.564223902091484,3,207.83063368653933
sano,169,10,B_incremental,216.0,2,45.564223902091484,3,207.83063368653933
sano,169,11,B_incremental,216.0,2,45.564223902091484,3,207.83063368653933
sano,172,0,A_steiner,4419.0,3,254.6377302282934,2,116.2429763261871
sano,172,1,A_steiner,4419.0,3,254.6377302282934,2,116.2429763261871
sano,172,2,A_steiner,4419.0,3,254.6377302282934,2,116.2429763261871
sano,172,3,A_steiner,4419.0,3,254.6377302282934,2,116.2429763261871
sano,172,4,A_steiner,4419.0,3,254.6377302282934,2,116.2429763261871
sano,172,5,A_steiner,4419.0,3,254.6377302282934,2,116.2429763261871
sano,172,6,B_incremental,4419.0,3,254.63773022829344,2,116.2429763261871
sano,172,7,B_incremental,4419.0,3,254.63773022829344,2,116.2429763261871
sano,172,8,B_incremental,4419.0,3,254.63773022829344,2,116.2429763261871
sano,172,9,B_incremental,4419.0,3,254.63773022829344,2,116.2429763261871
sano,172,10,B_incremental,4419.0,3,254.63773022829344,2,116.2429763261871
sano,172,11,B_incremental,4419.0,3,254.63773022829344,2,116.2429763261871
sano,175,0,A_steiner,1877.0,3,230.1310475961439,4,293.318734450862
sano,175,1,A_steiner,1877.0,3,230.1310475961439,4,293.318734450862
sano,175,2,A_steiner,1877.0,3,230.1310475961439,4,293.318734450862
sano,175,3,A_steiner,1877.0,3,230.1310475961439,4,293.318734450862
sano,175,4,A_steiner,1877.0,3,230.1310475961439,4,293.318734450862
sano,175,5,A_steiner,1877.0,3,230.1310475961439,4,293.318734450862
sano,175,6,B_incremental,1877.0,3,230.1310475961439,4,293.318734450862
sano,175,7,B_incremental,1877.0,3,230.1310475961439,4,293.318734450862
sano,175,8,B_incremental,1877.0,3,230.1310475961439,4,293.318734450862
sano,175,9,B_incremental,1877.0,3,230.1310475961439,4,293.318734450862
sano,175,10,B_incremental,1877.0,3,230.1310475961439,4,293.318734450862
sano,175,11,B_incremental,1877.0,3,230.1310475961439,4,293.318734450862
sano,176,0,A_steiner,1442.0,2,48.594604195113206,3,105.84872979813744
sano,176,1,A_steiner,1442.0,2,48.594604195113206,3,105.84872979813744
sano,176,2,A_steiner,1442.0,2,48.594604195113206,3,105.84872979813744
sano,176,3,A_steiner,1442.0,2,48.594604195113206,3,105.84872979813744
sano,176,4,A_steiner,1442.0,2,48.594604195113206,3,105.84872979813744
sano,176,5,A_steiner,1442.0,2,48.594604195113206,3,105.84872979813744
sano,176,6,B_incremental,1442.0,2,48.594604195113206,3,105.84872979813744
sano,176,7,B_incremental,1442.0,2,48.594604195113206,3,105.84872979813744
sano,176,8,B_incremental,1442.0,2,48.594604195113206,3,105.84872979813744
sano,176,9,B_incremental,1442.0,2,48.594604195113206,3,105.84872979813744
sano,176,10,B_incremental,1442.0,2,48.594604195113206,3,105.84872979813744
sano,176,11,B_incremental,1442.0,2,48.594604195113206,3,105.84872979813744
sano,177,0,A_steiner,4351.0,1,52.44565206306697,2,166.2502864608977
sano,177,1,A_steiner,4351.0,1,52.44565206306697,2,166.2502864608977
sano,177,2,A_steiner,4351.0,1,52.44565206306697,2,166.2502864608977
sano,177,3,A_steiner,4351.0,1,52.44565206306697,2,166.2502864608977
sano,177,4,A_steiner,4351.0,1,52.44565206306697,2,166.2502864608977
sano,177,5,A_steiner,4351.0,1,52.44565206306697,2,166.2502864608977
sano,177,6,B_incremental,4351.0,1,52.44565206306697,2,166.2502864608977
sano,177,7,B_incremental,4351.0,1,52.44565206306697,2,166.2502864608977
sano,177,8,B_incremental,4351.0,1,52.44565206306697,2,166.2502864608977
sano,177,9,B_incremental,4351.0,1,52.44565206306697,2,166.2502864608977
sano,177,10,B_incremental,4351.0,1,52.44565206306697,2,166.2502864608977
sano,177,11,B_incremental,4351.0,1,52.44565206306697,2,166.2502864608977
sano,179,0,A_steiner,1458.0,4,362.90173468176573,3,231.24939075370213
sano,179,1,A_steiner,1458.0,4,362.90173468176573,3,231.24939075370213
sano,179,2,A_steiner,1458.0,4,362.90173468176573,3,231.24939075370213
sano,179,3,A_steiner,1458.0,4,362.90173468176573,3,231.24939075370213
sano,179,4,A_steiner,1458.0,4,362.90173468176573,3,231.24939075370213
sano,179,5,A_steiner,1458.0,4,362.90173468176573,3,231.24939075370213
sano,179,6,B_incremental,1458.0,4,362.90173468176573,3,231.24939075370213
sano,179,7,B_incremental,1458.0,4,362.90173468176573,3,231.24939075370213
sano,179,8,B_incremental,1458.0,4,362.90173468176573,3,231.24939075370213
sano,179,9,B_incremental,1458.0,4,362.90173468176573,3,231.24939075370213
sano,179,10,B_incremental,1458.0,4,362.90173468176573,3,231.24939075370213
sano,179,11,B_incremental,1458.0,4,362.90173468176573,3,231.24939075370213
sano,181,0,A_steiner,4356.0,1,9.685413757186506,2,197.66925871591445
sano,181,1,A_steiner,4356.0,1,9.685413757186506,2,197.66925871591445
sano,181,2,A_steiner,4356.0,1,9.685413757186506,2,197.66925871591445
sano,181,3,A_steiner,4356.0,1,9.685413757186506,2,197.66925871591445
sano,181,4,A_steiner,4356.0,1,9.685413757186506,2,197.66925871591445
sano,181,5,A_steiner,4356.0,1,9.685413757186506,2,197.66925871591445
sano,181,6,B_incremental,4356.0,1,9.685413757186506,2,197.66925871591445
sano,181,7,B_incremental,4356.0,1,9.685413757186506,2,197.66925871591445
sano,181,8,B_incremental,4356.0,1,9.685413757186506,2,197.66925871591445
sano,181,9,B_incremental,4356.0,1,9.685413757186506,2,197.66925871591445
sano,181,10,B_incremental,4356.0,1,9.685413757186506,2,197.66925871591445
sano,181,11,B_incremental,4356.0,1,9.685413757186506,2,197.66925871591445
sano,182,0,A_steiner,1672.0,2,110.45089016814289,3,157.33574066091901
sano,182,1,A_steiner,1672.0,2,110.45089016814289,3,157.33574066091901
sano,182,2,A_steiner,1672.0,2,110.45089016814289,3,157.33574066091901
sano,182,3,A_steiner,1672.0,2,110.45089016814289,3,157.33574066091901
sano,182,4,A_steiner,1672.0,2,110.45089016814289,3,157.33574066091901
sano,182,5,A_steiner,1672.0,2,110.45089016814289,3,157.33574066091901
sano,182,6,B_incremental,1672.0,2,110.45089016814289,3,157.33574066091901
sano,182,7,B_incremental,1672.0,2,110.45089016814289,3,157.33574066091901
sano,182,8,B_incremental,1672.0,2,110.45089016814289,3,157.33574066091901
sano,182,9,B_incremental,1672.0,2,110.45089016814289,3,157.33574066091901
sano,182,10,B_incremental,1672.0,2,110.45089016814289,3,157.33574066091901
sano,182,11,B_incremental,1672.0,2,110.45089016814289,3,157.33574066091901
sano,183,0,A_steiner,4528.0,4,221.23835426958456,5,326.57789441555786
sano,183,1,A_steiner,4528.0,4,221.23835426958456,5,326.57789441555786
sano,183,2,A_steiner,4528.0,4,221.23835426958456,5,326.57789441555786
sano,183,3,A_steiner,4528.0,4,221.23835426958456,5,326.57789441555786
sano,183,4,A_steiner,4528.0,4,221.23835426958456,5,326.57789441555786
sano,183,5,A_steiner,4528.0,4,221.23835426958456,5,326.57789441555786
sano,183,6,B_incremental,4528.0,4,221.23835426958456,5,326.57789441555786
sano,183,7,B_incremental,4528.0,4,221.23835426958456,5,326.57789441555786
sano,183,8,B_incremental,4528.0,5,274.7186014610395,5,326.57789441555786
sano,183,9,B_incremental,4528.0,5,274.7186014610395,5,326.57789441555786
sano,183,10,B_incremental,4528.0,5,273.52891634076025,5,326.57789441555786
sano,183,11,B_incremental,4528.0,4,221.23835426958456,5,326.57789441555786
sano,184,0,A_steiner,6145.0,1,19.9297315179145,2,42.45140675307432
sano,184,1,A_steiner,6145.0,1,19.9297315179145,2,42.45140675307432
sano,184,2,A_steiner,6145.0,1,19.9297315179145,2,42.45140675307432
sano,184,3,A_steiner,6145.0,1,19.9297315179145,2,42.45140675307432
sano,184,4,A_steiner,6145.0,1,19.9297315179145,2,42.45140675307432
sano,184,5,A_steiner,6145.0,1,19.9297315179145,2,42.45140675307432
sano,184,6,B_incremental,6145.0,1,19.9297315179145,2,42.45140675307432
sano,184,7,B_incremental,6145.0,1,19.9297315179145,2,42.45140675307432
sano,184,8,B_incremental,6145.0,1,19.9297315179145,2,42.45140675307432
sano,184,9,B_incremental,6145.0,1,19.9297315179145,2,42.45140675307432
sano,184,10,B_incremental,6145.0,1,19.9297315179145,2,42.45140675307432
sano,184,11,B_incremental,6145.0,1,19.9297315179145,2,42.45140675307432
sano,185,0,A_steiner,4843.0,2,102.62256952924412,3,73.76341761406567
sano,185,1,A_steiner,4843.0,2,102.62256952924412,3,73.76341761406567
sano,185,2,A_steiner,4843.0,2,102.62256952924412,3,73.76341761406567
sano,185,3,A_steiner,4843.0,2,102.62256952924412,3,73.76341761406567
sano,185,4,A_steiner,4843.0,2,102.62256952924412,3,73.76341761406567
sano,185,5,A_steiner,4843.0,2,102.62256952924412,3,73.76341761406567
sano,185,6,B_incremental,4843.0,2,102.62256952924412,3,73.76341761406567
sano,185,7,B_incremental,4843.0,2,102.62256952924412,3,73.76341761406567
sano,185,8,B_incremental,4843.0,2,102.62256952924412,3,73.76341761406567
sano,185,9,B_incremental,4843.0,2,102.62256952924412,3,73.76341761406567
sano,185,10,B_incremental,4843.0,2,102.62256952924412,3,73.76341761406567
sano,185,11,B_incremental,4843.0,2,102.62256952924412,3,73.76341761406567
sano,186,0,A_steiner,4882.0,5,256.84526596070697,5,128.51433196321662
sano,186,1,A_steiner,4882.0,5,256.84526596070697,5,128.51433196321662
sano,186,2,A_steiner,4882.0,5,256.84526596070697,5,128.51433196321662
sano,186,3,A_steiner,4882.0,5,256.84526596070697,5,128.51433196321662
sano,186,4,A_steiner,4882.0,5,256.84526596070697,5,128.51433196321662
sano,186,5,A_steiner,4882.0,5,256.84526596070697,5,128.51433196321662
sano,186,6,B_incremental,4882.0,5,256.84526596070697,5,128.51433196321662
sano,186,7,B_incremental,4882.0,5,256.84526596070697,5,128.51433196321662
sano,186,8,B_incremental,4882.0,5,256.84526596070697,5,128.51433196321662
sano,186,9,B_incremental,4882.0,5,256.84526596070697,5,128.51433196321662
sano,186,10,B_incremental,4882.0,5,256.84526596070697,5,128.51433196321662
sano,186,11,B_incremental,4882.0,5,256.84526596070697,5,128.51433196321662
sano,187,0,A_steiner,5035.0,1,17.418102059894814,2,89.87131017566793
sano,187,1,A_steiner,5035.0,1,17.418102059894814,2,89.87131017566793
sano,187,2,A_steiner,5035.0,1,17.418102059894814,2,89.87131017566793
sano,187,3,A_steiner,5035.0,1,17.418102059894814,2,89.87131017566793
sano,187,4,A_steiner,5035.0,1,17.418102059894814,2,89.87131017566793
sano,187,5,A_steiner,5035.0,1,17.418102059894814,2,89.87131017566793
sano,187,6,B_incremental,5035.0,1,17.418102059894814,2,89.87131017566793
sano,187,7,B_incremental,5035.0,1,17.418102059894814,2,89.87131017566793
sano,187,8,B_incremental,5035.0,1,17.418102059894814,2,89.87131017566793
sano,187,9,B_incremental,5035.0,1,17.418102059894814,2,89.87131017566793
sano,187,10,B_incremental,5035.0,1,17.418102059894814,2,89.87131017566793
sano,187,11,B_incremental,5035.0,1,17.418102059894814,2,89.87131017566793
sano,188,0,A_steiner,4561.0,2,49.59012647432729,3,156.74523952163017
sano,188,1,A_steiner,4561.0,2,49.59012647432729,3,156.74523952163017
sano,188,2,A_steiner,4561.0,2,49.59012647432729,3,156.74523952163017
sano,188,3,A_steiner,4561.0,2,49.59012647432729,3,156.74523952163017
sano,188,4,A_steiner,4561.0,2,49.59012647432729,3,156.74523952163017
sano,188,5,A_steiner,4561.0,2,49.59012647432729,3,156.74523952163017
sano,188,6,B_incremental,4561.0,2,49.59012647432729,3,156.74523952163017
sano,188,7,B_incremental,4561.0,2,49.59012647432729,3,156.74523952163017
sano,188,8,B_incremental,4561.0,2,49.59012647432729,3,156.74523952163017
sano,188,9,B_incremental,4561.0,2,49.59012647432729,3,156.74523952163017
sano,188,10,B_incremental,4561.0,2,49.59012647432729,3,156.74523952163017
sano,188,11,B_incremental,4561.0,2,49.59012647432729,3,156.74523952163017
sano,190,0,A_steiner,4545.0,1,36.91816371687503,2,103.63915906389963
sano,190,1,A_steiner,4545.0,1,36.91816371687503,2,103.63915906389963
sano,190,2,A_steiner,4545.0,1,36.91816371687503,2,103.63915906389963
sano,190,3,A_steiner,4545.0,1,36.91816371687503,2,103.63915906389963
sano,190,4,A_steiner,4545.0,1,36.91816371687503,2,103.63915906389963
sano,190,5,A_steiner,4545.0,1,36.91816371687503,2,103.63915906389963
sano,190,6,B_incremental,4545.0,1,36.91816371687503,2,103.63915906389963
sano,190,7,B_incremental,4545.0,1,36.91816371687503,2,103.63915906389963
sano,190,8,B_incremental,4545.0,1,36.91816371687503,2,103.63915906389963
sano,190,9,B_incremental,4545.0,1,36.91816371687503,2,103.63915906389963
sano,190,10,B_incremental,4545.0,1,36.91816371687503,2,103.63915906389963
sano,190,11,B_incremental,4545.0,1,36.91816371687503,2,103.63915906389963
sano,191,0,A_steiner,1825.0,1,219.94453229002585,2,72.97548258448656
sano,191,1,A_steiner,1825.0,1,219.94453229002585,2,72.97548258448656
sano,191,2,A_steiner,1825.0,1,219.94453229002585,2,72.97548258448656
sano,191,3,A_steiner,1825.0,1,219.94453229002585,2,72.97548258448656
sano,191,4,A_steiner,1825.0,1,219.94453229002585,2,72.97548258448656
sano,191,5,A_steiner,1825.0,1,219.94453229002585,2,72.97548258448656
sano,191,6,B_incremental,1825.0,1,219.94453229002585,2,72.97548258448656
sano,191,7,B_incremental,1825.0,1,219.94453229002585,2,72.97548258448656
sano,191,8,B_incremental,1825.0,1,219.94453229002585,2,72.97548258448656
sano,191,9,B_incremental,1825.0,1,219.94453229002585,2,72.97548258448656
sano,191,10,B_incremental,1825.0,1,219.94453229002585,2,72.97548258448656
sano,191,11,B_incremental,1825.0,1,219.94453229002585,2,72.97548258448656
sano,193,0,A_steiner,1750.0,1,34.83238675656998,2,56.13364845273547
sano,193,1,A_steiner,1750.0,1,34.83238675656998,2,56.13364845273547
sano,193,2,A_steiner,1750.0,1,34.83238675656998,2,56.13364845273547
sano,193,3,A_steiner,1750.0,1,34.83238675656998,2,56.13364845273547
sano,193,4,A_steiner,1750.0,1,34.83238675656998,2,56.13364845273547
sano,193,5,A_steiner,1750.0,1,34.83238675656998,2,56.13364845273547
sano,193,6,B_incremental,1750.0,1,34.83238675656998,2,56.13364845273547
sano,193,7,B_incremental,1750.0,1,34.83238675656998,2,56.13364845273547
sano,193,8,B_incremental,1750.0,1,34.83238675656998,2,56.13364845273547
sano,193,9,B_incremental,1750.0,1,34.83238675656998,2,56.13364845273547
sano,193,10,B_incremental,1750.0,1,34.83238675656998,2,56.13364845273547
sano,193,11,B_incremental,1750.0,1,34.83238675656998,2,56.13364845273547
sano,194,0,A_steiner,3727.0,1,55.35121926286001,2,43.3559174266412
sano,194,1,A_steiner,3727.0,1,55.35121926286001,2,43.3559174266412
sano,194,2,A_steiner,3727.0,1,55.35121926286001,2,43.3559174266412
sano,194,3,A_steiner,3727.0,1,55.35121926286001,2,43.3559174266412
sano,194,4,A_steiner,3727.0,1,55.35121926286001,2,43.3559174266412
sano,194,5,A_steiner,3727.0,1,55.35121926286001,2,43.3559174266412
sano,194,6,B_incremental,3727.0,1,55.35121926286001,2,43.3559174266412
sano,194,7,B_incremental,3727.0,1,55.35121926286001,2,43.3559174266412
sano,194,8,B_incremental,3727.0,1,55.35121926286001,2,43.3559174266412
sano,194,9,B_incremental,3727.0,1,55.35121926286001,2,43.3559174266412
sano,194,10,B_incremental,3727.0,1,55.35121926286001,2,43.3559174266412
sano,194,11,B_incremental,3727.0,1,55.35121926286001,2,43.3559174266412
sano,197,0,A_steiner,4570.0,4,154.55482727378833,5,147.9110023586017
sano,197,1,A_steiner,4570.0,4,154.55482727378833,5,147.9110023586017
sano,197,2,A_steiner,4570.0,4,154.55482727378833,5,147.9110023586017
sano,197,3,A_steiner,4570.0,4,154.55482727378833,5,147.9110023586017
sano,197,4,A_steiner,4570.0,4,154.55482727378833,5,147.9110023586017
sano,197,5,A_steiner,4570.0,4,154.55482727378833,5,147.9110023586017
sano,197,6,B_incremental,4570.0,4,154.55482727378836,5,147.9110023586017
sano,197,7,B_incremental,4570.0,4,154.55482727378833,5,147.9110023586017
sano,197,8,B_incremental,4570.0,4,154.55482727378833,5,147.9110023586017
sano,197,9,B_incremental,4570.0,4,154.55482727378836,5,147.9110023586017
sano,197,10,B_incremental,4570.0,4,154.55482727378833,5,147.9110023586017
sano,197,11,B_incremental,4570.0,4,154.55482727378836,5,147.9110023586017
sano,199,0,A_steiner,5505.0,2,67.96863428114617,3,125.80585504954324
sano,199,1,A_steiner,5505.0,2,67.96863428114617,3,125.80585504954324
sano,199,2,A_steiner,5505.0,2,67.96863428114617,3,125.80585504954324
sano,199,3,A_steiner,5505.0,2,67.96863428114617,3,125.80585504954324
sano,199,4,A_steiner,5505.0,2,67.96863428114617,3,125.80585504954324
sano,199,5,A_steiner,5505.0,2,67.96863428114617,3,125.80585504954324
sano,199,6,B_incremental,5505.0,2,67.96863428114617,3,125.80585504954324
sano,199,7,B_incremental,5505.0,2,67.96863428114617,3,125.80585504954324
sano,199,8,B_incremental,5505.0,2,67.96863428114617,3,125.80585504954324
sano,199,9,B_incremental,5505.0,2,67.96863428114617,3,125.80585504954324
sano,199,10,B_incremental,5505.0,2,67.96863428114617,3,125.80585504954324
sano,199,11,B_incremental,5505.0,2,67.96863428114617,3,125.80585504954324
sano,200,0,A_steiner,856.0,3,284.7448660112133,2,168.99150236121986
sano,200,1,A_steiner,856.0,3,284.7448660112133,2,168.99150236121986
sano,200,2,A_steiner,856.0,3,284.7448660112133,2,168.99150236121986
sano,200,3,A_steiner,856.0,3,284.7448660112133,2,168.99150236121986
sano,200,4,A_steiner,856.0,3,284.7448660112133,2,168.99150236121986
sano,200,5,A_steiner,856.0,3,284.7448660112133,2,168.99150236121986
sano,200,6,B_incremental,856.0,3,284.7448660112133,2,168.99150236121986
sano,200,7,B_incremental,856.0,3,284.7448660112133,2,168.99150236121986
sano,200,8,B_incremental,856.0,3,284.7448660112133,2,168.99150236121986
sano,200,9,B_incremental,856.0,3,284.7448660112133,2,168.99150236121986
sano,200,10,B_incremental,856.0,3,284.7448660112133,2,168.99150236121986
sano,200,11,B_incremental,856.0,3,284.7448660112133,2,168.99150236121986
sano,201,0,A_steiner,4675.0,1,6.649916082522103,2,106.20222077279952
sano,201,1,A_steiner,4675.0,1,6.649916082522103,2,106.20222077279952
sano,201,2,A_steiner,4675.0,1,6.649916082522103,2,106.20222077279952
sano,201,3,A_steiner,4675.0,1,6.649916082522103,2,106.20222077279952
sano,201,4,A_steiner,4675.0,1,6.649916082522103,2,106.20222077279952
sano,201,5,A_steiner,4675.0,1,6.649916082522103,2,106.20222077279952
sano,201,6,B_incremental,4675.0,1,6.649916082522103,2,106.20222077279952
sano,201,7,B_incremental,4675.0,1,6.649916082522103,2,106.20222077279952
sano,201,8,B_incremental,4675.0,1,6.649916082522103,2,106.20222077279952
sano,201,9,B_incremental,4675.0,1,6.649916082522103,2,106.20222077279952
sano,201,10,B_incremental,4675.0,1,6.649916082522103,2,106.20222077279952
sano,201,11,B_incremental,4675.0,1,6.649916082522103,2,106.20222077279952
sano,205,0,A_steiner,5009.0,1,51.879012743804005,2,101.49137207342682
sano,205,1,A_steiner,5009.0,1,51.879012743804005,2,101.49137207342682
sano,205,2,A_steiner,5009.0,1,51.879012743804005,2,101.49137207342682
sano,205,3,A_steiner,5009.0,1,51.879012743804005,2,101.49137207342682
sano,205,4,A_steiner,5009.0,1,51.879012743804005,2,101.49137207342682
sano,205,5,A_steiner,5009.0,1,51.879012743804005,2,101.49137207342682
sano,205,6,B_incremental,5009.0,1,51.879012743804005,2,101.49137207342682
sano,205,7,B_incremental,5009.0,1,51.879012743804005,2,101.49137207342682
sano,205,8,B_incremental,5009.0,1,51.879012743804005,2,101.49137207342682
sano,205,9,B_incremental,5009.0,1,51.879012743804005,2,101.49137207342682
sano,205,10,B_incremental,5009.0,1,51.879012743804005,2,101.49137207342682
sano,205,11,B_incremental,5009.0,1,51.879012743804005,2,101.49137207342682
sano,206,0,A_steiner,1865.0,1,65.21037044676831,2,96.01528989536408
sano,206,1,A_steiner,1865.0,1,65.21037044676831,2,96.01528989536408
sano,206,2,A_steiner,1865.0,1,65.21037044676831,2,96.01528989536408
sano,206,3,A_steiner,1865.0,1,65.21037044676831,2,96.01528989536408
sano,206,4,A_steiner,1865.0,1,65.21037044676831,2,96.01528989536408
sano,206,5,A_steiner,1865.0,1,65.21037044676831,2,96.01528989536408
sano,206,6,B_incremental,1865.0,1,65.21037044676831,2,96.01528989536408
sano,206,7,B_incremental,1865.0,1,65.21037044676831,2,96.01528989536408
sano,206,8,B_incremental,1865.0,1,65.21037044676831,2,96.01528989536408
sano,206,9,B_incremental,1865.0,1,65.21037044676831,2,96.01528989536408
sano,206,10,B_incremental,1865.0,1,65.21037044676831,2,96.01528989536408
sano,206,11,B_incremental,1865.0,1,65.21037044676831,2,96.01528989536408
sano,207,0,A_steiner,3605.0,3,172.8137634695637,2,97.55155092472913
sano,207,1,A_steiner,3605.0,3,172.8137634695637,2,97.55155092472913
sano,207,2,A_steiner,3605.0,3,172.8137634695637,2,97.55155092472913
sano,207,3,A_steiner,3605.0,3,172.8137634695637,2,97.55155092472913
sano,207,4,A_steiner,3605.0,3,172.8137634695637,2,97.55155092472913
sano,207,5,A_steiner,3605.0,3,172.8137634695637,2,97.55155092472913
sano,207,6,B_incremental,3605.0,3,172.8137634695637,2,97.55155092472913
sano,207,7,B_incremental,3605.0,3,172.8137634695637,2,97.55155092472913
sano,207,8,B_incremental,3605.0,3,172.8137634695637,2,97.55155092472913
sano,207,9,B_incremental,3605.0,3,172.8137634695637,2,97.55155092472913
sano,207,10,B_incremental,3605.0,3,172.8137634695637,2,97.55155092472913
sano,207,11,B_incremental,3605.0,3,172.8137634695637,2,97.55155092472913
sano,208,0,A_steiner,1853.0,1,58.72486494480796,2,123.53900387293601
sano,208,1,A_steiner,1853.0,1,58.72486494480796,2,123.53900387293601
sano,208,2,A_steiner,1853.0,1,58.72486494480796,2,123.53900387293601
sano,208,3,A_steiner,1853.0,1,58.72486494480796,2,123.53900387293601
sano,208,4,A_steiner,1853.0,1,58.72486494480796,2,123.53900387293601
sano,208,5,A_steiner,1853.0,1,58.72486494480796,2,123.53900387293601
sano,208,6,B_incremental,1853.0,1,58.72486494480796,2,123.53900387293601
sano,208,7,B_incremental,1853.0,1,58.72486494480796,2,123.53900387293601
sano,208,8,B_incremental,1853.0,1,58.72486494480796,2,123.53900387293601
sano,208,9,B_incremental,1853.0,1,58.72486494480796,2,123.53900387293601
sano,208,10,B_incremental,1853.0,1,58.72486494480796,2,123.53900387293601
sano,208,11,B_incremental,1853.0,1,58.72486494480796,2,123.53900387293601
sano,209,0,A_steiner,5684.0,6,283.9468770476437,4,107.86537748606928
sano,209,1,A_steiner,5684.0,6,283.9468770476437,4,107.86537748606928
sano,209,2,A_steiner,5684.0,6,283.9468770476437,4,107.86537748606928
sano,209,3,A_steiner,5684.0,6,283.9468770476437,4,107.86537748606928
sano,209,4,A_steiner,5684.0,6,283.9468770476437,4,107.86537748606928
sano,209,5,A_steiner,5684.0,6,283.9468770476437,4,107.86537748606928
sano,209,6,B_incremental,5684.0,6,283.9468770476436,4,107.86537748606928
sano,209,7,B_incremental,5684.0,6,283.9468770476436,4,107.86537748606928
sano,209,8,B_incremental,5684.0,6,283.9468770476437,4,107.86537748606928
sano,209,9,B_incremental,5684.0,6,283.9468770476436,4,107.86537748606928
sano,209,10,B_incremental,5684.0,6,283.9468770476437,4,107.86537748606928
sano,209,11,B_incremental,5684.0,6,283.9468770476437,4,107.86537748606928
sano,210,0,A_steiner,5012.0,1,55.44494121424621,2,43.91514496467487
sano,210,1,A_steiner,5012.0,1,55.44494121424621,2,43.91514496467487
sano,210,2,A_steiner,5012.0,1,55.44494121424621,2,43.91514496467487
sano,210,3,A_steiner,5012.0,1,55.44494121424621,2,43.91514496467487
sano,210,4,A_steiner,5012.0,1,55.44494121424621,2,43.91514496467487
sano,210,5,A_steiner,5012.0,1,55.44494121424621,2,43.91514496467487
sano,210,6,B_incremental,5012.0,1,55.44494121424621,2,43.91514496467487
sano,210,7,B_incremental,5012.0,1,55.44494121424621,2,43.91514496467487
sano,210,8,B_incremental,5012.0,1,55.44494121424621,2,43.91514496467487
sano,210,9,B_incremental,5012.0,1,55.44494121424621,2,43.91514496467487
sano,210,10,B_incremental,5012.0,1,55.44494121424621,2,43.91514496467487
sano,210,11,B_incremental,5012.0,1,55.44494121424621,2,43.91514496467487
sano,211,0,A_steiner,5214.0,1,42.17055877383715,2,136.41113643677318
sano,211,1,A_steiner,5214.0,1,42.17055877383715,2,136.41113643677318
sano,211,2,A_steiner,5214.0,1,42.17055877383715,2,136.41113643677318
sano,211,3,A_steiner,5214.0,1,42.17055877383715,2,136.41113643677318
sano,211,4,A_steiner,5214.0,1,42.17055877383715,2,136.41113643677318
sano,211,5,A_steiner,5214.0,1,42.17055877383715,2,136.41113643677318
sano,211,6,B_incremental,5214.0,1,42.17055877383715,2,136.41113643677318
sano,211,7,B_incremental,5214.0,1,42.17055877383715,2,136.41113643677318
sano,211,8,B_incremental,5214.0,1,42.17055877383715,2,136.41113643677318
sano,211,9,B_incremental,5214.0,1,42.17055877383715,2,136.41113643677318
sano,211,10,B_incremental,5214.0,1,42.17055877383715,2,136.41113643677318
sano,211,11,B_incremental,5214.0,1,42.17055877383715,2,136.41113643677318
sano,212,0,A_steiner,5692.0,2,74.33070196311408,3,148.6847979143933
sano,212,1,A_steiner,5692.0,2,74.33070196311408,3,148.6847979143933
sano,212,2,A_steiner,5692.0,2,74.33070196311408,3,148.6847979143933
sano,212,3,A_steiner,5692.0,2,74.33070196311408,3,148.6847979143933
sano,212,4,A_steiner,5692.0,2,74.33070196311408,3,148.6847979143933
sano,212,5,A_steiner,5692.0,2,74.33070196311408,3,148.6847979143933
sano,212,6,B_incremental,5692.0,2,74.33070196311408,3,148.6847979143933
sano,212,7,B_incremental,5692.0,2,74.33070196311408,3,148.6847979143933
sano,212,8,B_incremental,5692.0,2,74.33070196311408,3,148.6847979143933
sano,212,9,B_incremental,5692.0,2,74.33070196311408,3,148.6847979143933
sano,212,10,B_incremental,5692.0,2,74.33070196311408,3,148.6847979143933
sano,212,11,B_incremental,5692.0,2,74.33070196311408,3,148.6847979143933
sano,213,0,A_steiner,5182.0,4,251.3729183098257,2,68.4675595077083
sano,213,1,A_steiner,5182.0,4,251.3729183098257,2,68.4675595077083
sano,213,2,A_steiner,5182.0,4,251.3729183098257,2,68.4675595077083
sano,213,3,A_steiner,5182.0,4,251.3729183098257,2,68.4675595077083
sano,213,4,A_steiner,5182.0,4,251.3729183098257,2,68.4675595077083
sano,213,5,A_steiner,5182.0,4,251.3729183098257,2,68.4675595077083
sano,213,6,B_incremental,5182.0,4,251.3729183098257,2,68.4675595077083
sano,213,7,B_incremental,5182.0,4,251.3729183098257,2,68.4675595077083
sano,213,8,B_incremental,5182.0,4,251.3729183098257,2,68.4675595077083
sano,213,9,B_incremental,5182.0,4,251.3729183098257,2,68.4675595077083
sano,213,10,B_incremental,5182.0,4,251.3729183098257,2,68.4675595077083
sano,213,11,B_incremental,5182.0,4,251.3729183098257,2,68.4675595077083
sano,214,0,A_steiner,5704.0,1,28.91931155735229,2,26.606469757050075
sano,214,1,A_steiner,5704.0,1,28.91931155735229,2,26.606469757050075
sano,214,2,A_steiner,5704.0,1,28.91931155735229,2,26.606469757050075
sano,214,3,A_steiner,5704.0,1,28.91931155735229,2,26.606469757050075
sano,214,4,A_steiner,5704.0,1,28.91931155735229,2,26.606469757050075
sano,214,5,A_steiner,5704.0,1,28.91931155735229,2,26.606469757050075
sano,214,6,B_incremental,5704.0,1,28.91931155735229,2,26.606469757050075
sano,214,7,B_incremental,5704.0,1,28.91931155735229,2,26.606469757050075
sano,214,8,B_incremental,5704.0,1,28.91931155735229,2,26.606469757050075
sano,214,9,B_incremental,5704.0,1,28.91931155735229,2,26.606469757050075
sano,214,10,B_incremental,5704.0,1,28.91931155735229,2,26.606469757050075
sano,214,11,B_incremental,5704.0,1,28.91931155735229,2,26.606469757050075
sano,215,0,A_steiner,1763.0,1,50.80904252524873,2,136.33249966620127
sano,215,1,A_steiner,1763.0,1,50.80904252524873,2,136.33249966620127
sano,215,2,A_steiner,1763.0,1,50.80904252524873,2,136.33249966620127
sano,215,3,A_steiner,1763.0,1,50.80904252524873,2,136.33249966620127
sano,215,4,A_steiner,1763.0,1,50.80904252524873,2,136.33249966620127
sano,215,5,A_steiner,1763.0,1,50.80904252524873,2,136.33249966620127
sano,215,6,B_incremental,1763.0,1,50.80904252524873,2,136.33249966620127
sano,215,7,B_incremental,1763.0,1,50.80904252524873,2,136.33249966620127
sano,215,8,B_incremental,1763.0,1,50.80904252524873,2,136.33249966620127
sano,215,9,B_incremental,1763.0,1,50.80904252524873,2,136.33249966620127
sano,215,10,B_incremental,1763.0,1,50.80904252524873,2,136.33249966620127
sano,215,11,B_incremental,1763.0,1,50.80904252524873,2,136.33249966620127
sano,216,0,A_steiner,1755.0,1,30.28664357804278,2,86.09248077880478
sano,216,1,A_steiner,1755.0,1,30.28664357804278,2,86.09248077880478
sano,216,2,A_steiner,1755.0,1,30.28664357804278,2,86.09248077880478
sano,216,3,A_steiner,1755.0,1,30.28664357804278,2,86.09248077880478
sano,216,4,A_steiner,1755.0,1,30.28664357804278,2,86.09248077880478
sano,216,5,A_steiner,1755.0,1,30.28664357804278,2,86.09248077880478
sano,216,6,B_incremental,1755.0,1,30.28664357804278,2,86.09248077880478
sano,216,7,B_incremental,1755.0,1,30.28664357804278,2,86.09248077880478
sano,216,8,B_incremental,1755.0,1,30.28664357804278,2,86.09248077880478
sano,216,9,B_incremental,1755.0,1,30.28664357804278,2,86.09248077880478
sano,216,10,B_incremental,1755.0,1,30.28664357804278,2,86.09248077880478
sano,216,11,B_incremental,1755.0,1,30.28664357804278,2,86.09248077880478
sano,218,0,A_steiner,4998.0,1,31.18415521362625,2,14.291336658100617
sano,218,1,A_steiner,4998.0,1,31.18415521362625,2,14.291336658100617
sano,218,2,A_steiner,4998.0,1,31.18415521362625,2,14.291336658100617
sano,218,3,A_steiner,4998.0,1,31.18415521362625,2,14.291336658100617
sano,218,4,A_steiner,4998.0,1,31.18415521362625,2,14.291336658100617
sano,218,5,A_steiner,4998.0,1,31.18415521362625,2,14.291336658100617
sano,218,6,B_incremental,4998.0,1,31.18415521362625,2,14.291336658100617
sano,218,7,B_incremental,4998.0,1,31.18415521362625,2,14.291336658100617
sano,218,8,B_incremental,4998.0,1,31.18415521362625,2,14.291336658100617
sano,218,9,B_incremental,4998.0,1,31.18415521362625,2,14.291336658100617
sano,218,10,B_incremental,4998.0,1,31.18415521362625,2,14.291336658100617
sano,218,11,B_incremental,4998.0,1,31.18415521362625,2,14.291336658100617
sano,219,0,A_steiner,1544.0,1,16.56219570241864,2,207.59739232741492
sano,219,1,A_steiner,1544.0,1,16.56219570241864,2,207.59739232741492
sano,219,2,A_steiner,1544.0,1,16.56219570241864,2,207.59739232741492
sano,219,3,A_steiner,1544.0,1,16.56219570241864,2,207.59739232741492
sano,219,4,A_steiner,1544.0,1,16.56219570241864,2,207.59739232741492
sano,219,5,A_steiner,1544.0,1,16.56219570241864,2,207.59739232741492
sano,219,6,B_incremental,1544.0,1,16.56219570241864,2,207.59739232741492
sano,219,7,B_incremental,1544.0,1,16.56219570241864,2,207.59739232741492
sano,219,8,B_incremental,1544.0,1,16.56219570241864,2,207.59739232741492
sano,219,9,B_incremental,1544.0,1,16.56219570241864,2,207.59739232741492
sano,219,10,B_incremental,1544.0,1,16.56219570241864,2,207.59739232741492
sano,219,11,B_incremental,1544.0,1,16.56219570241864,2,207.59739232741492
sano,222,0,A_steiner,5190.0,5,596.2758846017814,3,117.6741280183823
sano,222,1,A_steiner,5190.0,5,596.2758846017814,3,117.6741280183823
sano,222,2,A_steiner,5190.0,5,596.2758846017814,3,117.6741280183823
sano,222,3,A_steiner,5190.0,5,596.2758846017814,3,117.6741280183823
sano,222,4,A_steiner,5190.0,5,596.2758846017814,3,117.6741280183823
sano,222,5,A_steiner,5190.0,5,596.2758846017814,3,117.6741280183823
sano,222,6,B_incremental,5190.0,5,596.2758846017814,3,117.6741280183823
sano,222,7,B_incremental,5190.0,5,596.2758846017814,3,117.6741280183823
sano,222,8,B_incremental,5190.0,5,596.2758846017814,3,117.6741280183823
sano,222,9,B_incremental,5190.0,5,596.2758846017814,3,117.6741280183823
sano,222,10,B_incremental,5190.0,5,596.2758846017814,3,117.6741280183823
sano,222,11,B_incremental,5190.0,5,596.2758846017814,3,117.6741280183823
sano,224,0,A_steiner,1709.0,3,150.5805013072596,3,100.28719385859755
sano,224,1,A_steiner,1709.0,3,150.5805013072596,3,100.28719385859755
sano,224,2,A_steiner,1709.0,3,150.5805013072596,3,100.28719385859755
sano,224,3,A_steiner,1709.0,3,150.5805013072596,3,100.28719385859755
sano,224,4,A_steiner,1709.0,3,150.5805013072596,3,100.28719385859755
sano,224,5,A_steiner,1709.0,3,150.5805013072596,3,100.28719385859755
sano,224,6,B_incremental,1709.0,3,150.5805013072596,3,100.28719385859755
sano,224,7,B_incremental,1709.0,3,150.5805013072596,3,100.28719385859755
sano,224,8,B_incremental,1709.0,3,150.5805013072596,3,100.28719385859755
sano,224,9,B_incremental,1709.0,3,150.5805013072596,3,100.28719385859755
sano,224,10,B_incremental,1709.0,3,150.5805013072596,3,100.28719385859755
sano,224,11,B_incremental,1709.0,3,150.5805013072596,3,100.28719385859755
sano,225,0,A_steiner,5774.0,2,171.033472771063,3,242.70322555797384
sano,225,1,A_steiner,5774.0,2,171.033472771063,3,242.70322555797384
sano,225,2,A_steiner,5774.0,2,171.033472771063,3,242.70322555797384
sano,225,3,A_steiner,5774.0,2,171.033472771063,3,242.70322555797384
sano,225,4,A_steiner,5774.0,2,171.033472771063,3,242.70322555797384
sano,225,5,A_steiner,5774.0,2,171.033472771063,3,242.70322555797384
sano,225,6,B_incremental,5774.0,2,171.033472771063,3,242.70322555797384
sano,225,7,B_incremental,5774.0,2,171.033472771063,3,242.70322555797384
sano,225,8,B_incremental,5774.0,2,171.033472771063,3,242.70322555797384
sano,225,9,B_incremental,5774.0,2,171.033472771063,3,242.70322555797384
sano,225,10,B_incremental,5774.0,2,171.033472771063,3,242.70322555797384
sano,225,11,B_incremental,5774.0,2,171.033472771063,3,242.70322555797384
sano,227,0,A_steiner,1858.0,5,426.64486549378177,3,77.81787976037468
sano,227,1,A_steiner,1858.0,5,429.1001775553227,3,77.81787976037468
sano,227,2,A_steiner,1858.0,5,428.6783385335838,3,77.81787976037468
sano,227,3,A_steiner,1858.0,5,426.64486549378177,3,77.81787976037468
sano,227,4,A_steiner,1858.0,5,428.6783385335838,3,77.81787976037468
sano,227,5,A_steiner,1858.0,5,428.6783385335838,3,77.81787976037468
sano,227,6,B_incremental,1858.0,5,426.64486549378177,3,77.81787976037468
sano,227,7,B_incremental,1858.0,5,426.64486549378177,3,77.81787976037468
sano,227,8,B_incremental,1858.0,5,426.64486549378177,3,77.81787976037468
sano,227,9,B_incremental,1858.0,5,426.64486549378177,3,77.81787976037468
sano,227,10,B_incremental,1858.0,5,426.64486549378177,3,77.81787976037468
sano,227,11,B_incremental,1858.0,5,426.64486549378177,3,77.81787976037468
sano,228,0,A_steiner,4833.0,3,70.13004498077765,4,117.64794333430856
sano,228,1,A_steiner,4833.0,3,70.13004498077765,4,117.64794333430856
sano,228,2,A_steiner,4833.0,3,70.13004498077765,4,117.64794333430856
sano,228,3,A_steiner,4833.0,3,70.13004498077765,4,117.64794333430856
sano,228,4,A_steiner,4833.0,3,70.13004498077765,4,117.64794333430856
sano,228,5,A_steiner,4833.0,3,70.13004498077765,4,117.64794333430856
sano,228,6,B_incremental,4833.0,3,70.13004498077765,4,117.64794333430856
sano,228,7,B_incremental,4833.0,3,70.13004498077765,4,117.64794333430856
sano,228,8,B_incremental,4833.0,3,70.13004498077765,4,117.64794333430856
sano,228,9,B_incremental,4833.0,3,70.13004498077765,4,117.64794333430856
sano,228,10,B_incremental,4833.0,3,70.13004498077765,4,117.64794333430856
sano,228,11,B_incremental,4833.0,3,70.13004498077765,4,117.64794333430856
sano,230,0,A_steiner,6027.0,2,117.3671081252145,2,166.36787464727414
sano,230,1,A_steiner,6027.0,2,117.3671081252145,2,166.36787464727414
sano,230,2,A_steiner,6027.0,2,117.3671081252145,2,166.36787464727414
sano,230,3,A_steiner,6027.0,2,117.3671081252145,2,166.36787464727414
sano,230,4,A_steiner,6027.0,2,117.3671081252145,2,166.36787464727414
sano,230,5,A_steiner,6027.0,2,117.3671081252145,2,166.36787464727414
sano,230,6,B_incremental,6027.0,2,117.3671081252145,2,166.36787464727414
sano,230,7,B_incremental,6027.0,2,117.3671081252145,2,166.36787464727414
sano,230,8,B_incremental,6027.0,2,117.3671081252145,2,166.36787464727414
sano,230,9,B_incremental,6027.0,2,117.3671081252145,2,166.36787464727414
sano,230,10,B_incremental,6027.0,2,117.3671081252145,2,166.36787464727414
sano,230,11,B_incremental,6027.0,2,117.3671081252145,2,166.36787464727414
sano,231,0,A_steiner,4817.0,5,148.14559596614976,6,199.67948323291543
sano,231,1,A_steiner,4817.0,5,149.66399240798683,6,199.67948323291543
sano,231,2,A_steiner,4817.0,5,148.14559596614976,6,199.67948323291543
sano,231,3,A_steiner,4817.0,5,148.14559596614976,6,199.67948323291543
sano,231,4,A_steiner,4817.0,5,149.66399240798683,6,199.67948323291543
sano,231,5,A_steiner,4817.0,5,149.66399240798683,6,199.67948323291543
sano,231,6,B_incremental,4817.0,5,157.8747119629586,6,199.67948323291543
sano,231,7,B_incremental,4817.0,5,157.8747119629586,6,199.67948323291543
sano,231,8,B_incremental,4817.0,5,148.14559596614976,6,199.67948323291543
sano,231,9,B_incremental,4817.0,5,148.14559596614976,6,199.67948323291543
sano,231,10,B_incremental,4817.0,5,157.8747119629586,6,199.67948323291543
sano,231,11,B_incremental,4817.0,5,148.14559596614976,6,199.67948323291543
sano,232,0,A_steiner,1525.0,1,91.37885684640452,2,230.37775882710145
sano,232,1,A_steiner,1525.0,1,91.37885684640452,2,230.37775882710145
sano,232,2,A_steiner,1525.0,1,91.37885684640452,2,230.37775882710145
sano,232,3,A_steiner,1525.0,1,91.37885684640452,2,230.37775882710145
sano,232,4,A_steiner,1525.0,1,91.37885684640452,2,230.37775882710145
sano,232,5,A_steiner,1525.0,1,91.37885684640452,2,230.37775882710145
sano,232,6,B_incremental,1525.0,1,91.37885684640452,2,230.37775882710145
sano,232,7,B_incremental,1525.0,1,91.37885684640452,2,230.37775882710145
sano,232,8,B_incremental,1525.0,1,91.37885684640452,2,230.37775882710145
sano,232,9,B_incremental,1525.0,1,91.37885684640452,2,230.37775882710145
sano,232,10,B_incremental,1525.0,1,91.37885684640452,2,230.37775882710145
sano,232,11,B_incremental,1525.0,1,91.37885684640452,2,230.37775882710145
sano,233,0,A_steiner,5677.0,2,113.9293096298819,2,108.47204878457384
sano,233,1,A_steiner,5677.0,2,113.9293096298819,2,108.47204878457384
sano,233,2,A_steiner,5677.0,2,113.9293096298819,2,108.47204878457384
sano,233,3,A_steiner,5677.0,2,113.9293096298819,2,108.47204878457384
sano,233,4,A_steiner,5677.0,2,113.9293096298819,2,108.47204878457384
sano,233,5,A_steiner,5677.0,2,113.9293096298819,2,108.47204878457384
sano,233,6,B_incremental,5677.0,2,113.9293096298819,2,108.47204878457384
sano,233,7,B_incremental,5677.0,2,113.9293096298819,2,108.47204878457384
sano,233,8,B_incremental,5677.0,2,113.9293096298819,2,108.47204878457384
sano,233,9,B_incremental,5677.0,2,113.9293096298819,2,108.47204878457384
sano,233,10,B_incremental,5677.0,2,113.9293096298819,2,108.47204878457384
sano,233,11,B_incremental,5677.0,2,113.9293096298819,2,108.47204878457384
sano,235,0,A_steiner,5194.0,1,63.90397707854604,2,171.24919737222652
sano,235,1,A_steiner,5194.0,1,63.90397707854604,2,171.24919737222652
sano,235,2,A_steiner,5194.0,1,63.90397707854604,2,171.24919737222652
sano,235,3,A_steiner,5194.0,1,63.90397707854604,2,171.24919737222652
sano,235,4,A_steiner,5194.0,1,63.90397707854604,2,171.24919737222652
sano,235,5,A_steiner,5194.0,1,63.90397707854604,2,171.24919737222652
sano,235,6,B_incremental,5194.0,1,63.90397707854604,2,171.24919737222652
sano,235,7,B_incremental,5194.0,1,63.90397707854604,2,171.24919737222652
sano,235,8,B_incremental,5194.0,1,63.90397707854604,2,171.24919737222652
sano,235,9,B_incremental,5194.0,1,63.90397707854604,2,171.24919737222652
sano,235,10,B_incremental,5194.0,1,63.90397707854604,2,171.24919737222652
sano,235,11,B_incremental,5194.0,1,63.90397707854604,2,171.24919737222652
sano,236,0,A_steiner,4021.0,1,31.57411878856317,2,109.45261901573735
sano,236,1,A_steiner,4021.0,1,31.57411878856317,2,109.45261901573735
sano,236,2,A_steiner,4021.0,1,31.57411878856317,2,109.45261901573735
sano,236,3,A_steiner,4021.0,1,31.57411878856317,2,109.45261901573735
sano,236,4,A_steiner,4021.0,1,31.57411878856317,2,109.45261901573735
sano,236,5,A_steiner,4021.0,1,31.57411878856317,2,109.45261901573735
sano,236,6,B_incremental,4021.0,1,31.57411878856317,2,109.45261901573735
sano,236,7,B_incremental,4021.0,1,31.57411878856317,2,109.45261901573735
sano,236,8,B_incremental,4021.0,1,31.57411878856317,2,109.45261901573735
sano,236,9,B_incremental,4021.0,1,31.57411878856317,2,109.45261901573735
sano,236,10,B_incremental,4021.0,1,31.57411878856317,2,109.45261901573735
sano,236,11,B_incremental,4021.0,1,31.57411878856317,2,109.45261901573735
sano,237,0,A_steiner,3941.0,1,14.531699352793495,2,54.005059358619114
sano,237,1,A_steiner,3941.0,1,14.531699352793495,2,54.005059358619114
sano,237,2,A_steiner,3941.0,1,14.531699352793495,2,54.005059358619114
sano,237,3,A_steiner,3941.0,1,14.531699352793495,2,54.005059358619114
sano,237,4,A_steiner,3941.0,1,14.531699352793495,2,54.005059358619114
sano,237,5,A_steiner,3941.0,1,14.531699352793495,2,54.005059358619114
sano,237,6,B_incremental,3941.0,1,14.531699352793495,2,54.005059358619114
sano,237,7,B_incremental,3941.0,1,14.531699352793495,2,54.005059358619114
sano,237,8,B_incremental,3941.0,1,14.531699352793495,2,54.005059358619114
sano,237,9,B_incremental,3941.0,1,14.531699352793495,2,54.005059358619114
sano,237,10,B_incremental,3941.0,1,14.531699352793495,2,54.005059358619114
sano,237,11,B_incremental,3941.0,1,14.531699352793495,2,54.005059358619114
sano,238,0,A_steiner,4550.0,1,9.721710700488822,2,43.362305418333776
sano,238,1,A_steiner,4550.0,1,9.721710700488822,2,43.362305418333776
sano,238,2,A_steiner,4550.0,1,9.721710700488822,2,43.362305418333776
sano,238,3,A_steiner,4550.0,1,9.721710700488822,2,43.362305418333776
sano,238,4,A_steiner,4550.0,1,9.721710700488822,2,43.362305418333776
sano,238,5,A_steiner,4550.0,1,9.721710700488822,2,43.362305418333776
sano,238,6,B_incremental,4550.0,1,9.721710700488822,2,43.362305418333776
sano,238,7,B_incremental,4550.0,1,9.721710700488822,2,43.362305418333776
sano,238,8,B_incremental,4550.0,1,9.721710700488822,2,43.362305418333776
sano,238,9,B_incremental,4550.0,1,9.721710700488822,2,43.362305418333776
sano,238,10,B_incremental,4550.0,1,9.721710700488822,2,43.362305418333776
sano,238,11,B_incremental,4550.0,1,9.721710700488822,2,43.362305418333776
sano,239,0,A_steiner,1653.0,1,35.419516593342536,2,152.00885909095393
sano,239,1,A_steiner,1653.0,1,35.419516593342536,2,152.00885909095393
sano,239,2,A_steiner,1653.0,1,35.419516593342536,2,152.00885909095393
sano,239,3,A_steiner,1653.0,1,35.419516593342536,2,152.00885909095393
sano,239,4,A_steiner,1653.0,1,35.419516593342536,2,152.00885909095393
sano,239,5,A_steiner,1653.0,1,35.419516593342536,2,152.00885909095393
sano,239,6,B_incremental,1653.0,1,35.419516593342536,2,152.00885909095393
sano,239,7,B_incremental,1653.0,1,35.419516593342536,2,152.00885909095393
sano,239,8,B_incremental,1653.0,1,35.419516593342536,2,152.00885909095393
sano,239,9,B_incremental,1653.0,1,35.419516593342536,2,152.00885909095393
sano,239,10,B_incremental,1653.0,1,35.419516593342536,2,152.00885909095393
sano,239,11,B_incremental,1653.0,1,35.419516593342536,2,152.00885909095393
sano,241,0,A_steiner,1642.0,1,5.133587021447258,2,112.55549798141813
sano,241,1,A_steiner,1642.0,1,5.133587021447258,2,112.55549798141813
sano,241,2,A_steiner,1642.0,1,5.133587021447258,2,112.55549798141813
sano,241,3,A_steiner,1642.0,1,5.133587021447258,2,112.55549798141813
sano,241,4,A_steiner,1642.0,1,5.133587021447258,2,112.55549798141813
sano,241,5,A_steiner,1642.0,1,5.133587021447258,2,112.55549798141813
sano,241,6,B_incremental,1642.0,1,5.133587021447258,2,112.55549798141813
sano,241,7,B_incremental,1642.0,1,5.133587021447258,2,112.55549798141813
sano,241,8,B_incremental,1642.0,1,5.133587021447258,2,112.55549798141813
sano,241,9,B_incremental,1642.0,1,5.133587021447258,2,112.55549798141813
sano,241,10,B_incremental,1642.0,1,5.133587021447258,2,112.55549798141813
sano,241,11,B_incremental,1642.0,1,5.133587021447258,2,112.55549798141813
sano,242,0,A_steiner,4677.0,3,203.24959013004826,3,159.9354261000762
sano,242,1,A_steiner,4677.0,3,203.24959013004826,3,159.9354261000762
sano,242,2,A_steiner,4677.0,3,203.24959013004826,3,159.9354261000762
sano,242,3,A_steiner,4677.0,3,203.24959013004826,3,159.9354261000762
sano,242,4,A_steiner,4677.0,3,203.24959013004826,3,159.9354261000762
sano,242,5,A_steiner,4677.0,3,203.24959013004826,3,159.9354261000762
sano,242,6,B_incremental,4677.0,3,203.24959013004826,3,159.9354261000762
sano,242,7,B_incremental,4677.0,3,203.24959013004826,3,159.9354261000762
sano,242,8,B_incremental,4677.0,3,203.24959013004826,3,159.9354261000762
sano,242,9,B_incremental,4677.0,3,203.24959013004826,3,159.9354261000762
sano,242,10,B_incremental,4677.0,3,203.24959013004826,3,159.9354261000762
sano,242,11,B_incremental,4677.0,3,203.24959013004826,3,159.9354261000762
sano,244,0,A_steiner,376.0,1,4.881237899619129,2,60.029276283844496
sano,244,1,A_steiner,376.0,1,4.881237899619129,2,60.029276283844496
sano,244,2,A_steiner,376.0,1,4.881237899619129,2,60.029276283844496
sano,244,3,A_steiner,376.0,1,4.881237899619129,2,60.029276283844496
sano,244,4,A_steiner,376.0,1,4.881237899619129,2,60.029276283844496
sano,244,5,A_steiner,376.0,1,4.881237899619129,2,60.029276283844496
sano,244,6,B_incremental,376.0,1,4.881237899619129,2,60.029276283844496
sano,244,7,B_incremental,376.0,1,4.881237899619129,2,60.029276283844496
sano,244,8,B_incremental,376.0,1,4.881237899619129,2,60.029276283844496
sano,244,9,B_incremental,376.0,1,4.881237899619129,2,60.029276283844496
sano,244,10,B_incremental,376.0,1,4.881237899619129,2,60.029276283844496
sano,244,11,B_incremental,376.0,1,4.881237899619129,2,60.029276283844496
sano,245,0,A_steiner,4861.0,1,4.510075331391047,2,22.170674430457762
sano,245,1,A_steiner,4861.0,1,4.510075331391047,2,22.170674430457762
sano,245,2,A_steiner,4861.0,1,4.510075331391047,2,22.170674430457762
sano,245,3,A_steiner,4861.0,1,4.510075331391047,2,22.170674430457762
sano,245,4,A_steiner,4861.0,1,4.510075331391047,2,22.170674430457762
sano,245,5,A_steiner,4861.0,1,4.510075331391047,2,22.170674430457762
sano,245,6,B_incremental,4861.0,1,4.510075331391047,2,22.170674430457762
sano,245,7,B_incremental,4861.0,1,4.510075331391047,2,22.170674430457762
sano,245,8,B_incremental,4861.0,1,4.510075331391047,2,22.170674430457762
sano,245,9,B_incremental,4861.0,1,4.510075331391047,2,22.170674430457762
sano,245,10,B_incremental,4861.0,1,4.510075331391047,2,22.170674430457762
sano,245,11,B_incremental,4861.0,1,4.510075331391047,2,22.170674430457762
sano,246,0,A_steiner,1740.0,1,50.31678200155565,2,74.41748441040922
sano,246,1,A_steiner,1740.0,1,50.31678200155565,2,74.41748441040922
sano,246,2,A_steiner,1740.0,1,50.31678200155565,2,74.41748441040922
sano,246,3,A_steiner,1740.0,1,50.31678200155565,2,74.41748441040922
sano,246,4,A_steiner,1740.0,1,50.31678200155565,2,74.41748441040922
sano,246,5,A_steiner,1740.0,1,50.31678200155565,2,74.41748441040922
sano,246,6,B_incremental,1740.0,1,50.31678200155565,2,74.41748441040922
sano,246,7,B_incremental,1740.0,1,50.31678200155565,2,74.41748441040922
sano,246,8,B_incremental,1740.0,1,50.31678200155565,2,74.41748441040922
sano,246,9,B_incremental,1740.0,1,50.31678200155565,2,74.41748441040922
sano,246,10,B_incremental,1740.0,1,50.31678200155565,2,74.41748441040922
sano,246,11,B_incremental,1740.0,1,50.31678200155565,2,74.41748441040922
sano,248,0,A_steiner,5686.0,2,80.17188450362987,3,208.0434067230995
sano,248,1,A_steiner,5686.0,2,80.17188450362987,3,208.0434067230995
sano,248,2,A_steiner,5686.0,2,80.17188450362987,3,208.0434067230995
sano,248,3,A_steiner,5686.0,2,80.17188450362987,3,208.0434067230995
sano,248,4,A_steiner,5686.0,2,80.17188450362987,3,208.0434067230995
sano,248,5,A_steiner,5686.0,2,80.17188450362987,3,208.0434067230995
sano,248,6,B_incremental,5686.0,2,80.17188450362987,3,208.0434067230995
sano,248,7,B_incremental,5686.0,2,80.17188450362987,3,208.0434067230995
sano,248,8,B_incremental,5686.0,2,80.17188450362987,3,208.0434067230995
sano,248,9,B_incremental,5686.0,2,80.17188450362987,3,208.0434067230995
sano,248,10,B_incremental,5686.0,2,80.17188450362987,3,208.0434067230995
sano,248,11,B_incremental,5686.0,2,80.17188450362987,3,208.0434067230995
sano,249,0,A_steiner,4556.0,2,65.66746907127123,3,127.58074100563186
sano,249,1,A_steiner,4556.0,2,65.66746907127123,3,127.58074100563186
sano,249,2,A_steiner,4556.0,2,65.66746907127123,3,127.58074100563186
sano,249,3,A_steiner,4556.0,2,65.66746907127123,3,127.58074100563186
sano,249,4,A_steiner,4556.0,2,65.66746907127123,3,127.58074100563186
sano,249,5,A_steiner,4556.0,2,65.66746907127123,3,127.58074100563186
sano,249,6,B_incremental,4556.0,2,65.66746907127123,3,127.58074100563186
sano,249,7,B_incremental,4556.0,2,65.66746907127123,3,127.58074100563186
sano,249,8,B_incremental,4556.0,2,65.66746907127123,3,127.58074100563186
sano,249,9,B_incremental,4556.0,2,65.66746907127123,3,127.58074100563186
sano,249,10,B_incremental,4556.0,2,65.66746907127123,3,127.58074100563186
sano,249,11,B_incremental,4556.0,2,65.66746907127123,3,127.58074100563186
sano,256,0,A_steiner,1412.0,3,93.5022179916345,4,122.64408254906462
sano,256,1,A_steiner,1412.0,3,93.5022179916345,4,122.64408254906462
sano,256,2,A_steiner,1412.0,3,93.5022179916345,4,122.64408254906462
sano,256,3,A_steiner,1412.0,3,93.5022179916345,4,122.64408254906462
sano,256,4,A_steiner,1412.0,3,93.5022179916345,4,122.64408254906462
sano,256,5,A_steiner,1412.0,3,93.5022179916345,4,122.64408254906462
sano,256,6,B_incremental,1412.0,3,93.5022179916345,4,122.64408254906462
sano,256,7,B_incremental,1412.0,3,93.5022179916345,4,122.64408254906462
sano,256,8,B_incremental,1412.0,3,93.5022179916345,4,122.64408254906462
sano,256,9,B_incremental,1412.0,3,93.50221799163448,4,122.64408254906462
sano,256,10,B_incremental,1412.0,3,93.50221799163448,4,122.64408254906462
sano,256,11,B_incremental,1412.0,3,93.5022179916345,4,122.64408254906462
sano,257,0,A_steiner,1607.0,4,157.58928033579355,2,37.24181855478642
sano,257,1,A_steiner,1607.0,4,157.58928033579355,2,37.24181855478642
sano,257,2,A_steiner,1607.0,4,157.58928033579355,2,37.24181855478642
sano,257,3,A_steiner,1607.0,4,157.58928033579355,2,37.24181855478642
sano,257,4,A_steiner,1607.0,4,157.58928033579355,2,37.24181855478642
sano,257,5,A_steiner,1607.0,4,157.58928033579355,2,37.24181855478642
sano,257,6,B_incremental,1607.0,4,157.58928033579355,2,37.24181855478642
sano,257,7,B_incremental,1607.0,4,157.58928033579355,2,37.24181855478642
sano,257,8,B_incremental,1607.0,4,157.58928033579355,2,37.24181855478642
sano,257,9,B_incremental,1607.0,4,157.58928033579355,2,37.24181855478642
sano,257,10,B_incremental,1607.0,4,157.58928033579355,2,37.24181855478642
sano,257,11,B_incremental,1607.0,4,157.58928033579355,2,37.24181855478642
sano,258,0,A_steiner,4810.0,1,45.38159252157481,2,60.70893791334872
sano,258,1,A_steiner,4810.0,1,45.38159252157481,2,60.70893791334872
sano,258,2,A_steiner,4810.0,1,45.38159252157481,2,60.70893791334872
sano,258,3,A_steiner,4810.0,1,45.38159252157481,2,60.70893791334872
sano,258,4,A_steiner,4810.0,1,45.38159252157481,2,60.70893791334872
sano,258,5,A_steiner,4810.0,1,45.38159252157481,2,60.70893791334872
sano,258,6,B_incremental,4810.0,1,45.38159252157481,2,60.70893791334872
sano,258,7,B_incremental,4810.0,1,45.38159252157481,2,60.70893791334872
sano,258,8,B_incremental,4810.0,1,45.38159252157481,2,60.70893791334872
sano,258,9,B_incremental,4810.0,1,45.38159252157481,2,60.70893791334872
sano,258,10,B_incremental,4810.0,1,45.38159252157481,2,60.70893791334872
sano,258,11,B_incremental,4810.0,1,45.38159252157481,2,60.70893791334872
sano,261,0,A_steiner,6144.0,1,42.96366168931589,2,110.77527840157934
sano,261,1,A_steiner,6144.0,1,42.96366168931589,2,110.77527840157934
sano,261,2,A_steiner,6144.0,1,42.96366168931589,2,110.77527840157934
sano,261,3,A_steiner,6144.0,1,42.96366168931589,2,110.77527840157934
sano,261,4,A_steiner,6144.0,1,42.96366168931589,2,110.77527840157934
sano,261,5,A_steiner,6144.0,1,42.96366168931589,2,110.77527840157934
sano,261,6,B_incremental,6144.0,1,42.96366168931589,2,110.77527840157934
sano,261,7,B_incremental,6144.0,1,42.96366168931589,2,110.77527840157934
sano,261,8,B_incremental,6144.0,1,42.96366168931589,2,110.77527840157934
sano,261,9,B_incremental,6144.0,1,42.96366168931589,2,110.77527840157934
sano,261,10,B_incremental,6144.0,1,42.96366168931589,2,110.77527840157934
sano,261,11,B_incremental,6144.0,1,42.96366168931589,2,110.77527840157934
sano,262,0,A_steiner,1711.0,2,144.99148190640932,3,172.39040354219807
sano,262,1,A_steiner,1711.0,2,144.99148190640932,3,172.39040354219807
sano,262,2,A_steiner,1711.0,2,144.99148190640932,3,172.39040354219807
sano,262,3,A_steiner,1711.0,2,144.99148190640932,3,172.39040354219807
sano,262,4,A_steiner,1711.0,2,144.99148190640932,3,172.39040354219807
sano,262,5,A_steiner,1711.0,2,144.99148190640932,3,172.39040354219807
sano,262,6,B_incremental,1711.0,2,144.99148190640932,3,172.39040354219807
sano,262,7,B_incremental,1711.0,2,144.99148190640932,3,172.39040354219807
sano,262,8,B_incremental,1711.0,2,144.99148190640932,3,172.39040354219807
sano,262,9,B_incremental,1711.0,2,144.99148190640932,3,172.39040354219807
sano,262,10,B_incremental,1711.0,2,144.99148190640932,3,172.39040354219807
sano,262,11,B_incremental,1711.0,2,144.99148190640932,3,172.39040354219807
sano,263,0,A_steiner,4789.0,1,84.70782240503476,2,110.31260192034337
sano,263,1,A_steiner,4789.0,1,84.70782240503476,2,110.31260192034337
sano,263,2,A_steiner,4789.0,1,84.70782240503476,2,110.31260192034337
sano,263,3,A_steiner,4789.0,1,84.70782240503476,2,110.31260192034337
sano,263,4,A_steiner,4789.0,1,84.70782240503476,2,110.31260192034337
sano,263,5,A_steiner,4789.0,1,84.70782240503476,2,110.31260192034337
sano,263,6,B_incremental,4789.0,1,84.70782240503476,2,110.31260192034337
sano,263,7,B_incremental,4789.0,1,84.70782240503476,2,110.31260192034337
sano,263,8,B_incremental,4789.0,1,84.70782240503476,2,110.31260192034337
sano,263,9,B_incremental,4789.0,1,84.70782240503476,2,110.31260192034337
sano,263,10,B_incremental,4789.0,1,84.70782240503476,2,110.31260192034337
sano,263,11,B_incremental,4789.0,1,84.70782240503476,2,110.31260192034337
sano,265,0,A_steiner,1728.0,1,56.30923476809594,2,55.88679323576552
sano,265,1,A_steiner,1728.0,1,56.30923476809594,2,55.88679323576552
sano,265,2,A_steiner,1728.0,1,56.30923476809594,2,55.88679323576552
sano,265,3,A_steiner,1728.0,1,56.30923476809594,2,55.88679323576552
sano,265,4,A_steiner,1728.0,1,56.30923476809594,2,55.88679323576552
sano,265,5,A_steiner,1728.0,1,56.30923476809594,2,55.88679323576552
sano,265,6,B_incremental,1728.0,1,56.30923476809594,2,55.88679323576552
sano,265,7,B_incremental,1728.0,1,56.30923476809594,2,55.88679323576552
sano,265,8,B_incremental,1728.0,1,56.30923476809594,2,55.88679323576552
sano,265,9,B_incremental,1728.0,1,56.30923476809594,2,55.88679323576552
sano,265,10,B_incremental,1728.0,1,56.30923476809594,2,55.88679323576552
sano,265,11,B_incremental,1728.0,1,56.30923476809594,2,55.88679323576552
sano,266,0,A_steiner,4846.0,3,416.4177719549909,3,93.47124641818061
sano,266,1,A_steiner,4846.0,3,416.4177719549909,3,93.47124641818061
sano,266,2,A_steiner,4846.0,3,416.4177719549909,3,93.47124641818061
sano,266,3,A_steiner,4846.0,3,416.4177719549909,3,93.47124641818061
sano,266,4,A_steiner,4846.0,3,416.4177719549909,3,93.47124641818061
sano,266,5,A_steiner,4846.0,3,416.4177719549909,3,93.47124641818061
sano,266,6,B_incremental,4846.0,3,416.4177719549908,3,93.47124641818061
sano,266,7,B_incremental,4846.0,3,416.4177719549908,3,93.47124641818061
sano,266,8,B_incremental,4846.0,3,416.4177719549908,3,93.47124641818061
sano,266,9,B_incremental,4846.0,3,416.4177719549908,3,93.47124641818061
sano,266,10,B_incremental,4846.0,3,416.4177719549908,3,93.47124641818061
sano,266,11,B_incremental,4846.0,3,416.4177719549908,3,93.47124641818061
sano,267,0,A_steiner,6204.0,3,189.52240597591242,4,256.9764168849703
sano,267,1,A_steiner,6204.0,3,189.52240597591242,4,256.9764168849703
sano,267,2,A_steiner,6204.0,3,189.52240597591242,4,256.9764168849703
sano,267,3,A_steiner,6204.0,3,189.52240597591242,4,256.9764168849703
sano,267,4,A_steiner,6204.0,3,189.52240597591242,4,256.9764168849703
sano,267,5,A_steiner,6204.0,3,189.52240597591242,4,256.9764168849703
sano,267,6,B_incremental,6204.0,3,189.52240597591242,4,256.9764168849703
sano,267,7,B_incremental,6204.0,3,189.52240597591242,4,256.9764168849703
sano,267,8,B_incremental,6204.0,3,189.52240597591242,4,256.9764168849703
sano,267,9,B_incremental,6204.0,3,189.52240597591242,4,256.9764168849703
sano,267,10,B_incremental,6204.0,3,189.52240597591242,4,256.9764168849703
sano,267,11,B_incremental,6204.0,3,189.52240597591242,4,256.9764168849703
sano,268,0,A_steiner,1869.0,3,333.1292673252996,4,147.08526212094043
sano,268,1,A_steiner,1869.0,3,333.1292673252996,4,147.08526212094043
sano,268,2,A_steiner,1869.0,3,333.1292673252996,4,147.08526212094043
sano,268,3,A_steiner,1869.0,3,333.1292673252996,4,147.08526212094043
sano,268,4,A_steiner,1869.0,3,333.1292673252996,4,147.08526212094043
sano,268,5,A_steiner,1869.0,3,333.1292673252996,4,147.08526212094043
sano,268,6,B_incremental,1869.0,3,333.1292673252996,4,147.08526212094043
sano,268,7,B_incremental,1869.0,3,333.1292673252996,4,147.08526212094043
sano,268,8,B_incremental,1869.0,3,333.1292673252996,4,147.08526212094043
sano,268,9,B_incremental,1869.0,3,333.1292673252996,4,147.08526212094043
sano,268,10,B_incremental,1869.0,3,333.1292673252996,4,147.08526212094043
sano,268,11,B_incremental,1869.0,3,333.1292673252996,4,147.08526212094043
sano,269,0,A_steiner,878.0,1,98.43345546907184,2,40.57632128596339
sano,269,1,A_steiner,878.0,1,98.43345546907184,2,40.57632128596339
sano,269,2,A_steiner,878.0,1,98.43345546907184,2,40.57632128596339
sano,269,3,A_steiner,878.0,1,98.43345546907184,2,40.57632128596339
sano,269,4,A_steiner,878.0,1,98.43345546907184,2,40.57632128596339
sano,269,5,A_steiner,878.0,1,98.43345546907184,2,40.57632128596339
sano,269,6,B_incremental,878.0,1,98.43345546907184,2,40.57632128596339
sano,269,7,B_incremental,878.0,1,98.43345546907184,2,40.57632128596339
sano,269,8,B_incremental,878.0,1,98.43345546907184,2,40.57632128596339
sano,269,9,B_incremental,878.0,1,98.43345546907184,2,40.57632128596339
sano,269,10,B_incremental,878.0,1,98.43345546907184,2,40.57632128596339
sano,269,11,B_incremental,878.0,1,98.43345546907184,2,40.57632128596339
sano,270,0,A_steiner,1446.0,1,50.26718839316646,2,98.23751318296428
sano,270,1,A_steiner,1446.0,1,50.26718839316646,2,98.23751318296428
sano,270,2,A_steiner,1446.0,1,50.26718839316646,2,98.23751318296428
sano,270,3,A_steiner,1446.0,1,50.26718839316646,2,98.23751318296428
sano,270,4,A_steiner,1446.0,1,50.26718839316646,2,98.23751318296428
sano,270,5,A_steiner,1446.0,1,50.26718839316646,2,98.23751318296428
sano,270,6,B_incremental,1446.0,1,50.26718839316646,2,98.23751318296428
sano,270,7,B_incremental,1446.0,1,50.26718839316646,2,98.23751318296428
sano,270,8,B_incremental,1446.0,1,50.26718839316646,2,98.23751318296428
sano,270,9,B_incremental,1446.0,1,50.26718839316646,2,98.23751318296428
sano,270,10,B_incremental,1446.0,1,50.26718839316646,2,98.23751318296428
sano,270,11,B_incremental,1446.0,1,50.26718839316646,2,98.23751318296428
sano,271,0,A_steiner,1410.0,1,61.6445321573024,2,96.34018029445485
sano,271,1,A_steiner,1410.0,1,61.6445321573024,2,96.34018029445485
sano,271,2,A_steiner,1410.0,1,61.6445321573024,2,96.34018029445485
sano,271,3,A_steiner,1410.0,1,61.6445321573024,2,96.34018029445485
sano,271,4,A_steiner,1410.0,1,61.6445321573024,2,96.34018029445485
sano,271,5,A_steiner,1410.0,1,61.6445321573024,2,96.34018029445485
sano,271,6,B_incremental,1410.0,1,61.6445321573024,2,96.34018029445485
sano,271,7,B_incremental,1410.0,1,61.6445321573024,2,96.34018029445485
sano,271,8,B_incremental,1410.0,1,61.6445321573024,2,96.34018029445485
sano,271,9,B_incremental,1410.0,1,61.6445321573024,2,96.34018029445485
sano,271,10,B_incremental,1410.0,1,61.6445321573024,2,96.34018029445485
sano,271,11,B_incremental,1410.0,1,61.6445321573024,2,96.34018029445485
sano,272,0,A_steiner,1534.0,2,132.06543768972705,3,181.0998571948577
sano,272,1,A_steiner,1534.0,2,132.06543768972705,3,181.0998571948577
sano,272,2,A_steiner,1534.0,2,132.06543768972705,3,181.0998571948577
sano,272,3,A_steiner,1534.0,2,132.06543768972705,3,181.0998571948577
sano,272,4,A_steiner,1534.0,2,132.06543768972705,3,181.0998571948577
sano,272,5,A_steiner,1534.0,2,132.06543768972705,3,181.0998571948577
sano,272,6,B_incremental,1534.0,2,132.06543768972705,3,181.0998571948577
sano,272,7,B_incremental,1534.0,2,132.06543768972705,3,181.0998571948577
sano,272,8,B_incremental,1534.0,2,132.06543768972705,3,181.0998571948577
sano,272,9,B_incremental,1534.0,2,132.06543768972705,3,181.0998571948577
sano,272,10,B_incremental,1534.0,2,132.06543768972705,3,181.0998571948577
sano,272,11,B_incremental,1534.0,2,132.06543768972705,3,181.0998571948577
sano,273,0,A_steiner,4813.0,1,34.141692574829506,2,75.6179790788123
sano,273,1,A_steiner,4813.0,1,34.141692574829506,2,75.6179790788123
sano,273,2,A_steiner,4813.0,1,34.141692574829506,2,75.6179790788123
sano,273,3,A_steiner,4813.0,1,34.141692574829506,2,75.6179790788123
sano,273,4,A_steiner,4813.0,1,34.141692574829506,2,75.6179790788123
sano,273,5,A_steiner,4813.0,1,34.141692574829506,2,75.6179790788123
sano,273,6,B_incremental,4813.0,1,34.141692574829506,2,75.6179790788123
sano,273,7,B_incremental,4813.0,1,34.141692574829506,2,75.6179790788123
sano,273,8,B_incremental,4813.0,1,34.141692574829506,2,75.6179790788123
sano,273,9,B_incremental,4813.0,1,34.141692574829506,2,75.6179790788123
sano,273,10,B_incremental,4813.0,1,34.141692574829506,2,75.6179790788123
sano,273,11,B_incremental,4813.0,1,34.141692574829506,2,75.6179790788123
sano,274,0,A_steiner,1723.0,2,60.84595035017779,3,75.22596317732159
sano,274,1,A_steiner,1723.0,2,60.84595035017779,3,75.22596317732159
sano,274,2,A_steiner,1723.0,2,60.84595035017779,3,75.22596317732159
sano,274,3,A_steiner,1723.0,2,60.84595035017779,3,75.22596317732159
sano,274,4,A_steiner,1723.0,2,60.84595035017779,3,75.22596317732159
sano,274,5,A_steiner,1723.0,2,60.84595035017779,3,75.22596317732159
sano,274,6,B_incremental,1723.0,2,60.84595035017779,3,75.22596317732159
sano,274,7,B_incremental,1723.0,2,60.84595035017779,3,75.22596317732159
sano,274,8,B_incremental,1723.0,2,60.84595035017779,3,75.22596317732159
sano,274,9,B_incremental,1723.0,2,60.84595035017779,3,75.22596317732159
sano,274,10,B_incremental,1723.0,2,60.84595035017779,3,75.22596317732159
sano,274,11,B_incremental,1723.0,2,60.84595035017779,3,75.22596317732159
sano,275,0,A_steiner,3788.0,3,115.99427324515543,4,242.5866651427938
sano,275,1,A_steiner,3788.0,3,115.99427324515543,4,242.5866651427938
sano,275,2,A_steiner,3788.0,3,115.99427324515543,4,242.5866651427938
sano,275,3,A_steiner,3788.0,3,115.99427324515543,4,242.5866651427938
sano,275,4,A_steiner,3788.0,3,115.99427324515543,4,242.5866651427938
sano,275,5,A_steiner,3788.0,3,115.99427324515543,4,242.5866651427938
sano,275,6,B_incremental,3788.0,3,115.99427324515541,4,242.5866651427938
sano,275,7,B_incremental,3788.0,3,115.99427324515543,4,242.5866651427938
sano,275,8,B_incremental,3788.0,3,115.99427324515541,4,242.5866651427938
sano,275,9,B_incremental,3788.0,3,115.99427324515543,4,242.5866651427938
sano,275,10,B_incremental,3788.0,3,115.99427324515541,4,242.5866651427938
sano,275,11,B_incremental,3788.0,3,115.99427324515541,4,242.5866651427938
sano,278,0,A_steiner,5631.0,2,65.29117705974232,3,104.53424560162952
sano,278,1,A_steiner,5631.0,2,65.29117705974232,3,104.53424560162952
sano,278,2,A_steiner,5631.0,2,65.29117705974232,3,104.53424560162952
sano,278,3,A_steiner,5631.0,2,65.29117705974232,3,104.53424560162952
sano,278,4,A_steiner,5631.0,2,65.29117705974232,3,104.53424560162952
sano,278,5,A_steiner,5631.0,2,65.29117705974232,3,104.53424560162952
sano,278,6,B_incremental,5631.0,2,65.29117705974232,3,104.53424560162952
sano,278,7,B_incremental,5631.0,2,65.29117705974232,3,104.53424560162952
sano,278,8,B_incremental,5631.0,2,65.29117705974232,3,104.53424560162952
sano,278,9,B_incremental,5631.0,2,65.29117705974232,3,104.53424560162952
sano,278,10,B_incremental,5631.0,2,65.29117705974232,3,104.53424560162952
sano,278,11,B_incremental,5631.0,2,65.29117705974232,3,104.53424560162952
sano,279,0,A_steiner,5020.0,3,191.42703277279622,2,95.42449151371311
sano,279,1,A_steiner,5020.0,3,191.42703277279622,2,95.42449151371311
sano,279,2,A_steiner,5020.0,3,191.42703277279622,2,95.42449151371311
sano,279,3,A_steiner,5020.0,3,191.42703277279622,2,95.42449151371311
sano,279,4,A_steiner,5020.0,3,191.42703277279622,2,95.42449151371311
sano,279,5,A_steiner,5020.0,3,191.42703277279622,2,95.42449151371311
sano,279,6,B_incremental,5020.0,3,191.42703277279622,2,95.42449151371311
sano,279,7,B_incremental,5020.0,3,191.42703277279622,2,95.42449151371311
sano,279,8,B_incremental,5020.0,3,191.42703277279622,2,95.42449151371311
sano,279,9,B_incremental,5020.0,3,191.42703277279622,2,95.42449151371311
sano,279,10,B_incremental,5020.0,3,191.42703277279622,2,95.42449151371311
sano,279,11,B_incremental,5020.0,3,191.42703277279622,2,95.42449151371311
sano,281,0,A_steiner,5204.0,9,453.53716071708095,4,69.6047908548157
sano,281,1,A_steiner,5204.0,9,453.53716071708095,4,69.6047908548157
sano,281,2,A_steiner,5204.0,9,453.53716071708095,4,69.6047908548157
sano,281,3,A_steiner,5204.0,9,453.53716071708095,4,69.6047908548157
sano,281,4,A_steiner,5204.0,9,453.53716071708095,4,69.6047908548157
sano,281,5,A_steiner,5204.0,9,453.53716071708095,4,69.6047908548157
sano,281,6,B_incremental,5204.0,9,453.53716071708095,4,69.6047908548157
sano,281,7,B_incremental,5204.0,9,453.53716071708095,4,69.6047908548157
sano,281,8,B_incremental,5204.0,9,453.53716071708095,4,69.6047908548157
sano,281,9,B_incremental,5204.0,9,453.53716071708095,4,69.6047908548157
sano,281,10,B_incremental,5204.0,9,453.53716071708095,4,69.6047908548157
sano,281,11,B_incremental,5204.0,9,453.53716071708095,4,69.6047908548157
sano,283,0,A_steiner,1686.0,1,36.08781819350498,2,84.72215097969527
sano,283,1,A_steiner,1686.0,1,36.08781819350498,2,84.72215097969527
sano,283,2,A_steiner,1686.0,1,36.08781819350498,2,84.72215097969527
sano,283,3,A_steiner,1686.0,1,36.08781819350498,2,84.72215097969527
sano,283,4,A_steiner,1686.0,1,36.08781819350498,2,84.72215097969527
sano,283,5,A_steiner,1686.0,1,36.08781819350498,2,84.72215097969527
sano,283,6,B_incremental,1686.0,1,36.08781819350498,2,84.72215097969527
sano,283,7,B_incremental,1686.0,1,36.08781819350498,2,84.72215097969527
sano,283,8,B_incremental,1686.0,1,36.08781819350498,2,84.72215097969527
sano,283,9,B_incremental,1686.0,1,36.08781819350498,2,84.72215097969527
sano,283,10,B_incremental,1686.0,1,36.08781819350498,2,84.72215097969527
sano,283,11,B_incremental,1686.0,1,36.08781819350498,2,84.72215097969527
sano,284,0,A_steiner,6158.0,3,137.24158802359034,4,137.44604044255797
sano,284,1,A_steiner,6158.0,3,137.24158802359034,4,137.44604044255797
sano,284,2,A_steiner,6158.0,3,137.24158802359034,4,137.44604044255797
sano,284,3,A_steiner,6158.0,3,137.24158802359034,4,137.44604044255797
sano,284,4,A_steiner,6158.0,3,137.24158802359034,4,137.44604044255797
sano,284,5,A_steiner,6158.0,3,137.24158802359034,4,137.44604044255797
sano,284,6,B_incremental,6158.0,3,137.24158802359034,4,137.44604044255797
sano,284,7,B_incremental,6158.0,3,137.24158802359034,4,137.44604044255797
sano,284,8,B_incremental,6158.0,3,137.24158802359034,4,137.44604044255797
sano,284,9,B_incremental,6158.0,3,137.24158802359034,4,137.44604044255797
sano,284,10,B_incremental,6158.0,3,137.24158802359034,4,137.44604044255797
sano,284,11,B_incremental,6158.0,3,137.24158802359034,4,137.44604044255797
sano,288,0,A_steiner,6227.0,2,82.0452070859946,3,174.5530363660265
sano,288,1,A_steiner,6227.0,2,82.0452070859946,3,174.5530363660265
sano,288,2,A_steiner,6227.0,2,82.0452070859946,3,174.5530363660265
sano,288,3,A_steiner,6227.0,2,82.0452070859946,3,174.5530363660265
sano,288,4,A_steiner,6227.0,2,82.0452070859946,3,174.5530363660265
sano,288,5,A_steiner,6227.0,2,82.0452070859946,3,174.5530363660265
sano,288,6,B_incremental,6227.0,2,82.0452070859946,3,174.5530363660265
sano,288,7,B_incremental,6227.0,2,82.0452070859946,3,174.5530363660265
sano,288,8,B_incremental,6227.0,2,82.0452070859946,3,174.5530363660265
sano,288,9,B_incremental,6227.0,2,82.0452070859946,3,174.5530363660265
sano,288,10,B_incremental,6227.0,2,82.0452070859946,3,174.5530363660265
sano,288,11,B_incremental,6227.0,2,82.0452070859946,3,174.5530363660265
sano,290,0,A_steiner,4673.0,1,87.58184051313971,2,142.27297588837553
sano,290,1,A_steiner,4673.0,1,87.58184051313971,2,142.27297588837553
sano,290,2,A_steiner,4673.0,1,87.58184051313971,2,142.27297588837553
sano,290,3,A_steiner,4673.0,1,87.58184051313971,2,142.27297588837553
sano,290,4,A_steiner,4673.0,1,87.58184051313971,2,142.27297588837553
sano,290,5,A_steiner,4673.0,1,87.58184051313971,2,142.27297588837553
sano,290,6,B_incremental,4673.0,1,87.58184051313971,2,142.27297588837553
sano,290,7,B_incremental,4673.0,1,87.58184051313971,2,142.27297588837553
sano,290,8,B_incremental,4673.0,1,87.58184051313971,2,142.27297588837553
sano,290,9,B_incremental,4673.0,1,87.58184051313971,2,142.27297588837553
sano,290,10,B_incremental,4673.0,1,87.58184051313971,2,142.27297588837553
sano,290,11,B_incremental,4673.0,1,87.58184051313971,2,142.27297588837553
sano,291,0,A_steiner,5019.0,1,56.51385139581226,2,132.0242834064709
sano,291,1,A_steiner,5019.0,1,56.51385139581226,2,132.0242834064709
sano,291,2,A_steiner,5019.0,1,56.51385139581226,2,132.0242834064709
sano,291,3,A_steiner,5019.0,1,56.51385139581226,2,132.0242834064709
sano,291,4,A_steiner,5019.0,1,56.51385139581226,2,132.0242834064709
sano,291,5,A_steiner,5019.0,1,56.51385139581226,2,132.0242834064709
sano,291,6,B_incremental,5019.0,1,56.51385139581226,2,132.0242834064709
sano,291,7,B_incremental,5019.0,1,56.51385139581226,2,132.0242834064709
sano,291,8,B_incremental,5019.0,1,56.51385139581226,2,132.0242834064709
sano,291,9,B_incremental,5019.0,1,56.51385139581226,2,132.0242834064709
sano,291,10,B_incremental,5019.0,1,56.51385139581226,2,132.0242834064709
sano,291,11,B_incremental,5019.0,1,56.51385139581226,2,132.0242834064709
sano,293,0,A_steiner,1574.0,3,46.007621725258375,4,244.81567530181763
sano,293,1,A_steiner,1574.0,3,46.007621725258375,4,244.81567530181763
sano,293,2,A_steiner,1574.0,3,46.007621725258375,4,244.81567530181763
sano,293,3,A_steiner,1574.0,3,46.007621725258375,4,244.81567530181763
sano,293,4,A_steiner,1574.0,3,46.007621725258375,4,244.81567530181763
sano,293,5,A_steiner,1574.0,3,46.007621725258375,4,244.81567530181763
sano,293,6,B_incremental,1574.0,3,46.007621725258375,4,244.81567530181763
sano,293,7,B_incremental,1574.0,3,46.007621725258375,4,244.81567530181763
sano,293,8,B_incremental,1574.0,3,46.007621725258375,4,244.81567530181763
sano,293,9,B_incremental,1574.0,3,46.007621725258375,4,244.81567530181763
sano,293,10,B_incremental,1574.0,3,46.007621725258375,4,244.81567530181763
sano,293,11,B_incremental,1574.0,3,46.007621725258375,4,244.81567530181763
sano,294,0,A_steiner,1527.0,7,406.2965275248074,3,73.22066255246199
sano,294,1,A_steiner,1527.0,7,406.2965275248074,3,73.22066255246199
sano,294,2,A_steiner,1527.0,7,406.2965275248074,3,73.22066255246199
sano,294,3,A_steiner,1527.0,7,406.2965275248074,3,73.22066255246199
sano,294,4,A_steiner,1527.0,7,406.2965275248074,3,73.22066255246199
sano,294,5,A_steiner,1527.0,7,406.2965275248074,3,73.22066255246199
sano,294,6,B_incremental,1527.0,7,406.29652752480735,3,73.22066255246199
sano,294,7,B_incremental,1527.0,7,406.29652752480735,3,73.22066255246199
sano,294,8,B_incremental,1527.0,7,406.29652752480735,3,73.22066255246199
sano,294,9,B_incremental,1527.0,7,406.29652752480735,3,73.22066255246199
sano,294,10,B_incremental,1527.0,7,406.29652752480735,3,73.22066255246199
sano,294,11,B_incremental,1527.0,7,406.29652752480735,3,73.22066255246199
sano,295,0,A_steiner,868.0,2,175.09565745124684,3,136.30521899180204
sano,295,1,A_steiner,868.0,2,175.09565745124684,3,136.30521899180204
sano,295,2,A_steiner,868.0,2,175.09565745124684,3,136.30521899180204
sano,295,3,A_steiner,868.0,2,175.09565745124684,3,136.30521899180204
sano,295,4,A_steiner,868.0,2,175.09565745124684,3,136.30521899180204
sano,295,5,A_steiner,868.0,2,175.09565745124684,3,136.30521899180204
sano,295,6,B_incremental,868.0,2,175.09565745124684,3,136.30521899180204
sano,295,7,B_incremental,868.0,2,175.09565745124684,3,136.30521899180204
sano,295,8,B_incremental,868.0,3,232.85669996654485,3,136.30521899180204
sano,295,9,B_incremental,868.0,3,232.85669996654485,3,136.30521899180204
sano,295,10,B_incremental,868.0,3,232.85669996654485,3,136.30521899180204
sano,295,11,B_incremental,868.0,3,232.85669996654485,3,136.30521899180204
sano,296,0,A_steiner,5048.0,1,75.63172303017852,2,68.66047550196961
sano,296,1,A_steiner,5048.0,1,75.63172303017852,2,68.66047550196961
sano,296,2,A_steiner,5048.0,1,75.63172303017852,2,68.66047550196961
sano,296,3,A_steiner,5048.0,1,75.63172303017852,2,68.66047550196961
sano,296,4,A_steiner,5048.0,1,75.63172303017852,2,68.66047550196961
sano,296,5,A_steiner,5048.0,1,75.63172303017852,2,68.66047550196961
sano,296,6,B_incremental,5048.0,1,75.63172303017852,2,68.66047550196961
sano,296,7,B_incremental,5048.0,1,75.63172303017852,2,68.66047550196961
sano,296,8,B_incremental,5048.0,1,75.63172303017852,2,68.66047550196961
sano,296,9,B_incremental,5048.0,1,75.63172303017852,2,68.66047550196961
sano,296,10,B_incremental,5048.0,1,75.63172303017852,2,68.66047550196961
sano,296,11,B_incremental,5048.0,1,75.63172303017852,2,68.66047550196961
sano,297,0,A_steiner,1685.0,5,432.28827267598626,2,123.12026281657447
sano,297,1,A_steiner,1685.0,5,432.28827267598626,2,123.12026281657447
sano,297,2,A_steiner,1685.0,5,432.28827267598626,2,123.12026281657447
sano,297,3,A_steiner,1685.0,5,432.28827267598626,2,123.12026281657447
sano,297,4,A_steiner,1685.0,5,432.28827267598626,2,123.12026281657447
sano,297,5,A_steiner,1685.0,5,432.28827267598626,2,123.12026281657447
sano,297,6,B_incremental,1685.0,5,432.28827267598626,2,123.12026281657447
sano,297,7,B_incremental,1685.0,5,432.28827267598626,2,123.12026281657447
sano,297,8,B_incremental,1685.0,5,432.28827267598626,2,123.12026281657447
sano,297,9,B_incremental,1685.0,5,432.28827267598626,2,123.12026281657447
sano,297,10,B_incremental,1685.0,5,432.28827267598626,2,123.12026281657447
sano,297,11,B_incremental,1685.0,5,432.28827267598626,2,123.12026281657447
sano,300,0,A_steiner,5032.0,1,34.387055822832124,2,165.24438036115163
sano,300,1,A_steiner,5032.0,1,34.387055822832124,2,165.24438036115163
sano,300,2,A_steiner,5032.0,1,34.387055822832124,2,165.24438036115163
sano,300,3,A_steiner,5032.0,1,34.387055822832124,2,165.24438036115163
sano,300,4,A_steiner,5032.0,1,34.387055822832124,2,165.24438036115163
sano,300,5,A_steiner,5032.0,1,34.387055822832124,2,165.24438036115163
sano,300,6,B_incremental,5032.0,1,34.387055822832124,2,165.24438036115163
sano,300,7,B_incremental,5032.0,1,34.387055822832124,2,165.24438036115163
sano,300,8,B_incremental,5032.0,1,34.387055822832124,2,165.24438036115163
sano,300,9,B_incremental,5032.0,1,34.387055822832124,2,165.24438036115163
sano,300,10,B_incremental,5032.0,1,34.387055822832124,2,165.24438036115163
sano,300,11,B_incremental,5032.0,1,34.387055822832124,2,165.24438036115163
sano,301,0,A_steiner,6030.0,1,34.38857449177645,2,146.6317971980576
sano,301,1,A_steiner,6030.0,1,34.38857449177645,2,146.6317971980576
sano,301,2,A_steiner,6030.0,1,34.38857449177645,2,146.6317971980576
sano,301,3,A_steiner,6030.0,1,34.38857449177645,2,146.6317971980576
sano,301,4,A_steiner,6030.0,1,34.38857449177645,2,146.6317971980576
sano,301,5,A_steiner,6030.0,1,34.38857449177645,2,146.6317971980576
sano,301,6,B_incremental,6030.0,1,34.38857449177645,2,146.6317971980576
sano,301,7,B_incremental,6030.0,1,34.38857449177645,2,146.6317971980576
sano,301,8,B_incremental,6030.0,1,34.38857449177645,2,146.6317971980576
sano,301,9,B_incremental,6030.0,1,34.38857449177645,2,146.6317971980576
sano,301,10,B_incremental,6030.0,1,34.38857449177645,2,146.6317971980576
sano,301,11,B_incremental,6030.0,1,34.38857449177645,2,146.6317971980576
sano,303,0,A_steiner,79.0,1,40.76616315255577,2,31.75200687854972
sano,303,1,A_steiner,79.0,1,40.76616315255577,2,31.75200687854972
sano,303,2,A_steiner,79.0,1,40.76616315255577,2,31.75200687854972
sano,303,3,A_steiner,79.0,1,40.76616315255577,2,31.75200687854972
sano,303,4,A_steiner,79.0,1,40.76616315255577,2,31.75200687854972
sano,303,5,A_steiner,79.0,1,40.76616315255577,2,31.75200687854972
sano,303,6,B_incremental,79.0,1,40.76616315255577,2,31.75200687854972
sano,303,7,B_incremental,79.0,1,40.76616315255577,2,31.75200687854972
sano,303,8,B_incremental,79.0,1,40.76616315255577,2,31.75200687854972
sano,303,9,B_incremental,79.0,1,40.76616315255577,2,31.75200687854972
sano,303,10,B_incremental,79.0,1,40.76616315255577,2,31.75200687854972
sano,303,11,B_incremental,79.0,1,40.76616315255577,2,31.75200687854972
sano,305,0,A_steiner,1727.0,1,40.86418511997442,2,92.90974545157886
sano,305,1,A_steiner,1727.0,1,40.86418511997442,2,92.90974545157886
sano,305,2,A_steiner,1727.0,1,40.86418511997442,2,92.90974545157886
sano,305,3,A_steiner,1727.0,1,40.86418511997442,2,92.90974545157886
sano,305,4,A_steiner,1727.0,1,40.86418511997442,2,92.90974545157886
sano,305,5,A_steiner,1727.0,1,40.86418511997442,2,92.90974545157886
sano,305,6,B_incremental,1727.0,1,40.86418511997442,2,92.90974545157886
sano,305,7,B_incremental,1727.0,1,40.86418511997442,2,92.90974545157886
sano,305,8,B_incremental,1727.0,1,40.86418511997442,2,92.90974545157886
sano,305,9,B_incremental,1727.0,1,40.86418511997442,2,92.90974545157886
sano,305,10,B_incremental,1727.0,1,40.86418511997442,2,92.90974545157886
sano,305,11,B_incremental,1727.0,1,40.86418511997442,2,92.90974545157886
sano,307,0,A_steiner,6272.0,2,45.80295883493131,3,82.93547567637117
sano,307,1,A_steiner,6272.0,2,45.80295883493131,3,82.93547567637117
sano,307,2,A_steiner,6272.0,2,45.80295883493131,3,82.93547567637117
sano,307,3,A_steiner,6272.0,2,45.80295883493131,3,82.93547567637117
sano,307,4,A_steiner,6272.0,2,45.80295883493131,3,82.93547567637117
sano,307,5,A_steiner,6272.0,2,45.80295883493131,3,82.93547567637117
sano,307,6,B_incremental,6272.0,2,45.80295883493131,3,82.93547567637117
sano,307,7,B_incremental,6272.0,2,45.80295883493131,3,82.93547567637117
sano,307,8,B_incremental,6272.0,2,45.80295883493131,3,82.93547567637117
sano,307,9,B_incremental,6272.0,2,45.80295883493131,3,82.93547567637117
sano,307,10,B_incremental,6272.0,2,45.80295883493131,3,82.93547567637117
sano,307,11,B_incremental,6272.0,2,45.80295883493131,3,82.93547567637117
sano,310,0,A_steiner,6221.0,4,108.34673519574947,3,117.85640827505162
sano,310,1,A_steiner,6221.0,4,108.34673519574947,3,117.85640827505162
sano,310,2,A_steiner,6221.0,4,108.34673519574947,3,117.85640827505162
sano,310,3,A_steiner,6221.0,4,108.34673519574947,3,117.85640827505162
sano,310,4,A_steiner,6221.0,4,108.34673519574947,3,117.85640827505162
sano,310,5,A_steiner,6221.0,4,108.34673519574947,3,117.85640827505162
sano,310,6,B_incremental,6221.0,4,108.34673519574949,3,117.85640827505162
sano,310,7,B_incremental,6221.0,4,108.34673519574949,3,117.85640827505162
sano,310,8,B_incremental,6221.0,4,108.34673519574947,3,117.85640827505162
sano,310,9,B_incremental,6221.0,4,108.34673519574949,3,117.85640827505162
sano,310,10,B_incremental,6221.0,4,108.34673519574947,3,117.85640827505162
sano,310,11,B_incremental,6221.0,4,108.34673519574947,3,117.85640827505162
sano,315,0,A_steiner,1901.0,4,190.6864928576415,5,150.79825806039855
sano,315,1,A_steiner,1901.0,4,190.6864928576415,5,150.79825806039855
sano,315,2,A_steiner,1901.0,4,190.6864928576415,5,150.79825806039855
sano,315,3,A_steiner,1901.0,4,190.6864928576415,5,150.79825806039855
sano,315,4,A_steiner,1901.0,4,190.6864928576415,5,150.79825806039855
sano,315,5,A_steiner,1901.0,4,190.6864928576415,5,150.79825806039855
sano,315,6,B_incremental,1901.0,4,190.68649285764153,5,150.79825806039855
sano,315,7,B_incremental,1901.0,4,190.68649285764153,5,150.79825806039855
sano,315,8,B_incremental,1901.0,4,190.6864928576415,5,150.79825806039855
sano,315,9,B_incremental,1901.0,4,190.68649285764153,5,150.79825806039855
sano,315,10,B_incremental,1901.0,4,190.68649285764153,5,150.79825806039855
sano,315,11,B_incremental,1901.0,4,190.6864928576415,5,150.79825806039855
sano,316,0,A_steiner,4887.0,1,48.39362927676075,2,62.412317106870276
sano,316,1,A_steiner,4887.0,1,48.39362927676075,2,62.412317106870276
sano,316,2,A_steiner,4887.0,1,48.39362927676075,2,62.412317106870276
sano,316,3,A_steiner,4887.0,1,48.39362927676075,2,62.412317106870276
sano,316,4,A_steiner,4887.0,1,48.39362927676075,2,62.412317106870276
sano,316,5,A_steiner,4887.0,1,48.39362927676075,2,62.412317106870276
sano,316,6,B_incremental,4887.0,1,48.39362927676075,2,62.412317106870276
sano,316,7,B_incremental,4887.0,1,48.39362927676075,2,62.412317106870276
sano,316,8,B_incremental,4887.0,1,48.39362927676075,2,62.412317106870276
sano,316,9,B_incremental,4887.0,1,48.39362927676075,2,62.412317106870276
sano,316,10,B_incremental,4887.0,1,48.39362927676075,2,62.412317106870276
sano,316,11,B_incremental,4887.0,1,48.39362927676075,2,62.412317106870276
sano,319,0,A_steiner,6232.0,6,395.68077314628874,4,195.67577239030663
sano,319,1,A_steiner,6232.0,6,395.68077314628874,4,195.67577239030663
sano,319,2,A_steiner,6232.0,6,395.68077314628874,4,195.67577239030663
sano,319,3,A_steiner,6232.0,6,395.68077314628874,4,195.67577239030663
sano,319,4,A_steiner,6232.0,6,395.68077314628874,4,195.67577239030663
sano,319,5,A_steiner,6232.0,6,395.68077314628874,4,195.67577239030663
sano,319,6,B_incremental,6232.0,6,395.6807731462887,4,195.67577239030663
sano,319,7,B_incremental,6232.0,6,395.68077314628874,4,195.67577239030663
sano,319,8,B_incremental,6232.0,6,395.6807731462887,4,195.67577239030663
sano,319,9,B_incremental,6232.0,6,395.68077314628874,4,195.67577239030663
sano,319,10,B_incremental,6232.0,6,395.68077314628874,4,195.67577239030663
sano,319,11,B_incremental,6232.0,6,395.68077314628874,4,195.67577239030663
sano,320,0,A_steiner,6147.0,2,104.75751037816414,3,188.71574980047214
sano,320,1,A_steiner,6147.0,2,104.75751037816414,3,188.71574980047214
sano,320,2,A_steiner,6147.0,2,104.75751037816414,3,188.71574980047214
sano,320,3,A_steiner,6147.0,2,104.75751037816414,3,188.71574980047214
sano,320,4,A_steiner,6147.0,2,104.75751037816414,3,188.71574980047214
sano,320,5,A_steiner,6147.0,2,104.75751037816414,3,188.71574980047214
sano,320,6,B_incremental,6147.0,2,104.75751037816414,3,188.71574980047214
sano,320,7,B_incremental,6147.0,2,104.75751037816414,3,188.71574980047214
sano,320,8,B_incremental,6147.0,2,104.75751037816414,3,188.71574980047214
sano,320,9,B_incremental,6147.0,2,104.75751037816414,3,188.71574980047214
sano,320,10,B_incremental,6147.0,2,104.75751037816414,3,188.71574980047214
sano,320,11,B_incremental,6147.0,2,104.75751037816414,3,188.71574980047214
sano,322,0,A_steiner,1579.0,1,59.03339484608132,2,133.7515726905168
sano,322,1,A_steiner,1579.0,1,59.03339484608132,2,133.7515726905168
sano,322,2,A_steiner,1579.0,1,59.03339484608132,2,133.7515726905168
sano,322,3,A_steiner,1579.0,1,59.03339484608132,2,133.7515726905168
sano,322,4,A_steiner,1579.0,1,59.03339484608132,2,133.7515726905168
sano,322,5,A_steiner,1579.0,1,59.03339484608132,2,133.7515726905168
sano,322,6,B_incremental,1579.0,1,59.03339484608132,2,133.7515726905168
sano,322,7,B_incremental,1579.0,1,59.03339484608132,2,133.7515726905168
sano,322,8,B_incremental,1579.0,1,59.03339484608132,2,133.7515726905168
sano,322,9,B_incremental,1579.0,1,59.03339484608132,2,133.7515726905168
sano,322,10,B_incremental,1579.0,1,59.03339484608132,2,133.7515726905168
sano,322,11,B_incremental,1579.0,1,59.03339484608132,2,133.7515726905168
sano,324,0,A_steiner,5709.0,4,158.3774019877918,5,240.05765678577654
sano,324,1,A_steiner,5709.0,4,158.3774019877918,5,240.05765678577654
sano,324,2,A_steiner,5709.0,4,158.3774019877918,5,240.05765678577654
sano,324,3,A_steiner,5709.0,4,158.3774019877918,5,240.05765678577654
sano,324,4,A_steiner,5709.0,4,158.3774019877918,5,240.05765678577654
sano,324,5,A_steiner,5709.0,4,158.3774019877918,5,240.05765678577654
sano,324,6,B_incremental,5709.0,4,158.3774019877918,5,240.05765678577654
sano,324,7,B_incremental,5709.0,4,158.3774019877918,5,240.05765678577654
sano,324,8,B_incremental,5709.0,4,158.3774019877918,5,240.05765678577654
sano,324,9,B_incremental,5709.0,4,158.3774019877918,5,240.05765678577654
sano,324,10,B_incremental,5709.0,4,158.3774019877918,5,240.05765678577654
sano,324,11,B_incremental,5709.0,4,158.3774019877918,5,240.05765678577654
sano,325,0,A_steiner,1832.0,4,177.01104508546513,5,205.6899680933356
sano,325,1,A_steiner,1832.0,4,177.01104508546513,5,205.6899680933356
sano,325,2,A_steiner,1832.0,4,177.01104508546513,5,205.6899680933356
sano,325,3,A_steiner,1832.0,4,177.01104508546513,5,205.6899680933356
sano,325,4,A_steiner,1832.0,4,177.01104508546513,5,205.6899680933356
sano,325,5,A_steiner,1832.0,4,177.01104508546513,5,205.6899680933356
sano,325,6,B_incremental,1832.0,4,177.0110450854651,5,205.6899680933356
sano,325,7,B_incremental,1832.0,4,177.01104508546513,5,205.6899680933356
sano,325,8,B_incremental,1832.0,4,177.0110450854651,5,205.6899680933356
sano,325,9,B_incremental,1832.0,4,177.01104508546513,5,205.6899680933356
sano,325,10,B_incremental,1832.0,4,177.01104508546513,5,205.6899680933356
sano,325,11,B_incremental,1832.0,4,177.01104508546513,5,205.6899680933356
sano,328,0,A_steiner,5041.0,1,55.40289762480995,2,93.426266212753
sano,328,1,A_steiner,5041.0,1,55.40289762480995,2,93.426266212753
sano,328,2,A_steiner,5041.0,1,55.40289762480995,2,93.426266212753
sano,328,3,A_steiner,5041.0,1,55.40289762480995,2,93.426266212753
sano,328,4,A_steiner,5041.0,1,55.40289762480995,2,93.426266212753
sano,328,5,A_steiner,5041.0,1,55.40289762480995,2,93.426266212753
sano,328,6,B_incremental,5041.0,1,55.40289762480995,2,93.426266212753
sano,328,7,B_incremental,5041.0,1,55.40289762480995,2,93.426266212753
sano,328,8,B_incremental,5041.0,1,55.40289762480995,2,93.426266212753
sano,328,9,B_incremental,5041.0,1,55.40289762480995,2,93.426266212753
sano,328,10,B_incremental,5041.0,1,55.40289762480995,2,93.426266212753
sano,328,11,B_incremental,5041.0,1,55.40289762480995,2,93.426266212753
sano,329,0,A_steiner,1453.0,1,22.55252630191048,2,59.93868487820372
sano,329,1,A_steiner,1453.0,1,22.55252630191048,2,59.93868487820372
sano,329,2,A_steiner,1453.0,1,22.55252630191048,2,59.93868487820372
sano,329,3,A_steiner,1453.0,1,22.55252630191048,2,59.93868487820372
sano,329,4,A_steiner,1453.0,1,22.55252630191048,2,59.93868487820372
sano,329,5,A_steiner,1453.0,1,22.55252630191048,2,59.93868487820372
sano,329,6,B_incremental,1453.0,1,22.55252630191048,2,59.93868487820372
sano,329,7,B_incremental,1453.0,1,22.55252630191048,2,59.93868487820372
sano,329,8,B_incremental,1453.0,1,22.55252630191048,2,59.93868487820372
sano,329,9,B_incremental,1453.0,1,22.55252630191048,2,59.93868487820372
sano,329,10,B_incremental,1453.0,1,22.55252630191048,2,59.93868487820372
sano,329,11,B_incremental,1453.0,1,22.55252630191048,2,59.93868487820372
sano,330,0,A_steiner,4872.0,2,99.83474730388104,3,101.69254961556247
sano,330,1,A_steiner,4872.0,2,99.83474730388104,3,101.69254961556247
sano,330,2,A_steiner,4872.0,2,99.83474730388104,3,101.69254961556247
sano,330,3,A_steiner,4872.0,2,99.83474730388104,3,101.69254961556247
sano,330,4,A_steiner,4872.0,2,99.83474730388104,3,101.69254961556247
sano,330,5,A_steiner,4872.0,2,99.83474730388104,3,101.69254961556247
sano,330,6,B_incremental,4872.0,2,99.83474730388104,3,101.69254961556247
sano,330,7,B_incremental,4872.0,2,99.83474730388104,3,101.69254961556247
sano,330,8,B_incremental,4872.0,2,99.83474730388104,3,101.69254961556247
sano,330,9,B_incremental,4872.0,2,99.83474730388104,3,101.69254961556247
sano,330,10,B_incremental,4872.0,2,99.83474730388104,3,101.69254961556247
sano,330,11,B_incremental,4872.0,2,99.83474730388104,3,101.69254961556247
kudamatsu,0,0,A_steiner,1667.0,5,181.27018937401087,5,105.06581548994812
kudamatsu,0,1,A_steiner,1667.0,5,181.27018937401087,5,105.06581548994812
kudamatsu,0,2,A_steiner,1667.0,5,181.27018937401087,5,105.06581548994812
kudamatsu,0,3,A_steiner,1667.0,5,181.27018937401087,5,105.06581548994812
kudamatsu,0,4,A_steiner,1667.0,5,181.27018937401087,5,105.06581548994812
kudamatsu,0,5,A_steiner,1667.0,5,181.27018937401087,5,105.06581548994812
kudamatsu,0,6,B_incremental,1667.0,5,181.27018937401087,5,105.06581548994812
kudamatsu,0,7,B_incremental,1667.0,5,181.27018937401087,5,105.06581548994812
kudamatsu,0,8,B_incremental,1667.0,5,185.19885146309895,5,105.06581548994812
kudamatsu,0,9,B_incremental,1667.0,5,181.27018937401087,5,105.06581548994812
kudamatsu,0,10,B_incremental,1667.0,5,181.27018937401087,5,105.06581548994812
kudamatsu,0,11,B_incremental,1667.0,5,185.19885146309895,5,105.06581548994812
kudamatsu,1,0,A_steiner,2400.0,6,369.9095829710168,3,140.76440527869505
kudamatsu,1,1,A_steiner,2400.0,6,369.9095829710168,3,140.76440527869505
kudamatsu,1,2,A_steiner,2400.0,6,369.9095829710168,3,140.76440527869505
kudamatsu,1,3,A_steiner,2400.0,6,369.9095829710168,3,140.76440527869505
kudamatsu,1,4,A_steiner,2400.0,6,369.9095829710168,3,140.76440527869505
kudamatsu,1,5,A_steiner,2400.0,6,369.9095829710168,3,140.76440527869505
kudamatsu,1,6,B_incremental,2400.0,6,369.9095829710168,3,140.76440527869505
kudamatsu,1,7,B_incremental,2400.0,6,369.9095829710168,3,140.76440527869505
kudamatsu,1,8,B_incremental,2400.0,6,369.9095829710168,3,140.76440527869505
kudamatsu,1,9,B_incremental,2400.0,6,369.9095829710168,3,140.76440527869505
kudamatsu,1,10,B_incremental,2400.0,6,369.9095829710168,3,140.76440527869505
kudamatsu,1,11,B_incremental,2400.0,6,369.9095829710168,3,140.76440527869505
kudamatsu,2,0,A_steiner,1155.0,3,221.0163665206595,3,60.4873782737906
kudamatsu,2,1,A_steiner,1155.0,3,221.0163665206595,3,60.4873782737906
kudamatsu,2,2,A_steiner,1155.0,3,221.0163665206595,3,60.4873782737906
kudamatsu,2,3,A_steiner,1155.0,3,221.0163665206595,3,60.4873782737906
kudamatsu,2,4,A_steiner,1155.0,3,221.0163665206595,3,60.4873782737906
kudamatsu,2,5,A_steiner,1155.0,3,221.0163665206595,3,60.4873782737906
kudamatsu,2,6,B_incremental,1155.0,3,221.0163665206595,3,60.4873782737906
kudamatsu,2,7,B_incremental,1155.0,3,221.0163665206595,3,60.4873782737906
kudamatsu,2,8,B_incremental,1155.0,3,221.0163665206595,3,60.4873782737906
kudamatsu,2,9,B_incremental,1155.0,3,221.0163665206595,3,60.4873782737906
kudamatsu,2,10,B_incremental,1155.0,3,221.0163665206595,3,60.4873782737906
kudamatsu,2,11,B_incremental,1155.0,3,221.0163665206595,3,60.4873782737906
kudamatsu,5,0,A_steiner,1980.0,8,248.8488813515803,4,62.78240282820117
kudamatsu,5,1,A_steiner,1980.0,8,248.8488813515803,4,62.78240282820117
kudamatsu,5,2,A_steiner,1980.0,8,248.8488813515803,4,62.78240282820117
kudamatsu,5,3,A_steiner,1980.0,8,248.8488813515803,4,62.78240282820117
kudamatsu,5,4,A_steiner,1980.0,8,248.8488813515803,4,62.78240282820117
kudamatsu,5,5,A_steiner,1980.0,8,248.8488813515803,4,62.78240282820117
kudamatsu,5,6,B_incremental,1980.0,8,248.84888135158033,4,62.78240282820117
kudamatsu,5,7,B_incremental,1980.0,8,248.8488813515803,4,62.78240282820117
kudamatsu,5,8,B_incremental,1980.0,8,248.84888135158033,4,62.78240282820117
kudamatsu,5,9,B_incremental,1980.0,8,248.8488813515803,4,62.78240282820117
kudamatsu,5,10,B_incremental,1980.0,8,248.84888135158033,4,62.78240282820117
kudamatsu,5,11,B_incremental,1980.0,8,248.84888135158033,4,62.78240282820117
kudamatsu,7,0,A_steiner,1801.0,8,504.26265231871366,5,46.78271626027423
kudamatsu,7,1,A_steiner,1801.0,8,504.26265231871366,5,46.78271626027423
kudamatsu,7,2,A_steiner,1801.0,8,504.26265231871366,5,46.78271626027423
kudamatsu,7,3,A_steiner,1801.0,8,504.26265231871366,5,46.78271626027423
kudamatsu,7,4,A_steiner,1801.0,8,504.26265231871366,5,46.78271626027423
kudamatsu,7,5,A_steiner,1801.0,8,504.26265231871366,5,46.78271626027423
kudamatsu,7,6,B_incremental,1801.0,8,504.26265231871366,5,46.78271626027423
kudamatsu,7,7,B_incremental,1801.0,8,504.26265231871366,5,46.78271626027423
kudamatsu,7,8,B_incremental,1801.0,8,504.26265231871366,5,46.78271626027423
kudamatsu,7,9,B_incremental,1801.0,8,504.26265231871366,5,46.78271626027423
kudamatsu,7,10,B_incremental,1801.0,8,504.26265231871366,5,46.78271626027423
kudamatsu,7,11,B_incremental,1801.0,8,504.26265231871366,5,46.78271626027423
kudamatsu,8,0,A_steiner,525.0,2,69.21568218722427,3,15.805122305263257
kudamatsu,8,1,A_steiner,525.0,2,69.21568218722427,3,15.805122305263257
kudamatsu,8,2,A_steiner,525.0,2,69.21568218722427,3,15.805122305263257
kudamatsu,8,3,A_steiner,525.0,2,69.21568218722427,3,15.805122305263257
kudamatsu,8,4,A_steiner,525.0,2,69.21568218722427,3,15.805122305263257
kudamatsu,8,5,A_steiner,525.0,2,69.21568218722427,3,15.805122305263257
kudamatsu,8,6,B_incremental,525.0,2,69.21568218722427,3,15.805122305263257
kudamatsu,8,7,B_incremental,525.0,2,69.21568218722427,3,15.805122305263257
kudamatsu,8,8,B_incremental,525.0,2,69.21568218722427,3,15.805122305263257
kudamatsu,8,9,B_incremental,525.0,2,69.21568218722427,3,15.805122305263257
kudamatsu,8,10,B_incremental,525.0,2,69.21568218722427,3,15.805122305263257
kudamatsu,8,11,B_incremental,525.0,2,69.21568218722427,3,15.805122305263257
kudamatsu,11,0,A_steiner,1742.0,2,86.95633476547877,3,61.41803573257872
kudamatsu,11,1,A_steiner,1742.0,2,86.95633476547877,3,61.41803573257872
kudamatsu,11,2,A_steiner,1742.0,2,86.95633476547877,3,61.41803573257872
kudamatsu,11,3,A_steiner,1742.0,2,86.95633476547877,3,61.41803573257872
kudamatsu,11,4,A_steiner,1742.0,2,86.95633476547877,3,61.41803573257872
kudamatsu,11,5,A_steiner,1742.0,2,86.95633476547877,3,61.41803573257872
kudamatsu,11,6,B_incremental,1742.0,2,86.95633476547877,3,61.41803573257872
kudamatsu,11,7,B_incremental,1742.0,2,86.95633476547877,3,61.41803573257872
kudamatsu,11,8,B_incremental,1742.0,2,86.95633476547877,3,61.41803573257872
kudamatsu,11,9,B_incremental,1742.0,2,86.95633476547877,3,61.41803573257872
kudamatsu,11,10,B_incremental,1742.0,2,86.95633476547877,3,61.41803573257872
kudamatsu,11,11,B_incremental,1742.0,2,86.95633476547877,3,61.41803573257872
kudamatsu,13,0,A_steiner,2399.0,3,161.92239917116595,4,73.09265863018348
kudamatsu,13,1,A_steiner,2399.0,3,161.92239917116595,4,73.09265863018348
kudamatsu,13,2,A_steiner,2399.0,3,161.92239917116595,4,73.09265863018348
kudamatsu,13,3,A_steiner,2399.0,3,161.92239917116595,4,73.09265863018348
kudamatsu,13,4,A_steiner,2399.0,3,161.92239917116595,4,73.09265863018348
kudamatsu,13,5,A_steiner,2399.0,3,161.92239917116595,4,73.09265863018348
kudamatsu,13,6,B_incremental,2399.0,3,161.92239917116595,4,73.09265863018348
kudamatsu,13,7,B_incremental,2399.0,3,161.92239917116595,4,73.09265863018348
kudamatsu,13,8,B_incremental,2399.0,3,161.92239917116595,4,73.09265863018348
kudamatsu,13,9,B_incremental,2399.0,3,161.92239917116595,4,73.09265863018348
kudamatsu,13,10,B_incremental,2399.0,3,161.92239917116595,4,73.09265863018348
kudamatsu,13,11,B_incremental,2399.0,3,161.92239917116595,4,73.09265863018348
kudamatsu,14,0,A_steiner,1973.0,3,189.58338594365688,3,122.71866203341298
kudamatsu,14,1,A_steiner,1973.0,3,189.58338594365688,3,122.71866203341298
kudamatsu,14,2,A_steiner,1973.0,3,189.58338594365688,3,122.71866203341298
kudamatsu,14,3,A_steiner,1973.0,3,189.58338594365688,3,122.71866203341298
kudamatsu,14,4,A_steiner,1973.0,3,189.58338594365688,3,122.71866203341298
kudamatsu,14,5,A_steiner,1973.0,3,189.58338594365688,3,122.71866203341298
kudamatsu,14,6,B_incremental,1973.0,3,189.58338594365688,3,122.71866203341298
kudamatsu,14,7,B_incremental,1973.0,3,189.58338594365688,3,122.71866203341298
kudamatsu,14,8,B_incremental,1973.0,3,189.58338594365688,3,122.71866203341298
kudamatsu,14,9,B_incremental,1973.0,3,189.58338594365688,3,122.71866203341298
kudamatsu,14,10,B_incremental,1973.0,3,189.58338594365688,3,122.71866203341298
kudamatsu,14,11,B_incremental,1973.0,3,189.58338594365688,3,122.71866203341298
kudamatsu,15,0,A_steiner,1271.0,3,136.92878834655693,3,59.00960854291243
kudamatsu,15,1,A_steiner,1271.0,3,136.92878834655693,3,59.00960854291243
kudamatsu,15,2,A_steiner,1271.0,3,136.92878834655693,3,59.00960854291243
kudamatsu,15,3,A_steiner,1271.0,3,136.92878834655693,3,59.00960854291243
kudamatsu,15,4,A_steiner,1271.0,3,136.92878834655693,3,59.00960854291243
kudamatsu,15,5,A_steiner,1271.0,3,136.92878834655693,3,59.00960854291243
kudamatsu,15,6,B_incremental,1271.0,3,136.92878834655693,3,59.00960854291243
kudamatsu,15,7,B_incremental,1271.0,3,136.9287883465569,3,59.00960854291243
kudamatsu,15,8,B_incremental,1271.0,3,136.9287883465569,3,59.00960854291243
kudamatsu,15,9,B_incremental,1271.0,3,136.9287883465569,3,59.00960854291243
kudamatsu,15,10,B_incremental,1271.0,3,136.92878834655693,3,59.00960854291243
kudamatsu,15,11,B_incremental,1271.0,3,136.92878834655693,3,59.00960854291243
kudamatsu,16,0,A_steiner,1958.0,15,589.901594058156,10,115.00259568631022
kudamatsu,16,1,A_steiner,1958.0,15,589.901594058156,10,115.00259568631022
kudamatsu,16,2,A_steiner,1958.0,15,589.901594058156,10,115.00259568631022
kudamatsu,16,3,A_steiner,1958.0,15,589.901594058156,10,115.00259568631022
kudamatsu,16,4,A_steiner,1958.0,15,589.901594058156,10,115.00259568631022
kudamatsu,16,5,A_steiner,1958.0,15,589.901594058156,10,115.00259568631022
kudamatsu,16,6,B_incremental,1958.0,14,553.6224777886664,10,115.00259568631022
kudamatsu,16,7,B_incremental,1958.0,15,567.3267601888992,10,115.00259568631022
kudamatsu,16,8,B_incremental,1958.0,14,538.3038761217193,10,115.00259568631022
kudamatsu,16,9,B_incremental,1958.0,14,538.3038761217193,10,115.00259568631022
kudamatsu,16,10,B_incremental,1958.0,15,567.3267601888992,10,115.00259568631022
kudamatsu,16,11,B_incremental,1958.0,14,538.3038761217193,10,115.00259568631022
kudamatsu,17,0,A_steiner,1501.0,6,354.12879023499625,4,191.12710823777599
kudamatsu,17,1,A_steiner,1501.0,6,354.12879023499625,4,191.12710823777599
kudamatsu,17,2,A_steiner,1501.0,6,354.12879023499625,4,191.12710823777599
kudamatsu,17,3,A_steiner,1501.0,6,354.12879023499625,4,191.12710823777599
kudamatsu,17,4,A_steiner,1501.0,6,354.12879023499625,4,191.12710823777599
kudamatsu,17,5,A_steiner,1501.0,6,354.12879023499625,4,191.12710823777599
kudamatsu,17,6,B_incremental,1501.0,6,354.1287902349963,4,191.12710823777599
kudamatsu,17,7,B_incremental,1501.0,6,354.12879023499625,4,191.12710823777599
kudamatsu,17,8,B_incremental,1501.0,6,354.12879023499625,4,191.12710823777599
kudamatsu,17,9,B_incremental,1501.0,6,354.12879023499625,4,191.12710823777599
kudamatsu,17,10,B_incremental,1501.0,6,354.12879023499625,4,191.12710823777599
kudamatsu,17,11,B_incremental,1501.0,6,354.12879023499625,4,191.12710823777599
kudamatsu,18,0,A_steiner,2044.0,10,439.90277611256533,8,77.69450781687063
kudamatsu,18,1,A_steiner,2044.0,10,439.90277611256533,8,77.69450781687063
kudamatsu,18,2,A_steiner,2044.0,10,439.90277611256533,8,77.69450781687063
kudamatsu,18,3,A_steiner,2044.0,10,439.90277611256533,8,77.69450781687063
kudamatsu,18,4,A_steiner,2044.0,10,439.90277611256533,8,77.69450781687063
kudamatsu,18,5,A_steiner,2044.0,10,439.90277611256533,8,77.69450781687063
kudamatsu,18,6,B_incremental,2044.0,10,439.90277611256533,8,77.69450781687063
kudamatsu,18,7,B_incremental,2044.0,10,439.9027761125653,8,77.69450781687063
kudamatsu,18,8,B_incremental,2044.0,10,439.9027761125653,8,77.69450781687063
kudamatsu,18,9,B_incremental,2044.0,10,439.9027761125654,8,77.69450781687063
kudamatsu,18,10,B_incremental,2044.0,10,439.9027761125653,8,77.69450781687063
kudamatsu,18,11,B_incremental,2044.0,10,439.90277611256533,8,77.69450781687063
kudamatsu,20,0,A_steiner,2861.0,6,442.18622374745223,4,17.910713296066575
kudamatsu,20,1,A_steiner,2861.0,6,442.18622374745223,4,17.910713296066575
kudamatsu,20,2,A_steiner,2861.0,6,442.18622374745223,4,17.910713296066575
kudamatsu,20,3,A_steiner,2861.0,6,442.18622374745223,4,17.910713296066575
kudamatsu,20,4,A_steiner,2861.0,6,442.18622374745223,4,17.910713296066575
kudamatsu,20,5,A_steiner,2861.0,6,442.18622374745223,4,17.910713296066575
kudamatsu,20,6,B_incremental,2861.0,6,442.1862237474521,4,17.910713296066575
kudamatsu,20,7,B_incremental,2861.0,6,442.1862237474521,4,17.910713296066575
kudamatsu,20,8,B_incremental,2861.0,6,442.1862237474521,4,17.910713296066575
kudamatsu,20,9,B_incremental,2861.0,6,442.1862237474521,4,17.910713296066575
kudamatsu,20,10,B_incremental,2861.0,6,442.1862237474521,4,17.910713296066575
kudamatsu,20,11,B_incremental,2861.0,6,442.1862237474522,4,17.910713296066575
kudamatsu,21,0,A_steiner,1253.0,3,148.96502528504334,3,63.47543512224912
kudamatsu,21,1,A_steiner,1253.0,3,148.96502528504334,3,63.47543512224912
kudamatsu,21,2,A_steiner,1253.0,3,148.96502528504334,3,63.47543512224912
kudamatsu,21,3,A_steiner,1253.0,3,148.96502528504334,3,63.47543512224912
kudamatsu,21,4,A_steiner,1253.0,3,148.96502528504334,3,63.47543512224912
kudamatsu,21,5,A_steiner,1253.0,3,148.96502528504334,3,63.47543512224912
kudamatsu,21,6,B_incremental,1253.0,3,148.96502528504334,3,63.47543512224912
kudamatsu,21,7,B_incremental,1253.0,3,148.96502528504334,3,63.47543512224912
kudamatsu,21,8,B_incremental,1253.0,3,148.96502528504334,3,63.47543512224912
kudamatsu,21,9,B_incremental,1253.0,3,148.96502528504334,3,63.47543512224912
kudamatsu,21,10,B_incremental,1253.0,3,148.96502528504334,3,63.47543512224912
kudamatsu,21,11,B_incremental,1253.0,3,148.96502528504334,3,63.47543512224912
kudamatsu,22,0,A_steiner,1864.0,1,52.63729370483075,2,32.44888713042003
kudamatsu,22,1,A_steiner,1864.0,1,52.63729370483075,2,32.44888713042003
kudamatsu,22,2,A_steiner,1864.0,1,52.63729370483075,2,32.44888713042003
kudamatsu,22,3,A_steiner,1864.0,1,52.63729370483075,2,32.44888713042003
kudamatsu,22,4,A_steiner,1864.0,1,52.63729370483075,2,32.44888713042003
kudamatsu,22,5,A_steiner,1864.0,1,52.63729370483075,2,32.44888713042003
kudamatsu,22,6,B_incremental,1864.0,1,52.63729370483075,2,32.44888713042003
kudamatsu,22,7,B_incremental,1864.0,1,52.63729370483075,2,32.44888713042003
kudamatsu,22,8,B_incremental,1864.0,1,52.63729370483075,2,32.44888713042003
kudamatsu,22,9,B_incremental,1864.0,1,52.63729370483075,2,32.44888713042003
kudamatsu,22,10,B_incremental,1864.0,1,52.63729370483075,2,32.44888713042003
kudamatsu,22,11,B_incremental,1864.0,1,52.63729370483075,2,32.44888713042003
kudamatsu,23,0,A_steiner,1088.0,1,36.58808538932024,2,30.18492958725673
kudamatsu,23,1,A_steiner,1088.0,1,36.58808538932024,2,30.18492958725673
kudamatsu,23,2,A_steiner,1088.0,1,36.58808538932024,2,30.18492958725673
kudamatsu,23,3,A_steiner,1088.0,1,36.58808538932024,2,30.18492958725673
kudamatsu,23,4,A_steiner,1088.0,1,36.58808538932024,2,30.18492958725673
kudamatsu,23,5,A_steiner,1088.0,1,36.58808538932024,2,30.18492958725673
kudamatsu,23,6,B_incremental,1088.0,1,36.58808538932024,2,30.18492958725673
kudamatsu,23,7,B_incremental,1088.0,1,36.58808538932024,2,30.18492958725673
kudamatsu,23,8,B_incremental,1088.0,1,36.58808538932024,2,30.18492958725673
kudamatsu,23,9,B_incremental,1088.0,1,36.58808538932024,2,30.18492958725673
kudamatsu,23,10,B_incremental,1088.0,1,36.58808538932024,2,30.18492958725673
kudamatsu,23,11,B_incremental,1088.0,1,36.58808538932024,2,30.18492958725673
kudamatsu,24,0,A_steiner,1096.0,3,146.27338186501095,4,178.47127864860303
kudamatsu,24,1,A_steiner,1096.0,3,146.27338186501095,4,178.47127864860303
kudamatsu,24,2,A_steiner,1096.0,3,146.27338186501095,4,178.47127864860303
kudamatsu,24,3,A_steiner,1096.0,3,146.27338186501095,4,178.47127864860303
kudamatsu,24,4,A_steiner,1096.0,3,146.27338186501095,4,178.47127864860303
kudamatsu,24,5,A_steiner,1096.0,3,146.27338186501095,4,178.47127864860303
kudamatsu,24,6,B_incremental,1096.0,3,146.27338186501095,4,178.47127864860303
kudamatsu,24,7,B_incremental,1096.0,3,146.27338186501095,4,178.47127864860303
kudamatsu,24,8,B_incremental,1096.0,3,146.27338186501095,4,178.47127864860303
kudamatsu,24,9,B_incremental,1096.0,3,146.27338186501095,4,178.47127864860303
kudamatsu,24,10,B_incremental,1096.0,3,146.27338186501095,4,178.47127864860303
kudamatsu,24,11,B_incremental,1096.0,3,146.27338186501095,4,178.47127864860303
kudamatsu,25,0,A_steiner,2071.0,4,280.3198528983019,2,68.42445300922866
kudamatsu,25,1,A_steiner,2071.0,4,280.3198528983019,2,68.42445300922866
kudamatsu,25,2,A_steiner,2071.0,4,280.3198528983019,2,68.42445300922866
kudamatsu,25,3,A_steiner,2071.0,4,280.3198528983019,2,68.42445300922866
kudamatsu,25,4,A_steiner,2071.0,4,280.3198528983019,2,68.42445300922866
kudamatsu,25,5,A_steiner,2071.0,4,280.3198528983019,2,68.42445300922866
kudamatsu,25,6,B_incremental,2071.0,4,280.3198528983019,2,68.42445300922866
kudamatsu,25,7,B_incremental,2071.0,4,280.3198528983019,2,68.42445300922866
kudamatsu,25,8,B_incremental,2071.0,4,280.3198528983019,2,68.42445300922866
kudamatsu,25,9,B_incremental,2071.0,4,280.3198528983019,2,68.42445300922866
kudamatsu,25,10,B_incremental,2071.0,4,280.3198528983019,2,68.42445300922866
kudamatsu,25,11,B_incremental,2071.0,4,280.3198528983019,2,68.42445300922866
kudamatsu,26,0,A_steiner,2884.0,6,218.50534269398528,4,70.10987564630231
kudamatsu,26,1,A_steiner,2884.0,6,218.50534269398528,4,70.10987564630231
kudamatsu,26,2,A_steiner,2884.0,6,218.50534269398528,4,70.10987564630231
kudamatsu,26,3,A_steiner,2884.0,6,218.50534269398528,4,70.10987564630231
kudamatsu,26,4,A_steiner,2884.0,6,218.50534269398528,4,70.10987564630231
kudamatsu,26,5,A_steiner,2884.0,6,218.50534269398528,4,70.10987564630231
kudamatsu,26,6,B_incremental,2884.0,5,262.767894324001,4,70.10987564630231
kudamatsu,26,7,B_incremental,2884.0,6,218.50534269398526,4,70.10987564630231
kudamatsu,26,8,B_incremental,2884.0,6,218.50534269398526,4,70.10987564630231
kudamatsu,26,9,B_incremental,2884.0,5,262.767894324001,4,70.10987564630231
kudamatsu,26,10,B_incremental,2884.0,6,218.50534269398526,4,70.10987564630231
kudamatsu,26,11,B_incremental,2884.0,6,218.50534269398526,4,70.10987564630231
kudamatsu,28,0,A_steiner,911.0,3,140.34093734733665,3,66.97260661923065
kudamatsu,28,1,A_steiner,911.0,3,140.34093734733665,3,66.97260661923065
kudamatsu,28,2,A_steiner,911.0,3,140.34093734733665,3,66.97260661923065
kudamatsu,28,3,A_steiner,911.0,3,140.34093734733665,3,66.97260661923065
kudamatsu,28,4,A_steiner,911.0,3,140.34093734733665,3,66.97260661923065
kudamatsu,28,5,A_steiner,911.0,3,140.34093734733665,3,66.97260661923065
kudamatsu,28,6,B_incremental,911.0,3,140.34093734733665,3,66.97260661923065
kudamatsu,28,7,B_incremental,911.0,3,140.34093734733665,3,66.97260661923065
kudamatsu,28,8,B_incremental,911.0,3,140.34093734733665,3,66.97260661923065
kudamatsu,28,9,B_incremental,911.0,3,140.34093734733665,3,66.97260661923065
kudamatsu,28,10,B_incremental,911.0,3,140.34093734733665,3,66.97260661923065
kudamatsu,28,11,B_incremental,911.0,3,140.34093734733665,3,66.97260661923065
kudamatsu,29,0,A_steiner,1138.0,3,184.44611057319761,4,135.5674012653438
kudamatsu,29,1,A_steiner,1138.0,3,184.44611057319761,4,135.5674012653438
kudamatsu,29,2,A_steiner,1138.0,3,184.44611057319761,4,135.5674012653438
kudamatsu,29,3,A_steiner,1138.0,3,184.44611057319761,4,135.5674012653438
kudamatsu,29,4,A_steiner,1138.0,3,184.44611057319761,4,135.5674012653438
kudamatsu,29,5,A_steiner,1138.0,3,184.44611057319761,4,135.5674012653438
kudamatsu,29,6,B_incremental,1138.0,3,184.44611057319764,4,135.5674012653438
kudamatsu,29,7,B_incremental,1138.0,3,184.44611057319764,4,135.5674012653438
kudamatsu,29,8,B_incremental,1138.0,3,184.44611057319764,4,135.5674012653438
kudamatsu,29,9,B_incremental,1138.0,3,184.44611057319764,4,135.5674012653438
kudamatsu,29,10,B_incremental,1138.0,3,184.44611057319764,4,135.5674012653438
kudamatsu,29,11,B_incremental,1138.0,3,184.44611057319761,4,135.5674012653438
kudamatsu,30,0,A_steiner,1214.0,2,62.69250990458552,2,56.16710809674706
kudamatsu,30,1,A_steiner,1214.0,2,62.69250990458552,2,56.16710809674706
kudamatsu,30,2,A_steiner,1214.0,2,62.69250990458552,2,56.16710809674706
kudamatsu,30,3,A_steiner,1214.0,2,62.69250990458552,2,56.16710809674706
kudamatsu,30,4,A_steiner,1214.0,2,62.69250990458552,2,56.16710809674706
kudamatsu,30,5,A_steiner,1214.0,2,62.69250990458552,2,56.16710809674706
kudamatsu,30,6,B_incremental,1214.0,2,62.69250990458552,2,56.16710809674706
kudamatsu,30,7,B_incremental,1214.0,2,62.69250990458552,2,56.16710809674706
kudamatsu,30,8,B_incremental,1214.0,2,62.69250990458552,2,56.16710809674706
kudamatsu,30,9,B_incremental,1214.0,2,62.69250990458552,2,56.16710809674706
kudamatsu,30,10,B_incremental,1214.0,2,62.69250990458552,2,56.16710809674706
kudamatsu,30,11,B_incremental,1214.0,2,62.69250990458552,2,56.16710809674706
kudamatsu,31,0,A_steiner,1646.0,2,159.0673097620852,3,51.36236446828929
kudamatsu,31,1,A_steiner,1646.0,2,159.0673097620852,3,51.36236446828929
kudamatsu,31,2,A_steiner,1646.0,2,159.0673097620852,3,51.36236446828929
kudamatsu,31,3,A_steiner,1646.0,2,159.0673097620852,3,51.36236446828929
kudamatsu,31,4,A_steiner,1646.0,2,159.0673097620852,3,51.36236446828929
kudamatsu,31,5,A_steiner,1646.0,2,159.0673097620852,3,51.36236446828929
kudamatsu,31,6,B_incremental,1646.0,2,159.0673097620852,3,51.36236446828929
kudamatsu,31,7,B_incremental,1646.0,2,159.0673097620852,3,51.36236446828929
kudamatsu,31,8,B_incremental,1646.0,2,159.0673097620852,3,51.36236446828929
kudamatsu,31,9,B_incremental,1646.0,2,159.0673097620852,3,51.36236446828929
kudamatsu,31,10,B_incremental,1646.0,2,159.0673097620852,3,51.36236446828929
kudamatsu,31,11,B_incremental,1646.0,2,159.0673097620852,3,51.36236446828929
kudamatsu,32,0,A_steiner,358.0,3,296.06676428751314,3,96.76002125816976
kudamatsu,32,1,A_steiner,358.0,3,296.06676428751314,3,96.76002125816976
kudamatsu,32,2,A_steiner,358.0,3,296.06676428751314,3,96.76002125816976
kudamatsu,32,3,A_steiner,358.0,3,296.06676428751314,3,96.76002125816976
kudamatsu,32,4,A_steiner,358.0,3,296.06676428751314,3,96.76002125816976
kudamatsu,32,5,A_steiner,358.0,3,296.06676428751314,3,96.76002125816976
kudamatsu,32,6,B_incremental,358.0,3,296.06676428751314,3,96.76002125816976
kudamatsu,32,7,B_incremental,358.0,3,296.06676428751314,3,96.76002125816976
kudamatsu,32,8,B_incremental,358.0,3,296.06676428751314,3,96.76002125816976
kudamatsu,32,9,B_incremental,358.0,3,296.06676428751314,3,96.76002125816976
kudamatsu,32,10,B_incremental,358.0,3,296.06676428751314,3,96.76002125816976
kudamatsu,32,11,B_incremental,358.0,3,296.06676428751314,3,96.76002125816976
kudamatsu,33,0,A_steiner,2133.0,5,273.28468205545573,6,62.23138295235705
kudamatsu,33,1,A_steiner,2133.0,5,273.28468205545573,6,62.23138295235705
kudamatsu,33,2,A_steiner,2133.0,5,273.28468205545573,6,62.23138295235705
kudamatsu,33,3,A_steiner,2133.0,5,273.28468205545573,6,62.23138295235705
kudamatsu,33,4,A_steiner,2133.0,5,273.28468205545573,6,62.23138295235705
kudamatsu,33,5,A_steiner,2133.0,5,273.28468205545573,6,62.23138295235705
kudamatsu,33,6,B_incremental,2133.0,5,273.28468205545573,6,62.23138295235705
kudamatsu,33,7,B_incremental,2133.0,5,273.28468205545573,6,62.23138295235705
kudamatsu,33,8,B_incremental,2133.0,5,273.28468205545573,6,62.23138295235705
kudamatsu,33,9,B_incremental,2133.0,5,273.28468205545573,6,62.23138295235705
kudamatsu,33,10,B_incremental,2133.0,5,273.28468205545573,6,62.23138295235705
kudamatsu,33,11,B_incremental,2133.0,5,273.28468205545573,6,62.23138295235705
kudamatsu,34,0,A_steiner,1619.0,4,274.10746115885246,4,202.04189192378874
kudamatsu,34,1,A_steiner,1619.0,4,274.10746115885246,4,202.04189192378874
kudamatsu,34,2,A_steiner,1619.0,4,274.10746115885246,4,202.04189192378874
kudamatsu,34,3,A_steiner,1619.0,4,274.10746115885246,4,202.04189192378874
kudamatsu,34,4,A_steiner,1619.0,4,274.10746115885246,4,202.04189192378874
kudamatsu,34,5,A_steiner,1619.0,4,274.10746115885246,4,202.04189192378874
kudamatsu,34,6,B_incremental,1619.0,4,274.10746115885246,4,202.04189192378874
kudamatsu,34,7,B_incremental,1619.0,4,274.10746115885246,4,202.04189192378874
kudamatsu,34,8,B_incremental,1619.0,4,274.10746115885246,4,202.04189192378874
kudamatsu,34,9,B_incremental,1619.0,4,274.10746115885246,4,202.04189192378874
kudamatsu,34,10,B_incremental,1619.0,4,274.10746115885246,4,202.04189192378874
kudamatsu,34,11,B_incremental,1619.0,4,274.10746115885246,4,202.04189192378874
kudamatsu,35,0,A_steiner,1395.0,3,298.05523989830334,4,241.5311803267733
kudamatsu,35,1,A_steiner,1395.0,3,298.05523989830334,4,241.5311803267733
kudamatsu,35,2,A_steiner,1395.0,3,298.05523989830334,4,241.5311803267733
kudamatsu,35,3,A_steiner,1395.0,3,298.05523989830334,4,241.5311803267733
kudamatsu,35,4,A_steiner,1395.0,3,298.05523989830334,4,241.5311803267733
kudamatsu,35,5,A_steiner,1395.0,3,298.05523989830334,4,241.5311803267733
kudamatsu,35,6,B_incremental,1395.0,3,298.05523989830334,4,241.5311803267733
kudamatsu,35,7,B_incremental,1395.0,3,298.05523989830334,4,241.5311803267733
kudamatsu,35,8,B_incremental,1395.0,3,298.05523989830334,4,241.5311803267733
kudamatsu,35,9,B_incremental,1395.0,3,298.05523989830334,4,241.5311803267733
kudamatsu,35,10,B_incremental,1395.0,3,298.05523989830334,4,241.5311803267733
kudamatsu,35,11,B_incremental,1395.0,3,298.05523989830334,4,241.5311803267733
kudamatsu,36,0,A_steiner,806.0,3,221.53806618226508,4,69.24083435584896
kudamatsu,36,1,A_steiner,806.0,3,221.53806618226508,4,69.24083435584896
kudamatsu,36,2,A_steiner,806.0,3,221.53806618226508,4,69.24083435584896
kudamatsu,36,3,A_steiner,806.0,3,221.53806618226508,4,69.24083435584896
kudamatsu,36,4,A_steiner,806.0,3,221.53806618226508,4,69.24083435584896
kudamatsu,36,5,A_steiner,806.0,3,221.53806618226508,4,69.24083435584896
kudamatsu,36,6,B_incremental,806.0,3,221.53806618226506,4,69.24083435584896
kudamatsu,36,7,B_incremental,806.0,3,221.53806618226508,4,69.24083435584896
kudamatsu,36,8,B_incremental,806.0,3,221.53806618226506,4,69.24083435584896
kudamatsu,36,9,B_incremental,806.0,3,221.53806618226508,4,69.24083435584896
kudamatsu,36,10,B_incremental,806.0,3,221.53806618226506,4,69.24083435584896
kudamatsu,36,11,B_incremental,806.0,3,221.53806618226506,4,69.24083435584896
kudamatsu,37,0,A_steiner,1806.0,1,69.09271295573917,2,94.39953221867091
kudamatsu,37,1,A_steiner,1806.0,1,69.09271295573917,2,94.39953221867091
kudamatsu,37,2,A_steiner,1806.0,1,69.09271295573917,2,94.39953221867091
kudamatsu,37,3,A_steiner,1806.0,1,69.09271295573917,2,94.39953221867091
kudamatsu,37,4,A_steiner,1806.0,1,69.09271295573917,2,94.39953221867091
kudamatsu,37,5,A_steiner,1806.0,1,69.09271295573917,2,94.39953221867091
kudamatsu,37,6,B_incremental,1806.0,1,69.09271295573917,2,94.39953221867091
kudamatsu,37,7,B_incremental,1806.0,1,69.09271295573917,2,94.39953221867091
kudamatsu,37,8,B_incremental,1806.0,1,69.09271295573917,2,94.39953221867091
kudamatsu,37,9,B_incremental,1806.0,1,69.09271295573917,2,94.39953221867091
kudamatsu,37,10,B_incremental,1806.0,1,69.09271295573917,2,94.39953221867091
kudamatsu,37,11,B_incremental,1806.0,1,69.09271295573917,2,94.39953221867091
kudamatsu,38,0,A_steiner,1798.0,1,167.25011429547067,2,66.14336441457179
kudamatsu,38,1,A_steiner,1798.0,1,167.25011429547067,2,66.14336441457179
kudamatsu,38,2,A_steiner,1798.0,1,167.25011429547067,2,66.14336441457179
kudamatsu,38,3,A_steiner,1798.0,1,167.25011429547067,2,66.14336441457179
kudamatsu,38,4,A_steiner,1798.0,1,167.25011429547067,2,66.14336441457179
kudamatsu,38,5,A_steiner,1798.0,1,167.25011429547067,2,66.14336441457179
kudamatsu,38,6,B_incremental,1798.0,1,167.25011429547067,2,66.14336441457179
kudamatsu,38,7,B_incremental,1798.0,1,167.25011429547067,2,66.14336441457179
kudamatsu,38,8,B_incremental,1798.0,1,167.25011429547067,2,66.14336441457179
kudamatsu,38,9,B_incremental,1798.0,1,167.25011429547067,2,66.14336441457179
kudamatsu,38,10,B_incremental,1798.0,1,167.25011429547067,2,66.14336441457179
kudamatsu,38,11,B_incremental,1798.0,1,167.25011429547067,2,66.14336441457179
kudamatsu,39,0,A_steiner,797.0,2,80.46596344007064,3,75.65741122112594
kudamatsu,39,1,A_steiner,797.0,2,80.46596344007064,3,75.65741122112594
kudamatsu,39,2,A_steiner,797.0,2,80.46596344007064,3,75.65741122112594
kudamatsu,39,3,A_steiner,797.0,2,80.46596344007064,3,75.65741122112594
kudamatsu,39,4,A_steiner,797.0,2,80.46596344007064,3,75.65741122112594
kudamatsu,39,5,A_steiner,797.0,2,80.46596344007064,3,75.65741122112594
kudamatsu,39,6,B_incremental,797.0,2,80.46596344007064,3,75.65741122112594
kudamatsu,39,7,B_incremental,797.0,2,80.46596344007064,3,75.65741122112594
kudamatsu,39,8,B_incremental,797.0,2,80.46596344007064,3,75.65741122112594
kudamatsu,39,9,B_incremental,797.0,2,80.46596344007064,3,75.65741122112594
kudamatsu,39,10,B_incremental,797.0,2,80.46596344007064,3,75.65741122112594
kudamatsu,39,11,B_incremental,797.0,2,80.46596344007064,3,75.65741122112594
kudamatsu,40,0,A_steiner,1124.0,12,1217.8836584474761,7,157.6568033904117
kudamatsu,40,1,A_steiner,1124.0,12,1217.8836584474761,7,157.6568033904117
kudamatsu,40,2,A_steiner,1124.0,12,1217.8836584474761,7,157.6568033904117
kudamatsu,40,3,A_steiner,1124.0,12,1217.8836584474761,7,157.6568033904117
kudamatsu,40,4,A_steiner,1124.0,12,1217.8836584474761,7,157.6568033904117
kudamatsu,40,5,A_steiner,1124.0,12,1217.8836584474761,7,157.6568033904117
kudamatsu,40,6,B_incremental,1124.0,12,1282.0183879761819,7,157.6568033904117
kudamatsu,40,7,B_incremental,1124.0,12,1217.883658447476,7,157.6568033904117
kudamatsu,40,8,B_incremental,1124.0,12,1217.8836584474761,7,157.6568033904117
kudamatsu,40,9,B_incremental,1124.0,12,1217.8836584474761,7,157.6568033904117
kudamatsu,40,10,B_incremental,1124.0,12,1282.0183879761817,7,157.6568033904117
kudamatsu,40,11,B_incremental,1124.0,12,1282.0183879761819,7,157.6568033904117
kudamatsu,42,0,A_steiner,1605.0,1,30.93102945575966,2,42.905694614785574
kudamatsu,42,1,A_steiner,1605.0,1,30.93102945575966,2,42.905694614785574
kudamatsu,42,2,A_steiner,1605.0,1,30.93102945575966,2,42.905694614785574
kudamatsu,42,3,A_steiner,1605.0,1,30.93102945575966,2,42.905694614785574
kudamatsu,42,4,A_steiner,1605.0,1,30.93102945575966,2,42.905694614785574
kudamatsu,42,5,A_steiner,1605.0,1,30.93102945575966,2,42.905694614785574
kudamatsu,42,6,B_incremental,1605.0,1,30.93102945575966,2,42.905694614785574
kudamatsu,42,7,B_incremental,1605.0,1,30.93102945575966,2,42.905694614785574
kudamatsu,42,8,B_incremental,1605.0,1,30.93102945575966,2,42.905694614785574
kudamatsu,42,9,B_incremental,1605.0,1,30.93102945575966,2,42.905694614785574
kudamatsu,42,10,B_incremental,1605.0,1,30.93102945575966,2,42.905694614785574
kudamatsu,42,11,B_incremental,1605.0,1,30.93102945575966,2,42.905694614785574
kudamatsu,43,0,A_steiner,30.0,2,73.56114214407951,3,140.72564690630105
kudamatsu,43,1,A_steiner,30.0,2,73.56114214407951,3,140.72564690630105
kudamatsu,43,2,A_steiner,30.0,2,73.56114214407951,3,140.72564690630105
kudamatsu,43,3,A_steiner,30.0,2,73.56114214407951,3,140.72564690630105
kudamatsu,43,4,A_steiner,30.0,2,73.56114214407951,3,140.72564690630105
kudamatsu,43,5,A_steiner,30.0,2,73.56114214407951,3,140.72564690630105
kudamatsu,43,6,B_incremental,30.0,2,73.56114214407951,3,140.72564690630105
kudamatsu,43,7,B_incremental,30.0,2,73.56114214407951,3,140.72564690630105
kudamatsu,43,8,B_incremental,30.0,2,73.56114214407951,3,140.72564690630105
kudamatsu,43,9,B_incremental,30.0,2,73.56114214407951,3,140.72564690630105
kudamatsu,43,10,B_incremental,30.0,2,73.56114214407951,3,140.72564690630105
kudamatsu,43,11,B_incremental,30.0,2,73.56114214407951,3,140.72564690630105
kudamatsu,44,0,A_steiner,1712.0,6,465.4247620630608,6,267.1427383304032
kudamatsu,44,1,A_steiner,1712.0,6,465.4247620630608,6,267.1427383304032
kudamatsu,44,2,A_steiner,1712.0,6,465.4247620630608,6,267.1427383304032
kudamatsu,44,3,A_steiner,1712.0,6,465.4247620630608,6,267.1427383304032
kudamatsu,44,4,A_steiner,1712.0,6,465.4247620630608,6,267.1427383304032
kudamatsu,44,5,A_steiner,1712.0,6,465.4247620630608,6,267.1427383304032
kudamatsu,44,6,B_incremental,1712.0,6,465.4247620630608,6,267.1427383304032
kudamatsu,44,7,B_incremental,1712.0,6,465.42476206306077,6,267.1427383304032
kudamatsu,44,8,B_incremental,1712.0,6,465.4247620630608,6,267.1427383304032
kudamatsu,44,9,B_incremental,1712.0,6,465.4247620630608,6,267.1427383304032
kudamatsu,44,10,B_incremental,1712.0,6,465.4247620630608,6,267.1427383304032
kudamatsu,44,11,B_incremental,1712.0,6,465.4247620630608,6,267.1427383304032
kudamatsu,45,0,A_steiner,488.0,5,291.8770508494366,4,153.50849548219912
kudamatsu,45,1,A_steiner,488.0,5,291.8770508494366,4,153.50849548219912
kudamatsu,45,2,A_steiner,488.0,5,291.8770508494366,4,153.50849548219912
kudamatsu,45,3,A_steiner,488.0,5,291.8770508494366,4,153.50849548219912
kudamatsu,45,4,A_steiner,488.0,5,291.8770508494366,4,153.50849548219912
kudamatsu,45,5,A_steiner,488.0,5,291.8770508494366,4,153.50849548219912
kudamatsu,45,6,B_incremental,488.0,5,291.8770508494366,4,153.50849548219912
kudamatsu,45,7,B_incremental,488.0,5,291.8770508494366,4,153.50849548219912
kudamatsu,45,8,B_incremental,488.0,5,291.8770508494366,4,153.50849548219912
kudamatsu,45,9,B_incremental,488.0,5,291.8770508494366,4,153.50849548219912
kudamatsu,45,10,B_incremental,488.0,5,291.8770508494366,4,153.50849548219912
kudamatsu,45,11,B_incremental,488.0,5,291.8770508494366,4,153.50849548219912
kudamatsu,46,0,A_steiner,1048.0,2,125.08943740705172,3,48.50223898437572
kudamatsu,46,1,A_steiner,1048.0,2,125.08943740705172,3,48.50223898437572
kudamatsu,46,2,A_steiner,1048.0,2,125.08943740705172,3,48.50223898437572
kudamatsu,46,3,A_steiner,1048.0,2,125.08943740705172,3,48.50223898437572
kudamatsu,46,4,A_steiner,1048.0,2,125.08943740705172,3,48.50223898437572
kudamatsu,46,5,A_steiner,1048.0,2,125.08943740705172,3,48.50223898437572
kudamatsu,46,6,B_incremental,1048.0,2,125.08943740705172,3,48.50223898437572
kudamatsu,46,7,B_incremental,1048.0,2,125.08943740705172,3,48.50223898437572
kudamatsu,46,8,B_incremental,1048.0,2,125.08943740705172,3,48.50223898437572
kudamatsu,46,9,B_incremental,1048.0,2,125.08943740705172,3,48.50223898437572
kudamatsu,46,10,B_incremental,1048.0,2,125.08943740705172,3,48.50223898437572
kudamatsu,46,11,B_incremental,1048.0,2,125.08943740705172,3,48.50223898437572
kudamatsu,47,0,A_steiner,1186.0,1,21.79520353389809,2,17.291808818239094
kudamatsu,47,1,A_steiner,1186.0,1,21.79520353389809,2,17.291808818239094
kudamatsu,47,2,A_steiner,1186.0,1,21.79520353389809,2,17.291808818239094
kudamatsu,47,3,A_steiner,1186.0,1,21.79520353389809,2,17.291808818239094
kudamatsu,47,4,A_steiner,1186.0,1,21.79520353389809,2,17.291808818239094
kudamatsu,47,5,A_steiner,1186.0,1,21.79520353389809,2,17.291808818239094
kudamatsu,47,6,B_incremental,1186.0,1,21.79520353389809,2,17.291808818239094
kudamatsu,47,7,B_incremental,1186.0,1,21.79520353389809,2,17.291808818239094
kudamatsu,47,8,B_incremental,1186.0,1,21.79520353389809,2,17.291808818239094
kudamatsu,47,9,B_incremental,1186.0,1,21.79520353389809,2,17.291808818239094
kudamatsu,47,10,B_incremental,1186.0,1,21.79520353389809,2,17.291808818239094
kudamatsu,47,11,B_incremental,1186.0,1,21.79520353389809,2,17.291808818239094
kudamatsu,48,0,A_steiner,2427.0,8,612.3269816117999,2,110.76996800717838
kudamatsu,48,1,A_steiner,2427.0,8,612.3269816117999,2,110.76996800717838
kudamatsu,48,2,A_steiner,2427.0,8,612.3269816117999,2,110.76996800717838
kudamatsu,48,3,A_steiner,2427.0,8,612.3269816117999,2,110.76996800717838
kudamatsu,48,4,A_steiner,2427.0,8,612.3269816117999,2,110.76996800717838
kudamatsu,48,5,A_steiner,2427.0,8,612.3269816117999,2,110.76996800717838
kudamatsu,48,6,B_incremental,2427.0,8,612.3269816117999,2,110.76996800717838
kudamatsu,48,7,B_incremental,2427.0,8,612.3269816117999,2,110.76996800717838
kudamatsu,48,8,B_incremental,2427.0,8,612.3269816117999,2,110.76996800717838
kudamatsu,48,9,B_incremental,2427.0,8,612.3269816117999,2,110.76996800717838
kudamatsu,48,10,B_incremental,2427.0,8,612.3269816117999,2,110.76996800717838
kudamatsu,48,11,B_incremental,2427.0,8,612.3269816117999,2,110.76996800717838
kudamatsu,50,0,A_steiner,1658.0,8,691.9217471151628,6,131.24606244816704
kudamatsu,50,1,A_steiner,1658.0,8,691.9217471151628,6,131.24606244816704
kudamatsu,50,2,A_steiner,1658.0,8,691.9217471151628,6,131.24606244816704
kudamatsu,50,3,A_steiner,1658.0,8,691.9217471151628,6,131.24606244816704
kudamatsu,50,4,A_steiner,1658.0,8,691.9217471151628,6,131.24606244816704
kudamatsu,50,5,A_steiner,1658.0,8,691.9217471151628,6,131.24606244816704
kudamatsu,50,6,B_incremental,1658.0,8,691.9217471151628,6,131.24606244816704
kudamatsu,50,7,B_incremental,1658.0,8,691.9217471151628,6,131.24606244816704
kudamatsu,50,8,B_incremental,1658.0,8,691.9217471151628,6,131.24606244816704
kudamatsu,50,9,B_incremental,1658.0,8,691.9217471151627,6,131.24606244816704
kudamatsu,50,10,B_incremental,1658.0,8,691.9217471151628,6,131.24606244816704
kudamatsu,50,11,B_incremental,1658.0,8,691.9217471151628,6,131.24606244816704
kudamatsu,51,0,A_steiner,2398.0,7,230.8064501748732,3,76.13367105226808
kudamatsu,51,1,A_steiner,2398.0,7,230.8064501748732,3,76.13367105226808
kudamatsu,51,2,A_steiner,2398.0,7,230.8064501748732,3,76.13367105226808
kudamatsu,51,3,A_steiner,2398.0,7,230.8064501748732,3,76.13367105226808
kudamatsu,51,4,A_steiner,2398.0,7,230.8064501748732,3,76.13367105226808
kudamatsu,51,5,A_steiner,2398.0,7,230.8064501748732,3,76.13367105226808
kudamatsu,51,6,B_incremental,2398.0,7,230.8064501748732,3,76.13367105226808
kudamatsu,51,7,B_incremental,2398.0,7,230.80645017487322,3,76.13367105226808
kudamatsu,51,8,B_incremental,2398.0,7,230.80645017487322,3,76.13367105226808
kudamatsu,51,9,B_incremental,2398.0,7,230.8064501748732,3,76.13367105226808
kudamatsu,51,10,B_incremental,2398.0,7,230.80645017487322,3,76.13367105226808
kudamatsu,51,11,B_incremental,2398.0,7,230.80645017487322,3,76.13367105226808
kudamatsu,52,0,A_steiner,822.0,5,164.92150578903886,3,36.07657872301991
kudamatsu,52,1,A_steiner,822.0,5,164.92150578903886,3,36.07657872301991
kudamatsu,52,2,A_steiner,822.0,5,164.92150578903886,3,36.07657872301991
kudamatsu,52,3,A_steiner,822.0,5,164.92150578903886,3,36.07657872301991
kudamatsu,52,4,A_steiner,822.0,5,164.92150578903886,3,36.07657872301991
kudamatsu,52,5,A_steiner,822.0,5,164.92150578903886,3,36.07657872301991
kudamatsu,52,6,B_incremental,822.0,5,164.92150578903886,3,36.07657872301991
kudamatsu,52,7,B_incremental,822.0,5,164.92150578903886,3,36.07657872301991
kudamatsu,52,8,B_incremental,822.0,5,164.92150578903886,3,36.07657872301991
kudamatsu,52,9,B_incremental,822.0,5,164.27613732834192,3,36.07657872301991
kudamatsu,52,10,B_incremental,822.0,5,164.27613732834192,3,36.07657872301991
kudamatsu,52,11,B_incremental,822.0,5,164.92150578903886,3,36.07657872301991
kudamatsu,53,0,A_steiner,1436.0,3,175.99315803889087,3,111.71868755176318
kudamatsu,53,1,A_steiner,1436.0,3,175.99315803889087,3,111.71868755176318
kudamatsu,53,2,A_steiner,1436.0,3,175.99315803889087,3,111.71868755176318
kudamatsu,53,3,A_steiner,1436.0,3,175.99315803889087,3,111.71868755176318
kudamatsu,53,4,A_steiner,1436.0,3,175.99315803889087,3,111.71868755176318
kudamatsu,53,5,A_steiner,1436.0,3,175.99315803889087,3,111.71868755176318
kudamatsu,53,6,B_incremental,1436.0,3,175.99315803889087,3,111.71868755176318
kudamatsu,53,7,B_incremental,1436.0,3,175.99315803889087,3,111.71868755176318
kudamatsu,53,8,B_incremental,1436.0,3,175.99315803889087,3,111.71868755176318
kudamatsu,53,9,B_incremental,1436.0,3,175.99315803889087,3,111.71868755176318
kudamatsu,53,10,B_incremental,1436.0,3,175.99315803889087,3,111.71868755176318
kudamatsu,53,11,B_incremental,1436.0,3,175.99315803889087,3,111.71868755176318
kudamatsu,54,0,A_steiner,1203.0,13,874.9002201101936,7,122.3655326921189
kudamatsu,54,1,A_steiner,1203.0,11,871.7974667120499,7,122.3655326921189
kudamatsu,54,2,A_steiner,1203.0,11,871.7974667120499,7,122.3655326921189
kudamatsu,54,3,A_steiner,1203.0,13,874.9002201101936,7,122.3655326921189
kudamatsu,54,4,A_steiner,1203.0,13,874.9002201101936,7,122.3655326921189
kudamatsu,54,5,A_steiner,1203.0,11,871.7974667120499,7,122.3655326921189
kudamatsu,54,6,B_incremental,1203.0,13,874.9002201101937,7,122.3655326921189
kudamatsu,54,7,B_incremental,1203.0,13,874.9002201101937,7,122.3655326921189
kudamatsu,54,8,B_incremental,1203.0,11,871.7974667120499,7,122.3655326921189
kudamatsu,54,9,B_incremental,1203.0,11,871.7974667120499,7,122.3655326921189
kudamatsu,54,10,B_incremental,1203.0,11,871.7974667120499,7,122.3655326921189
kudamatsu,54,11,B_incremental,1203.0,11,871.79746671205,7,122.3655326921189
kudamatsu,55,0,A_steiner,1750.0,2,83.48093196636252,3,28.724669817289893
kudamatsu,55,1,A_steiner,1750.0,2,83.48093196636252,3,28.724669817289893
kudamatsu,55,2,A_steiner,1750.0,2,83.48093196636252,3,28.724669817289893
kudamatsu,55,3,A_steiner,1750.0,2,83.48093196636252,3,28.724669817289893
kudamatsu,55,4,A_steiner,1750.0,2,83.48093196636252,3,28.724669817289893
kudamatsu,55,5,A_steiner,1750.0,2,83.48093196636252,3,28.724669817289893
kudamatsu,55,6,B_incremental,1750.0,2,83.48093196636252,3,28.724669817289893
kudamatsu,55,7,B_incremental,1750.0,2,83.48093196636252,3,28.724669817289893
kudamatsu,55,8,B_incremental,1750.0,2,83.48093196636252,3,28.724669817289893
kudamatsu,55,9,B_incremental,1750.0,2,83.48093196636252,3,28.724669817289893
kudamatsu,55,10,B_incremental,1750.0,2,83.48093196636252,3,28.724669817289893
kudamatsu,55,11,B_incremental,1750.0,2,83.48093196636252,3,28.724669817289893
kudamatsu,56,0,A_steiner,662.0,9,554.8306179135245,5,124.11074661047962
kudamatsu,56,1,A_steiner,662.0,9,554.8306179135245,5,124.11074661047962
kudamatsu,56,2,A_steiner,662.0,9,554.8306179135245,5,124.11074661047962
kudamatsu,56,3,A_steiner,662.0,9,554.8306179135245,5,124.11074661047962
kudamatsu,56,4,A_steiner,662.0,9,554.8306179135245,5,124.11074661047962
kudamatsu,56,5,A_steiner,662.0,9,554.8306179135245,5,124.11074661047962
kudamatsu,56,6,B_incremental,662.0,9,554.8306179135245,5,124.11074661047962
kudamatsu,56,7,B_incremental,662.0,9,554.8306179135245,5,124.11074661047962
kudamatsu,56,8,B_incremental,662.0,9,554.8306179135244,5,124.11074661047962
kudamatsu,56,9,B_incremental,662.0,9,554.8306179135245,5,124.11074661047962
kudamatsu,56,10,B_incremental,662.0,9,554.8306179135245,5,124.11074661047962
kudamatsu,56,11,B_incremental,662.0,9,554.8306179135244,5,124.11074661047962
kudamatsu,57,0,A_steiner,2408.0,2,177.96050817547274,3,48.13052222633981
kudamatsu,57,1,A_steiner,2408.0,2,177.96050817547274,3,48.13052222633981
kudamatsu,57,2,A_steiner,2408.0,2,177.96050817547274,3,48.13052222633981
kudamatsu,57,3,A_steiner,2408.0,2,177.96050817547274,3,48.13052222633981
kudamatsu,57,4,A_steiner,2408.0,2,177.96050817547274,3,48.13052222633981
kudamatsu,57,5,A_steiner,2408.0,2,177.96050817547274,3,48.13052222633981
kudamatsu,57,6,B_incremental,2408.0,2,177.96050817547274,3,48.13052222633981
kudamatsu,57,7,B_incremental,2408.0,2,177.96050817547274,3,48.13052222633981
kudamatsu,57,8,B_incremental,2408.0,2,177.96050817547274,3,48.13052222633981
kudamatsu,57,9,B_incremental,2408.0,2,177.96050817547274,3,48.13052222633981
kudamatsu,57,10,B_incremental,2408.0,2,177.96050817547274,3,48.13052222633981
kudamatsu,57,11,B_incremental,2408.0,2,177.96050817547274,3,48.13052222633981
kudamatsu,58,0,A_steiner,1971.0,5,306.1314324374747,4,33.503286657558114
kudamatsu,58,1,A_steiner,1971.0,5,306.1314324374747,4,33.503286657558114
kudamatsu,58,2,A_steiner,1971.0,5,306.1314324374747,4,33.503286657558114
kudamatsu,58,3,A_steiner,1971.0,5,306.1314324374747,4,33.503286657558114
kudamatsu,58,4,A_steiner,1971.0,5,306.1314324374747,4,33.503286657558114
kudamatsu,58,5,A_steiner,1971.0,5,306.1314324374747,4,33.503286657558114
kudamatsu,58,6,B_incremental,1971.0,5,306.1314324374747,4,33.503286657558114
kudamatsu,58,7,B_incremental,1971.0,5,306.1314324374747,4,33.503286657558114
kudamatsu,58,8,B_incremental,1971.0,5,306.1314324374747,4,33.503286657558114
kudamatsu,58,9,B_incremental,1971.0,5,306.1314324374747,4,33.503286657558114
kudamatsu,58,10,B_incremental,1971.0,5,306.1314324374747,4,33.503286657558114
kudamatsu,58,11,B_incremental,1971.0,5,306.1314324374747,4,33.503286657558114
kudamatsu,59,0,A_steiner,2062.0,5,191.27041612383428,6,213.16910437759537
kudamatsu,59,1,A_steiner,2062.0,5,191.27041612383428,6,213.16910437759537
kudamatsu,59,2,A_steiner,2062.0,5,191.27041612383428,6,213.16910437759537
kudamatsu,59,3,A_steiner,2062.0,5,191.27041612383428,6,213.16910437759537
kudamatsu,59,4,A_steiner,2062.0,5,191.27041612383428,6,213.16910437759537
kudamatsu,59,5,A_steiner,2062.0,5,191.27041612383428,6,213.16910437759537
kudamatsu,59,6,B_incremental,2062.0,5,191.27041612383428,6,213.16910437759537
kudamatsu,59,7,B_incremental,2062.0,5,191.27041612383425,6,213.16910437759537
kudamatsu,59,8,B_incremental,2062.0,5,191.27041612383425,6,213.16910437759537
kudamatsu,59,9,B_incremental,2062.0,5,191.27041612383425,6,213.16910437759537
kudamatsu,59,10,B_incremental,2062.0,5,191.27041612383425,6,213.16910437759537
kudamatsu,59,11,B_incremental,2062.0,5,191.27041612383425,6,213.16910437759537
kudamatsu,60,0,A_steiner,2425.0,4,199.08240165974905,2,36.69021812827897
kudamatsu,60,1,A_steiner,2425.0,4,199.08240165974905,2,36.69021812827897
kudamatsu,60,2,A_steiner,2425.0,4,199.08240165974905,2,36.69021812827897
kudamatsu,60,3,A_steiner,2425.0,4,199.08240165974905,2,36.69021812827897
kudamatsu,60,4,A_steiner,2425.0,4,199.08240165974905,2,36.69021812827897
kudamatsu,60,5,A_steiner,2425.0,4,199.08240165974905,2,36.69021812827897
kudamatsu,60,6,B_incremental,2425.0,4,199.08240165974902,2,36.69021812827897
kudamatsu,60,7,B_incremental,2425.0,4,199.08240165974902,2,36.69021812827897
kudamatsu,60,8,B_incremental,2425.0,4,199.08240165974902,2,36.69021812827897
kudamatsu,60,9,B_incremental,2425.0,4,199.08240165974902,2,36.69021812827897
kudamatsu,60,10,B_incremental,2425.0,4,199.08240165974902,2,36.69021812827897
kudamatsu,60,11,B_incremental,2425.0,4,199.08240165974902,2,36.69021812827897
kudamatsu,61,0,A_steiner,838.0,8,408.41445276459785,5,24.212730370778505
kudamatsu,61,1,A_steiner,838.0,8,408.41445276459785,5,24.212730370778505
kudamatsu,61,2,A_steiner,838.0,9,407.3927045136742,5,24.212730370778505
kudamatsu,61,3,A_steiner,838.0,9,407.3927045136742,5,24.212730370778505
kudamatsu,61,4,A_steiner,838.0,8,408.41445276459785,5,24.212730370778505
kudamatsu,61,5,A_steiner,838.0,9,407.3927045136742,5,24.212730370778505
kudamatsu,61,6,B_incremental,838.0,9,422.9358215892404,5,24.212730370778505
kudamatsu,61,7,B_incremental,838.0,9,422.9358215892404,5,24.212730370778505
kudamatsu,61,8,B_incremental,838.0,9,422.9358215892404,5,24.212730370778505
kudamatsu,61,9,B_incremental,838.0,9,422.9358215892404,5,24.212730370778505
kudamatsu,61,10,B_incremental,838.0,8,408.41445276459785,5,24.212730370778505
kudamatsu,61,11,B_incremental,838.0,9,422.9358215892404,5,24.212730370778505
kudamatsu,63,0,A_steiner,2424.0,4,332.0779776969405,2,46.50373572695506
kudamatsu,63,1,A_steiner,2424.0,4,332.0779776969405,2,46.50373572695506
kudamatsu,63,2,A_steiner,2424.0,4,332.0779776969405,2,46.50373572695506
kudamatsu,63,3,A_steiner,2424.0,4,332.0779776969405,2,46.50373572695506
kudamatsu,63,4,A_steiner,2424.0,4,332.0779776969405,2,46.50373572695506
kudamatsu,63,5,A_steiner,2424.0,4,332.0779776969405,2,46.50373572695506
kudamatsu,63,6,B_incremental,2424.0,4,332.07797769694054,2,46.50373572695506
kudamatsu,63,7,B_incremental,2424.0,4,332.07797769694054,2,46.50373572695506
kudamatsu,63,8,B_incremental,2424.0,4,332.07797769694054,2,46.50373572695506
kudamatsu,63,9,B_incremental,2424.0,4,332.07797769694054,2,46.50373572695506
kudamatsu,63,10,B_incremental,2424.0,4,332.07797769694054,2,46.50373572695506
kudamatsu,63,11,B_incremental,2424.0,4,332.07797769694054,2,46.50373572695506
kudamatsu,64,0,A_steiner,1328.0,3,157.0840035130876,2,38.370427504191596
kudamatsu,64,1,A_steiner,1328.0,3,157.0840035130876,2,38.370427504191596
kudamatsu,64,2,A_steiner,1328.0,3,157.0840035130876,2,38.370427504191596
kudamatsu,64,3,A_steiner,1328.0,3,157.0840035130876,2,38.370427504191596
kudamatsu,64,4,A_steiner,1328.0,3,157.0840035130876,2,38.370427504191596
kudamatsu,64,5,A_steiner,1328.0,3,157.0840035130876,2,38.370427504191596
kudamatsu,64,6,B_incremental,1328.0,3,157.08400351308757,2,38.370427504191596
kudamatsu,64,7,B_incremental,1328.0,3,157.08400351308757,2,38.370427504191596
kudamatsu,64,8,B_incremental,1328.0,3,157.08400351308757,2,38.370427504191596
kudamatsu,64,9,B_incremental,1328.0,3,157.08400351308757,2,38.370427504191596
kudamatsu,64,10,B_incremental,1328.0,3,157.08400351308757,2,38.370427504191596
kudamatsu,64,11,B_incremental,1328.0,3,157.08400351308757,2,38.370427504191596
kudamatsu,66,0,A_steiner,1530.0,8,457.30743675943876,9,293.12922186804997
kudamatsu,66,1,A_steiner,1530.0,8,451.4234069152258,9,293.12922186804997
kudamatsu,66,2,A_steiner,1530.0,8,451.42340691522577,9,293.12922186804997
kudamatsu,66,3,A_steiner,1530.0,8,451.4234069152258,9,293.12922186804997
kudamatsu,66,4,A_steiner,1530.0,8,457.30743675943876,9,293.12922186804997
kudamatsu,66,5,A_steiner,1530.0,8,451.4234069152258,9,293.12922186804997
kudamatsu,66,6,B_incremental,1530.0,8,451.4234069152258,9,293.12922186804997
kudamatsu,66,7,B_incremental,1530.0,8,451.4234069152258,9,293.12922186804997
kudamatsu,66,8,B_incremental,1530.0,8,451.4234069152258,9,293.12922186804997
kudamatsu,66,9,B_incremental,1530.0,8,451.4234069152258,9,293.12922186804997
kudamatsu,66,10,B_incremental,1530.0,8,471.4127142301378,9,293.12922186804997
kudamatsu,66,11,B_incremental,1530.0,8,451.4234069152258,9,293.12922186804997
kudamatsu,67,0,A_steiner,2834.0,1,72.99757102141957,2,17.116666560894068
kudamatsu,67,1,A_steiner,2834.0,1,72.99757102141957,2,17.116666560894068
kudamatsu,67,2,A_steiner,2834.0,1,72.99757102141957,2,17.116666560894068
kudamatsu,67,3,A_steiner,2834.0,1,72.99757102141957,2,17.116666560894068
kudamatsu,67,4,A_steiner,2834.0,1,72.99757102141957,2,17.116666560894068
kudamatsu,67,5,A_steiner,2834.0,1,72.99757102141957,2,17.116666560894068
kudamatsu,67,6,B_incremental,2834.0,1,72.99757102141957,2,17.116666560894068
kudamatsu,67,7,B_incremental,2834.0,1,72.99757102141957,2,17.116666560894068
kudamatsu,67,8,B_incremental,2834.0,1,72.99757102141957,2,17.116666560894068
kudamatsu,67,9,B_incremental,2834.0,1,72.99757102141957,2,17.116666560894068
kudamatsu,67,10,B_incremental,2834.0,1,72.99757102141957,2,17.116666560894068
kudamatsu,67,11,B_incremental,2834.0,1,72.99757102141957,2,17.116666560894068
kudamatsu,68,0,A_steiner,1289.0,4,185.74204394238188,5,203.61601997012124
kudamatsu,68,1,A_steiner,1289.0,4,186.7835670144713,5,203.61601997012124
kudamatsu,68,2,A_steiner,1289.0,4,185.74204394238188,5,203.61601997012124
kudamatsu,68,3,A_steiner,1289.0,4,186.7835670144713,5,203.61601997012124
kudamatsu,68,4,A_steiner,1289.0,4,186.7835670144713,5,203.61601997012124
kudamatsu,68,5,A_steiner,1289.0,4,185.74204394238188,5,203.61601997012124
kudamatsu,68,6,B_incremental,1289.0,4,185.74204394238188,5,203.61601997012124
kudamatsu,68,7,B_incremental,1289.0,4,185.74204394238188,5,203.61601997012124
kudamatsu,68,8,B_incremental,1289.0,4,186.7835670144713,5,203.61601997012124
kudamatsu,68,9,B_incremental,1289.0,4,185.74204394238188,5,203.61601997012124
kudamatsu,68,10,B_incremental,1289.0,4,185.74204394238188,5,203.61601997012124
kudamatsu,68,11,B_incremental,1289.0,4,185.74204394238188,5,203.61601997012124
kudamatsu,69,0,A_steiner,2926.0,6,278.51870883624383,5,183.4789104938825
kudamatsu,69,1,A_steiner,2926.0,6,278.51870883624383,5,183.4789104938825
kudamatsu,69,2,A_steiner,2926.0,6,278.51870883624383,5,183.4789104938825
kudamatsu,69,3,A_steiner,2926.0,6,278.51870883624383,5,183.4789104938825
kudamatsu,69,4,A_steiner,2926.0,6,278.51870883624383,5,183.4789104938825
kudamatsu,69,5,A_steiner,2926.0,6,278.51870883624383,5,183.4789104938825
kudamatsu,69,6,B_incremental,2926.0,6,278.51870883624383,5,183.4789104938825
kudamatsu,69,7,B_incremental,2926.0,6,292.15400943966716,5,183.4789104938825
kudamatsu,69,8,B_incremental,2926.0,6,278.51870883624383,5,183.4789104938825
kudamatsu,69,9,B_incremental,2926.0,6,292.15400943966716,5,183.4789104938825
kudamatsu,69,10,B_incremental,2926.0,6,278.51870883624383,5,183.4789104938825
kudamatsu,69,11,B_incremental,2926.0,6,278.51870883624383,5,183.4789104938825
kudamatsu,70,0,A_steiner,1785.0,5,370.63003413722777,6,165.99609669359634
kudamatsu,70,1,A_steiner,1785.0,5,370.63003413722777,6,165.99609669359634
kudamatsu,70,2,A_steiner,1785.0,5,370.63003413722777,6,165.99609669359634
kudamatsu,70,3,A_steiner,1785.0,5,370.63003413722777,6,165.99609669359634
kudamatsu,70,4,A_steiner,1785.0,5,370.63003413722777,6,165.99609669359634
kudamatsu,70,5,A_steiner,1785.0,5,370.63003413722777,6,165.99609669359634
kudamatsu,70,6,B_incremental,1785.0,5,370.63003413722777,6,165.99609669359634
kudamatsu,70,7,B_incremental,1785.0,5,370.6300341372277,6,165.99609669359634
kudamatsu,70,8,B_incremental,1785.0,5,370.63003413722777,6,165.99609669359634
kudamatsu,70,9,B_incremental,1785.0,5,370.6300341372277,6,165.99609669359634
kudamatsu,70,10,B_incremental,1785.0,5,370.63003413722777,6,165.99609669359634
kudamatsu,70,11,B_incremental,1785.0,5,370.6300341372277,6,165.99609669359634
kudamatsu,71,0,A_steiner,2117.0,4,234.96428548299195,5,171.456999307937
kudamatsu,71,1,A_steiner,2117.0,4,234.96428548299195,5,171.456999307937
kudamatsu,71,2,A_steiner,2117.0,4,234.96428548299195,5,171.456999307937
kudamatsu,71,3,A_steiner,2117.0,4,234.96428548299195,5,171.456999307937
kudamatsu,71,4,A_steiner,2117.0,4,234.96428548299195,5,171.456999307937
kudamatsu,71,5,A_steiner,2117.0,4,234.96428548299195,5,171.456999307937
kudamatsu,71,6,B_incremental,2117.0,4,234.96428548299198,5,171.456999307937
kudamatsu,71,7,B_incremental,2117.0,4,234.96428548299195,5,171.456999307937
kudamatsu,71,8,B_incremental,2117.0,4,234.96428548299195,5,171.456999307937
kudamatsu,71,9,B_incremental,2117.0,4,234.96428548299198,5,171.456999307937
kudamatsu,71,10,B_incremental,2117.0,4,234.96428548299198,5,171.456999307937
kudamatsu,71,11,B_incremental,2117.0,4,234.96428548299198,5,171.456999307937
kudamatsu,72,0,A_steiner,1135.0,1,65.80444229383401,2,16.156025689907153
kudamatsu,72,1,A_steiner,1135.0,1,65.80444229383401,2,16.156025689907153
kudamatsu,72,2,A_steiner,1135.0,1,65.80444229383401,2,16.156025689907153
kudamatsu,72,3,A_steiner,1135.0,1,65.80444229383401,2,16.156025689907153
kudamatsu,72,4,A_steiner,1135.0,1,65.80444229383401,2,16.156025689907153
kudamatsu,72,5,A_steiner,1135.0,1,65.80444229383401,2,16.156025689907153
kudamatsu,72,6,B_incremental,1135.0,1,65.80444229383401,2,16.156025689907153
kudamatsu,72,7,B_incremental,1135.0,1,65.80444229383401,2,16.156025689907153
kudamatsu,72,8,B_incremental,1135.0,1,65.80444229383401,2,16.156025689907153
kudamatsu,72,9,B_incremental,1135.0,1,65.80444229383401,2,16.156025689907153
kudamatsu,72,10,B_incremental,1135.0,1,65.80444229383401,2,16.156025689907153
kudamatsu,72,11,B_incremental,1135.0,1,65.80444229383401,2,16.156025689907153
kudamatsu,73,0,A_steiner,1571.0,5,258.73800361265694,5,156.20129955764838
kudamatsu,73,1,A_steiner,1571.0,5,258.73800361265694,5,156.20129955764838
kudamatsu,73,2,A_steiner,1571.0,5,258.73800361265694,5,156.20129955764838
kudamatsu,73,3,A_steiner,1571.0,5,258.73800361265694,5,156.20129955764838
kudamatsu,73,4,A_steiner,1571.0,5,258.73800361265694,5,156.20129955764838
kudamatsu,73,5,A_steiner,1571.0,5,258.73800361265694,5,156.20129955764838
kudamatsu,73,6,B_incremental,1571.0,5,258.73800361265694,5,156.20129955764838
kudamatsu,73,7,B_incremental,1571.0,5,258.73800361265694,5,156.20129955764838
kudamatsu,73,8,B_incremental,1571.0,5,258.73800361265694,5,156.20129955764838
kudamatsu,73,9,B_incremental,1571.0,5,258.73800361265694,5,156.20129955764838
kudamatsu,73,10,B_incremental,1571.0,5,258.73800361265694,5,156.20129955764838
kudamatsu,73,11,B_incremental,1571.0,5,258.73800361265694,5,156.20129955764838
kudamatsu,74,0,A_steiner,1451.0,4,386.41433342572566,3,71.27890365733755
kudamatsu,74,1,A_steiner,1451.0,4,386.41433342572566,3,71.27890365733755
kudamatsu,74,2,A_steiner,1451.0,4,386.41433342572566,3,71.27890365733755
kudamatsu,74,3,A_steiner,1451.0,4,386.41433342572566,3,71.27890365733755
kudamatsu,74,4,A_steiner,1451.0,4,386.41433342572566,3,71.27890365733755
kudamatsu,74,5,A_steiner,1451.0,4,386.41433342572566,3,71.27890365733755
kudamatsu,74,6,B_incremental,1451.0,4,386.41433342572566,3,71.27890365733755
kudamatsu,74,7,B_incremental,1451.0,4,386.4143334257256,3,71.27890365733755
kudamatsu,74,8,B_incremental,1451.0,4,386.41433342572566,3,71.27890365733755
kudamatsu,74,9,B_incremental,1451.0,4,386.4143334257256,3,71.27890365733755
kudamatsu,74,10,B_incremental,1451.0,4,386.41433342572566,3,71.27890365733755
kudamatsu,74,11,B_incremental,1451.0,4,386.41433342572566,3,71.27890365733755
kudamatsu,75,0,A_steiner,1791.0,7,425.72892366844053,5,80.02765455329568
kudamatsu,75,1,A_steiner,1791.0,7,425.72892366844053,5,80.02765455329568
kudamatsu,75,2,A_steiner,1791.0,7,425.72892366844053,5,80.02765455329568
kudamatsu,75,3,A_steiner,1791.0,7,425.72892366844053,5,80.02765455329568
kudamatsu,75,4,A_steiner,1791.0,7,425.72892366844053,5,80.02765455329568
kudamatsu,75,5,A_steiner,1791.0,7,425.72892366844053,5,80.02765455329568
kudamatsu,75,6,B_incremental,1791.0,7,425.7289236684405,5,80.02765455329568
kudamatsu,75,7,B_incremental,1791.0,8,413.0495545102104,5,80.02765455329568
kudamatsu,75,8,B_incremental,1791.0,7,425.7289236684405,5,80.02765455329568
kudamatsu,75,9,B_incremental,1791.0,7,425.7289236684405,5,80.02765455329568
kudamatsu,75,10,B_incremental,1791.0,7,425.7289236684405,5,80.02765455329568
kudamatsu,75,11,B_incremental,1791.0,7,425.7289236684405,5,80.02765455329568
kudamatsu,76,0,A_steiner,1485.0,6,597.2252608499824,7,222.43804332691326
kudamatsu,76,1,A_steiner,1485.0,6,597.2252608499824,7,222.43804332691326
kudamatsu,76,2,A_steiner,1485.0,6,597.2252608499824,7,222.43804332691326
kudamatsu,76,3,A_steiner,1485.0,6,597.2252608499824,7,222.43804332691326
kudamatsu,76,4,A_steiner,1485.0,6,597.2252608499824,7,222.43804332691326
kudamatsu,76,5,A_steiner,1485.0,6,597.2252608499824,7,222.43804332691326
kudamatsu,76,6,B_incremental,1485.0,6,597.2252608499824,7,222.43804332691326
kudamatsu,76,7,B_incremental,1485.0,6,597.2252608499824,7,222.43804332691326
kudamatsu,76,8,B_incremental,1485.0,6,597.2252608499824,7,222.43804332691326
kudamatsu,76,9,B_incremental,1485.0,6,597.2252608499824,7,222.43804332691326
kudamatsu,76,10,B_incremental,1485.0,6,597.2252608499825,7,222.43804332691326
kudamatsu,76,11,B_incremental,1485.0,6,597.2252608499825,7,222.43804332691326
kudamatsu,77,0,A_steiner,1034.0,2,53.69251251436361,3,127.3325321036447
kudamatsu,77,1,A_steiner,1034.0,2,53.69251251436361,3,127.3325321036447
kudamatsu,77,2,A_steiner,1034.0,2,53.69251251436361,3,127.3325321036447
kudamatsu,77,3,A_steiner,1034.0,2,53.69251251436361,3,127.3325321036447
kudamatsu,77,4,A_steiner,1034.0,2,53.69251251436361,3,127.3325321036447
kudamatsu,77,5,A_steiner,1034.0,2,53.69251251436361,3,127.3325321036447
kudamatsu,77,6,B_incremental,1034.0,2,53.69251251436361,3,127.3325321036447
kudamatsu,77,7,B_incremental,1034.0,2,53.69251251436361,3,127.3325321036447
kudamatsu,77,8,B_incremental,1034.0,2,53.69251251436361,3,127.3325321036447
kudamatsu,77,9,B_incremental,1034.0,2,53.69251251436361,3,127.3325321036447
kudamatsu,77,10,B_incremental,1034.0,2,53.69251251436361,3,127.3325321036447
kudamatsu,77,11,B_incremental,1034.0,2,53.69251251436361,3,127.3325321036447
kudamatsu,78,0,A_steiner,1183.0,5,348.10772310667267,6,199.0245713103497
kudamatsu,78,1,A_steiner,1183.0,5,348.10772310667267,6,199.0245713103497
kudamatsu,78,2,A_steiner,1183.0,5,348.10772310667267,6,199.0245713103497
kudamatsu,78,3,A_steiner,1183.0,5,348.10772310667267,6,199.0245713103497
kudamatsu,78,4,A_steiner,1183.0,5,348.10772310667267,6,199.0245713103497
kudamatsu,78,5,A_steiner,1183.0,5,348.10772310667267,6,199.0245713103497
kudamatsu,78,6,B_incremental,1183.0,5,348.10772310667267,6,199.0245713103497
kudamatsu,78,7,B_incremental,1183.0,5,348.10772310667267,6,199.0245713103497
kudamatsu,78,8,B_incremental,1183.0,5,348.10772310667267,6,199.0245713103497
kudamatsu,78,9,B_incremental,1183.0,5,348.1077231066726,6,199.0245713103497
kudamatsu,78,10,B_incremental,1183.0,5,348.10772310667267,6,199.0245713103497
kudamatsu,78,11,B_incremental,1183.0,5,348.10772310667267,6,199.0245713103497
kudamatsu,79,0,A_steiner,1575.0,4,280.5688644943351,4,83.7277082605541
kudamatsu,79,1,A_steiner,1575.0,4,280.5688644943351,4,83.7277082605541
kudamatsu,79,2,A_steiner,1575.0,4,280.5688644943351,4,83.7277082605541
kudamatsu,79,3,A_steiner,1575.0,4,280.5688644943351,4,83.7277082605541
kudamatsu,79,4,A_steiner,1575.0,4,280.5688644943351,4,83.7277082605541
kudamatsu,79,5,A_steiner,1575.0,4,280.5688644943351,4,83.7277082605541
kudamatsu,79,6,B_incremental,1575.0,4,280.5688644943351,4,83.7277082605541
kudamatsu,79,7,B_incremental,1575.0,4,280.5688644943351,4,83.7277082605541
kudamatsu,79,8,B_incremental,1575.0,4,280.5688644943351,4,83.7277082605541
kudamatsu,79,9,B_incremental,1575.0,4,280.5688644943351,4,83.7277082605541
kudamatsu,79,10,B_incremental,1575.0,4,280.5688644943351,4,83.7277082605541
kudamatsu,79,11,B_incremental,1575.0,4,280.5688644943351,4,83.7277082605541
kudamatsu,80,0,A_steiner,1567.0,4,275.5689925508262,3,143.69480980522917
kudamatsu,80,1,A_steiner,1567.0,4,275.5689925508262,3,143.69480980522917
kudamatsu,80,2,A_steiner,1567.0,4,275.5689925508262,3,143.69480980522917
kudamatsu,80,3,A_steiner,1567.0,4,275.5689925508262,3,143.69480980522917
kudamatsu,80,4,A_steiner,1567.0,4,275.5689925508262,3,143.69480980522917
kudamatsu,80,5,A_steiner,1567.0,4,275.5689925508262,3,143.69480980522917
kudamatsu,80,6,B_incremental,1567.0,4,275.5689925508262,3,143.69480980522917
kudamatsu,80,7,B_incremental,1567.0,4,275.5689925508262,3,143.69480980522917
kudamatsu,80,8,B_incremental,1567.0,4,275.5689925508261,3,143.69480980522917
kudamatsu,80,9,B_incremental,1567.0,4,275.5689925508262,3,143.69480980522917
kudamatsu,80,10,B_incremental,1567.0,4,275.5689925508262,3,143.69480980522917
kudamatsu,80,11,B_incremental,1567.0,4,275.5689925508262,3,143.69480980522917
kudamatsu,81,0,A_steiner,1651.0,8,606.7207212573541,7,257.39478934844607
kudamatsu,81,1,A_steiner,1651.0,8,606.7207212573541,7,257.39478934844607
kudamatsu,81,2,A_steiner,1651.0,8,606.7207212573541,7,257.39478934844607
kudamatsu,81,3,A_steiner,1651.0,8,606.7207212573541,7,257.39478934844607
kudamatsu,81,4,A_steiner,1651.0,8,606.7207212573541,7,257.39478934844607
kudamatsu,81,5,A_steiner,1651.0,8,606.7207212573541,7,257.39478934844607
kudamatsu,81,6,B_incremental,1651.0,7,667.6331980316712,7,257.39478934844607
kudamatsu,81,7,B_incremental,1651.0,8,606.7207212573541,7,257.39478934844607
kudamatsu,81,8,B_incremental,1651.0,8,606.7207212573541,7,257.39478934844607
kudamatsu,81,9,B_incremental,1651.0,8,606.7207212573541,7,257.39478934844607
kudamatsu,81,10,B_incremental,1651.0,7,667.6331980316712,7,257.39478934844607
kudamatsu,81,11,B_incremental,1651.0,7,667.6331980316712,7,257.39478934844607
kudamatsu,82,0,A_steiner,1461.0,9,1024.9669748448218,4,245.19521667738215
kudamatsu,82,1,A_steiner,1461.0,9,1024.9669748448218,4,245.19521667738215
kudamatsu,82,2,A_steiner,1461.0,9,1024.9669748448218,4,245.19521667738215
kudamatsu,82,3,A_steiner,1461.0,9,1024.9669748448218,4,245.19521667738215
kudamatsu,82,4,A_steiner,1461.0,9,1024.9669748448218,4,245.19521667738215
kudamatsu,82,5,A_steiner,1461.0,9,1024.9669748448218,4,245.19521667738215
kudamatsu,82,6,B_incremental,1461.0,8,907.2579847851409,4,245.19521667738215
kudamatsu,82,7,B_incremental,1461.0,8,907.2579847851409,4,245.19521667738215
kudamatsu,82,8,B_incremental,1461.0,8,907.2579847851409,4,245.19521667738215
kudamatsu,82,9,B_incremental,1461.0,8,907.2579847851409,4,245.19521667738215
kudamatsu,82,10,B_incremental,1461.0,8,907.2579847851409,4,245.19521667738215
kudamatsu,82,11,B_incremental,1461.0,8,907.2579847851409,4,245.19521667738215
kudamatsu,83,0,A_steiner,1538.0,6,330.0852282543122,5,81.16349337738548
kudamatsu,83,1,A_steiner,1538.0,6,330.0852282543122,5,81.16349337738548
kudamatsu,83,2,A_steiner,1538.0,6,330.0852282543122,5,81.16349337738548
kudamatsu,83,3,A_steiner,1538.0,7,342.09984805239276,5,81.16349337738548
kudamatsu,83,4,A_steiner,1538.0,6,330.0852282543122,5,81.16349337738548
kudamatsu,83,5,A_steiner,1538.0,6,330.0852282543122,5,81.16349337738548
kudamatsu,83,6,B_incremental,1538.0,7,342.0998480523927,5,81.16349337738548
kudamatsu,83,7,B_incremental,1538.0,7,342.09984805239276,5,81.16349337738548
kudamatsu,83,8,B_incremental,1538.0,6,330.0852282543122,5,81.16349337738548
kudamatsu,83,9,B_incremental,1538.0,6,330.08522825431214,5,81.16349337738548
kudamatsu,83,10,B_incremental,1538.0,7,342.09984805239276,5,81.16349337738548
kudamatsu,83,11,B_incremental,1538.0,6,330.08522825431226,5,81.16349337738548
kudamatsu,84,0,A_steiner,1852.0,5,366.7401825225675,2,103.08235016399078
kudamatsu,84,1,A_steiner,1852.0,5,366.7401825225675,2,103.08235016399078
kudamatsu,84,2,A_steiner,1852.0,5,366.7401825225675,2,103.08235016399078
kudamatsu,84,3,A_steiner,1852.0,5,366.7401825225675,2,103.08235016399078
kudamatsu,84,4,A_steiner,1852.0,5,366.7401825225675,2,103.08235016399078
kudamatsu,84,5,A_steiner,1852.0,5,366.7401825225675,2,103.08235016399078
kudamatsu,84,6,B_incremental,1852.0,5,366.74018252256747,2,103.08235016399078
kudamatsu,84,7,B_incremental,1852.0,5,366.74018252256747,2,103.08235016399078
kudamatsu,84,8,B_incremental,1852.0,5,366.74018252256747,2,103.08235016399078
kudamatsu,84,9,B_incremental,1852.0,5,366.74018252256747,2,103.08235016399078
kudamatsu,84,10,B_incremental,1852.0,5,366.74018252256747,2,103.08235016399078
kudamatsu,84,11,B_incremental,1852.0,5,366.74018252256747,2,103.08235016399078
kudamatsu,85,0,A_steiner,1735.0,2,159.0917654660348,2,24.957239411340787
kudamatsu,85,1,A_steiner,1735.0,2,159.0917654660348,2,24.957239411340787
kudamatsu,85,2,A_steiner,1735.0,2,159.0917654660348,2,24.957239411340787
kudamatsu,85,3,A_steiner,1735.0,2,159.0917654660348,2,24.957239411340787
kudamatsu,85,4,A_steiner,1735.0,2,159.0917654660348,2,24.957239411340787
kudamatsu,85,5,A_steiner,1735.0,2,159.0917654660348,2,24.957239411340787
kudamatsu,85,6,B_incremental,1735.0,2,159.0917654660348,2,24.957239411340787
kudamatsu,85,7,B_incremental,1735.0,2,159.0917654660348,2,24.957239411340787
kudamatsu,85,8,B_incremental,1735.0,2,159.0917654660348,2,24.957239411340787
kudamatsu,85,9,B_incremental,1735.0,2,159.0917654660348,2,24.957239411340787
kudamatsu,85,10,B_incremental,1735.0,2,159.0917654660348,2,24.957239411340787
kudamatsu,85,11,B_incremental,1735.0,2,159.0917654660348,2,24.957239411340787
kudamatsu,86,0,A_steiner,2037.0,7,740.3608930160092,3,59.10000970610579
kudamatsu,86,1,A_steiner,2037.0,7,740.3608930160092,3,59.10000970610579
kudamatsu,86,2,A_steiner,2037.0,7,740.3608930160092,3,59.10000970610579
kudamatsu,86,3,A_steiner,2037.0,7,740.3608930160092,3,59.10000970610579
kudamatsu,86,4,A_steiner,2037.0,7,740.3608930160092,3,59.10000970610579
kudamatsu,86,5,A_steiner,2037.0,7,740.3608930160092,3,59.10000970610579
kudamatsu,86,6,B_incremental,2037.0,7,740.3608930160094,3,59.10000970610579
kudamatsu,86,7,B_incremental,2037.0,7,740.3608930160092,3,59.10000970610579
kudamatsu,86,8,B_incremental,2037.0,7,740.3608930160094,3,59.10000970610579
kudamatsu,86,9,B_incremental,2037.0,7,740.3608930160092,3,59.10000970610579
kudamatsu,86,10,B_incremental,2037.0,7,740.3608930160094,3,59.10000970610579
kudamatsu,86,11,B_incremental,2037.0,7,740.3608930160094,3,59.10000970610579
kudamatsu,87,0,A_steiner,1690.0,8,322.0746404542675,6,161.79089660442258
kudamatsu,87,1,A_steiner,1690.0,8,322.0746404542675,6,161.79089660442258
kudamatsu,87,2,A_steiner,1690.0,8,322.0746404542675,6,161.79089660442258
kudamatsu,87,3,A_steiner,1690.0,8,322.0746404542675,6,161.79089660442258
kudamatsu,87,4,A_steiner,1690.0,8,322.0746404542675,6,161.79089660442258
kudamatsu,87,5,A_steiner,1690.0,8,322.0746404542675,6,161.79089660442258
kudamatsu,87,6,B_incremental,1690.0,8,322.0746404542675,6,161.79089660442258
kudamatsu,87,7,B_incremental,1690.0,8,322.07464045426747,6,161.79089660442258
kudamatsu,87,8,B_incremental,1690.0,8,322.0746404542676,6,161.79089660442258
kudamatsu,87,9,B_incremental,1690.0,8,322.0746404542676,6,161.79089660442258
kudamatsu,87,10,B_incremental,1690.0,8,322.07464045426747,6,161.79089660442258
kudamatsu,87,11,B_incremental,1690.0,8,322.0746404542676,6,161.79089660442258
kudamatsu,88,0,A_steiner,1649.0,1,58.79770235225335,2,84.76858632234544
kudamatsu,88,1,A_steiner,1649.0,1,58.79770235225335,2,84.76858632234544
kudamatsu,88,2,A_steiner,1649.0,1,58.79770235225335,2,84.76858632234544
kudamatsu,88,3,A_steiner,1649.0,1,58.79770235225335,2,84.76858632234544
kudamatsu,88,4,A_steiner,1649.0,1,58.79770235225335,2,84.76858632234544
kudamatsu,88,5,A_steiner,1649.0,1,58.79770235225335,2,84.76858632234544
kudamatsu,88,6,B_incremental,1649.0,1,58.79770235225335,2,84.76858632234544
kudamatsu,88,7,B_incremental,1649.0,1,58.79770235225335,2,84.76858632234544
kudamatsu,88,8,B_incremental,1649.0,1,58.79770235225335,2,84.76858632234544
kudamatsu,88,9,B_incremental,1649.0,1,58.79770235225335,2,84.76858632234544
kudamatsu,88,10,B_incremental,1649.0,1,58.79770235225335,2,84.76858632234544
kudamatsu,88,11,B_incremental,1649.0,1,58.79770235225335,2,84.76858632234544
yasu,0,0,A_steiner,1830.0,3,168.13595699992163,4,200.44031150374508
yasu,0,1,A_steiner,1830.0,3,168.13595699992163,4,200.44031150374508
yasu,0,2,A_steiner,1830.0,3,168.13595699992163,4,200.44031150374508
yasu,0,3,A_steiner,1830.0,3,168.13595699992163,4,200.44031150374508
yasu,0,4,A_steiner,1830.0,3,168.13595699992163,4,200.44031150374508
yasu,0,5,A_steiner,1830.0,3,168.13595699992163,4,200.44031150374508
yasu,0,6,B_incremental,1830.0,3,168.13595699992163,4,200.44031150374508
yasu,0,7,B_incremental,1830.0,3,168.13595699992163,4,200.44031150374508
yasu,0,8,B_incremental,1830.0,3,168.13595699992163,4,200.44031150374508
yasu,0,9,B_incremental,1830.0,3,168.13595699992163,4,200.44031150374508
yasu,0,10,B_incremental,1830.0,3,168.13595699992163,4,200.44031150374508
yasu,0,11,B_incremental,1830.0,3,168.13595699992163,4,200.44031150374508
yasu,1,0,A_steiner,1707.0,3,307.5612291811952,3,117.43277246200942
yasu,1,1,A_steiner,1707.0,3,307.5612291811952,3,117.43277246200942
yasu,1,2,A_steiner,1707.0,3,307.5612291811952,3,117.43277246200942
yasu,1,3,A_steiner,1707.0,3,307.5612291811952,3,117.43277246200942
yasu,1,4,A_steiner,1707.0,3,307.5612291811952,3,117.43277246200942
yasu,1,5,A_steiner,1707.0,3,307.5612291811952,3,117.43277246200942
yasu,1,6,B_incremental,1707.0,3,307.5612291811952,3,117.43277246200942
yasu,1,7,B_incremental,1707.0,3,307.5612291811952,3,117.43277246200942
yasu,1,8,B_incremental,1707.0,3,307.5612291811952,3,117.43277246200942
yasu,1,9,B_incremental,1707.0,3,307.5612291811952,3,117.43277246200942
yasu,1,10,B_incremental,1707.0,3,307.5612291811952,3,117.43277246200942
yasu,1,11,B_incremental,1707.0,3,307.5612291811952,3,117.43277246200942
yasu,2,0,A_steiner,1828.0,1,37.360051985593934,2,71.6541969722399
yasu,2,1,A_steiner,1828.0,1,37.360051985593934,2,71.6541969722399
yasu,2,2,A_steiner,1828.0,1,37.360051985593934,2,71.6541969722399
yasu,2,3,A_steiner,1828.0,1,37.360051985593934,2,71.6541969722399
yasu,2,4,A_steiner,1828.0,1,37.360051985593934,2,71.6541969722399
yasu,2,5,A_steiner,1828.0,1,37.360051985593934,2,71.6541969722399
yasu,2,6,B_incremental,1828.0,1,37.360051985593934,2,71.6541969722399
yasu,2,7,B_incremental,1828.0,1,37.360051985593934,2,71.6541969722399
yasu,2,8,B_incremental,1828.0,1,37.360051985593934,2,71.6541969722399
yasu,2,9,B_incremental,1828.0,1,37.360051985593934,2,71.6541969722399
yasu,2,10,B_incremental,1828.0,1,37.360051985593934,2,71.6541969722399
yasu,2,11,B_incremental,1828.0,1,37.360051985593934,2,71.6541969722399
yasu,3,0,A_steiner,1640.0,4,81.23720356779775,5,110.37467116778909
yasu,3,1,A_steiner,1640.0,4,81.23720356779775,5,110.37467116778909
yasu,3,2,A_steiner,1640.0,4,81.23720356779775,5,110.37467116778909
yasu,3,3,A_steiner,1640.0,4,81.23720356779775,5,110.37467116778909
yasu,3,4,A_steiner,1640.0,4,81.23720356779775,5,110.37467116778909
yasu,3,5,A_steiner,1640.0,4,81.23720356779775,5,110.37467116778909
yasu,3,6,B_incremental,1640.0,4,81.23720356779776,5,110.37467116778909
yasu,3,7,B_incremental,1640.0,4,81.23720356779775,5,110.37467116778909
yasu,3,8,B_incremental,1640.0,4,81.23720356779775,5,110.37467116778909
yasu,3,9,B_incremental,1640.0,4,81.23720356779775,5,110.37467116778909
yasu,3,10,B_incremental,1640.0,4,81.23720356779775,5,110.37467116778909
yasu,3,11,B_incremental,1640.0,4,81.23720356779776,5,110.37467116778909
yasu,4,0,A_steiner,241.0,1,5.2908871133748,2,49.97618416637546
yasu,4,1,A_steiner,241.0,1,5.2908871133748,2,49.97618416637546
yasu,4,2,A_steiner,241.0,1,5.2908871133748,2,49.97618416637546
yasu,4,3,A_steiner,241.0,1,5.2908871133748,2,49.97618416637546
yasu,4,4,A_steiner,241.0,1,5.2908871133748,2,49.97618416637546
yasu,4,5,A_steiner,241.0,1,5.2908871133748,2,49.97618416637546
yasu,4,6,B_incremental,241.0,1,5.2908871133748,2,49.97618416637546
yasu,4,7,B_incremental,241.0,1,5.2908871133748,2,49.97618416637546
yasu,4,8,B_incremental,241.0,1,5.2908871133748,2,49.97618416637546
yasu,4,9,B_incremental,241.0,1,5.2908871133748,2,49.97618416637546
yasu,4,10,B_incremental,241.0,1,5.2908871133748,2,49.97618416637546
yasu,4,11,B_incremental,241.0,1,5.2908871133748,2,49.97618416637546
yasu,5,0,A_steiner,1922.0,8,466.5703069394069,7,355.5033942789819
yasu,5,1,A_steiner,1922.0,8,466.5703069394069,7,355.5033942789819
yasu,5,2,A_steiner,1922.0,8,466.5703069394069,7,355.5033942789819
yasu,5,3,A_steiner,1922.0,8,466.5703069394069,7,355.5033942789819
yasu,5,4,A_steiner,1922.0,8,466.5703069394069,7,355.5033942789819
yasu,5,5,A_steiner,1922.0,8,466.5703069394069,7,355.5033942789819
yasu,5,6,B_incremental,1922.0,8,466.5703069394069,7,355.5033942789819
yasu,5,7,B_incremental,1922.0,8,466.57030693940686,7,355.5033942789819
yasu,5,8,B_incremental,1922.0,8,466.5703069394068,7,355.5033942789819
yasu,5,9,B_incremental,1922.0,8,466.570306939407,7,355.5033942789819
yasu,5,10,B_incremental,1922.0,8,466.5703069394069,7,355.5033942789819
yasu,5,11,B_incremental,1922.0,8,466.5703069394068,7,355.5033942789819
yasu,6,0,A_steiner,1734.0,3,94.27085809411031,4,95.37230085305092
yasu,6,1,A_steiner,1734.0,3,94.27085809411031,4,95.37230085305092
yasu,6,2,A_steiner,1734.0,3,94.27085809411031,4,95.37230085305092
yasu,6,3,A_steiner,1734.0,3,94.27085809411031,4,95.37230085305092
yasu,6,4,A_steiner,1734.0,3,94.27085809411031,4,95.37230085305092
yasu,6,5,A_steiner,1734.0,3,94.27085809411031,4,95.37230085305092
yasu,6,6,B_incremental,1734.0,3,94.27085809411031,4,95.37230085305092
yasu,6,7,B_incremental,1734.0,3,94.27085809411031,4,95.37230085305092
yasu,6,8,B_incremental,1734.0,3,94.27085809411031,4,95.37230085305092
yasu,6,9,B_incremental,1734.0,3,94.27085809411031,4,95.37230085305092
yasu,6,10,B_incremental,1734.0,3,94.27085809411031,4,95.37230085305092
yasu,6,11,B_incremental,1734.0,3,94.27085809411031,4,95.37230085305092
yasu,7,0,A_steiner,1616.0,2,51.7731928222936,3,128.806366160853
yasu,7,1,A_steiner,1616.0,2,51.7731928222936,3,128.806366160853
yasu,7,2,A_steiner,1616.0,2,51.7731928222936,3,128.806366160853
yasu,7,3,A_steiner,1616.0,2,51.7731928222936,3,128.806366160853
yasu,7,4,A_steiner,1616.0,2,51.7731928222936,3,128.806366160853
yasu,7,5,A_steiner,1616.0,2,51.7731928222936,3,128.806366160853
yasu,7,6,B_incremental,1616.0,2,51.7731928222936,3,128.806366160853
yasu,7,7,B_incremental,1616.0,2,51.7731928222936,3,128.806366160853
yasu,7,8,B_incremental,1616.0,2,51.7731928222936,3,128.806366160853
yasu,7,9,B_incremental,1616.0,2,51.7731928222936,3,128.806366160853
yasu,7,10,B_incremental,1616.0,2,51.7731928222936,3,128.806366160853
yasu,7,11,B_incremental,1616.0,2,51.7731928222936,3,128.806366160853
yasu,8,0,A_steiner,243.0,3,181.8844538611417,4,42.28075544046084
yasu,8,1,A_steiner,243.0,3,181.8844538611417,4,42.28075544046084
yasu,8,2,A_steiner,243.0,3,181.8844538611417,4,42.28075544046084
yasu,8,3,A_steiner,243.0,3,181.8844538611417,4,42.28075544046084
yasu,8,4,A_steiner,243.0,3,181.8844538611417,4,42.28075544046084
yasu,8,5,A_steiner,243.0,3,181.8844538611417,4,42.28075544046084
yasu,8,6,B_incremental,243.0,3,181.8844538611417,4,42.28075544046084
yasu,8,7,B_incremental,243.0,3,181.8844538611417,4,42.28075544046084
yasu,8,8,B_incremental,243.0,3,181.8844538611417,4,42.28075544046084
yasu,8,9,B_incremental,243.0,3,181.8844538611417,4,42.28075544046084
yasu,8,10,B_incremental,243.0,3,181.8844538611417,4,42.28075544046084
yasu,8,11,B_incremental,243.0,3,181.8844538611417,4,42.28075544046084
yasu,9,0,A_steiner,1733.0,1,44.292447760915536,2,77.25171544372373
yasu,9,1,A_steiner,1733.0,1,44.292447760915536,2,77.25171544372373
yasu,9,2,A_steiner,1733.0,1,44.292447760915536,2,77.25171544372373
yasu,9,3,A_steiner,1733.0,1,44.292447760915536,2,77.25171544372373
yasu,9,4,A_steiner,1733.0,1,44.292447760915536,2,77.25171544372373
yasu,9,5,A_steiner,1733.0,1,44.292447760915536,2,77.25171544372373
yasu,9,6,B_incremental,1733.0,1,44.292447760915536,2,77.25171544372373
yasu,9,7,B_incremental,1733.0,1,44.292447760915536,2,77.25171544372373
yasu,9,8,B_incremental,1733.0,1,44.292447760915536,2,77.25171544372373
yasu,9,9,B_incremental,1733.0,1,44.292447760915536,2,77.25171544372373
yasu,9,10,B_incremental,1733.0,1,44.292447760915536,2,77.25171544372373
yasu,9,11,B_incremental,1733.0,1,44.292447760915536,2,77.25171544372373
yasu,10,0,A_steiner,493.0,2,65.10740651666168,3,106.68651528774805
yasu,10,1,A_steiner,493.0,2,65.10740651666168,3,106.68651528774805
yasu,10,2,A_steiner,493.0,2,65.10740651666168,3,106.68651528774805
yasu,10,3,A_steiner,493.0,2,65.10740651666168,3,106.68651528774805
yasu,10,4,A_steiner,493.0,2,65.10740651666168,3,106.68651528774805
yasu,10,5,A_steiner,493.0,2,65.10740651666168,3,106.68651528774805
yasu,10,6,B_incremental,493.0,2,65.10740651666168,3,106.68651528774805
yasu,10,7,B_incremental,493.0,2,65.10740651666168,3,106.68651528774805
yasu,10,8,B_incremental,493.0,2,65.10740651666168,3,106.68651528774805
yasu,10,9,B_incremental,493.0,2,65.10740651666168,3,106.68651528774805
yasu,10,10,B_incremental,493.0,2,65.10740651666168,3,106.68651528774805
yasu,10,11,B_incremental,493.0,2,65.10740651666168,3,106.68651528774805
yasu,11,0,A_steiner,570.0,3,86.4270640726813,4,191.99727513644604
yasu,11,1,A_steiner,570.0,3,86.4270640726813,4,191.99727513644604
yasu,11,2,A_steiner,570.0,3,86.4270640726813,4,191.99727513644604
yasu,11,3,A_steiner,570.0,3,86.4270640726813,4,191.99727513644604
yasu,11,4,A_steiner,570.0,3,86.4270640726813,4,191.99727513644604
yasu,11,5,A_steiner,570.0,3,86.4270640726813,4,191.99727513644604
yasu,11,6,B_incremental,570.0,3,86.4270640726813,4,191.99727513644604
yasu,11,7,B_incremental,570.0,3,86.4270640726813,4,191.99727513644604
yasu,11,8,B_incremental,570.0,3,86.4270640726813,4,191.99727513644604
yasu,11,9,B_incremental,570.0,3,86.4270640726813,4,191.99727513644604
yasu,11,10,B_incremental,570.0,3,86.4270640726813,4,191.99727513644604
yasu,11,11,B_incremental,570.0,3,86.4270640726813,4,191.99727513644604
yasu,12,0,A_steiner,1701.0,5,166.14799784595624,4,57.868611095789376
yasu,12,1,A_steiner,1701.0,5,166.14799784595624,4,57.868611095789376
yasu,12,2,A_steiner,1701.0,5,166.14799784595624,4,57.868611095789376
yasu,12,3,A_steiner,1701.0,5,166.14799784595624,4,57.868611095789376
yasu,12,4,A_steiner,1701.0,5,166.14799784595624,4,57.868611095789376
yasu,12,5,A_steiner,1701.0,5,166.14799784595624,4,57.868611095789376
yasu,12,6,B_incremental,1701.0,5,166.14799784595624,4,57.868611095789376
yasu,12,7,B_incremental,1701.0,5,166.14799784595624,4,57.868611095789376
yasu,12,8,B_incremental,1701.0,5,166.14799784595627,4,57.868611095789376
yasu,12,9,B_incremental,1701.0,5,166.14799784595624,4,57.868611095789376
yasu,12,10,B_incremental,1701.0,5,166.14799784595624,4,57.868611095789376
yasu,12,11,B_incremental,1701.0,5,166.14799784595624,4,57.868611095789376
yasu,13,0,A_steiner,310.0,5,349.29817377853954,2,36.867867567956075
yasu,13,1,A_steiner,310.0,5,349.29817377853954,2,36.867867567956075
yasu,13,2,A_steiner,310.0,5,349.29817377853954,2,36.867867567956075
yasu,13,3,A_steiner,310.0,5,349.29817377853954,2,36.867867567956075
yasu,13,4,A_steiner,310.0,5,349.29817377853954,2,36.867867567956075
yasu,13,5,A_steiner,310.0,5,349.29817377853954,2,36.867867567956075
yasu,13,6,B_incremental,310.0,5,349.29817377853954,2,36.867867567956075
yasu,13,7,B_incremental,310.0,5,349.29817377853954,2,36.867867567956075
yasu,13,8,B_incremental,310.0,5,349.29817377853954,2,36.867867567956075
yasu,13,9,B_incremental,310.0,5,349.29817377853954,2,36.867867567956075
yasu,13,10,B_incremental,310.0,5,349.29817377853954,2,36.867867567956075
yasu,13,11,B_incremental,310.0,5,349.29817377853954,2,36.867867567956075
yasu,14,0,A_steiner,1633.0,1,25.717480180097706,2,98.34698587217113
yasu,14,1,A_steiner,1633.0,1,25.717480180097706,2,98.34698587217113
yasu,14,2,A_steiner,1633.0,1,25.717480180097706,2,98.34698587217113
yasu,14,3,A_steiner,1633.0,1,25.717480180097706,2,98.34698587217113
yasu,14,4,A_steiner,1633.0,1,25.717480180097706,2,98.34698587217113
yasu,14,5,A_steiner,1633.0,1,25.717480180097706,2,98.34698587217113
yasu,14,6,B_incremental,1633.0,1,25.717480180097706,2,98.34698587217113
yasu,14,7,B_incremental,1633.0,1,25.717480180097706,2,98.34698587217113
yasu,14,8,B_incremental,1633.0,1,25.717480180097706,2,98.34698587217113
yasu,14,9,B_incremental,1633.0,1,25.717480180097706,2,98.34698587217113
yasu,14,10,B_incremental,1633.0,1,25.717480180097706,2,98.34698587217113
yasu,14,11,B_incremental,1633.0,1,25.717480180097706,2,98.34698587217113
yasu,15,0,A_steiner,480.0,1,312.35642614304965,2,120.74713735497357
yasu,15,1,A_steiner,480.0,1,312.35642614304965,2,120.74713735497357
yasu,15,2,A_steiner,480.0,1,312.35642614304965,2,120.74713735497357
yasu,15,3,A_steiner,480.0,1,312.35642614304965,2,120.74713735497357
yasu,15,4,A_steiner,480.0,1,312.35642614304965,2,120.74713735497357
yasu,15,5,A_steiner,480.0,1,312.35642614304965,2,120.74713735497357
yasu,15,6,B_incremental,480.0,1,312.35642614304965,2,120.74713735497357
yasu,15,7,B_incremental,480.0,1,312.35642614304965,2,120.74713735497357
yasu,15,8,B_incremental,480.0,1,312.35642614304965,2,120.74713735497357
yasu,15,9,B_incremental,480.0,1,312.35642614304965,2,120.74713735497357
yasu,15,10,B_incremental,480.0,1,312.35642614304965,2,120.74713735497357
yasu,15,11,B_incremental,480.0,1,312.35642614304965,2,120.74713735497357
yasu,16,0,A_steiner,1624.0,2,68.15022002457256,3,62.100055883252324
yasu,16,1,A_steiner,1624.0,2,68.15022002457256,3,62.100055883252324
yasu,16,2,A_steiner,1624.0,2,68.15022002457256,3,62.100055883252324
yasu,16,3,A_steiner,1624.0,2,68.15022002457256,3,62.100055883252324
yasu,16,4,A_steiner,1624.0,2,68.15022002457256,3,62.100055883252324
yasu,16,5,A_steiner,1624.0,2,68.15022002457256,3,62.100055883252324
yasu,16,6,B_incremental,1624.0,2,68.15022002457256,3,62.100055883252324
yasu,16,7,B_incremental,1624.0,2,68.15022002457256,3,62.100055883252324
yasu,16,8,B_incremental,1624.0,2,68.15022002457256,3,62.100055883252324
yasu,16,9,B_incremental,1624.0,2,68.15022002457256,3,62.100055883252324
yasu,16,10,B_incremental,1624.0,2,68.15022002457256,3,62.100055883252324
yasu,16,11,B_incremental,1624.0,2,68.15022002457256,3,62.100055883252324
yasu,17,0,A_steiner,1727.0,1,48.808939395776186,2,54.95743767033924
yasu,17,1,A_steiner,1727.0,1,48.808939395776186,2,54.95743767033924
yasu,17,2,A_steiner,1727.0,1,48.808939395776186,2,54.95743767033924
yasu,17,3,A_steiner,1727.0,1,48.808939395776186,2,54.95743767033924
yasu,17,4,A_steiner,1727.0,1,48.808939395776186,2,54.95743767033924
yasu,17,5,A_steiner,1727.0,1,48.808939395776186,2,54.95743767033924
yasu,17,6,B_incremental,1727.0,1,48.808939395776186,2,54.95743767033924
yasu,17,7,B_incremental,1727.0,1,48.808939395776186,2,54.95743767033924
yasu,17,8,B_incremental,1727.0,1,48.808939395776186,2,54.95743767033924
yasu,17,9,B_incremental,1727.0,1,48.808939395776186,2,54.95743767033924
yasu,17,10,B_incremental,1727.0,1,48.808939395776186,2,54.95743767033924
yasu,17,11,B_incremental,1727.0,1,48.808939395776186,2,54.95743767033924
yasu,19,0,A_steiner,1686.0,3,96.21906438897538,3,144.9718269449818
yasu,19,1,A_steiner,1686.0,3,96.21906438897538,3,144.9718269449818
yasu,19,2,A_steiner,1686.0,3,96.21906438897538,3,144.9718269449818
yasu,19,3,A_steiner,1686.0,3,96.21906438897538,3,144.9718269449818
yasu,19,4,A_steiner,1686.0,3,96.21906438897538,3,144.9718269449818
yasu,19,5,A_steiner,1686.0,3,96.21906438897538,3,144.9718269449818
yasu,19,6,B_incremental,1686.0,3,96.21906438897537,3,144.9718269449818
yasu,19,7,B_incremental,1686.0,3,96.21906438897537,3,144.9718269449818
yasu,19,8,B_incremental,1686.0,3,96.21906438897537,3,144.9718269449818
yasu,19,9,B_incremental,1686.0,3,96.21906438897537,3,144.9718269449818
yasu,19,10,B_incremental,1686.0,3,96.21906438897537,3,144.9718269449818
yasu,19,11,B_incremental,1686.0,3,96.21906438897537,3,144.9718269449818
yasu,20,0,A_steiner,323.0,3,176.45657757006592,3,126.9906611395039
yasu,20,1,A_steiner,323.0,3,176.45657757006592,3,126.9906611395039
yasu,20,2,A_steiner,323.0,3,176.45657757006592,3,126.9906611395039
yasu,20,3,A_steiner,323.0,3,176.45657757006592,3,126.9906611395039
yasu,20,4,A_steiner,323.0,3,176.45657757006592,3,126.9906611395039
yasu,20,5,A_steiner,323.0,3,176.45657757006592,3,126.9906611395039
yasu,20,6,B_incremental,323.0,3,176.45657757006592,3,126.9906611395039
yasu,20,7,B_incremental,323.0,3,176.45657757006592,3,126.9906611395039
yasu,20,8,B_incremental,323.0,3,176.45657757006592,3,126.9906611395039
yasu,20,9,B_incremental,323.0,3,176.45657757006592,3,126.9906611395039
yasu,20,10,B_incremental,323.0,3,176.45657757006592,3,126.9906611395039
yasu,20,11,B_incremental,323.0,3,176.45657757006592,3,126.9906611395039
yasu,21,0,A_steiner,2098.0,2,313.2352018555689,2,73.68212666524624
yasu,21,1,A_steiner,2098.0,2,313.2352018555689,2,73.68212666524624
yasu,21,2,A_steiner,2098.0,2,313.2352018555689,2,73.68212666524624
yasu,21,3,A_steiner,2098.0,2,313.2352018555689,2,73.68212666524624
yasu,21,4,A_steiner,2098.0,2,313.2352018555689,2,73.68212666524624
yasu,21,5,A_steiner,2098.0,2,313.2352018555689,2,73.68212666524624
yasu,21,6,B_incremental,2098.0,2,313.2352018555689,2,73.68212666524624
yasu,21,7,B_incremental,2098.0,2,313.2352018555689,2,73.68212666524624
yasu,21,8,B_incremental,2098.0,2,313.2352018555689,2,73.68212666524624
yasu,21,9,B_incremental,2098.0,2,313.2352018555689,2,73.68212666524624
yasu,21,10,B_incremental,2098.0,2,313.2352018555689,2,73.68212666524624
yasu,21,11,B_incremental,2098.0,2,313.2352018555689,2,73.68212666524624
yasu,22,0,A_steiner,1655.0,3,77.24047759943295,4,113.03733744737487
yasu,22,1,A_steiner,1655.0,3,77.24047759943295,4,113.03733744737487
yasu,22,2,A_steiner,1655.0,3,77.24047759943295,4,113.03733744737487
yasu,22,3,A_steiner,1655.0,3,77.24047759943295,4,113.03733744737487
yasu,22,4,A_steiner,1655.0,3,77.24047759943295,4,113.03733744737487
yasu,22,5,A_steiner,1655.0,3,77.24047759943295,4,113.03733744737487
yasu,22,6,B_incremental,1655.0,3,77.24047759943295,4,113.03733744737487
yasu,22,7,B_incremental,1655.0,3,77.24047759943295,4,113.03733744737487
yasu,22,8,B_incremental,1655.0,3,77.24047759943295,4,113.03733744737487
yasu,22,9,B_incremental,1655.0,3,77.24047759943295,4,113.03733744737487
yasu,22,10,B_incremental,1655.0,3,77.24047759943295,4,113.03733744737487
yasu,22,11,B_incremental,1655.0,3,77.24047759943295,4,113.03733744737487
yasu,23,0,A_steiner,462.0,2,64.19527249101371,3,76.44146816549164
yasu,23,1,A_steiner,462.0,2,64.19527249101371,3,76.44146816549164
yasu,23,2,A_steiner,462.0,2,64.19527249101371,3,76.44146816549164
yasu,23,3,A_steiner,462.0,2,64.19527249101371,3,76.44146816549164
yasu,23,4,A_steiner,462.0,2,64.19527249101371,3,76.44146816549164
yasu,23,5,A_steiner,462.0,2,64.19527249101371,3,76.44146816549164
yasu,23,6,B_incremental,462.0,2,64.19527249101371,3,76.44146816549164
yasu,23,7,B_incremental,462.0,2,64.19527249101371,3,76.44146816549164
yasu,23,8,B_incremental,462.0,2,64.19527249101371,3,76.44146816549164
yasu,23,9,B_incremental,462.0,2,64.19527249101371,3,76.44146816549164
yasu,23,10,B_incremental,462.0,2,64.19527249101371,3,76.44146816549164
yasu,23,11,B_incremental,462.0,2,64.19527249101371,3,76.44146816549164
yasu,24,0,A_steiner,432.0,4,619.4261811565692,2,68.56806683033648
yasu,24,1,A_steiner,432.0,4,619.4261811565692,2,68.56806683033648
yasu,24,2,A_steiner,432.0,4,619.4261811565692,2,68.56806683033648
yasu,24,3,A_steiner,432.0,4,619.4261811565692,2,68.56806683033648
yasu,24,4,A_steiner,432.0,4,619.4261811565692,2,68.56806683033648
yasu,24,5,A_steiner,432.0,4,619.4261811565692,2,68.56806683033648
yasu,24,6,B_incremental,432.0,4,619.4261811565692,2,68.56806683033648
yasu,24,7,B_incremental,432.0,4,619.4261811565692,2,68.56806683033648
yasu,24,8,B_incremental,432.0,4,619.4261811565692,2,68.56806683033648
yasu,24,9,B_incremental,432.0,4,619.4261811565692,2,68.56806683033648
yasu,24,10,B_incremental,432.0,4,619.4261811565692,2,68.56806683033648
yasu,24,11,B_incremental,432.0,4,619.4261811565692,2,68.56806683033648
yasu,25,0,A_steiner,478.0,1,23.325526680006867,2,32.04729158824169
yasu,25,1,A_steiner,478.0,1,23.325526680006867,2,32.04729158824169
yasu,25,2,A_steiner,478.0,1,23.325526680006867,2,32.04729158824169
yasu,25,3,A_steiner,478.0,1,23.325526680006867,2,32.04729158824169
yasu,25,4,A_steiner,478.0,1,23.325526680006867,2,32.04729158824169
yasu,25,5,A_steiner,478.0,1,23.325526680006867,2,32.04729158824169
yasu,25,6,B_incremental,478.0,1,23.325526680006867,2,32.04729158824169
yasu,25,7,B_incremental,478.0,1,23.325526680006867,2,32.04729158824169
yasu,25,8,B_incremental,478.0,1,23.325526680006867,2,32.04729158824169
yasu,25,9,B_incremental,478.0,1,23.325526680006867,2,32.04729158824169
yasu,25,10,B_incremental,478.0,1,23.325526680006867,2,32.04729158824169
yasu,25,11,B_incremental,478.0,1,23.325526680006867,2,32.04729158824169
yasu,26,0,A_steiner,1841.0,5,104.19990077331286,6,160.9503058294434
yasu,26,1,A_steiner,1841.0,5,104.19990077331286,6,160.9503058294434
yasu,26,2,A_steiner,1841.0,5,104.19990077331286,6,160.9503058294434
yasu,26,3,A_steiner,1841.0,5,104.19990077331286,6,160.9503058294434
yasu,26,4,A_steiner,1841.0,5,104.19990077331286,6,160.9503058294434
yasu,26,5,A_steiner,1841.0,5,104.19990077331286,6,160.9503058294434
yasu,26,6,B_incremental,1841.0,5,106.28633214682347,6,160.9503058294434
yasu,26,7,B_incremental,1841.0,5,104.19990077331286,6,160.9503058294434
yasu,26,8,B_incremental,1841.0,5,104.19990077331288,6,160.9503058294434
yasu,26,9,B_incremental,1841.0,5,106.28633214682348,6,160.9503058294434
yasu,26,10,B_incremental,1841.0,5,106.28633214682347,6,160.9503058294434
yasu,26,11,B_incremental,1841.0,5,104.19990077331288,6,160.9503058294434
yasu,28,0,A_steiner,2488.0,5,311.90798099121366,4,210.32982103654547
yasu,28,1,A_steiner,2488.0,5,311.90798099121366,4,210.32982103654547
yasu,28,2,A_steiner,2488.0,5,311.90798099121366,4,210.32982103654547
yasu,28,3,A_steiner,2488.0,5,311.90798099121366,4,210.32982103654547
yasu,28,4,A_steiner,2488.0,5,311.90798099121366,4,210.32982103654547
yasu,28,5,A_steiner,2488.0,5,311.90798099121366,4,210.32982103654547
yasu,28,6,B_incremental,2488.0,5,311.90798099121366,4,210.32982103654547
yasu,28,7,B_incremental,2488.0,5,311.90798099121366,4,210.32982103654547
yasu,28,8,B_incremental,2488.0,5,311.90798099121366,4,210.32982103654547
yasu,28,9,B_incremental,2488.0,5,311.90798099121366,4,210.32982103654547
yasu,28,10,B_incremental,2488.0,5,311.90798099121366,4,210.32982103654547
yasu,28,11,B_incremental,2488.0,5,311.90798099121366,4,210.32982103654547
yasu,31,0,A_steiner,1444.0,2,66.01321562293683,3,143.54605506623014
yasu,31,1,A_steiner,1444.0,2,66.01321562293683,3,143.54605506623014
yasu,31,2,A_steiner,1444.0,2,66.01321562293683,3,143.54605506623014
yasu,31,3,A_steiner,1444.0,2,66.01321562293683,3,143.54605506623014
yasu,31,4,A_steiner,1444.0,2,66.01321562293683,3,143.54605506623014
yasu,31,5,A_steiner,1444.0,2,66.01321562293683,3,143.54605506623014
yasu,31,6,B_incremental,1444.0,2,66.01321562293683,3,143.54605506623014
yasu,31,7,B_incremental,1444.0,2,66.01321562293683,3,143.54605506623014
yasu,31,8,B_incremental,1444.0,2,66.01321562293683,3,143.54605506623014
yasu,31,9,B_incremental,1444.0,2,66.01321562293683,3,143.54605506623014
yasu,31,10,B_incremental,1444.0,2,66.01321562293683,3,143.54605506623014
yasu,31,11,B_incremental,1444.0,2,66.01321562293683,3,143.54605506623014
yasu,32,0,A_steiner,2482.0,3,211.0431314594823,3,221.92231235396662
yasu,32,1,A_steiner,2482.0,3,211.0431314594823,3,221.92231235396662
yasu,32,2,A_steiner,2482.0,3,211.0431314594823,3,221.92231235396662
yasu,32,3,A_steiner,2482.0,3,211.0431314594823,3,221.92231235396662
yasu,32,4,A_steiner,2482.0,3,211.0431314594823,3,221.92231235396662
yasu,32,5,A_steiner,2482.0,3,211.0431314594823,3,221.92231235396662
yasu,32,6,B_incremental,2482.0,3,211.0431314594823,3,221.92231235396662
yasu,32,7,B_incremental,2482.0,3,211.0431314594823,3,221.92231235396662
yasu,32,8,B_incremental,2482.0,3,211.0431314594823,3,221.92231235396662
yasu,32,9,B_incremental,2482.0,3,211.0431314594823,3,221.92231235396662
yasu,32,10,B_incremental,2482.0,3,211.0431314594823,3,221.92231235396662
yasu,32,11,B_incremental,2482.0,3,211.0431314594823,3,221.92231235396662
yasu,33,0,A_steiner,1437.0,4,159.80137294124432,5,143.82399617017506
yasu,33,1,A_steiner,1437.0,4,159.80137294124432,5,143.82399617017506
yasu,33,2,A_steiner,1437.0,4,159.80137294124432,5,143.82399617017506
yasu,33,3,A_steiner,1437.0,4,159.80137294124432,5,143.82399617017506
yasu,33,4,A_steiner,1437.0,4,159.80137294124432,5,143.82399617017506
yasu,33,5,A_steiner,1437.0,4,159.80137294124432,5,143.82399617017506
yasu,33,6,B_incremental,1437.0,4,159.80137294124432,5,143.82399617017506
yasu,33,7,B_incremental,1437.0,4,159.80137294124432,5,143.82399617017506
yasu,33,8,B_incremental,1437.0,4,159.80137294124432,5,143.82399617017506
yasu,33,9,B_incremental,1437.0,4,159.80137294124432,5,143.82399617017506
yasu,33,10,B_incremental,1437.0,4,159.80137294124432,5,143.82399617017506
yasu,33,11,B_incremental,1437.0,4,159.80137294124432,5,143.82399617017506
yasu,34,0,A_steiner,565.0,5,294.85295854952415,5,174.37618476031565
yasu,34,1,A_steiner,565.0,5,294.85295854952415,5,174.37618476031565
yasu,34,2,A_steiner,565.0,5,294.85295854952415,5,174.37618476031565
yasu,34,3,A_steiner,565.0,5,294.85295854952415,5,174.37618476031565
yasu,34,4,A_steiner,565.0,5,294.85295854952415,5,174.37618476031565
yasu,34,5,A_steiner,565.0,5,294.85295854952415,5,174.37618476031565
yasu,34,6,B_incremental,565.0,5,294.85295854952415,5,174.37618476031565
yasu,34,7,B_incremental,565.0,5,294.85295854952415,5,174.37618476031565
yasu,34,8,B_incremental,565.0,5,294.8529585495241,5,174.37618476031565
yasu,34,9,B_incremental,565.0,5,294.85295854952415,5,174.37618476031565
yasu,34,10,B_incremental,565.0,5,294.8529585495241,5,174.37618476031565
yasu,34,11,B_incremental,565.0,5,294.8529585495241,5,174.37618476031565
yasu,36,0,A_steiner,574.0,3,285.7791123433248,2,37.34442310642473
yasu,36,1,A_steiner,574.0,3,285.7791123433248,2,37.34442310642473
yasu,36,2,A_steiner,574.0,3,285.7791123433248,2,37.34442310642473
yasu,36,3,A_steiner,574.0,3,285.7791123433248,2,37.34442310642473
yasu,36,4,A_steiner,574.0,3,285.7791123433248,2,37.34442310642473
yasu,36,5,A_steiner,574.0,3,285.7791123433248,2,37.34442310642473
yasu,36,6,B_incremental,574.0,3,285.7791123433248,2,37.34442310642473
yasu,36,7,B_incremental,574.0,3,285.7791123433248,2,37.34442310642473
yasu,36,8,B_incremental,574.0,3,285.7791123433248,2,37.34442310642473
yasu,36,9,B_incremental,574.0,3,285.7791123433248,2,37.34442310642473
yasu,36,10,B_incremental,574.0,3,285.7791123433248,2,37.34442310642473
yasu,36,11,B_incremental,574.0,3,285.7791123433248,2,37.34442310642473
yasu,37,0,A_steiner,456.0,2,77.51297320779828,3,76.0101660028757
yasu,37,1,A_steiner,456.0,2,77.51297320779828,3,76.0101660028757
yasu,37,2,A_steiner,456.0,2,77.51297320779828,3,76.0101660028757
yasu,37,3,A_steiner,456.0,2,77.51297320779828,3,76.0101660028757
yasu,37,4,A_steiner,456.0,2,77.51297320779828,3,76.0101660028757
yasu,37,5,A_steiner,456.0,2,77.51297320779828,3,76.0101660028757
yasu,37,6,B_incremental,456.0,2,77.51297320779828,3,76.0101660028757
yasu,37,7,B_incremental,456.0,2,77.51297320779828,3,76.0101660028757
yasu,37,8,B_incremental,456.0,2,77.51297320779828,3,76.0101660028757
yasu,37,9,B_incremental,456.0,2,77.51297320779828,3,76.0101660028757
yasu,37,10,B_incremental,456.0,2,77.51297320779828,3,76.0101660028757
yasu,37,11,B_incremental,456.0,2,77.51297320779828,3,76.0101660028757
yasu,39,0,A_steiner,1645.0,3,87.19438995452134,4,57.125982560720765
yasu,39,1,A_steiner,1645.0,3,87.19438995452134,4,57.125982560720765
yasu,39,2,A_steiner,1645.0,3,87.19438995452134,4,57.125982560720765
yasu,39,3,A_steiner,1645.0,3,87.19438995452134,4,57.125982560720765
yasu,39,4,A_steiner,1645.0,3,87.19438995452134,4,57.125982560720765
yasu,39,5,A_steiner,1645.0,3,87.19438995452134,4,57.125982560720765
yasu,39,6,B_incremental,1645.0,3,87.19438995452134,4,57.125982560720765
yasu,39,7,B_incremental,1645.0,3,87.19438995452134,4,57.125982560720765
yasu,39,8,B_incremental,1645.0,3,87.19438995452134,4,57.125982560720765
yasu,39,9,B_incremental,1645.0,3,87.19438995452134,4,57.125982560720765
yasu,39,10,B_incremental,1645.0,3,87.19438995452134,4,57.125982560720765
yasu,39,11,B_incremental,1645.0,3,87.19438995452134,4,57.125982560720765
yasu,40,0,A_steiner,1432.0,2,74.71379994415071,3,142.8155891137714
yasu,40,1,A_steiner,1432.0,2,74.71379994415071,3,142.8155891137714
yasu,40,2,A_steiner,1432.0,2,74.71379994415071,3,142.8155891137714
yasu,40,3,A_steiner,1432.0,2,74.71379994415071,3,142.8155891137714
yasu,40,4,A_steiner,1432.0,2,74.71379994415071,3,142.8155891137714
yasu,40,5,A_steiner,1432.0,2,74.71379994415071,3,142.8155891137714
yasu,40,6,B_incremental,1432.0,2,74.71379994415071,3,142.8155891137714
yasu,40,7,B_incremental,1432.0,2,74.71379994415071,3,142.8155891137714
yasu,40,8,B_incremental,1432.0,2,74.71379994415071,3,142.8155891137714
yasu,40,9,B_incremental,1432.0,2,74.71379994415071,3,142.8155891137714
yasu,40,10,B_incremental,1432.0,2,74.71379994415071,3,142.8155891137714
yasu,40,11,B_incremental,1432.0,2,74.71379994415071,3,142.8155891137714
yasu,41,0,A_steiner,1639.0,3,80.09382729270303,4,64.24519473592345
yasu,41,1,A_steiner,1639.0,3,80.09382729270303,4,64.24519473592345
yasu,41,2,A_steiner,1639.0,3,80.09382729270303,4,64.24519473592345
yasu,41,3,A_steiner,1639.0,3,80.09382729270303,4,64.24519473592345
yasu,41,4,A_steiner,1639.0,3,80.09382729270303,4,64.24519473592345
yasu,41,5,A_steiner,1639.0,3,80.09382729270303,4,64.24519473592345
yasu,41,6,B_incremental,1639.0,3,80.09382729270303,4,64.24519473592345
yasu,41,7,B_incremental,1639.0,3,80.09382729270303,4,64.24519473592345
yasu,41,8,B_incremental,1639.0,3,80.09382729270303,4,64.24519473592345
yasu,41,9,B_incremental,1639.0,3,80.09382729270303,4,64.24519473592345
yasu,41,10,B_incremental,1639.0,3,80.09382729270303,4,64.24519473592345
yasu,41,11,B_incremental,1639.0,3,80.09382729270303,4,64.24519473592345
yasu,42,0,A_steiner,1648.0,3,115.5666107518567,4,109.21264020111136
yasu,42,1,A_steiner,1648.0,3,115.5666107518567,4,109.21264020111136
yasu,42,2,A_steiner,1648.0,3,115.5666107518567,4,109.21264020111136
yasu,42,3,A_steiner,1648.0,3,115.5666107518567,4,109.21264020111136
yasu,42,4,A_steiner,1648.0,3,115.5666107518567,4,109.21264020111136
yasu,42,5,A_steiner,1648.0,3,115.5666107518567,4,109.21264020111136
yasu,42,6,B_incremental,1648.0,3,115.5666107518567,4,109.21264020111136
yasu,42,7,B_incremental,1648.0,3,115.5666107518567,4,109.21264020111136
yasu,42,8,B_incremental,1648.0,3,115.5666107518567,4,109.21264020111136
yasu,42,9,B_incremental,1648.0,3,115.5666107518567,4,109.21264020111136
yasu,42,10,B_incremental,1648.0,3,115.5666107518567,4,109.21264020111136
yasu,42,11,B_incremental,1648.0,3,115.5666107518567,4,109.21264020111136
yasu,43,0,A_steiner,1618.0,2,52.74949620779469,3,34.52483143894209
yasu,43,1,A_steiner,1618.0,2,52.74949620779469,3,34.52483143894209
yasu,43,2,A_steiner,1618.0,2,52.74949620779469,3,34.52483143894209
yasu,43,3,A_steiner,1618.0,2,52.74949620779469,3,34.52483143894209
yasu,43,4,A_steiner,1618.0,2,52.74949620779469,3,34.52483143894209
yasu,43,5,A_steiner,1618.0,2,52.74949620779469,3,34.52483143894209
yasu,43,6,B_incremental,1618.0,2,52.74949620779469,3,34.52483143894209
yasu,43,7,B_incremental,1618.0,2,52.74949620779469,3,34.52483143894209
yasu,43,8,B_incremental,1618.0,2,52.74949620779469,3,34.52483143894209
yasu,43,9,B_incremental,1618.0,2,52.74949620779469,3,34.52483143894209
yasu,43,10,B_incremental,1618.0,2,52.74949620779469,3,34.52483143894209
yasu,43,11,B_incremental,1618.0,2,52.74949620779469,3,34.52483143894209
yasu,44,0,A_steiner,1361.0,3,149.15171883990473,3,109.11458609240702
yasu,44,1,A_steiner,1361.0,3,149.15171883990473,3,109.11458609240702
yasu,44,2,A_steiner,1361.0,3,149.15171883990473,3,109.11458609240702
yasu,44,3,A_steiner,1361.0,3,149.15171883990473,3,109.11458609240702
yasu,44,4,A_steiner,1361.0,3,149.15171883990473,3,109.11458609240702
yasu,44,5,A_steiner,1361.0,3,149.15171883990473,3,109.11458609240702
yasu,44,6,B_incremental,1361.0,3,149.15171883990473,3,109.11458609240702
yasu,44,7,B_incremental,1361.0,3,149.15171883990473,3,109.11458609240702
yasu,44,8,B_incremental,1361.0,3,149.15171883990473,3,109.11458609240702
yasu,44,9,B_incremental,1361.0,3,149.15171883990473,3,109.11458609240702
yasu,44,10,B_incremental,1361.0,3,149.15171883990473,3,109.11458609240702
yasu,44,11,B_incremental,1361.0,3,149.15171883990473,3,109.11458609240702
yasu,45,0,A_steiner,347.0,1,84.39343755453636,2,95.07939749624924
yasu,45,1,A_steiner,347.0,1,84.39343755453636,2,95.07939749624924
yasu,45,2,A_steiner,347.0,1,84.39343755453636,2,95.07939749624924
yasu,45,3,A_steiner,347.0,1,84.39343755453636,2,95.07939749624924
yasu,45,4,A_steiner,347.0,1,84.39343755453636,2,95.07939749624924
yasu,45,5,A_steiner,347.0,1,84.39343755453636,2,95.07939749624924
yasu,45,6,B_incremental,347.0,1,84.39343755453636,2,95.07939749624924
yasu,45,7,B_incremental,347.0,1,84.39343755453636,2,95.07939749624924
yasu,45,8,B_incremental,347.0,1,84.39343755453636,2,95.07939749624924
yasu,45,9,B_incremental,347.0,1,84.39343755453636,2,95.07939749624924
yasu,45,10,B_incremental,347.0,1,84.39343755453636,2,95.07939749624924
yasu,45,11,B_incremental,347.0,1,84.39343755453636,2,95.07939749624924
yasu,46,0,A_steiner,1433.0,4,101.11810908361191,5,136.2091400589494
yasu,46,1,A_steiner,1433.0,4,101.11810908361191,5,136.2091400589494
yasu,46,2,A_steiner,1433.0,4,101.11810908361191,5,136.2091400589494
yasu,46,3,A_steiner,1433.0,4,101.11810908361191,5,136.2091400589494
yasu,46,4,A_steiner,1433.0,4,101.11810908361191,5,136.2091400589494
yasu,46,5,A_steiner,1433.0,4,101.11810908361191,5,136.2091400589494
yasu,46,6,B_incremental,1433.0,4,101.11810908361191,5,136.2091400589494
yasu,46,7,B_incremental,1433.0,4,101.1181090836119,5,136.2091400589494
yasu,46,8,B_incremental,1433.0,4,101.1181090836119,5,136.2091400589494
yasu,46,9,B_incremental,1433.0,4,101.11810908361191,5,136.2091400589494
yasu,46,10,B_incremental,1433.0,4,101.11810908361191,5,136.2091400589494
yasu,46,11,B_incremental,1433.0,4,101.1181090836119,5,136.2091400589494
yasu,47,0,A_steiner,1424.0,3,119.98627543997677,4,197.82680432124397
yasu,47,1,A_steiner,1424.0,3,119.98627543997677,4,197.82680432124397
yasu,47,2,A_steiner,1424.0,3,119.98627543997677,4,197.82680432124397
yasu,47,3,A_steiner,1424.0,3,119.98627543997677,4,197.82680432124397
yasu,47,4,A_steiner,1424.0,3,119.98627543997677,4,197.82680432124397
yasu,47,5,A_steiner,1424.0,3,119.98627543997677,4,197.82680432124397
yasu,47,6,B_incremental,1424.0,3,119.98627543997677,4,197.82680432124397
yasu,47,7,B_incremental,1424.0,3,119.98627543997675,4,197.82680432124397
yasu,47,8,B_incremental,1424.0,3,119.98627543997675,4,197.82680432124397
yasu,47,9,B_incremental,1424.0,3,119.98627543997675,4,197.82680432124397
yasu,47,10,B_incremental,1424.0,3,119.98627543997675,4,197.82680432124397
yasu,47,11,B_incremental,1424.0,3,119.98627543997675,4,197.82680432124397
yasu,48,0,A_steiner,547.0,4,155.27441082980712,5,209.88785096955695
yasu,48,1,A_steiner,547.0,4,155.27441082980712,5,209.88785096955695
yasu,48,2,A_steiner,547.0,4,155.27441082980712,5,209.88785096955695
yasu,48,3,A_steiner,547.0,4,155.27441082980712,5,209.88785096955695
yasu,48,4,A_steiner,547.0,4,155.27441082980712,5,209.88785096955695
yasu,48,5,A_steiner,547.0,4,155.27441082980712,5,209.88785096955695
yasu,48,6,B_incremental,547.0,4,155.27441082980712,5,209.88785096955695
yasu,48,7,B_incremental,547.0,4,155.27441082980712,5,209.88785096955695
yasu,48,8,B_incremental,547.0,4,155.27441082980712,5,209.88785096955695
yasu,48,9,B_incremental,547.0,4,155.27441082980712,5,209.88785096955695
yasu,48,10,B_incremental,547.0,4,155.27441082980712,5,209.88785096955695
yasu,48,11,B_incremental,547.0,4,155.27441082980712,5,209.88785096955695
yasu,49,0,A_steiner,1429.0,1,38.6350968803852,2,71.80275371754998
yasu,49,1,A_steiner,1429.0,1,38.6350968803852,2,71.80275371754998
yasu,49,2,A_steiner,1429.0,1,38.6350968803852,2,71.80275371754998
yasu,49,3,A_steiner,1429.0,1,38.6350968803852,2,71.80275371754998
yasu,49,4,A_steiner,1429.0,1,38.6350968803852,2,71.80275371754998
yasu,49,5,A_steiner,1429.0,1,38.6350968803852,2,71.80275371754998
yasu,49,6,B_incremental,1429.0,1,38.6350968803852,2,71.80275371754998
yasu,49,7,B_incremental,1429.0,1,38.6350968803852,2,71.80275371754998
yasu,49,8,B_incremental,1429.0,1,38.6350968803852,2,71.80275371754998
yasu,49,9,B_incremental,1429.0,1,38.6350968803852,2,71.80275371754998
yasu,49,10,B_incremental,1429.0,1,38.6350968803852,2,71.80275371754998
yasu,49,11,B_incremental,1429.0,1,38.6350968803852,2,71.80275371754998
yasu,50,0,A_steiner,523.0,3,160.13733740601862,4,179.24209640390154
yasu,50,1,A_steiner,523.0,3,160.13733740601862,4,179.24209640390154
yasu,50,2,A_steiner,523.0,3,160.13733740601862,4,179.24209640390154
yasu,50,3,A_steiner,523.0,3,160.13733740601862,4,179.24209640390154
yasu,50,4,A_steiner,523.0,3,160.13733740601862,4,179.24209640390154
yasu,50,5,A_steiner,523.0,3,160.13733740601862,4,179.24209640390154
yasu,50,6,B_incremental,523.0,3,160.13733740601862,4,179.24209640390154
yasu,50,7,B_incremental,523.0,3,160.13733740601862,4,179.24209640390154
yasu,50,8,B_incremental,523.0,3,160.13733740601862,4,179.24209640390154
yasu,50,9,B_incremental,523.0,3,160.13733740601862,4,179.24209640390154
yasu,50,10,B_incremental,523.0,3,160.13733740601862,4,179.24209640390154
yasu,50,11,B_incremental,523.0,3,160.13733740601862,4,179.24209640390154
yasu,51,0,A_steiner,1631.0,1,27.364920966192383,2,85.73567873222746
yasu,51,1,A_steiner,1631.0,1,27.364920966192383,2,85.73567873222746
yasu,51,2,A_steiner,1631.0,1,27.364920966192383,2,85.73567873222746
yasu,51,3,A_steiner,1631.0,1,27.364920966192383,2,85.73567873222746
yasu,51,4,A_steiner,1631.0,1,27.364920966192383,2,85.73567873222746
yasu,51,5,A_steiner,1631.0,1,27.364920966192383,2,85.73567873222746
yasu,51,6,B_incremental,1631.0,1,27.364920966192383,2,85.73567873222746
yasu,51,7,B_incremental,1631.0,1,27.364920966192383,2,85.73567873222746
yasu,51,8,B_incremental,1631.0,1,27.364920966192383,2,85.73567873222746
yasu,51,9,B_incremental,1631.0,1,27.364920966192383,2,85.73567873222746
yasu,51,10,B_incremental,1631.0,1,27.364920966192383,2,85.73567873222746
yasu,51,11,B_incremental,1631.0,1,27.364920966192383,2,85.73567873222746
yasu,53,0,A_steiner,1646.0,2,56.122529382600135,3,126.09576896675154
yasu,53,1,A_steiner,1646.0,2,56.122529382600135,3,126.09576896675154
yasu,53,2,A_steiner,1646.0,2,56.122529382600135,3,126.09576896675154
yasu,53,3,A_steiner,1646.0,2,56.122529382600135,3,126.09576896675154
yasu,53,4,A_steiner,1646.0,2,56.122529382600135,3,126.09576896675154
yasu,53,5,A_steiner,1646.0,2,56.122529382600135,3,126.09576896675154
yasu,53,6,B_incremental,1646.0,2,56.122529382600135,3,126.09576896675154
yasu,53,7,B_incremental,1646.0,2,56.122529382600135,3,126.09576896675154
yasu,53,8,B_incremental,1646.0,2,56.122529382600135,3,126.09576896675154
yasu,53,9,B_incremental,1646.0,2,56.122529382600135,3,126.09576896675154
yasu,53,10,B_incremental,1646.0,2,56.122529382600135,3,126.09576896675154
yasu,53,11,B_incremental,1646.0,2,56.122529382600135,3,126.09576896675154
yasu,54,0,A_steiner,1452.0,1,184.47538858896672,2,154.3472149348442
yasu,54,1,A_steiner,1452.0,1,184.47538858896672,2,154.3472149348442
yasu,54,2,A_steiner,1452.0,1,184.47538858896672,2,154.3472149348442
yasu,54,3,A_steiner,1452.0,1,184.47538858896672,2,154.3472149348442
yasu,54,4,A_steiner,1452.0,1,184.47538858896672,2,154.3472149348442
yasu,54,5,A_steiner,1452.0,1,184.47538858896672,2,154.3472149348442
yasu,54,6,B_incremental,1452.0,1,184.47538858896672,2,154.3472149348442
yasu,54,7,B_incremental,1452.0,1,184.47538858896672,2,154.3472149348442
yasu,54,8,B_incremental,1452.0,1,184.47538858896672,2,154.3472149348442
yasu,54,9,B_incremental,1452.0,1,184.47538858896672,2,154.3472149348442
yasu,54,10,B_incremental,1452.0,1,184.47538858896672,2,154.3472149348442
yasu,54,11,B_incremental,1452.0,1,184.47538858896672,2,154.3472149348442
yasu,55,0,A_steiner,2630.0,5,266.18586754590797,3,172.63020648970956
yasu,55,1,A_steiner,2630.0,5,266.18586754590797,3,172.63020648970956
yasu,55,2,A_steiner,2630.0,5,266.18586754590797,3,172.63020648970956
yasu,55,3,A_steiner,2630.0,5,266.18586754590797,3,172.63020648970956
yasu,55,4,A_steiner,2630.0,5,266.18586754590797,3,172.63020648970956
yasu,55,5,A_steiner,2630.0,5,266.18586754590797,3,172.63020648970956
yasu,55,6,B_incremental,2630.0,5,266.18586754590797,3,172.63020648970956
yasu,55,7,B_incremental,2630.0,5,266.18586754590797,3,172.63020648970956
yasu,55,8,B_incremental,2630.0,5,266.18586754590797,3,172.63020648970956
yasu,55,9,B_incremental,2630.0,5,266.18586754590797,3,172.63020648970956
yasu,55,10,B_incremental,2630.0,5,266.18586754590797,3,172.63020648970956
yasu,55,11,B_incremental,2630.0,5,266.18586754590797,3,172.63020648970956
yasu,56,0,A_steiner,2285.0,3,240.67987341617624,4,174.8239329245337
yasu,56,1,A_steiner,2285.0,3,240.67987341617624,4,174.8239329245337
yasu,56,2,A_steiner,2285.0,3,240.67987341617624,4,174.8239329245337
yasu,56,3,A_steiner,2285.0,3,240.67987341617624,4,174.8239329245337
yasu,56,4,A_steiner,2285.0,3,240.67987341617624,4,174.8239329245337
yasu,56,5,A_steiner,2285.0,3,240.67987341617624,4,174.8239329245337
yasu,56,6,B_incremental,2285.0,3,240.67987341617624,4,174.8239329245337
yasu,56,7,B_incremental,2285.0,3,240.67987341617624,4,174.8239329245337
yasu,56,8,B_incremental,2285.0,3,240.67987341617624,4,174.8239329245337
yasu,56,9,B_incremental,2285.0,3,240.67987341617624,4,174.8239329245337
yasu,56,10,B_incremental,2285.0,3,240.67987341617624,4,174.8239329245337
yasu,56,11,B_incremental,2285.0,3,240.67987341617624,4,174.8239329245337
yasu,57,0,A_steiner,414.0,3,116.32886618161211,4,115.07309751641145
yasu,57,1,A_steiner,414.0,3,116.32886618161211,4,115.07309751641145
yasu,57,2,A_steiner,414.0,3,116.32886618161211,4,115.07309751641145
yasu,57,3,A_steiner,414.0,3,116.32886618161211,4,115.07309751641145
yasu,57,4,A_steiner,414.0,3,116.32886618161211,4,115.07309751641145
yasu,57,5,A_steiner,414.0,3,116.32886618161211,4,115.07309751641145
yasu,57,6,B_incremental,414.0,3,116.32886618161211,4,115.07309751641145
yasu,57,7,B_incremental,414.0,3,116.32886618161213,4,115.07309751641145
yasu,57,8,B_incremental,414.0,3,116.32886618161211,4,115.07309751641145
yasu,57,9,B_incremental,414.0,3,116.32886618161213,4,115.07309751641145
yasu,57,10,B_incremental,414.0,3,116.32886618161211,4,115.07309751641145
yasu,57,11,B_incremental,414.0,3,116.32886618161214,4,115.07309751641145
yasu,58,0,A_steiner,1836.0,1,25.299796503262023,2,37.97038967207109
yasu,58,1,A_steiner,1836.0,1,25.299796503262023,2,37.97038967207109
yasu,58,2,A_steiner,1836.0,1,25.299796503262023,2,37.97038967207109
yasu,58,3,A_steiner,1836.0,1,25.299796503262023,2,37.97038967207109
yasu,58,4,A_steiner,1836.0,1,25.299796503262023,2,37.97038967207109
yasu,58,5,A_steiner,1836.0,1,25.299796503262023,2,37.97038967207109
yasu,58,6,B_incremental,1836.0,1,25.299796503262023,2,37.97038967207109
yasu,58,7,B_incremental,1836.0,1,25.299796503262023,2,37.97038967207109
yasu,58,8,B_incremental,1836.0,1,25.299796503262023,2,37.97038967207109
yasu,58,9,B_incremental,1836.0,1,25.299796503262023,2,37.97038967207109
yasu,58,10,B_incremental,1836.0,1,25.299796503262023,2,37.97038967207109
yasu,58,11,B_incremental,1836.0,1,25.299796503262023,2,37.97038967207109
yasu,59,0,A_steiner,1724.0,3,138.78057487936357,4,89.86650844903933
yasu,59,1,A_steiner,1724.0,3,138.78057487936357,4,89.86650844903933
yasu,59,2,A_steiner,1724.0,3,138.78057487936357,4,89.86650844903933
yasu,59,3,A_steiner,1724.0,3,138.78057487936357,4,89.86650844903933
yasu,59,4,A_steiner,1724.0,3,138.78057487936357,4,89.86650844903933
yasu,59,5,A_steiner,1724.0,3,138.78057487936357,4,89.86650844903933
yasu,59,6,B_incremental,1724.0,3,138.78057487936357,4,89.86650844903933
yasu,59,7,B_incremental,1724.0,3,138.78057487936357,4,89.86650844903933
yasu,59,8,B_incremental,1724.0,3,138.78057487936357,4,89.86650844903933
yasu,59,9,B_incremental,1724.0,3,138.78057487936357,4,89.86650844903933
yasu,59,10,B_incremental,1724.0,3,138.78057487936357,4,89.86650844903933
yasu,59,11,B_incremental,1724.0,3,138.78057487936357,4,89.86650844903933
yasu,60,0,A_steiner,558.0,1,40.60556618427617,2,37.336928479865094
yasu,60,1,A_steiner,558.0,1,40.60556618427617,2,37.336928479865094
yasu,60,2,A_steiner,558.0,1,40.60556618427617,2,37.336928479865094
yasu,60,3,A_steiner,558.0,1,40.60556618427617,2,37.336928479865094
yasu,60,4,A_steiner,558.0,1,40.60556618427617,2,37.336928479865094
yasu,60,5,A_steiner,558.0,1,40.60556618427617,2,37.336928479865094
yasu,60,6,B_incremental,558.0,1,40.60556618427617,2,37.336928479865094
yasu,60,7,B_incremental,558.0,1,40.60556618427617,2,37.336928479865094
yasu,60,8,B_incremental,558.0,1,40.60556618427617,2,37.336928479865094
yasu,60,9,B_incremental,558.0,1,40.60556618427617,2,37.336928479865094
yasu,60,10,B_incremental,558.0,1,40.60556618427617,2,37.336928479865094
yasu,60,11,B_incremental,558.0,1,40.60556618427617,2,37.336928479865094
yasu,61,0,A_steiner,1630.0,2,53.86604468125334,3,95.89027275941405
yasu,61,1,A_steiner,1630.0,2,53.86604468125334,3,95.89027275941405
yasu,61,2,A_steiner,1630.0,2,53.86604468125334,3,95.89027275941405
yasu,61,3,A_steiner,1630.0,2,53.86604468125334,3,95.89027275941405
yasu,61,4,A_steiner,1630.0,2,53.86604468125334,3,95.89027275941405
yasu,61,5,A_steiner,1630.0,2,53.86604468125334,3,95.89027275941405
yasu,61,6,B_incremental,1630.0,2,53.86604468125334,3,95.89027275941405
yasu,61,7,B_incremental,1630.0,2,53.86604468125334,3,95.89027275941405
yasu,61,8,B_incremental,1630.0,2,53.86604468125334,3,95.89027275941405
yasu,61,9,B_incremental,1630.0,2,53.86604468125334,3,95.89027275941405
yasu,61,10,B_incremental,1630.0,2,53.86604468125334,3,95.89027275941405
yasu,61,11,B_incremental,1630.0,2,53.86604468125334,3,95.89027275941405
yasu,62,0,A_steiner,1610.0,2,27.274174595586075,3,67.27701190813158
yasu,62,1,A_steiner,1610.0,2,27.274174595586075,3,67.27701190813158
yasu,62,2,A_steiner,1610.0,2,27.274174595586075,3,67.27701190813158
yasu,62,3,A_steiner,1610.0,2,27.274174595586075,3,67.27701190813158
yasu,62,4,A_steiner,1610.0,2,27.274174595586075,3,67.27701190813158
yasu,62,5,A_steiner,1610.0,2,27.274174595586075,3,67.27701190813158
yasu,62,6,B_incremental,1610.0,2,27.274174595586075,3,67.27701190813158
yasu,62,7,B_incremental,1610.0,2,27.274174595586075,3,67.27701190813158
yasu,62,8,B_incremental,1610.0,2,27.274174595586075,3,67.27701190813158
yasu,62,9,B_incremental,1610.0,2,27.274174595586075,3,67.27701190813158
yasu,62,10,B_incremental,1610.0,2,27.274174595586075,3,67.27701190813158
yasu,62,11,B_incremental,1610.0,2,27.274174595586075,3,67.27701190813158
yasu,63,0,A_steiner,225.0,2,39.19317143280443,3,114.29041936037373
yasu,63,1,A_steiner,225.0,2,39.19317143280443,3,114.29041936037373
yasu,63,2,A_steiner,225.0,2,39.19317143280443,3,114.29041936037373
yasu,63,3,A_steiner,225.0,2,39.19317143280443,3,114.29041936037373
yasu,63,4,A_steiner,225.0,2,39.19317143280443,3,114.29041936037373
yasu,63,5,A_steiner,225.0,2,39.19317143280443,3,114.29041936037373
yasu,63,6,B_incremental,225.0,2,39.19317143280443,3,114.29041936037373
yasu,63,7,B_incremental,225.0,2,39.19317143280443,3,114.29041936037373
yasu,63,8,B_incremental,225.0,2,39.19317143280443,3,114.29041936037373
yasu,63,9,B_incremental,225.0,2,39.19317143280443,3,114.29041936037373
yasu,63,10,B_incremental,225.0,2,39.19317143280443,3,114.29041936037373
yasu,63,11,B_incremental,225.0,2,39.19317143280443,3,114.29041936037373
yasu,65,0,A_steiner,1654.0,4,106.12230345928253,5,178.1381366376104
yasu,65,1,A_steiner,1654.0,4,106.12230345928253,5,178.1381366376104
yasu,65,2,A_steiner,1654.0,4,106.12230345928253,5,178.1381366376104
yasu,65,3,A_steiner,1654.0,4,106.12230345928253,5,178.1381366376104
yasu,65,4,A_steiner,1654.0,4,106.12230345928253,5,178.1381366376104
yasu,65,5,A_steiner,1654.0,4,106.12230345928253,5,178.1381366376104
yasu,65,6,B_incremental,1654.0,4,106.12230345928253,5,178.1381366376104
yasu,65,7,B_incremental,1654.0,4,106.12230345928253,5,178.1381366376104
yasu,65,8,B_incremental,1654.0,4,106.12230345928253,5,178.1381366376104
yasu,65,9,B_incremental,1654.0,4,106.12230345928253,5,178.1381366376104
yasu,65,10,B_incremental,1654.0,4,106.12230345928253,5,178.1381366376104
yasu,65,11,B_incremental,1654.0,4,106.12230345928253,5,178.1381366376104
yasu,67,0,A_steiner,1605.0,4,128.32624465946793,5,61.643889586446576
yasu,67,1,A_steiner,1605.0,4,128.32624465946793,5,61.643889586446576
yasu,67,2,A_steiner,1605.0,4,128.32624465946793,5,61.643889586446576
yasu,67,3,A_steiner,1605.0,4,128.32624465946793,5,61.643889586446576
yasu,67,4,A_steiner,1605.0,4,128.32624465946793,5,61.643889586446576
yasu,67,5,A_steiner,1605.0,4,128.32624465946793,5,61.643889586446576
yasu,67,6,B_incremental,1605.0,4,128.32624465946793,5,61.643889586446576
yasu,67,7,B_incremental,1605.0,4,128.32624465946793,5,61.643889586446576
yasu,67,8,B_incremental,1605.0,4,128.32624465946793,5,61.643889586446576
yasu,67,9,B_incremental,1605.0,4,128.32624465946793,5,61.643889586446576
yasu,67,10,B_incremental,1605.0,4,128.32624465946793,5,61.643889586446576
yasu,67,11,B_incremental,1605.0,4,128.32624465946793,5,61.643889586446576
yasu,68,0,A_steiner,1710.0,5,145.11329120515092,5,77.72962429177248
yasu,68,1,A_steiner,1710.0,5,145.11329120515092,5,77.72962429177248
yasu,68,2,A_steiner,1710.0,5,145.11329120515092,5,77.72962429177248
yasu,68,3,A_steiner,1710.0,5,145.11329120515092,5,77.72962429177248
yasu,68,4,A_steiner,1710.0,5,145.11329120515092,5,77.72962429177248
yasu,68,5,A_steiner,1710.0,5,145.11329120515092,5,77.72962429177248
yasu,68,6,B_incremental,1710.0,5,197.41212688573205,5,77.72962429177248
yasu,68,7,B_incremental,1710.0,5,197.41212688573202,5,77.72962429177248
yasu,68,8,B_incremental,1710.0,6,201.6133797561207,5,77.72962429177248
yasu,68,9,B_incremental,1710.0,5,197.41212688573205,5,77.72962429177248
yasu,68,10,B_incremental,1710.0,5,145.11329120515092,5,77.72962429177248
yasu,68,11,B_incremental,1710.0,5,197.41212688573202,5,77.72962429177248
yasu,69,0,A_steiner,2013.0,4,297.9820633611787,5,118.5597697950725
yasu,69,1,A_steiner,2013.0,4,297.9820633611787,5,118.5597697950725
yasu,69,2,A_steiner,2013.0,4,297.9820633611787,5,118.5597697950725
yasu,69,3,A_steiner,2013.0,4,297.9820633611787,5,118.5597697950725
yasu,69,4,A_steiner,2013.0,4,297.9820633611787,5,118.5597697950725
yasu,69,5,A_steiner,2013.0,4,297.9820633611787,5,118.5597697950725
yasu,69,6,B_incremental,2013.0,4,297.9820633611787,5,118.5597697950725
yasu,69,7,B_incremental,2013.0,5,310.901623324058,5,118.5597697950725
yasu,69,8,B_incremental,2013.0,4,297.98206336117875,5,118.5597697950725
yasu,69,9,B_incremental,2013.0,5,310.901623324058,5,118.5597697950725
yasu,69,10,B_incremental,2013.0,4,297.9820633611787,5,118.5597697950725
yasu,69,11,B_incremental,2013.0,4,297.98206336117875,5,118.5597697950725
yasu,71,0,A_steiner,1442.0,1,33.72488148763236,2,59.927866063575486
yasu,71,1,A_steiner,1442.0,1,33.72488148763236,2,59.927866063575486
yasu,71,2,A_steiner,1442.0,1,33.72488148763236,2,59.927866063575486
yasu,71,3,A_steiner,1442.0,1,33.72488148763236,2,59.927866063575486
yasu,71,4,A_steiner,1442.0,1,33.72488148763236,2,59.927866063575486
yasu,71,5,A_steiner,1442.0,1,33.72488148763236,2,59.927866063575486
yasu,71,6,B_incremental,1442.0,1,33.72488148763236,2,59.927866063575486
yasu,71,7,B_incremental,1442.0,1,33.72488148763236,2,59.927866063575486
yasu,71,8,B_incremental,1442.0,1,33.72488148763236,2,59.927866063575486
yasu,71,9,B_incremental,1442.0,1,33.72488148763236,2,59.927866063575486
yasu,71,10,B_incremental,1442.0,1,33.72488148763236,2,59.927866063575486
yasu,71,11,B_incremental,1442.0,1,33.72488148763236,2,59.927866063575486
yasu,73,0,A_steiner,587.0,1,113.202674001275,2,100.75175859192461
yasu,73,1,A_steiner,587.0,1,113.202674001275,2,100.75175859192461
yasu,73,2,A_steiner,587.0,1,113.202674001275,2,100.75175859192461
yasu,73,3,A_steiner,587.0,1,113.202674001275,2,100.75175859192461
yasu,73,4,A_steiner,587.0,1,113.202674001275,2,100.75175859192461
yasu,73,5,A_steiner,587.0,1,113.202674001275,2,100.75175859192461
yasu,73,6,B_incremental,587.0,1,113.202674001275,2,100.75175859192461
yasu,73,7,B_incremental,587.0,1,113.202674001275,2,100.75175859192461
yasu,73,8,B_incremental,587.0,1,113.202674001275,2,100.75175859192461
yasu,73,9,B_incremental,587.0,1,113.202674001275,2,100.75175859192461
yasu,73,10,B_incremental,587.0,1,113.202674001275,2,100.75175859192461
yasu,73,11,B_incremental,587.0,1,113.202674001275,2,100.75175859192461
yasu,75,0,A_steiner,1430.0,2,57.55692383352742,3,43.99255656197228
yasu,75,1,A_steiner,1430.0,2,57.55692383352742,3,43.99255656197228
yasu,75,2,A_steiner,1430.0,2,57.55692383352742,3,43.99255656197228
yasu,75,3,A_steiner,1430.0,2,57.55692383352742,3,43.99255656197228
yasu,75,4,A_steiner,1430.0,2,57.55692383352742,3,43.99255656197228
yasu,75,5,A_steiner,1430.0,2,57.55692383352742,3,43.99255656197228
yasu,75,6,B_incremental,1430.0,2,57.55692383352742,3,43.99255656197228
yasu,75,7,B_incremental,1430.0,2,57.55692383352742,3,43.99255656197228
yasu,75,8,B_incremental,1430.0,2,57.55692383352742,3,43.99255656197228
yasu,75,9,B_incremental,1430.0,2,57.55692383352742,3,43.99255656197228
yasu,75,10,B_incremental,1430.0,2,57.55692383352742,3,43.99255656197228
yasu,75,11,B_incremental,1430.0,2,57.55692383352742,3,43.99255656197228
yasu,76,0,A_steiner,1723.0,3,125.40803523092453,4,104.7808888197105
yasu,76,1,A_steiner,1723.0,3,125.40803523092453,4,104.7808888197105
yasu,76,2,A_steiner,1723.0,3,125.40803523092453,4,104.7808888197105
yasu,76,3,A_steiner,1723.0,3,125.40803523092453,4,104.7808888197105
yasu,76,4,A_steiner,1723.0,3,125.40803523092453,4,104.7808888197105
yasu,76,5,A_steiner,1723.0,3,125.40803523092453,4,104.7808888197105
yasu,76,6,B_incremental,1723.0,3,125.40803523092453,4,104.7808888197105
yasu,76,7,B_incremental,1723.0,3,125.40803523092453,4,104.7808888197105
yasu,76,8,B_incremental,1723.0,3,125.40803523092453,4,104.7808888197105
yasu,76,9,B_incremental,1723.0,3,125.40803523092453,4,104.7808888197105
yasu,76,10,B_incremental,1723.0,3,125.40803523092453,4,104.7808888197105
yasu,76,11,B_incremental,1723.0,3,125.40803523092453,4,104.7808888197105
yasu,77,0,A_steiner,542.0,2,121.89079500259044,3,133.54043486745567
yasu,77,1,A_steiner,542.0,2,121.89079500259044,3,133.54043486745567
yasu,77,2,A_steiner,542.0,2,121.89079500259044,3,133.54043486745567
yasu,77,3,A_steiner,542.0,2,121.89079500259044,3,133.54043486745567
yasu,77,4,A_steiner,542.0,2,121.89079500259044,3,133.54043486745567
yasu,77,5,A_steiner,542.0,2,121.89079500259044,3,133.54043486745567
yasu,77,6,B_incremental,542.0,3,146.76606981760546,3,133.54043486745567
yasu,77,7,B_incremental,542.0,3,146.76606981760546,3,133.54043486745567
yasu,77,8,B_incremental,542.0,2,121.89079500259044,3,133.54043486745567
yasu,77,9,B_incremental,542.0,3,146.76606981760546,3,133.54043486745567
yasu,77,10,B_incremental,542.0,2,121.89079500259044,3,133.54043486745567
yasu,77,11,B_incremental,542.0,3,146.76606981760546,3,133.54043486745567
yasu,78,0,A_steiner,1829.0,2,74.36316677359096,3,217.61376379794046
yasu,78,1,A_steiner,1829.0,2,74.36316677359096,3,217.61376379794046
yasu,78,2,A_steiner,1829.0,2,74.36316677359096,3,217.61376379794046
yasu,78,3,A_steiner,1829.0,2,74.36316677359096,3,217.61376379794046
yasu,78,4,A_steiner,1829.0,2,74.36316677359096,3,217.61376379794046
yasu,78,5,A_steiner,1829.0,2,74.36316677359096,3,217.61376379794046
yasu,78,6,B_incremental,1829.0,2,74.36316677359096,3,217.61376379794046
yasu,78,7,B_incremental,1829.0,2,74.36316677359096,3,217.61376379794046
yasu,78,8,B_incremental,1829.0,2,74.36316677359096,3,217.61376379794046
yasu,78,9,B_incremental,1829.0,2,74.36316677359096,3,217.61376379794046
yasu,78,10,B_incremental,1829.0,2,74.36316677359096,3,217.61376379794046
yasu,78,11,B_incremental,1829.0,2,74.36316677359096,3,217.61376379794046
yasu,79,0,A_steiner,1607.0,4,134.97196679940274,5,110.30776092587735
yasu,79,1,A_steiner,1607.0,4,134.97196679940274,5,110.30776092587735
yasu,79,2,A_steiner,1607.0,4,134.97196679940274,5,110.30776092587735
yasu,79,3,A_steiner,1607.0,4,134.97196679940274,5,110.30776092587735
yasu,79,4,A_steiner,1607.0,4,134.97196679940274,5,110.30776092587735
yasu,79,5,A_steiner,1607.0,4,134.97196679940274,5,110.30776092587735
yasu,79,6,B_incremental,1607.0,4,148.24893467198376,5,110.30776092587735
yasu,79,7,B_incremental,1607.0,4,148.24893467198376,5,110.30776092587735
yasu,79,8,B_incremental,1607.0,4,148.24893467198376,5,110.30776092587735
yasu,79,9,B_incremental,1607.0,4,134.97196679940274,5,110.30776092587735
yasu,79,10,B_incremental,1607.0,4,134.97196679940274,5,110.30776092587735
yasu,79,11,B_incremental,1607.0,4,134.97196679940274,5,110.30776092587735
yasu,80,0,A_steiner,1613.0,2,47.41664075557078,2,30.211977609535808
yasu,80,1,A_steiner,1613.0,2,47.41664075557078,2,30.211977609535808
yasu,80,2,A_steiner,1613.0,2,47.41664075557078,2,30.211977609535808
yasu,80,3,A_steiner,1613.0,2,47.41664075557078,2,30.211977609535808
yasu,80,4,A_steiner,1613.0,2,47.41664075557078,2,30.211977609535808
yasu,80,5,A_steiner,1613.0,2,47.41664075557078,2,30.211977609535808
yasu,80,6,B_incremental,1613.0,2,47.41664075557078,2,30.211977609535808
yasu,80,7,B_incremental,1613.0,2,47.41664075557078,2,30.211977609535808
yasu,80,8,B_incremental,1613.0,2,47.41664075557078,2,30.211977609535808
yasu,80,9,B_incremental,1613.0,2,47.41664075557078,2,30.211977609535808
yasu,80,10,B_incremental,1613.0,2,47.41664075557078,2,30.211977609535808
yasu,80,11,B_incremental,1613.0,2,47.41664075557078,2,30.211977609535808
yasu,81,0,A_steiner,1827.0,5,399.86043799814877,6,134.0569859320533
yasu,81,1,A_steiner,1827.0,5,399.86043799814877,6,134.0569859320533
yasu,81,2,A_steiner,1827.0,5,399.86043799814877,6,134.0569859320533
yasu,81,3,A_steiner,1827.0,5,399.86043799814877,6,134.0569859320533
yasu,81,4,A_steiner,1827.0,5,399.86043799814877,6,134.0569859320533
yasu,81,5,A_steiner,1827.0,5,399.86043799814877,6,134.0569859320533
yasu,81,6,B_incremental,1827.0,5,399.86043799814877,6,134.0569859320533
yasu,81,7,B_incremental,1827.0,5,453.6659559348728,6,134.0569859320533
yasu,81,8,B_incremental,1827.0,5,399.86043799814877,6,134.0569859320533
yasu,81,9,B_incremental,1827.0,7,560.1576857285414,6,134.0569859320533
yasu,81,10,B_incremental,1827.0,5,399.86043799814877,6,134.0569859320533
yasu,81,11,B_incremental,1827.0,7,472.9545645310518,6,134.0569859320533
yasu,83,0,A_steiner,1731.0,3,112.4149393305992,4,142.91661837348303
yasu,83,1,A_steiner,1731.0,3,112.4149393305992,4,142.91661837348303
yasu,83,2,A_steiner,1731.0,3,112.4149393305992,4,142.91661837348303
yasu,83,3,A_steiner,1731.0,3,112.4149393305992,4,142.91661837348303
yasu,83,4,A_steiner,1731.0,3,112.4149393305992,4,142.91661837348303
yasu,83,5,A_steiner,1731.0,3,112.4149393305992,4,142.91661837348303
yasu,83,6,B_incremental,1731.0,3,112.4149393305992,4,142.91661837348303
yasu,83,7,B_incremental,1731.0,3,112.4149393305992,4,142.91661837348303
yasu,83,8,B_incremental,1731.0,3,112.4149393305992,4,142.91661837348303
yasu,83,9,B_incremental,1731.0,3,112.4149393305992,4,142.91661837348303
yasu,83,10,B_incremental,1731.0,3,112.4149393305992,4,142.91661837348303
yasu,83,11,B_incremental,1731.0,3,112.4149393305992,4,142.91661837348303
yasu,84,0,A_steiner,476.0,3,96.34545492099866,4,101.52126987020372
yasu,84,1,A_steiner,476.0,3,96.34545492099866,4,101.52126987020372
yasu,84,2,A_steiner,476.0,3,96.34545492099866,4,101.52126987020372
yasu,84,3,A_steiner,476.0,3,96.34545492099866,4,101.52126987020372
yasu,84,4,A_steiner,476.0,3,96.34545492099866,4,101.52126987020372
yasu,84,5,A_steiner,476.0,3,96.34545492099866,4,101.52126987020372
yasu,84,6,B_incremental,476.0,3,96.34545492099866,4,101.52126987020372
yasu,84,7,B_incremental,476.0,3,96.34545492099866,4,101.52126987020372
yasu,84,8,B_incremental,476.0,3,96.34545492099866,4,101.52126987020372
yasu,84,9,B_incremental,476.0,3,96.34545492099866,4,101.52126987020372
yasu,84,10,B_incremental,476.0,3,96.34545492099866,4,101.52126987020372
yasu,84,11,B_incremental,476.0,3,96.34545492099866,4,101.52126987020372
yasu,85,0,A_steiner,381.0,4,227.61320269966944,3,199.38809756991458
yasu,85,1,A_steiner,381.0,4,227.61320269966944,3,199.38809756991458
yasu,85,2,A_steiner,381.0,4,227.61320269966944,3,199.38809756991458
yasu,85,3,A_steiner,381.0,4,227.61320269966944,3,199.38809756991458
yasu,85,4,A_steiner,381.0,4,227.61320269966944,3,199.38809756991458
yasu,85,5,A_steiner,381.0,4,227.61320269966944,3,199.38809756991458
yasu,85,6,B_incremental,381.0,4,227.61320269966944,3,199.38809756991458
yasu,85,7,B_incremental,381.0,4,227.61320269966944,3,199.38809756991458
yasu,85,8,B_incremental,381.0,4,227.61320269966944,3,199.38809756991458
yasu,85,9,B_incremental,381.0,4,227.61320269966944,3,199.38809756991458
yasu,85,10,B_incremental,381.0,4,227.61320269966944,3,199.38809756991458
yasu,85,11,B_incremental,381.0,4,227.61320269966944,3,199.38809756991458
yasu,86,0,A_steiner,1840.0,3,222.0349243994831,3,200.13456937391436
yasu,86,1,A_steiner,1840.0,3,222.0349243994831,3,200.13456937391436
yasu,86,2,A_steiner,1840.0,3,222.0349243994831,3,200.13456937391436
yasu,86,3,A_steiner,1840.0,3,222.0349243994831,3,200.13456937391436
yasu,86,4,A_steiner,1840.0,3,222.0349243994831,3,200.13456937391436
yasu,86,5,A_steiner,1840.0,3,222.0349243994831,3,200.13456937391436
yasu,86,6,B_incremental,1840.0,3,222.0349243994831,3,200.13456937391436
yasu,86,7,B_incremental,1840.0,3,222.0349243994831,3,200.13456937391436
yasu,86,8,B_incremental,1840.0,3,222.0349243994831,3,200.13456937391436
yasu,86,9,B_incremental,1840.0,3,222.0349243994831,3,200.13456937391436
yasu,86,10,B_incremental,1840.0,3,222.0349243994831,3,200.13456937391436
yasu,86,11,B_incremental,1840.0,3,222.0349243994831,3,200.13456937391436
yasu,87,0,A_steiner,1288.0,7,296.8015659191552,7,260.6876748609584
yasu,87,1,A_steiner,1288.0,7,296.8015659191552,7,260.6876748609584
yasu,87,2,A_steiner,1288.0,7,296.8015659191552,7,260.6876748609584
yasu,87,3,A_steiner,1288.0,7,300.2136455861301,7,260.6876748609584
yasu,87,4,A_steiner,1288.0,7,296.8015659191552,7,260.6876748609584
yasu,87,5,A_steiner,1288.0,7,296.8015659191552,7,260.6876748609584
yasu,87,6,B_incremental,1288.0,7,296.8015659191552,7,260.6876748609584
yasu,87,7,B_incremental,1288.0,7,278.67066057904754,7,260.6876748609584
yasu,87,8,B_incremental,1288.0,7,278.67066057904754,7,260.6876748609584
yasu,87,9,B_incremental,1288.0,7,278.67066057904754,7,260.6876748609584
yasu,87,10,B_incremental,1288.0,7,282.0827402460223,7,260.6876748609584
yasu,87,11,B_incremental,1288.0,7,282.08274024602235,7,260.6876748609584
yasu,89,0,A_steiner,2286.0,5,442.5981234935688,3,60.39500988076734
yasu,89,1,A_steiner,2286.0,5,442.5981234935688,3,60.39500988076734
yasu,89,2,A_steiner,2286.0,5,442.5981234935688,3,60.39500988076734
yasu,89,3,A_steiner,2286.0,5,442.5981234935688,3,60.39500988076734
yasu,89,4,A_steiner,2286.0,5,442.5981234935688,3,60.39500988076734
yasu,89,5,A_steiner,2286.0,5,442.5981234935688,3,60.39500988076734
yasu,89,6,B_incremental,2286.0,5,442.5981234935688,3,60.39500988076734
yasu,89,7,B_incremental,2286.0,5,442.5981234935688,3,60.39500988076734
yasu,89,8,B_incremental,2286.0,5,442.5981234935688,3,60.39500988076734
yasu,89,9,B_incremental,2286.0,6,534.17602827457,3,60.39500988076734
yasu,89,10,B_incremental,2286.0,5,442.5981234935688,3,60.39500988076734
yasu,89,11,B_incremental,2286.0,6,534.17602827457,3,60.39500988076734
yasu,90,0,A_steiner,365.0,5,257.1834490224645,4,187.79871326185338
yasu,90,1,A_steiner,365.0,5,257.1834490224645,4,187.79871326185338
yasu,90,2,A_steiner,365.0,5,257.1834490224645,4,187.79871326185338
yasu,90,3,A_steiner,365.0,5,257.1834490224645,4,187.79871326185338
yasu,90,4,A_steiner,365.0,5,257.1834490224645,4,187.79871326185338
yasu,90,5,A_steiner,365.0,5,257.1834490224645,4,187.79871326185338
yasu,90,6,B_incremental,365.0,6,311.25388645953586,4,187.79871326185338
yasu,90,7,B_incremental,365.0,6,311.25388645953586,4,187.79871326185338
yasu,90,8,B_incremental,365.0,6,311.25388645953586,4,187.79871326185338
yasu,90,9,B_incremental,365.0,5,257.1834490224645,4,187.79871326185338
yasu,90,10,B_incremental,365.0,5,257.1834490224645,4,187.79871326185338
yasu,90,11,B_incremental,365.0,5,257.1834490224645,4,187.79871326185338
yasu,92,0,A_steiner,1950.0,4,101.08776564003853,5,95.16127191340658
yasu,92,1,A_steiner,1950.0,4,101.08776564003853,5,95.16127191340658
yasu,92,2,A_steiner,1950.0,4,101.08776564003853,5,95.16127191340658
yasu,92,3,A_steiner,1950.0,4,101.08776564003853,5,95.16127191340658
yasu,92,4,A_steiner,1950.0,4,101.08776564003853,5,95.16127191340658
yasu,92,5,A_steiner,1950.0,4,101.08776564003853,5,95.16127191340658
yasu,92,6,B_incremental,1950.0,4,101.08776564003853,5,95.16127191340658
yasu,92,7,B_incremental,1950.0,4,101.08776564003853,5,95.16127191340658
yasu,92,8,B_incremental,1950.0,4,101.08776564003853,5,95.16127191340658
yasu,92,9,B_incremental,1950.0,4,101.08776564003853,5,95.16127191340658
yasu,92,10,B_incremental,1950.0,4,101.08776564003853,5,95.16127191340658
yasu,92,11,B_incremental,1950.0,4,101.08776564003853,5,95.16127191340658
yasu,97,0,A_steiner,467.0,4,162.61164272156142,5,182.33009627134075
yasu,97,1,A_steiner,467.0,4,162.61164272156142,5,182.33009627134075
yasu,97,2,A_steiner,467.0,4,162.61164272156142,5,182.33009627134075
yasu,97,3,A_steiner,467.0,4,162.61164272156142,5,182.33009627134075
yasu,97,4,A_steiner,467.0,4,162.61164272156142,5,182.33009627134075
yasu,97,5,A_steiner,467.0,4,162.61164272156142,5,182.33009627134075
yasu,97,6,B_incremental,467.0,5,198.70609263932926,5,182.33009627134075
yasu,97,7,B_incremental,467.0,5,198.70609263932926,5,182.33009627134075
yasu,97,8,B_incremental,467.0,4,162.61164272156142,5,182.33009627134075
yasu,97,9,B_incremental,467.0,5,198.70609263932926,5,182.33009627134075
yasu,97,10,B_incremental,467.0,5,198.70609263932926,5,182.33009627134075
yasu,97,11,B_incremental,467.0,5,198.70609263932926,5,182.33009627134075
yasu,98,0,A_steiner,373.0,1,31.423995335076928,2,170.3790368172793
yasu,98,1,A_steiner,373.0,1,31.423995335076928,2,170.3790368172793
yasu,98,2,A_steiner,373.0,1,31.423995335076928,2,170.3790368172793
yasu,98,3,A_steiner,373.0,1,31.423995335076928,2,170.3790368172793
yasu,98,4,A_steiner,373.0,1,31.423995335076928,2,170.3790368172793
yasu,98,5,A_steiner,373.0,1,31.423995335076928,2,170.3790368172793
yasu,98,6,B_incremental,373.0,1,31.423995335076928,2,170.3790368172793
yasu,98,7,B_incremental,373.0,1,31.423995335076928,2,170.3790368172793
yasu,98,8,B_incremental,373.0,1,31.423995335076928,2,170.3790368172793
yasu,98,9,B_incremental,373.0,1,31.423995335076928,2,170.3790368172793
yasu,98,10,B_incremental,373.0,1,31.423995335076928,2,170.3790368172793
yasu,98,11,B_incremental,373.0,1,31.423995335076928,2,170.3790368172793
yasu,100,0,A_steiner,390.0,1,29.71234632726084,2,52.294122337453544
yasu,100,1,A_steiner,390.0,1,29.71234632726084,2,52.294122337453544
yasu,100,2,A_steiner,390.0,1,29.71234632726084,2,52.294122337453544
yasu,100,3,A_steiner,390.0,1,29.71234632726084,2,52.294122337453544
yasu,100,4,A_steiner,390.0,1,29.71234632726084,2,52.294122337453544
yasu,100,5,A_steiner,390.0,1,29.71234632726084,2,52.294122337453544
yasu,100,6,B_incremental,390.0,1,29.71234632726084,2,52.294122337453544
yasu,100,7,B_incremental,390.0,1,29.71234632726084,2,52.294122337453544
yasu,100,8,B_incremental,390.0,1,29.71234632726084,2,52.294122337453544
yasu,100,9,B_incremental,390.0,1,29.71234632726084,2,52.294122337453544
yasu,100,10,B_incremental,390.0,1,29.71234632726084,2,52.294122337453544
yasu,100,11,B_incremental,390.0,1,29.71234632726084,2,52.294122337453544
