city,cluster,rep,family,src,edges,length_m,terminals,raw_kw
sano,0,0,A_steiner,3596.0,2,69.61364302013907,3,221.99856544946365
sano,0,1,A_steiner,3596.0,2,69.61364302013907,3,221.99856544946365
sano,0,2,A_steiner,3596.0,2,69.61364302013907,3,221.99856544946365
sano,0,3,A_steiner,3596.0,2,69.61364302013907,3,221.99856544946365
sano,0,4,A_steiner,3596.0,2,69.61364302013907,3,221.99856544946365
sano,0,5,A_steiner,3596.0,2,69.61364302013907,3,221.99856544946365
sano,0,6,B_incremental,3596.0,2,69.61364302013907,3,221.99856544946365
sano,0,7,B_incremental,3596.0,2,69.61364302013907,3,221.99856544946365
sano,0,8,B_incremental,3596.0,2,69.61364302013907,3,221.99856544946365
sano,0,9,B_incremental,3596.0,2,69.61364302013907,3,221.99856544946365
sano,0,10,B_incremental,3596.0,2,69.61364302013907,3,221.99856544946365
sano,0,11,B_incremental,3596.0,2,69.61364302013907,3,221.99856544946365
sano,1,0,A_steiner,3605.0,3,172.8137634695637,3,163.97932676450333
sano,1,1,A_steiner,3605.0,3,172.8137634695637,3,163.97932676450333
sano,1,2,A_steiner,3605.0,3,172.8137634695637,3,163.97932676450333
sano,1,3,A_steiner,3605.0,3,172.8137634695637,3,163.97932676450333
sano,1,4,A_steiner,3605.0,3,172.8137634695637,3,163.97932676450333
sano,1,5,A_steiner,3605.0,3,172.8137634695637,3,163.97932676450333
sano,1,6,B_incremental,3605.0,3,172.8137634695637,3,163.97932676450333
sano,1,7,B_incremental,3605.0,3,172.8137634695637,3,163.97932676450333
sano,1,8,B_incremental,3605.0,3,172.8137634695637,3,163.97932676450333
sano,1,9,B_incremental,3605.0,3,172.8137634695637,3,163.97932676450333
sano,1,10,B_incremental,3605.0,3,172.8137634695637,3,163.97932676450333
sano,1,11,B_incremental,3605.0,3,172.8137634695637,3,163.97932676450333
sano,2,0,A_steiner,1757.0,1,22.141710207047502,2,116.0598313161008
sano,2,1,A_steiner,1757.0,1,22.141710207047502,2,116.0598313161008
sano,2,2,A_steiner,1757.0,1,22.141710207047502,2,116.0598313161008
sano,2,3,A_steiner,1757.0,1,22.141710207047502,2,116.0598313161008
sano,2,4,A_steiner,1757.0,1,22.141710207047502,2,116.0598313161008
sano,2,5,A_steiner,1757.0,1,22.141710207047502,2,116.0598313161008
sano,2,6,B_incremental,1757.0,1,22.141710207047502,2,116.0598313161008
sano,2,7,B_incremental,1757.0,1,22.141710207047502,2,116.0598313161008
sano,2,8,B_incremental,1757.0,1,22.141710207047502,2,116.0598313161008
sano,2,9,B_incremental,1757.0,1,22.141710207047502,2,116.0598313161008
sano,2,10,B_incremental,1757.0,1,22.141710207047502,2,116.0598313161008
sano,2,11,B_incremental,1757.0,1,22.141710207047502,2,116.0598313161008
sano,3,0,A_steiner,5500.0,3,116.4102080901083,4,114.0143418094575
sano,3,1,A_steiner,5500.0,3,116.4102080901083,4,114.0143418094575
sano,3,2,A_steiner,5500.0,3,116.4102080901083,4,114.0143418094575
sano,3,3,A_steiner,5500.0,3,116.4102080901083,4,114.0143418094575
sano,3,4,A_steiner,5500.0,3,116.4102080901083,4,114.0143418094575
sano,3,5,A_steiner,5500.0,3,116.4102080901083,4,114.0143418094575
sano,3,6,B_incremental,5500.0,3,116.4102080901083,4,114.0143418094575
sano,3,7,B_incremental,5500.0,3,116.4102080901083,4,114.0143418094575
sano,3,8,B_incremental,5500.0,3,116.4102080901083,4,114.0143418094575
sano,3,9,B_incremental,5500.0,3,116.4102080901083,4,114.0143418094575
sano,3,10,B_incremental,5500.0,3,116.4102080901083,4,114.0143418094575
sano,3,11,B_incremental,5500.0,3,116.4102080901083,4,114.0143418094575
sano,4,0,A_steiner,6035.0,3,180.3731652701478,4,340.511649912862
sano,4,1,A_steiner,6035.0,3,180.3731652701478,4,340.511649912862
sano,4,2,A_steiner,6035.0,3,180.3731652701478,4,340.511649912862
sano,4,3,A_steiner,6035.0,3,180.3731652701478,4,340.511649912862
sano,4,4,A_steiner,6035.0,3,180.3731652701478,4,340.511649912862
sano,4,5,A_steiner,6035.0,3,180.3731652701478,4,340.511649912862
sano,4,6,B_incremental,6035.0,3,180.3731652701478,4,340.511649912862
sano,4,7,B_incremental,6035.0,3,180.3731652701478,4,340.511649912862
sano,4,8,B_incremental,6035.0,3,180.3731652701478,4,340.511649912862
sano,4,9,B_incremental,6035.0,3,180.3731652701478,4,340.511649912862
sano,4,10,B_incremental,6035.0,3,180.3731652701478,4,340.511649912862
sano,4,11,B_incremental,6035.0,3,180.3731652701478,4,340.511649912862
sano,5,0,A_steiner,4843.0,2,85.21904519261557,3,106.31977309766559
sano,5,1,A_steiner,4843.0,2,85.21904519261557,3,106.31977309766559
sano,5,2,A_steiner,4843.0,2,85.21904519261557,3,106.31977309766559
sano,5,3,A_steiner,4843.0,2,85.21904519261557,3,106.31977309766559
sano,5,4,A_steiner,4843.0,2,85.21904519261557,3,106.31977309766559
sano,5,5,A_steiner,4843.0,2,85.21904519261557,3,106.31977309766559
sano,5,6,B_incremental,4843.0,2,85.21904519261557,3,106.31977309766559
sano,5,7,B_incremental,4843.0,2,85.21904519261557,3,106.31977309766559
sano,5,8,B_incremental,4843.0,2,85.21904519261557,3,106.31977309766559
sano,5,9,B_incremental,4843.0,2,85.21904519261557,3,106.31977309766559
sano,5,10,B_incremental,4843.0,2,85.21904519261557,3,106.31977309766559
sano,5,11,B_incremental,4843.0,2,85.21904519261557,3,106.31977309766559
sano,7,0,A_steiner,4819.0,1,40.240166358643535,2,45.552343764404654
sano,7,1,A_steiner,4819.0,1,40.240166358643535,2,45.552343764404654
sano,7,2,A_steiner,4819.0,1,40.240166358643535,2,45.552343764404654
sano,7,3,A_steiner,4819.0,1,40.240166358643535,2,45.552343764404654
sano,7,4,A_steiner,4819.0,1,40.240166358643535,2,45.552343764404654
sano,7,5,A_steiner,4819.0,1,40.240166358643535,2,45.552343764404654
sano,7,6,B_incremental,4819.0,1,40.240166358643535,2,45.552343764404654
sano,7,7,B_incremental,4819.0,1,40.240166358643535,2,45.552343764404654
sano,7,8,B_incremental,4819.0,1,40.240166358643535,2,45.552343764404654
sano,7,9,B_incremental,4819.0,1,40.240166358643535,2,45.552343764404654
sano,7,10,B_incremental,4819.0,1,40.240166358643535,2,45.552343764404654
sano,7,11,B_incremental,4819.0,1,40.240166358643535,2,45.552343764404654
sano,10,0,A_steiner,4866.0,1,30.153329124115416,2,55.40077872479961
sano,10,1,A_steiner,4866.0,1,30.153329124115416,2,55.40077872479961
sano,10,2,A_steiner,4866.0,1,30.153329124115416,2,55.40077872479961
sano,10,3,A_steiner,4866.0,1,30.153329124115416,2,55.40077872479961
sano,10,4,A_steiner,4866.0,1,30.153329124115416,2,55.40077872479961
sano,10,5,A_steiner,4866.0,1,30.153329124115416,2,55.40077872479961
sano,10,6,B_incremental,4866.0,1,30.153329124115416,2,55.40077872479961
sano,10,7,B_incremental,4866.0,1,30.153329124115416,2,55.40077872479961
sano,10,8,B_incremental,4866.0,1,30.153329124115416,2,55.40077872479961
sano,10,9,B_incremental,4866.0,1,30.153329124115416,2,55.40077872479961
sano,10,10,B_incremental,4866.0,1,30.153329124115416,2,55.40077872479961
sano,10,11,B_incremental,4866.0,1,30.153329124115416,2,55.40077872479961
sano,13,0,A_steiner,5049.0,3,220.48972615400194,4,167.6380868957279
sano,13,1,A_steiner,5049.0,3,220.48972615400194,4,167.6380868957279
sano,13,2,A_steiner,5049.0,3,220.48972615400194,4,167.6380868957279
sano,13,3,A_steiner,5049.0,3,220.48972615400194,4,167.6380868957279
sano,13,4,A_steiner,5049.0,3,220.48972615400194,4,167.6380868957279
sano,13,5,A_steiner,5049.0,3,220.48972615400194,4,167.6380868957279
sano,13,6,B_incremental,5049.0,3,220.48972615400194,4,167.6380868957279
sano,13,7,B_incremental,5049.0,3,220.48972615400194,4,167.6380868957279
sano,13,8,B_incremental,5049.0,3,220.48972615400194,4,167.6380868957279
sano,13,9,B_incremental,5049.0,3,220.48972615400194,4,167.6380868957279
sano,13,10,B_incremental,5049.0,3,220.48972615400194,4,167.6380868957279
sano,13,11,B_incremental,5049.0,3,220.48972615400194,4,167.6380868957279
sano,14,0,A_steiner,5714.0,2,66.10492600944868,3,255.67754273970536
sano,14,1,A_steiner,5714.0,2,66.10492600944868,3,255.67754273970536
sano,14,2,A_steiner,5714.0,2,66.10492600944868,3,255.67754273970536
sano,14,3,A_steiner,5714.0,2,66.10492600944868,3,255.67754273970536
sano,14,4,A_steiner,5714.0,2,66.10492600944868,3,255.67754273970536
sano,14,5,A_steiner,5714.0,2,66.10492600944868,3,255.67754273970536
sano,14,6,B_incremental,5714.0,2,66.10492600944868,3,255.67754273970536
sano,14,7,B_incremental,5714.0,2,66.10492600944868,3,255.67754273970536
sano,14,8,B_incremental,5714.0,2,66.10492600944868,3,255.67754273970536
sano,14,9,B_incremental,5714.0,2,66.10492600944868,3,255.67754273970536
sano,14,10,B_incremental,5714.0,2,66.10492600944868,3,255.67754273970536
sano,14,11,B_incremental,5714.0,2,66.10492600944868,3,255.67754273970536
sano,15,0,A_steiner,4824.0,4,76.40478991057977,5,91.13448490146645
sano,15,1,A_steiner,4824.0,4,77.92318635241685,5,91.13448490146645
sano,15,2,A_steiner,4824.0,4,77.92318635241685,5,91.13448490146645
sano,15,3,A_steiner,4824.0,4,76.40478991057977,5,91.13448490146645
sano,15,4,A_steiner,4824.0,4,76.40478991057978,5,91.13448490146645
sano,15,5,A_steiner,4824.0,4,76.40478991057977,5,91.13448490146645
sano,15,6,B_incremental,4824.0,4,86.1339059073886,5,91.13448490146645
sano,15,7,B_incremental,4824.0,4,76.40478991057977,5,91.13448490146645
sano,15,8,B_incremental,4824.0,4,76.40478991057977,5,91.13448490146645
sano,15,9,B_incremental,4824.0,4,77.92318635241685,5,91.13448490146645
sano,15,10,B_incremental,4824.0,4,86.1339059073886,5,91.13448490146645
sano,15,11,B_incremental,4824.0,4,76.40478991057977,5,91.13448490146645
sano,16,0,A_steiner,1458.0,4,362.90173468176573,3,231.24939075370213
sano,16,1,A_steiner,1458.0,4,362.90173468176573,3,231.24939075370213
sano,16,2,A_steiner,1458.0,4,362.90173468176573,3,231.24939075370213
sano,16,3,A_steiner,1458.0,4,362.90173468176573,3,231.24939075370213
sano,16,4,A_steiner,1458.0,4,362.90173468176573,3,231.24939075370213
sano,16,5,A_steiner,1458.0,4,362.90173468176573,3,231.24939075370213
sano,16,6,B_incremental,1458.0,4,362.90173468176573,3,231.24939075370213
sano,16,7,B_incremental,1458.0,4,362.90173468176573,3,231.24939075370213
sano,16,8,B_incremental,1458.0,4,362.90173468176573,3,231.24939075370213
sano,16,9,B_incremental,1458.0,4,362.90173468176573,3,231.24939075370213
sano,16,10,B_incremental,1458.0,4,362.90173468176573,3,231.24939075370213
sano,16,11,B_incremental,1458.0,4,362.90173468176573,3,231.24939075370213
sano,17,0,A_steiner,4882.0,1,49.43099992131635,2,47.600645985574815
sano,17,1,A_steiner,4882.0,1,49.43099992131635,2,47.600645985574815
sano,17,2,A_steiner,4882.0,1,49.43099992131635,2,47.600645985574815
sano,17,3,A_steiner,4882.0,1,49.43099992131635,2,47.600645985574815
sano,17,4,A_steiner,4882.0,1,49.43099992131635,2,47.600645985574815
sano,17,5,A_steiner,4882.0,1,49.43099992131635,2,47.600645985574815
sano,17,6,B_incremental,4882.0,1,49.43099992131635,2,47.600645985574815
sano,17,7,B_incremental,4882.0,1,49.43099992131635,2,47.600645985574815
sano,17,8,B_incremental,4882.0,1,49.43099992131635,2,47.600645985574815
sano,17,9,B_incremental,4882.0,1,49.43099992131635,2,47.600645985574815
sano,17,10,B_incremental,4882.0,1,49.43099992131635,2,47.600645985574815
sano,17,11,B_incremental,4882.0,1,49.43099992131635,2,47.600645985574815
sano,18,0,A_steiner,1496.0,4,168.8357778390921,5,389.6281042327014
sano,18,1,A_steiner,1496.0,4,168.8357778390921,5,389.6281042327014
sano,18,2,A_steiner,1496.0,4,168.8357778390921,5,389.6281042327014
sano,18,3,A_steiner,1496.0,4,168.8357778390921,5,389.6281042327014
sano,18,4,A_steiner,1496.0,4,168.8357778390921,5,389.6281042327014
sano,18,5,A_steiner,1496.0,4,168.8357778390921,5,389.6281042327014
sano,18,6,B_incremental,1496.0,4,168.8357778390921,5,389.6281042327014
sano,18,7,B_incremental,1496.0,4,175.6773227452167,5,389.6281042327014
sano,18,8,B_incremental,1496.0,4,175.6773227452167,5,389.6281042327014
sano,18,9,B_incremental,1496.0,4,175.6773227452167,5,389.6281042327014
sano,18,10,B_incremental,1496.0,4,168.8357778390921,5,389.6281042327014
sano,18,11,B_incremental,1496.0,4,168.8357778390921,5,389.6281042327014
sano,19,0,A_steiner,1444.0,1,36.72307288730958,2,53.41369613388528
sano,19,1,A_steiner,1444.0,1,36.72307288730958,2,53.41369613388528
sano,19,2,A_steiner,1444.0,1,36.72307288730958,2,53.41369613388528
sano,19,3,A_steiner,1444.0,1,36.72307288730958,2,53.41369613388528
sano,19,4,A_steiner,1444.0,1,36.72307288730958,2,53.41369613388528
sano,19,5,A_steiner,1444.0,1,36.72307288730958,2,53.41369613388528
sano,19,6,B_incremental,1444.0,1,36.72307288730958,2,53.41369613388528
sano,19,7,B_incremental,1444.0,1,36.72307288730958,2,53.41369613388528
sano,19,8,B_incremental,1444.0,1,36.72307288730958,2,53.41369613388528
sano,19,9,B_incremental,1444.0,1,36.72307288730958,2,53.41369613388528
sano,19,10,B_incremental,1444.0,1,36.72307288730958,2,53.41369613388528
sano,19,11,B_incremental,1444.0,1,36.72307288730958,2,53.41369613388528
sano,20,0,A_steiner,376.0,1,4.881237899619129,2,60.029276283844496
sano,20,1,A_steiner,376.0,1,4.881237899619129,2,60.029276283844496
sano,20,2,A_steiner,376.0,1,4.881237899619129,2,60.029276283844496
sano,20,3,A_steiner,376.0,1,4.881237899619129,2,60.029276283844496
sano,20,4,A_steiner,376.0,1,4.881237899619129,2,60.029276283844496
sano,20,5,A_steiner,376.0,1,4.881237899619129,2,60.029276283844496
sano,20,6,B_incremental,376.0,1,4.881237899619129,2,60.029276283844496
sano,20,7,B_incremental,376.0,1,4.881237899619129,2,60.029276283844496
sano,20,8,B_incremental,376.0,1,4.881237899619129,2,60.029276283844496
sano,20,9,B_incremental,376.0,1,4.881237899619129,2,60.029276283844496
sano,20,10,B_incremental,376.0,1,4.881237899619129,2,60.029276283844496
sano,20,11,B_incremental,376.0,1,4.881237899619129,2,60.029276283844496
sano,23,0,A_steiner,5629.0,2,113.71185968803456,2,73.99792359794839
sano,23,1,A_steiner,5629.0,2,113.71185968803456,2,73.99792359794839
sano,23,2,A_steiner,5629.0,2,113.71185968803456,2,73.99792359794839
sano,23,3,A_steiner,5629.0,2,113.71185968803456,2,73.99792359794839
sano,23,4,A_steiner,5629.0,2,113.71185968803456,2,73.99792359794839
sano,23,5,A_steiner,5629.0,2,113.71185968803456,2,73.99792359794839
sano,23,6,B_incremental,5629.0,2,113.71185968803456,2,73.99792359794839
sano,23,7,B_incremental,5629.0,2,113.71185968803456,2,73.99792359794839
sano,23,8,B_incremental,5629.0,2,113.71185968803456,2,73.99792359794839
sano,23,9,B_incremental,5629.0,2,113.71185968803456,2,73.99792359794839
sano,23,10,B_incremental,5629.0,2,113.71185968803456,2,73.99792359794839
sano,23,11,B_incremental,5629.0,2,113.71185968803456,2,73.99792359794839
sano,24,0,A_steiner,5011.0,1,77.75289752371327,2,103.38709426562535
sano,24,1,A_steiner,5011.0,1,77.75289752371327,2,103.38709426562535
sano,24,2,A_steiner,5011.0,1,77.75289752371327,2,103.38709426562535
sano,24,3,A_steiner,5011.0,1,77.75289752371327,2,103.38709426562535
sano,24,4,A_steiner,5011.0,1,77.75289752371327,2,103.38709426562535
sano,24,5,A_steiner,5011.0,1,77.75289752371327,2,103.38709426562535
sano,24,6,B_incremental,5011.0,1,77.75289752371327,2,103.38709426562535
sano,24,7,B_incremental,5011.0,1,77.75289752371327,2,103.38709426562535
sano,24,8,B_incremental,5011.0,1,77.75289752371327,2,103.38709426562535
sano,24,9,B_incremental,5011.0,1,77.75289752371327,2,103.38709426562535
sano,24,10,B_incremental,5011.0,1,77.75289752371327,2,103.38709426562535
sano,24,11,B_incremental,5011.0,1,77.75289752371327,2,103.38709426562535
sano,25,0,A_steiner,6272.0,2,45.80295883493131,3,82.93547567637117
sano,25,1,A_steiner,6272.0,2,45.80295883493131,3,82.93547567637117
sano,25,2,A_steiner,6272.0,2,45.80295883493131,3,82.93547567637117
sano,25,3,A_steiner,6272.0,2,45.80295883493131,3,82.93547567637117
sano,25,4,A_steiner,6272.0,2,45.80295883493131,3,82.93547567637117
sano,25,5,A_steiner,6272.0,2,45.80295883493131,3,82.93547567637117
sano,25,6,B_incremental,6272.0,2,45.80295883493131,3,82.93547567637117
sano,25,7,B_incremental,6272.0,2,45.80295883493131,3,82.93547567637117
sano,25,8,B_incremental,6272.0,2,45.80295883493131,3,82.93547567637117
sano,25,9,B_incremental,6272.0,2,45.80295883493131,3,82.93547567637117
sano,25,10,B_incremental,6272.0,2,45.80295883493131,3,82.93547567637117
sano,25,11,B_incremental,6272.0,2,45.80295883493131,3,82.93547567637117
sano,26,0,A_steiner,1831.0,2,74.43411992273101,3,60.83610955193514
sano,26,1,A_steiner,1831.0,2,74.43411992273101,3,60.83610955193514
sano,26,2,A_steiner,1831.0,2,74.43411992273101,3,60.83610955193514
sano,26,3,A_steiner,1831.0,2,74.43411992273101,3,60.83610955193514
sano,26,4,A_steiner,1831.0,2,74.43411992273101,3,60.83610955193514
sano,26,5,A_steiner,1831.0,2,74.43411992273101,3,60.83610955193514
sano,26,6,B_incremental,1831.0,2,74.43411992273101,3,60.83610955193514
sano,26,7,B_incremental,1831.0,2,74.43411992273101,3,60.83610955193514
sano,26,8,B_incremental,1831.0,2,74.43411992273101,3,60.83610955193514
sano,26,9,B_incremental,1831.0,2,74.43411992273101,3,60.83610955193514
sano,26,10,B_incremental,1831.0,2,74.43411992273101,3,60.83610955193514
sano,26,11,B_incremental,1831.0,2,74.43411992273101,3,60.83610955193514
sano,27,0,A_steiner,5023.0,1,57.445576657950014,2,28.994716392743676
sano,27,1,A_steiner,5023.0,1,57.445576657950014,2,28.994716392743676
sano,27,2,A_steiner,5023.0,1,57.445576657950014,2,28.994716392743676
sano,27,3,A_steiner,5023.0,1,57.445576657950014,2,28.994716392743676
sano,27,4,A_steiner,5023.0,1,57.445576657950014,2,28.994716392743676
sano,27,5,A_steiner,5023.0,1,57.445576657950014,2,28.994716392743676
sano,27,6,B_incremental,5023.0,1,57.445576657950014,2,28.994716392743676
sano,27,7,B_incremental,5023.0,1,57.445576657950014,2,28.994716392743676
sano,27,8,B_incremental,5023.0,1,57.445576657950014,2,28.994716392743676
sano,27,9,B_incremental,5023.0,1,57.445576657950014,2,28.994716392743676
sano,27,10,B_incremental,5023.0,1,57.445576657950014,2,28.994716392743676
sano,27,11,B_incremental,5023.0,1,57.445576657950014,2,28.994716392743676
sano,28,0,A_steiner,1720.0,3,183.26916406283954,2,63.70856477130339
sano,28,1,A_steiner,1720.0,3,183.26916406283954,2,63.70856477130339
sano,28,2,A_steiner,1720.0,3,183.26916406283954,2,63.70856477130339
sano,28,3,A_steiner,1720.0,3,183.26916406283954,2,63.70856477130339
sano,28,4,A_steiner,1720.0,3,183.26916406283954,2,63.70856477130339
sano,28,5,A_steiner,1720.0,3,183.26916406283954,2,63.70856477130339
sano,28,6,B_incremental,1720.0,3,183.26916406283956,2,63.70856477130339
sano,28,7,B_incremental,1720.0,3,183.26916406283956,2,63.70856477130339
sano,28,8,B_incremental,1720.0,3,183.26916406283956,2,63.70856477130339
sano,28,9,B_incremental,1720.0,3,183.26916406283956,2,63.70856477130339
sano,28,10,B_incremental,1720.0,3,183.26916406283956,2,63.70856477130339
sano,28,11,B_incremental,1720.0,3,183.26916406283956,2,63.70856477130339
sano,29,0,A_steiner,1745.0,3,147.56248883655473,4,132.5920484793819
sano,29,1,A_steiner,1745.0,3,147.56248883655473,4,132.5920484793819
sano,29,2,A_steiner,1745.0,3,147.56248883655473,4,132.5920484793819
sano,29,3,A_steiner,1745.0,3,147.56248883655473,4,132.5920484793819
sano,29,4,A_steiner,1745.0,3,147.56248883655473,4,132.5920484793819
sano,29,5,A_steiner,1745.0,3,147.56248883655473,4,132.5920484793819
sano,29,6,B_incremental,1745.0,3,147.56248883655476,4,132.5920484793819
sano,29,7,B_incremental,1745.0,3,147.56248883655473,4,132.5920484793819
sano,29,8,B_incremental,1745.0,3,147.56248883655473,4,132.5920484793819
sano,29,9,B_incremental,1745.0,3,147.56248883655473,4,132.5920484793819
sano,29,10,B_incremental,1745.0,3,147.56248883655476,4,132.5920484793819
sano,29,11,B_incremental,1745.0,3,147.56248883655476,4,132.5920484793819
sano,30,0,A_steiner,4814.0,1,52.3799431208386,2,35.67989053007294
sano,30,1,A_steiner,4814.0,1,52.3799431208386,2,35.67989053007294
sano,30,2,A_steiner,4814.0,1,52.3799431208386,2,35.67989053007294
sano,30,3,A_steiner,4814.0,1,52.3799431208386,2,35.67989053007294
sano,30,4,A_steiner,4814.0,1,52.3799431208386,2,35.67989053007294
sano,30,5,A_steiner,4814.0,1,52.3799431208386,2,35.67989053007294
sano,30,6,B_incremental,4814.0,1,52.3799431208386,2,35.67989053007294
sano,30,7,B_incremental,4814.0,1,52.3799431208386,2,35.67989053007294
sano,30,8,B_incremental,4814.0,1,52.3799431208386,2,35.67989053007294
sano,30,9,B_incremental,4814.0,1,52.3799431208386,2,35.67989053007294
sano,30,10,B_incremental,4814.0,1,52.3799431208386,2,35.67989053007294
sano,30,11,B_incremental,4814.0,1,52.3799431208386,2,35.67989053007294
sano,31,0,A_steiner,6155.0,2,72.18029793133309,3,117.7766722616189
sano,31,1,A_steiner,6155.0,2,72.18029793133309,3,117.7766722616189
sano,31,2,A_steiner,6155.0,2,72.18029793133309,3,117.7766722616189
sano,31,3,A_steiner,6155.0,2,72.18029793133309,3,117.7766722616189
sano,31,4,A_steiner,6155.0,2,72.18029793133309,3,117.7766722616189
sano,31,5,A_steiner,6155.0,2,72.18029793133309,3,117.7766722616189
sano,31,6,B_incremental,6155.0,2,72.18029793133309,3,117.7766722616189
sano,31,7,B_incremental,6155.0,2,72.18029793133309,3,117.7766722616189
sano,31,8,B_incremental,6155.0,2,72.18029793133309,3,117.7766722616189
sano,31,9,B_incremental,6155.0,2,72.18029793133309,3,117.7766722616189
sano,31,10,B_incremental,6155.0,2,72.18029793133309,3,117.7766722616189
sano,31,11,B_incremental,6155.0,2,72.18029793133309,3,117.7766722616189
sano,32,0,A_steiner,3724.0,2,91.64462898047452,3,134.50066398786953
sano,32,1,A_steiner,3724.0,2,91.64462898047452,3,134.50066398786953
sano,32,2,A_steiner,3724.0,2,91.64462898047452,3,134.50066398786953
sano,32,3,A_steiner,3724.0,2,91.64462898047452,3,134.50066398786953
sano,32,4,A_steiner,3724.0,2,91.64462898047452,3,134.50066398786953
sano,32,5,A_steiner,3724.0,2,91.64462898047452,3,134.50066398786953
sano,32,6,B_incremental,3724.0,2,91.64462898047452,3,134.50066398786953
sano,32,7,B_incremental,3724.0,2,91.64462898047452,3,134.50066398786953
sano,32,8,B_incremental,3724.0,2,91.64462898047452,3,134.50066398786953
sano,32,9,B_incremental,3724.0,2,91.64462898047452,3,134.50066398786953
sano,32,10,B_incremental,3724.0,2,91.64462898047452,3,134.50066398786953
sano,32,11,B_incremental,3724.0,2,91.64462898047452,3,134.50066398786953
sano,33,0,A_steiner,4813.0,1,34.141692574829506,2,75.6179790788123
sano,33,1,A_steiner,4813.0,1,34.141692574829506,2,75.6179790788123
sano,33,2,A_steiner,4813.0,1,34.141692574829506,2,75.6179790788123
sano,33,3,A_steiner,4813.0,1,34.141692574829506,2,75.6179790788123
sano,33,4,A_steiner,4813.0,1,34.141692574829506,2,75.6179790788123
sano,33,5,A_steiner,4813.0,1,34.141692574829506,2,75.6179790788123
sano,33,6,B_incremental,4813.0,1,34.141692574829506,2,75.6179790788123
sano,33,7,B_incremental,4813.0,1,34.141692574829506,2,75.6179790788123
sano,33,8,B_incremental,4813.0,1,34.141692574829506,2,75.6179790788123
sano,33,9,B_incremental,4813.0,1,34.141692574829506,2,75.6179790788123
sano,33,10,B_incremental,4813.0,1,34.141692574829506,2,75.6179790788123
sano,33,11,B_incremental,4813.0,1,34.141692574829506,2,75.6179790788123
sano,34,0,A_steiner,4889.0,1,38.11701849691684,2,107.4373625374212
sano,34,1,A_steiner,4889.0,1,38.11701849691684,2,107.4373625374212
sano,34,2,A_steiner,4889.0,1,38.11701849691684,2,107.4373625374212
sano,34,3,A_steiner,4889.0,1,38.11701849691684,2,107.4373625374212
sano,34,4,A_steiner,4889.0,1,38.11701849691684,2,107.4373625374212
sano,34,5,A_steiner,4889.0,1,38.11701849691684,2,107.4373625374212
sano,34,6,B_incremental,4889.0,1,38.11701849691684,2,107.4373625374212
sano,34,7,B_incremental,4889.0,1,38.11701849691684,2,107.4373625374212
sano,34,8,B_incremental,4889.0,1,38.11701849691684,2,107.4373625374212
sano,34,9,B_incremental,4889.0,1,38.11701849691684,2,107.4373625374212
sano,34,10,B_incremental,4889.0,1,38.11701849691684,2,107.4373625374212
sano,34,11,B_incremental,4889.0,1,38.11701849691684,2,107.4373625374212
sano,35,0,A_steiner,4566.0,4,78.95148026371078,5,152.2561096280973
sano,35,1,A_steiner,4566.0,4,78.95148026371078,5,152.2561096280973
sano,35,2,A_steiner,4566.0,4,78.95148026371078,5,152.2561096280973
sano,35,3,A_steiner,4566.0,4,78.95148026371078,5,152.2561096280973
sano,35,4,A_steiner,4566.0,4,78.95148026371078,5,152.2561096280973
sano,35,5,A_steiner,4566.0,4,78.95148026371078,5,152.2561096280973
sano,35,6,B_incremental,4566.0,4,78.95148026371078,5,152.2561096280973
sano,35,7,B_incremental,4566.0,4,78.95148026371078,5,152.2561096280973
sano,35,8,B_incremental,4566.0,4,84.46868705123731,5,152.2561096280973
sano,35,9,B_incremental,4566.0,4,78.95148026371078,5,152.2561096280973
sano,35,10,B_incremental,4566.0,4,78.95148026371078,5,152.2561096280973
sano,35,11,B_incremental,4566.0,4,78.95148026371078,5,152.2561096280973
sano,36,0,A_steiner,5506.0,1,38.31505805868956,2,60.42564673493386
sano,36,1,A_steiner,5506.0,1,38.31505805868956,2,60.42564673493386
sano,36,2,A_steiner,5506.0,1,38.31505805868956,2,60.42564673493386
sano,36,3,A_steiner,5506.0,1,38.31505805868956,2,60.42564673493386
sano,36,4,A_steiner,5506.0,1,38.31505805868956,2,60.42564673493386
sano,36,5,A_steiner,5506.0,1,38.31505805868956,2,60.42564673493386
sano,36,6,B_incremental,5506.0,1,38.31505805868956,2,60.42564673493386
sano,36,7,B_incremental,5506.0,1,38.31505805868956,2,60.42564673493386
sano,36,8,B_incremental,5506.0,1,38.31505805868956,2,60.42564673493386
sano,36,9,B_incremental,5506.0,1,38.31505805868956,2,60.42564673493386
sano,36,10,B_incremental,5506.0,1,38.31505805868956,2,60.42564673493386
sano,36,11,B_incremental,5506.0,1,38.31505805868956,2,60.42564673493386
sano,38,0,A_steiner,1574.0,3,46.007621725258375,4,244.81567530181763
sano,38,1,A_steiner,1574.0,3,46.007621725258375,4,244.81567530181763
sano,38,2,A_steiner,1574.0,3,46.007621725258375,4,244.81567530181763
sano,38,3,A_steiner,1574.0,3,46.007621725258375,4,244.81567530181763
sano,38,4,A_steiner,1574.0,3,46.007621725258375,4,244.81567530181763
sano,38,5,A_steiner,1574.0,3,46.007621725258375,4,244.81567530181763
sano,38,6,B_incremental,1574.0,3,46.007621725258375,4,244.81567530181763
sano,38,7,B_incremental,1574.0,3,46.007621725258375,4,244.81567530181763
sano,38,8,B_incremental,1574.0,3,46.007621725258375,4,244.81567530181763
sano,38,9,B_incremental,1574.0,3,46.007621725258375,4,244.81567530181763
sano,38,10,B_incremental,1574.0,3,46.007621725258375,4,244.81567530181763
sano,38,11,B_incremental,1574.0,3,46.007621725258375,4,244.81567530181763
sano,39,0,A_steiner,3942.0,1,93.52768133468632,2,275.14089493247195
sano,39,1,A_steiner,3942.0,1,93.52768133468632,2,275.14089493247195
sano,39,2,A_steiner,3942.0,1,93.52768133468632,2,275.14089493247195
sano,39,3,A_steiner,3942.0,1,93.52768133468632,2,275.14089493247195
sano,39,4,A_steiner,3942.0,1,93.52768133468632,2,275.14089493247195
sano,39,5,A_steiner,3942.0,1,93.52768133468632,2,275.14089493247195
sano,39,6,B_incremental,3942.0,1,93.52768133468632,2,275.14089493247195
sano,39,7,B_incremental,3942.0,1,93.52768133468632,2,275.14089493247195
sano,39,8,B_incremental,3942.0,1,93.52768133468632,2,275.14089493247195
sano,39,9,B_incremental,3942.0,1,93.52768133468632,2,275.14089493247195
sano,39,10,B_incremental,3942.0,1,93.52768133468632,2,275.14089493247195
sano,39,11,B_incremental,3942.0,1,93.52768133468632,2,275.14089493247195
sano,40,0,A_steiner,83.0,2,46.87549263237843,3,55.7024904695949
sano,40,1,A_steiner,83.0,2,46.87549263237843,3,55.7024904695949
sano,40,2,A_steiner,83.0,2,46.87549263237843,3,55.7024904695949
sano,40,3,A_steiner,83.0,2,46.87549263237843,3,55.7024904695949
sano,40,4,A_steiner,83.0,2,46.87549263237843,3,55.7024904695949
sano,40,5,A_steiner,83.0,2,46.87549263237843,3,55.7024904695949
sano,40,6,B_incremental,83.0,2,46.87549263237843,3,55.7024904695949
sano,40,7,B_incremental,83.0,2,46.87549263237843,3,55.7024904695949
sano,40,8,B_incremental,83.0,2,46.87549263237843,3,55.7024904695949
sano,40,9,B_incremental,83.0,2,46.87549263237843,3,55.7024904695949
sano,40,10,B_incremental,83.0,2,46.87549263237843,3,55.7024904695949
sano,40,11,B_incremental,83.0,2,46.87549263237843,3,55.7024904695949
sano,41,0,A_steiner,1803.0,2,65.0056119598279,3,194.58583236336182
sano,41,1,A_steiner,1803.0,2,65.0056119598279,3,194.58583236336182
sano,41,2,A_steiner,1803.0,2,65.0056119598279,3,194.58583236336182
sano,41,3,A_steiner,1803.0,2,65.0056119598279,3,194.58583236336182
sano,41,4,A_steiner,1803.0,2,65.0056119598279,3,194.58583236336182
sano,41,5,A_steiner,1803.0,2,65.0056119598279,3,194.58583236336182
sano,41,6,B_incremental,1803.0,2,65.0056119598279,3,194.58583236336182
sano,41,7,B_incremental,1803.0,2,65.0056119598279,3,194.58583236336182
sano,41,8,B_incremental,1803.0,2,65.0056119598279,3,194.58583236336182
sano,41,9,B_incremental,1803.0,2,65.0056119598279,3,194.58583236336182
sano,41,10,B_incremental,1803.0,2,65.0056119598279,3,194.58583236336182
sano,41,11,B_incremental,1803.0,2,65.0056119598279,3,194.58583236336182
sano,42,0,A_steiner,1708.0,3,155.12099400405032,4,209.11542121555368
sano,42,1,A_steiner,1708.0,3,155.12099400405032,4,209.11542121555368
sano,42,2,A_steiner,1708.0,3,155.12099400405032,4,209.11542121555368
sano,42,3,A_steiner,1708.0,3,155.12099400405032,4,209.11542121555368
sano,42,4,A_steiner,1708.0,3,155.12099400405032,4,209.11542121555368
sano,42,5,A_steiner,1708.0,3,155.12099400405032,4,209.11542121555368
sano,42,6,B_incremental,1708.0,3,155.12099400405032,4,209.11542121555368
sano,42,7,B_incremental,1708.0,3,155.12099400405032,4,209.11542121555368
sano,42,8,B_incremental,1708.0,3,155.12099400405032,4,209.11542121555368
sano,42,9,B_incremental,1708.0,3,155.12099400405032,4,209.11542121555368
sano,42,10,B_incremental,1708.0,3,155.12099400405032,4,209.11542121555368
sano,42,11,B_incremental,1708.0,3,155.12099400405032,4,209.11542121555368
sano,43,0,A_steiner,1679.0,2,88.42335439186655,3,288.86780563063695
sano,43,1,A_steiner,1679.0,2,88.42335439186655,3,288.86780563063695
sano,43,2,A_steiner,1679.0,2,88.42335439186655,3,288.86780563063695
sano,43,3,A_steiner,1679.0,2,88.42335439186655,3,288.86780563063695
sano,43,4,A_steiner,1679.0,2,88.42335439186655,3,288.86780563063695
sano,43,5,A_steiner,1679.0,2,88.42335439186655,3,288.86780563063695
sano,43,6,B_incremental,1679.0,2,88.42335439186655,3,288.86780563063695
sano,43,7,B_incremental,1679.0,2,88.42335439186655,3,288.86780563063695
sano,43,8,B_incremental,1679.0,2,88.42335439186655,3,288.86780563063695
sano,43,9,B_incremental,1679.0,2,88.42335439186655,3,288.86780563063695
sano,43,10,B_incremental,1679.0,2,88.42335439186655,3,288.86780563063695
sano,43,11,B_incremental,1679.0,2,88.42335439186655,3,288.86780563063695
sano,45,0,A_steiner,1427.0,5,178.296332352584,6,344.09225847702675
sano,45,1,A_steiner,1427.0,5,182.52145778605478,6,344.09225847702675
sano,45,2,A_steiner,1427.0,5,178.296332352584,6,344.09225847702675
sano,45,3,A_steiner,1427.0,5,178.296332352584,6,344.09225847702675
sano,45,4,A_steiner,1427.0,5,178.296332352584,6,344.09225847702675
sano,45,5,A_steiner,1427.0,5,178.296332352584,6,344.09225847702675
sano,45,6,B_incremental,1427.0,5,178.296332352584,6,344.09225847702675
sano,45,7,B_incremental,1427.0,5,182.52145778605478,6,344.09225847702675
sano,45,8,B_incremental,1427.0,5,178.29633235258402,6,344.09225847702675
sano,45,9,B_incremental,1427.0,5,182.52145778605478,6,344.09225847702675
sano,45,10,B_incremental,1427.0,5,178.29633235258402,6,344.09225847702675
sano,45,11,B_incremental,1427.0,5,182.5214577860548,6,344.09225847702675
sano,47,0,A_steiner,1744.0,3,115.51024748068279,4,172.79665557000783
sano,47,1,A_steiner,1744.0,3,115.51024748068279,4,172.79665557000783
sano,47,2,A_steiner,1744.0,3,115.51024748068279,4,172.79665557000783
sano,47,3,A_steiner,1744.0,3,115.51024748068279,4,172.79665557000783
sano,47,4,A_steiner,1744.0,3,115.51024748068279,4,172.79665557000783
sano,47,5,A_steiner,1744.0,3,115.51024748068279,4,172.79665557000783
sano,47,6,B_incremental,1744.0,3,115.51024748068279,4,172.79665557000783
sano,47,7,B_incremental,1744.0,3,115.51024748068278,4,172.79665557000783
sano,47,8,B_incremental,1744.0,3,115.51024748068279,4,172.79665557000783
sano,47,9,B_incremental,1744.0,3,115.51024748068278,4,172.79665557000783
sano,47,10,B_incremental,1744.0,3,115.51024748068279,4,172.79665557000783
sano,47,11,B_incremental,1744.0,3,115.51024748068278,4,172.79665557000783
sano,48,0,A_steiner,1771.0,2,81.88433139186385,3,170.12480048594932
sano,48,1,A_steiner,1771.0,2,81.88433139186385,3,170.12480048594932
sano,48,2,A_steiner,1771.0,2,81.88433139186385,3,170.12480048594932
sano,48,3,A_steiner,1771.0,2,81.88433139186385,3,170.12480048594932
sano,48,4,A_steiner,1771.0,2,81.88433139186385,3,170.12480048594932
sano,48,5,A_steiner,1771.0,2,81.88433139186385,3,170.12480048594932
sano,48,6,B_incremental,1771.0,2,81.88433139186385,3,170.12480048594932
sano,48,7,B_incremental,1771.0,2,81.88433139186385,3,170.12480048594932
sano,48,8,B_incremental,1771.0,2,81.88433139186385,3,170.12480048594932
sano,48,9,B_incremental,1771.0,2,81.88433139186385,3,170.12480048594932
sano,48,10,B_incremental,1771.0,2,81.88433139186385,3,170.12480048594932
sano,48,11,B_incremental,1771.0,2,81.88433139186385,3,170.12480048594932
sano,49,0,A_steiner,1497.0,2,58.41499705436624,3,184.66626034238558
sano,49,1,A_steiner,1497.0,2,58.41499705436624,3,184.66626034238558
sano,49,2,A_steiner,1497.0,2,58.41499705436624,3,184.66626034238558
sano,49,3,A_steiner,1497.0,2,58.41499705436624,3,184.66626034238558
sano,49,4,A_steiner,1497.0,2,58.41499705436624,3,184.66626034238558
sano,49,5,A_steiner,1497.0,2,58.41499705436624,3,184.66626034238558
sano,49,6,B_incremental,1497.0,2,58.41499705436624,3,184.66626034238558
sano,49,7,B_incremental,1497.0,2,58.41499705436624,3,184.66626034238558
sano,49,8,B_incremental,1497.0,2,58.41499705436624,3,184.66626034238558
sano,49,9,B_incremental,1497.0,2,58.41499705436624,3,184.66626034238558
sano,49,10,B_incremental,1497.0,2,58.41499705436624,3,184.66626034238558
sano,49,11,B_incremental,1497.0,2,58.41499705436624,3,184.66626034238558
sano,50,0,A_steiner,4830.0,2,101.18087438456078,3,176.3208928683448
sano,50,1,A_steiner,4830.0,2,101.18087438456078,3,176.3208928683448
sano,50,2,A_steiner,4830.0,2,101.18087438456078,3,176.3208928683448
sano,50,3,A_steiner,4830.0,2,101.18087438456078,3,176.3208928683448
sano,50,4,A_steiner,4830.0,2,101.18087438456078,3,176.3208928683448
sano,50,5,A_steiner,4830.0,2,101.18087438456078,3,176.3208928683448
sano,50,6,B_incremental,4830.0,2,101.18087438456078,3,176.3208928683448
sano,50,7,B_incremental,4830.0,2,101.18087438456078,3,176.3208928683448
sano,50,8,B_incremental,4830.0,2,101.18087438456078,3,176.3208928683448
sano,50,9,B_incremental,4830.0,2,101.18087438456078,3,176.3208928683448
sano,50,10,B_incremental,4830.0,2,101.18087438456078,3,176.3208928683448
sano,50,11,B_incremental,4830.0,2,101.18087438456078,3,176.3208928683448
sano,52,0,A_steiner,1752.0,2,122.43667462494163,3,127.95876377729067
sano,52,1,A_steiner,1752.0,2,122.43667462494163,3,127.95876377729067
sano,52,2,A_steiner,1752.0,2,122.43667462494163,3,127.95876377729067
sano,52,3,A_steiner,1752.0,2,122.43667462494163,3,127.95876377729067
sano,52,4,A_steiner,1752.0,2,122.43667462494163,3,127.95876377729067
sano,52,5,A_steiner,1752.0,2,122.43667462494163,3,127.95876377729067
sano,52,6,B_incremental,1752.0,2,122.43667462494163,3,127.95876377729067
sano,52,7,B_incremental,1752.0,2,122.43667462494163,3,127.95876377729067
sano,52,8,B_incremental,1752.0,2,122.43667462494163,3,127.95876377729067
sano,52,9,B_incremental,1752.0,2,122.43667462494163,3,127.95876377729067
sano,52,10,B_incremental,1752.0,2,122.43667462494163,3,127.95876377729067
sano,52,11,B_incremental,1752.0,2,122.43667462494163,3,127.95876377729067
sano,53,0,A_steiner,1798.0,1,48.3669039384512,2,81.30188244959638
sano,53,1,A_steiner,1798.0,1,48.3669039384512,2,81.30188244959638
sano,53,2,A_steiner,1798.0,1,48.3669039384512,2,81.30188244959638
sano,53,3,A_steiner,1798.0,1,48.3669039384512,2,81.30188244959638
sano,53,4,A_steiner,1798.0,1,48.3669039384512,2,81.30188244959638
sano,53,5,A_steiner,1798.0,1,48.3669039384512,2,81.30188244959638
sano,53,6,B_incremental,1798.0,1,48.3669039384512,2,81.30188244959638
sano,53,7,B_incremental,1798.0,1,48.3669039384512,2,81.30188244959638
sano,53,8,B_incremental,1798.0,1,48.3669039384512,2,81.30188244959638
sano,53,9,B_incremental,1798.0,1,48.3669039384512,2,81.30188244959638
sano,53,10,B_incremental,1798.0,1,48.3669039384512,2,81.30188244959638
sano,53,11,B_incremental,1798.0,1,48.3669039384512,2,81.30188244959638
sano,54,0,A_steiner,4536.0,1,119.07914570170666,2,115.02976313467708
sano,54,1,A_steiner,4536.0,1,119.07914570170666,2,115.02976313467708
sano,54,2,A_steiner,4536.0,1,119.07914570170666,2,115.02976313467708
sano,54,3,A_steiner,4536.0,1,119.07914570170666,2,115.02976313467708
sano,54,4,A_steiner,4536.0,1,119.07914570170666,2,115.02976313467708
sano,54,5,A_steiner,4536.0,1,119.07914570170666,2,115.02976313467708
sano,54,6,B_incremental,4536.0,1,119.07914570170666,2,115.02976313467708
sano,54,7,B_incremental,4536.0,1,119.07914570170666,2,115.02976313467708
sano,54,8,B_incremental,4536.0,1,119.07914570170666,2,115.02976313467708
sano,54,9,B_incremental,4536.0,1,119.07914570170666,2,115.02976313467708
sano,54,10,B_incremental,4536.0,1,119.07914570170666,2,115.02976313467708
sano,54,11,B_incremental,4536.0,1,119.07914570170666,2,115.02976313467708
sano,55,0,A_steiner,5191.0,1,111.16571604176032,2,243.02195817954535
sano,55,1,A_steiner,5191.0,1,111.16571604176032,2,243.02195817954535
sano,55,2,A_steiner,5191.0,1,111.16571604176032,2,243.02195817954535
sano,55,3,A_steiner,5191.0,1,111.16571604176032,2,243.02195817954535
sano,55,4,A_steiner,5191.0,1,111.16571604176032,2,243.02195817954535
sano,55,5,A_steiner,5191.0,1,111.16571604176032,2,243.02195817954535
sano,55,6,B_incremental,5191.0,1,111.16571604176032,2,243.02195817954535
sano,55,7,B_incremental,5191.0,1,111.16571604176032,2,243.02195817954535
sano,55,8,B_incremental,5191.0,1,111.16571604176032,2,243.02195817954535
sano,55,9,B_incremental,5191.0,1,111.16571604176032,2,243.02195817954535
sano,55,10,B_incremental,5191.0,1,111.16571604176032,2,243.02195817954535
sano,55,11,B_incremental,5191.0,1,111.16571604176032,2,243.02195817954535
sano,56,0,A_steiner,1753.0,4,232.86888681543078,3,184.7682390262443
sano,56,1,A_steiner,1753.0,4,232.86888681543078,3,184.7682390262443
sano,56,2,A_steiner,1753.0,4,232.86888681543078,3,184.7682390262443
sano,56,3,A_steiner,1753.0,4,232.86888681543078,3,184.7682390262443
sano,56,4,A_steiner,1753.0,4,232.86888681543078,3,184.7682390262443
sano,56,5,A_steiner,1753.0,4,232.86888681543078,3,184.7682390262443
sano,56,6,B_incremental,1753.0,4,232.8688868154308,3,184.7682390262443
sano,56,7,B_incremental,1753.0,4,232.86888681543078,3,184.7682390262443
sano,56,8,B_incremental,1753.0,4,232.86888681543078,3,184.7682390262443
sano,56,9,B_incremental,1753.0,4,232.8688868154308,3,184.7682390262443
sano,56,10,B_incremental,1753.0,4,232.86888681543078,3,184.7682390262443
sano,56,11,B_incremental,1753.0,4,232.86888681543078,3,184.7682390262443
sano,57,0,A_steiner,4563.0,2,46.6368848854199,3,199.2165379854506
sano,57,1,A_steiner,4563.0,2,46.6368848854199,3,199.2165379854506
sano,57,2,A_steiner,4563.0,2,46.6368848854199,3,199.2165379854506
sano,57,3,A_steiner,4563.0,2,46.6368848854199,3,199.2165379854506
sano,57,4,A_steiner,4563.0,2,46.6368848854199,3,199.2165379854506
sano,57,5,A_steiner,4563.0,2,46.6368848854199,3,199.2165379854506
sano,57,6,B_incremental,4563.0,2,46.6368848854199,3,199.2165379854506
sano,57,7,B_incremental,4563.0,2,46.6368848854199,3,199.2165379854506
sano,57,8,B_incremental,4563.0,2,46.6368848854199,3,199.2165379854506
sano,57,9,B_incremental,4563.0,2,46.6368848854199,3,199.2165379854506
sano,57,10,B_incremental,4563.0,2,46.6368848854199,3,199.2165379854506
sano,57,11,B_incremental,4563.0,2,46.6368848854199,3,199.2165379854506
sano,58,0,A_steiner,1467.0,1,46.65243099062436,2,58.31772491524943
sano,58,1,A_steiner,1467.0,1,46.65243099062436,2,58.31772491524943
sano,58,2,A_steiner,1467.0,1,46.65243099062436,2,58.31772491524943
sano,58,3,A_steiner,1467.0,1,46.65243099062436,2,58.31772491524943
sano,58,4,A_steiner,1467.0,1,46.65243099062436,2,58.31772491524943
sano,58,5,A_steiner,1467.0,1,46.65243099062436,2,58.31772491524943
sano,58,6,B_incremental,1467.0,1,46.65243099062436,2,58.31772491524943
sano,58,7,B_incremental,1467.0,1,46.65243099062436,2,58.31772491524943
sano,58,8,B_incremental,1467.0,1,46.65243099062436,2,58.31772491524943
sano,58,9,B_incremental,1467.0,1,46.65243099062436,2,58.31772491524943
sano,58,10,B_incremental,1467.0,1,46.65243099062436,2,58.31772491524943
sano,58,11,B_incremental,1467.0,1,46.65243099062436,2,58.31772491524943
sano,59,0,A_steiner,1725.0,2,107.26142079462883,2,84.4644223097527
sano,59,1,A_steiner,1725.0,2,107.26142079462883,2,84.4644223097527
sano,59,2,A_steiner,1725.0,2,107.26142079462883,2,84.4644223097527
sano,59,3,A_steiner,1725.0,2,107.26142079462883,2,84.4644223097527
sano,59,4,A_steiner,1725.0,2,107.26142079462883,2,84.4644223097527
sano,59,5,A_steiner,1725.0,2,107.26142079462883,2,84.4644223097527
sano,59,6,B_incremental,1725.0,2,107.26142079462883,2,84.4644223097527
sano,59,7,B_incremental,1725.0,2,107.26142079462883,2,84.4644223097527
sano,59,8,B_incremental,1725.0,2,107.26142079462883,2,84.4644223097527
sano,59,9,B_incremental,1725.0,2,107.26142079462883,2,84.4644223097527
sano,59,10,B_incremental,1725.0,2,107.26142079462883,2,84.4644223097527
sano,59,11,B_incremental,1725.0,2,107.26142079462883,2,84.4644223097527
sano,61,0,A_steiner,4808.0,2,89.98611334500477,3,99.00917734654911
sano,61,1,A_steiner,4808.0,2,89.98611334500477,3,99.00917734654911
sano,61,2,A_steiner,4808.0,2,89.98611334500477,3,99.00917734654911
sano,61,3,A_steiner,4808.0,2,89.98611334500477,3,99.00917734654911
sano,61,4,A_steiner,4808.0,2,89.98611334500477,3,99.00917734654911
sano,61,5,A_steiner,4808.0,2,89.98611334500477,3,99.00917734654911
sano,61,6,B_incremental,4808.0,2,89.98611334500477,3,99.00917734654911
sano,61,7,B_incremental,4808.0,2,89.98611334500477,3,99.00917734654911
sano,61,8,B_incremental,4808.0,2,89.98611334500477,3,99.00917734654911
sano,61,9,B_incremental,4808.0,2,89.98611334500477,3,99.00917734654911
sano,61,10,B_incremental,4808.0,2,89.98611334500477,3,99.00917734654911
sano,61,11,B_incremental,4808.0,2,89.98611334500477,3,99.00917734654911
sano,62,0,A_steiner,1902.0,2,41.55631706104304,3,57.78969896073461
sano,62,1,A_steiner,1902.0,2,41.55631706104304,3,57.78969896073461
sano,62,2,A_steiner,1902.0,2,41.55631706104304,3,57.78969896073461
sano,62,3,A_steiner,1902.0,2,41.55631706104304,3,57.78969896073461
sano,62,4,A_steiner,1902.0,2,41.55631706104304,3,57.78969896073461
sano,62,5,A_steiner,1902.0,2,41.55631706104304,3,57.78969896073461
sano,62,6,B_incremental,1902.0,2,41.55631706104304,3,57.78969896073461
sano,62,7,B_incremental,1902.0,2,41.55631706104304,3,57.78969896073461
sano,62,8,B_incremental,1902.0,2,41.55631706104304,3,57.78969896073461
sano,62,9,B_incremental,1902.0,2,41.55631706104304,3,57.78969896073461
sano,62,10,B_incremental,1902.0,2,41.55631706104304,3,57.78969896073461
sano,62,11,B_incremental,1902.0,2,41.55631706104304,3,57.78969896073461
sano,63,0,A_steiner,1851.0,2,104.65551024845315,3,210.3426827814717
sano,63,1,A_steiner,1851.0,2,104.65551024845315,3,210.3426827814717
sano,63,2,A_steiner,1851.0,2,104.65551024845315,3,210.3426827814717
sano,63,3,A_steiner,1851.0,2,104.65551024845315,3,210.3426827814717
sano,63,4,A_steiner,1851.0,2,104.65551024845315,3,210.3426827814717
sano,63,5,A_steiner,1851.0,2,104.65551024845315,3,210.3426827814717
sano,63,6,B_incremental,1851.0,2,104.65551024845315,3,210.3426827814717
sano,63,7,B_incremental,1851.0,2,104.65551024845315,3,210.3426827814717
sano,63,8,B_incremental,1851.0,2,104.65551024845315,3,210.3426827814717
sano,63,9,B_incremental,1851.0,2,104.65551024845315,3,210.3426827814717
sano,63,10,B_incremental,1851.0,2,104.65551024845315,3,210.3426827814717
sano,63,11,B_incremental,1851.0,2,104.65551024845315,3,210.3426827814717
sano,64,0,A_steiner,4997.0,1,59.34770008681473,2,70.15418645047498
sano,64,1,A_steiner,4997.0,1,59.34770008681473,2,70.15418645047498
sano,64,2,A_steiner,4997.0,1,59.34770008681473,2,70.15418645047498
sano,64,3,A_steiner,4997.0,1,59.34770008681473,2,70.15418645047498
sano,64,4,A_steiner,4997.0,1,59.34770008681473,2,70.15418645047498
sano,64,5,A_steiner,4997.0,1,59.34770008681473,2,70.15418645047498
sano,64,6,B_incremental,4997.0,1,59.34770008681473,2,70.15418645047498
sano,64,7,B_incremental,4997.0,1,59.34770008681473,2,70.15418645047498
sano,64,8,B_incremental,4997.0,1,59.34770008681473,2,70.15418645047498
sano,64,9,B_incremental,4997.0,1,59.34770008681473,2,70.15418645047498
sano,64,10,B_incremental,4997.0,1,59.34770008681473,2,70.15418645047498
sano,64,11,B_incremental,4997.0,1,59.34770008681473,2,70.15418645047498
sano,65,0,A_steiner,1677.0,8,538.1113711841575,4,271.8535774054824
sano,65,1,A_steiner,1677.0,8,538.1113711841575,4,271.8535774054824
sano,65,2,A_steiner,1677.0,8,538.1113711841575,4,271.8535774054824
sano,65,3,A_steiner,1677.0,8,538.1113711841575,4,271.8535774054824
sano,65,4,A_steiner,1677.0,8,538.1113711841575,4,271.8535774054824
sano,65,5,A_steiner,1677.0,8,538.1113711841575,4,271.8535774054824
sano,65,6,B_incremental,1677.0,8,538.1113711841575,4,271.8535774054824
sano,65,7,B_incremental,1677.0,8,538.1113711841574,4,271.8535774054824
sano,65,8,B_incremental,1677.0,8,538.1113711841575,4,271.8535774054824
sano,65,9,B_incremental,1677.0,8,538.1113711841575,4,271.8535774054824
sano,65,10,B_incremental,1677.0,8,538.1113711841575,4,271.8535774054824
sano,65,11,B_incremental,1677.0,8,538.1113711841575,4,271.8535774054824
sano,66,0,A_steiner,6222.0,1,10.68117805243973,2,26.288979325782957
sano,66,1,A_steiner,6222.0,1,10.68117805243973,2,26.288979325782957
sano,66,2,A_steiner,6222.0,1,10.68117805243973,2,26.288979325782957
sano,66,3,A_steiner,6222.0,1,10.68117805243973,2,26.288979325782957
sano,66,4,A_steiner,6222.0,1,10.68117805243973,2,26.288979325782957
sano,66,5,A_steiner,6222.0,1,10.68117805243973,2,26.288979325782957
sano,66,6,B_incremental,6222.0,1,10.68117805243973,2,26.288979325782957
sano,66,7,B_incremental,6222.0,1,10.68117805243973,2,26.288979325782957
sano,66,8,B_incremental,6222.0,1,10.68117805243973,2,26.288979325782957
sano,66,9,B_incremental,6222.0,1,10.68117805243973,2,26.288979325782957
sano,66,10,B_incremental,6222.0,1,10.68117805243973,2,26.288979325782957
sano,66,11,B_incremental,6222.0,1,10.68117805243973,2,26.288979325782957
sano,68,0,A_steiner,5196.0,3,405.59968953129544,2,174.82257560454215
sano,68,1,A_steiner,5196.0,3,405.59968953129544,2,174.82257560454215
sano,68,2,A_steiner,5196.0,3,405.59968953129544,2,174.82257560454215
sano,68,3,A_steiner,5196.0,3,405.59968953129544,2,174.82257560454215
sano,68,4,A_steiner,5196.0,3,405.59968953129544,2,174.82257560454215
sano,68,5,A_steiner,5196.0,3,405.59968953129544,2,174.82257560454215
sano,68,6,B_incremental,5196.0,3,405.59968953129544,2,174.82257560454215
sano,68,7,B_incremental,5196.0,3,405.59968953129544,2,174.82257560454215
sano,68,8,B_incremental,5196.0,3,405.59968953129544,2,174.82257560454215
sano,68,9,B_incremental,5196.0,3,405.59968953129544,2,174.82257560454215
sano,68,10,B_incremental,5196.0,3,405.59968953129544,2,174.82257560454215
sano,68,11,B_incremental,5196.0,3,405.59968953129544,2,174.82257560454215
sano,69,0,A_steiner,6220.0,4,142.75452593141216,2,176.55653452355494
sano,69,1,A_steiner,6220.0,4,142.75452593141216,2,176.55653452355494
sano,69,2,A_steiner,6220.0,4,142.75452593141216,2,176.55653452355494
sano,69,3,A_steiner,6220.0,4,142.75452593141216,2,176.55653452355494
sano,69,4,A_steiner,6220.0,4,142.75452593141216,2,176.55653452355494
sano,69,5,A_steiner,6220.0,4,142.75452593141216,2,176.55653452355494
sano,69,6,B_incremental,6220.0,4,142.75452593141216,2,176.55653452355494
sano,69,7,B_incremental,6220.0,4,142.75452593141216,2,176.55653452355494
sano,69,8,B_incremental,6220.0,4,142.75452593141216,2,176.55653452355494
sano,69,9,B_incremental,6220.0,4,142.75452593141216,2,176.55653452355494
sano,69,10,B_incremental,6220.0,4,142.75452593141216,2,176.55653452355494
sano,69,11,B_incremental,6220.0,4,142.75452593141216,2,176.55653452355494
sano,70,0,A_steiner,4846.0,3,416.4177719549909,3,93.47124641818061
sano,70,1,A_steiner,4846.0,3,416.4177719549909,3,93.47124641818061
sano,70,2,A_steiner,4846.0,3,416.4177719549909,3,93.47124641818061
sano,70,3,A_steiner,4846.0,3,416.4177719549909,3,93.47124641818061
sano,70,4,A_steiner,4846.0,3,416.4177719549909,3,93.47124641818061
sano,70,5,A_steiner,4846.0,3,416.4177719549909,3,93.47124641818061
sano,70,6,B_incremental,4846.0,3,416.4177719549908,3,93.47124641818061
sano,70,7,B_incremental,4846.0,3,416.4177719549908,3,93.47124641818061
sano,70,8,B_incremental,4846.0,3,416.4177719549908,3,93.47124641818061
sano,70,9,B_incremental,4846.0,3,416.4177719549908,3,93.47124641818061
sano,70,10,B_incremental,4846.0,3,416.4177719549908,3,93.47124641818061
sano,70,11,B_incremental,4846.0,3,416.4177719549908,3,93.47124641818061
sano,72,0,A_steiner,5222.0,1,25.35580880970179,2,51.911362610428256
sano,72,1,A_steiner,5222.0,1,25.35580880970179,2,51.911362610428256
sano,72,2,A_steiner,5222.0,1,25.35580880970179,2,51.911362610428256
sano,72,3,A_steiner,5222.0,1,25.35580880970179,2,51.911362610428256
sano,72,4,A_steiner,5222.0,1,25.35580880970179,2,51.911362610428256
sano,72,5,A_steiner,5222.0,1,25.35580880970179,2,51.911362610428256
sano,72,6,B_incremental,5222.0,1,25.35580880970179,2,51.911362610428256
sano,72,7,B_incremental,5222.0,1,25.35580880970179,2,51.911362610428256
sano,72,8,B_incremental,5222.0,1,25.35580880970179,2,51.911362610428256
sano,72,9,B_incremental,5222.0,1,25.35580880970179,2,51.911362610428256
sano,72,10,B_incremental,5222.0,1,25.35580880970179,2,51.911362610428256
sano,72,11,B_incremental,5222.0,1,25.35580880970179,2,51.911362610428256
sano,73,0,A_steiner,4023.0,1,64.72865043091407,2,176.72031651310738
sano,73,1,A_steiner,4023.0,1,64.72865043091407,2,176.72031651310738
sano,73,2,A_steiner,4023.0,1,64.72865043091407,2,176.72031651310738
sano,73,3,A_steiner,4023.0,1,64.72865043091407,2,176.72031651310738
sano,73,4,A_steiner,4023.0,1,64.72865043091407,2,176.72031651310738
sano,73,5,A_steiner,4023.0,1,64.72865043091407,2,176.72031651310738
sano,73,6,B_incremental,4023.0,1,64.72865043091407,2,176.72031651310738
sano,73,7,B_incremental,4023.0,1,64.72865043091407,2,176.72031651310738
sano,73,8,B_incremental,4023.0,1,64.72865043091407,2,176.72031651310738
sano,73,9,B_incremental,4023.0,1,64.72865043091407,2,176.72031651310738
sano,73,10,B_incremental,4023.0,1,64.72865043091407,2,176.72031651310738
sano,73,11,B_incremental,4023.0,1,64.72865043091407,2,176.72031651310738
sano,74,0,A_steiner,3730.0,1,48.87648126786384,2,95.81952583170357
sano,74,1,A_steiner,3730.0,1,48.87648126786384,2,95.81952583170357
sano,74,2,A_steiner,3730.0,1,48.87648126786384,2,95.81952583170357
sano,74,3,A_steiner,3730.0,1,48.87648126786384,2,95.81952583170357
sano,74,4,A_steiner,3730.0,1,48.87648126786384,2,95.81952583170357
sano,74,5,A_steiner,3730.0,1,48.87648126786384,2,95.81952583170357
sano,74,6,B_incremental,3730.0,1,48.87648126786384,2,95.81952583170357
sano,74,7,B_incremental,3730.0,1,48.87648126786384,2,95.81952583170357
sano,74,8,B_incremental,3730.0,1,48.87648126786384,2,95.81952583170357
sano,74,9,B_incremental,3730.0,1,48.87648126786384,2,95.81952583170357
sano,74,10,B_incremental,3730.0,1,48.87648126786384,2,95.81952583170357
sano,74,11,B_incremental,3730.0,1,48.87648126786384,2,95.81952583170357
sano,75,0,A_steiner,6218.0,4,142.63245106351718,5,306.84333330710257
sano,75,1,A_steiner,6218.0,4,142.63245106351718,5,306.84333330710257
sano,75,2,A_steiner,6218.0,4,142.63245106351718,5,306.84333330710257
sano,75,3,A_steiner,6218.0,4,142.63245106351718,5,306.84333330710257
sano,75,4,A_steiner,6218.0,4,142.63245106351718,5,306.84333330710257
sano,75,5,A_steiner,6218.0,4,142.63245106351718,5,306.84333330710257
sano,75,6,B_incremental,6218.0,4,142.63245106351715,5,306.84333330710257
sano,75,7,B_incremental,6218.0,4,142.63245106351715,5,306.84333330710257
sano,75,8,B_incremental,6218.0,4,142.63245106351715,5,306.84333330710257
sano,75,9,B_incremental,6218.0,4,142.63245106351715,5,306.84333330710257
sano,75,10,B_incremental,6218.0,4,142.63245106351718,5,306.84333330710257
sano,75,11,B_incremental,6218.0,4,142.63245106351718,5,306.84333330710257
sano,76,0,A_steiner,1769.0,3,177.98545726527843,4,194.8218456373432
sano,76,1,A_steiner,1769.0,3,177.98545726527843,4,194.8218456373432
sano,76,2,A_steiner,1769.0,3,177.98545726527843,4,194.8218456373432
sano,76,3,A_steiner,1769.0,3,177.98545726527843,4,194.8218456373432
sano,76,4,A_steiner,1769.0,3,177.98545726527843,4,194.8218456373432
sano,76,5,A_steiner,1769.0,3,177.98545726527843,4,194.8218456373432
sano,76,6,B_incremental,1769.0,3,177.98545726527843,4,194.8218456373432
sano,76,7,B_incremental,1769.0,3,177.98545726527843,4,194.8218456373432
sano,76,8,B_incremental,1769.0,3,177.98545726527843,4,194.8218456373432
sano,76,9,B_incremental,1769.0,3,177.98545726527843,4,194.8218456373432
sano,76,10,B_incremental,1769.0,3,177.98545726527843,4,194.8218456373432
sano,76,11,B_incremental,1769.0,3,177.98545726527843,4,194.8218456373432
sano,77,0,A_steiner,6244.0,4,245.16375818216414,5,339.9389585123247
sano,77,1,A_steiner,6244.0,4,245.16375818216414,5,339.9389585123247
sano,77,2,A_steiner,6244.0,4,245.16375818216414,5,339.9389585123247
sano,77,3,A_steiner,6244.0,4,245.16375818216414,5,339.9389585123247
sano,77,4,A_steiner,6244.0,4,245.16375818216414,5,339.9389585123247
sano,77,5,A_steiner,6244.0,4,245.16375818216414,5,339.9389585123247
sano,77,6,B_incremental,6244.0,4,245.16375818216414,5,339.9389585123247
sano,77,7,B_incremental,6244.0,4,245.16375818216414,5,339.9389585123247
sano,77,8,B_incremental,6244.0,4,245.16375818216412,5,339.9389585123247
sano,77,9,B_incremental,6244.0,4,245.16375818216414,5,339.9389585123247
sano,77,10,B_incremental,6244.0,4,245.16375818216414,5,339.9389585123247
sano,77,11,B_incremental,6244.0,4,245.16375818216412,5,339.9389585123247
sano,80,0,A_steiner,4876.0,9,767.1654457566013,3,104.46210021304103
sano,80,1,A_steiner,4876.0,9,767.1654457566013,3,104.46210021304103
sano,80,2,A_steiner,4876.0,9,767.1654457566013,3,104.46210021304103
sano,80,3,A_steiner,4876.0,9,767.1654457566013,3,104.46210021304103
sano,80,4,A_steiner,4876.0,9,767.1654457566013,3,104.46210021304103
sano,80,5,A_steiner,4876.0,9,767.1654457566013,3,104.46210021304103
sano,80,6,B_incremental,4876.0,9,767.1654457566011,3,104.46210021304103
sano,80,7,B_incremental,4876.0,9,767.1654457566011,3,104.46210021304103
sano,80,8,B_incremental,4876.0,9,767.165445756601,3,104.46210021304103
sano,80,9,B_incremental,4876.0,9,767.1654457566011,3,104.46210021304103
sano,80,10,B_incremental,4876.0,9,767.1654457566011,3,104.46210021304103
sano,80,11,B_incremental,4876.0,9,767.1654457566011,3,104.46210021304103
sano,81,0,A_steiner,1730.0,4,221.45479497023928,2,95.7679822266328
sano,81,1,A_steiner,1730.0,4,221.45479497023928,2,95.7679822266328
sano,81,2,A_steiner,1730.0,4,221.45479497023928,2,95.7679822266328
sano,81,3,A_steiner,1730.0,4,221.45479497023928,2,95.7679822266328
sano,81,4,A_steiner,1730.0,4,221.45479497023928,2,95.7679822266328
sano,81,5,A_steiner,1730.0,4,221.45479497023928,2,95.7679822266328
sano,81,6,B_incremental,1730.0,4,221.45479497023928,2,95.7679822266328
sano,81,7,B_incremental,1730.0,4,221.45479497023928,2,95.7679822266328
sano,81,8,B_incremental,1730.0,4,221.45479497023928,2,95.7679822266328
sano,81,9,B_incremental,1730.0,4,221.45479497023928,2,95.7679822266328
sano,81,10,B_incremental,1730.0,4,221.45479497023928,2,95.7679822266328
sano,81,11,B_incremental,1730.0,4,221.45479497023928,2,95.7679822266328
sano,82,0,A_steiner,77.0,3,164.29750989610852,4,293.76394480860847
sano,82,1,A_steiner,77.0,3,164.29750989610852,4,293.76394480860847
sano,82,2,A_steiner,77.0,3,164.29750989610852,4,293.76394480860847
sano,82,3,A_steiner,77.0,3,164.29750989610852,4,293.76394480860847
sano,82,4,A_steiner,77.0,3,164.29750989610852,4,293.76394480860847
sano,82,5,A_steiner,77.0,3,164.29750989610852,4,293.76394480860847
sano,82,6,B_incremental,77.0,3,164.29750989610852,4,293.76394480860847
sano,82,7,B_incremental,77.0,3,164.29750989610852,4,293.76394480860847
sano,82,8,B_incremental,77.0,3,164.29750989610852,4,293.76394480860847
sano,82,9,B_incremental,77.0,3,164.29750989610852,4,293.76394480860847
sano,82,10,B_incremental,77.0,3,164.29750989610852,4,293.76394480860847
sano,82,11,B_incremental,77.0,3,164.29750989610852,4,293.76394480860847
sano,84,0,A_steiner,4638.0,3,81.54586617401016,4,308.8627513508273
sano,84,1,A_steiner,4638.0,3,81.54586617401016,4,308.8627513508273
sano,84,2,A_steiner,4638.0,3,81.54586617401016,4,308.8627513508273
sano,84,3,A_steiner,4638.0,3,81.54586617401016,4,308.8627513508273
sano,84,4,A_steiner,4638.0,3,81.54586617401016,4,308.8627513508273
sano,84,5,A_steiner,4638.0,3,81.54586617401016,4,308.8627513508273
sano,84,6,B_incremental,4638.0,3,81.54586617401014,4,308.8627513508273
sano,84,7,B_incremental,4638.0,3,81.54586617401014,4,308.8627513508273
sano,84,8,B_incremental,4638.0,3,81.54586617401016,4,308.8627513508273
sano,84,9,B_incremental,4638.0,3,81.54586617401014,4,308.8627513508273
sano,84,10,B_incremental,4638.0,3,81.54586617401016,4,308.8627513508273
sano,84,11,B_incremental,4638.0,3,81.54586617401016,4,308.8627513508273
sano,85,0,A_steiner,3721.0,1,51.68805824074923,2,171.65970783013694
sano,85,1,A_steiner,3721.0,1,51.68805824074923,2,171.65970783013694
sano,85,2,A_steiner,3721.0,1,51.68805824074923,2,171.65970783013694
sano,85,3,A_steiner,3721.0,1,51.68805824074923,2,171.65970783013694
sano,85,4,A_steiner,3721.0,1,51.68805824074923,2,171.65970783013694
sano,85,5,A_steiner,3721.0,1,51.68805824074923,2,171.65970783013694
sano,85,6,B_incremental,3721.0,1,51.68805824074923,2,171.65970783013694
sano,85,7,B_incremental,3721.0,1,51.68805824074923,2,171.65970783013694
sano,85,8,B_incremental,3721.0,1,51.68805824074923,2,171.65970783013694
sano,85,9,B_incremental,3721.0,1,51.68805824074923,2,171.65970783013694
sano,85,10,B_incremental,3721.0,1,51.68805824074923,2,171.65970783013694
sano,85,11,B_incremental,3721.0,1,51.68805824074923,2,171.65970783013694
sano,86,0,A_steiner,4875.0,1,37.74386159951427,2,89.20169408121673
sano,86,1,A_steiner,4875.0,1,37.74386159951427,2,89.20169408121673
sano,86,2,A_steiner,4875.0,1,37.74386159951427,2,89.20169408121673
sano,86,3,A_steiner,4875.0,1,37.74386159951427,2,89.20169408121673
sano,86,4,A_steiner,4875.0,1,37.74386159951427,2,89.20169408121673
sano,86,5,A_steiner,4875.0,1,37.74386159951427,2,89.20169408121673
sano,86,6,B_incremental,4875.0,1,37.74386159951427,2,89.20169408121673
sano,86,7,B_incremental,4875.0,1,37.74386159951427,2,89.20169408121673
sano,86,8,B_incremental,4875.0,1,37.74386159951427,2,89.20169408121673
sano,86,9,B_incremental,4875.0,1,37.74386159951427,2,89.20169408121673
sano,86,10,B_incremental,4875.0,1,37.74386159951427,2,89.20169408121673
sano,86,11,B_incremental,4875.0,1,37.74386159951427,2,89.20169408121673
sano,87,0,A_steiner,6204.0,3,189.52240597591242,4,256.9764168849703
sano,87,1,A_steiner,6204.0,3,189.52240597591242,4,256.9764168849703
sano,87,2,A_steiner,6204.0,3,189.52240597591242,4,256.9764168849703
sano,87,3,A_steiner,6204.0,3,189.52240597591242,4,256.9764168849703
sano,87,4,A_steiner,6204.0,3,189.52240597591242,4,256.9764168849703
sano,87,5,A_steiner,6204.0,3,189.52240597591242,4,256.9764168849703
sano,87,6,B_incremental,6204.0,3,189.52240597591242,4,256.9764168849703
sano,87,7,B_incremental,6204.0,3,189.52240597591242,4,256.9764168849703
sano,87,8,B_incremental,6204.0,3,189.52240597591242,4,256.9764168849703
sano,87,9,B_incremental,6204.0,3,189.52240597591242,4,256.9764168849703
sano,87,10,B_incremental,6204.0,3,189.52240597591242,4,256.9764168849703
sano,87,11,B_incremental,6204.0,3,189.52240597591242,4,256.9764168849703
sano,89,0,A_steiner,4570.0,3,52.43887172456718,4,134.7190323841536
sano,89,1,A_steiner,4570.0,3,52.43887172456718,4,134.7190323841536
sano,89,2,A_steiner,4570.0,3,52.43887172456718,4,134.7190323841536
sano,89,3,A_steiner,4570.0,3,52.43887172456718,4,134.7190323841536
sano,89,4,A_steiner,4570.0,3,52.43887172456718,4,134.7190323841536
sano,89,5,A_steiner,4570.0,3,52.43887172456718,4,134.7190323841536
sano,89,6,B_incremental,4570.0,3,52.43887172456718,4,134.7190323841536
sano,89,7,B_incremental,4570.0,3,52.43887172456718,4,134.7190323841536
sano,89,8,B_incremental,4570.0,3,52.43887172456718,4,134.7190323841536
sano,89,9,B_incremental,4570.0,3,52.43887172456718,4,134.7190323841536
sano,89,10,B_incremental,4570.0,3,52.43887172456718,4,134.7190323841536
sano,89,11,B_incremental,4570.0,3,52.43887172456718,4,134.7190323841536
sano,90,0,A_steiner,1832.0,4,178.3680797466034,5,188.23639409601412
sano,90,1,A_steiner,1832.0,4,178.3680797466034,5,188.23639409601412
sano,90,2,A_steiner,1832.0,4,178.3680797466034,5,188.23639409601412
sano,90,3,A_steiner,1832.0,4,178.3680797466034,5,188.23639409601412
sano,90,4,A_steiner,1832.0,4,178.3680797466034,5,188.23639409601412
sano,90,5,A_steiner,1832.0,4,178.3680797466034,5,188.23639409601412
sano,90,6,B_incremental,1832.0,4,178.3680797466034,5,188.23639409601412
sano,90,7,B_incremental,1832.0,4,178.3680797466034,5,188.23639409601412
sano,90,8,B_incremental,1832.0,4,178.3680797466034,5,188.23639409601412
sano,90,9,B_incremental,1832.0,4,178.3680797466034,5,188.23639409601412
sano,90,10,B_incremental,1832.0,4,178.3680797466034,5,188.23639409601412
sano,90,11,B_incremental,1832.0,4,178.3680797466034,5,188.23639409601412
sano,91,0,A_steiner,5012.0,1,55.44494121424621,2,43.91514496467487
sano,91,1,A_steiner,5012.0,1,55.44494121424621,2,43.91514496467487
sano,91,2,A_steiner,5012.0,1,55.44494121424621,2,43.91514496467487
sano,91,3,A_steiner,5012.0,1,55.44494121424621,2,43.91514496467487
sano,91,4,A_steiner,5012.0,1,55.44494121424621,2,43.91514496467487
sano,91,5,A_steiner,5012.0,1,55.44494121424621,2,43.91514496467487
sano,91,6,B_incremental,5012.0,1,55.44494121424621,2,43.91514496467487
sano,91,7,B_incremental,5012.0,1,55.44494121424621,2,43.91514496467487
sano,91,8,B_incremental,5012.0,1,55.44494121424621,2,43.91514496467487
sano,91,9,B_incremental,5012.0,1,55.44494121424621,2,43.91514496467487
sano,91,10,B_incremental,5012.0,1,55.44494121424621,2,43.91514496467487
sano,91,11,B_incremental,5012.0,1,55.44494121424621,2,43.91514496467487
sano,92,0,A_steiner,1448.0,2,65.49937832424126,3,179.33136009594432
sano,92,1,A_steiner,1448.0,2,65.49937832424126,3,179.33136009594432
sano,92,2,A_steiner,1448.0,2,65.49937832424126,3,179.33136009594432
sano,92,3,A_steiner,1448.0,2,65.49937832424126,3,179.33136009594432
sano,92,4,A_steiner,1448.0,2,65.49937832424126,3,179.33136009594432
sano,92,5,A_steiner,1448.0,2,65.49937832424126,3,179.33136009594432
sano,92,6,B_incremental,1448.0,2,65.49937832424126,3,179.33136009594432
sano,92,7,B_incremental,1448.0,2,65.49937832424126,3,179.33136009594432
sano,92,8,B_incremental,1448.0,2,65.49937832424126,3,179.33136009594432
sano,92,9,B_incremental,1448.0,2,65.49937832424126,3,179.33136009594432
sano,92,10,B_incremental,1448.0,2,65.49937832424126,3,179.33136009594432
sano,92,11,B_incremental,1448.0,2,65.49937832424126,3,179.33136009594432
sano,95,0,A_steiner,5695.0,4,247.99609032388014,3,226.59664714588763
sano,95,1,A_steiner,5695.0,4,247.99609032388014,3,226.59664714588763
sano,95,2,A_steiner,5695.0,4,247.99609032388014,3,226.59664714588763
sano,95,3,A_steiner,5695.0,4,247.99609032388014,3,226.59664714588763
sano,95,4,A_steiner,5695.0,4,247.99609032388014,3,226.59664714588763
sano,95,5,A_steiner,5695.0,4,247.99609032388014,3,226.59664714588763
sano,95,6,B_incremental,5695.0,4,247.9960903238801,3,226.59664714588763
sano,95,7,B_incremental,5695.0,4,247.9960903238801,3,226.59664714588763
sano,95,8,B_incremental,5695.0,4,267.81641225830003,3,226.59664714588763
sano,95,9,B_incremental,5695.0,4,267.81641225830003,3,226.59664714588763
sano,95,10,B_incremental,5695.0,4,267.81641225830003,3,226.59664714588763
sano,95,11,B_incremental,5695.0,4,267.81641225830003,3,226.59664714588763
sano,97,0,A_steiner,4815.0,2,273.7546803465387,2,114.35099775505878
sano,97,1,A_steiner,4815.0,2,273.7546803465387,2,114.35099775505878
sano,97,2,A_steiner,4815.0,2,273.7546803465387,2,114.35099775505878
sano,97,3,A_steiner,4815.0,2,273.7546803465387,2,114.35099775505878
sano,97,4,A_steiner,4815.0,2,273.7546803465387,2,114.35099775505878
sano,97,5,A_steiner,4815.0,2,273.7546803465387,2,114.35099775505878
sano,97,6,B_incremental,4815.0,2,273.7546803465387,2,114.35099775505878
sano,97,7,B_incremental,4815.0,2,273.7546803465387,2,114.35099775505878
sano,97,8,B_incremental,4815.0,2,273.7546803465387,2,114.35099775505878
sano,97,9,B_incremental,4815.0,2,273.7546803465387,2,114.35099775505878
sano,97,10,B_incremental,4815.0,2,273.7546803465387,2,114.35099775505878
sano,97,11,B_incremental,4815.0,2,273.7546803465387,2,114.35099775505878
sano,99,0,A_steiner,864.0,1,98.73477781758616,2,159.25758451539278
sano,99,1,A_steiner,864.0,1,98.73477781758616,2,159.25758451539278
sano,99,2,A_steiner,864.0,1,98.73477781758616,2,159.25758451539278
sano,99,3,A_steiner,864.0,1,98.73477781758616,2,159.25758451539278
sano,99,4,A_steiner,864.0,1,98.73477781758616,2,159.25758451539278
sano,99,5,A_steiner,864.0,1,98.73477781758616,2,159.25758451539278
sano,99,6,B_incremental,864.0,1,98.73477781758616,2,159.25758451539278
sano,99,7,B_incremental,864.0,1,98.73477781758616,2,159.25758451539278
sano,99,8,B_incremental,864.0,1,98.73477781758616,2,159.25758451539278
sano,99,9,B_incremental,864.0,1,98.73477781758616,2,159.25758451539278
sano,99,10,B_incremental,864.0,1,98.73477781758616,2,159.25758451539278
sano,99,11,B_incremental,864.0,1,98.73477781758616,2,159.25758451539278
sano,101,0,A_steiner,3941.0,4,140.3972021352936,5,149.40665195414863
sano,101,1,A_steiner,3941.0,4,140.3972021352936,5,149.40665195414863
sano,101,2,A_steiner,3941.0,4,140.3972021352936,5,149.40665195414863
sano,101,3,A_steiner,3941.0,4,140.3972021352936,5,149.40665195414863
sano,101,4,A_steiner,3941.0,4,140.3972021352936,5,149.40665195414863
sano,101,5,A_steiner,3941.0,4,140.3972021352936,5,149.40665195414863
sano,101,6,B_incremental,3941.0,4,140.3972021352936,5,149.40665195414863
sano,101,7,B_incremental,3941.0,4,140.3972021352936,5,149.40665195414863
sano,101,8,B_incremental,3941.0,4,140.3972021352936,5,149.40665195414863
sano,101,9,B_incremental,3941.0,4,140.3972021352936,5,149.40665195414863
sano,101,10,B_incremental,3941.0,4,140.3972021352936,5,149.40665195414863
sano,101,11,B_incremental,3941.0,4,140.3972021352936,5,149.40665195414863
sano,102,0,A_steiner,4842.0,2,74.99322330537751,2,86.13391544057714
sano,102,1,A_steiner,4842.0,2,74.99322330537751,2,86.13391544057714
sano,102,2,A_steiner,4842.0,2,74.99322330537751,2,86.13391544057714
sano,102,3,A_steiner,4842.0,2,74.99322330537751,2,86.13391544057714
sano,102,4,A_steiner,4842.0,2,74.99322330537751,2,86.13391544057714
sano,102,5,A_steiner,4842.0,2,74.99322330537751,2,86.13391544057714
sano,102,6,B_incremental,4842.0,2,74.99322330537751,2,86.13391544057714
sano,102,7,B_incremental,4842.0,2,74.99322330537751,2,86.13391544057714
sano,102,8,B_incremental,4842.0,2,74.99322330537751,2,86.13391544057714
sano,102,9,B_incremental,4842.0,2,74.99322330537751,2,86.13391544057714
sano,102,10,B_incremental,4842.0,2,74.99322330537751,2,86.13391544057714
sano,102,11,B_incremental,4842.0,2,74.99322330537751,2,86.13391544057714
sano,103,0,A_steiner,5052.0,1,31.474718208758134,2,73.53123340056048
sano,103,1,A_steiner,5052.0,1,31.474718208758134,2,73.53123340056048
sano,103,2,A_steiner,5052.0,1,31.474718208758134,2,73.53123340056048
sano,103,3,A_steiner,5052.0,1,31.474718208758134,2,73.53123340056048
sano,103,4,A_steiner,5052.0,1,31.474718208758134,2,73.53123340056048
sano,103,5,A_steiner,5052.0,1,31.474718208758134,2,73.53123340056048
sano,103,6,B_incremental,5052.0,1,31.474718208758134,2,73.53123340056048
sano,103,7,B_incremental,5052.0,1,31.474718208758134,2,73.53123340056048
sano,103,8,B_incremental,5052.0,1,31.474718208758134,2,73.53123340056048
sano,103,9,B_incremental,5052.0,1,31.474718208758134,2,73.53123340056048
sano,103,10,B_incremental,5052.0,1,31.474718208758134,2,73.53123340056048
sano,103,11,B_incremental,5052.0,1,31.474718208758134,2,73.53123340056048
sano,104,0,A_steiner,1852.0,3,321.93228958756754,4,168.32080278045547
sano,104,1,A_steiner,1852.0,3,321.93228958756754,4,168.32080278045547
sano,104,2,A_steiner,1852.0,3,321.93228958756754,4,168.32080278045547
sano,104,3,A_steiner,1852.0,3,321.93228958756754,4,168.32080278045547
sano,104,4,A_steiner,1852.0,3,321.93228958756754,4,168.32080278045547
sano,104,5,A_steiner,1852.0,3,321.93228958756754,4,168.32080278045547
sano,104,6,B_incremental,1852.0,3,321.93228958756754,4,168.32080278045547
sano,104,7,B_incremental,1852.0,3,321.93228958756754,4,168.32080278045547
sano,104,8,B_incremental,1852.0,3,321.93228958756754,4,168.32080278045547
sano,104,9,B_incremental,1852.0,3,321.93228958756754,4,168.32080278045547
sano,104,10,B_incremental,1852.0,3,321.93228958756754,4,168.32080278045547
sano,104,11,B_incremental,1852.0,3,321.93228958756754,4,168.32080278045547
sano,107,0,A_steiner,4561.0,3,174.01689390338973,4,180.23929893228518
sano,107,1,A_steiner,4561.0,3,174.01689390338973,4,180.23929893228518
sano,107,2,A_steiner,4561.0,3,174.01689390338973,4,180.23929893228518
sano,107,3,A_steiner,4561.0,3,174.01689390338973,4,180.23929893228518
sano,107,4,A_steiner,4561.0,3,174.01689390338973,4,180.23929893228518
sano,107,5,A_steiner,4561.0,3,174.01689390338973,4,180.23929893228518
sano,107,6,B_incremental,4561.0,3,174.01689390338976,4,180.23929893228518
sano,107,7,B_incremental,4561.0,3,174.01689390338976,4,180.23929893228518
sano,107,8,B_incremental,4561.0,3,174.01689390338973,4,180.23929893228518
sano,107,9,B_incremental,4561.0,3,174.01689390338976,4,180.23929893228518
sano,107,10,B_incremental,4561.0,3,174.01689390338973,4,180.23929893228518
sano,107,11,B_incremental,4561.0,3,174.01689390338976,4,180.23929893228518
sano,108,0,A_steiner,5216.0,1,136.02541420515428,2,125.10560396426737
sano,108,1,A_steiner,5216.0,1,136.02541420515428,2,125.10560396426737
sano,108,2,A_steiner,5216.0,1,136.02541420515428,2,125.10560396426737
sano,108,3,A_steiner,5216.0,1,136.02541420515428,2,125.10560396426737
sano,108,4,A_steiner,5216.0,1,136.02541420515428,2,125.10560396426737
sano,108,5,A_steiner,5216.0,1,136.02541420515428,2,125.10560396426737
sano,108,6,B_incremental,5216.0,1,136.02541420515428,2,125.10560396426737
sano,108,7,B_incremental,5216.0,1,136.02541420515428,2,125.10560396426737
sano,108,8,B_incremental,5216.0,1,136.02541420515428,2,125.10560396426737
sano,108,9,B_incremental,5216.0,1,136.02541420515428,2,125.10560396426737
sano,108,10,B_incremental,5216.0,1,136.02541420515428,2,125.10560396426737
sano,108,11,B_incremental,5216.0,1,136.02541420515428,2,125.10560396426737
sano,110,0,A_steiner,6152.0,4,174.8638547494599,5,239.04875840671662
sano,110,1,A_steiner,6152.0,4,174.8638547494599,5,239.04875840671662
sano,110,2,A_steiner,6152.0,4,174.8638547494599,5,239.04875840671662
sano,110,3,A_steiner,6152.0,4,174.8638547494599,5,239.04875840671662
sano,110,4,A_steiner,6152.0,4,174.8638547494599,5,239.04875840671662
sano,110,5,A_steiner,6152.0,4,174.8638547494599,5,239.04875840671662
sano,110,6,B_incremental,6152.0,4,174.8638547494599,5,239.04875840671662
sano,110,7,B_incremental,6152.0,4,174.8638547494599,5,239.04875840671662
sano,110,8,B_incremental,6152.0,4,174.8638547494599,5,239.04875840671662
sano,110,9,B_incremental,6152.0,4,174.8638547494599,5,239.04875840671662
sano,110,10,B_incremental,6152.0,4,174.8638547494599,5,239.04875840671662
sano,110,11,B_incremental,6152.0,4,174.8638547494599,5,239.04875840671662
sano,111,0,A_steiner,1787.0,2,118.7688900800334,3,179.09441009546637
sano,111,1,A_steiner,1787.0,2,118.7688900800334,3,179.09441009546637
sano,111,2,A_steiner,1787.0,2,118.7688900800334,3,179.09441009546637
sano,111,3,A_steiner,1787.0,2,118.7688900800334,3,179.09441009546637
sano,111,4,A_steiner,1787.0,2,118.7688900800334,3,179.09441009546637
sano,111,5,A_steiner,1787.0,2,118.7688900800334,3,179.09441009546637
sano,111,6,B_incremental,1787.0,2,118.7688900800334,3,179.09441009546637
sano,111,7,B_incremental,1787.0,2,118.7688900800334,3,179.09441009546637
sano,111,8,B_incremental,1787.0,2,118.7688900800334,3,179.09441009546637
sano,111,9,B_incremental,1787.0,2,118.7688900800334,3,179.09441009546637
sano,111,10,B_incremental,1787.0,2,118.7688900800334,3,179.09441009546637
sano,111,11,B_incremental,1787.0,2,118.7688900800334,3,179.09441009546637
sano,113,0,A_steiner,1629.0,1,59.684710010582215,2,220.33613789145662
sano,113,1,A_steiner,1629.0,1,59.684710010582215,2,220.33613789145662
sano,113,2,A_steiner,1629.0,1,59.684710010582215,2,220.33613789145662
sano,113,3,A_steiner,1629.0,1,59.684710010582215,2,220.33613789145662
sano,113,4,A_steiner,1629.0,1,59.684710010582215,2,220.33613789145662
sano,113,5,A_steiner,1629.0,1,59.684710010582215,2,220.33613789145662
sano,113,6,B_incremental,1629.0,1,59.684710010582215,2,220.33613789145662
sano,113,7,B_incremental,1629.0,1,59.684710010582215,2,220.33613789145662
sano,113,8,B_incremental,1629.0,1,59.684710010582215,2,220.33613789145662
sano,113,9,B_incremental,1629.0,1,59.684710010582215,2,220.33613789145662
sano,113,10,B_incremental,1629.0,1,59.684710010582215,2,220.33613789145662
sano,113,11,B_incremental,1629.0,1,59.684710010582215,2,220.33613789145662
sano,114,0,A_steiner,88.0,1,99.18783754721488,2,255.29249751718748
sano,114,1,A_steiner,88.0,1,99.18783754721488,2,255.29249751718748
sano,114,2,A_steiner,88.0,1,99.18783754721488,2,255.29249751718748
sano,114,3,A_steiner,88.0,1,99.18783754721488,2,255.29249751718748
sano,114,4,A_steiner,88.0,1,99.18783754721488,2,255.29249751718748
sano,114,5,A_steiner,88.0,1,99.18783754721488,2,255.29249751718748
sano,114,6,B_incremental,88.0,1,99.18783754721488,2,255.29249751718748
sano,114,7,B_incremental,88.0,1,99.18783754721488,2,255.29249751718748
sano,114,8,B_incremental,88.0,1,99.18783754721488,2,255.29249751718748
sano,114,9,B_incremental,88.0,1,99.18783754721488,2,255.29249751718748
sano,114,10,B_incremental,88.0,1,99.18783754721488,2,255.29249751718748
sano,114,11,B_incremental,88.0,1,99.18783754721488,2,255.29249751718748
sano,115,0,A_steiner,6037.0,1,2.328442353679784,2,186.40587790566804
sano,115,1,A_steiner,6037.0,1,2.328442353679784,2,186.40587790566804
sano,115,2,A_steiner,6037.0,1,2.328442353679784,2,186.40587790566804
sano,115,3,A_steiner,6037.0,1,2.328442353679784,2,186.40587790566804
sano,115,4,A_steiner,6037.0,1,2.328442353679784,2,186.40587790566804
sano,115,5,A_steiner,6037.0,1,2.328442353679784,2,186.40587790566804
sano,115,6,B_incremental,6037.0,1,2.328442353679784,2,186.40587790566804
sano,115,7,B_incremental,6037.0,1,2.328442353679784,2,186.40587790566804
sano,115,8,B_incremental,6037.0,1,2.328442353679784,2,186.40587790566804
sano,115,9,B_incremental,6037.0,1,2.328442353679784,2,186.40587790566804
sano,115,10,B_incremental,6037.0,1,2.328442353679784,2,186.40587790566804
sano,115,11,B_incremental,6037.0,1,2.328442353679784,2,186.40587790566804
sano,116,0,A_steiner,210.0,3,280.98791937059815,2,74.45240410938766
sano,116,1,A_steiner,210.0,3,280.98791937059815,2,74.45240410938766
sano,116,2,A_steiner,210.0,3,280.98791937059815,2,74.45240410938766
sano,116,3,A_steiner,210.0,3,280.98791937059815,2,74.45240410938766
sano,116,4,A_steiner,210.0,3,280.98791937059815,2,74.45240410938766
sano,116,5,A_steiner,210.0,3,280.98791937059815,2,74.45240410938766
sano,116,6,B_incremental,210.0,3,280.98791937059815,2,74.45240410938766
sano,116,7,B_incremental,210.0,3,280.98791937059815,2,74.45240410938766
sano,116,8,B_incremental,210.0,3,280.98791937059815,2,74.45240410938766
sano,116,9,B_incremental,210.0,3,280.98791937059815,2,74.45240410938766
sano,116,10,B_incremental,210.0,3,280.98791937059815,2,74.45240410938766
sano,116,11,B_incremental,210.0,3,280.98791937059815,2,74.45240410938766
sano,117,0,A_steiner,5009.0,1,100.69091033688792,2,88.76117241851802
sano,117,1,A_steiner,5009.0,1,100.69091033688792,2,88.76117241851802
sano,117,2,A_steiner,5009.0,1,100.69091033688792,2,88.76117241851802
sano,117,3,A_steiner,5009.0,1,100.69091033688792,2,88.76117241851802
sano,117,4,A_steiner,5009.0,1,100.69091033688792,2,88.76117241851802
sano,117,5,A_steiner,5009.0,1,100.69091033688792,2,88.76117241851802
sano,117,6,B_incremental,5009.0,1,100.69091033688792,2,88.76117241851802
sano,117,7,B_incremental,5009.0,1,100.69091033688792,2,88.76117241851802
sano,117,8,B_incremental,5009.0,1,100.69091033688792,2,88.76117241851802
sano,117,9,B_incremental,5009.0,1,100.69091033688792,2,88.76117241851802
sano,117,10,B_incremental,5009.0,1,100.69091033688792,2,88.76117241851802
sano,117,11,B_incremental,5009.0,1,100.69091033688792,2,88.76117241851802
sano,118,0,A_steiner,209.0,1,34.75040524104576,2,141.07450773778118
sano,118,1,A_steiner,209.0,1,34.75040524104576,2,141.07450773778118
sano,118,2,A_steiner,209.0,1,34.75040524104576,2,141.07450773778118
sano,118,3,A_steiner,209.0,1,34.75040524104576,2,141.07450773778118
sano,118,4,A_steiner,209.0,1,34.75040524104576,2,141.07450773778118
sano,118,5,A_steiner,209.0,1,34.75040524104576,2,141.07450773778118
sano,118,6,B_incremental,209.0,1,34.75040524104576,2,141.07450773778118
sano,118,7,B_incremental,209.0,1,34.75040524104576,2,141.07450773778118
sano,118,8,B_incremental,209.0,1,34.75040524104576,2,141.07450773778118
sano,118,9,B_incremental,209.0,1,34.75040524104576,2,141.07450773778118
sano,118,10,B_incremental,209.0,1,34.75040524104576,2,141.07450773778118
sano,118,11,B_incremental,209.0,1,34.75040524104576,2,141.07450773778118
sano,119,0,A_steiner,5020.0,3,191.42703277279622,4,154.67038439884215
sano,119,1,A_steiner,5020.0,3,191.42703277279622,4,154.67038439884215
sano,119,2,A_steiner,5020.0,3,191.42703277279622,4,154.67038439884215
sano,119,3,A_steiner,5020.0,3,191.42703277279622,4,154.67038439884215
sano,119,4,A_steiner,5020.0,3,191.42703277279622,4,154.67038439884215
sano,119,5,A_steiner,5020.0,3,191.42703277279622,4,154.67038439884215
sano,119,6,B_incremental,5020.0,3,191.42703277279622,4,154.67038439884215
sano,119,7,B_incremental,5020.0,3,191.42703277279622,4,154.67038439884215
sano,119,8,B_incremental,5020.0,3,191.42703277279622,4,154.67038439884215
sano,119,9,B_incremental,5020.0,3,191.42703277279622,4,154.67038439884215
sano,119,10,B_incremental,5020.0,3,191.42703277279622,4,154.67038439884215
sano,119,11,B_incremental,5020.0,3,191.42703277279622,4,154.67038439884215
sano,120,0,A_steiner,5683.0,6,283.9468770476436,2,30.64020380648571
sano,120,1,A_steiner,5683.0,6,283.9468770476436,2,30.64020380648571
sano,120,2,A_steiner,5683.0,6,283.9468770476436,2,30.64020380648571
sano,120,3,A_steiner,5683.0,6,283.9468770476436,2,30.64020380648571
sano,120,4,A_steiner,5683.0,6,283.9468770476436,2,30.64020380648571
sano,120,5,A_steiner,5683.0,6,283.9468770476436,2,30.64020380648571
sano,120,6,B_incremental,5683.0,6,283.9468770476437,2,30.64020380648571
sano,120,7,B_incremental,5683.0,6,283.9468770476437,2,30.64020380648571
sano,120,8,B_incremental,5683.0,6,283.9468770476437,2,30.64020380648571
sano,120,9,B_incremental,5683.0,6,283.9468770476437,2,30.64020380648571
sano,120,10,B_incremental,5683.0,6,283.9468770476437,2,30.64020380648571
sano,120,11,B_incremental,5683.0,6,283.9468770476437,2,30.64020380648571
sano,121,0,A_steiner,4656.0,2,74.96186142320845,3,173.01592816228163
sano,121,1,A_steiner,4656.0,2,74.96186142320845,3,173.01592816228163
sano,121,2,A_steiner,4656.0,2,74.96186142320845,3,173.01592816228163
sano,121,3,A_steiner,4656.0,2,74.96186142320845,3,173.01592816228163
sano,121,4,A_steiner,4656.0,2,74.96186142320845,3,173.01592816228163
sano,121,5,A_steiner,4656.0,2,74.96186142320845,3,173.01592816228163
sano,121,6,B_incremental,4656.0,2,74.96186142320845,3,173.01592816228163
sano,121,7,B_incremental,4656.0,2,74.96186142320845,3,173.01592816228163
sano,121,8,B_incremental,4656.0,2,74.96186142320845,3,173.01592816228163
sano,121,9,B_incremental,4656.0,2,74.96186142320845,3,173.01592816228163
sano,121,10,B_incremental,4656.0,2,74.96186142320845,3,173.01592816228163
sano,121,11,B_incremental,4656.0,2,74.96186142320845,3,173.01592816228163
sano,122,0,A_steiner,1579.0,1,59.03339484608132,2,133.7515726905168
sano,122,1,A_steiner,1579.0,1,59.03339484608132,2,133.7515726905168
sano,122,2,A_steiner,1579.0,1,59.03339484608132,2,133.7515726905168
sano,122,3,A_steiner,1579.0,1,59.03339484608132,2,133.7515726905168
sano,122,4,A_steiner,1579.0,1,59.03339484608132,2,133.7515726905168
sano,122,5,A_steiner,1579.0,1,59.03339484608132,2,133.7515726905168
sano,122,6,B_incremental,1579.0,1,59.03339484608132,2,133.7515726905168
sano,122,7,B_incremental,1579.0,1,59.03339484608132,2,133.7515726905168
sano,122,8,B_incremental,1579.0,1,59.03339484608132,2,133.7515726905168
sano,122,9,B_incremental,1579.0,1,59.03339484608132,2,133.7515726905168
sano,122,10,B_incremental,1579.0,1,59.03339484608132,2,133.7515726905168
sano,122,11,B_incremental,1579.0,1,59.03339484608132,2,133.7515726905168
sano,123,0,A_steiner,5045.0,2,114.32671418831073,3,97.24784576153192
sano,123,1,A_steiner,5045.0,2,114.32671418831073,3,97.24784576153192
sano,123,2,A_steiner,5045.0,2,114.32671418831073,3,97.24784576153192
sano,123,3,A_steiner,5045.0,2,114.32671418831073,3,97.24784576153192
sano,123,4,A_steiner,5045.0,2,114.32671418831073,3,97.24784576153192
sano,123,5,A_steiner,5045.0,2,114.32671418831073,3,97.24784576153192
sano,123,6,B_incremental,5045.0,2,114.32671418831073,3,97.24784576153192
sano,123,7,B_incremental,5045.0,2,114.32671418831073,3,97.24784576153192
sano,123,8,B_incremental,5045.0,2,114.32671418831073,3,97.24784576153192
sano,123,9,B_incremental,5045.0,2,114.32671418831073,3,97.24784576153192
sano,123,10,B_incremental,5045.0,2,114.32671418831073,3,97.24784576153192
sano,123,11,B_incremental,5045.0,2,114.32671418831073,3,97.24784576153192
sano,124,0,A_steiner,3740.0,2,76.65858034259315,3,138.77086700407207
sano,124,1,A_steiner,3740.0,2,76.65858034259315,3,138.77086700407207
sano,124,2,A_steiner,3740.0,2,76.65858034259315,3,138.77086700407207
sano,124,3,A_steiner,3740.0,2,76.65858034259315,3,138.77086700407207
sano,124,4,A_steiner,3740.0,2,76.65858034259315,3,138.77086700407207
sano,124,5,A_steiner,3740.0,2,76.65858034259315,3,138.77086700407207
sano,124,6,B_incremental,3740.0,2,76.65858034259315,3,138.77086700407207
sano,124,7,B_incremental,3740.0,2,76.65858034259315,3,138.77086700407207
sano,124,8,B_incremental,3740.0,2,76.65858034259315,3,138.77086700407207
sano,124,9,B_incremental,3740.0,2,76.65858034259315,3,138.77086700407207
sano,124,10,B_incremental,3740.0,2,76.65858034259315,3,138.77086700407207
sano,124,11,B_incremental,3740.0,2,76.65858034259315,3,138.77086700407207
sano,125,0,A_steiner,5001.0,1,53.50270456453596,2,95.35996687906005
sano,125,1,A_steiner,5001.0,1,53.50270456453596,2,95.35996687906005
sano,125,2,A_steiner,5001.0,1,53.50270456453596,2,95.35996687906005
sano,125,3,A_steiner,5001.0,1,53.50270456453596,2,95.35996687906005
sano,125,4,A_steiner,5001.0,1,53.50270456453596,2,95.35996687906005
sano,125,5,A_steiner,5001.0,1,53.50270456453596,2,95.35996687906005
sano,125,6,B_incremental,5001.0,1,53.50270456453596,2,95.35996687906005
sano,125,7,B_incremental,5001.0,1,53.50270456453596,2,95.35996687906005
sano,125,8,B_incremental,5001.0,1,53.50270456453596,2,95.35996687906005
sano,125,9,B_incremental,5001.0,1,53.50270456453596,2,95.35996687906005
sano,125,10,B_incremental,5001.0,1,53.50270456453596,2,95.35996687906005
sano,125,11,B_incremental,5001.0,1,53.50270456453596,2,95.35996687906005
sano,127,0,A_steiner,1608.0,1,38.012229556586746,2,7.933552387167578
sano,127,1,A_steiner,1608.0,1,38.012229556586746,2,7.933552387167578
sano,127,2,A_steiner,1608.0,1,38.012229556586746,2,7.933552387167578
sano,127,3,A_steiner,1608.0,1,38.012229556586746,2,7.933552387167578
sano,127,4,A_steiner,1608.0,1,38.012229556586746,2,7.933552387167578
sano,127,5,A_steiner,1608.0,1,38.012229556586746,2,7.933552387167578
sano,127,6,B_incremental,1608.0,1,38.012229556586746,2,7.933552387167578
sano,127,7,B_incremental,1608.0,1,38.012229556586746,2,7.933552387167578
sano,127,8,B_incremental,1608.0,1,38.012229556586746,2,7.933552387167578
sano,127,9,B_incremental,1608.0,1,38.012229556586746,2,7.933552387167578
sano,127,10,B_incremental,1608.0,1,38.012229556586746,2,7.933552387167578
sano,127,11,B_incremental,1608.0,1,38.012229556586746,2,7.933552387167578
sano,128,0,A_steiner,6248.0,2,75.21897116237633,3,68.08832513843214
sano,128,1,A_steiner,6248.0,2,75.21897116237633,3,68.08832513843214
sano,128,2,A_steiner,6248.0,2,75.21897116237633,3,68.08832513843214
sano,128,3,A_steiner,6248.0,2,75.21897116237633,3,68.08832513843214
sano,128,4,A_steiner,6248.0,2,75.21897116237633,3,68.08832513843214
sano,128,5,A_steiner,6248.0,2,75.21897116237633,3,68.08832513843214
sano,128,6,B_incremental,6248.0,2,75.21897116237633,3,68.08832513843214
sano,128,7,B_incremental,6248.0,2,75.21897116237633,3,68.08832513843214
sano,128,8,B_incremental,6248.0,2,75.21897116237633,3,68.08832513843214
sano,128,9,B_incremental,6248.0,2,75.21897116237633,3,68.08832513843214
sano,128,10,B_incremental,6248.0,2,75.21897116237633,3,68.08832513843214
sano,128,11,B_incremental,6248.0,2,75.21897116237633,3,68.08832513843214
sano,132,0,A_steiner,1731.0,2,106.4014612658166,3,126.89757829147396
sano,132,1,A_steiner,1731.0,2,106.4014612658166,3,126.89757829147396
sano,132,2,A_steiner,1731.0,2,106.4014612658166,3,126.89757829147396
sano,132,3,A_steiner,1731.0,2,106.4014612658166,3,126.89757829147396
sano,132,4,A_steiner,1731.0,2,106.4014612658166,3,126.89757829147396
sano,132,5,A_steiner,1731.0,2,106.4014612658166,3,126.89757829147396
sano,132,6,B_incremental,1731.0,2,106.4014612658166,3,126.89757829147396
sano,132,7,B_incremental,1731.0,2,106.4014612658166,3,126.89757829147396
sano,132,8,B_incremental,1731.0,2,106.4014612658166,3,126.89757829147396
sano,132,9,B_incremental,1731.0,2,106.4014612658166,3,126.89757829147396
sano,132,10,B_incremental,1731.0,2,106.4014612658166,3,126.89757829147396
sano,132,11,B_incremental,1731.0,2,106.4014612658166,3,126.89757829147396
sano,135,0,A_steiner,856.0,3,284.7448660112133,2,168.99150236121986
sano,135,1,A_steiner,856.0,3,284.7448660112133,2,168.99150236121986
sano,135,2,A_steiner,856.0,3,284.7448660112133,2,168.99150236121986
sano,135,3,A_steiner,856.0,3,284.7448660112133,2,168.99150236121986
sano,135,4,A_steiner,856.0,3,284.7448660112133,2,168.99150236121986
sano,135,5,A_steiner,856.0,3,284.7448660112133,2,168.99150236121986
sano,135,6,B_incremental,856.0,3,284.7448660112133,2,168.99150236121986
sano,135,7,B_incremental,856.0,3,284.7448660112133,2,168.99150236121986
sano,135,8,B_incremental,856.0,3,284.7448660112133,2,168.99150236121986
sano,135,9,B_incremental,856.0,3,284.7448660112133,2,168.99150236121986
sano,135,10,B_incremental,856.0,3,284.7448660112133,2,168.99150236121986
sano,135,11,B_incremental,856.0,3,284.7448660112133,2,168.99150236121986
sano,136,0,A_steiner,4996.0,1,33.84697329385212,2,51.60534282284976
sano,136,1,A_steiner,4996.0,1,33.84697329385212,2,51.60534282284976
sano,136,2,A_steiner,4996.0,1,33.84697329385212,2,51.60534282284976
sano,136,3,A_steiner,4996.0,1,33.84697329385212,2,51.60534282284976
sano,136,4,A_steiner,4996.0,1,33.84697329385212,2,51.60534282284976
sano,136,5,A_steiner,4996.0,1,33.84697329385212,2,51.60534282284976
sano,136,6,B_incremental,4996.0,1,33.84697329385212,2,51.60534282284976
sano,136,7,B_incremental,4996.0,1,33.84697329385212,2,51.60534282284976
sano,136,8,B_incremental,4996.0,1,33.84697329385212,2,51.60534282284976
sano,136,9,B_incremental,4996.0,1,33.84697329385212,2,51.60534282284976
sano,136,10,B_incremental,4996.0,1,33.84697329385212,2,51.60534282284976
sano,136,11,B_incremental,4996.0,1,33.84697329385212,2,51.60534282284976
sano,142,0,A_steiner,4676.0,7,394.4689922002385,6,359.0318065375267
sano,142,1,A_steiner,4676.0,7,394.4689922002385,6,359.0318065375267
sano,142,2,A_steiner,4676.0,7,394.4689922002385,6,359.0318065375267
sano,142,3,A_steiner,4676.0,7,394.4689922002385,6,359.0318065375267
sano,142,4,A_steiner,4676.0,7,399.92562625524556,6,359.0318065375267
sano,142,5,A_steiner,4676.0,7,394.4689922002385,6,359.0318065375267
sano,142,6,B_incremental,4676.0,7,399.92562625524556,6,359.0318065375267
sano,142,7,B_incremental,4676.0,7,394.4689922002385,6,359.0318065375267
sano,142,8,B_incremental,4676.0,7,399.92562625524556,6,359.0318065375267
sano,142,9,B_incremental,4676.0,7,394.46899220023846,6,359.0318065375267
sano,142,10,B_incremental,4676.0,7,399.92562625524556,6,359.0318065375267
sano,142,11,B_incremental,4676.0,7,399.92562625524556,6,359.0318065375267
sano,143,0,A_steiner,3600.0,1,13.780229467098264,2,238.63199308455347
sano,143,1,A_steiner,3600.0,1,13.780229467098264,2,238.63199308455347
sano,143,2,A_steiner,3600.0,1,13.780229467098264,2,238.63199308455347
sano,143,3,A_steiner,3600.0,1,13.780229467098264,2,238.63199308455347
sano,143,4,A_steiner,3600.0,1,13.780229467098264,2,238.63199308455347
sano,143,5,A_steiner,3600.0,1,13.780229467098264,2,238.63199308455347
sano,143,6,B_incremental,3600.0,1,13.780229467098264,2,238.63199308455347
sano,143,7,B_incremental,3600.0,1,13.780229467098264,2,238.63199308455347
sano,143,8,B_incremental,3600.0,1,13.780229467098264,2,238.63199308455347
sano,143,9,B_incremental,3600.0,1,13.780229467098264,2,238.63199308455347
sano,143,10,B_incremental,3600.0,1,13.780229467098264,2,238.63199308455347
sano,143,11,B_incremental,3600.0,1,13.780229467098264,2,238.63199308455347
sano,144,0,A_steiner,4789.0,1,84.70782240503476,2,110.31260192034337
sano,144,1,A_steiner,4789.0,1,84.70782240503476,2,110.31260192034337
sano,144,2,A_steiner,4789.0,1,84.70782240503476,2,110.31260192034337
sano,144,3,A_steiner,4789.0,1,84.70782240503476,2,110.31260192034337
sano,144,4,A_steiner,4789.0,1,84.70782240503476,2,110.31260192034337
sano,144,5,A_steiner,4789.0,1,84.70782240503476,2,110.31260192034337
sano,144,6,B_incremental,4789.0,1,84.70782240503476,2,110.31260192034337
sano,144,7,B_incremental,4789.0,1,84.70782240503476,2,110.31260192034337
sano,144,8,B_incremental,4789.0,1,84.70782240503476,2,110.31260192034337
sano,144,9,B_incremental,4789.0,1,84.70782240503476,2,110.31260192034337
sano,144,10,B_incremental,4789.0,1,84.70782240503476,2,110.31260192034337
sano,144,11,B_incremental,4789.0,1,84.70782240503476,2,110.31260192034337
sano,145,0,A_steiner,3608.0,1,75.88528626103584,2,103.15575872975553
sano,145,1,A_steiner,3608.0,1,75.88528626103584,2,103.15575872975553
sano,145,2,A_steiner,3608.0,1,75.88528626103584,2,103.15575872975553
sano,145,3,A_steiner,3608.0,1,75.88528626103584,2,103.15575872975553
sano,145,4,A_steiner,3608.0,1,75.88528626103584,2,103.15575872975553
sano,145,5,A_steiner,3608.0,1,75.88528626103584,2,103.15575872975553
sano,145,6,B_incremental,3608.0,1,75.88528626103584,2,103.15575872975553
sano,145,7,B_incremental,3608.0,1,75.88528626103584,2,103.15575872975553
sano,145,8,B_incremental,3608.0,1,75.88528626103584,2,103.15575872975553
sano,145,9,B_incremental,3608.0,1,75.88528626103584,2,103.15575872975553
sano,145,10,B_incremental,3608.0,1,75.88528626103584,2,103.15575872975553
sano,145,11,B_incremental,3608.0,1,75.88528626103584,2,103.15575872975553
sano,146,0,A_steiner,6227.0,1,52.96308965030583,2,225.16168556843627
sano,146,1,A_steiner,6227.0,1,52.96308965030583,2,225.16168556843627
sano,146,2,A_steiner,6227.0,1,52.96308965030583,2,225.16168556843627
sano,146,3,A_steiner,6227.0,1,52.96308965030583,2,225.16168556843627
sano,146,4,A_steiner,6227.0,1,52.96308965030583,2,225.16168556843627
sano,146,5,A_steiner,6227.0,1,52.96308965030583,2,225.16168556843627
sano,146,6,B_incremental,6227.0,1,52.96308965030583,2,225.16168556843627
sano,146,7,B_incremental,6227.0,1,52.96308965030583,2,225.16168556843627
sano,146,8,B_incremental,6227.0,1,52.96308965030583,2,225.16168556843627
sano,146,9,B_incremental,6227.0,1,52.96308965030583,2,225.16168556843627
sano,146,10,B_incremental,6227.0,1,52.96308965030583,2,225.16168556843627
sano,146,11,B_incremental,6227.0,1,52.96308965030583,2,225.16168556843627
sano,147,0,A_steiner,3610.0,2,67.1858200443662,3,180.92959670566177
sano,147,1,A_steiner,3610.0,2,67.1858200443662,3,180.92959670566177
sano,147,2,A_steiner,3610.0,2,67.1858200443662,3,180.92959670566177
sano,147,3,A_steiner,3610.0,2,67.1858200443662,3,180.92959670566177
sano,147,4,A_steiner,3610.0,2,67.1858200443662,3,180.92959670566177
sano,147,5,A_steiner,3610.0,2,67.1858200443662,3,180.92959670566177
sano,147,6,B_incremental,3610.0,2,67.1858200443662,3,180.92959670566177
sano,147,7,B_incremental,3610.0,2,67.1858200443662,3,180.92959670566177
sano,147,8,B_incremental,3610.0,2,67.1858200443662,3,180.92959670566177
sano,147,9,B_incremental,3610.0,2,67.1858200443662,3,180.92959670566177
sano,147,10,B_incremental,3610.0,2,67.1858200443662,3,180.92959670566177
sano,147,11,B_incremental,3610.0,2,67.1858200443662,3,180.92959670566177
sano,149,0,A_steiner,5713.0,1,75.42648893919606,2,140.83217746019227
sano,149,1,A_steiner,5713.0,1,75.42648893919606,2,140.83217746019227
sano,149,2,A_steiner,5713.0,1,75.42648893919606,2,140.83217746019227
sano,149,3,A_steiner,5713.0,1,75.42648893919606,2,140.83217746019227
sano,149,4,A_steiner,5713.0,1,75.42648893919606,2,140.83217746019227
sano,149,5,A_steiner,5713.0,1,75.42648893919606,2,140.83217746019227
sano,149,6,B_incremental,5713.0,1,75.42648893919606,2,140.83217746019227
sano,149,7,B_incremental,5713.0,1,75.42648893919606,2,140.83217746019227
sano,149,8,B_incremental,5713.0,1,75.42648893919606,2,140.83217746019227
sano,149,9,B_incremental,5713.0,1,75.42648893919606,2,140.83217746019227
sano,149,10,B_incremental,5713.0,1,75.42648893919606,2,140.83217746019227
sano,149,11,B_incremental,5713.0,1,75.42648893919606,2,140.83217746019227
sano,150,0,A_steiner,5499.0,2,74.65618421440684,3,105.41327686914991
sano,150,1,A_steiner,5499.0,2,74.65618421440684,3,105.41327686914991
sano,150,2,A_steiner,5499.0,2,74.65618421440684,3,105.41327686914991
sano,150,3,A_steiner,5499.0,2,74.65618421440684,3,105.41327686914991
sano,150,4,A_steiner,5499.0,2,74.65618421440684,3,105.41327686914991
sano,150,5,A_steiner,5499.0,2,74.65618421440684,3,105.41327686914991
sano,150,6,B_incremental,5499.0,2,74.65618421440684,3,105.41327686914991
sano,150,7,B_incremental,5499.0,2,74.65618421440684,3,105.41327686914991
sano,150,8,B_incremental,5499.0,2,74.65618421440684,3,105.41327686914991
sano,150,9,B_incremental,5499.0,2,74.65618421440684,3,105.41327686914991
sano,150,10,B_incremental,5499.0,2,74.65618421440684,3,105.41327686914991
sano,150,11,B_incremental,5499.0,2,74.65618421440684,3,105.41327686914991
sano,151,0,A_steiner,866.0,2,186.95112464504706,2,191.61327490762525
sano,151,1,A_steiner,866.0,2,186.95112464504706,2,191.61327490762525
sano,151,2,A_steiner,866.0,2,186.95112464504706,2,191.61327490762525
sano,151,3,A_steiner,866.0,2,186.95112464504706,2,191.61327490762525
sano,151,4,A_steiner,866.0,2,186.95112464504706,2,191.61327490762525
sano,151,5,A_steiner,866.0,2,186.95112464504706,2,191.61327490762525
sano,151,6,B_incremental,866.0,2,186.95112464504706,2,191.61327490762525
sano,151,7,B_incremental,866.0,2,186.95112464504706,2,191.61327490762525
sano,151,8,B_incremental,866.0,2,186.95112464504706,2,191.61327490762525
sano,151,9,B_incremental,866.0,2,186.95112464504706,2,191.61327490762525
sano,151,10,B_incremental,866.0,2,186.95112464504706,2,191.61327490762525
sano,151,11,B_incremental,866.0,2,186.95112464504706,2,191.61327490762525
sano,153,0,A_steiner,5708.0,2,50.3621278256694,3,160.28338967417213
sano,153,1,A_steiner,5708.0,2,50.3621278256694,3,160.28338967417213
sano,153,2,A_steiner,5708.0,2,50.3621278256694,3,160.28338967417213
sano,153,3,A_steiner,5708.0,2,50.3621278256694,3,160.28338967417213
sano,153,4,A_steiner,5708.0,2,50.3621278256694,3,160.28338967417213
sano,153,5,A_steiner,5708.0,2,50.3621278256694,3,160.28338967417213
sano,153,6,B_incremental,5708.0,2,50.3621278256694,3,160.28338967417213
sano,153,7,B_incremental,5708.0,2,50.3621278256694,3,160.28338967417213
sano,153,8,B_incremental,5708.0,2,50.3621278256694,3,160.28338967417213
sano,153,9,B_incremental,5708.0,2,50.3621278256694,3,160.28338967417213
sano,153,10,B_incremental,5708.0,2,50.3621278256694,3,160.28338967417213
sano,153,11,B_incremental,5708.0,2,50.3621278256694,3,160.28338967417213
sano,156,0,A_steiner,1453.0,1,22.55252630191048,2,59.93868487820372
sano,156,1,A_steiner,1453.0,1,22.55252630191048,2,59.93868487820372
sano,156,2,A_steiner,1453.0,1,22.55252630191048,2,59.93868487820372
sano,156,3,A_steiner,1453.0,1,22.55252630191048,2,59.93868487820372
sano,156,4,A_steiner,1453.0,1,22.55252630191048,2,59.93868487820372
sano,156,5,A_steiner,1453.0,1,22.55252630191048,2,59.93868487820372
sano,156,6,B_incremental,1453.0,1,22.55252630191048,2,59.93868487820372
sano,156,7,B_incremental,1453.0,1,22.55252630191048,2,59.93868487820372
sano,156,8,B_incremental,1453.0,1,22.55252630191048,2,59.93868487820372
sano,156,9,B_incremental,1453.0,1,22.55252630191048,2,59.93868487820372
sano,156,10,B_incremental,1453.0,1,22.55252630191048,2,59.93868487820372
sano,156,11,B_incremental,1453.0,1,22.55252630191048,2,59.93868487820372
sano,157,0,A_steiner,1755.0,1,30.28664357804278,2,86.09248077880478
sano,157,1,A_steiner,1755.0,1,30.28664357804278,2,86.09248077880478
sano,157,2,A_steiner,1755.0,1,30.28664357804278,2,86.09248077880478
sano,157,3,A_steiner,1755.0,1,30.28664357804278,2,86.09248077880478
sano,157,4,A_steiner,1755.0,1,30.28664357804278,2,86.09248077880478
sano,157,5,A_steiner,1755.0,1,30.28664357804278,2,86.09248077880478
sano,157,6,B_incremental,1755.0,1,30.28664357804278,2,86.09248077880478
sano,157,7,B_incremental,1755.0,1,30.28664357804278,2,86.09248077880478
sano,157,8,B_incremental,1755.0,1,30.28664357804278,2,86.09248077880478
sano,157,9,B_incremental,1755.0,1,30.28664357804278,2,86.09248077880478
sano,157,10,B_incremental,1755.0,1,30.28664357804278,2,86.09248077880478
sano,157,11,B_incremental,1755.0,1,30.28664357804278,2,86.09248077880478
sano,159,0,A_steiner,4674.0,5,378.19880447967137,3,182.88636708756707
sano,159,1,A_steiner,4674.0,5,378.19880447967137,3,182.88636708756707
sano,159,2,A_steiner,4674.0,5,378.19880447967137,3,182.88636708756707
sano,159,3,A_steiner,4674.0,5,378.19880447967137,3,182.88636708756707
sano,159,4,A_steiner,4674.0,5,378.19880447967137,3,182.88636708756707
sano,159,5,A_steiner,4674.0,5,378.19880447967137,3,182.88636708756707
sano,159,6,B_incremental,4674.0,5,378.19880447967137,3,182.88636708756707
sano,159,7,B_incremental,4674.0,5,378.1988044796714,3,182.88636708756707
sano,159,8,B_incremental,4674.0,5,378.1988044796714,3,182.88636708756707
sano,159,9,B_incremental,4674.0,5,378.19880447967137,3,182.88636708756707
sano,159,10,B_incremental,4674.0,5,378.1988044796714,3,182.88636708756707
sano,159,11,B_incremental,4674.0,5,378.19880447967137,3,182.88636708756707
sano,160,0,A_steiner,5941.0,2,80.92898055317765,3,98.39364797106431
sano,160,1,A_steiner,5941.0,2,80.92898055317765,3,98.39364797106431
sano,160,2,A_steiner,5941.0,2,80.92898055317765,3,98.39364797106431
sano,160,3,A_steiner,5941.0,2,80.92898055317765,3,98.39364797106431
sano,160,4,A_steiner,5941.0,2,80.92898055317765,3,98.39364797106431
sano,160,5,A_steiner,5941.0,2,80.92898055317765,3,98.39364797106431
sano,160,6,B_incremental,5941.0,2,80.92898055317765,3,98.39364797106431
sano,160,7,B_incremental,5941.0,2,80.92898055317765,3,98.39364797106431
sano,160,8,B_incremental,5941.0,2,80.92898055317765,3,98.39364797106431
sano,160,9,B_incremental,5941.0,2,80.92898055317765,3,98.39364797106431
sano,160,10,B_incremental,5941.0,2,80.92898055317765,3,98.39364797106431
sano,160,11,B_incremental,5941.0,2,80.92898055317765,3,98.39364797106431
sano,161,0,A_steiner,5691.0,5,159.57604584340638,5,197.03537185549743
sano,161,1,A_steiner,5691.0,5,159.57604584340638,5,197.03537185549743
sano,161,2,A_steiner,5691.0,5,159.57604584340638,5,197.03537185549743
sano,161,3,A_steiner,5691.0,5,159.57604584340638,5,197.03537185549743
sano,161,4,A_steiner,5691.0,5,159.57604584340638,5,197.03537185549743
sano,161,5,A_steiner,5691.0,5,159.57604584340638,5,197.03537185549743
sano,161,6,B_incremental,5691.0,5,159.57604584340638,5,197.03537185549743
sano,161,7,B_incremental,5691.0,5,159.57604584340638,5,197.03537185549743
sano,161,8,B_incremental,5691.0,5,159.57604584340638,5,197.03537185549743
sano,161,9,B_incremental,5691.0,5,159.57604584340638,5,197.03537185549743
sano,161,10,B_incremental,5691.0,5,159.57604584340638,5,197.03537185549743
sano,161,11,B_incremental,5691.0,5,159.57604584340638,5,197.03537185549743
sano,162,0,A_steiner,1696.0,1,17.121791414370247,2,174.33638294074473
sano,162,1,A_steiner,1696.0,1,17.121791414370247,2,174.33638294074473
sano,162,2,A_steiner,1696.0,1,17.121791414370247,2,174.33638294074473
sano,162,3,A_steiner,1696.0,1,17.121791414370247,2,174.33638294074473
sano,162,4,A_steiner,1696.0,1,17.121791414370247,2,174.33638294074473
sano,162,5,A_steiner,1696.0,1,17.121791414370247,2,174.33638294074473
sano,162,6,B_incremental,1696.0,1,17.121791414370247,2,174.33638294074473
sano,162,7,B_incremental,1696.0,1,17.121791414370247,2,174.33638294074473
sano,162,8,B_incremental,1696.0,1,17.121791414370247,2,174.33638294074473
sano,162,9,B_incremental,1696.0,1,17.121791414370247,2,174.33638294074473
sano,162,10,B_incremental,1696.0,1,17.121791414370247,2,174.33638294074473
sano,162,11,B_incremental,1696.0,1,17.121791414370247,2,174.33638294074473
sano,163,0,A_steiner,1685.0,5,432.28827267598626,3,225.04423004368357
sano,163,1,A_steiner,1685.0,5,432.28827267598626,3,225.04423004368357
sano,163,2,A_steiner,1685.0,5,432.28827267598626,3,225.04423004368357
sano,163,3,A_steiner,1685.0,5,432.28827267598626,3,225.04423004368357
sano,163,4,A_steiner,1685.0,5,432.28827267598626,3,225.04423004368357
sano,163,5,A_steiner,1685.0,5,432.28827267598626,3,225.04423004368357
sano,163,6,B_incremental,1685.0,5,432.28827267598626,3,225.04423004368357
sano,163,7,B_incremental,1685.0,5,432.28827267598626,3,225.04423004368357
sano,163,8,B_incremental,1685.0,5,432.28827267598626,3,225.04423004368357
sano,163,9,B_incremental,1685.0,5,432.28827267598626,3,225.04423004368357
sano,163,10,B_incremental,1685.0,5,432.28827267598626,3,225.04423004368357
sano,163,11,B_incremental,1685.0,5,432.28827267598626,3,225.04423004368357
sano,164,0,A_steiner,4989.0,1,59.91016782136707,2,155.0889351728537
sano,164,1,A_steiner,4989.0,1,59.91016782136707,2,155.0889351728537
sano,164,2,A_steiner,4989.0,1,59.91016782136707,2,155.0889351728537
sano,164,3,A_steiner,4989.0,1,59.91016782136707,2,155.0889351728537
sano,164,4,A_steiner,4989.0,1,59.91016782136707,2,155.0889351728537
sano,164,5,A_steiner,4989.0,1,59.91016782136707,2,155.0889351728537
sano,164,6,B_incremental,4989.0,1,59.91016782136707,2,155.0889351728537
sano,164,7,B_incremental,4989.0,1,59.91016782136707,2,155.0889351728537
sano,164,8,B_incremental,4989.0,1,59.91016782136707,2,155.0889351728537
sano,164,9,B_incremental,4989.0,1,59.91016782136707,2,155.0889351728537
sano,164,10,B_incremental,4989.0,1,59.91016782136707,2,155.0889351728537
sano,164,11,B_incremental,4989.0,1,59.91016782136707,2,155.0889351728537
sano,166,0,A_steiner,5504.0,2,96.61858610420092,3,195.74586846569903
sano,166,1,A_steiner,5504.0,2,96.61858610420092,3,195.74586846569903
sano,166,2,A_steiner,5504.0,2,96.61858610420092,3,195.74586846569903
sano,166,3,A_steiner,5504.0,2,96.61858610420092,3,195.74586846569903
sano,166,4,A_steiner,5504.0,2,96.61858610420092,3,195.74586846569903
sano,166,5,A_steiner,5504.0,2,96.61858610420092,3,195.74586846569903
sano,166,6,B_incremental,5504.0,2,96.61858610420092,3,195.74586846569903
sano,166,7,B_incremental,5504.0,2,96.61858610420092,3,195.74586846569903
sano,166,8,B_incremental,5504.0,2,96.61858610420092,3,195.74586846569903
sano,166,9,B_incremental,5504.0,2,96.61858610420092,3,195.74586846569903
sano,166,10,B_incremental,5504.0,2,96.61858610420092,3,195.74586846569903
sano,166,11,B_incremental,5504.0,2,96.61858610420092,3,195.74586846569903
sano,167,0,A_steiner,1401.0,2,40.42584834471275,3,73.95420221977545
sano,167,1,A_steiner,1401.0,2,40.42584834471275,3,73.95420221977545
sano,167,2,A_steiner,1401.0,2,40.42584834471275,3,73.95420221977545
sano,167,3,A_steiner,1401.0,2,40.42584834471275,3,73.95420221977545
sano,167,4,A_steiner,1401.0,2,40.42584834471275,3,73.95420221977545
sano,167,5,A_steiner,1401.0,2,40.42584834471275,3,73.95420221977545
sano,167,6,B_incremental,1401.0,2,40.42584834471275,3,73.95420221977545
sano,167,7,B_incremental,1401.0,2,40.42584834471275,3,73.95420221977545
sano,167,8,B_incremental,1401.0,2,40.42584834471275,3,73.95420221977545
sano,167,9,B_incremental,1401.0,2,40.42584834471275,3,73.95420221977545
sano,167,10,B_incremental,1401.0,2,40.42584834471275,3,73.95420221977545
sano,167,11,B_incremental,1401.0,2,40.42584834471275,3,73.95420221977545
sano,168,0,A_steiner,1619.0,1,20.51080088298239,2,94.0117125295537
sano,168,1,A_steiner,1619.0,1,20.51080088298239,2,94.0117125295537
sano,168,2,A_steiner,1619.0,1,20.51080088298239,2,94.0117125295537
sano,168,3,A_steiner,1619.0,1,20.51080088298239,2,94.0117125295537
sano,168,4,A_steiner,1619.0,1,20.51080088298239,2,94.0117125295537
sano,168,5,A_steiner,1619.0,1,20.51080088298239,2,94.0117125295537
sano,168,6,B_incremental,1619.0,1,20.51080088298239,2,94.0117125295537
sano,168,7,B_incremental,1619.0,1,20.51080088298239,2,94.0117125295537
sano,168,8,B_incremental,1619.0,1,20.51080088298239,2,94.0117125295537
sano,168,9,B_incremental,1619.0,1,20.51080088298239,2,94.0117125295537
sano,168,10,B_incremental,1619.0,1,20.51080088298239,2,94.0117125295537
sano,168,11,B_incremental,1619.0,1,20.51080088298239,2,94.0117125295537
sano,170,0,A_steiner,1664.0,1,25.82167780713972,2,147.0287887701954
sano,170,1,A_steiner,1664.0,1,25.82167780713972,2,147.0287887701954
sano,170,2,A_steiner,1664.0,1,25.82167780713972,2,147.0287887701954
sano,170,3,A_steiner,1664.0,1,25.82167780713972,2,147.0287887701954
sano,170,4,A_steiner,1664.0,1,25.82167780713972,2,147.0287887701954
sano,170,5,A_steiner,1664.0,1,25.82167780713972,2,147.0287887701954
sano,170,6,B_incremental,1664.0,1,25.82167780713972,2,147.0287887701954
sano,170,7,B_incremental,1664.0,1,25.82167780713972,2,147.0287887701954
sano,170,8,B_incremental,1664.0,1,25.82167780713972,2,147.0287887701954
sano,170,9,B_incremental,1664.0,1,25.82167780713972,2,147.0287887701954
sano,170,10,B_incremental,1664.0,1,25.82167780713972,2,147.0287887701954
sano,170,11,B_incremental,1664.0,1,25.82167780713972,2,147.0287887701954
sano,172,0,A_steiner,4885.0,3,140.03497290647,2,127.8632186417419
sano,172,1,A_steiner,4885.0,3,140.03497290647,2,127.8632186417419
sano,172,2,A_steiner,4885.0,3,140.03497290647,2,127.8632186417419
sano,172,3,A_steiner,4885.0,3,140.03497290647,2,127.8632186417419
sano,172,4,A_steiner,4885.0,3,140.03497290647,2,127.8632186417419
sano,172,5,A_steiner,4885.0,3,140.03497290647,2,127.8632186417419
sano,172,6,B_incremental,4885.0,3,140.03497290647,2,127.8632186417419
sano,172,7,B_incremental,4885.0,3,140.03497290647,2,127.8632186417419
sano,172,8,B_incremental,4885.0,3,140.03497290647,2,127.8632186417419
sano,172,9,B_incremental,4885.0,3,140.03497290647,2,127.8632186417419
sano,172,10,B_incremental,4885.0,3,140.03497290647,2,127.8632186417419
sano,172,11,B_incremental,4885.0,3,140.03497290647,2,127.8632186417419
sano,173,0,A_steiner,4350.0,1,34.804748183516125,2,227.88843881814864
sano,173,1,A_steiner,4350.0,1,34.804748183516125,2,227.88843881814864
sano,173,2,A_steiner,4350.0,1,34.804748183516125,2,227.88843881814864
sano,173,3,A_steiner,4350.0,1,34.804748183516125,2,227.88843881814864
sano,173,4,A_steiner,4350.0,1,34.804748183516125,2,227.88843881814864
sano,173,5,A_steiner,4350.0,1,34.804748183516125,2,227.88843881814864
sano,173,6,B_incremental,4350.0,1,34.804748183516125,2,227.88843881814864
sano,173,7,B_incremental,4350.0,1,34.804748183516125,2,227.88843881814864
sano,173,8,B_incremental,4350.0,1,34.804748183516125,2,227.88843881814864
sano,173,9,B_incremental,4350.0,1,34.804748183516125,2,227.88843881814864
sano,173,10,B_incremental,4350.0,1,34.804748183516125,2,227.88843881814864
sano,173,11,B_incremental,4350.0,1,34.804748183516125,2,227.88843881814864
sano,174,0,A_steiner,1856.0,1,106.51128614332778,2,6.804066503312229
sano,174,1,A_steiner,1856.0,1,106.51128614332778,2,6.804066503312229
sano,174,2,A_steiner,1856.0,1,106.51128614332778,2,6.804066503312229
sano,174,3,A_steiner,1856.0,1,106.51128614332778,2,6.804066503312229
sano,174,4,A_steiner,1856.0,1,106.51128614332778,2,6.804066503312229
sano,174,5,A_steiner,1856.0,1,106.51128614332778,2,6.804066503312229
sano,174,6,B_incremental,1856.0,1,106.51128614332778,2,6.804066503312229
sano,174,7,B_incremental,1856.0,1,106.51128614332778,2,6.804066503312229
sano,174,8,B_incremental,1856.0,1,106.51128614332778,2,6.804066503312229
sano,174,9,B_incremental,1856.0,1,106.51128614332778,2,6.804066503312229
sano,174,10,B_incremental,1856.0,1,106.51128614332778,2,6.804066503312229
sano,174,11,B_incremental,1856.0,1,106.51128614332778,2,6.804066503312229
sano,175,0,A_steiner,5030.0,3,159.687473956033,4,304.49223060290103
sano,175,1,A_steiner,5030.0,3,159.687473956033,4,304.49223060290103
sano,175,2,A_steiner,5030.0,3,159.687473956033,4,304.49223060290103
sano,175,3,A_steiner,5030.0,3,159.687473956033,4,304.49223060290103
sano,175,4,A_steiner,5030.0,3,159.687473956033,4,304.49223060290103
sano,175,5,A_steiner,5030.0,3,159.687473956033,4,304.49223060290103
sano,175,6,B_incremental,5030.0,3,159.687473956033,4,304.49223060290103
sano,175,7,B_incremental,5030.0,3,159.687473956033,4,304.49223060290103
sano,175,8,B_incremental,5030.0,3,159.687473956033,4,304.49223060290103
sano,175,9,B_incremental,5030.0,3,159.687473956033,4,304.49223060290103
sano,175,10,B_incremental,5030.0,3,159.687473956033,4,304.49223060290103
sano,175,11,B_incremental,5030.0,3,159.687473956033,4,304.49223060290103
sano,177,0,A_steiner,4556.0,2,65.66746907127123,3,127.58074100563186
sano,177,1,A_steiner,4556.0,2,65.66746907127123,3,127.58074100563186
sano,177,2,A_steiner,4556.0,2,65.66746907127123,3,127.58074100563186
sano,177,3,A_steiner,4556.0,2,65.66746907127123,3,127.58074100563186
sano,177,4,A_steiner,4556.0,2,65.66746907127123,3,127.58074100563186
sano,177,5,A_steiner,4556.0,2,65.66746907127123,3,127.58074100563186
sano,177,6,B_incremental,4556.0,2,65.66746907127123,3,127.58074100563186
sano,177,7,B_incremental,4556.0,2,65.66746907127123,3,127.58074100563186
sano,177,8,B_incremental,4556.0,2,65.66746907127123,3,127.58074100563186
sano,177,9,B_incremental,4556.0,2,65.66746907127123,3,127.58074100563186
sano,177,10,B_incremental,4556.0,2,65.66746907127123,3,127.58074100563186
sano,177,11,B_incremental,4556.0,2,65.66746907127123,3,127.58074100563186
sano,178,0,A_steiner,4553.0,1,7.943129516142812,2,41.01104316127581
sano,178,1,A_steiner,4553.0,1,7.943129516142812,2,41.01104316127581
sano,178,2,A_steiner,4553.0,1,7.943129516142812,2,41.01104316127581
sano,178,3,A_steiner,4553.0,1,7.943129516142812,2,41.01104316127581
sano,178,4,A_steiner,4553.0,1,7.943129516142812,2,41.01104316127581
sano,178,5,A_steiner,4553.0,1,7.943129516142812,2,41.01104316127581
sano,178,6,B_incremental,4553.0,1,7.943129516142812,2,41.01104316127581
sano,178,7,B_incremental,4553.0,1,7.943129516142812,2,41.01104316127581
sano,178,8,B_incremental,4553.0,1,7.943129516142812,2,41.01104316127581
sano,178,9,B_incremental,4553.0,1,7.943129516142812,2,41.01104316127581
sano,178,10,B_incremental,4553.0,1,7.943129516142812,2,41.01104316127581
sano,178,11,B_incremental,4553.0,1,7.943129516142812,2,41.01104316127581
sano,179,0,A_steiner,5206.0,3,195.55359401385903,4,242.7718135120174
sano,179,1,A_steiner,5206.0,3,195.55359401385903,4,242.7718135120174
sano,179,2,A_steiner,5206.0,3,195.55359401385903,4,242.7718135120174
sano,179,3,A_steiner,5206.0,3,196.36965983441146,4,242.7718135120174
sano,179,4,A_steiner,5206.0,3,196.36965983441146,4,242.7718135120174
sano,179,5,A_steiner,5206.0,3,196.36965983441146,4,242.7718135120174
sano,179,6,B_incremental,5206.0,3,195.55359401385903,4,242.7718135120174
sano,179,7,B_incremental,5206.0,3,195.55359401385903,4,242.7718135120174
sano,179,8,B_incremental,5206.0,3,195.55359401385903,4,242.7718135120174
sano,179,9,B_incremental,5206.0,3,196.36965983441146,4,242.7718135120174
sano,179,10,B_incremental,5206.0,3,195.55359401385903,4,242.7718135120174
sano,179,11,B_incremental,5206.0,3,195.55359401385903,4,242.7718135120174
sano,181,0,A_steiner,375.0,1,45.3650281856764,2,120.03945014709944
sano,181,1,A_steiner,375.0,1,45.3650281856764,2,120.03945014709944
sano,181,2,A_steiner,375.0,1,45.3650281856764,2,120.03945014709944
sano,181,3,A_steiner,375.0,1,45.3650281856764,2,120.03945014709944
sano,181,4,A_steiner,375.0,1,45.3650281856764,2,120.03945014709944
sano,181,5,A_steiner,375.0,1,45.3650281856764,2,120.03945014709944
sano,181,6,B_incremental,375.0,1,45.3650281856764,2,120.03945014709944
sano,181,7,B_incremental,375.0,1,45.3650281856764,2,120.03945014709944
sano,181,8,B_incremental,375.0,1,45.3650281856764,2,120.03945014709944
sano,181,9,B_incremental,375.0,1,45.3650281856764,2,120.03945014709944
sano,181,10,B_incremental,375.0,1,45.3650281856764,2,120.03945014709944
sano,181,11,B_incremental,375.0,1,45.3650281856764,2,120.03945014709944
sano,183,0,A_steiner,5010.0,1,64.61283387023408,2,125.47462091850261
sano,183,1,A_steiner,5010.0,1,64.61283387023408,2,125.47462091850261
sano,183,2,A_steiner,5010.0,1,64.61283387023408,2,125.47462091850261
sano,183,3,A_steiner,5010.0,1,64.61283387023408,2,125.47462091850261
sano,183,4,A_steiner,5010.0,1,64.61283387023408,2,125.47462091850261
sano,183,5,A_steiner,5010.0,1,64.61283387023408,2,125.47462091850261
sano,183,6,B_incremental,5010.0,1,64.61283387023408,2,125.47462091850261
sano,183,7,B_incremental,5010.0,1,64.61283387023408,2,125.47462091850261
sano,183,8,B_incremental,5010.0,1,64.61283387023408,2,125.47462091850261
sano,183,9,B_incremental,5010.0,1,64.61283387023408,2,125.47462091850261
sano,183,10,B_incremental,5010.0,1,64.61283387023408,2,125.47462091850261
sano,183,11,B_incremental,5010.0,1,64.61283387023408,2,125.47462091850261
sano,184,0,A_steiner,4548.0,2,69.70978238021772,3,155.2313838398494
sano,184,1,A_steiner,4548.0,2,69.70978238021772,3,155.2313838398494
sano,184,2,A_steiner,4548.0,2,69.70978238021772,3,155.2313838398494
sano,184,3,A_steiner,4548.0,2,69.70978238021772,3,155.2313838398494
sano,184,4,A_steiner,4548.0,2,69.70978238021772,3,155.2313838398494
sano,184,5,A_steiner,4548.0,2,69.70978238021772,3,155.2313838398494
sano,184,6,B_incremental,4548.0,2,69.70978238021772,3,155.2313838398494
sano,184,7,B_incremental,4548.0,2,69.70978238021772,3,155.2313838398494
sano,184,8,B_incremental,4548.0,2,69.70978238021772,3,155.2313838398494
sano,184,9,B_incremental,4548.0,2,69.70978238021772,3,155.2313838398494
sano,184,10,B_incremental,4548.0,2,69.70978238021772,3,155.2313838398494
sano,184,11,B_incremental,4548.0,2,69.70978238021772,3,155.2313838398494
sano,186,0,A_steiner,4879.0,3,175.21817830447458,3,54.38266459553246
sano,186,1,A_steiner,4879.0,3,175.21817830447458,3,54.38266459553246
sano,186,2,A_steiner,4879.0,3,175.21817830447458,3,54.38266459553246
sano,186,3,A_steiner,4879.0,3,175.21817830447458,3,54.38266459553246
sano,186,4,A_steiner,4879.0,3,175.21817830447458,3,54.38266459553246
sano,186,5,A_steiner,4879.0,3,175.21817830447458,3,54.38266459553246
sano,186,6,B_incremental,4879.0,3,175.21817830447458,3,54.38266459553246
sano,186,7,B_incremental,4879.0,3,175.21817830447458,3,54.38266459553246
sano,186,8,B_incremental,4879.0,3,175.21817830447458,3,54.38266459553246
sano,186,9,B_incremental,4879.0,3,175.21817830447458,3,54.38266459553246
sano,186,10,B_incremental,4879.0,3,175.21817830447458,3,54.38266459553246
sano,186,11,B_incremental,4879.0,3,175.21817830447458,3,54.38266459553246
sano,187,0,A_steiner,5711.0,1,35.263121496428674,2,79.77426711160439
sano,187,1,A_steiner,5711.0,1,35.263121496428674,2,79.77426711160439
sano,187,2,A_steiner,5711.0,1,35.263121496428674,2,79.77426711160439
sano,187,3,A_steiner,5711.0,1,35.263121496428674,2,79.77426711160439
sano,187,4,A_steiner,5711.0,1,35.263121496428674,2,79.77426711160439
sano,187,5,A_steiner,5711.0,1,35.263121496428674,2,79.77426711160439
sano,187,6,B_incremental,5711.0,1,35.263121496428674,2,79.77426711160439
sano,187,7,B_incremental,5711.0,1,35.263121496428674,2,79.77426711160439
sano,187,8,B_incremental,5711.0,1,35.263121496428674,2,79.77426711160439
sano,187,9,B_incremental,5711.0,1,35.263121496428674,2,79.77426711160439
sano,187,10,B_incremental,5711.0,1,35.263121496428674,2,79.77426711160439
sano,187,11,B_incremental,5711.0,1,35.263121496428674,2,79.77426711160439
sano,188,0,A_steiner,4675.0,1,6.649916082522103,2,106.20222077279952
sano,188,1,A_steiner,4675.0,1,6.649916082522103,2,106.20222077279952
sano,188,2,A_steiner,4675.0,1,6.649916082522103,2,106.20222077279952
sano,188,3,A_steiner,4675.0,1,6.649916082522103,2,106.20222077279952
sano,188,4,A_steiner,4675.0,1,6.649916082522103,2,106.20222077279952
sano,188,5,A_steiner,4675.0,1,6.649916082522103,2,106.20222077279952
sano,188,6,B_incremental,4675.0,1,6.649916082522103,2,106.20222077279952
sano,188,7,B_incremental,4675.0,1,6.649916082522103,2,106.20222077279952
sano,188,8,B_incremental,4675.0,1,6.649916082522103,2,106.20222077279952
sano,188,9,B_incremental,4675.0,1,6.649916082522103,2,106.20222077279952
sano,188,10,B_incremental,4675.0,1,6.649916082522103,2,106.20222077279952
sano,188,11,B_incremental,4675.0,1,6.649916082522103,2,106.20222077279952
sano,192,0,A_steiner,1715.0,2,105.92621344729415,3,113.47342133317653
sano,192,1,A_steiner,1715.0,2,105.92621344729415,3,113.47342133317653
sano,192,2,A_steiner,1715.0,2,105.92621344729415,3,113.47342133317653
sano,192,3,A_steiner,1715.0,2,105.92621344729415,3,113.47342133317653
sano,192,4,A_steiner,1715.0,2,105.92621344729415,3,113.47342133317653
sano,192,5,A_steiner,1715.0,2,105.92621344729415,3,113.47342133317653
sano,192,6,B_incremental,1715.0,2,105.92621344729415,3,113.47342133317653
sano,192,7,B_incremental,1715.0,2,105.92621344729415,3,113.47342133317653
sano,192,8,B_incremental,1715.0,2,105.92621344729415,3,113.47342133317653
sano,192,9,B_incremental,1715.0,2,105.92621344729415,3,113.47342133317653
sano,192,10,B_incremental,1715.0,2,105.92621344729415,3,113.47342133317653
sano,192,11,B_incremental,1715.0,2,105.92621344729415,3,113.47342133317653
sano,196,0,A_steiner,3597.0,5,178.33188172610673,3,146.63113098550662
sano,196,1,A_steiner,3597.0,5,178.33188172610673,3,146.63113098550662
sano,196,2,A_steiner,3597.0,5,178.33188172610673,3,146.63113098550662
sano,196,3,A_steiner,3597.0,5,178.33188172610673,3,146.63113098550662
sano,196,4,A_steiner,3597.0,5,178.33188172610673,3,146.63113098550662
sano,196,5,A_steiner,3597.0,5,178.33188172610673,3,146.63113098550662
sano,196,6,B_incremental,3597.0,5,178.33188172610673,3,146.63113098550662
sano,196,7,B_incremental,3597.0,5,178.33188172610673,3,146.63113098550662
sano,196,8,B_incremental,3597.0,5,178.33188172610673,3,146.63113098550662
sano,196,9,B_incremental,3597.0,5,178.33188172610673,3,146.63113098550662
sano,196,10,B_incremental,3597.0,5,178.33188172610673,3,146.63113098550662
sano,196,11,B_incremental,3597.0,5,178.33188172610673,3,146.63113098550662
sano,197,0,A_steiner,6142.0,4,177.40720573808466,5,232.84225857512695
sano,197,1,A_steiner,6142.0,4,181.64258315706414,5,232.84225857512695
sano,197,2,A_steiner,6142.0,4,177.40720573808466,5,232.84225857512695
sano,197,3,A_steiner,6142.0,4,181.64258315706414,5,232.84225857512695
sano,197,4,A_steiner,6142.0,4,177.40720573808466,5,232.84225857512695
sano,197,5,A_steiner,6142.0,4,177.40720573808466,5,232.84225857512695
sano,197,6,B_incremental,6142.0,4,177.40720573808466,5,232.84225857512695
sano,197,7,B_incremental,6142.0,4,181.64258315706414,5,232.84225857512695
sano,197,8,B_incremental,6142.0,4,181.64258315706414,5,232.84225857512695
sano,197,9,B_incremental,6142.0,4,177.40720573808466,5,232.84225857512695
sano,197,10,B_incremental,6142.0,4,177.40720573808466,5,232.84225857512695
sano,197,11,B_incremental,6142.0,4,181.64258315706414,5,232.84225857512695
sano,198,0,A_steiner,1653.0,1,35.419516593342536,2,152.00885909095393
sano,198,1,A_steiner,1653.0,1,35.419516593342536,2,152.00885909095393
sano,198,2,A_steiner,1653.0,1,35.419516593342536,2,152.00885909095393
sano,198,3,A_steiner,1653.0,1,35.419516593342536,2,152.00885909095393
sano,198,4,A_steiner,1653.0,1,35.419516593342536,2,152.00885909095393
sano,198,5,A_steiner,1653.0,1,35.419516593342536,2,152.00885909095393
sano,198,6,B_incremental,1653.0,1,35.419516593342536,2,152.00885909095393
sano,198,7,B_incremental,1653.0,1,35.419516593342536,2,152.00885909095393
sano,198,8,B_incremental,1653.0,1,35.419516593342536,2,152.00885909095393
sano,198,9,B_incremental,1653.0,1,35.419516593342536,2,152.00885909095393
sano,198,10,B_incremental,1653.0,1,35.419516593342536,2,152.00885909095393
sano,198,11,B_incremental,1653.0,1,35.419516593342536,2,152.00885909095393
sano,202,0,A_steiner,258.0,3,262.6084972822355,3,196.43061319999447
sano,202,1,A_steiner,258.0,3,262.6084972822355,3,196.43061319999447
sano,202,2,A_steiner,258.0,3,262.6084972822355,3,196.43061319999447
sano,202,3,A_steiner,258.0,3,262.6084972822355,3,196.43061319999447
sano,202,4,A_steiner,258.0,3,262.6084972822355,3,196.43061319999447
sano,202,5,A_steiner,258.0,3,262.6084972822355,3,196.43061319999447
sano,202,6,B_incremental,258.0,3,262.6084972822355,3,196.43061319999447
sano,202,7,B_incremental,258.0,3,262.6084972822355,3,196.43061319999447
sano,202,8,B_incremental,258.0,3,262.6084972822355,3,196.43061319999447
sano,202,9,B_incremental,258.0,3,262.6084972822355,3,196.43061319999447
sano,202,10,B_incremental,258.0,3,262.6084972822355,3,196.43061319999447
sano,202,11,B_incremental,258.0,3,262.6084972822355,3,196.43061319999447
sano,203,0,A_steiner,4856.0,2,150.5544804034138,3,47.18960674788188
sano,203,1,A_steiner,4856.0,2,150.5544804034138,3,47.18960674788188
sano,203,2,A_steiner,4856.0,2,150.5544804034138,3,47.18960674788188
sano,203,3,A_steiner,4856.0,2,150.5544804034138,3,47.18960674788188
sano,203,4,A_steiner,4856.0,2,150.5544804034138,3,47.18960674788188
sano,203,5,A_steiner,4856.0,2,150.5544804034138,3,47.18960674788188
sano,203,6,B_incremental,4856.0,2,150.5544804034138,3,47.18960674788188
sano,203,7,B_incremental,4856.0,2,150.5544804034138,3,47.18960674788188
sano,203,8,B_incremental,4856.0,2,150.5544804034138,3,47.18960674788188
sano,203,9,B_incremental,4856.0,2,150.5544804034138,3,47.18960674788188
sano,203,10,B_incremental,4856.0,2,150.5544804034138,3,47.18960674788188
sano,203,11,B_incremental,4856.0,2,150.5544804034138,3,47.18960674788188
sano,204,0,A_steiner,1819.0,3,131.74375952385617,2,40.984773911238385
sano,204,1,A_steiner,1819.0,3,131.74375952385617,2,40.984773911238385
sano,204,2,A_steiner,1819.0,3,131.74375952385617,2,40.984773911238385
sano,204,3,A_steiner,1819.0,3,131.74375952385617,2,40.984773911238385
sano,204,4,A_steiner,1819.0,3,131.74375952385617,2,40.984773911238385
sano,204,5,A_steiner,1819.0,3,131.74375952385617,2,40.984773911238385
sano,204,6,B_incremental,1819.0,3,131.74375952385617,2,40.984773911238385
sano,204,7,B_incremental,1819.0,3,131.74375952385617,2,40.984773911238385
sano,204,8,B_incremental,1819.0,3,131.74375952385617,2,40.984773911238385
sano,204,9,B_incremental,1819.0,3,131.74375952385617,2,40.984773911238385
sano,204,10,B_incremental,1819.0,3,131.74375952385617,2,40.984773911238385
sano,204,11,B_incremental,1819.0,3,131.74375952385617,2,40.984773911238385
sano,205,0,A_steiner,1692.0,4,204.36334964584478,5,249.09892864012792
sano,205,1,A_steiner,1692.0,4,204.36334964584478,5,249.09892864012792
sano,205,2,A_steiner,1692.0,4,204.36334964584478,5,249.09892864012792
sano,205,3,A_steiner,1692.0,4,204.36334964584478,5,249.09892864012792
sano,205,4,A_steiner,1692.0,4,204.36334964584478,5,249.09892864012792
sano,205,5,A_steiner,1692.0,4,204.36334964584478,5,249.09892864012792
sano,205,6,B_incremental,1692.0,4,204.3633496458448,5,249.09892864012792
sano,205,7,B_incremental,1692.0,4,204.36334964584478,5,249.09892864012792
sano,205,8,B_incremental,1692.0,4,204.36334964584478,5,249.09892864012792
sano,205,9,B_incremental,1692.0,4,204.36334964584478,5,249.09892864012792
sano,205,10,B_incremental,1692.0,4,204.36334964584478,5,249.09892864012792
sano,205,11,B_incremental,1692.0,4,204.3633496458448,5,249.09892864012792
sano,206,0,A_steiner,1571.0,1,50.96011853388646,2,68.83523532203142
sano,206,1,A_steiner,1571.0,1,50.96011853388646,2,68.83523532203142
sano,206,2,A_steiner,1571.0,1,50.96011853388646,2,68.83523532203142
sano,206,3,A_steiner,1571.0,1,50.96011853388646,2,68.83523532203142
sano,206,4,A_steiner,1571.0,1,50.96011853388646,2,68.83523532203142
sano,206,5,A_steiner,1571.0,1,50.96011853388646,2,68.83523532203142
sano,206,6,B_incremental,1571.0,1,50.96011853388646,2,68.83523532203142
sano,206,7,B_incremental,1571.0,1,50.96011853388646,2,68.83523532203142
sano,206,8,B_incremental,1571.0,1,50.96011853388646,2,68.83523532203142
sano,206,9,B_incremental,1571.0,1,50.96011853388646,2,68.83523532203142
sano,206,10,B_incremental,1571.0,1,50.96011853388646,2,68.83523532203142
sano,206,11,B_incremental,1571.0,1,50.96011853388646,2,68.83523532203142
sano,207,0,A_steiner,4357.0,3,188.26904892159922,4,686.7114767881055
sano,207,1,A_steiner,4357.0,3,188.26904892159922,4,686.7114767881055
sano,207,2,A_steiner,4357.0,3,188.26904892159922,4,686.7114767881055
sano,207,3,A_steiner,4357.0,3,188.26904892159922,4,686.7114767881055
sano,207,4,A_steiner,4357.0,3,188.26904892159922,4,686.7114767881055
sano,207,5,A_steiner,4357.0,3,188.26904892159922,4,686.7114767881055
sano,207,6,B_incremental,4357.0,3,188.26904892159922,4,686.7114767881055
sano,207,7,B_incremental,4357.0,3,188.26904892159922,4,686.7114767881055
sano,207,8,B_incremental,4357.0,3,188.26904892159922,4,686.7114767881055
sano,207,9,B_incremental,4357.0,3,188.26904892159922,4,686.7114767881055
sano,207,10,B_incremental,4357.0,3,188.26904892159922,4,686.7114767881055
sano,207,11,B_incremental,4357.0,3,188.26904892159922,4,686.7114767881055
sano,208,0,A_steiner,4844.0,1,64.46562174345993,2,120.06791540335752
sano,208,1,A_steiner,4844.0,1,64.46562174345993,2,120.06791540335752
sano,208,2,A_steiner,4844.0,1,64.46562174345993,2,120.06791540335752
sano,208,3,A_steiner,4844.0,1,64.46562174345993,2,120.06791540335752
sano,208,4,A_steiner,4844.0,1,64.46562174345993,2,120.06791540335752
sano,208,5,A_steiner,4844.0,1,64.46562174345993,2,120.06791540335752
sano,208,6,B_incremental,4844.0,1,64.46562174345993,2,120.06791540335752
sano,208,7,B_incremental,4844.0,1,64.46562174345993,2,120.06791540335752
sano,208,8,B_incremental,4844.0,1,64.46562174345993,2,120.06791540335752
sano,208,9,B_incremental,4844.0,1,64.46562174345993,2,120.06791540335752
sano,208,10,B_incremental,4844.0,1,64.46562174345993,2,120.06791540335752
sano,208,11,B_incremental,4844.0,1,64.46562174345993,2,120.06791540335752
sano,209,0,A_steiner,5705.0,6,343.84220466984686,6,339.1032501073834
sano,209,1,A_steiner,5705.0,6,343.84220466984686,6,339.1032501073834
sano,209,2,A_steiner,5705.0,6,343.84220466984686,6,339.1032501073834
sano,209,3,A_steiner,5705.0,6,343.84220466984686,6,339.1032501073834
sano,209,4,A_steiner,5705.0,6,343.84220466984686,6,339.1032501073834
sano,209,5,A_steiner,5705.0,6,343.84220466984686,6,339.1032501073834
sano,209,6,B_incremental,5705.0,6,343.84220466984686,6,339.1032501073834
sano,209,7,B_incremental,5705.0,6,343.8422046698468,6,339.1032501073834
sano,209,8,B_incremental,5705.0,6,343.84220466984686,6,339.1032501073834
sano,209,9,B_incremental,5705.0,6,343.84220466984686,6,339.1032501073834
sano,209,10,B_incremental,5705.0,6,343.84220466984686,6,339.1032501073834
sano,209,11,B_incremental,5705.0,6,343.84220466984686,6,339.1032501073834
sano,211,0,A_steiner,4549.0,4,209.69085775331496,2,270.87762879719844
sano,211,1,A_steiner,4549.0,4,209.69085775331496,2,270.87762879719844
sano,211,2,A_steiner,4549.0,4,209.69085775331496,2,270.87762879719844
sano,211,3,A_steiner,4549.0,4,209.69085775331496,2,270.87762879719844
sano,211,4,A_steiner,4549.0,4,209.69085775331496,2,270.87762879719844
sano,211,5,A_steiner,4549.0,4,209.69085775331496,2,270.87762879719844
sano,211,6,B_incremental,4549.0,4,209.69085775331496,2,270.87762879719844
sano,211,7,B_incremental,4549.0,4,209.69085775331496,2,270.87762879719844
sano,211,8,B_incremental,4549.0,4,209.69085775331496,2,270.87762879719844
sano,211,9,B_incremental,4549.0,4,209.69085775331496,2,270.87762879719844
sano,211,10,B_incremental,4549.0,4,209.69085775331496,2,270.87762879719844
sano,211,11,B_incremental,4549.0,4,209.69085775331496,2,270.87762879719844
sano,212,0,A_steiner,1716.0,3,130.22499046315374,4,148.60268468107046
sano,212,1,A_steiner,1716.0,3,130.22499046315374,4,148.60268468107046
sano,212,2,A_steiner,1716.0,3,130.22499046315374,4,148.60268468107046
sano,212,3,A_steiner,1716.0,3,130.22499046315374,4,148.60268468107046
sano,212,4,A_steiner,1716.0,3,130.22499046315374,4,148.60268468107046
sano,212,5,A_steiner,1716.0,3,130.22499046315374,4,148.60268468107046
sano,212,6,B_incremental,1716.0,3,130.22499046315377,4,148.60268468107046
sano,212,7,B_incremental,1716.0,3,130.22499046315377,4,148.60268468107046
sano,212,8,B_incremental,1716.0,3,130.22499046315377,4,148.60268468107046
sano,212,9,B_incremental,1716.0,3,130.22499046315377,4,148.60268468107046
sano,212,10,B_incremental,1716.0,3,130.22499046315374,4,148.60268468107046
sano,212,11,B_incremental,1716.0,3,130.22499046315374,4,148.60268468107046
sano,214,0,A_steiner,3791.0,5,306.5235547096233,6,563.9796771020212
sano,214,1,A_steiner,3791.0,5,306.5235547096233,6,563.9796771020212
sano,214,2,A_steiner,3791.0,5,306.5235547096233,6,563.9796771020212
sano,214,3,A_steiner,3791.0,5,306.5235547096233,6,563.9796771020212
sano,214,4,A_steiner,3791.0,5,306.5235547096233,6,563.9796771020212
sano,214,5,A_steiner,3791.0,5,306.5235547096233,6,563.9796771020212
sano,214,6,B_incremental,3791.0,5,306.5235547096233,6,563.9796771020212
sano,214,7,B_incremental,3791.0,5,306.52355470962334,6,563.9796771020212
sano,214,8,B_incremental,3791.0,5,306.52355470962334,6,563.9796771020212
sano,214,9,B_incremental,3791.0,5,306.52355470962334,6,563.9796771020212
sano,214,10,B_incremental,3791.0,5,306.5235547096233,6,563.9796771020212
sano,214,11,B_incremental,3791.0,5,306.52355470962334,6,563.9796771020212
sano,215,0,A_steiner,3735.0,1,66.44446105969674,2,171.5063206831539
sano,215,1,A_steiner,3735.0,1,66.44446105969674,2,171.5063206831539
sano,215,2,A_steiner,3735.0,1,66.44446105969674,2,171.5063206831539
sano,215,3,A_steiner,3735.0,1,66.44446105969674,2,171.5063206831539
sano,215,4,A_steiner,3735.0,1,66.44446105969674,2,171.5063206831539
sano,215,5,A_steiner,3735.0,1,66.44446105969674,2,171.5063206831539
sano,215,6,B_incremental,3735.0,1,66.44446105969674,2,171.5063206831539
sano,215,7,B_incremental,3735.0,1,66.44446105969674,2,171.5063206831539
sano,215,8,B_incremental,3735.0,1,66.44446105969674,2,171.5063206831539
sano,215,9,B_incremental,3735.0,1,66.44446105969674,2,171.5063206831539
sano,215,10,B_incremental,3735.0,1,66.44446105969674,2,171.5063206831539
sano,215,11,B_incremental,3735.0,1,66.44446105969674,2,171.5063206831539
sano,216,0,A_steiner,4636.0,1,7.325388304992424,2,130.0295879213599
sano,216,1,A_steiner,4636.0,1,7.325388304992424,2,130.0295879213599
sano,216,2,A_steiner,4636.0,1,7.325388304992424,2,130.0295879213599
sano,216,3,A_steiner,4636.0,1,7.325388304992424,2,130.0295879213599
sano,216,4,A_steiner,4636.0,1,7.325388304992424,2,130.0295879213599
sano,216,5,A_steiner,4636.0,1,7.325388304992424,2,130.0295879213599
sano,216,6,B_incremental,4636.0,1,7.325388304992424,2,130.0295879213599
sano,216,7,B_incremental,4636.0,1,7.325388304992424,2,130.0295879213599
sano,216,8,B_incremental,4636.0,1,7.325388304992424,2,130.0295879213599
sano,216,9,B_incremental,4636.0,1,7.325388304992424,2,130.0295879213599
sano,216,10,B_incremental,4636.0,1,7.325388304992424,2,130.0295879213599
sano,216,11,B_incremental,4636.0,1,7.325388304992424,2,130.0295879213599
sano,217,0,A_steiner,1813.0,2,101.13177783373052,3,155.3336715312764
sano,217,1,A_steiner,1813.0,2,101.13177783373052,3,155.3336715312764
sano,217,2,A_steiner,1813.0,2,101.13177783373052,3,155.3336715312764
sano,217,3,A_steiner,1813.0,2,101.13177783373052,3,155.3336715312764
sano,217,4,A_steiner,1813.0,2,101.13177783373052,3,155.3336715312764
sano,217,5,A_steiner,1813.0,2,101.13177783373052,3,155.3336715312764
sano,217,6,B_incremental,1813.0,2,101.13177783373052,3,155.3336715312764
sano,217,7,B_incremental,1813.0,2,101.13177783373052,3,155.3336715312764
sano,217,8,B_incremental,1813.0,2,101.13177783373052,3,155.3336715312764
sano,217,9,B_incremental,1813.0,2,101.13177783373052,3,155.3336715312764
sano,217,10,B_incremental,1813.0,2,101.13177783373052,3,155.3336715312764
sano,217,11,B_incremental,1813.0,2,101.13177783373052,3,155.3336715312764
sano,218,0,A_steiner,829.0,1,52.765013501153874,2,133.63402529674465
sano,218,1,A_steiner,829.0,1,52.765013501153874,2,133.63402529674465
sano,218,2,A_steiner,829.0,1,52.765013501153874,2,133.63402529674465
sano,218,3,A_steiner,829.0,1,52.765013501153874,2,133.63402529674465
sano,218,4,A_steiner,829.0,1,52.765013501153874,2,133.63402529674465
sano,218,5,A_steiner,829.0,1,52.765013501153874,2,133.63402529674465
sano,218,6,B_incremental,829.0,1,52.765013501153874,2,133.63402529674465
sano,218,7,B_incremental,829.0,1,52.765013501153874,2,133.63402529674465
sano,218,8,B_incremental,829.0,1,52.765013501153874,2,133.63402529674465
sano,218,9,B_incremental,829.0,1,52.765013501153874,2,133.63402529674465
sano,218,10,B_incremental,829.0,1,52.765013501153874,2,133.63402529674465
sano,218,11,B_incremental,829.0,1,52.765013501153874,2,133.63402529674465
sano,220,0,A_steiner,6027.0,8,405.490103992058,4,330.5749950760924
sano,220,1,A_steiner,6027.0,8,405.490103992058,4,330.5749950760924
sano,220,2,A_steiner,6027.0,8,405.490103992058,4,330.5749950760924
sano,220,3,A_steiner,6027.0,8,405.490103992058,4,330.5749950760924
sano,220,4,A_steiner,6027.0,8,405.490103992058,4,330.5749950760924
sano,220,5,A_steiner,6027.0,8,405.490103992058,4,330.5749950760924
sano,220,6,B_incremental,6027.0,8,405.490103992058,4,330.5749950760924
sano,220,7,B_incremental,6027.0,8,405.490103992058,4,330.5749950760924
sano,220,8,B_incremental,6027.0,8,405.490103992058,4,330.5749950760924
sano,220,9,B_incremental,6027.0,8,405.490103992058,4,330.5749950760924
sano,220,10,B_incremental,6027.0,8,405.490103992058,4,330.5749950760924
sano,220,11,B_incremental,6027.0,8,405.490103992058,4,330.5749950760924
sano,221,0,A_steiner,90.0,1,50.50917359149864,2,116.40797584345084
sano,221,1,A_steiner,90.0,1,50.50917359149864,2,116.40797584345084
sano,221,2,A_steiner,90.0,1,50.50917359149864,2,116.40797584345084
sano,221,3,A_steiner,90.0,1,50.50917359149864,2,116.40797584345084
sano,221,4,A_steiner,90.0,1,50.50917359149864,2,116.40797584345084
sano,221,5,A_steiner,90.0,1,50.50917359149864,2,116.40797584345084
sano,221,6,B_incremental,90.0,1,50.50917359149864,2,116.40797584345084
sano,221,7,B_incremental,90.0,1,50.50917359149864,2,116.40797584345084
sano,221,8,B_incremental,90.0,1,50.50917359149864,2,116.40797584345084
sano,221,9,B_incremental,90.0,1,50.50917359149864,2,116.40797584345084
sano,221,10,B_incremental,90.0,1,50.50917359149864,2,116.40797584345084
sano,221,11,B_incremental,90.0,1,50.50917359149864,2,116.40797584345084
sano,222,0,A_steiner,5503.0,1,45.78877593416932,2,83.86317457843485
sano,222,1,A_steiner,5503.0,1,45.78877593416932,2,83.86317457843485
sano,222,2,A_steiner,5503.0,1,45.78877593416932,2,83.86317457843485
sano,222,3,A_steiner,5503.0,1,45.78877593416932,2,83.86317457843485
sano,222,4,A_steiner,5503.0,1,45.78877593416932,2,83.86317457843485
sano,222,5,A_steiner,5503.0,1,45.78877593416932,2,83.86317457843485
sano,222,6,B_incremental,5503.0,1,45.78877593416932,2,83.86317457843485
sano,222,7,B_incremental,5503.0,1,45.78877593416932,2,83.86317457843485
sano,222,8,B_incremental,5503.0,1,45.78877593416932,2,83.86317457843485
sano,222,9,B_incremental,5503.0,1,45.78877593416932,2,83.86317457843485
sano,222,10,B_incremental,5503.0,1,45.78877593416932,2,83.86317457843485
sano,222,11,B_incremental,5503.0,1,45.78877593416932,2,83.86317457843485
sano,224,0,A_steiner,4863.0,3,172.59006162550406,4,164.68200841029648
sano,224,1,A_steiner,4863.0,3,172.59006162550406,4,164.68200841029648
sano,224,2,A_steiner,4863.0,3,172.59006162550406,4,164.68200841029648
sano,224,3,A_steiner,4863.0,3,172.59006162550406,4,164.68200841029648
sano,224,4,A_steiner,4863.0,3,172.59006162550406,4,164.68200841029648
sano,224,5,A_steiner,4863.0,3,172.59006162550406,4,164.68200841029648
sano,224,6,B_incremental,4863.0,3,172.59006162550406,4,164.68200841029648
sano,224,7,B_incremental,4863.0,3,200.3911349251875,4,164.68200841029648
sano,224,8,B_incremental,4863.0,3,172.59006162550406,4,164.68200841029648
sano,224,9,B_incremental,4863.0,3,172.59006162550406,4,164.68200841029648
sano,224,10,B_incremental,4863.0,3,200.3911349251875,4,164.68200841029648
sano,224,11,B_incremental,4863.0,3,172.59006162550406,4,164.68200841029648
sano,227,0,A_steiner,5211.0,1,16.04655591778083,2,12.065706557044138
sano,227,1,A_steiner,5211.0,1,16.04655591778083,2,12.065706557044138
sano,227,2,A_steiner,5211.0,1,16.04655591778083,2,12.065706557044138
sano,227,3,A_steiner,5211.0,1,16.04655591778083,2,12.065706557044138
sano,227,4,A_steiner,5211.0,1,16.04655591778083,2,12.065706557044138
sano,227,5,A_steiner,5211.0,1,16.04655591778083,2,12.065706557044138
sano,227,6,B_incremental,5211.0,1,16.04655591778083,2,12.065706557044138
sano,227,7,B_incremental,5211.0,1,16.04655591778083,2,12.065706557044138
sano,227,8,B_incremental,5211.0,1,16.04655591778083,2,12.065706557044138
sano,227,9,B_incremental,5211.0,1,16.04655591778083,2,12.065706557044138
sano,227,10,B_incremental,5211.0,1,16.04655591778083,2,12.065706557044138
sano,227,11,B_incremental,5211.0,1,16.04655591778083,2,12.065706557044138
sano,228,0,A_steiner,4886.0,3,142.82810579557582,4,263.21289811748164
sano,228,1,A_steiner,4886.0,3,142.82810579557582,4,263.21289811748164
sano,228,2,A_steiner,4886.0,3,142.82810579557582,4,263.21289811748164
sano,228,3,A_steiner,4886.0,3,142.82810579557582,4,263.21289811748164
sano,228,4,A_steiner,4886.0,3,142.82810579557582,4,263.21289811748164
sano,228,5,A_steiner,4886.0,3,142.82810579557582,4,263.21289811748164
sano,228,6,B_incremental,4886.0,3,142.82810579557582,4,263.21289811748164
sano,228,7,B_incremental,4886.0,3,142.82810579557582,4,263.21289811748164
sano,228,8,B_incremental,4886.0,3,142.82810579557582,4,263.21289811748164
sano,228,9,B_incremental,4886.0,3,142.82810579557582,4,263.21289811748164
sano,228,10,B_incremental,4886.0,3,142.82810579557582,4,263.21289811748164
sano,228,11,B_incremental,4886.0,3,142.82810579557582,4,263.21289811748164
sano,229,0,A_steiner,5689.0,2,97.98441397062491,3,130.28404050160898
sano,229,1,A_steiner,5689.0,2,97.98441397062491,3,130.28404050160898
sano,229,2,A_steiner,5689.0,2,97.98441397062491,3,130.28404050160898
sano,229,3,A_steiner,5689.0,2,97.98441397062491,3,130.28404050160898
sano,229,4,A_steiner,5689.0,2,97.98441397062491,3,130.28404050160898
sano,229,5,A_steiner,5689.0,2,97.98441397062491,3,130.28404050160898
sano,229,6,B_incremental,5689.0,2,97.98441397062491,3,130.28404050160898
sano,229,7,B_incremental,5689.0,2,97.98441397062491,3,130.28404050160898
sano,229,8,B_incremental,5689.0,2,97.98441397062491,3,130.28404050160898
sano,229,9,B_incremental,5689.0,2,97.98441397062491,3,130.28404050160898
sano,229,10,B_incremental,5689.0,2,97.98441397062491,3,130.28404050160898
sano,229,11,B_incremental,5689.0,2,97.98441397062491,3,130.28404050160898
sano,232,0,A_steiner,868.0,1,74.36966000560923,2,101.70827327555004
sano,232,1,A_steiner,868.0,1,74.36966000560923,2,101.70827327555004
sano,232,2,A_steiner,868.0,1,74.36966000560923,2,101.70827327555004
sano,232,3,A_steiner,868.0,1,74.36966000560923,2,101.70827327555004
sano,232,4,A_steiner,868.0,1,74.36966000560923,2,101.70827327555004
sano,232,5,A_steiner,868.0,1,74.36966000560923,2,101.70827327555004
sano,232,6,B_incremental,868.0,1,74.36966000560923,2,101.70827327555004
sano,232,7,B_incremental,868.0,1,74.36966000560923,2,101.70827327555004
sano,232,8,B_incremental,868.0,1,74.36966000560923,2,101.70827327555004
sano,232,9,B_incremental,868.0,1,74.36966000560923,2,101.70827327555004
sano,232,10,B_incremental,868.0,1,74.36966000560923,2,101.70827327555004
sano,232,11,B_incremental,868.0,1,74.36966000560923,2,101.70827327555004
sano,233,0,A_steiner,6150.0,6,380.58636244442636,7,380.7750360151131
sano,233,1,A_steiner,6150.0,6,380.58636244442636,7,380.7750360151131
sano,233,2,A_steiner,6150.0,6,380.58636244442636,7,380.7750360151131
sano,233,3,A_steiner,6150.0,6,380.58636244442636,7,380.7750360151131
sano,233,4,A_steiner,6150.0,6,380.58636244442636,7,380.7750360151131
sano,233,5,A_steiner,6150.0,6,380.58636244442636,7,380.7750360151131
sano,233,6,B_incremental,6150.0,6,380.58636244442636,7,380.7750360151131
sano,233,7,B_incremental,6150.0,6,380.5863624444263,7,380.7750360151131
sano,233,8,B_incremental,6150.0,6,380.5863624444263,7,380.7750360151131
sano,233,9,B_incremental,6150.0,6,401.7291232232048,7,380.7750360151131
sano,233,10,B_incremental,6150.0,6,380.5863624444263,7,380.7750360151131
sano,233,11,B_incremental,6150.0,6,380.5863624444263,7,380.7750360151131
sano,234,0,A_steiner,1534.0,1,34.718591989686615,2,91.6891411860629
sano,234,1,A_steiner,1534.0,1,34.718591989686615,2,91.6891411860629
sano,234,2,A_steiner,1534.0,1,34.718591989686615,2,91.6891411860629
sano,234,3,A_steiner,1534.0,1,34.718591989686615,2,91.6891411860629
sano,234,4,A_steiner,1534.0,1,34.718591989686615,2,91.6891411860629
sano,234,5,A_steiner,1534.0,1,34.718591989686615,2,91.6891411860629
sano,234,6,B_incremental,1534.0,1,34.718591989686615,2,91.6891411860629
sano,234,7,B_incremental,1534.0,1,34.718591989686615,2,91.6891411860629
sano,234,8,B_incremental,1534.0,1,34.718591989686615,2,91.6891411860629
sano,234,9,B_incremental,1534.0,1,34.718591989686615,2,91.6891411860629
sano,234,10,B_incremental,1534.0,1,34.718591989686615,2,91.6891411860629
sano,234,11,B_incremental,1534.0,1,34.718591989686615,2,91.6891411860629
sano,235,0,A_steiner,4806.0,1,57.37870985460293,2,181.03781150147424
sano,235,1,A_steiner,4806.0,1,57.37870985460293,2,181.03781150147424
sano,235,2,A_steiner,4806.0,1,57.37870985460293,2,181.03781150147424
sano,235,3,A_steiner,4806.0,1,57.37870985460293,2,181.03781150147424
sano,235,4,A_steiner,4806.0,1,57.37870985460293,2,181.03781150147424
sano,235,5,A_steiner,4806.0,1,57.37870985460293,2,181.03781150147424
sano,235,6,B_incremental,4806.0,1,57.37870985460293,2,181.03781150147424
sano,235,7,B_incremental,4806.0,1,57.37870985460293,2,181.03781150147424
sano,235,8,B_incremental,4806.0,1,57.37870985460293,2,181.03781150147424
sano,235,9,B_incremental,4806.0,1,57.37870985460293,2,181.03781150147424
sano,235,10,B_incremental,4806.0,1,57.37870985460293,2,181.03781150147424
sano,235,11,B_incremental,4806.0,1,57.37870985460293,2,181.03781150147424
sano,236,0,A_steiner,5038.0,1,12.196004606056292,2,31.307378799557046
sano,236,1,A_steiner,5038.0,1,12.196004606056292,2,31.307378799557046
sano,236,2,A_steiner,5038.0,1,12.196004606056292,2,31.307378799557046
sano,236,3,A_steiner,5038.0,1,12.196004606056292,2,31.307378799557046
sano,236,4,A_steiner,5038.0,1,12.196004606056292,2,31.307378799557046
sano,236,5,A_steiner,5038.0,1,12.196004606056292,2,31.307378799557046
sano,236,6,B_incremental,5038.0,1,12.196004606056292,2,31.307378799557046
sano,236,7,B_incremental,5038.0,1,12.196004606056292,2,31.307378799557046
sano,236,8,B_incremental,5038.0,1,12.196004606056292,2,31.307378799557046
sano,236,9,B_incremental,5038.0,1,12.196004606056292,2,31.307378799557046
sano,236,10,B_incremental,5038.0,1,12.196004606056292,2,31.307378799557046
sano,236,11,B_incremental,5038.0,1,12.196004606056292,2,31.307378799557046
sano,237,0,A_steiner,1607.0,4,157.58928033579355,2,37.24181855478642
sano,237,1,A_steiner,1607.0,4,157.58928033579355,2,37.24181855478642
sano,237,2,A_steiner,1607.0,4,157.58928033579355,2,37.24181855478642
sano,237,3,A_steiner,1607.0,4,157.58928033579355,2,37.24181855478642
sano,237,4,A_steiner,1607.0,4,157.58928033579355,2,37.24181855478642
sano,237,5,A_steiner,1607.0,4,157.58928033579355,2,37.24181855478642
sano,237,6,B_incremental,1607.0,4,157.58928033579355,2,37.24181855478642
sano,237,7,B_incremental,1607.0,4,157.58928033579355,2,37.24181855478642
sano,237,8,B_incremental,1607.0,4,157.58928033579355,2,37.24181855478642
sano,237,9,B_incremental,1607.0,4,157.58928033579355,2,37.24181855478642
sano,237,10,B_incremental,1607.0,4,157.58928033579355,2,37.24181855478642
sano,237,11,B_incremental,1607.0,4,157.58928033579355,2,37.24181855478642
sano,240,0,A_steiner,1577.0,4,129.4932679989002,4,262.01365063799335
sano,240,1,A_steiner,1577.0,4,129.4932679989002,4,262.01365063799335
sano,240,2,A_steiner,1577.0,4,129.4932679989002,4,262.01365063799335
sano,240,3,A_steiner,1577.0,4,129.4932679989002,4,262.01365063799335
sano,240,4,A_steiner,1577.0,4,129.4932679989002,4,262.01365063799335
sano,240,5,A_steiner,1577.0,4,129.4932679989002,4,262.01365063799335
sano,240,6,B_incremental,1577.0,4,129.4932679989002,4,262.01365063799335
sano,240,7,B_incremental,1577.0,4,129.4932679989002,4,262.01365063799335
sano,240,8,B_incremental,1577.0,4,129.4932679989002,4,262.01365063799335
sano,240,9,B_incremental,1577.0,4,129.4932679989002,4,262.01365063799335
sano,240,10,B_incremental,1577.0,4,129.4932679989002,4,262.01365063799335
sano,240,11,B_incremental,1577.0,4,129.4932679989002,4,262.01365063799335
sano,241,0,A_steiner,3792.0,1,12.392695918209602,2,209.4201610862578
sano,241,1,A_steiner,3792.0,1,12.392695918209602,2,209.4201610862578
sano,241,2,A_steiner,3792.0,1,12.392695918209602,2,209.4201610862578
sano,241,3,A_steiner,3792.0,1,12.392695918209602,2,209.4201610862578
sano,241,4,A_steiner,3792.0,1,12.392695918209602,2,209.4201610862578
sano,241,5,A_steiner,3792.0,1,12.392695918209602,2,209.4201610862578
sano,241,6,B_incremental,3792.0,1,12.392695918209602,2,209.4201610862578
sano,241,7,B_incremental,3792.0,1,12.392695918209602,2,209.4201610862578
sano,241,8,B_incremental,3792.0,1,12.392695918209602,2,209.4201610862578
sano,241,9,B_incremental,3792.0,1,12.392695918209602,2,209.4201610862578
sano,241,10,B_incremental,3792.0,1,12.392695918209602,2,209.4201610862578
sano,241,11,B_incremental,3792.0,1,12.392695918209602,2,209.4201610862578
sano,242,0,A_steiner,5019.0,1,56.43885718091742,2,156.54083155797315
sano,242,1,A_steiner,5019.0,1,56.43885718091742,2,156.54083155797315
sano,242,2,A_steiner,5019.0,1,56.43885718091742,2,156.54083155797315
sano,242,3,A_steiner,5019.0,1,56.43885718091742,2,156.54083155797315
sano,242,4,A_steiner,5019.0,1,56.43885718091742,2,156.54083155797315
sano,242,5,A_steiner,5019.0,1,56.43885718091742,2,156.54083155797315
sano,242,6,B_incremental,5019.0,1,56.43885718091742,2,156.54083155797315
sano,242,7,B_incremental,5019.0,1,56.43885718091742,2,156.54083155797315
sano,242,8,B_incremental,5019.0,1,56.43885718091742,2,156.54083155797315
sano,242,9,B_incremental,5019.0,1,56.43885718091742,2,156.54083155797315
sano,242,10,B_incremental,5019.0,1,56.43885718091742,2,156.54083155797315
sano,242,11,B_incremental,5019.0,1,56.43885718091742,2,156.54083155797315
sano,244,0,A_steiner,5000.0,2,75.86556354190552,3,38.884222310421016
sano,244,1,A_steiner,5000.0,2,75.86556354190552,3,38.884222310421016
sano,244,2,A_steiner,5000.0,2,75.86556354190552,3,38.884222310421016
sano,244,3,A_steiner,5000.0,2,75.86556354190552,3,38.884222310421016
sano,244,4,A_steiner,5000.0,2,75.86556354190552,3,38.884222310421016
sano,244,5,A_steiner,5000.0,2,75.86556354190552,3,38.884222310421016
sano,244,6,B_incremental,5000.0,2,75.86556354190552,3,38.884222310421016
sano,244,7,B_incremental,5000.0,2,75.86556354190552,3,38.884222310421016
sano,244,8,B_incremental,5000.0,2,75.86556354190552,3,38.884222310421016
sano,244,9,B_incremental,5000.0,2,75.86556354190552,3,38.884222310421016
sano,244,10,B_incremental,5000.0,2,75.86556354190552,3,38.884222310421016
sano,244,11,B_incremental,5000.0,2,75.86556354190552,3,38.884222310421016
sano,245,0,A_steiner,5774.0,2,171.033472771063,3,242.70322555797384
sano,245,1,A_steiner,5774.0,2,171.033472771063,3,242.70322555797384
sano,245,2,A_steiner,5774.0,2,171.033472771063,3,242.70322555797384
sano,245,3,A_steiner,5774.0,2,171.033472771063,3,242.70322555797384
sano,245,4,A_steiner,5774.0,2,171.033472771063,3,242.70322555797384
sano,245,5,A_steiner,5774.0,2,171.033472771063,3,242.70322555797384
sano,245,6,B_incremental,5774.0,2,171.033472771063,3,242.70322555797384
sano,245,7,B_incremental,5774.0,2,171.033472771063,3,242.70322555797384
sano,245,8,B_incremental,5774.0,2,171.033472771063,3,242.70322555797384
sano,245,9,B_incremental,5774.0,2,171.033472771063,3,242.70322555797384
sano,245,10,B_incremental,5774.0,2,171.033472771063,3,242.70322555797384
sano,245,11,B_incremental,5774.0,2,171.033472771063,3,242.70322555797384
sano,246,0,A_steiner,4534.0,4,203.15637408123283,5,382.5980841317529
sano,246,1,A_steiner,4534.0,4,203.15637408123283,5,382.5980841317529
sano,246,2,A_steiner,4534.0,4,203.15637408123283,5,382.5980841317529
sano,246,3,A_steiner,4534.0,4,203.15637408123283,5,382.5980841317529
sano,246,4,A_steiner,4534.0,4,203.15637408123283,5,382.5980841317529
sano,246,5,A_steiner,4534.0,4,203.15637408123283,5,382.5980841317529
sano,246,6,B_incremental,4534.0,4,203.15637408123283,5,382.5980841317529
sano,246,7,B_incremental,4534.0,4,203.15637408123285,5,382.5980841317529
sano,246,8,B_incremental,4534.0,4,203.15637408123285,5,382.5980841317529
sano,246,9,B_incremental,4534.0,4,203.15637408123283,5,382.5980841317529
sano,246,10,B_incremental,4534.0,4,203.15637408123283,5,382.5980841317529
sano,246,11,B_incremental,4534.0,4,203.15637408123283,5,382.5980841317529
sano,247,0,A_steiner,5681.0,2,53.016690120500314,3,88.64102534779732
sano,247,1,A_steiner,5681.0,2,53.016690120500314,3,88.64102534779732
sano,247,2,A_steiner,5681.0,2,53.016690120500314,3,88.64102534779732
sano,247,3,A_steiner,5681.0,2,53.016690120500314,3,88.64102534779732
sano,247,4,A_steiner,5681.0,2,53.016690120500314,3,88.64102534779732
sano,247,5,A_steiner,5681.0,2,53.016690120500314,3,88.64102534779732
sano,247,6,B_incremental,5681.0,2,53.016690120500314,3,88.64102534779732
sano,247,7,B_incremental,5681.0,2,53.016690120500314,3,88.64102534779732
sano,247,8,B_incremental,5681.0,2,53.016690120500314,3,88.64102534779732
sano,247,9,B_incremental,5681.0,2,53.016690120500314,3,88.64102534779732
sano,247,10,B_incremental,5681.0,2,53.016690120500314,3,88.64102534779732
sano,247,11,B_incremental,5681.0,2,53.016690120500314,3,88.64102534779732
sano,248,0,A_steiner,1792.0,2,88.31445368981224,3,139.18351896676148
sano,248,1,A_steiner,1792.0,2,88.31445368981224,3,139.18351896676148
sano,248,2,A_steiner,1792.0,2,88.31445368981224,3,139.18351896676148
sano,248,3,A_steiner,1792.0,2,88.31445368981224,3,139.18351896676148
sano,248,4,A_steiner,1792.0,2,88.31445368981224,3,139.18351896676148
sano,248,5,A_steiner,1792.0,2,88.31445368981224,3,139.18351896676148
sano,248,6,B_incremental,1792.0,2,88.31445368981224,3,139.18351896676148
sano,248,7,B_incremental,1792.0,2,88.31445368981224,3,139.18351896676148
sano,248,8,B_incremental,1792.0,2,88.31445368981224,3,139.18351896676148
sano,248,9,B_incremental,1792.0,2,88.31445368981224,3,139.18351896676148
sano,248,10,B_incremental,1792.0,2,88.31445368981224,3,139.18351896676148
sano,248,11,B_incremental,1792.0,2,88.31445368981224,3,139.18351896676148
sano,249,0,A_steiner,1857.0,2,151.3491919809253,3,225.9335193149348
sano,249,1,A_steiner,1857.0,2,151.3491919809253,3,225.9335193149348
sano,249,2,A_steiner,1857.0,2,151.3491919809253,3,225.9335193149348
sano,249,3,A_steiner,1857.0,2,151.3491919809253,3,225.9335193149348
sano,249,4,A_steiner,1857.0,2,151.3491919809253,3,225.9335193149348
sano,249,5,A_steiner,1857.0,2,151.3491919809253,3,225.9335193149348
sano,249,6,B_incremental,1857.0,2,151.3491919809253,3,225.9335193149348
sano,249,7,B_incremental,1857.0,2,151.3491919809253,3,225.9335193149348
sano,249,8,B_incremental,1857.0,2,151.3491919809253,3,225.9335193149348
sano,249,9,B_incremental,1857.0,2,151.3491919809253,3,225.9335193149348
sano,249,10,B_incremental,1857.0,2,151.3491919809253,3,225.9335193149348
sano,249,11,B_incremental,1857.0,2,151.3491919809253,3,225.9335193149348
sano,250,0,A_steiner,1886.0,2,219.20166484973203,3,195.98095375182322
sano,250,1,A_steiner,1886.0,2,219.20166484973203,3,195.98095375182322
sano,250,2,A_steiner,1886.0,2,219.20166484973203,3,195.98095375182322
sano,250,3,A_steiner,1886.0,2,219.20166484973203,3,195.98095375182322
sano,250,4,A_steiner,1886.0,2,219.20166484973203,3,195.98095375182322
sano,250,5,A_steiner,1886.0,2,219.20166484973203,3,195.98095375182322
sano,250,6,B_incremental,1886.0,2,219.20166484973203,3,195.98095375182322
sano,250,7,B_incremental,1886.0,2,219.20166484973203,3,195.98095375182322
sano,250,8,B_incremental,1886.0,2,219.20166484973203,3,195.98095375182322
sano,250,9,B_incremental,1886.0,2,219.20166484973203,3,195.98095375182322
sano,250,10,B_incremental,1886.0,2,219.20166484973203,3,195.98095375182322
sano,250,11,B_incremental,1886.0,2,219.20166484973203,3,195.98095375182322
sano,251,0,A_steiner,6151.0,1,35.69384473017559,2,173.0675917767352
sano,251,1,A_steiner,6151.0,1,35.69384473017559,2,173.0675917767352
sano,251,2,A_steiner,6151.0,1,35.69384473017559,2,173.0675917767352
sano,251,3,A_steiner,6151.0,1,35.69384473017559,2,173.0675917767352
sano,251,4,A_steiner,6151.0,1,35.69384473017559,2,173.0675917767352
sano,251,5,A_steiner,6151.0,1,35.69384473017559,2,173.0675917767352
sano,251,6,B_incremental,6151.0,1,35.69384473017559,2,173.0675917767352
sano,251,7,B_incremental,6151.0,1,35.69384473017559,2,173.0675917767352
sano,251,8,B_incremental,6151.0,1,35.69384473017559,2,173.0675917767352
sano,251,9,B_incremental,6151.0,1,35.69384473017559,2,173.0675917767352
sano,251,10,B_incremental,6151.0,1,35.69384473017559,2,173.0675917767352
sano,251,11,B_incremental,6151.0,1,35.69384473017559,2,173.0675917767352
sano,252,0,A_steiner,1494.0,2,97.27099572021939,3,197.118833234596
sano,252,1,A_steiner,1494.0,2,97.27099572021939,3,197.118833234596
sano,252,2,A_steiner,1494.0,2,97.27099572021939,3,197.118833234596
sano,252,3,A_steiner,1494.0,2,97.27099572021939,3,197.118833234596
sano,252,4,A_steiner,1494.0,2,97.27099572021939,3,197.118833234596
sano,252,5,A_steiner,1494.0,2,97.27099572021939,3,197.118833234596
sano,252,6,B_incremental,1494.0,2,97.27099572021939,3,197.118833234596
sano,252,7,B_incremental,1494.0,2,97.27099572021939,3,197.118833234596
sano,252,8,B_incremental,1494.0,2,97.27099572021939,3,197.118833234596
sano,252,9,B_incremental,1494.0,2,97.27099572021939,3,197.118833234596
sano,252,10,B_incremental,1494.0,2,97.27099572021939,3,197.118833234596
sano,252,11,B_incremental,1494.0,2,97.27099572021939,3,197.118833234596
sano,253,0,A_steiner,6032.0,1,7.600117630820957,2,77.22517367958356
sano,253,1,A_steiner,6032.0,1,7.600117630820957,2,77.22517367958356
sano,253,2,A_steiner,6032.0,1,7.600117630820957,2,77.22517367958356
sano,253,3,A_steiner,6032.0,1,7.600117630820957,2,77.22517367958356
sano,253,4,A_steiner,6032.0,1,7.600117630820957,2,77.22517367958356
sano,253,5,A_steiner,6032.0,1,7.600117630820957,2,77.22517367958356
sano,253,6,B_incremental,6032.0,1,7.600117630820957,2,77.22517367958356
sano,253,7,B_incremental,6032.0,1,7.600117630820957,2,77.22517367958356
sano,253,8,B_incremental,6032.0,1,7.600117630820957,2,77.22517367958356
sano,253,9,B_incremental,6032.0,1,7.600117630820957,2,77.22517367958356
sano,253,10,B_incremental,6032.0,1,7.600117630820957,2,77.22517367958356
sano,253,11,B_incremental,6032.0,1,7.600117630820957,2,77.22517367958356
sano,254,0,A_steiner,1433.0,2,150.251548606611,3,185.36159115589462
sano,254,1,A_steiner,1433.0,2,150.251548606611,3,185.36159115589462
sano,254,2,A_steiner,1433.0,2,150.251548606611,3,185.36159115589462
sano,254,3,A_steiner,1433.0,2,150.251548606611,3,185.36159115589462
sano,254,4,A_steiner,1433.0,2,150.251548606611,3,185.36159115589462
sano,254,5,A_steiner,1433.0,2,150.251548606611,3,185.36159115589462
sano,254,6,B_incremental,1433.0,2,150.251548606611,3,185.36159115589462
sano,254,7,B_incremental,1433.0,2,150.251548606611,3,185.36159115589462
sano,254,8,B_incremental,1433.0,2,150.251548606611,3,185.36159115589462
sano,254,9,B_incremental,1433.0,2,150.251548606611,3,185.36159115589462
sano,254,10,B_incremental,1433.0,2,150.251548606611,3,185.36159115589462
sano,254,11,B_incremental,1433.0,2,150.251548606611,3,185.36159115589462
sano,255,0,A_steiner,6223.0,1,19.981350637893364,2,67.2114016223528
sano,255,1,A_steiner,6223.0,1,19.981350637893364,2,67.2114016223528
sano,255,2,A_steiner,6223.0,1,19.981350637893364,2,67.2114016223528
sano,255,3,A_steiner,6223.0,1,19.981350637893364,2,67.2114016223528
sano,255,4,A_steiner,6223.0,1,19.981350637893364,2,67.2114016223528
sano,255,5,A_steiner,6223.0,1,19.981350637893364,2,67.2114016223528
sano,255,6,B_incremental,6223.0,1,19.981350637893364,2,67.2114016223528
sano,255,7,B_incremental,6223.0,1,19.981350637893364,2,67.2114016223528
sano,255,8,B_incremental,6223.0,1,19.981350637893364,2,67.2114016223528
sano,255,9,B_incremental,6223.0,1,19.981350637893364,2,67.2114016223528
sano,255,10,B_incremental,6223.0,1,19.981350637893364,2,67.2114016223528
sano,255,11,B_incremental,6223.0,1,19.981350637893364,2,67.2114016223528
sano,256,0,A_steiner,6147.0,3,209.79918947716004,3,164.5676612773694
sano,256,1,A_steiner,6147.0,3,209.79918947716004,3,164.5676612773694
sano,256,2,A_steiner,6147.0,3,209.79918947716004,3,164.5676612773694
sano,256,3,A_steiner,6147.0,3,209.79918947716004,3,164.5676612773694
sano,256,4,A_steiner,6147.0,3,209.79918947716004,3,164.5676612773694
sano,256,5,A_steiner,6147.0,3,209.79918947716004,3,164.5676612773694
sano,256,6,B_incremental,6147.0,3,209.79918947716004,3,164.5676612773694
sano,256,7,B_incremental,6147.0,3,209.79918947716004,3,164.5676612773694
sano,256,8,B_incremental,6147.0,3,209.79918947716004,3,164.5676612773694
sano,256,9,B_incremental,6147.0,3,209.79918947716004,3,164.5676612773694
sano,256,10,B_incremental,6147.0,3,209.79918947716004,3,164.5676612773694
sano,256,11,B_incremental,6147.0,3,209.79918947716004,3,164.5676612773694
sano,257,0,A_steiner,4680.0,5,264.79700457699903,5,337.12709475337647
sano,257,1,A_steiner,4680.0,5,264.79700457699903,5,337.12709475337647
sano,257,2,A_steiner,4680.0,5,264.79700457699903,5,337.12709475337647
sano,257,3,A_steiner,4680.0,5,264.79700457699903,5,337.12709475337647
sano,257,4,A_steiner,4680.0,5,264.79700457699903,5,337.12709475337647
sano,257,5,A_steiner,4680.0,5,264.79700457699903,5,337.12709475337647
sano,257,6,B_incremental,4680.0,5,264.7970045769991,5,337.12709475337647
sano,257,7,B_incremental,4680.0,5,264.79700457699903,5,337.12709475337647
sano,257,8,B_incremental,4680.0,5,264.79700457699903,5,337.12709475337647
sano,257,9,B_incremental,4680.0,5,264.7970045769991,5,337.12709475337647
sano,257,10,B_incremental,4680.0,5,264.7970045769991,5,337.12709475337647
sano,257,11,B_incremental,4680.0,5,264.7970045769991,5,337.12709475337647
sano,258,0,A_steiner,3946.0,2,80.9583487594843,3,230.23424269297115
sano,258,1,A_steiner,3946.0,2,80.9583487594843,3,230.23424269297115
sano,258,2,A_steiner,3946.0,2,80.9583487594843,3,230.23424269297115
sano,258,3,A_steiner,3946.0,2,80.9583487594843,3,230.23424269297115
sano,258,4,A_steiner,3946.0,2,80.9583487594843,3,230.23424269297115
sano,258,5,A_steiner,3946.0,2,80.9583487594843,3,230.23424269297115
sano,258,6,B_incremental,3946.0,2,80.9583487594843,3,230.23424269297115
sano,258,7,B_incremental,3946.0,2,80.9583487594843,3,230.23424269297115
sano,258,8,B_incremental,3946.0,2,80.9583487594843,3,230.23424269297115
sano,258,9,B_incremental,3946.0,2,80.9583487594843,3,230.23424269297115
sano,258,10,B_incremental,3946.0,2,80.9583487594843,3,230.23424269297115
sano,258,11,B_incremental,3946.0,2,80.9583487594843,3,230.23424269297115
sano,259,0,A_steiner,5189.0,6,336.33338070600144,2,27.529269667093907
sano,259,1,A_steiner,5189.0,6,336.33338070600144,2,27.529269667093907
sano,259,2,A_steiner,5189.0,6,336.33338070600144,2,27.529269667093907
sano,259,3,A_steiner,5189.0,6,336.33338070600144,2,27.529269667093907
sano,259,4,A_steiner,5189.0,6,336.33338070600144,2,27.529269667093907
sano,259,5,A_steiner,5189.0,6,336.33338070600144,2,27.529269667093907
sano,259,6,B_incremental,5189.0,6,336.33338070600144,2,27.529269667093907
sano,259,7,B_incremental,5189.0,6,336.33338070600144,2,27.529269667093907
sano,259,8,B_incremental,5189.0,6,336.33338070600144,2,27.529269667093907
sano,259,9,B_incremental,5189.0,6,336.33338070600144,2,27.529269667093907
sano,259,10,B_incremental,5189.0,6,336.33338070600144,2,27.529269667093907
sano,259,11,B_incremental,5189.0,6,336.33338070600144,2,27.529269667093907
sano,260,0,A_steiner,1642.0,1,5.133587021447258,2,112.55549798141813
sano,260,1,A_steiner,1642.0,1,5.133587021447258,2,112.55549798141813
sano,260,2,A_steiner,1642.0,1,5.133587021447258,2,112.55549798141813
sano,260,3,A_steiner,1642.0,1,5.133587021447258,2,112.55549798141813
sano,260,4,A_steiner,1642.0,1,5.133587021447258,2,112.55549798141813
sano,260,5,A_steiner,1642.0,1,5.133587021447258,2,112.55549798141813
sano,260,6,B_incremental,1642.0,1,5.133587021447258,2,112.55549798141813
sano,260,7,B_incremental,1642.0,1,5.133587021447258,2,112.55549798141813
sano,260,8,B_incremental,1642.0,1,5.133587021447258,2,112.55549798141813
sano,260,9,B_incremental,1642.0,1,5.133587021447258,2,112.55549798141813
sano,260,10,B_incremental,1642.0,1,5.133587021447258,2,112.55549798141813
sano,260,11,B_incremental,1642.0,1,5.133587021447258,2,112.55549798141813
sano,261,0,A_steiner,1544.0,2,87.12119085248065,3,321.0789616890993
sano,261,1,A_steiner,1544.0,2,87.12119085248065,3,321.0789616890993
sano,261,2,A_steiner,1544.0,2,87.12119085248065,3,321.0789616890993
sano,261,3,A_steiner,1544.0,2,87.12119085248065,3,321.0789616890993
sano,261,4,A_steiner,1544.0,2,87.12119085248065,3,321.0789616890993
sano,261,5,A_steiner,1544.0,2,87.12119085248065,3,321.0789616890993
sano,261,6,B_incremental,1544.0,2,87.12119085248065,3,321.0789616890993
sano,261,7,B_incremental,1544.0,2,87.12119085248065,3,321.0789616890993
sano,261,8,B_incremental,1544.0,2,87.12119085248065,3,321.0789616890993
sano,261,9,B_incremental,1544.0,2,87.12119085248065,3,321.0789616890993
sano,261,10,B_incremental,1544.0,2,87.12119085248065,3,321.0789616890993
sano,261,11,B_incremental,1544.0,2,87.12119085248065,3,321.0789616890993
sano,262,0,A_steiner,216.0,3,85.11535917804318,4,260.27519399423045
sano,262,1,A_steiner,216.0,3,85.11535917804318,4,260.27519399423045
sano,262,2,A_steiner,216.0,3,85.11535917804318,4,260.27519399423045
sano,262,3,A_steiner,216.0,3,85.11535917804318,4,260.27519399423045
sano,262,4,A_steiner,216.0,3,85.11535917804318,4,260.27519399423045
sano,262,5,A_steiner,216.0,3,85.11535917804318,4,260.27519399423045
sano,262,6,B_incremental,216.0,3,85.11535917804319,4,260.27519399423045
sano,262,7,B_incremental,216.0,3,85.11535917804318,4,260.27519399423045
sano,262,8,B_incremental,216.0,3,85.11535917804319,4,260.27519399423045
sano,262,9,B_incremental,216.0,3,85.11535917804319,4,260.27519399423045
sano,262,10,B_incremental,216.0,3,85.11535917804318,4,260.27519399423045
sano,262,11,B_incremental,216.0,3,85.11535917804319,4,260.27519399423045
sano,263,0,A_steiner,4547.0,1,8.533028096397546,2,18.63659888721473
sano,263,1,A_steiner,4547.0,1,8.533028096397546,2,18.63659888721473
sano,263,2,A_steiner,4547.0,1,8.533028096397546,2,18.63659888721473
sano,263,3,A_steiner,4547.0,1,8.533028096397546,2,18.63659888721473
sano,263,4,A_steiner,4547.0,1,8.533028096397546,2,18.63659888721473
sano,263,5,A_steiner,4547.0,1,8.533028096397546,2,18.63659888721473
sano,263,6,B_incremental,4547.0,1,8.533028096397546,2,18.63659888721473
sano,263,7,B_incremental,4547.0,1,8.533028096397546,2,18.63659888721473
sano,263,8,B_incremental,4547.0,1,8.533028096397546,2,18.63659888721473
sano,263,9,B_incremental,4547.0,1,8.533028096397546,2,18.63659888721473
sano,263,10,B_incremental,4547.0,1,8.533028096397546,2,18.63659888721473
sano,263,11,B_incremental,4547.0,1,8.533028096397546,2,18.63659888721473
sano,264,0,A_steiner,1711.0,1,75.24379811680001,2,148.10275270525779
sano,264,1,A_steiner,1711.0,1,75.24379811680001,2,148.10275270525779
sano,264,2,A_steiner,1711.0,1,75.24379811680001,2,148.10275270525779
sano,264,3,A_steiner,1711.0,1,75.24379811680001,2,148.10275270525779
sano,264,4,A_steiner,1711.0,1,75.24379811680001,2,148.10275270525779
sano,264,5,A_steiner,1711.0,1,75.24379811680001,2,148.10275270525779
sano,264,6,B_incremental,1711.0,1,75.24379811680001,2,148.10275270525779
sano,264,7,B_incremental,1711.0,1,75.24379811680001,2,148.10275270525779
sano,264,8,B_incremental,1711.0,1,75.24379811680001,2,148.10275270525779
sano,264,9,B_incremental,1711.0,1,75.24379811680001,2,148.10275270525779
sano,264,10,B_incremental,1711.0,1,75.24379811680001,2,148.10275270525779
sano,264,11,B_incremental,1711.0,1,75.24379811680001,2,148.10275270525779
sano,265,0,A_steiner,5037.0,1,55.46156766492426,2,170.69841369495475
sano,265,1,A_steiner,5037.0,1,55.46156766492426,2,170.69841369495475
sano,265,2,A_steiner,5037.0,1,55.46156766492426,2,170.69841369495475
sano,265,3,A_steiner,5037.0,1,55.46156766492426,2,170.69841369495475
sano,265,4,A_steiner,5037.0,1,55.46156766492426,2,170.69841369495475
sano,265,5,A_steiner,5037.0,1,55.46156766492426,2,170.69841369495475
sano,265,6,B_incremental,5037.0,1,55.46156766492426,2,170.69841369495475
sano,265,7,B_incremental,5037.0,1,55.46156766492426,2,170.69841369495475
sano,265,8,B_incremental,5037.0,1,55.46156766492426,2,170.69841369495475
sano,265,9,B_incremental,5037.0,1,55.46156766492426,2,170.69841369495475
sano,265,10,B_incremental,5037.0,1,55.46156766492426,2,170.69841369495475
sano,265,11,B_incremental,5037.0,1,55.46156766492426,2,170.69841369495475
sano,266,0,A_steiner,6030.0,1,34.38857449177645,2,146.6317971980576
sano,266,1,A_steiner,6030.0,1,34.38857449177645,2,146.6317971980576
sano,266,2,A_steiner,6030.0,1,34.38857449177645,2,146.6317971980576
sano,266,3,A_steiner,6030.0,1,34.38857449177645,2,146.6317971980576
sano,266,4,A_steiner,6030.0,1,34.38857449177645,2,146.6317971980576
sano,266,5,A_steiner,6030.0,1,34.38857449177645,2,146.6317971980576
sano,266,6,B_incremental,6030.0,1,34.38857449177645,2,146.6317971980576
sano,266,7,B_incremental,6030.0,1,34.38857449177645,2,146.6317971980576
sano,266,8,B_incremental,6030.0,1,34.38857449177645,2,146.6317971980576
sano,266,9,B_incremental,6030.0,1,34.38857449177645,2,146.6317971980576
sano,266,10,B_incremental,6030.0,1,34.38857449177645,2,146.6317971980576
sano,266,11,B_incremental,6030.0,1,34.38857449177645,2,146.6317971980576
sano,267,0,A_steiner,4847.0,1,39.11107293871908,2,24.801865988784854
sano,267,1,A_steiner,4847.0,1,39.11107293871908,2,24.801865988784854
sano,267,2,A_steiner,4847.0,1,39.11107293871908,2,24.801865988784854
sano,267,3,A_steiner,4847.0,1,39.11107293871908,2,24.801865988784854
sano,267,4,A_steiner,4847.0,1,39.11107293871908,2,24.801865988784854
sano,267,5,A_steiner,4847.0,1,39.11107293871908,2,24.801865988784854
sano,267,6,B_incremental,4847.0,1,39.11107293871908,2,24.801865988784854
sano,267,7,B_incremental,4847.0,1,39.11107293871908,2,24.801865988784854
sano,267,8,B_incremental,4847.0,1,39.11107293871908,2,24.801865988784854
sano,267,9,B_incremental,4847.0,1,39.11107293871908,2,24.801865988784854
sano,267,10,B_incremental,4847.0,1,39.11107293871908,2,24.801865988784854
sano,267,11,B_incremental,4847.0,1,39.11107293871908,2,24.801865988784854
sano,269,0,A_steiner,1539.0,4,133.51484374149294,3,118.86515574191316
sano,269,1,A_steiner,1539.0,4,133.51484374149294,3,118.86515574191316
sano,269,2,A_steiner,1539.0,4,133.51484374149294,3,118.86515574191316
sano,269,3,A_steiner,1539.0,4,133.51484374149294,3,118.86515574191316
sano,269,4,A_steiner,1539.0,4,133.51484374149294,3,118.86515574191316
sano,269,5,A_steiner,1539.0,4,133.51484374149294,3,118.86515574191316
sano,269,6,B_incremental,1539.0,4,133.51484374149294,3,118.86515574191316
sano,269,7,B_incremental,1539.0,4,133.51484374149294,3,118.86515574191316
sano,269,8,B_incremental,1539.0,4,133.51484374149294,3,118.86515574191316
sano,269,9,B_incremental,1539.0,4,133.51484374149294,3,118.86515574191316
sano,269,10,B_incremental,1539.0,4,133.51484374149294,3,118.86515574191316
sano,269,11,B_incremental,1539.0,4,133.51484374149294,3,118.86515574191316
sano,270,0,A_steiner,1827.0,3,310.66607832313065,4,240.03791523851612
sano,270,1,A_steiner,1827.0,3,310.66607832313065,4,240.03791523851612
sano,270,2,A_steiner,1827.0,3,310.66607832313065,4,240.03791523851612
sano,270,3,A_steiner,1827.0,3,310.66607832313065,4,240.03791523851612
sano,270,4,A_steiner,1827.0,3,310.66607832313065,4,240.03791523851612
sano,270,5,A_steiner,1827.0,3,310.66607832313065,4,240.03791523851612
sano,270,6,B_incremental,1827.0,3,310.66607832313065,4,240.03791523851612
sano,270,7,B_incremental,1827.0,3,310.66607832313065,4,240.03791523851612
sano,270,8,B_incremental,1827.0,3,310.66607832313065,4,240.03791523851612
sano,270,9,B_incremental,1827.0,3,310.66607832313065,4,240.03791523851612
sano,270,10,B_incremental,1827.0,3,310.66607832313065,4,240.03791523851612
sano,270,11,B_incremental,1827.0,3,310.66607832313065,4,240.03791523851612
sano,271,0,A_steiner,5677.0,1,57.94372464751213,2,98.29923077042162
sano,271,1,A_steiner,5677.0,1,57.94372464751213,2,98.29923077042162
sano,271,2,A_steiner,5677.0,1,57.94372464751213,2,98.29923077042162
sano,271,3,A_steiner,5677.0,1,57.94372464751213,2,98.29923077042162
sano,271,4,A_steiner,5677.0,1,57.94372464751213,2,98.29923077042162
sano,271,5,A_steiner,5677.0,1,57.94372464751213,2,98.29923077042162
sano,271,6,B_incremental,5677.0,1,57.94372464751213,2,98.29923077042162
sano,271,7,B_incremental,5677.0,1,57.94372464751213,2,98.29923077042162
sano,271,8,B_incremental,5677.0,1,57.94372464751213,2,98.29923077042162
sano,271,9,B_incremental,5677.0,1,57.94372464751213,2,98.29923077042162
sano,271,10,B_incremental,5677.0,1,57.94372464751213,2,98.29923077042162
sano,271,11,B_incremental,5677.0,1,57.94372464751213,2,98.29923077042162
sano,273,0,A_steiner,1799.0,2,105.75390747264498,3,198.015695556455
sano,273,1,A_steiner,1799.0,2,105.75390747264498,3,198.015695556455
sano,273,2,A_steiner,1799.0,2,105.75390747264498,3,198.015695556455
sano,273,3,A_steiner,1799.0,2,105.75390747264498,3,198.015695556455
sano,273,4,A_steiner,1799.0,2,105.75390747264498,3,198.015695556455
sano,273,5,A_steiner,1799.0,2,105.75390747264498,3,198.015695556455
sano,273,6,B_incremental,1799.0,2,105.75390747264498,3,198.015695556455
sano,273,7,B_incremental,1799.0,2,105.75390747264498,3,198.015695556455
sano,273,8,B_incremental,1799.0,2,105.75390747264498,3,198.015695556455
sano,273,9,B_incremental,1799.0,2,105.75390747264498,3,198.015695556455
sano,273,10,B_incremental,1799.0,2,105.75390747264498,3,198.015695556455
sano,273,11,B_incremental,1799.0,2,105.75390747264498,3,198.015695556455
sano,276,0,A_steiner,4831.0,3,281.90952999918136,3,164.1640349242917
sano,276,1,A_steiner,4831.0,3,281.90952999918136,3,164.1640349242917
sano,276,2,A_steiner,4831.0,3,281.90952999918136,3,164.1640349242917
sano,276,3,A_steiner,4831.0,3,281.90952999918136,3,164.1640349242917
sano,276,4,A_steiner,4831.0,3,281.90952999918136,3,164.1640349242917
sano,276,5,A_steiner,4831.0,3,281.90952999918136,3,164.1640349242917
sano,276,6,B_incremental,4831.0,3,281.90952999918136,3,164.1640349242917
sano,276,7,B_incremental,4831.0,3,281.90952999918136,3,164.1640349242917
sano,276,8,B_incremental,4831.0,3,281.90952999918136,3,164.1640349242917
sano,276,9,B_incremental,4831.0,3,281.90952999918136,3,164.1640349242917
sano,276,10,B_incremental,4831.0,3,281.90952999918136,3,164.1640349242917
sano,276,11,B_incremental,4831.0,3,281.90952999918136,3,164.1640349242917
sano,277,0,A_steiner,5230.0,3,187.67900888041495,4,213.80283608976723
sano,277,1,A_steiner,5230.0,3,187.67900888041495,4,213.80283608976723
sano,277,2,A_steiner,5230.0,3,187.67900888041495,4,213.80283608976723
sano,277,3,A_steiner,5230.0,3,187.67900888041495,4,213.80283608976723
sano,277,4,A_steiner,5230.0,3,187.67900888041495,4,213.80283608976723
sano,277,5,A_steiner,5230.0,4,196.5340159146567,4,213.80283608976723
sano,277,6,B_incremental,5230.0,4,196.5340159146567,4,213.80283608976723
sano,277,7,B_incremental,5230.0,3,187.67900888041495,4,213.80283608976723
sano,277,8,B_incremental,5230.0,4,196.5340159146567,4,213.80283608976723
sano,277,9,B_incremental,5230.0,3,187.67900888041495,4,213.80283608976723
sano,277,10,B_incremental,5230.0,3,187.67900888041495,4,213.80283608976723
sano,277,11,B_incremental,5230.0,3,187.67900888041495,4,213.80283608976723
sano,278,0,A_steiner,5029.0,3,120.27039387421243,4,275.0661795280445
sano,278,1,A_steiner,5029.0,3,120.27039387421243,4,275.0661795280445
sano,278,2,A_steiner,5029.0,3,120.27039387421243,4,275.0661795280445
sano,278,3,A_steiner,5029.0,3,120.27039387421243,4,275.0661795280445
sano,278,4,A_steiner,5029.0,3,120.27039387421243,4,275.0661795280445
sano,278,5,A_steiner,5029.0,3,120.27039387421243,4,275.0661795280445
sano,278,6,B_incremental,5029.0,3,120.27039387421243,4,275.0661795280445
sano,278,7,B_incremental,5029.0,3,120.27039387421243,4,275.0661795280445
sano,278,8,B_incremental,5029.0,3,120.27039387421243,4,275.0661795280445
sano,278,9,B_incremental,5029.0,3,120.27039387421243,4,275.0661795280445
sano,278,10,B_incremental,5029.0,3,120.27039387421243,4,275.0661795280445
sano,278,11,B_incremental,5029.0,3,120.27039387421243,4,275.0661795280445
sano,280,0,A_steiner,4861.0,2,29.49422058573184,3,25.77229424219441
sano,280,1,A_steiner,4861.0,2,29.033334040968754,3,25.77229424219441
sano,280,2,A_steiner,4861.0,2,29.49422058573184,3,25.77229424219441
sano,280,3,A_steiner,4861.0,2,29.033334040968754,3,25.77229424219441
sano,280,4,A_steiner,4861.0,2,29.033334040968754,3,25.77229424219441
sano,280,5,A_steiner,4861.0,2,29.033334040968754,3,25.77229424219441
sano,280,6,B_incremental,4861.0,2,29.033334040968754,3,25.77229424219441
sano,280,7,B_incremental,4861.0,2,29.033334040968754,3,25.77229424219441
sano,280,8,B_incremental,4861.0,2,29.49422058573184,3,25.77229424219441
sano,280,9,B_incremental,4861.0,2,29.033334040968754,3,25.77229424219441
sano,280,10,B_incremental,4861.0,2,29.49422058573184,3,25.77229424219441
sano,280,11,B_incremental,4861.0,2,29.49422058573184,3,25.77229424219441
sano,281,0,A_steiner,4810.0,2,102.14699184668419,3,80.57850645823625
sano,281,1,A_steiner,4810.0,2,102.14699184668419,3,80.57850645823625
sano,281,2,A_steiner,4810.0,2,102.14699184668419,3,80.57850645823625
sano,281,3,A_steiner,4810.0,2,102.14699184668419,3,80.57850645823625
sano,281,4,A_steiner,4810.0,2,102.14699184668419,3,80.57850645823625
sano,281,5,A_steiner,4810.0,2,102.14699184668419,3,80.57850645823625
sano,281,6,B_incremental,4810.0,2,102.14699184668419,3,80.57850645823625
sano,281,7,B_incremental,4810.0,2,102.14699184668419,3,80.57850645823625
sano,281,8,B_incremental,4810.0,2,102.14699184668419,3,80.57850645823625
sano,281,9,B_incremental,4810.0,2,102.14699184668419,3,80.57850645823625
sano,281,10,B_incremental,4810.0,2,102.14699184668419,3,80.57850645823625
sano,281,11,B_incremental,4810.0,2,102.14699184668419,3,80.57850645823625
sano,282,0,A_steiner,3742.0,3,115.11227148152422,3,160.16553224834206
sano,282,1,A_steiner,3742.0,3,115.11227148152422,3,160.16553224834206
sano,282,2,A_steiner,3742.0,3,115.11227148152422,3,160.16553224834206
sano,282,3,A_steiner,3742.0,3,115.11227148152422,3,160.16553224834206
sano,282,4,A_steiner,3742.0,3,115.11227148152422,3,160.16553224834206
sano,282,5,A_steiner,3742.0,3,115.11227148152422,3,160.16553224834206
sano,282,6,B_incremental,3742.0,3,115.11227148152422,3,160.16553224834206
sano,282,7,B_incremental,3742.0,3,115.11227148152422,3,160.16553224834206
sano,282,8,B_incremental,3742.0,3,115.11227148152423,3,160.16553224834206
sano,282,9,B_incremental,3742.0,3,115.11227148152422,3,160.16553224834206
sano,282,10,B_incremental,3742.0,3,115.11227148152423,3,160.16553224834206
sano,282,11,B_incremental,3742.0,3,115.11227148152423,3,160.16553224834206
sano,285,0,A_steiner,5507.0,2,103.20893135526521,3,112.93883940840419
sano,285,1,A_steiner,5507.0,2,103.20893135526521,3,112.93883940840419
sano,285,2,A_steiner,5507.0,2,103.20893135526521,3,112.93883940840419
sano,285,3,A_steiner,5507.0,2,103.20893135526521,3,112.93883940840419
sano,285,4,A_steiner,5507.0,2,103.20893135526521,3,112.93883940840419
sano,285,5,A_steiner,5507.0,2,103.20893135526521,3,112.93883940840419
sano,285,6,B_incremental,5507.0,2,103.20893135526521,3,112.93883940840419
sano,285,7,B_incremental,5507.0,2,103.20893135526521,3,112.93883940840419
sano,285,8,B_incremental,5507.0,2,103.20893135526521,3,112.93883940840419
sano,285,9,B_incremental,5507.0,2,103.20893135526521,3,112.93883940840419
sano,285,10,B_incremental,5507.0,2,103.20893135526521,3,112.93883940840419
sano,285,11,B_incremental,5507.0,2,103.20893135526521,3,112.93883940840419
sano,286,0,A_steiner,4787.0,3,129.13959465681742,4,312.0432226696745
sano,286,1,A_steiner,4787.0,3,129.13959465681742,4,312.0432226696745
sano,286,2,A_steiner,4787.0,3,129.13959465681742,4,312.0432226696745
sano,286,3,A_steiner,4787.0,3,129.13959465681742,4,312.0432226696745
sano,286,4,A_steiner,4787.0,3,129.13959465681742,4,312.0432226696745
sano,286,5,A_steiner,4787.0,3,129.13959465681742,4,312.0432226696745
sano,286,6,B_incremental,4787.0,3,129.13959465681742,4,312.0432226696745
sano,286,7,B_incremental,4787.0,3,129.13959465681742,4,312.0432226696745
sano,286,8,B_incremental,4787.0,3,129.13959465681742,4,312.0432226696745
sano,286,9,B_incremental,4787.0,3,129.13959465681742,4,312.0432226696745
sano,286,10,B_incremental,4787.0,3,129.13959465681742,4,312.0432226696745
sano,286,11,B_incremental,4787.0,3,129.13959465681742,4,312.0432226696745
sano,288,0,A_steiner,5223.0,5,197.88211231831568,6,158.7750384763104
sano,288,1,A_steiner,5223.0,5,197.88211231831568,6,158.7750384763104
sano,288,2,A_steiner,5223.0,5,197.88211231831568,6,158.7750384763104
sano,288,3,A_steiner,5223.0,5,197.88211231831568,6,158.7750384763104
sano,288,4,A_steiner,5223.0,5,197.88211231831568,6,158.7750384763104
sano,288,5,A_steiner,5223.0,5,197.88211231831568,6,158.7750384763104
sano,288,6,B_incremental,5223.0,5,197.88211231831568,6,158.7750384763104
sano,288,7,B_incremental,5223.0,5,197.88211231831568,6,158.7750384763104
sano,288,8,B_incremental,5223.0,5,197.88211231831568,6,158.7750384763104
sano,288,9,B_incremental,5223.0,5,197.88211231831568,6,158.7750384763104
sano,288,10,B_incremental,5223.0,5,197.88211231831565,6,158.7750384763104
sano,288,11,B_incremental,5223.0,5,197.88211231831568,6,158.7750384763104
sano,289,0,A_steiner,5694.0,2,74.68727988850166,3,230.23738176227943
sano,289,1,A_steiner,5694.0,2,74.68727988850166,3,230.23738176227943
sano,289,2,A_steiner,5694.0,2,74.68727988850166,3,230.23738176227943
sano,289,3,A_steiner,5694.0,2,74.68727988850166,3,230.23738176227943
sano,289,4,A_steiner,5694.0,2,74.68727988850166,3,230.23738176227943
sano,289,5,A_steiner,5694.0,2,74.68727988850166,3,230.23738176227943
sano,289,6,B_incremental,5694.0,2,74.68727988850166,3,230.23738176227943
sano,289,7,B_incremental,5694.0,2,74.68727988850166,3,230.23738176227943
sano,289,8,B_incremental,5694.0,2,74.68727988850166,3,230.23738176227943
sano,289,9,B_incremental,5694.0,2,74.68727988850166,3,230.23738176227943
sano,289,10,B_incremental,5694.0,2,74.68727988850166,3,230.23738176227943
sano,289,11,B_incremental,5694.0,2,74.68727988850166,3,230.23738176227943
sano,290,0,A_steiner,5194.0,1,63.90397707854604,2,171.24919737222652
sano,290,1,A_steiner,5194.0,1,63.90397707854604,2,171.24919737222652
sano,290,2,A_steiner,5194.0,1,63.90397707854604,2,171.24919737222652
sano,290,3,A_steiner,5194.0,1,63.90397707854604,2,171.24919737222652
sano,290,4,A_steiner,5194.0,1,63.90397707854604,2,171.24919737222652
sano,290,5,A_steiner,5194.0,1,63.90397707854604,2,171.24919737222652
sano,290,6,B_incremental,5194.0,1,63.90397707854604,2,171.24919737222652
sano,290,7,B_incremental,5194.0,1,63.90397707854604,2,171.24919737222652
sano,290,8,B_incremental,5194.0,1,63.90397707854604,2,171.24919737222652
sano,290,9,B_incremental,5194.0,1,63.90397707854604,2,171.24919737222652
sano,290,10,B_incremental,5194.0,1,63.90397707854604,2,171.24919737222652
sano,290,11,B_incremental,5194.0,1,63.90397707854604,2,171.24919737222652
sano,291,0,A_steiner,4837.0,2,52.21674477777324,3,88.53891435184616
sano,291,1,A_steiner,4837.0,2,52.21674477777324,3,88.53891435184616
sano,291,2,A_steiner,4837.0,2,52.21674477777324,3,88.53891435184616
sano,291,3,A_steiner,4837.0,2,52.21674477777324,3,88.53891435184616
sano,291,4,A_steiner,4837.0,2,52.21674477777324,3,88.53891435184616
sano,291,5,A_steiner,4837.0,2,52.21674477777324,3,88.53891435184616
sano,291,6,B_incremental,4837.0,2,52.21674477777324,3,88.53891435184616
sano,291,7,B_incremental,4837.0,2,52.21674477777324,3,88.53891435184616
sano,291,8,B_incremental,4837.0,2,52.21674477777324,3,88.53891435184616
sano,291,9,B_incremental,4837.0,2,52.21674477777324,3,88.53891435184616
sano,291,10,B_incremental,4837.0,2,52.21674477777324,3,88.53891435184616
sano,291,11,B_incremental,4837.0,2,52.21674477777324,3,88.53891435184616
sano,292,0,A_steiner,3945.0,6,427.5464892364932,3,326.511506251285
sano,292,1,A_steiner,3945.0,6,427.5464892364932,3,326.511506251285
sano,292,2,A_steiner,3945.0,6,427.5464892364932,3,326.511506251285
sano,292,3,A_steiner,3945.0,6,427.5464892364932,3,326.511506251285
sano,292,4,A_steiner,3945.0,6,427.5464892364932,3,326.511506251285
sano,292,5,A_steiner,3945.0,6,427.5464892364932,3,326.511506251285
sano,292,6,B_incremental,3945.0,6,427.5464892364932,3,326.511506251285
sano,292,7,B_incremental,3945.0,6,427.5464892364932,3,326.511506251285
sano,292,8,B_incremental,3945.0,6,427.5464892364932,3,326.511506251285
sano,292,9,B_incremental,3945.0,6,427.5464892364932,3,326.511506251285
sano,292,10,B_incremental,3945.0,6,427.5464892364932,3,326.511506251285
sano,292,11,B_incremental,3945.0,6,427.5464892364932,3,326.511506251285
sano,293,0,A_steiner,6036.0,1,39.73178420186563,2,116.70663978739441
sano,293,1,A_steiner,6036.0,1,39.73178420186563,2,116.70663978739441
sano,293,2,A_steiner,6036.0,1,39.73178420186563,2,116.70663978739441
sano,293,3,A_steiner,6036.0,1,39.73178420186563,2,116.70663978739441
sano,293,4,A_steiner,6036.0,1,39.73178420186563,2,116.70663978739441
sano,293,5,A_steiner,6036.0,1,39.73178420186563,2,116.70663978739441
sano,293,6,B_incremental,6036.0,1,39.73178420186563,2,116.70663978739441
sano,293,7,B_incremental,6036.0,1,39.73178420186563,2,116.70663978739441
sano,293,8,B_incremental,6036.0,1,39.73178420186563,2,116.70663978739441
sano,293,9,B_incremental,6036.0,1,39.73178420186563,2,116.70663978739441
sano,293,10,B_incremental,6036.0,1,39.73178420186563,2,116.70663978739441
sano,293,11,B_incremental,6036.0,1,39.73178420186563,2,116.70663978739441
sano,294,0,A_steiner,4990.0,2,113.07348623991784,3,329.9357916174513
sano,294,1,A_steiner,4990.0,2,113.07348623991784,3,329.9357916174513
sano,294,2,A_steiner,4990.0,2,113.07348623991784,3,329.9357916174513
sano,294,3,A_steiner,4990.0,2,113.07348623991784,3,329.9357916174513
sano,294,4,A_steiner,4990.0,2,113.07348623991784,3,329.9357916174513
sano,294,5,A_steiner,4990.0,2,113.07348623991784,3,329.9357916174513
sano,294,6,B_incremental,4990.0,2,113.07348623991784,3,329.9357916174513
sano,294,7,B_incremental,4990.0,2,113.07348623991784,3,329.9357916174513
sano,294,8,B_incremental,4990.0,2,113.07348623991784,3,329.9357916174513
sano,294,9,B_incremental,4990.0,2,113.07348623991784,3,329.9357916174513
sano,294,10,B_incremental,4990.0,2,113.07348623991784,3,329.9357916174513
sano,294,11,B_incremental,4990.0,2,113.07348623991784,3,329.9357916174513
sano,296,0,A_steiner,5682.0,1,62.98972722839612,2,80.06607978658214
sano,296,1,A_steiner,5682.0,1,62.98972722839612,2,80.06607978658214
sano,296,2,A_steiner,5682.0,1,62.98972722839612,2,80.06607978658214
sano,296,3,A_steiner,5682.0,1,62.98972722839612,2,80.06607978658214
sano,296,4,A_steiner,5682.0,1,62.98972722839612,2,80.06607978658214
sano,296,5,A_steiner,5682.0,1,62.98972722839612,2,80.06607978658214
sano,296,6,B_incremental,5682.0,1,62.98972722839612,2,80.06607978658214
sano,296,7,B_incremental,5682.0,1,62.98972722839612,2,80.06607978658214
sano,296,8,B_incremental,5682.0,1,62.98972722839612,2,80.06607978658214
sano,296,9,B_incremental,5682.0,1,62.98972722839612,2,80.06607978658214
sano,296,10,B_incremental,5682.0,1,62.98972722839612,2,80.06607978658214
sano,296,11,B_incremental,5682.0,1,62.98972722839612,2,80.06607978658214
sano,297,0,A_steiner,1469.0,3,87.01682105109776,4,69.1975111682867
sano,297,1,A_steiner,1469.0,3,87.01682105109776,4,69.1975111682867
sano,297,2,A_steiner,1469.0,3,87.01682105109776,4,69.1975111682867
sano,297,3,A_steiner,1469.0,3,87.01682105109776,4,69.1975111682867
sano,297,4,A_steiner,1469.0,3,87.01682105109776,4,69.1975111682867
sano,297,5,A_steiner,1469.0,3,87.01682105109776,4,69.1975111682867
sano,297,6,B_incremental,1469.0,3,87.01682105109776,4,69.1975111682867
sano,297,7,B_incremental,1469.0,3,87.01682105109776,4,69.1975111682867
sano,297,8,B_incremental,1469.0,3,87.01682105109776,4,69.1975111682867
sano,297,9,B_incremental,1469.0,3,87.01682105109776,4,69.1975111682867
sano,297,10,B_incremental,1469.0,3,87.01682105109776,4,69.1975111682867
sano,297,11,B_incremental,1469.0,3,87.01682105109776,4,69.1975111682867
sano,299,0,A_steiner,1690.0,1,37.000207193966624,2,77.7982860318922
sano,299,1,A_steiner,1690.0,1,37.000207193966624,2,77.7982860318922
sano,299,2,A_steiner,1690.0,1,37.000207193966624,2,77.7982860318922
sano,299,3,A_steiner,1690.0,1,37.000207193966624,2,77.7982860318922
sano,299,4,A_steiner,1690.0,1,37.000207193966624,2,77.7982860318922
sano,299,5,A_steiner,1690.0,1,37.000207193966624,2,77.7982860318922
sano,299,6,B_incremental,1690.0,1,37.000207193966624,2,77.7982860318922
sano,299,7,B_incremental,1690.0,1,37.000207193966624,2,77.7982860318922
sano,299,8,B_incremental,1690.0,1,37.000207193966624,2,77.7982860318922
sano,299,9,B_incremental,1690.0,1,37.000207193966624,2,77.7982860318922
sano,299,10,B_incremental,1690.0,1,37.000207193966624,2,77.7982860318922
sano,299,11,B_incremental,1690.0,1,37.000207193966624,2,77.7982860318922
sano,300,0,A_steiner,3786.0,2,23.473503894732097,3,79.83965479560305
sano,300,1,A_steiner,3786.0,2,23.473503894732097,3,79.83965479560305
sano,300,2,A_steiner,3786.0,2,23.473503894732097,3,79.83965479560305
sano,300,3,A_steiner,3786.0,2,23.473503894732097,3,79.83965479560305
sano,300,4,A_steiner,3786.0,2,23.473503894732097,3,79.83965479560305
sano,300,5,A_steiner,3786.0,2,23.473503894732097,3,79.83965479560305
sano,300,6,B_incremental,3786.0,2,23.473503894732097,3,79.83965479560305
sano,300,7,B_incremental,3786.0,2,23.473503894732097,3,79.83965479560305
sano,300,8,B_incremental,3786.0,2,23.473503894732097,3,79.83965479560305
sano,300,9,B_incremental,3786.0,2,23.473503894732097,3,79.83965479560305
sano,300,10,B_incremental,3786.0,2,23.473503894732097,3,79.83965479560305
sano,300,11,B_incremental,3786.0,2,23.473503894732097,3,79.83965479560305
kudamatsu,0,0,A_steiner,1958.0,14,562.922861993513,11,129.70440020867008
kudamatsu,0,1,A_steiner,1958.0,14,562.922861993513,11,129.70440020867008
kudamatsu,0,2,A_steiner,1958.0,14,562.922861993513,11,129.70440020867008
kudamatsu,0,3,A_steiner,1958.0,14,562.922861993513,11,129.70440020867008
kudamatsu,0,4,A_steiner,1958.0,14,562.922861993513,11,129.70440020867008
kudamatsu,0,5,A_steiner,1958.0,14,562.922861993513,11,129.70440020867008
kudamatsu,0,6,B_incremental,1958.0,14,546.6247758732953,11,129.70440020867008
kudamatsu,0,7,B_incremental,1958.0,14,547.6042603265661,11,129.70440020867008
kudamatsu,0,8,B_incremental,1958.0,14,546.6247758732953,11,129.70440020867008
kudamatsu,0,9,B_incremental,1958.0,14,547.6042603265662,11,129.70440020867008
kudamatsu,0,10,B_incremental,1958.0,14,546.6247758732953,11,129.70440020867008
kudamatsu,0,11,B_incremental,1958.0,14,546.6247758732953,11,129.70440020867008
kudamatsu,1,0,A_steiner,611.0,4,413.70384274229474,3,23.445897853198797
kudamatsu,1,1,A_steiner,611.0,4,413.70384274229474,3,23.445897853198797
kudamatsu,1,2,A_steiner,611.0,4,413.70384274229474,3,23.445897853198797
kudamatsu,1,3,A_steiner,611.0,4,413.70384274229474,3,23.445897853198797
kudamatsu,1,4,A_steiner,611.0,4,413.70384274229474,3,23.445897853198797
kudamatsu,1,5,A_steiner,611.0,4,413.70384274229474,3,23.445897853198797
kudamatsu,1,6,B_incremental,611.0,4,413.7038427422948,3,23.445897853198797
kudamatsu,1,7,B_incremental,611.0,4,413.7038427422948,3,23.445897853198797
kudamatsu,1,8,B_incremental,611.0,4,413.7038427422948,3,23.445897853198797
kudamatsu,1,9,B_incremental,611.0,4,413.7038427422948,3,23.445897853198797
kudamatsu,1,10,B_incremental,611.0,4,413.7038427422948,3,23.445897853198797
kudamatsu,1,11,B_incremental,611.0,4,413.7038427422948,3,23.445897853198797
kudamatsu,2,0,A_steiner,1748.0,7,391.33455000958793,6,253.46384358526754
kudamatsu,2,1,A_steiner,1748.0,7,391.33455000958793,6,253.46384358526754
kudamatsu,2,2,A_steiner,1748.0,7,391.33455000958793,6,253.46384358526754
kudamatsu,2,3,A_steiner,1748.0,7,391.33455000958793,6,253.46384358526754
kudamatsu,2,4,A_steiner,1748.0,7,391.33455000958793,6,253.46384358526754
kudamatsu,2,5,A_steiner,1748.0,7,391.33455000958793,6,253.46384358526754
kudamatsu,2,6,B_incremental,1748.0,7,391.33455000958793,6,253.46384358526754
kudamatsu,2,7,B_incremental,1748.0,7,391.33455000958793,6,253.46384358526754
kudamatsu,2,8,B_incremental,1748.0,7,391.33455000958793,6,253.46384358526754
kudamatsu,2,9,B_incremental,1748.0,7,419.50344357337156,6,253.46384358526754
kudamatsu,2,10,B_incremental,1748.0,7,391.33455000958793,6,253.46384358526754
kudamatsu,2,11,B_incremental,1748.0,7,404.9698506130112,6,253.46384358526754
kudamatsu,3,0,A_steiner,1096.0,7,446.0731646888944,8,414.80443821535414
kudamatsu,3,1,A_steiner,1096.0,7,446.0731646888944,8,414.80443821535414
kudamatsu,3,2,A_steiner,1096.0,7,446.0731646888944,8,414.80443821535414
kudamatsu,3,3,A_steiner,1096.0,7,446.0731646888944,8,414.80443821535414
kudamatsu,3,4,A_steiner,1096.0,7,446.0731646888944,8,414.80443821535414
kudamatsu,3,5,A_steiner,1096.0,7,446.0731646888944,8,414.80443821535414
kudamatsu,3,6,B_incremental,1096.0,7,446.0731646888944,8,414.80443821535414
kudamatsu,3,7,B_incremental,1096.0,7,470.2616596165894,8,414.80443821535414
kudamatsu,3,8,B_incremental,1096.0,7,446.0731646888944,8,414.80443821535414
kudamatsu,3,9,B_incremental,1096.0,7,446.0731646888944,8,414.80443821535414
kudamatsu,3,10,B_incremental,1096.0,7,464.2747941126,8,414.80443821535414
kudamatsu,3,11,B_incremental,1096.0,7,467.0347759862676,8,414.80443821535414
kudamatsu,4,0,A_steiner,1480.0,1,26.22894205648,2,20.55863366643071
kudamatsu,4,1,A_steiner,1480.0,1,26.22894205648,2,20.55863366643071
kudamatsu,4,2,A_steiner,1480.0,1,26.22894205648,2,20.55863366643071
kudamatsu,4,3,A_steiner,1480.0,1,26.22894205648,2,20.55863366643071
kudamatsu,4,4,A_steiner,1480.0,1,26.22894205648,2,20.55863366643071
kudamatsu,4,5,A_steiner,1480.0,1,26.22894205648,2,20.55863366643071
kudamatsu,4,6,B_incremental,1480.0,1,26.22894205648,2,20.55863366643071
kudamatsu,4,7,B_incremental,1480.0,1,26.22894205648,2,20.55863366643071
kudamatsu,4,8,B_incremental,1480.0,1,26.22894205648,2,20.55863366643071
kudamatsu,4,9,B_incremental,1480.0,1,26.22894205648,2,20.55863366643071
kudamatsu,4,10,B_incremental,1480.0,1,26.22894205648,2,20.55863366643071
kudamatsu,4,11,B_incremental,1480.0,1,26.22894205648,2,20.55863366643071
kudamatsu,5,0,A_steiner,1272.0,3,78.79979714637032,4,32.55364773281245
kudamatsu,5,1,A_steiner,1272.0,3,78.79979714637032,4,32.55364773281245
kudamatsu,5,2,A_steiner,1272.0,3,78.79979714637032,4,32.55364773281245
kudamatsu,5,3,A_steiner,1272.0,3,78.79979714637032,4,32.55364773281245
kudamatsu,5,4,A_steiner,1272.0,3,78.79979714637032,4,32.55364773281245
kudamatsu,5,5,A_steiner,1272.0,3,78.79979714637032,4,32.55364773281245
kudamatsu,5,6,B_incremental,1272.0,3,78.79979714637032,4,32.55364773281245
kudamatsu,5,7,B_incremental,1272.0,3,78.79979714637032,4,32.55364773281245
kudamatsu,5,8,B_incremental,1272.0,3,78.79979714637032,4,32.55364773281245
kudamatsu,5,9,B_incremental,1272.0,3,78.79979714637032,4,32.55364773281245
kudamatsu,5,10,B_incremental,1272.0,3,78.79979714637032,4,32.55364773281245
kudamatsu,5,11,B_incremental,1272.0,3,78.79979714637032,4,32.55364773281245
kudamatsu,7,0,A_steiner,1785.0,5,370.63003413722777,6,165.99609669359634
kudamatsu,7,1,A_steiner,1785.0,5,370.63003413722777,6,165.99609669359634
kudamatsu,7,2,A_steiner,1785.0,5,370.63003413722777,6,165.99609669359634
kudamatsu,7,3,A_steiner,1785.0,5,370.63003413722777,6,165.99609669359634
kudamatsu,7,4,A_steiner,1785.0,5,370.63003413722777,6,165.99609669359634
kudamatsu,7,5,A_steiner,1785.0,5,370.63003413722777,6,165.99609669359634
kudamatsu,7,6,B_incremental,1785.0,5,370.63003413722777,6,165.99609669359634
kudamatsu,7,7,B_incremental,1785.0,5,370.63003413722777,6,165.99609669359634
kudamatsu,7,8,B_incremental,1785.0,5,370.63003413722777,6,165.99609669359634
kudamatsu,7,9,B_incremental,1785.0,5,370.63003413722777,6,165.99609669359634
kudamatsu,7,10,B_incremental,1785.0,5,370.63003413722777,6,165.99609669359634
kudamatsu,7,11,B_incremental,1785.0,5,370.6300341372277,6,165.99609669359634
kudamatsu,8,0,A_steiner,17.0,4,346.5963323341938,5,293.77801352121446
kudamatsu,8,1,A_steiner,17.0,4,346.5963323341938,5,293.77801352121446
kudamatsu,8,2,A_steiner,17.0,4,346.5963323341938,5,293.77801352121446
kudamatsu,8,3,A_steiner,17.0,4,346.5963323341938,5,293.77801352121446
kudamatsu,8,4,A_steiner,17.0,4,346.5963323341938,5,293.77801352121446
kudamatsu,8,5,A_steiner,17.0,4,346.5963323341938,5,293.77801352121446
kudamatsu,8,6,B_incremental,17.0,4,346.5963323341938,5,293.77801352121446
kudamatsu,8,7,B_incremental,17.0,4,346.5963323341938,5,293.77801352121446
kudamatsu,8,8,B_incremental,17.0,4,346.5963323341938,5,293.77801352121446
kudamatsu,8,9,B_incremental,17.0,4,346.59633233419385,5,293.77801352121446
kudamatsu,8,10,B_incremental,17.0,4,346.5963323341938,5,293.77801352121446
kudamatsu,8,11,B_incremental,17.0,4,346.5963323341938,5,293.77801352121446
kudamatsu,9,0,A_steiner,1646.0,2,159.0673097620852,3,51.36236446828929
kudamatsu,9,1,A_steiner,1646.0,2,159.0673097620852,3,51.36236446828929
kudamatsu,9,2,A_steiner,1646.0,2,159.0673097620852,3,51.36236446828929
kudamatsu,9,3,A_steiner,1646.0,2,159.0673097620852,3,51.36236446828929
kudamatsu,9,4,A_steiner,1646.0,2,159.0673097620852,3,51.36236446828929
kudamatsu,9,5,A_steiner,1646.0,2,159.0673097620852,3,51.36236446828929
kudamatsu,9,6,B_incremental,1646.0,2,159.0673097620852,3,51.36236446828929
kudamatsu,9,7,B_incremental,1646.0,2,159.0673097620852,3,51.36236446828929
kudamatsu,9,8,B_incremental,1646.0,2,159.0673097620852,3,51.36236446828929
kudamatsu,9,9,B_incremental,1646.0,2,159.0673097620852,3,51.36236446828929
kudamatsu,9,10,B_incremental,1646.0,2,159.0673097620852,3,51.36236446828929
kudamatsu,9,11,B_incremental,1646.0,2,159.0673097620852,3,51.36236446828929
kudamatsu,11,0,A_steiner,1138.0,3,184.44611057319761,4,135.5674012653438
kudamatsu,11,1,A_steiner,1138.0,3,184.44611057319761,4,135.5674012653438
kudamatsu,11,2,A_steiner,1138.0,3,184.44611057319761,4,135.5674012653438
kudamatsu,11,3,A_steiner,1138.0,3,184.44611057319761,4,135.5674012653438
kudamatsu,11,4,A_steiner,1138.0,3,184.44611057319761,4,135.5674012653438
kudamatsu,11,5,A_steiner,1138.0,3,184.44611057319761,4,135.5674012653438
kudamatsu,11,6,B_incremental,1138.0,3,184.44611057319764,4,135.5674012653438
kudamatsu,11,7,B_incremental,1138.0,3,184.44611057319764,4,135.5674012653438
kudamatsu,11,8,B_incremental,1138.0,3,184.44611057319764,4,135.5674012653438
kudamatsu,11,9,B_incremental,1138.0,3,184.44611057319761,4,135.5674012653438
kudamatsu,11,10,B_incremental,1138.0,3,184.44611057319764,4,135.5674012653438
kudamatsu,11,11,B_incremental,1138.0,3,184.44611057319761,4,135.5674012653438
kudamatsu,12,0,A_steiner,2153.0,6,227.84583309730328,5,63.00785698036886
kudamatsu,12,1,A_steiner,2153.0,6,227.84583309730328,5,63.00785698036886
kudamatsu,12,2,A_steiner,2153.0,6,227.84583309730328,5,63.00785698036886
kudamatsu,12,3,A_steiner,2153.0,6,227.84583309730328,5,63.00785698036886
kudamatsu,12,4,A_steiner,2153.0,6,227.84583309730328,5,63.00785698036886
kudamatsu,12,5,A_steiner,2153.0,6,227.84583309730328,5,63.00785698036886
kudamatsu,12,6,B_incremental,2153.0,6,227.84583309730328,5,63.00785698036886
kudamatsu,12,7,B_incremental,2153.0,6,227.84583309730328,5,63.00785698036886
kudamatsu,12,8,B_incremental,2153.0,6,227.84583309730328,5,63.00785698036886
kudamatsu,12,9,B_incremental,2153.0,6,227.84583309730328,5,63.00785698036886
kudamatsu,12,10,B_incremental,2153.0,6,227.84583309730328,5,63.00785698036886
kudamatsu,12,11,B_incremental,2153.0,6,227.84583309730328,5,63.00785698036886
kudamatsu,13,0,A_steiner,2024.0,2,106.85890446515575,3,73.88955509479955
kudamatsu,13,1,A_steiner,2024.0,2,106.85890446515575,3,73.88955509479955
kudamatsu,13,2,A_steiner,2024.0,2,106.85890446515575,3,73.88955509479955
kudamatsu,13,3,A_steiner,2024.0,2,106.85890446515575,3,73.88955509479955
kudamatsu,13,4,A_steiner,2024.0,2,106.85890446515575,3,73.88955509479955
kudamatsu,13,5,A_steiner,2024.0,2,106.85890446515575,3,73.88955509479955
kudamatsu,13,6,B_incremental,2024.0,2,106.85890446515575,3,73.88955509479955
kudamatsu,13,7,B_incremental,2024.0,2,106.85890446515575,3,73.88955509479955
kudamatsu,13,8,B_incremental,2024.0,2,106.85890446515575,3,73.88955509479955
kudamatsu,13,9,B_incremental,2024.0,2,106.85890446515575,3,73.88955509479955
kudamatsu,13,10,B_incremental,2024.0,2,106.85890446515575,3,73.88955509479955
kudamatsu,13,11,B_incremental,2024.0,2,106.85890446515575,3,73.88955509479955
kudamatsu,14,0,A_steiner,2398.0,8,309.94947499133764,4,103.16769650980797
kudamatsu,14,1,A_steiner,2398.0,8,309.94947499133764,4,103.16769650980797
kudamatsu,14,2,A_steiner,2398.0,8,309.94947499133764,4,103.16769650980797
kudamatsu,14,3,A_steiner,2398.0,8,309.94947499133764,4,103.16769650980797
kudamatsu,14,4,A_steiner,2398.0,8,309.94947499133764,4,103.16769650980797
kudamatsu,14,5,A_steiner,2398.0,8,309.94947499133764,4,103.16769650980797
kudamatsu,14,6,B_incremental,2398.0,8,309.94947499133764,4,103.16769650980797
kudamatsu,14,7,B_incremental,2398.0,8,309.94947499133764,4,103.16769650980797
kudamatsu,14,8,B_incremental,2398.0,8,309.94947499133764,4,103.16769650980797
kudamatsu,14,9,B_incremental,2398.0,8,309.94947499133764,4,103.16769650980797
kudamatsu,14,10,B_incremental,2398.0,8,309.94947499133764,4,103.16769650980797
kudamatsu,14,11,B_incremental,2398.0,8,309.94947499133764,4,103.16769650980797
kudamatsu,15,0,A_steiner,782.0,4,110.82124018838516,2,126.57091382092034
kudamatsu,15,1,A_steiner,782.0,4,110.82124018838516,2,126.57091382092034
kudamatsu,15,2,A_steiner,782.0,4,110.82124018838516,2,126.57091382092034
kudamatsu,15,3,A_steiner,782.0,4,110.82124018838516,2,126.57091382092034
kudamatsu,15,4,A_steiner,782.0,4,110.82124018838516,2,126.57091382092034
kudamatsu,15,5,A_steiner,782.0,4,110.82124018838516,2,126.57091382092034
kudamatsu,15,6,B_incremental,782.0,4,110.82124018838516,2,126.57091382092034
kudamatsu,15,7,B_incremental,782.0,4,110.82124018838516,2,126.57091382092034
kudamatsu,15,8,B_incremental,782.0,4,110.82124018838516,2,126.57091382092034
kudamatsu,15,9,B_incremental,782.0,4,110.82124018838516,2,126.57091382092034
kudamatsu,15,10,B_incremental,782.0,4,110.82124018838516,2,126.57091382092034
kudamatsu,15,11,B_incremental,782.0,4,110.82124018838516,2,126.57091382092034
kudamatsu,16,0,A_steiner,2053.0,15,756.8935836302459,10,167.4746879352338
kudamatsu,16,1,A_steiner,2053.0,15,756.8935836302459,10,167.4746879352338
kudamatsu,16,2,A_steiner,2053.0,15,756.8935836302459,10,167.4746879352338
kudamatsu,16,3,A_steiner,2053.0,15,756.8935836302459,10,167.4746879352338
kudamatsu,16,4,A_steiner,2053.0,15,756.8935836302459,10,167.4746879352338
kudamatsu,16,5,A_steiner,2053.0,15,756.8935836302459,10,167.4746879352338
kudamatsu,16,6,B_incremental,2053.0,15,789.578369233608,10,167.4746879352338
kudamatsu,16,7,B_incremental,2053.0,15,756.8935836302459,10,167.4746879352338
kudamatsu,16,8,B_incremental,2053.0,15,756.8935836302459,10,167.4746879352338
kudamatsu,16,9,B_incremental,2053.0,15,756.8935836302459,10,167.4746879352338
kudamatsu,16,10,B_incremental,2053.0,15,756.893583630246,10,167.4746879352338
kudamatsu,16,11,B_incremental,2053.0,15,756.8935836302459,10,167.4746879352338
kudamatsu,17,0,A_steiner,2778.0,7,417.1489749406244,3,66.88820160543713
kudamatsu,17,1,A_steiner,2778.0,7,417.1489749406244,3,66.88820160543713
kudamatsu,17,2,A_steiner,2778.0,7,417.1489749406244,3,66.88820160543713
kudamatsu,17,3,A_steiner,2778.0,7,417.1489749406244,3,66.88820160543713
kudamatsu,17,4,A_steiner,2778.0,7,424.6921724440867,3,66.88820160543713
kudamatsu,17,5,A_steiner,2778.0,7,417.1489749406244,3,66.88820160543713
kudamatsu,17,6,B_incremental,2778.0,7,417.14897494062444,3,66.88820160543713
kudamatsu,17,7,B_incremental,2778.0,6,461.35980248941274,3,66.88820160543713
kudamatsu,17,8,B_incremental,2778.0,6,461.35980248941274,3,66.88820160543713
kudamatsu,17,9,B_incremental,2778.0,6,461.35980248941274,3,66.88820160543713
kudamatsu,17,10,B_incremental,2778.0,6,461.35980248941274,3,66.88820160543713
kudamatsu,17,11,B_incremental,2778.0,6,461.35980248941274,3,66.88820160543713
kudamatsu,18,0,A_steiner,838.0,9,407.3927045136742,5,24.212730370778505
kudamatsu,18,1,A_steiner,838.0,8,408.41445276459785,5,24.212730370778505
kudamatsu,18,2,A_steiner,838.0,9,407.3927045136742,5,24.212730370778505
kudamatsu,18,3,A_steiner,838.0,8,408.41445276459785,5,24.212730370778505
kudamatsu,18,4,A_steiner,838.0,8,408.41445276459785,5,24.212730370778505
kudamatsu,18,5,A_steiner,838.0,9,407.3927045136742,5,24.212730370778505
kudamatsu,18,6,B_incremental,838.0,10,421.9140733383167,5,24.212730370778505
kudamatsu,18,7,B_incremental,838.0,8,408.41445276459785,5,24.212730370778505
kudamatsu,18,8,B_incremental,838.0,9,422.9358215892404,5,24.212730370778505
kudamatsu,18,9,B_incremental,838.0,8,408.41445276459785,5,24.212730370778505
kudamatsu,18,10,B_incremental,838.0,10,421.9140733383167,5,24.212730370778505
kudamatsu,18,11,B_incremental,838.0,10,421.9140733383167,5,24.212730370778505
kudamatsu,19,0,A_steiner,1468.0,4,191.1075579420713,3,191.53445079133195
kudamatsu,19,1,A_steiner,1468.0,4,191.1075579420713,3,191.53445079133195
kudamatsu,19,2,A_steiner,1468.0,4,191.1075579420713,3,191.53445079133195
kudamatsu,19,3,A_steiner,1468.0,4,191.1075579420713,3,191.53445079133195
kudamatsu,19,4,A_steiner,1468.0,4,191.1075579420713,3,191.53445079133195
kudamatsu,19,5,A_steiner,1468.0,4,191.1075579420713,3,191.53445079133195
kudamatsu,19,6,B_incremental,1468.0,4,191.1075579420713,3,191.53445079133195
kudamatsu,19,7,B_incremental,1468.0,4,191.1075579420713,3,191.53445079133195
kudamatsu,19,8,B_incremental,1468.0,4,191.1075579420713,3,191.53445079133195
kudamatsu,19,9,B_incremental,1468.0,4,191.10755794207128,3,191.53445079133195
kudamatsu,19,10,B_incremental,1468.0,4,191.10755794207128,3,191.53445079133195
kudamatsu,19,11,B_incremental,1468.0,4,191.1075579420713,3,191.53445079133195
kudamatsu,20,0,A_steiner,2820.0,1,61.21102458012652,2,45.47279497752583
kudamatsu,20,1,A_steiner,2820.0,1,61.21102458012652,2,45.47279497752583
kudamatsu,20,2,A_steiner,2820.0,1,61.21102458012652,2,45.47279497752583
kudamatsu,20,3,A_steiner,2820.0,1,61.21102458012652,2,45.47279497752583
kudamatsu,20,4,A_steiner,2820.0,1,61.21102458012652,2,45.47279497752583
kudamatsu,20,5,A_steiner,2820.0,1,61.21102458012652,2,45.47279497752583
kudamatsu,20,6,B_incremental,2820.0,1,61.21102458012652,2,45.47279497752583
kudamatsu,20,7,B_incremental,2820.0,1,61.21102458012652,2,45.47279497752583
kudamatsu,20,8,B_incremental,2820.0,1,61.21102458012652,2,45.47279497752583
kudamatsu,20,9,B_incremental,2820.0,1,61.21102458012652,2,45.47279497752583
kudamatsu,20,10,B_incremental,2820.0,1,61.21102458012652,2,45.47279497752583
kudamatsu,20,11,B_incremental,2820.0,1,61.21102458012652,2,45.47279497752583
kudamatsu,21,0,A_steiner,342.0,11,773.2930247140791,5,127.52850771288604
kudamatsu,21,1,A_steiner,342.0,11,773.2930247140791,5,127.52850771288604
kudamatsu,21,2,A_steiner,342.0,11,773.2930247140791,5,127.52850771288604
kudamatsu,21,3,A_steiner,342.0,11,773.2930247140791,5,127.52850771288604
kudamatsu,21,4,A_steiner,342.0,11,773.2930247140791,5,127.52850771288604
kudamatsu,21,5,A_steiner,342.0,11,773.2930247140791,5,127.52850771288604
kudamatsu,21,6,B_incremental,342.0,11,773.2930247140791,5,127.52850771288604
kudamatsu,21,7,B_incremental,342.0,11,773.2930247140791,5,127.52850771288604
kudamatsu,21,8,B_incremental,342.0,11,773.2930247140791,5,127.52850771288604
kudamatsu,21,9,B_incremental,342.0,11,773.2930247140791,5,127.52850771288604
kudamatsu,21,10,B_incremental,342.0,11,773.2930247140791,5,127.52850771288604
kudamatsu,21,11,B_incremental,342.0,11,773.2930247140791,5,127.52850771288604
kudamatsu,22,0,A_steiner,970.0,3,181.69980641575532,3,53.90394277968485
kudamatsu,22,1,A_steiner,970.0,3,181.69980641575532,3,53.90394277968485
kudamatsu,22,2,A_steiner,970.0,3,181.69980641575532,3,53.90394277968485
kudamatsu,22,3,A_steiner,970.0,3,181.69980641575532,3,53.90394277968485
kudamatsu,22,4,A_steiner,970.0,3,181.69980641575532,3,53.90394277968485
kudamatsu,22,5,A_steiner,970.0,3,181.69980641575532,3,53.90394277968485
kudamatsu,22,6,B_incremental,970.0,3,181.69980641575535,3,53.90394277968485
kudamatsu,22,7,B_incremental,970.0,3,181.69980641575535,3,53.90394277968485
kudamatsu,22,8,B_incremental,970.0,3,181.69980641575535,3,53.90394277968485
kudamatsu,22,9,B_incremental,970.0,3,181.69980641575535,3,53.90394277968485
kudamatsu,22,10,B_incremental,970.0,3,181.69980641575535,3,53.90394277968485
kudamatsu,22,11,B_incremental,970.0,3,181.69980641575535,3,53.90394277968485
kudamatsu,23,0,A_steiner,1619.0,4,274.10746115885246,4,202.04189192378874
kudamatsu,23,1,A_steiner,1619.0,4,274.10746115885246,4,202.04189192378874
kudamatsu,23,2,A_steiner,1619.0,4,274.10746115885246,4,202.04189192378874
kudamatsu,23,3,A_steiner,1619.0,4,274.10746115885246,4,202.04189192378874
kudamatsu,23,4,A_steiner,1619.0,4,274.10746115885246,4,202.04189192378874
kudamatsu,23,5,A_steiner,1619.0,4,274.10746115885246,4,202.04189192378874
kudamatsu,23,6,B_incremental,1619.0,4,274.10746115885246,4,202.04189192378874
kudamatsu,23,7,B_incremental,1619.0,4,274.10746115885246,4,202.04189192378874
kudamatsu,23,8,B_incremental,1619.0,4,274.10746115885246,4,202.04189192378874
kudamatsu,23,9,B_incremental,1619.0,4,274.10746115885246,4,202.04189192378874
kudamatsu,23,10,B_incremental,1619.0,4,274.10746115885246,4,202.04189192378874
kudamatsu,23,11,B_incremental,1619.0,4,274.10746115885246,4,202.04189192378874
kudamatsu,24,0,A_steiner,1141.0,5,220.23525693635835,6,253.09961192679543
kudamatsu,24,1,A_steiner,1141.0,5,220.23525693635835,6,253.09961192679543
kudamatsu,24,2,A_steiner,1141.0,5,220.23525693635835,6,253.09961192679543
kudamatsu,24,3,A_steiner,1141.0,5,220.23525693635835,6,253.09961192679543
kudamatsu,24,4,A_steiner,1141.0,5,220.23525693635835,6,253.09961192679543
kudamatsu,24,5,A_steiner,1141.0,5,220.23525693635835,6,253.09961192679543
kudamatsu,24,6,B_incremental,1141.0,5,220.23525693635835,6,253.09961192679543
kudamatsu,24,7,B_incremental,1141.0,5,220.23525693635838,6,253.09961192679543
kudamatsu,24,8,B_incremental,1141.0,5,220.23525693635838,6,253.09961192679543
kudamatsu,24,9,B_incremental,1141.0,5,220.23525693635838,6,253.09961192679543
kudamatsu,24,10,B_incremental,1141.0,5,220.23525693635835,6,253.09961192679543
kudamatsu,24,11,B_incremental,1141.0,5,220.23525693635838,6,253.09961192679543
kudamatsu,25,0,A_steiner,714.0,6,662.0669420331982,5,334.55516383872435
kudamatsu,25,1,A_steiner,714.0,6,662.0669420331982,5,334.55516383872435
kudamatsu,25,2,A_steiner,714.0,6,662.0669420331982,5,334.55516383872435
kudamatsu,25,3,A_steiner,714.0,6,662.0669420331982,5,334.55516383872435
kudamatsu,25,4,A_steiner,714.0,6,662.0669420331982,5,334.55516383872435
kudamatsu,25,5,A_steiner,714.0,6,662.0669420331982,5,334.55516383872435
kudamatsu,25,6,B_incremental,714.0,6,662.0669420331981,5,334.55516383872435
kudamatsu,25,7,B_incremental,714.0,6,662.0669420331982,5,334.55516383872435
kudamatsu,25,8,B_incremental,714.0,6,662.0669420331982,5,334.55516383872435
kudamatsu,25,9,B_incremental,714.0,6,662.0669420331982,5,334.55516383872435
kudamatsu,25,10,B_incremental,714.0,6,662.0669420331982,5,334.55516383872435
kudamatsu,25,11,B_incremental,714.0,6,662.0669420331982,5,334.55516383872435
kudamatsu,26,0,A_steiner,2408.0,6,413.37038820917167,5,86.5009497305314
kudamatsu,26,1,A_steiner,2408.0,6,413.37038820917167,5,86.5009497305314
kudamatsu,26,2,A_steiner,2408.0,6,413.37038820917167,5,86.5009497305314
kudamatsu,26,3,A_steiner,2408.0,6,413.37038820917167,5,86.5009497305314
kudamatsu,26,4,A_steiner,2408.0,6,413.37038820917167,5,86.5009497305314
kudamatsu,26,5,A_steiner,2408.0,6,413.37038820917167,5,86.5009497305314
kudamatsu,26,6,B_incremental,2408.0,6,413.3703882091716,5,86.5009497305314
kudamatsu,26,7,B_incremental,2408.0,6,413.3703882091716,5,86.5009497305314
kudamatsu,26,8,B_incremental,2408.0,6,413.3703882091716,5,86.5009497305314
kudamatsu,26,9,B_incremental,2408.0,6,413.3703882091716,5,86.5009497305314
kudamatsu,26,10,B_incremental,2408.0,6,413.37038820917167,5,86.5009497305314
kudamatsu,26,11,B_incremental,2408.0,6,413.37038820917167,5,86.5009497305314
kudamatsu,27,0,A_steiner,29.0,4,219.63470636277455,5,48.385825085480555
kudamatsu,27,1,A_steiner,29.0,4,219.63470636277455,5,48.385825085480555
kudamatsu,27,2,A_steiner,29.0,4,219.63470636277455,5,48.385825085480555
kudamatsu,27,3,A_steiner,29.0,4,219.63470636277455,5,48.385825085480555
kudamatsu,27,4,A_steiner,29.0,4,219.63470636277455,5,48.385825085480555
kudamatsu,27,5,A_steiner,29.0,4,219.63470636277455,5,48.385825085480555
kudamatsu,27,6,B_incremental,29.0,4,219.63470636277455,5,48.385825085480555
kudamatsu,27,7,B_incremental,29.0,4,219.63470636277455,5,48.385825085480555
kudamatsu,27,8,B_incremental,29.0,4,219.63470636277455,5,48.385825085480555
kudamatsu,27,9,B_incremental,29.0,4,219.63470636277455,5,48.385825085480555
kudamatsu,27,10,B_incremental,29.0,4,219.63470636277455,5,48.385825085480555
kudamatsu,27,11,B_incremental,29.0,4,219.63470636277455,5,48.385825085480555
kudamatsu,28,0,A_steiner,2877.0,6,358.5768550901741,4,217.77329653555321
kudamatsu,28,1,A_steiner,2877.0,6,358.895066395158,4,217.77329653555321
kudamatsu,28,2,A_steiner,2877.0,6,358.895066395158,4,217.77329653555321
kudamatsu,28,3,A_steiner,2877.0,6,358.895066395158,4,217.77329653555321
kudamatsu,28,4,A_steiner,2877.0,6,358.895066395158,4,217.77329653555321
kudamatsu,28,5,A_steiner,2877.0,6,358.895066395158,4,217.77329653555321
kudamatsu,28,6,B_incremental,2877.0,7,417.0511405187373,4,217.77329653555321
kudamatsu,28,7,B_incremental,2877.0,7,417.0511405187373,4,217.77329653555321
kudamatsu,28,8,B_incremental,2877.0,6,358.5768550901741,4,217.77329653555321
kudamatsu,28,9,B_incremental,2877.0,6,358.5768550901741,4,217.77329653555321
kudamatsu,28,10,B_incremental,2877.0,6,358.57685509017415,4,217.77329653555321
kudamatsu,28,11,B_incremental,2877.0,6,358.5768550901741,4,217.77329653555321
kudamatsu,29,0,A_steiner,2424.0,7,417.8501986996541,4,83.19395385523403
kudamatsu,29,1,A_steiner,2424.0,7,417.8501986996541,4,83.19395385523403
kudamatsu,29,2,A_steiner,2424.0,7,417.8501986996541,4,83.19395385523403
kudamatsu,29,3,A_steiner,2424.0,7,417.8501986996541,4,83.19395385523403
kudamatsu,29,4,A_steiner,2424.0,7,417.8501986996541,4,83.19395385523403
kudamatsu,29,5,A_steiner,2424.0,7,417.8501986996541,4,83.19395385523403
kudamatsu,29,6,B_incremental,2424.0,7,417.8501986996541,4,83.19395385523403
kudamatsu,29,7,B_incremental,2424.0,7,417.850198699654,4,83.19395385523403
kudamatsu,29,8,B_incremental,2424.0,7,417.850198699654,4,83.19395385523403
kudamatsu,29,9,B_incremental,2424.0,7,417.850198699654,4,83.19395385523403
kudamatsu,29,10,B_incremental,2424.0,7,417.8501986996541,4,83.19395385523403
kudamatsu,29,11,B_incremental,2424.0,7,417.85019869965413,4,83.19395385523403
kudamatsu,30,0,A_steiner,27.0,2,81.64519153719078,3,57.55413300662122
kudamatsu,30,1,A_steiner,27.0,2,81.64519153719078,3,57.55413300662122
kudamatsu,30,2,A_steiner,27.0,2,81.64519153719078,3,57.55413300662122
kudamatsu,30,3,A_steiner,27.0,2,81.64519153719078,3,57.55413300662122
kudamatsu,30,4,A_steiner,27.0,2,81.64519153719078,3,57.55413300662122
kudamatsu,30,5,A_steiner,27.0,2,81.64519153719078,3,57.55413300662122
kudamatsu,30,6,B_incremental,27.0,2,81.64519153719078,3,57.55413300662122
kudamatsu,30,7,B_incremental,27.0,2,81.64519153719078,3,57.55413300662122
kudamatsu,30,8,B_incremental,27.0,2,81.64519153719078,3,57.55413300662122
kudamatsu,30,9,B_incremental,27.0,2,81.64519153719078,3,57.55413300662122
kudamatsu,30,10,B_incremental,27.0,2,81.64519153719078,3,57.55413300662122
kudamatsu,30,11,B_incremental,27.0,2,81.64519153719078,3,57.55413300662122
kudamatsu,31,0,A_steiner,1751.0,16,934.4980995418292,4,154.0854990949527
kudamatsu,31,1,A_steiner,1751.0,15,941.926825841041,4,154.0854990949527
kudamatsu,31,2,A_steiner,1751.0,15,941.926825841041,4,154.0854990949527
kudamatsu,31,3,A_steiner,1751.0,16,934.4980995418292,4,154.0854990949527
kudamatsu,31,4,A_steiner,1751.0,15,941.926825841041,4,154.0854990949527
kudamatsu,31,5,A_steiner,1751.0,15,941.926825841041,4,154.0854990949527
kudamatsu,31,6,B_incremental,1751.0,16,934.498099541829,4,154.0854990949527
kudamatsu,31,7,B_incremental,1751.0,16,934.4980995418289,4,154.0854990949527
kudamatsu,31,8,B_incremental,1751.0,15,941.9268258410409,4,154.0854990949527
kudamatsu,31,9,B_incremental,1751.0,16,934.498099541829,4,154.0854990949527
kudamatsu,31,10,B_incremental,1751.0,16,934.498099541829,4,154.0854990949527
kudamatsu,31,11,B_incremental,1751.0,16,993.0865998985097,4,154.0854990949527
kudamatsu,32,0,A_steiner,1864.0,1,52.63729370483075,2,32.44888713042003
kudamatsu,32,1,A_steiner,1864.0,1,52.63729370483075,2,32.44888713042003
kudamatsu,32,2,A_steiner,1864.0,1,52.63729370483075,2,32.44888713042003
kudamatsu,32,3,A_steiner,1864.0,1,52.63729370483075,2,32.44888713042003
kudamatsu,32,4,A_steiner,1864.0,1,52.63729370483075,2,32.44888713042003
kudamatsu,32,5,A_steiner,1864.0,1,52.63729370483075,2,32.44888713042003
kudamatsu,32,6,B_incremental,1864.0,1,52.63729370483075,2,32.44888713042003
kudamatsu,32,7,B_incremental,1864.0,1,52.63729370483075,2,32.44888713042003
kudamatsu,32,8,B_incremental,1864.0,1,52.63729370483075,2,32.44888713042003
kudamatsu,32,9,B_incremental,1864.0,1,52.63729370483075,2,32.44888713042003
kudamatsu,32,10,B_incremental,1864.0,1,52.63729370483075,2,32.44888713042003
kudamatsu,32,11,B_incremental,1864.0,1,52.63729370483075,2,32.44888713042003
kudamatsu,33,0,A_steiner,1388.0,3,235.53829222412776,3,170.796799611319
kudamatsu,33,1,A_steiner,1388.0,3,235.53829222412776,3,170.796799611319
kudamatsu,33,2,A_steiner,1388.0,3,235.53829222412776,3,170.796799611319
kudamatsu,33,3,A_steiner,1388.0,3,235.53829222412776,3,170.796799611319
kudamatsu,33,4,A_steiner,1388.0,3,235.53829222412776,3,170.796799611319
kudamatsu,33,5,A_steiner,1388.0,3,235.53829222412776,3,170.796799611319
kudamatsu,33,6,B_incremental,1388.0,3,235.53829222412776,3,170.796799611319
kudamatsu,33,7,B_incremental,1388.0,3,235.53829222412776,3,170.796799611319
kudamatsu,33,8,B_incremental,1388.0,3,235.53829222412776,3,170.796799611319
kudamatsu,33,9,B_incremental,1388.0,3,235.53829222412776,3,170.796799611319
kudamatsu,33,10,B_incremental,1388.0,3,235.53829222412776,3,170.796799611319
kudamatsu,33,11,B_incremental,1388.0,3,235.53829222412776,3,170.796799611319
kudamatsu,34,0,A_steiner,1791.0,5,239.871568910383,3,53.673823440726956
kudamatsu,34,1,A_steiner,1791.0,5,239.871568910383,3,53.673823440726956
kudamatsu,34,2,A_steiner,1791.0,5,239.871568910383,3,53.673823440726956
kudamatsu,34,3,A_steiner,1791.0,5,239.871568910383,3,53.673823440726956
kudamatsu,34,4,A_steiner,1791.0,5,239.871568910383,3,53.673823440726956
kudamatsu,34,5,A_steiner,1791.0,5,239.871568910383,3,53.673823440726956
kudamatsu,34,6,B_incremental,1791.0,5,239.871568910383,3,53.673823440726956
kudamatsu,34,7,B_incremental,1791.0,5,239.87156891038302,3,53.673823440726956
kudamatsu,34,8,B_incremental,1791.0,5,239.871568910383,3,53.673823440726956
kudamatsu,34,9,B_incremental,1791.0,5,239.87156891038302,3,53.673823440726956
kudamatsu,34,10,B_incremental,1791.0,5,239.87156891038302,3,53.673823440726956
kudamatsu,34,11,B_incremental,1791.0,5,239.87156891038302,3,53.673823440726956
kudamatsu,35,0,A_steiner,1436.0,8,959.5838112010766,3,148.4415027179156
kudamatsu,35,1,A_steiner,1436.0,8,959.5838112010766,3,148.4415027179156
kudamatsu,35,2,A_steiner,1436.0,8,959.5838112010766,3,148.4415027179156
kudamatsu,35,3,A_steiner,1436.0,8,959.5838112010766,3,148.4415027179156
kudamatsu,35,4,A_steiner,1436.0,8,959.5838112010766,3,148.4415027179156
kudamatsu,35,5,A_steiner,1436.0,8,959.5838112010766,3,148.4415027179156
kudamatsu,35,6,B_incremental,1436.0,8,959.5838112010767,3,148.4415027179156
kudamatsu,35,7,B_incremental,1436.0,8,959.5838112010767,3,148.4415027179156
kudamatsu,35,8,B_incremental,1436.0,8,959.5838112010766,3,148.4415027179156
kudamatsu,35,9,B_incremental,1436.0,8,959.5838112010767,3,148.4415027179156
kudamatsu,35,10,B_incremental,1436.0,8,959.5838112010767,3,148.4415027179156
kudamatsu,35,11,B_incremental,1436.0,8,959.5838112010766,3,148.4415027179156
kudamatsu,36,0,A_steiner,2819.0,2,23.915658536624083,3,68.9620038209699
kudamatsu,36,1,A_steiner,2819.0,2,23.915658536624083,3,68.9620038209699
kudamatsu,36,2,A_steiner,2819.0,2,23.915658536624083,3,68.9620038209699
kudamatsu,36,3,A_steiner,2819.0,2,23.915658536624083,3,68.9620038209699
kudamatsu,36,4,A_steiner,2819.0,2,23.915658536624083,3,68.9620038209699
kudamatsu,36,5,A_steiner,2819.0,2,23.915658536624083,3,68.9620038209699
kudamatsu,36,6,B_incremental,2819.0,2,23.915658536624083,3,68.9620038209699
kudamatsu,36,7,B_incremental,2819.0,2,23.915658536624083,3,68.9620038209699
kudamatsu,36,8,B_incremental,2819.0,2,23.915658536624083,3,68.9620038209699
kudamatsu,36,9,B_incremental,2819.0,2,23.915658536624083,3,68.9620038209699
kudamatsu,36,10,B_incremental,2819.0,2,23.915658536624083,3,68.9620038209699
kudamatsu,36,11,B_incremental,2819.0,2,23.915658536624083,3,68.9620038209699
kudamatsu,37,0,A_steiner,720.0,2,148.21517846939375,3,48.64071516228546
kudamatsu,37,1,A_steiner,720.0,2,148.21517846939375,3,48.64071516228546
kudamatsu,37,2,A_steiner,720.0,2,148.21517846939375,3,48.64071516228546
kudamatsu,37,3,A_steiner,720.0,2,148.21517846939375,3,48.64071516228546
kudamatsu,37,4,A_steiner,720.0,2,148.21517846939375,3,48.64071516228546
kudamatsu,37,5,A_steiner,720.0,2,148.21517846939375,3,48.64071516228546
kudamatsu,37,6,B_incremental,720.0,2,148.21517846939375,3,48.64071516228546
kudamatsu,37,7,B_incremental,720.0,2,148.21517846939375,3,48.64071516228546
kudamatsu,37,8,B_incremental,720.0,2,148.21517846939375,3,48.64071516228546
kudamatsu,37,9,B_incremental,720.0,2,148.21517846939375,3,48.64071516228546
kudamatsu,37,10,B_incremental,720.0,2,148.21517846939375,3,48.64071516228546
kudamatsu,37,11,B_incremental,720.0,2,148.21517846939375,3,48.64071516228546
kudamatsu,38,0,A_steiner,1792.0,1,26.912042293342928,2,26.35383111256872
kudamatsu,38,1,A_steiner,1792.0,1,26.912042293342928,2,26.35383111256872
kudamatsu,38,2,A_steiner,1792.0,1,26.912042293342928,2,26.35383111256872
kudamatsu,38,3,A_steiner,1792.0,1,26.912042293342928,2,26.35383111256872
kudamatsu,38,4,A_steiner,1792.0,1,26.912042293342928,2,26.35383111256872
kudamatsu,38,5,A_steiner,1792.0,1,26.912042293342928,2,26.35383111256872
kudamatsu,38,6,B_incremental,1792.0,1,26.912042293342928,2,26.35383111256872
kudamatsu,38,7,B_incremental,1792.0,1,26.912042293342928,2,26.35383111256872
kudamatsu,38,8,B_incremental,1792.0,1,26.912042293342928,2,26.35383111256872
kudamatsu,38,9,B_incremental,1792.0,1,26.912042293342928,2,26.35383111256872
kudamatsu,38,10,B_incremental,1792.0,1,26.912042293342928,2,26.35383111256872
kudamatsu,38,11,B_incremental,1792.0,1,26.912042293342928,2,26.35383111256872
kudamatsu,39,0,A_steiner,1420.0,3,83.08653594017933,3,115.1531385015383
kudamatsu,39,1,A_steiner,1420.0,3,83.08653594017933,3,115.1531385015383
kudamatsu,39,2,A_steiner,1420.0,3,83.08653594017933,3,115.1531385015383
kudamatsu,39,3,A_steiner,1420.0,3,83.08653594017933,3,115.1531385015383
kudamatsu,39,4,A_steiner,1420.0,3,83.08653594017933,3,115.1531385015383
kudamatsu,39,5,A_steiner,1420.0,3,83.08653594017933,3,115.1531385015383
kudamatsu,39,6,B_incremental,1420.0,3,83.08653594017933,3,115.1531385015383
kudamatsu,39,7,B_incremental,1420.0,3,83.08653594017933,3,115.1531385015383
kudamatsu,39,8,B_incremental,1420.0,3,83.08653594017933,3,115.1531385015383
kudamatsu,39,9,B_incremental,1420.0,3,83.08653594017933,3,115.1531385015383
kudamatsu,39,10,B_incremental,1420.0,3,83.08653594017933,3,115.1531385015383
kudamatsu,39,11,B_incremental,1420.0,3,83.08653594017933,3,115.1531385015383
kudamatsu,40,0,A_steiner,1183.0,5,348.10772310667267,6,199.0245713103497
kudamatsu,40,1,A_steiner,1183.0,5,348.10772310667267,6,199.0245713103497
kudamatsu,40,2,A_steiner,1183.0,5,348.10772310667267,6,199.0245713103497
kudamatsu,40,3,A_steiner,1183.0,5,348.10772310667267,6,199.0245713103497
kudamatsu,40,4,A_steiner,1183.0,5,348.10772310667267,6,199.0245713103497
kudamatsu,40,5,A_steiner,1183.0,5,348.10772310667267,6,199.0245713103497
kudamatsu,40,6,B_incremental,1183.0,5,348.10772310667267,6,199.0245713103497
kudamatsu,40,7,B_incremental,1183.0,5,348.10772310667267,6,199.0245713103497
kudamatsu,40,8,B_incremental,1183.0,5,348.10772310667267,6,199.0245713103497
kudamatsu,40,9,B_incremental,1183.0,5,348.10772310667267,6,199.0245713103497
kudamatsu,40,10,B_incremental,1183.0,5,348.10772310667267,6,199.0245713103497
kudamatsu,40,11,B_incremental,1183.0,5,348.1077231066726,6,199.0245713103497
kudamatsu,41,0,A_steiner,2117.0,9,616.5783308345854,9,332.84660274807703
kudamatsu,41,1,A_steiner,2117.0,9,616.5783308345854,9,332.84660274807703
kudamatsu,41,2,A_steiner,2117.0,9,616.5783308345854,9,332.84660274807703
kudamatsu,41,3,A_steiner,2117.0,9,616.5783308345854,9,332.84660274807703
kudamatsu,41,4,A_steiner,2117.0,9,616.5783308345854,9,332.84660274807703
kudamatsu,41,5,A_steiner,2117.0,9,616.5783308345854,9,332.84660274807703
kudamatsu,41,6,B_incremental,2117.0,9,616.5783308345852,9,332.84660274807703
kudamatsu,41,7,B_incremental,2117.0,9,616.5783308345852,9,332.84660274807703
kudamatsu,41,8,B_incremental,2117.0,9,616.5783308345852,9,332.84660274807703
kudamatsu,41,9,B_incremental,2117.0,9,616.5783308345854,9,332.84660274807703
kudamatsu,41,10,B_incremental,2117.0,9,616.5783308345852,9,332.84660274807703
kudamatsu,41,11,B_incremental,2117.0,9,674.8752443350027,9,332.84660274807703
kudamatsu,42,0,A_steiner,2909.0,6,221.49438925867582,3,180.76150666482104
kudamatsu,42,1,A_steiner,2909.0,6,221.49438925867582,3,180.76150666482104
kudamatsu,42,2,A_steiner,2909.0,6,221.49438925867582,3,180.76150666482104
kudamatsu,42,3,A_steiner,2909.0,6,221.49438925867582,3,180.76150666482104
kudamatsu,42,4,A_steiner,2909.0,6,221.49438925867582,3,180.76150666482104
kudamatsu,42,5,A_steiner,2909.0,6,221.49438925867582,3,180.76150666482104
kudamatsu,42,6,B_incremental,2909.0,6,221.49438925867585,3,180.76150666482104
kudamatsu,42,7,B_incremental,2909.0,6,221.49438925867585,3,180.76150666482104
kudamatsu,42,8,B_incremental,2909.0,6,221.49438925867585,3,180.76150666482104
kudamatsu,42,9,B_incremental,2909.0,6,221.49438925867585,3,180.76150666482104
kudamatsu,42,10,B_incremental,2909.0,6,221.49438925867585,3,180.76150666482104
kudamatsu,42,11,B_incremental,2909.0,6,221.49438925867585,3,180.76150666482104
kudamatsu,43,0,A_steiner,1214.0,3,138.40100376404683,4,93.91160869314822
kudamatsu,43,1,A_steiner,1214.0,3,138.40100376404683,4,93.91160869314822
kudamatsu,43,2,A_steiner,1214.0,3,138.40100376404683,4,93.91160869314822
kudamatsu,43,3,A_steiner,1214.0,3,138.40100376404683,4,93.91160869314822
kudamatsu,43,4,A_steiner,1214.0,3,138.40100376404683,4,93.91160869314822
kudamatsu,43,5,A_steiner,1214.0,3,138.40100376404683,4,93.91160869314822
kudamatsu,43,6,B_incremental,1214.0,3,138.40100376404683,4,93.91160869314822
kudamatsu,43,7,B_incremental,1214.0,3,138.40100376404683,4,93.91160869314822
kudamatsu,43,8,B_incremental,1214.0,3,138.40100376404683,4,93.91160869314822
kudamatsu,43,9,B_incremental,1214.0,3,138.40100376404683,4,93.91160869314822
kudamatsu,43,10,B_incremental,1214.0,3,138.40100376404683,4,93.91160869314822
kudamatsu,43,11,B_incremental,1214.0,3,138.40100376404683,4,93.91160869314822
kudamatsu,44,0,A_steiner,2060.0,2,112.60978930566705,3,48.539246404622034
kudamatsu,44,1,A_steiner,2060.0,2,112.60978930566705,3,48.539246404622034
kudamatsu,44,2,A_steiner,2060.0,2,112.60978930566705,3,48.539246404622034
kudamatsu,44,3,A_steiner,2060.0,2,112.60978930566705,3,48.539246404622034
kudamatsu,44,4,A_steiner,2060.0,2,112.60978930566705,3,48.539246404622034
kudamatsu,44,5,A_steiner,2060.0,2,112.60978930566705,3,48.539246404622034
kudamatsu,44,6,B_incremental,2060.0,2,112.60978930566705,3,48.539246404622034
kudamatsu,44,7,B_incremental,2060.0,2,112.60978930566705,3,48.539246404622034
kudamatsu,44,8,B_incremental,2060.0,2,112.60978930566705,3,48.539246404622034
kudamatsu,44,9,B_incremental,2060.0,2,112.60978930566705,3,48.539246404622034
kudamatsu,44,10,B_incremental,2060.0,2,112.60978930566705,3,48.539246404622034
kudamatsu,44,11,B_incremental,2060.0,2,112.60978930566705,3,48.539246404622034
kudamatsu,45,0,A_steiner,2918.0,12,413.1474307113883,9,131.81011849370282
kudamatsu,45,1,A_steiner,2918.0,12,413.1474307113883,9,131.81011849370282
kudamatsu,45,2,A_steiner,2918.0,12,413.1474307113883,9,131.81011849370282
kudamatsu,45,3,A_steiner,2918.0,12,413.1474307113883,9,131.81011849370282
kudamatsu,45,4,A_steiner,2918.0,12,413.1474307113883,9,131.81011849370282
kudamatsu,45,5,A_steiner,2918.0,12,413.1474307113883,9,131.81011849370282
kudamatsu,45,6,B_incremental,2918.0,12,413.1474307113883,9,131.81011849370282
kudamatsu,45,7,B_incremental,2918.0,13,399.21520346882505,9,131.81011849370282
kudamatsu,45,8,B_incremental,2918.0,13,399.21520346882505,9,131.81011849370282
kudamatsu,45,9,B_incremental,2918.0,13,399.21520346882505,9,131.81011849370282
kudamatsu,45,10,B_incremental,2918.0,13,399.21520346882505,9,131.81011849370282
kudamatsu,45,11,B_incremental,2918.0,13,411.7635081270018,9,131.81011849370282
kudamatsu,46,0,A_steiner,1712.0,5,308.81985652384003,5,251.96338245479222
kudamatsu,46,1,A_steiner,1712.0,5,308.81985652384003,5,251.96338245479222
kudamatsu,46,2,A_steiner,1712.0,5,308.81985652384003,5,251.96338245479222
kudamatsu,46,3,A_steiner,1712.0,5,308.81985652384003,5,251.96338245479222
kudamatsu,46,4,A_steiner,1712.0,5,308.81985652384003,5,251.96338245479222
kudamatsu,46,5,A_steiner,1712.0,5,308.81985652384003,5,251.96338245479222
kudamatsu,46,6,B_incremental,1712.0,5,308.81985652384003,5,251.96338245479222
kudamatsu,46,7,B_incremental,1712.0,5,308.81985652384003,5,251.96338245479222
kudamatsu,46,8,B_incremental,1712.0,5,308.81985652384003,5,251.96338245479222
kudamatsu,46,9,B_incremental,1712.0,5,308.81985652384003,5,251.96338245479222
kudamatsu,46,10,B_incremental,1712.0,5,308.81985652384003,5,251.96338245479222
kudamatsu,46,11,B_incremental,1712.0,5,308.81985652384003,5,251.96338245479222
kudamatsu,47,0,A_steiner,2346.0,9,810.8399675879037,4,119.47637401741385
kudamatsu,47,1,A_steiner,2346.0,9,813.1923259084318,4,119.47637401741385
kudamatsu,47,2,A_steiner,2346.0,9,810.8399675879037,4,119.47637401741385
kudamatsu,47,3,A_steiner,2346.0,9,810.8399675879037,4,119.47637401741385
kudamatsu,47,4,A_steiner,2346.0,9,813.1923259084318,4,119.47637401741385
kudamatsu,47,5,A_steiner,2346.0,9,810.8399675879037,4,119.47637401741385
kudamatsu,47,6,B_incremental,2346.0,9,810.8399675879036,4,119.47637401741385
kudamatsu,47,7,B_incremental,2346.0,9,810.8399675879036,4,119.47637401741385
kudamatsu,47,8,B_incremental,2346.0,9,810.8399675879039,4,119.47637401741385
kudamatsu,47,9,B_incremental,2346.0,9,810.8399675879037,4,119.47637401741385
kudamatsu,47,10,B_incremental,2346.0,9,810.8399675879039,4,119.47637401741385
kudamatsu,47,11,B_incremental,2346.0,9,810.8399675879037,4,119.47637401741385
kudamatsu,48,0,A_steiner,1457.0,10,714.5510417223425,9,272.8080872522016
kudamatsu,48,1,A_steiner,1457.0,10,714.5510417223425,9,272.8080872522016
kudamatsu,48,2,A_steiner,1457.0,10,714.5510417223425,9,272.8080872522016
kudamatsu,48,3,A_steiner,1457.0,10,714.5510417223425,9,272.8080872522016
kudamatsu,48,4,A_steiner,1457.0,10,714.5510417223425,9,272.8080872522016
kudamatsu,48,5,A_steiner,1457.0,10,714.5510417223425,9,272.8080872522016
kudamatsu,48,6,B_incremental,1457.0,10,714.5510417223425,9,272.8080872522016
kudamatsu,48,7,B_incremental,1457.0,10,714.5510417223425,9,272.8080872522016
kudamatsu,48,8,B_incremental,1457.0,10,714.5510417223425,9,272.8080872522016
kudamatsu,48,9,B_incremental,1457.0,10,714.5510417223425,9,272.8080872522016
kudamatsu,48,10,B_incremental,1457.0,10,714.5510417223426,9,272.8080872522016
kudamatsu,48,11,B_incremental,1457.0,10,714.5510417223425,9,272.8080872522016
kudamatsu,49,0,A_steiner,1363.0,6,457.97722836720396,7,374.577620897084
kudamatsu,49,1,A_steiner,1363.0,6,457.97722836720396,7,374.577620897084
kudamatsu,49,2,A_steiner,1363.0,6,457.97722836720396,7,374.577620897084
kudamatsu,49,3,A_steiner,1363.0,6,457.97722836720396,7,374.577620897084
kudamatsu,49,4,A_steiner,1363.0,6,457.97722836720396,7,374.577620897084
kudamatsu,49,5,A_steiner,1363.0,6,457.97722836720396,7,374.577620897084
kudamatsu,49,6,B_incremental,1363.0,6,457.97722836720396,7,374.577620897084
kudamatsu,49,7,B_incremental,1363.0,6,457.97722836720396,7,374.577620897084
kudamatsu,49,8,B_incremental,1363.0,6,457.97722836720396,7,374.577620897084
kudamatsu,49,9,B_incremental,1363.0,6,457.97722836720396,7,374.577620897084
kudamatsu,49,10,B_incremental,1363.0,6,457.97722836720396,7,374.577620897084
kudamatsu,49,11,B_incremental,1363.0,6,457.97722836720396,7,374.577620897084
kudamatsu,50,0,A_steiner,2155.0,4,399.5768207082467,2,57.71828886333279
kudamatsu,50,1,A_steiner,2155.0,4,399.5768207082467,2,57.71828886333279
kudamatsu,50,2,A_steiner,2155.0,4,399.5768207082467,2,57.71828886333279
kudamatsu,50,3,A_steiner,2155.0,4,399.5768207082467,2,57.71828886333279
kudamatsu,50,4,A_steiner,2155.0,4,399.5768207082467,2,57.71828886333279
kudamatsu,50,5,A_steiner,2155.0,4,399.5768207082467,2,57.71828886333279
kudamatsu,50,6,B_incremental,2155.0,4,399.5768207082467,2,57.71828886333279
kudamatsu,50,7,B_incremental,2155.0,4,399.5768207082467,2,57.71828886333279
kudamatsu,50,8,B_incremental,2155.0,4,399.5768207082467,2,57.71828886333279
kudamatsu,50,9,B_incremental,2155.0,4,399.5768207082467,2,57.71828886333279
kudamatsu,50,10,B_incremental,2155.0,4,399.5768207082467,2,57.71828886333279
kudamatsu,50,11,B_incremental,2155.0,4,399.5768207082467,2,57.71828886333279
kudamatsu,51,0,A_steiner,1615.0,5,471.3424080020296,4,62.350713564603275
kudamatsu,51,1,A_steiner,1615.0,5,471.3424080020296,4,62.350713564603275
kudamatsu,51,2,A_steiner,1615.0,5,471.3424080020296,4,62.350713564603275
kudamatsu,51,3,A_steiner,1615.0,5,471.3424080020296,4,62.350713564603275
kudamatsu,51,4,A_steiner,1615.0,5,471.3424080020296,4,62.350713564603275
kudamatsu,51,5,A_steiner,1615.0,5,471.3424080020296,4,62.350713564603275
kudamatsu,51,6,B_incremental,1615.0,5,471.3424080020296,4,62.350713564603275
kudamatsu,51,7,B_incremental,1615.0,5,471.3424080020296,4,62.350713564603275
kudamatsu,51,8,B_incremental,1615.0,6,497.8117673660837,4,62.350713564603275
kudamatsu,51,9,B_incremental,1615.0,5,471.3424080020296,4,62.350713564603275
kudamatsu,51,10,B_incremental,1615.0,5,471.3424080020296,4,62.350713564603275
kudamatsu,51,11,B_incremental,1615.0,6,497.8117673660837,4,62.350713564603275
kudamatsu,52,0,A_steiner,1789.0,5,220.55301456625628,3,116.60523969807566
kudamatsu,52,1,A_steiner,1789.0,5,220.55301456625628,3,116.60523969807566
kudamatsu,52,2,A_steiner,1789.0,5,220.55301456625628,3,116.60523969807566
kudamatsu,52,3,A_steiner,1789.0,5,220.55301456625628,3,116.60523969807566
kudamatsu,52,4,A_steiner,1789.0,5,220.55301456625628,3,116.60523969807566
kudamatsu,52,5,A_steiner,1789.0,5,220.55301456625628,3,116.60523969807566
kudamatsu,52,6,B_incremental,1789.0,5,220.55301456625628,3,116.60523969807566
kudamatsu,52,7,B_incremental,1789.0,5,220.55301456625628,3,116.60523969807566
kudamatsu,52,8,B_incremental,1789.0,5,220.55301456625628,3,116.60523969807566
kudamatsu,52,9,B_incremental,1789.0,5,220.55301456625628,3,116.60523969807566
kudamatsu,52,10,B_incremental,1789.0,5,220.55301456625628,3,116.60523969807566
kudamatsu,52,11,B_incremental,1789.0,5,220.55301456625628,3,116.60523969807566
kudamatsu,53,0,A_steiner,2071.0,4,280.3198528983019,2,68.42445300922866
kudamatsu,53,1,A_steiner,2071.0,4,280.3198528983019,2,68.42445300922866
kudamatsu,53,2,A_steiner,2071.0,4,280.3198528983019,2,68.42445300922866
kudamatsu,53,3,A_steiner,2071.0,4,280.3198528983019,2,68.42445300922866
kudamatsu,53,4,A_steiner,2071.0,4,280.3198528983019,2,68.42445300922866
kudamatsu,53,5,A_steiner,2071.0,4,280.3198528983019,2,68.42445300922866
kudamatsu,53,6,B_incremental,2071.0,4,280.3198528983019,2,68.42445300922866
kudamatsu,53,7,B_incremental,2071.0,4,280.3198528983019,2,68.42445300922866
kudamatsu,53,8,B_incremental,2071.0,4,280.3198528983019,2,68.42445300922866
kudamatsu,53,9,B_incremental,2071.0,4,280.3198528983019,2,68.42445300922866
kudamatsu,53,10,B_incremental,2071.0,4,280.3198528983019,2,68.42445300922866
kudamatsu,53,11,B_incremental,2071.0,4,280.3198528983019,2,68.42445300922866
kudamatsu,54,0,A_steiner,2057.0,5,246.76240274315188,3,82.20894603492349
kudamatsu,54,1,A_steiner,2057.0,5,246.76240274315188,3,82.20894603492349
kudamatsu,54,2,A_steiner,2057.0,5,246.76240274315188,3,82.20894603492349
kudamatsu,54,3,A_steiner,2057.0,5,246.76240274315188,3,82.20894603492349
kudamatsu,54,4,A_steiner,2057.0,5,246.76240274315188,3,82.20894603492349
kudamatsu,54,5,A_steiner,2057.0,5,246.76240274315188,3,82.20894603492349
kudamatsu,54,6,B_incremental,2057.0,5,246.76240274315188,3,82.20894603492349
kudamatsu,54,7,B_incremental,2057.0,5,246.76240274315188,3,82.20894603492349
kudamatsu,54,8,B_incremental,2057.0,5,246.76240274315188,3,82.20894603492349
kudamatsu,54,9,B_incremental,2057.0,5,246.76240274315188,3,82.20894603492349
kudamatsu,54,10,B_incremental,2057.0,5,246.76240274315188,3,82.20894603492349
kudamatsu,54,11,B_incremental,2057.0,5,246.76240274315188,3,82.20894603492349
kudamatsu,55,0,A_steiner,2423.0,4,151.39724727417988,5,108.1246466110028
kudamatsu,55,1,A_steiner,2423.0,4,151.39724727417988,5,108.1246466110028
kudamatsu,55,2,A_steiner,2423.0,4,151.39724727417988,5,108.1246466110028
kudamatsu,55,3,A_steiner,2423.0,4,151.39724727417988,5,108.1246466110028
kudamatsu,55,4,A_steiner,2423.0,4,151.39724727417988,5,108.1246466110028
kudamatsu,55,5,A_steiner,2423.0,4,151.39724727417988,5,108.1246466110028
kudamatsu,55,6,B_incremental,2423.0,4,151.39724727417988,5,108.1246466110028
kudamatsu,55,7,B_incremental,2423.0,4,151.39724727417988,5,108.1246466110028
kudamatsu,55,8,B_incremental,2423.0,4,151.39724727417988,5,108.1246466110028
kudamatsu,55,9,B_incremental,2423.0,4,151.39724727417988,5,108.1246466110028
kudamatsu,55,10,B_incremental,2423.0,4,151.39724727417988,5,108.1246466110028
kudamatsu,55,11,B_incremental,2423.0,4,151.39724727417988,5,108.1246466110028
kudamatsu,56,0,A_steiner,1737.0,5,492.87884253306987,2,136.21394773705063
kudamatsu,56,1,A_steiner,1737.0,5,492.87884253306987,2,136.21394773705063
kudamatsu,56,2,A_steiner,1737.0,5,492.87884253306987,2,136.21394773705063
kudamatsu,56,3,A_steiner,1737.0,5,492.87884253306987,2,136.21394773705063
kudamatsu,56,4,A_steiner,1737.0,5,492.87884253306987,2,136.21394773705063
kudamatsu,56,5,A_steiner,1737.0,5,492.87884253306987,2,136.21394773705063
kudamatsu,56,6,B_incremental,1737.0,5,492.8788425330699,2,136.21394773705063
kudamatsu,56,7,B_incremental,1737.0,5,492.8788425330699,2,136.21394773705063
kudamatsu,56,8,B_incremental,1737.0,5,492.8788425330699,2,136.21394773705063
kudamatsu,56,9,B_incremental,1737.0,5,492.8788425330699,2,136.21394773705063
kudamatsu,56,10,B_incremental,1737.0,5,492.8788425330699,2,136.21394773705063
kudamatsu,56,11,B_incremental,1737.0,5,492.8788425330699,2,136.21394773705063
kudamatsu,58,0,A_steiner,2031.0,4,213.04656223635197,4,110.15238526235325
kudamatsu,58,1,A_steiner,2031.0,4,213.04656223635197,4,110.15238526235325
kudamatsu,58,2,A_steiner,2031.0,4,213.04656223635197,4,110.15238526235325
kudamatsu,58,3,A_steiner,2031.0,4,213.04656223635197,4,110.15238526235325
kudamatsu,58,4,A_steiner,2031.0,4,213.04656223635197,4,110.15238526235325
kudamatsu,58,5,A_steiner,2031.0,4,213.04656223635197,4,110.15238526235325
kudamatsu,58,6,B_incremental,2031.0,4,213.04656223635197,4,110.15238526235325
kudamatsu,58,7,B_incremental,2031.0,4,213.04656223635197,4,110.15238526235325
kudamatsu,58,8,B_incremental,2031.0,4,213.04656223635197,4,110.15238526235325
kudamatsu,58,9,B_incremental,2031.0,4,213.04656223635197,4,110.15238526235325
kudamatsu,58,10,B_incremental,2031.0,4,213.04656223635197,4,110.15238526235325
kudamatsu,58,11,B_incremental,2031.0,4,213.04656223635197,4,110.15238526235325
kudamatsu,59,0,A_steiner,741.0,2,139.9886260596436,3,86.80345968902945
kudamatsu,59,1,A_steiner,741.0,2,139.9886260596436,3,86.80345968902945
kudamatsu,59,2,A_steiner,741.0,2,139.9886260596436,3,86.80345968902945
kudamatsu,59,3,A_steiner,741.0,2,139.9886260596436,3,86.80345968902945
kudamatsu,59,4,A_steiner,741.0,2,139.9886260596436,3,86.80345968902945
kudamatsu,59,5,A_steiner,741.0,2,139.9886260596436,3,86.80345968902945
kudamatsu,59,6,B_incremental,741.0,2,139.9886260596436,3,86.80345968902945
kudamatsu,59,7,B_incremental,741.0,2,139.9886260596436,3,86.80345968902945
kudamatsu,59,8,B_incremental,741.0,2,139.9886260596436,3,86.80345968902945
kudamatsu,59,9,B_incremental,741.0,2,139.9886260596436,3,86.80345968902945
kudamatsu,59,10,B_incremental,741.0,2,139.9886260596436,3,86.80345968902945
kudamatsu,59,11,B_incremental,741.0,2,139.9886260596436,3,86.80345968902945
kudamatsu,60,0,A_steiner,1395.0,5,585.8152999594316,4,196.91070702227816
kudamatsu,60,1,A_steiner,1395.0,5,585.8152999594316,4,196.91070702227816
kudamatsu,60,2,A_steiner,1395.0,5,585.8152999594316,4,196.91070702227816
kudamatsu,60,3,A_steiner,1395.0,5,585.8152999594316,4,196.91070702227816
kudamatsu,60,4,A_steiner,1395.0,5,585.8152999594316,4,196.91070702227816
kudamatsu,60,5,A_steiner,1395.0,5,585.8152999594316,4,196.91070702227816
kudamatsu,60,6,B_incremental,1395.0,5,585.8152999594317,4,196.91070702227816
kudamatsu,60,7,B_incremental,1395.0,5,585.8152999594317,4,196.91070702227816
kudamatsu,60,8,B_incremental,1395.0,5,585.8152999594317,4,196.91070702227816
kudamatsu,60,9,B_incremental,1395.0,5,585.8152999594317,4,196.91070702227816
kudamatsu,60,10,B_incremental,1395.0,5,585.8152999594317,4,196.91070702227816
kudamatsu,60,11,B_incremental,1395.0,5,585.8152999594317,4,196.91070702227816
kudamatsu,61,0,A_steiner,1302.0,7,573.8255520408667,5,68.32583141244304
kudamatsu,61,1,A_steiner,1302.0,9,576.9283054390104,5,68.32583141244304
kudamatsu,61,2,A_steiner,1302.0,7,573.8255520408667,5,68.32583141244304
kudamatsu,61,3,A_steiner,1302.0,7,573.8255520408667,5,68.32583141244304
kudamatsu,61,4,A_steiner,1302.0,7,573.8255520408667,5,68.32583141244304
kudamatsu,61,5,A_steiner,1302.0,7,573.8255520408667,5,68.32583141244304
kudamatsu,61,6,B_incremental,1302.0,7,573.8255520408667,5,68.32583141244304
kudamatsu,61,7,B_incremental,1302.0,7,573.8255520408667,5,68.32583141244304
kudamatsu,61,8,B_incremental,1302.0,7,573.8255520408667,5,68.32583141244304
kudamatsu,61,9,B_incremental,1302.0,7,573.8255520408667,5,68.32583141244304
kudamatsu,61,10,B_incremental,1302.0,7,573.8255520408667,5,68.32583141244304
kudamatsu,61,11,B_incremental,1302.0,7,573.8255520408667,5,68.32583141244304
kudamatsu,62,0,A_steiner,19.0,3,280.3052390946757,4,194.88137869997863
kudamatsu,62,1,A_steiner,19.0,3,280.3372625735765,4,194.88137869997863
kudamatsu,62,2,A_steiner,19.0,3,280.3052390946757,4,194.88137869997863
kudamatsu,62,3,A_steiner,19.0,3,280.3052390946757,4,194.88137869997863
kudamatsu,62,4,A_steiner,19.0,3,280.3052390946757,4,194.88137869997863
kudamatsu,62,5,A_steiner,19.0,3,280.3372625735765,4,194.88137869997863
kudamatsu,62,6,B_incremental,19.0,3,280.3372625735765,4,194.88137869997863
kudamatsu,62,7,B_incremental,19.0,3,280.3052390946757,4,194.88137869997863
kudamatsu,62,8,B_incremental,19.0,3,280.3372625735765,4,194.88137869997863
kudamatsu,62,9,B_incremental,19.0,3,280.3052390946757,4,194.88137869997863
kudamatsu,62,10,B_incremental,19.0,3,280.3052390946757,4,194.88137869997863
kudamatsu,62,11,B_incremental,19.0,3,280.3052390946757,4,194.88137869997863
kudamatsu,63,0,A_steiner,2136.0,16,772.5320746815796,13,281.4083070270364
kudamatsu,63,1,A_steiner,2136.0,16,772.5320746815796,13,281.4083070270364
kudamatsu,63,2,A_steiner,2136.0,16,772.5320746815796,13,281.4083070270364
kudamatsu,63,3,A_steiner,2136.0,16,772.5320746815796,13,281.4083070270364
kudamatsu,63,4,A_steiner,2136.0,16,772.5320746815796,13,281.4083070270364
kudamatsu,63,5,A_steiner,2136.0,16,772.5320746815796,13,281.4083070270364
kudamatsu,63,6,B_incremental,2136.0,16,772.6678137424797,13,281.4083070270364
kudamatsu,63,7,B_incremental,2136.0,16,772.6678137424796,13,281.4083070270364
kudamatsu,63,8,B_incremental,2136.0,16,772.6678137424796,13,281.4083070270364
kudamatsu,63,9,B_incremental,2136.0,16,772.6678137424797,13,281.4083070270364
kudamatsu,63,10,B_incremental,2136.0,16,772.6678137424796,13,281.4083070270364
kudamatsu,63,11,B_incremental,2136.0,16,772.6678137424797,13,281.4083070270364
kudamatsu,64,0,A_steiner,1520.0,3,176.8514309859873,2,71.33990300017149
kudamatsu,64,1,A_steiner,1520.0,3,179.26074886895,2,71.33990300017149
kudamatsu,64,2,A_steiner,1520.0,3,176.8514309859873,2,71.33990300017149
kudamatsu,64,3,A_steiner,1520.0,3,179.26074886895,2,71.33990300017149
kudamatsu,64,4,A_steiner,1520.0,3,176.8514309859873,2,71.33990300017149
kudamatsu,64,5,A_steiner,1520.0,3,176.8514309859873,2,71.33990300017149
kudamatsu,64,6,B_incremental,1520.0,3,176.8514309859873,2,71.33990300017149
kudamatsu,64,7,B_incremental,1520.0,3,176.8514309859873,2,71.33990300017149
kudamatsu,64,8,B_incremental,1520.0,3,176.8514309859873,2,71.33990300017149
kudamatsu,64,9,B_incremental,1520.0,3,176.8514309859873,2,71.33990300017149
kudamatsu,64,10,B_incremental,1520.0,3,176.8514309859873,2,71.33990300017149
kudamatsu,64,11,B_incremental,1520.0,3,176.8514309859873,2,71.33990300017149
kudamatsu,65,0,A_steiner,1438.0,5,285.42096678869575,5,262.2986358972665
kudamatsu,65,1,A_steiner,1438.0,5,285.42096678869575,5,262.2986358972665
kudamatsu,65,2,A_steiner,1438.0,5,285.42096678869575,5,262.2986358972665
kudamatsu,65,3,A_steiner,1438.0,5,285.42096678869575,5,262.2986358972665
kudamatsu,65,4,A_steiner,1438.0,5,285.42096678869575,5,262.2986358972665
kudamatsu,65,5,A_steiner,1438.0,5,285.42096678869575,5,262.2986358972665
kudamatsu,65,6,B_incremental,1438.0,5,285.42096678869575,5,262.2986358972665
kudamatsu,65,7,B_incremental,1438.0,5,285.4209667886957,5,262.2986358972665
kudamatsu,65,8,B_incremental,1438.0,5,285.42096678869575,5,262.2986358972665
kudamatsu,65,9,B_incremental,1438.0,5,285.42096678869575,5,262.2986358972665
kudamatsu,65,10,B_incremental,1438.0,5,285.4209667886957,5,262.2986358972665
kudamatsu,65,11,B_incremental,1438.0,5,285.4209667886957,5,262.2986358972665
kudamatsu,66,0,A_steiner,1803.0,6,304.9378735764371,4,79.5211579550479
kudamatsu,66,1,A_steiner,1803.0,6,304.9378735764371,4,79.5211579550479
kudamatsu,66,2,A_steiner,1803.0,6,304.9378735764371,4,79.5211579550479
kudamatsu,66,3,A_steiner,1803.0,6,304.9378735764371,4,79.5211579550479
kudamatsu,66,4,A_steiner,1803.0,6,304.9378735764371,4,79.5211579550479
kudamatsu,66,5,A_steiner,1803.0,6,304.9378735764371,4,79.5211579550479
kudamatsu,66,6,B_incremental,1803.0,6,304.9378735764371,4,79.5211579550479
kudamatsu,66,7,B_incremental,1803.0,6,304.9378735764371,4,79.5211579550479
kudamatsu,66,8,B_incremental,1803.0,6,304.9378735764371,4,79.5211579550479
kudamatsu,66,9,B_incremental,1803.0,6,304.9378735764371,4,79.5211579550479
kudamatsu,66,10,B_incremental,1803.0,6,304.9378735764371,4,79.5211579550479
kudamatsu,66,11,B_incremental,1803.0,6,304.9378735764371,4,79.5211579550479
kudamatsu,67,0,A_steiner,1163.0,1,23.723112469386624,2,54.03970127967589
kudamatsu,67,1,A_steiner,1163.0,1,23.723112469386624,2,54.03970127967589
kudamatsu,67,2,A_steiner,1163.0,1,23.723112469386624,2,54.03970127967589
kudamatsu,67,3,A_steiner,1163.0,1,23.723112469386624,2,54.03970127967589
kudamatsu,67,4,A_steiner,1163.0,1,23.723112469386624,2,54.03970127967589
kudamatsu,67,5,A_steiner,1163.0,1,23.723112469386624,2,54.03970127967589
kudamatsu,67,6,B_incremental,1163.0,1,23.723112469386624,2,54.03970127967589
kudamatsu,67,7,B_incremental,1163.0,1,23.723112469386624,2,54.03970127967589
kudamatsu,67,8,B_incremental,1163.0,1,23.723112469386624,2,54.03970127967589
kudamatsu,67,9,B_incremental,1163.0,1,23.723112469386624,2,54.03970127967589
kudamatsu,67,10,B_incremental,1163.0,1,23.723112469386624,2,54.03970127967589
kudamatsu,67,11,B_incremental,1163.0,1,23.723112469386624,2,54.03970127967589
kudamatsu,68,0,A_steiner,2391.0,5,1121.3204088960758,2,101.33815477718998
kudamatsu,68,1,A_steiner,2391.0,5,1121.3204088960758,2,101.33815477718998
kudamatsu,68,2,A_steiner,2391.0,5,1121.3204088960758,2,101.33815477718998
kudamatsu,68,3,A_steiner,2391.0,5,1121.3204088960758,2,101.33815477718998
kudamatsu,68,4,A_steiner,2391.0,5,1121.3204088960758,2,101.33815477718998
kudamatsu,68,5,A_steiner,2391.0,5,1121.3204088960758,2,101.33815477718998
kudamatsu,68,6,B_incremental,2391.0,5,1121.320408896076,2,101.33815477718998
kudamatsu,68,7,B_incremental,2391.0,5,1121.320408896076,2,101.33815477718998
kudamatsu,68,8,B_incremental,2391.0,5,1121.320408896076,2,101.33815477718998
kudamatsu,68,9,B_incremental,2391.0,5,1121.320408896076,2,101.33815477718998
kudamatsu,68,10,B_incremental,2391.0,5,1121.320408896076,2,101.33815477718998
kudamatsu,68,11,B_incremental,2391.0,5,1121.320408896076,2,101.33815477718998
kudamatsu,71,0,A_steiner,1316.0,9,530.8827084754337,8,158.91046683607738
kudamatsu,71,1,A_steiner,1316.0,9,530.8827084754337,8,158.91046683607738
kudamatsu,71,2,A_steiner,1316.0,9,530.8827084754337,8,158.91046683607738
kudamatsu,71,3,A_steiner,1316.0,9,530.8827084754337,8,158.91046683607738
kudamatsu,71,4,A_steiner,1316.0,9,530.8827084754337,8,158.91046683607738
kudamatsu,71,5,A_steiner,1316.0,9,530.8827084754337,8,158.91046683607738
kudamatsu,71,6,B_incremental,1316.0,12,725.2761094865446,8,158.91046683607738
kudamatsu,71,7,B_incremental,1316.0,9,530.8827084754336,8,158.91046683607738
kudamatsu,71,8,B_incremental,1316.0,9,530.8827084754336,8,158.91046683607738
kudamatsu,71,9,B_incremental,1316.0,9,530.8827084754336,8,158.91046683607738
kudamatsu,71,10,B_incremental,1316.0,9,530.8827084754336,8,158.91046683607738
kudamatsu,71,11,B_incremental,1316.0,9,530.8827084754337,8,158.91046683607738
kudamatsu,72,0,A_steiner,2037.0,7,740.3608930160092,3,59.10000970610579
kudamatsu,72,1,A_steiner,2037.0,7,740.3608930160092,3,59.10000970610579
kudamatsu,72,2,A_steiner,2037.0,7,740.3608930160092,3,59.10000970610579
kudamatsu,72,3,A_steiner,2037.0,7,740.3608930160092,3,59.10000970610579
kudamatsu,72,4,A_steiner,2037.0,7,740.3608930160092,3,59.10000970610579
kudamatsu,72,5,A_steiner,2037.0,7,740.3608930160092,3,59.10000970610579
kudamatsu,72,6,B_incremental,2037.0,7,740.3608930160094,3,59.10000970610579
kudamatsu,72,7,B_incremental,2037.0,7,740.3608930160092,3,59.10000970610579
kudamatsu,72,8,B_incremental,2037.0,7,740.3608930160092,3,59.10000970610579
kudamatsu,72,9,B_incremental,2037.0,7,740.3608930160094,3,59.10000970610579
kudamatsu,72,10,B_incremental,2037.0,7,740.3608930160094,3,59.10000970610579
kudamatsu,72,11,B_incremental,2037.0,7,740.3608930160092,3,59.10000970610579
kudamatsu,73,0,A_steiner,2889.0,7,548.6360683926729,5,280.88414136264896
kudamatsu,73,1,A_steiner,2889.0,7,548.6360683926729,5,280.88414136264896
kudamatsu,73,2,A_steiner,2889.0,7,548.6360683926728,5,280.88414136264896
kudamatsu,73,3,A_steiner,2889.0,7,548.6360683926728,5,280.88414136264896
kudamatsu,73,4,A_steiner,2889.0,7,548.6360683926729,5,280.88414136264896
kudamatsu,73,5,A_steiner,2889.0,7,548.6360683926729,5,280.88414136264896
kudamatsu,73,6,B_incremental,2889.0,8,560.9389285806246,5,280.88414136264896
kudamatsu,73,7,B_incremental,2889.0,7,548.6360683926729,5,280.88414136264896
kudamatsu,73,8,B_incremental,2889.0,8,560.9389285806245,5,280.88414136264896
kudamatsu,73,9,B_incremental,2889.0,8,560.9389285806246,5,280.88414136264896
kudamatsu,73,10,B_incremental,2889.0,8,560.9389285806245,5,280.88414136264896
kudamatsu,73,11,B_incremental,2889.0,7,548.6360683926728,5,280.88414136264896
kudamatsu,74,0,A_steiner,2038.0,7,440.8907162348463,4,33.27269225080122
kudamatsu,74,1,A_steiner,2038.0,7,440.8907162348463,4,33.27269225080122
kudamatsu,74,2,A_steiner,2038.0,7,440.8907162348463,4,33.27269225080122
kudamatsu,74,3,A_steiner,2038.0,7,440.8907162348463,4,33.27269225080122
kudamatsu,74,4,A_steiner,2038.0,7,440.8907162348463,4,33.27269225080122
kudamatsu,74,5,A_steiner,2038.0,7,440.8907162348463,4,33.27269225080122
kudamatsu,74,6,B_incremental,2038.0,7,440.89071623484637,4,33.27269225080122
kudamatsu,74,7,B_incremental,2038.0,7,440.89071623484637,4,33.27269225080122
kudamatsu,74,8,B_incremental,2038.0,7,440.89071623484637,4,33.27269225080122
kudamatsu,74,9,B_incremental,2038.0,7,440.8907162348463,4,33.27269225080122
kudamatsu,74,10,B_incremental,2038.0,7,440.89071623484637,4,33.27269225080122
kudamatsu,74,11,B_incremental,2038.0,7,440.89071623484637,4,33.27269225080122
kudamatsu,75,0,A_steiner,1464.0,1,18.95985337360672,2,152.038569362205
kudamatsu,75,1,A_steiner,1464.0,1,18.95985337360672,2,152.038569362205
kudamatsu,75,2,A_steiner,1464.0,1,18.95985337360672,2,152.038569362205
kudamatsu,75,3,A_steiner,1464.0,1,18.95985337360672,2,152.038569362205
kudamatsu,75,4,A_steiner,1464.0,1,18.95985337360672,2,152.038569362205
kudamatsu,75,5,A_steiner,1464.0,1,18.95985337360672,2,152.038569362205
kudamatsu,75,6,B_incremental,1464.0,1,18.95985337360672,2,152.038569362205
kudamatsu,75,7,B_incremental,1464.0,1,18.95985337360672,2,152.038569362205
kudamatsu,75,8,B_incremental,1464.0,1,18.95985337360672,2,152.038569362205
kudamatsu,75,9,B_incremental,1464.0,1,18.95985337360672,2,152.038569362205
kudamatsu,75,10,B_incremental,1464.0,1,18.95985337360672,2,152.038569362205
kudamatsu,75,11,B_incremental,1464.0,1,18.95985337360672,2,152.038569362205
kudamatsu,76,0,A_steiner,1364.0,10,401.12425825343445,7,65.20185509252727
kudamatsu,76,1,A_steiner,1364.0,10,401.12425825343445,7,65.20185509252727
kudamatsu,76,2,A_steiner,1364.0,9,363.0597439126678,7,65.20185509252727
kudamatsu,76,3,A_steiner,1364.0,9,363.0597439126678,7,65.20185509252727
kudamatsu,76,4,A_steiner,1364.0,9,363.0597439126678,7,65.20185509252727
kudamatsu,76,5,A_steiner,1364.0,9,363.0597439126678,7,65.20185509252727
kudamatsu,76,6,B_incremental,1364.0,9,363.0597439126677,7,65.20185509252727
kudamatsu,76,7,B_incremental,1364.0,10,401.1242582534344,7,65.20185509252727
kudamatsu,76,8,B_incremental,1364.0,10,401.1242582534344,7,65.20185509252727
kudamatsu,76,9,B_incremental,1364.0,10,401.1242582534344,7,65.20185509252727
kudamatsu,76,10,B_incremental,1364.0,10,401.1242582534344,7,65.20185509252727
kudamatsu,76,11,B_incremental,1364.0,9,363.0597439126677,7,65.20185509252727
yasu,0,0,A_steiner,1707.0,7,609.9784456812438,4,136.55082837183076
yasu,0,1,A_steiner,1707.0,7,609.9784456812438,4,136.55082837183076
yasu,0,2,A_steiner,1707.0,7,609.9784456812438,4,136.55082837183076
yasu,0,3,A_steiner,1707.0,7,609.9784456812438,4,136.55082837183076
yasu,0,4,A_steiner,1707.0,7,609.9784456812438,4,136.55082837183076
yasu,0,5,A_steiner,1707.0,7,609.9784456812438,4,136.55082837183076
yasu,0,6,B_incremental,1707.0,7,609.9784456812438,4,136.55082837183076
yasu,0,7,B_incremental,1707.0,7,609.9784456812438,4,136.55082837183076
yasu,0,8,B_incremental,1707.0,7,641.8635652548495,4,136.55082837183076
yasu,0,9,B_incremental,1707.0,7,641.8635652548495,4,136.55082837183076
yasu,0,10,B_incremental,1707.0,7,609.9784456812438,4,136.55082837183076
yasu,0,11,B_incremental,1707.0,7,641.8635652548495,4,136.55082837183076
yasu,1,0,A_steiner,480.0,1,312.35642614304965,2,120.74713735497357
yasu,1,1,A_steiner,480.0,1,312.35642614304965,2,120.74713735497357
yasu,1,2,A_steiner,480.0,1,312.35642614304965,2,120.74713735497357
yasu,1,3,A_steiner,480.0,1,312.35642614304965,2,120.74713735497357
yasu,1,4,A_steiner,480.0,1,312.35642614304965,2,120.74713735497357
yasu,1,5,A_steiner,480.0,1,312.35642614304965,2,120.74713735497357
yasu,1,6,B_incremental,480.0,1,312.35642614304965,2,120.74713735497357
yasu,1,7,B_incremental,480.0,1,312.35642614304965,2,120.74713735497357
yasu,1,8,B_incremental,480.0,1,312.35642614304965,2,120.74713735497357
yasu,1,9,B_incremental,480.0,1,312.35642614304965,2,120.74713735497357
yasu,1,10,B_incremental,480.0,1,312.35642614304965,2,120.74713735497357
yasu,1,11,B_incremental,480.0,1,312.35642614304965,2,120.74713735497357
yasu,2,0,A_steiner,2013.0,3,208.90008203485775,4,94.49909318385781
yasu,2,1,A_steiner,2013.0,3,208.90008203485775,4,94.49909318385781
yasu,2,2,A_steiner,2013.0,3,208.90008203485775,4,94.49909318385781
yasu,2,3,A_steiner,2013.0,3,208.90008203485775,4,94.49909318385781
yasu,2,4,A_steiner,2013.0,3,208.90008203485775,4,94.49909318385781
yasu,2,5,A_steiner,2013.0,3,208.90008203485775,4,94.49909318385781
yasu,2,6,B_incremental,2013.0,3,208.90008203485775,4,94.49909318385781
yasu,2,7,B_incremental,2013.0,3,208.90008203485775,4,94.49909318385781
yasu,2,8,B_incremental,2013.0,4,221.81964199773705,4,94.49909318385781
yasu,2,9,B_incremental,2013.0,3,208.90008203485775,4,94.49909318385781
yasu,2,10,B_incremental,2013.0,4,221.81964199773705,4,94.49909318385781
yasu,2,11,B_incremental,2013.0,4,221.81964199773705,4,94.49909318385781
yasu,3,0,A_steiner,456.0,3,98.61080301842844,4,82.48100555789617
yasu,3,1,A_steiner,456.0,3,98.61080301842844,4,82.48100555789617
yasu,3,2,A_steiner,456.0,3,98.61080301842844,4,82.48100555789617
yasu,3,3,A_steiner,456.0,3,98.61080301842844,4,82.48100555789617
yasu,3,4,A_steiner,456.0,3,98.61080301842844,4,82.48100555789617
yasu,3,5,A_steiner,456.0,3,98.61080301842844,4,82.48100555789617
yasu,3,6,B_incremental,456.0,3,98.61080301842844,4,82.48100555789617
yasu,3,7,B_incremental,456.0,3,98.61080301842844,4,82.48100555789617
yasu,3,8,B_incremental,456.0,3,98.61080301842844,4,82.48100555789617
yasu,3,9,B_incremental,456.0,3,98.61080301842844,4,82.48100555789617
yasu,3,10,B_incremental,456.0,3,98.61080301842846,4,82.48100555789617
yasu,3,11,B_incremental,456.0,3,98.61080301842844,4,82.48100555789617
yasu,4,0,A_steiner,570.0,2,61.85816485077876,3,181.6545721398947
yasu,4,1,A_steiner,570.0,2,61.85816485077876,3,181.6545721398947
yasu,4,2,A_steiner,570.0,2,61.85816485077876,3,181.6545721398947
yasu,4,3,A_steiner,570.0,2,61.85816485077876,3,181.6545721398947
yasu,4,4,A_steiner,570.0,2,61.85816485077876,3,181.6545721398947
yasu,4,5,A_steiner,570.0,2,61.85816485077876,3,181.6545721398947
yasu,4,6,B_incremental,570.0,2,61.85816485077876,3,181.6545721398947
yasu,4,7,B_incremental,570.0,2,61.85816485077876,3,181.6545721398947
yasu,4,8,B_incremental,570.0,2,61.85816485077876,3,181.6545721398947
yasu,4,9,B_incremental,570.0,2,61.85816485077876,3,181.6545721398947
yasu,4,10,B_incremental,570.0,2,61.85816485077876,3,181.6545721398947
yasu,4,11,B_incremental,570.0,2,61.85816485077876,3,181.6545721398947
yasu,5,0,A_steiner,1288.0,6,251.70228313774717,6,250.53130083218542
yasu,5,1,A_steiner,1288.0,6,251.70228313774717,6,250.53130083218542
yasu,5,2,A_steiner,1288.0,6,251.70228313774717,6,250.53130083218542
yasu,5,3,A_steiner,1288.0,6,251.70228313774717,6,250.53130083218542
yasu,5,4,A_steiner,1288.0,6,251.70228313774717,6,250.53130083218542
yasu,5,5,A_steiner,1288.0,6,251.70228313774717,6,250.53130083218542
yasu,5,6,B_incremental,1288.0,6,255.11436280472202,6,250.53130083218542
yasu,5,7,B_incremental,1288.0,6,251.70228313774717,6,250.53130083218542
yasu,5,8,B_incremental,1288.0,6,255.11436280472202,6,250.53130083218542
yasu,5,9,B_incremental,1288.0,6,251.70228313774717,6,250.53130083218542
yasu,5,10,B_incremental,1288.0,6,255.11436280472202,6,250.53130083218542
yasu,5,11,B_incremental,1288.0,6,255.11436280472202,6,250.53130083218542
yasu,6,0,A_steiner,2403.0,7,341.2891827995675,2,24.97523298303878
yasu,6,1,A_steiner,2403.0,7,341.2891827995675,2,24.97523298303878
yasu,6,2,A_steiner,2403.0,7,341.2891827995675,2,24.97523298303878
yasu,6,3,A_steiner,2403.0,7,341.2891827995675,2,24.97523298303878
yasu,6,4,A_steiner,2403.0,7,341.2891827995675,2,24.97523298303878
yasu,6,5,A_steiner,2403.0,7,341.2891827995675,2,24.97523298303878
yasu,6,6,B_incremental,2403.0,7,341.2891827995675,2,24.97523298303878
yasu,6,7,B_incremental,2403.0,7,341.2891827995675,2,24.97523298303878
yasu,6,8,B_incremental,2403.0,7,341.2891827995675,2,24.97523298303878
yasu,6,9,B_incremental,2403.0,7,341.2891827995675,2,24.97523298303878
yasu,6,10,B_incremental,2403.0,7,341.2891827995675,2,24.97523298303878
yasu,6,11,B_incremental,2403.0,7,341.2891827995675,2,24.97523298303878
yasu,7,0,A_steiner,587.0,1,113.202674001275,2,100.75175859192461
yasu,7,1,A_steiner,587.0,1,113.202674001275,2,100.75175859192461
yasu,7,2,A_steiner,587.0,1,113.202674001275,2,100.75175859192461
yasu,7,3,A_steiner,587.0,1,113.202674001275,2,100.75175859192461
yasu,7,4,A_steiner,587.0,1,113.202674001275,2,100.75175859192461
yasu,7,5,A_steiner,587.0,1,113.202674001275,2,100.75175859192461
yasu,7,6,B_incremental,587.0,1,113.202674001275,2,100.75175859192461
yasu,7,7,B_incremental,587.0,1,113.202674001275,2,100.75175859192461
yasu,7,8,B_incremental,587.0,1,113.202674001275,2,100.75175859192461
yasu,7,9,B_incremental,587.0,1,113.202674001275,2,100.75175859192461
yasu,7,10,B_incremental,587.0,1,113.202674001275,2,100.75175859192461
yasu,7,11,B_incremental,587.0,1,113.202674001275,2,100.75175859192461
yasu,8,0,A_steiner,446.0,6,754.0812140044378,4,163.37705580836825
yasu,8,1,A_steiner,446.0,6,754.0812140044378,4,163.37705580836825
yasu,8,2,A_steiner,446.0,6,754.0812140044378,4,163.37705580836825
yasu,8,3,A_steiner,446.0,6,754.0812140044378,4,163.37705580836825
yasu,8,4,A_steiner,446.0,6,754.0812140044378,4,163.37705580836825
yasu,8,5,A_steiner,446.0,6,754.0812140044378,4,163.37705580836825
yasu,8,6,B_incremental,446.0,6,808.5274431529309,4,163.37705580836825
yasu,8,7,B_incremental,446.0,6,754.0812140044378,4,163.37705580836825
yasu,8,8,B_incremental,446.0,6,808.5274431529309,4,163.37705580836825
yasu,8,9,B_incremental,446.0,6,808.5274431529309,4,163.37705580836825
yasu,8,10,B_incremental,446.0,6,808.5274431529309,4,163.37705580836825
yasu,8,11,B_incremental,446.0,6,808.5274431529309,4,163.37705580836825
yasu,9,0,A_steiner,2098.0,2,313.2352018555689,2,73.68212666524624
yasu,9,1,A_steiner,2098.0,2,313.2352018555689,2,73.68212666524624
yasu,9,2,A_steiner,2098.0,2,313.2352018555689,2,73.68212666524624
yasu,9,3,A_steiner,2098.0,2,313.2352018555689,2,73.68212666524624
yasu,9,4,A_steiner,2098.0,2,313.2352018555689,2,73.68212666524624
yasu,9,5,A_steiner,2098.0,2,313.2352018555689,2,73.68212666524624
yasu,9,6,B_incremental,2098.0,2,313.2352018555689,2,73.68212666524624
yasu,9,7,B_incremental,2098.0,2,313.2352018555689,2,73.68212666524624
yasu,9,8,B_incremental,2098.0,2,313.2352018555689,2,73.68212666524624
yasu,9,9,B_incremental,2098.0,2,313.2352018555689,2,73.68212666524624
yasu,9,10,B_incremental,2098.0,2,313.2352018555689,2,73.68212666524624
yasu,9,11,B_incremental,2098.0,2,313.2352018555689,2,73.68212666524624
yasu,10,0,A_steiner,1724.0,5,236.64630819625813,6,138.83138738609887
yasu,10,1,A_steiner,1724.0,5,236.64630819625813,6,138.83138738609887
yasu,10,2,A_steiner,1724.0,5,236.64630819625813,6,138.83138738609887
yasu,10,3,A_steiner,1724.0,5,236.64630819625813,6,138.83138738609887
yasu,10,4,A_steiner,1724.0,5,236.64630819625813,6,138.83138738609887
yasu,10,5,A_steiner,1724.0,5,236.64630819625813,6,138.83138738609887
yasu,10,6,B_incremental,1724.0,5,236.6463081962581,6,138.83138738609887
yasu,10,7,B_incremental,1724.0,5,236.64630819625813,6,138.83138738609887
yasu,10,8,B_incremental,1724.0,5,236.6463081962581,6,138.83138738609887
yasu,10,9,B_incremental,1724.0,7,314.56043400557604,6,138.83138738609887
yasu,10,10,B_incremental,1724.0,5,236.64630819625813,6,138.83138738609887
yasu,10,11,B_incremental,1724.0,5,236.6463081962581,6,138.83138738609887
yasu,11,0,A_steiner,1645.0,2,58.5381049479075,3,54.349885112262335
yasu,11,1,A_steiner,1645.0,2,58.5381049479075,3,54.349885112262335
yasu,11,2,A_steiner,1645.0,2,58.5381049479075,3,54.349885112262335
yasu,11,3,A_steiner,1645.0,2,58.5381049479075,3,54.349885112262335
yasu,11,4,A_steiner,1645.0,2,58.5381049479075,3,54.349885112262335
yasu,11,5,A_steiner,1645.0,2,58.5381049479075,3,54.349885112262335
yasu,11,6,B_incremental,1645.0,2,58.5381049479075,3,54.349885112262335
yasu,11,7,B_incremental,1645.0,2,58.5381049479075,3,54.349885112262335
yasu,11,8,B_incremental,1645.0,2,58.5381049479075,3,54.349885112262335
yasu,11,9,B_incremental,1645.0,2,58.5381049479075,3,54.349885112262335
yasu,11,10,B_incremental,1645.0,2,58.5381049479075,3,54.349885112262335
yasu,11,11,B_incremental,1645.0,2,58.5381049479075,3,54.349885112262335
yasu,12,0,A_steiner,1654.0,4,106.12230345928253,5,178.1381366376104
yasu,12,1,A_steiner,1654.0,4,106.12230345928253,5,178.1381366376104
yasu,12,2,A_steiner,1654.0,4,106.12230345928253,5,178.1381366376104
yasu,12,3,A_steiner,1654.0,4,106.12230345928253,5,178.1381366376104
yasu,12,4,A_steiner,1654.0,4,106.12230345928253,5,178.1381366376104
yasu,12,5,A_steiner,1654.0,4,106.12230345928253,5,178.1381366376104
yasu,12,6,B_incremental,1654.0,4,106.12230345928253,5,178.1381366376104
yasu,12,7,B_incremental,1654.0,4,106.12230345928253,5,178.1381366376104
yasu,12,8,B_incremental,1654.0,4,106.12230345928253,5,178.1381366376104
yasu,12,9,B_incremental,1654.0,4,106.12230345928253,5,178.1381366376104
yasu,12,10,B_incremental,1654.0,4,106.12230345928253,5,178.1381366376104
yasu,12,11,B_incremental,1654.0,4,106.12230345928253,5,178.1381366376104
yasu,13,0,A_steiner,2482.0,3,211.0431314594823,3,221.92231235396662
yasu,13,1,A_steiner,2482.0,3,211.0431314594823,3,221.92231235396662
yasu,13,2,A_steiner,2482.0,3,211.0431314594823,3,221.92231235396662
yasu,13,3,A_steiner,2482.0,3,211.0431314594823,3,221.92231235396662
yasu,13,4,A_steiner,2482.0,3,211.0431314594823,3,221.92231235396662
yasu,13,5,A_steiner,2482.0,3,211.0431314594823,3,221.92231235396662
yasu,13,6,B_incremental,2482.0,3,211.0431314594823,3,221.92231235396662
yasu,13,7,B_incremental,2482.0,3,211.0431314594823,3,221.92231235396662
yasu,13,8,B_incremental,2482.0,3,211.0431314594823,3,221.92231235396662
yasu,13,9,B_incremental,2482.0,3,211.0431314594823,3,221.92231235396662
yasu,13,10,B_incremental,2482.0,3,211.0431314594823,3,221.92231235396662
yasu,13,11,B_incremental,2482.0,3,211.0431314594823,3,221.92231235396662
yasu,14,0,A_steiner,558.0,3,171.17999119566542,3,48.539498999616015
yasu,14,1,A_steiner,558.0,3,171.17999119566542,3,48.539498999616015
yasu,14,2,A_steiner,558.0,3,171.17999119566542,3,48.539498999616015
yasu,14,3,A_steiner,558.0,3,171.17999119566542,3,48.539498999616015
yasu,14,4,A_steiner,558.0,3,171.17999119566542,3,48.539498999616015
yasu,14,5,A_steiner,558.0,3,171.17999119566542,3,48.539498999616015
yasu,14,6,B_incremental,558.0,3,171.17999119566542,3,48.539498999616015
yasu,14,7,B_incremental,558.0,3,171.1799911956654,3,48.539498999616015
yasu,14,8,B_incremental,558.0,3,171.17999119566542,3,48.539498999616015
yasu,14,9,B_incremental,558.0,3,171.17999119566542,3,48.539498999616015
yasu,14,10,B_incremental,558.0,3,171.17999119566542,3,48.539498999616015
yasu,14,11,B_incremental,558.0,3,171.1799911956654,3,48.539498999616015
yasu,15,0,A_steiner,373.0,1,31.423995335076928,2,170.3790368172793
yasu,15,1,A_steiner,373.0,1,31.423995335076928,2,170.3790368172793
yasu,15,2,A_steiner,373.0,1,31.423995335076928,2,170.3790368172793
yasu,15,3,A_steiner,373.0,1,31.423995335076928,2,170.3790368172793
yasu,15,4,A_steiner,373.0,1,31.423995335076928,2,170.3790368172793
yasu,15,5,A_steiner,373.0,1,31.423995335076928,2,170.3790368172793
yasu,15,6,B_incremental,373.0,1,31.423995335076928,2,170.3790368172793
yasu,15,7,B_incremental,373.0,1,31.423995335076928,2,170.3790368172793
yasu,15,8,B_incremental,373.0,1,31.423995335076928,2,170.3790368172793
yasu,15,9,B_incremental,373.0,1,31.423995335076928,2,170.3790368172793
yasu,15,10,B_incremental,373.0,1,31.423995335076928,2,170.3790368172793
yasu,15,11,B_incremental,373.0,1,31.423995335076928,2,170.3790368172793
yasu,16,0,A_steiner,1456.0,3,124.82724265044484,4,192.09594570173257
yasu,16,1,A_steiner,1456.0,3,124.82724265044484,4,192.09594570173257
yasu,16,2,A_steiner,1456.0,3,124.82724265044484,4,192.09594570173257
yasu,16,3,A_steiner,1456.0,3,124.82724265044484,4,192.09594570173257
yasu,16,4,A_steiner,1456.0,3,124.82724265044484,4,192.09594570173257
yasu,16,5,A_steiner,1456.0,3,124.82724265044484,4,192.09594570173257
yasu,16,6,B_incremental,1456.0,3,124.82724265044484,4,192.09594570173257
yasu,16,7,B_incremental,1456.0,3,124.82724265044484,4,192.09594570173257
yasu,16,8,B_incremental,1456.0,3,136.65644032143038,4,192.09594570173257
yasu,16,9,B_incremental,1456.0,3,124.82724265044484,4,192.09594570173257
yasu,16,10,B_incremental,1456.0,3,124.82724265044484,4,192.09594570173257
yasu,16,11,B_incremental,1456.0,3,136.6564403214304,4,192.09594570173257
yasu,17,0,A_steiner,343.0,7,382.4119306274007,6,421.04954192707135
yasu,17,1,A_steiner,343.0,7,382.4119306274007,6,421.04954192707135
yasu,17,2,A_steiner,343.0,7,382.4119306274007,6,421.04954192707135
yasu,17,3,A_steiner,343.0,7,382.4119306274007,6,421.04954192707135
yasu,17,4,A_steiner,343.0,7,382.4119306274007,6,421.04954192707135
yasu,17,5,A_steiner,343.0,7,382.4119306274007,6,421.04954192707135
yasu,17,6,B_incremental,343.0,7,382.4119306274008,6,421.04954192707135
yasu,17,7,B_incremental,343.0,6,355.255933396587,6,421.04954192707135
yasu,17,8,B_incremental,343.0,6,355.255933396587,6,421.04954192707135
yasu,17,9,B_incremental,343.0,7,382.4119306274008,6,421.04954192707135
yasu,17,10,B_incremental,343.0,6,355.255933396587,6,421.04954192707135
yasu,17,11,B_incremental,343.0,7,382.4119306274008,6,421.04954192707135
yasu,19,0,A_steiner,565.0,5,294.85295854952415,6,184.718887756867
yasu,19,1,A_steiner,565.0,5,294.85295854952415,6,184.718887756867
yasu,19,2,A_steiner,565.0,5,294.85295854952415,6,184.718887756867
yasu,19,3,A_steiner,565.0,5,294.85295854952415,6,184.718887756867
yasu,19,4,A_steiner,565.0,5,294.85295854952415,6,184.718887756867
yasu,19,5,A_steiner,565.0,5,294.85295854952415,6,184.718887756867
yasu,19,6,B_incremental,565.0,5,294.85295854952415,6,184.718887756867
yasu,19,7,B_incremental,565.0,5,294.85295854952415,6,184.718887756867
yasu,19,8,B_incremental,565.0,5,294.8529585495241,6,184.718887756867
yasu,19,9,B_incremental,565.0,5,294.85295854952415,6,184.718887756867
yasu,19,10,B_incremental,565.0,5,294.8529585495241,6,184.718887756867
yasu,19,11,B_incremental,565.0,5,294.8529585495241,6,184.718887756867
yasu,20,0,A_steiner,1838.0,1,42.066309999489,2,35.156078718519844
yasu,20,1,A_steiner,1838.0,1,42.066309999489,2,35.156078718519844
yasu,20,2,A_steiner,1838.0,1,42.066309999489,2,35.156078718519844
yasu,20,3,A_steiner,1838.0,1,42.066309999489,2,35.156078718519844
yasu,20,4,A_steiner,1838.0,1,42.066309999489,2,35.156078718519844
yasu,20,5,A_steiner,1838.0,1,42.066309999489,2,35.156078718519844
yasu,20,6,B_incremental,1838.0,1,42.066309999489,2,35.156078718519844
yasu,20,7,B_incremental,1838.0,1,42.066309999489,2,35.156078718519844
yasu,20,8,B_incremental,1838.0,1,42.066309999489,2,35.156078718519844
yasu,20,9,B_incremental,1838.0,1,42.066309999489,2,35.156078718519844
yasu,20,10,B_incremental,1838.0,1,42.066309999489,2,35.156078718519844
yasu,20,11,B_incremental,1838.0,1,42.066309999489,2,35.156078718519844
yasu,21,0,A_steiner,1607.0,6,177.38858330295457,7,180.50971319430369
yasu,21,1,A_steiner,1607.0,6,177.38858330295457,7,180.50971319430369
yasu,21,2,A_steiner,1607.0,6,177.38858330295457,7,180.50971319430369
yasu,21,3,A_steiner,1607.0,6,177.38858330295457,7,180.50971319430369
yasu,21,4,A_steiner,1607.0,6,177.38858330295457,7,180.50971319430369
yasu,21,5,A_steiner,1607.0,6,177.38858330295457,7,180.50971319430369
yasu,21,6,B_incremental,1607.0,6,191.09832533490678,7,180.50971319430369
yasu,21,7,B_incremental,1607.0,6,191.0983253349068,7,180.50971319430369
yasu,21,8,B_incremental,1607.0,6,177.3885833029546,7,180.50971319430369
yasu,21,9,B_incremental,1607.0,6,177.38858330295457,7,180.50971319430369
yasu,21,10,B_incremental,1607.0,6,177.38858330295457,7,180.50971319430369
yasu,21,11,B_incremental,1607.0,6,191.0983253349068,7,180.50971319430369
yasu,23,0,A_steiner,419.0,1,65.17103106604547,2,73.1516173360136
yasu,23,1,A_steiner,419.0,1,65.17103106604547,2,73.1516173360136
yasu,23,2,A_steiner,419.0,1,65.17103106604547,2,73.1516173360136
yasu,23,3,A_steiner,419.0,1,65.17103106604547,2,73.1516173360136
yasu,23,4,A_steiner,419.0,1,65.17103106604547,2,73.1516173360136
yasu,23,5,A_steiner,419.0,1,65.17103106604547,2,73.1516173360136
yasu,23,6,B_incremental,419.0,1,65.17103106604547,2,73.1516173360136
yasu,23,7,B_incremental,419.0,1,65.17103106604547,2,73.1516173360136
yasu,23,8,B_incremental,419.0,1,65.17103106604547,2,73.1516173360136
yasu,23,9,B_incremental,419.0,1,65.17103106604547,2,73.1516173360136
yasu,23,10,B_incremental,419.0,1,65.17103106604547,2,73.1516173360136
yasu,23,11,B_incremental,419.0,1,65.17103106604547,2,73.1516173360136
yasu,24,0,A_steiner,1701.0,5,166.14799784595624,4,57.868611095789376
yasu,24,1,A_steiner,1701.0,5,166.14799784595624,4,57.868611095789376
yasu,24,2,A_steiner,1701.0,5,166.14799784595624,4,57.868611095789376
yasu,24,3,A_steiner,1701.0,5,166.14799784595624,4,57.868611095789376
yasu,24,4,A_steiner,1701.0,5,166.14799784595624,4,57.868611095789376
yasu,24,5,A_steiner,1701.0,5,166.14799784595624,4,57.868611095789376
yasu,24,6,B_incremental,1701.0,5,166.14799784595624,4,57.868611095789376
yasu,24,7,B_incremental,1701.0,5,166.14799784595624,4,57.868611095789376
yasu,24,8,B_incremental,1701.0,5,166.14799784595624,4,57.868611095789376
yasu,24,9,B_incremental,1701.0,5,166.14799784595627,4,57.868611095789376
yasu,24,10,B_incremental,1701.0,5,166.14799784595624,4,57.868611095789376
yasu,24,11,B_incremental,1701.0,5,166.14799784595624,4,57.868611095789376
yasu,25,0,A_steiner,515.0,2,53.386525978761284,3,93.13165406016736
yasu,25,1,A_steiner,515.0,2,53.386525978761284,3,93.13165406016736
yasu,25,2,A_steiner,515.0,2,53.386525978761284,3,93.13165406016736
yasu,25,3,A_steiner,515.0,2,53.386525978761284,3,93.13165406016736
yasu,25,4,A_steiner,515.0,2,53.386525978761284,3,93.13165406016736
yasu,25,5,A_steiner,515.0,2,53.386525978761284,3,93.13165406016736
yasu,25,6,B_incremental,515.0,2,53.386525978761284,3,93.13165406016736
yasu,25,7,B_incremental,515.0,2,53.386525978761284,3,93.13165406016736
yasu,25,8,B_incremental,515.0,2,53.386525978761284,3,93.13165406016736
yasu,25,9,B_incremental,515.0,2,53.386525978761284,3,93.13165406016736
yasu,25,10,B_incremental,515.0,2,53.386525978761284,3,93.13165406016736
yasu,25,11,B_incremental,515.0,2,53.386525978761284,3,93.13165406016736
yasu,26,0,A_steiner,225.0,4,240.3059945312025,4,128.4525893431682
yasu,26,1,A_steiner,225.0,4,240.3059945312025,4,128.4525893431682
yasu,26,2,A_steiner,225.0,4,240.3059945312025,4,128.4525893431682
yasu,26,3,A_steiner,225.0,4,240.3059945312025,4,128.4525893431682
yasu,26,4,A_steiner,225.0,4,240.3059945312025,4,128.4525893431682
yasu,26,5,A_steiner,225.0,4,240.3059945312025,4,128.4525893431682
yasu,26,6,B_incremental,225.0,4,240.3059945312025,4,128.4525893431682
yasu,26,7,B_incremental,225.0,4,240.30599453120246,4,128.4525893431682
yasu,26,8,B_incremental,225.0,4,240.30599453120246,4,128.4525893431682
yasu,26,9,B_incremental,225.0,4,240.3059945312025,4,128.4525893431682
yasu,26,10,B_incremental,225.0,4,240.30599453120246,4,128.4525893431682
yasu,26,11,B_incremental,225.0,4,240.3059945312025,4,128.4525893431682
yasu,27,0,A_steiner,467.0,7,256.26112063711713,8,232.32344077797777
yasu,27,1,A_steiner,467.0,7,256.26112063711713,8,232.32344077797777
yasu,27,2,A_steiner,467.0,7,260.20070508894645,8,232.32344077797777
yasu,27,3,A_steiner,467.0,7,260.20070508894645,8,232.32344077797777
yasu,27,4,A_steiner,467.0,7,256.26112063711713,8,232.32344077797777
yasu,27,5,A_steiner,467.0,7,256.26112063711713,8,232.32344077797777
yasu,27,6,B_incremental,467.0,7,256.26112063711713,8,232.32344077797777
yasu,27,7,B_incremental,467.0,7,256.26112063711713,8,232.32344077797777
yasu,27,8,B_incremental,467.0,7,256.26112063711713,8,232.32344077797777
yasu,27,9,B_incremental,467.0,7,256.26112063711713,8,232.32344077797777
yasu,27,10,B_incremental,467.0,7,256.26112063711713,8,232.32344077797777
yasu,27,11,B_incremental,467.0,7,263.26818403315065,8,232.32344077797777
yasu,28,0,A_steiner,523.0,3,160.13733740601862,3,157.12689632439228
yasu,28,1,A_steiner,523.0,3,160.13733740601862,3,157.12689632439228
yasu,28,2,A_steiner,523.0,3,160.13733740601862,3,157.12689632439228
yasu,28,3,A_steiner,523.0,3,160.13733740601862,3,157.12689632439228
yasu,28,4,A_steiner,523.0,3,160.13733740601862,3,157.12689632439228
yasu,28,5,A_steiner,523.0,3,160.13733740601862,3,157.12689632439228
yasu,28,6,B_incremental,523.0,3,160.13733740601862,3,157.12689632439228
yasu,28,7,B_incremental,523.0,3,160.13733740601862,3,157.12689632439228
yasu,28,8,B_incremental,523.0,3,160.13733740601862,3,157.12689632439228
yasu,28,9,B_incremental,523.0,3,160.13733740601862,3,157.12689632439228
yasu,28,10,B_incremental,523.0,3,160.13733740601862,3,157.12689632439228
yasu,28,11,B_incremental,523.0,3,160.13733740601862,3,157.12689632439228
yasu,29,0,A_steiner,1452.0,1,184.47538858896672,2,154.3472149348442
yasu,29,1,A_steiner,1452.0,1,184.47538858896672,2,154.3472149348442
yasu,29,2,A_steiner,1452.0,1,184.47538858896672,2,154.3472149348442
yasu,29,3,A_steiner,1452.0,1,184.47538858896672,2,154.3472149348442
yasu,29,4,A_steiner,1452.0,1,184.47538858896672,2,154.3472149348442
yasu,29,5,A_steiner,1452.0,1,184.47538858896672,2,154.3472149348442
yasu,29,6,B_incremental,1452.0,1,184.47538858896672,2,154.3472149348442
yasu,29,7,B_incremental,1452.0,1,184.47538858896672,2,154.3472149348442
yasu,29,8,B_incremental,1452.0,1,184.47538858896672,2,154.3472149348442
yasu,29,9,B_incremental,1452.0,1,184.47538858896672,2,154.3472149348442
yasu,29,10,B_incremental,1452.0,1,184.47538858896672,2,154.3472149348442
yasu,29,11,B_incremental,1452.0,1,184.47538858896672,2,154.3472149348442
yasu,30,0,A_steiner,365.0,5,257.1834490224645,4,187.79871326185338
yasu,30,1,A_steiner,365.0,5,257.1834490224645,4,187.79871326185338
yasu,30,2,A_steiner,365.0,5,257.1834490224645,4,187.79871326185338
yasu,30,3,A_steiner,365.0,5,257.1834490224645,4,187.79871326185338
yasu,30,4,A_steiner,365.0,5,257.1834490224645,4,187.79871326185338
yasu,30,5,A_steiner,365.0,5,257.1834490224645,4,187.79871326185338
yasu,30,6,B_incremental,365.0,6,311.25388645953586,4,187.79871326185338
yasu,30,7,B_incremental,365.0,5,257.1834490224645,4,187.79871326185338
yasu,30,8,B_incremental,365.0,5,257.1834490224645,4,187.79871326185338
yasu,30,9,B_incremental,365.0,6,311.25388645953586,4,187.79871326185338
yasu,30,10,B_incremental,365.0,5,257.1834490224645,4,187.79871326185338
yasu,30,11,B_incremental,365.0,5,257.1834490224645,4,187.79871326185338
yasu,31,0,A_steiner,1729.0,5,173.8046442256818,6,151.1883107357019
yasu,31,1,A_steiner,1729.0,5,173.8046442256818,6,151.1883107357019
yasu,31,2,A_steiner,1729.0,5,173.8046442256818,6,151.1883107357019
yasu,31,3,A_steiner,1729.0,5,173.8046442256818,6,151.1883107357019
yasu,31,4,A_steiner,1729.0,5,173.8046442256818,6,151.1883107357019
yasu,31,5,A_steiner,1729.0,5,173.8046442256818,6,151.1883107357019
yasu,31,6,B_incremental,1729.0,5,173.8046442256818,6,151.1883107357019
yasu,31,7,B_incremental,1729.0,5,173.8046442256818,6,151.1883107357019
yasu,31,8,B_incremental,1729.0,5,173.8046442256818,6,151.1883107357019
yasu,31,9,B_incremental,1729.0,5,173.8046442256818,6,151.1883107357019
yasu,31,10,B_incremental,1729.0,5,173.8046442256818,6,151.1883107357019
yasu,31,11,B_incremental,1729.0,5,173.8046442256818,6,151.1883107357019
yasu,32,0,A_steiner,1655.0,3,77.24047759943295,4,113.03733744737487
yasu,32,1,A_steiner,1655.0,3,77.24047759943295,4,113.03733744737487
yasu,32,2,A_steiner,1655.0,3,77.24047759943295,4,113.03733744737487
yasu,32,3,A_steiner,1655.0,3,77.24047759943295,4,113.03733744737487
yasu,32,4,A_steiner,1655.0,3,77.24047759943295,4,113.03733744737487
yasu,32,5,A_steiner,1655.0,3,77.24047759943295,4,113.03733744737487
yasu,32,6,B_incremental,1655.0,3,77.24047759943295,4,113.03733744737487
yasu,32,7,B_incremental,1655.0,3,77.24047759943295,4,113.03733744737487
yasu,32,8,B_incremental,1655.0,3,77.24047759943295,4,113.03733744737487
yasu,32,9,B_incremental,1655.0,3,77.24047759943295,4,113.03733744737487
yasu,32,10,B_incremental,1655.0,3,77.24047759943295,4,113.03733744737487
yasu,32,11,B_incremental,1655.0,3,77.24047759943295,4,113.03733744737487
yasu,33,0,A_steiner,1726.0,2,147.66636765222876,3,136.0061936496553
yasu,33,1,A_steiner,1726.0,2,147.66636765222876,3,136.0061936496553
yasu,33,2,A_steiner,1726.0,2,147.66636765222876,3,136.0061936496553
yasu,33,3,A_steiner,1726.0,2,147.66636765222876,3,136.0061936496553
yasu,33,4,A_steiner,1726.0,2,147.66636765222876,3,136.0061936496553
yasu,33,5,A_steiner,1726.0,2,147.66636765222876,3,136.0061936496553
yasu,33,6,B_incremental,1726.0,2,147.66636765222876,3,136.0061936496553
yasu,33,7,B_incremental,1726.0,2,147.66636765222876,3,136.0061936496553
yasu,33,8,B_incremental,1726.0,2,147.66636765222876,3,136.0061936496553
yasu,33,9,B_incremental,1726.0,2,147.66636765222876,3,136.0061936496553
yasu,33,10,B_incremental,1726.0,2,147.66636765222876,3,136.0061936496553
yasu,33,11,B_incremental,1726.0,2,147.66636765222876,3,136.0061936496553
yasu,34,0,A_steiner,581.0,9,764.9138921502142,5,378.1253169487473
yasu,34,1,A_steiner,581.0,9,764.9138921502142,5,378.1253169487473
yasu,34,2,A_steiner,581.0,9,764.9138921502142,5,378.1253169487473
yasu,34,3,A_steiner,581.0,9,764.9138921502142,5,378.1253169487473
yasu,34,4,A_steiner,581.0,9,764.9138921502142,5,378.1253169487473
yasu,34,5,A_steiner,581.0,9,764.9138921502142,5,378.1253169487473
yasu,34,6,B_incremental,581.0,7,798.400944498245,5,378.1253169487473
yasu,34,7,B_incremental,581.0,9,764.9138921502142,5,378.1253169487473
yasu,34,8,B_incremental,581.0,7,798.400944498245,5,378.1253169487473
yasu,34,9,B_incremental,581.0,9,764.9138921502141,5,378.1253169487473
yasu,34,10,B_incremental,581.0,7,798.400944498245,5,378.1253169487473
yasu,34,11,B_incremental,581.0,7,798.400944498245,5,378.1253169487473
yasu,35,0,A_steiner,1648.0,3,115.5666107518567,4,109.21264020111136
yasu,35,1,A_steiner,1648.0,3,115.5666107518567,4,109.21264020111136
yasu,35,2,A_steiner,1648.0,3,115.5666107518567,4,109.21264020111136
yasu,35,3,A_steiner,1648.0,3,115.5666107518567,4,109.21264020111136
yasu,35,4,A_steiner,1648.0,3,115.5666107518567,4,109.21264020111136
yasu,35,5,A_steiner,1648.0,3,115.5666107518567,4,109.21264020111136
yasu,35,6,B_incremental,1648.0,3,115.5666107518567,4,109.21264020111136
yasu,35,7,B_incremental,1648.0,3,115.5666107518567,4,109.21264020111136
yasu,35,8,B_incremental,1648.0,3,115.5666107518567,4,109.21264020111136
yasu,35,9,B_incremental,1648.0,3,115.5666107518567,4,109.21264020111136
yasu,35,10,B_incremental,1648.0,3,115.5666107518567,4,109.21264020111136
yasu,35,11,B_incremental,1648.0,3,115.5666107518567,4,109.21264020111136
yasu,36,0,A_steiner,1617.0,2,53.63482427750834,3,121.84236170287924
yasu,36,1,A_steiner,1617.0,2,53.63482427750834,3,121.84236170287924
yasu,36,2,A_steiner,1617.0,2,53.63482427750834,3,121.84236170287924
yasu,36,3,A_steiner,1617.0,2,53.63482427750834,3,121.84236170287924
yasu,36,4,A_steiner,1617.0,2,53.63482427750834,3,121.84236170287924
yasu,36,5,A_steiner,1617.0,2,53.63482427750834,3,121.84236170287924
yasu,36,6,B_incremental,1617.0,2,53.63482427750834,3,121.84236170287924
yasu,36,7,B_incremental,1617.0,2,53.63482427750834,3,121.84236170287924
yasu,36,8,B_incremental,1617.0,2,53.63482427750834,3,121.84236170287924
yasu,36,9,B_incremental,1617.0,2,53.63482427750834,3,121.84236170287924
yasu,36,10,B_incremental,1617.0,2,53.63482427750834,3,121.84236170287924
yasu,36,11,B_incremental,1617.0,2,53.63482427750834,3,121.84236170287924
yasu,37,0,A_steiner,1950.0,4,101.08776564003853,5,95.16127191340658
yasu,37,1,A_steiner,1950.0,4,101.08776564003853,5,95.16127191340658
yasu,37,2,A_steiner,1950.0,4,101.08776564003853,5,95.16127191340658
yasu,37,3,A_steiner,1950.0,4,101.08776564003853,5,95.16127191340658
yasu,37,4,A_steiner,1950.0,4,101.08776564003853,5,95.16127191340658
yasu,37,5,A_steiner,1950.0,4,101.08776564003853,5,95.16127191340658
yasu,37,6,B_incremental,1950.0,4,101.08776564003853,5,95.16127191340658
yasu,37,7,B_incremental,1950.0,4,101.08776564003853,5,95.16127191340658
yasu,37,8,B_incremental,1950.0,4,101.08776564003853,5,95.16127191340658
yasu,37,9,B_incremental,1950.0,4,101.08776564003853,5,95.16127191340658
yasu,37,10,B_incremental,1950.0,4,101.08776564003853,5,95.16127191340658
yasu,37,11,B_incremental,1950.0,4,101.08776564003853,5,95.16127191340658
yasu,38,0,A_steiner,1640.0,4,81.23720356779775,5,110.37467116778909
yasu,38,1,A_steiner,1640.0,4,81.23720356779775,5,110.37467116778909
yasu,38,2,A_steiner,1640.0,4,81.23720356779775,5,110.37467116778909
yasu,38,3,A_steiner,1640.0,4,81.23720356779775,5,110.37467116778909
yasu,38,4,A_steiner,1640.0,4,81.23720356779775,5,110.37467116778909
yasu,38,5,A_steiner,1640.0,4,81.23720356779775,5,110.37467116778909
yasu,38,6,B_incremental,1640.0,4,81.23720356779776,5,110.37467116778909
yasu,38,7,B_incremental,1640.0,4,81.23720356779776,5,110.37467116778909
yasu,38,8,B_incremental,1640.0,4,81.23720356779775,5,110.37467116778909
yasu,38,9,B_incremental,1640.0,4,81.23720356779776,5,110.37467116778909
yasu,38,10,B_incremental,1640.0,4,81.23720356779775,5,110.37467116778909
yasu,38,11,B_incremental,1640.0,4,81.23720356779775,5,110.37467116778909
yasu,40,0,A_steiner,523.0,2,97.83215540446514,3,87.60202215669379
yasu,40,1,A_steiner,523.0,2,97.83215540446514,3,87.60202215669379
yasu,40,2,A_steiner,523.0,2,97.83215540446514,3,87.60202215669379
yasu,40,3,A_steiner,523.0,2,97.83215540446514,3,87.60202215669379
yasu,40,4,A_steiner,523.0,2,97.83215540446514,3,87.60202215669379
yasu,40,5,A_steiner,523.0,2,97.83215540446514,3,87.60202215669379
yasu,40,6,B_incremental,523.0,2,97.83215540446514,3,87.60202215669379
yasu,40,7,B_incremental,523.0,2,97.83215540446514,3,87.60202215669379
yasu,40,8,B_incremental,523.0,2,97.83215540446514,3,87.60202215669379
yasu,40,9,B_incremental,523.0,2,97.83215540446514,3,87.60202215669379
yasu,40,10,B_incremental,523.0,2,97.83215540446514,3,87.60202215669379
yasu,40,11,B_incremental,523.0,2,97.83215540446514,3,87.60202215669379
yasu,42,0,A_steiner,2630.0,1,54.08002666229964,2,189.82589825284325
yasu,42,1,A_steiner,2630.0,1,54.08002666229964,2,189.82589825284325
yasu,42,2,A_steiner,2630.0,1,54.08002666229964,2,189.82589825284325
yasu,42,3,A_steiner,2630.0,1,54.08002666229964,2,189.82589825284325
yasu,42,4,A_steiner,2630.0,1,54.08002666229964,2,189.82589825284325
yasu,42,5,A_steiner,2630.0,1,54.08002666229964,2,189.82589825284325
yasu,42,6,B_incremental,2630.0,1,54.08002666229964,2,189.82589825284325
yasu,42,7,B_incremental,2630.0,1,54.08002666229964,2,189.82589825284325
yasu,42,8,B_incremental,2630.0,1,54.08002666229964,2,189.82589825284325
yasu,42,9,B_incremental,2630.0,1,54.08002666229964,2,189.82589825284325
yasu,42,10,B_incremental,2630.0,1,54.08002666229964,2,189.82589825284325
yasu,42,11,B_incremental,2630.0,1,54.08002666229964,2,189.82589825284325
yasu,43,0,A_steiner,347.0,3,297.9084385254199,4,213.91447787703157
yasu,43,1,A_steiner,347.0,3,297.9084385254199,4,213.91447787703157
yasu,43,2,A_steiner,347.0,3,297.9084385254199,4,213.91447787703157
yasu,43,3,A_steiner,347.0,3,297.9084385254199,4,213.91447787703157
yasu,43,4,A_steiner,347.0,3,297.9084385254199,4,213.91447787703157
yasu,43,5,A_steiner,347.0,3,297.9084385254199,4,213.91447787703157
yasu,43,6,B_incremental,347.0,3,297.9084385254199,4,213.91447787703157
yasu,43,7,B_incremental,347.0,3,297.9084385254199,4,213.91447787703157
yasu,43,8,B_incremental,347.0,3,297.9084385254199,4,213.91447787703157
yasu,43,9,B_incremental,347.0,3,297.9084385254199,4,213.91447787703157
yasu,43,10,B_incremental,347.0,3,297.9084385254199,4,213.91447787703157
yasu,43,11,B_incremental,347.0,3,297.9084385254199,4,213.91447787703157
yasu,44,0,A_steiner,485.0,2,71.99711352509404,3,117.15029615115841
yasu,44,1,A_steiner,485.0,2,71.99711352509404,3,117.15029615115841
yasu,44,2,A_steiner,485.0,2,71.99711352509404,3,117.15029615115841
yasu,44,3,A_steiner,485.0,2,71.99711352509404,3,117.15029615115841
yasu,44,4,A_steiner,485.0,2,71.99711352509404,3,117.15029615115841
yasu,44,5,A_steiner,485.0,2,71.99711352509404,3,117.15029615115841
yasu,44,6,B_incremental,485.0,2,71.99711352509404,3,117.15029615115841
yasu,44,7,B_incremental,485.0,2,71.99711352509404,3,117.15029615115841
yasu,44,8,B_incremental,485.0,2,71.99711352509404,3,117.15029615115841
yasu,44,9,B_incremental,485.0,2,71.99711352509404,3,117.15029615115841
yasu,44,10,B_incremental,485.0,2,71.99711352509404,3,117.15029615115841
yasu,44,11,B_incremental,485.0,2,71.99711352509404,3,117.15029615115841
yasu,45,0,A_steiner,444.0,1,32.405679812588666,2,43.84578253128489
yasu,45,1,A_steiner,444.0,1,32.405679812588666,2,43.84578253128489
yasu,45,2,A_steiner,444.0,1,32.405679812588666,2,43.84578253128489
yasu,45,3,A_steiner,444.0,1,32.405679812588666,2,43.84578253128489
yasu,45,4,A_steiner,444.0,1,32.405679812588666,2,43.84578253128489
yasu,45,5,A_steiner,444.0,1,32.405679812588666,2,43.84578253128489
yasu,45,6,B_incremental,444.0,1,32.405679812588666,2,43.84578253128489
yasu,45,7,B_incremental,444.0,1,32.405679812588666,2,43.84578253128489
yasu,45,8,B_incremental,444.0,1,32.405679812588666,2,43.84578253128489
yasu,45,9,B_incremental,444.0,1,32.405679812588666,2,43.84578253128489
yasu,45,10,B_incremental,444.0,1,32.405679812588666,2,43.84578253128489
yasu,45,11,B_incremental,444.0,1,32.405679812588666,2,43.84578253128489
yasu,46,0,A_steiner,484.0,10,565.1629863519605,5,105.35876988867699
yasu,46,1,A_steiner,484.0,10,565.1629863519605,5,105.35876988867699
yasu,46,2,A_steiner,484.0,10,565.1629863519605,5,105.35876988867699
yasu,46,3,A_steiner,484.0,10,565.1629863519605,5,105.35876988867699
yasu,46,4,A_steiner,484.0,10,565.1629863519605,5,105.35876988867699
yasu,46,5,A_steiner,484.0,10,565.1629863519605,5,105.35876988867699
yasu,46,6,B_incremental,484.0,10,565.1629863519605,5,105.35876988867699
yasu,46,7,B_incremental,484.0,10,565.1629863519605,5,105.35876988867699
yasu,46,8,B_incremental,484.0,8,575.3976303132359,5,105.35876988867699
yasu,46,9,B_incremental,484.0,8,575.3976303132359,5,105.35876988867699
yasu,46,10,B_incremental,484.0,10,565.1629863519605,5,105.35876988867699
yasu,46,11,B_incremental,484.0,10,565.1629863519605,5,105.35876988867699
yasu,47,0,A_steiner,434.0,6,392.6246233760122,4,234.25391968668006
yasu,47,1,A_steiner,434.0,6,392.6246233760122,4,234.25391968668006
yasu,47,2,A_steiner,434.0,6,392.6246233760122,4,234.25391968668006
yasu,47,3,A_steiner,434.0,6,392.6246233760122,4,234.25391968668006
yasu,47,4,A_steiner,434.0,6,392.6246233760122,4,234.25391968668006
yasu,47,5,A_steiner,434.0,6,392.6246233760122,4,234.25391968668006
yasu,47,6,B_incremental,434.0,6,392.6246233760122,4,234.25391968668006
yasu,47,7,B_incremental,434.0,6,392.62462337601227,4,234.25391968668006
yasu,47,8,B_incremental,434.0,6,392.6246233760123,4,234.25391968668006
yasu,47,9,B_incremental,434.0,6,392.6246233760123,4,234.25391968668006
yasu,47,10,B_incremental,434.0,6,392.6246233760123,4,234.25391968668006
yasu,47,11,B_incremental,434.0,6,392.6246233760123,4,234.25391968668006
yasu,48,0,A_steiner,550.0,6,234.22654170198354,7,370.5906147977919
yasu,48,1,A_steiner,550.0,6,234.22654170198354,7,370.5906147977919
yasu,48,2,A_steiner,550.0,6,234.22654170198354,7,370.5906147977919
yasu,48,3,A_steiner,550.0,6,234.22654170198354,7,370.5906147977919
yasu,48,4,A_steiner,550.0,6,234.22654170198354,7,370.5906147977919
yasu,48,5,A_steiner,550.0,6,234.22654170198354,7,370.5906147977919
yasu,48,6,B_incremental,550.0,6,234.22654170198354,7,370.5906147977919
yasu,48,7,B_incremental,550.0,6,234.22654170198354,7,370.5906147977919
yasu,48,8,B_incremental,550.0,6,234.22654170198356,7,370.5906147977919
yasu,48,9,B_incremental,550.0,6,234.22654170198354,7,370.5906147977919
yasu,48,10,B_incremental,550.0,6,234.22654170198356,7,370.5906147977919
yasu,48,11,B_incremental,550.0,6,234.22654170198354,7,370.5906147977919
yasu,49,0,A_steiner,476.0,2,61.02717818068801,3,75.81264491472771
yasu,49,1,A_steiner,476.0,2,61.02717818068801,3,75.81264491472771
yasu,49,2,A_steiner,476.0,2,61.02717818068801,3,75.81264491472771
yasu,49,3,A_steiner,476.0,2,61.02717818068801,3,75.81264491472771
yasu,49,4,A_steiner,476.0,2,61.02717818068801,3,75.81264491472771
yasu,49,5,A_steiner,476.0,2,61.02717818068801,3,75.81264491472771
yasu,49,6,B_incremental,476.0,2,61.02717818068801,3,75.81264491472771
yasu,49,7,B_incremental,476.0,2,61.02717818068801,3,75.81264491472771
yasu,49,8,B_incremental,476.0,2,61.02717818068801,3,75.81264491472771
yasu,49,9,B_incremental,476.0,2,61.02717818068801,3,75.81264491472771
yasu,49,10,B_incremental,476.0,2,61.02717818068801,3,75.81264491472771
yasu,49,11,B_incremental,476.0,2,61.02717818068801,3,75.81264491472771
yasu,50,0,A_steiner,2286.0,5,442.5981234935688,3,60.39500988076734
yasu,50,1,A_steiner,2286.0,5,442.5981234935688,3,60.39500988076734
yasu,50,2,A_steiner,2286.0,5,442.5981234935688,3,60.39500988076734
yasu,50,3,A_steiner,2286.0,5,442.5981234935688,3,60.39500988076734
yasu,50,4,A_steiner,2286.0,5,442.5981234935688,3,60.39500988076734
yasu,50,5,A_steiner,2286.0,5,442.5981234935688,3,60.39500988076734
yasu,50,6,B_incremental,2286.0,5,442.5981234935688,3,60.39500988076734
yasu,50,7,B_incremental,2286.0,5,442.5981234935688,3,60.39500988076734
yasu,50,8,B_incremental,2286.0,5,442.5981234935688,3,60.39500988076734
yasu,50,9,B_incremental,2286.0,5,442.5981234935688,3,60.39500988076734
yasu,50,10,B_incremental,2286.0,5,442.5981234935688,3,60.39500988076734
yasu,50,11,B_incremental,2286.0,6,534.17602827457,3,60.39500988076734
yasu,51,0,A_steiner,1434.0,4,105.5596367948068,5,139.95341455610765
yasu,51,1,A_steiner,1434.0,4,105.5596367948068,5,139.95341455610765
yasu,51,2,A_steiner,1434.0,4,105.5596367948068,5,139.95341455610765
yasu,51,3,A_steiner,1434.0,4,105.5596367948068,5,139.95341455610765
yasu,51,4,A_steiner,1434.0,4,105.5596367948068,5,139.95341455610765
yasu,51,5,A_steiner,1434.0,4,105.5596367948068,5,139.95341455610765
yasu,51,6,B_incremental,1434.0,4,105.5596367948068,5,139.95341455610765
yasu,51,7,B_incremental,1434.0,4,105.5596367948068,5,139.95341455610765
yasu,51,8,B_incremental,1434.0,4,105.5596367948068,5,139.95341455610765
yasu,51,9,B_incremental,1434.0,4,105.5596367948068,5,139.95341455610765
yasu,51,10,B_incremental,1434.0,4,105.5596367948068,5,139.95341455610765
yasu,51,11,B_incremental,1434.0,4,105.5596367948068,5,139.95341455610765
yasu,52,0,A_steiner,1653.0,5,122.60248830615771,4,96.34331559104659
yasu,52,1,A_steiner,1653.0,5,122.60248830615772,4,96.34331559104659
yasu,52,2,A_steiner,1653.0,5,122.60248830615772,4,96.34331559104659
yasu,52,3,A_steiner,1653.0,5,122.60248830615772,4,96.34331559104659
yasu,52,4,A_steiner,1653.0,5,122.60248830615772,4,96.34331559104659
yasu,52,5,A_steiner,1653.0,5,122.60248830615772,4,96.34331559104659
yasu,52,6,B_incremental,1653.0,5,122.60248830615772,4,96.34331559104659
yasu,52,7,B_incremental,1653.0,5,122.60248830615771,4,96.34331559104659
yasu,52,8,B_incremental,1653.0,5,122.60248830615772,4,96.34331559104659
yasu,52,9,B_incremental,1653.0,5,122.60248830615772,4,96.34331559104659
yasu,52,10,B_incremental,1653.0,5,122.60248830615772,4,96.34331559104659
yasu,52,11,B_incremental,1653.0,5,122.60248830615772,4,96.34331559104659
yasu,54,0,A_steiner,1433.0,1,36.538374027327,2,84.53372447327561
yasu,54,1,A_steiner,1433.0,1,36.538374027327,2,84.53372447327561
yasu,54,2,A_steiner,1433.0,1,36.538374027327,2,84.53372447327561
yasu,54,3,A_steiner,1433.0,1,36.538374027327,2,84.53372447327561
yasu,54,4,A_steiner,1433.0,1,36.538374027327,2,84.53372447327561
yasu,54,5,A_steiner,1433.0,1,36.538374027327,2,84.53372447327561
yasu,54,6,B_incremental,1433.0,1,36.538374027327,2,84.53372447327561
yasu,54,7,B_incremental,1433.0,1,36.538374027327,2,84.53372447327561
yasu,54,8,B_incremental,1433.0,1,36.538374027327,2,84.53372447327561
yasu,54,9,B_incremental,1433.0,1,36.538374027327,2,84.53372447327561
yasu,54,10,B_incremental,1433.0,1,36.538374027327,2,84.53372447327561
yasu,54,11,B_incremental,1433.0,1,36.538374027327,2,84.53372447327561
yasu,56,0,A_steiner,1686.0,3,96.21906438897538,3,144.9718269449818
yasu,56,1,A_steiner,1686.0,3,96.21906438897538,3,144.9718269449818
yasu,56,2,A_steiner,1686.0,3,96.21906438897538,3,144.9718269449818
yasu,56,3,A_steiner,1686.0,3,96.21906438897538,3,144.9718269449818
yasu,56,4,A_steiner,1686.0,3,96.21906438897538,3,144.9718269449818
yasu,56,5,A_steiner,1686.0,3,96.21906438897538,3,144.9718269449818
yasu,56,6,B_incremental,1686.0,3,96.21906438897537,3,144.9718269449818
yasu,56,7,B_incremental,1686.0,3,96.21906438897537,3,144.9718269449818
yasu,56,8,B_incremental,1686.0,3,96.21906438897537,3,144.9718269449818
yasu,56,9,B_incremental,1686.0,3,96.21906438897537,3,144.9718269449818
yasu,56,10,B_incremental,1686.0,3,96.21906438897537,3,144.9718269449818
yasu,56,11,B_incremental,1686.0,3,96.21906438897537,3,144.9718269449818
yasu,57,0,A_steiner,1432.0,1,37.84981615633017,2,103.34480935500136
yasu,57,1,A_steiner,1432.0,1,37.84981615633017,2,103.34480935500136
yasu,57,2,A_steiner,1432.0,1,37.84981615633017,2,103.34480935500136
yasu,57,3,A_steiner,1432.0,1,37.84981615633017,2,103.34480935500136
yasu,57,4,A_steiner,1432.0,1,37.84981615633017,2,103.34480935500136
yasu,57,5,A_steiner,1432.0,1,37.84981615633017,2,103.34480935500136
yasu,57,6,B_incremental,1432.0,1,37.84981615633017,2,103.34480935500136
yasu,57,7,B_incremental,1432.0,1,37.84981615633017,2,103.34480935500136
yasu,57,8,B_incremental,1432.0,1,37.84981615633017,2,103.34480935500136
yasu,57,9,B_incremental,1432.0,1,37.84981615633017,2,103.34480935500136
yasu,57,10,B_incremental,1432.0,1,37.84981615633017,2,103.34480935500136
yasu,57,11,B_incremental,1432.0,1,37.84981615633017,2,103.34480935500136
yasu,58,0,A_steiner,1828.0,3,103.02759031190072,4,123.94831930969345
yasu,58,1,A_steiner,1828.0,3,103.02759031190072,4,123.94831930969345
yasu,58,2,A_steiner,1828.0,3,103.02759031190072,4,123.94831930969345
yasu,58,3,A_steiner,1828.0,3,103.02759031190072,4,123.94831930969345
yasu,58,4,A_steiner,1828.0,3,103.02759031190072,4,123.94831930969345
yasu,58,5,A_steiner,1828.0,3,103.02759031190072,4,123.94831930969345
yasu,58,6,B_incremental,1828.0,3,103.02759031190072,4,123.94831930969345
yasu,58,7,B_incremental,1828.0,3,103.02759031190072,4,123.94831930969345
yasu,58,8,B_incremental,1828.0,3,103.02759031190072,4,123.94831930969345
yasu,58,9,B_incremental,1828.0,3,103.02759031190072,4,123.94831930969345
yasu,58,10,B_incremental,1828.0,3,103.02759031190072,4,123.94831930969345
yasu,58,11,B_incremental,1828.0,3,103.02759031190072,4,123.94831930969345
yasu,59,0,A_steiner,259.0,3,253.8669247478329,4,109.7122376845781
yasu,59,1,A_steiner,259.0,3,253.8669247478329,4,109.7122376845781
yasu,59,2,A_steiner,259.0,3,253.8669247478329,4,109.7122376845781
yasu,59,3,A_steiner,259.0,3,253.8669247478329,4,109.7122376845781
yasu,59,4,A_steiner,259.0,3,253.8669247478329,4,109.7122376845781
yasu,59,5,A_steiner,259.0,3,253.8669247478329,4,109.7122376845781
yasu,59,6,B_incremental,259.0,3,253.86692474783294,4,109.7122376845781
yasu,59,7,B_incremental,259.0,3,253.8669247478329,4,109.7122376845781
yasu,59,8,B_incremental,259.0,3,253.86692474783294,4,109.7122376845781
yasu,59,9,B_incremental,259.0,3,253.86692474783294,4,109.7122376845781
yasu,59,10,B_incremental,259.0,3,253.86692474783294,4,109.7122376845781
yasu,59,11,B_incremental,259.0,3,253.8669247478329,4,109.7122376845781
yasu,60,0,A_steiner,1639.0,1,29.494774811579514,2,33.850126481139135
yasu,60,1,A_steiner,1639.0,1,29.494774811579514,2,33.850126481139135
yasu,60,2,A_steiner,1639.0,1,29.494774811579514,2,33.850126481139135
yasu,60,3,A_steiner,1639.0,1,29.494774811579514,2,33.850126481139135
yasu,60,4,A_steiner,1639.0,1,29.494774811579514,2,33.850126481139135
yasu,60,5,A_steiner,1639.0,1,29.494774811579514,2,33.850126481139135
yasu,60,6,B_incremental,1639.0,1,29.494774811579514,2,33.850126481139135
yasu,60,7,B_incremental,1639.0,1,29.494774811579514,2,33.850126481139135
yasu,60,8,B_incremental,1639.0,1,29.494774811579514,2,33.850126481139135
yasu,60,9,B_incremental,1639.0,1,29.494774811579514,2,33.850126481139135
yasu,60,10,B_incremental,1639.0,1,29.494774811579514,2,33.850126481139135
yasu,60,11,B_incremental,1639.0,1,29.494774811579514,2,33.850126481139135
yasu,62,0,A_steiner,1829.0,2,74.36316677359096,3,217.61376379794046
yasu,62,1,A_steiner,1829.0,2,74.36316677359096,3,217.61376379794046
yasu,62,2,A_steiner,1829.0,2,74.36316677359096,3,217.61376379794046
yasu,62,3,A_steiner,1829.0,2,74.36316677359096,3,217.61376379794046
yasu,62,4,A_steiner,1829.0,2,74.36316677359096,3,217.61376379794046
yasu,62,5,A_steiner,1829.0,2,74.36316677359096,3,217.61376379794046
yasu,62,6,B_incremental,1829.0,2,74.36316677359096,3,217.61376379794046
yasu,62,7,B_incremental,1829.0,2,74.36316677359096,3,217.61376379794046
yasu,62,8,B_incremental,1829.0,2,74.36316677359096,3,217.61376379794046
yasu,62,9,B_incremental,1829.0,2,74.36316677359096,3,217.61376379794046
yasu,62,10,B_incremental,1829.0,2,74.36316677359096,3,217.61376379794046
yasu,62,11,B_incremental,1829.0,2,74.36316677359096,3,217.61376379794046
yasu,63,0,A_steiner,1608.0,5,103.41619736012211,6,196.0833780689846
yasu,63,1,A_steiner,1608.0,5,103.41619736012211,6,196.0833780689846
yasu,63,2,A_steiner,1608.0,5,103.41619736012211,6,196.0833780689846
yasu,63,3,A_steiner,1608.0,5,103.41619736012211,6,196.0833780689846
yasu,63,4,A_steiner,1608.0,5,103.41619736012211,6,196.0833780689846
yasu,63,5,A_steiner,1608.0,5,103.41619736012211,6,196.0833780689846
yasu,63,6,B_incremental,1608.0,5,103.41619736012211,6,196.0833780689846
yasu,63,7,B_incremental,1608.0,5,103.41619736012211,6,196.0833780689846
yasu,63,8,B_incremental,1608.0,5,103.41619736012211,6,196.0833780689846
yasu,63,9,B_incremental,1608.0,5,103.41619736012211,6,196.0833780689846
yasu,63,10,B_incremental,1608.0,5,103.41619736012211,6,196.0833780689846
yasu,63,11,B_incremental,1608.0,5,103.41619736012211,6,196.0833780689846
yasu,64,0,A_steiner,1730.0,4,154.40735464458263,5,197.23718590776454
yasu,64,1,A_steiner,1730.0,4,154.40735464458263,5,197.23718590776454
yasu,64,2,A_steiner,1730.0,4,154.40735464458263,5,197.23718590776454
yasu,64,3,A_steiner,1730.0,4,154.40735464458263,5,197.23718590776454
yasu,64,4,A_steiner,1730.0,4,154.40735464458263,5,197.23718590776454
yasu,64,5,A_steiner,1730.0,4,154.40735464458263,5,197.23718590776454
yasu,64,6,B_incremental,1730.0,4,154.40735464458263,5,197.23718590776454
yasu,64,7,B_incremental,1730.0,4,154.40735464458265,5,197.23718590776454
yasu,64,8,B_incremental,1730.0,4,154.40735464458263,5,197.23718590776454
yasu,64,9,B_incremental,1730.0,4,154.40735464458263,5,197.23718590776454
yasu,64,10,B_incremental,1730.0,4,154.40735464458263,5,197.23718590776454
yasu,64,11,B_incremental,1730.0,4,154.40735464458265,5,197.23718590776454
yasu,65,0,A_steiner,306.0,7,415.03805157034867,3,45.023448326677624
yasu,65,1,A_steiner,306.0,7,415.03805157034867,3,45.023448326677624
yasu,65,2,A_steiner,306.0,7,415.03805157034867,3,45.023448326677624
yasu,65,3,A_steiner,306.0,7,415.03805157034867,3,45.023448326677624
yasu,65,4,A_steiner,306.0,7,415.03805157034867,3,45.023448326677624
yasu,65,5,A_steiner,306.0,7,415.03805157034867,3,45.023448326677624
yasu,65,6,B_incremental,306.0,7,415.03805157034867,3,45.023448326677624
yasu,65,7,B_incremental,306.0,7,415.03805157034867,3,45.023448326677624
yasu,65,8,B_incremental,306.0,7,415.03805157034856,3,45.023448326677624
yasu,65,9,B_incremental,306.0,7,415.03805157034856,3,45.023448326677624
yasu,65,10,B_incremental,306.0,7,415.03805157034856,3,45.023448326677624
yasu,65,11,B_incremental,306.0,7,415.03805157034856,3,45.023448326677624
yasu,66,0,A_steiner,453.0,4,82.92720593852822,5,32.86914357453813
yasu,66,1,A_steiner,453.0,4,82.92720593852822,5,32.86914357453813
yasu,66,2,A_steiner,453.0,4,82.92720593852822,5,32.86914357453813
yasu,66,3,A_steiner,453.0,4,82.92720593852822,5,32.86914357453813
yasu,66,4,A_steiner,453.0,4,82.92720593852822,5,32.86914357453813
yasu,66,5,A_steiner,453.0,4,82.92720593852822,5,32.86914357453813
yasu,66,6,B_incremental,453.0,4,82.92720593852822,5,32.86914357453813
yasu,66,7,B_incremental,453.0,4,82.92720593852822,5,32.86914357453813
yasu,66,8,B_incremental,453.0,4,82.92720593852822,5,32.86914357453813
yasu,66,9,B_incremental,453.0,4,82.92720593852822,5,32.86914357453813
yasu,66,10,B_incremental,453.0,4,82.92720593852822,5,32.86914357453813
yasu,66,11,B_incremental,453.0,4,82.92720593852822,5,32.86914357453813
yasu,67,0,A_steiner,1839.0,5,245.32450323186652,5,364.5995330411745
yasu,67,1,A_steiner,1839.0,5,245.32450323186652,5,364.5995330411745
yasu,67,2,A_steiner,1839.0,5,245.32450323186652,5,364.5995330411745
yasu,67,3,A_steiner,1839.0,5,245.32450323186652,5,364.5995330411745
yasu,67,4,A_steiner,1839.0,5,245.32450323186652,5,364.5995330411745
yasu,67,5,A_steiner,1839.0,5,245.32450323186652,5,364.5995330411745
yasu,67,6,B_incremental,1839.0,5,245.32450323186652,5,364.5995330411745
yasu,67,7,B_incremental,1839.0,5,245.32450323186652,5,364.5995330411745
yasu,67,8,B_incremental,1839.0,5,245.32450323186652,5,364.5995330411745
yasu,67,9,B_incremental,1839.0,5,245.32450323186652,5,364.5995330411745
yasu,67,10,B_incremental,1839.0,5,245.32450323186652,5,364.5995330411745
yasu,67,11,B_incremental,1839.0,5,245.32450323186652,5,364.5995330411745
yasu,68,0,A_steiner,459.0,7,252.81579845582476,8,279.9153892952973
yasu,68,1,A_steiner,459.0,7,252.81579845582476,8,279.9153892952973
yasu,68,2,A_steiner,459.0,7,252.81579845582476,8,279.9153892952973
yasu,68,3,A_steiner,459.0,7,252.81579845582476,8,279.9153892952973
yasu,68,4,A_steiner,459.0,7,252.81579845582476,8,279.9153892952973
yasu,68,5,A_steiner,459.0,7,252.81579845582476,8,279.9153892952973
yasu,68,6,B_incremental,459.0,7,252.81579845582473,8,279.9153892952973
yasu,68,7,B_incremental,459.0,7,252.81579845582476,8,279.9153892952973
yasu,68,8,B_incremental,459.0,7,252.81579845582476,8,279.9153892952973
yasu,68,9,B_incremental,459.0,7,252.81579845582473,8,279.9153892952973
yasu,68,10,B_incremental,459.0,7,252.81579845582473,8,279.9153892952973
yasu,68,11,B_incremental,459.0,7,252.81579845582476,8,279.9153892952973
yasu,69,0,A_steiner,381.0,4,227.61320269966944,3,199.38809756991458
yasu,69,1,A_steiner,381.0,4,227.61320269966944,3,199.38809756991458
yasu,69,2,A_steiner,381.0,4,227.61320269966944,3,199.38809756991458
yasu,69,3,A_steiner,381.0,4,227.61320269966944,3,199.38809756991458
yasu,69,4,A_steiner,381.0,4,227.61320269966944,3,199.38809756991458
yasu,69,5,A_steiner,381.0,4,227.61320269966944,3,199.38809756991458
yasu,69,6,B_incremental,381.0,4,227.61320269966944,3,199.38809756991458
yasu,69,7,B_incremental,381.0,4,227.61320269966944,3,199.38809756991458
yasu,69,8,B_incremental,381.0,4,227.61320269966944,3,199.38809756991458
yasu,69,9,B_incremental,381.0,4,227.61320269966944,3,199.38809756991458
yasu,69,10,B_incremental,381.0,4,227.61320269966944,3,199.38809756991458
yasu,69,11,B_incremental,381.0,4,227.61320269966944,3,199.38809756991458
yasu,70,0,A_steiner,1636.0,3,84.59292424706636,4,156.40563363444218
yasu,70,1,A_steiner,1636.0,3,84.59292424706636,4,156.40563363444218
yasu,70,2,A_steiner,1636.0,3,84.59292424706636,4,156.40563363444218
yasu,70,3,A_steiner,1636.0,3,84.59292424706636,4,156.40563363444218
yasu,70,4,A_steiner,1636.0,3,84.59292424706636,4,156.40563363444218
yasu,70,5,A_steiner,1636.0,3,84.59292424706636,4,156.40563363444218
yasu,70,6,B_incremental,1636.0,3,84.59292424706636,4,156.40563363444218
yasu,70,7,B_incremental,1636.0,3,84.59292424706636,4,156.40563363444218
yasu,70,8,B_incremental,1636.0,3,84.59292424706636,4,156.40563363444218
yasu,70,9,B_incremental,1636.0,3,84.59292424706636,4,156.40563363444218
yasu,70,10,B_incremental,1636.0,3,84.59292424706636,4,156.40563363444218
yasu,70,11,B_incremental,1636.0,3,84.59292424706636,4,156.40563363444218
yasu,71,0,A_steiner,2285.0,2,125.39890112583538,3,93.23028069762195
yasu,71,1,A_steiner,2285.0,2,125.39890112583538,3,93.23028069762195
yasu,71,2,A_steiner,2285.0,2,125.39890112583538,3,93.23028069762195
yasu,71,3,A_steiner,2285.0,2,125.39890112583538,3,93.23028069762195
yasu,71,4,A_steiner,2285.0,2,125.39890112583538,3,93.23028069762195
yasu,71,5,A_steiner,2285.0,2,125.39890112583538,3,93.23028069762195
yasu,71,6,B_incremental,2285.0,2,125.39890112583538,3,93.23028069762195
yasu,71,7,B_incremental,2285.0,2,125.39890112583538,3,93.23028069762195
yasu,71,8,B_incremental,2285.0,2,125.39890112583538,3,93.23028069762195
yasu,71,9,B_incremental,2285.0,2,125.39890112583538,3,93.23028069762195
yasu,71,10,B_incremental,2285.0,2,125.39890112583538,3,93.23028069762195
yasu,71,11,B_incremental,2285.0,2,125.39890112583538,3,93.23028069762195
yasu,72,0,A_steiner,1830.0,1,38.6469541192584,2,127.28869416773146
yasu,72,1,A_steiner,1830.0,1,38.6469541192584,2,127.28869416773146
yasu,72,2,A_steiner,1830.0,1,38.6469541192584,2,127.28869416773146
yasu,72,3,A_steiner,1830.0,1,38.6469541192584,2,127.28869416773146
yasu,72,4,A_steiner,1830.0,1,38.6469541192584,2,127.28869416773146
yasu,72,5,A_steiner,1830.0,1,38.6469541192584,2,127.28869416773146
yasu,72,6,B_incremental,1830.0,1,38.6469541192584,2,127.28869416773146
yasu,72,7,B_incremental,1830.0,1,38.6469541192584,2,127.28869416773146
yasu,72,8,B_incremental,1830.0,1,38.6469541192584,2,127.28869416773146
yasu,72,9,B_incremental,1830.0,1,38.6469541192584,2,127.28869416773146
yasu,72,10,B_incremental,1830.0,1,38.6469541192584,2,127.28869416773146
yasu,72,11,B_incremental,1830.0,1,38.6469541192584,2,127.28869416773146
yasu,73,0,A_steiner,1644.0,2,118.46828080903195,2,50.23038657622263
yasu,73,1,A_steiner,1644.0,2,118.87886244260844,2,50.23038657622263
yasu,73,2,A_steiner,1644.0,2,118.46828080903195,2,50.23038657622263
yasu,73,3,A_steiner,1644.0,2,118.87886244260844,2,50.23038657622263
yasu,73,4,A_steiner,1644.0,2,118.87886244260844,2,50.23038657622263
yasu,73,5,A_steiner,1644.0,2,118.87886244260844,2,50.23038657622263
yasu,73,6,B_incremental,1644.0,2,118.46828080903195,2,50.23038657622263
yasu,73,7,B_incremental,1644.0,2,118.46828080903195,2,50.23038657622263
yasu,73,8,B_incremental,1644.0,2,118.46828080903195,2,50.23038657622263
yasu,73,9,B_incremental,1644.0,2,118.46828080903195,2,50.23038657622263
yasu,73,10,B_incremental,1644.0,2,118.46828080903195,2,50.23038657622263
yasu,73,11,B_incremental,1644.0,2,118.46828080903195,2,50.23038657622263
yasu,77,0,A_steiner,1743.0,6,192.2882198464393,6,100.66077220121474
yasu,77,1,A_steiner,1743.0,6,192.2882198464393,6,100.66077220121474
yasu,77,2,A_steiner,1743.0,6,192.2882198464393,6,100.66077220121474
yasu,77,3,A_steiner,1743.0,6,192.2882198464393,6,100.66077220121474
yasu,77,4,A_steiner,1743.0,6,192.2882198464393,6,100.66077220121474
yasu,77,5,A_steiner,1743.0,6,192.2882198464393,6,100.66077220121474
yasu,77,6,B_incremental,1743.0,6,192.28821984643932,6,100.66077220121474
yasu,77,7,B_incremental,1743.0,6,192.28821984643932,6,100.66077220121474
yasu,77,8,B_incremental,1743.0,6,192.28821984643932,6,100.66077220121474
yasu,77,9,B_incremental,1743.0,6,192.28821984643932,6,100.66077220121474
yasu,77,10,B_incremental,1743.0,6,192.28821984643932,6,100.66077220121474
yasu,77,11,B_incremental,1743.0,6,192.28821984643932,6,100.66077220121474
yasu,78,0,A_steiner,1841.0,5,104.19990077331286,6,160.9503058294434
yasu,78,1,A_steiner,1841.0,5,104.19990077331286,6,160.9503058294434
yasu,78,2,A_steiner,1841.0,5,104.19990077331286,6,160.9503058294434
yasu,78,3,A_steiner,1841.0,5,104.19990077331286,6,160.9503058294434
yasu,78,4,A_steiner,1841.0,5,104.19990077331286,6,160.9503058294434
yasu,78,5,A_steiner,1841.0,5,104.19990077331286,6,160.9503058294434
yasu,78,6,B_incremental,1841.0,5,104.19990077331286,6,160.9503058294434
yasu,78,7,B_incremental,1841.0,5,104.19990077331288,6,160.9503058294434
yasu,78,8,B_incremental,1841.0,5,106.58128973315858,6,160.9503058294434
yasu,78,9,B_incremental,1841.0,5,106.28633214682348,6,160.9503058294434
yasu,78,10,B_incremental,1841.0,5,106.28633214682348,6,160.9503058294434
yasu,78,11,B_incremental,1841.0,5,104.19990077331286,6,160.9503058294434
yasu,79,0,A_steiner,404.0,4,158.2070974917602,5,139.2605005991335
yasu,79,1,A_steiner,404.0,4,158.2070974917602,5,139.2605005991335
yasu,79,2,A_steiner,404.0,4,158.2070974917602,5,139.2605005991335
yasu,79,3,A_steiner,404.0,4,158.2070974917602,5,139.2605005991335
yasu,79,4,A_steiner,404.0,4,158.2070974917602,5,139.2605005991335
yasu,79,5,A_steiner,404.0,4,158.2070974917602,5,139.2605005991335
yasu,79,6,B_incremental,404.0,4,166.16397877447832,5,139.2605005991335
yasu,79,7,B_incremental,404.0,4,158.2070974917602,5,139.2605005991335
yasu,79,8,B_incremental,404.0,4,166.16397877447832,5,139.2605005991335
yasu,79,9,B_incremental,404.0,4,166.16397877447832,5,139.2605005991335
yasu,79,10,B_incremental,404.0,4,158.2070974917602,5,139.2605005991335
yasu,79,11,B_incremental,404.0,4,158.2070974917602,5,139.2605005991335
yasu,80,0,A_steiner,493.0,1,30.165974282716675,2,87.3158612774265
yasu,80,1,A_steiner,493.0,1,30.165974282716675,2,87.3158612774265
yasu,80,2,A_steiner,493.0,1,30.165974282716675,2,87.3158612774265
yasu,80,3,A_steiner,493.0,1,30.165974282716675,2,87.3158612774265
yasu,80,4,A_steiner,493.0,1,30.165974282716675,2,87.3158612774265
yasu,80,5,A_steiner,493.0,1,30.165974282716675,2,87.3158612774265
yasu,80,6,B_incremental,493.0,1,30.165974282716675,2,87.3158612774265
yasu,80,7,B_incremental,493.0,1,30.165974282716675,2,87.3158612774265
yasu,80,8,B_incremental,493.0,1,30.165974282716675,2,87.3158612774265
yasu,80,9,B_incremental,493.0,1,30.165974282716675,2,87.3158612774265
yasu,80,10,B_incremental,493.0,1,30.165974282716675,2,87.3158612774265
yasu,80,11,B_incremental,493.0,1,30.165974282716675,2,87.3158612774265
yasu,81,0,A_steiner,501.0,2,58.48496836362004,3,42.034310229676436
yasu,81,1,A_steiner,501.0,2,58.48496836362004,3,42.034310229676436
yasu,81,2,A_steiner,501.0,2,58.48496836362004,3,42.034310229676436
yasu,81,3,A_steiner,501.0,2,58.48496836362004,3,42.034310229676436
yasu,81,4,A_steiner,501.0,2,58.48496836362004,3,42.034310229676436
yasu,81,5,A_steiner,501.0,2,58.48496836362004,3,42.034310229676436
yasu,81,6,B_incremental,501.0,2,58.48496836362004,3,42.034310229676436
yasu,81,7,B_incremental,501.0,2,58.48496836362004,3,42.034310229676436
yasu,81,8,B_incremental,501.0,2,58.48496836362004,3,42.034310229676436
yasu,81,9,B_incremental,501.0,2,58.48496836362004,3,42.034310229676436
yasu,81,10,B_incremental,501.0,2,58.48496836362004,3,42.034310229676436
yasu,81,11,B_incremental,501.0,2,58.48496836362004,3,42.034310229676436
yasu,83,0,A_steiner,1632.0,5,210.07863025990756,6,135.64791475957162
yasu,83,1,A_steiner,1632.0,5,210.07863025990756,6,135.64791475957162
yasu,83,2,A_steiner,1632.0,5,210.07863025990756,6,135.64791475957162
yasu,83,3,A_steiner,1632.0,5,210.07863025990756,6,135.64791475957162
yasu,83,4,A_steiner,1632.0,5,210.07863025990756,6,135.64791475957162
yasu,83,5,A_steiner,1632.0,5,210.07863025990756,6,135.64791475957162
yasu,83,6,B_incremental,1632.0,5,210.07863025990756,6,135.64791475957162
yasu,83,7,B_incremental,1632.0,5,210.07863025990758,6,135.64791475957162
yasu,83,8,B_incremental,1632.0,5,210.07863025990758,6,135.64791475957162
yasu,83,9,B_incremental,1632.0,5,210.07863025990758,6,135.64791475957162
yasu,83,10,B_incremental,1632.0,5,210.07863025990756,6,135.64791475957162
yasu,83,11,B_incremental,1632.0,5,210.07863025990758,6,135.64791475957162
yasu,84,0,A_steiner,1827.0,5,399.86043799814877,6,134.0569859320533
yasu,84,1,A_steiner,1827.0,5,399.86043799814877,6,134.0569859320533
yasu,84,2,A_steiner,1827.0,5,399.86043799814877,6,134.0569859320533
yasu,84,3,A_steiner,1827.0,5,399.86043799814877,6,134.0569859320533
yasu,84,4,A_steiner,1827.0,5,399.86043799814877,6,134.0569859320533
yasu,84,5,A_steiner,1827.0,5,399.86043799814877,6,134.0569859320533
yasu,84,6,B_incremental,1827.0,7,491.4337327556183,6,134.0569859320533
yasu,84,7,B_incremental,1827.0,5,399.86043799814877,6,134.0569859320533
yasu,84,8,B_incremental,1827.0,5,399.86043799814877,6,134.0569859320533
yasu,84,9,B_incremental,1827.0,7,545.2392506923422,6,134.0569859320533
yasu,84,10,B_incremental,1827.0,5,399.86043799814877,6,134.0569859320533
yasu,84,11,B_incremental,1827.0,5,399.86043799814877,6,134.0569859320533
yasu,85,0,A_steiner,548.0,4,179.2374321517312,5,258.9494876818573
yasu,85,1,A_steiner,548.0,4,179.2374321517312,5,258.9494876818573
yasu,85,2,A_steiner,548.0,4,179.2374321517312,5,258.9494876818573
yasu,85,3,A_steiner,548.0,4,179.2374321517312,5,258.9494876818573
yasu,85,4,A_steiner,548.0,4,179.2374321517312,5,258.9494876818573
yasu,85,5,A_steiner,548.0,4,179.2374321517312,5,258.9494876818573
yasu,85,6,B_incremental,548.0,4,179.2374321517312,5,258.9494876818573
yasu,85,7,B_incremental,548.0,4,179.2374321517312,5,258.9494876818573
yasu,85,8,B_incremental,548.0,4,179.2374321517312,5,258.9494876818573
yasu,85,9,B_incremental,548.0,4,179.2374321517312,5,258.9494876818573
yasu,85,10,B_incremental,548.0,4,179.2374321517312,5,258.9494876818573
yasu,85,11,B_incremental,548.0,4,179.2374321517312,5,258.9494876818573
