city,cluster,rep,family,src,edges,length_m,terminals
sano,0,0,A_steiner,4407,5,217.20477679053388,6
sano,0,1,A_steiner,4407,5,217.20477679053388,6
sano,0,2,A_steiner,4407,5,217.20477679053388,6
sano,0,3,A_steiner,4407,5,217.20477679053388,6
sano,0,4,A_steiner,4407,5,217.20477679053388,6
sano,0,5,A_steiner,4407,5,217.20477679053388,6
sano,0,6,A_steiner,4407,5,217.20477679053388,6
sano,0,7,A_steiner,4407,5,217.20477679053388,6
sano,0,8,A_steiner,4407,5,217.20477679053388,6
sano,0,9,A_steiner,4407,5,217.20477679053388,6
sano,0,10,A_steiner,4407,5,217.20477679053388,6
sano,0,11,A_steiner,4407,5,217.20477679053388,6
sano,0,12,B_incremental,4407,5,217.20477679053388,6
sano,0,13,B_incremental,4407,5,217.20477679053388,6
sano,0,14,B_incremental,4407,5,217.20477679053388,6
sano,0,15,B_incremental,4407,5,217.20477679053388,6
sano,0,16,B_incremental,4407,5,217.20477679053388,6
sano,0,17,B_incremental,4407,5,217.20477679053388,6
sano,0,18,B_incremental,4407,5,217.20477679053388,6
sano,0,19,B_incremental,4407,5,217.20477679053388,6
sano,0,20,B_incremental,4407,5,217.20477679053388,6
sano,0,21,B_incremental,4407,5,217.20477679053388,6
sano,0,22,B_incremental,4407,5,217.20477679053388,6
sano,0,23,B_incremental,4407,5,217.20477679053388,6
sano,1,0,A_steiner,4638,3,81.54586617401016,4
sano,1,1,A_steiner,4638,3,81.54586617401016,4
sano,1,2,A_steiner,4638,3,81.54586617401016,4
sano,1,3,A_steiner,4638,3,81.54586617401016,4
sano,1,4,A_steiner,4638,3,81.54586617401016,4
sano,1,5,A_steiner,4638,3,81.54586617401016,4
sano,1,6,A_steiner,4638,3,81.54586617401016,4
sano,1,7,A_steiner,4638,3,81.54586617401016,4
sano,1,8,A_steiner,4638,3,81.54586617401016,4
sano,1,9,A_steiner,4638,3,81.54586617401016,4
sano,1,10,A_steiner,4638,3,81.54586617401016,4
sano,1,11,A_steiner,4638,3,81.54586617401016,4
sano,1,12,B_incremental,4638,3,81.54586617401016,4
sano,1,13,B_incremental,4638,3,81.54586617401016,4
sano,1,14,B_incremental,4638,3,81.54586617401016,4
sano,1,15,B_incremental,4638,3,81.54586617401016,4
sano,1,16,B_incremental,4638,3,81.54586617401016,4
sano,1,17,B_incremental,4638,3,81.54586617401016,4
sano,1,18,B_incremental,4638,3,81.54586617401016,4
sano,1,19,B_incremental,4638,3,81.54586617401016,4
sano,1,20,B_incremental,4638,3,81.54586617401016,4
sano,1,21,B_incremental,4638,3,81.54586617401016,4
sano,1,22,B_incremental,4638,3,81.54586617401016,4
sano,1,23,B_incremental,4638,3,81.54586617401016,4
sano,2,0,A_steiner,4881,16,1204.4104608753216,12
sano,2,1,A_steiner,4881,16,1204.8114184363455,12
sano,2,2,A_steiner,4881,16,1204.8114184363455,12
sano,2,3,A_steiner,4881,16,1204.8114184363455,12
sano,2,4,A_steiner,4881,16,1204.4104608753216,12
sano,2,5,A_steiner,4881,16,1204.8114184363455,12
sano,2,6,A_steiner,4881,16,1204.4104608753216,12
sano,2,7,A_steiner,4881,16,1204.4104608753216,12
sano,2,8,A_steiner,4881,16,1204.4104608753216,12
sano,2,9,A_steiner,4881,16,1204.4104608753216,12
sano,2,10,A_steiner,4881,16,1204.8114184363455,12
sano,2,11,A_steiner,4881,16,1204.8114184363455,12
sano,2,12,B_incremental,4881,16,1163.5493043624037,12
sano,2,13,B_incremental,4881,16,1160.2869407661437,12
sano,2,14,B_incremental,4881,16,1163.5493043624037,12
sano,2,15,B_incremental,4881,17,1166.818295781164,12
sano,2,16,B_incremental,4881,16,1207.6728244715816,12
sano,2,17,B_incremental,4881,17,1163.555932184904,12
sano,2,18,B_incremental,4881,17,1166.818295781164,12
sano,2,19,B_incremental,4881,17,1163.555932184904,12
sano,2,20,B_incremental,4881,16,1163.5493043624037,12
sano,2,21,B_incremental,4881,16,1167.3507405220741,12
sano,2,22,B_incremental,4881,17,1166.818295781164,12
sano,2,23,B_incremental,4881,16,1163.5493043624037,12
sano,3,0,A_steiner,4993,4,262.692790885093,5
sano,3,1,A_steiner,4993,4,262.692790885093,5
sano,3,2,A_steiner,4993,4,262.692790885093,5
sano,3,3,A_steiner,4993,4,262.692790885093,5
sano,3,4,A_steiner,4993,4,262.692790885093,5
sano,3,5,A_steiner,4993,4,262.692790885093,5
sano,3,6,A_steiner,4993,4,262.692790885093,5
sano,3,7,A_steiner,4993,4,262.692790885093,5
sano,3,8,A_steiner,4993,4,262.692790885093,5
sano,3,9,A_steiner,4993,4,262.692790885093,5
sano,3,10,A_steiner,4993,4,262.692790885093,5
sano,3,11,A_steiner,4993,4,262.692790885093,5
sano,3,12,B_incremental,4993,4,262.692790885093,5
sano,3,13,B_incremental,4993,4,262.692790885093,5
sano,3,14,B_incremental,4993,4,262.692790885093,5
sano,3,15,B_incremental,4993,4,262.692790885093,5
sano,3,16,B_incremental,4993,4,262.692790885093,5
sano,3,17,B_incremental,4993,4,262.692790885093,5
sano,3,18,B_incremental,4993,4,262.692790885093,5
sano,3,19,B_incremental,4993,4,262.692790885093,5
sano,3,20,B_incremental,4993,4,262.692790885093,5
sano,3,21,B_incremental,4993,4,262.692790885093,5
sano,3,22,B_incremental,4993,4,262.692790885093,5
sano,3,23,B_incremental,4993,4,262.692790885093,5
sano,4,0,A_steiner,1672,5,324.219924033758,6
sano,4,1,A_steiner,1672,5,324.219924033758,6
sano,4,2,A_steiner,1672,5,324.219924033758,6
sano,4,3,A_steiner,1672,5,324.219924033758,6
sano,4,4,A_steiner,1672,5,324.219924033758,6
sano,4,5,A_steiner,1672,5,324.219924033758,6
sano,4,6,A_steiner,1672,5,324.219924033758,6
sano,4,7,A_steiner,1672,5,324.219924033758,6
sano,4,8,A_steiner,1672,5,324.219924033758,6
sano,4,9,A_steiner,1672,5,324.219924033758,6
sano,4,10,A_steiner,1672,5,324.219924033758,6
sano,4,11,A_steiner,1672,5,324.219924033758,6
sano,4,12,B_incremental,1672,5,337.8659343748539,6
sano,4,13,B_incremental,1672,5,337.6756486962663,6
sano,4,14,B_incremental,1672,5,324.219924033758,6
sano,4,15,B_incremental,1672,5,337.8659343748539,6
sano,4,16,B_incremental,1672,5,337.6756486962663,6
sano,4,17,B_incremental,1672,5,337.6756486962663,6
sano,4,18,B_incremental,1672,5,337.6756486962663,6
sano,4,19,B_incremental,1672,5,324.219924033758,6
sano,4,20,B_incremental,1672,5,337.8659343748539,6
sano,4,21,B_incremental,1672,5,337.6756486962663,6
sano,4,22,B_incremental,1672,5,324.219924033758,6
sano,4,23,B_incremental,1672,5,337.8659343748539,6
sano,5,0,A_steiner,1503,0,0.0,1
sano,5,1,A_steiner,1503,0,0.0,1
sano,5,2,A_steiner,1503,0,0.0,1
sano,5,3,A_steiner,1503,0,0.0,1
sano,5,4,A_steiner,1503,0,0.0,1
sano,5,5,A_steiner,1503,0,0.0,1
sano,5,6,A_steiner,1503,0,0.0,1
sano,5,7,A_steiner,1503,0,0.0,1
sano,5,8,A_steiner,1503,0,0.0,1
sano,5,9,A_steiner,1503,0,0.0,1
sano,5,10,A_steiner,1503,0,0.0,1
sano,5,11,A_steiner,1503,0,0.0,1
sano,5,12,B_incremental,1503,0,0.0,1
sano,5,13,B_incremental,1503,0,0.0,1
sano,5,14,B_incremental,1503,0,0.0,1
sano,5,15,B_incremental,1503,0,0.0,1
sano,5,16,B_incremental,1503,0,0.0,1
sano,5,17,B_incremental,1503,0,0.0,1
sano,5,18,B_incremental,1503,0,0.0,1
sano,5,19,B_incremental,1503,0,0.0,1
sano,5,20,B_incremental,1503,0,0.0,1
sano,5,21,B_incremental,1503,0,0.0,1
sano,5,22,B_incremental,1503,0,0.0,1
sano,5,23,B_incremental,1503,0,0.0,1
sano,6,0,A_steiner,4818,8,228.9337510622708,9
sano,6,1,A_steiner,4818,8,222.8249246288644,9
sano,6,2,A_steiner,4818,8,222.8249246288644,9
sano,6,3,A_steiner,4818,8,222.8249246288644,9
sano,6,4,A_steiner,4818,8,224.34332107070148,9
sano,6,5,A_steiner,4818,8,224.34332107070148,9
sano,6,6,A_steiner,4818,8,222.8249246288644,9
sano,6,7,A_steiner,4818,8,224.34332107070148,9
sano,6,8,A_steiner,4818,8,222.8249246288644,9
sano,6,9,A_steiner,4818,8,224.34332107070148,9
sano,6,10,A_steiner,4818,8,224.34332107070148,9
sano,6,11,A_steiner,4818,8,222.8249246288644,9
sano,6,12,B_incremental,4818,8,232.55404062567325,9
sano,6,13,B_incremental,4818,8,238.66286705907964,9
sano,6,14,B_incremental,4818,8,224.34332107070148,9
sano,6,15,B_incremental,4818,8,230.4521475041079,9
sano,6,16,B_incremental,4818,8,222.8249246288644,9
sano,6,17,B_incremental,4818,8,222.8249246288644,9
sano,6,18,B_incremental,4818,8,228.9337510622708,9
sano,6,19,B_incremental,4818,8,230.4521475041079,9
sano,6,20,B_incremental,4818,8,228.9337510622708,9
sano,6,21,B_incremental,4818,8,224.34332107070148,9
sano,6,22,B_incremental,4818,8,228.9337510622708,9
sano,6,23,B_incremental,4818,8,224.34332107070148,9
sano,7,0,A_steiner,5039,4,207.18243913164054,5
sano,7,1,A_steiner,5039,4,207.18243913164054,5
sano,7,2,A_steiner,5039,4,207.18243913164054,5
sano,7,3,A_steiner,5039,4,207.18243913164054,5
sano,7,4,A_steiner,5039,4,207.18243913164054,5
sano,7,5,A_steiner,5039,4,207.18243913164054,5
sano,7,6,A_steiner,5039,4,207.18243913164054,5
sano,7,7,A_steiner,5039,4,207.18243913164054,5
sano,7,8,A_steiner,5039,4,207.18243913164054,5
sano,7,9,A_steiner,5039,4,207.18243913164054,5
sano,7,10,A_steiner,5039,4,207.18243913164054,5
sano,7,11,A_steiner,5039,4,207.18243913164054,5
sano,7,12,B_incremental,5039,4,207.18243913164054,5
sano,7,13,B_incremental,5039,4,207.18243913164054,5
sano,7,14,B_incremental,5039,4,207.18243913164054,5
sano,7,15,B_incremental,5039,4,207.18243913164054,5
sano,7,16,B_incremental,5039,4,207.18243913164054,5
sano,7,17,B_incremental,5039,4,207.18243913164054,5
sano,7,18,B_incremental,5039,4,207.18243913164054,5
sano,7,19,B_incremental,5039,4,207.18243913164054,5
sano,7,20,B_incremental,5039,4,207.18243913164054,5
sano,7,21,B_incremental,5039,4,207.18243913164054,5
sano,7,22,B_incremental,5039,4,207.18243913164054,5
sano,7,23,B_incremental,5039,4,207.18243913164054,5
sano,8,0,A_steiner,5020,7,373.53374930843853,8
sano,8,1,A_steiner,5020,7,373.53374930843853,8
sano,8,2,A_steiner,5020,7,373.53374930843853,8
sano,8,3,A_steiner,5020,7,373.53374930843853,8
sano,8,4,A_steiner,5020,7,373.53374930843853,8
sano,8,5,A_steiner,5020,7,373.53374930843853,8
sano,8,6,A_steiner,5020,7,373.53374930843853,8
sano,8,7,A_steiner,5020,7,373.53374930843853,8
sano,8,8,A_steiner,5020,7,373.53374930843853,8
sano,8,9,A_steiner,5020,7,373.53374930843853,8
sano,8,10,A_steiner,5020,7,373.53374930843853,8
sano,8,11,A_steiner,5020,7,373.53374930843853,8
sano,8,12,B_incremental,5020,7,373.53374930843853,8
sano,8,13,B_incremental,5020,7,373.53374930843853,8
sano,8,14,B_incremental,5020,7,373.53374930843853,8
sano,8,15,B_incremental,5020,7,373.53374930843853,8
sano,8,16,B_incremental,5020,7,373.53374930843853,8
sano,8,17,B_incremental,5020,7,373.53374930843853,8
sano,8,18,B_incremental,5020,7,373.53374930843853,8
sano,8,19,B_incremental,5020,7,373.53374930843853,8
sano,8,20,B_incremental,5020,7,373.53374930843853,8
sano,8,21,B_incremental,5020,7,373.53374930843853,8
sano,8,22,B_incremental,5020,7,373.53374930843853,8
sano,8,23,B_incremental,5020,7,373.53374930843853,8
sano,9,0,A_steiner,258,1,10.731605843931838,2
sano,9,1,A_steiner,258,1,10.731605843931838,2
sano,9,2,A_steiner,258,1,10.731605843931838,2
sano,9,3,A_steiner,258,1,10.731605843931838,2
sano,9,4,A_steiner,258,1,10.731605843931838,2
sano,9,5,A_steiner,258,1,10.731605843931838,2
sano,9,6,A_steiner,258,1,10.731605843931838,2
sano,9,7,A_steiner,258,1,10.731605843931838,2
sano,9,8,A_steiner,258,1,10.731605843931838,2
sano,9,9,A_steiner,258,1,10.731605843931838,2
sano,9,10,A_steiner,258,1,10.731605843931838,2
sano,9,11,A_steiner,258,1,10.731605843931838,2
sano,9,12,B_incremental,258,1,10.731605843931838,2
sano,9,13,B_incremental,258,1,10.731605843931838,2
sano,9,14,B_incremental,258,1,10.731605843931838,2
sano,9,15,B_incremental,258,1,10.731605843931838,2
sano,9,16,B_incremental,258,1,10.731605843931838,2
sano,9,17,B_incremental,258,1,10.731605843931838,2
sano,9,18,B_incremental,258,1,10.731605843931838,2
sano,9,19,B_incremental,258,1,10.731605843931838,2
sano,9,20,B_incremental,258,1,10.731605843931838,2
sano,9,21,B_incremental,258,1,10.731605843931838,2
sano,9,22,B_incremental,258,1,10.731605843931838,2
sano,9,23,B_incremental,258,1,10.731605843931838,2
sano,10,0,A_steiner,6238,7,389.1485451626781,6
sano,10,1,A_steiner,6238,7,389.1485451626781,6
sano,10,2,A_steiner,6238,7,389.1485451626781,6
sano,10,3,A_steiner,6238,7,389.1485451626781,6
sano,10,4,A_steiner,6238,7,389.1485451626781,6
sano,10,5,A_steiner,6238,7,389.1485451626781,6
sano,10,6,A_steiner,6238,7,389.1485451626781,6
sano,10,7,A_steiner,6238,7,389.1485451626781,6
sano,10,8,A_steiner,6238,7,389.1485451626781,6
sano,10,9,A_steiner,6238,7,389.1485451626781,6
sano,10,10,A_steiner,6238,7,389.1485451626781,6
sano,10,11,A_steiner,6238,7,389.1485451626781,6
sano,10,12,B_incremental,6238,7,389.1485451626781,6
sano,10,13,B_incremental,6238,7,389.1485451626781,6
sano,10,14,B_incremental,6238,7,389.1485451626781,6
sano,10,15,B_incremental,6238,7,389.1485451626781,6
sano,10,16,B_incremental,6238,7,389.1485451626781,6
sano,10,17,B_incremental,6238,7,389.1485451626781,6
sano,10,18,B_incremental,6238,7,389.1485451626781,6
sano,10,19,B_incremental,6238,7,389.1485451626781,6
sano,10,20,B_incremental,6238,7,389.1485451626781,6
sano,10,21,B_incremental,6238,7,389.1485451626781,6
sano,10,22,B_incremental,6238,7,389.1485451626781,6
sano,10,23,B_incremental,6238,7,389.1485451626781,6
sano,11,0,A_steiner,5713,2,148.20124819433312,3
sano,11,1,A_steiner,5713,2,148.20124819433312,3
sano,11,2,A_steiner,5713,2,148.20124819433312,3
sano,11,3,A_steiner,5713,2,148.20124819433312,3
sano,11,4,A_steiner,5713,2,148.20124819433312,3
sano,11,5,A_steiner,5713,2,148.20124819433312,3
sano,11,6,A_steiner,5713,2,148.20124819433312,3
sano,11,7,A_steiner,5713,2,148.20124819433312,3
sano,11,8,A_steiner,5713,2,148.20124819433312,3
sano,11,9,A_steiner,5713,2,148.20124819433312,3
sano,11,10,A_steiner,5713,2,148.20124819433312,3
sano,11,11,A_steiner,5713,2,148.20124819433312,3
sano,11,12,B_incremental,5713,2,148.20124819433312,3
sano,11,13,B_incremental,5713,2,148.20124819433312,3
sano,11,14,B_incremental,5713,2,148.20124819433312,3
sano,11,15,B_incremental,5713,2,148.20124819433312,3
sano,11,16,B_incremental,5713,2,148.20124819433312,3
sano,11,17,B_incremental,5713,2,148.20124819433312,3
sano,11,18,B_incremental,5713,2,148.20124819433312,3
sano,11,19,B_incremental,5713,2,148.20124819433312,3
sano,11,20,B_incremental,5713,2,148.20124819433312,3
sano,11,21,B_incremental,5713,2,148.20124819433312,3
sano,11,22,B_incremental,5713,2,148.20124819433312,3
sano,11,23,B_incremental,5713,2,148.20124819433312,3
sano,12,0,A_steiner,5207,6,224.0010915596115,5
sano,12,1,A_steiner,5207,6,224.0010915596115,5
sano,12,2,A_steiner,5207,6,224.0010915596115,5
sano,12,3,A_steiner,5207,6,224.0010915596115,5
sano,12,4,A_steiner,5207,6,224.0010915596115,5
sano,12,5,A_steiner,5207,6,224.0010915596115,5
sano,12,6,A_steiner,5207,6,224.0010915596115,5
sano,12,7,A_steiner,5207,6,224.0010915596115,5
sano,12,8,A_steiner,5207,6,224.0010915596115,5
sano,12,9,A_steiner,5207,6,224.0010915596115,5
sano,12,10,A_steiner,5207,6,224.0010915596115,5
sano,12,11,A_steiner,5207,6,224.0010915596115,5
sano,12,12,B_incremental,5207,6,224.0010915596115,5
sano,12,13,B_incremental,5207,6,224.0010915596115,5
sano,12,14,B_incremental,5207,6,224.0010915596115,5
sano,12,15,B_incremental,5207,6,224.0010915596115,5
sano,12,16,B_incremental,5207,6,224.0010915596115,5
sano,12,17,B_incremental,5207,6,224.0010915596115,5
sano,12,18,B_incremental,5207,6,224.0010915596115,5
sano,12,19,B_incremental,5207,6,224.0010915596115,5
sano,12,20,B_incremental,5207,6,224.0010915596115,5
sano,12,21,B_incremental,5207,6,224.0010915596115,5
sano,12,22,B_incremental,5207,6,224.0010915596115,5
sano,12,23,B_incremental,5207,6,224.0010915596115,5
sano,13,0,A_steiner,5053,4,244.67055363468134,5
sano,13,1,A_steiner,5053,4,244.67055363468134,5
sano,13,2,A_steiner,5053,4,244.67055363468134,5
sano,13,3,A_steiner,5053,4,244.67055363468134,5
sano,13,4,A_steiner,5053,4,244.67055363468134,5
sano,13,5,A_steiner,5053,4,244.67055363468134,5
sano,13,6,A_steiner,5053,4,244.67055363468134,5
sano,13,7,A_steiner,5053,4,244.67055363468134,5
sano,13,8,A_steiner,5053,4,244.67055363468134,5
sano,13,9,A_steiner,5053,4,244.67055363468134,5
sano,13,10,A_steiner,5053,4,244.67055363468134,5
sano,13,11,A_steiner,5053,4,244.67055363468134,5
sano,13,12,B_incremental,5053,4,244.67055363468134,5
sano,13,13,B_incremental,5053,4,244.67055363468134,5
sano,13,14,B_incremental,5053,4,244.67055363468134,5
sano,13,15,B_incremental,5053,4,244.67055363468134,5
sano,13,16,B_incremental,5053,4,244.67055363468134,5
sano,13,17,B_incremental,5053,4,244.67055363468134,5
sano,13,18,B_incremental,5053,4,244.67055363468134,5
sano,13,19,B_incremental,5053,4,244.67055363468134,5
sano,13,20,B_incremental,5053,4,244.67055363468134,5
sano,13,21,B_incremental,5053,4,244.67055363468134,5
sano,13,22,B_incremental,5053,4,244.67055363468134,5
sano,13,23,B_incremental,5053,4,244.67055363468134,5
sano,14,0,A_steiner,4826,4,357.31875223657016,2
sano,14,1,A_steiner,4826,4,357.31875223657016,2
sano,14,2,A_steiner,4826,4,357.31875223657016,2
sano,14,3,A_steiner,4826,4,357.31875223657016,2
sano,14,4,A_steiner,4826,4,357.31875223657016,2
sano,14,5,A_steiner,4826,4,357.31875223657016,2
sano,14,6,A_steiner,4826,4,357.31875223657016,2
sano,14,7,A_steiner,4826,4,357.31875223657016,2
sano,14,8,A_steiner,4826,4,357.31875223657016,2
sano,14,9,A_steiner,4826,4,357.31875223657016,2
sano,14,10,A_steiner,4826,4,357.31875223657016,2
sano,14,11,A_steiner,4826,4,357.31875223657016,2
sano,14,12,B_incremental,4826,4,357.31875223657016,2
sano,14,13,B_incremental,4826,4,357.31875223657016,2
sano,14,14,B_incremental,4826,4,357.31875223657016,2
sano,14,15,B_incremental,4826,4,357.31875223657016,2
sano,14,16,B_incremental,4826,4,357.31875223657016,2
sano,14,17,B_incremental,4826,4,357.31875223657016,2
sano,14,18,B_incremental,4826,4,357.31875223657016,2
sano,14,19,B_incremental,4826,4,357.31875223657016,2
sano,14,20,B_incremental,4826,4,357.31875223657016,2
sano,14,21,B_incremental,4826,4,357.31875223657016,2
sano,14,22,B_incremental,4826,4,357.31875223657016,2
sano,14,23,B_incremental,4826,4,357.31875223657016,2
sano,15,0,A_steiner,1725,4,212.84091585421612,5
sano,15,1,A_steiner,1725,4,212.84091585421612,5
sano,15,2,A_steiner,1725,4,212.84091585421612,5
sano,15,3,A_steiner,1725,4,212.84091585421612,5
sano,15,4,A_steiner,1725,4,212.84091585421612,5
sano,15,5,A_steiner,1725,4,212.84091585421612,5
sano,15,6,A_steiner,1725,4,212.84091585421612,5
sano,15,7,A_steiner,1725,4,212.84091585421612,5
sano,15,8,A_steiner,1725,4,212.84091585421612,5
sano,15,9,A_steiner,1725,4,212.84091585421612,5
sano,15,10,A_steiner,1725,4,212.84091585421612,5
sano,15,11,A_steiner,1725,4,212.84091585421612,5
sano,15,12,B_incremental,1725,4,212.84091585421612,5
sano,15,13,B_incremental,1725,4,212.84091585421612,5
sano,15,14,B_incremental,1725,4,212.84091585421612,5
sano,15,15,B_incremental,1725,4,212.84091585421612,5
sano,15,16,B_incremental,1725,4,212.84091585421612,5
sano,15,17,B_incremental,1725,4,212.84091585421612,5
sano,15,18,B_incremental,1725,4,212.84091585421612,5
sano,15,19,B_incremental,1725,4,212.84091585421612,5
sano,15,20,B_incremental,1725,4,212.84091585421612,5
sano,15,21,B_incremental,1725,4,212.84091585421612,5
sano,15,22,B_incremental,1725,4,212.84091585421612,5
sano,15,23,B_incremental,1725,4,212.84091585421612,5
sano,16,0,A_steiner,5629,11,844.2570565941148,4
sano,16,1,A_steiner,5629,11,844.2570565941148,4
sano,16,2,A_steiner,5629,11,844.2570565941148,4
sano,16,3,A_steiner,5629,11,844.2570565941148,4
sano,16,4,A_steiner,5629,11,844.2570565941148,4
sano,16,5,A_steiner,5629,11,844.2570565941148,4
sano,16,6,A_steiner,5629,11,844.2570565941148,4
sano,16,7,A_steiner,5629,11,844.2570565941148,4
sano,16,8,A_steiner,5629,11,844.2570565941148,4
sano,16,9,A_steiner,5629,11,844.2570565941148,4
sano,16,10,A_steiner,5629,12,852.9117753338587,4
sano,16,11,A_steiner,5629,11,844.2570565941148,4
sano,16,12,B_incremental,5629,11,844.2570565941148,4
sano,16,13,B_incremental,5629,11,844.2570565941148,4
sano,16,14,B_incremental,5629,11,844.2570565941148,4
sano,16,15,B_incremental,5629,11,844.2570565941148,4
sano,16,16,B_incremental,5629,11,844.2570565941148,4
sano,16,17,B_incremental,5629,11,844.2570565941148,4
sano,16,18,B_incremental,5629,11,844.2570565941148,4
sano,16,19,B_incremental,5629,11,844.2570565941148,4
sano,16,20,B_incremental,5629,11,844.2570565941148,4
sano,16,21,B_incremental,5629,11,844.2570565941148,4
sano,16,22,B_incremental,5629,11,844.2570565941148,4
sano,16,23,B_incremental,5629,11,844.2570565941148,4
sano,17,0,A_steiner,3602,6,408.656245226757,7
sano,17,1,A_steiner,3602,6,408.82647187504307,7
sano,17,2,A_steiner,3602,6,408.82647187504307,7
sano,17,3,A_steiner,3602,6,408.82647187504307,7
sano,17,4,A_steiner,3602,6,408.656245226757,7
sano,17,5,A_steiner,3602,6,408.82647187504307,7
sano,17,6,A_steiner,3602,6,408.82647187504307,7
sano,17,7,A_steiner,3602,6,408.82647187504307,7
sano,17,8,A_steiner,3602,6,408.82647187504307,7
sano,17,9,A_steiner,3602,6,408.82647187504307,7
sano,17,10,A_steiner,3602,6,408.82647187504307,7
sano,17,11,A_steiner,3602,6,408.82647187504307,7
sano,17,12,B_incremental,3602,6,408.656245226757,7
sano,17,13,B_incremental,3602,6,408.82647187504307,7
sano,17,14,B_incremental,3602,6,408.82647187504307,7
sano,17,15,B_incremental,3602,6,408.656245226757,7
sano,17,16,B_incremental,3602,6,408.656245226757,7
sano,17,17,B_incremental,3602,6,408.656245226757,7
sano,17,18,B_incremental,3602,6,408.656245226757,7
sano,17,19,B_incremental,3602,6,408.82647187504307,7
sano,17,20,B_incremental,3602,6,408.656245226757,7
sano,17,21,B_incremental,3602,6,408.656245226757,7
sano,17,22,B_incremental,3602,6,408.82647187504307,7
sano,17,23,B_incremental,3602,6,408.656245226757,7
sano,18,0,A_steiner,5209,5,353.9333752040709,5
sano,18,1,A_steiner,5209,5,353.9333752040709,5
sano,18,2,A_steiner,5209,5,353.9333752040709,5
sano,18,3,A_steiner,5209,5,353.9333752040709,5
sano,18,4,A_steiner,5209,5,353.9333752040709,5
sano,18,5,A_steiner,5209,5,353.9333752040709,5
sano,18,6,A_steiner,5209,5,353.9333752040709,5
sano,18,7,A_steiner,5209,5,353.9333752040709,5
sano,18,8,A_steiner,5209,5,353.9333752040709,5
sano,18,9,A_steiner,5209,5,353.9333752040709,5
sano,18,10,A_steiner,5209,5,353.9333752040709,5
sano,18,11,A_steiner,5209,5,353.9333752040709,5
sano,18,12,B_incremental,5209,5,353.9333752040709,5
sano,18,13,B_incremental,5209,5,353.9333752040709,5
sano,18,14,B_incremental,5209,5,353.9333752040709,5
sano,18,15,B_incremental,5209,5,353.9333752040709,5
sano,18,16,B_incremental,5209,5,353.9333752040709,5
sano,18,17,B_incremental,5209,5,353.9333752040709,5
sano,18,18,B_incremental,5209,5,353.9333752040709,5
sano,18,19,B_incremental,5209,5,353.9333752040709,5
sano,18,20,B_incremental,5209,5,353.9333752040709,5
sano,18,21,B_incremental,5209,5,353.9333752040709,5
sano,18,22,B_incremental,5209,5,353.9333752040709,5
sano,18,23,B_incremental,5209,5,353.9333752040709,5
sano,19,0,A_steiner,4531,10,383.67978394256846,11
sano,19,1,A_steiner,4531,10,383.67978394256846,11
sano,19,2,A_steiner,4531,10,383.67978394256846,11
sano,19,3,A_steiner,4531,10,383.67978394256846,11
sano,19,4,A_steiner,4531,10,383.67978394256846,11
sano,19,5,A_steiner,4531,10,383.67978394256846,11
sano,19,6,A_steiner,4531,10,383.67978394256846,11
sano,19,7,A_steiner,4531,10,383.67978394256846,11
sano,19,8,A_steiner,4531,10,383.67978394256846,11
sano,19,9,A_steiner,4531,10,383.67978394256846,11
sano,19,10,A_steiner,4531,10,383.67978394256846,11
sano,19,11,A_steiner,4531,10,383.67978394256846,11
sano,19,12,B_incremental,4531,10,433.05345892282713,11
sano,19,13,B_incremental,4531,10,433.05345892282713,11
sano,19,14,B_incremental,4531,10,383.67978394256846,11
sano,19,15,B_incremental,4531,10,383.67978394256846,11
sano,19,16,B_incremental,4531,10,433.05345892282713,11
sano,19,17,B_incremental,4531,10,433.1723588735962,11
sano,19,18,B_incremental,4531,10,433.1723588735962,11
sano,19,19,B_incremental,4531,10,433.05345892282713,11
sano,19,20,B_incremental,4531,10,433.05345892282713,11
sano,19,21,B_incremental,4531,10,433.05345892282713,11
sano,19,22,B_incremental,4531,10,433.05345892282713,11
sano,19,23,B_incremental,4531,10,433.05345892282713,11
sano,20,0,A_steiner,1708,7,345.2566894708543,8
sano,20,1,A_steiner,1708,7,346.0361995267169,8
sano,20,2,A_steiner,1708,7,345.539500318186,8
sano,20,3,A_steiner,1708,7,345.2566894708543,8
sano,20,4,A_steiner,1708,7,346.0361995267169,8
sano,20,5,A_steiner,1708,7,345.539500318186,8
sano,20,6,A_steiner,1708,7,345.2566894708543,8
sano,20,7,A_steiner,1708,7,346.61796308796045,8
sano,20,8,A_steiner,1708,7,345.2566894708543,8
sano,20,9,A_steiner,1708,7,345.2566894708543,8
sano,20,10,A_steiner,1708,7,346.0361995267169,8
sano,20,11,A_steiner,1708,7,346.61796308796045,8
sano,20,12,B_incremental,1708,7,345.2566894708543,8
sano,20,13,B_incremental,1708,7,345.2566894708543,8
sano,20,14,B_incremental,1708,7,345.2566894708543,8
sano,20,15,B_incremental,1708,7,345.2566894708543,8
sano,20,16,B_incremental,1708,7,345.2566894708543,8
sano,20,17,B_incremental,1708,7,345.539500318186,8
sano,20,18,B_incremental,1708,7,345.2566894708543,8
sano,20,19,B_incremental,1708,7,345.539500318186,8
sano,20,20,B_incremental,1708,7,345.539500318186,8
sano,20,21,B_incremental,1708,7,345.2566894708543,8
sano,20,22,B_incremental,1708,7,345.2566894708543,8
sano,20,23,B_incremental,1708,7,345.2566894708543,8
sano,21,0,A_steiner,6242,5,522.8398608708515,6
sano,21,1,A_steiner,6242,5,522.8398608708515,6
sano,21,2,A_steiner,6242,5,522.8398608708515,6
sano,21,3,A_steiner,6242,5,522.8398608708515,6
sano,21,4,A_steiner,6242,5,522.8398608708515,6
sano,21,5,A_steiner,6242,5,522.8398608708515,6
sano,21,6,A_steiner,6242,5,522.8398608708515,6
sano,21,7,A_steiner,6242,5,522.8398608708515,6
sano,21,8,A_steiner,6242,5,522.8398608708515,6
sano,21,9,A_steiner,6242,5,522.8398608708515,6
sano,21,10,A_steiner,6242,5,522.8398608708515,6
sano,21,11,A_steiner,6242,5,522.8398608708515,6
sano,21,12,B_incremental,6242,5,522.8398608708515,6
sano,21,13,B_incremental,6242,5,522.8398608708515,6
sano,21,14,B_incremental,6242,5,522.8398608708515,6
sano,21,15,B_incremental,6242,5,522.8398608708515,6
sano,21,16,B_incremental,6242,5,522.8398608708515,6
sano,21,17,B_incremental,6242,5,522.8398608708515,6
sano,21,18,B_incremental,6242,5,522.8398608708515,6
sano,21,19,B_incremental,6242,5,522.8398608708515,6
sano,21,20,B_incremental,6242,5,522.8398608708515,6
sano,21,21,B_incremental,6242,5,522.8398608708515,6
sano,21,22,B_incremental,6242,5,522.8398608708515,6
sano,21,23,B_incremental,6242,5,522.8398608708515,6
sano,22,0,A_steiner,1809,3,162.57958393905682,4
sano,22,1,A_steiner,1809,3,162.57958393905682,4
sano,22,2,A_steiner,1809,3,162.57958393905682,4
sano,22,3,A_steiner,1809,3,162.57958393905682,4
sano,22,4,A_steiner,1809,3,162.57958393905682,4
sano,22,5,A_steiner,1809,3,162.57958393905682,4
sano,22,6,A_steiner,1809,3,162.57958393905682,4
sano,22,7,A_steiner,1809,3,162.57958393905682,4
sano,22,8,A_steiner,1809,3,162.57958393905682,4
sano,22,9,A_steiner,1809,3,162.57958393905682,4
sano,22,10,A_steiner,1809,3,162.57958393905682,4
sano,22,11,A_steiner,1809,3,162.57958393905682,4
sano,22,12,B_incremental,1809,3,162.57958393905682,4
sano,22,13,B_incremental,1809,3,162.57958393905682,4
sano,22,14,B_incremental,1809,3,162.57958393905682,4
sano,22,15,B_incremental,1809,3,162.57958393905682,4
sano,22,16,B_incremental,1809,3,162.57958393905682,4
sano,22,17,B_incremental,1809,3,162.57958393905682,4
sano,22,18,B_incremental,1809,3,162.57958393905682,4
sano,22,19,B_incremental,1809,3,162.57958393905682,4
sano,22,20,B_incremental,1809,3,162.57958393905682,4
sano,22,21,B_incremental,1809,3,162.57958393905682,4
sano,22,22,B_incremental,1809,3,162.57958393905682,4
sano,22,23,B_incremental,1809,3,162.57958393905682,4
sano,23,0,A_steiner,1562,4,262.2928702949172,5
sano,23,1,A_steiner,1562,4,262.2928702949172,5
sano,23,2,A_steiner,1562,4,262.2928702949172,5
sano,23,3,A_steiner,1562,4,262.2928702949172,5
sano,23,4,A_steiner,1562,4,262.2928702949172,5
sano,23,5,A_steiner,1562,4,262.2928702949172,5
sano,23,6,A_steiner,1562,4,262.2928702949172,5
sano,23,7,A_steiner,1562,4,262.2928702949172,5
sano,23,8,A_steiner,1562,4,262.2928702949172,5
sano,23,9,A_steiner,1562,4,262.2928702949172,5
sano,23,10,A_steiner,1562,4,262.2928702949172,5
sano,23,11,A_steiner,1562,4,262.2928702949172,5
sano,23,12,B_incremental,1562,4,262.2928702949172,5
sano,23,13,B_incremental,1562,4,262.2928702949172,5
sano,23,14,B_incremental,1562,4,262.2928702949172,5
sano,23,15,B_incremental,1562,4,262.2928702949172,5
sano,23,16,B_incremental,1562,4,262.2928702949172,5
sano,23,17,B_incremental,1562,4,262.2928702949172,5
sano,23,18,B_incremental,1562,4,262.2928702949172,5
sano,23,19,B_incremental,1562,4,262.2928702949172,5
sano,23,20,B_incremental,1562,4,262.2928702949172,5
sano,23,21,B_incremental,1562,4,262.2928702949172,5
sano,23,22,B_incremental,1562,4,262.2928702949172,5
sano,23,23,B_incremental,1562,4,262.2928702949172,5
sano,24,0,A_steiner,179,3,263.8559549484396,3
sano,24,1,A_steiner,179,3,263.8559549484396,3
sano,24,2,A_steiner,179,3,263.8559549484396,3
sano,24,3,A_steiner,179,3,263.8559549484396,3
sano,24,4,A_steiner,179,3,263.8559549484396,3
sano,24,5,A_steiner,179,3,263.8559549484396,3
sano,24,6,A_steiner,179,3,263.8559549484396,3
sano,24,7,A_steiner,179,3,263.8559549484396,3
sano,24,8,A_steiner,179,3,263.8559549484396,3
sano,24,9,A_steiner,179,3,263.8559549484396,3
sano,24,10,A_steiner,179,3,263.8559549484396,3
sano,24,11,A_steiner,179,3,263.8559549484396,3
sano,24,12,B_incremental,179,3,263.8559549484396,3
sano,24,13,B_incremental,179,3,263.8559549484396,3
sano,24,14,B_incremental,179,3,263.8559549484396,3
sano,24,15,B_incremental,179,3,263.8559549484396,3
sano,24,16,B_incremental,179,3,263.8559549484396,3
sano,24,17,B_incremental,179,3,263.8559549484396,3
sano,24,18,B_incremental,179,3,263.8559549484396,3
sano,24,19,B_incremental,179,3,263.8559549484396,3
sano,24,20,B_incremental,179,3,263.8559549484396,3
sano,24,21,B_incremental,179,3,263.8559549484396,3
sano,24,22,B_incremental,179,3,263.8559549484396,3
sano,24,23,B_incremental,179,3,263.8559549484396,3
sano,25,0,A_steiner,3723,0,0.0,1
sano,25,1,A_steiner,3723,0,0.0,1
sano,25,2,A_steiner,3723,0,0.0,1
sano,25,3,A_steiner,3723,0,0.0,1
sano,25,4,A_steiner,3723,0,0.0,1
sano,25,5,A_steiner,3723,0,0.0,1
sano,25,6,A_steiner,3723,0,0.0,1
sano,25,7,A_steiner,3723,0,0.0,1
sano,25,8,A_steiner,3723,0,0.0,1
sano,25,9,A_steiner,3723,0,0.0,1
sano,25,10,A_steiner,3723,0,0.0,1
sano,25,11,A_steiner,3723,0,0.0,1
sano,25,12,B_incremental,3723,0,0.0,1
sano,25,13,B_incremental,3723,0,0.0,1
sano,25,14,B_incremental,3723,0,0.0,1
sano,25,15,B_incremental,3723,0,0.0,1
sano,25,16,B_incremental,3723,0,0.0,1
sano,25,17,B_incremental,3723,0,0.0,1
sano,25,18,B_incremental,3723,0,0.0,1
sano,25,19,B_incremental,3723,0,0.0,1
sano,25,20,B_incremental,3723,0,0.0,1
sano,25,21,B_incremental,3723,0,0.0,1
sano,25,22,B_incremental,3723,0,0.0,1
sano,25,23,B_incremental,3723,0,0.0,1
sano,26,0,A_steiner,4564,7,255.4703759089722,8
sano,26,1,A_steiner,4564,7,255.4703759089722,8
sano,26,2,A_steiner,4564,7,255.4703759089722,8
sano,26,3,A_steiner,4564,7,255.4703759089722,8
sano,26,4,A_steiner,4564,7,255.4703759089722,8
sano,26,5,A_steiner,4564,7,255.4703759089722,8
sano,26,6,A_steiner,4564,7,255.4703759089722,8
sano,26,7,A_steiner,4564,7,255.4703759089722,8
sano,26,8,A_steiner,4564,7,255.4703759089722,8
sano,26,9,A_steiner,4564,7,255.4703759089722,8
sano,26,10,A_steiner,4564,7,255.4703759089722,8
sano,26,11,A_steiner,4564,7,255.4703759089722,8
sano,26,12,B_incremental,4564,7,260.4556186680216,8
sano,26,13,B_incremental,4564,7,260.4556186680216,8
sano,26,14,B_incremental,4564,7,255.4703759089722,8
sano,26,15,B_incremental,4564,7,265.97282545554816,8
sano,26,16,B_incremental,4564,7,255.4703759089722,8
sano,26,17,B_incremental,4564,7,255.4703759089722,8
sano,26,18,B_incremental,4564,7,255.4703759089722,8
sano,26,19,B_incremental,4564,7,255.4703759089722,8
sano,26,20,B_incremental,4564,7,260.9875826964987,8
sano,26,21,B_incremental,4564,7,255.4703759089722,8
sano,26,22,B_incremental,4564,7,255.4703759089722,8
sano,26,23,B_incremental,4564,7,260.4556186680216,8
sano,27,0,A_steiner,4408,5,564.2489724017004,2
sano,27,1,A_steiner,4408,5,564.2489724017004,2
sano,27,2,A_steiner,4408,5,564.2489724017004,2
sano,27,3,A_steiner,4408,5,564.2489724017004,2
sano,27,4,A_steiner,4408,5,564.2489724017004,2
sano,27,5,A_steiner,4408,5,564.2489724017004,2
sano,27,6,A_steiner,4408,5,564.2489724017004,2
sano,27,7,A_steiner,4408,5,564.2489724017004,2
sano,27,8,A_steiner,4408,5,564.2489724017004,2
sano,27,9,A_steiner,4408,5,564.2489724017004,2
sano,27,10,A_steiner,4408,5,564.2489724017004,2
sano,27,11,A_steiner,4408,5,564.2489724017004,2
sano,27,12,B_incremental,4408,5,564.2489724017004,2
sano,27,13,B_incremental,4408,5,564.2489724017004,2
sano,27,14,B_incremental,4408,5,564.2489724017004,2
sano,27,15,B_incremental,4408,5,564.2489724017004,2
sano,27,16,B_incremental,4408,5,564.2489724017004,2
sano,27,17,B_incremental,4408,5,564.2489724017004,2
sano,27,18,B_incremental,4408,5,564.2489724017004,2
sano,27,19,B_incremental,4408,5,564.2489724017004,2
sano,27,20,B_incremental,4408,5,564.2489724017004,2
sano,27,21,B_incremental,4408,5,564.2489724017004,2
sano,27,22,B_incremental,4408,5,564.2489724017004,2
sano,27,23,B_incremental,4408,5,564.2489724017004,2
sano,28,0,A_steiner,1685,5,385.8334739723699,6
sano,28,1,A_steiner,1685,5,385.8334739723699,6
sano,28,2,A_steiner,1685,5,385.8334739723699,6
sano,28,3,A_steiner,1685,5,385.8334739723699,6
sano,28,4,A_steiner,1685,5,385.8334739723699,6
sano,28,5,A_steiner,1685,5,385.8334739723699,6
sano,28,6,A_steiner,1685,5,385.8334739723699,6
sano,28,7,A_steiner,1685,5,385.8334739723699,6
sano,28,8,A_steiner,1685,5,385.8334739723699,6
sano,28,9,A_steiner,1685,5,385.8334739723699,6
sano,28,10,A_steiner,1685,5,385.8334739723699,6
sano,28,11,A_steiner,1685,5,385.8334739723699,6
sano,28,12,B_incremental,1685,5,385.8334739723699,6
sano,28,13,B_incremental,1685,5,385.8334739723699,6
sano,28,14,B_incremental,1685,5,385.8334739723699,6
sano,28,15,B_incremental,1685,5,385.8334739723699,6
sano,28,16,B_incremental,1685,5,385.8334739723699,6
sano,28,17,B_incremental,1685,5,385.8334739723699,6
sano,28,18,B_incremental,1685,5,385.8334739723699,6
sano,28,19,B_incremental,1685,5,385.8334739723699,6
sano,28,20,B_incremental,1685,5,385.8334739723699,6
sano,28,21,B_incremental,1685,5,385.8334739723699,6
sano,28,22,B_incremental,1685,5,385.8334739723699,6
sano,28,23,B_incremental,1685,5,385.8334739723699,6
sano,29,0,A_steiner,1616,8,341.3905510006744,9
sano,29,1,A_steiner,1616,8,341.3905510006744,9
sano,29,2,A_steiner,1616,8,341.3905510006744,9
sano,29,3,A_steiner,1616,8,341.3905510006744,9
sano,29,4,A_steiner,1616,8,341.3905510006744,9
sano,29,5,A_steiner,1616,8,341.3905510006744,9
sano,29,6,A_steiner,1616,8,341.3905510006744,9
sano,29,7,A_steiner,1616,8,341.3905510006744,9
sano,29,8,A_steiner,1616,8,341.3905510006744,9
sano,29,9,A_steiner,1616,8,341.3905510006744,9
sano,29,10,A_steiner,1616,8,341.3905510006744,9
sano,29,11,A_steiner,1616,8,341.3905510006744,9
sano,29,12,B_incremental,1616,8,341.3905510006744,9
sano,29,13,B_incremental,1616,8,341.3905510006744,9
sano,29,14,B_incremental,1616,8,341.3905510006744,9
sano,29,15,B_incremental,1616,8,369.65764492462813,9
sano,29,16,B_incremental,1616,8,341.3905510006744,9
sano,29,17,B_incremental,1616,8,341.3905510006744,9
sano,29,18,B_incremental,1616,8,341.3905510006744,9
sano,29,19,B_incremental,1616,8,341.3905510006744,9
sano,29,20,B_incremental,1616,8,341.3905510006744,9
sano,29,21,B_incremental,1616,8,369.65764492462813,9
sano,29,22,B_incremental,1616,8,341.3905510006744,9
sano,29,23,B_incremental,1616,8,341.3905510006744,9
sano,30,0,A_steiner,1497,2,58.41499705436624,3
sano,30,1,A_steiner,1497,2,58.41499705436624,3
sano,30,2,A_steiner,1497,2,58.41499705436624,3
sano,30,3,A_steiner,1497,2,58.41499705436624,3
sano,30,4,A_steiner,1497,2,58.41499705436624,3
sano,30,5,A_steiner,1497,2,58.41499705436624,3
sano,30,6,A_steiner,1497,2,58.41499705436624,3
sano,30,7,A_steiner,1497,2,58.41499705436624,3
sano,30,8,A_steiner,1497,2,58.41499705436624,3
sano,30,9,A_steiner,1497,2,58.41499705436624,3
sano,30,10,A_steiner,1497,2,58.41499705436624,3
sano,30,11,A_steiner,1497,2,58.41499705436624,3
sano,30,12,B_incremental,1497,2,58.41499705436624,3
sano,30,13,B_incremental,1497,2,58.41499705436624,3
sano,30,14,B_incremental,1497,2,58.41499705436624,3
sano,30,15,B_incremental,1497,2,58.41499705436624,3
sano,30,16,B_incremental,1497,2,58.41499705436624,3
sano,30,17,B_incremental,1497,2,58.41499705436624,3
sano,30,18,B_incremental,1497,2,58.41499705436624,3
sano,30,19,B_incremental,1497,2,58.41499705436624,3
sano,30,20,B_incremental,1497,2,58.41499705436624,3
sano,30,21,B_incremental,1497,2,58.41499705436624,3
sano,30,22,B_incremental,1497,2,58.41499705436624,3
sano,30,23,B_incremental,1497,2,58.41499705436624,3
sano,31,0,A_steiner,6228,8,538.1113711841575,5
sano,31,1,A_steiner,6228,8,538.1113711841575,5
sano,31,2,A_steiner,6228,8,538.1113711841575,5
sano,31,3,A_steiner,6228,8,538.1113711841575,5
sano,31,4,A_steiner,6228,8,538.1113711841575,5
sano,31,5,A_steiner,6228,8,538.1113711841575,5
sano,31,6,A_steiner,6228,8,538.1113711841575,5
sano,31,7,A_steiner,6228,8,538.1113711841575,5
sano,31,8,A_steiner,6228,8,538.1113711841575,5
sano,31,9,A_steiner,6228,8,538.1113711841575,5
sano,31,10,A_steiner,6228,8,538.1113711841575,5
sano,31,11,A_steiner,6228,8,538.1113711841575,5
sano,31,12,B_incremental,6228,8,538.1113711841575,5
sano,31,13,B_incremental,6228,8,538.1113711841575,5
sano,31,14,B_incremental,6228,8,538.1113711841575,5
sano,31,15,B_incremental,6228,8,538.1113711841575,5
sano,31,16,B_incremental,6228,8,538.1113711841575,5
sano,31,17,B_incremental,6228,8,538.1113711841575,5
sano,31,18,B_incremental,6228,8,538.1113711841575,5
sano,31,19,B_incremental,6228,8,538.1113711841575,5
sano,31,20,B_incremental,6228,8,538.1113711841575,5
sano,31,21,B_incremental,6228,8,538.1113711841575,5
sano,31,22,B_incremental,6228,8,538.1113711841575,5
sano,31,23,B_incremental,6228,8,538.1113711841575,5
sano,32,0,A_steiner,1815,19,2467.5791010488015,3
sano,32,1,A_steiner,1815,19,2467.5791010488015,3
sano,32,2,A_steiner,1815,19,2467.5791010488015,3
sano,32,3,A_steiner,1815,19,2467.5791010488015,3
sano,32,4,A_steiner,1815,19,2467.5791010488015,3
sano,32,5,A_steiner,1815,19,2467.5791010488015,3
sano,32,6,A_steiner,1815,19,2467.5791010488015,3
sano,32,7,A_steiner,1815,19,2467.5791010488015,3
sano,32,8,A_steiner,1815,19,2467.5791010488015,3
sano,32,9,A_steiner,1815,19,2467.5791010488015,3
sano,32,10,A_steiner,1815,19,2467.5791010488015,3
sano,32,11,A_steiner,1815,19,2467.5791010488015,3
sano,32,12,B_incremental,1815,19,2467.5791010488015,3
sano,32,13,B_incremental,1815,19,2467.5791010488015,3
sano,32,14,B_incremental,1815,19,2467.5791010488015,3
sano,32,15,B_incremental,1815,19,2467.5791010488015,3
sano,32,16,B_incremental,1815,19,2467.5791010488015,3
sano,32,17,B_incremental,1815,19,2467.5791010488015,3
sano,32,18,B_incremental,1815,19,2467.5791010488015,3
sano,32,19,B_incremental,1815,19,2467.5791010488015,3
sano,32,20,B_incremental,1815,19,2467.5791010488015,3
sano,32,21,B_incremental,1815,19,2467.5791010488015,3
sano,32,22,B_incremental,1815,19,2467.5791010488015,3
sano,32,23,B_incremental,1815,19,2467.5791010488015,3
sano,33,0,A_steiner,5074,5,239.67102827717525,6
sano,33,1,A_steiner,5074,5,239.87017138469395,6
sano,33,2,A_steiner,5074,5,239.87017138469395,6
sano,33,3,A_steiner,5074,5,239.87017138469395,6
sano,33,4,A_steiner,5074,5,239.87017138469395,6
sano,33,5,A_steiner,5074,5,239.87017138469395,6
sano,33,6,A_steiner,5074,5,239.67102827717525,6
sano,33,7,A_steiner,5074,5,239.67102827717525,6
sano,33,8,A_steiner,5074,5,239.87017138469395,6
sano,33,9,A_steiner,5074,5,239.87017138469395,6
sano,33,10,A_steiner,5074,5,239.67102827717525,6
sano,33,11,A_steiner,5074,5,239.67102827717525,6
sano,33,12,B_incremental,5074,5,239.87017138469395,6
sano,33,13,B_incremental,5074,5,239.87017138469395,6
sano,33,14,B_incremental,5074,5,239.67102827717525,6
sano,33,15,B_incremental,5074,5,239.67102827717525,6
sano,33,16,B_incremental,5074,5,239.87017138469395,6
sano,33,17,B_incremental,5074,5,239.87017138469395,6
sano,33,18,B_incremental,5074,5,239.67102827717525,6
sano,33,19,B_incremental,5074,5,239.87017138469395,6
sano,33,20,B_incremental,5074,5,239.67102827717525,6
sano,33,21,B_incremental,5074,5,239.67102827717525,6
sano,33,22,B_incremental,5074,5,239.87017138469395,6
sano,33,23,B_incremental,5074,5,239.87017138469395,6
sano,34,0,A_steiner,1851,7,436.4346375668109,8
sano,34,1,A_steiner,1851,7,436.4346375668109,8
sano,34,2,A_steiner,1851,7,436.4346375668109,8
sano,34,3,A_steiner,1851,7,436.4346375668109,8
sano,34,4,A_steiner,1851,7,436.4346375668109,8
sano,34,5,A_steiner,1851,7,436.4346375668109,8
sano,34,6,A_steiner,1851,7,436.4346375668109,8
sano,34,7,A_steiner,1851,7,436.4346375668109,8
sano,34,8,A_steiner,1851,7,436.4346375668109,8
sano,34,9,A_steiner,1851,7,436.4346375668109,8
sano,34,10,A_steiner,1851,7,436.4346375668109,8
sano,34,11,A_steiner,1851,7,436.4346375668109,8
sano,34,12,B_incremental,1851,7,436.4346375668109,8
sano,34,13,B_incremental,1851,7,436.4346375668109,8
sano,34,14,B_incremental,1851,7,436.4346375668109,8
sano,34,15,B_incremental,1851,7,436.4346375668109,8
sano,34,16,B_incremental,1851,7,441.65796609082315,8
sano,34,17,B_incremental,1851,7,436.4346375668109,8
sano,34,18,B_incremental,1851,7,436.4346375668109,8
sano,34,19,B_incremental,1851,7,436.4346375668109,8
sano,34,20,B_incremental,1851,7,436.4346375668109,8
sano,34,21,B_incremental,1851,7,436.4346375668109,8
sano,34,22,B_incremental,1851,7,436.4346375668109,8
sano,34,23,B_incremental,1851,7,436.4346375668109,8
sano,35,0,A_steiner,1521,3,117.11286193352484,4
sano,35,1,A_steiner,1521,3,117.11286193352484,4
sano,35,2,A_steiner,1521,3,117.11286193352484,4
sano,35,3,A_steiner,1521,3,117.11286193352484,4
sano,35,4,A_steiner,1521,3,117.11286193352484,4
sano,35,5,A_steiner,1521,3,117.11286193352484,4
sano,35,6,A_steiner,1521,3,117.11286193352484,4
sano,35,7,A_steiner,1521,3,117.11286193352484,4
sano,35,8,A_steiner,1521,3,117.11286193352484,4
sano,35,9,A_steiner,1521,3,117.11286193352484,4
sano,35,10,A_steiner,1521,3,117.11286193352484,4
sano,35,11,A_steiner,1521,3,117.11286193352484,4
sano,35,12,B_incremental,1521,3,117.11286193352484,4
sano,35,13,B_incremental,1521,3,117.11286193352484,4
sano,35,14,B_incremental,1521,3,117.11286193352484,4
sano,35,15,B_incremental,1521,3,117.11286193352484,4
sano,35,16,B_incremental,1521,3,117.11286193352484,4
sano,35,17,B_incremental,1521,3,117.11286193352484,4
sano,35,18,B_incremental,1521,3,117.11286193352484,4
sano,35,19,B_incremental,1521,3,117.11286193352484,4
sano,35,20,B_incremental,1521,3,117.11286193352484,4
sano,35,21,B_incremental,1521,3,117.11286193352484,4
sano,35,22,B_incremental,1521,3,117.11286193352484,4
sano,35,23,B_incremental,1521,3,117.11286193352484,4
sano,36,0,A_steiner,77,4,222.01489232227487,5
sano,36,1,A_steiner,77,4,222.01489232227487,5
sano,36,2,A_steiner,77,4,220.82520720199562,5
sano,36,3,A_steiner,77,4,220.82520720199562,5
sano,36,4,A_steiner,77,4,220.82520720199562,5
sano,36,5,A_steiner,77,4,221.2526510069095,5
sano,36,6,A_steiner,77,4,221.2526510069095,5
sano,36,7,A_steiner,77,4,220.82520720199562,5
sano,36,8,A_steiner,77,4,221.2526510069095,5
sano,36,9,A_steiner,77,4,220.82520720199562,5
sano,36,10,A_steiner,77,4,220.82520720199562,5
sano,36,11,A_steiner,77,4,220.82520720199562,5
sano,36,12,B_incremental,77,4,220.82520720199562,5
sano,36,13,B_incremental,77,4,220.82520720199562,5
sano,36,14,B_incremental,77,4,220.82520720199562,5
sano,36,15,B_incremental,77,4,220.82520720199562,5
sano,36,16,B_incremental,77,4,220.82520720199562,5
sano,36,17,B_incremental,77,4,220.82520720199562,5
sano,36,18,B_incremental,77,4,220.82520720199562,5
sano,36,19,B_incremental,77,4,220.82520720199562,5
sano,36,20,B_incremental,77,4,220.82520720199562,5
sano,36,21,B_incremental,77,4,220.82520720199562,5
sano,36,22,B_incremental,77,4,220.82520720199562,5
sano,36,23,B_incremental,77,4,220.82520720199562,5
sano,37,0,A_steiner,1731,3,156.98997510197168,4
sano,37,1,A_steiner,1731,3,156.98997510197168,4
sano,37,2,A_steiner,1731,3,156.98997510197168,4
sano,37,3,A_steiner,1731,3,156.98997510197168,4
sano,37,4,A_steiner,1731,3,156.98997510197168,4
sano,37,5,A_steiner,1731,3,156.98997510197168,4
sano,37,6,A_steiner,1731,3,156.98997510197168,4
sano,37,7,A_steiner,1731,3,156.98997510197168,4
sano,37,8,A_steiner,1731,3,156.98997510197168,4
sano,37,9,A_steiner,1731,3,156.98997510197168,4
sano,37,10,A_steiner,1731,3,156.98997510197168,4
sano,37,11,A_steiner,1731,3,156.98997510197168,4
sano,37,12,B_incremental,1731,3,156.98997510197168,4
sano,37,13,B_incremental,1731,3,156.98997510197168,4
sano,37,14,B_incremental,1731,3,156.98997510197168,4
sano,37,15,B_incremental,1731,3,156.98997510197168,4
sano,37,16,B_incremental,1731,3,156.98997510197168,4
sano,37,17,B_incremental,1731,3,156.98997510197168,4
sano,37,18,B_incremental,1731,3,156.98997510197168,4
sano,37,19,B_incremental,1731,3,156.98997510197168,4
sano,37,20,B_incremental,1731,3,156.98997510197168,4
sano,37,21,B_incremental,1731,3,156.98997510197168,4
sano,37,22,B_incremental,1731,3,156.98997510197168,4
sano,37,23,B_incremental,1731,3,156.98997510197168,4
sano,38,0,A_steiner,4887,6,298.05084514719914,7
sano,38,1,A_steiner,4887,6,298.05084514719914,7
sano,38,2,A_steiner,4887,6,298.05084514719914,7
sano,38,3,A_steiner,4887,6,298.05084514719914,7
sano,38,4,A_steiner,4887,6,298.05084514719914,7
sano,38,5,A_steiner,4887,6,298.05084514719914,7
sano,38,6,A_steiner,4887,6,298.05084514719914,7
sano,38,7,A_steiner,4887,6,298.05084514719914,7
sano,38,8,A_steiner,4887,6,298.05084514719914,7
sano,38,9,A_steiner,4887,6,298.05084514719914,7
sano,38,10,A_steiner,4887,6,298.05084514719914,7
sano,38,11,A_steiner,4887,6,298.05084514719914,7
sano,38,12,B_incremental,4887,6,298.05084514719914,7
sano,38,13,B_incremental,4887,6,298.05084514719914,7
sano,38,14,B_incremental,4887,6,298.05084514719914,7
sano,38,15,B_incremental,4887,6,298.05084514719914,7
sano,38,16,B_incremental,4887,6,298.05084514719914,7
sano,38,17,B_incremental,4887,6,298.05084514719914,7
sano,38,18,B_incremental,4887,6,298.05084514719914,7
sano,38,19,B_incremental,4887,6,298.05084514719914,7
sano,38,20,B_incremental,4887,6,298.05084514719914,7
sano,38,21,B_incremental,4887,6,298.05084514719914,7
sano,38,22,B_incremental,4887,6,298.05084514719914,7
sano,38,23,B_incremental,4887,6,298.05084514719914,7
sano,39,0,A_steiner,5071,3,134.33397227571038,4
sano,39,1,A_steiner,5071,3,134.33397227571038,4
sano,39,2,A_steiner,5071,3,134.33397227571038,4
sano,39,3,A_steiner,5071,3,134.33397227571038,4
sano,39,4,A_steiner,5071,3,134.33397227571038,4
sano,39,5,A_steiner,5071,3,134.33397227571038,4
sano,39,6,A_steiner,5071,3,134.33397227571038,4
sano,39,7,A_steiner,5071,3,134.33397227571038,4
sano,39,8,A_steiner,5071,3,134.33397227571038,4
sano,39,9,A_steiner,5071,3,134.33397227571038,4
sano,39,10,A_steiner,5071,3,134.33397227571038,4
sano,39,11,A_steiner,5071,3,134.33397227571038,4
sano,39,12,B_incremental,5071,3,134.33397227571038,4
sano,39,13,B_incremental,5071,3,134.33397227571038,4
sano,39,14,B_incremental,5071,3,134.33397227571038,4
sano,39,15,B_incremental,5071,3,134.33397227571038,4
sano,39,16,B_incremental,5071,3,134.33397227571038,4
sano,39,17,B_incremental,5071,3,134.33397227571038,4
sano,39,18,B_incremental,5071,3,134.33397227571038,4
sano,39,19,B_incremental,5071,3,134.33397227571038,4
sano,39,20,B_incremental,5071,3,134.33397227571038,4
sano,39,21,B_incremental,5071,3,134.33397227571038,4
sano,39,22,B_incremental,5071,3,134.33397227571038,4
sano,39,23,B_incremental,5071,3,134.33397227571038,4
sano,40,0,A_steiner,1501,9,585.55399177397,7
sano,40,1,A_steiner,1501,9,585.55399177397,7
sano,40,2,A_steiner,1501,9,585.55399177397,7
sano,40,3,A_steiner,1501,9,585.55399177397,7
sano,40,4,A_steiner,1501,9,585.55399177397,7
sano,40,5,A_steiner,1501,9,585.55399177397,7
sano,40,6,A_steiner,1501,9,585.55399177397,7
sano,40,7,A_steiner,1501,9,585.55399177397,7
sano,40,8,A_steiner,1501,9,585.55399177397,7
sano,40,9,A_steiner,1501,9,585.55399177397,7
sano,40,10,A_steiner,1501,9,585.55399177397,7
sano,40,11,A_steiner,1501,9,585.55399177397,7
sano,40,12,B_incremental,1501,9,585.55399177397,7
sano,40,13,B_incremental,1501,9,585.55399177397,7
sano,40,14,B_incremental,1501,9,585.55399177397,7
sano,40,15,B_incremental,1501,9,585.55399177397,7
sano,40,16,B_incremental,1501,9,585.55399177397,7
sano,40,17,B_incremental,1501,9,585.55399177397,7
sano,40,18,B_incremental,1501,9,585.55399177397,7
sano,40,19,B_incremental,1501,9,585.55399177397,7
sano,40,20,B_incremental,1501,9,585.55399177397,7
sano,40,21,B_incremental,1501,9,585.55399177397,7
sano,40,22,B_incremental,1501,9,585.55399177397,7
sano,40,23,B_incremental,1501,9,585.55399177397,7
sano,41,0,A_steiner,4831,3,281.90952999918136,3
sano,41,1,A_steiner,4831,3,281.90952999918136,3
sano,41,2,A_steiner,4831,3,281.90952999918136,3
sano,41,3,A_steiner,4831,3,281.90952999918136,3
sano,41,4,A_steiner,4831,3,281.90952999918136,3
sano,41,5,A_steiner,4831,3,281.90952999918136,3
sano,41,6,A_steiner,4831,3,281.90952999918136,3
sano,41,7,A_steiner,4831,3,281.90952999918136,3
sano,41,8,A_steiner,4831,3,281.90952999918136,3
sano,41,9,A_steiner,4831,3,281.90952999918136,3
sano,41,10,A_steiner,4831,3,281.90952999918136,3
sano,41,11,A_steiner,4831,3,281.90952999918136,3
sano,41,12,B_incremental,4831,3,281.90952999918136,3
sano,41,13,B_incremental,4831,3,281.90952999918136,3
sano,41,14,B_incremental,4831,3,281.90952999918136,3
sano,41,15,B_incremental,4831,3,281.90952999918136,3
sano,41,16,B_incremental,4831,3,281.90952999918136,3
sano,41,17,B_incremental,4831,3,281.90952999918136,3
sano,41,18,B_incremental,4831,3,281.90952999918136,3
sano,41,19,B_incremental,4831,3,281.90952999918136,3
sano,41,20,B_incremental,4831,3,281.90952999918136,3
sano,41,21,B_incremental,4831,3,281.90952999918136,3
sano,41,22,B_incremental,4831,3,281.90952999918136,3
sano,41,23,B_incremental,4831,3,281.90952999918136,3
sano,42,0,A_steiner,3624,6,293.95247599017426,7
sano,42,1,A_steiner,3624,6,293.95247599017426,7
sano,42,2,A_steiner,3624,6,293.95247599017426,7
sano,42,3,A_steiner,3624,6,293.95247599017426,7
sano,42,4,A_steiner,3624,6,293.95247599017426,7
sano,42,5,A_steiner,3624,6,293.95247599017426,7
sano,42,6,A_steiner,3624,6,293.95247599017426,7
sano,42,7,A_steiner,3624,6,293.95247599017426,7
sano,42,8,A_steiner,3624,6,293.95247599017426,7
sano,42,9,A_steiner,3624,6,293.95247599017426,7
sano,42,10,A_steiner,3624,6,293.95247599017426,7
sano,42,11,A_steiner,3624,6,293.95247599017426,7
sano,42,12,B_incremental,3624,6,293.95247599017426,7
sano,42,13,B_incremental,3624,6,293.95247599017426,7
sano,42,14,B_incremental,3624,6,293.95247599017426,7
sano,42,15,B_incremental,3624,6,293.95247599017426,7
sano,42,16,B_incremental,3624,6,293.95247599017426,7
sano,42,17,B_incremental,3624,6,293.95247599017426,7
sano,42,18,B_incremental,3624,6,293.95247599017426,7
sano,42,19,B_incremental,3624,6,293.95247599017426,7
sano,42,20,B_incremental,3624,6,293.95247599017426,7
sano,42,21,B_incremental,3624,6,293.95247599017426,7
sano,42,22,B_incremental,3624,6,293.95247599017426,7
sano,42,23,B_incremental,3624,6,293.95247599017426,7
sano,43,0,A_steiner,4864,8,395.5869599480469,9
sano,43,1,A_steiner,4864,8,395.5869599480469,9
sano,43,2,A_steiner,4864,8,395.5869599480469,9
sano,43,3,A_steiner,4864,8,395.5869599480469,9
sano,43,4,A_steiner,4864,8,395.5869599480469,9
sano,43,5,A_steiner,4864,8,395.5869599480469,9
sano,43,6,A_steiner,4864,8,395.5869599480469,9
sano,43,7,A_steiner,4864,8,395.5869599480469,9
sano,43,8,A_steiner,4864,8,395.5869599480469,9
sano,43,9,A_steiner,4864,8,395.5869599480469,9
sano,43,10,A_steiner,4864,8,395.5869599480469,9
sano,43,11,A_steiner,4864,8,395.5869599480469,9
sano,43,12,B_incremental,4864,8,451.86370512995694,9
sano,43,13,B_incremental,4864,8,395.5869599480469,9
sano,43,14,B_incremental,4864,8,395.5869599480469,9
sano,43,15,B_incremental,4864,8,395.5869599480469,9
sano,43,16,B_incremental,4864,8,395.5869599480469,9
sano,43,17,B_incremental,4864,8,395.5869599480469,9
sano,43,18,B_incremental,4864,8,395.5869599480469,9
sano,43,19,B_incremental,4864,8,395.5869599480469,9
sano,43,20,B_incremental,4864,8,395.5869599480469,9
sano,43,21,B_incremental,4864,8,395.5869599480469,9
sano,43,22,B_incremental,4864,8,395.5869599480469,9
sano,43,23,B_incremental,4864,8,395.5869599480469,9
sano,44,0,A_steiner,5503,2,91.01130065329102,3
sano,44,1,A_steiner,5503,2,91.01130065329102,3
sano,44,2,A_steiner,5503,2,91.01130065329102,3
sano,44,3,A_steiner,5503,2,91.01130065329102,3
sano,44,4,A_steiner,5503,2,91.01130065329102,3
sano,44,5,A_steiner,5503,2,91.01130065329102,3
sano,44,6,A_steiner,5503,2,91.01130065329102,3
sano,44,7,A_steiner,5503,2,91.01130065329102,3
sano,44,8,A_steiner,5503,2,91.01130065329102,3
sano,44,9,A_steiner,5503,2,91.01130065329102,3
sano,44,10,A_steiner,5503,2,91.01130065329102,3
sano,44,11,A_steiner,5503,2,91.01130065329102,3
sano,44,12,B_incremental,5503,2,91.01130065329102,3
sano,44,13,B_incremental,5503,2,91.01130065329102,3
sano,44,14,B_incremental,5503,2,91.01130065329102,3
sano,44,15,B_incremental,5503,2,91.01130065329102,3
sano,44,16,B_incremental,5503,2,91.01130065329102,3
sano,44,17,B_incremental,5503,2,91.01130065329102,3
sano,44,18,B_incremental,5503,2,91.01130065329102,3
sano,44,19,B_incremental,5503,2,91.01130065329102,3
sano,44,20,B_incremental,5503,2,91.01130065329102,3
sano,44,21,B_incremental,5503,2,91.01130065329102,3
sano,44,22,B_incremental,5503,2,91.01130065329102,3
sano,44,23,B_incremental,5503,2,91.01130065329102,3
sano,45,0,A_steiner,5040,6,497.23197073410927,7
sano,45,1,A_steiner,5040,6,497.23197073410927,7
sano,45,2,A_steiner,5040,6,497.23197073410927,7
sano,45,3,A_steiner,5040,6,497.23197073410927,7
sano,45,4,A_steiner,5040,6,497.23197073410927,7
sano,45,5,A_steiner,5040,6,497.23197073410927,7
sano,45,6,A_steiner,5040,6,497.23197073410927,7
sano,45,7,A_steiner,5040,6,497.23197073410927,7
sano,45,8,A_steiner,5040,6,497.23197073410927,7
sano,45,9,A_steiner,5040,6,497.23197073410927,7
sano,45,10,A_steiner,5040,6,497.23197073410927,7
sano,45,11,A_steiner,5040,6,497.23197073410927,7
sano,45,12,B_incremental,5040,7,514.843082249402,7
sano,45,13,B_incremental,5040,6,497.23197073410927,7
sano,45,14,B_incremental,5040,6,497.23197073410927,7
sano,45,15,B_incremental,5040,6,497.23197073410927,7
sano,45,16,B_incremental,5040,6,497.23197073410927,7
sano,45,17,B_incremental,5040,7,514.843082249402,7
sano,45,18,B_incremental,5040,6,497.23197073410927,7
sano,45,19,B_incremental,5040,6,497.23197073410927,7
sano,45,20,B_incremental,5040,6,497.23197073410927,7
sano,45,21,B_incremental,5040,7,514.843082249402,7
sano,45,22,B_incremental,5040,6,497.23197073410927,7
sano,45,23,B_incremental,5040,6,497.23197073410927,7
sano,46,0,A_steiner,4680,5,264.7970045769991,5
sano,46,1,A_steiner,4680,5,264.7970045769991,5
sano,46,2,A_steiner,4680,5,264.7970045769991,5
sano,46,3,A_steiner,4680,5,264.7970045769991,5
sano,46,4,A_steiner,4680,5,264.7970045769991,5
sano,46,5,A_steiner,4680,5,264.7970045769991,5
sano,46,6,A_steiner,4680,5,264.7970045769991,5
sano,46,7,A_steiner,4680,5,264.7970045769991,5
sano,46,8,A_steiner,4680,5,264.7970045769991,5
sano,46,9,A_steiner,4680,5,264.7970045769991,5
sano,46,10,A_steiner,4680,5,264.7970045769991,5
sano,46,11,A_steiner,4680,5,264.7970045769991,5
sano,46,12,B_incremental,4680,5,264.7970045769991,5
sano,46,13,B_incremental,4680,5,264.7970045769991,5
sano,46,14,B_incremental,4680,5,264.7970045769991,5
sano,46,15,B_incremental,4680,5,264.7970045769991,5
sano,46,16,B_incremental,4680,5,264.7970045769991,5
sano,46,17,B_incremental,4680,5,264.7970045769991,5
sano,46,18,B_incremental,4680,5,264.7970045769991,5
sano,46,19,B_incremental,4680,5,264.7970045769991,5
sano,46,20,B_incremental,4680,5,264.7970045769991,5
sano,46,21,B_incremental,4680,5,264.7970045769991,5
sano,46,22,B_incremental,4680,5,264.7970045769991,5
sano,46,23,B_incremental,4680,5,264.7970045769991,5
sano,47,0,A_steiner,1857,4,284.61915393477614,5
sano,47,1,A_steiner,1857,4,284.61915393477614,5
sano,47,2,A_steiner,1857,4,284.61915393477614,5
sano,47,3,A_steiner,1857,4,284.61915393477614,5
sano,47,4,A_steiner,1857,4,284.61915393477614,5
sano,47,5,A_steiner,1857,4,284.61915393477614,5
sano,47,6,A_steiner,1857,4,284.61915393477614,5
sano,47,7,A_steiner,1857,4,284.61915393477614,5
sano,47,8,A_steiner,1857,4,284.61915393477614,5
sano,47,9,A_steiner,1857,4,284.61915393477614,5
sano,47,10,A_steiner,1857,4,284.61915393477614,5
sano,47,11,A_steiner,1857,4,284.61915393477614,5
sano,47,12,B_incremental,1857,4,284.61915393477614,5
sano,47,13,B_incremental,1857,4,314.1154215541857,5
sano,47,14,B_incremental,1857,4,314.1154215541857,5
sano,47,15,B_incremental,1857,4,314.1154215541857,5
sano,47,16,B_incremental,1857,4,284.61915393477614,5
sano,47,17,B_incremental,1857,4,314.1154215541857,5
sano,47,18,B_incremental,1857,4,284.61915393477614,5
sano,47,19,B_incremental,1857,4,314.1154215541857,5
sano,47,20,B_incremental,1857,4,314.1154215541857,5
sano,47,21,B_incremental,1857,4,314.1154215541857,5
sano,47,22,B_incremental,1857,4,284.61915393477614,5
sano,47,23,B_incremental,1857,4,314.1154215541857,5
sano,48,0,A_steiner,1901,9,505.4016503309082,10
sano,48,1,A_steiner,1901,9,505.4016503309082,10
sano,48,2,A_steiner,1901,9,505.4016503309082,10
sano,48,3,A_steiner,1901,9,505.4016503309082,10
sano,48,4,A_steiner,1901,9,505.4016503309082,10
sano,48,5,A_steiner,1901,9,505.4016503309082,10
sano,48,6,A_steiner,1901,9,505.4016503309082,10
sano,48,7,A_steiner,1901,9,505.4016503309082,10
sano,48,8,A_steiner,1901,9,505.4016503309082,10
sano,48,9,A_steiner,1901,9,505.4016503309082,10
sano,48,10,A_steiner,1901,9,505.4016503309082,10
sano,48,11,A_steiner,1901,9,505.4016503309082,10
sano,48,12,B_incremental,1901,9,505.4016503309082,10
sano,48,13,B_incremental,1901,9,505.4016503309082,10
sano,48,14,B_incremental,1901,9,505.4016503309082,10
sano,48,15,B_incremental,1901,9,505.4016503309082,10
sano,48,16,B_incremental,1901,9,505.4016503309082,10
sano,48,17,B_incremental,1901,9,505.4016503309082,10
sano,48,18,B_incremental,1901,9,505.4016503309082,10
sano,48,19,B_incremental,1901,9,505.4016503309082,10
sano,48,20,B_incremental,1901,9,505.4016503309082,10
sano,48,21,B_incremental,1901,9,505.4016503309082,10
sano,48,22,B_incremental,1901,9,505.4016503309082,10
sano,48,23,B_incremental,1901,9,505.4016503309082,10
sano,49,0,A_steiner,1737,5,354.79067138356936,6
sano,49,1,A_steiner,1737,5,354.79067138356936,6
sano,49,2,A_steiner,1737,5,354.79067138356936,6
sano,49,3,A_steiner,1737,5,354.79067138356936,6
sano,49,4,A_steiner,1737,5,354.79067138356936,6
sano,49,5,A_steiner,1737,5,354.79067138356936,6
sano,49,6,A_steiner,1737,5,354.79067138356936,6
sano,49,7,A_steiner,1737,5,354.79067138356936,6
sano,49,8,A_steiner,1737,5,354.79067138356936,6
sano,49,9,A_steiner,1737,5,354.79067138356936,6
sano,49,10,A_steiner,1737,5,354.79067138356936,6
sano,49,11,A_steiner,1737,5,354.79067138356936,6
sano,49,12,B_incremental,1737,5,354.79067138356936,6
sano,49,13,B_incremental,1737,5,354.79067138356936,6
sano,49,14,B_incremental,1737,5,354.79067138356936,6
sano,49,15,B_incremental,1737,5,405.007189909604,6
sano,49,16,B_incremental,1737,5,354.79067138356936,6
sano,49,17,B_incremental,1737,5,354.79067138356936,6
sano,49,18,B_incremental,1737,5,405.007189909604,6
sano,49,19,B_incremental,1737,5,354.79067138356936,6
sano,49,20,B_incremental,1737,5,405.007189909604,6
sano,49,21,B_incremental,1737,5,405.007189909604,6
sano,49,22,B_incremental,1737,5,405.007189909604,6
sano,49,23,B_incremental,1737,5,354.79067138356936,6
sano,50,0,A_steiner,6204,8,607.5950563174044,6
sano,50,1,A_steiner,6204,8,607.5950563174044,6
sano,50,2,A_steiner,6204,8,607.5950563174044,6
sano,50,3,A_steiner,6204,8,607.5950563174044,6
sano,50,4,A_steiner,6204,8,607.5950563174044,6
sano,50,5,A_steiner,6204,8,607.5950563174044,6
sano,50,6,A_steiner,6204,8,607.5950563174044,6
sano,50,7,A_steiner,6204,8,607.5950563174044,6
sano,50,8,A_steiner,6204,8,607.5950563174044,6
sano,50,9,A_steiner,6204,8,607.5950563174044,6
sano,50,10,A_steiner,6204,8,607.5950563174044,6
sano,50,11,A_steiner,6204,8,607.5950563174044,6
sano,50,12,B_incremental,6204,8,607.5950563174044,6
sano,50,13,B_incremental,6204,8,607.5950563174044,6
sano,50,14,B_incremental,6204,8,607.5950563174044,6
sano,50,15,B_incremental,6204,8,607.5950563174044,6
sano,50,16,B_incremental,6204,8,607.5950563174044,6
sano,50,17,B_incremental,6204,8,607.5950563174044,6
sano,50,18,B_incremental,6204,8,607.5950563174044,6
sano,50,19,B_incremental,6204,8,607.5950563174044,6
sano,50,20,B_incremental,6204,8,607.5950563174044,6
sano,50,21,B_incremental,6204,8,607.5950563174044,6
sano,50,22,B_incremental,6204,8,607.5950563174044,6
sano,50,23,B_incremental,6204,8,607.5950563174044,6
sano,51,0,A_steiner,1726,5,265.834898865988,6
sano,51,1,A_steiner,1726,5,265.834898865988,6
sano,51,2,A_steiner,1726,5,265.834898865988,6
sano,51,3,A_steiner,1726,5,265.834898865988,6
sano,51,4,A_steiner,1726,5,265.834898865988,6
sano,51,5,A_steiner,1726,5,265.834898865988,6
sano,51,6,A_steiner,1726,5,265.834898865988,6
sano,51,7,A_steiner,1726,5,265.834898865988,6
sano,51,8,A_steiner,1726,5,265.834898865988,6
sano,51,9,A_steiner,1726,5,265.834898865988,6
sano,51,10,A_steiner,1726,5,265.834898865988,6
sano,51,11,A_steiner,1726,5,265.834898865988,6
sano,51,12,B_incremental,1726,5,265.834898865988,6
sano,51,13,B_incremental,1726,5,265.834898865988,6
sano,51,14,B_incremental,1726,5,265.834898865988,6
sano,51,15,B_incremental,1726,5,265.834898865988,6
sano,51,16,B_incremental,1726,5,265.834898865988,6
sano,51,17,B_incremental,1726,5,265.834898865988,6
sano,51,18,B_incremental,1726,5,265.834898865988,6
sano,51,19,B_incremental,1726,5,265.834898865988,6
sano,51,20,B_incremental,1726,5,265.834898865988,6
sano,51,21,B_incremental,1726,5,265.834898865988,6
sano,51,22,B_incremental,1726,5,265.834898865988,6
sano,51,23,B_incremental,1726,5,265.834898865988,6
sano,52,0,A_steiner,4787,3,129.13959465681742,4
sano,52,1,A_steiner,4787,3,129.13959465681742,4
sano,52,2,A_steiner,4787,3,129.13959465681742,4
sano,52,3,A_steiner,4787,3,129.13959465681742,4
sano,52,4,A_steiner,4787,3,129.13959465681742,4
sano,52,5,A_steiner,4787,3,129.13959465681742,4
sano,52,6,A_steiner,4787,3,129.13959465681742,4
sano,52,7,A_steiner,4787,3,129.13959465681742,4
sano,52,8,A_steiner,4787,3,129.13959465681742,4
sano,52,9,A_steiner,4787,3,129.13959465681742,4
sano,52,10,A_steiner,4787,3,129.13959465681742,4
sano,52,11,A_steiner,4787,3,129.13959465681742,4
sano,52,12,B_incremental,4787,3,129.13959465681742,4
sano,52,13,B_incremental,4787,3,129.13959465681742,4
sano,52,14,B_incremental,4787,3,129.13959465681742,4
sano,52,15,B_incremental,4787,3,129.13959465681742,4
sano,52,16,B_incremental,4787,3,129.13959465681742,4
sano,52,17,B_incremental,4787,3,129.13959465681742,4
sano,52,18,B_incremental,4787,3,129.13959465681742,4
sano,52,19,B_incremental,4787,3,129.13959465681742,4
sano,52,20,B_incremental,4787,3,129.13959465681742,4
sano,52,21,B_incremental,4787,3,129.13959465681742,4
sano,52,22,B_incremental,4787,3,129.13959465681742,4
sano,52,23,B_incremental,4787,3,129.13959465681742,4
sano,53,0,A_steiner,209,9,532.9602808576865,8
sano,53,1,A_steiner,209,9,532.8582882285574,8
sano,53,2,A_steiner,209,9,532.9602808576865,8
sano,53,3,A_steiner,209,9,532.8582882285574,8
sano,53,4,A_steiner,209,9,532.9602808576865,8
sano,53,5,A_steiner,209,9,532.9602808576865,8
sano,53,6,A_steiner,209,9,532.8582882285574,8
sano,53,7,A_steiner,209,9,532.8582882285574,8
sano,53,8,A_steiner,209,9,532.8582882285574,8
sano,53,9,A_steiner,209,9,532.8582882285574,8
sano,53,10,A_steiner,209,9,532.8582882285574,8
sano,53,11,A_steiner,209,9,532.9602808576865,8
sano,53,12,B_incremental,209,9,532.8582882285574,8
sano,53,13,B_incremental,209,9,532.8582882285574,8
sano,53,14,B_incremental,209,9,552.7806027921064,8
sano,53,15,B_incremental,209,9,552.7806027921064,8
sano,53,16,B_incremental,209,9,532.8582882285574,8
sano,53,17,B_incremental,209,9,552.7806027921064,8
sano,53,18,B_incremental,209,9,532.8582882285574,8
sano,53,19,B_incremental,209,9,552.6786101629773,8
sano,53,20,B_incremental,209,9,532.8582882285574,8
sano,53,21,B_incremental,209,9,552.6786101629773,8
sano,53,22,B_incremental,209,9,532.8582882285574,8
sano,53,23,B_incremental,209,9,532.8582882285574,8
sano,54,0,A_steiner,4830,4,205.66368213538843,5
sano,54,1,A_steiner,4830,4,205.66368213538843,5
sano,54,2,A_steiner,4830,4,205.66368213538843,5
sano,54,3,A_steiner,4830,4,205.66368213538843,5
sano,54,4,A_steiner,4830,4,205.66368213538843,5
sano,54,5,A_steiner,4830,4,205.66368213538843,5
sano,54,6,A_steiner,4830,4,205.66368213538843,5
sano,54,7,A_steiner,4830,4,205.66368213538843,5
sano,54,8,A_steiner,4830,4,205.66368213538843,5
sano,54,9,A_steiner,4830,4,205.66368213538843,5
sano,54,10,A_steiner,4830,4,205.66368213538843,5
sano,54,11,A_steiner,4830,4,205.66368213538843,5
sano,54,12,B_incremental,4830,4,205.66368213538843,5
sano,54,13,B_incremental,4830,4,205.66368213538843,5
sano,54,14,B_incremental,4830,4,205.66368213538843,5
sano,54,15,B_incremental,4830,4,205.66368213538843,5
sano,54,16,B_incremental,4830,4,205.66368213538843,5
sano,54,17,B_incremental,4830,4,205.66368213538843,5
sano,54,18,B_incremental,4830,4,205.66368213538843,5
sano,54,19,B_incremental,4830,4,205.66368213538843,5
sano,54,20,B_incremental,4830,4,205.66368213538843,5
sano,54,21,B_incremental,4830,4,205.66368213538843,5
sano,54,22,B_incremental,4830,4,205.66368213538843,5
sano,54,23,B_incremental,4830,4,205.66368213538843,5
sano,55,0,A_steiner,5499,2,74.65618421440684,3
sano,55,1,A_steiner,5499,2,74.65618421440684,3
sano,55,2,A_steiner,5499,2,74.65618421440684,3
sano,55,3,A_steiner,5499,2,74.65618421440684,3
sano,55,4,A_steiner,5499,2,74.65618421440684,3
sano,55,5,A_steiner,5499,2,74.65618421440684,3
sano,55,6,A_steiner,5499,2,74.65618421440684,3
sano,55,7,A_steiner,5499,2,74.65618421440684,3
sano,55,8,A_steiner,5499,2,74.65618421440684,3
sano,55,9,A_steiner,5499,2,74.65618421440684,3
sano,55,10,A_steiner,5499,2,74.65618421440684,3
sano,55,11,A_steiner,5499,2,74.65618421440684,3
sano,55,12,B_incremental,5499,2,74.65618421440684,3
sano,55,13,B_incremental,5499,2,74.65618421440684,3
sano,55,14,B_incremental,5499,2,74.65618421440684,3
sano,55,15,B_incremental,5499,2,74.65618421440684,3
sano,55,16,B_incremental,5499,2,74.65618421440684,3
sano,55,17,B_incremental,5499,2,74.65618421440684,3
sano,55,18,B_incremental,5499,2,74.65618421440684,3
sano,55,19,B_incremental,5499,2,74.65618421440684,3
sano,55,20,B_incremental,5499,2,74.65618421440684,3
sano,55,21,B_incremental,5499,2,74.65618421440684,3
sano,55,22,B_incremental,5499,2,74.65618421440684,3
sano,55,23,B_incremental,5499,2,74.65618421440684,3
sano,56,0,A_steiner,1460,1,92.04826136878997,2
sano,56,1,A_steiner,1460,1,92.04826136878997,2
sano,56,2,A_steiner,1460,1,92.04826136878997,2
sano,56,3,A_steiner,1460,1,92.04826136878997,2
sano,56,4,A_steiner,1460,1,92.04826136878997,2
sano,56,5,A_steiner,1460,1,92.04826136878997,2
sano,56,6,A_steiner,1460,1,92.04826136878997,2
sano,56,7,A_steiner,1460,1,92.04826136878997,2
sano,56,8,A_steiner,1460,1,92.04826136878997,2
sano,56,9,A_steiner,1460,1,92.04826136878997,2
sano,56,10,A_steiner,1460,1,92.04826136878997,2
sano,56,11,A_steiner,1460,1,92.04826136878997,2
sano,56,12,B_incremental,1460,1,92.04826136878997,2
sano,56,13,B_incremental,1460,1,92.04826136878997,2
sano,56,14,B_incremental,1460,1,92.04826136878997,2
sano,56,15,B_incremental,1460,1,92.04826136878997,2
sano,56,16,B_incremental,1460,1,92.04826136878997,2
sano,56,17,B_incremental,1460,1,92.04826136878997,2
sano,56,18,B_incremental,1460,1,92.04826136878997,2
sano,56,19,B_incremental,1460,1,92.04826136878997,2
sano,56,20,B_incremental,1460,1,92.04826136878997,2
sano,56,21,B_incremental,1460,1,92.04826136878997,2
sano,56,22,B_incremental,1460,1,92.04826136878997,2
sano,56,23,B_incremental,1460,1,92.04826136878997,2
sano,57,0,A_steiner,861,4,128.4212138407833,5
sano,57,1,A_steiner,861,4,128.4212138407833,5
sano,57,2,A_steiner,861,4,128.4212138407833,5
sano,57,3,A_steiner,861,4,128.4212138407833,5
sano,57,4,A_steiner,861,4,128.4212138407833,5
sano,57,5,A_steiner,861,4,128.4212138407833,5
sano,57,6,A_steiner,861,4,128.4212138407833,5
sano,57,7,A_steiner,861,4,128.4212138407833,5
sano,57,8,A_steiner,861,4,128.4212138407833,5
sano,57,9,A_steiner,861,4,128.4212138407833,5
sano,57,10,A_steiner,861,4,128.4212138407833,5
sano,57,11,A_steiner,861,4,128.4212138407833,5
sano,57,12,B_incremental,861,4,128.4212138407833,5
sano,57,13,B_incremental,861,4,128.4212138407833,5
sano,57,14,B_incremental,861,4,128.4212138407833,5
sano,57,15,B_incremental,861,4,128.4212138407833,5
sano,57,16,B_incremental,861,4,128.4212138407833,5
sano,57,17,B_incremental,861,4,128.4212138407833,5
sano,57,18,B_incremental,861,4,128.4212138407833,5
sano,57,19,B_incremental,861,4,128.4212138407833,5
sano,57,20,B_incremental,861,4,128.4212138407833,5
sano,57,21,B_incremental,861,4,128.4212138407833,5
sano,57,22,B_incremental,861,4,128.4212138407833,5
sano,57,23,B_incremental,861,4,128.4212138407833,5
sano,58,0,A_steiner,6221,9,398.7269318491843,7
sano,58,1,A_steiner,6221,9,397.6954161958887,7
sano,58,2,A_steiner,6221,9,397.6954161958887,7
sano,58,3,A_steiner,6221,9,397.6954161958887,7
sano,58,4,A_steiner,6221,9,398.7269318491843,7
sano,58,5,A_steiner,6221,9,398.7269318491843,7
sano,58,6,A_steiner,6221,9,397.6954161958887,7
sano,58,7,A_steiner,6221,9,397.6954161958887,7
sano,58,8,A_steiner,6221,9,397.6954161958887,7
sano,58,9,A_steiner,6221,9,398.7269318491843,7
sano,58,10,A_steiner,6221,9,397.6954161958887,7
sano,58,11,A_steiner,6221,9,398.7269318491843,7
sano,58,12,B_incremental,6221,9,397.6954161958887,7
sano,58,13,B_incremental,6221,9,397.6954161958887,7
sano,58,14,B_incremental,6221,9,398.7269318491843,7
sano,58,15,B_incremental,6221,9,397.6954161958887,7
sano,58,16,B_incremental,6221,9,398.7269318491843,7
sano,58,17,B_incremental,6221,9,397.6954161958887,7
sano,58,18,B_incremental,6221,9,397.6954161958887,7
sano,58,19,B_incremental,6221,9,398.7269318491843,7
sano,58,20,B_incremental,6221,9,397.6954161958887,7
sano,58,21,B_incremental,6221,9,398.7269318491843,7
sano,58,22,B_incremental,6221,9,397.6954161958887,7
sano,58,23,B_incremental,6221,9,397.6954161958887,7
sano,59,0,A_steiner,5191,7,537.3688142919422,5
sano,59,1,A_steiner,5191,7,537.3688142919422,5
sano,59,2,A_steiner,5191,7,537.3688142919422,5
sano,59,3,A_steiner,5191,7,537.3688142919422,5
sano,59,4,A_steiner,5191,7,537.3688142919422,5
sano,59,5,A_steiner,5191,7,537.3688142919422,5
sano,59,6,A_steiner,5191,7,537.3688142919422,5
sano,59,7,A_steiner,5191,7,537.3688142919422,5
sano,59,8,A_steiner,5191,7,537.3688142919422,5
sano,59,9,A_steiner,5191,7,537.3688142919422,5
sano,59,10,A_steiner,5191,7,537.3688142919422,5
sano,59,11,A_steiner,5191,7,537.3688142919422,5
sano,59,12,B_incremental,5191,7,537.3688142919422,5
sano,59,13,B_incremental,5191,7,537.3688142919422,5
sano,59,14,B_incremental,5191,7,537.3688142919422,5
sano,59,15,B_incremental,5191,7,537.3688142919422,5
sano,59,16,B_incremental,5191,7,537.3688142919422,5
sano,59,17,B_incremental,5191,7,537.3688142919422,5
sano,59,18,B_incremental,5191,7,537.3688142919422,5
sano,59,19,B_incremental,5191,7,537.3688142919422,5
sano,59,20,B_incremental,5191,7,537.3688142919422,5
sano,59,21,B_incremental,5191,7,537.3688142919422,5
sano,59,22,B_incremental,5191,7,537.3688142919422,5
sano,59,23,B_incremental,5191,7,537.3688142919422,5
sano,60,0,A_steiner,1468,3,271.56123153250996,4
sano,60,1,A_steiner,1468,3,271.56123153250996,4
sano,60,2,A_steiner,1468,3,271.56123153250996,4
sano,60,3,A_steiner,1468,3,271.56123153250996,4
sano,60,4,A_steiner,1468,3,271.56123153250996,4
sano,60,5,A_steiner,1468,3,271.56123153250996,4
sano,60,6,A_steiner,1468,3,271.56123153250996,4
sano,60,7,A_steiner,1468,3,271.56123153250996,4
sano,60,8,A_steiner,1468,3,271.56123153250996,4
sano,60,9,A_steiner,1468,3,271.56123153250996,4
sano,60,10,A_steiner,1468,3,271.56123153250996,4
sano,60,11,A_steiner,1468,3,271.56123153250996,4
sano,60,12,B_incremental,1468,3,271.56123153250996,4
sano,60,13,B_incremental,1468,3,271.56123153250996,4
sano,60,14,B_incremental,1468,3,271.56123153250996,4
sano,60,15,B_incremental,1468,3,271.56123153250996,4
sano,60,16,B_incremental,1468,3,271.56123153250996,4
sano,60,17,B_incremental,1468,3,271.56123153250996,4
sano,60,18,B_incremental,1468,3,271.56123153250996,4
sano,60,19,B_incremental,1468,3,271.56123153250996,4
sano,60,20,B_incremental,1468,3,271.56123153250996,4
sano,60,21,B_incremental,1468,3,271.56123153250996,4
sano,60,22,B_incremental,1468,3,271.56123153250996,4
sano,60,23,B_incremental,1468,3,271.56123153250996,4
sano,61,0,A_steiner,80,10,656.4755644015637,7
sano,61,1,A_steiner,80,10,656.4755644015637,7
sano,61,2,A_steiner,80,10,656.4755644015637,7
sano,61,3,A_steiner,80,10,656.4755644015637,7
sano,61,4,A_steiner,80,10,656.4755644015637,7
sano,61,5,A_steiner,80,10,656.4755644015637,7
sano,61,6,A_steiner,80,10,656.4755644015637,7
sano,61,7,A_steiner,80,10,656.4755644015637,7
sano,61,8,A_steiner,80,10,656.4755644015637,7
sano,61,9,A_steiner,80,10,656.4755644015637,7
sano,61,10,A_steiner,80,10,656.4755644015637,7
sano,61,11,A_steiner,80,10,656.4755644015637,7
sano,61,12,B_incremental,80,10,656.4755644015637,7
sano,61,13,B_incremental,80,10,656.4755644015637,7
sano,61,14,B_incremental,80,10,656.4755644015637,7
sano,61,15,B_incremental,80,10,656.4755644015637,7
sano,61,16,B_incremental,80,10,656.4755644015637,7
sano,61,17,B_incremental,80,10,656.4755644015637,7
sano,61,18,B_incremental,80,10,656.4755644015637,7
sano,61,19,B_incremental,80,10,656.4755644015637,7
sano,61,20,B_incremental,80,10,656.4755644015637,7
sano,61,21,B_incremental,80,10,656.4755644015637,7
sano,61,22,B_incremental,80,10,656.4755644015637,7
sano,61,23,B_incremental,80,10,656.4755644015637,7
sano,62,0,A_steiner,1877,7,651.3282160022661,7
sano,62,1,A_steiner,1877,7,651.3282160022661,7
sano,62,2,A_steiner,1877,7,651.3282160022661,7
sano,62,3,A_steiner,1877,7,651.3282160022661,7
sano,62,4,A_steiner,1877,7,651.3282160022661,7
sano,62,5,A_steiner,1877,7,651.3282160022661,7
sano,62,6,A_steiner,1877,7,651.3282160022661,7
sano,62,7,A_steiner,1877,7,651.3282160022661,7
sano,62,8,A_steiner,1877,7,651.3282160022661,7
sano,62,9,A_steiner,1877,7,651.3282160022661,7
sano,62,10,A_steiner,1877,7,651.3282160022661,7
sano,62,11,A_steiner,1877,7,651.3282160022661,7
sano,62,12,B_incremental,1877,7,651.3282160022661,7
sano,62,13,B_incremental,1877,7,651.3282160022661,7
sano,62,14,B_incremental,1877,7,651.3282160022661,7
sano,62,15,B_incremental,1877,7,651.3282160022661,7
sano,62,16,B_incremental,1877,7,651.3282160022661,7
sano,62,17,B_incremental,1877,7,651.3282160022661,7
sano,62,18,B_incremental,1877,7,651.3282160022661,7
sano,62,19,B_incremental,1877,7,651.3282160022661,7
sano,62,20,B_incremental,1877,7,651.3282160022661,7
sano,62,21,B_incremental,1877,7,651.3282160022661,7
sano,62,22,B_incremental,1877,7,651.3282160022661,7
sano,62,23,B_incremental,1877,7,651.3282160022661,7
sano,63,0,A_steiner,5013,4,222.28441761013366,5
sano,63,1,A_steiner,5013,4,222.28441761013366,5
sano,63,2,A_steiner,5013,4,222.28441761013366,5
sano,63,3,A_steiner,5013,4,222.28441761013366,5
sano,63,4,A_steiner,5013,4,222.28441761013366,5
sano,63,5,A_steiner,5013,4,222.28441761013366,5
sano,63,6,A_steiner,5013,4,222.28441761013366,5
sano,63,7,A_steiner,5013,4,222.28441761013366,5
sano,63,8,A_steiner,5013,4,222.28441761013366,5
sano,63,9,A_steiner,5013,4,222.28441761013366,5
sano,63,10,A_steiner,5013,4,222.28441761013366,5
sano,63,11,A_steiner,5013,4,222.28441761013366,5
sano,63,12,B_incremental,5013,4,222.28441761013366,5
sano,63,13,B_incremental,5013,4,222.28441761013366,5
sano,63,14,B_incremental,5013,4,222.28441761013366,5
sano,63,15,B_incremental,5013,4,222.28441761013366,5
sano,63,16,B_incremental,5013,4,222.28441761013366,5
sano,63,17,B_incremental,5013,4,222.28441761013366,5
sano,63,18,B_incremental,5013,4,222.28441761013366,5
sano,63,19,B_incremental,5013,4,222.28441761013366,5
sano,63,20,B_incremental,5013,4,222.28441761013366,5
sano,63,21,B_incremental,5013,4,222.28441761013366,5
sano,63,22,B_incremental,5013,4,222.28441761013366,5
sano,63,23,B_incremental,5013,4,222.28441761013366,5
sano,64,0,A_steiner,4557,10,724.8929358206315,10
sano,64,1,A_steiner,4557,10,724.8929358206315,10
sano,64,2,A_steiner,4557,9,717.6142487236268,10
sano,64,3,A_steiner,4557,10,724.8929358206315,10
sano,64,4,A_steiner,4557,9,717.6142487236268,10
sano,64,5,A_steiner,4557,9,717.6142487236268,10
sano,64,6,A_steiner,4557,9,717.6142487236268,10
sano,64,7,A_steiner,4557,10,724.8929358206315,10
sano,64,8,A_steiner,4557,10,724.8929358206315,10
sano,64,9,A_steiner,4557,10,724.8929358206315,10
sano,64,10,A_steiner,4557,9,717.6142487236268,10
sano,64,11,A_steiner,4557,9,717.6142487236268,10
sano,64,12,B_incremental,4557,9,717.6142487236268,10
sano,64,13,B_incremental,4557,9,717.6142487236268,10
sano,64,14,B_incremental,4557,9,717.6142487236268,10
sano,64,15,B_incremental,4557,9,717.6142487236268,10
sano,64,16,B_incremental,4557,9,717.6142487236268,10
sano,64,17,B_incremental,4557,9,717.6142487236268,10
sano,64,18,B_incremental,4557,9,717.6142487236268,10
sano,64,19,B_incremental,4557,9,717.6142487236268,10
sano,64,20,B_incremental,4557,9,717.6142487236268,10
sano,64,21,B_incremental,4557,9,717.6142487236268,10
sano,64,22,B_incremental,4557,9,717.6142487236268,10
sano,64,23,B_incremental,4557,9,717.6142487236268,10
sano,65,0,A_steiner,5192,6,229.47589940837855,7
sano,65,1,A_steiner,5192,6,229.47589940837855,7
sano,65,2,A_steiner,5192,6,229.47589940837855,7
sano,65,3,A_steiner,5192,6,229.47589940837855,7
sano,65,4,A_steiner,5192,6,229.47589940837855,7
sano,65,5,A_steiner,5192,6,229.47589940837855,7
sano,65,6,A_steiner,5192,6,229.47589940837855,7
sano,65,7,A_steiner,5192,6,229.47589940837855,7
sano,65,8,A_steiner,5192,6,229.47589940837855,7
sano,65,9,A_steiner,5192,6,229.47589940837855,7
sano,65,10,A_steiner,5192,6,229.47589940837855,7
sano,65,11,A_steiner,5192,6,229.47589940837855,7
sano,65,12,B_incremental,5192,6,229.47589940837855,7
sano,65,13,B_incremental,5192,6,229.47589940837855,7
sano,65,14,B_incremental,5192,6,229.47589940837855,7
sano,65,15,B_incremental,5192,6,229.47589940837855,7
sano,65,16,B_incremental,5192,6,229.47589940837855,7
sano,65,17,B_incremental,5192,6,229.47589940837855,7
sano,65,18,B_incremental,5192,6,229.47589940837855,7
sano,65,19,B_incremental,5192,6,229.47589940837855,7
sano,65,20,B_incremental,5192,6,229.47589940837855,7
sano,65,21,B_incremental,5192,6,229.47589940837855,7
sano,65,22,B_incremental,5192,6,229.47589940837855,7
sano,65,23,B_incremental,5192,6,229.47589940837855,7
sano,66,0,A_steiner,6141,8,532.9450845327589,9
sano,66,1,A_steiner,6141,8,532.9450845327589,9
sano,66,2,A_steiner,6141,8,537.1804619517383,9
sano,66,3,A_steiner,6141,8,532.9450845327589,9
sano,66,4,A_steiner,6141,8,532.9450845327589,9
sano,66,5,A_steiner,6141,8,532.9450845327589,9
sano,66,6,A_steiner,6141,8,532.9450845327589,9
sano,66,7,A_steiner,6141,8,532.9450845327589,9
sano,66,8,A_steiner,6141,8,532.9450845327589,9
sano,66,9,A_steiner,6141,8,532.9450845327589,9
sano,66,10,A_steiner,6141,8,532.9450845327589,9
sano,66,11,A_steiner,6141,8,537.1804619517383,9
sano,66,12,B_incremental,6141,8,532.9450845327589,9
sano,66,13,B_incremental,6141,8,532.9450845327589,9
sano,66,14,B_incremental,6141,8,532.9450845327589,9
sano,66,15,B_incremental,6141,8,532.9450845327589,9
sano,66,16,B_incremental,6141,8,532.9450845327589,9
sano,66,17,B_incremental,6141,8,532.9450845327589,9
sano,66,18,B_incremental,6141,8,532.9450845327589,9
sano,66,19,B_incremental,6141,8,532.9450845327589,9
sano,66,20,B_incremental,6141,8,532.9450845327589,9
sano,66,21,B_incremental,6141,8,532.9450845327589,9
sano,66,22,B_incremental,6141,8,532.9450845327589,9
sano,66,23,B_incremental,6141,8,532.9450845327589,9
sano,67,0,A_steiner,5031,7,313.1459754555193,8
sano,67,1,A_steiner,5031,7,313.1459754555193,8
sano,67,2,A_steiner,5031,7,313.1459754555193,8
sano,67,3,A_steiner,5031,7,313.1459754555193,8
sano,67,4,A_steiner,5031,7,313.1459754555193,8
sano,67,5,A_steiner,5031,7,313.1459754555193,8
sano,67,6,A_steiner,5031,7,313.1459754555193,8
sano,67,7,A_steiner,5031,7,313.1459754555193,8
sano,67,8,A_steiner,5031,7,313.1459754555193,8
sano,67,9,A_steiner,5031,7,313.1459754555193,8
sano,67,10,A_steiner,5031,7,313.1459754555193,8
sano,67,11,A_steiner,5031,7,313.1459754555193,8
sano,67,12,B_incremental,5031,7,313.1459754555193,8
sano,67,13,B_incremental,5031,7,313.1459754555193,8
sano,67,14,B_incremental,5031,8,348.90739210191646,8
sano,67,15,B_incremental,5031,7,313.1459754555193,8
sano,67,16,B_incremental,5031,7,313.1459754555193,8
sano,67,17,B_incremental,5031,7,313.1459754555193,8
sano,67,18,B_incremental,5031,7,313.1459754555193,8
sano,67,19,B_incremental,5031,7,313.1459754555193,8
sano,67,20,B_incremental,5031,7,313.1459754555193,8
sano,67,21,B_incremental,5031,7,313.1459754555193,8
sano,67,22,B_incremental,5031,7,313.1459754555193,8
sano,67,23,B_incremental,5031,7,313.1459754555193,8
sano,68,0,A_steiner,6220,8,630.390437051339,2
sano,68,1,A_steiner,6220,8,630.390437051339,2
sano,68,2,A_steiner,6220,8,630.390437051339,2
sano,68,3,A_steiner,6220,8,630.390437051339,2
sano,68,4,A_steiner,6220,8,630.390437051339,2
sano,68,5,A_steiner,6220,8,630.390437051339,2
sano,68,6,A_steiner,6220,8,630.390437051339,2
sano,68,7,A_steiner,6220,8,630.390437051339,2
sano,68,8,A_steiner,6220,8,630.390437051339,2
sano,68,9,A_steiner,6220,8,630.390437051339,2
sano,68,10,A_steiner,6220,8,630.390437051339,2
sano,68,11,A_steiner,6220,8,630.390437051339,2
sano,68,12,B_incremental,6220,8,630.390437051339,2
sano,68,13,B_incremental,6220,8,630.390437051339,2
sano,68,14,B_incremental,6220,8,630.390437051339,2
sano,68,15,B_incremental,6220,8,630.390437051339,2
sano,68,16,B_incremental,6220,8,630.390437051339,2
sano,68,17,B_incremental,6220,8,630.390437051339,2
sano,68,18,B_incremental,6220,8,630.390437051339,2
sano,68,19,B_incremental,6220,8,630.390437051339,2
sano,68,20,B_incremental,6220,8,630.390437051339,2
sano,68,21,B_incremental,6220,8,630.390437051339,2
sano,68,22,B_incremental,6220,8,630.390437051339,2
sano,68,23,B_incremental,6220,8,630.390437051339,2
sano,69,0,A_steiner,878,8,661.5029666272042,5
sano,69,1,A_steiner,878,8,661.5029666272042,5
sano,69,2,A_steiner,878,8,661.5029666272042,5
sano,69,3,A_steiner,878,8,661.5029666272042,5
sano,69,4,A_steiner,878,8,661.5029666272042,5
sano,69,5,A_steiner,878,8,661.5029666272042,5
sano,69,6,A_steiner,878,8,661.5029666272042,5
sano,69,7,A_steiner,878,8,661.5029666272042,5
sano,69,8,A_steiner,878,8,661.5029666272042,5
sano,69,9,A_steiner,878,8,661.5029666272042,5
sano,69,10,A_steiner,878,8,661.5029666272042,5
sano,69,11,A_steiner,878,8,661.5029666272042,5
sano,69,12,B_incremental,878,8,661.5029666272042,5
sano,69,13,B_incremental,878,8,661.5029666272042,5
sano,69,14,B_incremental,878,8,661.5029666272042,5
sano,69,15,B_incremental,878,8,661.5029666272042,5
sano,69,16,B_incremental,878,8,661.5029666272042,5
sano,69,17,B_incremental,878,8,661.5029666272042,5
sano,69,18,B_incremental,878,8,661.5029666272042,5
sano,69,19,B_incremental,878,8,661.5029666272042,5
sano,69,20,B_incremental,878,8,661.5029666272042,5
sano,69,21,B_incremental,878,8,661.5029666272042,5
sano,69,22,B_incremental,878,8,661.5029666272042,5
sano,69,23,B_incremental,878,8,661.5029666272042,5
sano,70,0,A_steiner,1769,3,177.98545726527843,4
sano,70,1,A_steiner,1769,3,177.98545726527843,4
sano,70,2,A_steiner,1769,3,177.98545726527843,4
sano,70,3,A_steiner,1769,3,177.98545726527843,4
sano,70,4,A_steiner,1769,3,177.98545726527843,4
sano,70,5,A_steiner,1769,3,177.98545726527843,4
sano,70,6,A_steiner,1769,3,177.98545726527843,4
sano,70,7,A_steiner,1769,3,177.98545726527843,4
sano,70,8,A_steiner,1769,3,177.98545726527843,4
sano,70,9,A_steiner,1769,3,177.98545726527843,4
sano,70,10,A_steiner,1769,3,177.98545726527843,4
sano,70,11,A_steiner,1769,3,177.98545726527843,4
sano,70,12,B_incremental,1769,3,177.98545726527843,4
sano,70,13,B_incremental,1769,3,177.98545726527843,4
sano,70,14,B_incremental,1769,3,177.98545726527843,4
sano,70,15,B_incremental,1769,3,177.98545726527843,4
sano,70,16,B_incremental,1769,3,177.98545726527843,4
sano,70,17,B_incremental,1769,3,177.98545726527843,4
sano,70,18,B_incremental,1769,3,177.98545726527843,4
sano,70,19,B_incremental,1769,3,177.98545726527843,4
sano,70,20,B_incremental,1769,3,177.98545726527843,4
sano,70,21,B_incremental,1769,3,177.98545726527843,4
sano,70,22,B_incremental,1769,3,177.98545726527843,4
sano,70,23,B_incremental,1769,3,177.98545726527843,4
sano,71,0,A_steiner,1818,6,315.47767557164235,5
sano,71,1,A_steiner,1818,6,315.47767557164235,5
sano,71,2,A_steiner,1818,6,315.47767557164235,5
sano,71,3,A_steiner,1818,6,315.47767557164235,5
sano,71,4,A_steiner,1818,6,315.47767557164235,5
sano,71,5,A_steiner,1818,6,315.47767557164235,5
sano,71,6,A_steiner,1818,6,315.47767557164235,5
sano,71,7,A_steiner,1818,6,315.47767557164235,5
sano,71,8,A_steiner,1818,6,315.47767557164235,5
sano,71,9,A_steiner,1818,6,315.47767557164235,5
sano,71,10,A_steiner,1818,6,315.47767557164235,5
sano,71,11,A_steiner,1818,6,315.47767557164235,5
sano,71,12,B_incremental,1818,6,315.47767557164235,5
sano,71,13,B_incremental,1818,6,315.47767557164235,5
sano,71,14,B_incremental,1818,6,315.47767557164235,5
sano,71,15,B_incremental,1818,6,315.47767557164235,5
sano,71,16,B_incremental,1818,6,315.47767557164235,5
sano,71,17,B_incremental,1818,6,315.47767557164235,5
sano,71,18,B_incremental,1818,6,315.47767557164235,5
sano,71,19,B_incremental,1818,6,315.47767557164235,5
sano,71,20,B_incremental,1818,6,328.86786783120607,5
sano,71,21,B_incremental,1818,6,315.47767557164235,5
sano,71,22,B_incremental,1818,6,315.47767557164235,5
sano,71,23,B_incremental,1818,6,315.47767557164235,5
sano,72,0,A_steiner,4585,12,800.8040424356425,4
sano,72,1,A_steiner,4585,12,800.8040424356425,4
sano,72,2,A_steiner,4585,12,800.8040424356425,4
sano,72,3,A_steiner,4585,12,800.8040424356425,4
sano,72,4,A_steiner,4585,12,800.8040424356425,4
sano,72,5,A_steiner,4585,12,800.8040424356425,4
sano,72,6,A_steiner,4585,13,809.4587611753864,4
sano,72,7,A_steiner,4585,12,800.8040424356425,4
sano,72,8,A_steiner,4585,12,800.8040424356425,4
sano,72,9,A_steiner,4585,12,800.8040424356425,4
sano,72,10,A_steiner,4585,13,809.4587611753864,4
sano,72,11,A_steiner,4585,12,800.8040424356425,4
sano,72,12,B_incremental,4585,12,800.8040424356425,4
sano,72,13,B_incremental,4585,12,800.8040424356425,4
sano,72,14,B_incremental,4585,12,800.8040424356425,4
sano,72,15,B_incremental,4585,12,800.8040424356425,4
sano,72,16,B_incremental,4585,12,800.8040424356425,4
sano,72,17,B_incremental,4585,12,800.8040424356425,4
sano,72,18,B_incremental,4585,12,800.8040424356425,4
sano,72,19,B_incremental,4585,12,800.8040424356425,4
sano,72,20,B_incremental,4585,12,800.8040424356425,4
sano,72,21,B_incremental,4585,12,800.8040424356425,4
sano,72,22,B_incremental,4585,12,800.8040424356425,4
sano,72,23,B_incremental,4585,12,800.8040424356425,4
sano,73,0,A_steiner,375,2,132.62175109472608,3
sano,73,1,A_steiner,375,2,132.62175109472608,3
sano,73,2,A_steiner,375,2,132.62175109472608,3
sano,73,3,A_steiner,375,2,132.62175109472608,3
sano,73,4,A_steiner,375,2,132.62175109472608,3
sano,73,5,A_steiner,375,2,132.62175109472608,3
sano,73,6,A_steiner,375,2,132.62175109472608,3
sano,73,7,A_steiner,375,2,132.62175109472608,3
sano,73,8,A_steiner,375,2,132.62175109472608,3
sano,73,9,A_steiner,375,2,132.62175109472608,3
sano,73,10,A_steiner,375,2,132.62175109472608,3
sano,73,11,A_steiner,375,2,132.62175109472608,3
sano,73,12,B_incremental,375,2,132.62175109472608,3
sano,73,13,B_incremental,375,2,132.62175109472608,3
sano,73,14,B_incremental,375,2,132.62175109472608,3
sano,73,15,B_incremental,375,2,132.62175109472608,3
sano,73,16,B_incremental,375,2,132.62175109472608,3
sano,73,17,B_incremental,375,2,132.62175109472608,3
sano,73,18,B_incremental,375,2,132.62175109472608,3
sano,73,19,B_incremental,375,2,132.62175109472608,3
sano,73,20,B_incremental,375,2,132.62175109472608,3
sano,73,21,B_incremental,375,2,132.62175109472608,3
sano,73,22,B_incremental,375,2,132.62175109472608,3
sano,73,23,B_incremental,375,2,132.62175109472608,3
sano,74,0,A_steiner,4849,5,315.2427126394532,5
sano,74,1,A_steiner,4849,5,315.2427126394532,5
sano,74,2,A_steiner,4849,5,315.2427126394532,5
sano,74,3,A_steiner,4849,5,315.2427126394532,5
sano,74,4,A_steiner,4849,5,315.2427126394532,5
sano,74,5,A_steiner,4849,5,315.2427126394532,5
sano,74,6,A_steiner,4849,5,315.2427126394532,5
sano,74,7,A_steiner,4849,5,315.2427126394532,5
sano,74,8,A_steiner,4849,5,315.2427126394532,5
sano,74,9,A_steiner,4849,5,315.2427126394532,5
sano,74,10,A_steiner,4849,5,315.2427126394532,5
sano,74,11,A_steiner,4849,5,315.2427126394532,5
sano,74,12,B_incremental,4849,6,350.7107036656431,5
sano,74,13,B_incremental,4849,6,350.7107036656431,5
sano,74,14,B_incremental,4849,6,350.7107036656431,5
sano,74,15,B_incremental,4849,5,315.2427126394532,5
sano,74,16,B_incremental,4849,5,315.2427126394532,5
sano,74,17,B_incremental,4849,5,315.2427126394532,5
sano,74,18,B_incremental,4849,6,350.7107036656431,5
sano,74,19,B_incremental,4849,6,350.7107036656431,5
sano,74,20,B_incremental,4849,5,315.2427126394532,5
sano,74,21,B_incremental,4849,6,350.7107036656431,5
sano,74,22,B_incremental,4849,6,350.7107036656431,5
sano,74,23,B_incremental,4849,6,350.7107036656431,5
sano,75,0,A_steiner,4556,2,65.66746907127123,3
sano,75,1,A_steiner,4556,2,65.66746907127123,3
sano,75,2,A_steiner,4556,2,65.66746907127123,3
sano,75,3,A_steiner,4556,2,65.66746907127123,3
sano,75,4,A_steiner,4556,2,65.66746907127123,3
sano,75,5,A_steiner,4556,2,65.66746907127123,3
sano,75,6,A_steiner,4556,2,65.66746907127123,3
sano,75,7,A_steiner,4556,2,65.66746907127123,3
sano,75,8,A_steiner,4556,2,65.66746907127123,3
sano,75,9,A_steiner,4556,2,65.66746907127123,3
sano,75,10,A_steiner,4556,2,65.66746907127123,3
sano,75,11,A_steiner,4556,2,65.66746907127123,3
sano,75,12,B_incremental,4556,2,65.66746907127123,3
sano,75,13,B_incremental,4556,2,65.66746907127123,3
sano,75,14,B_incremental,4556,2,65.66746907127123,3
sano,75,15,B_incremental,4556,2,65.66746907127123,3
sano,75,16,B_incremental,4556,2,65.66746907127123,3
sano,75,17,B_incremental,4556,2,65.66746907127123,3
sano,75,18,B_incremental,4556,2,65.66746907127123,3
sano,75,19,B_incremental,4556,2,65.66746907127123,3
sano,75,20,B_incremental,4556,2,65.66746907127123,3
sano,75,21,B_incremental,4556,2,65.66746907127123,3
sano,75,22,B_incremental,4556,2,65.66746907127123,3
sano,75,23,B_incremental,4556,2,65.66746907127123,3
sano,76,0,A_steiner,5944,7,425.14284779025166,7
sano,76,1,A_steiner,5944,7,425.14284779025166,7
sano,76,2,A_steiner,5944,7,425.14284779025166,7
sano,76,3,A_steiner,5944,7,425.14284779025166,7
sano,76,4,A_steiner,5944,7,425.14284779025166,7
sano,76,5,A_steiner,5944,7,425.14284779025166,7
sano,76,6,A_steiner,5944,7,425.14284779025166,7
sano,76,7,A_steiner,5944,7,425.14284779025166,7
sano,76,8,A_steiner,5944,7,425.14284779025166,7
sano,76,9,A_steiner,5944,7,425.14284779025166,7
sano,76,10,A_steiner,5944,7,425.14284779025166,7
sano,76,11,A_steiner,5944,7,425.14284779025166,7
sano,76,12,B_incremental,5944,7,425.14284779025166,7
sano,76,13,B_incremental,5944,7,425.14284779025166,7
sano,76,14,B_incremental,5944,7,425.14284779025166,7
sano,76,15,B_incremental,5944,7,425.14284779025166,7
sano,76,16,B_incremental,5944,7,425.14284779025166,7
sano,76,17,B_incremental,5944,7,425.14284779025166,7
sano,76,18,B_incremental,5944,7,425.14284779025166,7
sano,76,19,B_incremental,5944,7,425.14284779025166,7
sano,76,20,B_incremental,5944,7,425.14284779025166,7
sano,76,21,B_incremental,5944,7,425.14284779025166,7
sano,76,22,B_incremental,5944,7,425.14284779025166,7
sano,76,23,B_incremental,5944,7,425.14284779025166,7
sano,77,0,A_steiner,5686,6,269.1442778147979,7
sano,77,1,A_steiner,5686,6,269.1442778147979,7
sano,77,2,A_steiner,5686,6,269.1442778147979,7
sano,77,3,A_steiner,5686,6,269.1442778147979,7
sano,77,4,A_steiner,5686,6,269.1442778147979,7
sano,77,5,A_steiner,5686,6,269.1442778147979,7
sano,77,6,A_steiner,5686,6,269.1442778147979,7
sano,77,7,A_steiner,5686,6,269.1442778147979,7
sano,77,8,A_steiner,5686,6,269.1442778147979,7
sano,77,9,A_steiner,5686,6,269.1442778147979,7
sano,77,10,A_steiner,5686,6,269.1442778147979,7
sano,77,11,A_steiner,5686,6,269.1442778147979,7
sano,77,12,B_incremental,5686,6,269.1442778147979,7
sano,77,13,B_incremental,5686,6,269.1442778147979,7
sano,77,14,B_incremental,5686,6,269.1442778147979,7
sano,77,15,B_incremental,5686,6,269.1442778147979,7
sano,77,16,B_incremental,5686,6,269.1442778147979,7
sano,77,17,B_incremental,5686,6,269.1442778147979,7
sano,77,18,B_incremental,5686,6,269.1442778147979,7
sano,77,19,B_incremental,5686,6,269.1442778147979,7
sano,77,20,B_incremental,5686,6,269.1442778147979,7
sano,77,21,B_incremental,5686,6,269.1442778147979,7
sano,77,22,B_incremental,5686,6,269.1442778147979,7
sano,77,23,B_incremental,5686,6,269.1442778147979,7
sano,78,0,A_steiner,4424,3,156.29264378309625,4
sano,78,1,A_steiner,4424,3,156.29264378309625,4
sano,78,2,A_steiner,4424,3,156.29264378309625,4
sano,78,3,A_steiner,4424,3,156.29264378309625,4
sano,78,4,A_steiner,4424,3,156.29264378309625,4
sano,78,5,A_steiner,4424,3,156.29264378309625,4
sano,78,6,A_steiner,4424,3,156.29264378309625,4
sano,78,7,A_steiner,4424,3,156.29264378309625,4
sano,78,8,A_steiner,4424,3,156.29264378309625,4
sano,78,9,A_steiner,4424,3,156.29264378309625,4
sano,78,10,A_steiner,4424,3,156.29264378309625,4
sano,78,11,A_steiner,4424,3,156.29264378309625,4
sano,78,12,B_incremental,4424,3,156.29264378309625,4
sano,78,13,B_incremental,4424,3,156.29264378309625,4
sano,78,14,B_incremental,4424,3,156.29264378309625,4
sano,78,15,B_incremental,4424,3,156.29264378309625,4
sano,78,16,B_incremental,4424,3,156.29264378309625,4
sano,78,17,B_incremental,4424,3,156.29264378309625,4
sano,78,18,B_incremental,4424,3,156.29264378309625,4
sano,78,19,B_incremental,4424,3,156.29264378309625,4
sano,78,20,B_incremental,4424,3,156.29264378309625,4
sano,78,21,B_incremental,4424,3,156.29264378309625,4
sano,78,22,B_incremental,4424,3,156.29264378309625,4
sano,78,23,B_incremental,4424,3,156.29264378309625,4
sano,79,0,A_steiner,865,2,186.95112464504706,3
sano,79,1,A_steiner,865,2,186.95112464504706,3
sano,79,2,A_steiner,865,2,186.95112464504706,3
sano,79,3,A_steiner,865,2,186.95112464504706,3
sano,79,4,A_steiner,865,2,186.95112464504706,3
sano,79,5,A_steiner,865,2,186.95112464504706,3
sano,79,6,A_steiner,865,2,186.95112464504706,3
sano,79,7,A_steiner,865,2,186.95112464504706,3
sano,79,8,A_steiner,865,2,186.95112464504706,3
sano,79,9,A_steiner,865,2,186.95112464504706,3
sano,79,10,A_steiner,865,2,186.95112464504706,3
sano,79,11,A_steiner,865,2,186.95112464504706,3
sano,79,12,B_incremental,865,2,186.95112464504706,3
sano,79,13,B_incremental,865,2,186.95112464504706,3
sano,79,14,B_incremental,865,2,186.95112464504706,3
sano,79,15,B_incremental,865,2,186.95112464504706,3
sano,79,16,B_incremental,865,2,186.95112464504706,3
sano,79,17,B_incremental,865,2,186.95112464504706,3
sano,79,18,B_incremental,865,2,186.95112464504706,3
sano,79,19,B_incremental,865,2,186.95112464504706,3
sano,79,20,B_incremental,865,2,186.95112464504706,3
sano,79,21,B_incremental,865,2,186.95112464504706,3
sano,79,22,B_incremental,865,2,186.95112464504706,3
sano,79,23,B_incremental,865,2,186.95112464504706,3
sano,80,0,A_steiner,1413,1,103.25615720848558,2
sano,80,1,A_steiner,1413,1,103.25615720848558,2
sano,80,2,A_steiner,1413,1,103.25615720848558,2
sano,80,3,A_steiner,1413,1,103.25615720848558,2
sano,80,4,A_steiner,1413,1,103.25615720848558,2
sano,80,5,A_steiner,1413,1,103.25615720848558,2
sano,80,6,A_steiner,1413,1,103.25615720848558,2
sano,80,7,A_steiner,1413,1,103.25615720848558,2
sano,80,8,A_steiner,1413,1,103.25615720848558,2
sano,80,9,A_steiner,1413,1,103.25615720848558,2
sano,80,10,A_steiner,1413,1,103.25615720848558,2
sano,80,11,A_steiner,1413,1,103.25615720848558,2
sano,80,12,B_incremental,1413,1,103.25615720848558,2
sano,80,13,B_incremental,1413,1,103.25615720848558,2
sano,80,14,B_incremental,1413,1,103.25615720848558,2
sano,80,15,B_incremental,1413,1,103.25615720848558,2
sano,80,16,B_incremental,1413,1,103.25615720848558,2
sano,80,17,B_incremental,1413,1,103.25615720848558,2
sano,80,18,B_incremental,1413,1,103.25615720848558,2
sano,80,19,B_incremental,1413,1,103.25615720848558,2
sano,80,20,B_incremental,1413,1,103.25615720848558,2
sano,80,21,B_incremental,1413,1,103.25615720848558,2
sano,80,22,B_incremental,1413,1,103.25615720848558,2
sano,80,23,B_incremental,1413,1,103.25615720848558,2
sano,81,0,A_steiner,4025,8,326.7821674936659,6
sano,81,1,A_steiner,4025,8,326.7821674936659,6
sano,81,2,A_steiner,4025,8,326.7821674936659,6
sano,81,3,A_steiner,4025,8,326.7821674936659,6
sano,81,4,A_steiner,4025,8,326.7821674936659,6
sano,81,5,A_steiner,4025,8,326.7821674936659,6
sano,81,6,A_steiner,4025,8,326.7821674936659,6
sano,81,7,A_steiner,4025,8,326.7821674936659,6
sano,81,8,A_steiner,4025,8,326.7821674936659,6
sano,81,9,A_steiner,4025,8,326.7821674936659,6
sano,81,10,A_steiner,4025,8,326.7821674936659,6
sano,81,11,A_steiner,4025,8,326.7821674936659,6
sano,81,12,B_incremental,4025,8,326.7821674936659,6
sano,81,13,B_incremental,4025,8,326.7821674936659,6
sano,81,14,B_incremental,4025,8,326.7821674936659,6
sano,81,15,B_incremental,4025,8,326.7821674936659,6
sano,81,16,B_incremental,4025,8,326.7821674936659,6
sano,81,17,B_incremental,4025,8,326.7821674936659,6
sano,81,18,B_incremental,4025,8,326.7821674936659,6
sano,81,19,B_incremental,4025,8,326.7821674936659,6
sano,81,20,B_incremental,4025,8,326.7821674936659,6
sano,81,21,B_incremental,4025,8,326.7821674936659,6
sano,81,22,B_incremental,4025,8,326.7821674936659,6
sano,81,23,B_incremental,4025,8,326.7821674936659,6
sano,82,0,A_steiner,4425,5,253.3382628328456,6
sano,82,1,A_steiner,4425,5,253.3382628328456,6
sano,82,2,A_steiner,4425,5,253.3382628328456,6
sano,82,3,A_steiner,4425,5,253.3382628328456,6
sano,82,4,A_steiner,4425,5,253.3382628328456,6
sano,82,5,A_steiner,4425,5,253.3382628328456,6
sano,82,6,A_steiner,4425,5,253.3382628328456,6
sano,82,7,A_steiner,4425,5,253.3382628328456,6
sano,82,8,A_steiner,4425,5,253.3382628328456,6
sano,82,9,A_steiner,4425,5,253.3382628328456,6
sano,82,10,A_steiner,4425,5,253.3382628328456,6
sano,82,11,A_steiner,4425,5,253.3382628328456,6
sano,82,12,B_incremental,4425,5,253.3382628328456,6
sano,82,13,B_incremental,4425,5,253.3382628328456,6
sano,82,14,B_incremental,4425,5,283.0081127263844,6
sano,82,15,B_incremental,4425,5,253.3382628328456,6
sano,82,16,B_incremental,4425,5,283.0081127263844,6
sano,82,17,B_incremental,4425,5,283.0081127263844,6
sano,82,18,B_incremental,4425,5,253.3382628328456,6
sano,82,19,B_incremental,4425,5,283.0081127263844,6
sano,82,20,B_incremental,4425,5,283.0081127263844,6
sano,82,21,B_incremental,4425,5,283.0081127263844,6
sano,82,22,B_incremental,4425,5,283.0081127263844,6
sano,82,23,B_incremental,4425,5,253.3382628328456,6
sano,83,0,A_steiner,4863,7,330.02399653845737,8
sano,83,1,A_steiner,4863,7,330.4848830832205,8
sano,83,2,A_steiner,4863,7,330.02399653845737,8
sano,83,3,A_steiner,4863,7,330.02399653845737,8
sano,83,4,A_steiner,4863,7,330.02399653845737,8
sano,83,5,A_steiner,4863,7,330.02399653845737,8
sano,83,6,A_steiner,4863,7,330.02399653845737,8
sano,83,7,A_steiner,4863,7,330.02399653845737,8
sano,83,8,A_steiner,4863,7,330.4848830832205,8
sano,83,9,A_steiner,4863,7,330.02399653845737,8
sano,83,10,A_steiner,4863,7,330.4848830832205,8
sano,83,11,A_steiner,4863,7,330.02399653845737,8
sano,83,12,B_incremental,4863,7,330.02399653845737,8
sano,83,13,B_incremental,4863,7,330.02399653845737,8
sano,83,14,B_incremental,4863,7,330.4848830832205,8
sano,83,15,B_incremental,4863,7,330.4848830832205,8
sano,83,16,B_incremental,4863,7,330.02399653845737,8
sano,83,17,B_incremental,4863,7,330.4848830832205,8
sano,83,18,B_incremental,4863,7,330.4848830832205,8
sano,83,19,B_incremental,4863,7,345.83930969513733,8
sano,83,20,B_incremental,4863,7,330.02399653845737,8
sano,83,21,B_incremental,4863,7,330.4848830832205,8
sano,83,22,B_incremental,4863,7,330.4848830832205,8
sano,83,23,B_incremental,4863,7,330.4848830832205,8
sano,84,0,A_steiner,1790,4,196.8853901956197,5
sano,84,1,A_steiner,1790,4,196.8853901956197,5
sano,84,2,A_steiner,1790,4,196.8853901956197,5
sano,84,3,A_steiner,1790,4,196.8853901956197,5
sano,84,4,A_steiner,1790,4,196.8853901956197,5
sano,84,5,A_steiner,1790,4,196.8853901956197,5
sano,84,6,A_steiner,1790,4,196.8853901956197,5
sano,84,7,A_steiner,1790,4,196.8853901956197,5
sano,84,8,A_steiner,1790,4,196.8853901956197,5
sano,84,9,A_steiner,1790,4,196.8853901956197,5
sano,84,10,A_steiner,1790,4,196.8853901956197,5
sano,84,11,A_steiner,1790,4,196.8853901956197,5
sano,84,12,B_incremental,1790,4,196.8853901956197,5
sano,84,13,B_incremental,1790,4,196.8853901956197,5
sano,84,14,B_incremental,1790,4,196.8853901956197,5
sano,84,15,B_incremental,1790,4,196.8853901956197,5
sano,84,16,B_incremental,1790,4,196.8853901956197,5
sano,84,17,B_incremental,1790,4,196.8853901956197,5
sano,84,18,B_incremental,1790,4,196.8853901956197,5
sano,84,19,B_incremental,1790,4,196.8853901956197,5
sano,84,20,B_incremental,1790,4,196.8853901956197,5
sano,84,21,B_incremental,1790,4,196.8853901956197,5
sano,84,22,B_incremental,1790,4,196.8853901956197,5
sano,84,23,B_incremental,1790,4,196.8853901956197,5
sano,85,0,A_steiner,1752,3,178.74590939303758,4
sano,85,1,A_steiner,1752,3,178.74590939303758,4
sano,85,2,A_steiner,1752,3,178.74590939303758,4
sano,85,3,A_steiner,1752,3,178.74590939303758,4
sano,85,4,A_steiner,1752,3,178.74590939303758,4
sano,85,5,A_steiner,1752,3,178.74590939303758,4
sano,85,6,A_steiner,1752,3,178.74590939303758,4
sano,85,7,A_steiner,1752,3,178.74590939303758,4
sano,85,8,A_steiner,1752,3,178.74590939303758,4
sano,85,9,A_steiner,1752,3,178.74590939303758,4
sano,85,10,A_steiner,1752,3,178.74590939303758,4
sano,85,11,A_steiner,1752,3,178.74590939303758,4
sano,85,12,B_incremental,1752,3,178.74590939303758,4
sano,85,13,B_incremental,1752,3,178.74590939303758,4
sano,85,14,B_incremental,1752,3,178.74590939303758,4
sano,85,15,B_incremental,1752,3,178.74590939303758,4
sano,85,16,B_incremental,1752,3,178.74590939303758,4
sano,85,17,B_incremental,1752,3,178.74590939303758,4
sano,85,18,B_incremental,1752,3,178.74590939303758,4
sano,85,19,B_incremental,1752,3,178.74590939303758,4
sano,85,20,B_incremental,1752,3,178.74590939303758,4
sano,85,21,B_incremental,1752,3,178.74590939303758,4
sano,85,22,B_incremental,1752,3,178.74590939303758,4
sano,85,23,B_incremental,1752,3,178.74590939303758,4
sano,86,0,A_steiner,5714,7,435.11350459918623,4
sano,86,1,A_steiner,5714,7,435.11350459918623,4
sano,86,2,A_steiner,5714,7,435.11350459918623,4
sano,86,3,A_steiner,5714,7,435.11350459918623,4
sano,86,4,A_steiner,5714,7,435.11350459918623,4
sano,86,5,A_steiner,5714,7,435.11350459918623,4
sano,86,6,A_steiner,5714,7,435.11350459918623,4
sano,86,7,A_steiner,5714,7,435.11350459918623,4
sano,86,8,A_steiner,5714,7,435.11350459918623,4
sano,86,9,A_steiner,5714,7,435.11350459918623,4
sano,86,10,A_steiner,5714,7,435.11350459918623,4
sano,86,11,A_steiner,5714,7,435.11350459918623,4
sano,86,12,B_incremental,5714,7,435.11350459918623,4
sano,86,13,B_incremental,5714,7,435.11350459918623,4
sano,86,14,B_incremental,5714,7,435.11350459918623,4
sano,86,15,B_incremental,5714,7,435.11350459918623,4
sano,86,16,B_incremental,5714,7,435.11350459918623,4
sano,86,17,B_incremental,5714,7,435.11350459918623,4
sano,86,18,B_incremental,5714,7,435.11350459918623,4
sano,86,19,B_incremental,5714,7,435.11350459918623,4
sano,86,20,B_incremental,5714,7,435.11350459918623,4
sano,86,21,B_incremental,5714,7,435.11350459918623,4
sano,86,22,B_incremental,5714,7,435.11350459918623,4
sano,86,23,B_incremental,5714,7,435.11350459918623,4
sano,87,0,A_steiner,5198,2,132.64937551039958,3
sano,87,1,A_steiner,5198,2,132.64937551039958,3
sano,87,2,A_steiner,5198,2,132.64937551039958,3
sano,87,3,A_steiner,5198,2,132.64937551039958,3
sano,87,4,A_steiner,5198,2,132.64937551039958,3
sano,87,5,A_steiner,5198,2,132.64937551039958,3
sano,87,6,A_steiner,5198,2,132.64937551039958,3
sano,87,7,A_steiner,5198,2,132.64937551039958,3
sano,87,8,A_steiner,5198,2,132.64937551039958,3
sano,87,9,A_steiner,5198,2,132.64937551039958,3
sano,87,10,A_steiner,5198,2,132.64937551039958,3
sano,87,11,A_steiner,5198,2,132.64937551039958,3
sano,87,12,B_incremental,5198,2,132.64937551039958,3
sano,87,13,B_incremental,5198,2,132.64937551039958,3
sano,87,14,B_incremental,5198,2,132.64937551039958,3
sano,87,15,B_incremental,5198,2,132.64937551039958,3
sano,87,16,B_incremental,5198,2,132.64937551039958,3
sano,87,17,B_incremental,5198,2,132.64937551039958,3
sano,87,18,B_incremental,5198,2,132.64937551039958,3
sano,87,19,B_incremental,5198,2,132.64937551039958,3
sano,87,20,B_incremental,5198,2,132.64937551039958,3
sano,87,21,B_incremental,5198,2,132.64937551039958,3
sano,87,22,B_incremental,5198,2,132.64937551039958,3
sano,87,23,B_incremental,5198,2,132.64937551039958,3
sano,88,0,A_steiner,4815,2,273.7546803465387,2
sano,88,1,A_steiner,4815,2,273.7546803465387,2
sano,88,2,A_steiner,4815,2,273.7546803465387,2
sano,88,3,A_steiner,4815,2,273.7546803465387,2
sano,88,4,A_steiner,4815,2,273.7546803465387,2
sano,88,5,A_steiner,4815,2,273.7546803465387,2
sano,88,6,A_steiner,4815,2,273.7546803465387,2
sano,88,7,A_steiner,4815,2,273.7546803465387,2
sano,88,8,A_steiner,4815,2,273.7546803465387,2
sano,88,9,A_steiner,4815,2,273.7546803465387,2
sano,88,10,A_steiner,4815,2,273.7546803465387,2
sano,88,11,A_steiner,4815,2,273.7546803465387,2
sano,88,12,B_incremental,4815,2,273.7546803465387,2
sano,88,13,B_incremental,4815,2,273.7546803465387,2
sano,88,14,B_incremental,4815,2,273.7546803465387,2
sano,88,15,B_incremental,4815,2,273.7546803465387,2
sano,88,16,B_incremental,4815,2,273.7546803465387,2
sano,88,17,B_incremental,4815,2,273.7546803465387,2
sano,88,18,B_incremental,4815,2,273.7546803465387,2
sano,88,19,B_incremental,4815,2,273.7546803465387,2
sano,88,20,B_incremental,4815,2,273.7546803465387,2
sano,88,21,B_incremental,4815,2,273.7546803465387,2
sano,88,22,B_incremental,4815,2,273.7546803465387,2
sano,88,23,B_incremental,4815,2,273.7546803465387,2
sano,89,0,A_steiner,1771,0,0.0,1
sano,89,1,A_steiner,1771,0,0.0,1
sano,89,2,A_steiner,1771,0,0.0,1
sano,89,3,A_steiner,1771,0,0.0,1
sano,89,4,A_steiner,1771,0,0.0,1
sano,89,5,A_steiner,1771,0,0.0,1
sano,89,6,A_steiner,1771,0,0.0,1
sano,89,7,A_steiner,1771,0,0.0,1
sano,89,8,A_steiner,1771,0,0.0,1
sano,89,9,A_steiner,1771,0,0.0,1
sano,89,10,A_steiner,1771,0,0.0,1
sano,89,11,A_steiner,1771,0,0.0,1
sano,89,12,B_incremental,1771,0,0.0,1
sano,89,13,B_incremental,1771,0,0.0,1
sano,89,14,B_incremental,1771,0,0.0,1
sano,89,15,B_incremental,1771,0,0.0,1
sano,89,16,B_incremental,1771,0,0.0,1
sano,89,17,B_incremental,1771,0,0.0,1
sano,89,18,B_incremental,1771,0,0.0,1
sano,89,19,B_incremental,1771,0,0.0,1
sano,89,20,B_incremental,1771,0,0.0,1
sano,89,21,B_incremental,1771,0,0.0,1
sano,89,22,B_incremental,1771,0,0.0,1
sano,89,23,B_incremental,1771,0,0.0,1
sano,90,0,A_steiner,1401,2,40.42584834471275,3
sano,90,1,A_steiner,1401,2,40.42584834471275,3
sano,90,2,A_steiner,1401,2,40.42584834471275,3
sano,90,3,A_steiner,1401,2,40.42584834471275,3
sano,90,4,A_steiner,1401,2,40.42584834471275,3
sano,90,5,A_steiner,1401,2,40.42584834471275,3
sano,90,6,A_steiner,1401,2,40.42584834471275,3
sano,90,7,A_steiner,1401,2,40.42584834471275,3
sano,90,8,A_steiner,1401,2,40.42584834471275,3
sano,90,9,A_steiner,1401,2,40.42584834471275,3
sano,90,10,A_steiner,1401,2,40.42584834471275,3
sano,90,11,A_steiner,1401,2,40.42584834471275,3
sano,90,12,B_incremental,1401,2,40.42584834471275,3
sano,90,13,B_incremental,1401,2,40.42584834471275,3
sano,90,14,B_incremental,1401,2,40.42584834471275,3
sano,90,15,B_incremental,1401,2,40.42584834471275,3
sano,90,16,B_incremental,1401,2,40.42584834471275,3
sano,90,17,B_incremental,1401,2,40.42584834471275,3
sano,90,18,B_incremental,1401,2,40.42584834471275,3
sano,90,19,B_incremental,1401,2,40.42584834471275,3
sano,90,20,B_incremental,1401,2,40.42584834471275,3
sano,90,21,B_incremental,1401,2,40.42584834471275,3
sano,90,22,B_incremental,1401,2,40.42584834471275,3
sano,90,23,B_incremental,1401,2,40.42584834471275,3
sano,91,0,A_steiner,5218,7,581.6336370747101,8
sano,91,1,A_steiner,5218,7,580.9859975807983,8
sano,91,2,A_steiner,5218,7,581.6336370747101,8
sano,91,3,A_steiner,5218,7,581.6336370747101,8
sano,91,4,A_steiner,5218,7,581.6336370747101,8
sano,91,5,A_steiner,5218,7,581.8020634013508,8
sano,91,6,A_steiner,5218,7,580.9859975807983,8
sano,91,7,A_steiner,5218,7,581.8020634013508,8
sano,91,8,A_steiner,5218,7,580.9859975807983,8
sano,91,9,A_steiner,5218,7,580.9859975807983,8
sano,91,10,A_steiner,5218,7,582.4497028952626,8
sano,91,11,A_steiner,5218,7,581.8020634013508,8
sano,91,12,B_incremental,5218,7,581.8020634013508,8
sano,91,13,B_incremental,5218,7,581.8020634013508,8
sano,91,14,B_incremental,5218,7,582.4497028952626,8
sano,91,15,B_incremental,5218,7,581.8020634013508,8
sano,91,16,B_incremental,5218,7,581.6336370747101,8
sano,91,17,B_incremental,5218,7,581.8020634013508,8
sano,91,18,B_incremental,5218,7,581.8020634013508,8
sano,91,19,B_incremental,5218,7,581.8020634013508,8
sano,91,20,B_incremental,5218,7,581.8020634013508,8
sano,91,21,B_incremental,5218,7,581.8020634013508,8
sano,91,22,B_incremental,5218,7,581.8020634013508,8
sano,91,23,B_incremental,5218,7,582.4497028952626,8
sano,92,0,A_steiner,1744,6,278.1513229042846,7
sano,92,1,A_steiner,1744,6,278.1513229042846,7
sano,92,2,A_steiner,1744,6,278.1513229042846,7
sano,92,3,A_steiner,1744,6,278.1513229042846,7
sano,92,4,A_steiner,1744,6,278.1513229042846,7
sano,92,5,A_steiner,1744,6,278.1513229042846,7
sano,92,6,A_steiner,1744,6,278.1513229042846,7
sano,92,7,A_steiner,1744,6,278.1513229042846,7
sano,92,8,A_steiner,1744,6,278.1513229042846,7
sano,92,9,A_steiner,1744,6,278.1513229042846,7
sano,92,10,A_steiner,1744,6,278.1513229042846,7
sano,92,11,A_steiner,1744,6,278.1513229042846,7
sano,92,12,B_incremental,1744,6,278.1513229042846,7
sano,92,13,B_incremental,1744,6,278.1513229042846,7
sano,92,14,B_incremental,1744,6,278.1513229042846,7
sano,92,15,B_incremental,1744,6,281.76378670776006,7
sano,92,16,B_incremental,1744,6,278.1513229042846,7
sano,92,17,B_incremental,1744,6,278.1513229042846,7
sano,92,18,B_incremental,1744,6,278.1513229042846,7
sano,92,19,B_incremental,1744,6,278.1513229042846,7
sano,92,20,B_incremental,1744,6,278.1513229042846,7
sano,92,21,B_incremental,1744,6,283.78930586734356,7
sano,92,22,B_incremental,1744,6,281.76378670776006,7
sano,92,23,B_incremental,1744,6,278.1513229042846,7
sano,93,0,A_steiner,5060,6,636.3211475440127,7
sano,93,1,A_steiner,5060,6,636.3211475440127,7
sano,93,2,A_steiner,5060,6,636.3211475440127,7
sano,93,3,A_steiner,5060,6,636.3211475440127,7
sano,93,4,A_steiner,5060,6,636.3211475440127,7
sano,93,5,A_steiner,5060,6,636.3211475440127,7
sano,93,6,A_steiner,5060,6,636.3211475440127,7
sano,93,7,A_steiner,5060,6,636.3211475440127,7
sano,93,8,A_steiner,5060,6,636.3211475440127,7
sano,93,9,A_steiner,5060,6,636.3211475440127,7
sano,93,10,A_steiner,5060,6,636.3211475440127,7
sano,93,11,A_steiner,5060,6,636.3211475440127,7
sano,93,12,B_incremental,5060,7,663.6949174788584,7
sano,93,13,B_incremental,5060,7,663.6949174788584,7
sano,93,14,B_incremental,5060,7,663.6949174788584,7
sano,93,15,B_incremental,5060,7,663.6949174788584,7
sano,93,16,B_incremental,5060,6,636.3211475440127,7
sano,93,17,B_incremental,5060,7,663.6949174788584,7
sano,93,18,B_incremental,5060,6,636.3211475440127,7
sano,93,19,B_incremental,5060,7,663.6949174788584,7
sano,93,20,B_incremental,5060,7,663.6949174788584,7
sano,93,21,B_incremental,5060,7,663.6949174788584,7
sano,93,22,B_incremental,5060,6,636.3211475440127,7
sano,93,23,B_incremental,5060,6,636.3211475440127,7
sano,94,0,A_steiner,6218,4,142.63245106351715,5
sano,94,1,A_steiner,6218,4,142.63245106351715,5
sano,94,2,A_steiner,6218,4,142.63245106351715,5
sano,94,3,A_steiner,6218,4,142.63245106351715,5
sano,94,4,A_steiner,6218,4,142.63245106351715,5
sano,94,5,A_steiner,6218,4,142.63245106351715,5
sano,94,6,A_steiner,6218,4,142.63245106351715,5
sano,94,7,A_steiner,6218,4,142.63245106351715,5
sano,94,8,A_steiner,6218,4,142.63245106351715,5
sano,94,9,A_steiner,6218,4,142.63245106351715,5
sano,94,10,A_steiner,6218,4,142.63245106351715,5
sano,94,11,A_steiner,6218,4,142.63245106351715,5
sano,94,12,B_incremental,6218,4,142.63245106351715,5
sano,94,13,B_incremental,6218,4,142.63245106351715,5
sano,94,14,B_incremental,6218,4,142.63245106351715,5
sano,94,15,B_incremental,6218,4,142.63245106351715,5
sano,94,16,B_incremental,6218,4,142.63245106351715,5
sano,94,17,B_incremental,6218,4,142.63245106351715,5
sano,94,18,B_incremental,6218,4,142.63245106351715,5
sano,94,19,B_incremental,6218,4,142.63245106351715,5
sano,94,20,B_incremental,6218,4,142.63245106351715,5
sano,94,21,B_incremental,6218,4,142.63245106351715,5
sano,94,22,B_incremental,6218,4,142.63245106351715,5
sano,94,23,B_incremental,6218,4,142.63245106351715,5
sano,95,0,A_steiner,3724,4,189.73592344634935,5
sano,95,1,A_steiner,3724,4,191.63806449315044,5
sano,95,2,A_steiner,3724,4,189.73592344634935,5
sano,95,3,A_steiner,3724,4,189.73592344634935,5
sano,95,4,A_steiner,3724,4,191.63806449315044,5
sano,95,5,A_steiner,3724,4,189.73592344634935,5
sano,95,6,A_steiner,3724,4,191.63806449315044,5
sano,95,7,A_steiner,3724,4,189.73592344634935,5
sano,95,8,A_steiner,3724,4,191.63806449315044,5
sano,95,9,A_steiner,3724,4,191.63806449315044,5
sano,95,10,A_steiner,3724,4,189.73592344634935,5
sano,95,11,A_steiner,3724,4,191.63806449315044,5
sano,95,12,B_incremental,3724,4,189.73592344634935,5
sano,95,13,B_incremental,3724,4,191.63806449315044,5
sano,95,14,B_incremental,3724,4,189.73592344634935,5
sano,95,15,B_incremental,3724,4,189.73592344634935,5
sano,95,16,B_incremental,3724,4,189.73592344634935,5
sano,95,17,B_incremental,3724,4,189.73592344634935,5
sano,95,18,B_incremental,3724,4,189.73592344634935,5
sano,95,19,B_incremental,3724,4,189.73592344634935,5
sano,95,20,B_incremental,3724,4,189.73592344634935,5
sano,95,21,B_incremental,3724,4,189.73592344634935,5
sano,95,22,B_incremental,3724,4,189.73592344634935,5
sano,95,23,B_incremental,3724,4,189.73592344634935,5
sano,96,0,A_steiner,5012,3,168.61060835352038,4
sano,96,1,A_steiner,5012,3,168.61060835352038,4
sano,96,2,A_steiner,5012,3,168.61060835352038,4
sano,96,3,A_steiner,5012,3,168.61060835352038,4
sano,96,4,A_steiner,5012,3,168.61060835352038,4
sano,96,5,A_steiner,5012,3,168.61060835352038,4
sano,96,6,A_steiner,5012,3,168.61060835352038,4
sano,96,7,A_steiner,5012,3,168.61060835352038,4
sano,96,8,A_steiner,5012,3,168.61060835352038,4
sano,96,9,A_steiner,5012,3,168.61060835352038,4
sano,96,10,A_steiner,5012,3,168.61060835352038,4
sano,96,11,A_steiner,5012,3,168.61060835352038,4
sano,96,12,B_incremental,5012,3,168.61060835352038,4
sano,96,13,B_incremental,5012,3,168.61060835352038,4
sano,96,14,B_incremental,5012,3,168.61060835352038,4
sano,96,15,B_incremental,5012,3,168.61060835352038,4
sano,96,16,B_incremental,5012,3,168.61060835352038,4
sano,96,17,B_incremental,5012,3,168.61060835352038,4
sano,96,18,B_incremental,5012,3,168.61060835352038,4
sano,96,19,B_incremental,5012,3,168.61060835352038,4
sano,96,20,B_incremental,5012,3,168.61060835352038,4
sano,96,21,B_incremental,5012,3,168.61060835352038,4
sano,96,22,B_incremental,5012,3,168.61060835352038,4
sano,96,23,B_incremental,5012,3,168.61060835352038,4
sano,97,0,A_steiner,1446,4,154.7881534629621,5
sano,97,1,A_steiner,1446,4,154.7881534629621,5
sano,97,2,A_steiner,1446,4,154.7881534629621,5
sano,97,3,A_steiner,1446,4,154.7881534629621,5
sano,97,4,A_steiner,1446,4,154.7881534629621,5
sano,97,5,A_steiner,1446,4,154.7881534629621,5
sano,97,6,A_steiner,1446,4,154.7881534629621,5
sano,97,7,A_steiner,1446,4,154.7881534629621,5
sano,97,8,A_steiner,1446,4,154.7881534629621,5
sano,97,9,A_steiner,1446,4,154.7881534629621,5
sano,97,10,A_steiner,1446,4,154.7881534629621,5
sano,97,11,A_steiner,1446,4,154.7881534629621,5
sano,97,12,B_incremental,1446,4,154.7881534629621,5
sano,97,13,B_incremental,1446,4,154.7881534629621,5
sano,97,14,B_incremental,1446,4,154.7881534629621,5
sano,97,15,B_incremental,1446,4,154.7881534629621,5
sano,97,16,B_incremental,1446,4,154.7881534629621,5
sano,97,17,B_incremental,1446,4,154.7881534629621,5
sano,97,18,B_incremental,1446,4,154.7881534629621,5
sano,97,19,B_incremental,1446,4,154.7881534629621,5
sano,97,20,B_incremental,1446,4,154.7881534629621,5
sano,97,21,B_incremental,1446,4,154.7881534629621,5
sano,97,22,B_incremental,1446,4,154.7881534629621,5
sano,97,23,B_incremental,1446,4,154.7881534629621,5
sano,98,0,A_steiner,4674,5,378.1988044796714,3
sano,98,1,A_steiner,4674,5,378.1988044796714,3
sano,98,2,A_steiner,4674,5,378.1988044796714,3
sano,98,3,A_steiner,4674,5,378.1988044796714,3
sano,98,4,A_steiner,4674,5,378.1988044796714,3
sano,98,5,A_steiner,4674,5,378.1988044796714,3
sano,98,6,A_steiner,4674,5,378.1988044796714,3
sano,98,7,A_steiner,4674,5,378.1988044796714,3
sano,98,8,A_steiner,4674,5,378.1988044796714,3
sano,98,9,A_steiner,4674,5,378.1988044796714,3
sano,98,10,A_steiner,4674,5,378.1988044796714,3
sano,98,11,A_steiner,4674,5,378.1988044796714,3
sano,98,12,B_incremental,4674,5,378.1988044796714,3
sano,98,13,B_incremental,4674,5,378.1988044796714,3
sano,98,14,B_incremental,4674,5,378.1988044796714,3
sano,98,15,B_incremental,4674,5,378.1988044796714,3
sano,98,16,B_incremental,4674,5,378.1988044796714,3
sano,98,17,B_incremental,4674,5,378.1988044796714,3
sano,98,18,B_incremental,4674,5,378.1988044796714,3
sano,98,19,B_incremental,4674,5,378.1988044796714,3
sano,98,20,B_incremental,4674,5,378.1988044796714,3
sano,98,21,B_incremental,4674,5,378.1988044796714,3
sano,98,22,B_incremental,4674,5,378.1988044796714,3
sano,98,23,B_incremental,4674,5,378.1988044796714,3
sano,99,0,A_steiner,1433,4,373.39494034580173,5
sano,99,1,A_steiner,1433,4,373.39494034580173,5
sano,99,2,A_steiner,1433,4,373.39494034580173,5
sano,99,3,A_steiner,1433,4,373.39494034580173,5
sano,99,4,A_steiner,1433,4,373.39494034580173,5
sano,99,5,A_steiner,1433,4,373.39494034580173,5
sano,99,6,A_steiner,1433,4,373.39494034580173,5
sano,99,7,A_steiner,1433,4,373.39494034580173,5
sano,99,8,A_steiner,1433,4,373.39494034580173,5
sano,99,9,A_steiner,1433,4,373.39494034580173,5
sano,99,10,A_steiner,1433,4,373.39494034580173,5
sano,99,11,A_steiner,1433,4,373.39494034580173,5
sano,99,12,B_incremental,1433,4,373.39494034580173,5
sano,99,13,B_incremental,1433,4,373.39494034580173,5
sano,99,14,B_incremental,1433,4,373.39494034580173,5
sano,99,15,B_incremental,1433,4,373.39494034580173,5
sano,99,16,B_incremental,1433,4,373.39494034580173,5
sano,99,17,B_incremental,1433,4,373.39494034580173,5
sano,99,18,B_incremental,1433,4,373.39494034580173,5
sano,99,19,B_incremental,1433,4,373.39494034580173,5
sano,99,20,B_incremental,1433,4,373.39494034580173,5
sano,99,21,B_incremental,1433,4,373.39494034580173,5
sano,99,22,B_incremental,1433,4,373.39494034580173,5
sano,99,23,B_incremental,1433,4,373.39494034580173,5
sano,100,0,A_steiner,5034,7,389.97029210857426,8
sano,100,1,A_steiner,5034,7,389.97029210857426,8
sano,100,2,A_steiner,5034,7,389.97029210857426,8
sano,100,3,A_steiner,5034,7,389.97029210857426,8
sano,100,4,A_steiner,5034,7,389.97029210857426,8
sano,100,5,A_steiner,5034,7,389.97029210857426,8
sano,100,6,A_steiner,5034,7,389.97029210857426,8
sano,100,7,A_steiner,5034,7,389.97029210857426,8
sano,100,8,A_steiner,5034,7,389.97029210857426,8
sano,100,9,A_steiner,5034,7,389.97029210857426,8
sano,100,10,A_steiner,5034,7,389.97029210857426,8
sano,100,11,A_steiner,5034,7,389.97029210857426,8
sano,100,12,B_incremental,5034,7,389.97029210857426,8
sano,100,13,B_incremental,5034,7,389.97029210857426,8
sano,100,14,B_incremental,5034,7,389.97029210857426,8
sano,100,15,B_incremental,5034,7,389.97029210857426,8
sano,100,16,B_incremental,5034,7,389.97029210857426,8
sano,100,17,B_incremental,5034,7,389.97029210857426,8
sano,100,18,B_incremental,5034,7,389.97029210857426,8
sano,100,19,B_incremental,5034,7,389.97029210857426,8
sano,100,20,B_incremental,5034,7,389.97029210857426,8
sano,100,21,B_incremental,5034,7,389.97029210857426,8
sano,100,22,B_incremental,5034,7,389.97029210857426,8
sano,100,23,B_incremental,5034,7,389.97029210857426,8
sano,101,0,A_steiner,4357,4,342.90007374800336,5
sano,101,1,A_steiner,4357,4,342.90007374800336,5
sano,101,2,A_steiner,4357,4,342.90007374800336,5
sano,101,3,A_steiner,4357,4,342.90007374800336,5
sano,101,4,A_steiner,4357,4,342.90007374800336,5
sano,101,5,A_steiner,4357,4,342.90007374800336,5
sano,101,6,A_steiner,4357,4,342.90007374800336,5
sano,101,7,A_steiner,4357,4,342.90007374800336,5
sano,101,8,A_steiner,4357,4,342.90007374800336,5
sano,101,9,A_steiner,4357,4,342.90007374800336,5
sano,101,10,A_steiner,4357,4,342.90007374800336,5
sano,101,11,A_steiner,4357,4,342.90007374800336,5
sano,101,12,B_incremental,4357,4,342.90007374800336,5
sano,101,13,B_incremental,4357,4,342.90007374800336,5
sano,101,14,B_incremental,4357,4,342.90007374800336,5
sano,101,15,B_incremental,4357,4,342.90007374800336,5
sano,101,16,B_incremental,4357,4,342.90007374800336,5
sano,101,17,B_incremental,4357,4,342.90007374800336,5
sano,101,18,B_incremental,4357,4,342.90007374800336,5
sano,101,19,B_incremental,4357,4,342.90007374800336,5
sano,101,20,B_incremental,4357,4,342.90007374800336,5
sano,101,21,B_incremental,4357,4,342.90007374800336,5
sano,101,22,B_incremental,4357,4,342.90007374800336,5
sano,101,23,B_incremental,4357,4,342.90007374800336,5
sano,102,0,A_steiner,4856,2,150.5544804034138,3
sano,102,1,A_steiner,4856,2,150.5544804034138,3
sano,102,2,A_steiner,4856,2,150.5544804034138,3
sano,102,3,A_steiner,4856,2,150.5544804034138,3
sano,102,4,A_steiner,4856,2,150.5544804034138,3
sano,102,5,A_steiner,4856,2,150.5544804034138,3
sano,102,6,A_steiner,4856,2,150.5544804034138,3
sano,102,7,A_steiner,4856,2,150.5544804034138,3
sano,102,8,A_steiner,4856,2,150.5544804034138,3
sano,102,9,A_steiner,4856,2,150.5544804034138,3
sano,102,10,A_steiner,4856,2,150.5544804034138,3
sano,102,11,A_steiner,4856,2,150.5544804034138,3
sano,102,12,B_incremental,4856,2,150.5544804034138,3
sano,102,13,B_incremental,4856,2,150.5544804034138,3
sano,102,14,B_incremental,4856,2,150.5544804034138,3
sano,102,15,B_incremental,4856,2,150.5544804034138,3
sano,102,16,B_incremental,4856,2,150.5544804034138,3
sano,102,17,B_incremental,4856,2,150.5544804034138,3
sano,102,18,B_incremental,4856,2,150.5544804034138,3
sano,102,19,B_incremental,4856,2,150.5544804034138,3
sano,102,20,B_incremental,4856,2,150.5544804034138,3
sano,102,21,B_incremental,4856,2,150.5544804034138,3
sano,102,22,B_incremental,4856,2,150.5544804034138,3
sano,102,23,B_incremental,4856,2,150.5544804034138,3
sano,103,0,A_steiner,1827,4,351.0301679116361,5
sano,103,1,A_steiner,1827,4,351.0301679116361,5
sano,103,2,A_steiner,1827,4,351.0301679116361,5
sano,103,3,A_steiner,1827,4,351.0301679116361,5
sano,103,4,A_steiner,1827,4,351.0301679116361,5
sano,103,5,A_steiner,1827,4,351.0301679116361,5
sano,103,6,A_steiner,1827,4,351.0301679116361,5
sano,103,7,A_steiner,1827,4,351.0301679116361,5
sano,103,8,A_steiner,1827,4,351.0301679116361,5
sano,103,9,A_steiner,1827,4,351.0301679116361,5
sano,103,10,A_steiner,1827,4,351.0301679116361,5
sano,103,11,A_steiner,1827,4,351.0301679116361,5
sano,103,12,B_incremental,1827,4,351.0301679116361,5
sano,103,13,B_incremental,1827,4,351.0301679116361,5
sano,103,14,B_incremental,1827,4,351.0301679116361,5
sano,103,15,B_incremental,1827,4,351.0301679116361,5
sano,103,16,B_incremental,1827,4,351.0301679116361,5
sano,103,17,B_incremental,1827,4,351.0301679116361,5
sano,103,18,B_incremental,1827,4,351.0301679116361,5
sano,103,19,B_incremental,1827,4,351.0301679116361,5
sano,103,20,B_incremental,1827,4,351.0301679116361,5
sano,103,21,B_incremental,1827,4,351.0301679116361,5
sano,103,22,B_incremental,1827,4,351.0301679116361,5
sano,103,23,B_incremental,1827,4,351.0301679116361,5
sano,104,0,A_steiner,1571,10,435.038482818858,8
sano,104,1,A_steiner,1571,10,435.038482818858,8
sano,104,2,A_steiner,1571,10,435.038482818858,8
sano,104,3,A_steiner,1571,10,435.038482818858,8
sano,104,4,A_steiner,1571,10,435.038482818858,8
sano,104,5,A_steiner,1571,10,435.038482818858,8
sano,104,6,A_steiner,1571,10,435.038482818858,8
sano,104,7,A_steiner,1571,10,435.038482818858,8
sano,104,8,A_steiner,1571,10,435.038482818858,8
sano,104,9,A_steiner,1571,10,435.038482818858,8
sano,104,10,A_steiner,1571,10,435.038482818858,8
sano,104,11,A_steiner,1571,10,435.038482818858,8
sano,104,12,B_incremental,1571,10,435.038482818858,8
sano,104,13,B_incremental,1571,10,435.038482818858,8
sano,104,14,B_incremental,1571,10,435.038482818858,8
sano,104,15,B_incremental,1571,10,435.038482818858,8
sano,104,16,B_incremental,1571,10,435.038482818858,8
sano,104,17,B_incremental,1571,10,435.038482818858,8
sano,104,18,B_incremental,1571,10,435.038482818858,8
sano,104,19,B_incremental,1571,10,435.038482818858,8
sano,104,20,B_incremental,1571,10,435.038482818858,8
sano,104,21,B_incremental,1571,10,435.038482818858,8
sano,104,22,B_incremental,1571,10,435.038482818858,8
sano,104,23,B_incremental,1571,10,435.038482818858,8
sano,105,0,A_steiner,1565,9,592.2654452795305,8
sano,105,1,A_steiner,1565,9,592.2654452795305,8
sano,105,2,A_steiner,1565,9,592.2654452795305,8
sano,105,3,A_steiner,1565,9,592.2654452795305,8
sano,105,4,A_steiner,1565,9,592.2654452795305,8
sano,105,5,A_steiner,1565,9,592.2654452795305,8
sano,105,6,A_steiner,1565,9,592.2654452795305,8
sano,105,7,A_steiner,1565,9,592.2654452795305,8
sano,105,8,A_steiner,1565,9,592.2654452795305,8
sano,105,9,A_steiner,1565,9,592.2654452795305,8
sano,105,10,A_steiner,1565,9,592.2654452795305,8
sano,105,11,A_steiner,1565,9,592.2654452795305,8
sano,105,12,B_incremental,1565,12,686.9244109679585,8
sano,105,13,B_incremental,1565,9,592.2654452795305,8
sano,105,14,B_incremental,1565,9,592.2654452795305,8
sano,105,15,B_incremental,1565,9,592.2654452795305,8
sano,105,16,B_incremental,1565,9,592.2654452795305,8
sano,105,17,B_incremental,1565,9,592.2654452795305,8
sano,105,18,B_incremental,1565,9,592.2654452795305,8
sano,105,19,B_incremental,1565,9,592.2654452795305,8
sano,105,20,B_incremental,1565,9,592.2654452795305,8
sano,105,21,B_incremental,1565,9,592.2654452795305,8
sano,105,22,B_incremental,1565,9,592.2654452795305,8
sano,105,23,B_incremental,1565,9,592.2654452795305,8
sano,106,0,A_steiner,5212,10,670.5226116604035,4
sano,106,1,A_steiner,5212,10,670.5226116604035,4
sano,106,2,A_steiner,5212,10,670.5226116604035,4
sano,106,3,A_steiner,5212,10,670.5226116604035,4
sano,106,4,A_steiner,5212,10,670.5226116604035,4
sano,106,5,A_steiner,5212,10,670.5226116604035,4
sano,106,6,A_steiner,5212,10,670.5226116604035,4
sano,106,7,A_steiner,5212,10,670.5226116604035,4
sano,106,8,A_steiner,5212,10,670.5226116604035,4
sano,106,9,A_steiner,5212,10,670.5226116604035,4
sano,106,10,A_steiner,5212,10,670.5226116604035,4
sano,106,11,A_steiner,5212,10,670.5226116604035,4
sano,106,12,B_incremental,5212,11,699.0794903488359,4
sano,106,13,B_incremental,5212,11,699.0794903488359,4
sano,106,14,B_incremental,5212,10,670.5226116604035,4
sano,106,15,B_incremental,5212,11,699.0794903488359,4
sano,106,16,B_incremental,5212,11,699.0794903488359,4
sano,106,17,B_incremental,5212,11,699.0794903488359,4
sano,106,18,B_incremental,5212,10,670.5226116604035,4
sano,106,19,B_incremental,5212,10,670.5226116604035,4
sano,106,20,B_incremental,5212,10,670.5226116604035,4
sano,106,21,B_incremental,5212,10,670.5226116604035,4
sano,106,22,B_incremental,5212,10,670.5226116604035,4
sano,106,23,B_incremental,5212,11,699.0794903488359,4
sano,107,0,A_steiner,4835,5,174.15662336430546,6
sano,107,1,A_steiner,4835,5,174.15662336430546,6
sano,107,2,A_steiner,4835,5,174.15662336430546,6
sano,107,3,A_steiner,4835,5,174.15662336430546,6
sano,107,4,A_steiner,4835,5,174.15662336430546,6
sano,107,5,A_steiner,4835,5,174.15662336430546,6
sano,107,6,A_steiner,4835,5,174.15662336430546,6
sano,107,7,A_steiner,4835,5,174.15662336430546,6
sano,107,8,A_steiner,4835,5,174.15662336430546,6
sano,107,9,A_steiner,4835,5,174.15662336430546,6
sano,107,10,A_steiner,4835,5,174.15662336430546,6
sano,107,11,A_steiner,4835,5,174.15662336430546,6
sano,107,12,B_incremental,4835,5,174.15662336430546,6
sano,107,13,B_incremental,4835,5,174.15662336430546,6
sano,107,14,B_incremental,4835,5,174.15662336430546,6
sano,107,15,B_incremental,4835,5,174.15662336430546,6
sano,107,16,B_incremental,4835,5,174.15662336430546,6
sano,107,17,B_incremental,4835,5,174.15662336430546,6
sano,107,18,B_incremental,4835,5,174.15662336430546,6
sano,107,19,B_incremental,4835,5,174.15662336430546,6
sano,107,20,B_incremental,4835,5,174.15662336430546,6
sano,107,21,B_incremental,4835,5,174.15662336430546,6
sano,107,22,B_incremental,4835,5,174.15662336430546,6
sano,107,23,B_incremental,4835,5,174.15662336430546,6
sano,108,0,A_steiner,4545,8,538.3784664460038,9
sano,108,1,A_steiner,4545,8,538.3784664460038,9
sano,108,2,A_steiner,4545,8,538.3784664460038,9
sano,108,3,A_steiner,4545,8,538.3784664460038,9
sano,108,4,A_steiner,4545,8,538.3784664460038,9
sano,108,5,A_steiner,4545,8,538.3784664460038,9
sano,108,6,A_steiner,4545,8,538.3784664460038,9
sano,108,7,A_steiner,4545,8,538.3784664460038,9
sano,108,8,A_steiner,4545,8,538.3784664460038,9
sano,108,9,A_steiner,4545,8,538.3784664460038,9
sano,108,10,A_steiner,4545,8,538.3784664460038,9
sano,108,11,A_steiner,4545,8,538.3784664460038,9
sano,108,12,B_incremental,4545,8,538.3784664460038,9
sano,108,13,B_incremental,4545,8,538.3784664460038,9
sano,108,14,B_incremental,4545,8,538.3784664460038,9
sano,108,15,B_incremental,4545,8,538.3784664460038,9
sano,108,16,B_incremental,4545,8,582.6092242462294,9
sano,108,17,B_incremental,4545,8,538.3784664460038,9
sano,108,18,B_incremental,4545,8,538.3784664460038,9
sano,108,19,B_incremental,4545,8,538.3784664460038,9
sano,108,20,B_incremental,4545,8,538.3784664460038,9
sano,108,21,B_incremental,4545,8,538.3784664460038,9
sano,108,22,B_incremental,4545,8,538.3784664460038,9
sano,108,23,B_incremental,4545,8,538.3784664460038,9
sano,109,0,A_steiner,5217,6,306.3455772388358,7
sano,109,1,A_steiner,5217,6,294.08621730310557,7
sano,109,2,A_steiner,5217,6,294.08621730310557,7
sano,109,3,A_steiner,5217,6,294.08621730310557,7
sano,109,4,A_steiner,5217,6,306.3455772388358,7
sano,109,5,A_steiner,5217,6,294.08621730310557,7
sano,109,6,A_steiner,5217,6,294.08621730310557,7
sano,109,7,A_steiner,5217,6,294.08621730310557,7
sano,109,8,A_steiner,5217,6,294.08621730310557,7
sano,109,9,A_steiner,5217,6,306.3455772388358,7
sano,109,10,A_steiner,5217,6,294.08621730310557,7
sano,109,11,A_steiner,5217,6,294.08621730310557,7
sano,109,12,B_incremental,5217,6,319.4486508836725,7
sano,109,13,B_incremental,5217,6,294.08621730310557,7
sano,109,14,B_incremental,5217,6,306.3455772388358,7
sano,109,15,B_incremental,5217,6,306.3455772388358,7
sano,109,16,B_incremental,5217,6,306.3455772388358,7
sano,109,17,B_incremental,5217,6,319.4486508836725,7
sano,109,18,B_incremental,5217,6,306.3455772388358,7
sano,109,19,B_incremental,5217,6,306.3455772388358,7
sano,109,20,B_incremental,5217,6,306.3455772388358,7
sano,109,21,B_incremental,5217,6,317.07981968817523,7
sano,109,22,B_incremental,5217,6,306.3455772388358,7
sano,109,23,B_incremental,5217,6,317.07981968817523,7
sano,110,0,A_steiner,4845,5,491.4109952603684,5
sano,110,1,A_steiner,4845,5,491.4109952603684,5
sano,110,2,A_steiner,4845,5,491.4109952603684,5
sano,110,3,A_steiner,4845,5,491.4109952603684,5
sano,110,4,A_steiner,4845,5,491.4109952603684,5
sano,110,5,A_steiner,4845,5,491.4109952603684,5
sano,110,6,A_steiner,4845,5,491.4109952603684,5
sano,110,7,A_steiner,4845,5,491.4109952603684,5
sano,110,8,A_steiner,4845,5,491.4109952603684,5
sano,110,9,A_steiner,4845,5,491.4109952603684,5
sano,110,10,A_steiner,4845,5,491.4109952603684,5
sano,110,11,A_steiner,4845,5,491.4109952603684,5
sano,110,12,B_incremental,4845,5,491.4109952603684,5
sano,110,13,B_incremental,4845,5,491.4109952603684,5
sano,110,14,B_incremental,4845,5,491.4109952603684,5
sano,110,15,B_incremental,4845,5,491.4109952603684,5
sano,110,16,B_incremental,4845,5,491.4109952603684,5
sano,110,17,B_incremental,4845,5,491.4109952603684,5
sano,110,18,B_incremental,4845,5,491.4109952603684,5
sano,110,19,B_incremental,4845,5,491.4109952603684,5
sano,110,20,B_incremental,4845,5,491.4109952603684,5
sano,110,21,B_incremental,4845,5,491.4109952603684,5
sano,110,22,B_incremental,4845,5,491.4109952603684,5
sano,110,23,B_incremental,4845,5,491.4109952603684,5
sano,111,0,A_steiner,5193,6,337.51168020148276,4
sano,111,1,A_steiner,5193,6,337.51168020148276,4
sano,111,2,A_steiner,5193,6,337.51168020148276,4
sano,111,3,A_steiner,5193,6,337.51168020148276,4
sano,111,4,A_steiner,5193,6,337.51168020148276,4
sano,111,5,A_steiner,5193,6,337.51168020148276,4
sano,111,6,A_steiner,5193,6,337.51168020148276,4
sano,111,7,A_steiner,5193,6,337.51168020148276,4
sano,111,8,A_steiner,5193,6,337.51168020148276,4
sano,111,9,A_steiner,5193,6,337.51168020148276,4
sano,111,10,A_steiner,5193,6,337.51168020148276,4
sano,111,11,A_steiner,5193,6,337.51168020148276,4
sano,111,12,B_incremental,5193,6,337.51168020148276,4
sano,111,13,B_incremental,5193,6,337.51168020148276,4
sano,111,14,B_incremental,5193,6,337.51168020148276,4
sano,111,15,B_incremental,5193,6,337.51168020148276,4
sano,111,16,B_incremental,5193,6,337.51168020148276,4
sano,111,17,B_incremental,5193,6,337.51168020148276,4
sano,111,18,B_incremental,5193,6,337.51168020148276,4
sano,111,19,B_incremental,5193,6,337.51168020148276,4
sano,111,20,B_incremental,5193,6,337.51168020148276,4
sano,111,21,B_incremental,5193,6,337.51168020148276,4
sano,111,22,B_incremental,5193,6,337.51168020148276,4
sano,111,23,B_incremental,5193,6,337.51168020148276,4
sano,112,0,A_steiner,1668,2,251.07431074315588,3
sano,112,1,A_steiner,1668,2,251.07431074315588,3
sano,112,2,A_steiner,1668,2,251.07431074315588,3
sano,112,3,A_steiner,1668,2,251.07431074315588,3
sano,112,4,A_steiner,1668,2,251.07431074315588,3
sano,112,5,A_steiner,1668,2,251.07431074315588,3
sano,112,6,A_steiner,1668,2,251.07431074315588,3
sano,112,7,A_steiner,1668,2,251.07431074315588,3
sano,112,8,A_steiner,1668,2,251.07431074315588,3
sano,112,9,A_steiner,1668,2,251.07431074315588,3
sano,112,10,A_steiner,1668,2,251.07431074315588,3
sano,112,11,A_steiner,1668,2,251.07431074315588,3
sano,112,12,B_incremental,1668,2,251.07431074315588,3
sano,112,13,B_incremental,1668,2,251.07431074315588,3
sano,112,14,B_incremental,1668,2,251.07431074315588,3
sano,112,15,B_incremental,1668,2,251.07431074315588,3
sano,112,16,B_incremental,1668,2,251.07431074315588,3
sano,112,17,B_incremental,1668,2,251.07431074315588,3
sano,112,18,B_incremental,1668,2,251.07431074315588,3
sano,112,19,B_incremental,1668,2,251.07431074315588,3
sano,112,20,B_incremental,1668,2,251.07431074315588,3
sano,112,21,B_incremental,1668,2,251.07431074315588,3
sano,112,22,B_incremental,1668,2,251.07431074315588,3
sano,112,23,B_incremental,1668,2,251.07431074315588,3
sano,113,0,A_steiner,4532,4,195.31556392551354,5
sano,113,1,A_steiner,4532,4,194.9774886051309,5
sano,113,2,A_steiner,4532,4,195.31556392551354,5
sano,113,3,A_steiner,4532,4,194.9774886051309,5
sano,113,4,A_steiner,4532,4,195.31556392551354,5
sano,113,5,A_steiner,4532,4,194.9774886051309,5
sano,113,6,A_steiner,4532,4,195.31556392551354,5
sano,113,7,A_steiner,4532,4,195.31556392551354,5
sano,113,8,A_steiner,4532,4,195.31556392551354,5
sano,113,9,A_steiner,4532,4,194.9774886051309,5
sano,113,10,A_steiner,4532,4,195.31556392551354,5
sano,113,11,A_steiner,4532,4,195.31556392551354,5
sano,113,12,B_incremental,4532,4,194.9774886051309,5
sano,113,13,B_incremental,4532,4,194.9774886051309,5
sano,113,14,B_incremental,4532,4,195.31556392551354,5
sano,113,15,B_incremental,4532,4,194.9774886051309,5
sano,113,16,B_incremental,4532,4,194.9774886051309,5
sano,113,17,B_incremental,4532,4,194.9774886051309,5
sano,113,18,B_incremental,4532,4,195.31556392551354,5
sano,113,19,B_incremental,4532,4,194.9774886051309,5
sano,113,20,B_incremental,4532,4,194.9774886051309,5
sano,113,21,B_incremental,4532,4,194.9774886051309,5
sano,113,22,B_incremental,4532,4,194.9774886051309,5
sano,113,23,B_incremental,4532,4,195.31556392551354,5
sano,114,0,A_steiner,5630,7,325.555917443961,5
sano,114,1,A_steiner,5630,7,325.555917443961,5
sano,114,2,A_steiner,5630,7,325.555917443961,5
sano,114,3,A_steiner,5630,7,325.555917443961,5
sano,114,4,A_steiner,5630,7,325.555917443961,5
sano,114,5,A_steiner,5630,7,325.555917443961,5
sano,114,6,A_steiner,5630,7,325.555917443961,5
sano,114,7,A_steiner,5630,7,325.555917443961,5
sano,114,8,A_steiner,5630,7,325.555917443961,5
sano,114,9,A_steiner,5630,7,325.555917443961,5
sano,114,10,A_steiner,5630,7,325.555917443961,5
sano,114,11,A_steiner,5630,7,325.555917443961,5
sano,114,12,B_incremental,5630,7,325.555917443961,5
sano,114,13,B_incremental,5630,7,325.555917443961,5
sano,114,14,B_incremental,5630,7,357.90493649151347,5
sano,114,15,B_incremental,5630,7,325.555917443961,5
sano,114,16,B_incremental,5630,7,325.555917443961,5
sano,114,17,B_incremental,5630,7,357.90493649151347,5
sano,114,18,B_incremental,5630,7,357.90493649151347,5
sano,114,19,B_incremental,5630,7,357.90493649151347,5
sano,114,20,B_incremental,5630,7,357.90493649151347,5
sano,114,21,B_incremental,5630,7,355.27269794279556,5
sano,114,22,B_incremental,5630,7,355.27269794279556,5
sano,114,23,B_incremental,5630,7,355.27269794279556,5
sano,115,0,A_steiner,863,2,112.4661501925756,3
sano,115,1,A_steiner,863,2,112.4661501925756,3
sano,115,2,A_steiner,863,2,112.4661501925756,3
sano,115,3,A_steiner,863,2,112.4661501925756,3
sano,115,4,A_steiner,863,2,112.4661501925756,3
sano,115,5,A_steiner,863,2,112.4661501925756,3
sano,115,6,A_steiner,863,2,112.4661501925756,3
sano,115,7,A_steiner,863,2,112.4661501925756,3
sano,115,8,A_steiner,863,2,112.4661501925756,3
sano,115,9,A_steiner,863,2,112.4661501925756,3
sano,115,10,A_steiner,863,2,112.4661501925756,3
sano,115,11,A_steiner,863,2,112.4661501925756,3
sano,115,12,B_incremental,863,2,112.4661501925756,3
sano,115,13,B_incremental,863,2,112.4661501925756,3
sano,115,14,B_incremental,863,2,112.4661501925756,3
sano,115,15,B_incremental,863,2,112.4661501925756,3
sano,115,16,B_incremental,863,2,112.4661501925756,3
sano,115,17,B_incremental,863,2,112.4661501925756,3
sano,115,18,B_incremental,863,2,112.4661501925756,3
sano,115,19,B_incremental,863,2,112.4661501925756,3
sano,115,20,B_incremental,863,2,112.4661501925756,3
sano,115,21,B_incremental,863,2,112.4661501925756,3
sano,115,22,B_incremental,863,2,112.4661501925756,3
sano,115,23,B_incremental,863,2,112.4661501925756,3
sano,116,0,A_steiner,177,3,291.7435081942408,4
sano,116,1,A_steiner,177,3,291.7435081942408,4
sano,116,2,A_steiner,177,3,291.7435081942408,4
sano,116,3,A_steiner,177,3,291.7435081942408,4
sano,116,4,A_steiner,177,3,291.7435081942408,4
sano,116,5,A_steiner,177,3,291.7435081942408,4
sano,116,6,A_steiner,177,3,291.7435081942408,4
sano,116,7,A_steiner,177,3,291.7435081942408,4
sano,116,8,A_steiner,177,3,291.7435081942408,4
sano,116,9,A_steiner,177,3,291.7435081942408,4
sano,116,10,A_steiner,177,3,291.7435081942408,4
sano,116,11,A_steiner,177,3,291.7435081942408,4
sano,116,12,B_incremental,177,3,291.7435081942408,4
sano,116,13,B_incremental,177,3,291.7435081942408,4
sano,116,14,B_incremental,177,3,291.7435081942408,4
sano,116,15,B_incremental,177,3,291.7435081942408,4
sano,116,16,B_incremental,177,3,291.7435081942408,4
sano,116,17,B_incremental,177,3,291.7435081942408,4
sano,116,18,B_incremental,177,3,291.7435081942408,4
sano,116,19,B_incremental,177,3,291.7435081942408,4
sano,116,20,B_incremental,177,3,291.7435081942408,4
sano,116,21,B_incremental,177,3,291.7435081942408,4
sano,116,22,B_incremental,177,3,291.7435081942408,4
sano,116,23,B_incremental,177,3,291.7435081942408,4
sano,117,0,A_steiner,5204,18,1217.6979674908555,16
sano,117,1,A_steiner,5204,18,1217.6979674908555,16
sano,117,2,A_steiner,5204,18,1217.6979674908555,16
sano,117,3,A_steiner,5204,18,1217.6979674908555,16
sano,117,4,A_steiner,5204,18,1217.6979674908555,16
sano,117,5,A_steiner,5204,18,1217.6979674908555,16
sano,117,6,A_steiner,5204,18,1217.6979674908555,16
sano,117,7,A_steiner,5204,18,1217.6979674908555,16
sano,117,8,A_steiner,5204,18,1217.6979674908555,16
sano,117,9,A_steiner,5204,18,1217.6979674908555,16
sano,117,10,A_steiner,5204,18,1217.6979674908555,16
sano,117,11,A_steiner,5204,18,1217.6979674908555,16
sano,117,12,B_incremental,5204,18,1217.6979674908555,16
sano,117,13,B_incremental,5204,18,1217.6979674908555,16
sano,117,14,B_incremental,5204,18,1217.6979674908555,16
sano,117,15,B_incremental,5204,18,1217.6979674908555,16
sano,117,16,B_incremental,5204,18,1217.6979674908555,16
sano,117,17,B_incremental,5204,18,1217.6979674908555,16
sano,117,18,B_incremental,5204,18,1217.6979674908555,16
sano,117,19,B_incremental,5204,18,1217.6979674908555,16
sano,117,20,B_incremental,5204,18,1241.1652423474766,16
sano,117,21,B_incremental,5204,18,1217.6979674908555,16
sano,117,22,B_incremental,5204,18,1241.1652423474766,16
sano,117,23,B_incremental,5204,18,1241.1652423474766,16
sano,118,0,A_steiner,4023,1,64.72865043091407,2
sano,118,1,A_steiner,4023,1,64.72865043091407,2
sano,118,2,A_steiner,4023,1,64.72865043091407,2
sano,118,3,A_steiner,4023,1,64.72865043091407,2
sano,118,4,A_steiner,4023,1,64.72865043091407,2
sano,118,5,A_steiner,4023,1,64.72865043091407,2
sano,118,6,A_steiner,4023,1,64.72865043091407,2
sano,118,7,A_steiner,4023,1,64.72865043091407,2
sano,118,8,A_steiner,4023,1,64.72865043091407,2
sano,118,9,A_steiner,4023,1,64.72865043091407,2
sano,118,10,A_steiner,4023,1,64.72865043091407,2
sano,118,11,A_steiner,4023,1,64.72865043091407,2
sano,118,12,B_incremental,4023,1,64.72865043091407,2
sano,118,13,B_incremental,4023,1,64.72865043091407,2
sano,118,14,B_incremental,4023,1,64.72865043091407,2
sano,118,15,B_incremental,4023,1,64.72865043091407,2
sano,118,16,B_incremental,4023,1,64.72865043091407,2
sano,118,17,B_incremental,4023,1,64.72865043091407,2
sano,118,18,B_incremental,4023,1,64.72865043091407,2
sano,118,19,B_incremental,4023,1,64.72865043091407,2
sano,118,20,B_incremental,4023,1,64.72865043091407,2
sano,118,21,B_incremental,4023,1,64.72865043091407,2
sano,118,22,B_incremental,4023,1,64.72865043091407,2
sano,118,23,B_incremental,4023,1,64.72865043091407,2
sano,119,0,A_steiner,6248,2,75.21897116237633,3
sano,119,1,A_steiner,6248,2,75.21897116237633,3
sano,119,2,A_steiner,6248,2,75.21897116237633,3
sano,119,3,A_steiner,6248,2,75.21897116237633,3
sano,119,4,A_steiner,6248,2,75.21897116237633,3
sano,119,5,A_steiner,6248,2,75.21897116237633,3
sano,119,6,A_steiner,6248,2,75.21897116237633,3
sano,119,7,A_steiner,6248,2,75.21897116237633,3
sano,119,8,A_steiner,6248,2,75.21897116237633,3
sano,119,9,A_steiner,6248,2,75.21897116237633,3
sano,119,10,A_steiner,6248,2,75.21897116237633,3
sano,119,11,A_steiner,6248,2,75.21897116237633,3
sano,119,12,B_incremental,6248,2,75.21897116237633,3
sano,119,13,B_incremental,6248,2,75.21897116237633,3
sano,119,14,B_incremental,6248,2,75.21897116237633,3
sano,119,15,B_incremental,6248,2,75.21897116237633,3
sano,119,16,B_incremental,6248,2,75.21897116237633,3
sano,119,17,B_incremental,6248,2,75.21897116237633,3
sano,119,18,B_incremental,6248,2,75.21897116237633,3
sano,119,19,B_incremental,6248,2,75.21897116237633,3
sano,119,20,B_incremental,6248,2,75.21897116237633,3
sano,119,21,B_incremental,6248,2,75.21897116237633,3
sano,119,22,B_incremental,6248,2,75.21897116237633,3
sano,119,23,B_incremental,6248,2,75.21897116237633,3
sano,120,0,A_steiner,1722,7,310.73742289042735,8
sano,120,1,A_steiner,1722,7,310.73742289042735,8
sano,120,2,A_steiner,1722,7,310.73742289042735,8
sano,120,3,A_steiner,1722,7,310.73742289042735,8
sano,120,4,A_steiner,1722,7,310.73742289042735,8
sano,120,5,A_steiner,1722,7,310.73742289042735,8
sano,120,6,A_steiner,1722,7,310.73742289042735,8
sano,120,7,A_steiner,1722,7,310.73742289042735,8
sano,120,8,A_steiner,1722,7,310.73742289042735,8
sano,120,9,A_steiner,1722,7,310.73742289042735,8
sano,120,10,A_steiner,1722,7,310.73742289042735,8
sano,120,11,A_steiner,1722,7,310.73742289042735,8
sano,120,12,B_incremental,1722,7,370.847465581226,8
sano,120,13,B_incremental,1722,7,310.73742289042735,8
sano,120,14,B_incremental,1722,7,310.73742289042735,8
sano,120,15,B_incremental,1722,7,371.06875661475567,8
sano,120,16,B_incremental,1722,7,310.73742289042735,8
sano,120,17,B_incremental,1722,7,310.73742289042735,8
sano,120,18,B_incremental,1722,7,371.06875661475567,8
sano,120,19,B_incremental,1722,7,310.73742289042735,8
sano,120,20,B_incremental,1722,7,345.5096970694609,8
sano,120,21,B_incremental,1722,7,310.73742289042735,8
sano,120,22,B_incremental,1722,7,310.73742289042735,8
sano,120,23,B_incremental,1722,7,345.5096970694609,8
sano,121,0,A_steiner,5009,7,373.69638560316105,8
sano,121,1,A_steiner,5009,7,373.69638560316105,8
sano,121,2,A_steiner,5009,7,373.69638560316105,8
sano,121,3,A_steiner,5009,7,373.69638560316105,8
sano,121,4,A_steiner,5009,7,373.69638560316105,8
sano,121,5,A_steiner,5009,7,373.69638560316105,8
sano,121,6,A_steiner,5009,7,373.69638560316105,8
sano,121,7,A_steiner,5009,7,373.69638560316105,8
sano,121,8,A_steiner,5009,7,373.69638560316105,8
sano,121,9,A_steiner,5009,7,373.69638560316105,8
sano,121,10,A_steiner,5009,7,373.69638560316105,8
sano,121,11,A_steiner,5009,7,373.69638560316105,8
sano,121,12,B_incremental,5009,7,373.69638560316105,8
sano,121,13,B_incremental,5009,7,373.69638560316105,8
sano,121,14,B_incremental,5009,7,373.69638560316105,8
sano,121,15,B_incremental,5009,7,373.69638560316105,8
sano,121,16,B_incremental,5009,7,401.2962485063146,8
sano,121,17,B_incremental,5009,7,392.89866658346074,8
sano,121,18,B_incremental,5009,7,373.69638560316105,8
sano,121,19,B_incremental,5009,7,401.2962485063146,8
sano,121,20,B_incremental,5009,7,373.69638560316105,8
sano,121,21,B_incremental,5009,7,373.69638560316105,8
sano,121,22,B_incremental,5009,7,392.89866658346074,8
sano,121,23,B_incremental,5009,7,401.2962485063146,8
sano,122,0,A_steiner,213,5,252.29922233695794,6
sano,122,1,A_steiner,213,5,252.29922233695794,6
sano,122,2,A_steiner,213,5,252.29922233695794,6
sano,122,3,A_steiner,213,5,252.29922233695794,6
sano,122,4,A_steiner,213,5,252.29922233695794,6
sano,122,5,A_steiner,213,5,252.29922233695794,6
sano,122,6,A_steiner,213,5,252.29922233695794,6
sano,122,7,A_steiner,213,5,252.29922233695794,6
sano,122,8,A_steiner,213,5,252.29922233695794,6
sano,122,9,A_steiner,213,5,252.29922233695794,6
sano,122,10,A_steiner,213,5,252.29922233695794,6
sano,122,11,A_steiner,213,5,252.29922233695794,6
sano,122,12,B_incremental,213,5,252.29922233695794,6
sano,122,13,B_incremental,213,5,252.29922233695794,6
sano,122,14,B_incremental,213,5,252.29922233695794,6
sano,122,15,B_incremental,213,5,252.29922233695794,6
sano,122,16,B_incremental,213,5,252.29922233695794,6
sano,122,17,B_incremental,213,5,252.29922233695794,6
sano,122,18,B_incremental,213,5,252.29922233695794,6
sano,122,19,B_incremental,213,5,252.29922233695794,6
sano,122,20,B_incremental,213,5,252.29922233695794,6
sano,122,21,B_incremental,213,5,264.95249612943945,6
sano,122,22,B_incremental,213,5,252.29922233695794,6
sano,122,23,B_incremental,213,5,252.29922233695794,6
sano,123,0,A_steiner,882,0,0.0,1
sano,123,1,A_steiner,882,0,0.0,1
sano,123,2,A_steiner,882,0,0.0,1
sano,123,3,A_steiner,882,0,0.0,1
sano,123,4,A_steiner,882,0,0.0,1
sano,123,5,A_steiner,882,0,0.0,1
sano,123,6,A_steiner,882,0,0.0,1
sano,123,7,A_steiner,882,0,0.0,1
sano,123,8,A_steiner,882,0,0.0,1
sano,123,9,A_steiner,882,0,0.0,1
sano,123,10,A_steiner,882,0,0.0,1
sano,123,11,A_steiner,882,0,0.0,1
sano,123,12,B_incremental,882,0,0.0,1
sano,123,13,B_incremental,882,0,0.0,1
sano,123,14,B_incremental,882,0,0.0,1
sano,123,15,B_incremental,882,0,0.0,1
sano,123,16,B_incremental,882,0,0.0,1
sano,123,17,B_incremental,882,0,0.0,1
sano,123,18,B_incremental,882,0,0.0,1
sano,123,19,B_incremental,882,0,0.0,1
sano,123,20,B_incremental,882,0,0.0,1
sano,123,21,B_incremental,882,0,0.0,1
sano,123,22,B_incremental,882,0,0.0,1
sano,123,23,B_incremental,882,0,0.0,1
sano,124,0,A_steiner,1757,3,84.4932059968648,4
sano,124,1,A_steiner,1757,3,84.4932059968648,4
sano,124,2,A_steiner,1757,3,84.4932059968648,4
sano,124,3,A_steiner,1757,3,84.4932059968648,4
sano,124,4,A_steiner,1757,3,84.4932059968648,4
sano,124,5,A_steiner,1757,3,84.4932059968648,4
sano,124,6,A_steiner,1757,3,84.4932059968648,4
sano,124,7,A_steiner,1757,3,84.4932059968648,4
sano,124,8,A_steiner,1757,3,84.4932059968648,4
sano,124,9,A_steiner,1757,3,84.4932059968648,4
sano,124,10,A_steiner,1757,3,84.4932059968648,4
sano,124,11,A_steiner,1757,3,84.4932059968648,4
sano,124,12,B_incremental,1757,3,84.4932059968648,4
sano,124,13,B_incremental,1757,3,84.4932059968648,4
sano,124,14,B_incremental,1757,3,84.4932059968648,4
sano,124,15,B_incremental,1757,3,84.4932059968648,4
sano,124,16,B_incremental,1757,3,84.4932059968648,4
sano,124,17,B_incremental,1757,3,84.4932059968648,4
sano,124,18,B_incremental,1757,3,84.4932059968648,4
sano,124,19,B_incremental,1757,3,84.4932059968648,4
sano,124,20,B_incremental,1757,3,84.4932059968648,4
sano,124,21,B_incremental,1757,3,84.4932059968648,4
sano,124,22,B_incremental,1757,3,84.4932059968648,4
sano,124,23,B_incremental,1757,3,84.4932059968648,4
sano,125,0,A_steiner,1743,0,0.0,1
sano,125,1,A_steiner,1743,0,0.0,1
sano,125,2,A_steiner,1743,0,0.0,1
sano,125,3,A_steiner,1743,0,0.0,1
sano,125,4,A_steiner,1743,0,0.0,1
sano,125,5,A_steiner,1743,0,0.0,1
sano,125,6,A_steiner,1743,0,0.0,1
sano,125,7,A_steiner,1743,0,0.0,1
sano,125,8,A_steiner,1743,0,0.0,1
sano,125,9,A_steiner,1743,0,0.0,1
sano,125,10,A_steiner,1743,0,0.0,1
sano,125,11,A_steiner,1743,0,0.0,1
sano,125,12,B_incremental,1743,0,0.0,1
sano,125,13,B_incremental,1743,0,0.0,1
sano,125,14,B_incremental,1743,0,0.0,1
sano,125,15,B_incremental,1743,0,0.0,1
sano,125,16,B_incremental,1743,0,0.0,1
sano,125,17,B_incremental,1743,0,0.0,1
sano,125,18,B_incremental,1743,0,0.0,1
sano,125,19,B_incremental,1743,0,0.0,1
sano,125,20,B_incremental,1743,0,0.0,1
sano,125,21,B_incremental,1743,0,0.0,1
sano,125,22,B_incremental,1743,0,0.0,1
sano,125,23,B_incremental,1743,0,0.0,1
sano,126,0,A_steiner,3721,1,51.68805824074923,2
sano,126,1,A_steiner,3721,1,51.68805824074923,2
sano,126,2,A_steiner,3721,1,51.68805824074923,2
sano,126,3,A_steiner,3721,1,51.68805824074923,2
sano,126,4,A_steiner,3721,1,51.68805824074923,2
sano,126,5,A_steiner,3721,1,51.68805824074923,2
sano,126,6,A_steiner,3721,1,51.68805824074923,2
sano,126,7,A_steiner,3721,1,51.68805824074923,2
sano,126,8,A_steiner,3721,1,51.68805824074923,2
sano,126,9,A_steiner,3721,1,51.68805824074923,2
sano,126,10,A_steiner,3721,1,51.68805824074923,2
sano,126,11,A_steiner,3721,1,51.68805824074923,2
sano,126,12,B_incremental,3721,1,51.68805824074923,2
sano,126,13,B_incremental,3721,1,51.68805824074923,2
sano,126,14,B_incremental,3721,1,51.68805824074923,2
sano,126,15,B_incremental,3721,1,51.68805824074923,2
sano,126,16,B_incremental,3721,1,51.68805824074923,2
sano,126,17,B_incremental,3721,1,51.68805824074923,2
sano,126,18,B_incremental,3721,1,51.68805824074923,2
sano,126,19,B_incremental,3721,1,51.68805824074923,2
sano,126,20,B_incremental,3721,1,51.68805824074923,2
sano,126,21,B_incremental,3721,1,51.68805824074923,2
sano,126,22,B_incremental,3721,1,51.68805824074923,2
sano,126,23,B_incremental,3721,1,51.68805824074923,2
sano,127,0,A_steiner,1791,2,133.25494794941557,3
sano,127,1,A_steiner,1791,2,133.25494794941557,3
sano,127,2,A_steiner,1791,2,133.25494794941557,3
sano,127,3,A_steiner,1791,2,133.25494794941557,3
sano,127,4,A_steiner,1791,2,133.25494794941557,3
sano,127,5,A_steiner,1791,2,133.25494794941557,3
sano,127,6,A_steiner,1791,2,133.25494794941557,3
sano,127,7,A_steiner,1791,2,133.25494794941557,3
sano,127,8,A_steiner,1791,2,133.25494794941557,3
sano,127,9,A_steiner,1791,2,133.25494794941557,3
sano,127,10,A_steiner,1791,2,133.25494794941557,3
sano,127,11,A_steiner,1791,2,133.25494794941557,3
sano,127,12,B_incremental,1791,2,133.25494794941557,3
sano,127,13,B_incremental,1791,2,133.25494794941557,3
sano,127,14,B_incremental,1791,2,133.25494794941557,3
sano,127,15,B_incremental,1791,2,133.25494794941557,3
sano,127,16,B_incremental,1791,2,133.25494794941557,3
sano,127,17,B_incremental,1791,2,133.25494794941557,3
sano,127,18,B_incremental,1791,2,133.25494794941557,3
sano,127,19,B_incremental,1791,2,133.25494794941557,3
sano,127,20,B_incremental,1791,2,133.25494794941557,3
sano,127,21,B_incremental,1791,2,133.25494794941557,3
sano,127,22,B_incremental,1791,2,133.25494794941557,3
sano,127,23,B_incremental,1791,2,133.25494794941557,3
sano,128,0,A_steiner,1456,6,558.970945169287,5
sano,128,1,A_steiner,1456,6,558.970945169287,5
sano,128,2,A_steiner,1456,6,558.970945169287,5
sano,128,3,A_steiner,1456,6,558.970945169287,5
sano,128,4,A_steiner,1456,6,558.970945169287,5
sano,128,5,A_steiner,1456,6,558.970945169287,5
sano,128,6,A_steiner,1456,6,558.970945169287,5
sano,128,7,A_steiner,1456,6,558.970945169287,5
sano,128,8,A_steiner,1456,6,558.970945169287,5
sano,128,9,A_steiner,1456,6,558.970945169287,5
sano,128,10,A_steiner,1456,6,558.970945169287,5
sano,128,11,A_steiner,1456,6,558.970945169287,5
sano,128,12,B_incremental,1456,6,558.970945169287,5
sano,128,13,B_incremental,1456,6,558.970945169287,5
sano,128,14,B_incremental,1456,6,558.970945169287,5
sano,128,15,B_incremental,1456,6,558.970945169287,5
sano,128,16,B_incremental,1456,6,558.970945169287,5
sano,128,17,B_incremental,1456,6,558.970945169287,5
sano,128,18,B_incremental,1456,6,558.970945169287,5
sano,128,19,B_incremental,1456,6,558.970945169287,5
sano,128,20,B_incremental,1456,6,558.970945169287,5
sano,128,21,B_incremental,1456,6,558.970945169287,5
sano,128,22,B_incremental,1456,6,558.970945169287,5
sano,128,23,B_incremental,1456,6,558.970945169287,5
sano,129,0,A_steiner,5047,4,225.9219694886673,5
sano,129,1,A_steiner,5047,4,225.9219694886673,5
sano,129,2,A_steiner,5047,4,225.9219694886673,5
sano,129,3,A_steiner,5047,4,225.9219694886673,5
sano,129,4,A_steiner,5047,4,225.9219694886673,5
sano,129,5,A_steiner,5047,4,225.9219694886673,5
sano,129,6,A_steiner,5047,4,225.9219694886673,5
sano,129,7,A_steiner,5047,4,225.9219694886673,5
sano,129,8,A_steiner,5047,4,225.9219694886673,5
sano,129,9,A_steiner,5047,4,225.9219694886673,5
sano,129,10,A_steiner,5047,4,225.9219694886673,5
sano,129,11,A_steiner,5047,4,225.9219694886673,5
sano,129,12,B_incremental,5047,4,225.9219694886673,5
sano,129,13,B_incremental,5047,4,225.9219694886673,5
sano,129,14,B_incremental,5047,4,225.9219694886673,5
sano,129,15,B_incremental,5047,4,225.9219694886673,5
sano,129,16,B_incremental,5047,4,225.9219694886673,5
sano,129,17,B_incremental,5047,4,225.9219694886673,5
sano,129,18,B_incremental,5047,4,225.9219694886673,5
sano,129,19,B_incremental,5047,4,225.9219694886673,5
sano,129,20,B_incremental,5047,4,225.9219694886673,5
sano,129,21,B_incremental,5047,4,225.9219694886673,5
sano,129,22,B_incremental,5047,4,225.9219694886673,5
sano,129,23,B_incremental,5047,4,225.9219694886673,5
sano,130,0,A_steiner,5201,2,142.28769889093235,3
sano,130,1,A_steiner,5201,2,142.28769889093235,3
sano,130,2,A_steiner,5201,2,142.28769889093235,3
sano,130,3,A_steiner,5201,2,142.28769889093235,3
sano,130,4,A_steiner,5201,2,142.28769889093235,3
sano,130,5,A_steiner,5201,2,142.28769889093235,3
sano,130,6,A_steiner,5201,2,142.28769889093235,3
sano,130,7,A_steiner,5201,2,142.28769889093235,3
sano,130,8,A_steiner,5201,2,142.28769889093235,3
sano,130,9,A_steiner,5201,2,142.28769889093235,3
sano,130,10,A_steiner,5201,2,142.28769889093235,3
sano,130,11,A_steiner,5201,2,142.28769889093235,3
sano,130,12,B_incremental,5201,2,142.28769889093235,3
sano,130,13,B_incremental,5201,2,142.28769889093235,3
sano,130,14,B_incremental,5201,2,142.28769889093235,3
sano,130,15,B_incremental,5201,2,142.28769889093235,3
sano,130,16,B_incremental,5201,2,142.28769889093235,3
sano,130,17,B_incremental,5201,2,142.28769889093235,3
sano,130,18,B_incremental,5201,2,142.28769889093235,3
sano,130,19,B_incremental,5201,2,142.28769889093235,3
sano,130,20,B_incremental,5201,2,142.28769889093235,3
sano,130,21,B_incremental,5201,2,142.28769889093235,3
sano,130,22,B_incremental,5201,2,142.28769889093235,3
sano,130,23,B_incremental,5201,2,142.28769889093235,3
sano,131,0,A_steiner,6236,3,84.82520198405744,4
sano,131,1,A_steiner,6236,3,84.82520198405744,4
sano,131,2,A_steiner,6236,3,84.82520198405744,4
sano,131,3,A_steiner,6236,3,84.82520198405744,4
sano,131,4,A_steiner,6236,3,84.82520198405744,4
sano,131,5,A_steiner,6236,3,84.82520198405744,4
sano,131,6,A_steiner,6236,3,84.82520198405744,4
sano,131,7,A_steiner,6236,3,84.82520198405744,4
sano,131,8,A_steiner,6236,3,84.82520198405744,4
sano,131,9,A_steiner,6236,3,84.82520198405744,4
sano,131,10,A_steiner,6236,3,84.82520198405744,4
sano,131,11,A_steiner,6236,3,84.82520198405744,4
sano,131,12,B_incremental,6236,3,84.82520198405744,4
sano,131,13,B_incremental,6236,3,84.82520198405744,4
sano,131,14,B_incremental,6236,3,84.82520198405744,4
sano,131,15,B_incremental,6236,3,84.82520198405744,4
sano,131,16,B_incremental,6236,3,84.82520198405744,4
sano,131,17,B_incremental,6236,3,84.82520198405744,4
sano,131,18,B_incremental,6236,3,84.82520198405744,4
sano,131,19,B_incremental,6236,3,84.82520198405744,4
sano,131,20,B_incremental,6236,3,84.82520198405744,4
sano,131,21,B_incremental,6236,3,84.82520198405744,4
sano,131,22,B_incremental,6236,3,84.82520198405744,4
sano,131,23,B_incremental,6236,3,84.82520198405744,4
sano,132,0,A_steiner,6108,3,187.83314103520095,4
sano,132,1,A_steiner,6108,3,187.83314103520095,4
sano,132,2,A_steiner,6108,3,187.83314103520095,4
sano,132,3,A_steiner,6108,3,187.83314103520095,4
sano,132,4,A_steiner,6108,3,187.83314103520095,4
sano,132,5,A_steiner,6108,3,187.83314103520095,4
sano,132,6,A_steiner,6108,3,187.83314103520095,4
sano,132,7,A_steiner,6108,3,187.83314103520095,4
sano,132,8,A_steiner,6108,3,187.83314103520095,4
sano,132,9,A_steiner,6108,3,187.83314103520095,4
sano,132,10,A_steiner,6108,3,187.83314103520095,4
sano,132,11,A_steiner,6108,3,187.83314103520095,4
sano,132,12,B_incremental,6108,3,187.83314103520095,4
sano,132,13,B_incremental,6108,3,187.83314103520095,4
sano,132,14,B_incremental,6108,3,187.83314103520095,4
sano,132,15,B_incremental,6108,3,187.83314103520095,4
sano,132,16,B_incremental,6108,3,187.83314103520095,4
sano,132,17,B_incremental,6108,3,187.83314103520095,4
sano,132,18,B_incremental,6108,3,187.83314103520095,4
sano,132,19,B_incremental,6108,3,187.83314103520095,4
sano,132,20,B_incremental,6108,3,187.83314103520095,4
sano,132,21,B_incremental,6108,3,187.83314103520095,4
sano,132,22,B_incremental,6108,3,187.83314103520095,4
sano,132,23,B_incremental,6108,3,187.83314103520095,4
sano,133,0,A_steiner,5216,5,357.62806286995607,6
sano,133,1,A_steiner,5216,5,357.62806286995607,6
sano,133,2,A_steiner,5216,5,357.62806286995607,6
sano,133,3,A_steiner,5216,5,357.62806286995607,6
sano,133,4,A_steiner,5216,5,357.62806286995607,6
sano,133,5,A_steiner,5216,5,357.62806286995607,6
sano,133,6,A_steiner,5216,5,357.62806286995607,6
sano,133,7,A_steiner,5216,5,357.62806286995607,6
sano,133,8,A_steiner,5216,5,357.62806286995607,6
sano,133,9,A_steiner,5216,5,357.62806286995607,6
sano,133,10,A_steiner,5216,5,357.62806286995607,6
sano,133,11,A_steiner,5216,5,357.62806286995607,6
sano,133,12,B_incremental,5216,5,357.62806286995607,6
sano,133,13,B_incremental,5216,5,357.62806286995607,6
sano,133,14,B_incremental,5216,5,357.62806286995607,6
sano,133,15,B_incremental,5216,5,357.62806286995607,6
sano,133,16,B_incremental,5216,5,357.62806286995607,6
sano,133,17,B_incremental,5216,5,357.62806286995607,6
sano,133,18,B_incremental,5216,5,357.62806286995607,6
sano,133,19,B_incremental,5216,5,357.62806286995607,6
sano,133,20,B_incremental,5216,5,357.62806286995607,6
sano,133,21,B_incremental,5216,5,357.62806286995607,6
sano,133,22,B_incremental,5216,5,357.62806286995607,6
sano,133,23,B_incremental,5216,5,357.62806286995607,6
sano,134,0,A_steiner,3735,7,425.17035907884707,8
sano,134,1,A_steiner,3735,7,425.17035907884707,8
sano,134,2,A_steiner,3735,7,425.17035907884707,8
sano,134,3,A_steiner,3735,7,425.17035907884707,8
sano,134,4,A_steiner,3735,7,425.17035907884707,8
sano,134,5,A_steiner,3735,7,425.17035907884707,8
sano,134,6,A_steiner,3735,7,425.17035907884707,8
sano,134,7,A_steiner,3735,7,425.17035907884707,8
sano,134,8,A_steiner,3735,7,425.17035907884707,8
sano,134,9,A_steiner,3735,7,425.17035907884707,8
sano,134,10,A_steiner,3735,7,425.17035907884707,8
sano,134,11,A_steiner,3735,7,425.17035907884707,8
sano,134,12,B_incremental,3735,7,483.2858872061262,8
sano,134,13,B_incremental,3735,7,425.17035907884707,8
sano,134,14,B_incremental,3735,7,483.2858872061262,8
sano,134,15,B_incremental,3735,7,448.72722548511376,8
sano,134,16,B_incremental,3735,7,447.7612694202963,8
sano,134,17,B_incremental,3735,7,501.324414749684,8
sano,134,18,B_incremental,3735,7,507.85870798801363,8
sano,134,19,B_incremental,3735,7,500.90389120802655,8
sano,134,20,B_incremental,3735,7,449.7431798607344,8
sano,134,21,B_incremental,3735,7,482.3199311413087,8
sano,134,22,B_incremental,3735,7,507.4381844463563,8
sano,134,23,B_incremental,3735,7,425.17035907884707,8
sano,135,0,A_steiner,3787,4,221.58715093543037,5
sano,135,1,A_steiner,3787,4,221.58715093543037,5
sano,135,2,A_steiner,3787,4,221.58715093543037,5
sano,135,3,A_steiner,3787,4,221.58715093543037,5
sano,135,4,A_steiner,3787,4,221.58715093543037,5
sano,135,5,A_steiner,3787,4,221.58715093543037,5
sano,135,6,A_steiner,3787,4,221.58715093543037,5
sano,135,7,A_steiner,3787,4,221.58715093543037,5
sano,135,8,A_steiner,3787,4,221.58715093543037,5
sano,135,9,A_steiner,3787,4,221.58715093543037,5
sano,135,10,A_steiner,3787,4,221.58715093543037,5
sano,135,11,A_steiner,3787,4,222.3683471913988,5
sano,135,12,B_incremental,3787,4,221.58715093543037,5
sano,135,13,B_incremental,3787,4,222.3683471913988,5
sano,135,14,B_incremental,3787,4,221.58715093543037,5
sano,135,15,B_incremental,3787,4,222.3683471913988,5
sano,135,16,B_incremental,3787,4,221.58715093543037,5
sano,135,17,B_incremental,3787,4,222.3683471913988,5
sano,135,18,B_incremental,3787,4,221.58715093543037,5
sano,135,19,B_incremental,3787,4,222.3683471913988,5
sano,135,20,B_incremental,3787,4,221.58715093543037,5
sano,135,21,B_incremental,3787,4,222.3683471913988,5
sano,135,22,B_incremental,3787,4,221.58715093543037,5
sano,135,23,B_incremental,3787,4,221.58715093543037,5
sano,136,0,A_steiner,1613,6,444.65826734710265,7
sano,136,1,A_steiner,1613,6,444.65826734710265,7
sano,136,2,A_steiner,1613,6,444.65826734710265,7
sano,136,3,A_steiner,1613,6,444.65826734710265,7
sano,136,4,A_steiner,1613,6,444.65826734710265,7
sano,136,5,A_steiner,1613,6,444.65826734710265,7
sano,136,6,A_steiner,1613,6,444.65826734710265,7
sano,136,7,A_steiner,1613,6,444.65826734710265,7
sano,136,8,A_steiner,1613,6,444.65826734710265,7
sano,136,9,A_steiner,1613,6,444.65826734710265,7
sano,136,10,A_steiner,1613,6,444.65826734710265,7
sano,136,11,A_steiner,1613,6,444.65826734710265,7
sano,136,12,B_incremental,1613,6,444.65826734710265,7
sano,136,13,B_incremental,1613,7,565.9647350485446,7
sano,136,14,B_incremental,1613,6,444.65826734710265,7
sano,136,15,B_incremental,1613,6,444.65826734710265,7
sano,136,16,B_incremental,1613,6,444.65826734710265,7
sano,136,17,B_incremental,1613,6,444.65826734710265,7
sano,136,18,B_incremental,1613,6,444.65826734710265,7
sano,136,19,B_incremental,1613,6,444.65826734710265,7
sano,136,20,B_incremental,1613,6,444.65826734710265,7
sano,136,21,B_incremental,1613,6,444.65826734710265,7
sano,136,22,B_incremental,1613,6,444.65826734710265,7
sano,136,23,B_incremental,1613,6,444.65826734710265,7
sano,137,0,A_steiner,3945,6,427.5464892364932,4
sano,137,1,A_steiner,3945,6,427.5464892364932,4
sano,137,2,A_steiner,3945,6,427.5464892364932,4
sano,137,3,A_steiner,3945,6,427.5464892364932,4
sano,137,4,A_steiner,3945,6,427.5464892364932,4
sano,137,5,A_steiner,3945,6,427.5464892364932,4
sano,137,6,A_steiner,3945,6,427.5464892364932,4
sano,137,7,A_steiner,3945,6,427.5464892364932,4
sano,137,8,A_steiner,3945,6,427.5464892364932,4
sano,137,9,A_steiner,3945,6,427.5464892364932,4
sano,137,10,A_steiner,3945,6,427.5464892364932,4
sano,137,11,A_steiner,3945,6,427.5464892364932,4
sano,137,12,B_incremental,3945,6,427.5464892364932,4
sano,137,13,B_incremental,3945,6,427.5464892364932,4
sano,137,14,B_incremental,3945,6,427.5464892364932,4
sano,137,15,B_incremental,3945,6,427.5464892364932,4
sano,137,16,B_incremental,3945,6,427.5464892364932,4
sano,137,17,B_incremental,3945,6,427.5464892364932,4
sano,137,18,B_incremental,3945,6,427.5464892364932,4
sano,137,19,B_incremental,3945,6,427.5464892364932,4
sano,137,20,B_incremental,3945,6,427.5464892364932,4
sano,137,21,B_incremental,3945,6,427.5464892364932,4
sano,137,22,B_incremental,3945,6,427.5464892364932,4
sano,137,23,B_incremental,3945,6,427.5464892364932,4
sano,138,0,A_steiner,1642,7,343.3818457361604,7
sano,138,1,A_steiner,1642,7,343.3818457361604,7
sano,138,2,A_steiner,1642,7,343.3818457361604,7
sano,138,3,A_steiner,1642,7,343.3818457361604,7
sano,138,4,A_steiner,1642,7,343.3818457361604,7
sano,138,5,A_steiner,1642,7,343.3818457361604,7
sano,138,6,A_steiner,1642,7,343.3818457361604,7
sano,138,7,A_steiner,1642,7,343.3818457361604,7
sano,138,8,A_steiner,1642,7,343.3818457361604,7
sano,138,9,A_steiner,1642,7,343.3818457361604,7
sano,138,10,A_steiner,1642,7,343.3818457361604,7
sano,138,11,A_steiner,1642,7,343.3818457361604,7
sano,138,12,B_incremental,1642,7,343.3818457361604,7
sano,138,13,B_incremental,1642,7,343.3818457361604,7
sano,138,14,B_incremental,1642,7,343.3818457361604,7
sano,138,15,B_incremental,1642,7,343.3818457361604,7
sano,138,16,B_incremental,1642,7,343.3818457361604,7
sano,138,17,B_incremental,1642,7,343.3818457361604,7
sano,138,18,B_incremental,1642,7,343.3818457361604,7
sano,138,19,B_incremental,1642,7,343.3818457361604,7
sano,138,20,B_incremental,1642,7,343.3818457361604,7
sano,138,21,B_incremental,1642,7,343.3818457361604,7
sano,138,22,B_incremental,1642,7,343.3818457361604,7
sano,138,23,B_incremental,1642,7,343.3818457361604,7
sano,139,0,A_steiner,6149,3,270.64564662438295,4
sano,139,1,A_steiner,6149,3,270.64564662438295,4
sano,139,2,A_steiner,6149,3,270.64564662438295,4
sano,139,3,A_steiner,6149,3,270.64564662438295,4
sano,139,4,A_steiner,6149,3,270.64564662438295,4
sano,139,5,A_steiner,6149,3,270.64564662438295,4
sano,139,6,A_steiner,6149,3,270.64564662438295,4
sano,139,7,A_steiner,6149,3,270.64564662438295,4
sano,139,8,A_steiner,6149,3,270.64564662438295,4
sano,139,9,A_steiner,6149,3,270.64564662438295,4
sano,139,10,A_steiner,6149,3,270.64564662438295,4
sano,139,11,A_steiner,6149,3,270.64564662438295,4
sano,139,12,B_incremental,6149,3,270.64564662438295,4
sano,139,13,B_incremental,6149,3,270.64564662438295,4
sano,139,14,B_incremental,6149,3,270.64564662438295,4
sano,139,15,B_incremental,6149,4,327.3622600235509,4
sano,139,16,B_incremental,6149,4,327.3622600235509,4
sano,139,17,B_incremental,6149,4,327.3622600235509,4
sano,139,18,B_incremental,6149,3,270.64564662438295,4
sano,139,19,B_incremental,6149,4,327.3622600235509,4
sano,139,20,B_incremental,6149,3,270.64564662438295,4
sano,139,21,B_incremental,6149,3,270.64564662438295,4
sano,139,22,B_incremental,6149,4,327.3622600235509,4
sano,139,23,B_incremental,6149,4,327.3622600235509,4
sano,140,0,A_steiner,1576,8,707.9890587133303,6
sano,140,1,A_steiner,1576,8,707.9890587133303,6
sano,140,2,A_steiner,1576,8,707.9890587133303,6
sano,140,3,A_steiner,1576,8,707.9890587133303,6
sano,140,4,A_steiner,1576,8,707.9890587133303,6
sano,140,5,A_steiner,1576,8,707.9890587133303,6
sano,140,6,A_steiner,1576,8,707.9890587133303,6
sano,140,7,A_steiner,1576,8,707.9890587133303,6
sano,140,8,A_steiner,1576,8,707.9890587133303,6
sano,140,9,A_steiner,1576,8,707.9890587133303,6
sano,140,10,A_steiner,1576,8,707.9890587133303,6
sano,140,11,A_steiner,1576,8,707.9890587133303,6
sano,140,12,B_incremental,1576,8,707.9890587133303,6
sano,140,13,B_incremental,1576,8,707.9890587133303,6
sano,140,14,B_incremental,1576,8,707.9890587133303,6
sano,140,15,B_incremental,1576,8,707.9890587133303,6
sano,140,16,B_incremental,1576,8,707.9890587133303,6
sano,140,17,B_incremental,1576,8,707.9890587133303,6
sano,140,18,B_incremental,1576,8,707.9890587133303,6
sano,140,19,B_incremental,1576,8,707.9890587133303,6
sano,140,20,B_incremental,1576,8,707.9890587133303,6
sano,140,21,B_incremental,1576,8,707.9890587133303,6
sano,140,22,B_incremental,1576,9,725.0441397673471,6
sano,140,23,B_incremental,1576,8,707.9890587133303,6
sano,141,0,A_steiner,5500,2,68.42068733093835,3
sano,141,1,A_steiner,5500,2,68.42068733093835,3
sano,141,2,A_steiner,5500,2,68.42068733093835,3
sano,141,3,A_steiner,5500,2,68.42068733093835,3
sano,141,4,A_steiner,5500,2,68.42068733093835,3
sano,141,5,A_steiner,5500,2,68.42068733093835,3
sano,141,6,A_steiner,5500,2,68.42068733093835,3
sano,141,7,A_steiner,5500,2,68.42068733093835,3
sano,141,8,A_steiner,5500,2,68.42068733093835,3
sano,141,9,A_steiner,5500,2,68.42068733093835,3
sano,141,10,A_steiner,5500,2,68.42068733093835,3
sano,141,11,A_steiner,5500,2,68.42068733093835,3
sano,141,12,B_incremental,5500,2,68.42068733093835,3
sano,141,13,B_incremental,5500,2,68.42068733093835,3
sano,141,14,B_incremental,5500,2,68.42068733093835,3
sano,141,15,B_incremental,5500,2,68.42068733093835,3
sano,141,16,B_incremental,5500,2,68.42068733093835,3
sano,141,17,B_incremental,5500,2,68.42068733093835,3
sano,141,18,B_incremental,5500,2,68.42068733093835,3
sano,141,19,B_incremental,5500,2,68.42068733093835,3
sano,141,20,B_incremental,5500,2,68.42068733093835,3
sano,141,21,B_incremental,5500,2,68.42068733093835,3
sano,141,22,B_incremental,5500,2,68.42068733093835,3
sano,141,23,B_incremental,5500,2,68.42068733093835,3
sano,142,0,A_steiner,5224,7,351.2280424101655,6
sano,142,1,A_steiner,5224,7,351.2280424101655,6
sano,142,2,A_steiner,5224,7,351.2280424101655,6
sano,142,3,A_steiner,5224,7,351.2280424101655,6
sano,142,4,A_steiner,5224,7,351.2280424101655,6
sano,142,5,A_steiner,5224,7,351.2280424101655,6
sano,142,6,A_steiner,5224,7,351.2280424101655,6
sano,142,7,A_steiner,5224,7,351.2280424101655,6
sano,142,8,A_steiner,5224,7,351.2280424101655,6
sano,142,9,A_steiner,5224,7,351.2280424101655,6
sano,142,10,A_steiner,5224,7,351.2280424101655,6
sano,142,11,A_steiner,5224,7,351.2280424101655,6
sano,142,12,B_incremental,5224,7,351.2280424101655,6
sano,142,13,B_incremental,5224,7,351.2280424101655,6
sano,142,14,B_incremental,5224,7,351.2280424101655,6
sano,142,15,B_incremental,5224,7,351.2280424101655,6
sano,142,16,B_incremental,5224,7,351.2280424101655,6
sano,142,17,B_incremental,5224,7,351.2280424101655,6
sano,142,18,B_incremental,5224,7,351.2280424101655,6
sano,142,19,B_incremental,5224,7,351.2280424101655,6
sano,142,20,B_incremental,5224,7,351.2280424101655,6
sano,142,21,B_incremental,5224,7,351.2280424101655,6
sano,142,22,B_incremental,5224,7,351.2280424101655,6
sano,142,23,B_incremental,5224,7,351.2280424101655,6
sano,143,0,A_steiner,1550,3,162.97338317580048,4
sano,143,1,A_steiner,1550,3,162.97338317580048,4
sano,143,2,A_steiner,1550,3,162.97338317580048,4
sano,143,3,A_steiner,1550,3,162.97338317580048,4
sano,143,4,A_steiner,1550,3,162.97338317580048,4
sano,143,5,A_steiner,1550,3,162.97338317580048,4
sano,143,6,A_steiner,1550,3,162.97338317580048,4
sano,143,7,A_steiner,1550,3,162.97338317580048,4
sano,143,8,A_steiner,1550,3,162.97338317580048,4
sano,143,9,A_steiner,1550,3,162.97338317580048,4
sano,143,10,A_steiner,1550,3,162.97338317580048,4
sano,143,11,A_steiner,1550,3,162.97338317580048,4
sano,143,12,B_incremental,1550,3,162.97338317580048,4
sano,143,13,B_incremental,1550,3,162.97338317580048,4
sano,143,14,B_incremental,1550,3,162.97338317580048,4
sano,143,15,B_incremental,1550,3,162.97338317580048,4
sano,143,16,B_incremental,1550,3,162.97338317580048,4
sano,143,17,B_incremental,1550,3,162.97338317580048,4
sano,143,18,B_incremental,1550,3,162.97338317580048,4
sano,143,19,B_incremental,1550,3,162.97338317580048,4
sano,143,20,B_incremental,1550,3,162.97338317580048,4
sano,143,21,B_incremental,1550,3,162.97338317580048,4
sano,143,22,B_incremental,1550,3,162.97338317580048,4
sano,143,23,B_incremental,1550,3,162.97338317580048,4
sano,144,0,A_steiner,1671,7,426.92428111600697,6
sano,144,1,A_steiner,1671,7,426.92428111600697,6
sano,144,2,A_steiner,1671,7,426.92428111600697,6
sano,144,3,A_steiner,1671,7,432.3809151710141,6
sano,144,4,A_steiner,1671,7,426.92428111600697,6
sano,144,5,A_steiner,1671,7,426.92428111600697,6
sano,144,6,A_steiner,1671,7,426.92428111600697,6
sano,144,7,A_steiner,1671,7,426.92428111600697,6
sano,144,8,A_steiner,1671,7,426.92428111600697,6
sano,144,9,A_steiner,1671,7,426.92428111600697,6
sano,144,10,A_steiner,1671,7,426.92428111600697,6
sano,144,11,A_steiner,1671,7,426.92428111600697,6
sano,144,12,B_incremental,1671,7,426.92428111600697,6
sano,144,13,B_incremental,1671,7,426.92428111600697,6
sano,144,14,B_incremental,1671,7,426.92428111600697,6
sano,144,15,B_incremental,1671,7,426.92428111600697,6
sano,144,16,B_incremental,1671,7,426.92428111600697,6
sano,144,17,B_incremental,1671,7,426.92428111600697,6
sano,144,18,B_incremental,1671,7,426.92428111600697,6
sano,144,19,B_incremental,1671,7,426.92428111600697,6
sano,144,20,B_incremental,1671,7,426.92428111600697,6
sano,144,21,B_incremental,1671,7,426.92428111600697,6
sano,144,22,B_incremental,1671,7,432.3809151710141,6
sano,144,23,B_incremental,1671,7,432.3809151710141,6
sano,145,0,A_steiner,6036,6,224.6995656272851,7
sano,145,1,A_steiner,6036,6,224.6995656272851,7
sano,145,2,A_steiner,6036,6,224.6995656272851,7
sano,145,3,A_steiner,6036,6,224.6995656272851,7
sano,145,4,A_steiner,6036,6,224.6995656272851,7
sano,145,5,A_steiner,6036,6,224.6995656272851,7
sano,145,6,A_steiner,6036,6,224.6995656272851,7
sano,145,7,A_steiner,6036,6,224.6995656272851,7
sano,145,8,A_steiner,6036,6,224.6995656272851,7
sano,145,9,A_steiner,6036,6,224.6995656272851,7
sano,145,10,A_steiner,6036,6,224.6995656272851,7
sano,145,11,A_steiner,6036,6,224.6995656272851,7
sano,145,12,B_incremental,6036,6,224.6995656272851,7
sano,145,13,B_incremental,6036,6,224.6995656272851,7
sano,145,14,B_incremental,6036,6,224.6995656272851,7
sano,145,15,B_incremental,6036,6,224.6995656272851,7
sano,145,16,B_incremental,6036,6,224.6995656272851,7
sano,145,17,B_incremental,6036,6,224.6995656272851,7
sano,145,18,B_incremental,6036,6,224.6995656272851,7
sano,145,19,B_incremental,6036,6,224.6995656272851,7
sano,145,20,B_incremental,6036,6,224.6995656272851,7
sano,145,21,B_incremental,6036,6,224.6995656272851,7
sano,145,22,B_incremental,6036,6,224.6995656272851,7
sano,145,23,B_incremental,6036,6,224.6995656272851,7
sano,146,0,A_steiner,1733,5,275.9449174853992,6
sano,146,1,A_steiner,1733,5,271.59832790254785,6
sano,146,2,A_steiner,1733,5,271.59832790254785,6
sano,146,3,A_steiner,1733,5,271.59832790254785,6
sano,146,4,A_steiner,1733,5,271.59832790254785,6
sano,146,5,A_steiner,1733,5,271.59832790254785,6
sano,146,6,A_steiner,1733,5,275.9449174853992,6
sano,146,7,A_steiner,1733,5,271.59832790254785,6
sano,146,8,A_steiner,1733,5,271.59832790254785,6
sano,146,9,A_steiner,1733,5,271.59832790254785,6
sano,146,10,A_steiner,1733,5,271.59832790254785,6
sano,146,11,A_steiner,1733,5,271.59832790254785,6
sano,146,12,B_incremental,1733,5,275.9449174853992,6
sano,146,13,B_incremental,1733,5,275.9449174853992,6
sano,146,14,B_incremental,1733,5,275.9449174853992,6
sano,146,15,B_incremental,1733,5,271.59832790254785,6
sano,146,16,B_incremental,1733,5,275.9449174853992,6
sano,146,17,B_incremental,1733,5,299.2802218185323,6
sano,146,18,B_incremental,1733,5,299.2802218185323,6
sano,146,19,B_incremental,1733,5,271.59832790254785,6
sano,146,20,B_incremental,1733,5,275.66567284071186,6
sano,146,21,B_incremental,1733,5,275.9449174853992,6
sano,146,22,B_incremental,1733,5,275.9449174853992,6
sano,146,23,B_incremental,1733,5,275.9449174853992,6
kudamatsu,0,0,A_steiner,1124,8,962.8312685230127,3
kudamatsu,0,1,A_steiner,1124,8,962.8312685230127,3
kudamatsu,0,2,A_steiner,1124,8,962.8312685230127,3
kudamatsu,0,3,A_steiner,1124,8,962.8312685230127,3
kudamatsu,0,4,A_steiner,1124,8,962.8312685230127,3
kudamatsu,0,5,A_steiner,1124,8,962.8312685230127,3
kudamatsu,0,6,A_steiner,1124,8,962.8312685230127,3
kudamatsu,0,7,A_steiner,1124,8,962.8312685230127,3
kudamatsu,0,8,A_steiner,1124,8,962.8312685230127,3
kudamatsu,0,9,A_steiner,1124,8,962.8312685230127,3
kudamatsu,0,10,A_steiner,1124,8,962.8312685230127,3
kudamatsu,0,11,A_steiner,1124,8,962.8312685230127,3
kudamatsu,0,12,B_incremental,1124,8,962.8312685230127,3
kudamatsu,0,13,B_incremental,1124,8,962.8312685230127,3
kudamatsu,0,14,B_incremental,1124,8,962.8312685230127,3
kudamatsu,0,15,B_incremental,1124,8,962.8312685230127,3
kudamatsu,0,16,B_incremental,1124,8,962.8312685230127,3
kudamatsu,0,17,B_incremental,1124,8,962.8312685230127,3
kudamatsu,0,18,B_incremental,1124,8,962.8312685230127,3
kudamatsu,0,19,B_incremental,1124,8,962.8312685230127,3
kudamatsu,0,20,B_incremental,1124,8,962.8312685230127,3
kudamatsu,0,21,B_incremental,1124,8,962.8312685230127,3
kudamatsu,0,22,B_incremental,1124,8,962.8312685230127,3
kudamatsu,0,23,B_incremental,1124,8,962.8312685230127,3
kudamatsu,1,0,A_steiner,1457,10,714.5510417223425,10
kudamatsu,1,1,A_steiner,1457,10,714.5510417223425,10
kudamatsu,1,2,A_steiner,1457,10,714.5510417223425,10
kudamatsu,1,3,A_steiner,1457,10,714.5510417223425,10
kudamatsu,1,4,A_steiner,1457,10,714.5510417223425,10
kudamatsu,1,5,A_steiner,1457,10,714.5510417223425,10
kudamatsu,1,6,A_steiner,1457,10,714.5510417223425,10
kudamatsu,1,7,A_steiner,1457,10,714.5510417223425,10
kudamatsu,1,8,A_steiner,1457,10,714.5510417223425,10
kudamatsu,1,9,A_steiner,1457,10,714.5510417223425,10
kudamatsu,1,10,A_steiner,1457,10,714.5510417223425,10
kudamatsu,1,11,A_steiner,1457,10,714.5510417223425,10
kudamatsu,1,12,B_incremental,1457,10,714.5510417223425,10
kudamatsu,1,13,B_incremental,1457,10,714.5510417223425,10
kudamatsu,1,14,B_incremental,1457,10,714.5510417223425,10
kudamatsu,1,15,B_incremental,1457,10,714.5510417223425,10
kudamatsu,1,16,B_incremental,1457,10,714.5510417223425,10
kudamatsu,1,17,B_incremental,1457,10,714.5510417223425,10
kudamatsu,1,18,B_incremental,1457,10,714.5510417223425,10
kudamatsu,1,19,B_incremental,1457,10,714.5510417223425,10
kudamatsu,1,20,B_incremental,1457,10,714.5510417223425,10
kudamatsu,1,21,B_incremental,1457,10,714.5510417223425,10
kudamatsu,1,22,B_incremental,1457,10,714.5510417223425,10
kudamatsu,1,23,B_incremental,1457,10,714.5510417223425,10
kudamatsu,2,0,A_steiner,2428,15,1153.2955552424667,13
kudamatsu,2,1,A_steiner,2428,15,1153.2955552424667,13
kudamatsu,2,2,A_steiner,2428,15,1153.2955552424667,13
kudamatsu,2,3,A_steiner,2428,15,1153.2955552424667,13
kudamatsu,2,4,A_steiner,2428,15,1153.2955552424667,13
kudamatsu,2,5,A_steiner,2428,15,1153.2955552424667,13
kudamatsu,2,6,A_steiner,2428,15,1153.2955552424667,13
kudamatsu,2,7,A_steiner,2428,15,1153.2955552424667,13
kudamatsu,2,8,A_steiner,2428,15,1153.2955552424667,13
kudamatsu,2,9,A_steiner,2428,15,1153.2955552424667,13
kudamatsu,2,10,A_steiner,2428,15,1153.2955552424667,13
kudamatsu,2,11,A_steiner,2428,15,1153.2955552424667,13
kudamatsu,2,12,B_incremental,2428,15,1153.2955552424667,13
kudamatsu,2,13,B_incremental,2428,15,1153.2955552424667,13
kudamatsu,2,14,B_incremental,2428,15,1153.2955552424667,13
kudamatsu,2,15,B_incremental,2428,15,1153.2955552424667,13
kudamatsu,2,16,B_incremental,2428,15,1153.2955552424667,13
kudamatsu,2,17,B_incremental,2428,15,1153.2955552424667,13
kudamatsu,2,18,B_incremental,2428,15,1153.2955552424667,13
kudamatsu,2,19,B_incremental,2428,15,1153.2955552424667,13
kudamatsu,2,20,B_incremental,2428,15,1153.2955552424667,13
kudamatsu,2,21,B_incremental,2428,15,1153.2955552424667,13
kudamatsu,2,22,B_incremental,2428,15,1153.2955552424667,13
kudamatsu,2,23,B_incremental,2428,15,1153.2955552424667,13
kudamatsu,3,0,A_steiner,1141,7,310.3738636830871,8
kudamatsu,3,1,A_steiner,1141,7,310.3738636830871,8
kudamatsu,3,2,A_steiner,1141,7,310.3738636830871,8
kudamatsu,3,3,A_steiner,1141,7,310.3738636830871,8
kudamatsu,3,4,A_steiner,1141,7,310.3738636830871,8
kudamatsu,3,5,A_steiner,1141,7,310.3738636830871,8
kudamatsu,3,6,A_steiner,1141,7,310.3738636830871,8
kudamatsu,3,7,A_steiner,1141,7,310.3738636830871,8
kudamatsu,3,8,A_steiner,1141,7,310.3738636830871,8
kudamatsu,3,9,A_steiner,1141,7,310.3738636830871,8
kudamatsu,3,10,A_steiner,1141,7,310.3738636830871,8
kudamatsu,3,11,A_steiner,1141,7,310.3738636830871,8
kudamatsu,3,12,B_incremental,1141,7,310.3738636830871,8
kudamatsu,3,13,B_incremental,1141,7,318.95372240212885,8
kudamatsu,3,14,B_incremental,1141,7,352.7294264021149,8
kudamatsu,3,15,B_incremental,1141,7,310.3738636830871,8
kudamatsu,3,16,B_incremental,1141,7,310.3738636830871,8
kudamatsu,3,17,B_incremental,1141,7,352.7294264021149,8
kudamatsu,3,18,B_incremental,1141,7,310.3738636830871,8
kudamatsu,3,19,B_incremental,1141,7,310.3738636830871,8
kudamatsu,3,20,B_incremental,1141,7,310.3738636830871,8
kudamatsu,3,21,B_incremental,1141,7,310.3738636830871,8
kudamatsu,3,22,B_incremental,1141,7,318.95372240212885,8
kudamatsu,3,23,B_incremental,1141,7,310.3738636830871,8
kudamatsu,4,0,A_steiner,2391,4,766.3120152910217,2
kudamatsu,4,1,A_steiner,2391,4,766.3120152910217,2
kudamatsu,4,2,A_steiner,2391,4,766.3120152910217,2
kudamatsu,4,3,A_steiner,2391,4,766.3120152910217,2
kudamatsu,4,4,A_steiner,2391,4,766.3120152910217,2
kudamatsu,4,5,A_steiner,2391,4,766.3120152910217,2
kudamatsu,4,6,A_steiner,2391,4,766.3120152910217,2
kudamatsu,4,7,A_steiner,2391,4,766.3120152910217,2
kudamatsu,4,8,A_steiner,2391,4,766.3120152910217,2
kudamatsu,4,9,A_steiner,2391,4,766.3120152910217,2
kudamatsu,4,10,A_steiner,2391,4,766.3120152910217,2
kudamatsu,4,11,A_steiner,2391,4,766.3120152910217,2
kudamatsu,4,12,B_incremental,2391,4,766.3120152910217,2
kudamatsu,4,13,B_incremental,2391,4,766.3120152910217,2
kudamatsu,4,14,B_incremental,2391,4,766.3120152910217,2
kudamatsu,4,15,B_incremental,2391,4,766.3120152910217,2
kudamatsu,4,16,B_incremental,2391,4,766.3120152910217,2
kudamatsu,4,17,B_incremental,2391,4,766.3120152910217,2
kudamatsu,4,18,B_incremental,2391,4,766.3120152910217,2
kudamatsu,4,19,B_incremental,2391,4,766.3120152910217,2
kudamatsu,4,20,B_incremental,2391,4,766.3120152910217,2
kudamatsu,4,21,B_incremental,2391,4,766.3120152910217,2
kudamatsu,4,22,B_incremental,2391,4,766.3120152910217,2
kudamatsu,4,23,B_incremental,2391,4,766.3120152910217,2
kudamatsu,5,0,A_steiner,1523,21,2296.802675655666,9
kudamatsu,5,1,A_steiner,1523,21,2296.802675655666,9
kudamatsu,5,2,A_steiner,1523,21,2296.802675655666,9
kudamatsu,5,3,A_steiner,1523,21,2296.802675655666,9
kudamatsu,5,4,A_steiner,1523,21,2296.802675655666,9
kudamatsu,5,5,A_steiner,1523,21,2296.802675655666,9
kudamatsu,5,6,A_steiner,1523,21,2296.802675655666,9
kudamatsu,5,7,A_steiner,1523,21,2296.802675655666,9
kudamatsu,5,8,A_steiner,1523,21,2296.802675655666,9
kudamatsu,5,9,A_steiner,1523,21,2296.802675655666,9
kudamatsu,5,10,A_steiner,1523,21,2296.802675655666,9
kudamatsu,5,11,A_steiner,1523,21,2296.802675655666,9
kudamatsu,5,12,B_incremental,1523,22,2349.8123311013665,9
kudamatsu,5,13,B_incremental,1523,22,2349.8123311013665,9
kudamatsu,5,14,B_incremental,1523,21,2296.802675655666,9
kudamatsu,5,15,B_incremental,1523,23,2316.23855708494,9
kudamatsu,5,16,B_incremental,1523,22,2307.3248318730693,9
kudamatsu,5,17,B_incremental,1523,22,2307.3248318730693,9
kudamatsu,5,18,B_incremental,1523,21,2296.802675655666,9
kudamatsu,5,19,B_incremental,1523,22,2349.8123311013665,9
kudamatsu,5,20,B_incremental,1523,22,2349.8123311013665,9
kudamatsu,5,21,B_incremental,1523,23,2316.23855708494,9
kudamatsu,5,22,B_incremental,1523,21,2296.802675655666,9
kudamatsu,5,23,B_incremental,1523,22,2307.3248318730693,9
kudamatsu,6,0,A_steiner,2880,7,424.86049211078927,6
kudamatsu,6,1,A_steiner,2880,7,424.86049211078927,6
kudamatsu,6,2,A_steiner,2880,7,424.86049211078927,6
kudamatsu,6,3,A_steiner,2880,7,424.86049211078927,6
kudamatsu,6,4,A_steiner,2880,7,424.86049211078927,6
kudamatsu,6,5,A_steiner,2880,7,424.86049211078927,6
kudamatsu,6,6,A_steiner,2880,7,424.86049211078927,6
kudamatsu,6,7,A_steiner,2880,7,424.86049211078927,6
kudamatsu,6,8,A_steiner,2880,7,424.86049211078927,6
kudamatsu,6,9,A_steiner,2880,7,424.86049211078927,6
kudamatsu,6,10,A_steiner,2880,7,424.86049211078927,6
kudamatsu,6,11,A_steiner,2880,7,424.86049211078927,6
kudamatsu,6,12,B_incremental,2880,7,424.86049211078927,6
kudamatsu,6,13,B_incremental,2880,10,484.093496296339,6
kudamatsu,6,14,B_incremental,2880,7,424.86049211078927,6
kudamatsu,6,15,B_incremental,2880,7,424.86049211078927,6
kudamatsu,6,16,B_incremental,2880,7,424.86049211078927,6
kudamatsu,6,17,B_incremental,2880,10,484.093496296339,6
kudamatsu,6,18,B_incremental,2880,10,484.3487806460401,6
kudamatsu,6,19,B_incremental,2880,10,484.093496296339,6
kudamatsu,6,20,B_incremental,2880,7,424.86049211078927,6
kudamatsu,6,21,B_incremental,2880,10,484.093496296339,6
kudamatsu,6,22,B_incremental,2880,7,424.86049211078927,6
kudamatsu,6,23,B_incremental,2880,10,484.093496296339,6
kudamatsu,7,0,A_steiner,1207,10,421.9140733383167,5
kudamatsu,7,1,A_steiner,1207,10,421.9140733383167,5
kudamatsu,7,2,A_steiner,1207,10,421.9140733383167,5
kudamatsu,7,3,A_steiner,1207,10,421.9140733383167,5
kudamatsu,7,4,A_steiner,1207,10,421.9140733383167,5
kudamatsu,7,5,A_steiner,1207,10,426.1687388953522,5
kudamatsu,7,6,A_steiner,1207,10,421.9140733383167,5
kudamatsu,7,7,A_steiner,1207,10,421.9140733383167,5
kudamatsu,7,8,A_steiner,1207,10,421.9140733383167,5
kudamatsu,7,9,A_steiner,1207,10,421.9140733383167,5
kudamatsu,7,10,A_steiner,1207,10,421.9140733383167,5
kudamatsu,7,11,A_steiner,1207,10,421.9140733383167,5
kudamatsu,7,12,B_incremental,1207,10,421.9140733383167,5
kudamatsu,7,13,B_incremental,1207,9,427.19048714627587,5
kudamatsu,7,14,B_incremental,1207,10,426.1687388953522,5
kudamatsu,7,15,B_incremental,1207,9,427.19048714627587,5
kudamatsu,7,16,B_incremental,1207,10,421.9140733383167,5
kudamatsu,7,17,B_incremental,1207,9,427.19048714627587,5
kudamatsu,7,18,B_incremental,1207,10,426.1687388953522,5
kudamatsu,7,19,B_incremental,1207,10,426.1687388953522,5
kudamatsu,7,20,B_incremental,1207,9,422.9358215892404,5
kudamatsu,7,21,B_incremental,1207,10,421.9140733383167,5
kudamatsu,7,22,B_incremental,1207,9,422.9358215892404,5
kudamatsu,7,23,B_incremental,1207,9,427.19048714627587,5
kudamatsu,8,0,A_steiner,971,15,1053.4967191999885,9
kudamatsu,8,1,A_steiner,971,13,1050.3939658018448,9
kudamatsu,8,2,A_steiner,971,15,1053.4967191999885,9
kudamatsu,8,3,A_steiner,971,13,1050.3939658018448,9
kudamatsu,8,4,A_steiner,971,13,1050.3939658018448,9
kudamatsu,8,5,A_steiner,971,15,1053.4967191999885,9
kudamatsu,8,6,A_steiner,971,13,1050.3939658018448,9
kudamatsu,8,7,A_steiner,971,13,1050.3939658018448,9
kudamatsu,8,8,A_steiner,971,13,1050.3939658018448,9
kudamatsu,8,9,A_steiner,971,15,1053.4967191999885,9
kudamatsu,8,10,A_steiner,971,13,1050.3939658018448,9
kudamatsu,8,11,A_steiner,971,15,1053.4967191999885,9
kudamatsu,8,12,B_incremental,971,14,1088.1462839742237,9
kudamatsu,8,13,B_incremental,971,14,1088.1462839742237,9
kudamatsu,8,14,B_incremental,971,14,1088.1462839742237,9
kudamatsu,8,15,B_incremental,971,14,1088.1462839742237,9
kudamatsu,8,16,B_incremental,971,14,1088.1462839742237,9
kudamatsu,8,17,B_incremental,971,14,1088.1462839742237,9
kudamatsu,8,18,B_incremental,971,14,1088.1462839742237,9
kudamatsu,8,19,B_incremental,971,14,1088.1462839742237,9
kudamatsu,8,20,B_incremental,971,14,1088.1462839742237,9
kudamatsu,8,21,B_incremental,971,14,1088.1462839742237,9
kudamatsu,8,22,B_incremental,971,14,1088.1462839742237,9
kudamatsu,8,23,B_incremental,971,14,1088.1462839742237,9
kudamatsu,9,0,A_steiner,566,7,649.0714054873281,7
kudamatsu,9,1,A_steiner,566,7,649.0714054873281,7
kudamatsu,9,2,A_steiner,566,7,649.0714054873281,7
kudamatsu,9,3,A_steiner,566,7,649.0714054873281,7
kudamatsu,9,4,A_steiner,566,7,649.0714054873281,7
kudamatsu,9,5,A_steiner,566,7,649.0714054873281,7
kudamatsu,9,6,A_steiner,566,7,649.0714054873281,7
kudamatsu,9,7,A_steiner,566,7,649.0714054873281,7
kudamatsu,9,8,A_steiner,566,7,649.0714054873281,7
kudamatsu,9,9,A_steiner,566,7,649.0714054873281,7
kudamatsu,9,10,A_steiner,566,7,649.0714054873281,7
kudamatsu,9,11,A_steiner,566,7,649.0714054873281,7
kudamatsu,9,12,B_incremental,566,7,649.0714054873281,7
kudamatsu,9,13,B_incremental,566,7,649.0714054873281,7
kudamatsu,9,14,B_incremental,566,7,690.0520253646698,7
kudamatsu,9,15,B_incremental,566,7,649.0714054873281,7
kudamatsu,9,16,B_incremental,566,7,649.0714054873281,7
kudamatsu,9,17,B_incremental,566,7,649.0714054873281,7
kudamatsu,9,18,B_incremental,566,7,690.0520253646698,7
kudamatsu,9,19,B_incremental,566,7,690.0520253646698,7
kudamatsu,9,20,B_incremental,566,7,649.0714054873281,7
kudamatsu,9,21,B_incremental,566,7,690.0520253646698,7
kudamatsu,9,22,B_incremental,566,7,649.0714054873281,7
kudamatsu,9,23,B_incremental,566,7,649.0714054873281,7
kudamatsu,10,0,A_steiner,1584,19,1639.3265165809566,6
kudamatsu,10,1,A_steiner,1584,19,1639.3265165809566,6
kudamatsu,10,2,A_steiner,1584,19,1639.3265165809566,6
kudamatsu,10,3,A_steiner,1584,19,1639.3265165809566,6
kudamatsu,10,4,A_steiner,1584,19,1639.3265165809566,6
kudamatsu,10,5,A_steiner,1584,19,1639.3265165809566,6
kudamatsu,10,6,A_steiner,1584,19,1639.3265165809566,6
kudamatsu,10,7,A_steiner,1584,19,1639.3265165809566,6
kudamatsu,10,8,A_steiner,1584,19,1639.3265165809566,6
kudamatsu,10,9,A_steiner,1584,19,1639.3265165809566,6
kudamatsu,10,10,A_steiner,1584,19,1639.3265165809566,6
kudamatsu,10,11,A_steiner,1584,19,1639.3265165809566,6
kudamatsu,10,12,B_incremental,1584,19,1639.3265165809566,6
kudamatsu,10,13,B_incremental,1584,19,1639.3265165809566,6
kudamatsu,10,14,B_incremental,1584,19,1639.3265165809566,6
kudamatsu,10,15,B_incremental,1584,15,1487.6608930321415,6
kudamatsu,10,16,B_incremental,1584,19,1639.3265165809566,6
kudamatsu,10,17,B_incremental,1584,15,1487.6608930321415,6
kudamatsu,10,18,B_incremental,1584,19,1639.3265165809566,6
kudamatsu,10,19,B_incremental,1584,15,1487.6608930321415,6
kudamatsu,10,20,B_incremental,1584,15,1487.6608930321415,6
kudamatsu,10,21,B_incremental,1584,19,1639.3265165809566,6
kudamatsu,10,22,B_incremental,1584,15,1487.6608930321415,6
kudamatsu,10,23,B_incremental,1584,15,1487.6608930321415,6
kudamatsu,11,0,A_steiner,2888,4,314.0690124439326,5
kudamatsu,11,1,A_steiner,2888,4,314.0690124439326,5
kudamatsu,11,2,A_steiner,2888,4,314.0690124439326,5
kudamatsu,11,3,A_steiner,2888,4,314.0690124439326,5
kudamatsu,11,4,A_steiner,2888,4,314.0690124439326,5
kudamatsu,11,5,A_steiner,2888,4,314.0690124439326,5
kudamatsu,11,6,A_steiner,2888,4,314.0690124439326,5
kudamatsu,11,7,A_steiner,2888,4,314.0690124439326,5
kudamatsu,11,8,A_steiner,2888,4,314.0690124439326,5
kudamatsu,11,9,A_steiner,2888,4,314.0690124439326,5
kudamatsu,11,10,A_steiner,2888,4,314.0690124439326,5
kudamatsu,11,11,A_steiner,2888,4,314.0690124439326,5
kudamatsu,11,12,B_incremental,2888,4,314.0690124439326,5
kudamatsu,11,13,B_incremental,2888,4,314.0690124439326,5
kudamatsu,11,14,B_incremental,2888,4,314.0690124439326,5
kudamatsu,11,15,B_incremental,2888,4,314.0690124439326,5
kudamatsu,11,16,B_incremental,2888,4,314.0690124439326,5
kudamatsu,11,17,B_incremental,2888,4,314.0690124439326,5
kudamatsu,11,18,B_incremental,2888,4,314.0690124439326,5
kudamatsu,11,19,B_incremental,2888,4,314.0690124439326,5
kudamatsu,11,20,B_incremental,2888,4,314.0690124439326,5
kudamatsu,11,21,B_incremental,2888,4,314.0690124439326,5
kudamatsu,11,22,B_incremental,2888,4,314.0690124439326,5
kudamatsu,11,23,B_incremental,2888,4,314.0690124439326,5
kudamatsu,12,0,A_steiner,1572,5,289.3174351267926,6
kudamatsu,12,1,A_steiner,1572,5,289.3174351267926,6
kudamatsu,12,2,A_steiner,1572,5,289.3174351267926,6
kudamatsu,12,3,A_steiner,1572,5,289.3174351267926,6
kudamatsu,12,4,A_steiner,1572,5,289.3174351267926,6
kudamatsu,12,5,A_steiner,1572,5,289.3174351267926,6
kudamatsu,12,6,A_steiner,1572,5,289.3174351267926,6
kudamatsu,12,7,A_steiner,1572,5,289.3174351267926,6
kudamatsu,12,8,A_steiner,1572,5,289.3174351267926,6
kudamatsu,12,9,A_steiner,1572,5,289.3174351267926,6
kudamatsu,12,10,A_steiner,1572,5,289.3174351267926,6
kudamatsu,12,11,A_steiner,1572,5,289.3174351267926,6
kudamatsu,12,12,B_incremental,1572,6,302.49120943968194,6
kudamatsu,12,13,B_incremental,1572,5,289.3174351267926,6
kudamatsu,12,14,B_incremental,1572,5,289.3174351267926,6
kudamatsu,12,15,B_incremental,1572,6,298.5625473505939,6
kudamatsu,12,16,B_incremental,1572,6,302.49120943968194,6
kudamatsu,12,17,B_incremental,1572,6,298.5625473505939,6
kudamatsu,12,18,B_incremental,1572,5,289.3174351267926,6
kudamatsu,12,19,B_incremental,1572,6,302.49120943968194,6
kudamatsu,12,20,B_incremental,1572,6,302.49120943968194,6
kudamatsu,12,21,B_incremental,1572,5,289.3174351267926,6
kudamatsu,12,22,B_incremental,1572,6,302.49120943968194,6
kudamatsu,12,23,B_incremental,1572,6,302.49120943968194,6
kudamatsu,13,0,A_steiner,2909,8,490.61893697475074,3
kudamatsu,13,1,A_steiner,2909,8,490.61893697475074,3
kudamatsu,13,2,A_steiner,2909,8,490.61893697475074,3
kudamatsu,13,3,A_steiner,2909,8,490.61893697475074,3
kudamatsu,13,4,A_steiner,2909,8,490.61893697475074,3
kudamatsu,13,5,A_steiner,2909,8,490.61893697475074,3
kudamatsu,13,6,A_steiner,2909,8,490.61893697475074,3
kudamatsu,13,7,A_steiner,2909,8,490.61893697475074,3
kudamatsu,13,8,A_steiner,2909,8,490.61893697475074,3
kudamatsu,13,9,A_steiner,2909,8,490.61893697475074,3
kudamatsu,13,10,A_steiner,2909,8,490.61893697475074,3
kudamatsu,13,11,A_steiner,2909,8,490.61893697475074,3
kudamatsu,13,12,B_incremental,2909,7,469.49713563919727,3
kudamatsu,13,13,B_incremental,2909,7,469.49713563919727,3
kudamatsu,13,14,B_incremental,2909,7,469.49713563919727,3
kudamatsu,13,15,B_incremental,2909,7,469.49713563919727,3
kudamatsu,13,16,B_incremental,2909,7,469.49713563919727,3
kudamatsu,13,17,B_incremental,2909,7,469.49713563919727,3
kudamatsu,13,18,B_incremental,2909,7,469.49713563919727,3
kudamatsu,13,19,B_incremental,2909,7,469.49713563919727,3
kudamatsu,13,20,B_incremental,2909,7,469.49713563919727,3
kudamatsu,13,21,B_incremental,2909,7,469.49713563919727,3
kudamatsu,13,22,B_incremental,2909,7,469.49713563919727,3
kudamatsu,13,23,B_incremental,2909,7,469.49713563919727,3
kudamatsu,14,0,A_steiner,17,2,148.9850096130747,3
kudamatsu,14,1,A_steiner,17,2,148.9850096130747,3
kudamatsu,14,2,A_steiner,17,2,148.9850096130747,3
kudamatsu,14,3,A_steiner,17,2,148.9850096130747,3
kudamatsu,14,4,A_steiner,17,2,148.9850096130747,3
kudamatsu,14,5,A_steiner,17,2,148.9850096130747,3
kudamatsu,14,6,A_steiner,17,2,148.9850096130747,3
kudamatsu,14,7,A_steiner,17,2,148.9850096130747,3
kudamatsu,14,8,A_steiner,17,2,148.9850096130747,3
kudamatsu,14,9,A_steiner,17,2,148.9850096130747,3
kudamatsu,14,10,A_steiner,17,2,148.9850096130747,3
kudamatsu,14,11,A_steiner,17,2,148.9850096130747,3
kudamatsu,14,12,B_incremental,17,2,148.9850096130747,3
kudamatsu,14,13,B_incremental,17,2,148.9850096130747,3
kudamatsu,14,14,B_incremental,17,2,148.9850096130747,3
kudamatsu,14,15,B_incremental,17,2,148.9850096130747,3
kudamatsu,14,16,B_incremental,17,2,148.9850096130747,3
kudamatsu,14,17,B_incremental,17,2,148.9850096130747,3
kudamatsu,14,18,B_incremental,17,2,148.9850096130747,3
kudamatsu,14,19,B_incremental,17,2,148.9850096130747,3
kudamatsu,14,20,B_incremental,17,2,148.9850096130747,3
kudamatsu,14,21,B_incremental,17,2,148.9850096130747,3
kudamatsu,14,22,B_incremental,17,2,148.9850096130747,3
kudamatsu,14,23,B_incremental,17,2,148.9850096130747,3
kudamatsu,15,0,A_steiner,1668,5,444.24298445512534,5
kudamatsu,15,1,A_steiner,1668,5,444.24298445512534,5
kudamatsu,15,2,A_steiner,1668,5,444.24298445512534,5
kudamatsu,15,3,A_steiner,1668,5,444.24298445512534,5
kudamatsu,15,4,A_steiner,1668,5,444.24298445512534,5
kudamatsu,15,5,A_steiner,1668,5,444.24298445512534,5
kudamatsu,15,6,A_steiner,1668,5,444.24298445512534,5
kudamatsu,15,7,A_steiner,1668,5,444.24298445512534,5
kudamatsu,15,8,A_steiner,1668,5,444.24298445512534,5
kudamatsu,15,9,A_steiner,1668,5,444.24298445512534,5
kudamatsu,15,10,A_steiner,1668,5,444.24298445512534,5
kudamatsu,15,11,A_steiner,1668,5,444.24298445512534,5
kudamatsu,15,12,B_incremental,1668,5,444.24298445512534,5
kudamatsu,15,13,B_incremental,1668,5,444.24298445512534,5
kudamatsu,15,14,B_incremental,1668,5,444.24298445512534,5
kudamatsu,15,15,B_incremental,1668,5,444.24298445512534,5
kudamatsu,15,16,B_incremental,1668,5,444.24298445512534,5
kudamatsu,15,17,B_incremental,1668,5,444.24298445512534,5
kudamatsu,15,18,B_incremental,1668,5,444.24298445512534,5
kudamatsu,15,19,B_incremental,1668,5,444.24298445512534,5
kudamatsu,15,20,B_incremental,1668,5,444.24298445512534,5
kudamatsu,15,21,B_incremental,1668,5,444.24298445512534,5
kudamatsu,15,22,B_incremental,1668,5,444.24298445512534,5
kudamatsu,15,23,B_incremental,1668,5,444.24298445512534,5
kudamatsu,16,0,A_steiner,1850,26,3142.3730570409225,10
kudamatsu,16,1,A_steiner,1850,26,3142.3730570409225,10
kudamatsu,16,2,A_steiner,1850,26,3142.3730570409225,10
kudamatsu,16,3,A_steiner,1850,26,3051.8384862800485,10
kudamatsu,16,4,A_steiner,1850,26,3051.8384862800485,10
kudamatsu,16,5,A_steiner,1850,26,3051.8384862800485,10
kudamatsu,16,6,A_steiner,1850,26,3142.3730570409225,10
kudamatsu,16,7,A_steiner,1850,26,3051.8384862800485,10
kudamatsu,16,8,A_steiner,1850,26,3051.8384862800485,10
kudamatsu,16,9,A_steiner,1850,26,3142.3730570409225,10
kudamatsu,16,10,A_steiner,1850,26,3142.3730570409225,10
kudamatsu,16,11,A_steiner,1850,26,3051.8384862800485,10
kudamatsu,16,12,B_incremental,1850,28,3174.336105666166,10
kudamatsu,16,13,B_incremental,1850,26,3142.3730570409225,10
kudamatsu,16,14,B_incremental,1850,26,3142.3730570409225,10
kudamatsu,16,15,B_incremental,1850,26,3142.3730570409225,10
kudamatsu,16,16,B_incremental,1850,26,3051.8384862800485,10
kudamatsu,16,17,B_incremental,1850,26,3142.3730570409225,10
kudamatsu,16,18,B_incremental,1850,26,3142.3730570409225,10
kudamatsu,16,19,B_incremental,1850,26,3051.8384862800485,10
kudamatsu,16,20,B_incremental,1850,26,3142.3730570409225,10
kudamatsu,16,21,B_incremental,1850,28,3174.336105666166,10
kudamatsu,16,22,B_incremental,1850,26,3142.3730570409225,10
kudamatsu,16,23,B_incremental,1850,26,3142.3730570409225,10
kudamatsu,17,0,A_steiner,1571,5,258.73800361265694,5
kudamatsu,17,1,A_steiner,1571,5,258.73800361265694,5
kudamatsu,17,2,A_steiner,1571,5,258.73800361265694,5
kudamatsu,17,3,A_steiner,1571,5,258.73800361265694,5
kudamatsu,17,4,A_steiner,1571,5,258.73800361265694,5
kudamatsu,17,5,A_steiner,1571,5,258.73800361265694,5
kudamatsu,17,6,A_steiner,1571,5,258.73800361265694,5
kudamatsu,17,7,A_steiner,1571,5,258.73800361265694,5
kudamatsu,17,8,A_steiner,1571,5,258.73800361265694,5
kudamatsu,17,9,A_steiner,1571,5,258.73800361265694,5
kudamatsu,17,10,A_steiner,1571,5,258.73800361265694,5
kudamatsu,17,11,A_steiner,1571,5,258.73800361265694,5
kudamatsu,17,12,B_incremental,1571,5,258.73800361265694,5
kudamatsu,17,13,B_incremental,1571,5,258.73800361265694,5
kudamatsu,17,14,B_incremental,1571,5,258.73800361265694,5
kudamatsu,17,15,B_incremental,1571,5,258.73800361265694,5
kudamatsu,17,16,B_incremental,1571,5,258.73800361265694,5
kudamatsu,17,17,B_incremental,1571,5,258.73800361265694,5
kudamatsu,17,18,B_incremental,1571,5,258.73800361265694,5
kudamatsu,17,19,B_incremental,1571,5,258.73800361265694,5
kudamatsu,17,20,B_incremental,1571,5,258.73800361265694,5
kudamatsu,17,21,B_incremental,1571,5,258.73800361265694,5
kudamatsu,17,22,B_incremental,1571,5,258.73800361265694,5
kudamatsu,17,23,B_incremental,1571,5,258.73800361265694,5
kudamatsu,18,0,A_steiner,2840,23,1341.750273746644,11
kudamatsu,18,1,A_steiner,2840,23,1341.750273746644,11
kudamatsu,18,2,A_steiner,2840,23,1341.750273746644,11
kudamatsu,18,3,A_steiner,2840,23,1341.750273746644,11
kudamatsu,18,4,A_steiner,2840,23,1341.750273746644,11
kudamatsu,18,5,A_steiner,2840,23,1341.750273746644,11
kudamatsu,18,6,A_steiner,2840,23,1341.750273746644,11
kudamatsu,18,7,A_steiner,2840,23,1341.750273746644,11
kudamatsu,18,8,A_steiner,2840,23,1341.750273746644,11
kudamatsu,18,9,A_steiner,2840,23,1341.750273746644,11
kudamatsu,18,10,A_steiner,2840,23,1341.750273746644,11
kudamatsu,18,11,A_steiner,2840,23,1341.750273746644,11
kudamatsu,18,12,B_incremental,2840,25,1370.0318861903527,11
kudamatsu,18,13,B_incremental,2840,24,1329.070904588414,11
kudamatsu,18,14,B_incremental,2840,24,1329.070904588414,11
kudamatsu,18,15,B_incremental,2840,25,1370.0318861903527,11
kudamatsu,18,16,B_incremental,2840,25,1370.0318861903527,11
kudamatsu,18,17,B_incremental,2840,23,1341.750273746644,11
kudamatsu,18,18,B_incremental,2840,25,1370.0318861903527,11
kudamatsu,18,19,B_incremental,2840,25,1370.0318861903527,11
kudamatsu,18,20,B_incremental,2840,24,1329.070904588414,11
kudamatsu,18,21,B_incremental,2840,25,1370.0318861903527,11
kudamatsu,18,22,B_incremental,2840,24,1329.070904588414,11
kudamatsu,18,23,B_incremental,2840,24,1329.070904588414,11
kudamatsu,19,0,A_steiner,2031,10,618.8660626753343,8
kudamatsu,19,1,A_steiner,2031,9,623.7261725774372,8
kudamatsu,19,2,A_steiner,2031,9,623.7261725774372,8
kudamatsu,19,3,A_steiner,2031,9,623.7261725774372,8
kudamatsu,19,4,A_steiner,2031,9,623.7261725774372,8
kudamatsu,19,5,A_steiner,2031,10,618.8660626753343,8
kudamatsu,19,6,A_steiner,2031,10,618.8660626753343,8
kudamatsu,19,7,A_steiner,2031,9,623.7261725774372,8
kudamatsu,19,8,A_steiner,2031,9,623.7261725774372,8
kudamatsu,19,9,A_steiner,2031,10,618.8660626753343,8
kudamatsu,19,10,A_steiner,2031,9,623.7261725774372,8
kudamatsu,19,11,A_steiner,2031,10,618.8660626753343,8
kudamatsu,19,12,B_incremental,2031,9,623.7261725774372,8
kudamatsu,19,13,B_incremental,2031,11,642.8795072967464,8
kudamatsu,19,14,B_incremental,2031,11,742.27153304117,8
kudamatsu,19,15,B_incremental,2031,11,642.8795072967464,8
kudamatsu,19,16,B_incremental,2031,11,706.3437873710535,8
kudamatsu,19,17,B_incremental,2031,10,682.3303427496414,8
kudamatsu,19,18,B_incremental,2031,11,642.8795072967464,8
kudamatsu,19,19,B_incremental,2031,10,618.8660626753343,8
kudamatsu,19,20,B_incremental,2031,9,623.7261725774372,8
kudamatsu,19,21,B_incremental,2031,11,706.3437873710535,8
kudamatsu,19,22,B_incremental,2031,11,747.9911660350489,8
kudamatsu,19,23,B_incremental,2031,10,618.8660626753343,8
kudamatsu,20,0,A_steiner,2128,25,1577.1102477586871,15
kudamatsu,20,1,A_steiner,2128,25,1577.1102477586871,15
kudamatsu,20,2,A_steiner,2128,25,1577.1102477586871,15
kudamatsu,20,3,A_steiner,2128,25,1577.1102477586871,15
kudamatsu,20,4,A_steiner,2128,25,1577.1102477586871,15
kudamatsu,20,5,A_steiner,2128,25,1577.1102477586871,15
kudamatsu,20,6,A_steiner,2128,25,1577.1102477586871,15
kudamatsu,20,7,A_steiner,2128,25,1577.1102477586871,15
kudamatsu,20,8,A_steiner,2128,25,1577.1102477586871,15
kudamatsu,20,9,A_steiner,2128,25,1577.1102477586871,15
kudamatsu,20,10,A_steiner,2128,25,1577.1102477586871,15
kudamatsu,20,11,A_steiner,2128,25,1577.1102477586871,15
kudamatsu,20,12,B_incremental,2128,25,1671.1944064452146,15
kudamatsu,20,13,B_incremental,2128,25,1671.1944064452146,15
kudamatsu,20,14,B_incremental,2128,25,1577.2459868195872,15
kudamatsu,20,15,B_incremental,2128,25,1671.1944064452146,15
kudamatsu,20,16,B_incremental,2128,25,1671.1944064452146,15
kudamatsu,20,17,B_incremental,2128,25,1671.1944064452146,15
kudamatsu,20,18,B_incremental,2128,25,1671.1944064452146,15
kudamatsu,20,19,B_incremental,2128,25,1671.1944064452146,15
kudamatsu,20,20,B_incremental,2128,25,1577.2459868195872,15
kudamatsu,20,21,B_incremental,2128,25,1671.1944064452146,15
kudamatsu,20,22,B_incremental,2128,25,1577.2459868195872,15
kudamatsu,20,23,B_incremental,2128,25,1671.1944064452146,15
kudamatsu,21,0,A_steiner,564,3,553.2673829632156,3
kudamatsu,21,1,A_steiner,564,3,553.2673829632156,3
kudamatsu,21,2,A_steiner,564,3,553.2673829632156,3
kudamatsu,21,3,A_steiner,564,3,553.2673829632156,3
kudamatsu,21,4,A_steiner,564,3,553.2673829632156,3
kudamatsu,21,5,A_steiner,564,3,553.2673829632156,3
kudamatsu,21,6,A_steiner,564,3,553.2673829632156,3
kudamatsu,21,7,A_steiner,564,3,553.2673829632156,3
kudamatsu,21,8,A_steiner,564,3,553.2673829632156,3
kudamatsu,21,9,A_steiner,564,3,553.2673829632156,3
kudamatsu,21,10,A_steiner,564,3,553.2673829632156,3
kudamatsu,21,11,A_steiner,564,3,553.2673829632156,3
kudamatsu,21,12,B_incremental,564,3,553.2673829632156,3
kudamatsu,21,13,B_incremental,564,3,553.2673829632156,3
kudamatsu,21,14,B_incremental,564,3,553.2673829632156,3
kudamatsu,21,15,B_incremental,564,3,553.2673829632156,3
kudamatsu,21,16,B_incremental,564,3,553.2673829632156,3
kudamatsu,21,17,B_incremental,564,3,553.2673829632156,3
kudamatsu,21,18,B_incremental,564,3,553.2673829632156,3
kudamatsu,21,19,B_incremental,564,3,553.2673829632156,3
kudamatsu,21,20,B_incremental,564,3,553.2673829632156,3
kudamatsu,21,21,B_incremental,564,3,553.2673829632156,3
kudamatsu,21,22,B_incremental,564,3,553.2673829632156,3
kudamatsu,21,23,B_incremental,564,3,553.2673829632156,3
kudamatsu,22,0,A_steiner,1496,9,453.9425195415322,8
kudamatsu,22,1,A_steiner,1496,9,453.9425195415322,8
kudamatsu,22,2,A_steiner,1496,9,453.9425195415322,8
kudamatsu,22,3,A_steiner,1496,9,453.9425195415322,8
kudamatsu,22,4,A_steiner,1496,9,453.9425195415322,8
kudamatsu,22,5,A_steiner,1496,9,453.9425195415322,8
kudamatsu,22,6,A_steiner,1496,9,453.9425195415322,8
kudamatsu,22,7,A_steiner,1496,9,453.9425195415322,8
kudamatsu,22,8,A_steiner,1496,9,453.9425195415322,8
kudamatsu,22,9,A_steiner,1496,9,453.9425195415322,8
kudamatsu,22,10,A_steiner,1496,9,453.9425195415322,8
kudamatsu,22,11,A_steiner,1496,9,453.9425195415322,8
kudamatsu,22,12,B_incremental,1496,11,539.1210371549587,8
kudamatsu,22,13,B_incremental,1496,9,453.9425195415322,8
kudamatsu,22,14,B_incremental,1496,11,539.1210371549587,8
kudamatsu,22,15,B_incremental,1496,9,453.9425195415322,8
kudamatsu,22,16,B_incremental,1496,11,553.4283444760417,8
kudamatsu,22,17,B_incremental,1496,11,539.1210371549587,8
kudamatsu,22,18,B_incremental,1496,9,453.9425195415322,8
kudamatsu,22,19,B_incremental,1496,9,453.9425195415322,8
kudamatsu,22,20,B_incremental,1496,9,453.9425195415322,8
kudamatsu,22,21,B_incremental,1496,9,453.9425195415322,8
kudamatsu,22,22,B_incremental,1496,11,539.1210371549587,8
kudamatsu,22,23,B_incremental,1496,9,453.9425195415322,8
kudamatsu,23,0,A_steiner,1104,11,658.7221109557777,8
kudamatsu,23,1,A_steiner,1104,11,658.7221109557777,8
kudamatsu,23,2,A_steiner,1104,11,658.7221109557777,8
kudamatsu,23,3,A_steiner,1104,11,658.7221109557777,8
kudamatsu,23,4,A_steiner,1104,11,658.7221109557777,8
kudamatsu,23,5,A_steiner,1104,11,658.7221109557777,8
kudamatsu,23,6,A_steiner,1104,11,658.7221109557777,8
kudamatsu,23,7,A_steiner,1104,11,658.7221109557777,8
kudamatsu,23,8,A_steiner,1104,11,658.7221109557777,8
kudamatsu,23,9,A_steiner,1104,11,658.7221109557777,8
kudamatsu,23,10,A_steiner,1104,11,658.7221109557777,8
kudamatsu,23,11,A_steiner,1104,11,658.7221109557777,8
kudamatsu,23,12,B_incremental,1104,11,658.7221109557777,8
kudamatsu,23,13,B_incremental,1104,12,703.7433293356025,8
kudamatsu,23,14,B_incremental,1104,11,658.7221109557777,8
kudamatsu,23,15,B_incremental,1104,11,658.7221109557777,8
kudamatsu,23,16,B_incremental,1104,11,658.7221109557777,8
kudamatsu,23,17,B_incremental,1104,12,703.7433293356025,8
kudamatsu,23,18,B_incremental,1104,12,703.7433293356025,8
kudamatsu,23,19,B_incremental,1104,12,703.7433293356025,8
kudamatsu,23,20,B_incremental,1104,11,658.7221109557777,8
kudamatsu,23,21,B_incremental,1104,11,658.7221109557777,8
kudamatsu,23,22,B_incremental,1104,11,658.7221109557777,8
kudamatsu,23,23,B_incremental,1104,12,703.7433293356025,8
kudamatsu,24,0,A_steiner,1511,5,337.8495720848148,5
kudamatsu,24,1,A_steiner,1511,5,337.8495720848148,5
kudamatsu,24,2,A_steiner,1511,5,337.8495720848148,5
kudamatsu,24,3,A_steiner,1511,5,337.8495720848148,5
kudamatsu,24,4,A_steiner,1511,5,337.8495720848148,5
kudamatsu,24,5,A_steiner,1511,5,337.8495720848148,5
kudamatsu,24,6,A_steiner,1511,5,337.8495720848148,5
kudamatsu,24,7,A_steiner,1511,5,337.8495720848148,5
kudamatsu,24,8,A_steiner,1511,5,337.8495720848148,5
kudamatsu,24,9,A_steiner,1511,5,337.8495720848148,5
kudamatsu,24,10,A_steiner,1511,5,337.8495720848148,5
kudamatsu,24,11,A_steiner,1511,5,337.8495720848148,5
kudamatsu,24,12,B_incremental,1511,5,337.8495720848148,5
kudamatsu,24,13,B_incremental,1511,5,337.8495720848148,5
kudamatsu,24,14,B_incremental,1511,5,337.8495720848148,5
kudamatsu,24,15,B_incremental,1511,5,337.8495720848148,5
kudamatsu,24,16,B_incremental,1511,5,337.8495720848148,5
kudamatsu,24,17,B_incremental,1511,5,337.8495720848148,5
kudamatsu,24,18,B_incremental,1511,5,337.8495720848148,5
kudamatsu,24,19,B_incremental,1511,5,337.8495720848148,5
kudamatsu,24,20,B_incremental,1511,5,337.8495720848148,5
kudamatsu,24,21,B_incremental,1511,5,337.8495720848148,5
kudamatsu,24,22,B_incremental,1511,5,337.8495720848148,5
kudamatsu,24,23,B_incremental,1511,5,337.8495720848148,5
kudamatsu,25,0,A_steiner,1705,13,980.8577725532207,7
kudamatsu,25,1,A_steiner,1705,13,980.8577725532207,7
kudamatsu,25,2,A_steiner,1705,13,980.8577725532207,7
kudamatsu,25,3,A_steiner,1705,13,980.8577725532207,7
kudamatsu,25,4,A_steiner,1705,13,980.8577725532207,7
kudamatsu,25,5,A_steiner,1705,13,980.8577725532207,7
kudamatsu,25,6,A_steiner,1705,13,980.8577725532207,7
kudamatsu,25,7,A_steiner,1705,13,980.8577725532207,7
kudamatsu,25,8,A_steiner,1705,13,980.8577725532207,7
kudamatsu,25,9,A_steiner,1705,13,980.8577725532207,7
kudamatsu,25,10,A_steiner,1705,13,980.8577725532207,7
kudamatsu,25,11,A_steiner,1705,13,980.8577725532207,7
kudamatsu,25,12,B_incremental,1705,13,980.8577725532207,7
kudamatsu,25,13,B_incremental,1705,13,980.8577725532207,7
kudamatsu,25,14,B_incremental,1705,13,1025.7650422832971,7
kudamatsu,25,15,B_incremental,1705,13,1025.7650422832971,7
kudamatsu,25,16,B_incremental,1705,13,980.8577725532207,7
kudamatsu,25,17,B_incremental,1705,13,1025.7650422832971,7
kudamatsu,25,18,B_incremental,1705,13,980.8577725532207,7
kudamatsu,25,19,B_incremental,1705,13,980.8577725532207,7
kudamatsu,25,20,B_incremental,1705,13,980.8577725532207,7
kudamatsu,25,21,B_incremental,1705,13,980.8577725532207,7
kudamatsu,25,22,B_incremental,1705,13,980.8577725532207,7
kudamatsu,25,23,B_incremental,1705,13,980.8577725532207,7
kudamatsu,26,0,A_steiner,1012,14,1046.3516210557796,9
kudamatsu,26,1,A_steiner,1012,14,1046.3516210557796,9
kudamatsu,26,2,A_steiner,1012,14,1046.3516210557796,9
kudamatsu,26,3,A_steiner,1012,14,1046.3516210557796,9
kudamatsu,26,4,A_steiner,1012,14,1046.3516210557796,9
kudamatsu,26,5,A_steiner,1012,14,1046.3516210557796,9
kudamatsu,26,6,A_steiner,1012,14,1046.3516210557796,9
kudamatsu,26,7,A_steiner,1012,14,1046.3516210557796,9
kudamatsu,26,8,A_steiner,1012,14,1046.3516210557796,9
kudamatsu,26,9,A_steiner,1012,14,1046.3516210557796,9
kudamatsu,26,10,A_steiner,1012,14,1046.3516210557796,9
kudamatsu,26,11,A_steiner,1012,14,1046.3516210557796,9
kudamatsu,26,12,B_incremental,1012,15,1091.3774166771236,9
kudamatsu,26,13,B_incremental,1012,15,1091.3774166771236,9
kudamatsu,26,14,B_incremental,1012,14,1046.3516210557796,9
kudamatsu,26,15,B_incremental,1012,14,1046.3516210557796,9
kudamatsu,26,16,B_incremental,1012,14,1046.3516210557796,9
kudamatsu,26,17,B_incremental,1012,15,1091.3774166771236,9
kudamatsu,26,18,B_incremental,1012,14,1046.3516210557796,9
kudamatsu,26,19,B_incremental,1012,15,1091.3774166771236,9
kudamatsu,26,20,B_incremental,1012,15,1091.3774166771236,9
kudamatsu,26,21,B_incremental,1012,15,1091.3774166771236,9
kudamatsu,26,22,B_incremental,1012,15,1091.3774166771236,9
kudamatsu,26,23,B_incremental,1012,14,1046.3516210557796,9
kudamatsu,27,0,A_steiner,2053,16,819.2868429112342,10
kudamatsu,27,1,A_steiner,2053,16,819.2868429112342,10
kudamatsu,27,2,A_steiner,2053,16,818.8751202099178,10
kudamatsu,27,3,A_steiner,2053,16,819.2868429112342,10
kudamatsu,27,4,A_steiner,2053,15,756.8935836302459,10
kudamatsu,27,5,A_steiner,2053,16,818.8751202099178,10
kudamatsu,27,6,A_steiner,2053,16,819.2868429112342,10
kudamatsu,27,7,A_steiner,2053,16,818.8751202099178,10
kudamatsu,27,8,A_steiner,2053,16,819.2868429112342,10
kudamatsu,27,9,A_steiner,2053,16,819.2868429112342,10
kudamatsu,27,10,A_steiner,2053,16,818.8751202099178,10
kudamatsu,27,11,A_steiner,2053,16,819.2868429112342,10
kudamatsu,27,12,B_incremental,2053,15,789.5783692336076,10
kudamatsu,27,13,B_incremental,2053,15,756.8935836302459,10
kudamatsu,27,14,B_incremental,2053,15,756.8935836302459,10
kudamatsu,27,15,B_incremental,2053,15,756.8935836302459,10
kudamatsu,27,16,B_incremental,2053,15,756.8935836302459,10
kudamatsu,27,17,B_incremental,2053,15,789.5783692336076,10
kudamatsu,27,18,B_incremental,2053,15,756.8935836302459,10
kudamatsu,27,19,B_incremental,2053,15,756.8935836302459,10
kudamatsu,27,20,B_incremental,2053,15,756.8935836302459,10
kudamatsu,27,21,B_incremental,2053,15,789.5783692336076,10
kudamatsu,27,22,B_incremental,2053,15,756.8935836302459,10
kudamatsu,27,23,B_incremental,2053,15,756.8935836302459,10
kudamatsu,28,0,A_steiner,1228,3,79.36275307403523,4
kudamatsu,28,1,A_steiner,1228,3,79.36275307403523,4
kudamatsu,28,2,A_steiner,1228,3,79.36275307403523,4
kudamatsu,28,3,A_steiner,1228,3,79.36275307403523,4
kudamatsu,28,4,A_steiner,1228,3,79.36275307403523,4
kudamatsu,28,5,A_steiner,1228,3,79.36275307403523,4
kudamatsu,28,6,A_steiner,1228,3,79.36275307403523,4
kudamatsu,28,7,A_steiner,1228,3,79.36275307403523,4
kudamatsu,28,8,A_steiner,1228,3,79.36275307403523,4
kudamatsu,28,9,A_steiner,1228,3,79.36275307403523,4
kudamatsu,28,10,A_steiner,1228,3,79.36275307403523,4
kudamatsu,28,11,A_steiner,1228,3,79.36275307403523,4
kudamatsu,28,12,B_incremental,1228,3,79.36275307403523,4
kudamatsu,28,13,B_incremental,1228,3,79.36275307403523,4
kudamatsu,28,14,B_incremental,1228,3,79.36275307403523,4
kudamatsu,28,15,B_incremental,1228,3,79.36275307403523,4
kudamatsu,28,16,B_incremental,1228,3,79.36275307403523,4
kudamatsu,28,17,B_incremental,1228,3,79.36275307403523,4
kudamatsu,28,18,B_incremental,1228,3,79.36275307403523,4
kudamatsu,28,19,B_incremental,1228,3,79.36275307403523,4
kudamatsu,28,20,B_incremental,1228,3,79.36275307403523,4
kudamatsu,28,21,B_incremental,1228,3,79.36275307403523,4
kudamatsu,28,22,B_incremental,1228,3,79.36275307403523,4
kudamatsu,28,23,B_incremental,1228,3,79.36275307403523,4
kudamatsu,29,0,A_steiner,1870,11,707.6450916967233,8
kudamatsu,29,1,A_steiner,1870,11,707.6450916967233,8
kudamatsu,29,2,A_steiner,1870,12,710.8171423818955,8
kudamatsu,29,3,A_steiner,1870,12,710.8171423818955,8
kudamatsu,29,4,A_steiner,1870,11,707.6450916967233,8
kudamatsu,29,5,A_steiner,1870,12,710.8171423818955,8
kudamatsu,29,6,A_steiner,1870,11,707.6450916967233,8
kudamatsu,29,7,A_steiner,1870,12,710.8171423818955,8
kudamatsu,29,8,A_steiner,1870,11,707.6450916967233,8
kudamatsu,29,9,A_steiner,1870,11,707.6450916967233,8
kudamatsu,29,10,A_steiner,1870,11,707.6450916967233,8
kudamatsu,29,11,A_steiner,1870,11,707.6450916967233,8
kudamatsu,29,12,B_incremental,1870,11,673.1473653761701,8
kudamatsu,29,13,B_incremental,1870,11,673.1473653761701,8
kudamatsu,29,14,B_incremental,1870,11,707.6450916967233,8
kudamatsu,29,15,B_incremental,1870,11,673.1473653761701,8
kudamatsu,29,16,B_incremental,1870,11,673.1473653761701,8
kudamatsu,29,17,B_incremental,1870,11,707.6450916967233,8
kudamatsu,29,18,B_incremental,1870,11,673.1473653761701,8
kudamatsu,29,19,B_incremental,1870,11,673.1473653761701,8
kudamatsu,29,20,B_incremental,1870,11,673.1473653761701,8
kudamatsu,29,21,B_incremental,1870,11,707.6450916967233,8
kudamatsu,29,22,B_incremental,1870,11,673.1473653761701,8
kudamatsu,29,23,B_incremental,1870,12,721.6270314230031,8
kudamatsu,30,0,A_steiner,1395,5,502.86523769425224,6
kudamatsu,30,1,A_steiner,1395,5,502.86523769425224,6
kudamatsu,30,2,A_steiner,1395,5,502.86523769425224,6
kudamatsu,30,3,A_steiner,1395,5,502.86523769425224,6
kudamatsu,30,4,A_steiner,1395,5,514.6214621569948,6
kudamatsu,30,5,A_steiner,1395,5,502.86523769425224,6
kudamatsu,30,6,A_steiner,1395,5,502.86523769425224,6
kudamatsu,30,7,A_steiner,1395,5,502.86523769425224,6
kudamatsu,30,8,A_steiner,1395,5,502.86523769425224,6
kudamatsu,30,9,A_steiner,1395,5,502.86523769425224,6
kudamatsu,30,10,A_steiner,1395,5,502.86523769425224,6
kudamatsu,30,11,A_steiner,1395,5,502.86523769425224,6
kudamatsu,30,12,B_incremental,1395,5,502.86523769425224,6
kudamatsu,30,13,B_incremental,1395,5,502.86523769425224,6
kudamatsu,30,14,B_incremental,1395,5,502.86523769425224,6
kudamatsu,30,15,B_incremental,1395,5,516.1780098963251,6
kudamatsu,30,16,B_incremental,1395,5,502.86523769425224,6
kudamatsu,30,17,B_incremental,1395,5,502.86523769425224,6
kudamatsu,30,18,B_incremental,1395,5,502.86523769425224,6
kudamatsu,30,19,B_incremental,1395,5,516.1780098963251,6
kudamatsu,30,20,B_incremental,1395,5,502.86523769425224,6
kudamatsu,30,21,B_incremental,1395,5,502.86523769425224,6
kudamatsu,30,22,B_incremental,1395,5,502.86523769425224,6
kudamatsu,30,23,B_incremental,1395,5,516.1780098963251,6
kudamatsu,31,0,A_steiner,30,12,714.6304637347255,11
kudamatsu,31,1,A_steiner,30,12,714.6304637347255,11
kudamatsu,31,2,A_steiner,30,12,714.6304637347255,11
kudamatsu,31,3,A_steiner,30,12,714.6304637347255,11
kudamatsu,31,4,A_steiner,30,12,714.6304637347255,11
kudamatsu,31,5,A_steiner,30,12,714.6304637347255,11
kudamatsu,31,6,A_steiner,30,12,714.6304637347255,11
kudamatsu,31,7,A_steiner,30,12,714.6304637347255,11
kudamatsu,31,8,A_steiner,30,12,714.6304637347255,11
kudamatsu,31,9,A_steiner,30,12,714.6304637347255,11
kudamatsu,31,10,A_steiner,30,12,714.6304637347255,11
kudamatsu,31,11,A_steiner,30,12,714.6304637347255,11
kudamatsu,31,12,B_incremental,30,12,722.1987594593334,11
kudamatsu,31,13,B_incremental,30,14,743.7424343494026,11
kudamatsu,31,14,B_incremental,30,13,782.9612166800215,11
kudamatsu,31,15,B_incremental,30,12,714.6304637347255,11
kudamatsu,31,16,B_incremental,30,12,714.6304637347255,11
kudamatsu,31,17,B_incremental,30,12,722.1987594593334,11
kudamatsu,31,18,B_incremental,30,12,722.1987594593334,11
kudamatsu,31,19,B_incremental,30,13,748.8085129525087,11
kudamatsu,31,20,B_incremental,30,13,730.2787220607671,11
kudamatsu,31,21,B_incremental,30,14,750.2922780589765,11
kudamatsu,31,22,B_incremental,30,12,722.1987594593334,11
kudamatsu,31,23,B_incremental,30,14,743.7424343494026,11
kudamatsu,32,0,A_steiner,2145,16,599.1554795721522,7
kudamatsu,32,1,A_steiner,2145,16,599.1554795721522,7
kudamatsu,32,2,A_steiner,2145,16,599.1554795721522,7
kudamatsu,32,3,A_steiner,2145,16,599.1554795721522,7
kudamatsu,32,4,A_steiner,2145,16,599.1554795721522,7
kudamatsu,32,5,A_steiner,2145,16,599.1554795721522,7
kudamatsu,32,6,A_steiner,2145,16,599.1554795721522,7
kudamatsu,32,7,A_steiner,2145,16,599.1554795721522,7
kudamatsu,32,8,A_steiner,2145,16,599.1554795721522,7
kudamatsu,32,9,A_steiner,2145,16,599.1554795721522,7
kudamatsu,32,10,A_steiner,2145,16,599.1554795721522,7
kudamatsu,32,11,A_steiner,2145,16,599.1554795721522,7
kudamatsu,32,12,B_incremental,2145,15,630.7944381250417,7
kudamatsu,32,13,B_incremental,2145,16,599.1554795721522,7
kudamatsu,32,14,B_incremental,2145,16,599.1554795721522,7
kudamatsu,32,15,B_incremental,2145,17,659.9216671995715,7
kudamatsu,32,16,B_incremental,2145,15,630.7944381250417,7
kudamatsu,32,17,B_incremental,2145,15,630.7944381250417,7
kudamatsu,32,18,B_incremental,2145,15,630.7944381250417,7
kudamatsu,32,19,B_incremental,2145,16,630.3700347977101,7
kudamatsu,32,20,B_incremental,2145,16,630.3700347977101,7
kudamatsu,32,21,B_incremental,2145,16,599.1554795721522,7
kudamatsu,32,22,B_incremental,2145,17,659.9216671995715,7
kudamatsu,32,23,B_incremental,2145,15,630.7944381250417,7
kudamatsu,33,0,A_steiner,987,16,1566.0656045950823,3
kudamatsu,33,1,A_steiner,987,16,1566.0656045950823,3
kudamatsu,33,2,A_steiner,987,16,1566.0656045950823,3
kudamatsu,33,3,A_steiner,987,16,1566.0656045950823,3
kudamatsu,33,4,A_steiner,987,16,1566.0656045950823,3
kudamatsu,33,5,A_steiner,987,16,1566.0656045950823,3
kudamatsu,33,6,A_steiner,987,16,1566.0656045950823,3
kudamatsu,33,7,A_steiner,987,16,1566.0656045950823,3
kudamatsu,33,8,A_steiner,987,16,1566.0656045950823,3
kudamatsu,33,9,A_steiner,987,16,1566.0656045950823,3
kudamatsu,33,10,A_steiner,987,16,1566.0656045950823,3
kudamatsu,33,11,A_steiner,987,16,1566.0656045950823,3
kudamatsu,33,12,B_incremental,987,16,1566.0656045950823,3
kudamatsu,33,13,B_incremental,987,16,1566.0656045950823,3
kudamatsu,33,14,B_incremental,987,16,1566.0656045950823,3
kudamatsu,33,15,B_incremental,987,16,1566.0656045950823,3
kudamatsu,33,16,B_incremental,987,16,1566.0656045950823,3
kudamatsu,33,17,B_incremental,987,16,1566.0656045950823,3
kudamatsu,33,18,B_incremental,987,16,1566.0656045950823,3
kudamatsu,33,19,B_incremental,987,16,1566.0656045950823,3
kudamatsu,33,20,B_incremental,987,16,1566.0656045950823,3
kudamatsu,33,21,B_incremental,987,16,1566.0656045950823,3
kudamatsu,33,22,B_incremental,987,16,1566.0656045950823,3
kudamatsu,33,23,B_incremental,987,16,1566.0656045950823,3
kudamatsu,34,0,A_steiner,1503,7,450.4489425650629,7
kudamatsu,34,1,A_steiner,1503,7,450.4489425650629,7
kudamatsu,34,2,A_steiner,1503,7,450.4489425650629,7
kudamatsu,34,3,A_steiner,1503,7,450.4489425650629,7
kudamatsu,34,4,A_steiner,1503,7,450.4489425650629,7
kudamatsu,34,5,A_steiner,1503,7,450.4489425650629,7
kudamatsu,34,6,A_steiner,1503,7,450.4489425650629,7
kudamatsu,34,7,A_steiner,1503,7,450.4489425650629,7
kudamatsu,34,8,A_steiner,1503,7,450.4489425650629,7
kudamatsu,34,9,A_steiner,1503,7,450.4489425650629,7
kudamatsu,34,10,A_steiner,1503,7,450.4489425650629,7
kudamatsu,34,11,A_steiner,1503,7,450.4489425650629,7
kudamatsu,34,12,B_incremental,1503,11,496.91426835914694,7
kudamatsu,34,13,B_incremental,1503,7,450.4489425650629,7
kudamatsu,34,14,B_incremental,1503,11,496.91426835914694,7
kudamatsu,34,15,B_incremental,1503,11,496.91426835914694,7
kudamatsu,34,16,B_incremental,1503,7,450.4489425650629,7
kudamatsu,34,17,B_incremental,1503,7,450.4489425650629,7
kudamatsu,34,18,B_incremental,1503,11,496.91426835914694,7
kudamatsu,34,19,B_incremental,1503,7,450.4489425650629,7
kudamatsu,34,20,B_incremental,1503,7,450.4489425650629,7
kudamatsu,34,21,B_incremental,1503,7,450.4489425650629,7
kudamatsu,34,22,B_incremental,1503,7,450.4489425650629,7
kudamatsu,34,23,B_incremental,1503,7,450.4489425650629,7
kudamatsu,35,0,A_steiner,2405,24,1881.3820446192342,12
kudamatsu,35,1,A_steiner,2405,24,1881.3820446192342,12
kudamatsu,35,2,A_steiner,2405,24,1881.3820446192342,12
kudamatsu,35,3,A_steiner,2405,24,1881.3820446192342,12
kudamatsu,35,4,A_steiner,2405,24,1881.3820446192342,12
kudamatsu,35,5,A_steiner,2405,24,1881.3820446192342,12
kudamatsu,35,6,A_steiner,2405,24,1881.3820446192342,12
kudamatsu,35,7,A_steiner,2405,24,1881.3820446192342,12
kudamatsu,35,8,A_steiner,2405,24,1881.3820446192342,12
kudamatsu,35,9,A_steiner,2405,24,1881.3820446192342,12
kudamatsu,35,10,A_steiner,2405,24,1881.3820446192342,12
kudamatsu,35,11,A_steiner,2405,24,1881.3820446192342,12
kudamatsu,35,12,B_incremental,2405,24,1881.3820446192342,12
kudamatsu,35,13,B_incremental,2405,24,1881.3820446192342,12
kudamatsu,35,14,B_incremental,2405,24,1881.3820446192342,12
kudamatsu,35,15,B_incremental,2405,24,1881.3820446192342,12
kudamatsu,35,16,B_incremental,2405,24,1881.3820446192342,12
kudamatsu,35,17,B_incremental,2405,24,1881.3820446192342,12
kudamatsu,35,18,B_incremental,2405,24,1881.3820446192342,12
kudamatsu,35,19,B_incremental,2405,24,1881.3820446192342,12
kudamatsu,35,20,B_incremental,2405,24,1881.3820446192342,12
kudamatsu,35,21,B_incremental,2405,24,1881.3820446192342,12
kudamatsu,35,22,B_incremental,2405,24,1881.3820446192342,12
kudamatsu,35,23,B_incremental,2405,24,1881.3820446192342,12
kudamatsu,36,0,A_steiner,1471,13,1125.2151338258586,8
kudamatsu,36,1,A_steiner,1471,13,1125.2471573047594,8
kudamatsu,36,2,A_steiner,1471,13,1125.2471573047594,8
kudamatsu,36,3,A_steiner,1471,13,1125.2471573047594,8
kudamatsu,36,4,A_steiner,1471,13,1125.2151338258586,8
kudamatsu,36,5,A_steiner,1471,13,1125.2471573047594,8
kudamatsu,36,6,A_steiner,1471,13,1125.2471573047594,8
kudamatsu,36,7,A_steiner,1471,13,1125.2151338258586,8
kudamatsu,36,8,A_steiner,1471,13,1125.2151338258586,8
kudamatsu,36,9,A_steiner,1471,13,1125.2151338258586,8
kudamatsu,36,10,A_steiner,1471,13,1125.2151338258586,8
kudamatsu,36,11,A_steiner,1471,13,1125.2471573047594,8
kudamatsu,36,12,B_incremental,1471,13,1208.6981660135366,8
kudamatsu,36,13,B_incremental,1471,13,1125.2151338258586,8
kudamatsu,36,14,B_incremental,1471,13,1208.6981660135366,8
kudamatsu,36,15,B_incremental,1471,13,1125.2471573047594,8
kudamatsu,36,16,B_incremental,1471,14,1257.761669110369,8
kudamatsu,36,17,B_incremental,1471,14,1192.1793038217552,8
kudamatsu,36,18,B_incremental,1471,13,1208.6661425346358,8
kudamatsu,36,19,B_incremental,1471,14,1192.1793038217552,8
kudamatsu,36,20,B_incremental,1471,14,1192.1793038217552,8
kudamatsu,36,21,B_incremental,1471,14,1192.1793038217552,8
kudamatsu,36,22,B_incremental,1471,13,1208.6981660135366,8
kudamatsu,36,23,B_incremental,1471,13,1208.6981660135366,8
kudamatsu,37,0,A_steiner,1621,16,692.510591535978,12
kudamatsu,37,1,A_steiner,1621,16,692.510591535978,12
kudamatsu,37,2,A_steiner,1621,16,692.510591535978,12
kudamatsu,37,3,A_steiner,1621,16,692.510591535978,12
kudamatsu,37,4,A_steiner,1621,16,692.510591535978,12
kudamatsu,37,5,A_steiner,1621,16,692.510591535978,12
kudamatsu,37,6,A_steiner,1621,16,692.510591535978,12
kudamatsu,37,7,A_steiner,1621,16,692.510591535978,12
kudamatsu,37,8,A_steiner,1621,16,692.510591535978,12
kudamatsu,37,9,A_steiner,1621,16,692.510591535978,12
kudamatsu,37,10,A_steiner,1621,16,692.510591535978,12
kudamatsu,37,11,A_steiner,1621,16,692.510591535978,12
kudamatsu,37,12,B_incremental,1621,16,756.2250830573616,12
kudamatsu,37,13,B_incremental,1621,17,693.8793536412732,12
kudamatsu,37,14,B_incremental,1621,16,740.9064813904147,12
kudamatsu,37,15,B_incremental,1621,16,756.2250830573616,12
kudamatsu,37,16,B_incremental,1621,16,756.2250830573616,12
kudamatsu,37,17,B_incremental,1621,16,692.510591535978,12
kudamatsu,37,18,B_incremental,1621,16,677.1919898690311,12
kudamatsu,37,19,B_incremental,1621,16,692.510591535978,12
kudamatsu,37,20,B_incremental,1621,17,744.735507785921,12
kudamatsu,37,21,B_incremental,1621,16,744.5455046563585,12
kudamatsu,37,22,B_incremental,1621,16,740.9064813904147,12
kudamatsu,37,23,B_incremental,1621,16,677.1919898690311,12
kudamatsu,38,0,A_steiner,1131,6,375.0091078612096,7
kudamatsu,38,1,A_steiner,1131,6,375.0091078612096,7
kudamatsu,38,2,A_steiner,1131,6,375.0091078612096,7
kudamatsu,38,3,A_steiner,1131,6,375.0091078612096,7
kudamatsu,38,4,A_steiner,1131,6,375.0091078612096,7
kudamatsu,38,5,A_steiner,1131,6,375.0091078612096,7
kudamatsu,38,6,A_steiner,1131,6,375.0091078612096,7
kudamatsu,38,7,A_steiner,1131,6,375.0091078612096,7
kudamatsu,38,8,A_steiner,1131,6,375.0091078612096,7
kudamatsu,38,9,A_steiner,1131,6,375.0091078612096,7
kudamatsu,38,10,A_steiner,1131,6,375.0091078612096,7
kudamatsu,38,11,A_steiner,1131,6,375.0091078612096,7
kudamatsu,38,12,B_incremental,1131,7,403.3866606517396,7
kudamatsu,38,13,B_incremental,1131,7,403.3866606517396,7
kudamatsu,38,14,B_incremental,1131,7,401.7806584192896,7
kudamatsu,38,15,B_incremental,1131,7,407.7529708985236,7
kudamatsu,38,16,B_incremental,1131,6,375.0091078612096,7
kudamatsu,38,17,B_incremental,1131,6,375.0091078612096,7
kudamatsu,38,18,B_incremental,1131,6,375.0091078612096,7
kudamatsu,38,19,B_incremental,1131,7,403.3866606517396,7
kudamatsu,38,20,B_incremental,1131,7,403.3866606517396,7
kudamatsu,38,21,B_incremental,1131,7,403.3866606517396,7
kudamatsu,38,22,B_incremental,1131,7,403.3866606517396,7
kudamatsu,38,23,B_incremental,1131,7,403.3866606517396,7
kudamatsu,39,0,A_steiner,27,5,239.46695996393052,6
kudamatsu,39,1,A_steiner,27,5,239.46695996393052,6
kudamatsu,39,2,A_steiner,27,5,239.46695996393052,6
kudamatsu,39,3,A_steiner,27,5,239.46695996393052,6
kudamatsu,39,4,A_steiner,27,5,239.46695996393052,6
kudamatsu,39,5,A_steiner,27,5,239.46695996393052,6
kudamatsu,39,6,A_steiner,27,5,239.46695996393052,6
kudamatsu,39,7,A_steiner,27,5,239.46695996393052,6
kudamatsu,39,8,A_steiner,27,5,239.46695996393052,6
kudamatsu,39,9,A_steiner,27,5,239.46695996393052,6
kudamatsu,39,10,A_steiner,27,5,239.46695996393052,6
kudamatsu,39,11,A_steiner,27,5,239.46695996393052,6
kudamatsu,39,12,B_incremental,27,5,239.46695996393052,6
kudamatsu,39,13,B_incremental,27,5,239.46695996393052,6
kudamatsu,39,14,B_incremental,27,5,245.35098980814348,6
kudamatsu,39,15,B_incremental,27,5,239.46695996393052,6
kudamatsu,39,16,B_incremental,27,5,245.35098980814348,6
kudamatsu,39,17,B_incremental,27,5,259.4562672788425,6
kudamatsu,39,18,B_incremental,27,5,245.35098980814348,6
kudamatsu,39,19,B_incremental,27,5,239.46695996393052,6
kudamatsu,39,20,B_incremental,27,5,259.4562672788425,6
kudamatsu,39,21,B_incremental,27,5,239.46695996393052,6
kudamatsu,39,22,B_incremental,27,5,239.46695996393052,6
kudamatsu,39,23,B_incremental,27,5,245.35098980814348,6
kudamatsu,40,0,A_steiner,1617,12,859.8979240130436,11
kudamatsu,40,1,A_steiner,1617,12,859.8979240130436,11
kudamatsu,40,2,A_steiner,1617,12,859.8979240130436,11
kudamatsu,40,3,A_steiner,1617,12,859.8979240130436,11
kudamatsu,40,4,A_steiner,1617,12,859.8979240130436,11
kudamatsu,40,5,A_steiner,1617,12,859.8979240130436,11
kudamatsu,40,6,A_steiner,1617,12,859.8979240130436,11
kudamatsu,40,7,A_steiner,1617,12,859.8979240130436,11
kudamatsu,40,8,A_steiner,1617,12,859.8979240130436,11
kudamatsu,40,9,A_steiner,1617,12,859.8979240130436,11
kudamatsu,40,10,A_steiner,1617,12,859.8979240130436,11
kudamatsu,40,11,A_steiner,1617,12,859.8979240130436,11
kudamatsu,40,12,B_incremental,1617,12,859.8979240130436,11
kudamatsu,40,13,B_incremental,1617,12,859.8979240130436,11
kudamatsu,40,14,B_incremental,1617,13,926.0606853636523,11
kudamatsu,40,15,B_incremental,1617,12,859.8979240130436,11
kudamatsu,40,16,B_incremental,1617,12,873.5332246164669,11
kudamatsu,40,17,B_incremental,1617,12,873.5332246164669,11
kudamatsu,40,18,B_incremental,1617,15,887.8030033848956,11
kudamatsu,40,19,B_incremental,1617,15,896.1871847199286,11
kudamatsu,40,20,B_incremental,1617,15,947.3199927067528,11
kudamatsu,40,21,B_incremental,1617,13,926.0606853636523,11
kudamatsu,40,22,B_incremental,1617,12,859.8979240130436,11
kudamatsu,40,23,B_incremental,1617,12,859.8979240130436,11
kudamatsu,41,0,A_steiner,2117,9,620.9543337825285,9
kudamatsu,41,1,A_steiner,2117,9,620.9543337825285,9
kudamatsu,41,2,A_steiner,2117,9,620.9543337825285,9
kudamatsu,41,3,A_steiner,2117,9,624.4094562923686,9
kudamatsu,41,4,A_steiner,2117,9,620.9543337825285,9
kudamatsu,41,5,A_steiner,2117,9,624.4094562923686,9
kudamatsu,41,6,A_steiner,2117,9,620.9543337825285,9
kudamatsu,41,7,A_steiner,2117,9,624.4094562923686,9
kudamatsu,41,8,A_steiner,2117,9,620.9543337825285,9
kudamatsu,41,9,A_steiner,2117,9,620.9543337825285,9
kudamatsu,41,10,A_steiner,2117,9,620.9543337825285,9
kudamatsu,41,11,A_steiner,2117,9,624.4094562923686,9
kudamatsu,41,12,B_incremental,2117,9,692.0865970318266,9
kudamatsu,41,13,B_incremental,2117,9,691.0614509431374,9
kudamatsu,41,14,B_incremental,2117,9,594.9602420772942,9
kudamatsu,41,15,B_incremental,2117,9,653.2571555777117,9
kudamatsu,41,16,B_incremental,2117,9,642.4229833614047,9
kudamatsu,41,17,B_incremental,2117,9,589.7820647571389,9
kudamatsu,41,18,B_incremental,2117,9,594.9602420772942,9
kudamatsu,41,19,B_incremental,2117,9,691.0614509431374,9
kudamatsu,41,20,B_incremental,2117,8,666.7124583299707,9
kudamatsu,41,21,B_incremental,2117,9,594.9602420772942,9
kudamatsu,41,22,B_incremental,2117,9,627.9570645680154,9
kudamatsu,41,23,B_incremental,2117,9,620.9543337825285,9
kudamatsu,42,0,A_steiner,1861,5,380.110863938742,3
kudamatsu,42,1,A_steiner,1861,5,380.110863938742,3
kudamatsu,42,2,A_steiner,1861,5,380.110863938742,3
kudamatsu,42,3,A_steiner,1861,5,380.110863938742,3
kudamatsu,42,4,A_steiner,1861,5,380.110863938742,3
kudamatsu,42,5,A_steiner,1861,5,380.110863938742,3
kudamatsu,42,6,A_steiner,1861,5,380.110863938742,3
kudamatsu,42,7,A_steiner,1861,5,380.110863938742,3
kudamatsu,42,8,A_steiner,1861,5,380.110863938742,3
kudamatsu,42,9,A_steiner,1861,5,380.110863938742,3
kudamatsu,42,10,A_steiner,1861,5,380.110863938742,3
kudamatsu,42,11,A_steiner,1861,5,380.110863938742,3
kudamatsu,42,12,B_incremental,1861,5,380.110863938742,3
kudamatsu,42,13,B_incremental,1861,5,380.110863938742,3
kudamatsu,42,14,B_incremental,1861,5,380.110863938742,3
kudamatsu,42,15,B_incremental,1861,5,380.110863938742,3
kudamatsu,42,16,B_incremental,1861,5,380.110863938742,3
kudamatsu,42,17,B_incremental,1861,5,380.110863938742,3
kudamatsu,42,18,B_incremental,1861,5,380.110863938742,3
kudamatsu,42,19,B_incremental,1861,5,380.110863938742,3
kudamatsu,42,20,B_incremental,1861,5,380.110863938742,3
kudamatsu,42,21,B_incremental,1861,5,380.110863938742,3
kudamatsu,42,22,B_incremental,1861,5,380.110863938742,3
kudamatsu,42,23,B_incremental,1861,5,380.110863938742,3
kudamatsu,43,0,A_steiner,1902,10,1030.028753632792,6
kudamatsu,43,1,A_steiner,1902,10,1030.028753632792,6
kudamatsu,43,2,A_steiner,1902,10,1030.028753632792,6
kudamatsu,43,3,A_steiner,1902,10,1030.028753632792,6
kudamatsu,43,4,A_steiner,1902,10,1030.028753632792,6
kudamatsu,43,5,A_steiner,1902,10,1030.028753632792,6
kudamatsu,43,6,A_steiner,1902,10,1030.028753632792,6
kudamatsu,43,7,A_steiner,1902,10,1030.028753632792,6
kudamatsu,43,8,A_steiner,1902,10,1030.028753632792,6
kudamatsu,43,9,A_steiner,1902,10,1030.028753632792,6
kudamatsu,43,10,A_steiner,1902,10,1030.028753632792,6
kudamatsu,43,11,A_steiner,1902,10,1030.028753632792,6
kudamatsu,43,12,B_incremental,1902,10,1030.028753632792,6
kudamatsu,43,13,B_incremental,1902,10,1030.028753632792,6
kudamatsu,43,14,B_incremental,1902,10,1030.028753632792,6
kudamatsu,43,15,B_incremental,1902,10,1030.028753632792,6
kudamatsu,43,16,B_incremental,1902,10,1030.028753632792,6
kudamatsu,43,17,B_incremental,1902,10,1030.028753632792,6
kudamatsu,43,18,B_incremental,1902,10,1030.028753632792,6
kudamatsu,43,19,B_incremental,1902,10,1030.028753632792,6
kudamatsu,43,20,B_incremental,1902,10,1030.028753632792,6
kudamatsu,43,21,B_incremental,1902,10,1030.028753632792,6
kudamatsu,43,22,B_incremental,1902,10,1030.028753632792,6
kudamatsu,43,23,B_incremental,1902,10,1030.028753632792,6
kudamatsu,44,0,A_steiner,2918,12,413.14743071138827,9
kudamatsu,44,1,A_steiner,2918,12,413.14743071138827,9
kudamatsu,44,2,A_steiner,2918,12,413.14743071138827,9
kudamatsu,44,3,A_steiner,2918,12,413.14743071138827,9
kudamatsu,44,4,A_steiner,2918,12,413.14743071138827,9
kudamatsu,44,5,A_steiner,2918,12,413.14743071138827,9
kudamatsu,44,6,A_steiner,2918,12,413.14743071138827,9
kudamatsu,44,7,A_steiner,2918,12,413.14743071138827,9
kudamatsu,44,8,A_steiner,2918,12,413.14743071138827,9
kudamatsu,44,9,A_steiner,2918,12,413.14743071138827,9
kudamatsu,44,10,A_steiner,2918,12,413.14743071138827,9
kudamatsu,44,11,A_steiner,2918,12,413.14743071138827,9
kudamatsu,44,12,B_incremental,2918,13,399.215203468825,9
kudamatsu,44,13,B_incremental,2918,13,399.215203468825,9
kudamatsu,44,14,B_incremental,2918,13,399.215203468825,9
kudamatsu,44,15,B_incremental,2918,12,413.14743071138827,9
kudamatsu,44,16,B_incremental,2918,13,399.215203468825,9
kudamatsu,44,17,B_incremental,2918,12,413.14743071138827,9
kudamatsu,44,18,B_incremental,2918,13,399.215203468825,9
kudamatsu,44,19,B_incremental,2918,13,399.215203468825,9
kudamatsu,44,20,B_incremental,2918,13,399.215203468825,9
kudamatsu,44,21,B_incremental,2918,12,413.14743071138827,9
kudamatsu,44,22,B_incremental,2918,13,445.68402866060165,9
kudamatsu,44,23,B_incremental,2918,13,448.6736191353046,9
kudamatsu,45,0,A_steiner,1036,0,0.0,1
kudamatsu,45,1,A_steiner,1036,0,0.0,1
kudamatsu,45,2,A_steiner,1036,0,0.0,1
kudamatsu,45,3,A_steiner,1036,0,0.0,1
kudamatsu,45,4,A_steiner,1036,0,0.0,1
kudamatsu,45,5,A_steiner,1036,0,0.0,1
kudamatsu,45,6,A_steiner,1036,0,0.0,1
kudamatsu,45,7,A_steiner,1036,0,0.0,1
kudamatsu,45,8,A_steiner,1036,0,0.0,1
kudamatsu,45,9,A_steiner,1036,0,0.0,1
kudamatsu,45,10,A_steiner,1036,0,0.0,1
kudamatsu,45,11,A_steiner,1036,0,0.0,1
kudamatsu,45,12,B_incremental,1036,0,0.0,1
kudamatsu,45,13,B_incremental,1036,0,0.0,1
kudamatsu,45,14,B_incremental,1036,0,0.0,1
kudamatsu,45,15,B_incremental,1036,0,0.0,1
kudamatsu,45,16,B_incremental,1036,0,0.0,1
kudamatsu,45,17,B_incremental,1036,0,0.0,1
kudamatsu,45,18,B_incremental,1036,0,0.0,1
kudamatsu,45,19,B_incremental,1036,0,0.0,1
kudamatsu,45,20,B_incremental,1036,0,0.0,1
kudamatsu,45,21,B_incremental,1036,0,0.0,1
kudamatsu,45,22,B_incremental,1036,0,0.0,1
kudamatsu,45,23,B_incremental,1036,0,0.0,1
kudamatsu,46,0,A_steiner,2749,20,1714.3414604045863,12
kudamatsu,46,1,A_steiner,2749,20,1714.3414604045863,12
kudamatsu,46,2,A_steiner,2749,20,1714.3414604045863,12
kudamatsu,46,3,A_steiner,2749,20,1714.3414604045863,12
kudamatsu,46,4,A_steiner,2749,20,1714.3414604045863,12
kudamatsu,46,5,A_steiner,2749,20,1714.3414604045863,12
kudamatsu,46,6,A_steiner,2749,20,1714.3414604045863,12
kudamatsu,46,7,A_steiner,2749,20,1714.3414604045863,12
kudamatsu,46,8,A_steiner,2749,20,1714.3414604045863,12
kudamatsu,46,9,A_steiner,2749,20,1714.3414604045863,12
kudamatsu,46,10,A_steiner,2749,20,1714.3414604045863,12
kudamatsu,46,11,A_steiner,2749,20,1714.3414604045863,12
kudamatsu,46,12,B_incremental,2749,22,1721.9395306017186,12
kudamatsu,46,13,B_incremental,2749,22,1819.427526982027,12
kudamatsu,46,14,B_incremental,2749,22,1819.427526982027,12
kudamatsu,46,15,B_incremental,2749,22,1721.9395306017186,12
kudamatsu,46,16,B_incremental,2749,22,1819.427526982027,12
kudamatsu,46,17,B_incremental,2749,22,1721.9395306017186,12
kudamatsu,46,18,B_incremental,2749,22,1721.9395306017186,12
kudamatsu,46,19,B_incremental,2749,22,1721.9395306017186,12
kudamatsu,46,20,B_incremental,2749,22,1815.275549160244,12
kudamatsu,46,21,B_incremental,2749,22,1721.9395306017186,12
kudamatsu,46,22,B_incremental,2749,22,1815.275549160244,12
kudamatsu,46,23,B_incremental,2749,22,1819.427526982027,12
kudamatsu,47,0,A_steiner,1183,13,960.6260467831436,9
kudamatsu,47,1,A_steiner,1183,13,960.6260467831436,9
kudamatsu,47,2,A_steiner,1183,13,960.6260467831436,9
kudamatsu,47,3,A_steiner,1183,13,960.6260467831436,9
kudamatsu,47,4,A_steiner,1183,13,960.6260467831436,9
kudamatsu,47,5,A_steiner,1183,13,960.6260467831436,9
kudamatsu,47,6,A_steiner,1183,13,960.6260467831436,9
kudamatsu,47,7,A_steiner,1183,13,960.6260467831436,9
kudamatsu,47,8,A_steiner,1183,13,960.6260467831436,9
kudamatsu,47,9,A_steiner,1183,13,960.6260467831436,9
kudamatsu,47,10,A_steiner,1183,13,960.6260467831436,9
kudamatsu,47,11,A_steiner,1183,13,960.6260467831436,9
kudamatsu,47,12,B_incremental,1183,13,960.6260467831436,9
kudamatsu,47,13,B_incremental,1183,13,960.6260467831436,9
kudamatsu,47,14,B_incremental,1183,13,960.6260467831436,9
kudamatsu,47,15,B_incremental,1183,13,960.6260467831436,9
kudamatsu,47,16,B_incremental,1183,10,1054.554674624675,9
kudamatsu,47,17,B_incremental,1183,13,960.6260467831436,9
kudamatsu,47,18,B_incremental,1183,13,960.6260467831436,9
kudamatsu,47,19,B_incremental,1183,13,960.6260467831436,9
kudamatsu,47,20,B_incremental,1183,13,960.6260467831436,9
kudamatsu,47,21,B_incremental,1183,13,960.6260467831436,9
kudamatsu,47,22,B_incremental,1183,13,960.6260467831436,9
kudamatsu,47,23,B_incremental,1183,13,960.6260467831436,9
kudamatsu,48,0,A_steiner,920,8,517.7244878236951,9
kudamatsu,48,1,A_steiner,920,8,517.7244878236951,9
kudamatsu,48,2,A_steiner,920,8,517.7244878236951,9
kudamatsu,48,3,A_steiner,920,8,517.7244878236951,9
kudamatsu,48,4,A_steiner,920,8,517.7244878236951,9
kudamatsu,48,5,A_steiner,920,8,517.7244878236951,9
kudamatsu,48,6,A_steiner,920,8,517.7244878236951,9
kudamatsu,48,7,A_steiner,920,8,517.7244878236951,9
kudamatsu,48,8,A_steiner,920,8,517.7244878236951,9
kudamatsu,48,9,A_steiner,920,8,517.7244878236951,9
kudamatsu,48,10,A_steiner,920,8,517.7244878236951,9
kudamatsu,48,11,A_steiner,920,8,517.7244878236951,9
kudamatsu,48,12,B_incremental,920,8,538.6860991210684,9
kudamatsu,48,13,B_incremental,920,8,517.7244878236951,9
kudamatsu,48,14,B_incremental,920,8,535.9261172474007,9
kudamatsu,48,15,B_incremental,920,8,517.7244878236951,9
kudamatsu,48,16,B_incremental,920,8,538.6860991210684,9
kudamatsu,48,17,B_incremental,920,8,541.9129827513901,9
kudamatsu,48,18,B_incremental,920,8,517.7244878236951,9
kudamatsu,48,19,B_incremental,920,8,517.7244878236951,9
kudamatsu,48,20,B_incremental,920,8,538.6860991210684,9
kudamatsu,48,21,B_incremental,920,8,517.7244878236951,9
kudamatsu,48,22,B_incremental,920,8,517.7244878236951,9
kudamatsu,48,23,B_incremental,920,8,535.9261172474007,9
yasu,0,0,A_steiner,395,3,254.53299104667386,4
yasu,0,1,A_steiner,395,3,254.53299104667386,4
yasu,0,2,A_steiner,395,3,254.53299104667386,4
yasu,0,3,A_steiner,395,3,254.53299104667386,4
yasu,0,4,A_steiner,395,3,254.53299104667386,4
yasu,0,5,A_steiner,395,3,254.53299104667386,4
yasu,0,6,A_steiner,395,3,254.53299104667386,4
yasu,0,7,A_steiner,395,3,254.53299104667386,4
yasu,0,8,A_steiner,395,3,254.53299104667386,4
yasu,0,9,A_steiner,395,3,254.53299104667386,4
yasu,0,10,A_steiner,395,3,254.53299104667386,4
yasu,0,11,A_steiner,395,3,254.53299104667386,4
yasu,0,12,B_incremental,395,3,254.53299104667386,4
yasu,0,13,B_incremental,395,3,254.53299104667386,4
yasu,0,14,B_incremental,395,3,254.53299104667386,4
yasu,0,15,B_incremental,395,3,254.53299104667386,4
yasu,0,16,B_incremental,395,3,254.53299104667386,4
yasu,0,17,B_incremental,395,3,254.53299104667386,4
yasu,0,18,B_incremental,395,3,254.53299104667386,4
yasu,0,19,B_incremental,395,3,254.53299104667386,4
yasu,0,20,B_incremental,395,3,254.53299104667386,4
yasu,0,21,B_incremental,395,3,254.53299104667386,4
yasu,0,22,B_incremental,395,3,254.53299104667386,4
yasu,0,23,B_incremental,395,3,254.53299104667386,4
yasu,1,0,A_steiner,1316,2,125.75503887248101,3
yasu,1,1,A_steiner,1316,2,125.75503887248101,3
yasu,1,2,A_steiner,1316,2,125.75503887248101,3
yasu,1,3,A_steiner,1316,2,125.75503887248101,3
yasu,1,4,A_steiner,1316,2,125.75503887248101,3
yasu,1,5,A_steiner,1316,2,125.75503887248101,3
yasu,1,6,A_steiner,1316,2,125.75503887248101,3
yasu,1,7,A_steiner,1316,2,125.75503887248101,3
yasu,1,8,A_steiner,1316,2,125.75503887248101,3
yasu,1,9,A_steiner,1316,2,125.75503887248101,3
yasu,1,10,A_steiner,1316,2,125.75503887248101,3
yasu,1,11,A_steiner,1316,2,125.75503887248101,3
yasu,1,12,B_incremental,1316,2,125.75503887248101,3
yasu,1,13,B_incremental,1316,2,125.75503887248101,3
yasu,1,14,B_incremental,1316,2,125.75503887248101,3
yasu,1,15,B_incremental,1316,2,125.75503887248101,3
yasu,1,16,B_incremental,1316,2,125.75503887248101,3
yasu,1,17,B_incremental,1316,2,125.75503887248101,3
yasu,1,18,B_incremental,1316,2,125.75503887248101,3
yasu,1,19,B_incremental,1316,2,125.75503887248101,3
yasu,1,20,B_incremental,1316,2,125.75503887248101,3
yasu,1,21,B_incremental,1316,2,125.75503887248101,3
yasu,1,22,B_incremental,1316,2,125.75503887248101,3
yasu,1,23,B_incremental,1316,2,125.75503887248101,3
yasu,2,0,A_steiner,534,7,188.30087840519016,8
yasu,2,1,A_steiner,534,7,188.30087840519016,8
yasu,2,2,A_steiner,534,7,188.30087840519016,8
yasu,2,3,A_steiner,534,7,188.30087840519016,8
yasu,2,4,A_steiner,534,7,188.30087840519016,8
yasu,2,5,A_steiner,534,7,188.30087840519016,8
yasu,2,6,A_steiner,534,7,188.30087840519016,8
yasu,2,7,A_steiner,534,7,188.30087840519016,8
yasu,2,8,A_steiner,534,7,188.30087840519016,8
yasu,2,9,A_steiner,534,7,188.30087840519016,8
yasu,2,10,A_steiner,534,7,188.30087840519016,8
yasu,2,11,A_steiner,534,7,188.30087840519016,8
yasu,2,12,B_incremental,534,7,188.30087840519016,8
yasu,2,13,B_incremental,534,7,190.3873097787008,8
yasu,2,14,B_incremental,534,7,188.30087840519016,8
yasu,2,15,B_incremental,534,7,190.3873097787008,8
yasu,2,16,B_incremental,534,7,190.6822673650359,8
yasu,2,17,B_incremental,534,7,190.3873097787008,8
yasu,2,18,B_incremental,534,7,190.3873097787008,8
yasu,2,19,B_incremental,534,7,188.30087840519016,8
yasu,2,20,B_incremental,534,7,188.30087840519016,8
yasu,2,21,B_incremental,534,7,188.30087840519016,8
yasu,2,22,B_incremental,534,7,190.6822673650359,8
yasu,2,23,B_incremental,534,7,188.30087840519016,8
yasu,3,0,A_steiner,365,5,257.1834490224645,4
yasu,3,1,A_steiner,365,5,257.1834490224645,4
yasu,3,2,A_steiner,365,5,257.1834490224645,4
yasu,3,3,A_steiner,365,5,257.1834490224645,4
yasu,3,4,A_steiner,365,5,257.1834490224645,4
yasu,3,5,A_steiner,365,5,257.1834490224645,4
yasu,3,6,A_steiner,365,5,257.1834490224645,4
yasu,3,7,A_steiner,365,5,257.1834490224645,4
yasu,3,8,A_steiner,365,5,257.1834490224645,4
yasu,3,9,A_steiner,365,5,257.1834490224645,4
yasu,3,10,A_steiner,365,5,257.1834490224645,4
yasu,3,11,A_steiner,365,5,257.1834490224645,4
yasu,3,12,B_incremental,365,6,311.25388645953586,4
yasu,3,13,B_incremental,365,5,257.1834490224645,4
yasu,3,14,B_incremental,365,6,311.25388645953586,4
yasu,3,15,B_incremental,365,5,257.1834490224645,4
yasu,3,16,B_incremental,365,5,257.1834490224645,4
yasu,3,17,B_incremental,365,5,257.1834490224645,4
yasu,3,18,B_incremental,365,6,311.25388645953586,4
yasu,3,19,B_incremental,365,5,257.1834490224645,4
yasu,3,20,B_incremental,365,5,257.1834490224645,4
yasu,3,21,B_incremental,365,5,257.1834490224645,4
yasu,3,22,B_incremental,365,5,257.1834490224645,4
yasu,3,23,B_incremental,365,6,311.25388645953586,4
yasu,4,0,A_steiner,1829,5,295.9015443657055,6
yasu,4,1,A_steiner,1829,5,295.704121999669,6
yasu,4,2,A_steiner,1829,5,295.704121999669,6
yasu,4,3,A_steiner,1829,5,295.9015443657055,6
yasu,4,4,A_steiner,1829,5,296.166192652587,6
yasu,4,5,A_steiner,1829,5,295.704121999669,6
yasu,4,6,A_steiner,1829,5,296.166192652587,6
yasu,4,7,A_steiner,1829,5,295.704121999669,6
yasu,4,8,A_steiner,1829,5,295.704121999669,6
yasu,4,9,A_steiner,1829,5,295.704121999669,6
yasu,4,10,A_steiner,1829,5,295.9015443657055,6
yasu,4,11,A_steiner,1829,5,295.704121999669,6
yasu,4,12,B_incremental,1829,5,295.704121999669,6
yasu,4,13,B_incremental,1829,5,295.9015443657055,6
yasu,4,14,B_incremental,1829,5,296.166192652587,6
yasu,4,15,B_incremental,1829,5,295.704121999669,6
yasu,4,16,B_incremental,1829,5,296.166192652587,6
yasu,4,17,B_incremental,1829,5,295.9015443657055,6
yasu,4,18,B_incremental,1829,5,295.9015443657055,6
yasu,4,19,B_incremental,1829,5,295.704121999669,6
yasu,4,20,B_incremental,1829,5,295.9015443657055,6
yasu,4,21,B_incremental,1829,5,295.9015443657055,6
yasu,4,22,B_incremental,1829,5,296.166192652587,6
yasu,4,23,B_incremental,1829,5,296.166192652587,6
yasu,5,0,A_steiner,1904,14,2779.143358690141,4
yasu,5,1,A_steiner,1904,14,2779.143358690141,4
yasu,5,2,A_steiner,1904,14,2779.143358690141,4
yasu,5,3,A_steiner,1904,14,2779.143358690141,4
yasu,5,4,A_steiner,1904,14,2779.143358690141,4
yasu,5,5,A_steiner,1904,14,2779.143358690141,4
yasu,5,6,A_steiner,1904,14,2779.143358690141,4
yasu,5,7,A_steiner,1904,14,2779.143358690141,4
yasu,5,8,A_steiner,1904,14,2779.143358690141,4
yasu,5,9,A_steiner,1904,14,2779.143358690141,4
yasu,5,10,A_steiner,1904,14,2779.143358690141,4
yasu,5,11,A_steiner,1904,14,2779.143358690141,4
yasu,5,12,B_incremental,1904,14,2779.143358690141,4
yasu,5,13,B_incremental,1904,14,2779.143358690141,4
yasu,5,14,B_incremental,1904,14,2779.143358690141,4
yasu,5,15,B_incremental,1904,14,2779.143358690141,4
yasu,5,16,B_incremental,1904,14,2779.143358690141,4
yasu,5,17,B_incremental,1904,14,2779.143358690141,4
yasu,5,18,B_incremental,1904,14,2779.143358690141,4
yasu,5,19,B_incremental,1904,14,2779.143358690141,4
yasu,5,20,B_incremental,1904,14,2779.143358690141,4
yasu,5,21,B_incremental,1904,14,2779.143358690141,4
yasu,5,22,B_incremental,1904,14,2779.143358690141,4
yasu,5,23,B_incremental,1904,14,2779.143358690141,4
yasu,6,0,A_steiner,310,11,658.6080841345974,3
yasu,6,1,A_steiner,310,11,658.6080841345974,3
yasu,6,2,A_steiner,310,11,658.6080841345974,3
yasu,6,3,A_steiner,310,11,658.6080841345974,3
yasu,6,4,A_steiner,310,11,658.6080841345974,3
yasu,6,5,A_steiner,310,11,658.6080841345974,3
yasu,6,6,A_steiner,310,11,658.6080841345974,3
yasu,6,7,A_steiner,310,11,658.6080841345974,3
yasu,6,8,A_steiner,310,11,658.6080841345974,3
yasu,6,9,A_steiner,310,11,658.6080841345974,3
yasu,6,10,A_steiner,310,11,658.6080841345974,3
yasu,6,11,A_steiner,310,11,658.6080841345974,3
yasu,6,12,B_incremental,310,11,593.4513070716569,3
yasu,6,13,B_incremental,310,11,593.4513070716569,3
yasu,6,14,B_incremental,310,11,577.3172998316184,3
yasu,6,15,B_incremental,310,11,593.4513070716569,3
yasu,6,16,B_incremental,310,11,577.3172998316184,3
yasu,6,17,B_incremental,310,11,593.4513070716569,3
yasu,6,18,B_incremental,310,11,577.3172998316184,3
yasu,6,19,B_incremental,310,11,577.3172998316184,3
yasu,6,20,B_incremental,310,11,593.4513070716569,3
yasu,6,21,B_incremental,310,11,577.3172998316184,3
yasu,6,22,B_incremental,310,11,577.3172998316184,3
yasu,6,23,B_incremental,310,11,577.3172998316184,3
yasu,7,0,A_steiner,446,8,791.3702648186561,5
yasu,7,1,A_steiner,446,8,791.3702648186561,5
yasu,7,2,A_steiner,446,8,791.3702648186561,5
yasu,7,3,A_steiner,446,8,791.3702648186561,5
yasu,7,4,A_steiner,446,8,791.3702648186561,5
yasu,7,5,A_steiner,446,8,791.3702648186561,5
yasu,7,6,A_steiner,446,8,791.3702648186561,5
yasu,7,7,A_steiner,446,8,791.3702648186561,5
yasu,7,8,A_steiner,446,8,791.3702648186561,5
yasu,7,9,A_steiner,446,8,791.3702648186561,5
yasu,7,10,A_steiner,446,8,791.3702648186561,5
yasu,7,11,A_steiner,446,8,791.3702648186561,5
yasu,7,12,B_incremental,446,8,845.8164939671493,5
yasu,7,13,B_incremental,446,8,791.3702648186561,5
yasu,7,14,B_incremental,446,8,791.3702648186561,5
yasu,7,15,B_incremental,446,8,791.3702648186561,5
yasu,7,16,B_incremental,446,8,845.8164939671493,5
yasu,7,17,B_incremental,446,8,791.3702648186561,5
yasu,7,18,B_incremental,446,8,791.3702648186561,5
yasu,7,19,B_incremental,446,8,791.3702648186561,5
yasu,7,20,B_incremental,446,8,845.8164939671493,5
yasu,7,21,B_incremental,446,8,845.8164939671493,5
yasu,7,22,B_incremental,446,8,845.8164939671493,5
yasu,7,23,B_incremental,446,8,791.3702648186561,5
yasu,8,0,A_steiner,1290,8,441.13297469362,6
yasu,8,1,A_steiner,1290,8,441.13297469362,6
yasu,8,2,A_steiner,1290,8,441.13297469362,6
yasu,8,3,A_steiner,1290,8,441.13297469362,6
yasu,8,4,A_steiner,1290,8,441.13297469362,6
yasu,8,5,A_steiner,1290,8,441.13297469362,6
yasu,8,6,A_steiner,1290,8,441.13297469362,6
yasu,8,7,A_steiner,1290,8,441.13297469362,6
yasu,8,8,A_steiner,1290,8,441.13297469362,6
yasu,8,9,A_steiner,1290,8,441.13297469362,6
yasu,8,10,A_steiner,1290,8,441.13297469362,6
yasu,8,11,A_steiner,1290,8,441.13297469362,6
yasu,8,12,B_incremental,1290,8,441.13297469362,6
yasu,8,13,B_incremental,1290,8,441.13297469362,6
yasu,8,14,B_incremental,1290,8,441.13297469362,6
yasu,8,15,B_incremental,1290,8,441.13297469362,6
yasu,8,16,B_incremental,1290,8,441.13297469362,6
yasu,8,17,B_incremental,1290,8,441.13297469362,6
yasu,8,18,B_incremental,1290,8,441.13297469362,6
yasu,8,19,B_incremental,1290,8,441.13297469362,6
yasu,8,20,B_incremental,1290,8,441.13297469362,6
yasu,8,21,B_incremental,1290,8,441.13297469362,6
yasu,8,22,B_incremental,1290,8,441.13297469362,6
yasu,8,23,B_incremental,1290,8,441.13297469362,6
yasu,9,0,A_steiner,1456,7,298.62161975116703,7
yasu,9,1,A_steiner,1456,7,298.62161975116703,7
yasu,9,2,A_steiner,1456,7,298.62161975116703,7
yasu,9,3,A_steiner,1456,7,298.62161975116703,7
yasu,9,4,A_steiner,1456,7,298.62161975116703,7
yasu,9,5,A_steiner,1456,7,298.62161975116703,7
yasu,9,6,A_steiner,1456,7,298.62161975116703,7
yasu,9,7,A_steiner,1456,7,298.62161975116703,7
yasu,9,8,A_steiner,1456,7,298.62161975116703,7
yasu,9,9,A_steiner,1456,7,298.62161975116703,7
yasu,9,10,A_steiner,1456,7,298.62161975116703,7
yasu,9,11,A_steiner,1456,7,298.62161975116703,7
yasu,9,12,B_incremental,1456,7,298.62161975116703,7
yasu,9,13,B_incremental,1456,9,375.4043056251946,7
yasu,9,14,B_incremental,1456,7,298.62161975116703,7
yasu,9,15,B_incremental,1456,7,310.4508174221526,7
yasu,9,16,B_incremental,1456,7,312.4395968513847,7
yasu,9,17,B_incremental,1456,7,310.4508174221526,7
yasu,9,18,B_incremental,1456,7,298.62161975116703,7
yasu,9,19,B_incremental,1456,7,298.62161975116703,7
yasu,9,20,B_incremental,1456,7,312.4395968513847,7
yasu,9,21,B_incremental,1456,7,298.62161975116703,7
yasu,9,22,B_incremental,1456,7,310.4508174221526,7
yasu,9,23,B_incremental,1456,7,298.62161975116703,7
yasu,10,0,A_steiner,1840,7,771.5401693381338,3
yasu,10,1,A_steiner,1840,7,771.5401693381338,3
yasu,10,2,A_steiner,1840,7,771.5401693381338,3
yasu,10,3,A_steiner,1840,7,771.5401693381338,3
yasu,10,4,A_steiner,1840,7,771.5401693381338,3
yasu,10,5,A_steiner,1840,7,771.5401693381338,3
yasu,10,6,A_steiner,1840,7,771.5401693381338,3
yasu,10,7,A_steiner,1840,7,771.5401693381338,3
yasu,10,8,A_steiner,1840,7,771.5401693381338,3
yasu,10,9,A_steiner,1840,7,771.5401693381338,3
yasu,10,10,A_steiner,1840,7,771.5401693381338,3
yasu,10,11,A_steiner,1840,7,771.5401693381338,3
yasu,10,12,B_incremental,1840,7,771.5401693381338,3
yasu,10,13,B_incremental,1840,7,771.5401693381338,3
yasu,10,14,B_incremental,1840,7,771.5401693381338,3
yasu,10,15,B_incremental,1840,7,771.5401693381338,3
yasu,10,16,B_incremental,1840,7,771.5401693381338,3
yasu,10,17,B_incremental,1840,7,771.5401693381338,3
yasu,10,18,B_incremental,1840,7,771.5401693381338,3
yasu,10,19,B_incremental,1840,7,771.5401693381338,3
yasu,10,20,B_incremental,1840,7,771.5401693381338,3
yasu,10,21,B_incremental,1840,7,771.5401693381338,3
yasu,10,22,B_incremental,1840,7,771.5401693381338,3
yasu,10,23,B_incremental,1840,7,771.5401693381338,3
yasu,11,0,A_steiner,313,3,171.2858106510057,4
yasu,11,1,A_steiner,313,3,171.2858106510057,4
yasu,11,2,A_steiner,313,3,171.2858106510057,4
yasu,11,3,A_steiner,313,3,171.2858106510057,4
yasu,11,4,A_steiner,313,3,171.2858106510057,4
yasu,11,5,A_steiner,313,3,171.2858106510057,4
yasu,11,6,A_steiner,313,3,171.2858106510057,4
yasu,11,7,A_steiner,313,3,171.2858106510057,4
yasu,11,8,A_steiner,313,3,171.2858106510057,4
yasu,11,9,A_steiner,313,3,171.2858106510057,4
yasu,11,10,A_steiner,313,3,171.2858106510057,4
yasu,11,11,A_steiner,313,3,171.2858106510057,4
yasu,11,12,B_incremental,313,3,171.2858106510057,4
yasu,11,13,B_incremental,313,3,171.2858106510057,4
yasu,11,14,B_incremental,313,3,171.2858106510057,4
yasu,11,15,B_incremental,313,3,171.2858106510057,4
yasu,11,16,B_incremental,313,3,171.2858106510057,4
yasu,11,17,B_incremental,313,3,171.2858106510057,4
yasu,11,18,B_incremental,313,3,171.2858106510057,4
yasu,11,19,B_incremental,313,3,171.2858106510057,4
yasu,11,20,B_incremental,313,3,171.2858106510057,4
yasu,11,21,B_incremental,313,3,171.2858106510057,4
yasu,11,22,B_incremental,313,3,171.2858106510057,4
yasu,11,23,B_incremental,313,3,171.2858106510057,4
yasu,12,0,A_steiner,343,8,410.4141923068552,7
yasu,12,1,A_steiner,343,8,410.4141923068552,7
yasu,12,2,A_steiner,343,8,410.4141923068552,7
yasu,12,3,A_steiner,343,8,410.4141923068552,7
yasu,12,4,A_steiner,343,8,410.4141923068552,7
yasu,12,5,A_steiner,343,8,410.4141923068552,7
yasu,12,6,A_steiner,343,8,410.4141923068552,7
yasu,12,7,A_steiner,343,8,410.4141923068552,7
yasu,12,8,A_steiner,343,8,410.4141923068552,7
yasu,12,9,A_steiner,343,8,410.4141923068552,7
yasu,12,10,A_steiner,343,8,410.4141923068552,7
yasu,12,11,A_steiner,343,8,410.4141923068552,7
yasu,12,12,B_incremental,343,8,410.4141923068552,7
yasu,12,13,B_incremental,343,7,383.25819507604155,7
yasu,12,14,B_incremental,343,7,383.25819507604155,7
yasu,12,15,B_incremental,343,8,410.4141923068552,7
yasu,12,16,B_incremental,343,7,383.25819507604155,7
yasu,12,17,B_incremental,343,7,383.25819507604155,7
yasu,12,18,B_incremental,343,8,410.4141923068552,7
yasu,12,19,B_incremental,343,7,383.25819507604155,7
yasu,12,20,B_incremental,343,8,410.4141923068552,7
yasu,12,21,B_incremental,343,7,383.25819507604155,7
yasu,12,22,B_incremental,343,7,383.25819507604155,7
yasu,12,23,B_incremental,343,7,383.25819507604155,7
yasu,13,0,A_steiner,1422,6,201.5791802217892,7
yasu,13,1,A_steiner,1422,6,201.5791802217892,7
yasu,13,2,A_steiner,1422,6,201.5791802217892,7
yasu,13,3,A_steiner,1422,6,201.5791802217892,7
yasu,13,4,A_steiner,1422,6,201.5791802217892,7
yasu,13,5,A_steiner,1422,6,201.5791802217892,7
yasu,13,6,A_steiner,1422,6,201.5791802217892,7
yasu,13,7,A_steiner,1422,6,201.5791802217892,7
yasu,13,8,A_steiner,1422,6,201.5791802217892,7
yasu,13,9,A_steiner,1422,6,201.5791802217892,7
yasu,13,10,A_steiner,1422,6,201.5791802217892,7
yasu,13,11,A_steiner,1422,6,201.5791802217892,7
yasu,13,12,B_incremental,1422,6,201.5791802217892,7
yasu,13,13,B_incremental,1422,6,201.5791802217892,7
yasu,13,14,B_incremental,1422,6,201.5791802217892,7
yasu,13,15,B_incremental,1422,6,201.5791802217892,7
yasu,13,16,B_incremental,1422,6,201.5791802217892,7
yasu,13,17,B_incremental,1422,6,201.5791802217892,7
yasu,13,18,B_incremental,1422,6,201.5791802217892,7
yasu,13,19,B_incremental,1422,6,201.5791802217892,7
yasu,13,20,B_incremental,1422,6,201.5791802217892,7
yasu,13,21,B_incremental,1422,6,201.5791802217892,7
yasu,13,22,B_incremental,1422,6,201.5791802217892,7
yasu,13,23,B_incremental,1422,6,201.5791802217892,7
yasu,14,0,A_steiner,1640,10,279.5321509583208,11
yasu,14,1,A_steiner,1640,10,279.5321509583208,11
yasu,14,2,A_steiner,1640,10,279.5321509583208,11
yasu,14,3,A_steiner,1640,10,279.5321509583208,11
yasu,14,4,A_steiner,1640,10,279.5321509583208,11
yasu,14,5,A_steiner,1640,10,279.5321509583208,11
yasu,14,6,A_steiner,1640,10,279.5321509583208,11
yasu,14,7,A_steiner,1640,10,279.5321509583208,11
yasu,14,8,A_steiner,1640,10,279.5321509583208,11
yasu,14,9,A_steiner,1640,10,279.5321509583208,11
yasu,14,10,A_steiner,1640,10,279.5321509583208,11
yasu,14,11,A_steiner,1640,10,279.5321509583208,11
yasu,14,12,B_incremental,1640,10,314.5881485347551,11
yasu,14,13,B_incremental,1640,10,301.4242988606433,11
yasu,14,14,B_incremental,1640,10,301.4242988606433,11
yasu,14,15,B_incremental,1640,10,301.4242988606433,11
yasu,14,16,B_incremental,1640,10,292.92600479885766,11
yasu,14,17,B_incremental,1640,10,279.5321509583208,11
yasu,14,18,B_incremental,1640,10,301.4242988606433,11
yasu,14,19,B_incremental,1640,10,338.6669865502532,11
yasu,14,20,B_incremental,1640,10,279.5321509583208,11
yasu,14,21,B_incremental,1640,10,301.4242988606433,11
yasu,14,22,B_incremental,1640,10,301.4242988606433,11
yasu,14,23,B_incremental,1640,10,338.6669865502532,11
yasu,15,0,A_steiner,1558,25,1388.5452886796863,10
yasu,15,1,A_steiner,1558,25,1388.5452886796863,10
yasu,15,2,A_steiner,1558,26,1390.631827241935,10
yasu,15,3,A_steiner,1558,25,1388.5452886796863,10
yasu,15,4,A_steiner,1558,25,1388.5452886796863,10
yasu,15,5,A_steiner,1558,25,1388.5452886796863,10
yasu,15,6,A_steiner,1558,25,1388.5452886796863,10
yasu,15,7,A_steiner,1558,25,1388.5452886796863,10
yasu,15,8,A_steiner,1558,25,1388.5452886796863,10
yasu,15,9,A_steiner,1558,26,1390.631827241935,10
yasu,15,10,A_steiner,1558,26,1390.631827241935,10
yasu,15,11,A_steiner,1558,25,1388.5452886796863,10
yasu,15,12,B_incremental,1558,26,1405.7294569917922,10
yasu,15,13,B_incremental,1558,25,1417.965251200227,10
yasu,15,14,B_incremental,1558,25,1392.809897028913,10
yasu,15,15,B_incremental,1558,28,1505.890617827926,10
yasu,15,16,B_incremental,1558,25,1425.9050241986322,10
yasu,15,17,B_incremental,1558,25,1392.809897028913,10
yasu,15,18,B_incremental,1558,26,1385.968038180956,10
yasu,15,19,B_incremental,1558,25,1421.094667921012,10
yasu,15,20,B_incremental,1558,23,1392.8007164432138,10
yasu,15,21,B_incremental,1558,23,1392.8007164432138,10
yasu,15,22,B_incremental,1558,25,1425.9050241986322,10
yasu,15,23,B_incremental,1558,26,1378.0282651825505,10
yasu,16,0,A_steiner,2482,5,297.58832473831313,6
yasu,16,1,A_steiner,2482,5,297.58832473831313,6
yasu,16,2,A_steiner,2482,5,297.58832473831313,6
yasu,16,3,A_steiner,2482,5,297.58832473831313,6
yasu,16,4,A_steiner,2482,5,297.58832473831313,6
yasu,16,5,A_steiner,2482,5,297.58832473831313,6
yasu,16,6,A_steiner,2482,5,297.58832473831313,6
yasu,16,7,A_steiner,2482,5,297.58832473831313,6
yasu,16,8,A_steiner,2482,5,297.58832473831313,6
yasu,16,9,A_steiner,2482,5,297.58832473831313,6
yasu,16,10,A_steiner,2482,5,297.58832473831313,6
yasu,16,11,A_steiner,2482,5,297.58832473831313,6
yasu,16,12,B_incremental,2482,5,297.58832473831313,6
yasu,16,13,B_incremental,2482,5,297.58832473831313,6
yasu,16,14,B_incremental,2482,5,297.58832473831313,6
yasu,16,15,B_incremental,2482,5,297.58832473831313,6
yasu,16,16,B_incremental,2482,5,297.58832473831313,6
yasu,16,17,B_incremental,2482,5,297.58832473831313,6
yasu,16,18,B_incremental,2482,5,297.58832473831313,6
yasu,16,19,B_incremental,2482,5,297.58832473831313,6
yasu,16,20,B_incremental,2482,5,297.58832473831313,6
yasu,16,21,B_incremental,2482,5,297.58832473831313,6
yasu,16,22,B_incremental,2482,5,297.58832473831313,6
yasu,16,23,B_incremental,2482,5,297.58832473831313,6
yasu,17,0,A_steiner,1722,4,162.2637031080055,5
yasu,17,1,A_steiner,1722,4,162.2637031080055,5
yasu,17,2,A_steiner,1722,4,162.2637031080055,5
yasu,17,3,A_steiner,1722,4,162.2637031080055,5
yasu,17,4,A_steiner,1722,4,162.2637031080055,5
yasu,17,5,A_steiner,1722,4,162.2637031080055,5
yasu,17,6,A_steiner,1722,4,162.2637031080055,5
yasu,17,7,A_steiner,1722,4,162.2637031080055,5
yasu,17,8,A_steiner,1722,4,162.2637031080055,5
yasu,17,9,A_steiner,1722,4,162.2637031080055,5
yasu,17,10,A_steiner,1722,4,162.2637031080055,5
yasu,17,11,A_steiner,1722,4,162.2637031080055,5
yasu,17,12,B_incremental,1722,4,162.2637031080055,5
yasu,17,13,B_incremental,1722,4,162.2637031080055,5
yasu,17,14,B_incremental,1722,4,162.2637031080055,5
yasu,17,15,B_incremental,1722,4,162.2637031080055,5
yasu,17,16,B_incremental,1722,4,162.2637031080055,5
yasu,17,17,B_incremental,1722,4,162.2637031080055,5
yasu,17,18,B_incremental,1722,4,162.2637031080055,5
yasu,17,19,B_incremental,1722,4,162.2637031080055,5
yasu,17,20,B_incremental,1722,4,162.2637031080055,5
yasu,17,21,B_incremental,1722,4,162.2637031080055,5
yasu,17,22,B_incremental,1722,4,162.2637031080055,5
yasu,17,23,B_incremental,1722,4,162.2637031080055,5
yasu,18,0,A_steiner,1815,3,521.8859119352692,2
yasu,18,1,A_steiner,1815,3,521.8859119352692,2
yasu,18,2,A_steiner,1815,3,521.8859119352692,2
yasu,18,3,A_steiner,1815,3,521.8859119352692,2
yasu,18,4,A_steiner,1815,3,521.8859119352692,2
yasu,18,5,A_steiner,1815,3,521.8859119352692,2
yasu,18,6,A_steiner,1815,3,521.8859119352692,2
yasu,18,7,A_steiner,1815,3,521.8859119352692,2
yasu,18,8,A_steiner,1815,3,521.8859119352692,2
yasu,18,9,A_steiner,1815,3,521.8859119352692,2
yasu,18,10,A_steiner,1815,3,521.8859119352692,2
yasu,18,11,A_steiner,1815,3,521.8859119352692,2
yasu,18,12,B_incremental,1815,3,521.8859119352692,2
yasu,18,13,B_incremental,1815,3,521.8859119352692,2
yasu,18,14,B_incremental,1815,3,521.8859119352692,2
yasu,18,15,B_incremental,1815,3,521.8859119352692,2
yasu,18,16,B_incremental,1815,3,521.8859119352692,2
yasu,18,17,B_incremental,1815,3,521.8859119352692,2
yasu,18,18,B_incremental,1815,3,521.8859119352692,2
yasu,18,19,B_incremental,1815,3,521.8859119352692,2
yasu,18,20,B_incremental,1815,3,521.8859119352692,2
yasu,18,21,B_incremental,1815,3,521.8859119352692,2
yasu,18,22,B_incremental,1815,3,521.8859119352692,2
yasu,18,23,B_incremental,1815,3,521.8859119352692,2
yasu,19,0,A_steiner,353,6,496.6335044282232,7
yasu,19,1,A_steiner,353,6,496.6335044282232,7
yasu,19,2,A_steiner,353,6,496.6335044282232,7
yasu,19,3,A_steiner,353,6,496.6335044282232,7
yasu,19,4,A_steiner,353,6,496.6335044282232,7
yasu,19,5,A_steiner,353,6,496.6335044282232,7
yasu,19,6,A_steiner,353,6,496.6335044282232,7
yasu,19,7,A_steiner,353,6,496.6335044282232,7
yasu,19,8,A_steiner,353,6,496.6335044282232,7
yasu,19,9,A_steiner,353,6,496.6335044282232,7
yasu,19,10,A_steiner,353,6,496.6335044282232,7
yasu,19,11,A_steiner,353,6,496.6335044282232,7
yasu,19,12,B_incremental,353,6,496.6335044282232,7
yasu,19,13,B_incremental,353,6,496.6335044282232,7
yasu,19,14,B_incremental,353,6,496.6335044282232,7
yasu,19,15,B_incremental,353,6,496.6335044282232,7
yasu,19,16,B_incremental,353,6,496.6335044282232,7
yasu,19,17,B_incremental,353,6,496.6335044282232,7
yasu,19,18,B_incremental,353,6,496.6335044282232,7
yasu,19,19,B_incremental,353,6,496.6335044282232,7
yasu,19,20,B_incremental,353,6,496.6335044282232,7
yasu,19,21,B_incremental,353,6,496.6335044282232,7
yasu,19,22,B_incremental,353,6,496.6335044282232,7
yasu,19,23,B_incremental,353,6,496.6335044282232,7
yasu,20,0,A_steiner,1706,5,292.571828520394,4
yasu,20,1,A_steiner,1706,5,292.571828520394,4
yasu,20,2,A_steiner,1706,5,292.571828520394,4
yasu,20,3,A_steiner,1706,5,292.571828520394,4
yasu,20,4,A_steiner,1706,5,292.571828520394,4
yasu,20,5,A_steiner,1706,5,292.571828520394,4
yasu,20,6,A_steiner,1706,5,292.571828520394,4
yasu,20,7,A_steiner,1706,5,292.571828520394,4
yasu,20,8,A_steiner,1706,5,292.571828520394,4
yasu,20,9,A_steiner,1706,5,292.571828520394,4
yasu,20,10,A_steiner,1706,5,292.571828520394,4
yasu,20,11,A_steiner,1706,5,292.571828520394,4
yasu,20,12,B_incremental,1706,5,292.571828520394,4
yasu,20,13,B_incremental,1706,5,292.571828520394,4
yasu,20,14,B_incremental,1706,5,292.571828520394,4
yasu,20,15,B_incremental,1706,5,292.571828520394,4
yasu,20,16,B_incremental,1706,5,292.571828520394,4
yasu,20,17,B_incremental,1706,5,292.571828520394,4
yasu,20,18,B_incremental,1706,5,292.571828520394,4
yasu,20,19,B_incremental,1706,5,292.571828520394,4
yasu,20,20,B_incremental,1706,5,292.571828520394,4
yasu,20,21,B_incremental,1706,5,292.571828520394,4
yasu,20,22,B_incremental,1706,5,292.571828520394,4
yasu,20,23,B_incremental,1706,5,292.571828520394,4
yasu,21,0,A_steiner,1837,7,352.1260034860854,8
yasu,21,1,A_steiner,1837,7,352.1260034860854,8
yasu,21,2,A_steiner,1837,7,352.1260034860854,8
yasu,21,3,A_steiner,1837,7,358.61333444013366,8
yasu,21,4,A_steiner,1837,7,352.1260034860854,8
yasu,21,5,A_steiner,1837,7,352.1260034860854,8
yasu,21,6,A_steiner,1837,7,352.1260034860854,8
yasu,21,7,A_steiner,1837,7,358.61333444013366,8
yasu,21,8,A_steiner,1837,7,352.1260034860854,8
yasu,21,9,A_steiner,1837,7,352.1260034860854,8
yasu,21,10,A_steiner,1837,7,352.1260034860854,8
yasu,21,11,A_steiner,1837,7,352.1260034860854,8
yasu,21,12,B_incremental,1837,7,360.08288476880347,8
yasu,21,13,B_incremental,1837,7,393.7491452971323,8
yasu,21,14,B_incremental,1837,7,397.47073439492027,8
yasu,21,15,B_incremental,1837,9,432.8841420025681,8
yasu,21,16,B_incremental,1837,7,360.08288476880347,8
yasu,21,17,B_incremental,1837,7,360.08288476880347,8
yasu,21,18,B_incremental,1837,7,393.7491452971323,8
yasu,21,19,B_incremental,1837,7,360.08288476880347,8
yasu,21,20,B_incremental,1837,7,360.08288476880347,8
yasu,21,21,B_incremental,1837,7,360.08288476880347,8
yasu,21,22,B_incremental,1837,7,360.08288476880347,8
yasu,21,23,B_incremental,1837,7,393.7491452971323,8
yasu,22,0,A_steiner,293,8,650.5165748845639,6
yasu,22,1,A_steiner,293,8,650.5165748845639,6
yasu,22,2,A_steiner,293,8,650.5165748845639,6
yasu,22,3,A_steiner,293,6,635.9504606825943,6
yasu,22,4,A_steiner,293,6,635.9504606825943,6
yasu,22,5,A_steiner,293,6,635.9504606825943,6
yasu,22,6,A_steiner,293,6,635.9504606825943,6
yasu,22,7,A_steiner,293,6,635.9504606825943,6
yasu,22,8,A_steiner,293,8,650.5165748845639,6
yasu,22,9,A_steiner,293,6,635.9504606825943,6
yasu,22,10,A_steiner,293,6,635.9504606825943,6
yasu,22,11,A_steiner,293,8,650.5165748845639,6
yasu,22,12,B_incremental,293,8,676.068890189647,6
yasu,22,13,B_incremental,293,6,655.6901243884049,6
yasu,22,14,B_incremental,293,6,655.6901243884049,6
yasu,22,15,B_incremental,293,6,635.9504606825943,6
yasu,22,16,B_incremental,293,6,635.9504606825943,6
yasu,22,17,B_incremental,293,6,655.6901243884049,6
yasu,22,18,B_incremental,293,6,655.6901243884049,6
yasu,22,19,B_incremental,293,6,655.6901243884049,6
yasu,22,20,B_incremental,293,6,655.6901243884049,6
yasu,22,21,B_incremental,293,8,676.068890189647,6
yasu,22,22,B_incremental,293,6,635.9504606825943,6
yasu,22,23,B_incremental,293,6,635.9504606825943,6
yasu,23,0,A_steiner,1733,7,347.7625095538828,8
yasu,23,1,A_steiner,1733,7,347.7625095538828,8
yasu,23,2,A_steiner,1733,7,347.7625095538828,8
yasu,23,3,A_steiner,1733,7,351.33875801471663,8
yasu,23,4,A_steiner,1733,7,347.7625095538828,8
yasu,23,5,A_steiner,1733,7,347.7625095538828,8
yasu,23,6,A_steiner,1733,7,347.7625095538828,8
yasu,23,7,A_steiner,1733,7,347.7625095538828,8
yasu,23,8,A_steiner,1733,7,347.7625095538828,8
yasu,23,9,A_steiner,1733,7,351.33875801471663,8
yasu,23,10,A_steiner,1733,7,347.7625095538828,8
yasu,23,11,A_steiner,1733,7,347.7625095538828,8
yasu,23,12,B_incremental,1733,7,347.7625095538828,8
yasu,23,13,B_incremental,1733,7,351.33875801471663,8
yasu,23,14,B_incremental,1733,7,347.7625095538828,8
yasu,23,15,B_incremental,1733,7,351.33875801471663,8
yasu,23,16,B_incremental,1733,7,347.7625095538828,8
yasu,23,17,B_incremental,1733,7,347.7625095538828,8
yasu,23,18,B_incremental,1733,7,347.7625095538828,8
yasu,23,19,B_incremental,1733,7,347.7625095538828,8
yasu,23,20,B_incremental,1733,7,347.7625095538828,8
yasu,23,21,B_incremental,1733,7,351.33875801471663,8
yasu,23,22,B_incremental,1733,7,351.33875801471663,8
yasu,23,23,B_incremental,1733,7,347.7625095538828,8
yasu,24,0,A_steiner,1437,5,164.36305748685015,6
yasu,24,1,A_steiner,1437,5,164.36305748685015,6
yasu,24,2,A_steiner,1437,5,164.36305748685015,6
yasu,24,3,A_steiner,1437,5,164.36305748685015,6
yasu,24,4,A_steiner,1437,5,164.36305748685015,6
yasu,24,5,A_steiner,1437,5,164.36305748685015,6
yasu,24,6,A_steiner,1437,5,164.36305748685015,6
yasu,24,7,A_steiner,1437,5,164.36305748685015,6
yasu,24,8,A_steiner,1437,5,164.36305748685015,6
yasu,24,9,A_steiner,1437,5,164.36305748685015,6
yasu,24,10,A_steiner,1437,5,164.36305748685015,6
yasu,24,11,A_steiner,1437,5,164.36305748685015,6
yasu,24,12,B_incremental,1437,5,164.36305748685015,6
yasu,24,13,B_incremental,1437,5,164.36305748685015,6
yasu,24,14,B_incremental,1437,5,164.36305748685015,6
yasu,24,15,B_incremental,1437,5,164.36305748685015,6
yasu,24,16,B_incremental,1437,5,164.36305748685015,6
yasu,24,17,B_incremental,1437,5,164.36305748685015,6
yasu,24,18,B_incremental,1437,5,164.36305748685015,6
yasu,24,19,B_incremental,1437,5,164.36305748685015,6
yasu,24,20,B_incremental,1437,5,164.36305748685015,6
yasu,24,21,B_incremental,1437,5,164.36305748685015,6
yasu,24,22,B_incremental,1437,5,164.36305748685015,6
yasu,24,23,B_incremental,1437,5,164.36305748685015,6
yasu,25,0,A_steiner,1418,6,312.6610570400961,6
yasu,25,1,A_steiner,1418,6,312.6610570400961,6
yasu,25,2,A_steiner,1418,6,312.6610570400961,6
yasu,25,3,A_steiner,1418,6,312.6610570400961,6
yasu,25,4,A_steiner,1418,6,312.6610570400961,6
yasu,25,5,A_steiner,1418,6,312.6610570400961,6
yasu,25,6,A_steiner,1418,6,312.6610570400961,6
yasu,25,7,A_steiner,1418,6,312.6610570400961,6
yasu,25,8,A_steiner,1418,6,312.6610570400961,6
yasu,25,9,A_steiner,1418,6,312.6610570400961,6
yasu,25,10,A_steiner,1418,6,312.6610570400961,6
yasu,25,11,A_steiner,1418,6,312.6610570400961,6
yasu,25,12,B_incremental,1418,6,312.6610570400961,6
yasu,25,13,B_incremental,1418,6,312.6610570400961,6
yasu,25,14,B_incremental,1418,6,312.6610570400961,6
yasu,25,15,B_incremental,1418,6,312.6610570400961,6
yasu,25,16,B_incremental,1418,6,312.6610570400961,6
yasu,25,17,B_incremental,1418,6,312.6610570400961,6
yasu,25,18,B_incremental,1418,6,312.6610570400961,6
yasu,25,19,B_incremental,1418,6,312.6610570400961,6
yasu,25,20,B_incremental,1418,6,312.6610570400961,6
yasu,25,21,B_incremental,1418,6,312.6610570400961,6
yasu,25,22,B_incremental,1418,6,312.6610570400961,6
yasu,25,23,B_incremental,1418,6,312.6610570400961,6
yasu,26,0,A_steiner,1452,3,342.998906677496,4
yasu,26,1,A_steiner,1452,3,342.998906677496,4
yasu,26,2,A_steiner,1452,3,342.998906677496,4
yasu,26,3,A_steiner,1452,3,342.998906677496,4
yasu,26,4,A_steiner,1452,3,342.998906677496,4
yasu,26,5,A_steiner,1452,3,342.998906677496,4
yasu,26,6,A_steiner,1452,3,342.998906677496,4
yasu,26,7,A_steiner,1452,3,342.998906677496,4
yasu,26,8,A_steiner,1452,3,342.998906677496,4
yasu,26,9,A_steiner,1452,3,342.998906677496,4
yasu,26,10,A_steiner,1452,3,342.998906677496,4
yasu,26,11,A_steiner,1452,3,342.998906677496,4
yasu,26,12,B_incremental,1452,3,342.998906677496,4
yasu,26,13,B_incremental,1452,3,342.998906677496,4
yasu,26,14,B_incremental,1452,3,342.998906677496,4
yasu,26,15,B_incremental,1452,3,342.998906677496,4
yasu,26,16,B_incremental,1452,3,342.998906677496,4
yasu,26,17,B_incremental,1452,3,342.998906677496,4
yasu,26,18,B_incremental,1452,3,342.998906677496,4
yasu,26,19,B_incremental,1452,3,342.998906677496,4
yasu,26,20,B_incremental,1452,3,342.998906677496,4
yasu,26,21,B_incremental,1452,3,342.998906677496,4
yasu,26,22,B_incremental,1452,3,342.998906677496,4
yasu,26,23,B_incremental,1452,3,342.998906677496,4
yasu,27,0,A_steiner,1656,12,339.8327649578625,11
yasu,27,1,A_steiner,1656,12,339.8327649578625,11
yasu,27,2,A_steiner,1656,12,339.8327649578625,11
yasu,27,3,A_steiner,1656,12,339.8327649578625,11
yasu,27,4,A_steiner,1656,12,339.8327649578625,11
yasu,27,5,A_steiner,1656,12,339.8327649578625,11
yasu,27,6,A_steiner,1656,12,339.8327649578625,11
yasu,27,7,A_steiner,1656,12,339.8327649578625,11
yasu,27,8,A_steiner,1656,12,339.8327649578625,11
yasu,27,9,A_steiner,1656,12,339.8327649578625,11
yasu,27,10,A_steiner,1656,12,339.8327649578625,11
yasu,27,11,A_steiner,1656,12,339.8327649578625,11
yasu,27,12,B_incremental,1656,11,373.7358959940873,11
yasu,27,13,B_incremental,1656,11,373.7358959940873,11
yasu,27,14,B_incremental,1656,12,339.8327649578625,11
yasu,27,15,B_incremental,1656,11,373.7358959940873,11
yasu,27,16,B_incremental,1656,11,374.05606908379633,11
yasu,27,17,B_incremental,1656,11,373.7358959940873,11
yasu,27,18,B_incremental,1656,11,375.8333575413636,11
yasu,27,19,B_incremental,1656,12,339.8327649578625,11
yasu,27,20,B_incremental,1656,12,364.0766439387925,11
yasu,27,21,B_incremental,1656,12,364.39681702850163,11
yasu,27,22,B_incremental,1656,11,373.7358959940873,11
yasu,27,23,B_incremental,1656,11,373.7358959940873,11
yasu,28,0,A_steiner,457,6,247.2387443114921,7
yasu,28,1,A_steiner,457,6,247.2387443114921,7
yasu,28,2,A_steiner,457,6,247.2387443114921,7
yasu,28,3,A_steiner,457,6,247.2387443114921,7
yasu,28,4,A_steiner,457,6,247.2387443114921,7
yasu,28,5,A_steiner,457,6,247.2387443114921,7
yasu,28,6,A_steiner,457,6,247.2387443114921,7
yasu,28,7,A_steiner,457,6,247.2387443114921,7
yasu,28,8,A_steiner,457,6,247.2387443114921,7
yasu,28,9,A_steiner,457,6,247.2387443114921,7
yasu,28,10,A_steiner,457,6,247.2387443114921,7
yasu,28,11,A_steiner,457,6,247.2387443114921,7
yasu,28,12,B_incremental,457,6,255.86367661348092,7
yasu,28,13,B_incremental,457,6,247.2387443114921,7
yasu,28,14,B_incremental,457,6,255.86367661348092,7
yasu,28,15,B_incremental,457,6,255.86367661348092,7
yasu,28,16,B_incremental,457,6,247.2387443114921,7
yasu,28,17,B_incremental,457,6,255.86367661348092,7
yasu,28,18,B_incremental,457,6,255.86367661348092,7
yasu,28,19,B_incremental,457,6,255.86367661348092,7
yasu,28,20,B_incremental,457,6,255.86367661348092,7
yasu,28,21,B_incremental,457,6,255.86367661348092,7
yasu,28,22,B_incremental,457,6,247.2387443114921,7
yasu,28,23,B_incremental,457,6,255.86367661348092,7
yasu,29,0,A_steiner,1633,11,407.8293407220226,12
yasu,29,1,A_steiner,1633,11,407.8293407220226,12
yasu,29,2,A_steiner,1633,11,407.8293407220226,12
yasu,29,3,A_steiner,1633,11,407.8293407220226,12
yasu,29,4,A_steiner,1633,11,407.8293407220226,12
yasu,29,5,A_steiner,1633,11,409.53783567376905,12
yasu,29,6,A_steiner,1633,11,407.8293407220226,12
yasu,29,7,A_steiner,1633,11,407.8293407220226,12
yasu,29,8,A_steiner,1633,11,407.8293407220226,12
yasu,29,9,A_steiner,1633,11,407.8293407220226,12
yasu,29,10,A_steiner,1633,11,407.8293407220226,12
yasu,29,11,A_steiner,1633,11,407.8293407220226,12
yasu,29,12,B_incremental,1633,11,407.8293407220226,12
yasu,29,13,B_incremental,1633,11,409.53783567376905,12
yasu,29,14,B_incremental,1633,11,407.8293407220226,12
yasu,29,15,B_incremental,1633,11,452.2280652617028,12
yasu,29,16,B_incremental,1633,11,409.53783567376905,12
yasu,29,17,B_incremental,1633,11,407.8293407220226,12
yasu,29,18,B_incremental,1633,11,407.8293407220226,12
yasu,29,19,B_incremental,1633,11,409.53783567376905,12
yasu,29,20,B_incremental,1633,11,409.53783567376905,12
yasu,29,21,B_incremental,1633,11,407.8293407220226,12
yasu,29,22,B_incremental,1633,11,479.71870431935054,12
yasu,29,23,B_incremental,1633,11,407.8293407220226,12
yasu,30,0,A_steiner,610,5,804.320094918195,5
yasu,30,1,A_steiner,610,5,804.320094918195,5
yasu,30,2,A_steiner,610,5,804.320094918195,5
yasu,30,3,A_steiner,610,5,804.320094918195,5
yasu,30,4,A_steiner,610,5,804.320094918195,5
yasu,30,5,A_steiner,610,5,804.320094918195,5
yasu,30,6,A_steiner,610,5,804.320094918195,5
yasu,30,7,A_steiner,610,5,804.320094918195,5
yasu,30,8,A_steiner,610,5,804.320094918195,5
yasu,30,9,A_steiner,610,5,804.320094918195,5
yasu,30,10,A_steiner,610,5,804.320094918195,5
yasu,30,11,A_steiner,610,5,804.320094918195,5
yasu,30,12,B_incremental,610,4,898.7831309738331,5
yasu,30,13,B_incremental,610,5,804.320094918195,5
yasu,30,14,B_incremental,610,4,898.7831309738331,5
yasu,30,15,B_incremental,610,5,804.320094918195,5
yasu,30,16,B_incremental,610,5,804.320094918195,5
yasu,30,17,B_incremental,610,4,898.7831309738331,5
yasu,30,18,B_incremental,610,5,804.320094918195,5
yasu,30,19,B_incremental,610,5,804.320094918195,5
yasu,30,20,B_incremental,610,4,898.7831309738331,5
yasu,30,21,B_incremental,610,4,898.7831309738331,5
yasu,30,22,B_incremental,610,4,898.7831309738331,5
yasu,30,23,B_incremental,610,5,804.320094918195,5
yasu,31,0,A_steiner,1726,4,266.58143637679876,5
yasu,31,1,A_steiner,1726,4,266.58143637679876,5
yasu,31,2,A_steiner,1726,4,266.58143637679876,5
yasu,31,3,A_steiner,1726,4,266.58143637679876,5
yasu,31,4,A_steiner,1726,4,266.58143637679876,5
yasu,31,5,A_steiner,1726,4,266.58143637679876,5
yasu,31,6,A_steiner,1726,4,266.58143637679876,5
yasu,31,7,A_steiner,1726,4,266.58143637679876,5
yasu,31,8,A_steiner,1726,4,266.58143637679876,5
yasu,31,9,A_steiner,1726,4,266.58143637679876,5
yasu,31,10,A_steiner,1726,4,266.58143637679876,5
yasu,31,11,A_steiner,1726,4,266.58143637679876,5
yasu,31,12,B_incremental,1726,4,266.58143637679876,5
yasu,31,13,B_incremental,1726,4,266.58143637679876,5
yasu,31,14,B_incremental,1726,4,266.58143637679876,5
yasu,31,15,B_incremental,1726,4,266.58143637679876,5
yasu,31,16,B_incremental,1726,4,266.58143637679876,5
yasu,31,17,B_incremental,1726,4,266.58143637679876,5
yasu,31,18,B_incremental,1726,4,266.58143637679876,5
yasu,31,19,B_incremental,1726,4,266.58143637679876,5
yasu,31,20,B_incremental,1726,4,266.58143637679876,5
yasu,31,21,B_incremental,1726,4,266.58143637679876,5
yasu,31,22,B_incremental,1726,4,266.58143637679876,5
yasu,31,23,B_incremental,1726,4,266.58143637679876,5
yasu,32,0,A_steiner,1830,12,1375.7918527657375,5
yasu,32,1,A_steiner,1830,12,1375.7918527657375,5
yasu,32,2,A_steiner,1830,12,1375.7918527657375,5
yasu,32,3,A_steiner,1830,12,1375.7918527657375,5
yasu,32,4,A_steiner,1830,12,1375.7918527657375,5
yasu,32,5,A_steiner,1830,12,1375.7918527657375,5
yasu,32,6,A_steiner,1830,12,1375.7918527657375,5
yasu,32,7,A_steiner,1830,12,1375.7918527657375,5
yasu,32,8,A_steiner,1830,12,1375.7918527657375,5
yasu,32,9,A_steiner,1830,12,1375.7918527657375,5
yasu,32,10,A_steiner,1830,12,1375.7918527657375,5
yasu,32,11,A_steiner,1830,12,1375.7918527657375,5
yasu,32,12,B_incremental,1830,12,1375.7918527657375,5
yasu,32,13,B_incremental,1830,12,1375.7918527657375,5
yasu,32,14,B_incremental,1830,12,1375.7918527657375,5
yasu,32,15,B_incremental,1830,12,1375.7918527657375,5
yasu,32,16,B_incremental,1830,12,1375.7918527657375,5
yasu,32,17,B_incremental,1830,12,1375.7918527657375,5
yasu,32,18,B_incremental,1830,12,1375.7918527657375,5
yasu,32,19,B_incremental,1830,12,1375.7918527657375,5
yasu,32,20,B_incremental,1830,12,1375.7918527657375,5
yasu,32,21,B_incremental,1830,12,1375.7918527657375,5
yasu,32,22,B_incremental,1830,12,1375.7918527657375,5
yasu,32,23,B_incremental,1830,12,1375.7918527657375,5
yasu,33,0,A_steiner,1433,4,101.11810908361193,5
yasu,33,1,A_steiner,1433,4,101.11810908361193,5
yasu,33,2,A_steiner,1433,4,101.11810908361193,5
yasu,33,3,A_steiner,1433,4,101.11810908361193,5
yasu,33,4,A_steiner,1433,4,101.11810908361193,5
yasu,33,5,A_steiner,1433,4,101.11810908361193,5
yasu,33,6,A_steiner,1433,4,101.11810908361193,5
yasu,33,7,A_steiner,1433,4,101.11810908361193,5
yasu,33,8,A_steiner,1433,4,101.11810908361193,5
yasu,33,9,A_steiner,1433,4,101.11810908361193,5
yasu,33,10,A_steiner,1433,4,101.11810908361193,5
yasu,33,11,A_steiner,1433,4,101.11810908361193,5
yasu,33,12,B_incremental,1433,4,101.11810908361193,5
yasu,33,13,B_incremental,1433,4,101.11810908361193,5
yasu,33,14,B_incremental,1433,4,101.11810908361193,5
yasu,33,15,B_incremental,1433,4,101.11810908361193,5
yasu,33,16,B_incremental,1433,4,101.11810908361193,5
yasu,33,17,B_incremental,1433,4,101.11810908361193,5
yasu,33,18,B_incremental,1433,4,101.11810908361193,5
yasu,33,19,B_incremental,1433,4,101.11810908361193,5
yasu,33,20,B_incremental,1433,4,101.11810908361193,5
yasu,33,21,B_incremental,1433,4,101.11810908361193,5
yasu,33,22,B_incremental,1433,4,101.11810908361193,5
yasu,33,23,B_incremental,1433,4,101.11810908361193,5
yasu,34,0,A_steiner,1922,9,520.6503336017065,9
yasu,34,1,A_steiner,1922,9,520.6503336017065,9
yasu,34,2,A_steiner,1922,9,520.6503336017065,9
yasu,34,3,A_steiner,1922,9,520.6503336017065,9
yasu,34,4,A_steiner,1922,9,520.6503336017065,9
yasu,34,5,A_steiner,1922,9,520.6503336017065,9
yasu,34,6,A_steiner,1922,9,520.6503336017065,9
yasu,34,7,A_steiner,1922,9,520.6503336017065,9
yasu,34,8,A_steiner,1922,9,520.6503336017065,9
yasu,34,9,A_steiner,1922,9,520.6503336017065,9
yasu,34,10,A_steiner,1922,9,520.6503336017065,9
yasu,34,11,A_steiner,1922,9,520.6503336017065,9
yasu,34,12,B_incremental,1922,9,520.6503336017065,9
yasu,34,13,B_incremental,1922,9,520.6503336017065,9
yasu,34,14,B_incremental,1922,9,520.6503336017065,9
yasu,34,15,B_incremental,1922,9,520.6503336017065,9
yasu,34,16,B_incremental,1922,9,520.6503336017065,9
yasu,34,17,B_incremental,1922,9,520.6503336017065,9
yasu,34,18,B_incremental,1922,9,520.6503336017065,9
yasu,34,19,B_incremental,1922,9,520.6503336017065,9
yasu,34,20,B_incremental,1922,9,520.6503336017065,9
yasu,34,21,B_incremental,1922,9,520.6503336017065,9
yasu,34,22,B_incremental,1922,9,520.6503336017065,9
yasu,34,23,B_incremental,1922,9,520.6503336017065,9
yasu,35,0,A_steiner,259,3,253.8669247478329,4
yasu,35,1,A_steiner,259,3,253.8669247478329,4
yasu,35,2,A_steiner,259,3,253.8669247478329,4
yasu,35,3,A_steiner,259,3,253.8669247478329,4
yasu,35,4,A_steiner,259,3,253.8669247478329,4
yasu,35,5,A_steiner,259,3,253.8669247478329,4
yasu,35,6,A_steiner,259,3,253.8669247478329,4
yasu,35,7,A_steiner,259,3,253.8669247478329,4
yasu,35,8,A_steiner,259,3,253.8669247478329,4
yasu,35,9,A_steiner,259,3,253.8669247478329,4
yasu,35,10,A_steiner,259,3,253.8669247478329,4
yasu,35,11,A_steiner,259,3,253.8669247478329,4
yasu,35,12,B_incremental,259,3,253.8669247478329,4
yasu,35,13,B_incremental,259,3,253.8669247478329,4
yasu,35,14,B_incremental,259,3,253.8669247478329,4
yasu,35,15,B_incremental,259,3,253.8669247478329,4
yasu,35,16,B_incremental,259,3,253.8669247478329,4
yasu,35,17,B_incremental,259,3,253.8669247478329,4
yasu,35,18,B_incremental,259,3,253.8669247478329,4
yasu,35,19,B_incremental,259,3,253.8669247478329,4
yasu,35,20,B_incremental,259,3,253.8669247478329,4
yasu,35,21,B_incremental,259,3,253.8669247478329,4
yasu,35,22,B_incremental,259,3,253.8669247478329,4
yasu,35,23,B_incremental,259,3,253.8669247478329,4
yasu,36,0,A_steiner,1600,8,245.883393294443,9
yasu,36,1,A_steiner,1600,8,245.883393294443,9
yasu,36,2,A_steiner,1600,8,245.883393294443,9
yasu,36,3,A_steiner,1600,8,245.883393294443,9
yasu,36,4,A_steiner,1600,8,245.883393294443,9
yasu,36,5,A_steiner,1600,8,245.883393294443,9
yasu,36,6,A_steiner,1600,8,245.883393294443,9
yasu,36,7,A_steiner,1600,8,245.883393294443,9
yasu,36,8,A_steiner,1600,8,245.883393294443,9
yasu,36,9,A_steiner,1600,8,245.883393294443,9
yasu,36,10,A_steiner,1600,8,245.883393294443,9
yasu,36,11,A_steiner,1600,8,245.883393294443,9
yasu,36,12,B_incremental,1600,8,245.883393294443,9
yasu,36,13,B_incremental,1600,8,245.883393294443,9
yasu,36,14,B_incremental,1600,8,245.883393294443,9
yasu,36,15,B_incremental,1600,8,245.883393294443,9
yasu,36,16,B_incremental,1600,8,245.883393294443,9
yasu,36,17,B_incremental,1600,8,245.883393294443,9
yasu,36,18,B_incremental,1600,8,245.883393294443,9
yasu,36,19,B_incremental,1600,8,245.883393294443,9
yasu,36,20,B_incremental,1600,8,245.883393294443,9
yasu,36,21,B_incremental,1600,8,245.883393294443,9
yasu,36,22,B_incremental,1600,8,245.883393294443,9
yasu,36,23,B_incremental,1600,8,245.883393294443,9
yasu,37,0,A_steiner,352,2,187.44792790112012,3
yasu,37,1,A_steiner,352,2,187.44792790112012,3
yasu,37,2,A_steiner,352,2,187.44792790112012,3
yasu,37,3,A_steiner,352,2,187.44792790112012,3
yasu,37,4,A_steiner,352,2,187.44792790112012,3
yasu,37,5,A_steiner,352,2,187.44792790112012,3
yasu,37,6,A_steiner,352,2,187.44792790112012,3
yasu,37,7,A_steiner,352,2,187.44792790112012,3
yasu,37,8,A_steiner,352,2,187.44792790112012,3
yasu,37,9,A_steiner,352,2,187.44792790112012,3
yasu,37,10,A_steiner,352,2,187.44792790112012,3
yasu,37,11,A_steiner,352,2,187.44792790112012,3
yasu,37,12,B_incremental,352,2,187.44792790112012,3
yasu,37,13,B_incremental,352,2,187.44792790112012,3
yasu,37,14,B_incremental,352,2,187.44792790112012,3
yasu,37,15,B_incremental,352,2,187.44792790112012,3
yasu,37,16,B_incremental,352,2,187.44792790112012,3
yasu,37,17,B_incremental,352,2,187.44792790112012,3
yasu,37,18,B_incremental,352,2,187.44792790112012,3
yasu,37,19,B_incremental,352,2,187.44792790112012,3
yasu,37,20,B_incremental,352,2,187.44792790112012,3
yasu,37,21,B_incremental,352,2,187.44792790112012,3
yasu,37,22,B_incremental,352,2,187.44792790112012,3
yasu,37,23,B_incremental,352,2,187.44792790112012,3
yasu,38,0,A_steiner,1709,8,669.9488435011873,4
yasu,38,1,A_steiner,1709,8,669.9488435011873,4
yasu,38,2,A_steiner,1709,8,669.9488435011873,4
yasu,38,3,A_steiner,1709,8,669.9488435011873,4
yasu,38,4,A_steiner,1709,8,669.9488435011873,4
yasu,38,5,A_steiner,1709,8,669.9488435011873,4
yasu,38,6,A_steiner,1709,8,669.9488435011873,4
yasu,38,7,A_steiner,1709,8,669.9488435011873,4
yasu,38,8,A_steiner,1709,8,669.9488435011873,4
yasu,38,9,A_steiner,1709,8,669.9488435011873,4
yasu,38,10,A_steiner,1709,8,669.9488435011873,4
yasu,38,11,A_steiner,1709,8,669.9488435011873,4
yasu,38,12,B_incremental,1709,8,669.9488435011873,4
yasu,38,13,B_incremental,1709,8,669.9488435011873,4
yasu,38,14,B_incremental,1709,8,669.9488435011873,4
yasu,38,15,B_incremental,1709,8,669.9488435011873,4
yasu,38,16,B_incremental,1709,7,573.668485539703,4
yasu,38,17,B_incremental,1709,7,573.668485539703,4
yasu,38,18,B_incremental,1709,8,669.9488435011873,4
yasu,38,19,B_incremental,1709,8,669.9488435011873,4
yasu,38,20,B_incremental,1709,8,669.9488435011873,4
yasu,38,21,B_incremental,1709,7,573.668485539703,4
yasu,38,22,B_incremental,1709,8,669.9488435011873,4
yasu,38,23,B_incremental,1709,7,573.668485539703,4
yasu,39,0,A_steiner,1753,1,100.87300748389193,2
yasu,39,1,A_steiner,1753,1,100.87300748389193,2
yasu,39,2,A_steiner,1753,1,100.87300748389193,2
yasu,39,3,A_steiner,1753,1,100.87300748389193,2
yasu,39,4,A_steiner,1753,1,100.87300748389193,2
yasu,39,5,A_steiner,1753,1,100.87300748389193,2
yasu,39,6,A_steiner,1753,1,100.87300748389193,2
yasu,39,7,A_steiner,1753,1,100.87300748389193,2
yasu,39,8,A_steiner,1753,1,100.87300748389193,2
yasu,39,9,A_steiner,1753,1,100.87300748389193,2
yasu,39,10,A_steiner,1753,1,100.87300748389193,2
yasu,39,11,A_steiner,1753,1,100.87300748389193,2
yasu,39,12,B_incremental,1753,1,100.87300748389193,2
yasu,39,13,B_incremental,1753,1,100.87300748389193,2
yasu,39,14,B_incremental,1753,1,100.87300748389193,2
yasu,39,15,B_incremental,1753,1,100.87300748389193,2
yasu,39,16,B_incremental,1753,1,100.87300748389193,2
yasu,39,17,B_incremental,1753,1,100.87300748389193,2
yasu,39,18,B_incremental,1753,1,100.87300748389193,2
yasu,39,19,B_incremental,1753,1,100.87300748389193,2
yasu,39,20,B_incremental,1753,1,100.87300748389193,2
yasu,39,21,B_incremental,1753,1,100.87300748389193,2
yasu,39,22,B_incremental,1753,1,100.87300748389193,2
yasu,39,23,B_incremental,1753,1,100.87300748389193,2
yasu,40,0,A_steiner,2526,4,326.384678527601,4
yasu,40,1,A_steiner,2526,4,326.384678527601,4
yasu,40,2,A_steiner,2526,4,326.384678527601,4
yasu,40,3,A_steiner,2526,4,326.384678527601,4
yasu,40,4,A_steiner,2526,4,326.384678527601,4
yasu,40,5,A_steiner,2526,4,326.384678527601,4
yasu,40,6,A_steiner,2526,4,326.384678527601,4
yasu,40,7,A_steiner,2526,4,326.384678527601,4
yasu,40,8,A_steiner,2526,4,326.384678527601,4
yasu,40,9,A_steiner,2526,4,326.384678527601,4
yasu,40,10,A_steiner,2526,4,326.384678527601,4
yasu,40,11,A_steiner,2526,4,326.384678527601,4
yasu,40,12,B_incremental,2526,4,326.384678527601,4
yasu,40,13,B_incremental,2526,4,326.384678527601,4
yasu,40,14,B_incremental,2526,4,326.384678527601,4
yasu,40,15,B_incremental,2526,4,326.384678527601,4
yasu,40,16,B_incremental,2526,4,326.384678527601,4
yasu,40,17,B_incremental,2526,4,326.384678527601,4
yasu,40,18,B_incremental,2526,4,326.384678527601,4
yasu,40,19,B_incremental,2526,4,326.384678527601,4
yasu,40,20,B_incremental,2526,4,326.384678527601,4
yasu,40,21,B_incremental,2526,4,326.384678527601,4
yasu,40,22,B_incremental,2526,4,326.384678527601,4
yasu,40,23,B_incremental,2526,4,326.384678527601,4
yasu,41,0,A_steiner,523,5,252.32856900034648,6
yasu,41,1,A_steiner,523,5,252.32856900034648,6
yasu,41,2,A_steiner,523,5,252.32856900034648,6
yasu,41,3,A_steiner,523,5,252.32856900034648,6
yasu,41,4,A_steiner,523,5,252.32856900034648,6
yasu,41,5,A_steiner,523,5,252.32856900034648,6
yasu,41,6,A_steiner,523,5,252.32856900034648,6
yasu,41,7,A_steiner,523,5,252.32856900034648,6
yasu,41,8,A_steiner,523,5,252.32856900034648,6
yasu,41,9,A_steiner,523,5,252.32856900034648,6
yasu,41,10,A_steiner,523,5,252.32856900034648,6
yasu,41,11,A_steiner,523,5,252.32856900034648,6
yasu,41,12,B_incremental,523,5,252.32856900034648,6
yasu,41,13,B_incremental,523,5,252.32856900034648,6
yasu,41,14,B_incremental,523,5,252.32856900034648,6
yasu,41,15,B_incremental,523,5,252.32856900034648,6
yasu,41,16,B_incremental,523,5,252.32856900034648,6
yasu,41,17,B_incremental,523,5,252.32856900034648,6
yasu,41,18,B_incremental,523,5,252.32856900034648,6
yasu,41,19,B_incremental,523,5,252.32856900034648,6
yasu,41,20,B_incremental,523,5,252.32856900034648,6
yasu,41,21,B_incremental,523,5,252.32856900034648,6
yasu,41,22,B_incremental,523,5,252.32856900034648,6
yasu,41,23,B_incremental,523,5,252.32856900034648,6
yasu,42,0,A_steiner,2119,2,37.05359173384322,3
yasu,42,1,A_steiner,2119,2,37.05359173384322,3
yasu,42,2,A_steiner,2119,2,37.05359173384322,3
yasu,42,3,A_steiner,2119,2,37.05359173384322,3
yasu,42,4,A_steiner,2119,2,37.05359173384322,3
yasu,42,5,A_steiner,2119,2,37.05359173384322,3
yasu,42,6,A_steiner,2119,2,37.05359173384322,3
yasu,42,7,A_steiner,2119,2,37.05359173384322,3
yasu,42,8,A_steiner,2119,2,37.05359173384322,3
yasu,42,9,A_steiner,2119,2,37.05359173384322,3
yasu,42,10,A_steiner,2119,2,37.05359173384322,3
yasu,42,11,A_steiner,2119,2,37.05359173384322,3
yasu,42,12,B_incremental,2119,2,37.05359173384322,3
yasu,42,13,B_incremental,2119,2,37.05359173384322,3
yasu,42,14,B_incremental,2119,2,37.05359173384322,3
yasu,42,15,B_incremental,2119,2,37.05359173384322,3
yasu,42,16,B_incremental,2119,2,37.05359173384322,3
yasu,42,17,B_incremental,2119,2,37.05359173384322,3
yasu,42,18,B_incremental,2119,2,37.05359173384322,3
yasu,42,19,B_incremental,2119,2,37.05359173384322,3
yasu,42,20,B_incremental,2119,2,37.05359173384322,3
yasu,42,21,B_incremental,2119,2,37.05359173384322,3
yasu,42,22,B_incremental,2119,2,37.05359173384322,3
yasu,42,23,B_incremental,2119,2,37.05359173384322,3
yasu,43,0,A_steiner,480,1,312.35642614304965,2
yasu,43,1,A_steiner,480,1,312.35642614304965,2
yasu,43,2,A_steiner,480,1,312.35642614304965,2
yasu,43,3,A_steiner,480,1,312.35642614304965,2
yasu,43,4,A_steiner,480,1,312.35642614304965,2
yasu,43,5,A_steiner,480,1,312.35642614304965,2
yasu,43,6,A_steiner,480,1,312.35642614304965,2
yasu,43,7,A_steiner,480,1,312.35642614304965,2
yasu,43,8,A_steiner,480,1,312.35642614304965,2
yasu,43,9,A_steiner,480,1,312.35642614304965,2
yasu,43,10,A_steiner,480,1,312.35642614304965,2
yasu,43,11,A_steiner,480,1,312.35642614304965,2
yasu,43,12,B_incremental,480,1,312.35642614304965,2
yasu,43,13,B_incremental,480,1,312.35642614304965,2
yasu,43,14,B_incremental,480,1,312.35642614304965,2
yasu,43,15,B_incremental,480,1,312.35642614304965,2
yasu,43,16,B_incremental,480,1,312.35642614304965,2
yasu,43,17,B_incremental,480,1,312.35642614304965,2
yasu,43,18,B_incremental,480,1,312.35642614304965,2
yasu,43,19,B_incremental,480,1,312.35642614304965,2
yasu,43,20,B_incremental,480,1,312.35642614304965,2
yasu,43,21,B_incremental,480,1,312.35642614304965,2
yasu,43,22,B_incremental,480,1,312.35642614304965,2
yasu,43,23,B_incremental,480,1,312.35642614304965,2
yasu,44,0,A_steiner,1698,9,285.51126053515634,7
yasu,44,1,A_steiner,1698,9,285.51126053515634,7
yasu,44,2,A_steiner,1698,9,285.51126053515634,7
yasu,44,3,A_steiner,1698,9,285.51126053515634,7
yasu,44,4,A_steiner,1698,9,285.51126053515634,7
yasu,44,5,A_steiner,1698,9,285.51126053515634,7
yasu,44,6,A_steiner,1698,9,285.51126053515634,7
yasu,44,7,A_steiner,1698,9,285.51126053515634,7
yasu,44,8,A_steiner,1698,9,285.51126053515634,7
yasu,44,9,A_steiner,1698,9,285.51126053515634,7
yasu,44,10,A_steiner,1698,9,285.51126053515634,7
yasu,44,11,A_steiner,1698,9,285.51126053515634,7
yasu,44,12,B_incremental,1698,9,285.51126053515634,7
yasu,44,13,B_incremental,1698,9,285.51126053515634,7
yasu,44,14,B_incremental,1698,9,285.51126053515634,7
yasu,44,15,B_incremental,1698,9,285.51126053515634,7
yasu,44,16,B_incremental,1698,9,285.51126053515634,7
yasu,44,17,B_incremental,1698,9,316.73129918821724,7
yasu,44,18,B_incremental,1698,9,316.73129918821724,7
yasu,44,19,B_incremental,1698,9,285.51126053515634,7
yasu,44,20,B_incremental,1698,9,285.51126053515634,7
yasu,44,21,B_incremental,1698,9,316.73129918821724,7
yasu,44,22,B_incremental,1698,9,285.51126053515634,7
yasu,44,23,B_incremental,1698,9,285.51126053515634,7
yasu,45,0,A_steiner,219,5,285.6386239041303,6
yasu,45,1,A_steiner,219,5,285.6386239041303,6
yasu,45,2,A_steiner,219,5,285.6386239041303,6
yasu,45,3,A_steiner,219,5,285.6386239041303,6
yasu,45,4,A_steiner,219,5,285.6386239041303,6
yasu,45,5,A_steiner,219,5,285.6386239041303,6
yasu,45,6,A_steiner,219,5,285.6386239041303,6
yasu,45,7,A_steiner,219,5,285.6386239041303,6
yasu,45,8,A_steiner,219,5,285.6386239041303,6
yasu,45,9,A_steiner,219,5,285.6386239041303,6
yasu,45,10,A_steiner,219,5,285.6386239041303,6
yasu,45,11,A_steiner,219,5,285.6386239041303,6
yasu,45,12,B_incremental,219,5,285.6386239041303,6
yasu,45,13,B_incremental,219,5,285.6386239041303,6
yasu,45,14,B_incremental,219,5,285.6386239041303,6
yasu,45,15,B_incremental,219,5,285.6386239041303,6
yasu,45,16,B_incremental,219,5,285.6386239041303,6
yasu,45,17,B_incremental,219,5,285.6386239041303,6
yasu,45,18,B_incremental,219,5,285.6386239041303,6
yasu,45,19,B_incremental,219,5,285.6386239041303,6
yasu,45,20,B_incremental,219,5,285.6386239041303,6
yasu,45,21,B_incremental,219,5,285.6386239041303,6
yasu,45,22,B_incremental,219,5,285.6386239041303,6
yasu,45,23,B_incremental,219,5,285.6386239041303,6
yasu,46,0,A_steiner,1728,9,357.4590423133737,10
yasu,46,1,A_steiner,1728,9,358.3981004456056,10
yasu,46,2,A_steiner,1728,9,358.3981004456056,10
yasu,46,3,A_steiner,1728,9,358.3981004456056,10
yasu,46,4,A_steiner,1728,9,358.3981004456056,10
yasu,46,5,A_steiner,1728,9,359.36752861633033,10
yasu,46,6,A_steiner,1728,9,357.4590423133737,10
yasu,46,7,A_steiner,1728,9,357.4590423133737,10
yasu,46,8,A_steiner,1728,9,357.4590423133737,10
yasu,46,9,A_steiner,1728,9,357.4241382813522,10
yasu,46,10,A_steiner,1728,9,358.3981004456056,10
yasu,46,11,A_steiner,1728,9,357.4590423133737,10
yasu,46,12,B_incremental,1728,9,357.4241382813522,10
yasu,46,13,B_incremental,1728,9,358.3981004456056,10
yasu,46,14,B_incremental,1728,9,358.3981004456056,10
yasu,46,15,B_incremental,1728,9,357.4241382813522,10
yasu,46,16,B_incremental,1728,9,358.3981004456056,10
yasu,46,17,B_incremental,1728,9,357.4241382813522,10
yasu,46,18,B_incremental,1728,9,357.4241382813522,10
yasu,46,19,B_incremental,1728,9,364.51058321014415,10
yasu,46,20,B_incremental,1728,9,357.4241382813522,10
yasu,46,21,B_incremental,1728,9,359.36752861633033,10
yasu,46,22,B_incremental,1728,9,359.36752861633033,10
yasu,46,23,B_incremental,1728,9,358.3981004456056,10
yasu,47,0,A_steiner,1607,11,289.0843431853243,12
yasu,47,1,A_steiner,1607,11,289.0843431853243,12
yasu,47,2,A_steiner,1607,11,289.0843431853243,12
yasu,47,3,A_steiner,1607,11,289.0843431853243,12
yasu,47,4,A_steiner,1607,11,289.0843431853243,12
yasu,47,5,A_steiner,1607,11,289.0843431853243,12
yasu,47,6,A_steiner,1607,11,289.0843431853243,12
yasu,47,7,A_steiner,1607,11,289.0843431853243,12
yasu,47,8,A_steiner,1607,11,289.0843431853243,12
yasu,47,9,A_steiner,1607,11,289.0843431853243,12
yasu,47,10,A_steiner,1607,11,289.0843431853243,12
yasu,47,11,A_steiner,1607,11,289.0843431853243,12
yasu,47,12,B_incremental,1607,11,322.15442659175426,12
yasu,47,13,B_incremental,1607,11,289.0843431853243,12
yasu,47,14,B_incremental,1607,11,316.0710530898575,12
yasu,47,15,B_incremental,1607,11,316.0710530898575,12
yasu,47,16,B_incremental,1607,11,316.0710530898575,12
yasu,47,17,B_incremental,1607,11,333.82182575117866,12
yasu,47,18,B_incremental,1607,11,327.81199754187895,12
yasu,47,19,B_incremental,1607,11,332.4902453902312,12
yasu,47,20,B_incremental,1607,11,302.79408521727646,12
yasu,47,21,B_incremental,1607,11,327.81199754187895,12
yasu,47,22,B_incremental,1607,11,302.79408521727646,12
yasu,47,23,B_incremental,1607,11,289.0843431853243,12
yasu,48,0,A_steiner,515,3,87.79948070012455,4
yasu,48,1,A_steiner,515,3,87.79948070012455,4
yasu,48,2,A_steiner,515,3,87.79948070012455,4
yasu,48,3,A_steiner,515,3,87.79948070012455,4
yasu,48,4,A_steiner,515,3,87.79948070012455,4
yasu,48,5,A_steiner,515,3,87.79948070012455,4
yasu,48,6,A_steiner,515,3,87.79948070012455,4
yasu,48,7,A_steiner,515,3,87.79948070012455,4
yasu,48,8,A_steiner,515,3,87.79948070012455,4
yasu,48,9,A_steiner,515,3,87.79948070012455,4
yasu,48,10,A_steiner,515,3,87.79948070012455,4
yasu,48,11,A_steiner,515,3,87.79948070012455,4
yasu,48,12,B_incremental,515,3,87.79948070012455,4
yasu,48,13,B_incremental,515,3,87.79948070012455,4
yasu,48,14,B_incremental,515,3,87.79948070012455,4
yasu,48,15,B_incremental,515,3,87.79948070012455,4
yasu,48,16,B_incremental,515,3,87.79948070012455,4
yasu,48,17,B_incremental,515,3,87.79948070012455,4
yasu,48,18,B_incremental,515,3,87.79948070012455,4
yasu,48,19,B_incremental,515,3,87.79948070012455,4
yasu,48,20,B_incremental,515,3,87.79948070012455,4
yasu,48,21,B_incremental,515,3,87.79948070012455,4
yasu,48,22,B_incremental,515,3,87.79948070012455,4
yasu,48,23,B_incremental,515,3,87.79948070012455,4
yasu,49,0,A_steiner,495,6,221.07013560139538,7
yasu,49,1,A_steiner,495,6,221.07013560139538,7
yasu,49,2,A_steiner,495,6,221.07013560139538,7
yasu,49,3,A_steiner,495,6,221.07013560139538,7
yasu,49,4,A_steiner,495,6,221.07013560139538,7
yasu,49,5,A_steiner,495,6,221.07013560139538,7
yasu,49,6,A_steiner,495,6,221.07013560139538,7
yasu,49,7,A_steiner,495,6,221.07013560139538,7
yasu,49,8,A_steiner,495,6,221.07013560139538,7
yasu,49,9,A_steiner,495,6,221.07013560139538,7
yasu,49,10,A_steiner,495,6,221.07013560139538,7
yasu,49,11,A_steiner,495,6,221.07013560139538,7
yasu,49,12,B_incremental,495,6,221.07013560139538,7
yasu,49,13,B_incremental,495,6,221.07013560139538,7
yasu,49,14,B_incremental,495,6,221.07013560139538,7
yasu,49,15,B_incremental,495,6,221.07013560139538,7
yasu,49,16,B_incremental,495,6,221.07013560139538,7
yasu,49,17,B_incremental,495,6,221.07013560139538,7
yasu,49,18,B_incremental,495,6,221.07013560139538,7
yasu,49,19,B_incremental,495,6,221.07013560139538,7
yasu,49,20,B_incremental,495,6,221.07013560139538,7
yasu,49,21,B_incremental,495,6,221.07013560139538,7
yasu,49,22,B_incremental,495,6,221.07013560139538,7
yasu,49,23,B_incremental,495,6,221.07013560139538,7
yasu,50,0,A_steiner,1649,6,238.15870773693314,7
yasu,50,1,A_steiner,1649,6,238.15870773693314,7
yasu,50,2,A_steiner,1649,6,238.15870773693314,7
yasu,50,3,A_steiner,1649,6,238.15870773693314,7
yasu,50,4,A_steiner,1649,6,238.15870773693314,7
yasu,50,5,A_steiner,1649,6,238.15870773693314,7
yasu,50,6,A_steiner,1649,6,238.15870773693314,7
yasu,50,7,A_steiner,1649,6,238.15870773693314,7
yasu,50,8,A_steiner,1649,6,238.15870773693314,7
yasu,50,9,A_steiner,1649,6,238.15870773693314,7
yasu,50,10,A_steiner,1649,6,238.15870773693314,7
yasu,50,11,A_steiner,1649,6,238.15870773693314,7
yasu,50,12,B_incremental,1649,6,238.15870773693314,7
yasu,50,13,B_incremental,1649,6,238.15870773693314,7
yasu,50,14,B_incremental,1649,6,238.15870773693314,7
yasu,50,15,B_incremental,1649,6,238.15870773693314,7
yasu,50,16,B_incremental,1649,6,238.15870773693314,7
yasu,50,17,B_incremental,1649,6,238.15870773693314,7
yasu,50,18,B_incremental,1649,6,238.15870773693314,7
yasu,50,19,B_incremental,1649,6,238.15870773693314,7
yasu,50,20,B_incremental,1649,6,238.15870773693314,7
yasu,50,21,B_incremental,1649,6,238.15870773693314,7
yasu,50,22,B_incremental,1649,6,238.15870773693314,7
yasu,50,23,B_incremental,1649,6,238.15870773693314,7
yasu,51,0,A_steiner,1845,8,265.5930453593745,9
yasu,51,1,A_steiner,1845,8,265.5930453593745,9
yasu,51,2,A_steiner,1845,8,265.5930453593745,9
yasu,51,3,A_steiner,1845,8,265.5930453593745,9
yasu,51,4,A_steiner,1845,8,265.5930453593745,9
yasu,51,5,A_steiner,1845,8,265.5930453593745,9
yasu,51,6,A_steiner,1845,8,265.5930453593745,9
yasu,51,7,A_steiner,1845,8,265.5930453593745,9
yasu,51,8,A_steiner,1845,8,265.5930453593745,9
yasu,51,9,A_steiner,1845,8,265.5930453593745,9
yasu,51,10,A_steiner,1845,8,265.5930453593745,9
yasu,51,11,A_steiner,1845,8,265.5930453593745,9
yasu,51,12,B_incremental,1845,8,265.5930453593745,9
yasu,51,13,B_incremental,1845,8,265.5930453593745,9
yasu,51,14,B_incremental,1845,8,265.5930453593745,9
yasu,51,15,B_incremental,1845,8,265.5930453593745,9
yasu,51,16,B_incremental,1845,8,265.5930453593745,9
yasu,51,17,B_incremental,1845,8,265.5930453593745,9
yasu,51,18,B_incremental,1845,8,265.5930453593745,9
yasu,51,19,B_incremental,1845,8,265.5930453593745,9
yasu,51,20,B_incremental,1845,8,265.5930453593745,9
yasu,51,21,B_incremental,1845,8,265.5930453593745,9
yasu,51,22,B_incremental,1845,8,265.5930453593745,9
yasu,51,23,B_incremental,1845,8,265.5930453593745,9
yasu,52,0,A_steiner,1440,10,565.1629863519605,6
yasu,52,1,A_steiner,1440,10,565.1629863519605,6
yasu,52,2,A_steiner,1440,10,565.1629863519605,6
yasu,52,3,A_steiner,1440,10,565.1629863519605,6
yasu,52,4,A_steiner,1440,10,565.1629863519605,6
yasu,52,5,A_steiner,1440,10,565.1629863519605,6
yasu,52,6,A_steiner,1440,10,565.1629863519605,6
yasu,52,7,A_steiner,1440,10,565.1629863519605,6
yasu,52,8,A_steiner,1440,10,565.1629863519605,6
yasu,52,9,A_steiner,1440,10,565.1629863519605,6
yasu,52,10,A_steiner,1440,10,565.1629863519605,6
yasu,52,11,A_steiner,1440,10,565.1629863519605,6
yasu,52,12,B_incremental,1440,10,565.1629863519605,6
yasu,52,13,B_incremental,1440,10,565.1629863519605,6
yasu,52,14,B_incremental,1440,10,565.1629863519605,6
yasu,52,15,B_incremental,1440,10,565.1629863519605,6
yasu,52,16,B_incremental,1440,10,565.1629863519605,6
yasu,52,17,B_incremental,1440,10,565.1629863519605,6
yasu,52,18,B_incremental,1440,10,565.1629863519605,6
yasu,52,19,B_incremental,1440,10,565.1629863519605,6
yasu,52,20,B_incremental,1440,10,565.1629863519605,6
yasu,52,21,B_incremental,1440,10,565.1629863519605,6
yasu,52,22,B_incremental,1440,10,565.1629863519605,6
yasu,52,23,B_incremental,1440,10,565.1629863519605,6
yasu,53,0,A_steiner,1951,6,313.20659078971664,7
yasu,53,1,A_steiner,1951,6,313.20659078971664,7
yasu,53,2,A_steiner,1951,6,313.20659078971664,7
yasu,53,3,A_steiner,1951,6,313.20659078971664,7
yasu,53,4,A_steiner,1951,6,313.20659078971664,7
yasu,53,5,A_steiner,1951,6,313.20659078971664,7
yasu,53,6,A_steiner,1951,6,313.20659078971664,7
yasu,53,7,A_steiner,1951,6,313.20659078971664,7
yasu,53,8,A_steiner,1951,6,313.20659078971664,7
yasu,53,9,A_steiner,1951,6,313.20659078971664,7
yasu,53,10,A_steiner,1951,6,313.20659078971664,7
yasu,53,11,A_steiner,1951,6,313.20659078971664,7
yasu,53,12,B_incremental,1951,6,313.20659078971664,7
yasu,53,13,B_incremental,1951,6,313.20659078971664,7
yasu,53,14,B_incremental,1951,6,313.20659078971664,7
yasu,53,15,B_incremental,1951,6,313.20659078971664,7
yasu,53,16,B_incremental,1951,6,313.20659078971664,7
yasu,53,17,B_incremental,1951,6,313.20659078971664,7
yasu,53,18,B_incremental,1951,6,313.20659078971664,7
yasu,53,19,B_incremental,1951,6,313.20659078971664,7
yasu,53,20,B_incremental,1951,6,313.20659078971664,7
yasu,53,21,B_incremental,1951,6,313.20659078971664,7
yasu,53,22,B_incremental,1951,6,313.20659078971664,7
yasu,53,23,B_incremental,1951,6,313.20659078971664,7
yasu,54,0,A_steiner,550,6,234.22654170198354,7
yasu,54,1,A_steiner,550,6,234.22654170198354,7
yasu,54,2,A_steiner,550,6,234.22654170198354,7
yasu,54,3,A_steiner,550,6,234.22654170198354,7
yasu,54,4,A_steiner,550,6,234.22654170198354,7
yasu,54,5,A_steiner,550,6,234.22654170198354,7
yasu,54,6,A_steiner,550,6,234.22654170198354,7
yasu,54,7,A_steiner,550,6,234.22654170198354,7
yasu,54,8,A_steiner,550,6,234.22654170198354,7
yasu,54,9,A_steiner,550,6,234.22654170198354,7
yasu,54,10,A_steiner,550,6,234.22654170198354,7
yasu,54,11,A_steiner,550,6,234.22654170198354,7
yasu,54,12,B_incremental,550,6,234.22654170198354,7
yasu,54,13,B_incremental,550,6,234.22654170198354,7
yasu,54,14,B_incremental,550,6,234.22654170198354,7
yasu,54,15,B_incremental,550,6,234.22654170198354,7
yasu,54,16,B_incremental,550,6,234.22654170198354,7
yasu,54,17,B_incremental,550,6,234.22654170198354,7
yasu,54,18,B_incremental,550,6,234.22654170198354,7
yasu,54,19,B_incremental,550,6,234.22654170198354,7
yasu,54,20,B_incremental,550,6,234.22654170198354,7
yasu,54,21,B_incremental,550,6,234.22654170198354,7
yasu,54,22,B_incremental,550,6,234.22654170198354,7
yasu,54,23,B_incremental,550,6,234.22654170198354,7
yasu,55,0,A_steiner,282,0,0.0,1
yasu,55,1,A_steiner,282,0,0.0,1
yasu,55,2,A_steiner,282,0,0.0,1
yasu,55,3,A_steiner,282,0,0.0,1
yasu,55,4,A_steiner,282,0,0.0,1
yasu,55,5,A_steiner,282,0,0.0,1
yasu,55,6,A_steiner,282,0,0.0,1
yasu,55,7,A_steiner,282,0,0.0,1
yasu,55,8,A_steiner,282,0,0.0,1
yasu,55,9,A_steiner,282,0,0.0,1
yasu,55,10,A_steiner,282,0,0.0,1
yasu,55,11,A_steiner,282,0,0.0,1
yasu,55,12,B_incremental,282,0,0.0,1
yasu,55,13,B_incremental,282,0,0.0,1
yasu,55,14,B_incremental,282,0,0.0,1
yasu,55,15,B_incremental,282,0,0.0,1
yasu,55,16,B_incremental,282,0,0.0,1
yasu,55,17,B_incremental,282,0,0.0,1
yasu,55,18,B_incremental,282,0,0.0,1
yasu,55,19,B_incremental,282,0,0.0,1
yasu,55,20,B_incremental,282,0,0.0,1
yasu,55,21,B_incremental,282,0,0.0,1
yasu,55,22,B_incremental,282,0,0.0,1
yasu,55,23,B_incremental,282,0,0.0,1
yasu,56,0,A_steiner,2079,5,212.7673073067861,3
yasu,56,1,A_steiner,2079,5,212.7673073067861,3
yasu,56,2,A_steiner,2079,5,212.7673073067861,3
yasu,56,3,A_steiner,2079,5,212.7673073067861,3
yasu,56,4,A_steiner,2079,5,212.7673073067861,3
yasu,56,5,A_steiner,2079,5,212.7673073067861,3
yasu,56,6,A_steiner,2079,5,212.7673073067861,3
yasu,56,7,A_steiner,2079,5,212.7673073067861,3
yasu,56,8,A_steiner,2079,5,212.7673073067861,3
yasu,56,9,A_steiner,2079,5,212.7673073067861,3
yasu,56,10,A_steiner,2079,5,212.7673073067861,3
yasu,56,11,A_steiner,2079,5,212.7673073067861,3
yasu,56,12,B_incremental,2079,5,212.7673073067861,3
yasu,56,13,B_incremental,2079,5,212.7673073067861,3
yasu,56,14,B_incremental,2079,5,212.7673073067861,3
yasu,56,15,B_incremental,2079,5,212.7673073067861,3
yasu,56,16,B_incremental,2079,5,212.7673073067861,3
yasu,56,17,B_incremental,2079,5,212.7673073067861,3
yasu,56,18,B_incremental,2079,5,212.7673073067861,3
yasu,56,19,B_incremental,2079,5,212.7673073067861,3
yasu,56,20,B_incremental,2079,5,212.7673073067861,3
yasu,56,21,B_incremental,2079,5,212.7673073067861,3
yasu,56,22,B_incremental,2079,5,212.7673073067861,3
yasu,56,23,B_incremental,2079,5,212.7673073067861,3
