city,cluster,rep,family,src,edges,length_m,terminals,raw_kw
sano,0,0,A_steiner,1799.0,2,82.40410065436413,3,160.63683297476592
sano,0,1,A_steiner,1799.0,2,82.40410065436413,3,160.63683297476592
sano,0,2,A_steiner,1799.0,2,82.40410065436413,3,160.63683297476592
sano,0,3,A_steiner,1799.0,2,82.40410065436413,3,160.63683297476592
sano,0,4,A_steiner,1799.0,2,82.40410065436413,3,160.63683297476592
sano,0,5,A_steiner,1799.0,2,82.40410065436413,3,160.63683297476592
sano,0,6,B_incremental,1799.0,2,82.40410065436413,3,160.63683297476592
sano,0,7,B_incremental,1799.0,2,82.40410065436413,3,160.63683297476592
sano,0,8,B_incremental,1799.0,2,82.40410065436413,3,160.63683297476592
sano,0,9,B_incremental,1799.0,2,82.40410065436413,3,160.63683297476592
sano,0,10,B_incremental,1799.0,2,82.40410065436413,3,160.63683297476592
sano,0,11,B_incremental,1799.0,2,82.40410065436413,3,160.63683297476592
sano,5,0,A_steiner,5193.0,4,241.76197500859251,2,187.01384242305699
sano,5,1,A_steiner,5193.0,4,241.76197500859251,2,187.01384242305699
sano,5,2,A_steiner,5193.0,4,241.76197500859251,2,187.01384242305699
sano,5,3,A_steiner,5193.0,4,241.76197500859251,2,187.01384242305699
sano,5,4,A_steiner,5193.0,4,241.76197500859251,2,187.01384242305699
sano,5,5,A_steiner,5193.0,4,241.76197500859251,2,187.01384242305699
sano,5,6,B_incremental,5193.0,4,241.76197500859254,2,187.01384242305699
sano,5,7,B_incremental,5193.0,4,241.76197500859254,2,187.01384242305699
sano,5,8,B_incremental,5193.0,4,241.76197500859254,2,187.01384242305699
sano,5,9,B_incremental,5193.0,4,241.76197500859254,2,187.01384242305699
sano,5,10,B_incremental,5193.0,4,241.76197500859254,2,187.01384242305699
sano,5,11,B_incremental,5193.0,4,241.76197500859254,2,187.01384242305699
sano,8,0,A_steiner,5216.0,1,136.02541420515428,2,125.10560396426737
sano,8,1,A_steiner,5216.0,1,136.02541420515428,2,125.10560396426737
sano,8,2,A_steiner,5216.0,1,136.02541420515428,2,125.10560396426737
sano,8,3,A_steiner,5216.0,1,136.02541420515428,2,125.10560396426737
sano,8,4,A_steiner,5216.0,1,136.02541420515428,2,125.10560396426737
sano,8,5,A_steiner,5216.0,1,136.02541420515428,2,125.10560396426737
sano,8,6,B_incremental,5216.0,1,136.02541420515428,2,125.10560396426737
sano,8,7,B_incremental,5216.0,1,136.02541420515428,2,125.10560396426737
sano,8,8,B_incremental,5216.0,1,136.02541420515428,2,125.10560396426737
sano,8,9,B_incremental,5216.0,1,136.02541420515428,2,125.10560396426737
sano,8,10,B_incremental,5216.0,1,136.02541420515428,2,125.10560396426737
sano,8,11,B_incremental,5216.0,1,136.02541420515428,2,125.10560396426737
sano,9,0,A_steiner,6241.0,2,98.20295670443718,3,318.6627928916368
sano,9,1,A_steiner,6241.0,2,98.20295670443718,3,318.6627928916368
sano,9,2,A_steiner,6241.0,2,98.20295670443718,3,318.6627928916368
sano,9,3,A_steiner,6241.0,2,98.20295670443718,3,318.6627928916368
sano,9,4,A_steiner,6241.0,2,98.20295670443718,3,318.6627928916368
sano,9,5,A_steiner,6241.0,2,98.20295670443718,3,318.6627928916368
sano,9,6,B_incremental,6241.0,2,98.20295670443718,3,318.6627928916368
sano,9,7,B_incremental,6241.0,2,98.20295670443718,3,318.6627928916368
sano,9,8,B_incremental,6241.0,2,98.20295670443718,3,318.6627928916368
sano,9,9,B_incremental,6241.0,2,98.20295670443718,3,318.6627928916368
sano,9,10,B_incremental,6241.0,2,98.20295670443718,3,318.6627928916368
sano,9,11,B_incremental,6241.0,2,98.20295670443718,3,318.6627928916368
sano,10,0,A_steiner,5032.0,1,34.387055822832124,2,165.24438036115163
sano,10,1,A_steiner,5032.0,1,34.387055822832124,2,165.24438036115163
sano,10,2,A_steiner,5032.0,1,34.387055822832124,2,165.24438036115163
sano,10,3,A_steiner,5032.0,1,34.387055822832124,2,165.24438036115163
sano,10,4,A_steiner,5032.0,1,34.387055822832124,2,165.24438036115163
sano,10,5,A_steiner,5032.0,1,34.387055822832124,2,165.24438036115163
sano,10,6,B_incremental,5032.0,1,34.387055822832124,2,165.24438036115163
sano,10,7,B_incremental,5032.0,1,34.387055822832124,2,165.24438036115163
sano,10,8,B_incremental,5032.0,1,34.387055822832124,2,165.24438036115163
sano,10,9,B_incremental,5032.0,1,34.387055822832124,2,165.24438036115163
sano,10,10,B_incremental,5032.0,1,34.387055822832124,2,165.24438036115163
sano,10,11,B_incremental,5032.0,1,34.387055822832124,2,165.24438036115163
sano,14,0,A_steiner,1629.0,1,59.684710010582215,2,220.33613789145662
sano,14,1,A_steiner,1629.0,1,59.684710010582215,2,220.33613789145662
sano,14,2,A_steiner,1629.0,1,59.684710010582215,2,220.33613789145662
sano,14,3,A_steiner,1629.0,1,59.684710010582215,2,220.33613789145662
sano,14,4,A_steiner,1629.0,1,59.684710010582215,2,220.33613789145662
sano,14,5,A_steiner,1629.0,1,59.684710010582215,2,220.33613789145662
sano,14,6,B_incremental,1629.0,1,59.684710010582215,2,220.33613789145662
sano,14,7,B_incremental,1629.0,1,59.684710010582215,2,220.33613789145662
sano,14,8,B_incremental,1629.0,1,59.684710010582215,2,220.33613789145662
sano,14,9,B_incremental,1629.0,1,59.684710010582215,2,220.33613789145662
sano,14,10,B_incremental,1629.0,1,59.684710010582215,2,220.33613789145662
sano,14,11,B_incremental,1629.0,1,59.684710010582215,2,220.33613789145662
sano,15,0,A_steiner,175.0,2,105.41213105861499,3,195.08509342771526
sano,15,1,A_steiner,175.0,2,105.41213105861499,3,195.08509342771526
sano,15,2,A_steiner,175.0,2,105.41213105861499,3,195.08509342771526
sano,15,3,A_steiner,175.0,2,105.41213105861499,3,195.08509342771526
sano,15,4,A_steiner,175.0,2,105.41213105861499,3,195.08509342771526
sano,15,5,A_steiner,175.0,2,105.41213105861499,3,195.08509342771526
sano,15,6,B_incremental,175.0,2,105.41213105861499,3,195.08509342771526
sano,15,7,B_incremental,175.0,2,105.41213105861499,3,195.08509342771526
sano,15,8,B_incremental,175.0,2,105.41213105861499,3,195.08509342771526
sano,15,9,B_incremental,175.0,2,105.41213105861499,3,195.08509342771526
sano,15,10,B_incremental,175.0,2,105.41213105861499,3,195.08509342771526
sano,15,11,B_incremental,175.0,2,105.41213105861499,3,195.08509342771526
sano,16,0,A_steiner,1755.0,1,30.28664357804278,2,86.09248077880478
sano,16,1,A_steiner,1755.0,1,30.28664357804278,2,86.09248077880478
sano,16,2,A_steiner,1755.0,1,30.28664357804278,2,86.09248077880478
sano,16,3,A_steiner,1755.0,1,30.28664357804278,2,86.09248077880478
sano,16,4,A_steiner,1755.0,1,30.28664357804278,2,86.09248077880478
sano,16,5,A_steiner,1755.0,1,30.28664357804278,2,86.09248077880478
sano,16,6,B_incremental,1755.0,1,30.28664357804278,2,86.09248077880478
sano,16,7,B_incremental,1755.0,1,30.28664357804278,2,86.09248077880478
sano,16,8,B_incremental,1755.0,1,30.28664357804278,2,86.09248077880478
sano,16,9,B_incremental,1755.0,1,30.28664357804278,2,86.09248077880478
sano,16,10,B_incremental,1755.0,1,30.28664357804278,2,86.09248077880478
sano,16,11,B_incremental,1755.0,1,30.28664357804278,2,86.09248077880478
sano,17,0,A_steiner,1753.0,4,232.86888681543078,3,184.7682390262443
sano,17,1,A_steiner,1753.0,4,232.86888681543078,3,184.7682390262443
sano,17,2,A_steiner,1753.0,4,232.86888681543078,3,184.7682390262443
sano,17,3,A_steiner,1753.0,4,232.86888681543078,3,184.7682390262443
sano,17,4,A_steiner,1753.0,4,232.86888681543078,3,184.7682390262443
sano,17,5,A_steiner,1753.0,4,232.86888681543078,3,184.7682390262443
sano,17,6,B_incremental,1753.0,4,232.86888681543078,3,184.7682390262443
sano,17,7,B_incremental,1753.0,4,232.8688868154308,3,184.7682390262443
sano,17,8,B_incremental,1753.0,4,232.8688868154308,3,184.7682390262443
sano,17,9,B_incremental,1753.0,4,232.8688868154308,3,184.7682390262443
sano,17,10,B_incremental,1753.0,4,232.8688868154308,3,184.7682390262443
sano,17,11,B_incremental,1753.0,4,232.8688868154308,3,184.7682390262443
sano,18,0,A_steiner,5038.0,1,12.196004606056292,2,31.307378799557046
sano,18,1,A_steiner,5038.0,1,12.196004606056292,2,31.307378799557046
sano,18,2,A_steiner,5038.0,1,12.196004606056292,2,31.307378799557046
sano,18,3,A_steiner,5038.0,1,12.196004606056292,2,31.307378799557046
sano,18,4,A_steiner,5038.0,1,12.196004606056292,2,31.307378799557046
sano,18,5,A_steiner,5038.0,1,12.196004606056292,2,31.307378799557046
sano,18,6,B_incremental,5038.0,1,12.196004606056292,2,31.307378799557046
sano,18,7,B_incremental,5038.0,1,12.196004606056292,2,31.307378799557046
sano,18,8,B_incremental,5038.0,1,12.196004606056292,2,31.307378799557046
sano,18,9,B_incremental,5038.0,1,12.196004606056292,2,31.307378799557046
sano,18,10,B_incremental,5038.0,1,12.196004606056292,2,31.307378799557046
sano,18,11,B_incremental,5038.0,1,12.196004606056292,2,31.307378799557046
sano,19,0,A_steiner,5215.0,1,24.5765473363806,2,57.17031774928835
sano,19,1,A_steiner,5215.0,1,24.5765473363806,2,57.17031774928835
sano,19,2,A_steiner,5215.0,1,24.5765473363806,2,57.17031774928835
sano,19,3,A_steiner,5215.0,1,24.5765473363806,2,57.17031774928835
sano,19,4,A_steiner,5215.0,1,24.5765473363806,2,57.17031774928835
sano,19,5,A_steiner,5215.0,1,24.5765473363806,2,57.17031774928835
sano,19,6,B_incremental,5215.0,1,24.5765473363806,2,57.17031774928835
sano,19,7,B_incremental,5215.0,1,24.5765473363806,2,57.17031774928835
sano,19,8,B_incremental,5215.0,1,24.5765473363806,2,57.17031774928835
sano,19,9,B_incremental,5215.0,1,24.5765473363806,2,57.17031774928835
sano,19,10,B_incremental,5215.0,1,24.5765473363806,2,57.17031774928835
sano,19,11,B_incremental,5215.0,1,24.5765473363806,2,57.17031774928835
sano,20,0,A_steiner,4419.0,2,96.226383274769,3,117.56891930255594
sano,20,1,A_steiner,4419.0,2,96.226383274769,3,117.56891930255594
sano,20,2,A_steiner,4419.0,2,96.226383274769,3,117.56891930255594
sano,20,3,A_steiner,4419.0,2,96.226383274769,3,117.56891930255594
sano,20,4,A_steiner,4419.0,2,96.226383274769,3,117.56891930255594
sano,20,5,A_steiner,4419.0,2,96.226383274769,3,117.56891930255594
sano,20,6,B_incremental,4419.0,2,96.226383274769,3,117.56891930255594
sano,20,7,B_incremental,4419.0,2,96.226383274769,3,117.56891930255594
sano,20,8,B_incremental,4419.0,2,96.226383274769,3,117.56891930255594
sano,20,9,B_incremental,4419.0,2,96.226383274769,3,117.56891930255594
sano,20,10,B_incremental,4419.0,2,96.226383274769,3,117.56891930255594
sano,20,11,B_incremental,4419.0,2,96.226383274769,3,117.56891930255594
sano,21,0,A_steiner,5194.0,1,63.90397707854604,2,171.24919737222652
sano,21,1,A_steiner,5194.0,1,63.90397707854604,2,171.24919737222652
sano,21,2,A_steiner,5194.0,1,63.90397707854604,2,171.24919737222652
sano,21,3,A_steiner,5194.0,1,63.90397707854604,2,171.24919737222652
sano,21,4,A_steiner,5194.0,1,63.90397707854604,2,171.24919737222652
sano,21,5,A_steiner,5194.0,1,63.90397707854604,2,171.24919737222652
sano,21,6,B_incremental,5194.0,1,63.90397707854604,2,171.24919737222652
sano,21,7,B_incremental,5194.0,1,63.90397707854604,2,171.24919737222652
sano,21,8,B_incremental,5194.0,1,63.90397707854604,2,171.24919737222652
sano,21,9,B_incremental,5194.0,1,63.90397707854604,2,171.24919737222652
sano,21,10,B_incremental,5194.0,1,63.90397707854604,2,171.24919737222652
sano,21,11,B_incremental,5194.0,1,63.90397707854604,2,171.24919737222652
sano,22,0,A_steiner,1886.0,1,109.8376876243812,2,157.14702705482847
sano,22,1,A_steiner,1886.0,1,109.8376876243812,2,157.14702705482847
sano,22,2,A_steiner,1886.0,1,109.8376876243812,2,157.14702705482847
sano,22,3,A_steiner,1886.0,1,109.8376876243812,2,157.14702705482847
sano,22,4,A_steiner,1886.0,1,109.8376876243812,2,157.14702705482847
sano,22,5,A_steiner,1886.0,1,109.8376876243812,2,157.14702705482847
sano,22,6,B_incremental,1886.0,1,109.8376876243812,2,157.14702705482847
sano,22,7,B_incremental,1886.0,1,109.8376876243812,2,157.14702705482847
sano,22,8,B_incremental,1886.0,1,109.8376876243812,2,157.14702705482847
sano,22,9,B_incremental,1886.0,1,109.8376876243812,2,157.14702705482847
sano,22,10,B_incremental,1886.0,1,109.8376876243812,2,157.14702705482847
sano,22,11,B_incremental,1886.0,1,109.8376876243812,2,157.14702705482847
sano,27,0,A_steiner,1452.0,1,19.028397967199695,2,163.70655846827867
sano,27,1,A_steiner,1452.0,1,19.028397967199695,2,163.70655846827867
sano,27,2,A_steiner,1452.0,1,19.028397967199695,2,163.70655846827867
sano,27,3,A_steiner,1452.0,1,19.028397967199695,2,163.70655846827867
sano,27,4,A_steiner,1452.0,1,19.028397967199695,2,163.70655846827867
sano,27,5,A_steiner,1452.0,1,19.028397967199695,2,163.70655846827867
sano,27,6,B_incremental,1452.0,1,19.028397967199695,2,163.70655846827867
sano,27,7,B_incremental,1452.0,1,19.028397967199695,2,163.70655846827867
sano,27,8,B_incremental,1452.0,1,19.028397967199695,2,163.70655846827867
sano,27,9,B_incremental,1452.0,1,19.028397967199695,2,163.70655846827867
sano,27,10,B_incremental,1452.0,1,19.028397967199695,2,163.70655846827867
sano,27,11,B_incremental,1452.0,1,19.028397967199695,2,163.70655846827867
sano,33,0,A_steiner,5713.0,1,75.42648893919606,2,140.83217746019227
sano,33,1,A_steiner,5713.0,1,75.42648893919606,2,140.83217746019227
sano,33,2,A_steiner,5713.0,1,75.42648893919606,2,140.83217746019227
sano,33,3,A_steiner,5713.0,1,75.42648893919606,2,140.83217746019227
sano,33,4,A_steiner,5713.0,1,75.42648893919606,2,140.83217746019227
sano,33,5,A_steiner,5713.0,1,75.42648893919606,2,140.83217746019227
sano,33,6,B_incremental,5713.0,1,75.42648893919606,2,140.83217746019227
sano,33,7,B_incremental,5713.0,1,75.42648893919606,2,140.83217746019227
sano,33,8,B_incremental,5713.0,1,75.42648893919606,2,140.83217746019227
sano,33,9,B_incremental,5713.0,1,75.42648893919606,2,140.83217746019227
sano,33,10,B_incremental,5713.0,1,75.42648893919606,2,140.83217746019227
sano,33,11,B_incremental,5713.0,1,75.42648893919606,2,140.83217746019227
sano,35,0,A_steiner,1827.0,3,310.66607832313065,4,240.03791523851612
sano,35,1,A_steiner,1827.0,3,310.66607832313065,4,240.03791523851612
sano,35,2,A_steiner,1827.0,3,310.66607832313065,4,240.03791523851612
sano,35,3,A_steiner,1827.0,3,310.66607832313065,4,240.03791523851612
sano,35,4,A_steiner,1827.0,3,310.66607832313065,4,240.03791523851612
sano,35,5,A_steiner,1827.0,3,310.66607832313065,4,240.03791523851612
sano,35,6,B_incremental,1827.0,3,310.66607832313065,4,240.03791523851612
sano,35,7,B_incremental,1827.0,3,310.66607832313065,4,240.03791523851612
sano,35,8,B_incremental,1827.0,3,310.66607832313065,4,240.03791523851612
sano,35,9,B_incremental,1827.0,3,310.66607832313065,4,240.03791523851612
sano,35,10,B_incremental,1827.0,3,310.66607832313065,4,240.03791523851612
sano,35,11,B_incremental,1827.0,3,310.66607832313065,4,240.03791523851612
sano,36,0,A_steiner,875.0,1,100.72599744563762,2,57.50212313184652
sano,36,1,A_steiner,875.0,1,100.72599744563762,2,57.50212313184652
sano,36,2,A_steiner,875.0,1,100.72599744563762,2,57.50212313184652
sano,36,3,A_steiner,875.0,1,100.72599744563762,2,57.50212313184652
sano,36,4,A_steiner,875.0,1,100.72599744563762,2,57.50212313184652
sano,36,5,A_steiner,875.0,1,100.72599744563762,2,57.50212313184652
sano,36,6,B_incremental,875.0,1,100.72599744563762,2,57.50212313184652
sano,36,7,B_incremental,875.0,1,100.72599744563762,2,57.50212313184652
sano,36,8,B_incremental,875.0,1,100.72599744563762,2,57.50212313184652
sano,36,9,B_incremental,875.0,1,100.72599744563762,2,57.50212313184652
sano,36,10,B_incremental,875.0,1,100.72599744563762,2,57.50212313184652
sano,36,11,B_incremental,875.0,1,100.72599744563762,2,57.50212313184652
sano,39,0,A_steiner,1869.0,2,84.65172118039567,3,84.04043153152337
sano,39,1,A_steiner,1869.0,2,84.65172118039567,3,84.04043153152337
sano,39,2,A_steiner,1869.0,2,84.65172118039567,3,84.04043153152337
sano,39,3,A_steiner,1869.0,2,84.65172118039567,3,84.04043153152337
sano,39,4,A_steiner,1869.0,2,84.65172118039567,3,84.04043153152337
sano,39,5,A_steiner,1869.0,2,84.65172118039567,3,84.04043153152337
sano,39,6,B_incremental,1869.0,2,84.65172118039567,3,84.04043153152337
sano,39,7,B_incremental,1869.0,2,84.65172118039567,3,84.04043153152337
sano,39,8,B_incremental,1869.0,2,84.65172118039567,3,84.04043153152337
sano,39,9,B_incremental,1869.0,2,84.65172118039567,3,84.04043153152337
sano,39,10,B_incremental,1869.0,2,84.65172118039567,3,84.04043153152337
sano,39,11,B_incremental,1869.0,2,84.65172118039567,3,84.04043153152337
sano,42,0,A_steiner,1686.0,1,36.08781819350498,2,84.72215097969527
sano,42,1,A_steiner,1686.0,1,36.08781819350498,2,84.72215097969527
sano,42,2,A_steiner,1686.0,1,36.08781819350498,2,84.72215097969527
sano,42,3,A_steiner,1686.0,1,36.08781819350498,2,84.72215097969527
sano,42,4,A_steiner,1686.0,1,36.08781819350498,2,84.72215097969527
sano,42,5,A_steiner,1686.0,1,36.08781819350498,2,84.72215097969527
sano,42,6,B_incremental,1686.0,1,36.08781819350498,2,84.72215097969527
sano,42,7,B_incremental,1686.0,1,36.08781819350498,2,84.72215097969527
sano,42,8,B_incremental,1686.0,1,36.08781819350498,2,84.72215097969527
sano,42,9,B_incremental,1686.0,1,36.08781819350498,2,84.72215097969527
sano,42,10,B_incremental,1686.0,1,36.08781819350498,2,84.72215097969527
sano,42,11,B_incremental,1686.0,1,36.08781819350498,2,84.72215097969527
sano,44,0,A_steiner,5504.0,1,47.38933262904106,2,122.3996434063487
sano,44,1,A_steiner,5504.0,1,47.38933262904106,2,122.3996434063487
sano,44,2,A_steiner,5504.0,1,47.38933262904106,2,122.3996434063487
sano,44,3,A_steiner,5504.0,1,47.38933262904106,2,122.3996434063487
sano,44,4,A_steiner,5504.0,1,47.38933262904106,2,122.3996434063487
sano,44,5,A_steiner,5504.0,1,47.38933262904106,2,122.3996434063487
sano,44,6,B_incremental,5504.0,1,47.38933262904106,2,122.3996434063487
sano,44,7,B_incremental,5504.0,1,47.38933262904106,2,122.3996434063487
sano,44,8,B_incremental,5504.0,1,47.38933262904106,2,122.3996434063487
sano,44,9,B_incremental,5504.0,1,47.38933262904106,2,122.3996434063487
sano,44,10,B_incremental,5504.0,1,47.38933262904106,2,122.3996434063487
sano,44,11,B_incremental,5504.0,1,47.38933262904106,2,122.3996434063487
sano,45,0,A_steiner,825.0,1,39.95092347022113,2,270.5170230413154
sano,45,1,A_steiner,825.0,1,39.95092347022113,2,270.5170230413154
sano,45,2,A_steiner,825.0,1,39.95092347022113,2,270.5170230413154
sano,45,3,A_steiner,825.0,1,39.95092347022113,2,270.5170230413154
sano,45,4,A_steiner,825.0,1,39.95092347022113,2,270.5170230413154
sano,45,5,A_steiner,825.0,1,39.95092347022113,2,270.5170230413154
sano,45,6,B_incremental,825.0,1,39.95092347022113,2,270.5170230413154
sano,45,7,B_incremental,825.0,1,39.95092347022113,2,270.5170230413154
sano,45,8,B_incremental,825.0,1,39.95092347022113,2,270.5170230413154
sano,45,9,B_incremental,825.0,1,39.95092347022113,2,270.5170230413154
sano,45,10,B_incremental,825.0,1,39.95092347022113,2,270.5170230413154
sano,45,11,B_incremental,825.0,1,39.95092347022113,2,270.5170230413154
sano,46,0,A_steiner,1677.0,8,538.1113711841575,4,271.8535774054824
sano,46,1,A_steiner,1677.0,8,538.1113711841575,4,271.8535774054824
sano,46,2,A_steiner,1677.0,8,538.1113711841575,4,271.8535774054824
sano,46,3,A_steiner,1677.0,8,538.1113711841575,4,271.8535774054824
sano,46,4,A_steiner,1677.0,8,538.1113711841575,4,271.8535774054824
sano,46,5,A_steiner,1677.0,8,538.1113711841575,4,271.8535774054824
sano,46,6,B_incremental,1677.0,8,538.1113711841575,4,271.8535774054824
sano,46,7,B_incremental,1677.0,8,538.1113711841574,4,271.8535774054824
sano,46,8,B_incremental,1677.0,8,538.1113711841574,4,271.8535774054824
sano,46,9,B_incremental,1677.0,8,538.1113711841575,4,271.8535774054824
sano,46,10,B_incremental,1677.0,8,538.1113711841575,4,271.8535774054824
sano,46,11,B_incremental,1677.0,8,538.1113711841575,4,271.8535774054824
sano,47,0,A_steiner,4825.0,1,33.58546714088206,2,73.76241173912096
sano,47,1,A_steiner,4825.0,1,33.58546714088206,2,73.76241173912096
sano,47,2,A_steiner,4825.0,1,33.58546714088206,2,73.76241173912096
sano,47,3,A_steiner,4825.0,1,33.58546714088206,2,73.76241173912096
sano,47,4,A_steiner,4825.0,1,33.58546714088206,2,73.76241173912096
sano,47,5,A_steiner,4825.0,1,33.58546714088206,2,73.76241173912096
sano,47,6,B_incremental,4825.0,1,33.58546714088206,2,73.76241173912096
sano,47,7,B_incremental,4825.0,1,33.58546714088206,2,73.76241173912096
sano,47,8,B_incremental,4825.0,1,33.58546714088206,2,73.76241173912096
sano,47,9,B_incremental,4825.0,1,33.58546714088206,2,73.76241173912096
sano,47,10,B_incremental,4825.0,1,33.58546714088206,2,73.76241173912096
sano,47,11,B_incremental,4825.0,1,33.58546714088206,2,73.76241173912096
sano,48,0,A_steiner,5072.0,1,16.955828512416428,2,147.10934447043417
sano,48,1,A_steiner,5072.0,1,16.955828512416428,2,147.10934447043417
sano,48,2,A_steiner,5072.0,1,16.955828512416428,2,147.10934447043417
sano,48,3,A_steiner,5072.0,1,16.955828512416428,2,147.10934447043417
sano,48,4,A_steiner,5072.0,1,16.955828512416428,2,147.10934447043417
sano,48,5,A_steiner,5072.0,1,16.955828512416428,2,147.10934447043417
sano,48,6,B_incremental,5072.0,1,16.955828512416428,2,147.10934447043417
sano,48,7,B_incremental,5072.0,1,16.955828512416428,2,147.10934447043417
sano,48,8,B_incremental,5072.0,1,16.955828512416428,2,147.10934447043417
sano,48,9,B_incremental,5072.0,1,16.955828512416428,2,147.10934447043417
sano,48,10,B_incremental,5072.0,1,16.955828512416428,2,147.10934447043417
sano,48,11,B_incremental,5072.0,1,16.955828512416428,2,147.10934447043417
sano,49,0,A_steiner,5027.0,1,36.50195750000936,2,163.00525505294038
sano,49,1,A_steiner,5027.0,1,36.50195750000936,2,163.00525505294038
sano,49,2,A_steiner,5027.0,1,36.50195750000936,2,163.00525505294038
sano,49,3,A_steiner,5027.0,1,36.50195750000936,2,163.00525505294038
sano,49,4,A_steiner,5027.0,1,36.50195750000936,2,163.00525505294038
sano,49,5,A_steiner,5027.0,1,36.50195750000936,2,163.00525505294038
sano,49,6,B_incremental,5027.0,1,36.50195750000936,2,163.00525505294038
sano,49,7,B_incremental,5027.0,1,36.50195750000936,2,163.00525505294038
sano,49,8,B_incremental,5027.0,1,36.50195750000936,2,163.00525505294038
sano,49,9,B_incremental,5027.0,1,36.50195750000936,2,163.00525505294038
sano,49,10,B_incremental,5027.0,1,36.50195750000936,2,163.00525505294038
sano,49,11,B_incremental,5027.0,1,36.50195750000936,2,163.00525505294038
sano,50,0,A_steiner,5034.0,1,54.049332890058345,2,123.60907147059456
sano,50,1,A_steiner,5034.0,1,54.049332890058345,2,123.60907147059456
sano,50,2,A_steiner,5034.0,1,54.049332890058345,2,123.60907147059456
sano,50,3,A_steiner,5034.0,1,54.049332890058345,2,123.60907147059456
sano,50,4,A_steiner,5034.0,1,54.049332890058345,2,123.60907147059456
sano,50,5,A_steiner,5034.0,1,54.049332890058345,2,123.60907147059456
sano,50,6,B_incremental,5034.0,1,54.049332890058345,2,123.60907147059456
sano,50,7,B_incremental,5034.0,1,54.049332890058345,2,123.60907147059456
sano,50,8,B_incremental,5034.0,1,54.049332890058345,2,123.60907147059456
sano,50,9,B_incremental,5034.0,1,54.049332890058345,2,123.60907147059456
sano,50,10,B_incremental,5034.0,1,54.049332890058345,2,123.60907147059456
sano,50,11,B_incremental,5034.0,1,54.049332890058345,2,123.60907147059456
sano,51,0,A_steiner,5774.0,2,196.06921048752127,3,243.27945568984984
sano,51,1,A_steiner,5774.0,2,196.06921048752127,3,243.27945568984984
sano,51,2,A_steiner,5774.0,2,196.06921048752127,3,243.27945568984984
sano,51,3,A_steiner,5774.0,2,196.06921048752127,3,243.27945568984984
sano,51,4,A_steiner,5774.0,2,196.06921048752127,3,243.27945568984984
sano,51,5,A_steiner,5774.0,2,196.06921048752127,3,243.27945568984984
sano,51,6,B_incremental,5774.0,2,196.06921048752127,3,243.27945568984984
sano,51,7,B_incremental,5774.0,2,196.06921048752127,3,243.27945568984984
sano,51,8,B_incremental,5774.0,2,196.06921048752127,3,243.27945568984984
sano,51,9,B_incremental,5774.0,2,196.06921048752127,3,243.27945568984984
sano,51,10,B_incremental,5774.0,2,196.06921048752127,3,243.27945568984984
sano,51,11,B_incremental,5774.0,2,196.06921048752127,3,243.27945568984984
sano,53,0,A_steiner,1534.0,1,34.718591989686615,2,91.6891411860629
sano,53,1,A_steiner,1534.0,1,34.718591989686615,2,91.6891411860629
sano,53,2,A_steiner,1534.0,1,34.718591989686615,2,91.6891411860629
sano,53,3,A_steiner,1534.0,1,34.718591989686615,2,91.6891411860629
sano,53,4,A_steiner,1534.0,1,34.718591989686615,2,91.6891411860629
sano,53,5,A_steiner,1534.0,1,34.718591989686615,2,91.6891411860629
sano,53,6,B_incremental,1534.0,1,34.718591989686615,2,91.6891411860629
sano,53,7,B_incremental,1534.0,1,34.718591989686615,2,91.6891411860629
sano,53,8,B_incremental,1534.0,1,34.718591989686615,2,91.6891411860629
sano,53,9,B_incremental,1534.0,1,34.718591989686615,2,91.6891411860629
sano,53,10,B_incremental,1534.0,1,34.718591989686615,2,91.6891411860629
sano,53,11,B_incremental,1534.0,1,34.718591989686615,2,91.6891411860629
sano,56,0,A_steiner,211.0,1,88.82941636884831,2,246.91376745457154
sano,56,1,A_steiner,211.0,1,88.82941636884831,2,246.91376745457154
sano,56,2,A_steiner,211.0,1,88.82941636884831,2,246.91376745457154
sano,56,3,A_steiner,211.0,1,88.82941636884831,2,246.91376745457154
sano,56,4,A_steiner,211.0,1,88.82941636884831,2,246.91376745457154
sano,56,5,A_steiner,211.0,1,88.82941636884831,2,246.91376745457154
sano,56,6,B_incremental,211.0,1,88.82941636884831,2,246.91376745457154
sano,56,7,B_incremental,211.0,1,88.82941636884831,2,246.91376745457154
sano,56,8,B_incremental,211.0,1,88.82941636884831,2,246.91376745457154
sano,56,9,B_incremental,211.0,1,88.82941636884831,2,246.91376745457154
sano,56,10,B_incremental,211.0,1,88.82941636884831,2,246.91376745457154
sano,56,11,B_incremental,211.0,1,88.82941636884831,2,246.91376745457154
sano,57,0,A_steiner,4829.0,4,331.0524019294114,4,295.8374547067324
sano,57,1,A_steiner,4829.0,4,331.0524019294114,4,295.8374547067324
sano,57,2,A_steiner,4829.0,4,331.0524019294114,4,295.8374547067324
sano,57,3,A_steiner,4829.0,4,331.0524019294114,4,295.8374547067324
sano,57,4,A_steiner,4829.0,4,331.0524019294114,4,295.8374547067324
sano,57,5,A_steiner,4829.0,4,331.0524019294114,4,295.8374547067324
sano,57,6,B_incremental,4829.0,4,331.0524019294114,4,295.8374547067324
sano,57,7,B_incremental,4829.0,4,331.0524019294114,4,295.8374547067324
sano,57,8,B_incremental,4829.0,4,331.0524019294114,4,295.8374547067324
sano,57,9,B_incremental,4829.0,4,331.0524019294114,4,295.8374547067324
sano,57,10,B_incremental,4829.0,4,331.0524019294114,4,295.8374547067324
sano,57,11,B_incremental,4829.0,4,331.0524019294114,4,295.8374547067324
sano,59,0,A_steiner,5198.0,1,71.34509197214635,2,239.3206527169031
sano,59,1,A_steiner,5198.0,1,71.34509197214635,2,239.3206527169031
sano,59,2,A_steiner,5198.0,1,71.34509197214635,2,239.3206527169031
sano,59,3,A_steiner,5198.0,1,71.34509197214635,2,239.3206527169031
sano,59,4,A_steiner,5198.0,1,71.34509197214635,2,239.3206527169031
sano,59,5,A_steiner,5198.0,1,71.34509197214635,2,239.3206527169031
sano,59,6,B_incremental,5198.0,1,71.34509197214635,2,239.3206527169031
sano,59,7,B_incremental,5198.0,1,71.34509197214635,2,239.3206527169031
sano,59,8,B_incremental,5198.0,1,71.34509197214635,2,239.3206527169031
sano,59,9,B_incremental,5198.0,1,71.34509197214635,2,239.3206527169031
sano,59,10,B_incremental,5198.0,1,71.34509197214635,2,239.3206527169031
sano,59,11,B_incremental,5198.0,1,71.34509197214635,2,239.3206527169031
sano,60,0,A_steiner,1817.0,1,48.56538040578743,2,77.8643528125408
sano,60,1,A_steiner,1817.0,1,48.56538040578743,2,77.8643528125408
sano,60,2,A_steiner,1817.0,1,48.56538040578743,2,77.8643528125408
sano,60,3,A_steiner,1817.0,1,48.56538040578743,2,77.8643528125408
sano,60,4,A_steiner,1817.0,1,48.56538040578743,2,77.8643528125408
sano,60,5,A_steiner,1817.0,1,48.56538040578743,2,77.8643528125408
sano,60,6,B_incremental,1817.0,1,48.56538040578743,2,77.8643528125408
sano,60,7,B_incremental,1817.0,1,48.56538040578743,2,77.8643528125408
sano,60,8,B_incremental,1817.0,1,48.56538040578743,2,77.8643528125408
sano,60,9,B_incremental,1817.0,1,48.56538040578743,2,77.8643528125408
sano,60,10,B_incremental,1817.0,1,48.56538040578743,2,77.8643528125408
sano,60,11,B_incremental,1817.0,1,48.56538040578743,2,77.8643528125408
sano,61,0,A_steiner,4856.0,1,36.61635544566107,2,18.67647295796805
sano,61,1,A_steiner,4856.0,1,36.61635544566107,2,18.67647295796805
sano,61,2,A_steiner,4856.0,1,36.61635544566107,2,18.67647295796805
sano,61,3,A_steiner,4856.0,1,36.61635544566107,2,18.67647295796805
sano,61,4,A_steiner,4856.0,1,36.61635544566107,2,18.67647295796805
sano,61,5,A_steiner,4856.0,1,36.61635544566107,2,18.67647295796805
sano,61,6,B_incremental,4856.0,1,36.61635544566107,2,18.67647295796805
sano,61,7,B_incremental,4856.0,1,36.61635544566107,2,18.67647295796805
sano,61,8,B_incremental,4856.0,1,36.61635544566107,2,18.67647295796805
sano,61,9,B_incremental,4856.0,1,36.61635544566107,2,18.67647295796805
sano,61,10,B_incremental,4856.0,1,36.61635544566107,2,18.67647295796805
sano,61,11,B_incremental,4856.0,1,36.61635544566107,2,18.67647295796805
sano,62,0,A_steiner,5716.0,1,36.82961136514498,2,81.55473699128314
sano,62,1,A_steiner,5716.0,1,36.82961136514498,2,81.55473699128314
sano,62,2,A_steiner,5716.0,1,36.82961136514498,2,81.55473699128314
sano,62,3,A_steiner,5716.0,1,36.82961136514498,2,81.55473699128314
sano,62,4,A_steiner,5716.0,1,36.82961136514498,2,81.55473699128314
sano,62,5,A_steiner,5716.0,1,36.82961136514498,2,81.55473699128314
sano,62,6,B_incremental,5716.0,1,36.82961136514498,2,81.55473699128314
sano,62,7,B_incremental,5716.0,1,36.82961136514498,2,81.55473699128314
sano,62,8,B_incremental,5716.0,1,36.82961136514498,2,81.55473699128314
sano,62,9,B_incremental,5716.0,1,36.82961136514498,2,81.55473699128314
sano,62,10,B_incremental,5716.0,1,36.82961136514498,2,81.55473699128314
sano,62,11,B_incremental,5716.0,1,36.82961136514498,2,81.55473699128314
sano,65,0,A_steiner,4550.0,1,9.721710700488822,2,43.362305418333776
sano,65,1,A_steiner,4550.0,1,9.721710700488822,2,43.362305418333776
sano,65,2,A_steiner,4550.0,1,9.721710700488822,2,43.362305418333776
sano,65,3,A_steiner,4550.0,1,9.721710700488822,2,43.362305418333776
sano,65,4,A_steiner,4550.0,1,9.721710700488822,2,43.362305418333776
sano,65,5,A_steiner,4550.0,1,9.721710700488822,2,43.362305418333776
sano,65,6,B_incremental,4550.0,1,9.721710700488822,2,43.362305418333776
sano,65,7,B_incremental,4550.0,1,9.721710700488822,2,43.362305418333776
sano,65,8,B_incremental,4550.0,1,9.721710700488822,2,43.362305418333776
sano,65,9,B_incremental,4550.0,1,9.721710700488822,2,43.362305418333776
sano,65,10,B_incremental,4550.0,1,9.721710700488822,2,43.362305418333776
sano,65,11,B_incremental,4550.0,1,9.721710700488822,2,43.362305418333776
sano,66,0,A_steiner,4536.0,1,119.07914570170666,2,115.02976313467708
sano,66,1,A_steiner,4536.0,1,119.07914570170666,2,115.02976313467708
sano,66,2,A_steiner,4536.0,1,119.07914570170666,2,115.02976313467708
sano,66,3,A_steiner,4536.0,1,119.07914570170666,2,115.02976313467708
sano,66,4,A_steiner,4536.0,1,119.07914570170666,2,115.02976313467708
sano,66,5,A_steiner,4536.0,1,119.07914570170666,2,115.02976313467708
sano,66,6,B_incremental,4536.0,1,119.07914570170666,2,115.02976313467708
sano,66,7,B_incremental,4536.0,1,119.07914570170666,2,115.02976313467708
sano,66,8,B_incremental,4536.0,1,119.07914570170666,2,115.02976313467708
sano,66,9,B_incremental,4536.0,1,119.07914570170666,2,115.02976313467708
sano,66,10,B_incremental,4536.0,1,119.07914570170666,2,115.02976313467708
sano,66,11,B_incremental,4536.0,1,119.07914570170666,2,115.02976313467708
sano,67,0,A_steiner,4676.0,1,38.26057883201986,2,116.25700615706369
sano,67,1,A_steiner,4676.0,1,38.26057883201986,2,116.25700615706369
sano,67,2,A_steiner,4676.0,1,38.26057883201986,2,116.25700615706369
sano,67,3,A_steiner,4676.0,1,38.26057883201986,2,116.25700615706369
sano,67,4,A_steiner,4676.0,1,38.26057883201986,2,116.25700615706369
sano,67,5,A_steiner,4676.0,1,38.26057883201986,2,116.25700615706369
sano,67,6,B_incremental,4676.0,1,38.26057883201986,2,116.25700615706369
sano,67,7,B_incremental,4676.0,1,38.26057883201986,2,116.25700615706369
sano,67,8,B_incremental,4676.0,1,38.26057883201986,2,116.25700615706369
sano,67,9,B_incremental,4676.0,1,38.26057883201986,2,116.25700615706369
sano,67,10,B_incremental,4676.0,1,38.26057883201986,2,116.25700615706369
sano,67,11,B_incremental,4676.0,1,38.26057883201986,2,116.25700615706369
sano,69,0,A_steiner,6149.0,1,36.63134620186223,2,104.1414506513956
sano,69,1,A_steiner,6149.0,1,36.63134620186223,2,104.1414506513956
sano,69,2,A_steiner,6149.0,1,36.63134620186223,2,104.1414506513956
sano,69,3,A_steiner,6149.0,1,36.63134620186223,2,104.1414506513956
sano,69,4,A_steiner,6149.0,1,36.63134620186223,2,104.1414506513956
sano,69,5,A_steiner,6149.0,1,36.63134620186223,2,104.1414506513956
sano,69,6,B_incremental,6149.0,1,36.63134620186223,2,104.1414506513956
sano,69,7,B_incremental,6149.0,1,36.63134620186223,2,104.1414506513956
sano,69,8,B_incremental,6149.0,1,36.63134620186223,2,104.1414506513956
sano,69,9,B_incremental,6149.0,1,36.63134620186223,2,104.1414506513956
sano,69,10,B_incremental,6149.0,1,36.63134620186223,2,104.1414506513956
sano,69,11,B_incremental,6149.0,1,36.63134620186223,2,104.1414506513956
sano,70,0,A_steiner,1803.0,2,65.0056119598279,3,194.58583236336182
sano,70,1,A_steiner,1803.0,2,65.0056119598279,3,194.58583236336182
sano,70,2,A_steiner,1803.0,2,65.0056119598279,3,194.58583236336182
sano,70,3,A_steiner,1803.0,2,65.0056119598279,3,194.58583236336182
sano,70,4,A_steiner,1803.0,2,65.0056119598279,3,194.58583236336182
sano,70,5,A_steiner,1803.0,2,65.0056119598279,3,194.58583236336182
sano,70,6,B_incremental,1803.0,2,65.0056119598279,3,194.58583236336182
sano,70,7,B_incremental,1803.0,2,65.0056119598279,3,194.58583236336182
sano,70,8,B_incremental,1803.0,2,65.0056119598279,3,194.58583236336182
sano,70,9,B_incremental,1803.0,2,65.0056119598279,3,194.58583236336182
sano,70,10,B_incremental,1803.0,2,65.0056119598279,3,194.58583236336182
sano,70,11,B_incremental,1803.0,2,65.0056119598279,3,194.58583236336182
sano,71,0,A_steiner,1728.0,2,114.92554674938403,3,83.59303730475037
sano,71,1,A_steiner,1728.0,2,114.92554674938403,3,83.59303730475037
sano,71,2,A_steiner,1728.0,2,114.92554674938403,3,83.59303730475037
sano,71,3,A_steiner,1728.0,2,114.92554674938403,3,83.59303730475037
sano,71,4,A_steiner,1728.0,2,114.92554674938403,3,83.59303730475037
sano,71,5,A_steiner,1728.0,2,114.92554674938403,3,83.59303730475037
sano,71,6,B_incremental,1728.0,2,114.92554674938403,3,83.59303730475037
sano,71,7,B_incremental,1728.0,2,114.92554674938403,3,83.59303730475037
sano,71,8,B_incremental,1728.0,2,114.92554674938403,3,83.59303730475037
sano,71,9,B_incremental,1728.0,2,114.92554674938403,3,83.59303730475037
sano,71,10,B_incremental,1728.0,2,114.92554674938403,3,83.59303730475037
sano,71,11,B_incremental,1728.0,2,114.92554674938403,3,83.59303730475037
sano,72,0,A_steiner,5688.0,5,224.6475376744499,5,268.1715849746755
sano,72,1,A_steiner,5688.0,5,224.6475376744499,5,268.1715849746755
sano,72,2,A_steiner,5688.0,5,224.6475376744499,5,268.1715849746755
sano,72,3,A_steiner,5688.0,5,224.6475376744499,5,268.1715849746755
sano,72,4,A_steiner,5688.0,5,224.6475376744499,5,268.1715849746755
sano,72,5,A_steiner,5688.0,5,224.6475376744499,5,268.1715849746755
sano,72,6,B_incremental,5688.0,5,224.6475376744499,5,268.1715849746755
sano,72,7,B_incremental,5688.0,5,224.6475376744499,5,268.1715849746755
sano,72,8,B_incremental,5688.0,5,224.6475376744499,5,268.1715849746755
sano,72,9,B_incremental,5688.0,5,224.6475376744499,5,268.1715849746755
sano,72,10,B_incremental,5688.0,5,224.6475376744499,5,268.1715849746755
sano,72,11,B_incremental,5688.0,5,224.6475376744499,5,268.1715849746755
sano,73,0,A_steiner,6028.0,1,110.1847849677964,2,122.69905541632414
sano,73,1,A_steiner,6028.0,1,110.1847849677964,2,122.69905541632414
sano,73,2,A_steiner,6028.0,1,110.1847849677964,2,122.69905541632414
sano,73,3,A_steiner,6028.0,1,110.1847849677964,2,122.69905541632414
sano,73,4,A_steiner,6028.0,1,110.1847849677964,2,122.69905541632414
sano,73,5,A_steiner,6028.0,1,110.1847849677964,2,122.69905541632414
sano,73,6,B_incremental,6028.0,1,110.1847849677964,2,122.69905541632414
sano,73,7,B_incremental,6028.0,1,110.1847849677964,2,122.69905541632414
sano,73,8,B_incremental,6028.0,1,110.1847849677964,2,122.69905541632414
sano,73,9,B_incremental,6028.0,1,110.1847849677964,2,122.69905541632414
sano,73,10,B_incremental,6028.0,1,110.1847849677964,2,122.69905541632414
sano,73,11,B_incremental,6028.0,1,110.1847849677964,2,122.69905541632414
sano,75,0,A_steiner,4562.0,1,8.37636401054276,2,79.01824854365577
sano,75,1,A_steiner,4562.0,1,8.37636401054276,2,79.01824854365577
sano,75,2,A_steiner,4562.0,1,8.37636401054276,2,79.01824854365577
sano,75,3,A_steiner,4562.0,1,8.37636401054276,2,79.01824854365577
sano,75,4,A_steiner,4562.0,1,8.37636401054276,2,79.01824854365577
sano,75,5,A_steiner,4562.0,1,8.37636401054276,2,79.01824854365577
sano,75,6,B_incremental,4562.0,1,8.37636401054276,2,79.01824854365577
sano,75,7,B_incremental,4562.0,1,8.37636401054276,2,79.01824854365577
sano,75,8,B_incremental,4562.0,1,8.37636401054276,2,79.01824854365577
sano,75,9,B_incremental,4562.0,1,8.37636401054276,2,79.01824854365577
sano,75,10,B_incremental,4562.0,1,8.37636401054276,2,79.01824854365577
sano,75,11,B_incremental,4562.0,1,8.37636401054276,2,79.01824854365577
sano,76,0,A_steiner,1695.0,2,62.18398915289772,3,336.27623762427766
sano,76,1,A_steiner,1695.0,2,62.18398915289772,3,336.27623762427766
sano,76,2,A_steiner,1695.0,2,62.18398915289772,3,336.27623762427766
sano,76,3,A_steiner,1695.0,2,62.18398915289772,3,336.27623762427766
sano,76,4,A_steiner,1695.0,2,62.18398915289772,3,336.27623762427766
sano,76,5,A_steiner,1695.0,2,62.18398915289772,3,336.27623762427766
sano,76,6,B_incremental,1695.0,2,62.18398915289772,3,336.27623762427766
sano,76,7,B_incremental,1695.0,2,62.18398915289772,3,336.27623762427766
sano,76,8,B_incremental,1695.0,2,62.18398915289772,3,336.27623762427766
sano,76,9,B_incremental,1695.0,2,62.18398915289772,3,336.27623762427766
sano,76,10,B_incremental,1695.0,2,62.18398915289772,3,336.27623762427766
sano,76,11,B_incremental,1695.0,2,62.18398915289772,3,336.27623762427766
sano,77,0,A_steiner,3600.0,1,13.780229467098264,2,238.63199308455347
sano,77,1,A_steiner,3600.0,1,13.780229467098264,2,238.63199308455347
sano,77,2,A_steiner,3600.0,1,13.780229467098264,2,238.63199308455347
sano,77,3,A_steiner,3600.0,1,13.780229467098264,2,238.63199308455347
sano,77,4,A_steiner,3600.0,1,13.780229467098264,2,238.63199308455347
sano,77,5,A_steiner,3600.0,1,13.780229467098264,2,238.63199308455347
sano,77,6,B_incremental,3600.0,1,13.780229467098264,2,238.63199308455347
sano,77,7,B_incremental,3600.0,1,13.780229467098264,2,238.63199308455347
sano,77,8,B_incremental,3600.0,1,13.780229467098264,2,238.63199308455347
sano,77,9,B_incremental,3600.0,1,13.780229467098264,2,238.63199308455347
sano,77,10,B_incremental,3600.0,1,13.780229467098264,2,238.63199308455347
sano,77,11,B_incremental,3600.0,1,13.780229467098264,2,238.63199308455347
sano,78,0,A_steiner,4350.0,1,34.804748183516125,2,227.88843881814864
sano,78,1,A_steiner,4350.0,1,34.804748183516125,2,227.88843881814864
sano,78,2,A_steiner,4350.0,1,34.804748183516125,2,227.88843881814864
sano,78,3,A_steiner,4350.0,1,34.804748183516125,2,227.88843881814864
sano,78,4,A_steiner,4350.0,1,34.804748183516125,2,227.88843881814864
sano,78,5,A_steiner,4350.0,1,34.804748183516125,2,227.88843881814864
sano,78,6,B_incremental,4350.0,1,34.804748183516125,2,227.88843881814864
sano,78,7,B_incremental,4350.0,1,34.804748183516125,2,227.88843881814864
sano,78,8,B_incremental,4350.0,1,34.804748183516125,2,227.88843881814864
sano,78,9,B_incremental,4350.0,1,34.804748183516125,2,227.88843881814864
sano,78,10,B_incremental,4350.0,1,34.804748183516125,2,227.88843881814864
sano,78,11,B_incremental,4350.0,1,34.804748183516125,2,227.88843881814864
sano,79,0,A_steiner,877.0,1,39.171776039471226,2,85.76430277663314
sano,79,1,A_steiner,877.0,1,39.171776039471226,2,85.76430277663314
sano,79,2,A_steiner,877.0,1,39.171776039471226,2,85.76430277663314
sano,79,3,A_steiner,877.0,1,39.171776039471226,2,85.76430277663314
sano,79,4,A_steiner,877.0,1,39.171776039471226,2,85.76430277663314
sano,79,5,A_steiner,877.0,1,39.171776039471226,2,85.76430277663314
sano,79,6,B_incremental,877.0,1,39.171776039471226,2,85.76430277663314
sano,79,7,B_incremental,877.0,1,39.171776039471226,2,85.76430277663314
sano,79,8,B_incremental,877.0,1,39.171776039471226,2,85.76430277663314
sano,79,9,B_incremental,877.0,1,39.171776039471226,2,85.76430277663314
sano,79,10,B_incremental,877.0,1,39.171776039471226,2,85.76430277663314
sano,79,11,B_incremental,877.0,1,39.171776039471226,2,85.76430277663314
sano,82,0,A_steiner,6152.0,2,57.92619138399119,3,125.45729895512812
sano,82,1,A_steiner,6152.0,2,57.92619138399119,3,125.45729895512812
sano,82,2,A_steiner,6152.0,2,57.92619138399119,3,125.45729895512812
sano,82,3,A_steiner,6152.0,2,57.92619138399119,3,125.45729895512812
sano,82,4,A_steiner,6152.0,2,57.92619138399119,3,125.45729895512812
sano,82,5,A_steiner,6152.0,2,57.92619138399119,3,125.45729895512812
sano,82,6,B_incremental,6152.0,2,57.92619138399119,3,125.45729895512812
sano,82,7,B_incremental,6152.0,2,57.92619138399119,3,125.45729895512812
sano,82,8,B_incremental,6152.0,2,57.92619138399119,3,125.45729895512812
sano,82,9,B_incremental,6152.0,2,57.92619138399119,3,125.45729895512812
sano,82,10,B_incremental,6152.0,2,57.92619138399119,3,125.45729895512812
sano,82,11,B_incremental,6152.0,2,57.92619138399119,3,125.45729895512812
sano,87,0,A_steiner,5186.0,1,43.01570835059781,2,73.62521222785205
sano,87,1,A_steiner,5186.0,1,43.01570835059781,2,73.62521222785205
sano,87,2,A_steiner,5186.0,1,43.01570835059781,2,73.62521222785205
sano,87,3,A_steiner,5186.0,1,43.01570835059781,2,73.62521222785205
sano,87,4,A_steiner,5186.0,1,43.01570835059781,2,73.62521222785205
sano,87,5,A_steiner,5186.0,1,43.01570835059781,2,73.62521222785205
sano,87,6,B_incremental,5186.0,1,43.01570835059781,2,73.62521222785205
sano,87,7,B_incremental,5186.0,1,43.01570835059781,2,73.62521222785205
sano,87,8,B_incremental,5186.0,1,43.01570835059781,2,73.62521222785205
sano,87,9,B_incremental,5186.0,1,43.01570835059781,2,73.62521222785205
sano,87,10,B_incremental,5186.0,1,43.01570835059781,2,73.62521222785205
sano,87,11,B_incremental,5186.0,1,43.01570835059781,2,73.62521222785205
sano,91,0,A_steiner,1845.0,2,98.58203903702383,3,221.0056327725362
sano,91,1,A_steiner,1845.0,2,98.58203903702383,3,221.0056327725362
sano,91,2,A_steiner,1845.0,2,98.58203903702383,3,221.0056327725362
sano,91,3,A_steiner,1845.0,2,98.58203903702383,3,221.0056327725362
sano,91,4,A_steiner,1845.0,2,98.58203903702383,3,221.0056327725362
sano,91,5,A_steiner,1845.0,2,98.58203903702383,3,221.0056327725362
sano,91,6,B_incremental,1845.0,2,98.58203903702383,3,221.0056327725362
sano,91,7,B_incremental,1845.0,2,98.58203903702383,3,221.0056327725362
sano,91,8,B_incremental,1845.0,2,98.58203903702383,3,221.0056327725362
sano,91,9,B_incremental,1845.0,2,98.58203903702383,3,221.0056327725362
sano,91,10,B_incremental,1845.0,2,98.58203903702383,3,221.0056327725362
sano,91,11,B_incremental,1845.0,2,98.58203903702383,3,221.0056327725362
sano,94,0,A_steiner,5207.0,2,60.408043483634,3,175.87403800604415
sano,94,1,A_steiner,5207.0,2,60.408043483634,3,175.87403800604415
sano,94,2,A_steiner,5207.0,2,60.408043483634,3,175.87403800604415
sano,94,3,A_steiner,5207.0,2,60.408043483634,3,175.87403800604415
sano,94,4,A_steiner,5207.0,2,60.408043483634,3,175.87403800604415
sano,94,5,A_steiner,5207.0,2,60.408043483634,3,175.87403800604415
sano,94,6,B_incremental,5207.0,2,60.408043483634,3,175.87403800604415
sano,94,7,B_incremental,5207.0,2,60.408043483634,3,175.87403800604415
sano,94,8,B_incremental,5207.0,2,60.408043483634,3,175.87403800604415
sano,94,9,B_incremental,5207.0,2,60.408043483634,3,175.87403800604415
sano,94,10,B_incremental,5207.0,2,60.408043483634,3,175.87403800604415
sano,94,11,B_incremental,5207.0,2,60.408043483634,3,175.87403800604415
sano,96,0,A_steiner,1819.0,3,131.74375952385617,2,40.984773911238385
sano,96,1,A_steiner,1819.0,3,131.74375952385617,2,40.984773911238385
sano,96,2,A_steiner,1819.0,3,131.74375952385617,2,40.984773911238385
sano,96,3,A_steiner,1819.0,3,131.74375952385617,2,40.984773911238385
sano,96,4,A_steiner,1819.0,3,131.74375952385617,2,40.984773911238385
sano,96,5,A_steiner,1819.0,3,131.74375952385617,2,40.984773911238385
sano,96,6,B_incremental,1819.0,3,131.74375952385617,2,40.984773911238385
sano,96,7,B_incremental,1819.0,3,131.74375952385617,2,40.984773911238385
sano,96,8,B_incremental,1819.0,3,131.74375952385617,2,40.984773911238385
sano,96,9,B_incremental,1819.0,3,131.74375952385617,2,40.984773911238385
sano,96,10,B_incremental,1819.0,3,131.74375952385617,2,40.984773911238385
sano,96,11,B_incremental,1819.0,3,131.74375952385617,2,40.984773911238385
sano,102,0,A_steiner,1792.0,3,148.00890892775584,4,163.13272087525826
sano,102,1,A_steiner,1792.0,3,148.00890892775584,4,163.13272087525826
sano,102,2,A_steiner,1792.0,3,148.00890892775584,4,163.13272087525826
sano,102,3,A_steiner,1792.0,3,148.00890892775584,4,163.13272087525826
sano,102,4,A_steiner,1792.0,3,148.00890892775584,4,163.13272087525826
sano,102,5,A_steiner,1792.0,3,148.00890892775584,4,163.13272087525826
sano,102,6,B_incremental,1792.0,3,148.00890892775584,4,163.13272087525826
sano,102,7,B_incremental,1792.0,3,148.00890892775584,4,163.13272087525826
sano,102,8,B_incremental,1792.0,3,148.00890892775584,4,163.13272087525826
sano,102,9,B_incremental,1792.0,3,148.00890892775584,4,163.13272087525826
sano,102,10,B_incremental,1792.0,3,148.00890892775584,4,163.13272087525826
sano,102,11,B_incremental,1792.0,3,148.00890892775584,4,163.13272087525826
sano,103,0,A_steiner,4837.0,1,12.075186797736125,2,60.78519394890254
sano,103,1,A_steiner,4837.0,1,12.075186797736125,2,60.78519394890254
sano,103,2,A_steiner,4837.0,1,12.075186797736125,2,60.78519394890254
sano,103,3,A_steiner,4837.0,1,12.075186797736125,2,60.78519394890254
sano,103,4,A_steiner,4837.0,1,12.075186797736125,2,60.78519394890254
sano,103,5,A_steiner,4837.0,1,12.075186797736125,2,60.78519394890254
sano,103,6,B_incremental,4837.0,1,12.075186797736125,2,60.78519394890254
sano,103,7,B_incremental,4837.0,1,12.075186797736125,2,60.78519394890254
sano,103,8,B_incremental,4837.0,1,12.075186797736125,2,60.78519394890254
sano,103,9,B_incremental,4837.0,1,12.075186797736125,2,60.78519394890254
sano,103,10,B_incremental,4837.0,1,12.075186797736125,2,60.78519394890254
sano,103,11,B_incremental,4837.0,1,12.075186797736125,2,60.78519394890254
sano,107,0,A_steiner,1757.0,1,22.141710207047502,2,116.0598313161008
sano,107,1,A_steiner,1757.0,1,22.141710207047502,2,116.0598313161008
sano,107,2,A_steiner,1757.0,1,22.141710207047502,2,116.0598313161008
sano,107,3,A_steiner,1757.0,1,22.141710207047502,2,116.0598313161008
sano,107,4,A_steiner,1757.0,1,22.141710207047502,2,116.0598313161008
sano,107,5,A_steiner,1757.0,1,22.141710207047502,2,116.0598313161008
sano,107,6,B_incremental,1757.0,1,22.141710207047502,2,116.0598313161008
sano,107,7,B_incremental,1757.0,1,22.141710207047502,2,116.0598313161008
sano,107,8,B_incremental,1757.0,1,22.141710207047502,2,116.0598313161008
sano,107,9,B_incremental,1757.0,1,22.141710207047502,2,116.0598313161008
sano,107,10,B_incremental,1757.0,1,22.141710207047502,2,116.0598313161008
sano,107,11,B_incremental,1757.0,1,22.141710207047502,2,116.0598313161008
sano,108,0,A_steiner,4888.0,2,86.51064777367759,3,149.64462788236665
sano,108,1,A_steiner,4888.0,2,86.51064777367759,3,149.64462788236665
sano,108,2,A_steiner,4888.0,2,86.51064777367759,3,149.64462788236665
sano,108,3,A_steiner,4888.0,2,86.51064777367759,3,149.64462788236665
sano,108,4,A_steiner,4888.0,2,86.51064777367759,3,149.64462788236665
sano,108,5,A_steiner,4888.0,2,86.51064777367759,3,149.64462788236665
sano,108,6,B_incremental,4888.0,2,86.51064777367759,3,149.64462788236665
sano,108,7,B_incremental,4888.0,2,86.51064777367759,3,149.64462788236665
sano,108,8,B_incremental,4888.0,2,86.51064777367759,3,149.64462788236665
sano,108,9,B_incremental,4888.0,2,86.51064777367759,3,149.64462788236665
sano,108,10,B_incremental,4888.0,2,86.51064777367759,3,149.64462788236665
sano,108,11,B_incremental,4888.0,2,86.51064777367759,3,149.64462788236665
sano,109,0,A_steiner,3721.0,1,51.68805824074923,2,171.65970783013694
sano,109,1,A_steiner,3721.0,1,51.68805824074923,2,171.65970783013694
sano,109,2,A_steiner,3721.0,1,51.68805824074923,2,171.65970783013694
sano,109,3,A_steiner,3721.0,1,51.68805824074923,2,171.65970783013694
sano,109,4,A_steiner,3721.0,1,51.68805824074923,2,171.65970783013694
sano,109,5,A_steiner,3721.0,1,51.68805824074923,2,171.65970783013694
sano,109,6,B_incremental,3721.0,1,51.68805824074923,2,171.65970783013694
sano,109,7,B_incremental,3721.0,1,51.68805824074923,2,171.65970783013694
sano,109,8,B_incremental,3721.0,1,51.68805824074923,2,171.65970783013694
sano,109,9,B_incremental,3721.0,1,51.68805824074923,2,171.65970783013694
sano,109,10,B_incremental,3721.0,1,51.68805824074923,2,171.65970783013694
sano,109,11,B_incremental,3721.0,1,51.68805824074923,2,171.65970783013694
sano,110,0,A_steiner,1767.0,1,49.46774773910754,2,83.15331843411603
sano,110,1,A_steiner,1767.0,1,49.46774773910754,2,83.15331843411603
sano,110,2,A_steiner,1767.0,1,49.46774773910754,2,83.15331843411603
sano,110,3,A_steiner,1767.0,1,49.46774773910754,2,83.15331843411603
sano,110,4,A_steiner,1767.0,1,49.46774773910754,2,83.15331843411603
sano,110,5,A_steiner,1767.0,1,49.46774773910754,2,83.15331843411603
sano,110,6,B_incremental,1767.0,1,49.46774773910754,2,83.15331843411603
sano,110,7,B_incremental,1767.0,1,49.46774773910754,2,83.15331843411603
sano,110,8,B_incremental,1767.0,1,49.46774773910754,2,83.15331843411603
sano,110,9,B_incremental,1767.0,1,49.46774773910754,2,83.15331843411603
sano,110,10,B_incremental,1767.0,1,49.46774773910754,2,83.15331843411603
sano,110,11,B_incremental,1767.0,1,49.46774773910754,2,83.15331843411603
sano,111,0,A_steiner,4855.0,3,307.098296341791,2,153.62597571851938
sano,111,1,A_steiner,4855.0,3,307.098296341791,2,153.62597571851938
sano,111,2,A_steiner,4855.0,3,307.098296341791,2,153.62597571851938
sano,111,3,A_steiner,4855.0,3,307.098296341791,2,153.62597571851938
sano,111,4,A_steiner,4855.0,3,307.098296341791,2,153.62597571851938
sano,111,5,A_steiner,4855.0,3,307.098296341791,2,153.62597571851938
sano,111,6,B_incremental,4855.0,3,307.098296341791,2,153.62597571851938
sano,111,7,B_incremental,4855.0,3,307.098296341791,2,153.62597571851938
sano,111,8,B_incremental,4855.0,3,307.098296341791,2,153.62597571851938
sano,111,9,B_incremental,4855.0,3,307.098296341791,2,153.62597571851938
sano,111,10,B_incremental,4855.0,3,307.098296341791,2,153.62597571851938
sano,111,11,B_incremental,4855.0,3,307.098296341791,2,153.62597571851938
sano,112,0,A_steiner,6158.0,1,33.89487723321358,2,77.17603383331982
sano,112,1,A_steiner,6158.0,1,33.89487723321358,2,77.17603383331982
sano,112,2,A_steiner,6158.0,1,33.89487723321358,2,77.17603383331982
sano,112,3,A_steiner,6158.0,1,33.89487723321358,2,77.17603383331982
sano,112,4,A_steiner,6158.0,1,33.89487723321358,2,77.17603383331982
sano,112,5,A_steiner,6158.0,1,33.89487723321358,2,77.17603383331982
sano,112,6,B_incremental,6158.0,1,33.89487723321358,2,77.17603383331982
sano,112,7,B_incremental,6158.0,1,33.89487723321358,2,77.17603383331982
sano,112,8,B_incremental,6158.0,1,33.89487723321358,2,77.17603383331982
sano,112,9,B_incremental,6158.0,1,33.89487723321358,2,77.17603383331982
sano,112,10,B_incremental,6158.0,1,33.89487723321358,2,77.17603383331982
sano,112,11,B_incremental,6158.0,1,33.89487723321358,2,77.17603383331982
sano,113,0,A_steiner,5226.0,1,22.8572831228228,2,52.419380836955604
sano,113,1,A_steiner,5226.0,1,22.8572831228228,2,52.419380836955604
sano,113,2,A_steiner,5226.0,1,22.8572831228228,2,52.419380836955604
sano,113,3,A_steiner,5226.0,1,22.8572831228228,2,52.419380836955604
sano,113,4,A_steiner,5226.0,1,22.8572831228228,2,52.419380836955604
sano,113,5,A_steiner,5226.0,1,22.8572831228228,2,52.419380836955604
sano,113,6,B_incremental,5226.0,1,22.8572831228228,2,52.419380836955604
sano,113,7,B_incremental,5226.0,1,22.8572831228228,2,52.419380836955604
sano,113,8,B_incremental,5226.0,1,22.8572831228228,2,52.419380836955604
sano,113,9,B_incremental,5226.0,1,22.8572831228228,2,52.419380836955604
sano,113,10,B_incremental,5226.0,1,22.8572831228228,2,52.419380836955604
sano,113,11,B_incremental,5226.0,1,22.8572831228228,2,52.419380836955604
sano,115,0,A_steiner,5214.0,1,42.17055877383715,2,136.41113643677318
sano,115,1,A_steiner,5214.0,1,42.17055877383715,2,136.41113643677318
sano,115,2,A_steiner,5214.0,1,42.17055877383715,2,136.41113643677318
sano,115,3,A_steiner,5214.0,1,42.17055877383715,2,136.41113643677318
sano,115,4,A_steiner,5214.0,1,42.17055877383715,2,136.41113643677318
sano,115,5,A_steiner,5214.0,1,42.17055877383715,2,136.41113643677318
sano,115,6,B_incremental,5214.0,1,42.17055877383715,2,136.41113643677318
sano,115,7,B_incremental,5214.0,1,42.17055877383715,2,136.41113643677318
sano,115,8,B_incremental,5214.0,1,42.17055877383715,2,136.41113643677318
sano,115,9,B_incremental,5214.0,1,42.17055877383715,2,136.41113643677318
sano,115,10,B_incremental,5214.0,1,42.17055877383715,2,136.41113643677318
sano,115,11,B_incremental,5214.0,1,42.17055877383715,2,136.41113643677318
sano,117,0,A_steiner,1831.0,1,31.40227534996073,2,40.93713869861483
sano,117,1,A_steiner,1831.0,1,31.40227534996073,2,40.93713869861483
sano,117,2,A_steiner,1831.0,1,31.40227534996073,2,40.93713869861483
sano,117,3,A_steiner,1831.0,1,31.40227534996073,2,40.93713869861483
sano,117,4,A_steiner,1831.0,1,31.40227534996073,2,40.93713869861483
sano,117,5,A_steiner,1831.0,1,31.40227534996073,2,40.93713869861483
sano,117,6,B_incremental,1831.0,1,31.40227534996073,2,40.93713869861483
sano,117,7,B_incremental,1831.0,1,31.40227534996073,2,40.93713869861483
sano,117,8,B_incremental,1831.0,1,31.40227534996073,2,40.93713869861483
sano,117,9,B_incremental,1831.0,1,31.40227534996073,2,40.93713869861483
sano,117,10,B_incremental,1831.0,1,31.40227534996073,2,40.93713869861483
sano,117,11,B_incremental,1831.0,1,31.40227534996073,2,40.93713869861483
sano,120,0,A_steiner,1860.0,2,196.97056750385013,3,80.17050275509224
sano,120,1,A_steiner,1860.0,2,196.97056750385013,3,80.17050275509224
sano,120,2,A_steiner,1860.0,2,196.97056750385013,3,80.17050275509224
sano,120,3,A_steiner,1860.0,2,196.97056750385013,3,80.17050275509224
sano,120,4,A_steiner,1860.0,2,196.97056750385013,3,80.17050275509224
sano,120,5,A_steiner,1860.0,2,196.97056750385013,3,80.17050275509224
sano,120,6,B_incremental,1860.0,2,196.97056750385013,3,80.17050275509224
sano,120,7,B_incremental,1860.0,2,196.97056750385013,3,80.17050275509224
sano,120,8,B_incremental,1860.0,2,196.97056750385013,3,80.17050275509224
sano,120,9,B_incremental,1860.0,2,196.97056750385013,3,80.17050275509224
sano,120,10,B_incremental,1860.0,2,196.97056750385013,3,80.17050275509224
sano,120,11,B_incremental,1860.0,2,196.97056750385013,3,80.17050275509224
sano,121,0,A_steiner,1750.0,1,59.5980487858452,2,74.14007019983765
sano,121,1,A_steiner,1750.0,1,59.5980487858452,2,74.14007019983765
sano,121,2,A_steiner,1750.0,1,59.5980487858452,2,74.14007019983765
sano,121,3,A_steiner,1750.0,1,59.5980487858452,2,74.14007019983765
sano,121,4,A_steiner,1750.0,1,59.5980487858452,2,74.14007019983765
sano,121,5,A_steiner,1750.0,1,59.5980487858452,2,74.14007019983765
sano,121,6,B_incremental,1750.0,1,59.5980487858452,2,74.14007019983765
sano,121,7,B_incremental,1750.0,1,59.5980487858452,2,74.14007019983765
sano,121,8,B_incremental,1750.0,1,59.5980487858452,2,74.14007019983765
sano,121,9,B_incremental,1750.0,1,59.5980487858452,2,74.14007019983765
sano,121,10,B_incremental,1750.0,1,59.5980487858452,2,74.14007019983765
sano,121,11,B_incremental,1750.0,1,59.5980487858452,2,74.14007019983765
sano,126,0,A_steiner,5555.0,4,250.87833868706778,2,116.22737767869029
sano,126,1,A_steiner,5555.0,4,250.87833868706778,2,116.22737767869029
sano,126,2,A_steiner,5555.0,4,250.87833868706778,2,116.22737767869029
sano,126,3,A_steiner,5555.0,4,250.87833868706778,2,116.22737767869029
sano,126,4,A_steiner,5555.0,4,250.87833868706778,2,116.22737767869029
sano,126,5,A_steiner,5555.0,4,250.87833868706778,2,116.22737767869029
sano,126,6,B_incremental,5555.0,4,250.87833868706775,2,116.22737767869029
sano,126,7,B_incremental,5555.0,4,250.87833868706775,2,116.22737767869029
sano,126,8,B_incremental,5555.0,4,250.87833868706775,2,116.22737767869029
sano,126,9,B_incremental,5555.0,4,250.87833868706775,2,116.22737767869029
sano,126,10,B_incremental,5555.0,4,250.87833868706775,2,116.22737767869029
sano,126,11,B_incremental,5555.0,4,250.87833868706775,2,116.22737767869029
sano,128,0,A_steiner,6226.0,1,58.91116052652614,2,201.06778040573403
sano,128,1,A_steiner,6226.0,1,58.91116052652614,2,201.06778040573403
sano,128,2,A_steiner,6226.0,1,58.91116052652614,2,201.06778040573403
sano,128,3,A_steiner,6226.0,1,58.91116052652614,2,201.06778040573403
sano,128,4,A_steiner,6226.0,1,58.91116052652614,2,201.06778040573403
sano,128,5,A_steiner,6226.0,1,58.91116052652614,2,201.06778040573403
sano,128,6,B_incremental,6226.0,1,58.91116052652614,2,201.06778040573403
sano,128,7,B_incremental,6226.0,1,58.91116052652614,2,201.06778040573403
sano,128,8,B_incremental,6226.0,1,58.91116052652614,2,201.06778040573403
sano,128,9,B_incremental,6226.0,1,58.91116052652614,2,201.06778040573403
sano,128,10,B_incremental,6226.0,1,58.91116052652614,2,201.06778040573403
sano,128,11,B_incremental,6226.0,1,58.91116052652614,2,201.06778040573403
sano,129,0,A_steiner,1813.0,1,49.93426720211577,2,111.62249332541963
sano,129,1,A_steiner,1813.0,1,49.93426720211577,2,111.62249332541963
sano,129,2,A_steiner,1813.0,1,49.93426720211577,2,111.62249332541963
sano,129,3,A_steiner,1813.0,1,49.93426720211577,2,111.62249332541963
sano,129,4,A_steiner,1813.0,1,49.93426720211577,2,111.62249332541963
sano,129,5,A_steiner,1813.0,1,49.93426720211577,2,111.62249332541963
sano,129,6,B_incremental,1813.0,1,49.93426720211577,2,111.62249332541963
sano,129,7,B_incremental,1813.0,1,49.93426720211577,2,111.62249332541963
sano,129,8,B_incremental,1813.0,1,49.93426720211577,2,111.62249332541963
sano,129,9,B_incremental,1813.0,1,49.93426720211577,2,111.62249332541963
sano,129,10,B_incremental,1813.0,1,49.93426720211577,2,111.62249332541963
sano,129,11,B_incremental,1813.0,1,49.93426720211577,2,111.62249332541963
sano,130,0,A_steiner,5503.0,1,45.78877593416932,2,83.86317457843485
sano,130,1,A_steiner,5503.0,1,45.78877593416932,2,83.86317457843485
sano,130,2,A_steiner,5503.0,1,45.78877593416932,2,83.86317457843485
sano,130,3,A_steiner,5503.0,1,45.78877593416932,2,83.86317457843485
sano,130,4,A_steiner,5503.0,1,45.78877593416932,2,83.86317457843485
sano,130,5,A_steiner,5503.0,1,45.78877593416932,2,83.86317457843485
sano,130,6,B_incremental,5503.0,1,45.78877593416932,2,83.86317457843485
sano,130,7,B_incremental,5503.0,1,45.78877593416932,2,83.86317457843485
sano,130,8,B_incremental,5503.0,1,45.78877593416932,2,83.86317457843485
sano,130,9,B_incremental,5503.0,1,45.78877593416932,2,83.86317457843485
sano,130,10,B_incremental,5503.0,1,45.78877593416932,2,83.86317457843485
sano,130,11,B_incremental,5503.0,1,45.78877593416932,2,83.86317457843485
sano,137,0,A_steiner,205.0,1,19.951194370108773,2,177.19803880848855
sano,137,1,A_steiner,205.0,1,19.951194370108773,2,177.19803880848855
sano,137,2,A_steiner,205.0,1,19.951194370108773,2,177.19803880848855
sano,137,3,A_steiner,205.0,1,19.951194370108773,2,177.19803880848855
sano,137,4,A_steiner,205.0,1,19.951194370108773,2,177.19803880848855
sano,137,5,A_steiner,205.0,1,19.951194370108773,2,177.19803880848855
sano,137,6,B_incremental,205.0,1,19.951194370108773,2,177.19803880848855
sano,137,7,B_incremental,205.0,1,19.951194370108773,2,177.19803880848855
sano,137,8,B_incremental,205.0,1,19.951194370108773,2,177.19803880848855
sano,137,9,B_incremental,205.0,1,19.951194370108773,2,177.19803880848855
sano,137,10,B_incremental,205.0,1,19.951194370108773,2,177.19803880848855
sano,137,11,B_incremental,205.0,1,19.951194370108773,2,177.19803880848855
sano,139,0,A_steiner,4675.0,1,6.649916082522103,2,106.20222077279952
sano,139,1,A_steiner,4675.0,1,6.649916082522103,2,106.20222077279952
sano,139,2,A_steiner,4675.0,1,6.649916082522103,2,106.20222077279952
sano,139,3,A_steiner,4675.0,1,6.649916082522103,2,106.20222077279952
sano,139,4,A_steiner,4675.0,1,6.649916082522103,2,106.20222077279952
sano,139,5,A_steiner,4675.0,1,6.649916082522103,2,106.20222077279952
sano,139,6,B_incremental,4675.0,1,6.649916082522103,2,106.20222077279952
sano,139,7,B_incremental,4675.0,1,6.649916082522103,2,106.20222077279952
sano,139,8,B_incremental,4675.0,1,6.649916082522103,2,106.20222077279952
sano,139,9,B_incremental,4675.0,1,6.649916082522103,2,106.20222077279952
sano,139,10,B_incremental,4675.0,1,6.649916082522103,2,106.20222077279952
sano,139,11,B_incremental,4675.0,1,6.649916082522103,2,106.20222077279952
sano,141,0,A_steiner,1804.0,2,105.08783278573546,3,180.9044578524768
sano,141,1,A_steiner,1804.0,2,105.08783278573546,3,180.9044578524768
sano,141,2,A_steiner,1804.0,2,105.08783278573546,3,180.9044578524768
sano,141,3,A_steiner,1804.0,2,105.08783278573546,3,180.9044578524768
sano,141,4,A_steiner,1804.0,2,105.08783278573546,3,180.9044578524768
sano,141,5,A_steiner,1804.0,2,105.08783278573546,3,180.9044578524768
sano,141,6,B_incremental,1804.0,2,105.08783278573546,3,180.9044578524768
sano,141,7,B_incremental,1804.0,2,105.08783278573546,3,180.9044578524768
sano,141,8,B_incremental,1804.0,2,105.08783278573546,3,180.9044578524768
sano,141,9,B_incremental,1804.0,2,105.08783278573546,3,180.9044578524768
sano,141,10,B_incremental,1804.0,2,105.08783278573546,3,180.9044578524768
sano,141,11,B_incremental,1804.0,2,105.08783278573546,3,180.9044578524768
sano,142,0,A_steiner,5028.0,2,113.77415451678314,3,80.00622282645577
sano,142,1,A_steiner,5028.0,2,113.77415451678314,3,80.00622282645577
sano,142,2,A_steiner,5028.0,2,113.77415451678314,3,80.00622282645577
sano,142,3,A_steiner,5028.0,2,113.77415451678314,3,80.00622282645577
sano,142,4,A_steiner,5028.0,2,113.77415451678314,3,80.00622282645577
sano,142,5,A_steiner,5028.0,2,113.77415451678314,3,80.00622282645577
sano,142,6,B_incremental,5028.0,2,113.77415451678314,3,80.00622282645577
sano,142,7,B_incremental,5028.0,2,113.77415451678314,3,80.00622282645577
sano,142,8,B_incremental,5028.0,2,113.77415451678314,3,80.00622282645577
sano,142,9,B_incremental,5028.0,2,113.77415451678314,3,80.00622282645577
sano,142,10,B_incremental,5028.0,2,113.77415451678314,3,80.00622282645577
sano,142,11,B_incremental,5028.0,2,113.77415451678314,3,80.00622282645577
sano,149,0,A_steiner,77.0,2,107.00757127485606,3,233.52403524207924
sano,149,1,A_steiner,77.0,2,107.00757127485606,3,233.52403524207924
sano,149,2,A_steiner,77.0,2,107.00757127485606,3,233.52403524207924
sano,149,3,A_steiner,77.0,2,107.00757127485606,3,233.52403524207924
sano,149,4,A_steiner,77.0,2,107.00757127485606,3,233.52403524207924
sano,149,5,A_steiner,77.0,2,107.00757127485606,3,233.52403524207924
sano,149,6,B_incremental,77.0,2,107.00757127485606,3,233.52403524207924
sano,149,7,B_incremental,77.0,2,107.00757127485606,3,233.52403524207924
sano,149,8,B_incremental,77.0,2,107.00757127485606,3,233.52403524207924
sano,149,9,B_incremental,77.0,2,107.00757127485606,3,233.52403524207924
sano,149,10,B_incremental,77.0,2,107.00757127485606,3,233.52403524207924
sano,149,11,B_incremental,77.0,2,107.00757127485606,3,233.52403524207924
sano,150,0,A_steiner,6150.0,1,57.02361263870635,2,107.0349785956092
sano,150,1,A_steiner,6150.0,1,57.02361263870635,2,107.0349785956092
sano,150,2,A_steiner,6150.0,1,57.02361263870635,2,107.0349785956092
sano,150,3,A_steiner,6150.0,1,57.02361263870635,2,107.0349785956092
sano,150,4,A_steiner,6150.0,1,57.02361263870635,2,107.0349785956092
sano,150,5,A_steiner,6150.0,1,57.02361263870635,2,107.0349785956092
sano,150,6,B_incremental,6150.0,1,57.02361263870635,2,107.0349785956092
sano,150,7,B_incremental,6150.0,1,57.02361263870635,2,107.0349785956092
sano,150,8,B_incremental,6150.0,1,57.02361263870635,2,107.0349785956092
sano,150,9,B_incremental,6150.0,1,57.02361263870635,2,107.0349785956092
sano,150,10,B_incremental,6150.0,1,57.02361263870635,2,107.0349785956092
sano,150,11,B_incremental,6150.0,1,57.02361263870635,2,107.0349785956092
sano,153,0,A_steiner,1787.0,1,59.54674291141877,2,181.12177666590713
sano,153,1,A_steiner,1787.0,1,59.54674291141877,2,181.12177666590713
sano,153,2,A_steiner,1787.0,1,59.54674291141877,2,181.12177666590713
sano,153,3,A_steiner,1787.0,1,59.54674291141877,2,181.12177666590713
sano,153,4,A_steiner,1787.0,1,59.54674291141877,2,181.12177666590713
sano,153,5,A_steiner,1787.0,1,59.54674291141877,2,181.12177666590713
sano,153,6,B_incremental,1787.0,1,59.54674291141877,2,181.12177666590713
sano,153,7,B_incremental,1787.0,1,59.54674291141877,2,181.12177666590713
sano,153,8,B_incremental,1787.0,1,59.54674291141877,2,181.12177666590713
sano,153,9,B_incremental,1787.0,1,59.54674291141877,2,181.12177666590713
sano,153,10,B_incremental,1787.0,1,59.54674291141877,2,181.12177666590713
sano,153,11,B_incremental,1787.0,1,59.54674291141877,2,181.12177666590713
sano,155,0,A_steiner,91.0,1,26.768131832279494,2,54.6498621938674
sano,155,1,A_steiner,91.0,1,26.768131832279494,2,54.6498621938674
sano,155,2,A_steiner,91.0,1,26.768131832279494,2,54.6498621938674
sano,155,3,A_steiner,91.0,1,26.768131832279494,2,54.6498621938674
sano,155,4,A_steiner,91.0,1,26.768131832279494,2,54.6498621938674
sano,155,5,A_steiner,91.0,1,26.768131832279494,2,54.6498621938674
sano,155,6,B_incremental,91.0,1,26.768131832279494,2,54.6498621938674
sano,155,7,B_incremental,91.0,1,26.768131832279494,2,54.6498621938674
sano,155,8,B_incremental,91.0,1,26.768131832279494,2,54.6498621938674
sano,155,9,B_incremental,91.0,1,26.768131832279494,2,54.6498621938674
sano,155,10,B_incremental,91.0,1,26.768131832279494,2,54.6498621938674
sano,155,11,B_incremental,91.0,1,26.768131832279494,2,54.6498621938674
sano,156,0,A_steiner,4823.0,1,12.133666401749238,2,14.470450924132301
sano,156,1,A_steiner,4823.0,1,12.133666401749238,2,14.470450924132301
sano,156,2,A_steiner,4823.0,1,12.133666401749238,2,14.470450924132301
sano,156,3,A_steiner,4823.0,1,12.133666401749238,2,14.470450924132301
sano,156,4,A_steiner,4823.0,1,12.133666401749238,2,14.470450924132301
sano,156,5,A_steiner,4823.0,1,12.133666401749238,2,14.470450924132301
sano,156,6,B_incremental,4823.0,1,12.133666401749238,2,14.470450924132301
sano,156,7,B_incremental,4823.0,1,12.133666401749238,2,14.470450924132301
sano,156,8,B_incremental,4823.0,1,12.133666401749238,2,14.470450924132301
sano,156,9,B_incremental,4823.0,1,12.133666401749238,2,14.470450924132301
sano,156,10,B_incremental,4823.0,1,12.133666401749238,2,14.470450924132301
sano,156,11,B_incremental,4823.0,1,12.133666401749238,2,14.470450924132301
sano,159,0,A_steiner,1710.0,1,3.202360130028989,2,63.9512620467503
sano,159,1,A_steiner,1710.0,1,3.202360130028989,2,63.9512620467503
sano,159,2,A_steiner,1710.0,1,3.202360130028989,2,63.9512620467503
sano,159,3,A_steiner,1710.0,1,3.202360130028989,2,63.9512620467503
sano,159,4,A_steiner,1710.0,1,3.202360130028989,2,63.9512620467503
sano,159,5,A_steiner,1710.0,1,3.202360130028989,2,63.9512620467503
sano,159,6,B_incremental,1710.0,1,3.202360130028989,2,63.9512620467503
sano,159,7,B_incremental,1710.0,1,3.202360130028989,2,63.9512620467503
sano,159,8,B_incremental,1710.0,1,3.202360130028989,2,63.9512620467503
sano,159,9,B_incremental,1710.0,1,3.202360130028989,2,63.9512620467503
sano,159,10,B_incremental,1710.0,1,3.202360130028989,2,63.9512620467503
sano,159,11,B_incremental,1710.0,1,3.202360130028989,2,63.9512620467503
sano,160,0,A_steiner,1497.0,2,58.41499705436624,3,184.66626034238558
sano,160,1,A_steiner,1497.0,2,58.41499705436624,3,184.66626034238558
sano,160,2,A_steiner,1497.0,2,58.41499705436624,3,184.66626034238558
sano,160,3,A_steiner,1497.0,2,58.41499705436624,3,184.66626034238558
sano,160,4,A_steiner,1497.0,2,58.41499705436624,3,184.66626034238558
sano,160,5,A_steiner,1497.0,2,58.41499705436624,3,184.66626034238558
sano,160,6,B_incremental,1497.0,2,58.41499705436624,3,184.66626034238558
sano,160,7,B_incremental,1497.0,2,58.41499705436624,3,184.66626034238558
sano,160,8,B_incremental,1497.0,2,58.41499705436624,3,184.66626034238558
sano,160,9,B_incremental,1497.0,2,58.41499705436624,3,184.66626034238558
sano,160,10,B_incremental,1497.0,2,58.41499705436624,3,184.66626034238558
sano,160,11,B_incremental,1497.0,2,58.41499705436624,3,184.66626034238558
sano,161,0,A_steiner,3610.0,2,118.6204934470448,3,266.70035269847403
sano,161,1,A_steiner,3610.0,2,118.6204934470448,3,266.70035269847403
sano,161,2,A_steiner,3610.0,2,118.6204934470448,3,266.70035269847403
sano,161,3,A_steiner,3610.0,2,118.6204934470448,3,266.70035269847403
sano,161,4,A_steiner,3610.0,2,118.6204934470448,3,266.70035269847403
sano,161,5,A_steiner,3610.0,2,118.6204934470448,3,266.70035269847403
sano,161,6,B_incremental,3610.0,2,118.6204934470448,3,266.70035269847403
sano,161,7,B_incremental,3610.0,2,118.6204934470448,3,266.70035269847403
sano,161,8,B_incremental,3610.0,2,118.6204934470448,3,266.70035269847403
sano,161,9,B_incremental,3610.0,2,118.6204934470448,3,266.70035269847403
sano,161,10,B_incremental,3610.0,2,118.6204934470448,3,266.70035269847403
sano,161,11,B_incremental,3610.0,2,118.6204934470448,3,266.70035269847403
sano,162,0,A_steiner,5704.0,1,28.91931155735229,2,26.606469757050075
sano,162,1,A_steiner,5704.0,1,28.91931155735229,2,26.606469757050075
sano,162,2,A_steiner,5704.0,1,28.91931155735229,2,26.606469757050075
sano,162,3,A_steiner,5704.0,1,28.91931155735229,2,26.606469757050075
sano,162,4,A_steiner,5704.0,1,28.91931155735229,2,26.606469757050075
sano,162,5,A_steiner,5704.0,1,28.91931155735229,2,26.606469757050075
sano,162,6,B_incremental,5704.0,1,28.91931155735229,2,26.606469757050075
sano,162,7,B_incremental,5704.0,1,28.91931155735229,2,26.606469757050075
sano,162,8,B_incremental,5704.0,1,28.91931155735229,2,26.606469757050075
sano,162,9,B_incremental,5704.0,1,28.91931155735229,2,26.606469757050075
sano,162,10,B_incremental,5704.0,1,28.91931155735229,2,26.606469757050075
sano,162,11,B_incremental,5704.0,1,28.91931155735229,2,26.606469757050075
sano,163,0,A_steiner,5049.0,2,98.38216516978581,3,132.16633429873085
sano,163,1,A_steiner,5049.0,2,98.38216516978581,3,132.16633429873085
sano,163,2,A_steiner,5049.0,2,98.38216516978581,3,132.16633429873085
sano,163,3,A_steiner,5049.0,2,98.38216516978581,3,132.16633429873085
sano,163,4,A_steiner,5049.0,2,98.38216516978581,3,132.16633429873085
sano,163,5,A_steiner,5049.0,2,98.38216516978581,3,132.16633429873085
sano,163,6,B_incremental,5049.0,2,98.38216516978581,3,132.16633429873085
sano,163,7,B_incremental,5049.0,2,98.38216516978581,3,132.16633429873085
sano,163,8,B_incremental,5049.0,2,98.38216516978581,3,132.16633429873085
sano,163,9,B_incremental,5049.0,2,98.38216516978581,3,132.16633429873085
sano,163,10,B_incremental,5049.0,2,98.38216516978581,3,132.16633429873085
sano,163,11,B_incremental,5049.0,2,98.38216516978581,3,132.16633429873085
sano,164,0,A_steiner,6156.0,2,52.11816422266521,2,49.958719291587926
sano,164,1,A_steiner,6156.0,2,52.11816422266521,2,49.958719291587926
sano,164,2,A_steiner,6156.0,2,52.11816422266521,2,49.958719291587926
sano,164,3,A_steiner,6156.0,2,52.11816422266521,2,49.958719291587926
sano,164,4,A_steiner,6156.0,2,52.11816422266521,2,49.958719291587926
sano,164,5,A_steiner,6156.0,2,52.11816422266521,2,49.958719291587926
sano,164,6,B_incremental,6156.0,2,52.11816422266521,2,49.958719291587926
sano,164,7,B_incremental,6156.0,2,52.11816422266521,2,49.958719291587926
sano,164,8,B_incremental,6156.0,2,52.11816422266521,2,49.958719291587926
sano,164,9,B_incremental,6156.0,2,52.11816422266521,2,49.958719291587926
sano,164,10,B_incremental,6156.0,2,52.11816422266521,2,49.958719291587926
sano,164,11,B_incremental,6156.0,2,52.11816422266521,2,49.958719291587926
sano,166,0,A_steiner,4359.0,3,212.80661560913893,2,152.46883146114024
sano,166,1,A_steiner,4359.0,3,212.80661560913893,2,152.46883146114024
sano,166,2,A_steiner,4359.0,3,212.80661560913893,2,152.46883146114024
sano,166,3,A_steiner,4359.0,3,212.80661560913893,2,152.46883146114024
sano,166,4,A_steiner,4359.0,3,212.80661560913893,2,152.46883146114024
sano,166,5,A_steiner,4359.0,3,212.80661560913893,2,152.46883146114024
sano,166,6,B_incremental,4359.0,3,212.80661560913893,2,152.46883146114024
sano,166,7,B_incremental,4359.0,3,212.80661560913893,2,152.46883146114024
sano,166,8,B_incremental,4359.0,3,212.80661560913893,2,152.46883146114024
sano,166,9,B_incremental,4359.0,3,212.80661560913893,2,152.46883146114024
sano,166,10,B_incremental,4359.0,3,212.80661560913893,2,152.46883146114024
sano,166,11,B_incremental,4359.0,3,212.80661560913893,2,152.46883146114024
sano,168,0,A_steiner,1648.0,1,24.23863817881941,2,138.2393842889484
sano,168,1,A_steiner,1648.0,1,24.23863817881941,2,138.2393842889484
sano,168,2,A_steiner,1648.0,1,24.23863817881941,2,138.2393842889484
sano,168,3,A_steiner,1648.0,1,24.23863817881941,2,138.2393842889484
sano,168,4,A_steiner,1648.0,1,24.23863817881941,2,138.2393842889484
sano,168,5,A_steiner,1648.0,1,24.23863817881941,2,138.2393842889484
sano,168,6,B_incremental,1648.0,1,24.23863817881941,2,138.2393842889484
sano,168,7,B_incremental,1648.0,1,24.23863817881941,2,138.2393842889484
sano,168,8,B_incremental,1648.0,1,24.23863817881941,2,138.2393842889484
sano,168,9,B_incremental,1648.0,1,24.23863817881941,2,138.2393842889484
sano,168,10,B_incremental,1648.0,1,24.23863817881941,2,138.2393842889484
sano,168,11,B_incremental,1648.0,1,24.23863817881941,2,138.2393842889484
sano,170,0,A_steiner,3603.0,1,62.00864094923466,2,189.83176386817306
sano,170,1,A_steiner,3603.0,1,62.00864094923466,2,189.83176386817306
sano,170,2,A_steiner,3603.0,1,62.00864094923466,2,189.83176386817306
sano,170,3,A_steiner,3603.0,1,62.00864094923466,2,189.83176386817306
sano,170,4,A_steiner,3603.0,1,62.00864094923466,2,189.83176386817306
sano,170,5,A_steiner,3603.0,1,62.00864094923466,2,189.83176386817306
sano,170,6,B_incremental,3603.0,1,62.00864094923466,2,189.83176386817306
sano,170,7,B_incremental,3603.0,1,62.00864094923466,2,189.83176386817306
sano,170,8,B_incremental,3603.0,1,62.00864094923466,2,189.83176386817306
sano,170,9,B_incremental,3603.0,1,62.00864094923466,2,189.83176386817306
sano,170,10,B_incremental,3603.0,1,62.00864094923466,2,189.83176386817306
sano,170,11,B_incremental,3603.0,1,62.00864094923466,2,189.83176386817306
sano,172,0,A_steiner,4635.0,2,57.59257669815888,3,225.18421793165206
sano,172,1,A_steiner,4635.0,2,57.59257669815888,3,225.18421793165206
sano,172,2,A_steiner,4635.0,2,57.59257669815888,3,225.18421793165206
sano,172,3,A_steiner,4635.0,2,57.59257669815888,3,225.18421793165206
sano,172,4,A_steiner,4635.0,2,57.59257669815888,3,225.18421793165206
sano,172,5,A_steiner,4635.0,2,57.59257669815888,3,225.18421793165206
sano,172,6,B_incremental,4635.0,2,57.59257669815888,3,225.18421793165206
sano,172,7,B_incremental,4635.0,2,57.59257669815888,3,225.18421793165206
sano,172,8,B_incremental,4635.0,2,57.59257669815888,3,225.18421793165206
sano,172,9,B_incremental,4635.0,2,57.59257669815888,3,225.18421793165206
sano,172,10,B_incremental,4635.0,2,57.59257669815888,3,225.18421793165206
sano,172,11,B_incremental,4635.0,2,57.59257669815888,3,225.18421793165206
sano,174,0,A_steiner,1901.0,1,71.44924911940345,2,93.00855909966394
sano,174,1,A_steiner,1901.0,1,71.44924911940345,2,93.00855909966394
sano,174,2,A_steiner,1901.0,1,71.44924911940345,2,93.00855909966394
sano,174,3,A_steiner,1901.0,1,71.44924911940345,2,93.00855909966394
sano,174,4,A_steiner,1901.0,1,71.44924911940345,2,93.00855909966394
sano,174,5,A_steiner,1901.0,1,71.44924911940345,2,93.00855909966394
sano,174,6,B_incremental,1901.0,1,71.44924911940345,2,93.00855909966394
sano,174,7,B_incremental,1901.0,1,71.44924911940345,2,93.00855909966394
sano,174,8,B_incremental,1901.0,1,71.44924911940345,2,93.00855909966394
sano,174,9,B_incremental,1901.0,1,71.44924911940345,2,93.00855909966394
sano,174,10,B_incremental,1901.0,1,71.44924911940345,2,93.00855909966394
sano,174,11,B_incremental,1901.0,1,71.44924911940345,2,93.00855909966394
sano,175,0,A_steiner,1800.0,2,112.97987035707241,3,84.8117608562095
sano,175,1,A_steiner,1800.0,2,112.97987035707241,3,84.8117608562095
sano,175,2,A_steiner,1800.0,2,112.97987035707241,3,84.8117608562095
sano,175,3,A_steiner,1800.0,2,112.97987035707241,3,84.8117608562095
sano,175,4,A_steiner,1800.0,2,112.97987035707241,3,84.8117608562095
sano,175,5,A_steiner,1800.0,2,112.97987035707241,3,84.8117608562095
sano,175,6,B_incremental,1800.0,2,112.97987035707241,3,84.8117608562095
sano,175,7,B_incremental,1800.0,2,112.97987035707241,3,84.8117608562095
sano,175,8,B_incremental,1800.0,2,112.97987035707241,3,84.8117608562095
sano,175,9,B_incremental,1800.0,2,112.97987035707241,3,84.8117608562095
sano,175,10,B_incremental,1800.0,2,112.97987035707241,3,84.8117608562095
sano,175,11,B_incremental,1800.0,2,112.97987035707241,3,84.8117608562095
sano,176,0,A_steiner,4549.0,1,54.18192721169962,2,175.3380648424632
sano,176,1,A_steiner,4549.0,1,54.18192721169962,2,175.3380648424632
sano,176,2,A_steiner,4549.0,1,54.18192721169962,2,175.3380648424632
sano,176,3,A_steiner,4549.0,1,54.18192721169962,2,175.3380648424632
sano,176,4,A_steiner,4549.0,1,54.18192721169962,2,175.3380648424632
sano,176,5,A_steiner,4549.0,1,54.18192721169962,2,175.3380648424632
sano,176,6,B_incremental,4549.0,1,54.18192721169962,2,175.3380648424632
sano,176,7,B_incremental,4549.0,1,54.18192721169962,2,175.3380648424632
sano,176,8,B_incremental,4549.0,1,54.18192721169962,2,175.3380648424632
sano,176,9,B_incremental,4549.0,1,54.18192721169962,2,175.3380648424632
sano,176,10,B_incremental,4549.0,1,54.18192721169962,2,175.3380648424632
sano,176,11,B_incremental,4549.0,1,54.18192721169962,2,175.3380648424632
sano,179,0,A_steiner,5693.0,3,113.98416918050272,4,192.95383987721968
sano,179,1,A_steiner,5693.0,3,113.98416918050272,4,192.95383987721968
sano,179,2,A_steiner,5693.0,3,113.98416918050272,4,192.95383987721968
sano,179,3,A_steiner,5693.0,3,113.98416918050272,4,192.95383987721968
sano,179,4,A_steiner,5693.0,3,113.98416918050272,4,192.95383987721968
sano,179,5,A_steiner,5693.0,3,113.98416918050272,4,192.95383987721968
sano,179,6,B_incremental,5693.0,3,113.98416918050272,4,192.95383987721968
sano,179,7,B_incremental,5693.0,3,113.98416918050272,4,192.95383987721968
sano,179,8,B_incremental,5693.0,3,113.98416918050272,4,192.95383987721968
sano,179,9,B_incremental,5693.0,3,113.98416918050272,4,192.95383987721968
sano,179,10,B_incremental,5693.0,3,113.98416918050272,4,192.95383987721968
sano,179,11,B_incremental,5693.0,3,113.98416918050272,4,192.95383987721968
sano,180,0,A_steiner,4407.0,1,15.05801961508248,2,100.57400706146434
sano,180,1,A_steiner,4407.0,1,15.05801961508248,2,100.57400706146434
sano,180,2,A_steiner,4407.0,1,15.05801961508248,2,100.57400706146434
sano,180,3,A_steiner,4407.0,1,15.05801961508248,2,100.57400706146434
sano,180,4,A_steiner,4407.0,1,15.05801961508248,2,100.57400706146434
sano,180,5,A_steiner,4407.0,1,15.05801961508248,2,100.57400706146434
sano,180,6,B_incremental,4407.0,1,15.05801961508248,2,100.57400706146434
sano,180,7,B_incremental,4407.0,1,15.05801961508248,2,100.57400706146434
sano,180,8,B_incremental,4407.0,1,15.05801961508248,2,100.57400706146434
sano,180,9,B_incremental,4407.0,1,15.05801961508248,2,100.57400706146434
sano,180,10,B_incremental,4407.0,1,15.05801961508248,2,100.57400706146434
sano,180,11,B_incremental,4407.0,1,15.05801961508248,2,100.57400706146434
sano,181,0,A_steiner,5695.0,4,247.99609032388014,3,226.59664714588763
sano,181,1,A_steiner,5695.0,4,247.99609032388014,3,226.59664714588763
sano,181,2,A_steiner,5695.0,4,247.99609032388014,3,226.59664714588763
sano,181,3,A_steiner,5695.0,4,247.99609032388014,3,226.59664714588763
sano,181,4,A_steiner,5695.0,4,247.99609032388014,3,226.59664714588763
sano,181,5,A_steiner,5695.0,4,247.99609032388014,3,226.59664714588763
sano,181,6,B_incremental,5695.0,4,267.81641225830003,3,226.59664714588763
sano,181,7,B_incremental,5695.0,4,267.81641225830003,3,226.59664714588763
sano,181,8,B_incremental,5695.0,4,267.81641225830003,3,226.59664714588763
sano,181,9,B_incremental,5695.0,4,267.81641225830003,3,226.59664714588763
sano,181,10,B_incremental,5695.0,4,267.81641225830003,3,226.59664714588763
sano,181,11,B_incremental,5695.0,4,247.9960903238801,3,226.59664714588763
sano,183,0,A_steiner,5682.0,1,41.90713404290842,2,89.16803864747106
sano,183,1,A_steiner,5682.0,1,41.90713404290842,2,89.16803864747106
sano,183,2,A_steiner,5682.0,1,41.90713404290842,2,89.16803864747106
sano,183,3,A_steiner,5682.0,1,41.90713404290842,2,89.16803864747106
sano,183,4,A_steiner,5682.0,1,41.90713404290842,2,89.16803864747106
sano,183,5,A_steiner,5682.0,1,41.90713404290842,2,89.16803864747106
sano,183,6,B_incremental,5682.0,1,41.90713404290842,2,89.16803864747106
sano,183,7,B_incremental,5682.0,1,41.90713404290842,2,89.16803864747106
sano,183,8,B_incremental,5682.0,1,41.90713404290842,2,89.16803864747106
sano,183,9,B_incremental,5682.0,1,41.90713404290842,2,89.16803864747106
sano,183,10,B_incremental,5682.0,1,41.90713404290842,2,89.16803864747106
sano,183,11,B_incremental,5682.0,1,41.90713404290842,2,89.16803864747106
sano,187,0,A_steiner,4542.0,1,32.30156651353466,2,65.31102935700576
sano,187,1,A_steiner,4542.0,1,32.30156651353466,2,65.31102935700576
sano,187,2,A_steiner,4542.0,1,32.30156651353466,2,65.31102935700576
sano,187,3,A_steiner,4542.0,1,32.30156651353466,2,65.31102935700576
sano,187,4,A_steiner,4542.0,1,32.30156651353466,2,65.31102935700576
sano,187,5,A_steiner,4542.0,1,32.30156651353466,2,65.31102935700576
sano,187,6,B_incremental,4542.0,1,32.30156651353466,2,65.31102935700576
sano,187,7,B_incremental,4542.0,1,32.30156651353466,2,65.31102935700576
sano,187,8,B_incremental,4542.0,1,32.30156651353466,2,65.31102935700576
sano,187,9,B_incremental,4542.0,1,32.30156651353466,2,65.31102935700576
sano,187,10,B_incremental,4542.0,1,32.30156651353466,2,65.31102935700576
sano,187,11,B_incremental,4542.0,1,32.30156651353466,2,65.31102935700576
sano,188,0,A_steiner,4563.0,2,46.6368848854199,3,199.2165379854506
sano,188,1,A_steiner,4563.0,2,46.6368848854199,3,199.2165379854506
sano,188,2,A_steiner,4563.0,2,46.6368848854199,3,199.2165379854506
sano,188,3,A_steiner,4563.0,2,46.6368848854199,3,199.2165379854506
sano,188,4,A_steiner,4563.0,2,46.6368848854199,3,199.2165379854506
sano,188,5,A_steiner,4563.0,2,46.6368848854199,3,199.2165379854506
sano,188,6,B_incremental,4563.0,2,46.6368848854199,3,199.2165379854506
sano,188,7,B_incremental,4563.0,2,46.6368848854199,3,199.2165379854506
sano,188,8,B_incremental,4563.0,2,46.6368848854199,3,199.2165379854506
sano,188,9,B_incremental,4563.0,2,46.6368848854199,3,199.2165379854506
sano,188,10,B_incremental,4563.0,2,46.6368848854199,3,199.2165379854506
sano,188,11,B_incremental,4563.0,2,46.6368848854199,3,199.2165379854506
sano,190,0,A_steiner,4884.0,2,90.65201749610429,3,107.23158516792412
sano,190,1,A_steiner,4884.0,2,90.65201749610429,3,107.23158516792412
sano,190,2,A_steiner,4884.0,2,90.65201749610429,3,107.23158516792412
sano,190,3,A_steiner,4884.0,2,90.65201749610429,3,107.23158516792412
sano,190,4,A_steiner,4884.0,2,90.65201749610429,3,107.23158516792412
sano,190,5,A_steiner,4884.0,2,90.65201749610429,3,107.23158516792412
sano,190,6,B_incremental,4884.0,2,90.65201749610429,3,107.23158516792412
sano,190,7,B_incremental,4884.0,2,90.65201749610429,3,107.23158516792412
sano,190,8,B_incremental,4884.0,2,90.65201749610429,3,107.23158516792412
sano,190,9,B_incremental,4884.0,2,90.65201749610429,3,107.23158516792412
sano,190,10,B_incremental,4884.0,2,90.65201749610429,3,107.23158516792412
sano,190,11,B_incremental,4884.0,2,90.65201749610429,3,107.23158516792412
sano,191,0,A_steiner,5183.0,2,37.75444625755157,3,145.73019304815352
sano,191,1,A_steiner,5183.0,2,37.75444625755157,3,145.73019304815352
sano,191,2,A_steiner,5183.0,2,37.75444625755157,3,145.73019304815352
sano,191,3,A_steiner,5183.0,2,37.75444625755157,3,145.73019304815352
sano,191,4,A_steiner,5183.0,2,37.75444625755157,3,145.73019304815352
sano,191,5,A_steiner,5183.0,2,37.75444625755157,3,145.73019304815352
sano,191,6,B_incremental,5183.0,2,37.75444625755157,3,145.73019304815352
sano,191,7,B_incremental,5183.0,2,37.75444625755157,3,145.73019304815352
sano,191,8,B_incremental,5183.0,2,37.75444625755157,3,145.73019304815352
sano,191,9,B_incremental,5183.0,2,37.75444625755157,3,145.73019304815352
sano,191,10,B_incremental,5183.0,2,37.75444625755157,3,145.73019304815352
sano,191,11,B_incremental,5183.0,2,37.75444625755157,3,145.73019304815352
sano,198,0,A_steiner,6217.0,2,26.889065321212108,3,168.40814196093365
sano,198,1,A_steiner,6217.0,2,26.889065321212108,3,168.40814196093365
sano,198,2,A_steiner,6217.0,2,26.889065321212108,3,168.40814196093365
sano,198,3,A_steiner,6217.0,2,26.889065321212108,3,168.40814196093365
sano,198,4,A_steiner,6217.0,2,26.889065321212108,3,168.40814196093365
sano,198,5,A_steiner,6217.0,2,26.889065321212108,3,168.40814196093365
sano,198,6,B_incremental,6217.0,2,26.889065321212108,3,168.40814196093365
sano,198,7,B_incremental,6217.0,2,26.889065321212108,3,168.40814196093365
sano,198,8,B_incremental,6217.0,2,26.889065321212108,3,168.40814196093365
sano,198,9,B_incremental,6217.0,2,26.889065321212108,3,168.40814196093365
sano,198,10,B_incremental,6217.0,2,26.889065321212108,3,168.40814196093365
sano,198,11,B_incremental,6217.0,2,26.889065321212108,3,168.40814196093365
sano,199,0,A_steiner,1751.0,1,47.76528205793152,2,58.17456406897267
sano,199,1,A_steiner,1751.0,1,47.76528205793152,2,58.17456406897267
sano,199,2,A_steiner,1751.0,1,47.76528205793152,2,58.17456406897267
sano,199,3,A_steiner,1751.0,1,47.76528205793152,2,58.17456406897267
sano,199,4,A_steiner,1751.0,1,47.76528205793152,2,58.17456406897267
sano,199,5,A_steiner,1751.0,1,47.76528205793152,2,58.17456406897267
sano,199,6,B_incremental,1751.0,1,47.76528205793152,2,58.17456406897267
sano,199,7,B_incremental,1751.0,1,47.76528205793152,2,58.17456406897267
sano,199,8,B_incremental,1751.0,1,47.76528205793152,2,58.17456406897267
sano,199,9,B_incremental,1751.0,1,47.76528205793152,2,58.17456406897267
sano,199,10,B_incremental,1751.0,1,47.76528205793152,2,58.17456406897267
sano,199,11,B_incremental,1751.0,1,47.76528205793152,2,58.17456406897267
sano,204,0,A_steiner,4534.0,1,44.496740140347946,2,123.86978582281326
sano,204,1,A_steiner,4534.0,1,44.496740140347946,2,123.86978582281326
sano,204,2,A_steiner,4534.0,1,44.496740140347946,2,123.86978582281326
sano,204,3,A_steiner,4534.0,1,44.496740140347946,2,123.86978582281326
sano,204,4,A_steiner,4534.0,1,44.496740140347946,2,123.86978582281326
sano,204,5,A_steiner,4534.0,1,44.496740140347946,2,123.86978582281326
sano,204,6,B_incremental,4534.0,1,44.496740140347946,2,123.86978582281326
sano,204,7,B_incremental,4534.0,1,44.496740140347946,2,123.86978582281326
sano,204,8,B_incremental,4534.0,1,44.496740140347946,2,123.86978582281326
sano,204,9,B_incremental,4534.0,1,44.496740140347946,2,123.86978582281326
sano,204,10,B_incremental,4534.0,1,44.496740140347946,2,123.86978582281326
sano,204,11,B_incremental,4534.0,1,44.496740140347946,2,123.86978582281326
sano,205,0,A_steiner,1642.0,1,5.133587021447258,2,112.55549798141813
sano,205,1,A_steiner,1642.0,1,5.133587021447258,2,112.55549798141813
sano,205,2,A_steiner,1642.0,1,5.133587021447258,2,112.55549798141813
sano,205,3,A_steiner,1642.0,1,5.133587021447258,2,112.55549798141813
sano,205,4,A_steiner,1642.0,1,5.133587021447258,2,112.55549798141813
sano,205,5,A_steiner,1642.0,1,5.133587021447258,2,112.55549798141813
sano,205,6,B_incremental,1642.0,1,5.133587021447258,2,112.55549798141813
sano,205,7,B_incremental,1642.0,1,5.133587021447258,2,112.55549798141813
sano,205,8,B_incremental,1642.0,1,5.133587021447258,2,112.55549798141813
sano,205,9,B_incremental,1642.0,1,5.133587021447258,2,112.55549798141813
sano,205,10,B_incremental,1642.0,1,5.133587021447258,2,112.55549798141813
sano,205,11,B_incremental,1642.0,1,5.133587021447258,2,112.55549798141813
sano,207,0,A_steiner,6032.0,1,7.600117630820957,2,77.22517367958356
sano,207,1,A_steiner,6032.0,1,7.600117630820957,2,77.22517367958356
sano,207,2,A_steiner,6032.0,1,7.600117630820957,2,77.22517367958356
sano,207,3,A_steiner,6032.0,1,7.600117630820957,2,77.22517367958356
sano,207,4,A_steiner,6032.0,1,7.600117630820957,2,77.22517367958356
sano,207,5,A_steiner,6032.0,1,7.600117630820957,2,77.22517367958356
sano,207,6,B_incremental,6032.0,1,7.600117630820957,2,77.22517367958356
sano,207,7,B_incremental,6032.0,1,7.600117630820957,2,77.22517367958356
sano,207,8,B_incremental,6032.0,1,7.600117630820957,2,77.22517367958356
sano,207,9,B_incremental,6032.0,1,7.600117630820957,2,77.22517367958356
sano,207,10,B_incremental,6032.0,1,7.600117630820957,2,77.22517367958356
sano,207,11,B_incremental,6032.0,1,7.600117630820957,2,77.22517367958356
sano,209,0,A_steiner,865.0,2,186.95112464504706,3,378.9998840778211
sano,209,1,A_steiner,865.0,2,186.95112464504706,3,378.9998840778211
sano,209,2,A_steiner,865.0,2,186.95112464504706,3,378.9998840778211
sano,209,3,A_steiner,865.0,2,186.95112464504706,3,378.9998840778211
sano,209,4,A_steiner,865.0,2,186.95112464504706,3,378.9998840778211
sano,209,5,A_steiner,865.0,2,186.95112464504706,3,378.9998840778211
sano,209,6,B_incremental,865.0,2,186.95112464504706,3,378.9998840778211
sano,209,7,B_incremental,865.0,2,186.95112464504706,3,378.9998840778211
sano,209,8,B_incremental,865.0,2,186.95112464504706,3,378.9998840778211
sano,209,9,B_incremental,865.0,2,186.95112464504706,3,378.9998840778211
sano,209,10,B_incremental,865.0,2,186.95112464504706,3,378.9998840778211
sano,209,11,B_incremental,865.0,2,186.95112464504706,3,378.9998840778211
sano,213,0,A_steiner,4658.0,1,51.72683890552782,2,129.74917960712656
sano,213,1,A_steiner,4658.0,1,51.72683890552782,2,129.74917960712656
sano,213,2,A_steiner,4658.0,1,51.72683890552782,2,129.74917960712656
sano,213,3,A_steiner,4658.0,1,51.72683890552782,2,129.74917960712656
sano,213,4,A_steiner,4658.0,1,51.72683890552782,2,129.74917960712656
sano,213,5,A_steiner,4658.0,1,51.72683890552782,2,129.74917960712656
sano,213,6,B_incremental,4658.0,1,51.72683890552782,2,129.74917960712656
sano,213,7,B_incremental,4658.0,1,51.72683890552782,2,129.74917960712656
sano,213,8,B_incremental,4658.0,1,51.72683890552782,2,129.74917960712656
sano,213,9,B_incremental,4658.0,1,51.72683890552782,2,129.74917960712656
sano,213,10,B_incremental,4658.0,1,51.72683890552782,2,129.74917960712656
sano,213,11,B_incremental,4658.0,1,51.72683890552782,2,129.74917960712656
sano,216,0,A_steiner,3792.0,1,12.392695918209602,2,209.4201610862578
sano,216,1,A_steiner,3792.0,1,12.392695918209602,2,209.4201610862578
sano,216,2,A_steiner,3792.0,1,12.392695918209602,2,209.4201610862578
sano,216,3,A_steiner,3792.0,1,12.392695918209602,2,209.4201610862578
sano,216,4,A_steiner,3792.0,1,12.392695918209602,2,209.4201610862578
sano,216,5,A_steiner,3792.0,1,12.392695918209602,2,209.4201610862578
sano,216,6,B_incremental,3792.0,1,12.392695918209602,2,209.4201610862578
sano,216,7,B_incremental,3792.0,1,12.392695918209602,2,209.4201610862578
sano,216,8,B_incremental,3792.0,1,12.392695918209602,2,209.4201610862578
sano,216,9,B_incremental,3792.0,1,12.392695918209602,2,209.4201610862578
sano,216,10,B_incremental,3792.0,1,12.392695918209602,2,209.4201610862578
sano,216,11,B_incremental,3792.0,1,12.392695918209602,2,209.4201610862578
sano,217,0,A_steiner,1469.0,1,49.27671499052787,2,81.85032473620288
sano,217,1,A_steiner,1469.0,1,49.27671499052787,2,81.85032473620288
sano,217,2,A_steiner,1469.0,1,49.27671499052787,2,81.85032473620288
sano,217,3,A_steiner,1469.0,1,49.27671499052787,2,81.85032473620288
sano,217,4,A_steiner,1469.0,1,49.27671499052787,2,81.85032473620288
sano,217,5,A_steiner,1469.0,1,49.27671499052787,2,81.85032473620288
sano,217,6,B_incremental,1469.0,1,49.27671499052787,2,81.85032473620288
sano,217,7,B_incremental,1469.0,1,49.27671499052787,2,81.85032473620288
sano,217,8,B_incremental,1469.0,1,49.27671499052787,2,81.85032473620288
sano,217,9,B_incremental,1469.0,1,49.27671499052787,2,81.85032473620288
sano,217,10,B_incremental,1469.0,1,49.27671499052787,2,81.85032473620288
sano,217,11,B_incremental,1469.0,1,49.27671499052787,2,81.85032473620288
sano,220,0,A_steiner,5227.0,5,249.40512094886208,3,145.62389797694692
sano,220,1,A_steiner,5227.0,5,249.40512094886208,3,145.62389797694692
sano,220,2,A_steiner,5227.0,5,249.40512094886208,3,145.62389797694692
sano,220,3,A_steiner,5227.0,5,249.40512094886208,3,145.62389797694692
sano,220,4,A_steiner,5227.0,5,249.40512094886208,3,145.62389797694692
sano,220,5,A_steiner,5227.0,5,249.40512094886208,3,145.62389797694692
sano,220,6,B_incremental,5227.0,5,249.40512094886213,3,145.62389797694692
sano,220,7,B_incremental,5227.0,5,249.40512094886208,3,145.62389797694692
sano,220,8,B_incremental,5227.0,5,249.40512094886208,3,145.62389797694692
sano,220,9,B_incremental,5227.0,5,249.40512094886208,3,145.62389797694692
sano,220,10,B_incremental,5227.0,5,249.40512094886208,3,145.62389797694692
sano,220,11,B_incremental,5227.0,5,249.40512094886213,3,145.62389797694692
sano,221,0,A_steiner,4356.0,1,9.685413757186506,2,197.66925871591445
sano,221,1,A_steiner,4356.0,1,9.685413757186506,2,197.66925871591445
sano,221,2,A_steiner,4356.0,1,9.685413757186506,2,197.66925871591445
sano,221,3,A_steiner,4356.0,1,9.685413757186506,2,197.66925871591445
sano,221,4,A_steiner,4356.0,1,9.685413757186506,2,197.66925871591445
sano,221,5,A_steiner,4356.0,1,9.685413757186506,2,197.66925871591445
sano,221,6,B_incremental,4356.0,1,9.685413757186506,2,197.66925871591445
sano,221,7,B_incremental,4356.0,1,9.685413757186506,2,197.66925871591445
sano,221,8,B_incremental,4356.0,1,9.685413757186506,2,197.66925871591445
sano,221,9,B_incremental,4356.0,1,9.685413757186506,2,197.66925871591445
sano,221,10,B_incremental,4356.0,1,9.685413757186506,2,197.66925871591445
sano,221,11,B_incremental,4356.0,1,9.685413757186506,2,197.66925871591445
sano,222,0,A_steiner,1725.0,2,105.57949505958727,3,107.25106714021118
sano,222,1,A_steiner,1725.0,2,105.57949505958727,3,107.25106714021118
sano,222,2,A_steiner,1725.0,2,105.57949505958727,3,107.25106714021118
sano,222,3,A_steiner,1725.0,2,105.57949505958727,3,107.25106714021118
sano,222,4,A_steiner,1725.0,2,105.57949505958727,3,107.25106714021118
sano,222,5,A_steiner,1725.0,2,105.57949505958727,3,107.25106714021118
sano,222,6,B_incremental,1725.0,2,105.57949505958727,3,107.25106714021118
sano,222,7,B_incremental,1725.0,2,105.57949505958727,3,107.25106714021118
sano,222,8,B_incremental,1725.0,2,105.57949505958727,3,107.25106714021118
sano,222,9,B_incremental,1725.0,2,105.57949505958727,3,107.25106714021118
sano,222,10,B_incremental,1725.0,2,105.57949505958727,3,107.25106714021118
sano,222,11,B_incremental,1725.0,2,105.57949505958727,3,107.25106714021118
sano,223,0,A_steiner,6227.0,1,52.96308965030583,2,225.16168556843627
sano,223,1,A_steiner,6227.0,1,52.96308965030583,2,225.16168556843627
sano,223,2,A_steiner,6227.0,1,52.96308965030583,2,225.16168556843627
sano,223,3,A_steiner,6227.0,1,52.96308965030583,2,225.16168556843627
sano,223,4,A_steiner,6227.0,1,52.96308965030583,2,225.16168556843627
sano,223,5,A_steiner,6227.0,1,52.96308965030583,2,225.16168556843627
sano,223,6,B_incremental,6227.0,1,52.96308965030583,2,225.16168556843627
sano,223,7,B_incremental,6227.0,1,52.96308965030583,2,225.16168556843627
sano,223,8,B_incremental,6227.0,1,52.96308965030583,2,225.16168556843627
sano,223,9,B_incremental,6227.0,1,52.96308965030583,2,225.16168556843627
sano,223,10,B_incremental,6227.0,1,52.96308965030583,2,225.16168556843627
sano,223,11,B_incremental,6227.0,1,52.96308965030583,2,225.16168556843627
sano,228,0,A_steiner,6037.0,1,2.328442353679784,2,186.40587790566804
sano,228,1,A_steiner,6037.0,1,2.328442353679784,2,186.40587790566804
sano,228,2,A_steiner,6037.0,1,2.328442353679784,2,186.40587790566804
sano,228,3,A_steiner,6037.0,1,2.328442353679784,2,186.40587790566804
sano,228,4,A_steiner,6037.0,1,2.328442353679784,2,186.40587790566804
sano,228,5,A_steiner,6037.0,1,2.328442353679784,2,186.40587790566804
sano,228,6,B_incremental,6037.0,1,2.328442353679784,2,186.40587790566804
sano,228,7,B_incremental,6037.0,1,2.328442353679784,2,186.40587790566804
sano,228,8,B_incremental,6037.0,1,2.328442353679784,2,186.40587790566804
sano,228,9,B_incremental,6037.0,1,2.328442353679784,2,186.40587790566804
sano,228,10,B_incremental,6037.0,1,2.328442353679784,2,186.40587790566804
sano,228,11,B_incremental,6037.0,1,2.328442353679784,2,186.40587790566804
sano,229,0,A_steiner,1769.0,1,57.07164057792263,2,116.77537789468158
sano,229,1,A_steiner,1769.0,1,57.07164057792263,2,116.77537789468158
sano,229,2,A_steiner,1769.0,1,57.07164057792263,2,116.77537789468158
sano,229,3,A_steiner,1769.0,1,57.07164057792263,2,116.77537789468158
sano,229,4,A_steiner,1769.0,1,57.07164057792263,2,116.77537789468158
sano,229,5,A_steiner,1769.0,1,57.07164057792263,2,116.77537789468158
sano,229,6,B_incremental,1769.0,1,57.07164057792263,2,116.77537789468158
sano,229,7,B_incremental,1769.0,1,57.07164057792263,2,116.77537789468158
sano,229,8,B_incremental,1769.0,1,57.07164057792263,2,116.77537789468158
sano,229,9,B_incremental,1769.0,1,57.07164057792263,2,116.77537789468158
sano,229,10,B_incremental,1769.0,1,57.07164057792263,2,116.77537789468158
sano,229,11,B_incremental,1769.0,1,57.07164057792263,2,116.77537789468158
sano,231,0,A_steiner,209.0,1,96.75783152517695,2,147.5262339757275
sano,231,1,A_steiner,209.0,1,96.75783152517695,2,147.5262339757275
sano,231,2,A_steiner,209.0,1,96.75783152517695,2,147.5262339757275
sano,231,3,A_steiner,209.0,1,96.75783152517695,2,147.5262339757275
sano,231,4,A_steiner,209.0,1,96.75783152517695,2,147.5262339757275
sano,231,5,A_steiner,209.0,1,96.75783152517695,2,147.5262339757275
sano,231,6,B_incremental,209.0,1,96.75783152517695,2,147.5262339757275
sano,231,7,B_incremental,209.0,1,96.75783152517695,2,147.5262339757275
sano,231,8,B_incremental,209.0,1,96.75783152517695,2,147.5262339757275
sano,231,9,B_incremental,209.0,1,96.75783152517695,2,147.5262339757275
sano,231,10,B_incremental,209.0,1,96.75783152517695,2,147.5262339757275
sano,231,11,B_incremental,209.0,1,96.75783152517695,2,147.5262339757275
sano,239,0,A_steiner,1716.0,2,163.0372635157854,3,148.30007799656315
sano,239,1,A_steiner,1716.0,2,163.0372635157854,3,148.30007799656315
sano,239,2,A_steiner,1716.0,2,163.0372635157854,3,148.30007799656315
sano,239,3,A_steiner,1716.0,2,163.0372635157854,3,148.30007799656315
sano,239,4,A_steiner,1716.0,2,163.0372635157854,3,148.30007799656315
sano,239,5,A_steiner,1716.0,2,163.0372635157854,3,148.30007799656315
sano,239,6,B_incremental,1716.0,2,163.0372635157854,3,148.30007799656315
sano,239,7,B_incremental,1716.0,2,163.0372635157854,3,148.30007799656315
sano,239,8,B_incremental,1716.0,2,163.0372635157854,3,148.30007799656315
sano,239,9,B_incremental,1716.0,2,163.0372635157854,3,148.30007799656315
sano,239,10,B_incremental,1716.0,2,163.0372635157854,3,148.30007799656315
sano,239,11,B_incremental,1716.0,2,163.0372635157854,3,148.30007799656315
sano,242,0,A_steiner,6214.0,3,115.42984803505236,4,241.5440452518091
sano,242,1,A_steiner,6214.0,3,115.42984803505236,4,241.5440452518091
sano,242,2,A_steiner,6214.0,3,115.42984803505236,4,241.5440452518091
sano,242,3,A_steiner,6214.0,3,115.42984803505236,4,241.5440452518091
sano,242,4,A_steiner,6214.0,3,115.42984803505236,4,241.5440452518091
sano,242,5,A_steiner,6214.0,3,115.42984803505236,4,241.5440452518091
sano,242,6,B_incremental,6214.0,3,115.42984803505236,4,241.5440452518091
sano,242,7,B_incremental,6214.0,3,115.42984803505236,4,241.5440452518091
sano,242,8,B_incremental,6214.0,3,115.42984803505236,4,241.5440452518091
sano,242,9,B_incremental,6214.0,3,115.42984803505236,4,241.5440452518091
sano,242,10,B_incremental,6214.0,3,115.42984803505236,4,241.5440452518091
sano,242,11,B_incremental,6214.0,3,115.42984803505236,4,241.5440452518091
sano,244,0,A_steiner,1706.0,1,56.01743623749677,2,300.74072546488406
sano,244,1,A_steiner,1706.0,1,56.01743623749677,2,300.74072546488406
sano,244,2,A_steiner,1706.0,1,56.01743623749677,2,300.74072546488406
sano,244,3,A_steiner,1706.0,1,56.01743623749677,2,300.74072546488406
sano,244,4,A_steiner,1706.0,1,56.01743623749677,2,300.74072546488406
sano,244,5,A_steiner,1706.0,1,56.01743623749677,2,300.74072546488406
sano,244,6,B_incremental,1706.0,1,56.01743623749677,2,300.74072546488406
sano,244,7,B_incremental,1706.0,1,56.01743623749677,2,300.74072546488406
sano,244,8,B_incremental,1706.0,1,56.01743623749677,2,300.74072546488406
sano,244,9,B_incremental,1706.0,1,56.01743623749677,2,300.74072546488406
sano,244,10,B_incremental,1706.0,1,56.01743623749677,2,300.74072546488406
sano,244,11,B_incremental,1706.0,1,56.01743623749677,2,300.74072546488406
sano,252,0,A_steiner,1401.0,2,40.42584834471275,3,73.95420221977545
sano,252,1,A_steiner,1401.0,2,40.42584834471275,3,73.95420221977545
sano,252,2,A_steiner,1401.0,2,40.42584834471275,3,73.95420221977545
sano,252,3,A_steiner,1401.0,2,40.42584834471275,3,73.95420221977545
sano,252,4,A_steiner,1401.0,2,40.42584834471275,3,73.95420221977545
sano,252,5,A_steiner,1401.0,2,40.42584834471275,3,73.95420221977545
sano,252,6,B_incremental,1401.0,2,40.42584834471275,3,73.95420221977545
sano,252,7,B_incremental,1401.0,2,40.42584834471275,3,73.95420221977545
sano,252,8,B_incremental,1401.0,2,40.42584834471275,3,73.95420221977545
sano,252,9,B_incremental,1401.0,2,40.42584834471275,3,73.95420221977545
sano,252,10,B_incremental,1401.0,2,40.42584834471275,3,73.95420221977545
sano,252,11,B_incremental,1401.0,2,40.42584834471275,3,73.95420221977545
sano,253,0,A_steiner,5224.0,1,21.230277937395645,2,85.97145697164149
sano,253,1,A_steiner,5224.0,1,21.230277937395645,2,85.97145697164149
sano,253,2,A_steiner,5224.0,1,21.230277937395645,2,85.97145697164149
sano,253,3,A_steiner,5224.0,1,21.230277937395645,2,85.97145697164149
sano,253,4,A_steiner,5224.0,1,21.230277937395645,2,85.97145697164149
sano,253,5,A_steiner,5224.0,1,21.230277937395645,2,85.97145697164149
sano,253,6,B_incremental,5224.0,1,21.230277937395645,2,85.97145697164149
sano,253,7,B_incremental,5224.0,1,21.230277937395645,2,85.97145697164149
sano,253,8,B_incremental,5224.0,1,21.230277937395645,2,85.97145697164149
sano,253,9,B_incremental,5224.0,1,21.230277937395645,2,85.97145697164149
sano,253,10,B_incremental,5224.0,1,21.230277937395645,2,85.97145697164149
sano,253,11,B_incremental,5224.0,1,21.230277937395645,2,85.97145697164149
sano,255,0,A_steiner,1733.0,1,44.69203909741551,2,71.07665332125082
sano,255,1,A_steiner,1733.0,1,44.69203909741551,2,71.07665332125082
sano,255,2,A_steiner,1733.0,1,44.69203909741551,2,71.07665332125082
sano,255,3,A_steiner,1733.0,1,44.69203909741551,2,71.07665332125082
sano,255,4,A_steiner,1733.0,1,44.69203909741551,2,71.07665332125082
sano,255,5,A_steiner,1733.0,1,44.69203909741551,2,71.07665332125082
sano,255,6,B_incremental,1733.0,1,44.69203909741551,2,71.07665332125082
sano,255,7,B_incremental,1733.0,1,44.69203909741551,2,71.07665332125082
sano,255,8,B_incremental,1733.0,1,44.69203909741551,2,71.07665332125082
sano,255,9,B_incremental,1733.0,1,44.69203909741551,2,71.07665332125082
sano,255,10,B_incremental,1733.0,1,44.69203909741551,2,71.07665332125082
sano,255,11,B_incremental,1733.0,1,44.69203909741551,2,71.07665332125082
sano,258,0,A_steiner,4989.0,1,59.91016782136707,2,155.0889351728537
sano,258,1,A_steiner,4989.0,1,59.91016782136707,2,155.0889351728537
sano,258,2,A_steiner,4989.0,1,59.91016782136707,2,155.0889351728537
sano,258,3,A_steiner,4989.0,1,59.91016782136707,2,155.0889351728537
sano,258,4,A_steiner,4989.0,1,59.91016782136707,2,155.0889351728537
sano,258,5,A_steiner,4989.0,1,59.91016782136707,2,155.0889351728537
sano,258,6,B_incremental,4989.0,1,59.91016782136707,2,155.0889351728537
sano,258,7,B_incremental,4989.0,1,59.91016782136707,2,155.0889351728537
sano,258,8,B_incremental,4989.0,1,59.91016782136707,2,155.0889351728537
sano,258,9,B_incremental,4989.0,1,59.91016782136707,2,155.0889351728537
sano,258,10,B_incremental,4989.0,1,59.91016782136707,2,155.0889351728537
sano,258,11,B_incremental,4989.0,1,59.91016782136707,2,155.0889351728537
sano,259,0,A_steiner,4552.0,1,28.0572884813033,2,31.41292015593181
sano,259,1,A_steiner,4552.0,1,28.0572884813033,2,31.41292015593181
sano,259,2,A_steiner,4552.0,1,28.0572884813033,2,31.41292015593181
sano,259,3,A_steiner,4552.0,1,28.0572884813033,2,31.41292015593181
sano,259,4,A_steiner,4552.0,1,28.0572884813033,2,31.41292015593181
sano,259,5,A_steiner,4552.0,1,28.0572884813033,2,31.41292015593181
sano,259,6,B_incremental,4552.0,1,28.0572884813033,2,31.41292015593181
sano,259,7,B_incremental,4552.0,1,28.0572884813033,2,31.41292015593181
sano,259,8,B_incremental,4552.0,1,28.0572884813033,2,31.41292015593181
sano,259,9,B_incremental,4552.0,1,28.0572884813033,2,31.41292015593181
sano,259,10,B_incremental,4552.0,1,28.0572884813033,2,31.41292015593181
sano,259,11,B_incremental,4552.0,1,28.0572884813033,2,31.41292015593181
sano,261,0,A_steiner,1857.0,1,93.45614661105266,2,148.69715428672367
sano,261,1,A_steiner,1857.0,1,93.45614661105266,2,148.69715428672367
sano,261,2,A_steiner,1857.0,1,93.45614661105266,2,148.69715428672367
sano,261,3,A_steiner,1857.0,1,93.45614661105266,2,148.69715428672367
sano,261,4,A_steiner,1857.0,1,93.45614661105266,2,148.69715428672367
sano,261,5,A_steiner,1857.0,1,93.45614661105266,2,148.69715428672367
sano,261,6,B_incremental,1857.0,1,93.45614661105266,2,148.69715428672367
sano,261,7,B_incremental,1857.0,1,93.45614661105266,2,148.69715428672367
sano,261,8,B_incremental,1857.0,1,93.45614661105266,2,148.69715428672367
sano,261,9,B_incremental,1857.0,1,93.45614661105266,2,148.69715428672367
sano,261,10,B_incremental,1857.0,1,93.45614661105266,2,148.69715428672367
sano,261,11,B_incremental,1857.0,1,93.45614661105266,2,148.69715428672367
sano,262,0,A_steiner,4817.0,1,16.37948658363492,2,18.28085831153882
sano,262,1,A_steiner,4817.0,1,16.37948658363492,2,18.28085831153882
sano,262,2,A_steiner,4817.0,1,16.37948658363492,2,18.28085831153882
sano,262,3,A_steiner,4817.0,1,16.37948658363492,2,18.28085831153882
sano,262,4,A_steiner,4817.0,1,16.37948658363492,2,18.28085831153882
sano,262,5,A_steiner,4817.0,1,16.37948658363492,2,18.28085831153882
sano,262,6,B_incremental,4817.0,1,16.37948658363492,2,18.28085831153882
sano,262,7,B_incremental,4817.0,1,16.37948658363492,2,18.28085831153882
sano,262,8,B_incremental,4817.0,1,16.37948658363492,2,18.28085831153882
sano,262,9,B_incremental,4817.0,1,16.37948658363492,2,18.28085831153882
sano,262,10,B_incremental,4817.0,1,16.37948658363492,2,18.28085831153882
sano,262,11,B_incremental,4817.0,1,16.37948658363492,2,18.28085831153882
sano,264,0,A_steiner,5007.0,1,55.62006520972932,2,80.63804850693951
sano,264,1,A_steiner,5007.0,1,55.62006520972932,2,80.63804850693951
sano,264,2,A_steiner,5007.0,1,55.62006520972932,2,80.63804850693951
sano,264,3,A_steiner,5007.0,1,55.62006520972932,2,80.63804850693951
sano,264,4,A_steiner,5007.0,1,55.62006520972932,2,80.63804850693951
sano,264,5,A_steiner,5007.0,1,55.62006520972932,2,80.63804850693951
sano,264,6,B_incremental,5007.0,1,55.62006520972932,2,80.63804850693951
sano,264,7,B_incremental,5007.0,1,55.62006520972932,2,80.63804850693951
sano,264,8,B_incremental,5007.0,1,55.62006520972932,2,80.63804850693951
sano,264,9,B_incremental,5007.0,1,55.62006520972932,2,80.63804850693951
sano,264,10,B_incremental,5007.0,1,55.62006520972932,2,80.63804850693951
sano,264,11,B_incremental,5007.0,1,55.62006520972932,2,80.63804850693951
sano,267,0,A_steiner,4861.0,2,29.49422058573184,3,25.77229424219441
sano,267,1,A_steiner,4861.0,2,29.033334040968754,3,25.77229424219441
sano,267,2,A_steiner,4861.0,2,29.033334040968754,3,25.77229424219441
sano,267,3,A_steiner,4861.0,2,29.033334040968754,3,25.77229424219441
sano,267,4,A_steiner,4861.0,2,29.033334040968754,3,25.77229424219441
sano,267,5,A_steiner,4861.0,2,29.033334040968754,3,25.77229424219441
sano,267,6,B_incremental,4861.0,2,29.49422058573184,3,25.77229424219441
sano,267,7,B_incremental,4861.0,2,29.033334040968754,3,25.77229424219441
sano,267,8,B_incremental,4861.0,2,29.033334040968754,3,25.77229424219441
sano,267,9,B_incremental,4861.0,2,29.49422058573184,3,25.77229424219441
sano,267,10,B_incremental,4861.0,2,29.49422058573184,3,25.77229424219441
sano,267,11,B_incremental,4861.0,2,29.49422058573184,3,25.77229424219441
sano,268,0,A_steiner,3791.0,3,173.06861387127353,2,137.29949804153011
sano,268,1,A_steiner,3791.0,3,173.06861387127353,2,137.29949804153011
sano,268,2,A_steiner,3791.0,3,173.06861387127353,2,137.29949804153011
sano,268,3,A_steiner,3791.0,3,173.06861387127353,2,137.29949804153011
sano,268,4,A_steiner,3791.0,3,173.06861387127353,2,137.29949804153011
sano,268,5,A_steiner,3791.0,3,173.06861387127353,2,137.29949804153011
sano,268,6,B_incremental,3791.0,3,173.06861387127356,2,137.29949804153011
sano,268,7,B_incremental,3791.0,3,173.06861387127356,2,137.29949804153011
sano,268,8,B_incremental,3791.0,3,173.06861387127356,2,137.29949804153011
sano,268,9,B_incremental,3791.0,3,173.06861387127356,2,137.29949804153011
sano,268,10,B_incremental,3791.0,3,173.06861387127356,2,137.29949804153011
sano,268,11,B_incremental,3791.0,3,173.06861387127356,2,137.29949804153011
sano,271,0,A_steiner,1902.0,2,41.55631706104304,3,57.78969896073461
sano,271,1,A_steiner,1902.0,2,41.55631706104304,3,57.78969896073461
sano,271,2,A_steiner,1902.0,2,41.55631706104304,3,57.78969896073461
sano,271,3,A_steiner,1902.0,2,41.55631706104304,3,57.78969896073461
sano,271,4,A_steiner,1902.0,2,41.55631706104304,3,57.78969896073461
sano,271,5,A_steiner,1902.0,2,41.55631706104304,3,57.78969896073461
sano,271,6,B_incremental,1902.0,2,41.55631706104304,3,57.78969896073461
sano,271,7,B_incremental,1902.0,2,41.55631706104304,3,57.78969896073461
sano,271,8,B_incremental,1902.0,2,41.55631706104304,3,57.78969896073461
sano,271,9,B_incremental,1902.0,2,41.55631706104304,3,57.78969896073461
sano,271,10,B_incremental,1902.0,2,41.55631706104304,3,57.78969896073461
sano,271,11,B_incremental,1902.0,2,41.55631706104304,3,57.78969896073461
sano,277,0,A_steiner,1444.0,2,84.32273174803495,3,73.43314828229997
sano,277,1,A_steiner,1444.0,2,84.32273174803495,3,73.43314828229997
sano,277,2,A_steiner,1444.0,2,84.32273174803495,3,73.43314828229997
sano,277,3,A_steiner,1444.0,2,84.32273174803495,3,73.43314828229997
sano,277,4,A_steiner,1444.0,2,84.32273174803495,3,73.43314828229997
sano,277,5,A_steiner,1444.0,2,84.32273174803495,3,73.43314828229997
sano,277,6,B_incremental,1444.0,2,84.32273174803495,3,73.43314828229997
sano,277,7,B_incremental,1444.0,2,84.32273174803495,3,73.43314828229997
sano,277,8,B_incremental,1444.0,2,84.32273174803495,3,73.43314828229997
sano,277,9,B_incremental,1444.0,2,84.32273174803495,3,73.43314828229997
sano,277,10,B_incremental,1444.0,2,84.32273174803495,3,73.43314828229997
sano,277,11,B_incremental,1444.0,2,84.32273174803495,3,73.43314828229997
sano,278,0,A_steiner,4879.0,3,175.21817830447458,3,54.38266459553246
sano,278,1,A_steiner,4879.0,3,175.21817830447458,3,54.38266459553246
sano,278,2,A_steiner,4879.0,3,175.21817830447458,3,54.38266459553246
sano,278,3,A_steiner,4879.0,3,175.21817830447458,3,54.38266459553246
sano,278,4,A_steiner,4879.0,3,175.21817830447458,3,54.38266459553246
sano,278,5,A_steiner,4879.0,3,175.21817830447458,3,54.38266459553246
sano,278,6,B_incremental,4879.0,3,175.21817830447458,3,54.38266459553246
sano,278,7,B_incremental,4879.0,3,175.21817830447458,3,54.38266459553246
sano,278,8,B_incremental,4879.0,3,175.21817830447458,3,54.38266459553246
sano,278,9,B_incremental,4879.0,3,175.21817830447458,3,54.38266459553246
sano,278,10,B_incremental,4879.0,3,175.21817830447458,3,54.38266459553246
sano,278,11,B_incremental,4879.0,3,175.21817830447458,3,54.38266459553246
sano,280,0,A_steiner,4875.0,1,37.74386159951427,2,89.20169408121673
sano,280,1,A_steiner,4875.0,1,37.74386159951427,2,89.20169408121673
sano,280,2,A_steiner,4875.0,1,37.74386159951427,2,89.20169408121673
sano,280,3,A_steiner,4875.0,1,37.74386159951427,2,89.20169408121673
sano,280,4,A_steiner,4875.0,1,37.74386159951427,2,89.20169408121673
sano,280,5,A_steiner,4875.0,1,37.74386159951427,2,89.20169408121673
sano,280,6,B_incremental,4875.0,1,37.74386159951427,2,89.20169408121673
sano,280,7,B_incremental,4875.0,1,37.74386159951427,2,89.20169408121673
sano,280,8,B_incremental,4875.0,1,37.74386159951427,2,89.20169408121673
sano,280,9,B_incremental,4875.0,1,37.74386159951427,2,89.20169408121673
sano,280,10,B_incremental,4875.0,1,37.74386159951427,2,89.20169408121673
sano,280,11,B_incremental,4875.0,1,37.74386159951427,2,89.20169408121673
sano,281,0,A_steiner,3789.0,1,39.09316363576552,2,120.08884033133168
sano,281,1,A_steiner,3789.0,1,39.09316363576552,2,120.08884033133168
sano,281,2,A_steiner,3789.0,1,39.09316363576552,2,120.08884033133168
sano,281,3,A_steiner,3789.0,1,39.09316363576552,2,120.08884033133168
sano,281,4,A_steiner,3789.0,1,39.09316363576552,2,120.08884033133168
sano,281,5,A_steiner,3789.0,1,39.09316363576552,2,120.08884033133168
sano,281,6,B_incremental,3789.0,1,39.09316363576552,2,120.08884033133168
sano,281,7,B_incremental,3789.0,1,39.09316363576552,2,120.08884033133168
sano,281,8,B_incremental,3789.0,1,39.09316363576552,2,120.08884033133168
sano,281,9,B_incremental,3789.0,1,39.09316363576552,2,120.08884033133168
sano,281,10,B_incremental,3789.0,1,39.09316363576552,2,120.08884033133168
sano,281,11,B_incremental,3789.0,1,39.09316363576552,2,120.08884033133168
sano,282,0,A_steiner,6219.0,3,40.761443875687284,4,56.68228496288633
sano,282,1,A_steiner,6219.0,3,40.761443875687284,4,56.68228496288633
sano,282,2,A_steiner,6219.0,3,40.761443875687284,4,56.68228496288633
sano,282,3,A_steiner,6219.0,3,40.761443875687284,4,56.68228496288633
sano,282,4,A_steiner,6219.0,3,40.761443875687284,4,56.68228496288633
sano,282,5,A_steiner,6219.0,3,40.761443875687284,4,56.68228496288633
sano,282,6,B_incremental,6219.0,3,40.761443875687284,4,56.68228496288633
sano,282,7,B_incremental,6219.0,3,40.761443875687284,4,56.68228496288633
sano,282,8,B_incremental,6219.0,3,40.761443875687284,4,56.68228496288633
sano,282,9,B_incremental,6219.0,3,40.761443875687284,4,56.68228496288633
sano,282,10,B_incremental,6219.0,3,40.761443875687284,4,56.68228496288633
sano,282,11,B_incremental,6219.0,3,40.761443875687284,4,56.68228496288633
sano,283,0,A_steiner,1613.0,1,32.357142573025186,2,113.1130607069675
sano,283,1,A_steiner,1613.0,1,32.357142573025186,2,113.1130607069675
sano,283,2,A_steiner,1613.0,1,32.357142573025186,2,113.1130607069675
sano,283,3,A_steiner,1613.0,1,32.357142573025186,2,113.1130607069675
sano,283,4,A_steiner,1613.0,1,32.357142573025186,2,113.1130607069675
sano,283,5,A_steiner,1613.0,1,32.357142573025186,2,113.1130607069675
sano,283,6,B_incremental,1613.0,1,32.357142573025186,2,113.1130607069675
sano,283,7,B_incremental,1613.0,1,32.357142573025186,2,113.1130607069675
sano,283,8,B_incremental,1613.0,1,32.357142573025186,2,113.1130607069675
sano,283,9,B_incremental,1613.0,1,32.357142573025186,2,113.1130607069675
sano,283,10,B_incremental,1613.0,1,32.357142573025186,2,113.1130607069675
sano,283,11,B_incremental,1613.0,1,32.357142573025186,2,113.1130607069675
sano,284,0,A_steiner,1465.0,2,143.1637446980585,2,120.11753653151102
sano,284,1,A_steiner,1465.0,2,143.1637446980585,2,120.11753653151102
sano,284,2,A_steiner,1465.0,2,143.1637446980585,2,120.11753653151102
sano,284,3,A_steiner,1465.0,2,143.1637446980585,2,120.11753653151102
sano,284,4,A_steiner,1465.0,2,143.1637446980585,2,120.11753653151102
sano,284,5,A_steiner,1465.0,2,143.1637446980585,2,120.11753653151102
sano,284,6,B_incremental,1465.0,2,143.1637446980585,2,120.11753653151102
sano,284,7,B_incremental,1465.0,2,143.1637446980585,2,120.11753653151102
sano,284,8,B_incremental,1465.0,2,143.1637446980585,2,120.11753653151102
sano,284,9,B_incremental,1465.0,2,143.1637446980585,2,120.11753653151102
sano,284,10,B_incremental,1465.0,2,143.1637446980585,2,120.11753653151102
sano,284,11,B_incremental,1465.0,2,143.1637446980585,2,120.11753653151102
sano,285,0,A_steiner,5205.0,1,93.33445180630184,2,244.00766187563
sano,285,1,A_steiner,5205.0,1,93.33445180630184,2,244.00766187563
sano,285,2,A_steiner,5205.0,1,93.33445180630184,2,244.00766187563
sano,285,3,A_steiner,5205.0,1,93.33445180630184,2,244.00766187563
sano,285,4,A_steiner,5205.0,1,93.33445180630184,2,244.00766187563
sano,285,5,A_steiner,5205.0,1,93.33445180630184,2,244.00766187563
sano,285,6,B_incremental,5205.0,1,93.33445180630184,2,244.00766187563
sano,285,7,B_incremental,5205.0,1,93.33445180630184,2,244.00766187563
sano,285,8,B_incremental,5205.0,1,93.33445180630184,2,244.00766187563
sano,285,9,B_incremental,5205.0,1,93.33445180630184,2,244.00766187563
sano,285,10,B_incremental,5205.0,1,93.33445180630184,2,244.00766187563
sano,285,11,B_incremental,5205.0,1,93.33445180630184,2,244.00766187563
sano,287,0,A_steiner,4708.0,1,96.88868225607636,2,157.11817679462487
sano,287,1,A_steiner,4708.0,1,96.88868225607636,2,157.11817679462487
sano,287,2,A_steiner,4708.0,1,96.88868225607636,2,157.11817679462487
sano,287,3,A_steiner,4708.0,1,96.88868225607636,2,157.11817679462487
sano,287,4,A_steiner,4708.0,1,96.88868225607636,2,157.11817679462487
sano,287,5,A_steiner,4708.0,1,96.88868225607636,2,157.11817679462487
sano,287,6,B_incremental,4708.0,1,96.88868225607636,2,157.11817679462487
sano,287,7,B_incremental,4708.0,1,96.88868225607636,2,157.11817679462487
sano,287,8,B_incremental,4708.0,1,96.88868225607636,2,157.11817679462487
sano,287,9,B_incremental,4708.0,1,96.88868225607636,2,157.11817679462487
sano,287,10,B_incremental,4708.0,1,96.88868225607636,2,157.11817679462487
sano,287,11,B_incremental,4708.0,1,96.88868225607636,2,157.11817679462487
sano,288,0,A_steiner,1574.0,3,46.007621725258375,4,244.81567530181763
sano,288,1,A_steiner,1574.0,3,46.007621725258375,4,244.81567530181763
sano,288,2,A_steiner,1574.0,3,46.007621725258375,4,244.81567530181763
sano,288,3,A_steiner,1574.0,3,46.007621725258375,4,244.81567530181763
sano,288,4,A_steiner,1574.0,3,46.007621725258375,4,244.81567530181763
sano,288,5,A_steiner,1574.0,3,46.007621725258375,4,244.81567530181763
sano,288,6,B_incremental,1574.0,3,46.007621725258375,4,244.81567530181763
sano,288,7,B_incremental,1574.0,3,46.007621725258375,4,244.81567530181763
sano,288,8,B_incremental,1574.0,3,46.007621725258375,4,244.81567530181763
sano,288,9,B_incremental,1574.0,3,46.007621725258375,4,244.81567530181763
sano,288,10,B_incremental,1574.0,3,46.007621725258375,4,244.81567530181763
sano,288,11,B_incremental,1574.0,3,46.007621725258375,4,244.81567530181763
sano,290,0,A_steiner,1740.0,1,50.31678200155565,2,74.41748441040922
sano,290,1,A_steiner,1740.0,1,50.31678200155565,2,74.41748441040922
sano,290,2,A_steiner,1740.0,1,50.31678200155565,2,74.41748441040922
sano,290,3,A_steiner,1740.0,1,50.31678200155565,2,74.41748441040922
sano,290,4,A_steiner,1740.0,1,50.31678200155565,2,74.41748441040922
sano,290,5,A_steiner,1740.0,1,50.31678200155565,2,74.41748441040922
sano,290,6,B_incremental,1740.0,1,50.31678200155565,2,74.41748441040922
sano,290,7,B_incremental,1740.0,1,50.31678200155565,2,74.41748441040922
sano,290,8,B_incremental,1740.0,1,50.31678200155565,2,74.41748441040922
sano,290,9,B_incremental,1740.0,1,50.31678200155565,2,74.41748441040922
sano,290,10,B_incremental,1740.0,1,50.31678200155565,2,74.41748441040922
sano,290,11,B_incremental,1740.0,1,50.31678200155565,2,74.41748441040922
sano,291,0,A_steiner,4553.0,1,7.943129516142812,2,41.01104316127581
sano,291,1,A_steiner,4553.0,1,7.943129516142812,2,41.01104316127581
sano,291,2,A_steiner,4553.0,1,7.943129516142812,2,41.01104316127581
sano,291,3,A_steiner,4553.0,1,7.943129516142812,2,41.01104316127581
sano,291,4,A_steiner,4553.0,1,7.943129516142812,2,41.01104316127581
sano,291,5,A_steiner,4553.0,1,7.943129516142812,2,41.01104316127581
sano,291,6,B_incremental,4553.0,1,7.943129516142812,2,41.01104316127581
sano,291,7,B_incremental,4553.0,1,7.943129516142812,2,41.01104316127581
sano,291,8,B_incremental,4553.0,1,7.943129516142812,2,41.01104316127581
sano,291,9,B_incremental,4553.0,1,7.943129516142812,2,41.01104316127581
sano,291,10,B_incremental,4553.0,1,7.943129516142812,2,41.01104316127581
sano,291,11,B_incremental,4553.0,1,7.943129516142812,2,41.01104316127581
sano,293,0,A_steiner,1719.0,1,69.7476837896093,2,58.89340571981387
sano,293,1,A_steiner,1719.0,1,69.7476837896093,2,58.89340571981387
sano,293,2,A_steiner,1719.0,1,69.7476837896093,2,58.89340571981387
sano,293,3,A_steiner,1719.0,1,69.7476837896093,2,58.89340571981387
sano,293,4,A_steiner,1719.0,1,69.7476837896093,2,58.89340571981387
sano,293,5,A_steiner,1719.0,1,69.7476837896093,2,58.89340571981387
sano,293,6,B_incremental,1719.0,1,69.7476837896093,2,58.89340571981387
sano,293,7,B_incremental,1719.0,1,69.7476837896093,2,58.89340571981387
sano,293,8,B_incremental,1719.0,1,69.7476837896093,2,58.89340571981387
sano,293,9,B_incremental,1719.0,1,69.7476837896093,2,58.89340571981387
sano,293,10,B_incremental,1719.0,1,69.7476837896093,2,58.89340571981387
sano,293,11,B_incremental,1719.0,1,69.7476837896093,2,58.89340571981387
sano,298,0,A_steiner,4567.0,1,9.069870509203684,2,39.65831320879035
sano,298,1,A_steiner,4567.0,1,9.069870509203684,2,39.65831320879035
sano,298,2,A_steiner,4567.0,1,9.069870509203684,2,39.65831320879035
sano,298,3,A_steiner,4567.0,1,9.069870509203684,2,39.65831320879035
sano,298,4,A_steiner,4567.0,1,9.069870509203684,2,39.65831320879035
sano,298,5,A_steiner,4567.0,1,9.069870509203684,2,39.65831320879035
sano,298,6,B_incremental,4567.0,1,9.069870509203684,2,39.65831320879035
sano,298,7,B_incremental,4567.0,1,9.069870509203684,2,39.65831320879035
sano,298,8,B_incremental,4567.0,1,9.069870509203684,2,39.65831320879035
sano,298,9,B_incremental,4567.0,1,9.069870509203684,2,39.65831320879035
sano,298,10,B_incremental,4567.0,1,9.069870509203684,2,39.65831320879035
sano,298,11,B_incremental,4567.0,1,9.069870509203684,2,39.65831320879035
sano,299,0,A_steiner,3942.0,2,79.76991762782731,3,173.64683717251577
sano,299,1,A_steiner,3942.0,2,79.76991762782731,3,173.64683717251577
sano,299,2,A_steiner,3942.0,2,79.76991762782731,3,173.64683717251577
sano,299,3,A_steiner,3942.0,2,79.76991762782731,3,173.64683717251577
sano,299,4,A_steiner,3942.0,2,79.76991762782731,3,173.64683717251577
sano,299,5,A_steiner,3942.0,2,79.76991762782731,3,173.64683717251577
sano,299,6,B_incremental,3942.0,2,79.76991762782731,3,173.64683717251577
sano,299,7,B_incremental,3942.0,2,79.76991762782731,3,173.64683717251577
sano,299,8,B_incremental,3942.0,2,79.76991762782731,3,173.64683717251577
sano,299,9,B_incremental,3942.0,2,79.76991762782731,3,173.64683717251577
sano,299,10,B_incremental,3942.0,2,79.76991762782731,3,173.64683717251577
sano,299,11,B_incremental,3942.0,2,79.76991762782731,3,173.64683717251577
sano,300,0,A_steiner,376.0,1,4.881237899619129,2,60.029276283844496
sano,300,1,A_steiner,376.0,1,4.881237899619129,2,60.029276283844496
sano,300,2,A_steiner,376.0,1,4.881237899619129,2,60.029276283844496
sano,300,3,A_steiner,376.0,1,4.881237899619129,2,60.029276283844496
sano,300,4,A_steiner,376.0,1,4.881237899619129,2,60.029276283844496
sano,300,5,A_steiner,376.0,1,4.881237899619129,2,60.029276283844496
sano,300,6,B_incremental,376.0,1,4.881237899619129,2,60.029276283844496
sano,300,7,B_incremental,376.0,1,4.881237899619129,2,60.029276283844496
sano,300,8,B_incremental,376.0,1,4.881237899619129,2,60.029276283844496
sano,300,9,B_incremental,376.0,1,4.881237899619129,2,60.029276283844496
sano,300,10,B_incremental,376.0,1,4.881237899619129,2,60.029276283844496
sano,300,11,B_incremental,376.0,1,4.881237899619129,2,60.029276283844496
sano,303,0,A_steiner,1680.0,3,234.2533218398101,2,172.21205359113947
sano,303,1,A_steiner,1680.0,3,234.2533218398101,2,172.21205359113947
sano,303,2,A_steiner,1680.0,3,234.2533218398101,2,172.21205359113947
sano,303,3,A_steiner,1680.0,3,234.2533218398101,2,172.21205359113947
sano,303,4,A_steiner,1680.0,3,234.2533218398101,2,172.21205359113947
sano,303,5,A_steiner,1680.0,3,234.2533218398101,2,172.21205359113947
sano,303,6,B_incremental,1680.0,3,234.2533218398101,2,172.21205359113947
sano,303,7,B_incremental,1680.0,3,234.2533218398101,2,172.21205359113947
sano,303,8,B_incremental,1680.0,3,234.2533218398101,2,172.21205359113947
sano,303,9,B_incremental,1680.0,3,234.2533218398101,2,172.21205359113947
sano,303,10,B_incremental,1680.0,3,234.2533218398101,2,172.21205359113947
sano,303,11,B_incremental,1680.0,3,234.2533218398101,2,172.21205359113947
sano,305,0,A_steiner,3786.0,2,23.473503894732097,3,79.83965479560305
sano,305,1,A_steiner,3786.0,2,23.473503894732097,3,79.83965479560305
sano,305,2,A_steiner,3786.0,2,23.473503894732097,3,79.83965479560305
sano,305,3,A_steiner,3786.0,2,23.473503894732097,3,79.83965479560305
sano,305,4,A_steiner,3786.0,2,23.473503894732097,3,79.83965479560305
sano,305,5,A_steiner,3786.0,2,23.473503894732097,3,79.83965479560305
sano,305,6,B_incremental,3786.0,2,23.473503894732097,3,79.83965479560305
sano,305,7,B_incremental,3786.0,2,23.473503894732097,3,79.83965479560305
sano,305,8,B_incremental,3786.0,2,23.473503894732097,3,79.83965479560305
sano,305,9,B_incremental,3786.0,2,23.473503894732097,3,79.83965479560305
sano,305,10,B_incremental,3786.0,2,23.473503894732097,3,79.83965479560305
sano,305,11,B_incremental,3786.0,2,23.473503894732097,3,79.83965479560305
sano,307,0,A_steiner,4021.0,1,31.57411878856317,2,109.45261901573735
sano,307,1,A_steiner,4021.0,1,31.57411878856317,2,109.45261901573735
sano,307,2,A_steiner,4021.0,1,31.57411878856317,2,109.45261901573735
sano,307,3,A_steiner,4021.0,1,31.57411878856317,2,109.45261901573735
sano,307,4,A_steiner,4021.0,1,31.57411878856317,2,109.45261901573735
sano,307,5,A_steiner,4021.0,1,31.57411878856317,2,109.45261901573735
sano,307,6,B_incremental,4021.0,1,31.57411878856317,2,109.45261901573735
sano,307,7,B_incremental,4021.0,1,31.57411878856317,2,109.45261901573735
sano,307,8,B_incremental,4021.0,1,31.57411878856317,2,109.45261901573735
sano,307,9,B_incremental,4021.0,1,31.57411878856317,2,109.45261901573735
sano,307,10,B_incremental,4021.0,1,31.57411878856317,2,109.45261901573735
sano,307,11,B_incremental,4021.0,1,31.57411878856317,2,109.45261901573735
sano,309,0,A_steiner,6038.0,2,87.65012501950247,3,267.6127280340295
sano,309,1,A_steiner,6038.0,2,87.65012501950247,3,267.6127280340295
sano,309,2,A_steiner,6038.0,2,87.65012501950247,3,267.6127280340295
sano,309,3,A_steiner,6038.0,2,87.65012501950247,3,267.6127280340295
sano,309,4,A_steiner,6038.0,2,87.65012501950247,3,267.6127280340295
sano,309,5,A_steiner,6038.0,2,87.65012501950247,3,267.6127280340295
sano,309,6,B_incremental,6038.0,2,87.65012501950247,3,267.6127280340295
sano,309,7,B_incremental,6038.0,2,87.65012501950247,3,267.6127280340295
sano,309,8,B_incremental,6038.0,2,87.65012501950247,3,267.6127280340295
sano,309,9,B_incremental,6038.0,2,87.65012501950247,3,267.6127280340295
sano,309,10,B_incremental,6038.0,2,87.65012501950247,3,267.6127280340295
sano,309,11,B_incremental,6038.0,2,87.65012501950247,3,267.6127280340295
sano,313,0,A_steiner,4988.0,1,54.63693857938364,2,247.73839016473715
sano,313,1,A_steiner,4988.0,1,54.63693857938364,2,247.73839016473715
sano,313,2,A_steiner,4988.0,1,54.63693857938364,2,247.73839016473715
sano,313,3,A_steiner,4988.0,1,54.63693857938364,2,247.73839016473715
sano,313,4,A_steiner,4988.0,1,54.63693857938364,2,247.73839016473715
sano,313,5,A_steiner,4988.0,1,54.63693857938364,2,247.73839016473715
sano,313,6,B_incremental,4988.0,1,54.63693857938364,2,247.73839016473715
sano,313,7,B_incremental,4988.0,1,54.63693857938364,2,247.73839016473715
sano,313,8,B_incremental,4988.0,1,54.63693857938364,2,247.73839016473715
sano,313,9,B_incremental,4988.0,1,54.63693857938364,2,247.73839016473715
sano,313,10,B_incremental,4988.0,1,54.63693857938364,2,247.73839016473715
sano,313,11,B_incremental,4988.0,1,54.63693857938364,2,247.73839016473715
sano,315,0,A_steiner,4810.0,1,45.38159252157481,2,60.70893791334872
sano,315,1,A_steiner,4810.0,1,45.38159252157481,2,60.70893791334872
sano,315,2,A_steiner,4810.0,1,45.38159252157481,2,60.70893791334872
sano,315,3,A_steiner,4810.0,1,45.38159252157481,2,60.70893791334872
sano,315,4,A_steiner,4810.0,1,45.38159252157481,2,60.70893791334872
sano,315,5,A_steiner,4810.0,1,45.38159252157481,2,60.70893791334872
sano,315,6,B_incremental,4810.0,1,45.38159252157481,2,60.70893791334872
sano,315,7,B_incremental,4810.0,1,45.38159252157481,2,60.70893791334872
sano,315,8,B_incremental,4810.0,1,45.38159252157481,2,60.70893791334872
sano,315,9,B_incremental,4810.0,1,45.38159252157481,2,60.70893791334872
sano,315,10,B_incremental,4810.0,1,45.38159252157481,2,60.70893791334872
sano,315,11,B_incremental,4810.0,1,45.38159252157481,2,60.70893791334872
sano,317,0,A_steiner,4997.0,1,60.92612219698769,2,84.02176488911225
sano,317,1,A_steiner,4997.0,1,60.92612219698769,2,84.02176488911225
sano,317,2,A_steiner,4997.0,1,60.92612219698769,2,84.02176488911225
sano,317,3,A_steiner,4997.0,1,60.92612219698769,2,84.02176488911225
sano,317,4,A_steiner,4997.0,1,60.92612219698769,2,84.02176488911225
sano,317,5,A_steiner,4997.0,1,60.92612219698769,2,84.02176488911225
sano,317,6,B_incremental,4997.0,1,60.92612219698769,2,84.02176488911225
sano,317,7,B_incremental,4997.0,1,60.92612219698769,2,84.02176488911225
sano,317,8,B_incremental,4997.0,1,60.92612219698769,2,84.02176488911225
sano,317,9,B_incremental,4997.0,1,60.92612219698769,2,84.02176488911225
sano,317,10,B_incremental,4997.0,1,60.92612219698769,2,84.02176488911225
sano,317,11,B_incremental,4997.0,1,60.92612219698769,2,84.02176488911225
sano,319,0,A_steiner,1830.0,1,53.183821874915374,2,24.602686189343423
sano,319,1,A_steiner,1830.0,1,53.183821874915374,2,24.602686189343423
sano,319,2,A_steiner,1830.0,1,53.183821874915374,2,24.602686189343423
sano,319,3,A_steiner,1830.0,1,53.183821874915374,2,24.602686189343423
sano,319,4,A_steiner,1830.0,1,53.183821874915374,2,24.602686189343423
sano,319,5,A_steiner,1830.0,1,53.183821874915374,2,24.602686189343423
sano,319,6,B_incremental,1830.0,1,53.183821874915374,2,24.602686189343423
sano,319,7,B_incremental,1830.0,1,53.183821874915374,2,24.602686189343423
sano,319,8,B_incremental,1830.0,1,53.183821874915374,2,24.602686189343423
sano,319,9,B_incremental,1830.0,1,53.183821874915374,2,24.602686189343423
sano,319,10,B_incremental,1830.0,1,53.183821874915374,2,24.602686189343423
sano,319,11,B_incremental,1830.0,1,53.183821874915374,2,24.602686189343423
sano,321,0,A_steiner,5060.0,1,9.920645228398335,2,105.08985139471962
sano,321,1,A_steiner,5060.0,1,9.920645228398335,2,105.08985139471962
sano,321,2,A_steiner,5060.0,1,9.920645228398335,2,105.08985139471962
sano,321,3,A_steiner,5060.0,1,9.920645228398335,2,105.08985139471962
sano,321,4,A_steiner,5060.0,1,9.920645228398335,2,105.08985139471962
sano,321,5,A_steiner,5060.0,1,9.920645228398335,2,105.08985139471962
sano,321,6,B_incremental,5060.0,1,9.920645228398335,2,105.08985139471962
sano,321,7,B_incremental,5060.0,1,9.920645228398335,2,105.08985139471962
sano,321,8,B_incremental,5060.0,1,9.920645228398335,2,105.08985139471962
sano,321,9,B_incremental,5060.0,1,9.920645228398335,2,105.08985139471962
sano,321,10,B_incremental,5060.0,1,9.920645228398335,2,105.08985139471962
sano,321,11,B_incremental,5060.0,1,9.920645228398335,2,105.08985139471962
sano,327,0,A_steiner,1771.0,1,59.823756636086216,2,144.5427281726256
sano,327,1,A_steiner,1771.0,1,59.823756636086216,2,144.5427281726256
sano,327,2,A_steiner,1771.0,1,59.823756636086216,2,144.5427281726256
sano,327,3,A_steiner,1771.0,1,59.823756636086216,2,144.5427281726256
sano,327,4,A_steiner,1771.0,1,59.823756636086216,2,144.5427281726256
sano,327,5,A_steiner,1771.0,1,59.823756636086216,2,144.5427281726256
sano,327,6,B_incremental,1771.0,1,59.823756636086216,2,144.5427281726256
sano,327,7,B_incremental,1771.0,1,59.823756636086216,2,144.5427281726256
sano,327,8,B_incremental,1771.0,1,59.823756636086216,2,144.5427281726256
sano,327,9,B_incremental,1771.0,1,59.823756636086216,2,144.5427281726256
sano,327,10,B_incremental,1771.0,1,59.823756636086216,2,144.5427281726256
sano,327,11,B_incremental,1771.0,1,59.823756636086216,2,144.5427281726256
sano,329,0,A_steiner,1453.0,1,22.55252630191048,2,59.93868487820372
sano,329,1,A_steiner,1453.0,1,22.55252630191048,2,59.93868487820372
sano,329,2,A_steiner,1453.0,1,22.55252630191048,2,59.93868487820372
sano,329,3,A_steiner,1453.0,1,22.55252630191048,2,59.93868487820372
sano,329,4,A_steiner,1453.0,1,22.55252630191048,2,59.93868487820372
sano,329,5,A_steiner,1453.0,1,22.55252630191048,2,59.93868487820372
sano,329,6,B_incremental,1453.0,1,22.55252630191048,2,59.93868487820372
sano,329,7,B_incremental,1453.0,1,22.55252630191048,2,59.93868487820372
sano,329,8,B_incremental,1453.0,1,22.55252630191048,2,59.93868487820372
sano,329,9,B_incremental,1453.0,1,22.55252630191048,2,59.93868487820372
sano,329,10,B_incremental,1453.0,1,22.55252630191048,2,59.93868487820372
sano,329,11,B_incremental,1453.0,1,22.55252630191048,2,59.93868487820372
sano,335,0,A_steiner,6236.0,1,53.31633905080995,2,81.5285492525999
sano,335,1,A_steiner,6236.0,1,53.31633905080995,2,81.5285492525999
sano,335,2,A_steiner,6236.0,1,53.31633905080995,2,81.5285492525999
sano,335,3,A_steiner,6236.0,1,53.31633905080995,2,81.5285492525999
sano,335,4,A_steiner,6236.0,1,53.31633905080995,2,81.5285492525999
sano,335,5,A_steiner,6236.0,1,53.31633905080995,2,81.5285492525999
sano,335,6,B_incremental,6236.0,1,53.31633905080995,2,81.5285492525999
sano,335,7,B_incremental,6236.0,1,53.31633905080995,2,81.5285492525999
sano,335,8,B_incremental,6236.0,1,53.31633905080995,2,81.5285492525999
sano,335,9,B_incremental,6236.0,1,53.31633905080995,2,81.5285492525999
sano,335,10,B_incremental,6236.0,1,53.31633905080995,2,81.5285492525999
sano,335,11,B_incremental,6236.0,1,53.31633905080995,2,81.5285492525999
sano,337,0,A_steiner,176.0,2,60.09580043380007,3,117.65464507559889
sano,337,1,A_steiner,176.0,2,60.09580043380007,3,117.65464507559889
sano,337,2,A_steiner,176.0,2,60.09580043380007,3,117.65464507559889
sano,337,3,A_steiner,176.0,2,60.09580043380007,3,117.65464507559889
sano,337,4,A_steiner,176.0,2,60.09580043380007,3,117.65464507559889
sano,337,5,A_steiner,176.0,2,60.09580043380007,3,117.65464507559889
sano,337,6,B_incremental,176.0,2,60.09580043380007,3,117.65464507559889
sano,337,7,B_incremental,176.0,2,60.09580043380007,3,117.65464507559889
sano,337,8,B_incremental,176.0,2,60.09580043380007,3,117.65464507559889
sano,337,9,B_incremental,176.0,2,60.09580043380007,3,117.65464507559889
sano,337,10,B_incremental,176.0,2,60.09580043380007,3,117.65464507559889
sano,337,11,B_incremental,176.0,2,60.09580043380007,3,117.65464507559889
sano,338,0,A_steiner,5012.0,1,55.44494121424621,2,43.91514496467487
sano,338,1,A_steiner,5012.0,1,55.44494121424621,2,43.91514496467487
sano,338,2,A_steiner,5012.0,1,55.44494121424621,2,43.91514496467487
sano,338,3,A_steiner,5012.0,1,55.44494121424621,2,43.91514496467487
sano,338,4,A_steiner,5012.0,1,55.44494121424621,2,43.91514496467487
sano,338,5,A_steiner,5012.0,1,55.44494121424621,2,43.91514496467487
sano,338,6,B_incremental,5012.0,1,55.44494121424621,2,43.91514496467487
sano,338,7,B_incremental,5012.0,1,55.44494121424621,2,43.91514496467487
sano,338,8,B_incremental,5012.0,1,55.44494121424621,2,43.91514496467487
sano,338,9,B_incremental,5012.0,1,55.44494121424621,2,43.91514496467487
sano,338,10,B_incremental,5012.0,1,55.44494121424621,2,43.91514496467487
sano,338,11,B_incremental,5012.0,1,55.44494121424621,2,43.91514496467487
sano,339,0,A_steiner,84.0,1,53.06240738178513,2,34.18750131922969
sano,339,1,A_steiner,84.0,1,53.06240738178513,2,34.18750131922969
sano,339,2,A_steiner,84.0,1,53.06240738178513,2,34.18750131922969
sano,339,3,A_steiner,84.0,1,53.06240738178513,2,34.18750131922969
sano,339,4,A_steiner,84.0,1,53.06240738178513,2,34.18750131922969
sano,339,5,A_steiner,84.0,1,53.06240738178513,2,34.18750131922969
sano,339,6,B_incremental,84.0,1,53.06240738178513,2,34.18750131922969
sano,339,7,B_incremental,84.0,1,53.06240738178513,2,34.18750131922969
sano,339,8,B_incremental,84.0,1,53.06240738178513,2,34.18750131922969
sano,339,9,B_incremental,84.0,1,53.06240738178513,2,34.18750131922969
sano,339,10,B_incremental,84.0,1,53.06240738178513,2,34.18750131922969
sano,339,11,B_incremental,84.0,1,53.06240738178513,2,34.18750131922969
sano,341,0,A_steiner,4558.0,1,9.312160136806655,2,85.78660684184527
sano,341,1,A_steiner,4558.0,1,9.312160136806655,2,85.78660684184527
sano,341,2,A_steiner,4558.0,1,9.312160136806655,2,85.78660684184527
sano,341,3,A_steiner,4558.0,1,9.312160136806655,2,85.78660684184527
sano,341,4,A_steiner,4558.0,1,9.312160136806655,2,85.78660684184527
sano,341,5,A_steiner,4558.0,1,9.312160136806655,2,85.78660684184527
sano,341,6,B_incremental,4558.0,1,9.312160136806655,2,85.78660684184527
sano,341,7,B_incremental,4558.0,1,9.312160136806655,2,85.78660684184527
sano,341,8,B_incremental,4558.0,1,9.312160136806655,2,85.78660684184527
sano,341,9,B_incremental,4558.0,1,9.312160136806655,2,85.78660684184527
sano,341,10,B_incremental,4558.0,1,9.312160136806655,2,85.78660684184527
sano,341,11,B_incremental,4558.0,1,9.312160136806655,2,85.78660684184527
sano,342,0,A_steiner,5021.0,1,23.49069218835953,2,112.06092447510407
sano,342,1,A_steiner,5021.0,1,23.49069218835953,2,112.06092447510407
sano,342,2,A_steiner,5021.0,1,23.49069218835953,2,112.06092447510407
sano,342,3,A_steiner,5021.0,1,23.49069218835953,2,112.06092447510407
sano,342,4,A_steiner,5021.0,1,23.49069218835953,2,112.06092447510407
sano,342,5,A_steiner,5021.0,1,23.49069218835953,2,112.06092447510407
sano,342,6,B_incremental,5021.0,1,23.49069218835953,2,112.06092447510407
sano,342,7,B_incremental,5021.0,1,23.49069218835953,2,112.06092447510407
sano,342,8,B_incremental,5021.0,1,23.49069218835953,2,112.06092447510407
sano,342,9,B_incremental,5021.0,1,23.49069218835953,2,112.06092447510407
sano,342,10,B_incremental,5021.0,1,23.49069218835953,2,112.06092447510407
sano,342,11,B_incremental,5021.0,1,23.49069218835953,2,112.06092447510407
sano,343,0,A_steiner,5506.0,1,30.968427087179546,2,78.36750574067105
sano,343,1,A_steiner,5506.0,1,30.968427087179546,2,78.36750574067105
sano,343,2,A_steiner,5506.0,1,30.968427087179546,2,78.36750574067105
sano,343,3,A_steiner,5506.0,1,30.968427087179546,2,78.36750574067105
sano,343,4,A_steiner,5506.0,1,30.968427087179546,2,78.36750574067105
sano,343,5,A_steiner,5506.0,1,30.968427087179546,2,78.36750574067105
sano,343,6,B_incremental,5506.0,1,30.968427087179546,2,78.36750574067105
sano,343,7,B_incremental,5506.0,1,30.968427087179546,2,78.36750574067105
sano,343,8,B_incremental,5506.0,1,30.968427087179546,2,78.36750574067105
sano,343,9,B_incremental,5506.0,1,30.968427087179546,2,78.36750574067105
sano,343,10,B_incremental,5506.0,1,30.968427087179546,2,78.36750574067105
sano,343,11,B_incremental,5506.0,1,30.968427087179546,2,78.36750574067105
sano,344,0,A_steiner,6145.0,1,19.9297315179145,2,42.45140675307432
sano,344,1,A_steiner,6145.0,1,19.9297315179145,2,42.45140675307432
sano,344,2,A_steiner,6145.0,1,19.9297315179145,2,42.45140675307432
sano,344,3,A_steiner,6145.0,1,19.9297315179145,2,42.45140675307432
sano,344,4,A_steiner,6145.0,1,19.9297315179145,2,42.45140675307432
sano,344,5,A_steiner,6145.0,1,19.9297315179145,2,42.45140675307432
sano,344,6,B_incremental,6145.0,1,19.9297315179145,2,42.45140675307432
sano,344,7,B_incremental,6145.0,1,19.9297315179145,2,42.45140675307432
sano,344,8,B_incremental,6145.0,1,19.9297315179145,2,42.45140675307432
sano,344,9,B_incremental,6145.0,1,19.9297315179145,2,42.45140675307432
sano,344,10,B_incremental,6145.0,1,19.9297315179145,2,42.45140675307432
sano,344,11,B_incremental,6145.0,1,19.9297315179145,2,42.45140675307432
sano,345,0,A_steiner,4814.0,1,52.3799431208386,2,35.67989053007294
sano,345,1,A_steiner,4814.0,1,52.3799431208386,2,35.67989053007294
sano,345,2,A_steiner,4814.0,1,52.3799431208386,2,35.67989053007294
sano,345,3,A_steiner,4814.0,1,52.3799431208386,2,35.67989053007294
sano,345,4,A_steiner,4814.0,1,52.3799431208386,2,35.67989053007294
sano,345,5,A_steiner,4814.0,1,52.3799431208386,2,35.67989053007294
sano,345,6,B_incremental,4814.0,1,52.3799431208386,2,35.67989053007294
sano,345,7,B_incremental,4814.0,1,52.3799431208386,2,35.67989053007294
sano,345,8,B_incremental,4814.0,1,52.3799431208386,2,35.67989053007294
sano,345,9,B_incremental,4814.0,1,52.3799431208386,2,35.67989053007294
sano,345,10,B_incremental,4814.0,1,52.3799431208386,2,35.67989053007294
sano,345,11,B_incremental,4814.0,1,52.3799431208386,2,35.67989053007294
sano,349,0,A_steiner,3597.0,5,178.33188172610673,3,146.63113098550662
sano,349,1,A_steiner,3597.0,5,178.33188172610673,3,146.63113098550662
sano,349,2,A_steiner,3597.0,5,178.33188172610673,3,146.63113098550662
sano,349,3,A_steiner,3597.0,5,178.33188172610673,3,146.63113098550662
sano,349,4,A_steiner,3597.0,5,178.33188172610673,3,146.63113098550662
sano,349,5,A_steiner,3597.0,5,178.33188172610673,3,146.63113098550662
sano,349,6,B_incremental,3597.0,5,178.33188172610673,3,146.63113098550662
sano,349,7,B_incremental,3597.0,5,178.33188172610673,3,146.63113098550662
sano,349,8,B_incremental,3597.0,5,178.33188172610673,3,146.63113098550662
sano,349,9,B_incremental,3597.0,5,178.33188172610673,3,146.63113098550662
sano,349,10,B_incremental,3597.0,5,178.33188172610673,3,146.63113098550662
sano,349,11,B_incremental,3597.0,5,178.33188172610673,3,146.63113098550662
sano,350,0,A_steiner,4539.0,3,198.5800739279507,4,131.25353108434012
sano,350,1,A_steiner,4539.0,3,198.5800739279507,4,131.25353108434012
sano,350,2,A_steiner,4539.0,3,198.5800739279507,4,131.25353108434012
sano,350,3,A_steiner,4539.0,3,198.5800739279507,4,131.25353108434012
sano,350,4,A_steiner,4539.0,4,195.17218065583052,4,131.25353108434012
sano,350,5,A_steiner,4539.0,4,195.17218065583052,4,131.25353108434012
sano,350,6,B_incremental,4539.0,4,195.17218065583052,4,131.25353108434012
sano,350,7,B_incremental,4539.0,4,195.17218065583052,4,131.25353108434012
sano,350,8,B_incremental,4539.0,4,195.17218065583052,4,131.25353108434012
sano,350,9,B_incremental,4539.0,4,195.17218065583052,4,131.25353108434012
sano,350,10,B_incremental,4539.0,4,195.17218065583052,4,131.25353108434012
sano,350,11,B_incremental,4539.0,4,195.17218065583052,4,131.25353108434012
sano,353,0,A_steiner,3605.0,3,172.8137634695637,3,163.97932676450333
sano,353,1,A_steiner,3605.0,3,172.8137634695637,3,163.97932676450333
sano,353,2,A_steiner,3605.0,3,172.8137634695637,3,163.97932676450333
sano,353,3,A_steiner,3605.0,3,172.8137634695637,3,163.97932676450333
sano,353,4,A_steiner,3605.0,3,172.8137634695637,3,163.97932676450333
sano,353,5,A_steiner,3605.0,3,172.8137634695637,3,163.97932676450333
sano,353,6,B_incremental,3605.0,3,172.8137634695637,3,163.97932676450333
sano,353,7,B_incremental,3605.0,3,172.8137634695637,3,163.97932676450333
sano,353,8,B_incremental,3605.0,3,172.8137634695637,3,163.97932676450333
sano,353,9,B_incremental,3605.0,3,172.8137634695637,3,163.97932676450333
sano,353,10,B_incremental,3605.0,3,172.8137634695637,3,163.97932676450333
sano,353,11,B_incremental,3605.0,3,172.8137634695637,3,163.97932676450333
sano,355,0,A_steiner,1664.0,1,52.50673704784136,2,116.97005076296846
sano,355,1,A_steiner,1664.0,1,52.50673704784136,2,116.97005076296846
sano,355,2,A_steiner,1664.0,1,52.50673704784136,2,116.97005076296846
sano,355,3,A_steiner,1664.0,1,52.50673704784136,2,116.97005076296846
sano,355,4,A_steiner,1664.0,1,52.50673704784136,2,116.97005076296846
sano,355,5,A_steiner,1664.0,1,52.50673704784136,2,116.97005076296846
sano,355,6,B_incremental,1664.0,1,52.50673704784136,2,116.97005076296846
sano,355,7,B_incremental,1664.0,1,52.50673704784136,2,116.97005076296846
sano,355,8,B_incremental,1664.0,1,52.50673704784136,2,116.97005076296846
sano,355,9,B_incremental,1664.0,1,52.50673704784136,2,116.97005076296846
sano,355,10,B_incremental,1664.0,1,52.50673704784136,2,116.97005076296846
sano,355,11,B_incremental,1664.0,1,52.50673704784136,2,116.97005076296846
sano,357,0,A_steiner,5191.0,7,537.368814291942,2,183.90103617197417
sano,357,1,A_steiner,5191.0,7,537.368814291942,2,183.90103617197417
sano,357,2,A_steiner,5191.0,7,537.368814291942,2,183.90103617197417
sano,357,3,A_steiner,5191.0,7,537.368814291942,2,183.90103617197417
sano,357,4,A_steiner,5191.0,7,537.368814291942,2,183.90103617197417
sano,357,5,A_steiner,5191.0,7,537.368814291942,2,183.90103617197417
sano,357,6,B_incremental,5191.0,7,537.368814291942,2,183.90103617197417
sano,357,7,B_incremental,5191.0,7,537.368814291942,2,183.90103617197417
sano,357,8,B_incremental,5191.0,7,537.368814291942,2,183.90103617197417
sano,357,9,B_incremental,5191.0,7,537.368814291942,2,183.90103617197417
sano,357,10,B_incremental,5191.0,7,537.368814291942,2,183.90103617197417
sano,357,11,B_incremental,5191.0,7,537.368814291942,2,183.90103617197417
sano,361,0,A_steiner,6233.0,1,24.48574908637271,2,179.53240845291478
sano,361,1,A_steiner,6233.0,1,24.48574908637271,2,179.53240845291478
sano,361,2,A_steiner,6233.0,1,24.48574908637271,2,179.53240845291478
sano,361,3,A_steiner,6233.0,1,24.48574908637271,2,179.53240845291478
sano,361,4,A_steiner,6233.0,1,24.48574908637271,2,179.53240845291478
sano,361,5,A_steiner,6233.0,1,24.48574908637271,2,179.53240845291478
sano,361,6,B_incremental,6233.0,1,24.48574908637271,2,179.53240845291478
sano,361,7,B_incremental,6233.0,1,24.48574908637271,2,179.53240845291478
sano,361,8,B_incremental,6233.0,1,24.48574908637271,2,179.53240845291478
sano,361,9,B_incremental,6233.0,1,24.48574908637271,2,179.53240845291478
sano,361,10,B_incremental,6233.0,1,24.48574908637271,2,179.53240845291478
sano,361,11,B_incremental,6233.0,1,24.48574908637271,2,179.53240845291478
sano,362,0,A_steiner,1741.0,2,82.03728215680698,3,43.29958813484076
sano,362,1,A_steiner,1741.0,2,82.03728215680698,3,43.29958813484076
sano,362,2,A_steiner,1741.0,2,82.03728215680698,3,43.29958813484076
sano,362,3,A_steiner,1741.0,2,82.03728215680698,3,43.29958813484076
sano,362,4,A_steiner,1741.0,2,82.03728215680698,3,43.29958813484076
sano,362,5,A_steiner,1741.0,2,82.03728215680698,3,43.29958813484076
sano,362,6,B_incremental,1741.0,2,82.03728215680698,3,43.29958813484076
sano,362,7,B_incremental,1741.0,2,82.03728215680698,3,43.29958813484076
sano,362,8,B_incremental,1741.0,2,82.03728215680698,3,43.29958813484076
sano,362,9,B_incremental,1741.0,2,82.03728215680698,3,43.29958813484076
sano,362,10,B_incremental,1741.0,2,82.03728215680698,3,43.29958813484076
sano,362,11,B_incremental,1741.0,2,82.03728215680698,3,43.29958813484076
sano,364,0,A_steiner,89.0,1,57.67137300368448,2,212.14277346765422
sano,364,1,A_steiner,89.0,1,57.67137300368448,2,212.14277346765422
sano,364,2,A_steiner,89.0,1,57.67137300368448,2,212.14277346765422
sano,364,3,A_steiner,89.0,1,57.67137300368448,2,212.14277346765422
sano,364,4,A_steiner,89.0,1,57.67137300368448,2,212.14277346765422
sano,364,5,A_steiner,89.0,1,57.67137300368448,2,212.14277346765422
sano,364,6,B_incremental,89.0,1,57.67137300368448,2,212.14277346765422
sano,364,7,B_incremental,89.0,1,57.67137300368448,2,212.14277346765422
sano,364,8,B_incremental,89.0,1,57.67137300368448,2,212.14277346765422
sano,364,9,B_incremental,89.0,1,57.67137300368448,2,212.14277346765422
sano,364,10,B_incremental,89.0,1,57.67137300368448,2,212.14277346765422
sano,364,11,B_incremental,89.0,1,57.67137300368448,2,212.14277346765422
sano,365,0,A_steiner,4873.0,1,18.66738072566509,2,55.397346238629595
sano,365,1,A_steiner,4873.0,1,18.66738072566509,2,55.397346238629595
sano,365,2,A_steiner,4873.0,1,18.66738072566509,2,55.397346238629595
sano,365,3,A_steiner,4873.0,1,18.66738072566509,2,55.397346238629595
sano,365,4,A_steiner,4873.0,1,18.66738072566509,2,55.397346238629595
sano,365,5,A_steiner,4873.0,1,18.66738072566509,2,55.397346238629595
sano,365,6,B_incremental,4873.0,1,18.66738072566509,2,55.397346238629595
sano,365,7,B_incremental,4873.0,1,18.66738072566509,2,55.397346238629595
sano,365,8,B_incremental,4873.0,1,18.66738072566509,2,55.397346238629595
sano,365,9,B_incremental,4873.0,1,18.66738072566509,2,55.397346238629595
sano,365,10,B_incremental,4873.0,1,18.66738072566509,2,55.397346238629595
sano,365,11,B_incremental,4873.0,1,18.66738072566509,2,55.397346238629595
sano,369,0,A_steiner,6144.0,1,42.96366168931589,2,110.77527840157934
sano,369,1,A_steiner,6144.0,1,42.96366168931589,2,110.77527840157934
sano,369,2,A_steiner,6144.0,1,42.96366168931589,2,110.77527840157934
sano,369,3,A_steiner,6144.0,1,42.96366168931589,2,110.77527840157934
sano,369,4,A_steiner,6144.0,1,42.96366168931589,2,110.77527840157934
sano,369,5,A_steiner,6144.0,1,42.96366168931589,2,110.77527840157934
sano,369,6,B_incremental,6144.0,1,42.96366168931589,2,110.77527840157934
sano,369,7,B_incremental,6144.0,1,42.96366168931589,2,110.77527840157934
sano,369,8,B_incremental,6144.0,1,42.96366168931589,2,110.77527840157934
sano,369,9,B_incremental,6144.0,1,42.96366168931589,2,110.77527840157934
sano,369,10,B_incremental,6144.0,1,42.96366168931589,2,110.77527840157934
sano,369,11,B_incremental,6144.0,1,42.96366168931589,2,110.77527840157934
sano,371,0,A_steiner,4427.0,1,38.18740088667407,2,268.2777810506485
sano,371,1,A_steiner,4427.0,1,38.18740088667407,2,268.2777810506485
sano,371,2,A_steiner,4427.0,1,38.18740088667407,2,268.2777810506485
sano,371,3,A_steiner,4427.0,1,38.18740088667407,2,268.2777810506485
sano,371,4,A_steiner,4427.0,1,38.18740088667407,2,268.2777810506485
sano,371,5,A_steiner,4427.0,1,38.18740088667407,2,268.2777810506485
sano,371,6,B_incremental,4427.0,1,38.18740088667407,2,268.2777810506485
sano,371,7,B_incremental,4427.0,1,38.18740088667407,2,268.2777810506485
sano,371,8,B_incremental,4427.0,1,38.18740088667407,2,268.2777810506485
sano,371,9,B_incremental,4427.0,1,38.18740088667407,2,268.2777810506485
sano,371,10,B_incremental,4427.0,1,38.18740088667407,2,268.2777810506485
sano,371,11,B_incremental,4427.0,1,38.18740088667407,2,268.2777810506485
sano,374,0,A_steiner,4821.0,1,4.195574597018232,2,57.93634912903919
sano,374,1,A_steiner,4821.0,1,4.195574597018232,2,57.93634912903919
sano,374,2,A_steiner,4821.0,1,4.195574597018232,2,57.93634912903919
sano,374,3,A_steiner,4821.0,1,4.195574597018232,2,57.93634912903919
sano,374,4,A_steiner,4821.0,1,4.195574597018232,2,57.93634912903919
sano,374,5,A_steiner,4821.0,1,4.195574597018232,2,57.93634912903919
sano,374,6,B_incremental,4821.0,1,4.195574597018232,2,57.93634912903919
sano,374,7,B_incremental,4821.0,1,4.195574597018232,2,57.93634912903919
sano,374,8,B_incremental,4821.0,1,4.195574597018232,2,57.93634912903919
sano,374,9,B_incremental,4821.0,1,4.195574597018232,2,57.93634912903919
sano,374,10,B_incremental,4821.0,1,4.195574597018232,2,57.93634912903919
sano,374,11,B_incremental,4821.0,1,4.195574597018232,2,57.93634912903919
sano,375,0,A_steiner,1851.0,3,164.28913484374527,4,233.8367421921267
sano,375,1,A_steiner,1851.0,3,164.28913484374527,4,233.8367421921267
sano,375,2,A_steiner,1851.0,3,164.28913484374527,4,233.8367421921267
sano,375,3,A_steiner,1851.0,3,164.28913484374527,4,233.8367421921267
sano,375,4,A_steiner,1851.0,3,164.28913484374527,4,233.8367421921267
sano,375,5,A_steiner,1851.0,3,164.28913484374527,4,233.8367421921267
sano,375,6,B_incremental,1851.0,3,164.28913484374527,4,233.8367421921267
sano,375,7,B_incremental,1851.0,3,164.28913484374527,4,233.8367421921267
sano,375,8,B_incremental,1851.0,3,164.28913484374527,4,233.8367421921267
sano,375,9,B_incremental,1851.0,3,164.28913484374527,4,233.8367421921267
sano,375,10,B_incremental,1851.0,3,164.28913484374527,4,233.8367421921267
sano,375,11,B_incremental,1851.0,3,164.28913484374527,4,233.8367421921267
sano,376,0,A_steiner,1480.0,2,43.87520195131182,3,187.43670989370818
sano,376,1,A_steiner,1480.0,2,43.87520195131182,3,187.43670989370818
sano,376,2,A_steiner,1480.0,2,43.87520195131182,3,187.43670989370818
sano,376,3,A_steiner,1480.0,2,43.87520195131182,3,187.43670989370818
sano,376,4,A_steiner,1480.0,2,43.87520195131182,3,187.43670989370818
sano,376,5,A_steiner,1480.0,2,43.87520195131182,3,187.43670989370818
sano,376,6,B_incremental,1480.0,2,43.87520195131182,3,187.43670989370818
sano,376,7,B_incremental,1480.0,2,43.87520195131182,3,187.43670989370818
sano,376,8,B_incremental,1480.0,2,43.87520195131182,3,187.43670989370818
sano,376,9,B_incremental,1480.0,2,43.87520195131182,3,187.43670989370818
sano,376,10,B_incremental,1480.0,2,43.87520195131182,3,187.43670989370818
sano,376,11,B_incremental,1480.0,2,43.87520195131182,3,187.43670989370818
sano,378,0,A_steiner,5203.0,1,28.014329836193397,2,49.791969154174474
sano,378,1,A_steiner,5203.0,1,28.014329836193397,2,49.791969154174474
sano,378,2,A_steiner,5203.0,1,28.014329836193397,2,49.791969154174474
sano,378,3,A_steiner,5203.0,1,28.014329836193397,2,49.791969154174474
sano,378,4,A_steiner,5203.0,1,28.014329836193397,2,49.791969154174474
sano,378,5,A_steiner,5203.0,1,28.014329836193397,2,49.791969154174474
sano,378,6,B_incremental,5203.0,1,28.014329836193397,2,49.791969154174474
sano,378,7,B_incremental,5203.0,1,28.014329836193397,2,49.791969154174474
sano,378,8,B_incremental,5203.0,1,28.014329836193397,2,49.791969154174474
sano,378,9,B_incremental,5203.0,1,28.014329836193397,2,49.791969154174474
sano,378,10,B_incremental,5203.0,1,28.014329836193397,2,49.791969154174474
sano,378,11,B_incremental,5203.0,1,28.014329836193397,2,49.791969154174474
sano,380,0,A_steiner,1744.0,3,134.6127710827982,4,157.2159089321854
sano,380,1,A_steiner,1744.0,3,134.6127710827982,4,157.2159089321854
sano,380,2,A_steiner,1744.0,3,134.6127710827982,4,157.2159089321854
sano,380,3,A_steiner,1744.0,3,134.6127710827982,4,157.2159089321854
sano,380,4,A_steiner,1744.0,3,134.6127710827982,4,157.2159089321854
sano,380,5,A_steiner,1744.0,3,134.6127710827982,4,157.2159089321854
sano,380,6,B_incremental,1744.0,4,171.47067699895166,4,157.2159089321854
sano,380,7,B_incremental,1744.0,4,165.83269403589276,4,157.2159089321854
sano,380,8,B_incremental,1744.0,4,171.47067699895166,4,157.2159089321854
sano,380,9,B_incremental,1744.0,4,171.47067699895166,4,157.2159089321854
sano,380,10,B_incremental,1744.0,3,134.6127710827982,4,157.2159089321854
sano,380,11,B_incremental,1744.0,4,165.83269403589276,4,157.2159089321854
sano,382,0,A_steiner,5014.0,2,129.63191026751727,3,186.2340800358782
sano,382,1,A_steiner,5014.0,2,129.63191026751727,3,186.2340800358782
sano,382,2,A_steiner,5014.0,2,129.63191026751727,3,186.2340800358782
sano,382,3,A_steiner,5014.0,2,129.63191026751727,3,186.2340800358782
sano,382,4,A_steiner,5014.0,2,129.63191026751727,3,186.2340800358782
sano,382,5,A_steiner,5014.0,2,129.63191026751727,3,186.2340800358782
sano,382,6,B_incremental,5014.0,2,129.63191026751727,3,186.2340800358782
sano,382,7,B_incremental,5014.0,2,129.63191026751727,3,186.2340800358782
sano,382,8,B_incremental,5014.0,2,129.63191026751727,3,186.2340800358782
sano,382,9,B_incremental,5014.0,2,129.63191026751727,3,186.2340800358782
sano,382,10,B_incremental,5014.0,2,129.63191026751727,3,186.2340800358782
sano,382,11,B_incremental,5014.0,2,129.63191026751727,3,186.2340800358782
sano,383,0,A_steiner,4865.0,1,56.98554734769239,2,70.35870711090092
sano,383,1,A_steiner,4865.0,1,56.98554734769239,2,70.35870711090092
sano,383,2,A_steiner,4865.0,1,56.98554734769239,2,70.35870711090092
sano,383,3,A_steiner,4865.0,1,56.98554734769239,2,70.35870711090092
sano,383,4,A_steiner,4865.0,1,56.98554734769239,2,70.35870711090092
sano,383,5,A_steiner,4865.0,1,56.98554734769239,2,70.35870711090092
sano,383,6,B_incremental,4865.0,1,56.98554734769239,2,70.35870711090092
sano,383,7,B_incremental,4865.0,1,56.98554734769239,2,70.35870711090092
sano,383,8,B_incremental,4865.0,1,56.98554734769239,2,70.35870711090092
sano,383,9,B_incremental,4865.0,1,56.98554734769239,2,70.35870711090092
sano,383,10,B_incremental,4865.0,1,56.98554734769239,2,70.35870711090092
sano,383,11,B_incremental,4865.0,1,56.98554734769239,2,70.35870711090092
sano,384,0,A_steiner,4546.0,3,144.68131366576108,4,214.38456883043685
sano,384,1,A_steiner,4546.0,3,144.68131366576108,4,214.38456883043685
sano,384,2,A_steiner,4546.0,3,144.68131366576108,4,214.38456883043685
sano,384,3,A_steiner,4546.0,3,144.68131366576108,4,214.38456883043685
sano,384,4,A_steiner,4546.0,3,144.68131366576108,4,214.38456883043685
sano,384,5,A_steiner,4546.0,3,144.68131366576108,4,214.38456883043685
sano,384,6,B_incremental,4546.0,3,144.68131366576108,4,214.38456883043685
sano,384,7,B_incremental,4546.0,3,144.68131366576105,4,214.38456883043685
sano,384,8,B_incremental,4546.0,3,144.68131366576105,4,214.38456883043685
sano,384,9,B_incremental,4546.0,3,144.68131366576108,4,214.38456883043685
sano,384,10,B_incremental,4546.0,3,144.68131366576105,4,214.38456883043685
sano,384,11,B_incremental,4546.0,3,144.68131366576105,4,214.38456883043685
sano,385,0,A_steiner,6246.0,1,55.396971478384,2,214.5374055928369
sano,385,1,A_steiner,6246.0,1,55.396971478384,2,214.5374055928369
sano,385,2,A_steiner,6246.0,1,55.396971478384,2,214.5374055928369
sano,385,3,A_steiner,6246.0,1,55.396971478384,2,214.5374055928369
sano,385,4,A_steiner,6246.0,1,55.396971478384,2,214.5374055928369
sano,385,5,A_steiner,6246.0,1,55.396971478384,2,214.5374055928369
sano,385,6,B_incremental,6246.0,1,55.396971478384,2,214.5374055928369
sano,385,7,B_incremental,6246.0,1,55.396971478384,2,214.5374055928369
sano,385,8,B_incremental,6246.0,1,55.396971478384,2,214.5374055928369
sano,385,9,B_incremental,6246.0,1,55.396971478384,2,214.5374055928369
sano,385,10,B_incremental,6246.0,1,55.396971478384,2,214.5374055928369
sano,385,11,B_incremental,6246.0,1,55.396971478384,2,214.5374055928369
sano,386,0,A_steiner,863.0,2,112.4661501925756,3,316.91626159771613
sano,386,1,A_steiner,863.0,2,112.4661501925756,3,316.91626159771613
sano,386,2,A_steiner,863.0,2,112.4661501925756,3,316.91626159771613
sano,386,3,A_steiner,863.0,2,112.4661501925756,3,316.91626159771613
sano,386,4,A_steiner,863.0,2,112.4661501925756,3,316.91626159771613
sano,386,5,A_steiner,863.0,2,112.4661501925756,3,316.91626159771613
sano,386,6,B_incremental,863.0,2,112.4661501925756,3,316.91626159771613
sano,386,7,B_incremental,863.0,2,112.4661501925756,3,316.91626159771613
sano,386,8,B_incremental,863.0,2,112.4661501925756,3,316.91626159771613
sano,386,9,B_incremental,863.0,2,112.4661501925756,3,316.91626159771613
sano,386,10,B_incremental,863.0,2,112.4661501925756,3,316.91626159771613
sano,386,11,B_incremental,863.0,2,112.4661501925756,3,316.91626159771613
sano,387,0,A_steiner,4565.0,1,10.32398213615699,2,67.00443054859421
sano,387,1,A_steiner,4565.0,1,10.32398213615699,2,67.00443054859421
sano,387,2,A_steiner,4565.0,1,10.32398213615699,2,67.00443054859421
sano,387,3,A_steiner,4565.0,1,10.32398213615699,2,67.00443054859421
sano,387,4,A_steiner,4565.0,1,10.32398213615699,2,67.00443054859421
sano,387,5,A_steiner,4565.0,1,10.32398213615699,2,67.00443054859421
sano,387,6,B_incremental,4565.0,1,10.32398213615699,2,67.00443054859421
sano,387,7,B_incremental,4565.0,1,10.32398213615699,2,67.00443054859421
sano,387,8,B_incremental,4565.0,1,10.32398213615699,2,67.00443054859421
sano,387,9,B_incremental,4565.0,1,10.32398213615699,2,67.00443054859421
sano,387,10,B_incremental,4565.0,1,10.32398213615699,2,67.00443054859421
sano,387,11,B_incremental,4565.0,1,10.32398213615699,2,67.00443054859421
sano,390,0,A_steiner,1630.0,1,58.9293400003621,2,39.351930314180706
sano,390,1,A_steiner,1630.0,1,58.9293400003621,2,39.351930314180706
sano,390,2,A_steiner,1630.0,1,58.9293400003621,2,39.351930314180706
sano,390,3,A_steiner,1630.0,1,58.9293400003621,2,39.351930314180706
sano,390,4,A_steiner,1630.0,1,58.9293400003621,2,39.351930314180706
sano,390,5,A_steiner,1630.0,1,58.9293400003621,2,39.351930314180706
sano,390,6,B_incremental,1630.0,1,58.9293400003621,2,39.351930314180706
sano,390,7,B_incremental,1630.0,1,58.9293400003621,2,39.351930314180706
sano,390,8,B_incremental,1630.0,1,58.9293400003621,2,39.351930314180706
sano,390,9,B_incremental,1630.0,1,58.9293400003621,2,39.351930314180706
sano,390,10,B_incremental,1630.0,1,58.9293400003621,2,39.351930314180706
sano,390,11,B_incremental,1630.0,1,58.9293400003621,2,39.351930314180706
sano,391,0,A_steiner,83.0,2,46.87549263237843,3,55.7024904695949
sano,391,1,A_steiner,83.0,2,46.87549263237843,3,55.7024904695949
sano,391,2,A_steiner,83.0,2,46.87549263237843,3,55.7024904695949
sano,391,3,A_steiner,83.0,2,46.87549263237843,3,55.7024904695949
sano,391,4,A_steiner,83.0,2,46.87549263237843,3,55.7024904695949
sano,391,5,A_steiner,83.0,2,46.87549263237843,3,55.7024904695949
sano,391,6,B_incremental,83.0,2,46.87549263237843,3,55.7024904695949
sano,391,7,B_incremental,83.0,2,46.87549263237843,3,55.7024904695949
sano,391,8,B_incremental,83.0,2,46.87549263237843,3,55.7024904695949
sano,391,9,B_incremental,83.0,2,46.87549263237843,3,55.7024904695949
sano,391,10,B_incremental,83.0,2,46.87549263237843,3,55.7024904695949
sano,391,11,B_incremental,83.0,2,46.87549263237843,3,55.7024904695949
sano,392,0,A_steiner,4842.0,2,74.99322330537751,2,86.13391544057714
sano,392,1,A_steiner,4842.0,2,74.99322330537751,2,86.13391544057714
sano,392,2,A_steiner,4842.0,2,74.99322330537751,2,86.13391544057714
sano,392,3,A_steiner,4842.0,2,74.99322330537751,2,86.13391544057714
sano,392,4,A_steiner,4842.0,2,74.99322330537751,2,86.13391544057714
sano,392,5,A_steiner,4842.0,2,74.99322330537751,2,86.13391544057714
sano,392,6,B_incremental,4842.0,2,74.99322330537751,2,86.13391544057714
sano,392,7,B_incremental,4842.0,2,74.99322330537751,2,86.13391544057714
sano,392,8,B_incremental,4842.0,2,74.99322330537751,2,86.13391544057714
sano,392,9,B_incremental,4842.0,2,74.99322330537751,2,86.13391544057714
sano,392,10,B_incremental,4842.0,2,74.99322330537751,2,86.13391544057714
sano,392,11,B_incremental,4842.0,2,74.99322330537751,2,86.13391544057714
sano,396,0,A_steiner,4351.0,1,52.44565206306697,2,166.2502864608977
sano,396,1,A_steiner,4351.0,1,52.44565206306697,2,166.2502864608977
sano,396,2,A_steiner,4351.0,1,52.44565206306697,2,166.2502864608977
sano,396,3,A_steiner,4351.0,1,52.44565206306697,2,166.2502864608977
sano,396,4,A_steiner,4351.0,1,52.44565206306697,2,166.2502864608977
sano,396,5,A_steiner,4351.0,1,52.44565206306697,2,166.2502864608977
sano,396,6,B_incremental,4351.0,1,52.44565206306697,2,166.2502864608977
sano,396,7,B_incremental,4351.0,1,52.44565206306697,2,166.2502864608977
sano,396,8,B_incremental,4351.0,1,52.44565206306697,2,166.2502864608977
sano,396,9,B_incremental,4351.0,1,52.44565206306697,2,166.2502864608977
sano,396,10,B_incremental,4351.0,1,52.44565206306697,2,166.2502864608977
sano,396,11,B_incremental,4351.0,1,52.44565206306697,2,166.2502864608977
sano,400,0,A_steiner,216.0,2,45.564223902091484,3,207.83063368653933
sano,400,1,A_steiner,216.0,2,45.564223902091484,3,207.83063368653933
sano,400,2,A_steiner,216.0,2,45.564223902091484,3,207.83063368653933
sano,400,3,A_steiner,216.0,2,45.564223902091484,3,207.83063368653933
sano,400,4,A_steiner,216.0,2,45.564223902091484,3,207.83063368653933
sano,400,5,A_steiner,216.0,2,45.564223902091484,3,207.83063368653933
sano,400,6,B_incremental,216.0,2,45.564223902091484,3,207.83063368653933
sano,400,7,B_incremental,216.0,2,45.564223902091484,3,207.83063368653933
sano,400,8,B_incremental,216.0,2,45.564223902091484,3,207.83063368653933
sano,400,9,B_incremental,216.0,2,45.564223902091484,3,207.83063368653933
sano,400,10,B_incremental,216.0,2,45.564223902091484,3,207.83063368653933
sano,400,11,B_incremental,216.0,2,45.564223902091484,3,207.83063368653933
sano,401,0,A_steiner,3596.0,2,69.61364302013907,3,221.99856544946365
sano,401,1,A_steiner,3596.0,2,69.61364302013907,3,221.99856544946365
sano,401,2,A_steiner,3596.0,2,69.61364302013907,3,221.99856544946365
sano,401,3,A_steiner,3596.0,2,69.61364302013907,3,221.99856544946365
sano,401,4,A_steiner,3596.0,2,69.61364302013907,3,221.99856544946365
sano,401,5,A_steiner,3596.0,2,69.61364302013907,3,221.99856544946365
sano,401,6,B_incremental,3596.0,2,69.61364302013907,3,221.99856544946365
sano,401,7,B_incremental,3596.0,2,69.61364302013907,3,221.99856544946365
sano,401,8,B_incremental,3596.0,2,69.61364302013907,3,221.99856544946365
sano,401,9,B_incremental,3596.0,2,69.61364302013907,3,221.99856544946365
sano,401,10,B_incremental,3596.0,2,69.61364302013907,3,221.99856544946365
sano,401,11,B_incremental,3596.0,2,69.61364302013907,3,221.99856544946365
sano,403,0,A_steiner,5013.0,1,53.36746423893406,2,85.74294689314263
sano,403,1,A_steiner,5013.0,1,53.36746423893406,2,85.74294689314263
sano,403,2,A_steiner,5013.0,1,53.36746423893406,2,85.74294689314263
sano,403,3,A_steiner,5013.0,1,53.36746423893406,2,85.74294689314263
sano,403,4,A_steiner,5013.0,1,53.36746423893406,2,85.74294689314263
sano,403,5,A_steiner,5013.0,1,53.36746423893406,2,85.74294689314263
sano,403,6,B_incremental,5013.0,1,53.36746423893406,2,85.74294689314263
sano,403,7,B_incremental,5013.0,1,53.36746423893406,2,85.74294689314263
sano,403,8,B_incremental,5013.0,1,53.36746423893406,2,85.74294689314263
sano,403,9,B_incremental,5013.0,1,53.36746423893406,2,85.74294689314263
sano,403,10,B_incremental,5013.0,1,53.36746423893406,2,85.74294689314263
sano,403,11,B_incremental,5013.0,1,53.36746423893406,2,85.74294689314263
sano,405,0,A_steiner,6161.0,1,41.65629194007678,2,23.562061818805216
sano,405,1,A_steiner,6161.0,1,41.65629194007678,2,23.562061818805216
sano,405,2,A_steiner,6161.0,1,41.65629194007678,2,23.562061818805216
sano,405,3,A_steiner,6161.0,1,41.65629194007678,2,23.562061818805216
sano,405,4,A_steiner,6161.0,1,41.65629194007678,2,23.562061818805216
sano,405,5,A_steiner,6161.0,1,41.65629194007678,2,23.562061818805216
sano,405,6,B_incremental,6161.0,1,41.65629194007678,2,23.562061818805216
sano,405,7,B_incremental,6161.0,1,41.65629194007678,2,23.562061818805216
sano,405,8,B_incremental,6161.0,1,41.65629194007678,2,23.562061818805216
sano,405,9,B_incremental,6161.0,1,41.65629194007678,2,23.562061818805216
sano,405,10,B_incremental,6161.0,1,41.65629194007678,2,23.562061818805216
sano,405,11,B_incremental,6161.0,1,41.65629194007678,2,23.562061818805216
sano,406,0,A_steiner,3609.0,2,132.23613870181103,3,164.77266349665075
sano,406,1,A_steiner,3609.0,2,132.23613870181103,3,164.77266349665075
sano,406,2,A_steiner,3609.0,2,132.23613870181103,3,164.77266349665075
sano,406,3,A_steiner,3609.0,2,132.23613870181103,3,164.77266349665075
sano,406,4,A_steiner,3609.0,2,132.23613870181103,3,164.77266349665075
sano,406,5,A_steiner,3609.0,2,132.23613870181103,3,164.77266349665075
sano,406,6,B_incremental,3609.0,2,132.23613870181103,3,164.77266349665075
sano,406,7,B_incremental,3609.0,2,132.23613870181103,3,164.77266349665075
sano,406,8,B_incremental,3609.0,2,132.23613870181103,3,164.77266349665075
sano,406,9,B_incremental,3609.0,2,132.23613870181103,3,164.77266349665075
sano,406,10,B_incremental,3609.0,2,132.23613870181103,3,164.77266349665075
sano,406,11,B_incremental,3609.0,2,132.23613870181103,3,164.77266349665075
sano,408,0,A_steiner,3946.0,2,80.9583487594843,3,230.23424269297115
sano,408,1,A_steiner,3946.0,2,80.9583487594843,3,230.23424269297115
sano,408,2,A_steiner,3946.0,2,80.9583487594843,3,230.23424269297115
sano,408,3,A_steiner,3946.0,2,80.9583487594843,3,230.23424269297115
sano,408,4,A_steiner,3946.0,2,80.9583487594843,3,230.23424269297115
sano,408,5,A_steiner,3946.0,2,80.9583487594843,3,230.23424269297115
sano,408,6,B_incremental,3946.0,2,80.9583487594843,3,230.23424269297115
sano,408,7,B_incremental,3946.0,2,80.9583487594843,3,230.23424269297115
sano,408,8,B_incremental,3946.0,2,80.9583487594843,3,230.23424269297115
sano,408,9,B_incremental,3946.0,2,80.9583487594843,3,230.23424269297115
sano,408,10,B_incremental,3946.0,2,80.9583487594843,3,230.23424269297115
sano,408,11,B_incremental,3946.0,2,80.9583487594843,3,230.23424269297115
sano,410,0,A_steiner,4674.0,5,378.19880447967137,3,182.88636708756707
sano,410,1,A_steiner,4674.0,5,378.19880447967137,3,182.88636708756707
sano,410,2,A_steiner,4674.0,5,378.19880447967137,3,182.88636708756707
sano,410,3,A_steiner,4674.0,5,378.19880447967137,3,182.88636708756707
sano,410,4,A_steiner,4674.0,5,378.19880447967137,3,182.88636708756707
sano,410,5,A_steiner,4674.0,5,378.19880447967137,3,182.88636708756707
sano,410,6,B_incremental,4674.0,5,378.19880447967137,3,182.88636708756707
sano,410,7,B_incremental,4674.0,5,378.1988044796714,3,182.88636708756707
sano,410,8,B_incremental,4674.0,5,378.19880447967137,3,182.88636708756707
sano,410,9,B_incremental,4674.0,5,378.1988044796714,3,182.88636708756707
sano,410,10,B_incremental,4674.0,5,378.1988044796714,3,182.88636708756707
sano,410,11,B_incremental,4674.0,5,378.19880447967137,3,182.88636708756707
sano,412,0,A_steiner,1550.0,3,162.97338317580048,4,476.4590672323439
sano,412,1,A_steiner,1550.0,3,162.97338317580048,4,476.4590672323439
sano,412,2,A_steiner,1550.0,3,162.97338317580048,4,476.4590672323439
sano,412,3,A_steiner,1550.0,3,162.97338317580048,4,476.4590672323439
sano,412,4,A_steiner,1550.0,3,162.97338317580048,4,476.4590672323439
sano,412,5,A_steiner,1550.0,3,162.97338317580048,4,476.4590672323439
sano,412,6,B_incremental,1550.0,3,162.97338317580048,4,476.4590672323439
sano,412,7,B_incremental,1550.0,3,162.97338317580048,4,476.4590672323439
sano,412,8,B_incremental,1550.0,3,162.97338317580048,4,476.4590672323439
sano,412,9,B_incremental,1550.0,3,162.97338317580048,4,476.4590672323439
sano,412,10,B_incremental,1550.0,3,162.97338317580048,4,476.4590672323439
sano,412,11,B_incremental,1550.0,3,162.97338317580048,4,476.4590672323439
sano,414,0,A_steiner,5229.0,1,55.37945385599768,2,145.28233338704757
sano,414,1,A_steiner,5229.0,1,55.37945385599768,2,145.28233338704757
sano,414,2,A_steiner,5229.0,1,55.37945385599768,2,145.28233338704757
sano,414,3,A_steiner,5229.0,1,55.37945385599768,2,145.28233338704757
sano,414,4,A_steiner,5229.0,1,55.37945385599768,2,145.28233338704757
sano,414,5,A_steiner,5229.0,1,55.37945385599768,2,145.28233338704757
sano,414,6,B_incremental,5229.0,1,55.37945385599768,2,145.28233338704757
sano,414,7,B_incremental,5229.0,1,55.37945385599768,2,145.28233338704757
sano,414,8,B_incremental,5229.0,1,55.37945385599768,2,145.28233338704757
sano,414,9,B_incremental,5229.0,1,55.37945385599768,2,145.28233338704757
sano,414,10,B_incremental,5229.0,1,55.37945385599768,2,145.28233338704757
sano,414,11,B_incremental,5229.0,1,55.37945385599768,2,145.28233338704757
sano,416,0,A_steiner,4556.0,2,65.66746907127123,3,127.58074100563186
sano,416,1,A_steiner,4556.0,2,65.66746907127123,3,127.58074100563186
sano,416,2,A_steiner,4556.0,2,65.66746907127123,3,127.58074100563186
sano,416,3,A_steiner,4556.0,2,65.66746907127123,3,127.58074100563186
sano,416,4,A_steiner,4556.0,2,65.66746907127123,3,127.58074100563186
sano,416,5,A_steiner,4556.0,2,65.66746907127123,3,127.58074100563186
sano,416,6,B_incremental,4556.0,2,65.66746907127123,3,127.58074100563186
sano,416,7,B_incremental,4556.0,2,65.66746907127123,3,127.58074100563186
sano,416,8,B_incremental,4556.0,2,65.66746907127123,3,127.58074100563186
sano,416,9,B_incremental,4556.0,2,65.66746907127123,3,127.58074100563186
sano,416,10,B_incremental,4556.0,2,65.66746907127123,3,127.58074100563186
sano,416,11,B_incremental,4556.0,2,65.66746907127123,3,127.58074100563186
sano,417,0,A_steiner,87.0,1,57.92981289795016,2,234.23217529374077
sano,417,1,A_steiner,87.0,1,57.92981289795016,2,234.23217529374077
sano,417,2,A_steiner,87.0,1,57.92981289795016,2,234.23217529374077
sano,417,3,A_steiner,87.0,1,57.92981289795016,2,234.23217529374077
sano,417,4,A_steiner,87.0,1,57.92981289795016,2,234.23217529374077
sano,417,5,A_steiner,87.0,1,57.92981289795016,2,234.23217529374077
sano,417,6,B_incremental,87.0,1,57.92981289795016,2,234.23217529374077
sano,417,7,B_incremental,87.0,1,57.92981289795016,2,234.23217529374077
sano,417,8,B_incremental,87.0,1,57.92981289795016,2,234.23217529374077
sano,417,9,B_incremental,87.0,1,57.92981289795016,2,234.23217529374077
sano,417,10,B_incremental,87.0,1,57.92981289795016,2,234.23217529374077
sano,417,11,B_incremental,87.0,1,57.92981289795016,2,234.23217529374077
sano,418,0,A_steiner,6220.0,5,162.73587656930553,4,243.76793614590775
sano,418,1,A_steiner,6220.0,5,162.73587656930553,4,243.76793614590775
sano,418,2,A_steiner,6220.0,5,162.73587656930553,4,243.76793614590775
sano,418,3,A_steiner,6220.0,5,162.73587656930553,4,243.76793614590775
sano,418,4,A_steiner,6220.0,5,162.73587656930553,4,243.76793614590775
sano,418,5,A_steiner,6220.0,5,162.73587656930553,4,243.76793614590775
sano,418,6,B_incremental,6220.0,5,162.73587656930553,4,243.76793614590775
sano,418,7,B_incremental,6220.0,5,162.73587656930553,4,243.76793614590775
sano,418,8,B_incremental,6220.0,5,162.73587656930553,4,243.76793614590775
sano,418,9,B_incremental,6220.0,5,162.73587656930553,4,243.76793614590775
sano,418,10,B_incremental,6220.0,5,162.73587656930553,4,243.76793614590775
sano,418,11,B_incremental,6220.0,5,162.73587656930553,4,243.76793614590775
sano,419,0,A_steiner,4998.0,1,31.18415521362625,2,14.291336658100617
sano,419,1,A_steiner,4998.0,1,31.18415521362625,2,14.291336658100617
sano,419,2,A_steiner,4998.0,1,31.18415521362625,2,14.291336658100617
sano,419,3,A_steiner,4998.0,1,31.18415521362625,2,14.291336658100617
sano,419,4,A_steiner,4998.0,1,31.18415521362625,2,14.291336658100617
sano,419,5,A_steiner,4998.0,1,31.18415521362625,2,14.291336658100617
sano,419,6,B_incremental,4998.0,1,31.18415521362625,2,14.291336658100617
sano,419,7,B_incremental,4998.0,1,31.18415521362625,2,14.291336658100617
sano,419,8,B_incremental,4998.0,1,31.18415521362625,2,14.291336658100617
sano,419,9,B_incremental,4998.0,1,31.18415521362625,2,14.291336658100617
sano,419,10,B_incremental,4998.0,1,31.18415521362625,2,14.291336658100617
sano,419,11,B_incremental,4998.0,1,31.18415521362625,2,14.291336658100617
sano,420,0,A_steiner,4844.0,1,50.89392286701696,2,95.24836301411443
sano,420,1,A_steiner,4844.0,1,50.89392286701696,2,95.24836301411443
sano,420,2,A_steiner,4844.0,1,50.89392286701696,2,95.24836301411443
sano,420,3,A_steiner,4844.0,1,50.89392286701696,2,95.24836301411443
sano,420,4,A_steiner,4844.0,1,50.89392286701696,2,95.24836301411443
sano,420,5,A_steiner,4844.0,1,50.89392286701696,2,95.24836301411443
sano,420,6,B_incremental,4844.0,1,50.89392286701696,2,95.24836301411443
sano,420,7,B_incremental,4844.0,1,50.89392286701696,2,95.24836301411443
sano,420,8,B_incremental,4844.0,1,50.89392286701696,2,95.24836301411443
sano,420,9,B_incremental,4844.0,1,50.89392286701696,2,95.24836301411443
sano,420,10,B_incremental,4844.0,1,50.89392286701696,2,95.24836301411443
sano,420,11,B_incremental,4844.0,1,50.89392286701696,2,95.24836301411443
sano,422,0,A_steiner,5204.0,5,173.39249806673496,3,59.80574007731811
sano,422,1,A_steiner,5204.0,5,173.39249806673496,3,59.80574007731811
sano,422,2,A_steiner,5204.0,5,173.39249806673496,3,59.80574007731811
sano,422,3,A_steiner,5204.0,5,173.39249806673496,3,59.80574007731811
sano,422,4,A_steiner,5204.0,5,173.39249806673496,3,59.80574007731811
sano,422,5,A_steiner,5204.0,5,173.39249806673496,3,59.80574007731811
sano,422,6,B_incremental,5204.0,5,173.39249806673496,3,59.80574007731811
sano,422,7,B_incremental,5204.0,5,173.39249806673496,3,59.80574007731811
sano,422,8,B_incremental,5204.0,5,173.39249806673496,3,59.80574007731811
sano,422,9,B_incremental,5204.0,5,173.39249806673496,3,59.80574007731811
sano,422,10,B_incremental,5204.0,5,173.39249806673496,3,59.80574007731811
sano,422,11,B_incremental,5204.0,5,173.39249806673496,3,59.80574007731811
sano,428,0,A_steiner,5230.0,2,143.38176205994156,3,179.20589037351525
sano,428,1,A_steiner,5230.0,2,143.38176205994156,3,179.20589037351525
sano,428,2,A_steiner,5230.0,2,143.38176205994156,3,179.20589037351525
sano,428,3,A_steiner,5230.0,2,143.38176205994156,3,179.20589037351525
sano,428,4,A_steiner,5230.0,2,143.38176205994156,3,179.20589037351525
sano,428,5,A_steiner,5230.0,2,143.38176205994156,3,179.20589037351525
sano,428,6,B_incremental,5230.0,3,152.2367690941833,3,179.20589037351525
sano,428,7,B_incremental,5230.0,3,152.2367690941833,3,179.20589037351525
sano,428,8,B_incremental,5230.0,2,143.38176205994156,3,179.20589037351525
sano,428,9,B_incremental,5230.0,2,143.38176205994156,3,179.20589037351525
sano,428,10,B_incremental,5230.0,2,143.38176205994156,3,179.20589037351525
sano,428,11,B_incremental,5230.0,2,143.38176205994156,3,179.20589037351525
sano,429,0,A_steiner,4872.0,2,99.83474730388104,3,101.69254961556247
sano,429,1,A_steiner,4872.0,2,99.83474730388104,3,101.69254961556247
sano,429,2,A_steiner,4872.0,2,99.83474730388104,3,101.69254961556247
sano,429,3,A_steiner,4872.0,2,99.83474730388104,3,101.69254961556247
sano,429,4,A_steiner,4872.0,2,99.83474730388104,3,101.69254961556247
sano,429,5,A_steiner,4872.0,2,99.83474730388104,3,101.69254961556247
sano,429,6,B_incremental,4872.0,2,99.83474730388104,3,101.69254961556247
sano,429,7,B_incremental,4872.0,2,99.83474730388104,3,101.69254961556247
sano,429,8,B_incremental,4872.0,2,99.83474730388104,3,101.69254961556247
sano,429,9,B_incremental,4872.0,2,99.83474730388104,3,101.69254961556247
sano,429,10,B_incremental,4872.0,2,99.83474730388104,3,101.69254961556247
sano,429,11,B_incremental,4872.0,2,99.83474730388104,3,101.69254961556247
sano,430,0,A_steiner,5025.0,5,230.32953295621698,3,145.0901811047442
sano,430,1,A_steiner,5025.0,5,230.32953295621698,3,145.0901811047442
sano,430,2,A_steiner,5025.0,5,230.32953295621698,3,145.0901811047442
sano,430,3,A_steiner,5025.0,5,230.32953295621698,3,145.0901811047442
sano,430,4,A_steiner,5025.0,5,230.32953295621698,3,145.0901811047442
sano,430,5,A_steiner,5025.0,5,230.32953295621698,3,145.0901811047442
sano,430,6,B_incremental,5025.0,5,230.32953295621695,3,145.0901811047442
sano,430,7,B_incremental,5025.0,5,230.32953295621695,3,145.0901811047442
sano,430,8,B_incremental,5025.0,5,230.32953295621695,3,145.0901811047442
sano,430,9,B_incremental,5025.0,5,230.32953295621695,3,145.0901811047442
sano,430,10,B_incremental,5025.0,5,230.32953295621695,3,145.0901811047442
sano,430,11,B_incremental,5025.0,5,230.32953295621695,3,145.0901811047442
sano,431,0,A_steiner,6147.0,1,44.808806909250286,2,140.28001044042912
sano,431,1,A_steiner,6147.0,1,44.808806909250286,2,140.28001044042912
sano,431,2,A_steiner,6147.0,1,44.808806909250286,2,140.28001044042912
sano,431,3,A_steiner,6147.0,1,44.808806909250286,2,140.28001044042912
sano,431,4,A_steiner,6147.0,1,44.808806909250286,2,140.28001044042912
sano,431,5,A_steiner,6147.0,1,44.808806909250286,2,140.28001044042912
sano,431,6,B_incremental,6147.0,1,44.808806909250286,2,140.28001044042912
sano,431,7,B_incremental,6147.0,1,44.808806909250286,2,140.28001044042912
sano,431,8,B_incremental,6147.0,1,44.808806909250286,2,140.28001044042912
sano,431,9,B_incremental,6147.0,1,44.808806909250286,2,140.28001044042912
sano,431,10,B_incremental,6147.0,1,44.808806909250286,2,140.28001044042912
sano,431,11,B_incremental,6147.0,1,44.808806909250286,2,140.28001044042912
sano,432,0,A_steiner,375.0,1,45.3650281856764,2,120.03945014709944
sano,432,1,A_steiner,375.0,1,45.3650281856764,2,120.03945014709944
sano,432,2,A_steiner,375.0,1,45.3650281856764,2,120.03945014709944
sano,432,3,A_steiner,375.0,1,45.3650281856764,2,120.03945014709944
sano,432,4,A_steiner,375.0,1,45.3650281856764,2,120.03945014709944
sano,432,5,A_steiner,375.0,1,45.3650281856764,2,120.03945014709944
sano,432,6,B_incremental,375.0,1,45.3650281856764,2,120.03945014709944
sano,432,7,B_incremental,375.0,1,45.3650281856764,2,120.03945014709944
sano,432,8,B_incremental,375.0,1,45.3650281856764,2,120.03945014709944
sano,432,9,B_incremental,375.0,1,45.3650281856764,2,120.03945014709944
sano,432,10,B_incremental,375.0,1,45.3650281856764,2,120.03945014709944
sano,432,11,B_incremental,375.0,1,45.3650281856764,2,120.03945014709944
sano,433,0,A_steiner,4813.0,1,34.141692574829506,2,75.6179790788123
sano,433,1,A_steiner,4813.0,1,34.141692574829506,2,75.6179790788123
sano,433,2,A_steiner,4813.0,1,34.141692574829506,2,75.6179790788123
sano,433,3,A_steiner,4813.0,1,34.141692574829506,2,75.6179790788123
sano,433,4,A_steiner,4813.0,1,34.141692574829506,2,75.6179790788123
sano,433,5,A_steiner,4813.0,1,34.141692574829506,2,75.6179790788123
sano,433,6,B_incremental,4813.0,1,34.141692574829506,2,75.6179790788123
sano,433,7,B_incremental,4813.0,1,34.141692574829506,2,75.6179790788123
sano,433,8,B_incremental,4813.0,1,34.141692574829506,2,75.6179790788123
sano,433,9,B_incremental,4813.0,1,34.141692574829506,2,75.6179790788123
sano,433,10,B_incremental,4813.0,1,34.141692574829506,2,75.6179790788123
sano,433,11,B_incremental,4813.0,1,34.141692574829506,2,75.6179790788123
sano,435,0,A_steiner,6027.0,2,117.3671081252145,2,166.36787464727414
sano,435,1,A_steiner,6027.0,2,117.3671081252145,2,166.36787464727414
sano,435,2,A_steiner,6027.0,2,117.3671081252145,2,166.36787464727414
sano,435,3,A_steiner,6027.0,2,117.3671081252145,2,166.36787464727414
sano,435,4,A_steiner,6027.0,2,117.3671081252145,2,166.36787464727414
sano,435,5,A_steiner,6027.0,2,117.3671081252145,2,166.36787464727414
sano,435,6,B_incremental,6027.0,2,117.3671081252145,2,166.36787464727414
sano,435,7,B_incremental,6027.0,2,117.3671081252145,2,166.36787464727414
sano,435,8,B_incremental,6027.0,2,117.3671081252145,2,166.36787464727414
sano,435,9,B_incremental,6027.0,2,117.3671081252145,2,166.36787464727414
sano,435,10,B_incremental,6027.0,2,117.3671081252145,2,166.36787464727414
sano,435,11,B_incremental,6027.0,2,117.3671081252145,2,166.36787464727414
sano,438,0,A_steiner,5001.0,1,56.41886371555398,2,74.76436935854778
sano,438,1,A_steiner,5001.0,1,56.41886371555398,2,74.76436935854778
sano,438,2,A_steiner,5001.0,1,56.41886371555398,2,74.76436935854778
sano,438,3,A_steiner,5001.0,1,56.41886371555398,2,74.76436935854778
sano,438,4,A_steiner,5001.0,1,56.41886371555398,2,74.76436935854778
sano,438,5,A_steiner,5001.0,1,56.41886371555398,2,74.76436935854778
sano,438,6,B_incremental,5001.0,1,56.41886371555398,2,74.76436935854778
sano,438,7,B_incremental,5001.0,1,56.41886371555398,2,74.76436935854778
sano,438,8,B_incremental,5001.0,1,56.41886371555398,2,74.76436935854778
sano,438,9,B_incremental,5001.0,1,56.41886371555398,2,74.76436935854778
sano,438,10,B_incremental,5001.0,1,56.41886371555398,2,74.76436935854778
sano,438,11,B_incremental,5001.0,1,56.41886371555398,2,74.76436935854778
kudamatsu,0,0,A_steiner,2427.0,10,1000.810393757083,4,181.13433546522933
kudamatsu,0,1,A_steiner,2427.0,10,1000.810393757083,4,181.13433546522933
kudamatsu,0,2,A_steiner,2427.0,10,1000.810393757083,4,181.13433546522933
kudamatsu,0,3,A_steiner,2427.0,10,1000.810393757083,4,181.13433546522933
kudamatsu,0,4,A_steiner,2427.0,10,1072.6178339826304,4,181.13433546522933
kudamatsu,0,5,A_steiner,2427.0,10,1000.810393757083,4,181.13433546522933
kudamatsu,0,6,B_incremental,2427.0,11,903.878364527659,4,181.13433546522933
kudamatsu,0,7,B_incremental,2427.0,11,903.878364527659,4,181.13433546522933
kudamatsu,0,8,B_incremental,2427.0,11,903.878364527659,4,181.13433546522933
kudamatsu,0,9,B_incremental,2427.0,11,903.878364527659,4,181.13433546522933
kudamatsu,0,10,B_incremental,2427.0,11,903.878364527659,4,181.13433546522933
kudamatsu,0,11,B_incremental,2427.0,11,903.878364527659,4,181.13433546522933
kudamatsu,2,0,A_steiner,1138.0,1,53.476131431688245,2,96.94725214812809
kudamatsu,2,1,A_steiner,1138.0,1,53.476131431688245,2,96.94725214812809
kudamatsu,2,2,A_steiner,1138.0,1,53.476131431688245,2,96.94725214812809
kudamatsu,2,3,A_steiner,1138.0,1,53.476131431688245,2,96.94725214812809
kudamatsu,2,4,A_steiner,1138.0,1,53.476131431688245,2,96.94725214812809
kudamatsu,2,5,A_steiner,1138.0,1,53.476131431688245,2,96.94725214812809
kudamatsu,2,6,B_incremental,1138.0,1,53.476131431688245,2,96.94725214812809
kudamatsu,2,7,B_incremental,1138.0,1,53.476131431688245,2,96.94725214812809
kudamatsu,2,8,B_incremental,1138.0,1,53.476131431688245,2,96.94725214812809
kudamatsu,2,9,B_incremental,1138.0,1,53.476131431688245,2,96.94725214812809
kudamatsu,2,10,B_incremental,1138.0,1,53.476131431688245,2,96.94725214812809
kudamatsu,2,11,B_incremental,1138.0,1,53.476131431688245,2,96.94725214812809
kudamatsu,3,0,A_steiner,782.0,4,110.82124018838516,2,126.57091382092034
kudamatsu,3,1,A_steiner,782.0,4,110.82124018838516,2,126.57091382092034
kudamatsu,3,2,A_steiner,782.0,4,110.82124018838516,2,126.57091382092034
kudamatsu,3,3,A_steiner,782.0,4,110.82124018838516,2,126.57091382092034
kudamatsu,3,4,A_steiner,782.0,4,110.82124018838516,2,126.57091382092034
kudamatsu,3,5,A_steiner,782.0,4,110.82124018838516,2,126.57091382092034
kudamatsu,3,6,B_incremental,782.0,4,110.82124018838516,2,126.57091382092034
kudamatsu,3,7,B_incremental,782.0,4,110.82124018838516,2,126.57091382092034
kudamatsu,3,8,B_incremental,782.0,4,110.82124018838516,2,126.57091382092034
kudamatsu,3,9,B_incremental,782.0,4,110.82124018838516,2,126.57091382092034
kudamatsu,3,10,B_incremental,782.0,4,110.82124018838516,2,126.57091382092034
kudamatsu,3,11,B_incremental,782.0,4,110.82124018838516,2,126.57091382092034
kudamatsu,4,0,A_steiner,1964.0,3,81.76481185278747,2,30.890050782842962
kudamatsu,4,1,A_steiner,1964.0,3,81.76481185278747,2,30.890050782842962
kudamatsu,4,2,A_steiner,1964.0,3,81.76481185278747,2,30.890050782842962
kudamatsu,4,3,A_steiner,1964.0,3,81.76481185278747,2,30.890050782842962
kudamatsu,4,4,A_steiner,1964.0,3,81.76481185278747,2,30.890050782842962
kudamatsu,4,5,A_steiner,1964.0,3,81.76481185278747,2,30.890050782842962
kudamatsu,4,6,B_incremental,1964.0,3,81.76481185278747,2,30.890050782842962
kudamatsu,4,7,B_incremental,1964.0,3,81.76481185278747,2,30.890050782842962
kudamatsu,4,8,B_incremental,1964.0,3,81.76481185278747,2,30.890050782842962
kudamatsu,4,9,B_incremental,1964.0,3,81.76481185278747,2,30.890050782842962
kudamatsu,4,10,B_incremental,1964.0,3,81.76481185278747,2,30.890050782842962
kudamatsu,4,11,B_incremental,1964.0,3,81.76481185278747,2,30.890050782842962
kudamatsu,6,0,A_steiner,720.0,2,148.21517846939375,3,48.64071516228546
kudamatsu,6,1,A_steiner,720.0,2,148.21517846939375,3,48.64071516228546
kudamatsu,6,2,A_steiner,720.0,2,148.21517846939375,3,48.64071516228546
kudamatsu,6,3,A_steiner,720.0,2,148.21517846939375,3,48.64071516228546
kudamatsu,6,4,A_steiner,720.0,2,148.21517846939375,3,48.64071516228546
kudamatsu,6,5,A_steiner,720.0,2,148.21517846939375,3,48.64071516228546
kudamatsu,6,6,B_incremental,720.0,2,148.21517846939375,3,48.64071516228546
kudamatsu,6,7,B_incremental,720.0,2,148.21517846939375,3,48.64071516228546
kudamatsu,6,8,B_incremental,720.0,2,148.21517846939375,3,48.64071516228546
kudamatsu,6,9,B_incremental,720.0,2,148.21517846939375,3,48.64071516228546
kudamatsu,6,10,B_incremental,720.0,2,148.21517846939375,3,48.64071516228546
kudamatsu,6,11,B_incremental,720.0,2,148.21517846939375,3,48.64071516228546
kudamatsu,7,0,A_steiner,1341.0,5,465.39553596290017,4,88.85390566118078
kudamatsu,7,1,A_steiner,1341.0,5,465.39553596290017,4,88.85390566118078
kudamatsu,7,2,A_steiner,1341.0,5,465.39553596290017,4,88.85390566118078
kudamatsu,7,3,A_steiner,1341.0,5,465.39553596290017,4,88.85390566118078
kudamatsu,7,4,A_steiner,1341.0,5,465.39553596290017,4,88.85390566118078
kudamatsu,7,5,A_steiner,1341.0,5,465.39553596290017,4,88.85390566118078
kudamatsu,7,6,B_incremental,1341.0,5,465.3955359629001,4,88.85390566118078
kudamatsu,7,7,B_incremental,1341.0,5,465.3955359629001,4,88.85390566118078
kudamatsu,7,8,B_incremental,1341.0,6,532.3276824798957,4,88.85390566118078
kudamatsu,7,9,B_incremental,1341.0,5,465.3955359629001,4,88.85390566118078
kudamatsu,7,10,B_incremental,1341.0,5,465.39553596290017,4,88.85390566118078
kudamatsu,7,11,B_incremental,1341.0,6,532.3276824798957,4,88.85390566118078
kudamatsu,8,0,A_steiner,1008.0,1,36.64092459962431,2,23.407122036161102
kudamatsu,8,1,A_steiner,1008.0,1,36.64092459962431,2,23.407122036161102
kudamatsu,8,2,A_steiner,1008.0,1,36.64092459962431,2,23.407122036161102
kudamatsu,8,3,A_steiner,1008.0,1,36.64092459962431,2,23.407122036161102
kudamatsu,8,4,A_steiner,1008.0,1,36.64092459962431,2,23.407122036161102
kudamatsu,8,5,A_steiner,1008.0,1,36.64092459962431,2,23.407122036161102
kudamatsu,8,6,B_incremental,1008.0,1,36.64092459962431,2,23.407122036161102
kudamatsu,8,7,B_incremental,1008.0,1,36.64092459962431,2,23.407122036161102
kudamatsu,8,8,B_incremental,1008.0,1,36.64092459962431,2,23.407122036161102
kudamatsu,8,9,B_incremental,1008.0,1,36.64092459962431,2,23.407122036161102
kudamatsu,8,10,B_incremental,1008.0,1,36.64092459962431,2,23.407122036161102
kudamatsu,8,11,B_incremental,1008.0,1,36.64092459962431,2,23.407122036161102
kudamatsu,9,0,A_steiner,2877.0,3,91.34779584849558,2,164.13300081853964
kudamatsu,9,1,A_steiner,2877.0,3,91.34779584849558,2,164.13300081853964
kudamatsu,9,2,A_steiner,2877.0,3,91.34779584849558,2,164.13300081853964
kudamatsu,9,3,A_steiner,2877.0,3,91.34779584849558,2,164.13300081853964
kudamatsu,9,4,A_steiner,2877.0,3,91.34779584849558,2,164.13300081853964
kudamatsu,9,5,A_steiner,2877.0,3,91.34779584849558,2,164.13300081853964
kudamatsu,9,6,B_incremental,2877.0,3,91.34779584849556,2,164.13300081853964
kudamatsu,9,7,B_incremental,2877.0,3,91.34779584849556,2,164.13300081853964
kudamatsu,9,8,B_incremental,2877.0,3,91.34779584849556,2,164.13300081853964
kudamatsu,9,9,B_incremental,2877.0,3,91.34779584849556,2,164.13300081853964
kudamatsu,9,10,B_incremental,2877.0,3,91.34779584849556,2,164.13300081853964
kudamatsu,9,11,B_incremental,2877.0,3,91.34779584849556,2,164.13300081853964
kudamatsu,10,0,A_steiner,1976.0,1,42.52891061564054,2,74.24350331248522
kudamatsu,10,1,A_steiner,1976.0,1,42.52891061564054,2,74.24350331248522
kudamatsu,10,2,A_steiner,1976.0,1,42.52891061564054,2,74.24350331248522
kudamatsu,10,3,A_steiner,1976.0,1,42.52891061564054,2,74.24350331248522
kudamatsu,10,4,A_steiner,1976.0,1,42.52891061564054,2,74.24350331248522
kudamatsu,10,5,A_steiner,1976.0,1,42.52891061564054,2,74.24350331248522
kudamatsu,10,6,B_incremental,1976.0,1,42.52891061564054,2,74.24350331248522
kudamatsu,10,7,B_incremental,1976.0,1,42.52891061564054,2,74.24350331248522
kudamatsu,10,8,B_incremental,1976.0,1,42.52891061564054,2,74.24350331248522
kudamatsu,10,9,B_incremental,1976.0,1,42.52891061564054,2,74.24350331248522
kudamatsu,10,10,B_incremental,1976.0,1,42.52891061564054,2,74.24350331248522
kudamatsu,10,11,B_incremental,1976.0,1,42.52891061564054,2,74.24350331248522
kudamatsu,11,0,A_steiner,26.0,3,190.20812900836873,3,18.420544799997785
kudamatsu,11,1,A_steiner,26.0,3,190.20812900836873,3,18.420544799997785
kudamatsu,11,2,A_steiner,26.0,3,190.20812900836873,3,18.420544799997785
kudamatsu,11,3,A_steiner,26.0,3,190.20812900836873,3,18.420544799997785
kudamatsu,11,4,A_steiner,26.0,3,190.20812900836873,3,18.420544799997785
kudamatsu,11,5,A_steiner,26.0,3,190.20812900836873,3,18.420544799997785
kudamatsu,11,6,B_incremental,26.0,3,190.20812900836873,3,18.420544799997785
kudamatsu,11,7,B_incremental,26.0,3,190.20812900836873,3,18.420544799997785
kudamatsu,11,8,B_incremental,26.0,3,190.20812900836873,3,18.420544799997785
kudamatsu,11,9,B_incremental,26.0,3,190.20812900836873,3,18.420544799997785
kudamatsu,11,10,B_incremental,26.0,3,190.20812900836873,3,18.420544799997785
kudamatsu,11,11,B_incremental,26.0,3,190.20812900836873,3,18.420544799997785
kudamatsu,12,0,A_steiner,1481.0,4,183.49229638329572,4,33.918941417553086
kudamatsu,12,1,A_steiner,1481.0,4,183.49229638329572,4,33.918941417553086
kudamatsu,12,2,A_steiner,1481.0,4,183.49229638329572,4,33.918941417553086
kudamatsu,12,3,A_steiner,1481.0,4,183.49229638329572,4,33.918941417553086
kudamatsu,12,4,A_steiner,1481.0,4,183.49229638329572,4,33.918941417553086
kudamatsu,12,5,A_steiner,1481.0,4,183.49229638329572,4,33.918941417553086
kudamatsu,12,6,B_incremental,1481.0,4,183.49229638329572,4,33.918941417553086
kudamatsu,12,7,B_incremental,1481.0,4,183.49229638329572,4,33.918941417553086
kudamatsu,12,8,B_incremental,1481.0,4,183.49229638329572,4,33.918941417553086
kudamatsu,12,9,B_incremental,1481.0,4,183.49229638329572,4,33.918941417553086
kudamatsu,12,10,B_incremental,1481.0,4,183.49229638329572,4,33.918941417553086
kudamatsu,12,11,B_incremental,1481.0,4,183.49229638329572,4,33.918941417553086
kudamatsu,13,0,A_steiner,1956.0,6,283.2663120005018,4,30.45576299737379
kudamatsu,13,1,A_steiner,1956.0,6,283.2663120005018,4,30.45576299737379
kudamatsu,13,2,A_steiner,1956.0,6,283.2663120005018,4,30.45576299737379
kudamatsu,13,3,A_steiner,1956.0,6,283.2663120005018,4,30.45576299737379
kudamatsu,13,4,A_steiner,1956.0,6,283.2663120005018,4,30.45576299737379
kudamatsu,13,5,A_steiner,1956.0,6,283.2663120005018,4,30.45576299737379
kudamatsu,13,6,B_incremental,1956.0,6,283.2663120005018,4,30.45576299737379
kudamatsu,13,7,B_incremental,1956.0,6,283.2663120005018,4,30.45576299737379
kudamatsu,13,8,B_incremental,1956.0,6,283.2663120005018,4,30.45576299737379
kudamatsu,13,9,B_incremental,1956.0,6,283.2663120005018,4,30.45576299737379
kudamatsu,13,10,B_incremental,1956.0,6,283.2663120005018,4,30.45576299737379
kudamatsu,13,11,B_incremental,1956.0,6,283.2663120005018,4,30.45576299737379
kudamatsu,15,0,A_steiner,1289.0,2,113.33412533082327,3,150.70999635491532
kudamatsu,15,1,A_steiner,1289.0,2,113.33412533082327,3,150.70999635491532
kudamatsu,15,2,A_steiner,1289.0,2,113.33412533082327,3,150.70999635491532
kudamatsu,15,3,A_steiner,1289.0,2,113.33412533082327,3,150.70999635491532
kudamatsu,15,4,A_steiner,1289.0,2,113.33412533082327,3,150.70999635491532
kudamatsu,15,5,A_steiner,1289.0,2,113.33412533082327,3,150.70999635491532
kudamatsu,15,6,B_incremental,1289.0,2,113.33412533082327,3,150.70999635491532
kudamatsu,15,7,B_incremental,1289.0,2,113.33412533082327,3,150.70999635491532
kudamatsu,15,8,B_incremental,1289.0,2,113.33412533082327,3,150.70999635491532
kudamatsu,15,9,B_incremental,1289.0,2,113.33412533082327,3,150.70999635491532
kudamatsu,15,10,B_incremental,1289.0,2,113.33412533082327,3,150.70999635491532
kudamatsu,15,11,B_incremental,1289.0,2,113.33412533082327,3,150.70999635491532
kudamatsu,18,0,A_steiner,2037.0,7,740.3608930160092,3,59.10000970610579
kudamatsu,18,1,A_steiner,2037.0,7,740.3608930160092,3,59.10000970610579
kudamatsu,18,2,A_steiner,2037.0,7,740.3608930160092,3,59.10000970610579
kudamatsu,18,3,A_steiner,2037.0,7,740.3608930160092,3,59.10000970610579
kudamatsu,18,4,A_steiner,2037.0,7,740.3608930160092,3,59.10000970610579
kudamatsu,18,5,A_steiner,2037.0,7,740.3608930160092,3,59.10000970610579
kudamatsu,18,6,B_incremental,2037.0,7,740.3608930160094,3,59.10000970610579
kudamatsu,18,7,B_incremental,2037.0,7,740.3608930160094,3,59.10000970610579
kudamatsu,18,8,B_incremental,2037.0,7,740.3608930160092,3,59.10000970610579
kudamatsu,18,9,B_incremental,2037.0,7,740.3608930160092,3,59.10000970610579
kudamatsu,18,10,B_incremental,2037.0,7,740.3608930160094,3,59.10000970610579
kudamatsu,18,11,B_incremental,2037.0,7,740.3608930160094,3,59.10000970610579
kudamatsu,19,0,A_steiner,1119.0,14,829.9723511610315,10,365.82875076359056
kudamatsu,19,1,A_steiner,1119.0,14,829.9723511610315,10,365.82875076359056
kudamatsu,19,2,A_steiner,1119.0,14,829.9723511610315,10,365.82875076359056
kudamatsu,19,3,A_steiner,1119.0,14,829.9723511610315,10,365.82875076359056
kudamatsu,19,4,A_steiner,1119.0,14,829.9723511610315,10,365.82875076359056
kudamatsu,19,5,A_steiner,1119.0,14,829.9723511610315,10,365.82875076359056
kudamatsu,19,6,B_incremental,1119.0,14,829.9723511610316,10,365.82875076359056
kudamatsu,19,7,B_incremental,1119.0,14,829.9723511610316,10,365.82875076359056
kudamatsu,19,8,B_incremental,1119.0,14,862.6571367643937,10,365.82875076359056
kudamatsu,19,9,B_incremental,1119.0,16,919.6237907894847,10,365.82875076359056
kudamatsu,19,10,B_incremental,1119.0,14,829.9723511610316,10,365.82875076359056
kudamatsu,19,11,B_incremental,1119.0,14,862.6571367643937,10,365.82875076359056
kudamatsu,20,0,A_steiner,1712.0,1,52.703722762172816,2,171.7167694429641
kudamatsu,20,1,A_steiner,1712.0,1,52.703722762172816,2,171.7167694429641
kudamatsu,20,2,A_steiner,1712.0,1,52.703722762172816,2,171.7167694429641
kudamatsu,20,3,A_steiner,1712.0,1,52.703722762172816,2,171.7167694429641
kudamatsu,20,4,A_steiner,1712.0,1,52.703722762172816,2,171.7167694429641
kudamatsu,20,5,A_steiner,1712.0,1,52.703722762172816,2,171.7167694429641
kudamatsu,20,6,B_incremental,1712.0,1,52.703722762172816,2,171.7167694429641
kudamatsu,20,7,B_incremental,1712.0,1,52.703722762172816,2,171.7167694429641
kudamatsu,20,8,B_incremental,1712.0,1,52.703722762172816,2,171.7167694429641
kudamatsu,20,9,B_incremental,1712.0,1,52.703722762172816,2,171.7167694429641
kudamatsu,20,10,B_incremental,1712.0,1,52.703722762172816,2,171.7167694429641
kudamatsu,20,11,B_incremental,1712.0,1,52.703722762172816,2,171.7167694429641
kudamatsu,21,0,A_steiner,506.0,7,404.1352247501665,4,41.52851582348486
kudamatsu,21,1,A_steiner,506.0,7,404.1352247501665,4,41.52851582348486
kudamatsu,21,2,A_steiner,506.0,7,404.1352247501665,4,41.52851582348486
kudamatsu,21,3,A_steiner,506.0,7,404.1352247501665,4,41.52851582348486
kudamatsu,21,4,A_steiner,506.0,7,404.1352247501665,4,41.52851582348486
kudamatsu,21,5,A_steiner,506.0,7,404.1352247501665,4,41.52851582348486
kudamatsu,21,6,B_incremental,506.0,8,388.0103182159387,4,41.52851582348486
kudamatsu,21,7,B_incremental,506.0,8,388.0103182159387,4,41.52851582348486
kudamatsu,21,8,B_incremental,506.0,8,388.0103182159387,4,41.52851582348486
kudamatsu,21,9,B_incremental,506.0,7,404.13522475016646,4,41.52851582348486
kudamatsu,21,10,B_incremental,506.0,7,404.13522475016646,4,41.52851582348486
kudamatsu,21,11,B_incremental,506.0,8,388.0103182159387,4,41.52851582348486
kudamatsu,23,0,A_steiner,805.0,2,111.62901855152543,3,225.7855354403204
kudamatsu,23,1,A_steiner,805.0,2,111.62901855152543,3,225.7855354403204
kudamatsu,23,2,A_steiner,805.0,2,111.62901855152543,3,225.7855354403204
kudamatsu,23,3,A_steiner,805.0,2,111.62901855152543,3,225.7855354403204
kudamatsu,23,4,A_steiner,805.0,2,111.62901855152543,3,225.7855354403204
kudamatsu,23,5,A_steiner,805.0,2,111.62901855152543,3,225.7855354403204
kudamatsu,23,6,B_incremental,805.0,2,111.62901855152543,3,225.7855354403204
kudamatsu,23,7,B_incremental,805.0,2,111.62901855152543,3,225.7855354403204
kudamatsu,23,8,B_incremental,805.0,2,111.62901855152543,3,225.7855354403204
kudamatsu,23,9,B_incremental,805.0,2,111.62901855152543,3,225.7855354403204
kudamatsu,23,10,B_incremental,805.0,2,111.62901855152543,3,225.7855354403204
kudamatsu,23,11,B_incremental,805.0,2,111.62901855152543,3,225.7855354403204
kudamatsu,25,0,A_steiner,1690.0,11,630.0208033161065,3,117.6083436377755
kudamatsu,25,1,A_steiner,1690.0,11,630.0208033161065,3,117.6083436377755
kudamatsu,25,2,A_steiner,1690.0,11,630.0208033161065,3,117.6083436377755
kudamatsu,25,3,A_steiner,1690.0,11,630.0208033161065,3,117.6083436377755
kudamatsu,25,4,A_steiner,1690.0,11,630.0208033161065,3,117.6083436377755
kudamatsu,25,5,A_steiner,1690.0,11,630.0208033161065,3,117.6083436377755
kudamatsu,25,6,B_incremental,1690.0,11,630.0208033161065,3,117.6083436377755
kudamatsu,25,7,B_incremental,1690.0,11,630.0208033161065,3,117.6083436377755
kudamatsu,25,8,B_incremental,1690.0,11,630.0208033161065,3,117.6083436377755
kudamatsu,25,9,B_incremental,1690.0,11,630.0208033161065,3,117.6083436377755
kudamatsu,25,10,B_incremental,1690.0,11,630.0208033161065,3,117.6083436377755
kudamatsu,25,11,B_incremental,1690.0,11,630.0208033161065,3,117.6083436377755
kudamatsu,26,0,A_steiner,1334.0,15,929.7890351438767,9,100.97859331773638
kudamatsu,26,1,A_steiner,1334.0,15,929.7890351438767,9,100.97859331773638
kudamatsu,26,2,A_steiner,1334.0,15,929.7890351438767,9,100.97859331773638
kudamatsu,26,3,A_steiner,1334.0,15,929.7890351438767,9,100.97859331773638
kudamatsu,26,4,A_steiner,1334.0,15,929.7890351438767,9,100.97859331773638
kudamatsu,26,5,A_steiner,1334.0,15,929.7890351438767,9,100.97859331773638
kudamatsu,26,6,B_incremental,1334.0,16,917.1096659856465,9,100.97859331773638
kudamatsu,26,7,B_incremental,1334.0,17,958.0706475875852,9,100.97859331773638
kudamatsu,26,8,B_incremental,1334.0,16,980.5781925266449,9,100.97859331773638
kudamatsu,26,9,B_incremental,1334.0,16,980.5781925266451,9,100.97859331773638
kudamatsu,26,10,B_incremental,1334.0,17,967.8988233684147,9,100.97859331773638
kudamatsu,26,11,B_incremental,1334.0,17,967.8988233684149,9,100.97859331773638
kudamatsu,27,0,A_steiner,1675.0,2,41.56425121577897,2,33.11930350177104
kudamatsu,27,1,A_steiner,1675.0,2,41.56425121577897,2,33.11930350177104
kudamatsu,27,2,A_steiner,1675.0,2,41.56425121577897,2,33.11930350177104
kudamatsu,27,3,A_steiner,1675.0,2,41.56425121577897,2,33.11930350177104
kudamatsu,27,4,A_steiner,1675.0,2,41.56425121577897,2,33.11930350177104
kudamatsu,27,5,A_steiner,1675.0,2,41.56425121577897,2,33.11930350177104
kudamatsu,27,6,B_incremental,1675.0,2,41.56425121577897,2,33.11930350177104
kudamatsu,27,7,B_incremental,1675.0,2,41.56425121577897,2,33.11930350177104
kudamatsu,27,8,B_incremental,1675.0,2,41.56425121577897,2,33.11930350177104
kudamatsu,27,9,B_incremental,1675.0,2,41.56425121577897,2,33.11930350177104
kudamatsu,27,10,B_incremental,1675.0,2,41.56425121577897,2,33.11930350177104
kudamatsu,27,11,B_incremental,1675.0,2,41.56425121577897,2,33.11930350177104
kudamatsu,28,0,A_steiner,1530.0,3,223.20493552000235,4,204.99506486192914
kudamatsu,28,1,A_steiner,1530.0,3,223.20493552000235,4,204.99506486192914
kudamatsu,28,2,A_steiner,1530.0,3,223.20493552000235,4,204.99506486192914
kudamatsu,28,3,A_steiner,1530.0,3,223.20493552000235,4,204.99506486192914
kudamatsu,28,4,A_steiner,1530.0,3,223.20493552000235,4,204.99506486192914
kudamatsu,28,5,A_steiner,1530.0,3,223.20493552000235,4,204.99506486192914
kudamatsu,28,6,B_incremental,1530.0,3,223.20493552000235,4,204.99506486192914
kudamatsu,28,7,B_incremental,1530.0,3,223.20493552000235,4,204.99506486192914
kudamatsu,28,8,B_incremental,1530.0,3,223.20493552000235,4,204.99506486192914
kudamatsu,28,9,B_incremental,1530.0,3,223.20493552000235,4,204.99506486192914
kudamatsu,28,10,B_incremental,1530.0,3,223.20493552000235,4,204.99506486192914
kudamatsu,28,11,B_incremental,1530.0,3,223.20493552000235,4,204.99506486192914
kudamatsu,29,0,A_steiner,2927.0,2,49.08254370025651,3,86.809372793599
kudamatsu,29,1,A_steiner,2927.0,2,49.08254370025651,3,86.809372793599
kudamatsu,29,2,A_steiner,2927.0,2,49.08254370025651,3,86.809372793599
kudamatsu,29,3,A_steiner,2927.0,2,49.08254370025651,3,86.809372793599
kudamatsu,29,4,A_steiner,2927.0,2,49.08254370025651,3,86.809372793599
kudamatsu,29,5,A_steiner,2927.0,2,49.08254370025651,3,86.809372793599
kudamatsu,29,6,B_incremental,2927.0,2,49.08254370025651,3,86.809372793599
kudamatsu,29,7,B_incremental,2927.0,2,49.08254370025651,3,86.809372793599
kudamatsu,29,8,B_incremental,2927.0,2,49.08254370025651,3,86.809372793599
kudamatsu,29,9,B_incremental,2927.0,2,49.08254370025651,3,86.809372793599
kudamatsu,29,10,B_incremental,2927.0,2,49.08254370025651,3,86.809372793599
kudamatsu,29,11,B_incremental,2927.0,2,49.08254370025651,3,86.809372793599
kudamatsu,33,0,A_steiner,1699.0,2,52.56771574579071,3,79.37064481586106
kudamatsu,33,1,A_steiner,1699.0,2,52.56771574579071,3,79.37064481586106
kudamatsu,33,2,A_steiner,1699.0,2,52.56771574579071,3,79.37064481586106
kudamatsu,33,3,A_steiner,1699.0,2,52.56771574579071,3,79.37064481586106
kudamatsu,33,4,A_steiner,1699.0,2,52.56771574579071,3,79.37064481586106
kudamatsu,33,5,A_steiner,1699.0,2,52.56771574579071,3,79.37064481586106
kudamatsu,33,6,B_incremental,1699.0,2,52.56771574579071,3,79.37064481586106
kudamatsu,33,7,B_incremental,1699.0,2,52.56771574579071,3,79.37064481586106
kudamatsu,33,8,B_incremental,1699.0,2,52.56771574579071,3,79.37064481586106
kudamatsu,33,9,B_incremental,1699.0,2,52.56771574579071,3,79.37064481586106
kudamatsu,33,10,B_incremental,1699.0,2,52.56771574579071,3,79.37064481586106
kudamatsu,33,11,B_incremental,1699.0,2,52.56771574579071,3,79.37064481586106
kudamatsu,34,0,A_steiner,1302.0,7,573.8255520408667,5,68.32583141244304
kudamatsu,34,1,A_steiner,1302.0,9,576.9283054390104,5,68.32583141244304
kudamatsu,34,2,A_steiner,1302.0,7,573.8255520408667,5,68.32583141244304
kudamatsu,34,3,A_steiner,1302.0,9,576.9283054390104,5,68.32583141244304
kudamatsu,34,4,A_steiner,1302.0,9,576.9283054390104,5,68.32583141244304
kudamatsu,34,5,A_steiner,1302.0,7,573.8255520408667,5,68.32583141244304
kudamatsu,34,6,B_incremental,1302.0,7,573.8255520408667,5,68.32583141244304
kudamatsu,34,7,B_incremental,1302.0,7,573.8255520408667,5,68.32583141244304
kudamatsu,34,8,B_incremental,1302.0,7,573.8255520408667,5,68.32583141244304
kudamatsu,34,9,B_incremental,1302.0,7,573.8255520408667,5,68.32583141244304
kudamatsu,34,10,B_incremental,1302.0,7,573.8255520408667,5,68.32583141244304
kudamatsu,34,11,B_incremental,1302.0,7,573.8255520408667,5,68.32583141244304
kudamatsu,35,0,A_steiner,1464.0,3,175.94440458160398,3,165.27072953233727
kudamatsu,35,1,A_steiner,1464.0,3,175.94440458160398,3,165.27072953233727
kudamatsu,35,2,A_steiner,1464.0,3,175.94440458160398,3,165.27072953233727
kudamatsu,35,3,A_steiner,1464.0,3,175.94440458160398,3,165.27072953233727
kudamatsu,35,4,A_steiner,1464.0,3,175.94440458160398,3,165.27072953233727
kudamatsu,35,5,A_steiner,1464.0,3,175.94440458160398,3,165.27072953233727
kudamatsu,35,6,B_incremental,1464.0,3,175.94440458160398,3,165.27072953233727
kudamatsu,35,7,B_incremental,1464.0,3,175.94440458160398,3,165.27072953233727
kudamatsu,35,8,B_incremental,1464.0,3,175.94440458160398,3,165.27072953233727
kudamatsu,35,9,B_incremental,1464.0,3,175.94440458160398,3,165.27072953233727
kudamatsu,35,10,B_incremental,1464.0,3,175.94440458160398,3,165.27072953233727
kudamatsu,35,11,B_incremental,1464.0,3,175.94440458160398,3,165.27072953233727
kudamatsu,36,0,A_steiner,1872.0,5,217.69470222335826,4,256.6724616201622
kudamatsu,36,1,A_steiner,1872.0,5,215.28538434039558,4,256.6724616201622
kudamatsu,36,2,A_steiner,1872.0,5,217.69470222335826,4,256.6724616201622
kudamatsu,36,3,A_steiner,1872.0,5,215.28538434039558,4,256.6724616201622
kudamatsu,36,4,A_steiner,1872.0,5,215.28538434039558,4,256.6724616201622
kudamatsu,36,5,A_steiner,1872.0,5,215.28538434039558,4,256.6724616201622
kudamatsu,36,6,B_incremental,1872.0,5,215.28538434039558,4,256.6724616201622
kudamatsu,36,7,B_incremental,1872.0,5,215.28538434039558,4,256.6724616201622
kudamatsu,36,8,B_incremental,1872.0,5,215.28538434039564,4,256.6724616201622
kudamatsu,36,9,B_incremental,1872.0,5,215.28538434039558,4,256.6724616201622
kudamatsu,36,10,B_incremental,1872.0,5,215.28538434039564,4,256.6724616201622
kudamatsu,36,11,B_incremental,1872.0,5,215.28538434039558,4,256.6724616201622
kudamatsu,37,0,A_steiner,920.0,3,153.2014854266524,4,150.43865620916847
kudamatsu,37,1,A_steiner,920.0,3,153.2014854266524,4,150.43865620916847
kudamatsu,37,2,A_steiner,920.0,3,153.2014854266524,4,150.43865620916847
kudamatsu,37,3,A_steiner,920.0,3,153.2014854266524,4,150.43865620916847
kudamatsu,37,4,A_steiner,920.0,3,153.2014854266524,4,150.43865620916847
kudamatsu,37,5,A_steiner,920.0,3,153.2014854266524,4,150.43865620916847
kudamatsu,37,6,B_incremental,920.0,4,181.81655744059913,4,150.43865620916847
kudamatsu,37,7,B_incremental,920.0,4,200.0181868643047,4,150.43865620916847
kudamatsu,37,8,B_incremental,920.0,4,181.81655744059913,4,150.43865620916847
kudamatsu,37,9,B_incremental,920.0,4,181.81655744059913,4,150.43865620916847
kudamatsu,37,10,B_incremental,920.0,3,153.2014854266524,4,150.43865620916847
kudamatsu,37,11,B_incremental,920.0,4,181.81655744059913,4,150.43865620916847
kudamatsu,38,0,A_steiner,1742.0,1,29.031332946619493,2,55.13330441248055
kudamatsu,38,1,A_steiner,1742.0,1,29.031332946619493,2,55.13330441248055
kudamatsu,38,2,A_steiner,1742.0,1,29.031332946619493,2,55.13330441248055
kudamatsu,38,3,A_steiner,1742.0,1,29.031332946619493,2,55.13330441248055
kudamatsu,38,4,A_steiner,1742.0,1,29.031332946619493,2,55.13330441248055
kudamatsu,38,5,A_steiner,1742.0,1,29.031332946619493,2,55.13330441248055
kudamatsu,38,6,B_incremental,1742.0,1,29.031332946619493,2,55.13330441248055
kudamatsu,38,7,B_incremental,1742.0,1,29.031332946619493,2,55.13330441248055
kudamatsu,38,8,B_incremental,1742.0,1,29.031332946619493,2,55.13330441248055
kudamatsu,38,9,B_incremental,1742.0,1,29.031332946619493,2,55.13330441248055
kudamatsu,38,10,B_incremental,1742.0,1,29.031332946619493,2,55.13330441248055
kudamatsu,38,11,B_incremental,1742.0,1,29.031332946619493,2,55.13330441248055
kudamatsu,39,0,A_steiner,714.0,3,287.19950974825906,4,317.4728055641348
kudamatsu,39,1,A_steiner,714.0,3,287.19950974825906,4,317.4728055641348
kudamatsu,39,2,A_steiner,714.0,3,287.19950974825906,4,317.4728055641348
kudamatsu,39,3,A_steiner,714.0,3,287.19950974825906,4,317.4728055641348
kudamatsu,39,4,A_steiner,714.0,3,287.19950974825906,4,317.4728055641348
kudamatsu,39,5,A_steiner,714.0,3,287.19950974825906,4,317.4728055641348
kudamatsu,39,6,B_incremental,714.0,3,287.19950974825906,4,317.4728055641348
kudamatsu,39,7,B_incremental,714.0,3,287.19950974825906,4,317.4728055641348
kudamatsu,39,8,B_incremental,714.0,3,287.19950974825906,4,317.4728055641348
kudamatsu,39,9,B_incremental,714.0,3,287.19950974825906,4,317.4728055641348
kudamatsu,39,10,B_incremental,714.0,3,287.19950974825906,4,317.4728055641348
kudamatsu,39,11,B_incremental,714.0,3,287.19950974825906,4,317.4728055641348
kudamatsu,40,0,A_steiner,2060.0,2,112.60978930566705,3,48.539246404622034
kudamatsu,40,1,A_steiner,2060.0,2,112.60978930566705,3,48.539246404622034
kudamatsu,40,2,A_steiner,2060.0,2,112.60978930566705,3,48.539246404622034
kudamatsu,40,3,A_steiner,2060.0,2,112.60978930566705,3,48.539246404622034
kudamatsu,40,4,A_steiner,2060.0,2,112.60978930566705,3,48.539246404622034
kudamatsu,40,5,A_steiner,2060.0,2,112.60978930566705,3,48.539246404622034
kudamatsu,40,6,B_incremental,2060.0,2,112.60978930566705,3,48.539246404622034
kudamatsu,40,7,B_incremental,2060.0,2,112.60978930566705,3,48.539246404622034
kudamatsu,40,8,B_incremental,2060.0,2,112.60978930566705,3,48.539246404622034
kudamatsu,40,9,B_incremental,2060.0,2,112.60978930566705,3,48.539246404622034
kudamatsu,40,10,B_incremental,2060.0,2,112.60978930566705,3,48.539246404622034
kudamatsu,40,11,B_incremental,2060.0,2,112.60978930566705,3,48.539246404622034
kudamatsu,41,0,A_steiner,1124.0,10,1128.7123585536838,5,119.79946913941755
kudamatsu,41,1,A_steiner,1124.0,10,1128.7123585536838,5,119.79946913941755
kudamatsu,41,2,A_steiner,1124.0,10,1128.7123585536838,5,119.79946913941755
kudamatsu,41,3,A_steiner,1124.0,10,1128.7123585536838,5,119.79946913941755
kudamatsu,41,4,A_steiner,1124.0,10,1128.7123585536838,5,119.79946913941755
kudamatsu,41,5,A_steiner,1124.0,10,1128.7123585536838,5,119.79946913941755
kudamatsu,41,6,B_incremental,1124.0,10,1128.7123585536835,5,119.79946913941755
kudamatsu,41,7,B_incremental,1124.0,10,1128.7123585536838,5,119.79946913941755
kudamatsu,41,8,B_incremental,1124.0,10,1128.7123585536835,5,119.79946913941755
kudamatsu,41,9,B_incremental,1124.0,10,1128.7123585536835,5,119.79946913941755
kudamatsu,41,10,B_incremental,1124.0,10,1128.7123585536835,5,119.79946913941755
kudamatsu,41,11,B_incremental,1124.0,10,1128.7123585536835,5,119.79946913941755
kudamatsu,43,0,A_steiner,1615.0,1,64.58767177457293,2,41.78160425560038
kudamatsu,43,1,A_steiner,1615.0,1,64.58767177457293,2,41.78160425560038
kudamatsu,43,2,A_steiner,1615.0,1,64.58767177457293,2,41.78160425560038
kudamatsu,43,3,A_steiner,1615.0,1,64.58767177457293,2,41.78160425560038
kudamatsu,43,4,A_steiner,1615.0,1,64.58767177457293,2,41.78160425560038
kudamatsu,43,5,A_steiner,1615.0,1,64.58767177457293,2,41.78160425560038
kudamatsu,43,6,B_incremental,1615.0,1,64.58767177457293,2,41.78160425560038
kudamatsu,43,7,B_incremental,1615.0,1,64.58767177457293,2,41.78160425560038
kudamatsu,43,8,B_incremental,1615.0,1,64.58767177457293,2,41.78160425560038
kudamatsu,43,9,B_incremental,1615.0,1,64.58767177457293,2,41.78160425560038
kudamatsu,43,10,B_incremental,1615.0,1,64.58767177457293,2,41.78160425560038
kudamatsu,43,11,B_incremental,1615.0,1,64.58767177457293,2,41.78160425560038
kudamatsu,44,0,A_steiner,2408.0,1,72.11647385400788,2,26.504017366415887
kudamatsu,44,1,A_steiner,2408.0,1,72.11647385400788,2,26.504017366415887
kudamatsu,44,2,A_steiner,2408.0,1,72.11647385400788,2,26.504017366415887
kudamatsu,44,3,A_steiner,2408.0,1,72.11647385400788,2,26.504017366415887
kudamatsu,44,4,A_steiner,2408.0,1,72.11647385400788,2,26.504017366415887
kudamatsu,44,5,A_steiner,2408.0,1,72.11647385400788,2,26.504017366415887
kudamatsu,44,6,B_incremental,2408.0,1,72.11647385400788,2,26.504017366415887
kudamatsu,44,7,B_incremental,2408.0,1,72.11647385400788,2,26.504017366415887
kudamatsu,44,8,B_incremental,2408.0,1,72.11647385400788,2,26.504017366415887
kudamatsu,44,9,B_incremental,2408.0,1,72.11647385400788,2,26.504017366415887
kudamatsu,44,10,B_incremental,2408.0,1,72.11647385400788,2,26.504017366415887
kudamatsu,44,11,B_incremental,2408.0,1,72.11647385400788,2,26.504017366415887
kudamatsu,45,0,A_steiner,1980.0,5,190.77076878493733,3,59.721547993321884
kudamatsu,45,1,A_steiner,1980.0,5,190.77076878493733,3,59.721547993321884
kudamatsu,45,2,A_steiner,1980.0,5,190.77076878493733,3,59.721547993321884
kudamatsu,45,3,A_steiner,1980.0,5,190.77076878493733,3,59.721547993321884
kudamatsu,45,4,A_steiner,1980.0,5,190.77076878493733,3,59.721547993321884
kudamatsu,45,5,A_steiner,1980.0,5,190.77076878493733,3,59.721547993321884
kudamatsu,45,6,B_incremental,1980.0,5,190.77076878493733,3,59.721547993321884
kudamatsu,45,7,B_incremental,1980.0,5,190.77076878493733,3,59.721547993321884
kudamatsu,45,8,B_incremental,1980.0,5,190.77076878493733,3,59.721547993321884
kudamatsu,45,9,B_incremental,1980.0,5,190.77076878493733,3,59.721547993321884
kudamatsu,45,10,B_incremental,1980.0,5,190.77076878493733,3,59.721547993321884
kudamatsu,45,11,B_incremental,1980.0,5,190.77076878493733,3,59.721547993321884
kudamatsu,46,0,A_steiner,1427.0,4,167.95948123446425,4,114.43479879849573
kudamatsu,46,1,A_steiner,1427.0,4,167.95948123446425,4,114.43479879849573
kudamatsu,46,2,A_steiner,1427.0,4,167.95948123446425,4,114.43479879849573
kudamatsu,46,3,A_steiner,1427.0,4,167.95948123446425,4,114.43479879849573
kudamatsu,46,4,A_steiner,1427.0,4,167.95948123446425,4,114.43479879849573
kudamatsu,46,5,A_steiner,1427.0,4,167.95948123446425,4,114.43479879849573
kudamatsu,46,6,B_incremental,1427.0,4,167.95948123446425,4,114.43479879849573
kudamatsu,46,7,B_incremental,1427.0,4,167.95948123446425,4,114.43479879849573
kudamatsu,46,8,B_incremental,1427.0,4,167.95948123446425,4,114.43479879849573
kudamatsu,46,9,B_incremental,1427.0,4,167.95948123446425,4,114.43479879849573
kudamatsu,46,10,B_incremental,1427.0,4,167.95948123446425,4,114.43479879849573
kudamatsu,46,11,B_incremental,1427.0,4,167.95948123446425,4,114.43479879849573
kudamatsu,47,0,A_steiner,27.0,5,239.46695996393055,6,108.33247728716695
kudamatsu,47,1,A_steiner,27.0,5,239.46695996393055,6,108.33247728716695
kudamatsu,47,2,A_steiner,27.0,5,239.46695996393055,6,108.33247728716695
kudamatsu,47,3,A_steiner,27.0,5,239.46695996393055,6,108.33247728716695
kudamatsu,47,4,A_steiner,27.0,5,239.46695996393055,6,108.33247728716695
kudamatsu,47,5,A_steiner,27.0,5,239.46695996393055,6,108.33247728716695
kudamatsu,47,6,B_incremental,27.0,5,245.35098980814345,6,108.33247728716695
kudamatsu,47,7,B_incremental,27.0,5,245.35098980814345,6,108.33247728716695
kudamatsu,47,8,B_incremental,27.0,5,245.35098980814345,6,108.33247728716695
kudamatsu,47,9,B_incremental,27.0,5,239.46695996393055,6,108.33247728716695
kudamatsu,47,10,B_incremental,27.0,5,239.46695996393055,6,108.33247728716695
kudamatsu,47,11,B_incremental,27.0,5,239.46695996393055,6,108.33247728716695
kudamatsu,48,0,A_steiner,2423.0,10,538.3164165180743,9,191.31860046623686
kudamatsu,48,1,A_steiner,2423.0,10,538.3164165180743,9,191.31860046623686
kudamatsu,48,2,A_steiner,2423.0,10,538.3164165180743,9,191.31860046623686
kudamatsu,48,3,A_steiner,2423.0,10,538.3164165180743,9,191.31860046623686
kudamatsu,48,4,A_steiner,2423.0,10,538.3164165180743,9,191.31860046623686
kudamatsu,48,5,A_steiner,2423.0,10,538.3164165180743,9,191.31860046623686
kudamatsu,48,6,B_incremental,2423.0,10,538.3164165180743,9,191.31860046623686
kudamatsu,48,7,B_incremental,2423.0,10,538.3164165180743,9,191.31860046623686
kudamatsu,48,8,B_incremental,2423.0,10,538.3164165180743,9,191.31860046623686
kudamatsu,48,9,B_incremental,2423.0,10,538.3164165180743,9,191.31860046623686
kudamatsu,48,10,B_incremental,2423.0,10,538.3164165180742,9,191.31860046623686
kudamatsu,48,11,B_incremental,2423.0,10,538.3164165180743,9,191.31860046623686
kudamatsu,49,0,A_steiner,2397.0,8,323.97964289012504,5,98.80845533966513
kudamatsu,49,1,A_steiner,2397.0,8,323.97964289012504,5,98.80845533966513
kudamatsu,49,2,A_steiner,2397.0,8,323.97964289012504,5,98.80845533966513
kudamatsu,49,3,A_steiner,2397.0,8,323.97964289012504,5,98.80845533966513
kudamatsu,49,4,A_steiner,2397.0,8,323.97964289012504,5,98.80845533966513
kudamatsu,49,5,A_steiner,2397.0,8,323.97964289012504,5,98.80845533966513
kudamatsu,49,6,B_incremental,2397.0,8,323.979642890125,5,98.80845533966513
kudamatsu,49,7,B_incremental,2397.0,8,323.97964289012504,5,98.80845533966513
kudamatsu,49,8,B_incremental,2397.0,8,323.97964289012504,5,98.80845533966513
kudamatsu,49,9,B_incremental,2397.0,8,323.97964289012504,5,98.80845533966513
kudamatsu,49,10,B_incremental,2397.0,8,323.97964289012504,5,98.80845533966513
kudamatsu,49,11,B_incremental,2397.0,8,323.97964289012504,5,98.80845533966513
kudamatsu,50,0,A_steiner,2153.0,9,340.6929466915732,6,65.42510812315615
kudamatsu,50,1,A_steiner,2153.0,9,340.6929466915732,6,65.42510812315615
kudamatsu,50,2,A_steiner,2153.0,9,340.6929466915732,6,65.42510812315615
kudamatsu,50,3,A_steiner,2153.0,9,340.6929466915732,6,65.42510812315615
kudamatsu,50,4,A_steiner,2153.0,9,340.6929466915732,6,65.42510812315615
kudamatsu,50,5,A_steiner,2153.0,9,340.6929466915732,6,65.42510812315615
kudamatsu,50,6,B_incremental,2153.0,9,340.6929466915732,6,65.42510812315615
kudamatsu,50,7,B_incremental,2153.0,9,340.6929466915732,6,65.42510812315615
kudamatsu,50,8,B_incremental,2153.0,9,340.6929466915731,6,65.42510812315615
kudamatsu,50,9,B_incremental,2153.0,9,340.6929466915731,6,65.42510812315615
kudamatsu,50,10,B_incremental,2153.0,9,340.6929466915731,6,65.42510812315615
kudamatsu,50,11,B_incremental,2153.0,9,340.6929466915731,6,65.42510812315615
kudamatsu,52,0,A_steiner,19.0,3,207.08618352259543,3,152.94308783686589
kudamatsu,52,1,A_steiner,19.0,3,207.08618352259543,3,152.94308783686589
kudamatsu,52,2,A_steiner,19.0,3,207.08618352259543,3,152.94308783686589
kudamatsu,52,3,A_steiner,19.0,3,207.08618352259543,3,152.94308783686589
kudamatsu,52,4,A_steiner,19.0,3,207.08618352259543,3,152.94308783686589
kudamatsu,52,5,A_steiner,19.0,3,207.08618352259543,3,152.94308783686589
kudamatsu,52,6,B_incremental,19.0,3,207.08618352259543,3,152.94308783686589
kudamatsu,52,7,B_incremental,19.0,3,207.08618352259543,3,152.94308783686589
kudamatsu,52,8,B_incremental,19.0,3,207.08618352259543,3,152.94308783686589
kudamatsu,52,9,B_incremental,19.0,3,207.08618352259543,3,152.94308783686589
kudamatsu,52,10,B_incremental,19.0,3,207.08618352259543,3,152.94308783686589
kudamatsu,52,11,B_incremental,19.0,3,207.08618352259543,3,152.94308783686589
kudamatsu,53,0,A_steiner,2024.0,2,106.85890446515575,3,73.88955509479955
kudamatsu,53,1,A_steiner,2024.0,2,106.85890446515575,3,73.88955509479955
kudamatsu,53,2,A_steiner,2024.0,2,106.85890446515575,3,73.88955509479955
kudamatsu,53,3,A_steiner,2024.0,2,106.85890446515575,3,73.88955509479955
kudamatsu,53,4,A_steiner,2024.0,2,106.85890446515575,3,73.88955509479955
kudamatsu,53,5,A_steiner,2024.0,2,106.85890446515575,3,73.88955509479955
kudamatsu,53,6,B_incremental,2024.0,2,106.85890446515575,3,73.88955509479955
kudamatsu,53,7,B_incremental,2024.0,2,106.85890446515575,3,73.88955509479955
kudamatsu,53,8,B_incremental,2024.0,2,106.85890446515575,3,73.88955509479955
kudamatsu,53,9,B_incremental,2024.0,2,106.85890446515575,3,73.88955509479955
kudamatsu,53,10,B_incremental,2024.0,2,106.85890446515575,3,73.88955509479955
kudamatsu,53,11,B_incremental,2024.0,2,106.85890446515575,3,73.88955509479955
kudamatsu,54,0,A_steiner,1745.0,1,57.76782760643161,2,75.94414098114785
kudamatsu,54,1,A_steiner,1745.0,1,57.76782760643161,2,75.94414098114785
kudamatsu,54,2,A_steiner,1745.0,1,57.76782760643161,2,75.94414098114785
kudamatsu,54,3,A_steiner,1745.0,1,57.76782760643161,2,75.94414098114785
kudamatsu,54,4,A_steiner,1745.0,1,57.76782760643161,2,75.94414098114785
kudamatsu,54,5,A_steiner,1745.0,1,57.76782760643161,2,75.94414098114785
kudamatsu,54,6,B_incremental,1745.0,1,57.76782760643161,2,75.94414098114785
kudamatsu,54,7,B_incremental,1745.0,1,57.76782760643161,2,75.94414098114785
kudamatsu,54,8,B_incremental,1745.0,1,57.76782760643161,2,75.94414098114785
kudamatsu,54,9,B_incremental,1745.0,1,57.76782760643161,2,75.94414098114785
kudamatsu,54,10,B_incremental,1745.0,1,57.76782760643161,2,75.94414098114785
kudamatsu,54,11,B_incremental,1745.0,1,57.76782760643161,2,75.94414098114785
kudamatsu,55,0,A_steiner,1420.0,3,83.08653594017933,3,115.1531385015383
kudamatsu,55,1,A_steiner,1420.0,3,83.08653594017933,3,115.1531385015383
kudamatsu,55,2,A_steiner,1420.0,3,83.08653594017933,3,115.1531385015383
kudamatsu,55,3,A_steiner,1420.0,3,83.08653594017933,3,115.1531385015383
kudamatsu,55,4,A_steiner,1420.0,3,83.08653594017933,3,115.1531385015383
kudamatsu,55,5,A_steiner,1420.0,3,83.08653594017933,3,115.1531385015383
kudamatsu,55,6,B_incremental,1420.0,3,83.08653594017933,3,115.1531385015383
kudamatsu,55,7,B_incremental,1420.0,3,83.08653594017933,3,115.1531385015383
kudamatsu,55,8,B_incremental,1420.0,3,83.08653594017933,3,115.1531385015383
kudamatsu,55,9,B_incremental,1420.0,3,83.08653594017933,3,115.1531385015383
kudamatsu,55,10,B_incremental,1420.0,3,83.08653594017933,3,115.1531385015383
kudamatsu,55,11,B_incremental,1420.0,3,83.08653594017933,3,115.1531385015383
kudamatsu,56,0,A_steiner,2116.0,2,109.29268228470751,2,28.879034947226874
kudamatsu,56,1,A_steiner,2116.0,2,109.29268228470751,2,28.879034947226874
kudamatsu,56,2,A_steiner,2116.0,2,109.29268228470751,2,28.879034947226874
kudamatsu,56,3,A_steiner,2116.0,2,109.29268228470751,2,28.879034947226874
kudamatsu,56,4,A_steiner,2116.0,2,109.29268228470751,2,28.879034947226874
kudamatsu,56,5,A_steiner,2116.0,2,109.29268228470751,2,28.879034947226874
kudamatsu,56,6,B_incremental,2116.0,2,109.29268228470751,2,28.879034947226874
kudamatsu,56,7,B_incremental,2116.0,2,109.29268228470751,2,28.879034947226874
kudamatsu,56,8,B_incremental,2116.0,2,109.29268228470751,2,28.879034947226874
kudamatsu,56,9,B_incremental,2116.0,2,109.29268228470751,2,28.879034947226874
kudamatsu,56,10,B_incremental,2116.0,2,109.29268228470751,2,28.879034947226874
kudamatsu,56,11,B_incremental,2116.0,2,109.29268228470751,2,28.879034947226874
kudamatsu,57,0,A_steiner,1970.0,2,73.18934805041216,2,27.86554882405449
kudamatsu,57,1,A_steiner,1970.0,2,73.18934805041216,2,27.86554882405449
kudamatsu,57,2,A_steiner,1970.0,2,73.18934805041216,2,27.86554882405449
kudamatsu,57,3,A_steiner,1970.0,2,73.18934805041216,2,27.86554882405449
kudamatsu,57,4,A_steiner,1970.0,2,73.18934805041216,2,27.86554882405449
kudamatsu,57,5,A_steiner,1970.0,2,73.18934805041216,2,27.86554882405449
kudamatsu,57,6,B_incremental,1970.0,2,73.18934805041216,2,27.86554882405449
kudamatsu,57,7,B_incremental,1970.0,2,73.18934805041216,2,27.86554882405449
kudamatsu,57,8,B_incremental,1970.0,2,73.18934805041216,2,27.86554882405449
kudamatsu,57,9,B_incremental,1970.0,2,73.18934805041216,2,27.86554882405449
kudamatsu,57,10,B_incremental,1970.0,2,73.18934805041216,2,27.86554882405449
kudamatsu,57,11,B_incremental,1970.0,2,73.18934805041216,2,27.86554882405449
kudamatsu,58,0,A_steiner,2071.0,4,280.3198528983019,2,68.42445300922866
kudamatsu,58,1,A_steiner,2071.0,4,280.3198528983019,2,68.42445300922866
kudamatsu,58,2,A_steiner,2071.0,4,280.3198528983019,2,68.42445300922866
kudamatsu,58,3,A_steiner,2071.0,4,280.3198528983019,2,68.42445300922866
kudamatsu,58,4,A_steiner,2071.0,4,280.3198528983019,2,68.42445300922866
kudamatsu,58,5,A_steiner,2071.0,4,280.3198528983019,2,68.42445300922866
kudamatsu,58,6,B_incremental,2071.0,4,280.3198528983019,2,68.42445300922866
kudamatsu,58,7,B_incremental,2071.0,4,280.3198528983019,2,68.42445300922866
kudamatsu,58,8,B_incremental,2071.0,4,280.3198528983019,2,68.42445300922866
kudamatsu,58,9,B_incremental,2071.0,4,280.3198528983019,2,68.42445300922866
kudamatsu,58,10,B_incremental,2071.0,4,280.3198528983019,2,68.42445300922866
kudamatsu,58,11,B_incremental,2071.0,4,280.3198528983019,2,68.42445300922866
kudamatsu,59,0,A_steiner,741.0,2,139.9886260596436,3,86.80345968902945
kudamatsu,59,1,A_steiner,741.0,2,139.9886260596436,3,86.80345968902945
kudamatsu,59,2,A_steiner,741.0,2,139.9886260596436,3,86.80345968902945
kudamatsu,59,3,A_steiner,741.0,2,139.9886260596436,3,86.80345968902945
kudamatsu,59,4,A_steiner,741.0,2,139.9886260596436,3,86.80345968902945
kudamatsu,59,5,A_steiner,741.0,2,139.9886260596436,3,86.80345968902945
kudamatsu,59,6,B_incremental,741.0,2,139.9886260596436,3,86.80345968902945
kudamatsu,59,7,B_incremental,741.0,2,139.9886260596436,3,86.80345968902945
kudamatsu,59,8,B_incremental,741.0,2,139.9886260596436,3,86.80345968902945
kudamatsu,59,9,B_incremental,741.0,2,139.9886260596436,3,86.80345968902945
kudamatsu,59,10,B_incremental,741.0,2,139.9886260596436,3,86.80345968902945
kudamatsu,59,11,B_incremental,741.0,2,139.9886260596436,3,86.80345968902945
kudamatsu,60,0,A_steiner,1619.0,2,239.47173793642898,3,293.7987963251406
kudamatsu,60,1,A_steiner,1619.0,2,239.47173793642898,3,293.7987963251406
kudamatsu,60,2,A_steiner,1619.0,2,239.47173793642898,3,293.7987963251406
kudamatsu,60,3,A_steiner,1619.0,2,239.47173793642898,3,293.7987963251406
kudamatsu,60,4,A_steiner,1619.0,2,239.47173793642898,3,293.7987963251406
kudamatsu,60,5,A_steiner,1619.0,2,239.47173793642898,3,293.7987963251406
kudamatsu,60,6,B_incremental,1619.0,2,239.47173793642898,3,293.7987963251406
kudamatsu,60,7,B_incremental,1619.0,2,239.47173793642898,3,293.7987963251406
kudamatsu,60,8,B_incremental,1619.0,2,239.47173793642898,3,293.7987963251406
kudamatsu,60,9,B_incremental,1619.0,2,239.47173793642898,3,293.7987963251406
kudamatsu,60,10,B_incremental,1619.0,2,239.47173793642898,3,293.7987963251406
kudamatsu,60,11,B_incremental,1619.0,2,239.47173793642898,3,293.7987963251406
kudamatsu,61,0,A_steiner,2888.0,3,249.38465033067303,3,162.71249918305074
kudamatsu,61,1,A_steiner,2888.0,3,249.38465033067303,3,162.71249918305074
kudamatsu,61,2,A_steiner,2888.0,3,249.38465033067303,3,162.71249918305074
kudamatsu,61,3,A_steiner,2888.0,3,249.38465033067303,3,162.71249918305074
kudamatsu,61,4,A_steiner,2888.0,3,249.38465033067303,3,162.71249918305074
kudamatsu,61,5,A_steiner,2888.0,3,249.38465033067303,3,162.71249918305074
kudamatsu,61,6,B_incremental,2888.0,3,249.38465033067303,3,162.71249918305074
kudamatsu,61,7,B_incremental,2888.0,3,249.38465033067303,3,162.71249918305074
kudamatsu,61,8,B_incremental,2888.0,3,249.38465033067303,3,162.71249918305074
kudamatsu,61,9,B_incremental,2888.0,3,249.38465033067303,3,162.71249918305074
kudamatsu,61,10,B_incremental,2888.0,3,249.38465033067303,3,162.71249918305074
kudamatsu,61,11,B_incremental,2888.0,3,249.38465033067303,3,162.71249918305074
kudamatsu,63,0,A_steiner,2133.0,3,150.56183101822708,3,27.337512004374585
kudamatsu,63,1,A_steiner,2133.0,3,150.56183101822708,3,27.337512004374585
kudamatsu,63,2,A_steiner,2133.0,3,150.56183101822708,3,27.337512004374585
kudamatsu,63,3,A_steiner,2133.0,3,150.56183101822708,3,27.337512004374585
kudamatsu,63,4,A_steiner,2133.0,3,150.56183101822708,3,27.337512004374585
kudamatsu,63,5,A_steiner,2133.0,3,150.56183101822708,3,27.337512004374585
kudamatsu,63,6,B_incremental,2133.0,3,150.56183101822708,3,27.337512004374585
kudamatsu,63,7,B_incremental,2133.0,3,150.56183101822708,3,27.337512004374585
kudamatsu,63,8,B_incremental,2133.0,3,150.56183101822708,3,27.337512004374585
kudamatsu,63,9,B_incremental,2133.0,3,150.56183101822708,3,27.337512004374585
kudamatsu,63,10,B_incremental,2133.0,3,150.56183101822708,3,27.337512004374585
kudamatsu,63,11,B_incremental,2133.0,3,150.56183101822708,3,27.337512004374585
kudamatsu,64,0,A_steiner,2778.0,7,424.6921724440867,3,66.88820160543713
kudamatsu,64,1,A_steiner,2778.0,7,417.1489749406244,3,66.88820160543713
kudamatsu,64,2,A_steiner,2778.0,7,417.1489749406244,3,66.88820160543713
kudamatsu,64,3,A_steiner,2778.0,7,417.1489749406244,3,66.88820160543713
kudamatsu,64,4,A_steiner,2778.0,7,417.1489749406244,3,66.88820160543713
kudamatsu,64,5,A_steiner,2778.0,7,417.1489749406244,3,66.88820160543713
kudamatsu,64,6,B_incremental,2778.0,6,461.35980248941274,3,66.88820160543713
kudamatsu,64,7,B_incremental,2778.0,7,417.14897494062444,3,66.88820160543713
kudamatsu,64,8,B_incremental,2778.0,7,417.14897494062444,3,66.88820160543713
kudamatsu,64,9,B_incremental,2778.0,6,461.35980248941274,3,66.88820160543713
kudamatsu,64,10,B_incremental,2778.0,6,461.35980248941274,3,66.88820160543713
kudamatsu,64,11,B_incremental,2778.0,7,417.14897494062444,3,66.88820160543713
kudamatsu,65,0,A_steiner,1973.0,2,128.32208082049084,2,111.03980783611706
kudamatsu,65,1,A_steiner,1973.0,2,128.32208082049084,2,111.03980783611706
kudamatsu,65,2,A_steiner,1973.0,2,128.32208082049084,2,111.03980783611706
kudamatsu,65,3,A_steiner,1973.0,2,128.32208082049084,2,111.03980783611706
kudamatsu,65,4,A_steiner,1973.0,2,128.32208082049084,2,111.03980783611706
kudamatsu,65,5,A_steiner,1973.0,2,128.32208082049084,2,111.03980783611706
kudamatsu,65,6,B_incremental,1973.0,2,128.32208082049084,2,111.03980783611706
kudamatsu,65,7,B_incremental,1973.0,2,128.32208082049084,2,111.03980783611706
kudamatsu,65,8,B_incremental,1973.0,2,128.32208082049084,2,111.03980783611706
kudamatsu,65,9,B_incremental,1973.0,2,128.32208082049084,2,111.03980783611706
kudamatsu,65,10,B_incremental,1973.0,2,128.32208082049084,2,111.03980783611706
kudamatsu,65,11,B_incremental,1973.0,2,128.32208082049084,2,111.03980783611706
kudamatsu,66,0,A_steiner,963.0,2,72.59978825301536,2,23.66003996151436
kudamatsu,66,1,A_steiner,963.0,2,72.59978825301536,2,23.66003996151436
kudamatsu,66,2,A_steiner,963.0,2,72.59978825301536,2,23.66003996151436
kudamatsu,66,3,A_steiner,963.0,2,72.59978825301536,2,23.66003996151436
kudamatsu,66,4,A_steiner,963.0,2,72.59978825301536,2,23.66003996151436
kudamatsu,66,5,A_steiner,963.0,2,72.59978825301536,2,23.66003996151436
kudamatsu,66,6,B_incremental,963.0,2,72.59978825301536,2,23.66003996151436
kudamatsu,66,7,B_incremental,963.0,2,72.59978825301536,2,23.66003996151436
kudamatsu,66,8,B_incremental,963.0,2,72.59978825301536,2,23.66003996151436
kudamatsu,66,9,B_incremental,963.0,2,72.59978825301536,2,23.66003996151436
kudamatsu,66,10,B_incremental,963.0,2,72.59978825301536,2,23.66003996151436
kudamatsu,66,11,B_incremental,963.0,2,72.59978825301536,2,23.66003996151436
kudamatsu,67,0,A_steiner,1328.0,3,157.0840035130876,2,38.370427504191596
kudamatsu,67,1,A_steiner,1328.0,3,157.0840035130876,2,38.370427504191596
kudamatsu,67,2,A_steiner,1328.0,3,157.0840035130876,2,38.370427504191596
kudamatsu,67,3,A_steiner,1328.0,3,157.0840035130876,2,38.370427504191596
kudamatsu,67,4,A_steiner,1328.0,3,157.0840035130876,2,38.370427504191596
kudamatsu,67,5,A_steiner,1328.0,3,157.0840035130876,2,38.370427504191596
kudamatsu,67,6,B_incremental,1328.0,3,157.08400351308757,2,38.370427504191596
kudamatsu,67,7,B_incremental,1328.0,3,157.08400351308757,2,38.370427504191596
kudamatsu,67,8,B_incremental,1328.0,3,157.08400351308757,2,38.370427504191596
kudamatsu,67,9,B_incremental,1328.0,3,157.08400351308757,2,38.370427504191596
kudamatsu,67,10,B_incremental,1328.0,3,157.08400351308757,2,38.370427504191596
kudamatsu,67,11,B_incremental,1328.0,3,157.08400351308757,2,38.370427504191596
kudamatsu,68,0,A_steiner,1864.0,1,52.63729370483075,2,32.44888713042003
kudamatsu,68,1,A_steiner,1864.0,1,52.63729370483075,2,32.44888713042003
kudamatsu,68,2,A_steiner,1864.0,1,52.63729370483075,2,32.44888713042003
kudamatsu,68,3,A_steiner,1864.0,1,52.63729370483075,2,32.44888713042003
kudamatsu,68,4,A_steiner,1864.0,1,52.63729370483075,2,32.44888713042003
kudamatsu,68,5,A_steiner,1864.0,1,52.63729370483075,2,32.44888713042003
kudamatsu,68,6,B_incremental,1864.0,1,52.63729370483075,2,32.44888713042003
kudamatsu,68,7,B_incremental,1864.0,1,52.63729370483075,2,32.44888713042003
kudamatsu,68,8,B_incremental,1864.0,1,52.63729370483075,2,32.44888713042003
kudamatsu,68,9,B_incremental,1864.0,1,52.63729370483075,2,32.44888713042003
kudamatsu,68,10,B_incremental,1864.0,1,52.63729370483075,2,32.44888713042003
kudamatsu,68,11,B_incremental,1864.0,1,52.63729370483075,2,32.44888713042003
kudamatsu,69,0,A_steiner,1268.0,1,45.88566146805156,2,20.084718418117376
kudamatsu,69,1,A_steiner,1268.0,1,45.88566146805156,2,20.084718418117376
kudamatsu,69,2,A_steiner,1268.0,1,45.88566146805156,2,20.084718418117376
kudamatsu,69,3,A_steiner,1268.0,1,45.88566146805156,2,20.084718418117376
kudamatsu,69,4,A_steiner,1268.0,1,45.88566146805156,2,20.084718418117376
kudamatsu,69,5,A_steiner,1268.0,1,45.88566146805156,2,20.084718418117376
kudamatsu,69,6,B_incremental,1268.0,1,45.88566146805156,2,20.084718418117376
kudamatsu,69,7,B_incremental,1268.0,1,45.88566146805156,2,20.084718418117376
kudamatsu,69,8,B_incremental,1268.0,1,45.88566146805156,2,20.084718418117376
kudamatsu,69,9,B_incremental,1268.0,1,45.88566146805156,2,20.084718418117376
kudamatsu,69,10,B_incremental,1268.0,1,45.88566146805156,2,20.084718418117376
kudamatsu,69,11,B_incremental,1268.0,1,45.88566146805156,2,20.084718418117376
kudamatsu,70,0,A_steiner,2011.0,4,153.10360360035247,3,13.29976396757504
kudamatsu,70,1,A_steiner,2011.0,4,153.10360360035247,3,13.29976396757504
kudamatsu,70,2,A_steiner,2011.0,4,153.10360360035247,3,13.29976396757504
kudamatsu,70,3,A_steiner,2011.0,4,153.10360360035247,3,13.29976396757504
kudamatsu,70,4,A_steiner,2011.0,4,153.10360360035247,3,13.29976396757504
kudamatsu,70,5,A_steiner,2011.0,4,153.10360360035247,3,13.29976396757504
kudamatsu,70,6,B_incremental,2011.0,4,153.10360360035247,3,13.29976396757504
kudamatsu,70,7,B_incremental,2011.0,4,153.10360360035247,3,13.29976396757504
kudamatsu,70,8,B_incremental,2011.0,4,153.1036036003525,3,13.29976396757504
kudamatsu,70,9,B_incremental,2011.0,4,153.10360360035247,3,13.29976396757504
kudamatsu,70,10,B_incremental,2011.0,4,153.10360360035247,3,13.29976396757504
kudamatsu,70,11,B_incremental,2011.0,4,153.10360360035247,3,13.29976396757504
kudamatsu,71,0,A_steiner,1214.0,4,175.45742898364358,5,105.14327387718498
kudamatsu,71,1,A_steiner,1214.0,4,175.45742898364358,5,105.14327387718498
kudamatsu,71,2,A_steiner,1214.0,4,175.45742898364358,5,105.14327387718498
kudamatsu,71,3,A_steiner,1214.0,4,175.45742898364358,5,105.14327387718498
kudamatsu,71,4,A_steiner,1214.0,4,175.45742898364358,5,105.14327387718498
kudamatsu,71,5,A_steiner,1214.0,4,175.45742898364358,5,105.14327387718498
kudamatsu,71,6,B_incremental,1214.0,4,175.45742898364358,5,105.14327387718498
kudamatsu,71,7,B_incremental,1214.0,4,175.45742898364358,5,105.14327387718498
kudamatsu,71,8,B_incremental,1214.0,4,175.45742898364358,5,105.14327387718498
kudamatsu,71,9,B_incremental,1214.0,4,175.45742898364358,5,105.14327387718498
kudamatsu,71,10,B_incremental,1214.0,4,175.45742898364358,5,105.14327387718498
kudamatsu,71,11,B_incremental,1214.0,4,175.45742898364358,5,105.14327387718498
kudamatsu,72,0,A_steiner,2918.0,3,60.068184566826105,3,9.345586154977457
kudamatsu,72,1,A_steiner,2918.0,3,60.068184566826105,3,9.345586154977457
kudamatsu,72,2,A_steiner,2918.0,3,60.068184566826105,3,9.345586154977457
kudamatsu,72,3,A_steiner,2918.0,3,60.068184566826105,3,9.345586154977457
kudamatsu,72,4,A_steiner,2918.0,3,60.068184566826105,3,9.345586154977457
kudamatsu,72,5,A_steiner,2918.0,3,60.068184566826105,3,9.345586154977457
kudamatsu,72,6,B_incremental,2918.0,3,60.068184566826105,3,9.345586154977457
kudamatsu,72,7,B_incremental,2918.0,3,60.06818456682611,3,9.345586154977457
kudamatsu,72,8,B_incremental,2918.0,3,60.06818456682611,3,9.345586154977457
kudamatsu,72,9,B_incremental,2918.0,3,60.068184566826105,3,9.345586154977457
kudamatsu,72,10,B_incremental,2918.0,3,60.068184566826105,3,9.345586154977457
kudamatsu,72,11,B_incremental,2918.0,3,60.06818456682611,3,9.345586154977457
kudamatsu,73,0,A_steiner,1110.0,3,168.58682683295598,4,101.54537487926248
kudamatsu,73,1,A_steiner,1110.0,3,168.58682683295598,4,101.54537487926248
kudamatsu,73,2,A_steiner,1110.0,3,168.58682683295598,4,101.54537487926248
kudamatsu,73,3,A_steiner,1110.0,3,168.58682683295598,4,101.54537487926248
kudamatsu,73,4,A_steiner,1110.0,3,168.58682683295598,4,101.54537487926248
kudamatsu,73,5,A_steiner,1110.0,3,168.58682683295598,4,101.54537487926248
kudamatsu,73,6,B_incremental,1110.0,3,168.58682683295598,4,101.54537487926248
kudamatsu,73,7,B_incremental,1110.0,3,168.58682683295598,4,101.54537487926248
kudamatsu,73,8,B_incremental,1110.0,3,168.58682683295598,4,101.54537487926248
kudamatsu,73,9,B_incremental,1110.0,3,168.58682683295598,4,101.54537487926248
kudamatsu,73,10,B_incremental,1110.0,3,168.58682683295598,4,101.54537487926248
kudamatsu,73,11,B_incremental,1110.0,3,168.58682683295598,4,101.54537487926248
kudamatsu,74,0,A_steiner,1649.0,4,232.29152743403674,5,248.73132801466687
kudamatsu,74,1,A_steiner,1649.0,4,232.29152743403674,5,248.73132801466687
kudamatsu,74,2,A_steiner,1649.0,4,232.29152743403674,5,248.73132801466687
kudamatsu,74,3,A_steiner,1649.0,4,232.29152743403674,5,248.73132801466687
kudamatsu,74,4,A_steiner,1649.0,4,232.29152743403674,5,248.73132801466687
kudamatsu,74,5,A_steiner,1649.0,4,232.29152743403674,5,248.73132801466687
kudamatsu,74,6,B_incremental,1649.0,4,232.29152743403674,5,248.73132801466687
kudamatsu,74,7,B_incremental,1649.0,4,232.29152743403674,5,248.73132801466687
kudamatsu,74,8,B_incremental,1649.0,4,232.29152743403674,5,248.73132801466687
kudamatsu,74,9,B_incremental,1649.0,4,232.29152743403674,5,248.73132801466687
kudamatsu,74,10,B_incremental,1649.0,4,232.29152743403674,5,248.73132801466687
kudamatsu,74,11,B_incremental,1649.0,4,232.29152743403674,5,248.73132801466687
kudamatsu,75,0,A_steiner,2031.0,4,213.04656223635197,4,110.15238526235325
kudamatsu,75,1,A_steiner,2031.0,4,213.04656223635197,4,110.15238526235325
kudamatsu,75,2,A_steiner,2031.0,4,213.04656223635197,4,110.15238526235325
kudamatsu,75,3,A_steiner,2031.0,4,213.04656223635197,4,110.15238526235325
kudamatsu,75,4,A_steiner,2031.0,4,213.04656223635197,4,110.15238526235325
kudamatsu,75,5,A_steiner,2031.0,4,213.04656223635197,4,110.15238526235325
kudamatsu,75,6,B_incremental,2031.0,4,213.04656223635197,4,110.15238526235325
kudamatsu,75,7,B_incremental,2031.0,4,213.04656223635197,4,110.15238526235325
kudamatsu,75,8,B_incremental,2031.0,4,213.04656223635197,4,110.15238526235325
kudamatsu,75,9,B_incremental,2031.0,4,213.04656223635197,4,110.15238526235325
kudamatsu,75,10,B_incremental,2031.0,4,213.04656223635197,4,110.15238526235325
kudamatsu,75,11,B_incremental,2031.0,4,213.04656223635197,4,110.15238526235325
kudamatsu,76,0,A_steiner,1902.0,3,160.9280142095804,3,80.24661301182812
kudamatsu,76,1,A_steiner,1902.0,3,160.9280142095804,3,80.24661301182812
kudamatsu,76,2,A_steiner,1902.0,3,160.9280142095804,3,80.24661301182812
kudamatsu,76,3,A_steiner,1902.0,3,160.9280142095804,3,80.24661301182812
kudamatsu,76,4,A_steiner,1902.0,3,160.9280142095804,3,80.24661301182812
kudamatsu,76,5,A_steiner,1902.0,3,160.9280142095804,3,80.24661301182812
kudamatsu,76,6,B_incremental,1902.0,3,160.9280142095804,3,80.24661301182812
kudamatsu,76,7,B_incremental,1902.0,3,160.9280142095804,3,80.24661301182812
kudamatsu,76,8,B_incremental,1902.0,3,160.9280142095804,3,80.24661301182812
kudamatsu,76,9,B_incremental,1902.0,3,160.9280142095804,3,80.24661301182812
kudamatsu,76,10,B_incremental,1902.0,3,160.9280142095804,3,80.24661301182812
kudamatsu,76,11,B_incremental,1902.0,3,160.9280142095804,3,80.24661301182812
kudamatsu,77,0,A_steiner,1192.0,6,422.0125091418013,5,85.83112563472963
kudamatsu,77,1,A_steiner,1192.0,6,422.0125091418013,5,85.83112563472963
kudamatsu,77,2,A_steiner,1192.0,6,422.0125091418013,5,85.83112563472963
kudamatsu,77,3,A_steiner,1192.0,6,422.0125091418013,5,85.83112563472963
kudamatsu,77,4,A_steiner,1192.0,6,422.0125091418013,5,85.83112563472963
kudamatsu,77,5,A_steiner,1192.0,6,422.0125091418013,5,85.83112563472963
kudamatsu,77,6,B_incremental,1192.0,10,473.8571467576292,5,85.83112563472963
kudamatsu,77,7,B_incremental,1192.0,10,473.8571467576292,5,85.83112563472963
kudamatsu,77,8,B_incremental,1192.0,6,422.0125091418012,5,85.83112563472963
kudamatsu,77,9,B_incremental,1192.0,6,422.0125091418012,5,85.83112563472963
kudamatsu,77,10,B_incremental,1192.0,10,473.8571467576294,5,85.83112563472963
kudamatsu,77,11,B_incremental,1192.0,6,422.0125091418012,5,85.83112563472963
kudamatsu,78,0,A_steiner,1468.0,4,191.1075579420713,3,191.53445079133195
kudamatsu,78,1,A_steiner,1468.0,4,191.1075579420713,3,191.53445079133195
kudamatsu,78,2,A_steiner,1468.0,4,191.1075579420713,3,191.53445079133195
kudamatsu,78,3,A_steiner,1468.0,4,191.1075579420713,3,191.53445079133195
kudamatsu,78,4,A_steiner,1468.0,4,191.1075579420713,3,191.53445079133195
kudamatsu,78,5,A_steiner,1468.0,4,191.1075579420713,3,191.53445079133195
kudamatsu,78,6,B_incremental,1468.0,4,191.10755794207128,3,191.53445079133195
kudamatsu,78,7,B_incremental,1468.0,4,191.10755794207128,3,191.53445079133195
kudamatsu,78,8,B_incremental,1468.0,4,191.10755794207128,3,191.53445079133195
kudamatsu,78,9,B_incremental,1468.0,4,191.10755794207128,3,191.53445079133195
kudamatsu,78,10,B_incremental,1468.0,4,191.10755794207128,3,191.53445079133195
kudamatsu,78,11,B_incremental,1468.0,4,191.10755794207128,3,191.53445079133195
kudamatsu,79,0,A_steiner,1034.0,5,176.92286850224156,6,202.98994332477062
kudamatsu,79,1,A_steiner,1034.0,5,176.92286850224156,6,202.98994332477062
kudamatsu,79,2,A_steiner,1034.0,5,176.78712944134168,6,202.98994332477062
kudamatsu,79,3,A_steiner,1034.0,5,176.78712944134168,6,202.98994332477062
kudamatsu,79,4,A_steiner,1034.0,5,176.78712944134168,6,202.98994332477062
kudamatsu,79,5,A_steiner,1034.0,5,176.78712944134168,6,202.98994332477062
kudamatsu,79,6,B_incremental,1034.0,5,176.92286850224156,6,202.98994332477062
kudamatsu,79,7,B_incremental,1034.0,5,176.92286850224156,6,202.98994332477062
kudamatsu,79,8,B_incremental,1034.0,5,176.92286850224156,6,202.98994332477062
kudamatsu,79,9,B_incremental,1034.0,5,176.92286850224156,6,202.98994332477062
kudamatsu,79,10,B_incremental,1034.0,5,176.92286850224156,6,202.98994332477062
kudamatsu,79,11,B_incremental,1034.0,5,176.92286850224153,6,202.98994332477062
kudamatsu,81,0,A_steiner,2043.0,4,170.1101576532622,4,43.775566399317555
kudamatsu,81,1,A_steiner,2043.0,4,170.1101576532622,4,43.775566399317555
kudamatsu,81,2,A_steiner,2043.0,4,170.1101576532622,4,43.775566399317555
kudamatsu,81,3,A_steiner,2043.0,4,170.1101576532622,4,43.775566399317555
kudamatsu,81,4,A_steiner,2043.0,4,170.1101576532622,4,43.775566399317555
kudamatsu,81,5,A_steiner,2043.0,4,170.1101576532622,4,43.775566399317555
kudamatsu,81,6,B_incremental,2043.0,4,170.1101576532622,4,43.775566399317555
kudamatsu,81,7,B_incremental,2043.0,4,170.1101576532622,4,43.775566399317555
kudamatsu,81,8,B_incremental,2043.0,4,170.1101576532622,4,43.775566399317555
kudamatsu,81,9,B_incremental,2043.0,4,170.1101576532622,4,43.775566399317555
kudamatsu,81,10,B_incremental,2043.0,4,170.1101576532622,4,43.775566399317555
kudamatsu,81,11,B_incremental,2043.0,4,170.1101576532622,4,43.775566399317555
kudamatsu,84,0,A_steiner,15.0,3,171.54867209355072,4,251.62468989994076
kudamatsu,84,1,A_steiner,15.0,3,171.54867209355072,4,251.62468989994076
kudamatsu,84,2,A_steiner,15.0,3,171.54867209355072,4,251.62468989994076
kudamatsu,84,3,A_steiner,15.0,3,171.54867209355072,4,251.62468989994076
kudamatsu,84,4,A_steiner,15.0,3,171.54867209355072,4,251.62468989994076
kudamatsu,84,5,A_steiner,15.0,3,171.54867209355072,4,251.62468989994076
kudamatsu,84,6,B_incremental,15.0,3,171.54867209355072,4,251.62468989994076
kudamatsu,84,7,B_incremental,15.0,3,171.54867209355072,4,251.62468989994076
kudamatsu,84,8,B_incremental,15.0,3,171.54867209355072,4,251.62468989994076
kudamatsu,84,9,B_incremental,15.0,3,171.54867209355072,4,251.62468989994076
kudamatsu,84,10,B_incremental,15.0,3,171.54867209355072,4,251.62468989994076
kudamatsu,84,11,B_incremental,15.0,3,171.54867209355072,4,251.62468989994076
kudamatsu,85,0,A_steiner,1741.0,2,106.8541329049142,2,50.34979560402297
kudamatsu,85,1,A_steiner,1741.0,2,106.8541329049142,2,50.34979560402297
kudamatsu,85,2,A_steiner,1741.0,2,106.8541329049142,2,50.34979560402297
kudamatsu,85,3,A_steiner,1741.0,2,106.8541329049142,2,50.34979560402297
kudamatsu,85,4,A_steiner,1741.0,2,106.8541329049142,2,50.34979560402297
kudamatsu,85,5,A_steiner,1741.0,2,106.8541329049142,2,50.34979560402297
kudamatsu,85,6,B_incremental,1741.0,2,106.8541329049142,2,50.34979560402297
kudamatsu,85,7,B_incremental,1741.0,2,106.8541329049142,2,50.34979560402297
kudamatsu,85,8,B_incremental,1741.0,2,106.8541329049142,2,50.34979560402297
kudamatsu,85,9,B_incremental,1741.0,2,106.8541329049142,2,50.34979560402297
kudamatsu,85,10,B_incremental,1741.0,2,106.8541329049142,2,50.34979560402297
kudamatsu,85,11,B_incremental,1741.0,2,106.8541329049142,2,50.34979560402297
kudamatsu,88,0,A_steiner,2400.0,5,385.54872616791835,2,125.84629288241709
kudamatsu,88,1,A_steiner,2400.0,5,385.54872616791835,2,125.84629288241709
kudamatsu,88,2,A_steiner,2400.0,5,385.54872616791835,2,125.84629288241709
kudamatsu,88,3,A_steiner,2400.0,5,385.54872616791835,2,125.84629288241709
kudamatsu,88,4,A_steiner,2400.0,5,385.54872616791835,2,125.84629288241709
kudamatsu,88,5,A_steiner,2400.0,5,385.54872616791835,2,125.84629288241709
kudamatsu,88,6,B_incremental,2400.0,5,385.54872616791835,2,125.84629288241709
kudamatsu,88,7,B_incremental,2400.0,5,385.54872616791835,2,125.84629288241709
kudamatsu,88,8,B_incremental,2400.0,5,385.54872616791835,2,125.84629288241709
kudamatsu,88,9,B_incremental,2400.0,5,385.54872616791835,2,125.84629288241709
kudamatsu,88,10,B_incremental,2400.0,5,385.54872616791835,2,125.84629288241709
kudamatsu,88,11,B_incremental,2400.0,5,385.54872616791835,2,125.84629288241709
kudamatsu,89,0,A_steiner,633.0,6,415.93731032227475,2,82.58223078699477
kudamatsu,89,1,A_steiner,633.0,6,415.93731032227475,2,82.58223078699477
kudamatsu,89,2,A_steiner,633.0,6,415.93731032227475,2,82.58223078699477
kudamatsu,89,3,A_steiner,633.0,6,415.93731032227475,2,82.58223078699477
kudamatsu,89,4,A_steiner,633.0,6,415.93731032227475,2,82.58223078699477
kudamatsu,89,5,A_steiner,633.0,6,415.93731032227475,2,82.58223078699477
kudamatsu,89,6,B_incremental,633.0,6,415.93731032227475,2,82.58223078699477
kudamatsu,89,7,B_incremental,633.0,6,415.93731032227475,2,82.58223078699477
kudamatsu,89,8,B_incremental,633.0,6,415.93731032227475,2,82.58223078699477
kudamatsu,89,9,B_incremental,633.0,6,415.93731032227475,2,82.58223078699477
kudamatsu,89,10,B_incremental,633.0,6,415.93731032227475,2,82.58223078699477
kudamatsu,89,11,B_incremental,633.0,6,415.93731032227475,2,82.58223078699477
kudamatsu,90,0,A_steiner,1316.0,9,530.8827084754337,8,158.91046683607738
kudamatsu,90,1,A_steiner,1316.0,9,530.8827084754337,8,158.91046683607738
kudamatsu,90,2,A_steiner,1316.0,9,530.8827084754337,8,158.91046683607738
kudamatsu,90,3,A_steiner,1316.0,9,530.8827084754337,8,158.91046683607738
kudamatsu,90,4,A_steiner,1316.0,9,530.8827084754337,8,158.91046683607738
kudamatsu,90,5,A_steiner,1316.0,9,530.8827084754337,8,158.91046683607738
kudamatsu,90,6,B_incremental,1316.0,9,530.8827084754336,8,158.91046683607738
kudamatsu,90,7,B_incremental,1316.0,12,683.3929738488168,8,158.91046683607738
kudamatsu,90,8,B_incremental,1316.0,9,530.8827084754336,8,158.91046683607738
kudamatsu,90,9,B_incremental,1316.0,12,725.2761094865446,8,158.91046683607738
kudamatsu,90,10,B_incremental,1316.0,9,530.8827084754336,8,158.91046683607738
kudamatsu,90,11,B_incremental,1316.0,12,683.3929738488167,8,158.91046683607738
kudamatsu,91,0,A_steiner,1785.0,5,370.63003413722777,6,165.99609669359634
kudamatsu,91,1,A_steiner,1785.0,5,370.63003413722777,6,165.99609669359634
kudamatsu,91,2,A_steiner,1785.0,5,370.63003413722777,6,165.99609669359634
kudamatsu,91,3,A_steiner,1785.0,5,370.63003413722777,6,165.99609669359634
kudamatsu,91,4,A_steiner,1785.0,5,370.63003413722777,6,165.99609669359634
kudamatsu,91,5,A_steiner,1785.0,5,370.63003413722777,6,165.99609669359634
kudamatsu,91,6,B_incremental,1785.0,5,370.63003413722777,6,165.99609669359634
kudamatsu,91,7,B_incremental,1785.0,5,370.6300341372277,6,165.99609669359634
kudamatsu,91,8,B_incremental,1785.0,5,370.6300341372277,6,165.99609669359634
kudamatsu,91,9,B_incremental,1785.0,5,370.63003413722777,6,165.99609669359634
kudamatsu,91,10,B_incremental,1785.0,5,370.63003413722777,6,165.99609669359634
kudamatsu,91,11,B_incremental,1785.0,5,370.63003413722777,6,165.99609669359634
kudamatsu,92,0,A_steiner,1399.0,1,101.903197952816,2,125.6708604640117
kudamatsu,92,1,A_steiner,1399.0,1,101.903197952816,2,125.6708604640117
kudamatsu,92,2,A_steiner,1399.0,1,101.903197952816,2,125.6708604640117
kudamatsu,92,3,A_steiner,1399.0,1,101.903197952816,2,125.6708604640117
kudamatsu,92,4,A_steiner,1399.0,1,101.903197952816,2,125.6708604640117
kudamatsu,92,5,A_steiner,1399.0,1,101.903197952816,2,125.6708604640117
kudamatsu,92,6,B_incremental,1399.0,1,101.903197952816,2,125.6708604640117
kudamatsu,92,7,B_incremental,1399.0,1,101.903197952816,2,125.6708604640117
kudamatsu,92,8,B_incremental,1399.0,1,101.903197952816,2,125.6708604640117
kudamatsu,92,9,B_incremental,1399.0,1,101.903197952816,2,125.6708604640117
kudamatsu,92,10,B_incremental,1399.0,1,101.903197952816,2,125.6708604640117
kudamatsu,92,11,B_incremental,1399.0,1,101.903197952816,2,125.6708604640117
kudamatsu,93,0,A_steiner,1646.0,2,159.0673097620852,3,51.36236446828929
kudamatsu,93,1,A_steiner,1646.0,2,159.0673097620852,3,51.36236446828929
kudamatsu,93,2,A_steiner,1646.0,2,159.0673097620852,3,51.36236446828929
kudamatsu,93,3,A_steiner,1646.0,2,159.0673097620852,3,51.36236446828929
kudamatsu,93,4,A_steiner,1646.0,2,159.0673097620852,3,51.36236446828929
kudamatsu,93,5,A_steiner,1646.0,2,159.0673097620852,3,51.36236446828929
kudamatsu,93,6,B_incremental,1646.0,2,159.0673097620852,3,51.36236446828929
kudamatsu,93,7,B_incremental,1646.0,2,159.0673097620852,3,51.36236446828929
kudamatsu,93,8,B_incremental,1646.0,2,159.0673097620852,3,51.36236446828929
kudamatsu,93,9,B_incremental,1646.0,2,159.0673097620852,3,51.36236446828929
kudamatsu,93,10,B_incremental,1646.0,2,159.0673097620852,3,51.36236446828929
kudamatsu,93,11,B_incremental,1646.0,2,159.0673097620852,3,51.36236446828929
kudamatsu,94,0,A_steiner,2830.0,3,202.3196115591816,3,223.05404953199294
kudamatsu,94,1,A_steiner,2830.0,3,202.3196115591816,3,223.05404953199294
kudamatsu,94,2,A_steiner,2830.0,3,202.3196115591816,3,223.05404953199294
kudamatsu,94,3,A_steiner,2830.0,3,202.3196115591816,3,223.05404953199294
kudamatsu,94,4,A_steiner,2830.0,3,202.3196115591816,3,223.05404953199294
kudamatsu,94,5,A_steiner,2830.0,3,202.3196115591816,3,223.05404953199294
kudamatsu,94,6,B_incremental,2830.0,3,202.3196115591816,3,223.05404953199294
kudamatsu,94,7,B_incremental,2830.0,3,202.3196115591816,3,223.05404953199294
kudamatsu,94,8,B_incremental,2830.0,3,202.3196115591816,3,223.05404953199294
kudamatsu,94,9,B_incremental,2830.0,3,202.3196115591816,3,223.05404953199294
kudamatsu,94,10,B_incremental,2830.0,3,202.3196115591816,3,223.05404953199294
kudamatsu,94,11,B_incremental,2830.0,3,202.3196115591816,3,223.05404953199294
kudamatsu,95,0,A_steiner,1451.0,4,386.41433342572566,3,71.27890365733755
kudamatsu,95,1,A_steiner,1451.0,4,386.41433342572566,3,71.27890365733755
kudamatsu,95,2,A_steiner,1451.0,4,386.41433342572566,3,71.27890365733755
kudamatsu,95,3,A_steiner,1451.0,4,386.41433342572566,3,71.27890365733755
kudamatsu,95,4,A_steiner,1451.0,4,386.41433342572566,3,71.27890365733755
kudamatsu,95,5,A_steiner,1451.0,4,386.41433342572566,3,71.27890365733755
kudamatsu,95,6,B_incremental,1451.0,4,386.41433342572566,3,71.27890365733755
kudamatsu,95,7,B_incremental,1451.0,4,386.41433342572566,3,71.27890365733755
kudamatsu,95,8,B_incremental,1451.0,4,386.4143334257256,3,71.27890365733755
kudamatsu,95,9,B_incremental,1451.0,4,386.4143334257256,3,71.27890365733755
kudamatsu,95,10,B_incremental,1451.0,4,386.4143334257256,3,71.27890365733755
kudamatsu,95,11,B_incremental,1451.0,4,386.4143334257256,3,71.27890365733755
kudamatsu,96,0,A_steiner,860.0,5,177.71142316445935,4,32.23494895197915
kudamatsu,96,1,A_steiner,860.0,5,177.71142316445935,4,32.23494895197915
kudamatsu,96,2,A_steiner,860.0,5,177.71142316445935,4,32.23494895197915
kudamatsu,96,3,A_steiner,860.0,5,177.71142316445935,4,32.23494895197915
kudamatsu,96,4,A_steiner,860.0,5,177.71142316445935,4,32.23494895197915
kudamatsu,96,5,A_steiner,860.0,5,177.71142316445935,4,32.23494895197915
kudamatsu,96,6,B_incremental,860.0,5,177.71142316445935,4,32.23494895197915
kudamatsu,96,7,B_incremental,860.0,5,181.96608872149483,4,32.23494895197915
kudamatsu,96,8,B_incremental,860.0,5,177.71142316445935,4,32.23494895197915
kudamatsu,96,9,B_incremental,860.0,5,177.71142316445935,4,32.23494895197915
kudamatsu,96,10,B_incremental,860.0,5,177.71142316445935,4,32.23494895197915
kudamatsu,96,11,B_incremental,860.0,5,177.71142316445935,4,32.23494895197915
kudamatsu,97,0,A_steiner,2121.0,2,108.2342453307081,3,92.061958479434
kudamatsu,97,1,A_steiner,2121.0,2,108.2342453307081,3,92.061958479434
kudamatsu,97,2,A_steiner,2121.0,2,108.2342453307081,3,92.061958479434
kudamatsu,97,3,A_steiner,2121.0,2,108.2342453307081,3,92.061958479434
kudamatsu,97,4,A_steiner,2121.0,2,108.2342453307081,3,92.061958479434
kudamatsu,97,5,A_steiner,2121.0,2,108.2342453307081,3,92.061958479434
kudamatsu,97,6,B_incremental,2121.0,2,108.2342453307081,3,92.061958479434
kudamatsu,97,7,B_incremental,2121.0,2,108.2342453307081,3,92.061958479434
kudamatsu,97,8,B_incremental,2121.0,2,108.2342453307081,3,92.061958479434
kudamatsu,97,9,B_incremental,2121.0,2,108.2342453307081,3,92.061958479434
kudamatsu,97,10,B_incremental,2121.0,2,108.2342453307081,3,92.061958479434
kudamatsu,97,11,B_incremental,2121.0,2,108.2342453307081,3,92.061958479434
kudamatsu,98,0,A_steiner,1621.0,4,151.30010778555595,5,39.26152076562672
kudamatsu,98,1,A_steiner,1621.0,4,151.30010778555595,5,39.26152076562672
kudamatsu,98,2,A_steiner,1621.0,4,151.30010778555595,5,39.26152076562672
kudamatsu,98,3,A_steiner,1621.0,4,151.30010778555595,5,39.26152076562672
kudamatsu,98,4,A_steiner,1621.0,4,151.30010778555595,5,39.26152076562672
kudamatsu,98,5,A_steiner,1621.0,4,151.30010778555595,5,39.26152076562672
kudamatsu,98,6,B_incremental,1621.0,4,151.30010778555595,5,39.26152076562672
kudamatsu,98,7,B_incremental,1621.0,4,151.30010778555595,5,39.26152076562672
kudamatsu,98,8,B_incremental,1621.0,4,151.30010778555595,5,39.26152076562672
kudamatsu,98,9,B_incremental,1621.0,4,151.30010778555595,5,39.26152076562672
kudamatsu,98,10,B_incremental,1621.0,4,151.30010778555595,5,39.26152076562672
kudamatsu,98,11,B_incremental,1621.0,4,151.30010778555592,5,39.26152076562672
kudamatsu,99,0,A_steiner,2909.0,5,346.0564645765347,2,245.02362002300924
kudamatsu,99,1,A_steiner,2909.0,5,346.0564645765347,2,245.02362002300924
kudamatsu,99,2,A_steiner,2909.0,5,346.0564645765347,2,245.02362002300924
kudamatsu,99,3,A_steiner,2909.0,5,346.0564645765347,2,245.02362002300924
kudamatsu,99,4,A_steiner,2909.0,5,346.0564645765347,2,245.02362002300924
kudamatsu,99,5,A_steiner,2909.0,5,346.0564645765347,2,245.02362002300924
kudamatsu,99,6,B_incremental,2909.0,5,346.05646457653467,2,245.02362002300924
kudamatsu,99,7,B_incremental,2909.0,5,346.05646457653467,2,245.02362002300924
kudamatsu,99,8,B_incremental,2909.0,5,346.05646457653467,2,245.02362002300924
kudamatsu,99,9,B_incremental,2909.0,5,346.05646457653467,2,245.02362002300924
kudamatsu,99,10,B_incremental,2909.0,5,346.05646457653467,2,245.02362002300924
kudamatsu,99,11,B_incremental,2909.0,5,346.05646457653467,2,245.02362002300924
kudamatsu,100,0,A_steiner,1852.0,5,366.7401825225675,2,103.08235016399078
kudamatsu,100,1,A_steiner,1852.0,5,366.7401825225675,2,103.08235016399078
kudamatsu,100,2,A_steiner,1852.0,5,366.7401825225675,2,103.08235016399078
kudamatsu,100,3,A_steiner,1852.0,5,366.7401825225675,2,103.08235016399078
kudamatsu,100,4,A_steiner,1852.0,5,366.7401825225675,2,103.08235016399078
kudamatsu,100,5,A_steiner,1852.0,5,366.7401825225675,2,103.08235016399078
kudamatsu,100,6,B_incremental,1852.0,5,366.74018252256747,2,103.08235016399078
kudamatsu,100,7,B_incremental,1852.0,5,366.74018252256747,2,103.08235016399078
kudamatsu,100,8,B_incremental,1852.0,5,366.74018252256747,2,103.08235016399078
kudamatsu,100,9,B_incremental,1852.0,5,366.74018252256747,2,103.08235016399078
kudamatsu,100,10,B_incremental,1852.0,5,366.74018252256747,2,103.08235016399078
kudamatsu,100,11,B_incremental,1852.0,5,366.74018252256747,2,103.08235016399078
kudamatsu,101,0,A_steiner,1141.0,4,137.26522500134712,5,179.34988001602792
kudamatsu,101,1,A_steiner,1141.0,4,137.26522500134712,5,179.34988001602792
kudamatsu,101,2,A_steiner,1141.0,4,137.26522500134712,5,179.34988001602792
kudamatsu,101,3,A_steiner,1141.0,4,137.26522500134712,5,179.34988001602792
kudamatsu,101,4,A_steiner,1141.0,4,137.26522500134712,5,179.34988001602792
kudamatsu,101,5,A_steiner,1141.0,4,137.26522500134712,5,179.34988001602792
kudamatsu,101,6,B_incremental,1141.0,4,137.26522500134712,5,179.34988001602792
kudamatsu,101,7,B_incremental,1141.0,4,137.26522500134712,5,179.34988001602792
kudamatsu,101,8,B_incremental,1141.0,4,137.26522500134712,5,179.34988001602792
kudamatsu,101,9,B_incremental,1141.0,4,137.26522500134712,5,179.34988001602792
kudamatsu,101,10,B_incremental,1141.0,4,137.26522500134712,5,179.34988001602792
kudamatsu,101,11,B_incremental,1141.0,4,137.26522500134712,5,179.34988001602792
kudamatsu,103,0,A_steiner,2128.0,3,150.04340986175717,3,34.893870947982464
kudamatsu,103,1,A_steiner,2128.0,3,150.04340986175717,3,34.893870947982464
kudamatsu,103,2,A_steiner,2128.0,3,150.04340986175717,3,34.893870947982464
kudamatsu,103,3,A_steiner,2128.0,3,150.04340986175717,3,34.893870947982464
kudamatsu,103,4,A_steiner,2128.0,3,150.04340986175717,3,34.893870947982464
kudamatsu,103,5,A_steiner,2128.0,3,150.04340986175717,3,34.893870947982464
kudamatsu,103,6,B_incremental,2128.0,3,150.04340986175717,3,34.893870947982464
kudamatsu,103,7,B_incremental,2128.0,3,150.04340986175717,3,34.893870947982464
kudamatsu,103,8,B_incremental,2128.0,3,150.04340986175717,3,34.893870947982464
kudamatsu,103,9,B_incremental,2128.0,3,150.04340986175717,3,34.893870947982464
kudamatsu,103,10,B_incremental,2128.0,3,150.04340986175717,3,34.893870947982464
kudamatsu,103,11,B_incremental,2128.0,3,150.04340986175717,3,34.893870947982464
kudamatsu,104,0,A_steiner,1395.0,3,314.90552920022486,4,215.6901406805203
kudamatsu,104,1,A_steiner,1395.0,3,314.90552920022486,4,215.6901406805203
kudamatsu,104,2,A_steiner,1395.0,3,314.90552920022486,4,215.6901406805203
kudamatsu,104,3,A_steiner,1395.0,3,314.90552920022486,4,215.6901406805203
kudamatsu,104,4,A_steiner,1395.0,3,314.90552920022486,4,215.6901406805203
kudamatsu,104,5,A_steiner,1395.0,3,314.90552920022486,4,215.6901406805203
kudamatsu,104,6,B_incremental,1395.0,3,314.90552920022486,4,215.6901406805203
kudamatsu,104,7,B_incremental,1395.0,3,314.90552920022486,4,215.6901406805203
kudamatsu,104,8,B_incremental,1395.0,3,314.90552920022486,4,215.6901406805203
kudamatsu,104,9,B_incremental,1395.0,3,314.90552920022486,4,215.6901406805203
kudamatsu,104,10,B_incremental,1395.0,3,314.90552920022486,4,215.6901406805203
kudamatsu,104,11,B_incremental,1395.0,3,314.90552920022486,4,215.6901406805203
kudamatsu,105,0,A_steiner,1805.0,2,113.8731145279832,3,22.781940819860715
kudamatsu,105,1,A_steiner,1805.0,2,113.8731145279832,3,22.781940819860715
kudamatsu,105,2,A_steiner,1805.0,2,113.8731145279832,3,22.781940819860715
kudamatsu,105,3,A_steiner,1805.0,2,113.8731145279832,3,22.781940819860715
kudamatsu,105,4,A_steiner,1805.0,2,113.8731145279832,3,22.781940819860715
kudamatsu,105,5,A_steiner,1805.0,2,113.8731145279832,3,22.781940819860715
kudamatsu,105,6,B_incremental,1805.0,2,113.8731145279832,3,22.781940819860715
kudamatsu,105,7,B_incremental,1805.0,2,113.8731145279832,3,22.781940819860715
kudamatsu,105,8,B_incremental,1805.0,2,113.8731145279832,3,22.781940819860715
kudamatsu,105,9,B_incremental,1805.0,2,113.8731145279832,3,22.781940819860715
kudamatsu,105,10,B_incremental,1805.0,2,113.8731145279832,3,22.781940819860715
kudamatsu,105,11,B_incremental,1805.0,2,113.8731145279832,3,22.781940819860715
kudamatsu,106,0,A_steiner,899.0,2,218.64445509875543,3,219.286037132665
kudamatsu,106,1,A_steiner,899.0,2,218.64445509875543,3,219.286037132665
kudamatsu,106,2,A_steiner,899.0,2,218.64445509875543,3,219.286037132665
kudamatsu,106,3,A_steiner,899.0,2,218.64445509875543,3,219.286037132665
kudamatsu,106,4,A_steiner,899.0,2,218.64445509875543,3,219.286037132665
kudamatsu,106,5,A_steiner,899.0,2,218.64445509875543,3,219.286037132665
kudamatsu,106,6,B_incremental,899.0,2,218.64445509875543,3,219.286037132665
kudamatsu,106,7,B_incremental,899.0,2,218.64445509875543,3,219.286037132665
kudamatsu,106,8,B_incremental,899.0,2,218.64445509875543,3,219.286037132665
kudamatsu,106,9,B_incremental,899.0,2,218.64445509875543,3,219.286037132665
kudamatsu,106,10,B_incremental,899.0,2,218.64445509875543,3,219.286037132665
kudamatsu,106,11,B_incremental,899.0,2,218.64445509875543,3,219.286037132665
kudamatsu,108,0,A_steiner,2029.0,1,79.42072482908173,2,89.3352932775642
kudamatsu,108,1,A_steiner,2029.0,1,79.42072482908173,2,89.3352932775642
kudamatsu,108,2,A_steiner,2029.0,1,79.42072482908173,2,89.3352932775642
kudamatsu,108,3,A_steiner,2029.0,1,79.42072482908173,2,89.3352932775642
kudamatsu,108,4,A_steiner,2029.0,1,79.42072482908173,2,89.3352932775642
kudamatsu,108,5,A_steiner,2029.0,1,79.42072482908173,2,89.3352932775642
kudamatsu,108,6,B_incremental,2029.0,1,79.42072482908173,2,89.3352932775642
kudamatsu,108,7,B_incremental,2029.0,1,79.42072482908173,2,89.3352932775642
kudamatsu,108,8,B_incremental,2029.0,1,79.42072482908173,2,89.3352932775642
kudamatsu,108,9,B_incremental,2029.0,1,79.42072482908173,2,89.3352932775642
kudamatsu,108,10,B_incremental,2029.0,1,79.42072482908173,2,89.3352932775642
kudamatsu,108,11,B_incremental,2029.0,1,79.42072482908173,2,89.3352932775642
yasu,0,0,A_steiner,1624.0,3,97.89370602959355,4,79.5207061603966
yasu,0,1,A_steiner,1624.0,3,97.89370602959355,4,79.5207061603966
yasu,0,2,A_steiner,1624.0,3,97.89370602959355,4,79.5207061603966
yasu,0,3,A_steiner,1624.0,3,97.89370602959355,4,79.5207061603966
yasu,0,4,A_steiner,1624.0,3,97.89370602959355,4,79.5207061603966
yasu,0,5,A_steiner,1624.0,3,97.89370602959355,4,79.5207061603966
yasu,0,6,B_incremental,1624.0,3,97.89370602959355,4,79.5207061603966
yasu,0,7,B_incremental,1624.0,3,111.60344806154576,4,79.5207061603966
yasu,0,8,B_incremental,1624.0,3,97.89370602959355,4,79.5207061603966
yasu,0,9,B_incremental,1624.0,3,97.89370602959355,4,79.5207061603966
yasu,0,10,B_incremental,1624.0,3,97.89370602959355,4,79.5207061603966
yasu,0,11,B_incremental,1624.0,3,97.89370602959355,4,79.5207061603966
yasu,1,0,A_steiner,492.0,3,66.88474748832049,4,91.7431477677249
yasu,1,1,A_steiner,492.0,3,66.88474748832049,4,91.7431477677249
yasu,1,2,A_steiner,492.0,3,66.88474748832049,4,91.7431477677249
yasu,1,3,A_steiner,492.0,3,66.88474748832049,4,91.7431477677249
yasu,1,4,A_steiner,492.0,3,66.88474748832049,4,91.7431477677249
yasu,1,5,A_steiner,492.0,3,66.88474748832049,4,91.7431477677249
yasu,1,6,B_incremental,492.0,3,66.88474748832049,4,91.7431477677249
yasu,1,7,B_incremental,492.0,3,66.88474748832049,4,91.7431477677249
yasu,1,8,B_incremental,492.0,3,66.88474748832049,4,91.7431477677249
yasu,1,9,B_incremental,492.0,3,66.88474748832049,4,91.7431477677249
yasu,1,10,B_incremental,492.0,3,66.88474748832049,4,91.7431477677249
yasu,1,11,B_incremental,492.0,3,66.88474748832049,4,91.7431477677249
yasu,2,0,A_steiner,2481.0,2,125.57342093374865,3,314.0554681259399
yasu,2,1,A_steiner,2481.0,2,125.57342093374865,3,314.0554681259399
yasu,2,2,A_steiner,2481.0,2,125.57342093374865,3,314.0554681259399
yasu,2,3,A_steiner,2481.0,2,125.57342093374865,3,314.0554681259399
yasu,2,4,A_steiner,2481.0,2,125.57342093374865,3,314.0554681259399
yasu,2,5,A_steiner,2481.0,2,125.57342093374865,3,314.0554681259399
yasu,2,6,B_incremental,2481.0,2,125.57342093374865,3,314.0554681259399
yasu,2,7,B_incremental,2481.0,2,125.57342093374865,3,314.0554681259399
yasu,2,8,B_incremental,2481.0,2,125.57342093374865,3,314.0554681259399
yasu,2,9,B_incremental,2481.0,2,125.57342093374865,3,314.0554681259399
yasu,2,10,B_incremental,2481.0,2,125.57342093374865,3,314.0554681259399
yasu,2,11,B_incremental,2481.0,2,125.57342093374865,3,314.0554681259399
yasu,4,0,A_steiner,1842.0,3,25.240979652869697,4,62.33168342159395
yasu,4,1,A_steiner,1842.0,3,25.240979652869697,4,62.33168342159395
yasu,4,2,A_steiner,1842.0,3,25.240979652869697,4,62.33168342159395
yasu,4,3,A_steiner,1842.0,3,25.240979652869697,4,62.33168342159395
yasu,4,4,A_steiner,1842.0,3,25.240979652869697,4,62.33168342159395
yasu,4,5,A_steiner,1842.0,3,25.240979652869697,4,62.33168342159395
yasu,4,6,B_incremental,1842.0,3,27.327411026380304,4,62.33168342159395
yasu,4,7,B_incremental,1842.0,3,27.622368612715412,4,62.33168342159395
yasu,4,8,B_incremental,1842.0,3,25.240979652869697,4,62.33168342159395
yasu,4,9,B_incremental,1842.0,3,27.327411026380304,4,62.33168342159395
yasu,4,10,B_incremental,1842.0,3,27.327411026380304,4,62.33168342159395
yasu,4,11,B_incremental,1842.0,3,25.240979652869697,4,62.33168342159395
yasu,6,0,A_steiner,260.0,1,48.98476284647667,2,233.11408412556608
yasu,6,1,A_steiner,260.0,1,48.98476284647667,2,233.11408412556608
yasu,6,2,A_steiner,260.0,1,48.98476284647667,2,233.11408412556608
yasu,6,3,A_steiner,260.0,1,48.98476284647667,2,233.11408412556608
yasu,6,4,A_steiner,260.0,1,48.98476284647667,2,233.11408412556608
yasu,6,5,A_steiner,260.0,1,48.98476284647667,2,233.11408412556608
yasu,6,6,B_incremental,260.0,1,48.98476284647667,2,233.11408412556608
yasu,6,7,B_incremental,260.0,1,48.98476284647667,2,233.11408412556608
yasu,6,8,B_incremental,260.0,1,48.98476284647667,2,233.11408412556608
yasu,6,9,B_incremental,260.0,1,48.98476284647667,2,233.11408412556608
yasu,6,10,B_incremental,260.0,1,48.98476284647667,2,233.11408412556608
yasu,6,11,B_incremental,260.0,1,48.98476284647667,2,233.11408412556608
yasu,8,0,A_steiner,1604.0,2,54.80494713379959,3,100.9890070339071
yasu,8,1,A_steiner,1604.0,2,54.80494713379959,3,100.9890070339071
yasu,8,2,A_steiner,1604.0,2,54.80494713379959,3,100.9890070339071
yasu,8,3,A_steiner,1604.0,2,54.80494713379959,3,100.9890070339071
yasu,8,4,A_steiner,1604.0,2,54.80494713379959,3,100.9890070339071
yasu,8,5,A_steiner,1604.0,2,54.80494713379959,3,100.9890070339071
yasu,8,6,B_incremental,1604.0,2,54.80494713379959,3,100.9890070339071
yasu,8,7,B_incremental,1604.0,2,54.80494713379959,3,100.9890070339071
yasu,8,8,B_incremental,1604.0,2,54.80494713379959,3,100.9890070339071
yasu,8,9,B_incremental,1604.0,2,54.80494713379959,3,100.9890070339071
yasu,8,10,B_incremental,1604.0,2,54.80494713379959,3,100.9890070339071
yasu,8,11,B_incremental,1604.0,2,54.80494713379959,3,100.9890070339071
yasu,9,0,A_steiner,1742.0,2,57.93861797954089,3,19.6232255326389
yasu,9,1,A_steiner,1742.0,2,57.93861797954089,3,19.6232255326389
yasu,9,2,A_steiner,1742.0,2,57.93861797954089,3,19.6232255326389
yasu,9,3,A_steiner,1742.0,2,57.93861797954089,3,19.6232255326389
yasu,9,4,A_steiner,1742.0,2,57.93861797954089,3,19.6232255326389
yasu,9,5,A_steiner,1742.0,2,57.93861797954089,3,19.6232255326389
yasu,9,6,B_incremental,1742.0,2,57.93861797954089,3,19.6232255326389
yasu,9,7,B_incremental,1742.0,2,57.93861797954089,3,19.6232255326389
yasu,9,8,B_incremental,1742.0,2,57.93861797954089,3,19.6232255326389
yasu,9,9,B_incremental,1742.0,2,57.93861797954089,3,19.6232255326389
yasu,9,10,B_incremental,1742.0,2,57.93861797954089,3,19.6232255326389
yasu,9,11,B_incremental,1742.0,2,57.93861797954089,3,19.6232255326389
yasu,10,0,A_steiner,1432.0,1,36.863983787820544,2,97.6503937708639
yasu,10,1,A_steiner,1432.0,1,36.863983787820544,2,97.6503937708639
yasu,10,2,A_steiner,1432.0,1,36.863983787820544,2,97.6503937708639
yasu,10,3,A_steiner,1432.0,1,36.863983787820544,2,97.6503937708639
yasu,10,4,A_steiner,1432.0,1,36.863983787820544,2,97.6503937708639
yasu,10,5,A_steiner,1432.0,1,36.863983787820544,2,97.6503937708639
yasu,10,6,B_incremental,1432.0,1,36.863983787820544,2,97.6503937708639
yasu,10,7,B_incremental,1432.0,1,36.863983787820544,2,97.6503937708639
yasu,10,8,B_incremental,1432.0,1,36.863983787820544,2,97.6503937708639
yasu,10,9,B_incremental,1432.0,1,36.863983787820544,2,97.6503937708639
yasu,10,10,B_incremental,1432.0,1,36.863983787820544,2,97.6503937708639
yasu,10,11,B_incremental,1432.0,1,36.863983787820544,2,97.6503937708639
yasu,12,0,A_steiner,574.0,3,285.7791123433248,2,37.34442310642473
yasu,12,1,A_steiner,574.0,3,285.7791123433248,2,37.34442310642473
yasu,12,2,A_steiner,574.0,3,285.7791123433248,2,37.34442310642473
yasu,12,3,A_steiner,574.0,3,285.7791123433248,2,37.34442310642473
yasu,12,4,A_steiner,574.0,3,285.7791123433248,2,37.34442310642473
yasu,12,5,A_steiner,574.0,3,285.7791123433248,2,37.34442310642473
yasu,12,6,B_incremental,574.0,3,285.7791123433248,2,37.34442310642473
yasu,12,7,B_incremental,574.0,3,285.7791123433248,2,37.34442310642473
yasu,12,8,B_incremental,574.0,3,285.7791123433248,2,37.34442310642473
yasu,12,9,B_incremental,574.0,3,285.7791123433248,2,37.34442310642473
yasu,12,10,B_incremental,574.0,3,285.7791123433248,2,37.34442310642473
yasu,12,11,B_incremental,574.0,3,285.7791123433248,2,37.34442310642473
yasu,13,0,A_steiner,259.0,2,149.85389044719395,3,147.20337860670827
yasu,13,1,A_steiner,259.0,2,149.85389044719395,3,147.20337860670827
yasu,13,2,A_steiner,259.0,2,149.85389044719395,3,147.20337860670827
yasu,13,3,A_steiner,259.0,2,149.85389044719395,3,147.20337860670827
yasu,13,4,A_steiner,259.0,2,149.85389044719395,3,147.20337860670827
yasu,13,5,A_steiner,259.0,2,149.85389044719395,3,147.20337860670827
yasu,13,6,B_incremental,259.0,2,149.85389044719395,3,147.20337860670827
yasu,13,7,B_incremental,259.0,2,149.85389044719395,3,147.20337860670827
yasu,13,8,B_incremental,259.0,2,149.85389044719395,3,147.20337860670827
yasu,13,9,B_incremental,259.0,2,149.85389044719395,3,147.20337860670827
yasu,13,10,B_incremental,259.0,2,149.85389044719395,3,147.20337860670827
yasu,13,11,B_incremental,259.0,2,149.85389044719395,3,147.20337860670827
yasu,14,0,A_steiner,352.0,1,69.62295644702662,2,57.22237014535802
yasu,14,1,A_steiner,352.0,1,69.62295644702662,2,57.22237014535802
yasu,14,2,A_steiner,352.0,1,69.62295644702662,2,57.22237014535802
yasu,14,3,A_steiner,352.0,1,69.62295644702662,2,57.22237014535802
yasu,14,4,A_steiner,352.0,1,69.62295644702662,2,57.22237014535802
yasu,14,5,A_steiner,352.0,1,69.62295644702662,2,57.22237014535802
yasu,14,6,B_incremental,352.0,1,69.62295644702662,2,57.22237014535802
yasu,14,7,B_incremental,352.0,1,69.62295644702662,2,57.22237014535802
yasu,14,8,B_incremental,352.0,1,69.62295644702662,2,57.22237014535802
yasu,14,9,B_incremental,352.0,1,69.62295644702662,2,57.22237014535802
yasu,14,10,B_incremental,352.0,1,69.62295644702662,2,57.22237014535802
yasu,14,11,B_incremental,352.0,1,69.62295644702662,2,57.22237014535802
yasu,15,0,A_steiner,1422.0,2,57.555027997787896,3,49.993344506637
yasu,15,1,A_steiner,1422.0,2,57.555027997787896,3,49.993344506637
yasu,15,2,A_steiner,1422.0,2,57.555027997787896,3,49.993344506637
yasu,15,3,A_steiner,1422.0,2,57.555027997787896,3,49.993344506637
yasu,15,4,A_steiner,1422.0,2,57.555027997787896,3,49.993344506637
yasu,15,5,A_steiner,1422.0,2,57.555027997787896,3,49.993344506637
yasu,15,6,B_incremental,1422.0,2,57.555027997787896,3,49.993344506637
yasu,15,7,B_incremental,1422.0,2,57.555027997787896,3,49.993344506637
yasu,15,8,B_incremental,1422.0,2,57.555027997787896,3,49.993344506637
yasu,15,9,B_incremental,1422.0,2,57.555027997787896,3,49.993344506637
yasu,15,10,B_incremental,1422.0,2,57.555027997787896,3,49.993344506637
yasu,15,11,B_incremental,1422.0,2,57.555027997787896,3,49.993344506637
yasu,16,0,A_steiner,365.0,5,257.1834490224645,4,187.79871326185338
yasu,16,1,A_steiner,365.0,5,257.1834490224645,4,187.79871326185338
yasu,16,2,A_steiner,365.0,5,257.1834490224645,4,187.79871326185338
yasu,16,3,A_steiner,365.0,5,257.1834490224645,4,187.79871326185338
yasu,16,4,A_steiner,365.0,5,257.1834490224645,4,187.79871326185338
yasu,16,5,A_steiner,365.0,5,257.1834490224645,4,187.79871326185338
yasu,16,6,B_incremental,365.0,6,311.25388645953586,4,187.79871326185338
yasu,16,7,B_incremental,365.0,6,311.25388645953586,4,187.79871326185338
yasu,16,8,B_incremental,365.0,5,257.1834490224645,4,187.79871326185338
yasu,16,9,B_incremental,365.0,6,311.25388645953586,4,187.79871326185338
yasu,16,10,B_incremental,365.0,6,311.25388645953586,4,187.79871326185338
yasu,16,11,B_incremental,365.0,5,257.1834490224645,4,187.79871326185338
yasu,17,0,A_steiner,1956.0,1,78.03091330087119,2,214.93507698551178
yasu,17,1,A_steiner,1956.0,1,78.03091330087119,2,214.93507698551178
yasu,17,2,A_steiner,1956.0,1,78.03091330087119,2,214.93507698551178
yasu,17,3,A_steiner,1956.0,1,78.03091330087119,2,214.93507698551178
yasu,17,4,A_steiner,1956.0,1,78.03091330087119,2,214.93507698551178
yasu,17,5,A_steiner,1956.0,1,78.03091330087119,2,214.93507698551178
yasu,17,6,B_incremental,1956.0,1,78.03091330087119,2,214.93507698551178
yasu,17,7,B_incremental,1956.0,1,78.03091330087119,2,214.93507698551178
yasu,17,8,B_incremental,1956.0,1,78.03091330087119,2,214.93507698551178
yasu,17,9,B_incremental,1956.0,1,78.03091330087119,2,214.93507698551178
yasu,17,10,B_incremental,1956.0,1,78.03091330087119,2,214.93507698551178
yasu,17,11,B_incremental,1956.0,1,78.03091330087119,2,214.93507698551178
yasu,18,0,A_steiner,2630.0,2,367.5690982010653,3,298.49803677093837
yasu,18,1,A_steiner,2630.0,2,367.5690982010653,3,298.49803677093837
yasu,18,2,A_steiner,2630.0,2,367.5690982010653,3,298.49803677093837
yasu,18,3,A_steiner,2630.0,2,367.5690982010653,3,298.49803677093837
yasu,18,4,A_steiner,2630.0,2,367.5690982010653,3,298.49803677093837
yasu,18,5,A_steiner,2630.0,2,367.5690982010653,3,298.49803677093837
yasu,18,6,B_incremental,2630.0,2,367.5690982010653,3,298.49803677093837
yasu,18,7,B_incremental,2630.0,2,367.5690982010653,3,298.49803677093837
yasu,18,8,B_incremental,2630.0,2,367.5690982010653,3,298.49803677093837
yasu,18,9,B_incremental,2630.0,2,367.5690982010653,3,298.49803677093837
yasu,18,10,B_incremental,2630.0,2,367.5690982010653,3,298.49803677093837
yasu,18,11,B_incremental,2630.0,2,367.5690982010653,3,298.49803677093837
yasu,20,0,A_steiner,1836.0,1,50.6660758609445,2,48.95561874735493
yasu,20,1,A_steiner,1836.0,1,50.6660758609445,2,48.95561874735493
yasu,20,2,A_steiner,1836.0,1,50.6660758609445,2,48.95561874735493
yasu,20,3,A_steiner,1836.0,1,50.6660758609445,2,48.95561874735493
yasu,20,4,A_steiner,1836.0,1,50.6660758609445,2,48.95561874735493
yasu,20,5,A_steiner,1836.0,1,50.6660758609445,2,48.95561874735493
yasu,20,6,B_incremental,1836.0,1,50.6660758609445,2,48.95561874735493
yasu,20,7,B_incremental,1836.0,1,50.6660758609445,2,48.95561874735493
yasu,20,8,B_incremental,1836.0,1,50.6660758609445,2,48.95561874735493
yasu,20,9,B_incremental,1836.0,1,50.6660758609445,2,48.95561874735493
yasu,20,10,B_incremental,1836.0,1,50.6660758609445,2,48.95561874735493
yasu,20,11,B_incremental,1836.0,1,50.6660758609445,2,48.95561874735493
yasu,21,0,A_steiner,564.0,2,191.3570897135809,3,107.21350051423111
yasu,21,1,A_steiner,564.0,2,191.3570897135809,3,107.21350051423111
yasu,21,2,A_steiner,564.0,2,191.3570897135809,3,107.21350051423111
yasu,21,3,A_steiner,564.0,2,191.3570897135809,3,107.21350051423111
yasu,21,4,A_steiner,564.0,2,191.3570897135809,3,107.21350051423111
yasu,21,5,A_steiner,564.0,2,191.3570897135809,3,107.21350051423111
yasu,21,6,B_incremental,564.0,2,191.3570897135809,3,107.21350051423111
yasu,21,7,B_incremental,564.0,2,191.3570897135809,3,107.21350051423111
yasu,21,8,B_incremental,564.0,2,191.3570897135809,3,107.21350051423111
yasu,21,9,B_incremental,564.0,2,191.3570897135809,3,107.21350051423111
yasu,21,10,B_incremental,564.0,2,191.3570897135809,3,107.21350051423111
yasu,21,11,B_incremental,564.0,2,191.3570897135809,3,107.21350051423111
yasu,22,0,A_steiner,467.0,3,123.04860394812584,4,140.47033604471503
yasu,22,1,A_steiner,467.0,3,123.04860394812584,4,140.47033604471503
yasu,22,2,A_steiner,467.0,3,123.04860394812584,4,140.47033604471503
yasu,22,3,A_steiner,467.0,3,123.04860394812584,4,140.47033604471503
yasu,22,4,A_steiner,467.0,3,123.04860394812584,4,140.47033604471503
yasu,22,5,A_steiner,467.0,3,123.04860394812584,4,140.47033604471503
yasu,22,6,B_incremental,467.0,3,123.04860394812584,4,140.47033604471503
yasu,22,7,B_incremental,467.0,3,123.04860394812584,4,140.47033604471503
yasu,22,8,B_incremental,467.0,4,159.14305386589365,4,140.47033604471503
yasu,22,9,B_incremental,467.0,3,123.04860394812584,4,140.47033604471503
yasu,22,10,B_incremental,467.0,3,123.04860394812584,4,140.47033604471503
yasu,22,11,B_incremental,467.0,4,159.14305386589365,4,140.47033604471503
yasu,23,0,A_steiner,1829.0,3,113.66475079836113,4,269.8681688289389
yasu,23,1,A_steiner,1829.0,3,113.66475079836113,4,269.8681688289389
yasu,23,2,A_steiner,1829.0,3,113.66475079836113,4,269.8681688289389
yasu,23,3,A_steiner,1829.0,3,113.66475079836113,4,269.8681688289389
yasu,23,4,A_steiner,1829.0,3,113.66475079836113,4,269.8681688289389
yasu,23,5,A_steiner,1829.0,3,113.66475079836113,4,269.8681688289389
yasu,23,6,B_incremental,1829.0,3,113.66475079836113,4,269.8681688289389
yasu,23,7,B_incremental,1829.0,3,113.66475079836113,4,269.8681688289389
yasu,23,8,B_incremental,1829.0,3,113.66475079836114,4,269.8681688289389
yasu,23,9,B_incremental,1829.0,3,113.66475079836114,4,269.8681688289389
yasu,23,10,B_incremental,1829.0,3,113.66475079836114,4,269.8681688289389
yasu,23,11,B_incremental,1829.0,3,113.66475079836113,4,269.8681688289389
yasu,24,0,A_steiner,373.0,1,31.423995335076928,2,170.3790368172793
yasu,24,1,A_steiner,373.0,1,31.423995335076928,2,170.3790368172793
yasu,24,2,A_steiner,373.0,1,31.423995335076928,2,170.3790368172793
yasu,24,3,A_steiner,373.0,1,31.423995335076928,2,170.3790368172793
yasu,24,4,A_steiner,373.0,1,31.423995335076928,2,170.3790368172793
yasu,24,5,A_steiner,373.0,1,31.423995335076928,2,170.3790368172793
yasu,24,6,B_incremental,373.0,1,31.423995335076928,2,170.3790368172793
yasu,24,7,B_incremental,373.0,1,31.423995335076928,2,170.3790368172793
yasu,24,8,B_incremental,373.0,1,31.423995335076928,2,170.3790368172793
yasu,24,9,B_incremental,373.0,1,31.423995335076928,2,170.3790368172793
yasu,24,10,B_incremental,373.0,1,31.423995335076928,2,170.3790368172793
yasu,24,11,B_incremental,373.0,1,31.423995335076928,2,170.3790368172793
yasu,25,0,A_steiner,323.0,4,225.51494196114749,3,133.48951837338635
yasu,25,1,A_steiner,323.0,4,225.51494196114749,3,133.48951837338635
yasu,25,2,A_steiner,323.0,4,225.51494196114749,3,133.48951837338635
yasu,25,3,A_steiner,323.0,4,225.51494196114749,3,133.48951837338635
yasu,25,4,A_steiner,323.0,4,225.51494196114749,3,133.48951837338635
yasu,25,5,A_steiner,323.0,4,225.51494196114749,3,133.48951837338635
yasu,25,6,B_incremental,323.0,4,225.51494196114749,3,133.48951837338635
yasu,25,7,B_incremental,323.0,4,225.51494196114749,3,133.48951837338635
yasu,25,8,B_incremental,323.0,4,225.51494196114749,3,133.48951837338635
yasu,25,9,B_incremental,323.0,4,225.51494196114749,3,133.48951837338635
yasu,25,10,B_incremental,323.0,4,225.51494196114749,3,133.48951837338635
yasu,25,11,B_incremental,323.0,4,225.51494196114749,3,133.48951837338635
yasu,26,0,A_steiner,1441.0,2,63.53888556723096,3,40.14569737357921
yasu,26,1,A_steiner,1441.0,2,63.53888556723096,3,40.14569737357921
yasu,26,2,A_steiner,1441.0,2,63.53888556723096,3,40.14569737357921
yasu,26,3,A_steiner,1441.0,2,63.53888556723096,3,40.14569737357921
yasu,26,4,A_steiner,1441.0,2,63.53888556723096,3,40.14569737357921
yasu,26,5,A_steiner,1441.0,2,63.53888556723096,3,40.14569737357921
yasu,26,6,B_incremental,1441.0,2,63.53888556723096,3,40.14569737357921
yasu,26,7,B_incremental,1441.0,2,63.53888556723096,3,40.14569737357921
yasu,26,8,B_incremental,1441.0,2,63.53888556723096,3,40.14569737357921
yasu,26,9,B_incremental,1441.0,2,63.53888556723096,3,40.14569737357921
yasu,26,10,B_incremental,1441.0,2,63.53888556723096,3,40.14569737357921
yasu,26,11,B_incremental,1441.0,2,63.53888556723096,3,40.14569737357921
yasu,29,0,A_steiner,449.0,3,143.3109921670157,2,65.3921517546118
yasu,29,1,A_steiner,449.0,3,143.3109921670157,2,65.3921517546118
yasu,29,2,A_steiner,449.0,3,143.3109921670157,2,65.3921517546118
yasu,29,3,A_steiner,449.0,3,143.3109921670157,2,65.3921517546118
yasu,29,4,A_steiner,449.0,3,143.3109921670157,2,65.3921517546118
yasu,29,5,A_steiner,449.0,3,143.3109921670157,2,65.3921517546118
yasu,29,6,B_incremental,449.0,3,143.3109921670157,2,65.3921517546118
yasu,29,7,B_incremental,449.0,3,143.3109921670157,2,65.3921517546118
yasu,29,8,B_incremental,449.0,3,143.3109921670157,2,65.3921517546118
yasu,29,9,B_incremental,449.0,3,143.3109921670157,2,65.3921517546118
yasu,29,10,B_incremental,449.0,3,143.3109921670157,2,65.3921517546118
yasu,29,11,B_incremental,449.0,3,143.3109921670157,2,65.3921517546118
yasu,30,0,A_steiner,1424.0,3,130.73171426469037,4,181.91016981804924
yasu,30,1,A_steiner,1424.0,3,130.73171426469037,4,181.91016981804924
yasu,30,2,A_steiner,1424.0,3,130.73171426469037,4,181.91016981804924
yasu,30,3,A_steiner,1424.0,3,130.73171426469037,4,181.91016981804924
yasu,30,4,A_steiner,1424.0,3,130.73171426469037,4,181.91016981804924
yasu,30,5,A_steiner,1424.0,3,130.73171426469037,4,181.91016981804924
yasu,30,6,B_incremental,1424.0,3,130.73171426469037,4,181.91016981804924
yasu,30,7,B_incremental,1424.0,3,130.73171426469037,4,181.91016981804924
yasu,30,8,B_incremental,1424.0,3,130.73171426469037,4,181.91016981804924
yasu,30,9,B_incremental,1424.0,3,130.73171426469037,4,181.91016981804924
yasu,30,10,B_incremental,1424.0,3,130.73171426469037,4,181.91016981804924
yasu,30,11,B_incremental,1424.0,3,130.73171426469037,4,181.91016981804924
yasu,31,0,A_steiner,499.0,1,52.72779839571263,2,113.56204334237945
yasu,31,1,A_steiner,499.0,1,52.72779839571263,2,113.56204334237945
yasu,31,2,A_steiner,499.0,1,52.72779839571263,2,113.56204334237945
yasu,31,3,A_steiner,499.0,1,52.72779839571263,2,113.56204334237945
yasu,31,4,A_steiner,499.0,1,52.72779839571263,2,113.56204334237945
yasu,31,5,A_steiner,499.0,1,52.72779839571263,2,113.56204334237945
yasu,31,6,B_incremental,499.0,1,52.72779839571263,2,113.56204334237945
yasu,31,7,B_incremental,499.0,1,52.72779839571263,2,113.56204334237945
yasu,31,8,B_incremental,499.0,1,52.72779839571263,2,113.56204334237945
yasu,31,9,B_incremental,499.0,1,52.72779839571263,2,113.56204334237945
yasu,31,10,B_incremental,499.0,1,52.72779839571263,2,113.56204334237945
yasu,31,11,B_incremental,499.0,1,52.72779839571263,2,113.56204334237945
yasu,33,0,A_steiner,1707.0,7,609.9784456812438,3,127.59020056106608
yasu,33,1,A_steiner,1707.0,7,609.9784456812438,3,127.59020056106608
yasu,33,2,A_steiner,1707.0,7,609.9784456812438,3,127.59020056106608
yasu,33,3,A_steiner,1707.0,7,609.9784456812438,3,127.59020056106608
yasu,33,4,A_steiner,1707.0,7,609.9784456812438,3,127.59020056106608
yasu,33,5,A_steiner,1707.0,7,609.9784456812438,3,127.59020056106608
yasu,33,6,B_incremental,1707.0,7,609.9784456812438,3,127.59020056106608
yasu,33,7,B_incremental,1707.0,7,609.9784456812438,3,127.59020056106608
yasu,33,8,B_incremental,1707.0,7,609.9784456812438,3,127.59020056106608
yasu,33,9,B_incremental,1707.0,6,513.6980877197597,3,127.59020056106608
yasu,33,10,B_incremental,1707.0,7,609.9784456812438,3,127.59020056106608
yasu,33,11,B_incremental,1707.0,6,513.6980877197597,3,127.59020056106608
yasu,34,0,A_steiner,1753.0,1,100.87300748389193,2,190.32954451415162
yasu,34,1,A_steiner,1753.0,1,100.87300748389193,2,190.32954451415162
yasu,34,2,A_steiner,1753.0,1,100.87300748389193,2,190.32954451415162
yasu,34,3,A_steiner,1753.0,1,100.87300748389193,2,190.32954451415162
yasu,34,4,A_steiner,1753.0,1,100.87300748389193,2,190.32954451415162
yasu,34,5,A_steiner,1753.0,1,100.87300748389193,2,190.32954451415162
yasu,34,6,B_incremental,1753.0,1,100.87300748389193,2,190.32954451415162
yasu,34,7,B_incremental,1753.0,1,100.87300748389193,2,190.32954451415162
yasu,34,8,B_incremental,1753.0,1,100.87300748389193,2,190.32954451415162
yasu,34,9,B_incremental,1753.0,1,100.87300748389193,2,190.32954451415162
yasu,34,10,B_incremental,1753.0,1,100.87300748389193,2,190.32954451415162
yasu,34,11,B_incremental,1753.0,1,100.87300748389193,2,190.32954451415162
yasu,35,0,A_steiner,1839.0,2,116.01261056503735,3,304.3915327432913
yasu,35,1,A_steiner,1839.0,2,116.01261056503735,3,304.3915327432913
yasu,35,2,A_steiner,1839.0,2,116.01261056503735,3,304.3915327432913
yasu,35,3,A_steiner,1839.0,2,116.01261056503735,3,304.3915327432913
yasu,35,4,A_steiner,1839.0,2,116.01261056503735,3,304.3915327432913
yasu,35,5,A_steiner,1839.0,2,116.01261056503735,3,304.3915327432913
yasu,35,6,B_incremental,1839.0,2,116.01261056503735,3,304.3915327432913
yasu,35,7,B_incremental,1839.0,2,116.01261056503735,3,304.3915327432913
yasu,35,8,B_incremental,1839.0,2,116.01261056503735,3,304.3915327432913
yasu,35,9,B_incremental,1839.0,2,116.01261056503735,3,304.3915327432913
yasu,35,10,B_incremental,1839.0,2,116.01261056503735,3,304.3915327432913
yasu,35,11,B_incremental,1839.0,2,116.01261056503735,3,304.3915327432913
yasu,37,0,A_steiner,1657.0,1,26.763980462998013,2,43.85887593323037
yasu,37,1,A_steiner,1657.0,1,26.763980462998013,2,43.85887593323037
yasu,37,2,A_steiner,1657.0,1,26.763980462998013,2,43.85887593323037
yasu,37,3,A_steiner,1657.0,1,26.763980462998013,2,43.85887593323037
yasu,37,4,A_steiner,1657.0,1,26.763980462998013,2,43.85887593323037
yasu,37,5,A_steiner,1657.0,1,26.763980462998013,2,43.85887593323037
yasu,37,6,B_incremental,1657.0,1,26.763980462998013,2,43.85887593323037
yasu,37,7,B_incremental,1657.0,1,26.763980462998013,2,43.85887593323037
yasu,37,8,B_incremental,1657.0,1,26.763980462998013,2,43.85887593323037
yasu,37,9,B_incremental,1657.0,1,26.763980462998013,2,43.85887593323037
yasu,37,10,B_incremental,1657.0,1,26.763980462998013,2,43.85887593323037
yasu,37,11,B_incremental,1657.0,1,26.763980462998013,2,43.85887593323037
yasu,38,0,A_steiner,1651.0,1,27.514595260917044,2,62.05360955388832
yasu,38,1,A_steiner,1651.0,1,27.514595260917044,2,62.05360955388832
yasu,38,2,A_steiner,1651.0,1,27.514595260917044,2,62.05360955388832
yasu,38,3,A_steiner,1651.0,1,27.514595260917044,2,62.05360955388832
yasu,38,4,A_steiner,1651.0,1,27.514595260917044,2,62.05360955388832
yasu,38,5,A_steiner,1651.0,1,27.514595260917044,2,62.05360955388832
yasu,38,6,B_incremental,1651.0,1,27.514595260917044,2,62.05360955388832
yasu,38,7,B_incremental,1651.0,1,27.514595260917044,2,62.05360955388832
yasu,38,8,B_incremental,1651.0,1,27.514595260917044,2,62.05360955388832
yasu,38,9,B_incremental,1651.0,1,27.514595260917044,2,62.05360955388832
yasu,38,10,B_incremental,1651.0,1,27.514595260917044,2,62.05360955388832
yasu,38,11,B_incremental,1651.0,1,27.514595260917044,2,62.05360955388832
yasu,39,0,A_steiner,366.0,1,15.35691216510937,2,45.35069598376068
yasu,39,1,A_steiner,366.0,1,15.35691216510937,2,45.35069598376068
yasu,39,2,A_steiner,366.0,1,15.35691216510937,2,45.35069598376068
yasu,39,3,A_steiner,366.0,1,15.35691216510937,2,45.35069598376068
yasu,39,4,A_steiner,366.0,1,15.35691216510937,2,45.35069598376068
yasu,39,5,A_steiner,366.0,1,15.35691216510937,2,45.35069598376068
yasu,39,6,B_incremental,366.0,1,15.35691216510937,2,45.35069598376068
yasu,39,7,B_incremental,366.0,1,15.35691216510937,2,45.35069598376068
yasu,39,8,B_incremental,366.0,1,15.35691216510937,2,45.35069598376068
yasu,39,9,B_incremental,366.0,1,15.35691216510937,2,45.35069598376068
yasu,39,10,B_incremental,366.0,1,15.35691216510937,2,45.35069598376068
yasu,39,11,B_incremental,366.0,1,15.35691216510937,2,45.35069598376068
yasu,40,0,A_steiner,2045.0,1,22.44473267083661,2,23.619809169549548
yasu,40,1,A_steiner,2045.0,1,22.44473267083661,2,23.619809169549548
yasu,40,2,A_steiner,2045.0,1,22.44473267083661,2,23.619809169549548
yasu,40,3,A_steiner,2045.0,1,22.44473267083661,2,23.619809169549548
yasu,40,4,A_steiner,2045.0,1,22.44473267083661,2,23.619809169549548
yasu,40,5,A_steiner,2045.0,1,22.44473267083661,2,23.619809169549548
yasu,40,6,B_incremental,2045.0,1,22.44473267083661,2,23.619809169549548
yasu,40,7,B_incremental,2045.0,1,22.44473267083661,2,23.619809169549548
yasu,40,8,B_incremental,2045.0,1,22.44473267083661,2,23.619809169549548
yasu,40,9,B_incremental,2045.0,1,22.44473267083661,2,23.619809169549548
yasu,40,10,B_incremental,2045.0,1,22.44473267083661,2,23.619809169549548
yasu,40,11,B_incremental,2045.0,1,22.44473267083661,2,23.619809169549548
yasu,45,0,A_steiner,2488.0,4,227.93767735864554,4,255.60996570193197
yasu,45,1,A_steiner,2488.0,4,227.93767735864554,4,255.60996570193197
yasu,45,2,A_steiner,2488.0,4,227.93767735864554,4,255.60996570193197
yasu,45,3,A_steiner,2488.0,4,227.93767735864554,4,255.60996570193197
yasu,45,4,A_steiner,2488.0,4,227.93767735864554,4,255.60996570193197
yasu,45,5,A_steiner,2488.0,4,227.93767735864554,4,255.60996570193197
yasu,45,6,B_incremental,2488.0,4,227.93767735864554,4,255.60996570193197
yasu,45,7,B_incremental,2488.0,4,227.93767735864552,4,255.60996570193197
yasu,45,8,B_incremental,2488.0,4,227.93767735864554,4,255.60996570193197
yasu,45,9,B_incremental,2488.0,4,227.93767735864554,4,255.60996570193197
yasu,45,10,B_incremental,2488.0,4,227.93767735864552,4,255.60996570193197
yasu,45,11,B_incremental,2488.0,4,227.93767735864554,4,255.60996570193197
yasu,46,0,A_steiner,1706.0,3,158.2073586027277,2,100.4764402201582
yasu,46,1,A_steiner,1706.0,3,158.2073586027277,2,100.4764402201582
yasu,46,2,A_steiner,1706.0,3,158.2073586027277,2,100.4764402201582
yasu,46,3,A_steiner,1706.0,3,158.2073586027277,2,100.4764402201582
yasu,46,4,A_steiner,1706.0,3,158.2073586027277,2,100.4764402201582
yasu,46,5,A_steiner,1706.0,3,158.2073586027277,2,100.4764402201582
yasu,46,6,B_incremental,1706.0,3,158.2073586027277,2,100.4764402201582
yasu,46,7,B_incremental,1706.0,3,158.2073586027277,2,100.4764402201582
yasu,46,8,B_incremental,1706.0,3,158.2073586027277,2,100.4764402201582
yasu,46,9,B_incremental,1706.0,3,158.2073586027277,2,100.4764402201582
yasu,46,10,B_incremental,1706.0,3,158.2073586027277,2,100.4764402201582
yasu,46,11,B_incremental,1706.0,3,158.2073586027277,2,100.4764402201582
yasu,49,0,A_steiner,1642.0,1,23.81103290094744,2,53.08866526209548
yasu,49,1,A_steiner,1642.0,1,23.81103290094744,2,53.08866526209548
yasu,49,2,A_steiner,1642.0,1,23.81103290094744,2,53.08866526209548
yasu,49,3,A_steiner,1642.0,1,23.81103290094744,2,53.08866526209548
yasu,49,4,A_steiner,1642.0,1,23.81103290094744,2,53.08866526209548
yasu,49,5,A_steiner,1642.0,1,23.81103290094744,2,53.08866526209548
yasu,49,6,B_incremental,1642.0,1,23.81103290094744,2,53.08866526209548
yasu,49,7,B_incremental,1642.0,1,23.81103290094744,2,53.08866526209548
yasu,49,8,B_incremental,1642.0,1,23.81103290094744,2,53.08866526209548
yasu,49,9,B_incremental,1642.0,1,23.81103290094744,2,53.08866526209548
yasu,49,10,B_incremental,1642.0,1,23.81103290094744,2,53.08866526209548
yasu,49,11,B_incremental,1642.0,1,23.81103290094744,2,53.08866526209548
yasu,52,0,A_steiner,550.0,5,185.98010836413044,6,323.1102777352469
yasu,52,1,A_steiner,550.0,5,185.98010836413044,6,323.1102777352469
yasu,52,2,A_steiner,550.0,5,185.98010836413044,6,323.1102777352469
yasu,52,3,A_steiner,550.0,5,185.98010836413044,6,323.1102777352469
yasu,52,4,A_steiner,550.0,5,185.98010836413044,6,323.1102777352469
yasu,52,5,A_steiner,550.0,5,185.98010836413044,6,323.1102777352469
yasu,52,6,B_incremental,550.0,5,185.98010836413044,6,323.1102777352469
yasu,52,7,B_incremental,550.0,5,185.98010836413047,6,323.1102777352469
yasu,52,8,B_incremental,550.0,5,185.98010836413044,6,323.1102777352469
yasu,52,9,B_incremental,550.0,5,185.98010836413047,6,323.1102777352469
yasu,52,10,B_incremental,550.0,5,185.98010836413044,6,323.1102777352469
yasu,52,11,B_incremental,550.0,5,185.98010836413047,6,323.1102777352469
yasu,53,0,A_steiner,496.0,2,53.18808439339914,3,67.8288515622624
yasu,53,1,A_steiner,496.0,2,53.18808439339914,3,67.8288515622624
yasu,53,2,A_steiner,496.0,2,53.18808439339914,3,67.8288515622624
yasu,53,3,A_steiner,496.0,2,53.18808439339914,3,67.8288515622624
yasu,53,4,A_steiner,496.0,2,53.18808439339914,3,67.8288515622624
yasu,53,5,A_steiner,496.0,2,53.18808439339914,3,67.8288515622624
yasu,53,6,B_incremental,496.0,2,53.18808439339914,3,67.8288515622624
yasu,53,7,B_incremental,496.0,2,53.18808439339914,3,67.8288515622624
yasu,53,8,B_incremental,496.0,2,53.18808439339914,3,67.8288515622624
yasu,53,9,B_incremental,496.0,2,53.18808439339914,3,67.8288515622624
yasu,53,10,B_incremental,496.0,2,53.18808439339914,3,67.8288515622624
yasu,53,11,B_incremental,496.0,2,53.18808439339914,3,67.8288515622624
yasu,54,0,A_steiner,2047.0,3,215.87714535877953,4,29.957449021362276
yasu,54,1,A_steiner,2047.0,3,215.87714535877953,4,29.957449021362276
yasu,54,2,A_steiner,2047.0,3,215.87714535877953,4,29.957449021362276
yasu,54,3,A_steiner,2047.0,3,215.87714535877953,4,29.957449021362276
yasu,54,4,A_steiner,2047.0,3,215.87714535877953,4,29.957449021362276
yasu,54,5,A_steiner,2047.0,3,215.87714535877953,4,29.957449021362276
yasu,54,6,B_incremental,2047.0,3,215.87714535877953,4,29.957449021362276
yasu,54,7,B_incremental,2047.0,3,215.87714535877956,4,29.957449021362276
yasu,54,8,B_incremental,2047.0,3,215.87714535877956,4,29.957449021362276
yasu,54,9,B_incremental,2047.0,3,215.87714535877956,4,29.957449021362276
yasu,54,10,B_incremental,2047.0,3,215.87714535877956,4,29.957449021362276
yasu,54,11,B_incremental,2047.0,3,215.87714535877953,4,29.957449021362276
yasu,55,0,A_steiner,1723.0,3,125.40803523092453,4,104.7808888197105
yasu,55,1,A_steiner,1723.0,3,125.40803523092453,4,104.7808888197105
yasu,55,2,A_steiner,1723.0,3,125.40803523092453,4,104.7808888197105
yasu,55,3,A_steiner,1723.0,3,125.40803523092453,4,104.7808888197105
yasu,55,4,A_steiner,1723.0,3,125.40803523092453,4,104.7808888197105
yasu,55,5,A_steiner,1723.0,3,125.40803523092453,4,104.7808888197105
yasu,55,6,B_incremental,1723.0,3,125.40803523092453,4,104.7808888197105
yasu,55,7,B_incremental,1723.0,3,125.40803523092453,4,104.7808888197105
yasu,55,8,B_incremental,1723.0,3,125.40803523092453,4,104.7808888197105
yasu,55,9,B_incremental,1723.0,3,125.40803523092453,4,104.7808888197105
yasu,55,10,B_incremental,1723.0,3,125.40803523092453,4,104.7808888197105
yasu,55,11,B_incremental,1723.0,3,125.40803523092453,4,104.7808888197105
yasu,56,0,A_steiner,443.0,1,5.618898848458597,2,37.949113441787276
yasu,56,1,A_steiner,443.0,1,5.618898848458597,2,37.949113441787276
yasu,56,2,A_steiner,443.0,1,5.618898848458597,2,37.949113441787276
yasu,56,3,A_steiner,443.0,1,5.618898848458597,2,37.949113441787276
yasu,56,4,A_steiner,443.0,1,5.618898848458597,2,37.949113441787276
yasu,56,5,A_steiner,443.0,1,5.618898848458597,2,37.949113441787276
yasu,56,6,B_incremental,443.0,1,5.618898848458597,2,37.949113441787276
yasu,56,7,B_incremental,443.0,1,5.618898848458597,2,37.949113441787276
yasu,56,8,B_incremental,443.0,1,5.618898848458597,2,37.949113441787276
yasu,56,9,B_incremental,443.0,1,5.618898848458597,2,37.949113441787276
yasu,56,10,B_incremental,443.0,1,5.618898848458597,2,37.949113441787276
yasu,56,11,B_incremental,443.0,1,5.618898848458597,2,37.949113441787276
yasu,57,0,A_steiner,454.0,1,32.50868125284381,2,103.57825791607846
yasu,57,1,A_steiner,454.0,1,32.50868125284381,2,103.57825791607846
yasu,57,2,A_steiner,454.0,1,32.50868125284381,2,103.57825791607846
yasu,57,3,A_steiner,454.0,1,32.50868125284381,2,103.57825791607846
yasu,57,4,A_steiner,454.0,1,32.50868125284381,2,103.57825791607846
yasu,57,5,A_steiner,454.0,1,32.50868125284381,2,103.57825791607846
yasu,57,6,B_incremental,454.0,1,32.50868125284381,2,103.57825791607846
yasu,57,7,B_incremental,454.0,1,32.50868125284381,2,103.57825791607846
yasu,57,8,B_incremental,454.0,1,32.50868125284381,2,103.57825791607846
yasu,57,9,B_incremental,454.0,1,32.50868125284381,2,103.57825791607846
yasu,57,10,B_incremental,454.0,1,32.50868125284381,2,103.57825791607846
yasu,57,11,B_incremental,454.0,1,32.50868125284381,2,103.57825791607846
yasu,58,0,A_steiner,1602.0,1,27.64602121426608,2,53.35618734724611
yasu,58,1,A_steiner,1602.0,1,27.64602121426608,2,53.35618734724611
yasu,58,2,A_steiner,1602.0,1,27.64602121426608,2,53.35618734724611
yasu,58,3,A_steiner,1602.0,1,27.64602121426608,2,53.35618734724611
yasu,58,4,A_steiner,1602.0,1,27.64602121426608,2,53.35618734724611
yasu,58,5,A_steiner,1602.0,1,27.64602121426608,2,53.35618734724611
yasu,58,6,B_incremental,1602.0,1,27.64602121426608,2,53.35618734724611
yasu,58,7,B_incremental,1602.0,1,27.64602121426608,2,53.35618734724611
yasu,58,8,B_incremental,1602.0,1,27.64602121426608,2,53.35618734724611
yasu,58,9,B_incremental,1602.0,1,27.64602121426608,2,53.35618734724611
yasu,58,10,B_incremental,1602.0,1,27.64602121426608,2,53.35618734724611
yasu,58,11,B_incremental,1602.0,1,27.64602121426608,2,53.35618734724611
yasu,59,0,A_steiner,2013.0,3,221.5692323435288,4,108.07872142588656
yasu,59,1,A_steiner,2013.0,3,221.5692323435288,4,108.07872142588656
yasu,59,2,A_steiner,2013.0,3,221.5692323435288,4,108.07872142588656
yasu,59,3,A_steiner,2013.0,3,221.5692323435288,4,108.07872142588656
yasu,59,4,A_steiner,2013.0,3,221.5692323435288,4,108.07872142588656
yasu,59,5,A_steiner,2013.0,3,221.5692323435288,4,108.07872142588656
yasu,59,6,B_incremental,2013.0,3,221.5692323435288,4,108.07872142588656
yasu,59,7,B_incremental,2013.0,3,221.5692323435288,4,108.07872142588656
yasu,59,8,B_incremental,2013.0,3,221.5692323435288,4,108.07872142588656
yasu,59,9,B_incremental,2013.0,3,221.5692323435288,4,108.07872142588656
yasu,59,10,B_incremental,2013.0,3,221.5692323435288,4,108.07872142588656
yasu,59,11,B_incremental,2013.0,3,221.5692323435288,4,108.07872142588656
yasu,61,0,A_steiner,1435.0,1,36.29131978358248,2,93.83065166353805
yasu,61,1,A_steiner,1435.0,1,36.29131978358248,2,93.83065166353805
yasu,61,2,A_steiner,1435.0,1,36.29131978358248,2,93.83065166353805
yasu,61,3,A_steiner,1435.0,1,36.29131978358248,2,93.83065166353805
yasu,61,4,A_steiner,1435.0,1,36.29131978358248,2,93.83065166353805
yasu,61,5,A_steiner,1435.0,1,36.29131978358248,2,93.83065166353805
yasu,61,6,B_incremental,1435.0,1,36.29131978358248,2,93.83065166353805
yasu,61,7,B_incremental,1435.0,1,36.29131978358248,2,93.83065166353805
yasu,61,8,B_incremental,1435.0,1,36.29131978358248,2,93.83065166353805
yasu,61,9,B_incremental,1435.0,1,36.29131978358248,2,93.83065166353805
yasu,61,10,B_incremental,1435.0,1,36.29131978358248,2,93.83065166353805
yasu,61,11,B_incremental,1435.0,1,36.29131978358248,2,93.83065166353805
yasu,62,0,A_steiner,1618.0,2,52.74949620779469,3,34.52483143894209
yasu,62,1,A_steiner,1618.0,2,52.74949620779469,3,34.52483143894209
yasu,62,2,A_steiner,1618.0,2,52.74949620779469,3,34.52483143894209
yasu,62,3,A_steiner,1618.0,2,52.74949620779469,3,34.52483143894209
yasu,62,4,A_steiner,1618.0,2,52.74949620779469,3,34.52483143894209
yasu,62,5,A_steiner,1618.0,2,52.74949620779469,3,34.52483143894209
yasu,62,6,B_incremental,1618.0,2,52.74949620779469,3,34.52483143894209
yasu,62,7,B_incremental,1618.0,2,52.74949620779469,3,34.52483143894209
yasu,62,8,B_incremental,1618.0,2,52.74949620779469,3,34.52483143894209
yasu,62,9,B_incremental,1618.0,2,52.74949620779469,3,34.52483143894209
yasu,62,10,B_incremental,1618.0,2,52.74949620779469,3,34.52483143894209
yasu,62,11,B_incremental,1618.0,2,52.74949620779469,3,34.52483143894209
yasu,65,0,A_steiner,1645.0,3,87.19438995452134,4,57.125982560720765
yasu,65,1,A_steiner,1645.0,3,87.19438995452134,4,57.125982560720765
yasu,65,2,A_steiner,1645.0,3,87.19438995452134,4,57.125982560720765
yasu,65,3,A_steiner,1645.0,3,87.19438995452134,4,57.125982560720765
yasu,65,4,A_steiner,1645.0,3,87.19438995452134,4,57.125982560720765
yasu,65,5,A_steiner,1645.0,3,87.19438995452134,4,57.125982560720765
yasu,65,6,B_incremental,1645.0,3,87.19438995452134,4,57.125982560720765
yasu,65,7,B_incremental,1645.0,3,87.19438995452134,4,57.125982560720765
yasu,65,8,B_incremental,1645.0,3,87.19438995452134,4,57.125982560720765
yasu,65,9,B_incremental,1645.0,3,87.19438995452134,4,57.125982560720765
yasu,65,10,B_incremental,1645.0,3,87.19438995452134,4,57.125982560720765
yasu,65,11,B_incremental,1645.0,3,87.19438995452134,4,57.125982560720765
yasu,66,0,A_steiner,1442.0,1,33.72488148763236,2,59.927866063575486
yasu,66,1,A_steiner,1442.0,1,33.72488148763236,2,59.927866063575486
yasu,66,2,A_steiner,1442.0,1,33.72488148763236,2,59.927866063575486
yasu,66,3,A_steiner,1442.0,1,33.72488148763236,2,59.927866063575486
yasu,66,4,A_steiner,1442.0,1,33.72488148763236,2,59.927866063575486
yasu,66,5,A_steiner,1442.0,1,33.72488148763236,2,59.927866063575486
yasu,66,6,B_incremental,1442.0,1,33.72488148763236,2,59.927866063575486
yasu,66,7,B_incremental,1442.0,1,33.72488148763236,2,59.927866063575486
yasu,66,8,B_incremental,1442.0,1,33.72488148763236,2,59.927866063575486
yasu,66,9,B_incremental,1442.0,1,33.72488148763236,2,59.927866063575486
yasu,66,10,B_incremental,1442.0,1,33.72488148763236,2,59.927866063575486
yasu,66,11,B_incremental,1442.0,1,33.72488148763236,2,59.927866063575486
yasu,67,0,A_steiner,1763.0,2,52.58836632731706,3,113.36177079851478
yasu,67,1,A_steiner,1763.0,2,52.58836632731706,3,113.36177079851478
yasu,67,2,A_steiner,1763.0,2,52.58836632731706,3,113.36177079851478
yasu,67,3,A_steiner,1763.0,2,52.58836632731706,3,113.36177079851478
yasu,67,4,A_steiner,1763.0,2,52.58836632731706,3,113.36177079851478
yasu,67,5,A_steiner,1763.0,2,52.58836632731706,3,113.36177079851478
yasu,67,6,B_incremental,1763.0,2,52.58836632731706,3,113.36177079851478
yasu,67,7,B_incremental,1763.0,2,52.58836632731706,3,113.36177079851478
yasu,67,8,B_incremental,1763.0,2,52.58836632731706,3,113.36177079851478
yasu,67,9,B_incremental,1763.0,2,52.58836632731706,3,113.36177079851478
yasu,67,10,B_incremental,1763.0,2,52.58836632731706,3,113.36177079851478
yasu,67,11,B_incremental,1763.0,2,52.58836632731706,3,113.36177079851478
yasu,68,0,A_steiner,1724.0,3,138.78057487936357,2,68.09016558125171
yasu,68,1,A_steiner,1724.0,3,138.78057487936357,2,68.09016558125171
yasu,68,2,A_steiner,1724.0,3,138.78057487936357,2,68.09016558125171
yasu,68,3,A_steiner,1724.0,3,138.78057487936357,2,68.09016558125171
yasu,68,4,A_steiner,1724.0,3,138.78057487936357,2,68.09016558125171
yasu,68,5,A_steiner,1724.0,3,138.78057487936357,2,68.09016558125171
yasu,68,6,B_incremental,1724.0,3,138.78057487936357,2,68.09016558125171
yasu,68,7,B_incremental,1724.0,3,138.78057487936357,2,68.09016558125171
yasu,68,8,B_incremental,1724.0,3,138.78057487936357,2,68.09016558125171
yasu,68,9,B_incremental,1724.0,3,138.78057487936357,2,68.09016558125171
yasu,68,10,B_incremental,1724.0,3,138.78057487936357,2,68.09016558125171
yasu,68,11,B_incremental,1724.0,3,138.78057487936357,2,68.09016558125171
yasu,70,0,A_steiner,493.0,1,34.941432233945015,2,81.41243104051644
yasu,70,1,A_steiner,493.0,1,34.941432233945015,2,81.41243104051644
yasu,70,2,A_steiner,493.0,1,34.941432233945015,2,81.41243104051644
yasu,70,3,A_steiner,493.0,1,34.941432233945015,2,81.41243104051644
yasu,70,4,A_steiner,493.0,1,34.941432233945015,2,81.41243104051644
yasu,70,5,A_steiner,493.0,1,34.941432233945015,2,81.41243104051644
yasu,70,6,B_incremental,493.0,1,34.941432233945015,2,81.41243104051644
yasu,70,7,B_incremental,493.0,1,34.941432233945015,2,81.41243104051644
yasu,70,8,B_incremental,493.0,1,34.941432233945015,2,81.41243104051644
yasu,70,9,B_incremental,493.0,1,34.941432233945015,2,81.41243104051644
yasu,70,10,B_incremental,493.0,1,34.941432233945015,2,81.41243104051644
yasu,70,11,B_incremental,493.0,1,34.941432233945015,2,81.41243104051644
yasu,71,0,A_steiner,390.0,1,29.71234632726084,2,52.294122337453544
yasu,71,1,A_steiner,390.0,1,29.71234632726084,2,52.294122337453544
yasu,71,2,A_steiner,390.0,1,29.71234632726084,2,52.294122337453544
yasu,71,3,A_steiner,390.0,1,29.71234632726084,2,52.294122337453544
yasu,71,4,A_steiner,390.0,1,29.71234632726084,2,52.294122337453544
yasu,71,5,A_steiner,390.0,1,29.71234632726084,2,52.294122337453544
yasu,71,6,B_incremental,390.0,1,29.71234632726084,2,52.294122337453544
yasu,71,7,B_incremental,390.0,1,29.71234632726084,2,52.294122337453544
yasu,71,8,B_incremental,390.0,1,29.71234632726084,2,52.294122337453544
yasu,71,9,B_incremental,390.0,1,29.71234632726084,2,52.294122337453544
yasu,71,10,B_incremental,390.0,1,29.71234632726084,2,52.294122337453544
yasu,71,11,B_incremental,390.0,1,29.71234632726084,2,52.294122337453544
yasu,72,0,A_steiner,1428.0,1,38.288035191438624,2,97.56576651985509
yasu,72,1,A_steiner,1428.0,1,38.288035191438624,2,97.56576651985509
yasu,72,2,A_steiner,1428.0,1,38.288035191438624,2,97.56576651985509
yasu,72,3,A_steiner,1428.0,1,38.288035191438624,2,97.56576651985509
yasu,72,4,A_steiner,1428.0,1,38.288035191438624,2,97.56576651985509
yasu,72,5,A_steiner,1428.0,1,38.288035191438624,2,97.56576651985509
yasu,72,6,B_incremental,1428.0,1,38.288035191438624,2,97.56576651985509
yasu,72,7,B_incremental,1428.0,1,38.288035191438624,2,97.56576651985509
yasu,72,8,B_incremental,1428.0,1,38.288035191438624,2,97.56576651985509
yasu,72,9,B_incremental,1428.0,1,38.288035191438624,2,97.56576651985509
yasu,72,10,B_incremental,1428.0,1,38.288035191438624,2,97.56576651985509
yasu,72,11,B_incremental,1428.0,1,38.288035191438624,2,97.56576651985509
yasu,76,0,A_steiner,382.0,3,156.89995164621357,2,197.69758921851675
yasu,76,1,A_steiner,382.0,3,156.89995164621357,2,197.69758921851675
yasu,76,2,A_steiner,382.0,3,156.89995164621357,2,197.69758921851675
yasu,76,3,A_steiner,382.0,3,156.89995164621357,2,197.69758921851675
yasu,76,4,A_steiner,382.0,3,156.89995164621357,2,197.69758921851675
yasu,76,5,A_steiner,382.0,3,156.89995164621357,2,197.69758921851675
yasu,76,6,B_incremental,382.0,3,156.89995164621357,2,197.69758921851675
yasu,76,7,B_incremental,382.0,3,156.89995164621357,2,197.69758921851675
yasu,76,8,B_incremental,382.0,3,156.89995164621357,2,197.69758921851675
yasu,76,9,B_incremental,382.0,3,156.89995164621357,2,197.69758921851675
yasu,76,10,B_incremental,382.0,3,156.89995164621357,2,197.69758921851675
yasu,76,11,B_incremental,382.0,3,156.89995164621357,2,197.69758921851675
yasu,78,0,A_steiner,462.0,2,64.19527249101371,3,76.44146816549164
yasu,78,1,A_steiner,462.0,2,64.19527249101371,3,76.44146816549164
yasu,78,2,A_steiner,462.0,2,64.19527249101371,3,76.44146816549164
yasu,78,3,A_steiner,462.0,2,64.19527249101371,3,76.44146816549164
yasu,78,4,A_steiner,462.0,2,64.19527249101371,3,76.44146816549164
yasu,78,5,A_steiner,462.0,2,64.19527249101371,3,76.44146816549164
yasu,78,6,B_incremental,462.0,2,64.19527249101371,3,76.44146816549164
yasu,78,7,B_incremental,462.0,2,64.19527249101371,3,76.44146816549164
yasu,78,8,B_incremental,462.0,2,64.19527249101371,3,76.44146816549164
yasu,78,9,B_incremental,462.0,2,64.19527249101371,3,76.44146816549164
yasu,78,10,B_incremental,462.0,2,64.19527249101371,3,76.44146816549164
yasu,78,11,B_incremental,462.0,2,64.19527249101371,3,76.44146816549164
yasu,79,0,A_steiner,225.0,2,39.19317143280443,3,114.29041936037373
yasu,79,1,A_steiner,225.0,2,39.19317143280443,3,114.29041936037373
yasu,79,2,A_steiner,225.0,2,39.19317143280443,3,114.29041936037373
yasu,79,3,A_steiner,225.0,2,39.19317143280443,3,114.29041936037373
yasu,79,4,A_steiner,225.0,2,39.19317143280443,3,114.29041936037373
yasu,79,5,A_steiner,225.0,2,39.19317143280443,3,114.29041936037373
yasu,79,6,B_incremental,225.0,2,39.19317143280443,3,114.29041936037373
yasu,79,7,B_incremental,225.0,2,39.19317143280443,3,114.29041936037373
yasu,79,8,B_incremental,225.0,2,39.19317143280443,3,114.29041936037373
yasu,79,9,B_incremental,225.0,2,39.19317143280443,3,114.29041936037373
yasu,79,10,B_incremental,225.0,2,39.19317143280443,3,114.29041936037373
yasu,79,11,B_incremental,225.0,2,39.19317143280443,3,114.29041936037373
yasu,80,0,A_steiner,1718.0,1,47.49390942160658,2,21.77634286778761
yasu,80,1,A_steiner,1718.0,1,47.49390942160658,2,21.77634286778761
yasu,80,2,A_steiner,1718.0,1,47.49390942160658,2,21.77634286778761
yasu,80,3,A_steiner,1718.0,1,47.49390942160658,2,21.77634286778761
yasu,80,4,A_steiner,1718.0,1,47.49390942160658,2,21.77634286778761
yasu,80,5,A_steiner,1718.0,1,47.49390942160658,2,21.77634286778761
yasu,80,6,B_incremental,1718.0,1,47.49390942160658,2,21.77634286778761
yasu,80,7,B_incremental,1718.0,1,47.49390942160658,2,21.77634286778761
yasu,80,8,B_incremental,1718.0,1,47.49390942160658,2,21.77634286778761
yasu,80,9,B_incremental,1718.0,1,47.49390942160658,2,21.77634286778761
yasu,80,10,B_incremental,1718.0,1,47.49390942160658,2,21.77634286778761
yasu,80,11,B_incremental,1718.0,1,47.49390942160658,2,21.77634286778761
yasu,81,0,A_steiner,1631.0,1,32.58345458672642,2,74.94424379468414
yasu,81,1,A_steiner,1631.0,1,32.58345458672642,2,74.94424379468414
yasu,81,2,A_steiner,1631.0,1,32.58345458672642,2,74.94424379468414
yasu,81,3,A_steiner,1631.0,1,32.58345458672642,2,74.94424379468414
yasu,81,4,A_steiner,1631.0,1,32.58345458672642,2,74.94424379468414
yasu,81,5,A_steiner,1631.0,1,32.58345458672642,2,74.94424379468414
yasu,81,6,B_incremental,1631.0,1,32.58345458672642,2,74.94424379468414
yasu,81,7,B_incremental,1631.0,1,32.58345458672642,2,74.94424379468414
yasu,81,8,B_incremental,1631.0,1,32.58345458672642,2,74.94424379468414
yasu,81,9,B_incremental,1631.0,1,32.58345458672642,2,74.94424379468414
yasu,81,10,B_incremental,1631.0,1,32.58345458672642,2,74.94424379468414
yasu,81,11,B_incremental,1631.0,1,32.58345458672642,2,74.94424379468414
yasu,82,0,A_steiner,1698.0,9,285.51126053515634,7,202.84043804077123
yasu,82,1,A_steiner,1698.0,9,285.51126053515634,7,202.84043804077123
yasu,82,2,A_steiner,1698.0,9,285.51126053515634,7,202.84043804077123
yasu,82,3,A_steiner,1698.0,9,285.51126053515634,7,202.84043804077123
yasu,82,4,A_steiner,1698.0,9,285.51126053515634,7,202.84043804077123
yasu,82,5,A_steiner,1698.0,9,285.51126053515634,7,202.84043804077123
yasu,82,6,B_incremental,1698.0,9,285.51126053515634,7,202.84043804077123
yasu,82,7,B_incremental,1698.0,9,285.51126053515634,7,202.84043804077123
yasu,82,8,B_incremental,1698.0,9,316.73129918821724,7,202.84043804077123
yasu,82,9,B_incremental,1698.0,9,285.51126053515634,7,202.84043804077123
yasu,82,10,B_incremental,1698.0,9,285.5112605351564,7,202.84043804077123
yasu,82,11,B_incremental,1698.0,9,285.51126053515634,7,202.84043804077123
yasu,83,0,A_steiner,1606.0,2,44.13850577632887,3,19.88521869506036
yasu,83,1,A_steiner,1606.0,2,44.13850577632887,3,19.88521869506036
yasu,83,2,A_steiner,1606.0,2,44.13850577632887,3,19.88521869506036
yasu,83,3,A_steiner,1606.0,2,44.13850577632887,3,19.88521869506036
yasu,83,4,A_steiner,1606.0,2,44.13850577632887,3,19.88521869506036
yasu,83,5,A_steiner,1606.0,2,44.13850577632887,3,19.88521869506036
yasu,83,6,B_incremental,1606.0,2,44.13850577632887,3,19.88521869506036
yasu,83,7,B_incremental,1606.0,2,44.13850577632887,3,19.88521869506036
yasu,83,8,B_incremental,1606.0,2,44.13850577632887,3,19.88521869506036
yasu,83,9,B_incremental,1606.0,2,44.13850577632887,3,19.88521869506036
yasu,83,10,B_incremental,1606.0,2,44.13850577632887,3,19.88521869506036
yasu,83,11,B_incremental,1606.0,2,44.13850577632887,3,19.88521869506036
yasu,85,0,A_steiner,313.0,3,171.2858106510057,3,394.73799731348447
yasu,85,1,A_steiner,313.0,3,171.2858106510057,3,394.73799731348447
yasu,85,2,A_steiner,313.0,3,171.2858106510057,3,394.73799731348447
yasu,85,3,A_steiner,313.0,3,171.2858106510057,3,394.73799731348447
yasu,85,4,A_steiner,313.0,3,171.2858106510057,3,394.73799731348447
yasu,85,5,A_steiner,313.0,3,171.2858106510057,3,394.73799731348447
yasu,85,6,B_incremental,313.0,3,171.2858106510057,3,394.73799731348447
yasu,85,7,B_incremental,313.0,3,171.2858106510057,3,394.73799731348447
yasu,85,8,B_incremental,313.0,3,171.28581065100573,3,394.73799731348447
yasu,85,9,B_incremental,313.0,3,171.2858106510057,3,394.73799731348447
yasu,85,10,B_incremental,313.0,3,171.2858106510057,3,394.73799731348447
yasu,85,11,B_incremental,313.0,3,171.28581065100573,3,394.73799731348447
yasu,86,0,A_steiner,1646.0,2,56.122529382600135,3,126.09576896675154
yasu,86,1,A_steiner,1646.0,2,56.122529382600135,3,126.09576896675154
yasu,86,2,A_steiner,1646.0,2,56.122529382600135,3,126.09576896675154
yasu,86,3,A_steiner,1646.0,2,56.122529382600135,3,126.09576896675154
yasu,86,4,A_steiner,1646.0,2,56.122529382600135,3,126.09576896675154
yasu,86,5,A_steiner,1646.0,2,56.122529382600135,3,126.09576896675154
yasu,86,6,B_incremental,1646.0,2,56.122529382600135,3,126.09576896675154
yasu,86,7,B_incremental,1646.0,2,56.122529382600135,3,126.09576896675154
yasu,86,8,B_incremental,1646.0,2,56.122529382600135,3,126.09576896675154
yasu,86,9,B_incremental,1646.0,2,56.122529382600135,3,126.09576896675154
yasu,86,10,B_incremental,1646.0,2,56.122529382600135,3,126.09576896675154
yasu,86,11,B_incremental,1646.0,2,56.122529382600135,3,126.09576896675154
yasu,87,0,A_steiner,587.0,3,545.9007526840562,3,116.2157323118003
yasu,87,1,A_steiner,587.0,3,545.9007526840562,3,116.2157323118003
yasu,87,2,A_steiner,587.0,3,545.9007526840562,3,116.2157323118003
yasu,87,3,A_steiner,587.0,3,545.9007526840562,3,116.2157323118003
yasu,87,4,A_steiner,587.0,3,545.9007526840562,3,116.2157323118003
yasu,87,5,A_steiner,587.0,3,545.9007526840562,3,116.2157323118003
yasu,87,6,B_incremental,587.0,3,545.9007526840562,3,116.2157323118003
yasu,87,7,B_incremental,587.0,3,545.9007526840562,3,116.2157323118003
yasu,87,8,B_incremental,587.0,3,545.9007526840562,3,116.2157323118003
yasu,87,9,B_incremental,587.0,3,545.9007526840562,3,116.2157323118003
yasu,87,10,B_incremental,587.0,3,545.9007526840562,3,116.2157323118003
yasu,87,11,B_incremental,587.0,3,545.9007526840562,3,116.2157323118003
yasu,88,0,A_steiner,1433.0,1,36.538374027327,2,84.53372447327561
yasu,88,1,A_steiner,1433.0,1,36.538374027327,2,84.53372447327561
yasu,88,2,A_steiner,1433.0,1,36.538374027327,2,84.53372447327561
yasu,88,3,A_steiner,1433.0,1,36.538374027327,2,84.53372447327561
yasu,88,4,A_steiner,1433.0,1,36.538374027327,2,84.53372447327561
yasu,88,5,A_steiner,1433.0,1,36.538374027327,2,84.53372447327561
yasu,88,6,B_incremental,1433.0,1,36.538374027327,2,84.53372447327561
yasu,88,7,B_incremental,1433.0,1,36.538374027327,2,84.53372447327561
yasu,88,8,B_incremental,1433.0,1,36.538374027327,2,84.53372447327561
yasu,88,9,B_incremental,1433.0,1,36.538374027327,2,84.53372447327561
yasu,88,10,B_incremental,1433.0,1,36.538374027327,2,84.53372447327561
yasu,88,11,B_incremental,1433.0,1,36.538374027327,2,84.53372447327561
yasu,89,0,A_steiner,1733.0,2,86.28486307489896,3,115.4509771176362
yasu,89,1,A_steiner,1733.0,2,86.28486307489896,3,115.4509771176362
yasu,89,2,A_steiner,1733.0,2,86.28486307489896,3,115.4509771176362
yasu,89,3,A_steiner,1733.0,2,86.28486307489896,3,115.4509771176362
yasu,89,4,A_steiner,1733.0,2,86.28486307489896,3,115.4509771176362
yasu,89,5,A_steiner,1733.0,2,86.28486307489896,3,115.4509771176362
yasu,89,6,B_incremental,1733.0,2,86.28486307489896,3,115.4509771176362
yasu,89,7,B_incremental,1733.0,2,86.28486307489896,3,115.4509771176362
yasu,89,8,B_incremental,1733.0,2,86.28486307489896,3,115.4509771176362
yasu,89,9,B_incremental,1733.0,2,86.28486307489896,3,115.4509771176362
yasu,89,10,B_incremental,1733.0,2,86.28486307489896,3,115.4509771176362
yasu,89,11,B_incremental,1733.0,2,86.28486307489896,3,115.4509771176362
yasu,91,0,A_steiner,432.0,1,106.02194135279736,2,83.8189915546399
yasu,91,1,A_steiner,432.0,1,106.02194135279736,2,83.8189915546399
yasu,91,2,A_steiner,432.0,1,106.02194135279736,2,83.8189915546399
yasu,91,3,A_steiner,432.0,1,106.02194135279736,2,83.8189915546399
yasu,91,4,A_steiner,432.0,1,106.02194135279736,2,83.8189915546399
yasu,91,5,A_steiner,432.0,1,106.02194135279736,2,83.8189915546399
yasu,91,6,B_incremental,432.0,1,106.02194135279736,2,83.8189915546399
yasu,91,7,B_incremental,432.0,1,106.02194135279736,2,83.8189915546399
yasu,91,8,B_incremental,432.0,1,106.02194135279736,2,83.8189915546399
yasu,91,9,B_incremental,432.0,1,106.02194135279736,2,83.8189915546399
yasu,91,10,B_incremental,432.0,1,106.02194135279736,2,83.8189915546399
yasu,91,11,B_incremental,432.0,1,106.02194135279736,2,83.8189915546399
yasu,92,0,A_steiner,1722.0,3,113.45476371222932,4,138.30048616971845
yasu,92,1,A_steiner,1722.0,3,113.45476371222932,4,138.30048616971845
yasu,92,2,A_steiner,1722.0,3,113.45476371222932,4,138.30048616971845
yasu,92,3,A_steiner,1722.0,3,113.45476371222932,4,138.30048616971845
yasu,92,4,A_steiner,1722.0,3,113.45476371222932,4,138.30048616971845
yasu,92,5,A_steiner,1722.0,3,113.45476371222932,4,138.30048616971845
yasu,92,6,B_incremental,1722.0,3,113.45476371222932,4,138.30048616971845
yasu,92,7,B_incremental,1722.0,3,113.45476371222932,4,138.30048616971845
yasu,92,8,B_incremental,1722.0,3,113.45476371222932,4,138.30048616971845
yasu,92,9,B_incremental,1722.0,3,113.45476371222932,4,138.30048616971845
yasu,92,10,B_incremental,1722.0,3,113.45476371222932,4,138.30048616971845
yasu,92,11,B_incremental,1722.0,3,113.45476371222932,4,138.30048616971845
yasu,93,0,A_steiner,1647.0,3,149.8877829834883,2,216.392352601788
yasu,93,1,A_steiner,1647.0,3,149.8877829834883,2,216.392352601788
yasu,93,2,A_steiner,1647.0,3,149.8877829834883,2,216.392352601788
yasu,93,3,A_steiner,1647.0,3,149.8877829834883,2,216.392352601788
yasu,93,4,A_steiner,1647.0,3,149.8877829834883,2,216.392352601788
yasu,93,5,A_steiner,1647.0,3,149.8877829834883,2,216.392352601788
yasu,93,6,B_incremental,1647.0,3,149.8877829834883,2,216.392352601788
yasu,93,7,B_incremental,1647.0,3,149.8877829834883,2,216.392352601788
yasu,93,8,B_incremental,1647.0,3,149.8877829834883,2,216.392352601788
yasu,93,9,B_incremental,1647.0,3,149.8877829834883,2,216.392352601788
yasu,93,10,B_incremental,1647.0,3,149.8877829834883,2,216.392352601788
yasu,93,11,B_incremental,1647.0,3,149.8877829834883,2,216.392352601788
yasu,94,0,A_steiner,570.0,5,153.10409458736802,5,224.53813604875
yasu,94,1,A_steiner,570.0,5,153.10409458736802,5,224.53813604875
yasu,94,2,A_steiner,570.0,5,153.10409458736802,5,224.53813604875
yasu,94,3,A_steiner,570.0,5,153.10409458736802,5,224.53813604875
yasu,94,4,A_steiner,570.0,5,153.10409458736802,5,224.53813604875
yasu,94,5,A_steiner,570.0,5,153.10409458736802,5,224.53813604875
yasu,94,6,B_incremental,570.0,5,153.10409458736802,5,224.53813604875
yasu,94,7,B_incremental,570.0,5,153.10409458736802,5,224.53813604875
yasu,94,8,B_incremental,570.0,5,153.10409458736802,5,224.53813604875
yasu,94,9,B_incremental,570.0,5,153.10409458736802,5,224.53813604875
yasu,94,10,B_incremental,570.0,5,153.10409458736802,5,224.53813604875
yasu,94,11,B_incremental,570.0,5,153.10409458736802,5,224.53813604875
yasu,95,0,A_steiner,1452.0,5,235.27060131357192,3,158.86856594155657
yasu,95,1,A_steiner,1452.0,5,235.27060131357192,3,158.86856594155657
yasu,95,2,A_steiner,1452.0,5,235.27060131357192,3,158.86856594155657
yasu,95,3,A_steiner,1452.0,5,235.27060131357192,3,158.86856594155657
yasu,95,4,A_steiner,1452.0,5,235.27060131357192,3,158.86856594155657
yasu,95,5,A_steiner,1452.0,5,235.27060131357192,3,158.86856594155657
yasu,95,6,B_incremental,1452.0,5,235.27060131357194,3,158.86856594155657
yasu,95,7,B_incremental,1452.0,5,235.27060131357194,3,158.86856594155657
yasu,95,8,B_incremental,1452.0,5,235.27060131357192,3,158.86856594155657
yasu,95,9,B_incremental,1452.0,5,235.27060131357192,3,158.86856594155657
yasu,95,10,B_incremental,1452.0,5,235.27060131357192,3,158.86856594155657
yasu,95,11,B_incremental,1452.0,5,235.27060131357192,3,158.86856594155657
yasu,97,0,A_steiner,1827.0,3,178.8551383538899,4,54.31464106751146
yasu,97,1,A_steiner,1827.0,3,178.8551383538899,4,54.31464106751146
yasu,97,2,A_steiner,1827.0,3,178.8551383538899,4,54.31464106751146
yasu,97,3,A_steiner,1827.0,3,178.8551383538899,4,54.31464106751146
yasu,97,4,A_steiner,1827.0,3,178.8551383538899,4,54.31464106751146
yasu,97,5,A_steiner,1827.0,3,178.8551383538899,4,54.31464106751146
yasu,97,6,B_incremental,1827.0,3,178.8551383538899,4,54.31464106751146
yasu,97,7,B_incremental,1827.0,3,178.8551383538899,4,54.31464106751146
yasu,97,8,B_incremental,1827.0,3,178.8551383538899,4,54.31464106751146
yasu,97,9,B_incremental,1827.0,3,178.8551383538899,4,54.31464106751146
yasu,97,10,B_incremental,1827.0,3,178.8551383538899,4,54.31464106751146
yasu,97,11,B_incremental,1827.0,3,178.8551383538899,4,54.31464106751146
yasu,98,0,A_steiner,1741.0,4,181.41943594915196,4,108.08258292550904
yasu,98,1,A_steiner,1741.0,6,182.1716556563288,4,108.08258292550904
yasu,98,2,A_steiner,1741.0,4,181.41943594915196,4,108.08258292550904
yasu,98,3,A_steiner,1741.0,6,182.1716556563288,4,108.08258292550904
yasu,98,4,A_steiner,1741.0,6,182.1716556563288,4,108.08258292550904
yasu,98,5,A_steiner,1741.0,4,181.41943594915196,4,108.08258292550904
yasu,98,6,B_incremental,1741.0,6,182.1716556563288,4,108.08258292550904
yasu,98,7,B_incremental,1741.0,6,182.1716556563288,4,108.08258292550904
yasu,98,8,B_incremental,1741.0,6,182.1716556563288,4,108.08258292550904
yasu,98,9,B_incremental,1741.0,6,182.1716556563288,4,108.08258292550904
yasu,98,10,B_incremental,1741.0,4,181.41943594915196,4,108.08258292550904
yasu,98,11,B_incremental,1741.0,4,181.41943594915196,4,108.08258292550904
yasu,99,0,A_steiner,1426.0,1,42.00326015009847,2,102.59572177458027
yasu,99,1,A_steiner,1426.0,1,42.00326015009847,2,102.59572177458027
yasu,99,2,A_steiner,1426.0,1,42.00326015009847,2,102.59572177458027
yasu,99,3,A_steiner,1426.0,1,42.00326015009847,2,102.59572177458027
yasu,99,4,A_steiner,1426.0,1,42.00326015009847,2,102.59572177458027
yasu,99,5,A_steiner,1426.0,1,42.00326015009847,2,102.59572177458027
yasu,99,6,B_incremental,1426.0,1,42.00326015009847,2,102.59572177458027
yasu,99,7,B_incremental,1426.0,1,42.00326015009847,2,102.59572177458027
yasu,99,8,B_incremental,1426.0,1,42.00326015009847,2,102.59572177458027
yasu,99,9,B_incremental,1426.0,1,42.00326015009847,2,102.59572177458027
yasu,99,10,B_incremental,1426.0,1,42.00326015009847,2,102.59572177458027
yasu,99,11,B_incremental,1426.0,1,42.00326015009847,2,102.59572177458027
yasu,100,0,A_steiner,434.0,8,466.5703069394069,6,278.09970221796493
yasu,100,1,A_steiner,434.0,8,466.5703069394069,6,278.09970221796493
yasu,100,2,A_steiner,434.0,8,466.5703069394069,6,278.09970221796493
yasu,100,3,A_steiner,434.0,8,466.5703069394069,6,278.09970221796493
yasu,100,4,A_steiner,434.0,8,466.5703069394069,6,278.09970221796493
yasu,100,5,A_steiner,434.0,8,466.5703069394069,6,278.09970221796493
yasu,100,6,B_incremental,434.0,8,466.57030693940686,6,278.09970221796493
yasu,100,7,B_incremental,434.0,8,466.57030693940686,6,278.09970221796493
yasu,100,8,B_incremental,434.0,8,466.570306939407,6,278.09970221796493
yasu,100,9,B_incremental,434.0,8,466.5703069394069,6,278.09970221796493
yasu,100,10,B_incremental,434.0,8,466.570306939407,6,278.09970221796493
yasu,100,11,B_incremental,434.0,8,466.5703069394069,6,278.09970221796493
yasu,101,0,A_steiner,1830.0,1,38.6469541192584,2,127.28869416773146
yasu,101,1,A_steiner,1830.0,1,38.6469541192584,2,127.28869416773146
yasu,101,2,A_steiner,1830.0,1,38.6469541192584,2,127.28869416773146
yasu,101,3,A_steiner,1830.0,1,38.6469541192584,2,127.28869416773146
yasu,101,4,A_steiner,1830.0,1,38.6469541192584,2,127.28869416773146
yasu,101,5,A_steiner,1830.0,1,38.6469541192584,2,127.28869416773146
yasu,101,6,B_incremental,1830.0,1,38.6469541192584,2,127.28869416773146
yasu,101,7,B_incremental,1830.0,1,38.6469541192584,2,127.28869416773146
yasu,101,8,B_incremental,1830.0,1,38.6469541192584,2,127.28869416773146
yasu,101,9,B_incremental,1830.0,1,38.6469541192584,2,127.28869416773146
yasu,101,10,B_incremental,1830.0,1,38.6469541192584,2,127.28869416773146
yasu,101,11,B_incremental,1830.0,1,38.6469541192584,2,127.28869416773146
yasu,102,0,A_steiner,1729.0,2,49.67765866747812,3,79.30741397181419
yasu,102,1,A_steiner,1729.0,2,49.67765866747812,3,79.30741397181419
yasu,102,2,A_steiner,1729.0,2,49.67765866747812,3,79.30741397181419
yasu,102,3,A_steiner,1729.0,2,49.67765866747812,3,79.30741397181419
yasu,102,4,A_steiner,1729.0,2,49.67765866747812,3,79.30741397181419
yasu,102,5,A_steiner,1729.0,2,49.67765866747812,3,79.30741397181419
yasu,102,6,B_incremental,1729.0,2,49.67765866747812,3,79.30741397181419
yasu,102,7,B_incremental,1729.0,2,49.67765866747812,3,79.30741397181419
yasu,102,8,B_incremental,1729.0,2,49.67765866747812,3,79.30741397181419
yasu,102,9,B_incremental,1729.0,2,49.67765866747812,3,79.30741397181419
yasu,102,10,B_incremental,1729.0,2,49.67765866747812,3,79.30741397181419
yasu,102,11,B_incremental,1729.0,2,49.67765866747812,3,79.30741397181419
yasu,106,0,A_steiner,1292.0,1,28.738872662404667,2,60.49669974008982
yasu,106,1,A_steiner,1292.0,1,28.738872662404667,2,60.49669974008982
yasu,106,2,A_steiner,1292.0,1,28.738872662404667,2,60.49669974008982
yasu,106,3,A_steiner,1292.0,1,28.738872662404667,2,60.49669974008982
yasu,106,4,A_steiner,1292.0,1,28.738872662404667,2,60.49669974008982
yasu,106,5,A_steiner,1292.0,1,28.738872662404667,2,60.49669974008982
yasu,106,6,B_incremental,1292.0,1,28.738872662404667,2,60.49669974008982
yasu,106,7,B_incremental,1292.0,1,28.738872662404667,2,60.49669974008982
yasu,106,8,B_incremental,1292.0,1,28.738872662404667,2,60.49669974008982
yasu,106,9,B_incremental,1292.0,1,28.738872662404667,2,60.49669974008982
yasu,106,10,B_incremental,1292.0,1,28.738872662404667,2,60.49669974008982
yasu,106,11,B_incremental,1292.0,1,28.738872662404667,2,60.49669974008982
yasu,107,0,A_steiner,1633.0,2,82.22087044321879,3,122.07868837748904
yasu,107,1,A_steiner,1633.0,2,82.22087044321879,3,122.07868837748904
yasu,107,2,A_steiner,1633.0,2,82.22087044321879,3,122.07868837748904
yasu,107,3,A_steiner,1633.0,2,82.22087044321879,3,122.07868837748904
yasu,107,4,A_steiner,1633.0,2,82.22087044321879,3,122.07868837748904
yasu,107,5,A_steiner,1633.0,2,82.22087044321879,3,122.07868837748904
yasu,107,6,B_incremental,1633.0,2,82.22087044321879,3,122.07868837748904
yasu,107,7,B_incremental,1633.0,2,82.22087044321879,3,122.07868837748904
yasu,107,8,B_incremental,1633.0,2,82.22087044321879,3,122.07868837748904
yasu,107,9,B_incremental,1633.0,2,82.22087044321879,3,122.07868837748904
yasu,107,10,B_incremental,1633.0,2,82.22087044321879,3,122.07868837748904
yasu,107,11,B_incremental,1633.0,2,82.22087044321879,3,122.07868837748904
yasu,108,0,A_steiner,1641.0,1,28.154319810286893,2,40.62538556637389
yasu,108,1,A_steiner,1641.0,1,28.154319810286893,2,40.62538556637389
yasu,108,2,A_steiner,1641.0,1,28.154319810286893,2,40.62538556637389
yasu,108,3,A_steiner,1641.0,1,28.154319810286893,2,40.62538556637389
yasu,108,4,A_steiner,1641.0,1,28.154319810286893,2,40.62538556637389
yasu,108,5,A_steiner,1641.0,1,28.154319810286893,2,40.62538556637389
yasu,108,6,B_incremental,1641.0,1,28.154319810286893,2,40.62538556637389
yasu,108,7,B_incremental,1641.0,1,28.154319810286893,2,40.62538556637389
yasu,108,8,B_incremental,1641.0,1,28.154319810286893,2,40.62538556637389
yasu,108,9,B_incremental,1641.0,1,28.154319810286893,2,40.62538556637389
yasu,108,10,B_incremental,1641.0,1,28.154319810286893,2,40.62538556637389
yasu,108,11,B_incremental,1641.0,1,28.154319810286893,2,40.62538556637389
yasu,109,0,A_steiner,2628.0,3,96.28419855712258,3,236.7592386936739
yasu,109,1,A_steiner,2628.0,3,96.28419855712258,3,236.7592386936739
yasu,109,2,A_steiner,2628.0,3,96.28419855712258,3,236.7592386936739
yasu,109,3,A_steiner,2628.0,3,96.28419855712258,3,236.7592386936739
yasu,109,4,A_steiner,2628.0,3,96.28419855712258,3,236.7592386936739
yasu,109,5,A_steiner,2628.0,3,96.28419855712258,3,236.7592386936739
yasu,109,6,B_incremental,2628.0,3,96.28419855712258,3,236.7592386936739
yasu,109,7,B_incremental,2628.0,3,96.28419855712258,3,236.7592386936739
yasu,109,8,B_incremental,2628.0,3,96.28419855712258,3,236.7592386936739
yasu,109,9,B_incremental,2628.0,3,96.28419855712258,3,236.7592386936739
yasu,109,10,B_incremental,2628.0,3,96.28419855712258,3,236.7592386936739
yasu,109,11,B_incremental,2628.0,3,96.28419855712258,3,236.7592386936739
yasu,110,0,A_steiner,2046.0,2,31.05031829714314,3,57.28600590569361
yasu,110,1,A_steiner,2046.0,2,31.05031829714314,3,57.28600590569361
yasu,110,2,A_steiner,2046.0,2,31.05031829714314,3,57.28600590569361
yasu,110,3,A_steiner,2046.0,2,31.05031829714314,3,57.28600590569361
yasu,110,4,A_steiner,2046.0,2,31.05031829714314,3,57.28600590569361
yasu,110,5,A_steiner,2046.0,2,31.05031829714314,3,57.28600590569361
yasu,110,6,B_incremental,2046.0,2,31.05031829714314,3,57.28600590569361
yasu,110,7,B_incremental,2046.0,2,31.05031829714314,3,57.28600590569361
yasu,110,8,B_incremental,2046.0,2,31.05031829714314,3,57.28600590569361
yasu,110,9,B_incremental,2046.0,2,31.05031829714314,3,57.28600590569361
yasu,110,10,B_incremental,2046.0,2,31.05031829714314,3,57.28600590569361
yasu,110,11,B_incremental,2046.0,2,31.05031829714314,3,57.28600590569361
yasu,111,0,A_steiner,347.0,1,84.39343755453636,2,95.07939749624924
yasu,111,1,A_steiner,347.0,1,84.39343755453636,2,95.07939749624924
yasu,111,2,A_steiner,347.0,1,84.39343755453636,2,95.07939749624924
yasu,111,3,A_steiner,347.0,1,84.39343755453636,2,95.07939749624924
yasu,111,4,A_steiner,347.0,1,84.39343755453636,2,95.07939749624924
yasu,111,5,A_steiner,347.0,1,84.39343755453636,2,95.07939749624924
yasu,111,6,B_incremental,347.0,1,84.39343755453636,2,95.07939749624924
yasu,111,7,B_incremental,347.0,1,84.39343755453636,2,95.07939749624924
yasu,111,8,B_incremental,347.0,1,84.39343755453636,2,95.07939749624924
yasu,111,9,B_incremental,347.0,1,84.39343755453636,2,95.07939749624924
yasu,111,10,B_incremental,347.0,1,84.39343755453636,2,95.07939749624924
yasu,111,11,B_incremental,347.0,1,84.39343755453636,2,95.07939749624924
yasu,112,0,A_steiner,484.0,11,602.5069411392848,6,153.56903667705973
yasu,112,1,A_steiner,484.0,11,602.5069411392848,6,153.56903667705973
yasu,112,2,A_steiner,484.0,11,602.5069411392848,6,153.56903667705973
yasu,112,3,A_steiner,484.0,11,602.5069411392848,6,153.56903667705973
yasu,112,4,A_steiner,484.0,11,602.5069411392848,6,153.56903667705973
yasu,112,5,A_steiner,484.0,11,602.5069411392848,6,153.56903667705973
yasu,112,6,B_incremental,484.0,11,602.5069411392848,6,153.56903667705973
yasu,112,7,B_incremental,484.0,9,612.7415851005603,6,153.56903667705973
yasu,112,8,B_incremental,484.0,11,602.5069411392848,6,153.56903667705973
yasu,112,9,B_incremental,484.0,9,612.7415851005603,6,153.56903667705973
yasu,112,10,B_incremental,484.0,11,602.5069411392848,6,153.56903667705973
yasu,112,11,B_incremental,484.0,9,612.7415851005602,6,153.56903667705973
yasu,113,0,A_steiner,1613.0,3,73.40855909301965,3,50.884827236270226
yasu,113,1,A_steiner,1613.0,3,73.40855909301965,3,50.884827236270226
yasu,113,2,A_steiner,1613.0,3,73.40855909301965,3,50.884827236270226
yasu,113,3,A_steiner,1613.0,3,73.40855909301965,3,50.884827236270226
yasu,113,4,A_steiner,1613.0,3,73.40855909301965,3,50.884827236270226
yasu,113,5,A_steiner,1613.0,3,73.40855909301965,3,50.884827236270226
yasu,113,6,B_incremental,1613.0,3,73.40855909301965,3,50.884827236270226
yasu,113,7,B_incremental,1613.0,3,73.40855909301965,3,50.884827236270226
yasu,113,8,B_incremental,1613.0,3,73.40855909301965,3,50.884827236270226
yasu,113,9,B_incremental,1613.0,3,73.40855909301965,3,50.884827236270226
yasu,113,10,B_incremental,1613.0,3,73.40855909301965,3,50.884827236270226
yasu,113,11,B_incremental,1613.0,3,73.40855909301965,3,50.884827236270226
yasu,114,0,A_steiner,1951.0,5,154.8566123754984,6,255.02536417800843
yasu,114,1,A_steiner,1951.0,5,154.8566123754984,6,255.02536417800843
yasu,114,2,A_steiner,1951.0,5,154.8566123754984,6,255.02536417800843
yasu,114,3,A_steiner,1951.0,5,154.8566123754984,6,255.02536417800843
yasu,114,4,A_steiner,1951.0,5,154.8566123754984,6,255.02536417800843
yasu,114,5,A_steiner,1951.0,5,154.8566123754984,6,255.02536417800843
yasu,114,6,B_incremental,1951.0,5,154.8566123754984,6,255.02536417800843
yasu,114,7,B_incremental,1951.0,5,154.8566123754984,6,255.02536417800843
yasu,114,8,B_incremental,1951.0,5,154.8566123754984,6,255.02536417800843
yasu,114,9,B_incremental,1951.0,5,154.8566123754984,6,255.02536417800843
yasu,114,10,B_incremental,1951.0,5,154.8566123754984,6,255.02536417800843
yasu,114,11,B_incremental,1951.0,5,154.8566123754984,6,255.02536417800843
yasu,116,0,A_steiner,1648.0,1,16.70658455886007,2,55.47851358120592
yasu,116,1,A_steiner,1648.0,1,16.70658455886007,2,55.47851358120592
yasu,116,2,A_steiner,1648.0,1,16.70658455886007,2,55.47851358120592
yasu,116,3,A_steiner,1648.0,1,16.70658455886007,2,55.47851358120592
yasu,116,4,A_steiner,1648.0,1,16.70658455886007,2,55.47851358120592
yasu,116,5,A_steiner,1648.0,1,16.70658455886007,2,55.47851358120592
yasu,116,6,B_incremental,1648.0,1,16.70658455886007,2,55.47851358120592
yasu,116,7,B_incremental,1648.0,1,16.70658455886007,2,55.47851358120592
yasu,116,8,B_incremental,1648.0,1,16.70658455886007,2,55.47851358120592
yasu,116,9,B_incremental,1648.0,1,16.70658455886007,2,55.47851358120592
yasu,116,10,B_incremental,1648.0,1,16.70658455886007,2,55.47851358120592
yasu,116,11,B_incremental,1648.0,1,16.70658455886007,2,55.47851358120592
yasu,119,0,A_steiner,406.0,2,76.15395105354744,3,68.78093816077863
yasu,119,1,A_steiner,406.0,2,76.15395105354744,3,68.78093816077863
yasu,119,2,A_steiner,406.0,2,76.15395105354744,3,68.78093816077863
yasu,119,3,A_steiner,406.0,2,76.15395105354744,3,68.78093816077863
yasu,119,4,A_steiner,406.0,2,76.15395105354744,3,68.78093816077863
yasu,119,5,A_steiner,406.0,2,76.15395105354744,3,68.78093816077863
yasu,119,6,B_incremental,406.0,2,76.15395105354744,3,68.78093816077863
yasu,119,7,B_incremental,406.0,2,76.15395105354744,3,68.78093816077863
yasu,119,8,B_incremental,406.0,2,76.15395105354744,3,68.78093816077863
yasu,119,9,B_incremental,406.0,2,76.15395105354744,3,68.78093816077863
yasu,119,10,B_incremental,406.0,2,76.15395105354744,3,68.78093816077863
yasu,119,11,B_incremental,406.0,2,76.15395105354744,3,68.78093816077863
yasu,120,0,A_steiner,1603.0,1,26.877434729780035,2,12.983924879477772
yasu,120,1,A_steiner,1603.0,1,26.877434729780035,2,12.983924879477772
yasu,120,2,A_steiner,1603.0,1,26.877434729780035,2,12.983924879477772
yasu,120,3,A_steiner,1603.0,1,26.877434729780035,2,12.983924879477772
yasu,120,4,A_steiner,1603.0,1,26.877434729780035,2,12.983924879477772
yasu,120,5,A_steiner,1603.0,1,26.877434729780035,2,12.983924879477772
yasu,120,6,B_incremental,1603.0,1,26.877434729780035,2,12.983924879477772
yasu,120,7,B_incremental,1603.0,1,26.877434729780035,2,12.983924879477772
yasu,120,8,B_incremental,1603.0,1,26.877434729780035,2,12.983924879477772
yasu,120,9,B_incremental,1603.0,1,26.877434729780035,2,12.983924879477772
yasu,120,10,B_incremental,1603.0,1,26.877434729780035,2,12.983924879477772
yasu,120,11,B_incremental,1603.0,1,26.877434729780035,2,12.983924879477772
yasu,121,0,A_steiner,1291.0,1,78.32862261563879,2,100.87390330637304
yasu,121,1,A_steiner,1291.0,1,78.32862261563879,2,100.87390330637304
yasu,121,2,A_steiner,1291.0,1,78.32862261563879,2,100.87390330637304
yasu,121,3,A_steiner,1291.0,1,78.32862261563879,2,100.87390330637304
yasu,121,4,A_steiner,1291.0,1,78.32862261563879,2,100.87390330637304
yasu,121,5,A_steiner,1291.0,1,78.32862261563879,2,100.87390330637304
yasu,121,6,B_incremental,1291.0,1,78.32862261563879,2,100.87390330637304
yasu,121,7,B_incremental,1291.0,1,78.32862261563879,2,100.87390330637304
yasu,121,8,B_incremental,1291.0,1,78.32862261563879,2,100.87390330637304
yasu,121,9,B_incremental,1291.0,1,78.32862261563879,2,100.87390330637304
yasu,121,10,B_incremental,1291.0,1,78.32862261563879,2,100.87390330637304
yasu,121,11,B_incremental,1291.0,1,78.32862261563879,2,100.87390330637304
yasu,122,0,A_steiner,324.0,6,309.3099103560578,2,67.27495911703255
yasu,122,1,A_steiner,324.0,6,309.3099103560578,2,67.27495911703255
yasu,122,2,A_steiner,324.0,6,309.3099103560578,2,67.27495911703255
yasu,122,3,A_steiner,324.0,6,309.3099103560578,2,67.27495911703255
yasu,122,4,A_steiner,324.0,6,309.3099103560578,2,67.27495911703255
yasu,122,5,A_steiner,324.0,6,309.3099103560578,2,67.27495911703255
yasu,122,6,B_incremental,324.0,6,309.3099103560578,2,67.27495911703255
yasu,122,7,B_incremental,324.0,6,309.3099103560578,2,67.27495911703255
yasu,122,8,B_incremental,324.0,6,309.3099103560578,2,67.27495911703255
yasu,122,9,B_incremental,324.0,6,309.3099103560578,2,67.27495911703255
yasu,122,10,B_incremental,324.0,6,309.3099103560578,2,67.27495911703255
yasu,122,11,B_incremental,324.0,6,309.3099103560578,2,67.27495911703255
yasu,125,0,A_steiner,1656.0,2,51.50814151929452,3,116.08452708372205
yasu,125,1,A_steiner,1656.0,2,51.50814151929452,3,116.08452708372205
yasu,125,2,A_steiner,1656.0,2,51.50814151929452,3,116.08452708372205
yasu,125,3,A_steiner,1656.0,2,51.50814151929452,3,116.08452708372205
yasu,125,4,A_steiner,1656.0,2,51.50814151929452,3,116.08452708372205
yasu,125,5,A_steiner,1656.0,2,51.50814151929452,3,116.08452708372205
yasu,125,6,B_incremental,1656.0,2,51.50814151929452,3,116.08452708372205
yasu,125,7,B_incremental,1656.0,2,51.50814151929452,3,116.08452708372205
yasu,125,8,B_incremental,1656.0,2,51.50814151929452,3,116.08452708372205
yasu,125,9,B_incremental,1656.0,2,51.50814151929452,3,116.08452708372205
yasu,125,10,B_incremental,1656.0,2,51.50814151929452,3,116.08452708372205
yasu,125,11,B_incremental,1656.0,2,51.50814151929452,3,116.08452708372205
yasu,126,0,A_steiner,1456.0,2,50.053975603296394,3,197.40225817122385
yasu,126,1,A_steiner,1456.0,2,50.053975603296394,3,197.40225817122385
yasu,126,2,A_steiner,1456.0,2,50.053975603296394,3,197.40225817122385
yasu,126,3,A_steiner,1456.0,2,50.053975603296394,3,197.40225817122385
yasu,126,4,A_steiner,1456.0,2,50.053975603296394,3,197.40225817122385
yasu,126,5,A_steiner,1456.0,2,50.053975603296394,3,197.40225817122385
yasu,126,6,B_incremental,1456.0,2,50.053975603296394,3,197.40225817122385
yasu,126,7,B_incremental,1456.0,2,50.053975603296394,3,197.40225817122385
yasu,126,8,B_incremental,1456.0,2,50.053975603296394,3,197.40225817122385
yasu,126,9,B_incremental,1456.0,2,50.053975603296394,3,197.40225817122385
yasu,126,10,B_incremental,1456.0,2,50.053975603296394,3,197.40225817122385
yasu,126,11,B_incremental,1456.0,2,50.053975603296394,3,197.40225817122385
yasu,127,0,A_steiner,1568.0,9,451.84938678037315,2,189.35887466401485
yasu,127,1,A_steiner,1568.0,9,451.84938678037315,2,189.35887466401485
yasu,127,2,A_steiner,1568.0,9,451.84938678037315,2,189.35887466401485
yasu,127,3,A_steiner,1568.0,9,451.84938678037315,2,189.35887466401485
yasu,127,4,A_steiner,1568.0,9,451.84938678037315,2,189.35887466401485
yasu,127,5,A_steiner,1568.0,9,451.84938678037315,2,189.35887466401485
yasu,127,6,B_incremental,1568.0,9,451.84938678037315,2,189.35887466401485
yasu,127,7,B_incremental,1568.0,9,451.84938678037315,2,189.35887466401485
yasu,127,8,B_incremental,1568.0,9,451.84938678037315,2,189.35887466401485
yasu,127,9,B_incremental,1568.0,9,451.84938678037315,2,189.35887466401485
yasu,127,10,B_incremental,1568.0,9,451.84938678037315,2,189.35887466401485
yasu,127,11,B_incremental,1568.0,9,451.84938678037315,2,189.35887466401485
yasu,128,0,A_steiner,1616.0,2,51.7731928222936,3,128.806366160853
yasu,128,1,A_steiner,1616.0,2,51.7731928222936,3,128.806366160853
yasu,128,2,A_steiner,1616.0,2,51.7731928222936,3,128.806366160853
yasu,128,3,A_steiner,1616.0,2,51.7731928222936,3,128.806366160853
yasu,128,4,A_steiner,1616.0,2,51.7731928222936,3,128.806366160853
yasu,128,5,A_steiner,1616.0,2,51.7731928222936,3,128.806366160853
yasu,128,6,B_incremental,1616.0,2,51.7731928222936,3,128.806366160853
yasu,128,7,B_incremental,1616.0,2,51.7731928222936,3,128.806366160853
yasu,128,8,B_incremental,1616.0,2,51.7731928222936,3,128.806366160853
yasu,128,9,B_incremental,1616.0,2,51.7731928222936,3,128.806366160853
yasu,128,10,B_incremental,1616.0,2,51.7731928222936,3,128.806366160853
yasu,128,11,B_incremental,1616.0,2,51.7731928222936,3,128.806366160853
yasu,132,0,A_steiner,523.0,5,252.32856900034648,6,258.72000244731635
yasu,132,1,A_steiner,523.0,5,252.32856900034648,6,258.72000244731635
yasu,132,2,A_steiner,523.0,5,252.32856900034648,6,258.72000244731635
yasu,132,3,A_steiner,523.0,5,252.32856900034648,6,258.72000244731635
yasu,132,4,A_steiner,523.0,5,252.32856900034648,6,258.72000244731635
yasu,132,5,A_steiner,523.0,5,252.32856900034648,6,258.72000244731635
yasu,132,6,B_incremental,523.0,5,252.32856900034648,6,258.72000244731635
yasu,132,7,B_incremental,523.0,5,252.32856900034648,6,258.72000244731635
yasu,132,8,B_incremental,523.0,5,252.32856900034648,6,258.72000244731635
yasu,132,9,B_incremental,523.0,5,252.32856900034648,6,258.72000244731635
yasu,132,10,B_incremental,523.0,5,252.32856900034648,6,258.72000244731635
yasu,132,11,B_incremental,523.0,5,252.32856900034648,6,258.72000244731635
