city,cluster,site,unit,site_load_kw,unit_load_kw,transformer_kva,transformer_loading_pct,transformer_drop_pct,transformer_no_load_loss_w,transformer_load_loss_w,lv_area_mm2,lv_stub_m,lv_drop_pct,lv_loading_pct,feasible,issues
sano,0,212,0,125.14058508220424,31.28514627055106,50,69.52254726789124,1.3590225662155593,72.0,530.0,150,25.0,0.7174198499928068,63.333707743525714,True,
sano,0,212,1,125.14058508220424,31.28514627055106,50,69.52254726789124,1.3590225662155593,72.0,530.0,150,25.0,0.7174198499928068,63.333707743525714,True,
sano,0,212,2,125.14058508220424,31.28514627055106,50,69.52254726789124,1.3590225662155593,72.0,530.0,150,25.0,0.7174198499928068,63.333707743525714,True,
sano,0,212,3,125.14058508220424,31.28514627055106,50,69.52254726789124,1.3590225662155593,72.0,530.0,150,25.0,0.7174198499928068,63.333707743525714,True,
sano,0,4407,0,51.705671646216025,25.852835823108013,50,57.45074627357336,1.1230437275385936,72.0,530.0,100,25.0,0.8373515138700192,68.45782803410185,True,
sano,0,4407,1,51.705671646216025,25.852835823108013,50,57.45074627357336,1.1230437275385936,72.0,530.0,100,25.0,0.8373515138700192,68.45782803410185,True,
sano,0,5708,0,48.86833541524832,24.43416770762416,50,54.29815046138701,1.0614169745025082,72.0,530.0,100,25.0,0.7910301775331028,64.67101343485976,True,
sano,0,5708,1,48.86833541524832,24.43416770762416,50,54.29815046138701,1.0614169745025082,72.0,530.0,100,25.0,0.7910301775331028,64.67101343485976,True,
sano,0,5709,0,59.70938261270779,29.854691306353896,50,66.34375845856421,1.2968837940491353,72.0,530.0,150,25.0,0.6843887311512866,60.417791662667874,True,
sano,0,5709,1,59.70938261270779,29.854691306353896,50,66.34375845856421,1.2968837940491353,72.0,530.0,150,25.0,0.6843887311512866,60.417791662667874,True,
sano,0,5710,0,12.119725519984842,12.119725519984842,20,67.33180844436023,1.148371208672887,41.0,231.0,60,25.0,0.6146961751047034,44.117670790180284,True,
sano,0,5711,0,67.65454159161955,33.827270795809774,50,75.17171287957727,1.469452115308275,72.0,530.0,150,25.0,0.7761757793908314,68.52053911791721,True,
sano,0,5711,1,67.65454159161955,33.827270795809774,50,75.17171287957727,1.469452115308275,72.0,530.0,150,25.0,0.7761757793908314,68.52053911791721,True,
sano,1,1480,0,93.97872668625212,31.326242228750704,50,69.613871619446,1.3608077691387157,72.0,530.0,150,25.0,0.7183691388601552,63.41750882821475,True,
sano,1,1480,1,93.97872668625212,31.326242228750704,50,69.613871619446,1.3608077691387157,72.0,530.0,150,25.0,0.7183691388601552,63.41750882821475,True,
sano,1,1480,2,93.97872668625212,31.326242228750704,50,69.613871619446,1.3608077691387157,72.0,530.0,150,25.0,0.7183691388601552,63.41750882821475,True,
sano,1,1486,0,121.42604145711908,30.35651036427977,50,67.45891192062172,1.3186827467527786,72.0,530.0,150,25.0,0.6959738765558703,61.44050408487307,True,
sano,1,1486,1,121.42604145711908,30.35651036427977,50,67.45891192062172,1.3186827467527786,72.0,530.0,150,25.0,0.6959738765558703,61.44050408487307,True,
sano,1,1486,2,121.42604145711908,30.35651036427977,50,67.45891192062172,1.3186827467527786,72.0,530.0,150,25.0,0.6959738765558703,61.44050408487307,True,
sano,1,1486,3,121.42604145711908,30.35651036427977,50,67.45891192062172,1.3186827467527786,72.0,530.0,150,25.0,0.6959738765558703,61.44050408487307,True,
sano,1,1488,0,46.66701686302651,23.333508431513255,50,51.852240958918344,1.013604482880654,72.0,530.0,100,25.0,0.7551224443391139,61.735505450211676,True,
sano,1,1488,1,46.66701686302651,23.333508431513255,50,51.852240958918344,1.013604482880654,72.0,530.0,100,25.0,0.7551224443391139,61.735505450211676,True,
sano,1,4638,0,46.79096634442956,23.39548317221478,50,51.989962604921736,1.0162966573208938,72.0,530.0,100,25.0,0.7571435983457436,61.90073801233223,True,
sano,1,4638,1,46.79096634442956,23.39548317221478,50,51.989962604921736,1.0162966573208938,72.0,530.0,100,25.0,0.7571435983457436,61.90073801233223,True,
sano,2,4870,0,35.67666822236704,17.83833411118352,30,66.06790411549451,1.3494919380035233,52.0,357.0,60,25.0,0.9075246789648516,65.12611222727939,True,
sano,2,4870,1,35.67666822236704,17.83833411118352,30,66.06790411549451,1.3494919380035233,52.0,357.0,60,25.0,0.9075246789648516,65.12611222727939,True,
sano,2,4871,0,7.286067059085461,7.286067059085461,20,40.47815032825257,0.6903712151992815,41.0,231.0,60,25.0,0.36858727347995074,26.456906785385822,True,
sano,2,4873,0,38.654544259024085,19.327272129512043,30,71.58248936856312,1.4621319322651831,52.0,357.0,60,25.0,0.9840668569043487,70.61661169041489,True,
sano,2,4873,1,38.654544259024085,19.327272129512043,30,71.58248936856312,1.4621319322651831,52.0,357.0,60,25.0,0.9840668569043487,70.61661169041489,True,
sano,2,4874,0,16.742801979605506,16.742801979605506,30,62.01037770224262,1.2666135834344454,52.0,357.0,60,25.0,0.8512857398050399,61.09176671879751,True,
sano,2,4876,0,17.972006392251775,17.972006392251775,30,66.56298663796953,1.3596044106431662,52.0,357.0,60,25.0,0.9143913180566544,65.61868265792883,True,
sano,2,4878,0,46.4166855894385,23.20834279471925,50,51.57409509937611,1.0081673043727846,72.0,530.0,100,25.0,0.7510407289391824,61.401818577271136,True,
sano,2,4878,1,46.4166855894385,23.20834279471925,50,51.57409509937611,1.0081673043727846,72.0,530.0,100,25.0,0.7510407289391824,61.401818577271136,True,
sano,2,4879,0,33.09991780023997,33.09991780023997,50,73.55537288942216,1.4378559985429742,72.0,530.0,150,25.0,0.759357342116849,67.0358501842853,True,
sano,2,4880,0,19.984030689787136,19.984030689787136,30,74.0149284806931,1.51181652594876,52.0,357.0,100,25.0,0.6460113557841667,52.815435720682395,True,
sano,2,4881,0,1.2987161055053544,1.2987161055053544,10,14.430178950059494,0.23355480898148287,27.0,122.0,60,25.0,0.0654914610978792,4.701550034178217,True,
sano,2,4882,0,31.78038179375445,31.78038179375445,50,70.62307065278766,1.3805355310521183,72.0,530.0,150,25.0,0.7288606776926562,64.3436779159169,True,
sano,2,4883,0,15.820264191820367,15.820264191820367,30,58.593571080816176,1.1968224639633094,52.0,357.0,60,25.0,0.8039794066162574,57.69805680356739,True,
sano,2,4884,0,59.63093918234931,29.815469591174654,50,66.25659909149923,1.295180007991902,72.0,530.0,150,25.0,0.6834833618993181,60.33786752465082,True,
sano,2,4884,1,59.63093918234931,29.815469591174654,50,66.25659909149923,1.295180007991902,72.0,530.0,150,25.0,0.6834833618993181,60.33786752465082,True,
sano,3,4988,0,127.40696340951897,31.85174085237974,50,70.78164633862164,1.3836353590067973,72.0,530.0,150,25.0,0.7305094194576814,64.48922501559842,True,
sano,3,4988,1,127.40696340951897,31.85174085237974,50,70.78164633862164,1.3836353590067973,72.0,530.0,150,25.0,0.7305094194576814,64.48922501559842,True,
sano,3,4988,2,127.40696340951897,31.85174085237974,50,70.78164633862164,1.3836353590067973,72.0,530.0,150,25.0,0.7305094194576814,64.48922501559842,True,
sano,3,4988,3,127.40696340951897,31.85174085237974,50,70.78164633862164,1.3836353590067973,72.0,530.0,150,25.0,0.7305094194576814,64.48922501559842,True,
sano,3,4990,0,120.3314267552182,30.08285668880455,50,66.85079264178789,1.3067952677209569,72.0,530.0,150,25.0,0.6896558871353943,60.882765280478864,True,
sano,3,4990,1,120.3314267552182,30.08285668880455,50,66.85079264178789,1.3067952677209569,72.0,530.0,150,25.0,0.6896558871353943,60.882765280478864,True,
sano,3,4990,2,120.3314267552182,30.08285668880455,50,66.85079264178789,1.3067952677209569,72.0,530.0,150,25.0,0.6896558871353943,60.882765280478864,True,
sano,3,4990,3,120.3314267552182,30.08285668880455,50,66.85079264178789,1.3067952677209569,72.0,530.0,150,25.0,0.6896558871353943,60.882765280478864,True,
sano,3,4993,0,82.19740145271412,27.39913381757137,50,60.88696403904749,1.1902147054332273,72.0,530.0,100,25.0,0.8878902070758597,72.58938977776671,True,
sano,3,4993,1,82.19740145271412,27.39913381757137,50,60.88696403904749,1.1902147054332273,72.0,530.0,100,25.0,0.8878902070758597,72.58938977776671,True,
sano,3,4993,2,82.19740145271412,27.39913381757137,50,60.88696403904749,1.1902147054332273,72.0,530.0,100,25.0,0.8878902070758597,72.58938977776671,True,
sano,3,4996,0,43.50803950742675,21.754019753713376,50,48.34226611936306,0.9449917061447312,72.0,530.0,100,25.0,0.7036394456697318,57.52667363408773,True,
sano,3,4996,1,43.50803950742675,21.754019753713376,50,48.34226611936306,0.9449917061447312,72.0,530.0,100,25.0,0.7036394456697318,57.52667363408773,True,
sano,3,5002,0,30.454732468118568,30.454732468118568,50,67.6771832624857,1.3229495017956898,72.0,530.0,150,25.0,0.6982417811276301,61.64070986929814,True,
sano,4,1672,0,41.69708780349222,20.84854390174611,30,77.21682926572632,1.5772180148189983,52.0,357.0,100,25.0,0.6741500956831222,55.11585123424821,True,
sano,4,1672,1,41.69708780349222,20.84854390174611,30,77.21682926572632,1.5772180148189983,52.0,357.0,100,25.0,0.6741500956831222,55.11585123424821,True,
sano,4,1676,0,50.58541963405942,25.29270981702971,50,56.20602181562158,1.0987119288120795,72.0,530.0,100,25.0,0.8190574349843127,66.96227188800077,True,
sano,4,1676,1,50.58541963405942,25.29270981702971,50,56.20602181562158,1.0987119288120795,72.0,530.0,100,25.0,0.8190574349843127,66.96227188800077,True,
sano,4,4548,0,62.94887640229775,31.474438201148875,50,69.94319600255305,1.3672453823424282,72.0,530.0,150,25.0,0.7217925180547505,63.71971699531824,True,
sano,4,4548,1,62.94887640229775,31.474438201148875,50,69.94319600255305,1.3672453823424282,72.0,530.0,150,25.0,0.7217925180547505,63.71971699531824,True,
sano,4,4657,0,52.68977645512904,26.34488822756452,50,58.54419606125449,1.1444184181228754,72.0,530.0,100,25.0,0.8534279189625306,69.77208458073359,True,
sano,4,4657,1,52.68977645512904,26.34488822756452,50,58.54419606125449,1.1444184181228754,72.0,530.0,100,25.0,0.8534279189625306,69.77208458073359,True,
sano,4,5959,0,77.59569242570048,25.865230808566825,50,57.47829068570405,1.1235821640477524,72.0,530.0,100,25.0,0.837756419616193,68.49092937513555,True,
sano,4,5959,1,77.59569242570048,25.865230808566825,50,57.47829068570405,1.1235821640477524,72.0,530.0,100,25.0,0.837756419616193,68.49092937513555,True,
sano,4,5959,2,77.59569242570048,25.865230808566825,50,57.47829068570405,1.1235821640477524,72.0,530.0,100,25.0,0.837756419616193,68.49092937513555,True,
sano,4,6226,0,123.47208798003354,30.868021995008384,50,68.59560443335197,1.340902743521541,72.0,530.0,150,25.0,0.7077855988952597,62.48321744468933,True,
sano,4,6226,1,123.47208798003354,30.868021995008384,50,68.59560443335197,1.340902743521541,72.0,530.0,150,25.0,0.7077855988952597,62.48321744468933,True,
sano,4,6226,2,123.47208798003354,30.868021995008384,50,68.59560443335197,1.340902743521541,72.0,530.0,150,25.0,0.7077855988952597,62.48321744468933,True,
sano,4,6226,3,123.47208798003354,30.868021995008384,50,68.59560443335197,1.340902743521541,72.0,530.0,150,25.0,0.7077855988952597,62.48321744468933,True,
sano,5,1503,0,130.4779860833122,32.61949652082805,50,72.48777004628455,1.4169865624737064,72.0,530.0,150,25.0,0.7482518169291823,66.05548172469634,True,
sano,5,1503,1,130.4779860833122,32.61949652082805,50,72.48777004628455,1.4169865624737064,72.0,530.0,150,25.0,0.7482518169291823,66.05548172469634,True,
sano,5,1503,2,130.4779860833122,32.61949652082805,50,72.48777004628455,1.4169865624737064,72.0,530.0,150,25.0,0.7482518169291823,66.05548172469634,True,
sano,5,1503,3,130.4779860833122,32.61949652082805,50,72.48777004628455,1.4169865624737064,72.0,530.0,150,25.0,0.7482518169291823,66.05548172469634,True,
sano,6,4812,0,108.54499833144897,27.13624958286224,50,60.30277685080498,1.1787950494667052,72.0,530.0,100,25.0,0.8792944937154955,71.88668810834632,True,
sano,6,4812,1,108.54499833144897,27.13624958286224,50,60.30277685080498,1.1787950494667052,72.0,530.0,100,25.0,0.8792944937154955,71.88668810834632,True,
sano,6,4812,2,108.54499833144897,27.13624958286224,50,60.30277685080498,1.1787950494667052,72.0,530.0,100,25.0,0.8792944937154955,71.88668810834632,True,
sano,6,4812,3,108.54499833144897,27.13624958286224,50,60.30277685080498,1.1787950494667052,72.0,530.0,100,25.0,0.8792944937154955,71.88668810834632,True,
sano,6,4817,0,9.462501426724302,9.462501426724302,20,52.56945237069057,0.8965932588620124,41.0,231.0,60,25.0,0.47924397407881325,34.39809516101793,True,
sano,6,4818,0,8.818356884814522,8.818356884814522,20,48.9908715823029,0.835559117046406,41.0,231.0,60,25.0,0.4464668048492269,32.045948041949714,True,
sano,6,4820,0,13.63763049833936,13.63763049833936,20,75.76461387966312,1.2921961139291367,41.0,231.0,60,25.0,0.6922456500762477,49.68183436277994,True,
sano,6,4821,0,44.29871863069983,22.149359315349916,50,49.22079847855537,0.9621652037827323,72.0,530.0,100,25.0,0.7165203518139779,58.579714535541946,True,
sano,6,4821,1,44.29871863069983,22.149359315349916,50,49.22079847855537,0.9621652037827323,72.0,530.0,100,25.0,0.7165203518139779,58.579714535541946,True,
sano,6,4823,0,8.951912237985947,8.951912237985947,20,49.732845766588596,0.8482137866668773,41.0,231.0,60,25.0,0.453260884367537,32.53350861672738,True,
sano,6,4824,0,58.383175665795335,29.191587832897667,50,64.87019518421704,1.2680786679241152,72.0,530.0,150,25.0,0.669084311674353,59.06674830655009,True,
sano,6,4824,1,58.383175665795335,29.191587832897667,50,64.87019518421704,1.2680786679241152,72.0,530.0,150,25.0,0.669084311674353,59.06674830655009,True,
sano,6,6227,0,116.61668723698732,29.15417180924683,50,64.78704846499295,1.2664533208651687,72.0,530.0,150,25.0,0.6682208923071931,58.9905273417202,True,
sano,6,6227,1,116.61668723698732,29.15417180924683,50,64.78704846499295,1.2664533208651687,72.0,530.0,150,25.0,0.6682208923071931,58.9905273417202,True,
sano,6,6227,2,116.61668723698732,29.15417180924683,50,64.78704846499295,1.2664533208651687,72.0,530.0,150,25.0,0.6682208923071931,58.9905273417202,True,
sano,6,6227,3,116.61668723698732,29.15417180924683,50,64.78704846499295,1.2664533208651687,72.0,530.0,150,25.0,0.6682208923071931,58.9905273417202,True,
sano,6,86,0,5.518538686146353,5.518538686146353,10,61.31709651273725,0.9924272465985221,27.0,122.0,60,25.0,0.27890965713338356,20.020702854490573,True,
sano,7,5030,0,57.73782144480862,28.86891072240431,50,64.15313493867625,1.2540616174373003,72.0,530.0,100,25.0,0.9359764729948746,76.52043936486665,True,
sano,7,5030,1,57.73782144480862,28.86891072240431,50,64.15313493867625,1.2540616174373003,72.0,530.0,100,25.0,0.9359764729948746,76.52043936486665,True,
sano,7,5032,0,107.50655891634302,26.876639729085756,50,59.725866064635014,1.1675176321695941,72.0,530.0,100,25.0,0.8708073303990832,71.19285966468377,True,
sano,7,5032,1,107.50655891634302,26.876639729085756,50,59.725866064635014,1.1675176321695941,72.0,530.0,100,25.0,0.8708073303990832,71.19285966468377,True,
sano,7,5032,2,107.50655891634302,26.876639729085756,50,59.725866064635014,1.1675176321695941,72.0,530.0,100,25.0,0.8708073303990832,71.19285966468377,True,
sano,7,5032,3,107.50655891634302,26.876639729085756,50,59.725866064635014,1.1675176321695941,72.0,530.0,100,25.0,0.8708073303990832,71.19285966468377,True,
sano,7,5039,0,72.64845575521285,24.216151918404282,50,53.81367092978729,1.0519463978020245,72.0,530.0,100,25.0,0.7839155711856652,64.08938538671846,True,
sano,7,5039,1,72.64845575521285,24.216151918404282,50,53.81367092978729,1.0519463978020245,72.0,530.0,100,25.0,0.7839155711856652,64.08938538671846,True,
sano,7,5039,2,72.64845575521285,24.216151918404282,50,53.81367092978729,1.0519463978020245,72.0,530.0,100,25.0,0.7839155711856652,64.08938538671846,True,
sano,7,5044,0,29.66483810483016,29.66483810483016,50,65.92186245517813,1.2886365963883752,72.0,530.0,150,25.0,0.6800064349755801,60.03093151296584,True,
sano,7,6150,0,77.37014049077904,25.79004683025968,50,57.31121517835484,1.1203161820940915,72.0,530.0,100,25.0,0.8353004436981424,68.29015152004611,True,
sano,7,6150,1,77.37014049077904,25.79004683025968,50,57.31121517835484,1.1203161820940915,72.0,530.0,100,25.0,0.8353004436981424,68.29015152004611,True,
sano,7,6150,2,77.37014049077904,25.79004683025968,50,57.31121517835484,1.1203161820940915,72.0,530.0,100,25.0,0.8353004436981424,68.29015152004611,True,
sano,8,3738,0,36.27239779797833,18.136198898989164,30,67.1711070332932,1.3720257759310706,52.0,357.0,60,25.0,0.9228271273242209,66.22381169677215,True,
sano,8,3738,1,36.27239779797833,18.136198898989164,30,67.1711070332932,1.3720257759310706,52.0,357.0,60,25.0,0.9228271273242209,66.22381169677215,True,
sano,8,3739,0,24.011319622763228,24.011319622763228,50,53.35848805058495,1.0430485102978844,72.0,530.0,100,25.0,0.7772321305488985,63.543005191088824,True,
sano,8,3740,0,84.12100481020468,28.040334936734894,50,62.31185541496643,1.218068396219585,72.0,530.0,100,25.0,0.9088623699899959,74.30386594574415,True,
sano,8,3740,1,84.12100481020468,28.040334936734894,50,62.31185541496643,1.218068396219585,72.0,530.0,100,25.0,0.9088623699899959,74.30386594574415,True,
sano,8,3740,2,84.12100481020468,28.040334936734894,50,62.31185541496643,1.218068396219585,72.0,530.0,100,25.0,0.9088623699899959,74.30386594574415,True,
sano,8,5010,0,86.51399108177586,28.83799702725862,50,64.08443783835249,1.2527187306582266,72.0,530.0,100,25.0,0.9349645903199779,76.43771826379066,True,
sano,8,5010,1,86.51399108177586,28.83799702725862,50,64.08443783835249,1.2527187306582266,72.0,530.0,100,25.0,0.9349645903199779,76.43771826379066,True,
sano,8,5010,2,86.51399108177586,28.83799702725862,50,64.08443783835249,1.2527187306582266,72.0,530.0,100,25.0,0.9349645903199779,76.43771826379066,True,
sano,8,5016,0,22.97349508715068,22.97349508715068,50,51.05221130477929,0.9979655513923262,72.0,530.0,100,25.0,0.7433831436425803,60.77579804760362,True,
sano,8,5017,0,37.35400718672521,18.677003593362606,30,69.17408738282447,1.4129383168972067,52.0,357.0,60,25.0,0.9506230418178131,68.21767512814701,True,
sano,8,5017,1,37.35400718672521,18.677003593362606,30,69.17408738282447,1.4129383168972067,52.0,357.0,60,25.0,0.9506230418178131,68.21767512814701,True,
sano,8,5020,0,58.070484326987895,29.035242163493947,50,64.52276036331988,1.2612870329733863,72.0,530.0,150,25.0,0.6654765495742611,58.74826213009662,True,
sano,8,5020,1,58.070484326987895,29.035242163493947,50,64.52276036331988,1.2612870329733863,72.0,530.0,150,25.0,0.6654765495742611,58.74826213009662,True,
sano,8,91,0,30.63854257110417,30.63854257110417,50,68.08565015800927,1.3309341880648726,72.0,530.0,150,25.0,0.7024861556459427,62.0153941301866,True,
sano,9,258,0,64.88975521060296,32.44487760530148,50,72.09972801178107,1.4094011401574276,72.0,530.0,150,25.0,0.7442159096700336,65.69920157762766,True,
sano,9,258,1,64.88975521060296,32.44487760530148,50,72.09972801178107,1.4094011401574276,72.0,530.0,150,25.0,0.7442159096700336,65.69920157762766,True,
sano,9,259,0,42.40102165239389,21.200510826196943,30,78.52041046739608,1.6038447459941094,52.0,357.0,100,25.0,0.6856107731362099,56.05278915450881,True,
sano,9,259,1,42.40102165239389,21.200510826196943,30,78.52041046739608,1.6038447459941094,52.0,357.0,100,25.0,0.6856107731362099,56.05278915450881,True,
sano,10,1692,0,104.82439307651168,34.94146435883723,50,77.64769857519384,1.5178525345421072,72.0,530.0,150,25.0,0.8019502385464724,70.79583974388551,True,
sano,10,1692,1,104.82439307651168,34.94146435883723,50,77.64769857519384,1.5178525345421072,72.0,530.0,150,25.0,0.8019502385464724,70.79583974388551,True,
sano,10,1692,2,104.82439307651168,34.94146435883723,50,77.64769857519384,1.5178525345421072,72.0,530.0,150,25.0,0.8019502385464724,70.79583974388551,True,
sano,10,5555,0,79.98381114699022,26.661270382330073,50,59.24726751628905,1.1581620165755064,72.0,530.0,100,25.0,0.8637675969587749,70.6173585199396,True,
sano,10,5555,1,79.98381114699022,26.661270382330073,50,59.24726751628905,1.1581620165755064,72.0,530.0,100,25.0,0.8637675969587749,70.6173585199396,True,
sano,10,5555,2,79.98381114699022,26.661270382330073,50,59.24726751628905,1.1581620165755064,72.0,530.0,100,25.0,0.8637675969587749,70.6173585199396,True,
sano,10,6230,0,15.961181508134462,15.961181508134462,30,59.11548706716467,1.2074830324393613,52.0,357.0,60,25.0,0.8112023632415073,58.21623361678713,True,
sano,10,6235,0,35.50862973723848,17.75431486861924,30,65.75672173562681,1.3431357788593477,52.0,357.0,60,25.0,0.903209189381904,64.81654406568573,True,
sano,10,6235,1,35.50862973723848,17.75431486861924,30,65.75672173562681,1.3431357788593477,52.0,357.0,60,25.0,0.903209189381904,64.81654406568573,True,
sano,10,6237,0,56.56115778654327,28.280578893271635,50,62.845730873936965,1.2285045615328882,72.0,530.0,100,25.0,0.9167225004707715,74.9464311075711,True,
sano,10,6237,1,56.56115778654327,28.280578893271635,50,62.845730873936965,1.2285045615328882,72.0,530.0,100,25.0,0.9167225004707715,74.9464311075711,True,
sano,10,6238,0,36.24356653170006,18.12178326585003,30,67.11771579944455,1.3709352155356196,52.0,357.0,60,25.0,0.9220864268472778,66.17067893115103,True,
sano,10,6238,1,36.24356653170006,18.12178326585003,30,67.11771579944455,1.3709352155356196,52.0,357.0,60,25.0,0.9220864268472778,66.17067893115103,True,
sano,11,4353,0,65.84248029706876,32.92124014853438,50,73.15831144118751,1.4300942652703739,72.0,530.0,150,25.0,0.7552266963059835,66.67120701107542,True,
sano,11,4353,1,65.84248029706876,32.92124014853438,50,73.15831144118751,1.4300942652703739,72.0,530.0,150,25.0,0.7552266963059835,66.67120701107542,True,
sano,11,5712,0,66.62685009072281,33.313425045361406,50,74.02983343413645,1.4471307246913276,72.0,530.0,150,25.0,0.7642936296770266,67.47161328457665,True,
sano,11,5712,1,66.62685009072281,33.313425045361406,50,74.02983343413645,1.4471307246913276,72.0,530.0,150,25.0,0.7642936296770266,67.47161328457665,True,
sano,11,5713,0,74.20532736946946,24.735109123156487,50,54.966909162569976,1.0744898293097196,72.0,530.0,100,25.0,0.8008526337661692,65.47401074752915,True,
sano,11,5713,1,74.20532736946946,24.735109123156487,50,54.966909162569976,1.0744898293097196,72.0,530.0,100,25.0,0.8008526337661692,65.47401074752915,True,
sano,11,5713,2,74.20532736946946,24.735109123156487,50,54.966909162569976,1.0744898293097196,72.0,530.0,100,25.0,0.8008526337661692,65.47401074752915,True,
sano,12,1425,0,31.807084034209417,31.807084034209417,50,70.68240896490981,1.3816954728031652,72.0,530.0,150,25.0,0.7294776230034472,64.3981404191371,True,
sano,12,1427,0,58.08741025368624,29.04370512684312,50,64.54156694854026,1.2616546629684364,72.0,530.0,150,25.0,0.6656718303208701,58.765501134100376,True,
sano,12,1427,1,58.08741025368624,29.04370512684312,50,64.54156694854026,1.2616546629684364,72.0,530.0,150,25.0,0.6656718303208701,58.765501134100376,True,
sano,12,1450,0,79.84833967028902,26.616113223429675,50,59.14691827428816,1.1562003956375349,72.0,530.0,100,25.0,0.8622916829267118,70.49670186577973,True,
sano,12,1450,1,79.84833967028902,26.616113223429675,50,59.14691827428816,1.1562003956375349,72.0,530.0,100,25.0,0.8622916829267118,70.49670186577973,True,
sano,12,1450,2,79.84833967028902,26.616113223429675,50,59.14691827428816,1.1562003956375349,72.0,530.0,100,25.0,0.8622916829267118,70.49670186577973,True,
sano,12,5207,0,98.1585950728474,32.71953169094913,50,72.7100704243314,1.4213320768732265,72.0,530.0,150,25.0,0.7505640450818603,66.25959960003748,True,
sano,12,5207,1,98.1585950728474,32.71953169094913,50,72.7100704243314,1.4213320768732265,72.0,530.0,150,25.0,0.7505640450818603,66.25959960003748,True,
sano,12,5207,2,98.1585950728474,32.71953169094913,50,72.7100704243314,1.4213320768732265,72.0,530.0,150,25.0,0.7505640450818603,66.25959960003748,True,
sano,12,5231,0,19.62803267951052,19.62803267951052,30,72.69641733152045,1.4848848381678703,52.0,357.0,60,25.0,0.9995432508827391,71.72671539372914,True,
sano,13,1905,0,23.28234146745857,23.28234146745857,50,51.738536594352375,1.0113817968112426,72.0,530.0,100,25.0,0.7534538223438046,61.599092909385845,True,
sano,13,5049,0,14.769473083064202,14.769473083064202,30,54.70175215949704,1.11732882285569,52.0,357.0,60,25.0,0.7501541397946421,53.836515830050416,True,
sano,13,5051,0,61.73836354306632,30.86918177153316,50,68.59818171451813,1.3409531240585317,72.0,530.0,150,25.0,0.7078123834448239,62.48558192600899,True,
sano,13,5051,1,61.73836354306632,30.86918177153316,50,68.59818171451813,1.3409531240585317,72.0,530.0,150,25.0,0.7078123834448239,62.48558192600899,True,
sano,13,5053,0,55.65849767260031,27.829248836300156,50,61.84277519177813,1.2088988442723312,72.0,530.0,100,25.0,0.9019572505375587,73.73937233509616,True,
sano,13,5053,1,55.65849767260031,27.829248836300156,50,61.84277519177813,1.2088988442723312,72.0,530.0,100,25.0,0.9019572505375587,73.73937233509616,True,
sano,13,5055,0,17.77089238754112,17.77089238754112,30,65.818119953856,1.3443898885759695,52.0,357.0,60,25.0,0.9040606309990619,64.87762163426156,True,
sano,14,4826,0,232.87447136593315,33.267781623704735,50,73.92840360823274,1.4451479805643137,72.0,530.0,150,25.0,0.7632383120329949,67.3784524984116,True,
sano,14,4826,1,232.87447136593315,33.267781623704735,50,73.92840360823274,1.4451479805643137,72.0,530.0,150,25.0,0.7632383120329949,67.3784524984116,True,
sano,14,4826,2,232.87447136593315,33.267781623704735,50,73.92840360823274,1.4451479805643137,72.0,530.0,150,25.0,0.7632383120329949,67.3784524984116,True,
sano,14,4826,3,232.87447136593315,33.267781623704735,50,73.92840360823274,1.4451479805643137,72.0,530.0,150,25.0,0.7632383120329949,67.3784524984116,True,
sano,14,4826,4,232.87447136593315,33.267781623704735,50,73.92840360823274,1.4451479805643137,72.0,530.0,150,25.0,0.7632383120329949,67.3784524984116,True,
sano,14,4826,5,232.87447136593315,33.267781623704735,50,73.92840360823274,1.4451479805643137,72.0,530.0,150,25.0,0.7632383120329949,67.3784524984116,True,
sano,14,4826,6,232.87447136593315,33.267781623704735,50,73.92840360823274,1.4451479805643137,72.0,530.0,150,25.0,0.7632383120329949,67.3784524984116,True,
sano,14,6186,0,131.67341978244067,32.91835494561017,50,73.15189987913371,1.4299689324415545,72.0,530.0,150,25.0,0.7551599994262878,66.66531917505347,True,
sano,14,6186,1,131.67341978244067,32.91835494561017,50,73.15189987913371,1.4299689324415545,72.0,530.0,150,25.0,0.7551599994262878,66.66531917505347,True,
sano,14,6186,2,131.67341978244067,32.91835494561017,50,73.15189987913371,1.4299689324415545,72.0,530.0,150,25.0,0.7551599994262878,66.66531917505347,True,
sano,14,6186,3,131.67341978244067,32.91835494561017,50,73.15189987913371,1.4299689324415545,72.0,530.0,150,25.0,0.7551599994262878,66.66531917505347,True,
sano,15,1720,0,38.44723425949665,19.223617129748327,30,71.19858196203084,1.454290303913397,52.0,357.0,60,25.0,0.9787342068200712,70.23410347774096,True,
sano,15,1720,1,38.44723425949665,19.223617129748327,30,71.19858196203084,1.454290303913397,52.0,357.0,60,25.0,0.9787342068200712,70.23410347774096,True,
sano,15,1725,0,69.73945014596109,34.86972507298054,50,77.48827793995676,1.514736189567393,72.0,530.0,150,25.0,0.8002902972596021,70.6493046627123,True,
sano,15,1725,1,69.73945014596109,34.86972507298054,50,77.48827793995676,1.514736189567393,72.0,530.0,150,25.0,0.8002902972596021,70.6493046627123,True,
sano,15,4809,0,14.724972163791614,14.724972163791614,30,54.53693393996894,1.1139622735233479,52.0,357.0,60,25.0,0.7478759975523985,53.67307300764022,True,
sano,15,5772,0,12.250286482443354,12.250286482443354,20,68.0571471246853,1.160742153049205,41.0,231.0,60,25.0,0.6213615178331198,44.59592288710246,True,
sano,15,5773,0,25.261330511806733,25.261330511806733,50,56.136290026237184,1.0973488159935743,72.0,530.0,100,25.0,0.8180327690736601,66.87850449380481,True,
sano,16,1421,0,25.308043268659212,25.308043268659212,50,56.24009615257602,1.099378011898355,72.0,530.0,100,25.0,0.8195581442978463,67.00320533749417,True,
sano,16,1434,0,80.6254297137233,26.875143237907768,50,59.72254052868393,1.16745262479314,72.0,530.0,100,25.0,0.8707584113982069,71.18886051776899,True,
sano,16,1434,1,80.6254297137233,26.875143237907768,50,59.72254052868393,1.16745262479314,72.0,530.0,100,25.0,0.8707584113982069,71.18886051776899,True,
sano,16,1434,2,80.6254297137233,26.875143237907768,50,59.72254052868393,1.16745262479314,72.0,530.0,100,25.0,0.8707584113982069,71.18886051776899,True,
sano,16,1435,0,12.521543117955748,12.521543117955748,20,69.56412843308749,1.1864443283889234,41.0,231.0,60,25.0,0.6352125965829086,45.58975751490042,True,
sano,16,5629,0,48.68988032928918,24.34494016464459,50,54.099867032543536,1.057540941979325,72.0,530.0,100,25.0,0.7881182502567542,64.43295976974217,True,
sano,16,5629,1,48.68988032928918,24.34494016464459,50,54.099867032543536,1.057540941979325,72.0,530.0,100,25.0,0.7881182502567542,64.43295976974217,True,
sano,17,1525,0,115.54315797056924,28.88578949264231,50,64.19064331698291,1.254794828957075,72.0,530.0,100,25.0,0.936528966286254,76.56560551892042,True,
sano,17,1525,1,115.54315797056924,28.88578949264231,50,64.19064331698291,1.254794828957075,72.0,530.0,100,25.0,0.936528966286254,76.56560551892042,True,
sano,17,1525,2,115.54315797056924,28.88578949264231,50,64.19064331698291,1.254794828957075,72.0,530.0,100,25.0,0.936528966286254,76.56560551892042,True,
sano,17,1525,3,115.54315797056924,28.88578949264231,50,64.19064331698291,1.254794828957075,72.0,530.0,100,25.0,0.936528966286254,76.56560551892042,True,
sano,17,3600,0,123.79739222802128,30.94934805700532,50,68.77632901556737,1.3444355367685177,72.0,530.0,150,25.0,0.7096638253757365,62.64902315091299,True,
sano,17,3600,1,123.79739222802128,30.94934805700532,50,68.77632901556737,1.3444355367685177,72.0,530.0,150,25.0,0.7096638253757365,62.64902315091299,True,
sano,17,3600,2,123.79739222802128,30.94934805700532,50,68.77632901556737,1.3444355367685177,72.0,530.0,150,25.0,0.7096638253757365,62.64902315091299,True,
sano,17,3600,3,123.79739222802128,30.94934805700532,50,68.77632901556737,1.3444355367685177,72.0,530.0,150,25.0,0.7096638253757365,62.64902315091299,True,
sano,17,3602,0,114.8346008565322,28.70865021413305,50,63.79700047585122,1.2470999224101993,72.0,530.0,100,25.0,0.9307309728752752,76.09162120727689,True,
sano,17,3602,1,114.8346008565322,28.70865021413305,50,63.79700047585122,1.2470999224101993,72.0,530.0,100,25.0,0.9307309728752752,76.09162120727689,True,
sano,17,3602,2,114.8346008565322,28.70865021413305,50,63.79700047585122,1.2470999224101993,72.0,530.0,100,25.0,0.9307309728752752,76.09162120727689,True,
sano,17,3602,3,114.8346008565322,28.70865021413305,50,63.79700047585122,1.2470999224101993,72.0,530.0,100,25.0,0.9307309728752752,76.09162120727689,True,
sano,17,3603,0,120.84075383587316,30.21018845896829,50,67.13375213104064,1.3123265427724524,72.0,530.0,150,25.0,0.6925955630878396,61.14227371325583,True,
sano,17,3603,1,120.84075383587316,30.21018845896829,50,67.13375213104064,1.3123265427724524,72.0,530.0,150,25.0,0.6925955630878396,61.14227371325583,True,
sano,17,3603,2,120.84075383587316,30.21018845896829,50,67.13375213104064,1.3123265427724524,72.0,530.0,150,25.0,0.6925955630878396,61.14227371325583,True,
sano,17,3603,3,120.84075383587316,30.21018845896829,50,67.13375213104064,1.3123265427724524,72.0,530.0,150,25.0,0.6925955630878396,61.14227371325583,True,
sano,17,5202,0,68.9910100322999,34.49550501614995,50,76.65667781366655,1.4984801203911409,72.0,530.0,150,25.0,0.7916323077625028,69.88500074864237,True,
sano,17,5202,1,68.9910100322999,34.49550501614995,50,76.65667781366655,1.4984801203911409,72.0,530.0,150,25.0,0.7916323077625028,69.88500074864237,True,
sano,17,5225,0,188.6394563879464,31.43990939799107,50,69.86646532886904,1.3657454557552209,72.0,530.0,150,25.0,0.7209948692134086,63.649302367002534,True,
sano,17,5225,1,188.6394563879464,31.43990939799107,50,69.86646532886904,1.3657454557552209,72.0,530.0,150,25.0,0.7209948692134086,63.649302367002534,True,
sano,17,5225,2,188.6394563879464,31.43990939799107,50,69.86646532886904,1.3657454557552209,72.0,530.0,150,25.0,0.7209948692134086,63.649302367002534,True,
sano,17,5225,3,188.6394563879464,31.43990939799107,50,69.86646532886904,1.3657454557552209,72.0,530.0,150,25.0,0.7209948692134086,63.649302367002534,True,
sano,17,5225,4,188.6394563879464,31.43990939799107,50,69.86646532886904,1.3657454557552209,72.0,530.0,150,25.0,0.7209948692134086,63.649302367002534,True,
sano,17,5225,5,188.6394563879464,31.43990939799107,50,69.86646532886904,1.3657454557552209,72.0,530.0,150,25.0,0.7209948692134086,63.649302367002534,True,
sano,17,864,0,90.26657448309288,30.08885816103096,50,66.86412924673546,1.307055970871125,72.0,530.0,150,25.0,0.6897944376389037,60.89499622971076,True,
sano,17,864,1,90.26657448309288,30.08885816103096,50,66.86412924673546,1.307055970871125,72.0,530.0,150,25.0,0.6897944376389037,60.89499622971076,True,
sano,17,864,2,90.26657448309288,30.08885816103096,50,66.86412924673546,1.307055970871125,72.0,530.0,150,25.0,0.6897944376389037,60.89499622971076,True,
sano,18,5203,0,29.914696327678524,29.914696327678524,50,66.47710295039671,1.299490404143306,72.0,530.0,150,25.0,0.6857738813606385,60.540069868982904,True,
sano,18,5209,0,62.14623784604044,31.07311892302022,50,69.05137538448938,1.3498121266204446,72.0,530.0,150,25.0,0.7125224529666173,62.90137647347346,True,
sano,18,5209,1,62.14623784604044,31.07311892302022,50,69.05137538448938,1.3498121266204446,72.0,530.0,150,25.0,0.7125224529666173,62.90137647347346,True,
sano,18,5227,0,51.67057609669707,25.835288048348534,50,57.4117512185523,1.1222814545519577,72.0,530.0,100,25.0,0.8367782882114111,68.41096641409248,True,
sano,18,5227,1,51.67057609669707,25.835288048348534,50,57.4117512185523,1.1222814545519577,72.0,530.0,100,25.0,0.8367782882114111,68.41096641409248,True,
sano,18,856,0,106.84526451517942,26.711316128794856,50,59.358480286210785,1.160335997102897,72.0,530.0,100,25.0,0.8654033414314827,70.75108135955462,True,
sano,18,856,1,106.84526451517942,26.711316128794856,50,59.358480286210785,1.160335997102897,72.0,530.0,100,25.0,0.8654033414314827,70.75108135955462,True,
sano,18,856,2,106.84526451517942,26.711316128794856,50,59.358480286210785,1.160335997102897,72.0,530.0,100,25.0,0.8654033414314827,70.75108135955462,True,
sano,18,856,3,106.84526451517942,26.711316128794856,50,59.358480286210785,1.160335997102897,72.0,530.0,100,25.0,0.8654033414314827,70.75108135955462,True,
sano,18,860,0,12.84910126629152,12.84910126629152,20,71.38389592384178,1.2174811984974698,41.0,231.0,60,25.0,0.6519439824338795,46.790242331756986,True,
sano,19,1467,0,38.298272766834735,19.149136383417368,30,70.92272734599025,1.448655743753034,52.0,357.0,60,25.0,0.9749028328169678,69.95927992868054,True,
sano,19,1467,1,38.298272766834735,19.149136383417368,30,70.92272734599025,1.448655743753034,52.0,357.0,60,25.0,0.9749028328169678,69.95927992868054,True,
sano,19,1469,0,43.55205196936814,21.77602598468407,50,48.39116885485348,0.945947653872381,72.0,530.0,100,25.0,0.7043563610202292,57.58528300319829,True,
sano,19,1469,1,43.55205196936814,21.77602598468407,50,48.39116885485348,0.945947653872381,72.0,530.0,100,25.0,0.7043563610202292,57.58528300319829,True,
sano,19,1479,0,39.48021992074765,19.740109960373825,30,73.11151837175491,1.4933636224543223,52.0,357.0,60,25.0,1.0053117734875356,72.14048100212274,True,
sano,19,1479,1,39.48021992074765,19.740109960373825,30,73.11151837175491,1.4933636224543223,52.0,357.0,60,25.0,1.0053117734875356,72.14048100212274,True,
sano,19,1494,0,30.044442737770268,30.044442737770268,50,66.76542830615615,1.3051265708300546,72.0,530.0,150,25.0,0.6887690686110794,60.804478789713464,True,
sano,19,1500,0,127.59417057607808,31.89854264401952,50,70.88565032004338,1.3856684225708202,72.0,530.0,150,25.0,0.7315907988208215,64.58468666957285,True,
sano,19,1500,1,127.59417057607808,31.89854264401952,50,70.88565032004338,1.3856684225708202,72.0,530.0,150,25.0,0.7315907988208215,64.58468666957285,True,
sano,19,1500,2,127.59417057607808,31.89854264401952,50,70.88565032004338,1.3856684225708202,72.0,530.0,150,25.0,0.7315907988208215,64.58468666957285,True,
sano,19,1500,3,127.59417057607808,31.89854264401952,50,70.88565032004338,1.3856684225708202,72.0,530.0,150,25.0,0.7315907988208215,64.58468666957285,True,
sano,19,4530,0,11.427677257772352,11.427677257772352,20,63.48709587651307,1.0827980817875908,41.0,231.0,60,25.0,0.5793816747330451,41.58373627482661,True,
sano,19,6012,0,2.304501834566845,2.304501834566845,10,25.60557593963161,0.4144304390221618,27.0,122.0,60,25.0,0.11627274255450477,8.346888772091326,True,
sano,19,6013,0,11.913280106579364,11.913280106579364,20,66.18488948099647,1.1288100421657334,41.0,231.0,60,25.0,0.6041587256248433,43.36158139042141,True,
sano,19,6034,0,126.62637092211358,31.656592730528395,50,70.34798384561866,1.375158150715775,72.0,530.0,150,25.0,0.7260006787740823,64.09120380621499,True,
sano,19,6034,1,126.62637092211358,31.656592730528395,50,70.34798384561866,1.375158150715775,72.0,530.0,150,25.0,0.7260006787740823,64.09120380621499,True,
sano,19,6034,2,126.62637092211358,31.656592730528395,50,70.34798384561866,1.375158150715775,72.0,530.0,150,25.0,0.7260006787740823,64.09120380621499,True,
sano,19,6034,3,126.62637092211358,31.656592730528395,50,70.34798384561866,1.375158150715775,72.0,530.0,150,25.0,0.7260006787740823,64.09120380621499,True,
sano,19,6035,0,37.34278337280037,18.671391686400185,30,69.1533025422229,1.41251376922614,52.0,357.0,60,25.0,0.9503345205206957,68.19697909293257,True,
sano,19,6035,1,37.34278337280037,18.671391686400185,30,69.1533025422229,1.41251376922614,52.0,357.0,60,25.0,0.9503345205206957,68.19697909293257,True,
sano,20,1706,0,193.56235234891463,32.26039205815244,50,71.68976012922765,1.401387112684199,72.0,530.0,150,25.0,0.7399523187034907,65.3228219602335,True,
sano,20,1706,1,193.56235234891463,32.26039205815244,50,71.68976012922765,1.401387112684199,72.0,530.0,150,25.0,0.7399523187034907,65.3228219602335,True,
sano,20,1706,2,193.56235234891463,32.26039205815244,50,71.68976012922765,1.401387112684199,72.0,530.0,150,25.0,0.7399523187034907,65.3228219602335,True,
sano,20,1706,3,193.56235234891463,32.26039205815244,50,71.68976012922765,1.401387112684199,72.0,530.0,150,25.0,0.7399523187034907,65.3228219602335,True,
sano,20,1706,4,193.56235234891463,32.26039205815244,50,71.68976012922765,1.401387112684199,72.0,530.0,150,25.0,0.7399523187034907,65.3228219602335,True,
sano,20,1706,5,193.56235234891463,32.26039205815244,50,71.68976012922765,1.401387112684199,72.0,530.0,150,25.0,0.7399523187034907,65.3228219602335,True,
sano,20,1708,0,67.56846674310292,33.78423337155146,50,75.07607415900324,1.4675825753594112,72.0,530.0,150,25.0,0.7751804732122499,68.43267606153596,True,
sano,20,1708,1,67.56846674310292,33.78423337155146,50,75.07607415900324,1.4675825753594112,72.0,530.0,150,25.0,0.7751804732122499,68.43267606153596,True,
sano,20,1710,0,35.44887802379071,17.724439011895356,30,65.64607041442724,1.3408756335151393,52.0,357.0,60,25.0,0.9016747677534773,64.70647329038444,True,
sano,20,1710,1,35.44887802379071,17.724439011895356,30,65.64607041442724,1.3408756335151393,52.0,357.0,60,25.0,0.9016747677534773,64.70647329038444,True,
sano,20,1714,0,27.93252402529828,27.93252402529828,50,62.07227561177396,1.2133851046581663,72.0,530.0,100,25.0,0.9053355011146399,74.01554442944627,True,
sano,20,4549,0,147.40554081716493,29.481108163432985,50,65.51357369651774,1.2806553923278636,72.0,530.0,150,25.0,0.6757658511778329,59.656581336392684,True,
sano,20,4549,1,147.40554081716493,29.481108163432985,50,65.51357369651774,1.2806553923278636,72.0,530.0,150,25.0,0.6757658511778329,59.656581336392684,True,
sano,20,4549,2,147.40554081716493,29.481108163432985,50,65.51357369651774,1.2806553923278636,72.0,530.0,150,25.0,0.6757658511778329,59.656581336392684,True,
sano,20,4549,3,147.40554081716493,29.481108163432985,50,65.51357369651774,1.2806553923278636,72.0,530.0,150,25.0,0.6757658511778329,59.656581336392684,True,
sano,20,4549,4,147.40554081716493,29.481108163432985,50,65.51357369651774,1.2806553923278636,72.0,530.0,150,25.0,0.6757658511778329,59.656581336392684,True,
sano,20,4639,0,28.50238402295959,28.50238402295959,50,63.338631162132415,1.2381397466760704,72.0,530.0,100,25.0,0.9239804872976536,75.53977048432478,True,
sano,20,4806,0,107.17837311596944,26.79459327899236,50,59.54354061998302,1.1639535453601368,72.0,530.0,100,25.0,0.8681253753085608,70.973608779325,True,
sano,20,4806,1,107.17837311596944,26.79459327899236,50,59.54354061998302,1.1639535453601368,72.0,530.0,100,25.0,0.8681253753085608,70.973608779325,True,
sano,20,4806,2,107.17837311596944,26.79459327899236,50,59.54354061998302,1.1639535453601368,72.0,530.0,100,25.0,0.8681253753085608,70.973608779325,True,
sano,20,4806,3,107.17837311596944,26.79459327899236,50,59.54354061998302,1.1639535453601368,72.0,530.0,100,25.0,0.8681253753085608,70.973608779325,True,
sano,20,4807,0,73.8594383855048,24.61981279516827,50,54.710695100373925,1.0694813722552845,72.0,530.0,100,25.0,0.7970892324777201,65.16634840084309,True,
sano,20,4807,1,73.8594383855048,24.61981279516827,50,54.710695100373925,1.0694813722552845,72.0,530.0,100,25.0,0.7970892324777201,65.16634840084309,True,
sano,20,4807,2,73.8594383855048,24.61981279516827,50,54.710695100373925,1.0694813722552845,72.0,530.0,100,25.0,0.7970892324777201,65.16634840084309,True,
sano,21,1679,0,63.91042962944464,31.95521481472232,50,71.01158847716071,1.3881302540801082,72.0,530.0,150,25.0,0.73290027022121,64.70028374879514,True,
sano,21,1679,1,63.91042962944464,31.95521481472232,50,71.01158847716071,1.3881302540801082,72.0,530.0,150,25.0,0.73290027022121,64.70028374879514,True,
sano,21,3793,0,204.5083651894348,34.08472753157247,50,75.74383895904992,1.4806360014470799,72.0,530.0,150,25.0,0.7821302813866147,69.04618704079535,True,
sano,21,3793,1,204.5083651894348,34.08472753157247,50,75.74383895904992,1.4806360014470799,72.0,530.0,150,25.0,0.7821302813866147,69.04618704079535,True,
sano,21,3793,2,204.5083651894348,34.08472753157247,50,75.74383895904992,1.4806360014470799,72.0,530.0,150,25.0,0.7821302813866147,69.04618704079535,True,
sano,21,3793,3,204.5083651894348,34.08472753157247,50,75.74383895904992,1.4806360014470799,72.0,530.0,150,25.0,0.7821302813866147,69.04618704079535,True,
sano,21,3793,4,204.5083651894348,34.08472753157247,50,75.74383895904992,1.4806360014470799,72.0,530.0,150,25.0,0.7821302813866147,69.04618704079535,True,
sano,21,3793,5,204.5083651894348,34.08472753157247,50,75.74383895904992,1.4806360014470799,72.0,530.0,150,25.0,0.7821302813866147,69.04618704079535,True,
sano,21,57,0,266.7013119198809,33.33766398998511,50,74.08369775552246,1.448183661201197,72.0,530.0,150,25.0,0.7648540654655752,67.52108714316901,True,
sano,21,57,1,266.7013119198809,33.33766398998511,50,74.08369775552246,1.448183661201197,72.0,530.0,150,25.0,0.7648540654655752,67.52108714316901,True,
sano,21,57,2,266.7013119198809,33.33766398998511,50,74.08369775552246,1.448183661201197,72.0,530.0,150,25.0,0.7648540654655752,67.52108714316901,True,
sano,21,57,3,266.7013119198809,33.33766398998511,50,74.08369775552246,1.448183661201197,72.0,530.0,150,25.0,0.7648540654655752,67.52108714316901,True,
sano,21,57,4,266.7013119198809,33.33766398998511,50,74.08369775552246,1.448183661201197,72.0,530.0,150,25.0,0.7648540654655752,67.52108714316901,True,
sano,21,57,5,266.7013119198809,33.33766398998511,50,74.08369775552246,1.448183661201197,72.0,530.0,150,25.0,0.7648540654655752,67.52108714316901,True,
sano,21,57,6,266.7013119198809,33.33766398998511,50,74.08369775552246,1.448183661201197,72.0,530.0,150,25.0,0.7648540654655752,67.52108714316901,True,
sano,21,57,7,266.7013119198809,33.33766398998511,50,74.08369775552246,1.448183661201197,72.0,530.0,150,25.0,0.7648540654655752,67.52108714316901,True,
sano,21,6241,0,130.8141606638303,32.70354016595758,50,72.67453370212795,1.4206374071681918,72.0,530.0,150,25.0,0.7501944072252054,66.22696887151167,True,
sano,21,6241,1,130.8141606638303,32.70354016595758,50,72.67453370212795,1.4206374071681918,72.0,530.0,150,25.0,0.7501944072252054,66.22696887151167,True,
sano,21,6241,2,130.8141606638303,32.70354016595758,50,72.67453370212795,1.4206374071681918,72.0,530.0,150,25.0,0.7501944072252054,66.22696887151167,True,
sano,21,6241,3,130.8141606638303,32.70354016595758,50,72.67453370212795,1.4206374071681918,72.0,530.0,150,25.0,0.7501944072252054,66.22696887151167,True,
sano,21,6242,0,123.93820259836184,30.98455064959046,50,68.85455699908991,1.3459647326782562,72.0,530.0,150,25.0,0.7104768519851389,62.72079534699695,True,
sano,21,6242,1,123.93820259836184,30.98455064959046,50,68.85455699908991,1.3459647326782562,72.0,530.0,150,25.0,0.7104768519851389,62.72079534699695,True,
sano,21,6242,2,123.93820259836184,30.98455064959046,50,68.85455699908991,1.3459647326782562,72.0,530.0,150,25.0,0.7104768519851389,62.72079534699695,True,
sano,21,6242,3,123.93820259836184,30.98455064959046,50,68.85455699908991,1.3459647326782562,72.0,530.0,150,25.0,0.7104768519851389,62.72079534699695,True,
sano,21,88,0,139.90744429130228,34.97686107282557,50,77.72635793961238,1.519390163059616,72.0,530.0,150,25.0,0.8027692870126115,70.86814309863261,True,
sano,21,88,1,139.90744429130228,34.97686107282557,50,77.72635793961238,1.519390163059616,72.0,530.0,150,25.0,0.8027692870126115,70.86814309863261,True,
sano,21,88,2,139.90744429130228,34.97686107282557,50,77.72635793961238,1.519390163059616,72.0,530.0,150,25.0,0.8027692870126115,70.86814309863261,True,
sano,21,88,3,139.90744429130228,34.97686107282557,50,77.72635793961238,1.519390163059616,72.0,530.0,150,25.0,0.8027692870126115,70.86814309863261,True,
sano,22,1798,0,56.58368079187122,28.29184039593561,50,62.87075643541246,1.228993759701165,72.0,530.0,100,25.0,0.9170909773651947,74.97655405398801,True,
sano,22,1798,1,56.58368079187122,28.29184039593561,50,62.87075643541246,1.228993759701165,72.0,530.0,100,25.0,0.9170909773651947,74.97655405398801,True,
sano,22,1804,0,24.71820165772516,24.71820165772516,50,54.929337017167015,1.073755371274588,72.0,530.0,100,25.0,0.8003007370301486,65.42889256942581,True,
sano,22,1809,0,99.60257540288045,33.200858467626816,50,73.77968548361514,1.4422408476225104,72.0,530.0,150,25.0,0.7616910284972365,67.2418621895828,True,
sano,22,1809,1,99.60257540288045,33.200858467626816,50,73.77968548361514,1.4422408476225104,72.0,530.0,150,25.0,0.7616910284972365,67.2418621895828,True,
sano,22,1809,2,99.60257540288045,33.200858467626816,50,73.77968548361514,1.4422408476225104,72.0,530.0,150,25.0,0.7616910284972365,67.2418621895828,True,
sano,22,829,0,96.0640207023923,32.02134023413077,50,71.15853385362392,1.3910027334477733,72.0,530.0,150,25.0,0.7344282132308828,64.83516697927092,True,
sano,22,829,1,96.0640207023923,32.02134023413077,50,71.15853385362392,1.3910027334477733,72.0,530.0,150,25.0,0.7344282132308828,64.83516697927092,True,
sano,22,829,2,96.0640207023923,32.02134023413077,50,71.15853385362392,1.3910027334477733,72.0,530.0,150,25.0,0.7344282132308828,64.83516697927092,True,
sano,23,1534,0,48.492671933306525,24.246335966653263,50,53.8807465925628,1.0532575888175741,72.0,530.0,100,25.0,0.7849005189456193,64.16990614116209,True,
sano,23,1534,1,48.492671933306525,24.246335966653263,50,53.8807465925628,1.0532575888175741,72.0,530.0,100,25.0,0.7849005189456193,64.16990614116209,True,
sano,23,1562,0,43.19646925275637,21.598234626378186,30,79.99346157917847,1.6339330411539257,52.0,357.0,100,25.0,0.6985646035944829,57.11179424292157,True,
sano,23,1562,1,43.19646925275637,21.598234626378186,30,79.99346157917847,1.6339330411539257,52.0,357.0,100,25.0,0.6985646035944829,57.11179424292157,True,
sano,23,1579,0,96.2148372091525,32.071612403050835,50,71.27024978455741,1.3931865497363127,72.0,530.0,150,25.0,0.7355898710821,64.93771540474488,True,
sano,23,1579,1,96.2148372091525,32.071612403050835,50,71.27024978455741,1.3931865497363127,72.0,530.0,150,25.0,0.7355898710821,64.93771540474488,True,
sano,23,1579,2,96.2148372091525,32.071612403050835,50,71.27024978455741,1.3931865497363127,72.0,530.0,150,25.0,0.7355898710821,64.93771540474488,True,
sano,23,3601,0,89.4107160087948,29.8035720029316,50,66.23016000651467,1.2946631783512152,72.0,530.0,150,25.0,0.683208728797849,60.31362347758614,True,
sano,23,3601,1,89.4107160087948,29.8035720029316,50,66.23016000651467,1.2946631783512152,72.0,530.0,150,25.0,0.683208728797849,60.31362347758614,True,
sano,23,3601,2,89.4107160087948,29.8035720029316,50,66.23016000651467,1.2946631783512152,72.0,530.0,150,25.0,0.683208728797849,60.31362347758614,True,
sano,23,3604,0,37.53673548136432,18.76836774068216,30,69.51247311363763,1.4198501271291388,52.0,357.0,60,25.0,0.955320535711134,68.55463219360601,True,
sano,23,3604,1,37.53673548136432,18.76836774068216,30,69.51247311363763,1.4198501271291388,52.0,357.0,60,25.0,0.955320535711134,68.55463219360601,True,
sano,24,1431,0,19.662829012763464,19.662829012763464,30,72.82529263986468,1.487517223619575,52.0,357.0,60,25.0,1.0013341128967161,71.85517088119691,True,
sano,24,179,0,227.33865352481197,32.476950503544565,50,72.17100111898792,1.4107943825638827,72.0,530.0,150,25.0,0.7449571747234732,65.76463867363391,True,
sano,24,179,1,227.33865352481197,32.476950503544565,50,72.17100111898792,1.4107943825638827,72.0,530.0,150,25.0,0.7449571747234732,65.76463867363391,True,
sano,24,179,2,227.33865352481197,32.476950503544565,50,72.17100111898792,1.4107943825638827,72.0,530.0,150,25.0,0.7449571747234732,65.76463867363391,True,
sano,24,179,3,227.33865352481197,32.476950503544565,50,72.17100111898792,1.4107943825638827,72.0,530.0,150,25.0,0.7449571747234732,65.76463867363391,True,
sano,24,179,4,227.33865352481197,32.476950503544565,50,72.17100111898792,1.4107943825638827,72.0,530.0,150,25.0,0.7449571747234732,65.76463867363391,True,
sano,24,179,5,227.33865352481197,32.476950503544565,50,72.17100111898792,1.4107943825638827,72.0,530.0,150,25.0,0.7449571747234732,65.76463867363391,True,
sano,24,179,6,227.33865352481197,32.476950503544565,50,72.17100111898792,1.4107943825638827,72.0,530.0,150,25.0,0.7449571747234732,65.76463867363391,True,
sano,24,3938,0,78.32777268818633,26.109257562728775,50,58.0205723616195,1.134182653583536,72.0,530.0,100,25.0,0.8457287006423339,69.14266882916367,True,
sano,24,3938,1,78.32777268818633,26.109257562728775,50,58.0205723616195,1.134182653583536,72.0,530.0,100,25.0,0.8457287006423339,69.14266882916367,True,
sano,24,3938,2,78.32777268818633,26.109257562728775,50,58.0205723616195,1.134182653583536,72.0,530.0,100,25.0,0.8457287006423339,69.14266882916367,True,
sano,25,3723,0,60.73825224874857,30.369126124374286,50,67.48694694305397,1.3192307736825597,72.0,530.0,150,25.0,0.6962651629721217,61.466218230858864,True,
sano,25,3723,1,60.73825224874857,30.369126124374286,50,67.48694694305397,1.3192307736825597,72.0,530.0,150,25.0,0.6962651629721217,61.466218230858864,True,
sano,26,1867,0,77.7269909779744,25.908996992658132,50,57.57554887257363,1.125483361226211,72.0,530.0,100,25.0,0.8391861520064345,68.60781103034226,True,
sano,26,1867,1,77.7269909779744,25.908996992658132,50,57.57554887257363,1.125483361226211,72.0,530.0,100,25.0,0.8391861520064345,68.60781103034226,True,
sano,26,1867,2,77.7269909779744,25.908996992658132,50,57.57554887257363,1.125483361226211,72.0,530.0,100,25.0,0.8391861520064345,68.60781103034226,True,
sano,26,4561,0,10.81231060708194,10.81231060708194,20,60.06839226156633,1.0244907097876992,41.0,231.0,60,25.0,0.5480022458670235,39.33209112182809,True,
sano,26,4562,0,68.20593793657383,34.102968968286916,50,75.78437548508204,1.4814284070161874,72.0,530.0,150,25.0,0.7825521997710216,69.08343288876033,True,
sano,26,4562,1,68.20593793657383,34.102968968286916,50,75.78437548508204,1.4814284070161874,72.0,530.0,150,25.0,0.7825521997710216,69.08343288876033,True,
sano,26,4564,0,20.547106707024486,20.547106707024486,30,76.1003952112018,1.554413919909923,52.0,357.0,100,25.0,0.6643368872419079,54.31359675659313,True,
sano,26,4565,0,46.457323841569725,23.228661920784862,50,51.61924871285524,1.0090499644891908,72.0,530.0,100,25.0,0.751703322879583,61.45598672162852,True,
sano,26,4565,1,46.457323841569725,23.228661920784862,50,51.61924871285524,1.0090499644891908,72.0,530.0,100,25.0,0.751703322879583,61.45598672162852,True,
sano,26,4566,0,3.1380671982947668,3.1380671982947668,10,34.8674133143863,0.5643347933870445,27.0,122.0,60,25.0,0.1583996848528711,11.370851895778426,True,
sano,26,4567,0,36.520246010495576,18.260123005247788,30,67.63008520462144,1.3814007871444474,52.0,357.0,60,25.0,0.929195045586558,66.68060101903247,True,
sano,26,4567,1,36.520246010495576,18.260123005247788,30,67.63008520462144,1.3814007871444474,52.0,357.0,60,25.0,0.929195045586558,66.68060101903247,True,
sano,26,4568,0,45.59336587071275,22.796682935356376,50,50.65929541190306,0.9902848551861595,72.0,530.0,100,25.0,0.7376186909506882,60.30454389527395,True,
sano,26,4568,1,45.59336587071275,22.796682935356376,50,50.65929541190306,0.9902848551861595,72.0,530.0,100,25.0,0.7376186909506882,60.30454389527395,True,
sano,27,4408,0,281.45340841425514,31.272600934917236,50,69.49466874426052,1.3584775985149236,72.0,530.0,150,25.0,0.7171300648707843,63.308126164120345,True,
sano,27,4408,1,281.45340841425514,31.272600934917236,50,69.49466874426052,1.3584775985149236,72.0,530.0,150,25.0,0.7171300648707843,63.308126164120345,True,
sano,27,4408,2,281.45340841425514,31.272600934917236,50,69.49466874426052,1.3584775985149236,72.0,530.0,150,25.0,0.7171300648707843,63.308126164120345,True,
sano,27,4408,3,281.45340841425514,31.272600934917236,50,69.49466874426052,1.3584775985149236,72.0,530.0,150,25.0,0.7171300648707843,63.308126164120345,True,
sano,27,4408,4,281.45340841425514,31.272600934917236,50,69.49466874426052,1.3584775985149236,72.0,530.0,150,25.0,0.7171300648707843,63.308126164120345,True,
sano,27,4408,5,281.45340841425514,31.272600934917236,50,69.49466874426052,1.3584775985149236,72.0,530.0,150,25.0,0.7171300648707843,63.308126164120345,True,
sano,27,4408,6,281.45340841425514,31.272600934917236,50,69.49466874426052,1.3584775985149236,72.0,530.0,150,25.0,0.7171300648707843,63.308126164120345,True,
sano,27,4408,7,281.45340841425514,31.272600934917236,50,69.49466874426052,1.3584775985149236,72.0,530.0,150,25.0,0.7171300648707843,63.308126164120345,True,
sano,27,4408,8,281.45340841425514,31.272600934917236,50,69.49466874426052,1.3584775985149236,72.0,530.0,150,25.0,0.7171300648707843,63.308126164120345,True,
sano,27,5776,0,273.57259345098385,34.19657418137298,50,75.99238706971774,1.4854946049428093,72.0,530.0,150,25.0,0.7847173144062529,69.274563511819,True,
sano,27,5776,1,273.57259345098385,34.19657418137298,50,75.99238706971774,1.4854946049428093,72.0,530.0,150,25.0,0.7847173144062529,69.274563511819,True,
sano,27,5776,2,273.57259345098385,34.19657418137298,50,75.99238706971774,1.4854946049428093,72.0,530.0,150,25.0,0.7847173144062529,69.274563511819,True,
sano,27,5776,3,273.57259345098385,34.19657418137298,50,75.99238706971774,1.4854946049428093,72.0,530.0,150,25.0,0.7847173144062529,69.274563511819,True,
sano,27,5776,4,273.57259345098385,34.19657418137298,50,75.99238706971774,1.4854946049428093,72.0,530.0,150,25.0,0.7847173144062529,69.274563511819,True,
sano,27,5776,5,273.57259345098385,34.19657418137298,50,75.99238706971774,1.4854946049428093,72.0,530.0,150,25.0,0.7847173144062529,69.274563511819,True,
sano,27,5776,6,273.57259345098385,34.19657418137298,50,75.99238706971774,1.4854946049428093,72.0,530.0,150,25.0,0.7847173144062529,69.274563511819,True,
sano,27,5776,7,273.57259345098385,34.19657418137298,50,75.99238706971774,1.4854946049428093,72.0,530.0,150,25.0,0.7847173144062529,69.274563511819,True,
sano,28,1685,0,96.57318668195754,32.19106222731918,50,71.53569383848706,1.3983754341131767,72.0,530.0,150,25.0,0.7383501531713845,65.18138659021079,True,
sano,28,1685,1,96.57318668195754,32.19106222731918,50,71.53569383848706,1.3983754341131767,72.0,530.0,150,25.0,0.7383501531713845,65.18138659021079,True,
sano,28,1685,2,96.57318668195754,32.19106222731918,50,71.53569383848706,1.3983754341131767,72.0,530.0,150,25.0,0.7383501531713845,65.18138659021079,True,
sano,28,1687,0,105.30113759900549,26.32528439975137,50,58.5006319994475,1.1435668304668076,72.0,530.0,100,25.0,0.8527873187341042,69.71971514876925,True,
sano,28,1687,1,105.30113759900549,26.32528439975137,50,58.5006319994475,1.1435668304668076,72.0,530.0,100,25.0,0.8527873187341042,69.71971514876925,True,
sano,28,1687,2,105.30113759900549,26.32528439975137,50,58.5006319994475,1.1435668304668076,72.0,530.0,100,25.0,0.8527873187341042,69.71971514876925,True,
sano,28,1687,3,105.30113759900549,26.32528439975137,50,58.5006319994475,1.1435668304668076,72.0,530.0,100,25.0,0.8527873187341042,69.71971514876925,True,
sano,28,1695,0,33.265931593986885,33.265931593986885,50,73.92429243108197,1.4450676155210123,72.0,530.0,150,25.0,0.7631955381328042,67.37467652599734,True,
sano,28,1696,0,141.07045134675784,28.214090269351566,50,62.69797837633681,1.225616304609856,72.0,530.0,100,25.0,0.9145470463152654,74.7685879354988,True,
sano,28,1696,1,141.07045134675784,28.214090269351566,50,62.69797837633681,1.225616304609856,72.0,530.0,100,25.0,0.9145470463152654,74.7685879354988,True,
sano,28,1696,2,141.07045134675784,28.214090269351566,50,62.69797837633681,1.225616304609856,72.0,530.0,100,25.0,0.9145470463152654,74.7685879354988,True,
sano,28,1696,3,141.07045134675784,28.214090269351566,50,62.69797837633681,1.225616304609856,72.0,530.0,100,25.0,0.9145470463152654,74.7685879354988,True,
sano,28,1696,4,141.07045134675784,28.214090269351566,50,62.69797837633681,1.225616304609856,72.0,530.0,100,25.0,0.9145470463152654,74.7685879354988,True,
sano,28,1698,0,101.92396722710912,33.974655742369706,50,75.49923498304379,1.475854497658137,72.0,530.0,150,25.0,0.7795844343920744,68.82144632594043,True,
sano,28,1698,1,101.92396722710912,33.974655742369706,50,75.49923498304379,1.475854497658137,72.0,530.0,150,25.0,0.7795844343920744,68.82144632594043,True,
sano,28,1698,2,101.92396722710912,33.974655742369706,50,75.49923498304379,1.475854497658137,72.0,530.0,150,25.0,0.7795844343920744,68.82144632594043,True,
sano,28,4427,0,166.35381382353938,33.270762764707875,50,73.9350283660175,1.4452774809304398,72.0,530.0,150,25.0,0.7633072380462279,67.38453711362116,True,
sano,28,4427,1,166.35381382353938,33.270762764707875,50,73.9350283660175,1.4452774809304398,72.0,530.0,150,25.0,0.7633072380462279,67.38453711362116,True,
sano,28,4427,2,166.35381382353938,33.270762764707875,50,73.9350283660175,1.4452774809304398,72.0,530.0,150,25.0,0.7633072380462279,67.38453711362116,True,
sano,28,4427,3,166.35381382353938,33.270762764707875,50,73.9350283660175,1.4452774809304398,72.0,530.0,150,25.0,0.7633072380462279,67.38453711362116,True,
sano,28,4427,4,166.35381382353938,33.270762764707875,50,73.9350283660175,1.4452774809304398,72.0,530.0,150,25.0,0.7633072380462279,67.38453711362116,True,
sano,29,1607,0,21.073044240847576,21.073044240847576,30,78.04831200313917,1.5942017418760304,52.0,357.0,100,25.0,0.6814599218035747,55.71344724511415,True,
sano,29,1616,0,16.168774313938844,16.168774313938844,30,59.88434931088461,1.223187683785975,52.0,357.0,60,25.0,0.821844899983194,58.97972610201066,True,
sano,29,1619,0,64.31365700097312,32.15682850048656,50,71.45961888997013,1.396888325602037,72.0,530.0,150,25.0,0.7375590541611219,65.11155024197997,True,
sano,29,1619,1,64.31365700097312,32.15682850048656,50,71.45961888997013,1.396888325602037,72.0,530.0,150,25.0,0.7375590541611219,65.11155024197997,True,
sano,29,1648,0,118.41254826153504,29.60313706538376,50,65.78474903418613,1.2859563114940213,72.0,530.0,150,25.0,0.6785823017015213,59.90521191426349,True,
sano,29,1648,1,118.41254826153504,29.60313706538376,50,65.78474903418613,1.2859563114940213,72.0,530.0,150,25.0,0.6785823017015213,59.90521191426349,True,
sano,29,1648,2,118.41254826153504,29.60313706538376,50,65.78474903418613,1.2859563114940213,72.0,530.0,150,25.0,0.6785823017015213,59.90521191426349,True,
sano,29,1648,3,118.41254826153504,29.60313706538376,50,65.78474903418613,1.2859563114940213,72.0,530.0,150,25.0,0.6785823017015213,59.90521191426349,True,
sano,29,1651,0,19.826836027413357,19.826836027413357,30,73.43272602745688,1.4999245562026833,52.0,357.0,60,25.0,1.009775976386742,72.46068872183056,True,
sano,29,4538,0,16.071762339250952,16.071762339250952,30,59.52504570092945,1.2158486084600433,52.0,357.0,60,25.0,0.8168711460614494,58.62291132067728,True,
sano,29,4539,0,29.698055528580586,29.698055528580586,50,65.9956789524013,1.2900795568296655,72.0,530.0,150,25.0,0.6807731496526311,60.09861552565073,True,
sano,29,82,0,6.228974003901127,6.228974003901127,10,69.21082226556808,1.1201884903596064,27.0,122.0,60,25.0,0.3149341257011429,22.606256174606045,True,
sano,29,83,0,33.40175412644282,33.40175412644282,50,74.22612028098403,1.4509677281499216,72.0,530.0,150,25.0,0.766335943249046,67.65190356942242,True,
sano,30,1497,0,112.05847869288648,28.01461967322162,50,62.254710384936935,1.2169513286147706,72.0,530.0,100,25.0,0.9080211113664627,74.23509306861739,True,
sano,30,1497,1,112.05847869288648,28.01461967322162,50,62.254710384936935,1.2169513286147706,72.0,530.0,100,25.0,0.9080211113664627,74.23509306861739,True,
sano,30,1497,2,112.05847869288648,28.01461967322162,50,62.254710384936935,1.2169513286147706,72.0,530.0,100,25.0,0.9080211113664627,74.23509306861739,True,
sano,30,1497,3,112.05847869288648,28.01461967322162,50,62.254710384936935,1.2169513286147706,72.0,530.0,100,25.0,0.9080211113664627,74.23509306861739,True,
sano,30,214,0,44.60323304904425,22.301616524522125,50,49.559147832271385,0.9687792365682785,72.0,530.0,100,25.0,0.7214820817060015,58.985345817413105,True,
sano,30,214,1,44.60323304904425,22.301616524522125,50,49.559147832271385,0.9687792365682785,72.0,530.0,100,25.0,0.7214820817060015,58.985345817413105,True,
sano,30,3598,0,28.00454860045486,28.00454860045486,50,62.23233022323302,1.2165138425618793,72.0,530.0,100,25.0,0.9076916465274989,74.20815932200306,True,
sano,31,1677,0,111.68643475241424,27.92160868810356,50,62.0480193068968,1.2129109438715362,72.0,530.0,100,25.0,0.9049784367867834,73.98635441475558,True,
sano,31,1677,1,111.68643475241424,27.92160868810356,50,62.0480193068968,1.2129109438715362,72.0,530.0,100,25.0,0.9049784367867834,73.98635441475558,True,
sano,31,1677,2,111.68643475241424,27.92160868810356,50,62.0480193068968,1.2129109438715362,72.0,530.0,100,25.0,0.9049784367867834,73.98635441475558,True,
sano,31,1677,3,111.68643475241424,27.92160868810356,50,62.0480193068968,1.2129109438715362,72.0,530.0,100,25.0,0.9049784367867834,73.98635441475558,True,
sano,31,6228,0,99.84783551389305,33.282611837964346,50,73.96135963992077,1.445792203086604,72.0,530.0,150,25.0,0.7635811976583979,67.40872157934082,True,
sano,31,6228,1,99.84783551389305,33.282611837964346,50,73.96135963992077,1.445792203086604,72.0,530.0,150,25.0,0.7635811976583979,67.40872157934082,True,
sano,31,6228,2,99.84783551389305,33.282611837964346,50,73.96135963992077,1.445792203086604,72.0,530.0,150,25.0,0.7635811976583979,67.40872157934082,True,
sano,31,6229,0,161.93985468353296,32.387970936706594,50,71.97326874823688,1.4069291220910967,72.0,530.0,150,25.0,0.7429007169794962,65.5830995224146,True,
sano,31,6229,1,161.93985468353296,32.387970936706594,50,71.97326874823688,1.4069291220910967,72.0,530.0,150,25.0,0.7429007169794962,65.5830995224146,True,
sano,31,6229,2,161.93985468353296,32.387970936706594,50,71.97326874823688,1.4069291220910967,72.0,530.0,150,25.0,0.7429007169794962,65.5830995224146,True,
sano,31,6229,3,161.93985468353296,32.387970936706594,50,71.97326874823688,1.4069291220910967,72.0,530.0,150,25.0,0.7429007169794962,65.5830995224146,True,
sano,31,6229,4,161.93985468353296,32.387970936706594,50,71.97326874823688,1.4069291220910967,72.0,530.0,150,25.0,0.7429007169794962,65.5830995224146,True,
sano,31,6231,0,23.820244497100997,23.820244497100997,50,52.933876660224435,1.0347482324161128,72.0,530.0,100,25.0,0.7709983936306993,63.03338844829538,True,
sano,31,6232,0,36.499062642074094,18.249531321037047,30,67.59085674458166,1.3805995131934612,52.0,357.0,60,25.0,0.9286507515620829,66.64155732179114,True,
sano,31,6232,1,36.499062642074094,18.249531321037047,30,67.59085674458166,1.3805995131934612,52.0,357.0,60,25.0,0.9286507515620829,66.64155732179114,True,
sano,32,1815,0,90.03666057391098,30.01222019130366,50,66.69382264734146,1.303726827724801,72.0,530.0,150,25.0,0.6880251962332111,60.738811283272675,True,
sano,32,1815,1,90.03666057391098,30.01222019130366,50,66.69382264734146,1.303726827724801,72.0,530.0,150,25.0,0.6880251962332111,60.738811283272675,True,
sano,32,1815,2,90.03666057391098,30.01222019130366,50,66.69382264734146,1.303726827724801,72.0,530.0,150,25.0,0.6880251962332111,60.738811283272675,True,
sano,32,1823,0,1.268222193564645,1.268222193564645,10,14.091357706273834,0.22807093167510323,27.0,122.0,60,25.0,0.06395269080025216,4.591086739622129,True,
sano,32,4991,0,4.552536146988493,4.552536146988493,10,50.58373496653881,0.81870603258397,27.0,122.0,60,25.0,0.22996963506482784,16.50804214769673,True,
sano,33,4410,0,48.34419845218795,24.172099226093977,50,53.715776057986616,1.0500327547448844,72.0,530.0,100,25.0,0.7824781057513519,63.97187070814048,True,
sano,33,4410,1,48.34419845218795,24.172099226093977,50,53.715776057986616,1.0500327547448844,72.0,530.0,100,25.0,0.7824781057513519,63.97187070814048,True,
sano,33,5066,0,71.96258327170281,23.98752775723427,50,53.30561723829838,1.0420149948440458,72.0,530.0,100,25.0,0.7764558887219577,63.47954635463945,True,
sano,33,5066,1,71.96258327170281,23.98752775723427,50,53.30561723829838,1.0420149948440458,72.0,530.0,100,25.0,0.7764558887219577,63.47954635463945,True,
sano,33,5066,2,71.96258327170281,23.98752775723427,50,53.30561723829838,1.0420149948440458,72.0,530.0,100,25.0,0.7764558887219577,63.47954635463945,True,
sano,33,5074,0,319.2783618420497,31.92783618420497,50,70.95074707601104,1.386940930035292,72.0,530.0,150,25.0,0.7322676531842511,64.6444377943941,True,
sano,33,5074,1,319.2783618420497,31.92783618420497,50,70.95074707601104,1.386940930035292,72.0,530.0,150,25.0,0.7322676531842511,64.6444377943941,True,
sano,33,5074,2,319.2783618420497,31.92783618420497,50,70.95074707601104,1.386940930035292,72.0,530.0,150,25.0,0.7322676531842511,64.6444377943941,True,
sano,33,5074,3,319.2783618420497,31.92783618420497,50,70.95074707601104,1.386940930035292,72.0,530.0,150,25.0,0.7322676531842511,64.6444377943941,True,
sano,33,5074,4,319.2783618420497,31.92783618420497,50,70.95074707601104,1.386940930035292,72.0,530.0,150,25.0,0.7322676531842511,64.6444377943941,True,
sano,33,5074,5,319.2783618420497,31.92783618420497,50,70.95074707601104,1.386940930035292,72.0,530.0,150,25.0,0.7322676531842511,64.6444377943941,True,
sano,33,5074,6,319.2783618420497,31.92783618420497,50,70.95074707601104,1.386940930035292,72.0,530.0,150,25.0,0.7322676531842511,64.6444377943941,True,
sano,33,5074,7,319.2783618420497,31.92783618420497,50,70.95074707601104,1.386940930035292,72.0,530.0,150,25.0,0.7322676531842511,64.6444377943941,True,
sano,33,5074,8,319.2783618420497,31.92783618420497,50,70.95074707601104,1.386940930035292,72.0,530.0,150,25.0,0.7322676531842511,64.6444377943941,True,
sano,33,5074,9,319.2783618420497,31.92783618420497,50,70.95074707601104,1.386940930035292,72.0,530.0,150,25.0,0.7322676531842511,64.6444377943941,True,
sano,33,6247,0,166.075148056672,33.2150296113344,50,73.81117691407644,1.4428564402082422,72.0,530.0,150,25.0,0.7620186655392742,67.27078516685935,True,
sano,33,6247,1,166.075148056672,33.2150296113344,50,73.81117691407644,1.4428564402082422,72.0,530.0,150,25.0,0.7620186655392742,67.27078516685935,True,
sano,33,6247,2,166.075148056672,33.2150296113344,50,73.81117691407644,1.4428564402082422,72.0,530.0,150,25.0,0.7620186655392742,67.27078516685935,True,
sano,33,6247,3,166.075148056672,33.2150296113344,50,73.81117691407644,1.4428564402082422,72.0,530.0,150,25.0,0.7620186655392742,67.27078516685935,True,
sano,33,6247,4,166.075148056672,33.2150296113344,50,73.81117691407644,1.4428564402082422,72.0,530.0,150,25.0,0.7620186655392742,67.27078516685935,True,
sano,33,87,0,162.26959202203795,32.45391840440759,50,72.1198186764613,1.4097938712604106,72.0,530.0,150,25.0,0.7444248584233529,65.7176470713228,True,
sano,33,87,1,162.26959202203795,32.45391840440759,50,72.1198186764613,1.4097938712604106,72.0,530.0,150,25.0,0.7444248584233529,65.7176470713228,True,
sano,33,87,2,162.26959202203795,32.45391840440759,50,72.1198186764613,1.4097938712604106,72.0,530.0,150,25.0,0.7444248584233529,65.7176470713228,True,
sano,33,87,3,162.26959202203795,32.45391840440759,50,72.1198186764613,1.4097938712604106,72.0,530.0,150,25.0,0.7444248584233529,65.7176470713228,True,
sano,33,87,4,162.26959202203795,32.45391840440759,50,72.1198186764613,1.4097938712604106,72.0,530.0,150,25.0,0.7444248584233529,65.7176470713228,True,
sano,33,90,0,68.06377739126289,34.031888695631444,50,75.62641932362543,1.4783406894867195,72.0,530.0,150,25.0,0.7809081571038708,68.93830110985854,True,
sano,33,90,1,68.06377739126289,34.031888695631444,50,75.62641932362543,1.4783406894867195,72.0,530.0,150,25.0,0.7809081571038708,68.93830110985854,True,
sano,34,1844,0,86.8036789085357,28.934559636178566,50,64.29902141373015,1.2569133974640003,72.0,530.0,150,25.0,0.6631533851170465,58.54317767918148,True,
sano,34,1844,1,86.8036789085357,28.934559636178566,50,64.29902141373015,1.2569133974640003,72.0,530.0,150,25.0,0.6631533851170465,58.54317767918148,True,
sano,34,1844,2,86.8036789085357,28.934559636178566,50,64.29902141373015,1.2569133974640003,72.0,530.0,150,25.0,0.6631533851170465,58.54317767918148,True,
sano,34,1847,0,26.87881298764929,26.87881298764929,50,59.730695528109536,1.1676120382306854,72.0,530.0,100,25.0,0.8708783724270981,71.19866737743057,True,
sano,34,1851,0,40.8821828135524,20.4410914067762,30,75.70774595102294,1.5463937319204855,52.0,357.0,100,25.0,0.6608860539700567,54.0314822122739,True,
sano,34,1851,1,40.8821828135524,20.4410914067762,30,75.70774595102294,1.5463937319204855,52.0,357.0,100,25.0,0.6608860539700567,54.0314822122739,True,
sano,34,1853,0,82.6568210593836,27.552273686461202,50,61.22727485880267,1.1968670808387558,72.0,530.0,100,25.0,0.8928982285379474,72.99879639676733,True,
sano,34,1853,1,82.6568210593836,27.552273686461202,50,61.22727485880267,1.1968670808387558,72.0,530.0,100,25.0,0.8928982285379474,72.99879639676733,True,
sano,34,1853,2,82.6568210593836,27.552273686461202,50,61.22727485880267,1.1968670808387558,72.0,530.0,100,25.0,0.8928982285379474,72.99879639676733,True,
sano,34,1864,0,14.491012627382126,14.491012627382126,30,53.67041713845232,1.0962629465438343,52.0,357.0,60,25.0,0.7359006784743304,52.813911534208906,True,
sano,34,1865,0,81.52427726798196,27.17475908932732,50,60.38835353183849,1.1804678972727303,72.0,530.0,100,25.0,0.8805535718897908,71.98961810587959,True,
sano,34,1865,1,81.52427726798196,27.17475908932732,50,60.38835353183849,1.1804678972727303,72.0,530.0,100,25.0,0.8805535718897908,71.98961810587959,True,
sano,34,1865,2,81.52427726798196,27.17475908932732,50,60.38835353183849,1.1804678972727303,72.0,530.0,100,25.0,0.8805535718897908,71.98961810587959,True,
sano,34,6272,0,22.384015704523787,22.384015704523787,50,49.742257121163966,0.9723586459177347,72.0,530.0,100,25.0,0.7241675006899787,59.20488404868503,True,
sano,34,6273,0,33.672646984198096,33.672646984198096,50,74.8281044093291,1.4627352776295477,72.0,530.0,150,25.0,0.7725999615785943,68.20487513895232,True,
sano,35,1507,0,147.62304151939537,29.524608303879074,50,65.61024067528683,1.2825450326059862,72.0,530.0,150,25.0,0.6767698242784296,59.745210064262295,True,
sano,35,1507,1,147.62304151939537,29.524608303879074,50,65.61024067528683,1.2825450326059862,72.0,530.0,150,25.0,0.6767698242784296,59.745210064262295,True,
sano,35,1507,2,147.62304151939537,29.524608303879074,50,65.61024067528683,1.2825450326059862,72.0,530.0,150,25.0,0.6767698242784296,59.745210064262295,True,
sano,35,1507,3,147.62304151939537,29.524608303879074,50,65.61024067528683,1.2825450326059862,72.0,530.0,150,25.0,0.6767698242784296,59.745210064262295,True,
sano,35,1507,4,147.62304151939537,29.524608303879074,50,65.61024067528683,1.2825450326059862,72.0,530.0,150,25.0,0.6767698242784296,59.745210064262295,True,
sano,35,1521,0,37.32505862521691,18.662529312608456,30,69.12047893558686,1.4118433197374731,52.0,357.0,60,25.0,0.9498788887034948,68.16429597643479,True,
sano,35,1521,1,37.32505862521691,18.662529312608456,30,69.12047893558686,1.4118433197374731,52.0,357.0,60,25.0,0.9498788887034948,68.16429597643479,True,
sano,35,5072,0,109.78428584521724,27.44607146130431,50,60.99126991400958,1.192253670393992,72.0,530.0,100,25.0,0.8894251199926982,72.71486920186464,True,
sano,35,5072,1,109.78428584521724,27.44607146130431,50,60.99126991400958,1.192253670393992,72.0,530.0,100,25.0,0.8894251199926982,72.71486920186464,True,
sano,35,5072,2,109.78428584521724,27.44607146130431,50,60.99126991400958,1.192253670393992,72.0,530.0,100,25.0,0.8894251199926982,72.71486920186464,True,
sano,35,5072,3,109.78428584521724,27.44607146130431,50,60.99126991400958,1.192253670393992,72.0,530.0,100,25.0,0.8894251199926982,72.71486920186464,True,
sano,35,5199,0,116.71130234839951,29.17782558709988,50,64.83961241577751,1.2674808378088505,72.0,530.0,150,25.0,0.6687667296774131,59.038712792515305,True,
sano,35,5199,1,116.71130234839951,29.17782558709988,50,64.83961241577751,1.2674808378088505,72.0,530.0,150,25.0,0.6687667296774131,59.038712792515305,True,
sano,35,5199,2,116.71130234839951,29.17782558709988,50,64.83961241577751,1.2674808378088505,72.0,530.0,150,25.0,0.6687667296774131,59.038712792515305,True,
sano,35,5199,3,116.71130234839951,29.17782558709988,50,64.83961241577751,1.2674808378088505,72.0,530.0,150,25.0,0.6687667296774131,59.038712792515305,True,
sano,36,1405,0,158.78954598766484,31.757909197532967,50,70.57313155007326,1.3795593244804012,72.0,530.0,150,25.0,0.7283414627407107,64.29784282072853,True,
sano,36,1405,1,158.78954598766484,31.757909197532967,50,70.57313155007326,1.3795593244804012,72.0,530.0,150,25.0,0.7283414627407107,64.29784282072853,True,
sano,36,1405,2,158.78954598766484,31.757909197532967,50,70.57313155007326,1.3795593244804012,72.0,530.0,150,25.0,0.7283414627407107,64.29784282072853,True,
sano,36,1405,3,158.78954598766484,31.757909197532967,50,70.57313155007326,1.3795593244804012,72.0,530.0,150,25.0,0.7283414627407107,64.29784282072853,True,
sano,36,1405,4,158.78954598766484,31.757909197532967,50,70.57313155007326,1.3795593244804012,72.0,530.0,150,25.0,0.7283414627407107,64.29784282072853,True,
sano,36,3943,0,74.55597529040095,24.851991763466984,50,55.22664836325996,1.0795671955590938,72.0,530.0,100,25.0,0.8046681097972164,65.78593011066121,True,
sano,36,3943,1,74.55597529040095,24.851991763466984,50,55.22664836325996,1.0795671955590938,72.0,530.0,100,25.0,0.8046681097972164,65.78593011066121,True,
sano,36,3943,2,74.55597529040095,24.851991763466984,50,55.22664836325996,1.0795671955590938,72.0,530.0,100,25.0,0.8046681097972164,65.78593011066121,True,
sano,36,3948,0,51.35978569279902,25.67989284639951,50,57.066428547554466,1.115531107780233,72.0,530.0,100,25.0,0.831702353039992,67.99600482152759,True,
sano,36,3948,1,51.35978569279902,25.67989284639951,50,57.066428547554466,1.115531107780233,72.0,530.0,100,25.0,0.831702353039992,67.99600482152759,True,
sano,36,4528,0,60.23990956652926,30.11995478326463,50,66.93323285169917,1.308406803978414,72.0,530.0,150,25.0,0.6905123431865182,60.958371431075385,True,
sano,36,4528,1,60.23990956652926,30.11995478326463,50,66.93323285169917,1.308406803978414,72.0,530.0,150,25.0,0.6905123431865182,60.958371431075385,True,
sano,36,77,0,107.60827425887928,26.90206856471982,50,59.782374588266265,1.1686222573856764,72.0,530.0,100,25.0,0.8716385845118052,71.2608150004689,True,
sano,36,77,1,107.60827425887928,26.90206856471982,50,59.782374588266265,1.1686222573856764,72.0,530.0,100,25.0,0.8716385845118052,71.2608150004689,True,
sano,36,77,2,107.60827425887928,26.90206856471982,50,59.782374588266265,1.1686222573856764,72.0,530.0,100,25.0,0.8716385845118052,71.2608150004689,True,
sano,36,77,3,107.60827425887928,26.90206856471982,50,59.782374588266265,1.1686222573856764,72.0,530.0,100,25.0,0.8716385845118052,71.2608150004689,True,
sano,37,1721,0,40.46073660312597,20.230368301562986,30,74.92729000578883,1.5304522695695804,52.0,357.0,100,25.0,0.6540276679498496,53.470791043097265,True,
sano,37,1721,1,40.46073660312597,20.230368301562986,30,74.92729000578883,1.5304522695695804,52.0,357.0,100,25.0,0.6540276679498496,53.470791043097265,True,
sano,37,1731,0,79.83779598554888,26.612598661849628,50,59.13910813744362,1.156047723552951,72.0,530.0,100,25.0,0.8621768150656196,70.48731136408652,True,
sano,37,1731,1,79.83779598554888,26.612598661849628,50,59.13910813744362,1.156047723552951,72.0,530.0,100,25.0,0.8621768150656196,70.48731136408652,True,
sano,37,1731,2,79.83779598554888,26.612598661849628,50,59.13910813744362,1.156047723552951,72.0,530.0,100,25.0,0.8621768150656196,70.48731136408652,True,
sano,37,1736,0,41.18830825941525,20.594154129707626,30,76.27464492484306,1.5579731153605192,52.0,357.0,100,25.0,0.6658683743149497,54.43879974496227,True,
sano,37,1736,1,41.18830825941525,20.594154129707626,30,76.27464492484306,1.5579731153605192,52.0,357.0,100,25.0,0.6658683743149497,54.43879974496227,True,
sano,37,4641,0,5.871474046509828,5.871474046509828,10,65.23860051677586,1.0558974309775997,27.0,122.0,60,25.0,0.2968027563766268,21.30493910969157,True,
sano,38,1845,0,114.16666730199202,28.541666825498005,50,63.425926278884454,1.2398461863600092,72.0,530.0,100,25.0,0.9252660258163592,75.64486301484548,True,
sano,38,1845,1,114.16666730199202,28.541666825498005,50,63.425926278884454,1.2398461863600092,72.0,530.0,100,25.0,0.9252660258163592,75.64486301484548,True,
sano,38,1845,2,114.16666730199202,28.541666825498005,50,63.425926278884454,1.2398461863600092,72.0,530.0,100,25.0,0.9252660258163592,75.64486301484548,True,
sano,38,1845,3,114.16666730199202,28.541666825498005,50,63.425926278884454,1.2398461863600092,72.0,530.0,100,25.0,0.9252660258163592,75.64486301484548,True,
sano,38,4885,0,68.23227945939259,34.11613972969629,50,75.81364384376954,1.4820005431287946,72.0,530.0,150,25.0,0.782856837372262,69.11032549626246,True,
sano,38,4885,1,68.23227945939259,34.11613972969629,50,75.81364384376954,1.4820005431287946,72.0,530.0,150,25.0,0.782856837372262,69.11032549626246,True,
sano,38,4886,0,18.695090523841653,18.695090523841653,30,69.24107601422834,1.41430661545651,52.0,357.0,60,25.0,0.9515529453653249,68.28437837198405,True,
sano,38,4887,0,42.20726534494544,21.10363267247272,30,78.16160249063971,1.5965157943888393,52.0,357.0,100,25.0,0.6824559784952352,55.794877251089325,True,
sano,38,4887,1,42.20726534494544,21.10363267247272,30,78.16160249063971,1.5965157943888393,52.0,357.0,100,25.0,0.6824559784952352,55.794877251089325,True,
sano,38,4888,0,20.20505176192483,20.20505176192483,30,74.83352504416604,1.528537042176322,52.0,357.0,100,25.0,0.6532037573513721,53.40343414224426,True,
sano,38,4889,0,87.23231077549636,29.077436925165454,50,64.61652650036767,1.2631199677722766,72.0,530.0,150,25.0,0.6664501907721658,58.83421327669933,True,
sano,38,4889,1,87.23231077549636,29.077436925165454,50,64.61652650036767,1.2631199677722766,72.0,530.0,150,25.0,0.6664501907721658,58.83421327669933,True,
sano,38,4889,2,87.23231077549636,29.077436925165454,50,64.61652650036767,1.2631199677722766,72.0,530.0,150,25.0,0.6664501907721658,58.83421327669933,True,
sano,38,5497,0,88.14387494670251,29.381291648900838,50,65.29175921977964,1.2763193762978582,72.0,530.0,150,25.0,0.6734621867828477,59.453218450662156,True,
sano,38,5497,1,88.14387494670251,29.381291648900838,50,65.29175921977964,1.2763193762978582,72.0,530.0,150,25.0,0.6734621867828477,59.453218450662156,True,
sano,38,5497,2,88.14387494670251,29.381291648900838,50,65.29175921977964,1.2763193762978582,72.0,530.0,150,25.0,0.6734621867828477,59.453218450662156,True,
sano,39,1629,0,137.08992139190724,34.27248034797681,50,76.16106743994847,1.4887919586594076,72.0,530.0,150,25.0,0.7864731153338496,69.42956097785449,True,
sano,39,1629,1,137.08992139190724,34.27248034797681,50,76.16106743994847,1.4887919586594076,72.0,530.0,150,25.0,0.7864731153338496,69.42956097785449,True,
sano,39,1629,2,137.08992139190724,34.27248034797681,50,76.16106743994847,1.4887919586594076,72.0,530.0,150,25.0,0.7864731153338496,69.42956097785449,True,
sano,39,1629,3,137.08992139190724,34.27248034797681,50,76.16106743994847,1.4887919586594076,72.0,530.0,150,25.0,0.7864731153338496,69.42956097785449,True,
sano,39,4656,0,45.95286980672566,22.97643490336283,50,51.05874422969518,0.998093256615063,72.0,530.0,100,25.0,0.7434789936496193,60.78363395138674,True,
sano,39,4656,1,45.95286980672566,22.97643490336283,50,51.05874422969518,0.998093256615063,72.0,530.0,100,25.0,0.7434789936496193,60.78363395138674,True,
sano,39,5071,0,83.24621649954938,27.748738833183126,50,61.66386407374028,1.2054015005138614,72.0,530.0,100,25.0,0.8993238376991117,73.5240906663514,True,
sano,39,5071,1,83.24621649954938,27.748738833183126,50,61.66386407374028,1.2054015005138614,72.0,530.0,100,25.0,0.8993238376991117,73.5240906663514,True,
sano,39,5071,2,83.24621649954938,27.748738833183126,50,61.66386407374028,1.2054015005138614,72.0,530.0,100,25.0,0.8993238376991117,73.5240906663514,True,
sano,39,6216,0,57.155984098914544,28.577992049457272,50,63.506648998793935,1.2414241492263662,72.0,530.0,100,25.0,0.9264548070708164,75.74204564178487,True,
sano,39,6216,1,57.155984098914544,28.577992049457272,50,63.506648998793935,1.2414241492263662,72.0,530.0,100,25.0,0.9264548070708164,75.74204564178487,True,
sano,40,1501,0,84.0621973778568,28.0207324592856,50,62.268294353968,1.2172168672231425,72.0,530.0,100,25.0,0.9082210859919487,74.25144099128032,True,
sano,40,1501,1,84.0621973778568,28.0207324592856,50,62.268294353968,1.2172168672231425,72.0,530.0,100,25.0,0.9082210859919487,74.25144099128032,True,
sano,40,1501,2,84.0621973778568,28.0207324592856,50,62.268294353968,1.2172168672231425,72.0,530.0,100,25.0,0.9082210859919487,74.25144099128032,True,
sano,40,4409,0,72.59259397142843,24.197531323809475,50,53.77229183068772,1.0511375216653476,72.0,530.0,100,25.0,0.7833079650034624,64.03971278961802,True,
sano,40,4409,1,72.59259397142843,24.197531323809475,50,53.77229183068772,1.0511375216653476,72.0,530.0,100,25.0,0.7833079650034624,64.03971278961802,True,
sano,40,4409,2,72.59259397142843,24.197531323809475,50,53.77229183068772,1.0511375216653476,72.0,530.0,100,25.0,0.7833079650034624,64.03971278961802,True,
sano,40,5184,0,9.358080863288844,9.358080863288844,20,51.98933812938246,0.8866991759931429,41.0,231.0,60,25.0,0.4739290174321993,34.016689118310765,True,
sano,40,5194,0,87.18699999436971,29.06233333145657,50,64.58296295879238,1.2624638696833046,72.0,530.0,150,25.0,0.666101674180089,58.803446912099304,True,
sano,40,5194,1,87.18699999436971,29.06233333145657,50,64.58296295879238,1.2624638696833046,72.0,530.0,150,25.0,0.666101674180089,58.803446912099304,True,
sano,40,5194,2,87.18699999436971,29.06233333145657,50,64.58296295879238,1.2624638696833046,72.0,530.0,150,25.0,0.666101674180089,58.803446912099304,True,
sano,40,6155,0,10.862302741361908,10.862302741361908,20,60.34612634089949,1.0292275767714076,41.0,231.0,60,25.0,0.5505507227904548,39.51496053267447,True,
sano,40,6156,0,40.60063842829908,20.30031921414954,30,75.1863674598131,1.5357441422300637,52.0,357.0,100,25.0,0.6563042476594612,53.65690750184593,True,
sano,40,6156,1,40.60063842829908,20.30031921414954,30,75.1863674598131,1.5357441422300637,52.0,357.0,100,25.0,0.6563042476594612,53.65690750184593,True,
sano,40,6158,0,66.3137310919579,33.15686554597895,50,73.68192343550878,1.4403298009949457,72.0,530.0,150,25.0,0.7606739254630465,67.1520748778067,True,
sano,40,6158,1,66.3137310919579,33.15686554597895,50,73.68192343550878,1.4403298009949457,72.0,530.0,150,25.0,0.7606739254630465,67.1520748778067,True,
sano,41,4828,0,60.32517667691557,30.162588338457784,50,67.02797408546174,1.3102587999091484,72.0,530.0,150,25.0,0.6914966107234883,61.04526050732691,True,
sano,41,4828,1,60.32517667691557,30.162588338457784,50,67.02797408546174,1.3102587999091484,72.0,530.0,150,25.0,0.6914966107234883,61.04526050732691,True,
sano,41,4829,0,7.078735392280585,7.078735392280585,10,78.65261546978427,1.2730054592887605,27.0,122.0,60,25.0,0.3580593090462766,25.701336026885738,True,
sano,41,4831,0,96.76012285509556,32.25337428503185,50,71.67416507784856,1.4010822615592278,72.0,530.0,150,25.0,0.7397901403318011,65.30850523922943,True,
sano,41,4831,1,96.76012285509556,32.25337428503185,50,71.67416507784856,1.4010822615592278,72.0,530.0,150,25.0,0.7397901403318011,65.30850523922943,True,
sano,41,4831,2,96.76012285509556,32.25337428503185,50,71.67416507784856,1.4010822615592278,72.0,530.0,150,25.0,0.7397901403318011,65.30850523922943,True,
sano,42,1787,0,137.99382744511362,34.498456861278406,50,76.66323746950756,1.4986083481483918,72.0,530.0,150,25.0,0.7917005959418772,69.89102904626091,True,
sano,42,1787,1,137.99382744511362,34.498456861278406,50,76.66323746950756,1.4986083481483918,72.0,530.0,150,25.0,0.7917005959418772,69.89102904626091,True,
sano,42,1787,2,137.99382744511362,34.498456861278406,50,76.66323746950756,1.4986083481483918,72.0,530.0,150,25.0,0.7917005959418772,69.89102904626091,True,
sano,42,1787,3,137.99382744511362,34.498456861278406,50,76.66323746950756,1.4986083481483918,72.0,530.0,150,25.0,0.7917005959418772,69.89102904626091,True,
sano,42,1800,0,43.71117820585674,21.85558910292837,50,48.56797578428527,0.949403865078728,72.0,530.0,100,25.0,0.7069484426698328,57.79719119772594,True,
sano,42,1800,1,43.71117820585674,21.85558910292837,50,48.56797578428527,0.949403865078728,72.0,530.0,100,25.0,0.7069484426698328,57.79719119772594,True,
sano,42,1813,0,84.7450316510143,28.248343883671435,50,62.77409751926985,1.2271042770307798,72.0,530.0,100,25.0,0.9156677848351013,74.86020821006079,True,
sano,42,1813,1,84.7450316510143,28.248343883671435,50,62.77409751926985,1.2271042770307798,72.0,530.0,100,25.0,0.9156677848351013,74.86020821006079,True,
sano,42,1813,2,84.7450316510143,28.248343883671435,50,62.77409751926985,1.2271042770307798,72.0,530.0,100,25.0,0.9156677848351013,74.86020821006079,True,
sano,42,3623,0,10.518980276616908,10.518980276616908,20,58.43877931453837,0.9966970022832602,41.0,231.0,60,25.0,0.5330517407172476,38.259289222999,True,
sano,42,3624,0,30.58160237373586,30.58160237373586,50,67.95911638607969,1.3284607135131123,72.0,530.0,150,25.0,0.7011713055765545,61.899322002964,True,
sano,42,4642,0,39.38254594892315,19.691272974461576,30,72.93064064615398,1.48966904434214,52.0,357.0,60,25.0,1.0027980882320737,71.96017919542416,True,
sano,42,4642,1,39.38254594892315,19.691272974461576,30,72.93064064615398,1.48966904434214,52.0,357.0,60,25.0,1.0027980882320737,71.96017919542416,True,
sano,42,4643,0,40.26202752979596,20.13101376489798,30,74.55931024036288,1.5229359765459258,52.0,357.0,100,25.0,0.6507943175099248,53.20645593261648,True,
sano,42,4643,1,40.26202752979596,20.13101376489798,30,74.55931024036288,1.5229359765459258,52.0,357.0,100,25.0,0.6507943175099248,53.20645593261648,True,
sano,43,1799,0,67.65905182281779,33.82952591140889,50,75.17672424757532,1.4695500772280348,72.0,530.0,150,25.0,0.7762279329405904,68.52514309830401,True,
sano,43,1799,1,67.65905182281779,33.82952591140889,50,75.17672424757532,1.4695500772280348,72.0,530.0,150,25.0,0.7762279329405904,68.52514309830401,True,
sano,43,1817,0,40.294348218188446,20.147174109094223,30,74.61916336701564,1.5241585264809292,52.0,357.0,100,25.0,0.6513202181406677,53.249449733736846,True,
sano,43,1817,1,40.294348218188446,20.147174109094223,30,74.61916336701564,1.5241585264809292,52.0,357.0,100,25.0,0.6513202181406677,53.249449733736846,True,
sano,43,4855,0,81.75565179531259,27.251883931770863,50,60.559742070601914,1.1838181901046758,72.0,530.0,100,25.0,0.883075286024185,72.19576890051475,True,
sano,43,4855,1,81.75565179531259,27.251883931770863,50,60.559742070601914,1.1838181901046758,72.0,530.0,100,25.0,0.883075286024185,72.19576890051475,True,
sano,43,4855,2,81.75565179531259,27.251883931770863,50,60.559742070601914,1.1838181901046758,72.0,530.0,100,25.0,0.883075286024185,72.19576890051475,True,
sano,43,4864,0,48.60099193832461,24.300495969162306,50,54.001102153694006,1.0556102920768,72.0,530.0,100,25.0,0.7866678853983851,64.31439061086,True,
sano,43,4864,1,48.60099193832461,24.300495969162306,50,54.001102153694006,1.0556102920768,72.0,530.0,100,25.0,0.7866678853983851,64.31439061086,True,
sano,43,4866,0,44.37678921362354,22.18839460681177,50,49.30754357069282,0.9638608916186366,72.0,530.0,100,25.0,0.7177923787810956,58.68370529359597,True,
sano,43,4866,1,44.37678921362354,22.18839460681177,50,49.30754357069282,0.9638608916186366,72.0,530.0,100,25.0,0.7177923787810956,58.68370529359597,True,
sano,43,4867,0,37.57000459435236,18.78500229717618,30,69.57408258213401,1.4211085518083177,52.0,357.0,60,25.0,0.9561758530317445,68.61598501907015,True,
sano,43,4867,1,37.57000459435236,18.78500229717618,30,69.57408258213401,1.4211085518083177,52.0,357.0,60,25.0,0.9561758530317445,68.61598501907015,True,
sano,43,4869,0,11.02398951117607,11.02398951117607,20,61.2443861732004,1.0445477612897562,41.0,231.0,60,25.0,0.5587940575926658,40.10646940134852,True,
sano,43,4875,0,61.96950902402057,30.984754512010284,50,68.85501002668951,1.3459735884344846,72.0,530.0,150,25.0,0.7104815603585599,62.72121099180793,True,
sano,43,4875,1,61.96950902402057,30.984754512010284,50,68.85501002668951,1.3459735884344846,72.0,530.0,150,25.0,0.7104815603585599,62.72121099180793,True,
sano,43,4877,0,27.23218505719616,27.23218505719616,50,60.51596679376924,1.1829624736300088,72.0,530.0,100,25.0,0.8824311889427706,72.1431138008688,True,
sano,44,4429,0,37.9074175148002,18.9537087574001,30,70.19892132370407,1.4338714032350413,52.0,357.0,60,25.0,0.964851297483097,69.23828135853982,True,
sano,44,4429,1,37.9074175148002,18.9537087574001,30,70.19892132370407,1.4338714032350413,52.0,357.0,60,25.0,0.964851297483097,69.23828135853982,True,
sano,44,4640,0,6.706173678216564,6.706173678216564,10,74.51304086907294,1.2060057665975101,27.0,122.0,60,25.0,0.33914708305947744,24.34402629918752,True,
sano,44,5503,0,45.95575706363465,22.977878531817325,50,51.06195229292739,0.9981559676418845,72.0,530.0,100,25.0,0.7435260618979642,60.78748186202553,True,
sano,44,5503,1,45.95575706363465,22.977878531817325,50,51.06195229292739,0.9981559676418845,72.0,530.0,100,25.0,0.7435260618979642,60.78748186202553,True,
sano,45,1883,0,57.61397472791701,28.806987363958505,50,64.01552747546334,1.2513716750353712,72.0,530.0,100,25.0,0.9339495874645617,76.3547420780336,True,
sano,45,1883,1,57.61397472791701,28.806987363958505,50,64.01552747546334,1.2513716750353712,72.0,530.0,100,25.0,0.9339495874645617,76.3547420780336,True,
sano,45,1894,0,211.22342407850323,30.174774868357606,50,67.0550552630169,1.3107881811367281,72.0,530.0,150,25.0,0.6917779609451357,61.070097514469744,True,
sano,45,1894,1,211.22342407850323,30.174774868357606,50,67.0550552630169,1.3107881811367281,72.0,530.0,150,25.0,0.6917779609451357,61.070097514469744,True,
sano,45,1894,2,211.22342407850323,30.174774868357606,50,67.0550552630169,1.3107881811367281,72.0,530.0,150,25.0,0.6917779609451357,61.070097514469744,True,
sano,45,1894,3,211.22342407850323,30.174774868357606,50,67.0550552630169,1.3107881811367281,72.0,530.0,150,25.0,0.6917779609451357,61.070097514469744,True,
sano,45,1894,4,211.22342407850323,30.174774868357606,50,67.0550552630169,1.3107881811367281,72.0,530.0,150,25.0,0.6917779609451357,61.070097514469744,True,
sano,45,1894,5,211.22342407850323,30.174774868357606,50,67.0550552630169,1.3107881811367281,72.0,530.0,150,25.0,0.6917779609451357,61.070097514469744,True,
sano,45,1894,6,211.22342407850323,30.174774868357606,50,67.0550552630169,1.3107881811367281,72.0,530.0,150,25.0,0.6917779609451357,61.070097514469744,True,
sano,45,5027,0,132.79204195716173,33.19801048929043,50,73.77335664286763,1.4421171318248034,72.0,530.0,150,25.0,0.7616251834619447,67.23604955474697,True,
sano,45,5027,1,132.79204195716173,33.19801048929043,50,73.77335664286763,1.4421171318248034,72.0,530.0,150,25.0,0.7616251834619447,67.23604955474697,True,
sano,45,5027,2,132.79204195716173,33.19801048929043,50,73.77335664286763,1.4421171318248034,72.0,530.0,150,25.0,0.7616251834619447,67.23604955474697,True,
sano,45,5027,3,132.79204195716173,33.19801048929043,50,73.77335664286763,1.4421171318248034,72.0,530.0,150,25.0,0.7616251834619447,67.23604955474697,True,
sano,45,5029,0,30.213213095778656,30.213213095778656,50,67.14047354617479,1.3124579325906218,72.0,530.0,150,25.0,0.6926653942407971,61.148438260494174,True,
sano,45,5036,0,14.62646875554066,14.62646875554066,30,54.172106502002435,1.1065103694121226,52.0,357.0,60,25.0,0.7428336884613546,53.311316911058036,True,
sano,45,5038,0,16.680910044016386,16.680910044016386,30,61.781148311171805,1.261931382306001,52.0,357.0,60,25.0,0.848110530348035,60.863984660531116,True,
sano,45,5040,0,49.53686510094662,24.76843255047331,50,55.040961223274024,1.0759373945317445,72.0,530.0,100,25.0,0.8019404017260475,65.56293699066978,True,
sano,45,5040,1,49.53686510094662,24.76843255047331,50,55.040961223274024,1.0759373945317445,72.0,530.0,100,25.0,0.8019404017260475,65.56293699066978,True,
sano,46,1596,0,98.71648704272616,32.90549568090872,50,73.12332373535271,1.4294103277042431,72.0,530.0,150,25.0,0.7548627344943222,66.63907735978945,True,
sano,46,1596,1,98.71648704272616,32.90549568090872,50,73.12332373535271,1.4294103277042431,72.0,530.0,150,25.0,0.7548627344943222,66.63907735978945,True,
sano,46,1596,2,98.71648704272616,32.90549568090872,50,73.12332373535271,1.4294103277042431,72.0,530.0,150,25.0,0.7548627344943222,66.63907735978945,True,
sano,46,1625,0,93.57219956618958,31.190733188729862,50,69.31274041939969,1.3549212745792232,72.0,530.0,150,25.0,0.7152390410732052,63.14119082058134,True,
sano,46,1625,1,93.57219956618958,31.190733188729862,50,69.31274041939969,1.3549212745792232,72.0,530.0,150,25.0,0.7152390410732052,63.14119082058134,True,
sano,46,1625,2,93.57219956618958,31.190733188729862,50,69.31274041939969,1.3549212745792232,72.0,530.0,150,25.0,0.7152390410732052,63.14119082058134,True,
sano,46,4677,0,16.665936881400714,16.665936881400714,30,61.725692153335984,1.2607986441192218,52.0,357.0,60,25.0,0.8473424021713614,60.808880857746075,True,
sano,46,4680,0,44.55300217594933,22.276501087974665,50,49.50333575105481,0.9676882253665671,72.0,530.0,100,25.0,0.7206635898592004,58.91843249987563,True,
sano,46,4680,1,44.55300217594933,22.276501087974665,50,49.50333575105481,0.9676882253665671,72.0,530.0,100,25.0,0.7206635898592004,58.91843249987563,True,
sano,46,6212,0,83.61946908711073,27.873156362370242,50,61.94034747193386,1.2108061813274278,72.0,530.0,100,25.0,0.9033934877850297,73.85678479145082,True,
sano,46,6212,1,83.61946908711073,27.873156362370242,50,61.94034747193386,1.2108061813274278,72.0,530.0,100,25.0,0.9033934877850297,73.85678479145082,True,
sano,46,6212,2,83.61946908711073,27.873156362370242,50,61.94034747193386,1.2108061813274278,72.0,530.0,100,25.0,0.9033934877850297,73.85678479145082,True,
sano,47,1856,0,5.0356725131349656,5.0356725131349656,10,55.951916812610726,0.9055909347030823,27.0,122.0,60,25.0,0.2544402105364779,18.26443180229225,True,
sano,47,1857,0,143.66148177358872,28.732296354717743,50,63.84954745492831,1.2481271075919658,72.0,530.0,100,25.0,0.9315049011956132,76.15488964780825,True,
sano,47,1857,1,143.66148177358872,28.732296354717743,50,63.84954745492831,1.2481271075919658,72.0,530.0,100,25.0,0.9315049011956132,76.15488964780825,True,
sano,47,1857,2,143.66148177358872,28.732296354717743,50,63.84954745492831,1.2481271075919658,72.0,530.0,100,25.0,0.9315049011956132,76.15488964780825,True,
sano,47,1857,3,143.66148177358872,28.732296354717743,50,63.84954745492831,1.2481271075919658,72.0,530.0,100,25.0,0.9315049011956132,76.15488964780825,True,
sano,47,1857,4,143.66148177358872,28.732296354717743,50,63.84954745492831,1.2481271075919658,72.0,530.0,100,25.0,0.9315049011956132,76.15488964780825,True,
sano,47,1868,0,3.637006714862881,3.637006714862881,10,40.411185720698676,0.6540616574733534,27.0,122.0,60,25.0,0.18363300675287877,13.182100941803489,True,
sano,47,1869,0,78.63503082648323,26.211676942161077,50,58.24817098258017,1.1386317377163888,72.0,530.0,100,25.0,0.8490750988113676,69.41623897933933,True,
sano,47,1869,1,78.63503082648323,26.211676942161077,50,58.24817098258017,1.1386317377163888,72.0,530.0,100,25.0,0.8490750988113676,69.41623897933933,True,
sano,47,1869,2,78.63503082648323,26.211676942161077,50,58.24817098258017,1.1386317377163888,72.0,530.0,100,25.0,0.8490750988113676,69.41623897933933,True,
sano,47,1870,0,1.7683939901772632,1.7683939901772632,10,19.6488221130807,0.3180194030312271,27.0,122.0,60,25.0,0.08919839379190296,6.4033744730942725,True,
sano,48,1889,0,59.2327558327077,29.61637791635385,50,65.814173147453,1.2865314922877642,72.0,530.0,150,25.0,0.6788879127917572,59.93219064282377,True,
sano,48,1889,1,59.2327558327077,29.61637791635385,50,65.814173147453,1.2865314922877642,72.0,530.0,150,25.0,0.6788879127917572,59.93219064282377,True,
sano,48,1890,0,56.89393324832911,28.446966624164556,50,63.21548138703235,1.2357324222904942,72.0,530.0,100,25.0,0.9221669981207962,75.39151805774844,True,
sano,48,1890,1,56.89393324832911,28.446966624164556,50,63.21548138703235,1.2357324222904942,72.0,530.0,100,25.0,0.9221669981207962,75.39151805774844,True,
sano,48,1895,0,13.191969974448114,13.191969974448114,20,73.28872208026729,1.2499687785299252,41.0,231.0,60,25.0,0.6694637569971936,48.047275712983634,True,
sano,48,1901,0,86.10016658869358,28.700055529564526,50,63.777901176810055,1.2467265704630128,72.0,530.0,100,25.0,0.9304496754772832,76.06862521599062,True,
sano,48,1901,1,86.10016658869358,28.700055529564526,50,63.777901176810055,1.2467265704630128,72.0,530.0,100,25.0,0.9304496754772832,76.06862521599062,True,
sano,48,1901,2,86.10016658869358,28.700055529564526,50,63.777901176810055,1.2467265704630128,72.0,530.0,100,25.0,0.9304496754772832,76.06862521599062,True,
sano,48,1902,0,51.11285616881828,25.55642808440914,50,56.79206240979809,1.1101678150461571,72.0,530.0,100,25.0,0.8276697915073599,67.66633962958184,True,
sano,48,1902,1,51.11285616881828,25.55642808440914,50,56.79206240979809,1.1101678150461571,72.0,530.0,100,25.0,0.8276697915073599,67.66633962958184,True,
sano,48,1903,0,6.908392510970354,6.908392510970354,10,76.75991678855948,1.2423718212387531,27.0,122.0,60,25.0,0.34941131763825223,25.08068194402238,True,
sano,48,4569,0,4.541131492244981,4.541131492244981,10,50.45701658049978,0.8166550747581376,27.0,122.0,60,25.0,0.22939214761899102,16.46659219949935,True,
sano,48,4570,0,14.051211810871797,14.051211810871797,20,78.06228783817664,1.331383872016086,41.0,231.0,60,25.0,0.7133974962890138,51.19941123347019,True,
sano,48,4571,0,3.030773882359311,3.030773882359311,10,33.6752653595479,0.5450396835458183,27.0,122.0,60,25.0,0.15297518392723455,10.981475734770042,True,
sano,48,4572,0,3.646068909557015,3.646068909557015,10,40.51187677285572,0.6556913586388117,27.0,122.0,60,25.0,0.18409144070054545,13.215006982278789,True,
sano,49,1711,0,113.4969978223842,28.37424945559605,50,63.05388767910234,1.2325735982216763,72.0,530.0,100,25.0,0.9197874903792949,75.19699365866315,True,
sano,49,1711,1,113.4969978223842,28.37424945559605,50,63.05388767910234,1.2325735982216763,72.0,530.0,100,25.0,0.9197874903792949,75.19699365866315,True,
sano,49,1711,2,113.4969978223842,28.37424945559605,50,63.05388767910234,1.2325735982216763,72.0,530.0,100,25.0,0.9197874903792949,75.19699365866315,True,
sano,49,1711,3,113.4969978223842,28.37424945559605,50,63.05388767910234,1.2325735982216763,72.0,530.0,100,25.0,0.9197874903792949,75.19699365866315,True,
sano,49,1719,0,34.605754882873576,34.605754882873576,50,76.90167751749684,1.5032693598437532,72.0,530.0,150,25.0,0.7941828999699938,70.11016018065135,True,
sano,49,1737,0,24.28765083694029,24.28765083694029,50,53.97255741542287,1.0550523012525035,72.0,530.0,100,25.0,0.7862487131743565,64.28012274800983,True,
sano,49,1753,0,47.53279199797282,23.76639599898641,50,52.81421333108092,1.032409060866085,72.0,530.0,100,25.0,0.7692417549529837,62.88978069639142,True,
sano,49,1753,1,47.53279199797282,23.76639599898641,50,52.81421333108092,1.032409060866085,72.0,530.0,100,25.0,0.7692417549529837,62.88978069639142,True,
sano,49,6146,0,41.455166997045175,20.727583498522588,30,76.76882777230588,1.5680672113891279,52.0,357.0,100,25.0,0.6702120256283214,54.793904222844546,True,
sano,49,6146,1,41.455166997045175,20.727583498522588,30,76.76882777230588,1.5680672113891279,52.0,357.0,100,25.0,0.6702120256283214,54.793904222844546,True,
sano,49,6147,0,98.82484344338395,32.941614481127985,50,73.20358773583996,1.430979323550966,72.0,530.0,150,25.0,0.7556976898159801,66.71278515563705,True,
sano,49,6147,1,98.82484344338395,32.941614481127985,50,73.20358773583996,1.430979323550966,72.0,530.0,150,25.0,0.7556976898159801,66.71278515563705,True,
sano,49,6147,2,98.82484344338395,32.941614481127985,50,73.20358773583996,1.430979323550966,72.0,530.0,150,25.0,0.7556976898159801,66.71278515563705,True,
sano,50,1763,0,88.79970766822845,29.59990255607615,50,65.77756123572478,1.2858158048426649,72.0,530.0,150,25.0,0.6785076465229979,59.89862150610621,True,
sano,50,1763,1,88.79970766822845,29.59990255607615,50,65.77756123572478,1.2858158048426649,72.0,530.0,150,25.0,0.6785076465229979,59.89862150610621,True,
sano,50,1763,2,88.79970766822845,29.59990255607615,50,65.77756123572478,1.2858158048426649,72.0,530.0,150,25.0,0.6785076465229979,59.89862150610621,True,
sano,50,1766,0,40.59169093340151,20.295845466700754,30,75.1697980248176,1.5354056977275015,52.0,357.0,100,25.0,0.656158644641304,53.64500406870077,True,
sano,50,1766,1,40.59169093340151,20.295845466700754,30,75.1697980248176,1.5354056977275015,52.0,357.0,100,25.0,0.656158644641304,53.64500406870077,True,
sano,50,1767,0,42.56162750071452,21.28081375035726,30,78.81782870502688,1.6099197610755074,52.0,357.0,100,25.0,0.6882259566511028,56.266586495482315,True,
sano,50,1767,1,42.56162750071452,21.28081375035726,30,78.81782870502688,1.6099197610755074,52.0,357.0,100,25.0,0.6882259566511028,56.266586495482315,True,
sano,50,1772,0,89.58300608966769,29.86100202988923,50,66.35778228864274,1.2971579310347678,72.0,530.0,150,25.0,0.6845344054570189,60.43065149073204,True,
sano,50,1772,1,89.58300608966769,29.86100202988923,50,66.35778228864274,1.2971579310347678,72.0,530.0,150,25.0,0.6845344054570189,60.43065149073204,True,
sano,50,1772,2,89.58300608966769,29.86100202988923,50,66.35778228864274,1.2971579310347678,72.0,530.0,150,25.0,0.6845344054570189,60.43065149073204,True,
sano,50,6148,0,48.43573936004301,24.217869680021504,50,53.81748817782556,1.05202101713674,72.0,530.0,100,25.0,0.7839716236202321,64.0939677460824,True,
sano,50,6148,1,48.43573936004301,24.217869680021504,50,53.81748817782556,1.05202101713674,72.0,530.0,100,25.0,0.7839716236202321,64.0939677460824,True,
sano,50,6204,0,84.2400923611866,28.0800307870622,50,62.400068415693774,1.2197927786441833,72.0,530.0,100,25.0,0.9101610231747751,74.41003080521557,True,
sano,50,6204,1,84.2400923611866,28.0800307870622,50,62.400068415693774,1.2197927786441833,72.0,530.0,100,25.0,0.9101610231747751,74.41003080521557,True,
sano,50,6204,2,84.2400923611866,28.0800307870622,50,62.400068415693774,1.2197927786441833,72.0,530.0,100,25.0,0.9101610231747751,74.41003080521557,True,
sano,51,1709,0,35.40670217098215,17.703351085491075,30,65.56796698330028,1.3392803059192764,52.0,357.0,60,25.0,0.9005917236179412,64.62878170913449,True,
sano,51,1709,1,35.40670217098215,17.703351085491075,30,65.56796698330028,1.3392803059192764,52.0,357.0,60,25.0,0.9005917236179412,64.62878170913449,True,
sano,51,1717,0,10.674188523822169,10.674188523822169,20,59.30104735456761,1.0114033322364593,41.0,231.0,60,25.0,0.5409618312481392,38.82689453466014,True,
sano,51,1726,0,19.496874614083023,19.496874614083023,30,72.21064671882601,1.474962569036944,52.0,357.0,60,25.0,0.9927935550024629,71.24256939881784,True,
sano,51,1740,0,54.92060979632619,27.460304898163095,50,61.02289977369576,1.1928719689858736,72.0,530.0,100,25.0,0.8898905786757961,72.75292053318005,True,
sano,51,1740,1,54.92060979632619,27.460304898163095,50,61.02289977369576,1.1928719689858736,72.0,530.0,100,25.0,0.8898905786757961,72.75292053318005,True,
sano,51,1745,0,18.2769762020681,18.2769762020681,30,67.69250445210406,1.3826757522334987,52.0,357.0,60,25.0,0.9300611242508694,66.74272716964654,True,
sano,51,3611,0,19.869568544887528,19.869568544887528,30,73.59099461069455,1.5031573237617255,52.0,357.0,60,25.0,1.0119757780830696,72.61847533563419,True,
sano,52,175,0,57.10098408132481,28.550492040662405,50,63.44553786813868,1.2402295525254223,72.0,530.0,100,25.0,0.925554837622718,75.66847332293247,True,
sano,52,175,1,57.10098408132481,28.550492040662405,50,63.44553786813868,1.2402295525254223,72.0,530.0,100,25.0,0.925554837622718,75.66847332293247,True,
sano,52,205,0,126.92909799246311,31.73227449811578,50,70.51616555136839,1.3784457565691364,72.0,530.0,150,25.0,0.7277491961201441,64.24555889127254,True,
sano,52,205,1,126.92909799246311,31.73227449811578,50,70.51616555136839,1.3784457565691364,72.0,530.0,150,25.0,0.7277491961201441,64.24555889127254,True,
sano,52,205,2,126.92909799246311,31.73227449811578,50,70.51616555136839,1.3784457565691364,72.0,530.0,150,25.0,0.7277491961201441,64.24555889127254,True,
sano,52,205,3,126.92909799246311,31.73227449811578,50,70.51616555136839,1.3784457565691364,72.0,530.0,150,25.0,0.7277491961201441,64.24555889127254,True,
sano,52,3940,0,77.74419977986118,25.914733259953724,50,57.5882961332305,1.1257325439096844,72.0,530.0,100,25.0,0.8393735446948031,68.623130516315,True,
sano,52,3940,1,77.74419977986118,25.914733259953724,50,57.5882961332305,1.1257325439096844,72.0,530.0,100,25.0,0.8393735446948031,68.623130516315,True,
sano,52,3940,2,77.74419977986118,25.914733259953724,50,57.5882961332305,1.1257325439096844,72.0,530.0,100,25.0,0.8393735446948031,68.623130516315,True,
sano,52,4787,0,50.26894081602544,25.13447040801272,50,55.854378684472714,1.0918380300660433,72.0,530.0,100,25.0,0.8138904736461919,66.53986786457888,True,
sano,52,4787,1,50.26894081602544,25.13447040801272,50,55.854378684472714,1.0918380300660433,72.0,530.0,100,25.0,0.8138904736461919,66.53986786457888,True,
sano,53,209,0,92.73665887910332,30.912219626367772,50,68.69382139192838,1.3428226827115721,72.0,530.0,150,25.0,0.7088063348705359,62.57332577601647,True,
sano,53,209,1,92.73665887910332,30.912219626367772,50,68.69382139192838,1.3428226827115721,72.0,530.0,150,25.0,0.7088063348705359,62.57332577601647,True,
sano,53,209,2,92.73665887910332,30.912219626367772,50,68.69382139192838,1.3428226827115721,72.0,530.0,150,25.0,0.7088063348705359,62.57332577601647,True,
sano,53,210,0,54.78957509662419,27.394787548312095,50,60.87730566291577,1.1900259040783887,72.0,530.0,100,25.0,0.8877480817011068,72.57777099997627,True,
sano,53,210,1,54.78957509662419,27.394787548312095,50,60.87730566291577,1.1900259040783887,72.0,530.0,100,25.0,0.8877480817011068,72.57777099997627,True,
sano,53,4022,0,98.00415337109492,32.668051123698305,50,72.595669163774,1.4190957679229526,72.0,530.0,150,25.0,0.7493741018110508,66.15455430725589,True,
sano,53,4022,1,98.00415337109492,32.668051123698305,50,72.595669163774,1.4190957679229526,72.0,530.0,150,25.0,0.7493741018110508,66.15455430725589,True,
sano,53,4022,2,98.00415337109492,32.668051123698305,50,72.595669163774,1.4190957679229526,72.0,530.0,150,25.0,0.7493741018110508,66.15455430725589,True,
sano,53,5208,0,114.23400941947864,28.55850235486966,50,63.46333856637702,1.240577519502338,72.0,530.0,100,25.0,0.9258169826629471,75.68990362739648,True,
sano,53,5208,1,114.23400941947864,28.55850235486966,50,63.46333856637702,1.240577519502338,72.0,530.0,100,25.0,0.9258169826629471,75.68990362739648,True,
sano,53,5208,2,114.23400941947864,28.55850235486966,50,63.46333856637702,1.240577519502338,72.0,530.0,100,25.0,0.9258169826629471,75.68990362739648,True,
sano,53,5208,3,114.23400941947864,28.55850235486966,50,63.46333856637702,1.240577519502338,72.0,530.0,100,25.0,0.9258169826629471,75.68990362739648,True,
sano,53,5220,0,69.26173387727842,34.63086693863921,50,76.95748208586491,1.5043602241847547,72.0,530.0,150,25.0,0.7947638771663822,70.16144728242377,True,
sano,53,5220,1,69.26173387727842,34.63086693863921,50,76.95748208586491,1.5043602241847547,72.0,530.0,150,25.0,0.7947638771663822,70.16144728242377,True,
sano,53,5692,0,48.337848858677866,24.168924429338933,50,53.70872095408651,1.049894841998818,72.0,530.0,100,25.0,0.782374511885537,63.96340177332774,True,
sano,53,5692,1,48.337848858677866,24.168924429338933,50,53.70872095408651,1.049894841998818,72.0,530.0,100,25.0,0.782374511885537,63.96340177332774,True,
sano,53,5693,0,73.46729639353909,24.489098797846363,50,54.4202195507697,1.0638031737087774,72.0,530.0,100,25.0,0.7928229315377253,64.8175732527633,True,
sano,53,5693,1,73.46729639353909,24.489098797846363,50,54.4202195507697,1.0638031737087774,72.0,530.0,100,25.0,0.7928229315377253,64.8175732527633,True,
sano,53,5693,2,73.46729639353909,24.489098797846363,50,54.4202195507697,1.0638031737087774,72.0,530.0,100,25.0,0.7928229315377253,64.8175732527633,True,
sano,53,5695,0,43.10090384913056,21.55045192456528,30,79.81648860950104,1.6303182209318896,52.0,357.0,100,25.0,0.6970081440144462,56.984550227995996,True,
sano,53,5695,1,43.10090384913056,21.55045192456528,30,79.81648860950104,1.6303182209318896,52.0,357.0,100,25.0,0.6970081440144462,56.984550227995996,True,
sano,54,1751,0,39.89758786690457,19.948793933452286,30,73.88442197574922,1.5091508219486616,52.0,357.0,100,25.0,0.6448647892967972,52.72170073612383,True,
sano,54,1751,1,39.89758786690457,19.948793933452286,30,73.88442197574922,1.5091508219486616,52.0,357.0,100,25.0,0.6448647892967972,52.72170073612383,True,
sano,54,3727,0,23.25939309129133,23.25939309129133,50,51.68754020286962,1.0103849224223689,72.0,530.0,100,25.0,0.7527054640956029,61.53791340535983,True,
sano,54,4830,0,132.9649754417036,33.2412438604259,50,73.86943080094643,1.4439951836797815,72.0,530.0,150,25.0,0.7626247451124512,67.32428835159459,True,
sano,54,4830,1,132.9649754417036,33.2412438604259,50,73.86943080094643,1.4439951836797815,72.0,530.0,150,25.0,0.7626247451124512,67.32428835159459,True,
sano,54,4830,2,132.9649754417036,33.2412438604259,50,73.86943080094643,1.4439951836797815,72.0,530.0,150,25.0,0.7626247451124512,67.32428835159459,True,
sano,54,4830,3,132.9649754417036,33.2412438604259,50,73.86943080094643,1.4439951836797815,72.0,530.0,150,25.0,0.7626247451124512,67.32428835159459,True,
sano,54,4836,0,60.31007588654353,30.155037943271765,50,67.01119542949282,1.3099308117529511,72.0,530.0,150,25.0,0.6913222956781543,61.02987234070108,True,
sano,54,4836,1,60.31007588654353,30.155037943271765,50,67.01119542949282,1.3099308117529511,72.0,530.0,150,25.0,0.6913222956781543,61.02987234070108,True,
sano,54,84,0,20.096524335349866,20.096524335349866,30,74.43157161240691,1.5203268087373503,52.0,357.0,100,25.0,0.6496719584996364,53.11470003346536,True,
sano,55,5499,0,76.39247240021261,25.464157466737536,50,56.587016592750075,1.1061595917656926,72.0,530.0,100,25.0,0.8246562991516948,67.41998406102341,True,
sano,55,5499,1,76.39247240021261,25.464157466737536,50,56.587016592750075,1.1061595917656926,72.0,530.0,100,25.0,0.8246562991516948,67.41998406102341,True,
sano,55,5499,2,76.39247240021261,25.464157466737536,50,56.587016592750075,1.1061595917656926,72.0,530.0,100,25.0,0.8246562991516948,67.41998406102341,True,
sano,55,5502,0,16.60790708388291,16.60790708388291,30,61.51076697734412,1.256408618490923,52.0,357.0,60,25.0,0.8443655726431606,60.59532939834254,True,
sano,55,887,0,12.412897385054393,12.412897385054393,20,68.96054102807997,1.1761499012252599,41.0,231.0,60,25.0,0.6296643726357756,45.191665980526714,True,
sano,56,1460,0,207.08371058183968,34.513951763639945,50,76.69767058586655,1.4992814446328557,72.0,530.0,150,25.0,0.7920590575916652,69.92267308040499,True,
sano,56,1460,1,207.08371058183968,34.513951763639945,50,76.69767058586655,1.4992814446328557,72.0,530.0,150,25.0,0.7920590575916652,69.92267308040499,True,
sano,56,1460,2,207.08371058183968,34.513951763639945,50,76.69767058586655,1.4992814446328557,72.0,530.0,150,25.0,0.7920590575916652,69.92267308040499,True,
sano,56,1460,3,207.08371058183968,34.513951763639945,50,76.69767058586655,1.4992814446328557,72.0,530.0,150,25.0,0.7920590575916652,69.92267308040499,True,
sano,56,1460,4,207.08371058183968,34.513951763639945,50,76.69767058586655,1.4992814446328557,72.0,530.0,150,25.0,0.7920590575916652,69.92267308040499,True,
sano,56,1460,5,207.08371058183968,34.513951763639945,50,76.69767058586655,1.4992814446328557,72.0,530.0,150,25.0,0.7920590575916652,69.92267308040499,True,
sano,56,206,0,161.16008091366186,32.23201618273237,50,71.62670262829415,1.4001544684542981,72.0,530.0,150,25.0,0.7392965650816071,65.26493358889036,True,
sano,56,206,1,161.16008091366186,32.23201618273237,50,71.62670262829415,1.4001544684542981,72.0,530.0,150,25.0,0.7392965650816071,65.26493358889036,True,
sano,56,206,2,161.16008091366186,32.23201618273237,50,71.62670262829415,1.4001544684542981,72.0,530.0,150,25.0,0.7392965650816071,65.26493358889036,True,
sano,56,206,3,161.16008091366186,32.23201618273237,50,71.62670262829415,1.4001544684542981,72.0,530.0,150,25.0,0.7392965650816071,65.26493358889036,True,
sano,56,206,4,161.16008091366186,32.23201618273237,50,71.62670262829415,1.4001544684542981,72.0,530.0,150,25.0,0.7392965650816071,65.26493358889036,True,
sano,57,3595,0,30.11859749445413,30.11859749445413,50,66.9302166543425,1.30834784353417,72.0,530.0,150,25.0,0.6904810082085484,60.95560524477164,True,
sano,57,3786,0,22.443342632357485,22.443342632357485,50,49.8740947385722,0.9749357997214276,72.0,530.0,100,25.0,0.7261010778564913,59.36295769995922,True,
sano,57,5694,0,44.99424198608144,22.49712099304072,50,49.99360220675715,0.9772719245108262,72.0,530.0,100,25.0,0.7278538826731814,59.5062528297843,True,
sano,57,5694,1,44.99424198608144,22.49712099304072,50,49.99360220675715,0.9772719245108262,72.0,530.0,100,25.0,0.7278538826731814,59.5062528297843,True,
sano,57,5696,0,27.27771466879144,27.27771466879144,50,60.61714370842542,1.1849402738631905,72.0,530.0,100,25.0,0.8839198904200343,72.26481551728196,True,
sano,57,861,0,120.78476274654209,30.19619068663552,50,67.10264597030115,1.3117184814160354,72.0,530.0,150,25.0,0.6922723915025673,61.11374480538786,True,
sano,57,861,1,120.78476274654209,30.19619068663552,50,67.10264597030115,1.3117184814160354,72.0,530.0,150,25.0,0.6922723915025673,61.11374480538786,True,
sano,57,861,2,120.78476274654209,30.19619068663552,50,67.10264597030115,1.3117184814160354,72.0,530.0,150,25.0,0.6922723915025673,61.11374480538786,True,
sano,57,861,3,120.78476274654209,30.19619068663552,50,67.10264597030115,1.3117184814160354,72.0,530.0,150,25.0,0.6922723915025673,61.11374480538786,True,
sano,58,4655,0,30.393305637103374,30.393305637103374,50,67.54067919356305,1.3202811284788822,72.0,530.0,150,25.0,0.6968234507355727,61.51550268715501,True,
sano,58,4659,0,8.991135054807849,8.991135054807849,20,49.950750304488054,0.8519302366382112,41.0,231.0,60,25.0,0.45525636853132784,32.676709130802855,True,
sano,58,6221,0,13.512694533260486,13.512694533260486,20,75.07052518478048,1.280358150685847,41.0,231.0,60,25.0,0.6858578930787135,49.22352788574419,True,
sano,58,6222,0,17.29784427097511,17.29784427097511,30,64.0660898925004,1.308603216142619,52.0,357.0,60,25.0,0.8797703453591258,63.13515732911506,True,
sano,58,6223,0,53.69870708909231,26.849353544546155,50,59.66523009899145,1.1663323239656767,72.0,530.0,100,25.0,0.869915376353317,71.11994207845305,True,
sano,58,6223,1,53.69870708909231,26.849353544546155,50,59.66523009899145,1.1663323239656767,72.0,530.0,100,25.0,0.869915376353317,71.11994207845305,True,
sano,58,6224,0,50.64500665269883,25.322503326349416,50,56.27222961410981,1.1000061548688183,72.0,530.0,100,25.0,0.8200303378915696,67.04180759808654,True,
sano,58,6224,1,50.64500665269883,25.322503326349416,50,56.27222961410981,1.1000061548688183,72.0,530.0,100,25.0,0.8200303378915696,67.04180759808654,True,
sano,58,6225,0,26.547076134616937,26.547076134616937,50,58.99350252137097,1.1532014337406982,72.0,530.0,100,25.0,0.8600353648463288,70.31224677547966,True,
sano,59,1455,0,142.80640614481368,28.561281228962734,50,63.469513842139406,1.2406982334209657,72.0,530.0,100,25.0,0.925907924251419,75.697338083845,True,
sano,59,1455,1,142.80640614481368,28.561281228962734,50,63.469513842139406,1.2406982334209657,72.0,530.0,100,25.0,0.925907924251419,75.697338083845,True,
sano,59,1455,2,142.80640614481368,28.561281228962734,50,63.469513842139406,1.2406982334209657,72.0,530.0,100,25.0,0.925907924251419,75.697338083845,True,
sano,59,1455,3,142.80640614481368,28.561281228962734,50,63.469513842139406,1.2406982334209657,72.0,530.0,100,25.0,0.925907924251419,75.697338083845,True,
sano,59,1455,4,142.80640614481368,28.561281228962734,50,63.469513842139406,1.2406982334209657,72.0,530.0,100,25.0,0.925907924251419,75.697338083845,True,
sano,59,4406,0,163.97584547151013,32.795169094302025,50,72.87815354289339,1.4246177555501802,72.0,530.0,150,25.0,0.7523124118451311,66.41394114332431,True,
sano,59,4406,1,163.97584547151013,32.795169094302025,50,72.87815354289339,1.4246177555501802,72.0,530.0,150,25.0,0.7523124118451311,66.41394114332431,True,
sano,59,4406,2,163.97584547151013,32.795169094302025,50,72.87815354289339,1.4246177555501802,72.0,530.0,150,25.0,0.7523124118451311,66.41394114332431,True,
sano,59,4406,3,163.97584547151013,32.795169094302025,50,72.87815354289339,1.4246177555501802,72.0,530.0,150,25.0,0.7523124118451311,66.41394114332431,True,
sano,59,4406,4,163.97584547151013,32.795169094302025,50,72.87815354289339,1.4246177555501802,72.0,530.0,150,25.0,0.7523124118451311,66.41394114332431,True,
sano,59,5182,0,50.83974323129043,25.419871615645214,50,56.4886035903227,1.104235820322272,72.0,530.0,100,25.0,0.8232100209408377,67.30174955043645,True,
sano,59,5182,1,50.83974323129043,25.419871615645214,50,56.4886035903227,1.104235820322272,72.0,530.0,100,25.0,0.8232100209408377,67.30174955043645,True,
sano,59,5191,0,133.06129294068376,33.26532323517094,50,73.92294052260209,1.4450411884954815,72.0,530.0,150,25.0,0.7631814724862129,67.37343484606166,True,
sano,59,5191,1,133.06129294068376,33.26532323517094,50,73.92294052260209,1.4450411884954815,72.0,530.0,150,25.0,0.7631814724862129,67.37343484606166,True,
sano,59,5191,2,133.06129294068376,33.26532323517094,50,73.92294052260209,1.4450411884954815,72.0,530.0,150,25.0,0.7631814724862129,67.37343484606166,True,
sano,59,5191,3,133.06129294068376,33.26532323517094,50,73.92294052260209,1.4450411884954815,72.0,530.0,150,25.0,0.7631814724862129,67.37343484606166,True,
sano,59,5197,0,109.9606652388616,27.4901663097154,50,61.08925846603422,1.1941691447065073,72.0,530.0,100,25.0,0.8908671143351485,72.83275249205829,True,
sano,59,5197,1,109.9606652388616,27.4901663097154,50,61.08925846603422,1.1941691447065073,72.0,530.0,100,25.0,0.8908671143351485,72.83275249205829,True,
sano,59,5197,2,109.9606652388616,27.4901663097154,50,61.08925846603422,1.1941691447065073,72.0,530.0,100,25.0,0.8908671143351485,72.83275249205829,True,
sano,59,5197,3,109.9606652388616,27.4901663097154,50,61.08925846603422,1.1941691447065073,72.0,530.0,100,25.0,0.8908671143351485,72.83275249205829,True,
sano,60,1468,0,66.96660215354744,33.48330107677372,50,74.40733572616382,1.4545101167565582,72.0,530.0,150,25.0,0.7682215182643539,67.8183573488463,True,
sano,60,1468,1,66.96660215354744,33.48330107677372,50,74.40733572616382,1.4545101167565582,72.0,530.0,150,25.0,0.7682215182643539,67.8183573488463,True,
sano,60,211,0,179.9471653010241,29.991194216837354,50,66.64709825963857,1.3028134622084866,72.0,530.0,150,25.0,0.6875398079643262,60.695962214658564,True,
sano,60,211,1,179.9471653010241,29.991194216837354,50,66.64709825963857,1.3028134622084866,72.0,530.0,150,25.0,0.6875398079643262,60.695962214658564,True,
sano,60,211,2,179.9471653010241,29.991194216837354,50,66.64709825963857,1.3028134622084866,72.0,530.0,150,25.0,0.6875398079643262,60.695962214658564,True,
sano,60,211,3,179.9471653010241,29.991194216837354,50,66.64709825963857,1.3028134622084866,72.0,530.0,150,25.0,0.6875398079643262,60.695962214658564,True,
sano,60,211,4,179.9471653010241,29.991194216837354,50,66.64709825963857,1.3028134622084866,72.0,530.0,150,25.0,0.6875398079643262,60.695962214658564,True,
sano,60,211,5,179.9471653010241,29.991194216837354,50,66.64709825963857,1.3028134622084866,72.0,530.0,150,25.0,0.6875398079643262,60.695962214658564,True,
sano,60,4024,0,227.31373406079268,32.47339058011324,50,72.16309017802942,1.4106397399665511,72.0,530.0,150,25.0,0.744874897639493,65.75737545071276,True,
sano,60,4024,1,227.31373406079268,32.47339058011324,50,72.16309017802942,1.4106397399665511,72.0,530.0,150,25.0,0.744874897639493,65.75737545071276,True,
sano,60,4024,2,227.31373406079268,32.47339058011324,50,72.16309017802942,1.4106397399665511,72.0,530.0,150,25.0,0.744874897639493,65.75737545071276,True,
sano,60,4024,3,227.31373406079268,32.47339058011324,50,72.16309017802942,1.4106397399665511,72.0,530.0,150,25.0,0.744874897639493,65.75737545071276,True,
sano,60,4024,4,227.31373406079268,32.47339058011324,50,72.16309017802942,1.4106397399665511,72.0,530.0,150,25.0,0.744874897639493,65.75737545071276,True,
sano,60,4024,5,227.31373406079268,32.47339058011324,50,72.16309017802942,1.4106397399665511,72.0,530.0,150,25.0,0.744874897639493,65.75737545071276,True,
sano,60,4024,6,227.31373406079268,32.47339058011324,50,72.16309017802942,1.4106397399665511,72.0,530.0,150,25.0,0.744874897639493,65.75737545071276,True,
sano,60,5774,0,104.38907903865424,34.796359679551415,50,77.32524373233647,1.5115492066974003,72.0,530.0,150,25.0,0.7985927883484307,70.49945319783063,True,
sano,60,5774,1,104.38907903865424,34.796359679551415,50,77.32524373233647,1.5115492066974003,72.0,530.0,150,25.0,0.7985927883484307,70.49945319783063,True,
sano,60,5774,2,104.38907903865424,34.796359679551415,50,77.32524373233647,1.5115492066974003,72.0,530.0,150,25.0,0.7985927883484307,70.49945319783063,True,
sano,61,176,0,63.64958571697977,31.824792858489886,50,70.7217619077553,1.3824647417594353,72.0,530.0,150,25.0,0.7298867830606545,64.43426012017564,True,
sano,61,176,1,63.64958571697977,31.824792858489886,50,70.7217619077553,1.3824647417594353,72.0,530.0,150,25.0,0.7298867830606545,64.43426012017564,True,
sano,61,3941,0,46.06674377035781,23.033371885178905,50,51.18527085595312,1.0005665914836646,72.0,530.0,100,25.0,0.7453354086618853,60.935399068837256,True,
sano,61,3941,1,46.06674377035781,23.033371885178905,50,51.18527085595312,1.0005665914836646,72.0,530.0,100,25.0,0.7453354086618853,60.935399068837256,True,
sano,61,3942,0,141.89483029396604,28.378966058793207,50,63.06436901954046,1.2327784868332043,72.0,530.0,100,25.0,0.919941827216362,75.20961067363878,True,
sano,61,3942,1,141.89483029396604,28.378966058793207,50,63.06436901954046,1.2327784868332043,72.0,530.0,100,25.0,0.919941827216362,75.20961067363878,True,
sano,61,3942,2,141.89483029396604,28.378966058793207,50,63.06436901954046,1.2327784868332043,72.0,530.0,100,25.0,0.919941827216362,75.20961067363878,True,
sano,61,3942,3,141.89483029396604,28.378966058793207,50,63.06436901954046,1.2327784868332043,72.0,530.0,100,25.0,0.919941827216362,75.20961067363878,True,
sano,61,3942,4,141.89483029396604,28.378966058793207,50,63.06436901954046,1.2327784868332043,72.0,530.0,100,25.0,0.919941827216362,75.20961067363878,True,
sano,61,4020,0,60.08184340762124,30.04092170381062,50,66.75760378624582,1.3049736175861673,72.0,530.0,150,25.0,0.6886877833668964,60.79730309756695,True,
sano,61,4020,1,60.08184340762124,30.04092170381062,50,66.75760378624582,1.3049736175861673,72.0,530.0,150,25.0,0.6886877833668964,60.79730309756695,True,
sano,61,78,0,7.938315588261307,7.938315588261307,20,44.10175326811837,0.7521732280063929,41.0,231.0,60,25.0,0.4017225952687416,28.83491665156318,True,
sano,61,79,0,16.926220325357857,16.926220325357857,30,62.6897049087328,1.2804894071146151,52.0,357.0,60,25.0,0.8606968108550529,61.7668911432997,True,
sano,61,80,0,14.825786553191865,14.825786553191865,30,54.910320567377276,1.1215890062037883,52.0,357.0,60,25.0,0.7530371612130066,54.04335458427061,True,
sano,62,1860,0,26.530748108724445,26.530748108724445,50,58.95721801938765,1.1524921464815707,72.0,530.0,100,25.0,0.8595017362096817,70.26862236942249,True,
sano,62,1875,0,104.91548871261936,34.97182957087312,50,77.71517682416248,1.5191715952883098,72.0,530.0,150,25.0,0.8026528617003643,70.85786539125914,True,
sano,62,1875,1,104.91548871261936,34.97182957087312,50,77.71517682416248,1.5191715952883098,72.0,530.0,150,25.0,0.8026528617003643,70.85786539125914,True,
sano,62,1875,2,104.91548871261936,34.97182957087312,50,77.71517682416248,1.5191715952883098,72.0,530.0,150,25.0,0.8026528617003643,70.85786539125914,True,
sano,62,1877,0,75.99833633950018,25.332778779833394,50,56.29506395518533,1.1004525191927073,72.0,530.0,100,25.0,0.8203658858893516,67.06923895409442,True,
sano,62,1877,1,75.99833633950018,25.332778779833394,50,56.29506395518533,1.1004525191927073,72.0,530.0,100,25.0,0.8203658858893516,67.06923895409442,True,
sano,62,1877,2,75.99833633950018,25.332778779833394,50,56.29506395518533,1.1004525191927073,72.0,530.0,100,25.0,0.8203658858893516,67.06923895409442,True,
sano,62,1884,0,38.83392669699476,19.41696334849738,30,71.9146790685088,1.4689171834089285,52.0,357.0,60,25.0,0.98868161226768,70.94762426681609,True,
sano,62,1884,1,38.83392669699476,19.41696334849738,30,71.9146790685088,1.4689171834089285,52.0,357.0,60,25.0,0.98868161226768,70.94762426681609,True,
sano,62,1886,0,94.10219646541142,31.367398821803807,50,69.70533071511957,1.3625956060317903,72.0,530.0,150,25.0,0.7193198467372565,63.50143517465854,True,
sano,62,1886,1,94.10219646541142,31.367398821803807,50,69.70533071511957,1.3625956060317903,72.0,530.0,150,25.0,0.7193198467372565,63.50143517465854,True,
sano,62,1886,2,94.10219646541142,31.367398821803807,50,69.70533071511957,1.3625956060317903,72.0,530.0,150,25.0,0.7193198467372565,63.50143517465854,True,
sano,62,1893,0,63.04483058941706,31.52241529470853,50,70.04981176601895,1.3693295008645263,72.0,530.0,150,25.0,0.7229008569505405,63.81755862997058,True,
sano,62,1893,1,63.04483058941706,31.52241529470853,50,70.04981176601895,1.3693295008645263,72.0,530.0,150,25.0,0.7229008569505405,63.81755862997058,True,
sano,62,4563,0,18.302712933331044,18.302712933331044,30,67.78782567900387,1.3846227676405112,52.0,357.0,60,25.0,0.9313837547392587,66.8376029200601,True,
sano,63,5001,0,49.671317960458296,24.835658980229148,50,55.1903532893981,1.078857701641521,72.0,530.0,100,25.0,0.8041349302345273,65.74234210410233,True,
sano,63,5001,1,49.671317960458296,24.835658980229148,50,55.1903532893981,1.078857701641521,72.0,530.0,100,25.0,0.8041349302345273,65.74234210410233,True,
sano,63,5006,0,45.68864891860176,22.84432445930088,50,50.76516546511307,0.9923543966090942,72.0,530.0,100,25.0,0.739171839276223,60.431516538919055,True,
sano,63,5006,1,45.68864891860176,22.84432445930088,50,50.76516546511307,0.9923543966090942,72.0,530.0,100,25.0,0.739171839276223,60.431516538919055,True,
sano,63,5008,0,39.1052669261782,19.5526334630891,30,72.41716097440408,1.479180794614347,52.0,357.0,60,25.0,0.9956629153029033,71.44838483841353,True,
sano,63,5008,1,39.1052669261782,19.5526334630891,30,72.41716097440408,1.479180794614347,52.0,357.0,60,25.0,0.9956629153029033,71.44838483841353,True,
sano,63,5013,0,46.63767996696443,23.318839983482214,50,51.81964440773825,1.0129672874616797,72.0,530.0,100,25.0,0.7546440811383702,61.69639848961789,True,
sano,63,5013,1,46.63767996696443,23.318839983482214,50,51.81964440773825,1.0129672874616797,72.0,530.0,100,25.0,0.7546440811383702,61.69639848961789,True,
sano,63,5019,0,109.90315159100872,27.47578789775218,50,61.05730643944929,1.1935445484154952,72.0,530.0,100,25.0,0.8903969053223261,72.79431282527598,True,
sano,63,5019,1,109.90315159100872,27.47578789775218,50,61.05730643944929,1.1935445484154952,72.0,530.0,100,25.0,0.8903969053223261,72.79431282527598,True,
sano,63,5019,2,109.90315159100872,27.47578789775218,50,61.05730643944929,1.1935445484154952,72.0,530.0,100,25.0,0.8903969053223261,72.79431282527598,True,
sano,63,5019,3,109.90315159100872,27.47578789775218,50,61.05730643944929,1.1935445484154952,72.0,530.0,100,25.0,0.8903969053223261,72.79431282527598,True,
sano,64,1820,0,26.87746167440533,26.87746167440533,50,59.727692609789614,1.1675533373642522,72.0,530.0,100,25.0,0.8708341991007544,71.19505619124705,True,
sano,64,1830,0,15.1787985122596,15.1787985122596,30,56.21777226762815,1.148294795534311,52.0,357.0,60,25.0,0.7711139529259489,55.340239540840074,True,
sano,64,1832,0,77.84710106482542,25.94903368827514,50,57.664519307278084,1.1272225499245687,72.0,530.0,100,25.0,0.8404940879317261,68.71473571764751,True,
sano,64,1832,1,77.84710106482542,25.94903368827514,50,57.664519307278084,1.1272225499245687,72.0,530.0,100,25.0,0.8404940879317261,68.71473571764751,True,
sano,64,1832,2,77.84710106482542,25.94903368827514,50,57.664519307278084,1.1272225499245687,72.0,530.0,100,25.0,0.8404940879317261,68.71473571764751,True,
sano,64,1835,0,9.42388767708382,9.42388767708382,20,52.35493153935455,0.8929345193738188,41.0,231.0,60,25.0,0.47727848339615686,34.257049997441136,True,
sano,64,1838,0,88.15030002536321,29.383433341787736,50,65.29651853730608,1.2764124111501818,72.0,530.0,150,25.0,0.6735116137596449,59.457581765648676,True,
sano,64,1838,1,88.15030002536321,29.383433341787736,50,65.29651853730608,1.2764124111501818,72.0,530.0,150,25.0,0.6735116137596449,59.457581765648676,True,
sano,64,1838,2,88.15030002536321,29.383433341787736,50,65.29651853730608,1.2764124111501818,72.0,530.0,150,25.0,0.6735116137596449,59.457581765648676,True,
sano,64,1852,0,25.84668240537259,25.84668240537259,50,57.43707201193909,1.122776423895853,72.0,530.0,100,25.0,0.837150502036907,68.44139516901267,True,
sano,64,1858,0,27.793072240995212,27.793072240995212,50,61.762382757767135,1.2073273378148226,72.0,530.0,100,25.0,0.9007739276886523,73.64263562524044,True,
sano,64,4557,0,38.32805255341247,19.164026276706235,30,70.97787509891198,1.44978218251272,52.0,357.0,60,25.0,0.9756687608470538,70.01421983746097,True,
sano,64,4557,1,38.32805255341247,19.164026276706235,30,70.97787509891198,1.44978218251272,52.0,357.0,60,25.0,0.9756687608470538,70.01421983746097,True,
sano,64,4558,0,47.45855428843281,23.729277144216404,50,52.73172698714756,1.0307966227835432,72.0,530.0,100,25.0,0.768030905242965,62.79079196273847,True,
sano,64,4558,1,47.45855428843281,23.729277144216404,50,52.73172698714756,1.0307966227835432,72.0,530.0,100,25.0,0.768030905242965,62.79079196273847,True,
sano,64,4559,0,23.494059410655023,23.494059410655023,50,52.209020912566714,1.020578795923488,72.0,530.0,100,25.0,0.7603585923502687,62.163568808262376,True,
sano,65,3946,0,142.95387221898827,28.590774443797653,50,63.53505431955035,1.2419794147254826,72.0,530.0,100,25.0,0.926873131296047,75.7762435589742,True,
sano,65,3946,1,142.95387221898827,28.590774443797653,50,63.53505431955035,1.2419794147254826,72.0,530.0,100,25.0,0.926873131296047,75.7762435589742,True,
sano,65,3946,2,142.95387221898827,28.590774443797653,50,63.53505431955035,1.2419794147254826,72.0,530.0,100,25.0,0.926873131296047,75.7762435589742,True,
sano,65,3946,3,142.95387221898827,28.590774443797653,50,63.53505431955035,1.2419794147254826,72.0,530.0,100,25.0,0.926873131296047,75.7762435589742,True,
sano,65,3946,4,142.95387221898827,28.590774443797653,50,63.53505431955035,1.2419794147254826,72.0,530.0,100,25.0,0.926873131296047,75.7762435589742,True,
sano,65,3947,0,62.90422577337414,31.45211288668707,50,69.89358419263793,1.3662755736706367,72.0,530.0,150,25.0,0.7212767801581099,63.674188825423904,True,
sano,65,3947,1,62.90422577337414,31.45211288668707,50,69.89358419263793,1.3662755736706367,72.0,530.0,150,25.0,0.7212767801581099,63.674188825423904,True,
sano,65,5192,0,24.37614470060875,24.37614470060875,50,54.169210445797226,1.0588964628446214,72.0,530.0,100,25.0,0.7891365858187426,64.51620997470474,True,
sano,65,5704,0,14.969090181651469,14.969090181651469,30,55.44107474685729,1.132430102131667,52.0,357.0,60,25.0,0.7603745198774109,54.56976184284871,True,
sano,65,5705,0,17.62781627641788,17.62781627641788,30,65.28820843117734,1.3335660046147055,52.0,357.0,60,25.0,0.8967125739120195,64.35051242038361,True,
sano,65,5706,0,11.637379575398606,11.637379575398606,20,64.65210875221449,1.1026678472832594,41.0,231.0,60,25.0,0.5900797856323861,42.35137002977266,True,
sano,65,5707,0,101.22281469781136,33.74093823260379,50,74.97986273911953,1.465701840318939,72.0,530.0,150,25.0,0.7741792273584668,68.3442886601993,True,
sano,65,5707,1,101.22281469781136,33.74093823260379,50,74.97986273911953,1.465701840318939,72.0,530.0,150,25.0,0.7741792273584668,68.3442886601993,True,
sano,65,5707,2,101.22281469781136,33.74093823260379,50,74.97986273911953,1.465701840318939,72.0,530.0,150,25.0,0.7741792273584668,68.3442886601993,True,
sano,66,1755,0,59.02476211991626,29.51238105995813,50,65.58306902212918,1.2820138827667786,72.0,530.0,150,25.0,0.6764876202677377,59.72029766186848,True,
sano,66,1755,1,59.02476211991626,29.51238105995813,50,65.58306902212918,1.2820138827667786,72.0,530.0,150,25.0,0.6764876202677377,59.72029766186848,True,
sano,66,3722,0,27.067718658888523,27.067718658888523,50,60.15048590864116,1.1758180753027214,72.0,530.0,100,25.0,0.8770539379296965,71.70352199647762,True,
sano,66,3726,0,196.2853219764217,32.71422032940362,50,72.6982673986747,1.421101352038659,72.0,530.0,150,25.0,0.7504412747247459,66.24876173240725,True,
sano,66,3726,1,196.2853219764217,32.71422032940362,50,72.6982673986747,1.421101352038659,72.0,530.0,150,25.0,0.7504412747247459,66.24876173240725,True,
sano,66,3726,2,196.2853219764217,32.71422032940362,50,72.6982673986747,1.421101352038659,72.0,530.0,150,25.0,0.7504412747247459,66.24876173240725,True,
sano,66,3726,3,196.2853219764217,32.71422032940362,50,72.6982673986747,1.421101352038659,72.0,530.0,150,25.0,0.7504412747247459,66.24876173240725,True,
sano,66,3726,4,196.2853219764217,32.71422032940362,50,72.6982673986747,1.421101352038659,72.0,530.0,150,25.0,0.7504412747247459,66.24876173240725,True,
sano,66,3726,5,196.2853219764217,32.71422032940362,50,72.6982673986747,1.421101352038659,72.0,530.0,150,25.0,0.7504412747247459,66.24876173240725,True,
sano,66,4587,0,351.0147067670323,31.910427887912025,50,70.91206197313784,1.386184715974572,72.0,530.0,150,25.0,0.7318654172586646,64.60892934519212,True,
sano,66,4587,1,351.0147067670323,31.910427887912025,50,70.91206197313784,1.386184715974572,72.0,530.0,150,25.0,0.7318654172586646,64.60892934519212,True,
sano,66,4587,2,351.0147067670323,31.910427887912025,50,70.91206197313784,1.386184715974572,72.0,530.0,150,25.0,0.7318654172586646,64.60892934519212,True,
sano,66,4587,3,351.0147067670323,31.910427887912025,50,70.91206197313784,1.386184715974572,72.0,530.0,150,25.0,0.7318654172586646,64.60892934519212,True,
sano,66,4587,4,351.0147067670323,31.910427887912025,50,70.91206197313784,1.386184715974572,72.0,530.0,150,25.0,0.7318654172586646,64.60892934519212,True,
sano,66,4587,5,351.0147067670323,31.910427887912025,50,70.91206197313784,1.386184715974572,72.0,530.0,150,25.0,0.7318654172586646,64.60892934519212,True,
sano,66,4587,6,351.0147067670323,31.910427887912025,50,70.91206197313784,1.386184715974572,72.0,530.0,150,25.0,0.7318654172586646,64.60892934519212,True,
sano,66,4587,7,351.0147067670323,31.910427887912025,50,70.91206197313784,1.386184715974572,72.0,530.0,150,25.0,0.7318654172586646,64.60892934519212,True,
sano,66,4587,8,351.0147067670323,31.910427887912025,50,70.91206197313784,1.386184715974572,72.0,530.0,150,25.0,0.7318654172586646,64.60892934519212,True,
sano,66,4587,9,351.0147067670323,31.910427887912025,50,70.91206197313784,1.386184715974572,72.0,530.0,150,25.0,0.7318654172586646,64.60892934519212,True,
sano,66,4587,10,351.0147067670323,31.910427887912025,50,70.91206197313784,1.386184715974572,72.0,530.0,150,25.0,0.7318654172586646,64.60892934519212,True,
sano,66,6141,0,40.54501976486567,20.272509882432836,30,75.08336993493643,1.5336403320469465,52.0,357.0,100,25.0,0.6553991694632968,53.58291495370473,True,
sano,66,6141,1,40.54501976486567,20.272509882432836,30,75.08336993493643,1.5336403320469465,52.0,357.0,100,25.0,0.6553991694632968,53.58291495370473,True,
sano,66,6142,0,17.873298400698335,17.873298400698335,30,66.19740148406791,1.352137029553226,52.0,357.0,60,25.0,0.9093206701167912,65.254945862313,True,
sano,66,6143,0,79.6155734204733,26.538524473491098,50,58.97449882998021,1.1528299507261028,72.0,530.0,100,25.0,0.8597558807756351,70.28939881427775,True,
sano,66,6143,1,79.6155734204733,26.538524473491098,50,58.97449882998021,1.1528299507261028,72.0,530.0,100,25.0,0.8597558807756351,70.28939881427775,True,
sano,66,6143,2,79.6155734204733,26.538524473491098,50,58.97449882998021,1.1528299507261028,72.0,530.0,100,25.0,0.8597558807756351,70.28939881427775,True,
sano,66,6144,0,70.23025863671367,23.41008621223789,50,52.022413804973084,1.0169310114247592,72.0,530.0,100,25.0,0.7576198527959426,61.939672566566855,True,
sano,66,6144,1,70.23025863671367,23.41008621223789,50,52.022413804973084,1.0169310114247592,72.0,530.0,100,25.0,0.7576198527959426,61.939672566566855,True,
sano,66,6144,2,70.23025863671367,23.41008621223789,50,52.022413804973084,1.0169310114247592,72.0,530.0,100,25.0,0.7576198527959426,61.939672566566855,True,
sano,66,6145,0,24.57810835237599,24.57810835237599,50,54.61801856083552,1.0676697368428747,72.0,530.0,100,25.0,0.7957280240914938,65.0550680261586,True,
sano,67,5021,0,66.61290354186076,33.30645177093038,50,74.01433726873418,1.4468278065834748,72.0,530.0,150,25.0,0.7641323997273595,67.45738031073392,True,
sano,67,5021,1,66.61290354186076,33.30645177093038,50,74.01433726873418,1.4468278065834748,72.0,530.0,150,25.0,0.7641323997273595,67.45738031073392,True,
sano,67,5025,0,74.52960378974801,24.843201263249338,50,55.20711391833185,1.0791853374063205,72.0,530.0,100,25.0,0.8043811454264403,65.76247046300867,True,
sano,67,5025,1,74.52960378974801,24.843201263249338,50,55.20711391833185,1.0791853374063205,72.0,530.0,100,25.0,0.8043811454264403,65.76247046300867,True,
sano,67,5025,2,74.52960378974801,24.843201263249338,50,55.20711391833185,1.0791853374063205,72.0,530.0,100,25.0,0.8043811454264403,65.76247046300867,True,
sano,67,5031,0,35.5859887794602,17.7929943897301,30,65.8999792212226,1.346061932253471,52.0,357.0,60,25.0,0.9051958407620814,64.95905504224575,True,
sano,67,5031,1,35.5859887794602,17.7929943897301,30,65.8999792212226,1.346061932253471,52.0,357.0,60,25.0,0.9051958407620814,64.95905504224575,True,
sano,67,5035,0,79.34211889383242,26.447372964610807,50,58.771939921357344,1.148870341381731,72.0,530.0,100,25.0,0.8567769806011446,70.04587219827728,True,
sano,67,5035,1,79.34211889383242,26.447372964610807,50,58.771939921357344,1.148870341381731,72.0,530.0,100,25.0,0.8567769806011446,70.04587219827728,True,
sano,67,5035,2,79.34211889383242,26.447372964610807,50,58.771939921357344,1.148870341381731,72.0,530.0,100,25.0,0.8567769806011446,70.04587219827728,True,
sano,67,6151,0,123.5307266757886,30.88268166894715,50,68.62818148654922,1.3415395577951217,72.0,530.0,150,25.0,0.7081241589546174,62.51310478424154,True,
sano,67,6151,1,123.5307266757886,30.88268166894715,50,68.62818148654922,1.3415395577951217,72.0,530.0,150,25.0,0.7081241589546174,62.51310478424154,True,
sano,67,6151,2,123.5307266757886,30.88268166894715,50,68.62818148654922,1.3415395577951217,72.0,530.0,150,25.0,0.7081241589546174,62.51310478424154,True,
sano,67,6151,3,123.5307266757886,30.88268166894715,50,68.62818148654922,1.3415395577951217,72.0,530.0,150,25.0,0.7081241589546174,62.51310478424154,True,
sano,67,6152,0,10.529191281835502,10.529191281835502,20,58.49550712130834,0.9976645179572171,41.0,231.0,60,25.0,0.5335720976256788,38.2966286559319,True,
sano,67,6153,0,39.0618556618405,19.53092783092025,30,72.33676974414907,1.4775387368168775,52.0,357.0,60,25.0,0.9945459187939524,71.36826420889732,True,
sano,67,6153,1,39.0618556618405,19.53092783092025,30,72.33676974414907,1.4775387368168775,52.0,357.0,60,25.0,0.9945459187939524,71.36826420889732,True,
sano,67,6154,0,45.44802093324331,22.724010466621657,50,50.49780103693702,0.987127972872138,72.0,530.0,100,25.0,0.7352496105363571,60.110867299950876,True,
sano,67,6154,1,45.44802093324331,22.724010466621657,50,50.49780103693702,0.987127972872138,72.0,530.0,100,25.0,0.7352496105363571,60.110867299950876,True,
sano,68,6211,0,109.60435142388285,27.40108785597071,50,60.891306346601574,1.1902995885997303,72.0,530.0,100,25.0,0.8879541053318954,72.59461347289937,True,
sano,68,6211,1,109.60435142388285,27.40108785597071,50,60.891306346601574,1.1902995885997303,72.0,530.0,100,25.0,0.8879541053318954,72.59461347289937,True,
sano,68,6211,2,109.60435142388285,27.40108785597071,50,60.891306346601574,1.1902995885997303,72.0,530.0,100,25.0,0.8879541053318954,72.59461347289937,True,
sano,68,6211,3,109.60435142388285,27.40108785597071,50,60.891306346601574,1.1902995885997303,72.0,530.0,100,25.0,0.8879541053318954,72.59461347289937,True,
sano,68,6220,0,125.91152787085612,31.47788196771403,50,69.95084881714229,1.3673949791010418,72.0,530.0,150,25.0,0.7218720731127551,63.72673993497419,True,
sano,68,6220,1,125.91152787085612,31.47788196771403,50,69.95084881714229,1.3673949791010418,72.0,530.0,150,25.0,0.7218720731127551,63.72673993497419,True,
sano,68,6220,2,125.91152787085612,31.47788196771403,50,69.95084881714229,1.3673949791010418,72.0,530.0,150,25.0,0.7218720731127551,63.72673993497419,True,
sano,68,6220,3,125.91152787085612,31.47788196771403,50,69.95084881714229,1.3673949791010418,72.0,530.0,150,25.0,0.7218720731127551,63.72673993497419,True,
sano,69,1705,0,55.390332544984304,27.695166272492152,50,61.54481393887145,1.2030743156485784,72.0,530.0,100,25.0,0.8975716041456123,73.38084542013485,True,
sano,69,1705,1,55.390332544984304,27.695166272492152,50,61.54481393887145,1.2030743156485784,72.0,530.0,100,25.0,0.8975716041456123,73.38084542013485,True,
sano,69,1715,0,27.70624406898485,27.70624406898485,50,61.56943126441078,1.203555533645366,72.0,530.0,100,25.0,0.8979339278799817,73.41046541976525,True,
sano,69,5230,0,138.62956908755186,34.657392271887964,50,77.01642727086214,1.505512481110444,72.0,530.0,150,25.0,0.7953775585617894,70.21562142066207,True,
sano,69,5230,1,138.62956908755186,34.657392271887964,50,77.01642727086214,1.505512481110444,72.0,530.0,150,25.0,0.7953775585617894,70.21562142066207,True,
sano,69,5230,2,138.62956908755186,34.657392271887964,50,77.01642727086214,1.505512481110444,72.0,530.0,150,25.0,0.7953775585617894,70.21562142066207,True,
sano,69,5230,3,138.62956908755186,34.657392271887964,50,77.01642727086214,1.505512481110444,72.0,530.0,150,25.0,0.7953775585617894,70.21562142066207,True,
sano,69,875,0,34.59694571625199,34.59694571625199,50,76.88210159167109,1.5028866908248917,72.0,530.0,150,25.0,0.7939790980976741,70.09216909993334,True,
sano,69,878,0,25.20887921016589,25.20887921016589,50,56.01973157814642,1.0950703384713392,72.0,530.0,100,25.0,0.8163200620763805,66.7384890740204,True,
sano,70,1762,0,34.9185185218681,34.9185185218681,50,77.59670782637356,1.5168557704556593,72.0,530.0,150,25.0,0.8014192996038056,70.74896990650122,True,
sano,70,1769,0,69.97544495607015,34.987722478035074,50,77.7504943956335,1.5198619810480272,72.0,530.0,150,25.0,0.8030206130076019,70.89032946816586,True,
sano,70,1769,1,69.97544495607015,34.987722478035074,50,77.7504943956335,1.5198619810480272,72.0,530.0,150,25.0,0.8030206130076019,70.89032946816586,True,
sano,70,1770,0,46.79993293861144,23.39996646930572,50,51.99992548734605,1.0164914111463974,72.0,530.0,100,25.0,0.7572898133110497,61.91269131715885,True,
sano,70,1770,1,46.79993293861144,23.39996646930572,50,51.99992548734605,1.0164914111463974,72.0,530.0,100,25.0,0.7572898133110497,61.91269131715885,True,
sano,70,1777,0,43.127949220793504,21.563974610396752,30,79.86657263109909,1.6313412287641227,52.0,357.0,100,25.0,0.6974486229615282,57.02056035925499,True,
sano,70,1777,1,43.127949220793504,21.563974610396752,30,79.86657263109909,1.6313412287641227,52.0,357.0,100,25.0,0.6974486229615282,57.02056035925499,True,
sano,71,1818,0,5.936246357380727,5.936246357380727,10,65.95829285978586,1.0675457693855197,27.0,122.0,60,25.0,0.30008730971281866,21.540678228473297,True,
sano,71,1819,0,35.04852755385766,17.52426377692883,30,64.90468065529197,1.3257321305348955,52.0,357.0,60,25.0,0.8913950726505148,63.96906202754893,True,
sano,71,1819,1,35.04852755385766,17.52426377692883,30,64.90468065529197,1.3257321305348955,52.0,357.0,60,25.0,0.8913950726505148,63.96906202754893,True,
sano,71,1826,0,13.724148533176509,13.724148533176509,20,76.24526962875838,1.3003938920119908,41.0,231.0,60,25.0,0.6966696712934993,49.9992459465176,True,
sano,71,1831,0,27.21299016543832,27.21299016543832,50,60.47331147875182,1.1821286501014445,72.0,530.0,100,25.0,0.8818035788399654,72.09180651168086,True,
sano,71,1834,0,19.89897085332031,19.89897085332031,30,73.69989204933448,1.5053816445946813,52.0,357.0,60,25.0,1.0134894217065271,72.72704526693524,True,
sano,72,1423,0,27.29683035116647,27.29683035116647,50,60.659623002592156,1.1857706565467687,72.0,530.0,100,25.0,0.8845449377204095,72.31591328272054,True,
sano,72,1451,0,28.891488327814656,28.891488327814656,50,64.20330739514368,1.2550423855941253,72.0,530.0,100,25.0,0.9367155078423041,76.58085523215081,True,
sano,72,1453,0,31.047196550389067,31.047196550389067,50,68.9937701119757,1.3486860622232726,72.0,530.0,150,25.0,0.7119237327965845,62.84852278470736,True,
sano,72,4585,0,24.47633933901333,24.47633933901333,50,54.3918651978074,1.06324890452503,72.0,530.0,100,25.0,0.7924065026491333,64.78352968823424,True,
sano,73,375,0,85.91010539721327,28.63670179907109,50,63.63711510904686,1.243974492890802,72.0,530.0,100,25.0,0.928376206799983,75.8991196491625,True,
sano,73,375,1,85.91010539721327,28.63670179907109,50,63.63711510904686,1.243974492890802,72.0,530.0,100,25.0,0.928376206799983,75.8991196491625,True,
sano,73,375,2,85.91010539721327,28.63670179907109,50,63.63711510904686,1.243974492890802,72.0,530.0,100,25.0,0.928376206799983,75.8991196491625,True,
sano,73,4351,0,100.40780616382897,33.46926872127632,50,74.37615271394738,1.4539005531120985,72.0,530.0,150,25.0,0.7678970489902646,67.78971402584001,True,
sano,73,4351,1,100.40780616382897,33.46926872127632,50,74.37615271394738,1.4539005531120985,72.0,530.0,150,25.0,0.7678970489902646,67.78971402584001,True,
sano,73,4351,2,100.40780616382897,33.46926872127632,50,74.37615271394738,1.4539005531120985,72.0,530.0,150,25.0,0.7678970489902646,67.78971402584001,True,
sano,73,4354,0,34.12934474988618,34.12934474988618,50,75.8429883330804,1.4825741674382416,72.0,530.0,150,25.0,0.7831622692726742,69.13728822187021,True,
sano,74,4841,0,10.236594638774656,10.236594638774656,20,56.86997021541477,0.9699403289818687,41.0,231.0,60,25.0,0.518663517034424,37.226821718379036,True,
sano,74,4843,0,20.093831583426088,20.093831583426088,30,74.42159845713367,1.5201230987390102,52.0,357.0,100,25.0,0.6495843317358121,53.10753630683022,True,
sano,74,4847,0,14.5652713500102,14.5652713500102,30,53.945449444482215,1.1018807103377188,52.0,357.0,60,25.0,0.7397013142067299,53.086586637809546,True,
sano,74,4849,0,25.91586562769596,25.91586562769596,50,57.590812505991025,1.1257817338128304,72.0,530.0,100,25.0,0.8394105370300324,68.62615466606911,True,
sano,74,4862,0,25.03222554095332,25.03222554095332,50,55.62716786878516,1.0873965267273091,72.0,530.0,100,25.0,0.8105521819159581,66.2669591774997,True,
sano,75,1774,0,49.57054438028701,24.785272190143505,50,55.078382644763344,1.076668906224892,72.0,530.0,100,25.0,0.8024901029043414,65.60787566992194,True,
sano,75,1774,1,49.57054438028701,24.785272190143505,50,55.078382644763344,1.076668906224892,72.0,530.0,100,25.0,0.8024901029043414,65.60787566992194,True,
sano,75,4555,0,56.0200361931232,28.0100180965616,50,62.24448465902577,1.2167514367406183,72.0,530.0,100,25.0,0.9078705752191597,74.22278674053172,True,
sano,75,4555,1,56.0200361931232,28.0100180965616,50,62.24448465902577,1.2167514367406183,72.0,530.0,100,25.0,0.9078705752191597,74.22278674053172,True,
sano,75,4556,0,21.99016043222166,21.99016043222166,50,48.8670231827148,0.9552496256097363,72.0,530.0,100,25.0,0.7113329454905885,58.1556334776134,True,
sano,76,3791,0,80.30335383599989,26.76778461199996,50,59.48396580444435,1.1627889804545504,72.0,530.0,100,25.0,0.8672490787619749,70.9019711748791,True,
sano,76,3791,1,80.30335383599989,26.76778461199996,50,59.48396580444435,1.1627889804545504,72.0,530.0,100,25.0,0.8672490787619749,70.9019711748791,True,
sano,76,3791,2,80.30335383599989,26.76778461199996,50,59.48396580444435,1.1627889804545504,72.0,530.0,100,25.0,0.8672490787619749,70.9019711748791,True,
sano,76,5941,0,27.757437050850008,27.757437050850008,50,61.683193446333355,1.2057793499249818,72.0,530.0,100,25.0,0.8996083420566676,73.54734891939579,True,
sano,76,5942,0,24.768435743212265,24.768435743212265,50,55.040968318249476,1.0759375332238972,72.0,530.0,100,25.0,0.8019405059469537,65.56294551084441,True,
sano,76,5943,0,83.2422072081902,27.747402402730064,50,61.66089422828904,1.2053434461538726,72.0,530.0,100,25.0,0.8992801254096267,73.52051718325882,True,
sano,76,5943,1,83.2422072081902,27.747402402730064,50,61.66089422828904,1.2053434461538726,72.0,530.0,100,25.0,0.8992801254096267,73.52051718325882,True,
sano,76,5943,2,83.2422072081902,27.747402402730064,50,61.66089422828904,1.2053434461538726,72.0,530.0,100,25.0,0.8992801254096267,73.52051718325882,True,
sano,76,5944,0,56.99614420553024,28.49807210276512,50,63.32904911725582,1.237952437440009,72.0,530.0,100,25.0,0.9238393808066987,75.52823505434026,True,
sano,76,5944,1,56.99614420553024,28.49807210276512,50,63.32904911725582,1.237952437440009,72.0,530.0,100,25.0,0.9238393808066987,75.52823505434026,True,
sano,76,6245,0,66.26614121593309,33.133070607966545,50,73.6290457954812,1.4392961520728373,72.0,530.0,150,25.0,0.7601238024807615,67.10351139445972,True,
sano,76,6245,1,66.26614121593309,33.133070607966545,50,73.6290457954812,1.4392961520728373,72.0,530.0,150,25.0,0.7601238024807615,67.10351139445972,True,
sano,76,89,0,128.90056625946403,32.22514156486601,50,71.61142569970224,1.399855835974408,72.0,530.0,150,25.0,0.7391376970959197,65.250909100288,True,
sano,76,89,1,128.90056625946403,32.22514156486601,50,71.61142569970224,1.399855835974408,72.0,530.0,150,25.0,0.7391376970959197,65.250909100288,True,
sano,76,89,2,128.90056625946403,32.22514156486601,50,71.61142569970224,1.399855835974408,72.0,530.0,150,25.0,0.7391376970959197,65.250909100288,True,
sano,76,89,3,128.90056625946403,32.22514156486601,50,71.61142569970224,1.399855835974408,72.0,530.0,150,25.0,0.7391376970959197,65.250909100288,True,
sano,77,1520,0,9.366927669051297,9.366927669051297,20,52.03848705028497,0.8875374307052293,41.0,231.0,60,25.0,0.4743792925395951,34.04900133121142,True,
sano,77,4534,0,89.00008094406309,29.666693648021027,50,65.92598588449117,1.2887172009362067,72.0,530.0,150,25.0,0.6800492637552902,60.0347123506417,True,
sano,77,4534,1,89.00008094406309,29.666693648021027,50,65.92598588449117,1.2887172009362067,72.0,530.0,150,25.0,0.6800492637552902,60.0347123506417,True,
sano,77,4534,2,89.00008094406309,29.666693648021027,50,65.92598588449117,1.2887172009362067,72.0,530.0,150,25.0,0.6800492637552902,60.0347123506417,True,
sano,77,5685,0,53.71392357278026,26.85696178639013,50,59.68213730308918,1.1666628249729525,72.0,530.0,100,25.0,0.8701640794058649,71.14027364948049,True,
sano,77,5685,1,53.71392357278026,26.85696178639013,50,59.68213730308918,1.1666628249729525,72.0,530.0,100,25.0,0.8701640794058649,71.14027364948049,True,
sano,77,5686,0,34.86970487875017,34.86970487875017,50,77.48823306388927,1.514735312332729,72.0,530.0,150,25.0,0.8002898300028013,70.64926341455629,True,
sano,77,5687,0,84.17362090028627,28.057873633428756,50,62.35083029650834,1.2188302748562658,72.0,530.0,100,25.0,0.9094361457098087,74.35077209607807,True,
sano,77,5687,1,84.17362090028627,28.057873633428756,50,62.35083029650834,1.2188302748562658,72.0,530.0,100,25.0,0.9094361457098087,74.35077209607807,True,
sano,77,5687,2,84.17362090028627,28.057873633428756,50,62.35083029650834,1.2188302748562658,72.0,530.0,100,25.0,0.9094361457098087,74.35077209607807,True,
sano,77,5688,0,37.52228392401906,18.76114196200953,30,69.48571097040566,1.4193034880762017,52.0,357.0,60,25.0,0.954949004730078,68.52798186516263,True,
sano,77,5688,1,37.52228392401906,18.76114196200953,30,69.48571097040566,1.4193034880762017,52.0,357.0,60,25.0,0.954949004730078,68.52798186516263,True,
sano,77,5689,0,83.39482890853863,27.798276302846208,50,61.773947339658235,1.2075534015650229,72.0,530.0,100,25.0,0.9009441488305199,73.65655121413116,True,
sano,77,5689,1,83.39482890853863,27.798276302846208,50,61.773947339658235,1.2075534015650229,72.0,530.0,100,25.0,0.9009441488305199,73.65655121413116,True,
sano,77,5689,2,83.39482890853863,27.798276302846208,50,61.773947339658235,1.2075534015650229,72.0,530.0,100,25.0,0.9009441488305199,73.65655121413116,True,
sano,78,4424,0,510.6844837832997,34.04563225221998,50,75.65696056048884,1.4789377077452361,72.0,530.0,150,25.0,0.7812260327563623,68.96636234077539,True,
sano,78,4424,1,510.6844837832997,34.04563225221998,50,75.65696056048884,1.4789377077452361,72.0,530.0,150,25.0,0.7812260327563623,68.96636234077539,True,
sano,78,4424,2,510.6844837832997,34.04563225221998,50,75.65696056048884,1.4789377077452361,72.0,530.0,150,25.0,0.7812260327563623,68.96636234077539,True,
sano,78,4424,3,510.6844837832997,34.04563225221998,50,75.65696056048884,1.4789377077452361,72.0,530.0,150,25.0,0.7812260327563623,68.96636234077539,True,
sano,78,4424,4,510.6844837832997,34.04563225221998,50,75.65696056048884,1.4789377077452361,72.0,530.0,150,25.0,0.7812260327563623,68.96636234077539,True,
sano,78,4424,5,510.6844837832997,34.04563225221998,50,75.65696056048884,1.4789377077452361,72.0,530.0,150,25.0,0.7812260327563623,68.96636234077539,True,
sano,78,4424,6,510.6844837832997,34.04563225221998,50,75.65696056048884,1.4789377077452361,72.0,530.0,150,25.0,0.7812260327563623,68.96636234077539,True,
sano,78,4424,7,510.6844837832997,34.04563225221998,50,75.65696056048884,1.4789377077452361,72.0,530.0,150,25.0,0.7812260327563623,68.96636234077539,True,
sano,78,4424,8,510.6844837832997,34.04563225221998,50,75.65696056048884,1.4789377077452361,72.0,530.0,150,25.0,0.7812260327563623,68.96636234077539,True,
sano,78,4424,9,510.6844837832997,34.04563225221998,50,75.65696056048884,1.4789377077452361,72.0,530.0,150,25.0,0.7812260327563623,68.96636234077539,True,
sano,78,4424,10,510.6844837832997,34.04563225221998,50,75.65696056048884,1.4789377077452361,72.0,530.0,150,25.0,0.7812260327563623,68.96636234077539,True,
sano,78,4424,11,510.6844837832997,34.04563225221998,50,75.65696056048884,1.4789377077452361,72.0,530.0,150,25.0,0.7812260327563623,68.96636234077539,True,
sano,78,4424,12,510.6844837832997,34.04563225221998,50,75.65696056048884,1.4789377077452361,72.0,530.0,150,25.0,0.7812260327563623,68.96636234077539,True,
sano,78,4424,13,510.6844837832997,34.04563225221998,50,75.65696056048884,1.4789377077452361,72.0,530.0,150,25.0,0.7812260327563623,68.96636234077539,True,
sano,78,4424,14,510.6844837832997,34.04563225221998,50,75.65696056048884,1.4789377077452361,72.0,530.0,150,25.0,0.7812260327563623,68.96636234077539,True,
sano,78,5504,0,81.93890680322274,27.31296893440758,50,60.69548652090573,1.1864717144424788,72.0,530.0,100,25.0,0.8850726456418692,72.35905352756808,True,
sano,78,5504,1,81.93890680322274,27.31296893440758,50,60.69548652090573,1.1864717144424788,72.0,530.0,100,25.0,0.8850726456418692,72.35905352756808,True,
sano,78,5504,2,81.93890680322274,27.31296893440758,50,60.69548652090573,1.1864717144424788,72.0,530.0,100,25.0,0.8850726456418692,72.35905352756808,True,
sano,78,876,0,12.418077717282824,12.418077717282824,20,68.98932065157125,1.1766407493366862,41.0,231.0,60,25.0,0.6299289024871412,45.21064634922332,True,
sano,78,877,0,73.34622505935032,24.448741686450106,50,54.33053708100023,1.062050066191859,72.0,530.0,100,25.0,0.791505813587524,64.70989726347973,True,
sano,78,877,1,73.34622505935032,24.448741686450106,50,54.33053708100023,1.062050066191859,72.0,530.0,100,25.0,0.791505813587524,64.70989726347973,True,
sano,78,877,2,73.34622505935032,24.448741686450106,50,54.33053708100023,1.062050066191859,72.0,530.0,100,25.0,0.791505813587524,64.70989726347973,True,
sano,79,4418,0,61.29270887188889,30.646354435944446,50,68.10300985765433,1.3312735344278512,72.0,530.0,150,25.0,0.7026665481942018,62.03131879435218,True,
sano,79,4418,1,61.29270887188889,30.646354435944446,50,68.10300985765433,1.3312735344278512,72.0,530.0,150,25.0,0.7026665481942018,62.03131879435218,True,
sano,79,865,0,187.38660917019587,31.23110152836598,50,69.40244784081328,1.356674869849378,72.0,530.0,150,25.0,0.7161714808886256,63.223504520710186,True,
sano,79,865,1,187.38660917019587,31.23110152836598,50,69.40244784081328,1.356674869849378,72.0,530.0,150,25.0,0.7161714808886256,63.223504520710186,True,
sano,79,865,2,187.38660917019587,31.23110152836598,50,69.40244784081328,1.356674869849378,72.0,530.0,150,25.0,0.7161714808886256,63.223504520710186,True,
sano,79,865,3,187.38660917019587,31.23110152836598,50,69.40244784081328,1.356674869849378,72.0,530.0,150,25.0,0.7161714808886256,63.223504520710186,True,
sano,79,865,4,187.38660917019587,31.23110152836598,50,69.40244784081328,1.356674869849378,72.0,530.0,150,25.0,0.7161714808886256,63.223504520710186,True,
sano,79,865,5,187.38660917019587,31.23110152836598,50,69.40244784081328,1.356674869849378,72.0,530.0,150,25.0,0.7161714808886256,63.223504520710186,True,
sano,79,866,0,130.32056603573636,32.58014150893409,50,72.40031446429798,1.4152769860250287,72.0,530.0,150,25.0,0.7473421890409782,65.97518197949601,True,
sano,79,866,1,130.32056603573636,32.58014150893409,50,72.40031446429798,1.4152769860250287,72.0,530.0,150,25.0,0.7473421890409782,65.97518197949601,True,
sano,79,866,2,130.32056603573636,32.58014150893409,50,72.40031446429798,1.4152769860250287,72.0,530.0,150,25.0,0.7473421890409782,65.97518197949601,True,
sano,79,866,3,130.32056603573636,32.58014150893409,50,72.40031446429798,1.4152769860250287,72.0,530.0,150,25.0,0.7473421890409782,65.97518197949601,True,
sano,80,1413,0,554.3505181504502,34.646907384403136,50,76.99312752089585,1.5050570190015924,72.0,530.0,150,25.0,0.7951349827319545,70.19420748098993,True,
sano,80,1413,1,554.3505181504502,34.646907384403136,50,76.99312752089585,1.5050570190015924,72.0,530.0,150,25.0,0.7951349827319545,70.19420748098993,True,
sano,80,1413,2,554.3505181504502,34.646907384403136,50,76.99312752089585,1.5050570190015924,72.0,530.0,150,25.0,0.7951349827319545,70.19420748098993,True,
sano,80,1413,3,554.3505181504502,34.646907384403136,50,76.99312752089585,1.5050570190015924,72.0,530.0,150,25.0,0.7951349827319545,70.19420748098993,True,
sano,80,1413,4,554.3505181504502,34.646907384403136,50,76.99312752089585,1.5050570190015924,72.0,530.0,150,25.0,0.7951349827319545,70.19420748098993,True,
sano,80,1413,5,554.3505181504502,34.646907384403136,50,76.99312752089585,1.5050570190015924,72.0,530.0,150,25.0,0.7951349827319545,70.19420748098993,True,
sano,80,1413,6,554.3505181504502,34.646907384403136,50,76.99312752089585,1.5050570190015924,72.0,530.0,150,25.0,0.7951349827319545,70.19420748098993,True,
sano,80,1413,7,554.3505181504502,34.646907384403136,50,76.99312752089585,1.5050570190015924,72.0,530.0,150,25.0,0.7951349827319545,70.19420748098993,True,
sano,80,1413,8,554.3505181504502,34.646907384403136,50,76.99312752089585,1.5050570190015924,72.0,530.0,150,25.0,0.7951349827319545,70.19420748098993,True,
sano,80,1413,9,554.3505181504502,34.646907384403136,50,76.99312752089585,1.5050570190015924,72.0,530.0,150,25.0,0.7951349827319545,70.19420748098993,True,
sano,80,1413,10,554.3505181504502,34.646907384403136,50,76.99312752089585,1.5050570190015924,72.0,530.0,150,25.0,0.7951349827319545,70.19420748098993,True,
sano,80,1413,11,554.3505181504502,34.646907384403136,50,76.99312752089585,1.5050570190015924,72.0,530.0,150,25.0,0.7951349827319545,70.19420748098993,True,
sano,80,1413,12,554.3505181504502,34.646907384403136,50,76.99312752089585,1.5050570190015924,72.0,530.0,150,25.0,0.7951349827319545,70.19420748098993,True,
sano,80,1413,13,554.3505181504502,34.646907384403136,50,76.99312752089585,1.5050570190015924,72.0,530.0,150,25.0,0.7951349827319545,70.19420748098993,True,
sano,80,1413,14,554.3505181504502,34.646907384403136,50,76.99312752089585,1.5050570190015924,72.0,530.0,150,25.0,0.7951349827319545,70.19420748098993,True,
sano,80,1413,15,554.3505181504502,34.646907384403136,50,76.99312752089585,1.5050570190015924,72.0,530.0,150,25.0,0.7951349827319545,70.19420748098993,True,
sano,80,1440,0,24.1198279714033,24.1198279714033,50,53.59961771422955,1.0477620984380638,72.0,530.0,100,25.0,0.7807725185668075,63.83243669754493,True,
sano,81,1461,0,55.538027004358646,27.769013502179323,50,61.70891889373183,1.2062822294211228,72.0,530.0,100,25.0,0.8999869912646626,73.57830351985316,True,
sano,81,1461,1,55.538027004358646,27.769013502179323,50,61.70891889373183,1.2062822294211228,72.0,530.0,100,25.0,0.8999869912646626,73.57830351985316,True,
sano,81,208,0,164.86574849600592,32.97314969920119,50,73.27366599822486,1.4323492092028145,72.0,530.0,150,25.0,0.7564266984612713,66.77714023697874,True,
sano,81,208,1,164.86574849600592,32.97314969920119,50,73.27366599822486,1.4323492092028145,72.0,530.0,150,25.0,0.7564266984612713,66.77714023697874,True,
sano,81,208,2,164.86574849600592,32.97314969920119,50,73.27366599822486,1.4323492092028145,72.0,530.0,150,25.0,0.7564266984612713,66.77714023697874,True,
sano,81,208,3,164.86574849600592,32.97314969920119,50,73.27366599822486,1.4323492092028145,72.0,530.0,150,25.0,0.7564266984612713,66.77714023697874,True,
sano,81,208,4,164.86574849600592,32.97314969920119,50,73.27366599822486,1.4323492092028145,72.0,530.0,150,25.0,0.7564266984612713,66.77714023697874,True,
sano,81,3597,0,47.79711164512332,23.89855582256166,50,53.1079018279148,1.0381500659115015,72.0,530.0,100,25.0,0.7735531680504388,63.24224489280974,True,
sano,81,3597,1,47.79711164512332,23.89855582256166,50,53.1079018279148,1.0381500659115015,72.0,530.0,100,25.0,0.7735531680504388,63.24224489280974,True,
sano,81,4025,0,50.75296263990564,25.37648131995282,50,56.39218071100626,1.1023509516855463,72.0,530.0,100,25.0,0.8217930311075504,67.18590936889304,True,
sano,81,4025,1,50.75296263990564,25.37648131995282,50,56.39218071100626,1.1023509516855463,72.0,530.0,100,25.0,0.8217930311075504,67.18590936889304,True,
sano,81,4637,0,39.99282083562253,19.996410417811266,30,74.0607793252269,1.5127530676156618,52.0,357.0,100,25.0,0.6464141853002404,52.84836814552274,True,
sano,81,4637,1,39.99282083562253,19.996410417811266,30,74.0607793252269,1.5127530676156618,52.0,357.0,100,25.0,0.6464141853002404,52.84836814552274,True,
sano,81,5697,0,48.08105670047766,24.04052835023883,50,53.42339633386407,1.0443173335095932,72.0,530.0,100,25.0,0.7781851216771516,63.620913517165555,True,
sano,81,5697,1,48.08105670047766,24.04052835023883,50,53.42339633386407,1.0443173335095932,72.0,530.0,100,25.0,0.7781851216771516,63.620913517165555,True,
sano,82,1690,0,47.43834930887219,23.719174654436095,50,52.709277009857985,1.0303577719797887,72.0,530.0,100,25.0,0.7677013583237285,62.763851017713385,True,
sano,82,1690,1,47.43834930887219,23.719174654436095,50,52.709277009857985,1.0303577719797887,72.0,530.0,100,25.0,0.7677013583237285,62.763851017713385,True,
sano,82,4425,0,32.52121409469417,32.52121409469417,50,72.26936465487594,1.4127171870383717,72.0,530.0,150,25.0,0.7459802080192969,65.8549495871365,True,
sano,82,5505,0,30.359936723020013,30.359936723020013,50,67.46652605115558,1.318831587317808,72.0,530.0,150,25.0,0.6960529878893427,61.447487865367535,True,
sano,82,5506,0,48.00756901765104,24.00378450882552,50,53.3417433529456,1.0427211859570682,72.0,530.0,100,25.0,0.7769862859212362,63.522907055505804,True,
sano,82,5506,1,48.00756901765104,24.00378450882552,50,53.3417433529456,1.0427211859570682,72.0,530.0,100,25.0,0.7769862859212362,63.522907055505804,True,
sano,82,5507,0,45.01092314272787,22.505461571363934,50,50.01213682525318,0.9776342381167308,72.0,530.0,100,25.0,0.7281257338034867,59.52847717417424,True,
sano,82,5507,1,45.01092314272787,22.505461571363934,50,50.01213682525318,0.9776342381167308,72.0,530.0,100,25.0,0.7281257338034867,59.52847717417424,True,
sano,82,827,0,52.627107925173696,26.313553962586848,50,58.474564361304104,1.1430572618465973,72.0,530.0,100,25.0,0.8524040036986202,69.68837892515855,True,
sano,82,827,1,52.627107925173696,26.313553962586848,50,58.474564361304104,1.1430572618465973,72.0,530.0,100,25.0,0.8524040036986202,69.68837892515855,True,
sano,83,4857,0,3.601619811736647,3.601619811736647,10,40.01799790818497,0.6476978483505909,27.0,122.0,60,25.0,0.18184291327264374,13.053609265331183,True,
sano,83,4858,0,34.420564836656126,34.420564836656126,50,76.49014408145806,1.4952247290252958,72.0,530.0,150,25.0,0.7898986685641299,69.73195971336011,True,
sano,83,4860,0,5.417159107384417,5.417159107384417,10,60.19065674871574,0.9741956345841677,27.0,122.0,60,25.0,0.2737711623017601,19.651895434174357,True,
sano,83,4861,0,16.753515323073344,16.753515323073344,30,62.050056752123496,1.2674240610580172,52.0,357.0,60,25.0,0.8518353825463637,61.13119673271837,True,
sano,83,4863,0,59.90273646273943,29.951368231369717,50,66.55859606971048,1.3010834267308118,72.0,530.0,150,25.0,0.6866204313168315,60.61480154928616,True,
sano,83,4863,1,59.90273646273943,29.951368231369717,50,66.55859606971048,1.3010834267308118,72.0,530.0,150,25.0,0.6866204313168315,60.61480154928616,True,
sano,83,4865,0,45.3264815699476,22.6632407849738,50,50.36275729994178,0.9844881460358826,72.0,530.0,100,25.0,0.7332686421091645,59.94891951365929,True,
sano,83,4865,1,45.3264815699476,22.6632407849738,50,50.36275729994178,0.9844881460358826,72.0,530.0,100,25.0,0.7332686421091645,59.94891951365929,True,
sano,83,4868,0,43.647134991959945,21.823567495979972,50,48.49681665773327,0.9480128507592481,72.0,530.0,100,25.0,0.705905196327795,57.71190359630719,True,
sano,83,4868,1,43.647134991959945,21.823567495979972,50,48.49681665773327,0.9480128507592481,72.0,530.0,100,25.0,0.705905196327795,57.71190359630719,True,
sano,83,4872,0,40.073408231350754,20.036704115675377,30,74.21001524324214,1.515801335468537,52.0,357.0,100,25.0,0.647725342898663,52.955558886358126,True,
sano,83,4872,1,40.073408231350754,20.036704115675377,30,74.21001524324214,1.515801335468537,52.0,357.0,100,25.0,0.647725342898663,52.955558886358126,True,
sano,84,1790,0,23.949201908496757,23.949201908496757,50,53.22044868554835,1.040350125105122,72.0,530.0,100,25.0,0.7752054819187579,63.37732386612388,True,
sano,84,1792,0,93.19118331572774,31.063727771909246,50,69.03050615979832,1.3494041762732676,72.0,530.0,150,25.0,0.712305547920204,62.88222857726913,True,
sano,84,1792,1,93.19118331572774,31.063727771909246,50,69.03050615979832,1.3494041762732676,72.0,530.0,150,25.0,0.712305547920204,62.88222857726913,True,
sano,84,1792,2,93.19118331572774,31.063727771909246,50,69.03050615979832,1.3494041762732676,72.0,530.0,150,25.0,0.712305547920204,62.88222857726913,True,
sano,84,1794,0,23.01168169380601,23.01168169380601,50,51.137070430680026,0.9996243724738387,72.0,530.0,100,25.0,0.7446281974904287,60.87758334455503,True,
sano,84,3730,0,71.87032392320681,23.956774641068936,50,53.23727698015319,1.0406790835943842,72.0,530.0,100,25.0,0.7754525449199096,63.39752161007041,True,
sano,84,3730,1,71.87032392320681,23.956774641068936,50,53.23727698015319,1.0406790835943842,72.0,530.0,100,25.0,0.7754525449199096,63.39752161007041,True,
sano,84,3730,2,71.87032392320681,23.956774641068936,50,53.23727698015319,1.0406790835943842,72.0,530.0,100,25.0,0.7754525449199096,63.39752161007041,True,
sano,84,4848,0,22.980653957227734,22.980653957227734,50,51.06811990495052,0.9982765317501991,72.0,530.0,100,25.0,0.7436165523532032,60.79487961304843,True,
sano,85,1728,0,30.37684471920739,30.37684471920739,50,67.50409937601643,1.3195660684089119,72.0,530.0,150,25.0,0.6964433791517335,61.48195077633074,True,
sano,85,1739,0,25.50994851655813,25.50994851655813,50,56.68877448124029,1.1081487488403863,72.0,530.0,100,25.0,0.8261517788470417,67.5422408127738,True,
sano,85,1752,0,85.70964672543457,28.569882241811523,50,63.488627204025605,1.2410718602678001,72.0,530.0,100,25.0,0.9261894025521433,75.72034887739737,True,
sano,85,1752,1,85.70964672543457,28.569882241811523,50,63.488627204025605,1.2410718602678001,72.0,530.0,100,25.0,0.9261894025521433,75.72034887739737,True,
sano,85,1752,2,85.70964672543457,28.569882241811523,50,63.488627204025605,1.2410718602678001,72.0,530.0,100,25.0,0.9261894025521433,75.72034887739737,True,
sano,85,1761,0,16.739168535297974,16.739168535297974,30,61.99692050110361,1.2663387088990972,52.0,357.0,60,25.0,0.8510993292126944,61.078394078643576,True,
sano,86,4356,0,108.0301515843492,27.0075378960873,50,60.016750880193996,1.173203831022332,72.0,530.0,100,25.0,0.875086467819875,71.54268067726596,True,
sano,86,4356,1,108.0301515843492,27.0075378960873,50,60.016750880193996,1.173203831022332,72.0,530.0,100,25.0,0.875086467819875,71.54268067726596,True,
sano,86,4356,2,108.0301515843492,27.0075378960873,50,60.016750880193996,1.173203831022332,72.0,530.0,100,25.0,0.875086467819875,71.54268067726596,True,
sano,86,4356,3,108.0301515843492,27.0075378960873,50,60.016750880193996,1.173203831022332,72.0,530.0,100,25.0,0.875086467819875,71.54268067726596,True,
sano,86,5714,0,89.63910713156527,29.879702377188423,50,66.39933861597427,1.2979702716182473,72.0,530.0,150,25.0,0.6849660795894931,60.46875879449055,True,
sano,86,5714,1,89.63910713156527,29.879702377188423,50,66.39933861597427,1.2979702716182473,72.0,530.0,150,25.0,0.6849660795894931,60.46875879449055,True,
sano,86,5714,2,89.63910713156527,29.879702377188423,50,66.39933861597427,1.2979702716182473,72.0,530.0,150,25.0,0.6849660795894931,60.46875879449055,True,
sano,86,5715,0,58.00828402379089,29.004142011895446,50,64.45364891532321,1.2599360465509617,72.0,530.0,150,25.0,0.6647589280744287,58.68491189974842,True,
sano,86,5715,1,58.00828402379089,29.004142011895446,50,64.45364891532321,1.2599360465509617,72.0,530.0,150,25.0,0.6647589280744287,58.68491189974842,True,
sano,86,5717,0,26.826569791714714,26.826569791714714,50,59.61459953714381,1.1653426007924739,72.0,530.0,100,25.0,0.8691706141150591,71.05905747263726,True,
sano,87,180,0,202.1018906648377,33.683648444139614,50,74.85255209808803,1.46321317957677,72.0,530.0,150,25.0,0.7728543718444923,68.2273338238703,True,
sano,87,180,1,202.1018906648377,33.683648444139614,50,74.85255209808803,1.46321317957677,72.0,530.0,150,25.0,0.7728543718444923,68.2273338238703,True,
sano,87,180,2,202.1018906648377,33.683648444139614,50,74.85255209808803,1.46321317957677,72.0,530.0,150,25.0,0.7728543718444923,68.2273338238703,True,
sano,87,180,3,202.1018906648377,33.683648444139614,50,74.85255209808803,1.46321317957677,72.0,530.0,150,25.0,0.7728543718444923,68.2273338238703,True,
sano,87,180,4,202.1018906648377,33.683648444139614,50,74.85255209808803,1.46321317957677,72.0,530.0,150,25.0,0.7728543718444923,68.2273338238703,True,
sano,87,180,5,202.1018906648377,33.683648444139614,50,74.85255209808803,1.46321317957677,72.0,530.0,150,25.0,0.7728543718444923,68.2273338238703,True,
sano,87,5198,0,150.18081637990548,30.036163275981096,50,66.74702950218021,1.3047669121182077,72.0,530.0,150,25.0,0.688577932334367,60.787605677029916,True,
sano,87,5198,1,150.18081637990548,30.036163275981096,50,66.74702950218021,1.3047669121182077,72.0,530.0,150,25.0,0.688577932334367,60.787605677029916,True,
sano,87,5198,2,150.18081637990548,30.036163275981096,50,66.74702950218021,1.3047669121182077,72.0,530.0,150,25.0,0.688577932334367,60.787605677029916,True,
sano,87,5198,3,150.18081637990548,30.036163275981096,50,66.74702950218021,1.3047669121182077,72.0,530.0,150,25.0,0.688577932334367,60.787605677029916,True,
sano,87,5198,4,150.18081637990548,30.036163275981096,50,66.74702950218021,1.3047669121182077,72.0,530.0,150,25.0,0.688577932334367,60.787605677029916,True,
sano,87,5952,0,89.13983633699763,29.71327877899921,50,66.02950839777603,1.2907408527900917,72.0,530.0,150,25.0,0.6811245321785009,60.12963485940944,True,
sano,87,5952,1,89.13983633699763,29.71327877899921,50,66.02950839777603,1.2907408527900917,72.0,530.0,150,25.0,0.6811245321785009,60.12963485940944,True,
sano,87,5952,2,89.13983633699763,29.71327877899921,50,66.02950839777603,1.2907408527900917,72.0,530.0,150,25.0,0.6811245321785009,60.12963485940944,True,
sano,88,4815,0,61.01724582647062,30.50862291323531,50,67.79693980718957,1.3252904955178766,72.0,530.0,150,25.0,0.6994861319365343,61.75055849528697,True,
sano,88,4815,1,61.01724582647062,30.50862291323531,50,67.79693980718957,1.3252904955178766,72.0,530.0,150,25.0,0.6994861319365343,61.75055849528697,True,
sano,88,4822,0,53.33375192858816,26.66687596429408,50,59.25972436509795,1.1584055223056693,72.0,530.0,100,25.0,0.8639508125959662,70.63233648133861,True,
sano,88,4822,1,53.33375192858816,26.66687596429408,50,59.25972436509795,1.1584055223056693,72.0,530.0,100,25.0,0.8639508125959662,70.63233648133861,True,
sano,89,1771,0,113.2620511005433,28.315512775135826,50,62.92336172252406,1.2300220846848777,72.0,530.0,100,25.0,0.917865547797021,75.03987509865352,True,
sano,89,1771,1,113.2620511005433,28.315512775135826,50,62.92336172252406,1.2300220846848777,72.0,530.0,100,25.0,0.917865547797021,75.03987509865352,True,
sano,89,1771,2,113.2620511005433,28.315512775135826,50,62.92336172252406,1.2300220846848777,72.0,530.0,100,25.0,0.917865547797021,75.03987509865352,True,
sano,89,1771,3,113.2620511005433,28.315512775135826,50,62.92336172252406,1.2300220846848777,72.0,530.0,100,25.0,0.917865547797021,75.03987509865352,True,
sano,90,1401,0,39.71337644601785,19.856688223008923,30,73.54328971484786,1.5021829115534033,52.0,357.0,60,25.0,1.0113127088631235,72.57091496793848,True,
sano,90,1401,1,39.71337644601785,19.856688223008923,30,73.54328971484786,1.5021829115534033,52.0,357.0,60,25.0,1.0113127088631235,72.57091496793848,True,
sano,90,1412,0,6.018854795216472,6.018854795216472,10,66.87616439129414,1.0824016704074588,27.0,122.0,60,25.0,0.3042766477708862,21.841354617809188,True,
sano,90,6124,0,28.22197097854113,28.22197097854113,50,62.71549106342472,1.2259586415621522,72.0,530.0,100,25.0,0.9148048916960945,74.78966677368112,True,
sano,91,1582,0,43.96700913981833,21.983504569909165,50,48.852232377575916,0.954960495841824,72.0,530.0,100,25.0,0.7111160799154737,58.137904267863,True,
sano,91,1582,1,43.96700913981833,21.983504569909165,50,48.852232377575916,0.954960495841824,72.0,530.0,100,25.0,0.7111160799154737,58.137904267863,True,
sano,91,4536,0,71.06275399485875,23.68758466495292,50,52.6390770332287,1.0289855070652227,72.0,530.0,100,25.0,0.7666708956123865,62.67960916903166,True,
sano,91,4536,1,71.06275399485875,23.68758466495292,50,52.6390770332287,1.0289855070652227,72.0,530.0,100,25.0,0.7666708956123865,62.67960916903166,True,
sano,91,4536,2,71.06275399485875,23.68758466495292,50,52.6390770332287,1.0289855070652227,72.0,530.0,100,25.0,0.7666708956123865,62.67960916903166,True,
sano,91,4537,0,40.61297208313145,20.306486041565726,30,75.20920756135455,1.536210670316674,52.0,357.0,100,25.0,0.6565049545311771,53.67331582088867,True,
sano,91,4537,1,40.61297208313145,20.306486041565726,30,75.20920756135455,1.536210670316674,52.0,357.0,100,25.0,0.6565049545311771,53.67331582088867,True,
sano,91,4540,0,264.27436134688315,33.034295168360394,50,73.40954481857865,1.4350053601982606,72.0,530.0,150,25.0,0.7578402465900543,66.901924763206,True,
sano,91,4540,1,264.27436134688315,33.034295168360394,50,73.40954481857865,1.4350053601982606,72.0,530.0,150,25.0,0.7578402465900543,66.901924763206,True,
sano,91,4540,2,264.27436134688315,33.034295168360394,50,73.40954481857865,1.4350053601982606,72.0,530.0,150,25.0,0.7578402465900543,66.901924763206,True,
sano,91,4540,3,264.27436134688315,33.034295168360394,50,73.40954481857865,1.4350053601982606,72.0,530.0,150,25.0,0.7578402465900543,66.901924763206,True,
sano,91,4540,4,264.27436134688315,33.034295168360394,50,73.40954481857865,1.4350053601982606,72.0,530.0,150,25.0,0.7578402465900543,66.901924763206,True,
sano,91,4540,5,264.27436134688315,33.034295168360394,50,73.40954481857865,1.4350053601982606,72.0,530.0,150,25.0,0.7578402465900543,66.901924763206,True,
sano,91,4540,6,264.27436134688315,33.034295168360394,50,73.40954481857865,1.4350053601982606,72.0,530.0,150,25.0,0.7578402465900543,66.901924763206,True,
sano,91,4540,7,264.27436134688315,33.034295168360394,50,73.40954481857865,1.4350053601982606,72.0,530.0,150,25.0,0.7578402465900543,66.901924763206,True,
sano,91,4541,0,37.23200288368277,18.616001441841384,30,68.94815348830141,1.4083234290289979,52.0,357.0,60,25.0,0.947486873033275,67.99271308855302,True,
sano,91,4541,1,37.23200288368277,18.616001441841384,30,68.94815348830141,1.4083234290289979,52.0,357.0,60,25.0,0.947486873033275,67.99271308855302,True,
sano,91,5205,0,171.11780121994735,34.22356024398947,50,76.05235609775437,1.4866668758905603,72.0,530.0,150,25.0,0.7853415272919863,69.32966737787972,True,
sano,91,5205,1,171.11780121994735,34.22356024398947,50,76.05235609775437,1.4866668758905603,72.0,530.0,150,25.0,0.7853415272919863,69.32966737787972,True,
sano,91,5205,2,171.11780121994735,34.22356024398947,50,76.05235609775437,1.4866668758905603,72.0,530.0,150,25.0,0.7853415272919863,69.32966737787972,True,
sano,91,5205,3,171.11780121994735,34.22356024398947,50,76.05235609775437,1.4866668758905603,72.0,530.0,150,25.0,0.7853415272919863,69.32966737787972,True,
sano,91,5205,4,171.11780121994735,34.22356024398947,50,76.05235609775437,1.4866668758905603,72.0,530.0,150,25.0,0.7853415272919863,69.32966737787972,True,
sano,91,5206,0,92.03697788952051,30.67899262984017,50,68.17553917742259,1.3326913332017873,72.0,530.0,150,25.0,0.7034202405644204,62.09785312533422,True,
sano,91,5206,1,92.03697788952051,30.67899262984017,50,68.17553917742259,1.3326913332017873,72.0,530.0,150,25.0,0.7034202405644204,62.09785312533422,True,
sano,91,5206,2,92.03697788952051,30.67899262984017,50,68.17553917742259,1.3326913332017873,72.0,530.0,150,25.0,0.7034202405644204,62.09785312533422,True,
sano,91,5218,0,72.88986065568263,24.296620218560875,50,53.99248937457972,1.0554419299894753,72.0,530.0,100,25.0,0.786541408548387,64.30405096758514,True,
sano,91,5218,1,72.88986065568263,24.296620218560875,50,53.99248937457972,1.0554419299894753,72.0,530.0,100,25.0,0.786541408548387,64.30405096758514,True,
sano,91,5218,2,72.88986065568263,24.296620218560875,50,53.99248937457972,1.0554419299894753,72.0,530.0,100,25.0,0.786541408548387,64.30405096758514,True,
sano,92,1727,0,50.0250852373018,25.0125426186509,50,55.58342804144645,1.086541503217215,72.0,530.0,100,25.0,0.8099095612844226,66.21442428473641,True,
sano,92,1727,1,50.0250852373018,25.0125426186509,50,55.58342804144645,1.086541503217215,72.0,530.0,100,25.0,0.8099095612844226,66.21442428473641,True,
sano,92,1738,0,42.00458138699784,21.00229069349892,30,77.78626182777379,1.5888491489075929,52.0,357.0,100,25.0,0.6791560386747484,55.52509927386517,True,
sano,92,1738,1,42.00458138699784,21.00229069349892,30,77.78626182777379,1.5888491489075929,52.0,357.0,100,25.0,0.6791560386747484,55.52509927386517,True,
sano,92,1744,0,16.912096774765924,16.912096774765924,30,62.63739546209602,1.2794209431234713,52.0,357.0,60,25.0,0.8599720742813182,61.714900724739955,True,
sano,92,1747,0,74.65842573027452,24.886141910091506,50,55.30253757798113,1.0810506733571816,72.0,530.0,100,25.0,0.8057829514564354,65.87706961368819,True,
sano,92,1747,1,74.65842573027452,24.886141910091506,50,55.30253757798113,1.0810506733571816,72.0,530.0,100,25.0,0.8057829514564354,65.87706961368819,True,
sano,92,1747,2,74.65842573027452,24.886141910091506,50,55.30253757798113,1.0810506733571816,72.0,530.0,100,25.0,0.8057829514564354,65.87706961368819,True,
sano,92,1750,0,39.22155167796955,19.610775838984775,30,72.63250310735103,1.4835793369355381,52.0,357.0,60,25.0,0.9986551188034182,71.66301111599012,True,
sano,92,1750,1,39.22155167796955,19.610775838984775,30,72.63250310735103,1.4835793369355381,52.0,357.0,60,25.0,0.9986551188034182,71.66301111599012,True,
sano,92,5677,0,73.55353026270573,24.51784342090191,50,54.48409649089314,1.0650518362866033,72.0,530.0,100,25.0,0.7937610792596198,64.89426795521798,True,
sano,92,5677,1,73.55353026270573,24.51784342090191,50,54.48409649089314,1.0650518362866033,72.0,530.0,100,25.0,0.7937610792596198,64.89426795521798,True,
sano,92,5677,2,73.55353026270573,24.51784342090191,50,54.48409649089314,1.0650518362866033,72.0,530.0,100,25.0,0.7937610792596198,64.89426795521798,True,
sano,92,5678,0,24.74570050771589,24.74570050771589,50,54.99044557270197,1.0749499176372352,72.0,530.0,100,25.0,0.8011983629503745,65.50227449504403,True,
sano,93,1874,0,51.79963857754508,25.89981928877254,50,57.55515397505009,1.1250846829979329,72.0,530.0,100,25.0,0.8388863357776343,68.5833008389555,True,
sano,93,1874,1,51.79963857754508,25.89981928877254,50,57.55515397505009,1.1250846829979329,72.0,530.0,100,25.0,0.8388863357776343,68.5833008389555,True,
sano,93,1885,0,172.2316684491533,34.44633368983066,50,76.54740819962369,1.4963441245578222,72.0,530.0,150,25.0,0.7904947890467556,69.78458363839614,True,
sano,93,1885,1,172.2316684491533,34.44633368983066,50,76.54740819962369,1.4963441245578222,72.0,530.0,150,25.0,0.7904947890467556,69.78458363839614,True,
sano,93,1885,2,172.2316684491533,34.44633368983066,50,76.54740819962369,1.4963441245578222,72.0,530.0,150,25.0,0.7904947890467556,69.78458363839614,True,
sano,93,1885,3,172.2316684491533,34.44633368983066,50,76.54740819962369,1.4963441245578222,72.0,530.0,150,25.0,0.7904947890467556,69.78458363839614,True,
sano,93,1885,4,172.2316684491533,34.44633368983066,50,76.54740819962369,1.4963441245578222,72.0,530.0,150,25.0,0.7904947890467556,69.78458363839614,True,
sano,93,3742,0,13.400462799118843,13.400462799118843,20,74.44701555066024,1.2697239418520603,41.0,231.0,60,25.0,0.680120416646324,48.81187533701616,True,
sano,93,395,0,291.3960356223864,32.37733729137627,50,71.9496384252806,1.4064671979613492,72.0,530.0,150,25.0,0.7426549624721615,65.56140490302975,True,
sano,93,395,1,291.3960356223864,32.37733729137627,50,71.9496384252806,1.4064671979613492,72.0,530.0,150,25.0,0.7426549624721615,65.56140490302975,True,
sano,93,395,2,291.3960356223864,32.37733729137627,50,71.9496384252806,1.4064671979613492,72.0,530.0,150,25.0,0.7426549624721615,65.56140490302975,True,
sano,93,395,3,291.3960356223864,32.37733729137627,50,71.9496384252806,1.4064671979613492,72.0,530.0,150,25.0,0.7426549624721615,65.56140490302975,True,
sano,93,395,4,291.3960356223864,32.37733729137627,50,71.9496384252806,1.4064671979613492,72.0,530.0,150,25.0,0.7426549624721615,65.56140490302975,True,
sano,93,395,5,291.3960356223864,32.37733729137627,50,71.9496384252806,1.4064671979613492,72.0,530.0,150,25.0,0.7426549624721615,65.56140490302975,True,
sano,93,395,6,291.3960356223864,32.37733729137627,50,71.9496384252806,1.4064671979613492,72.0,530.0,150,25.0,0.7426549624721615,65.56140490302975,True,
sano,93,395,7,291.3960356223864,32.37733729137627,50,71.9496384252806,1.4064671979613492,72.0,530.0,150,25.0,0.7426549624721615,65.56140490302975,True,
sano,93,395,8,291.3960356223864,32.37733729137627,50,71.9496384252806,1.4064671979613492,72.0,530.0,150,25.0,0.7426549624721615,65.56140490302975,True,
sano,93,4890,0,55.07568085362245,27.537840426811226,50,61.19520094846939,1.1962401019715727,72.0,530.0,100,25.0,0.8924262062354111,72.9602085033779,True,
sano,93,4890,1,55.07568085362245,27.537840426811226,50,61.19520094846939,1.1962401019715727,72.0,530.0,100,25.0,0.8924262062354111,72.9602085033779,True,
sano,93,4892,0,0.8851421430225761,0.8851421430225761,10,9.834912700250845,0.1591796723385177,27.0,122.0,60,25.0,0.04462608936864042,3.2036804396118805,True,
sano,93,5060,0,91.68938859560078,30.563129531866924,50,67.91806562637095,1.3276582557350696,72.0,530.0,150,25.0,0.7007447424776035,61.86166593078418,True,
sano,93,5060,1,91.68938859560078,30.563129531866924,50,67.91806562637095,1.3276582557350696,72.0,530.0,150,25.0,0.7007447424776035,61.86166593078418,True,
sano,93,5060,2,91.68938859560078,30.563129531866924,50,67.91806562637095,1.3276582557350696,72.0,530.0,150,25.0,0.7007447424776035,61.86166593078418,True,
sano,94,6213,0,73.91744853306149,24.639149511020495,50,54.75366558004554,1.0703213566035248,72.0,530.0,100,25.0,0.7977203843242635,65.21794579446248,True,
sano,94,6213,1,73.91744853306149,24.639149511020495,50,54.75366558004554,1.0703213566035248,72.0,530.0,100,25.0,0.7977203843242635,65.21794579446248,True,
sano,94,6213,2,73.91744853306149,24.639149511020495,50,54.75366558004554,1.0703213566035248,72.0,530.0,100,25.0,0.7977203843242635,65.21794579446248,True,
sano,94,6214,0,64.5177428131074,32.2588714065537,50,71.68638090345267,1.4013210557823015,72.0,530.0,150,25.0,0.7399171769120694,65.31971972646487,True,
sano,94,6214,1,64.5177428131074,32.2588714065537,50,71.68638090345267,1.4013210557823015,72.0,530.0,150,25.0,0.7399171769120694,65.31971972646487,True,
sano,94,6215,0,26.55803642121426,26.55803642121426,50,59.01785871380947,1.1536775471233605,72.0,530.0,100,25.0,0.8603935695823376,70.34153018884972,True,
sano,94,6217,0,116.03743291165664,29.00935822791416,50,64.46524050647591,1.2601626382765807,72.0,530.0,150,25.0,0.6648792890964506,58.695537136897904,True,
sano,94,6217,1,116.03743291165664,29.00935822791416,50,64.46524050647591,1.2601626382765807,72.0,530.0,150,25.0,0.6648792890964506,58.695537136897904,True,
sano,94,6217,2,116.03743291165664,29.00935822791416,50,64.46524050647591,1.2601626382765807,72.0,530.0,150,25.0,0.6648792890964506,58.695537136897904,True,
sano,94,6217,3,116.03743291165664,29.00935822791416,50,64.46524050647591,1.2601626382765807,72.0,530.0,150,25.0,0.6648792890964506,58.695537136897904,True,
sano,94,6218,0,25.812672628062757,25.812672628062757,50,57.361494729028344,1.1212990437220054,72.0,530.0,100,25.0,0.8360395298620644,68.35057236950298,True,
sano,95,3724,0,22.214320052373484,22.214320052373484,50,49.365155671941075,0.9649870895035009,72.0,530.0,100,25.0,0.7186372188588139,58.75277265641432,True,
sano,95,3725,0,14.090976983879823,14.090976983879823,20,78.28320546599902,1.3351517114539524,41.0,231.0,60,25.0,0.7154317107915766,51.345358107034855,True,
sano,95,4816,0,29.957888537519924,29.957888537519924,50,66.57308563893316,1.3013666679571796,72.0,530.0,150,25.0,0.6867709503876405,60.62808906129677,True,
sano,95,4819,0,31.46136678052483,31.46136678052483,50,69.91414840116629,1.3666775615802382,72.0,530.0,150,25.0,0.7214905540371861,63.69306029801742,True,
sano,95,4825,0,51.54809168674748,25.77404584337374,50,57.27565742971942,1.1196211013656314,72.0,530.0,100,25.0,0.8347777679717134,68.24742238303487,True,
sano,95,4825,1,51.54809168674748,25.77404584337374,50,57.27565742971942,1.1196211013656314,72.0,530.0,100,25.0,0.8347777679717134,68.24742238303487,True,
sano,96,5007,0,50.18331603882095,25.091658019410474,50,55.75924004313438,1.089978265635956,72.0,530.0,100,25.0,0.8124926227422352,66.42559216975826,True,
sano,96,5007,1,50.18331603882095,25.091658019410474,50,55.75924004313438,1.089978265635956,72.0,530.0,100,25.0,0.8124926227422352,66.42559216975826,True,
sano,96,5012,0,31.40911256233253,31.40911256233253,50,69.79802791629452,1.3644076453366267,72.0,530.0,150,25.0,0.7202834433690122,63.586499305943136,True,
sano,96,5018,0,12.506032402342344,12.506032402342344,20,69.4779577907908,1.1849746532542043,41.0,231.0,60,25.0,0.634420469323678,45.53292157829382,True,
sano,96,5022,0,31.49872165315571,31.49872165315571,50,69.99715922923491,1.368300252247063,72.0,530.0,150,25.0,0.7223534971059632,63.76923894981281,True,
sano,97,1444,0,29.29386816248198,29.29386816248198,50,65.0974848055155,1.2725217117501844,72.0,530.0,150,25.0,0.6714446296272415,59.27511251457734,True,
sano,97,1446,0,95.15463001029217,31.718210003430723,50,70.48491111873494,1.3778347968026674,72.0,530.0,150,25.0,0.7274242516836877,64.21687354599965,True,
sano,97,1446,1,95.15463001029217,31.718210003430723,50,70.48491111873494,1.3778347968026674,72.0,530.0,150,25.0,0.7274242516836877,64.21687354599965,True,
sano,97,1446,2,95.15463001029217,31.718210003430723,50,70.48491111873494,1.3778347968026674,72.0,530.0,150,25.0,0.7274242516836877,64.21687354599965,True,
sano,97,4635,0,3.082883172672113,3.082883172672113,10,34.25425747413459,0.5544107657196483,27.0,122.0,60,25.0,0.15560963170283262,11.170579290763488,True,
sano,97,4636,0,126.94670474868778,31.736676187171945,50,70.52594708260432,1.3786369653525337,72.0,530.0,150,25.0,0.7278508926698025,64.25453642795847,True,
sano,97,4636,1,126.94670474868778,31.736676187171945,50,70.52594708260432,1.3786369653525337,72.0,530.0,150,25.0,0.7278508926698025,64.25453642795847,True,
sano,97,4636,2,126.94670474868778,31.736676187171945,50,70.52594708260432,1.3786369653525337,72.0,530.0,150,25.0,0.7278508926698025,64.25453642795847,True,
sano,97,4636,3,126.94670474868778,31.736676187171945,50,70.52594708260432,1.3786369653525337,72.0,530.0,150,25.0,0.7278508926698025,64.25453642795847,True,
sano,97,6010,0,20.01945214841469,20.01945214841469,30,74.14611906820255,1.5144962029047062,52.0,357.0,100,25.0,0.6471639593056282,52.909664235423314,True,
sano,98,1454,0,84.6493830415481,28.21646101384937,50,62.70324669744305,1.2257192894334965,72.0,530.0,100,25.0,0.9146246134952614,74.77492904600969,True,
sano,98,1454,1,84.6493830415481,28.21646101384937,50,62.70324669744305,1.2257192894334965,72.0,530.0,100,25.0,0.9146246134952614,74.77492904600969,True,
sano,98,1454,2,84.6493830415481,28.21646101384937,50,62.70324669744305,1.2257192894334965,72.0,530.0,100,25.0,0.9146246134952614,74.77492904600969,True,
sano,98,4674,0,48.6804901649657,24.34024508248285,50,54.08943351662855,1.0573369882386947,72.0,530.0,100,25.0,0.787965031767477,64.42043396579149,True,
sano,98,4674,1,48.6804901649657,24.34024508248285,50,54.08943351662855,1.0573369882386947,72.0,530.0,100,25.0,0.787965031767477,64.42043396579149,True,
sano,98,6160,0,49.55649388105324,24.77824694052662,50,55.062770978948045,1.0763637303219227,72.0,530.0,100,25.0,0.8022607749186066,65.58912785385893,True,
sano,98,6160,1,49.55649388105324,24.77824694052662,50,55.062770978948045,1.0763637303219227,72.0,530.0,100,25.0,0.8022607749186066,65.58912785385893,True,
sano,99,1410,0,82.2724269872105,27.424142329070165,50,60.94253850904481,1.1913010718251376,72.0,530.0,100,25.0,0.8887080070814775,72.65624508751584,True,
sano,99,1410,1,82.2724269872105,27.424142329070165,50,60.94253850904481,1.1913010718251376,72.0,530.0,100,25.0,0.8887080070814775,72.65624508751584,True,
sano,99,1410,2,82.2724269872105,27.424142329070165,50,60.94253850904481,1.1913010718251376,72.0,530.0,100,25.0,0.8887080070814775,72.65624508751584,True,
sano,99,1433,0,62.168262740259344,31.084131370129672,50,69.07584748917705,1.3502905058487717,72.0,530.0,150,25.0,0.7127768058973061,62.92383018546162,True,
sano,99,1433,1,62.168262740259344,31.084131370129672,50,69.07584748917705,1.3502905058487717,72.0,530.0,150,25.0,0.7127768058973061,62.92383018546162,True,
sano,99,1441,0,71.27459049130516,23.758196830435054,50,52.79599295652234,1.0320528900817407,72.0,530.0,100,25.0,0.7689742882800352,62.86791490626685,True,
sano,99,1441,1,71.27459049130516,23.758196830435054,50,52.79599295652234,1.0320528900817407,72.0,530.0,100,25.0,0.7689742882800352,62.86791490626685,True,
sano,99,1441,2,71.27459049130516,23.758196830435054,50,52.79599295652234,1.0320528900817407,72.0,530.0,100,25.0,0.7689742882800352,62.86791490626685,True,
sano,99,4708,0,94.94991405436554,31.64997135145518,50,70.33326966990039,1.374870518895161,72.0,530.0,150,25.0,0.7258477043864023,64.07769957867805,True,
sano,99,4708,1,94.94991405436554,31.64997135145518,50,70.33326966990039,1.374870518895161,72.0,530.0,150,25.0,0.7258477043864023,64.07769957867805,True,
sano,99,4708,2,94.94991405436554,31.64997135145518,50,70.33326966990039,1.374870518895161,72.0,530.0,150,25.0,0.7258477043864023,64.07769957867805,True,
sano,99,6249,0,28.243414361269732,28.243414361269732,50,62.763143025043846,1.2268901392375073,72.0,530.0,100,25.0,0.9155064949949915,74.84702278076038,True,
sano,100,5023,0,22.121131815462174,22.121131815462174,50,49.15807070102706,0.9609390049660945,72.0,530.0,100,25.0,0.7156005344846031,58.504517611714846,True,
sano,100,5024,0,6.873584577281504,6.873584577281504,10,76.37316196979448,1.2361121311730967,27.0,122.0,60,25.0,0.3476443769099952,24.95387053654428,True,
sano,100,5026,0,73.59329238691078,24.531097462303592,50,54.513549916230204,1.0656275900709287,72.0,530.0,100,25.0,0.7941936618338526,64.92963209681075,True,
sano,100,5026,1,73.59329238691078,24.531097462303592,50,54.513549916230204,1.0656275900709287,72.0,530.0,100,25.0,0.7941936618338526,64.92963209681075,True,
sano,100,5026,2,73.59329238691078,24.531097462303592,50,54.513549916230204,1.0656275900709287,72.0,530.0,100,25.0,0.7941936618338526,64.92963209681075,True,
sano,100,5028,0,51.011506433712086,25.505753216856043,50,56.679451593013425,1.1079665055829033,72.0,530.0,100,25.0,0.826014763584096,67.53103969813058,True,
sano,100,5028,1,51.011506433712086,25.505753216856043,50,56.679451593013425,1.1079665055829033,72.0,530.0,100,25.0,0.826014763584096,67.53103969813058,True,
sano,100,5034,0,65.65455785483861,32.82727892741931,50,72.94950872759846,1.4260126024026265,72.0,530.0,150,25.0,0.7530546529410268,66.47946436721666,True,
sano,100,5034,1,65.65455785483861,32.82727892741931,50,72.94950872759846,1.4260126024026265,72.0,530.0,150,25.0,0.7530546529410268,66.47946436721666,True,
sano,100,5037,0,119.68690726124268,29.92172681531067,50,66.49272625624593,1.299795807584957,72.0,530.0,150,25.0,0.685936175023463,60.55439681839581,True,
sano,100,5037,1,119.68690726124268,29.92172681531067,50,66.49272625624593,1.299795807584957,72.0,530.0,150,25.0,0.685936175023463,60.55439681839581,True,
sano,100,5037,2,119.68690726124268,29.92172681531067,50,66.49272625624593,1.299795807584957,72.0,530.0,150,25.0,0.685936175023463,60.55439681839581,True,
sano,100,5037,3,119.68690726124268,29.92172681531067,50,66.49272625624593,1.299795807584957,72.0,530.0,150,25.0,0.685936175023463,60.55439681839581,True,
sano,100,5041,0,57.95451361575595,28.977256807877975,50,64.39390401750661,1.258768156887251,72.0,530.0,150,25.0,0.6641385729643562,58.630148154716174,True,
sano,100,5041,1,57.95451361575595,28.977256807877975,50,64.39390401750661,1.258768156887251,72.0,530.0,150,25.0,0.6641385729643562,58.630148154716174,True,
sano,100,5043,0,35.47175259699705,17.735876298498525,30,65.68843073517971,1.3417408783282145,52.0,357.0,60,25.0,0.9022621799804499,64.74861095615016,True,
sano,100,5043,1,35.47175259699705,17.735876298498525,30,65.68843073517971,1.3417408783282145,52.0,357.0,60,25.0,0.9022621799804499,64.74861095615016,True,
sano,101,4350,0,125.42969271846736,31.35742317961684,50,69.68316262137076,1.362162265470511,72.0,530.0,150,25.0,0.7190894099971685,63.481092739625495,True,
sano,101,4350,1,125.42969271846736,31.35742317961684,50,69.68316262137076,1.362162265470511,72.0,530.0,150,25.0,0.7190894099971685,63.481092739625495,True,
sano,101,4350,2,125.42969271846736,31.35742317961684,50,69.68316262137076,1.362162265470511,72.0,530.0,150,25.0,0.7190894099971685,63.481092739625495,True,
sano,101,4350,3,125.42969271846736,31.35742317961684,50,69.68316262137076,1.362162265470511,72.0,530.0,150,25.0,0.7190894099971685,63.481092739625495,True,
sano,101,4357,0,510.0331392342823,34.002209282285484,50,75.56046507174553,1.4770514197438078,72.0,530.0,150,25.0,0.7802217069657115,68.87770308568372,True,
sano,101,4357,1,510.0331392342823,34.002209282285484,50,75.56046507174553,1.4770514197438078,72.0,530.0,150,25.0,0.7802217069657115,68.87770308568372,True,
sano,101,4357,2,510.0331392342823,34.002209282285484,50,75.56046507174553,1.4770514197438078,72.0,530.0,150,25.0,0.7802217069657115,68.87770308568372,True,
sano,101,4357,3,510.0331392342823,34.002209282285484,50,75.56046507174553,1.4770514197438078,72.0,530.0,150,25.0,0.7802217069657115,68.87770308568372,True,
sano,101,4357,4,510.0331392342823,34.002209282285484,50,75.56046507174553,1.4770514197438078,72.0,530.0,150,25.0,0.7802217069657115,68.87770308568372,True,
sano,101,4357,5,510.0331392342823,34.002209282285484,50,75.56046507174553,1.4770514197438078,72.0,530.0,150,25.0,0.7802217069657115,68.87770308568372,True,
sano,101,4357,6,510.0331392342823,34.002209282285484,50,75.56046507174553,1.4770514197438078,72.0,530.0,150,25.0,0.7802217069657115,68.87770308568372,True,
sano,101,4357,7,510.0331392342823,34.002209282285484,50,75.56046507174553,1.4770514197438078,72.0,530.0,150,25.0,0.7802217069657115,68.87770308568372,True,
sano,101,4357,8,510.0331392342823,34.002209282285484,50,75.56046507174553,1.4770514197438078,72.0,530.0,150,25.0,0.7802217069657115,68.87770308568372,True,
sano,101,4357,9,510.0331392342823,34.002209282285484,50,75.56046507174553,1.4770514197438078,72.0,530.0,150,25.0,0.7802217069657115,68.87770308568372,True,
sano,101,4357,10,510.0331392342823,34.002209282285484,50,75.56046507174553,1.4770514197438078,72.0,530.0,150,25.0,0.7802217069657115,68.87770308568372,True,
sano,101,4357,11,510.0331392342823,34.002209282285484,50,75.56046507174553,1.4770514197438078,72.0,530.0,150,25.0,0.7802217069657115,68.87770308568372,True,
sano,101,4357,12,510.0331392342823,34.002209282285484,50,75.56046507174553,1.4770514197438078,72.0,530.0,150,25.0,0.7802217069657115,68.87770308568372,True,
sano,101,4357,13,510.0331392342823,34.002209282285484,50,75.56046507174553,1.4770514197438078,72.0,530.0,150,25.0,0.7802217069657115,68.87770308568372,True,
sano,101,4357,14,510.0331392342823,34.002209282285484,50,75.56046507174553,1.4770514197438078,72.0,530.0,150,25.0,0.7802217069657115,68.87770308568372,True,
sano,101,4358,0,95.12360056254006,31.707866854180022,50,70.46192634262226,1.3773854917837334,72.0,530.0,150,25.0,0.727185286147736,64.19577821933983,True,
sano,101,4358,1,95.12360056254006,31.707866854180022,50,70.46192634262226,1.3773854917837334,72.0,530.0,150,25.0,0.727185286147736,64.19577821933983,True,
sano,101,4358,2,95.12360056254006,31.707866854180022,50,70.46192634262226,1.3773854917837334,72.0,530.0,150,25.0,0.727185286147736,64.19577821933983,True,
sano,101,4793,0,102.45874609968126,34.15291536656042,50,75.89536748124537,1.4835980718714472,72.0,530.0,150,25.0,0.7837074619761996,69.18541639983546,True,
sano,101,4793,1,102.45874609968126,34.15291536656042,50,75.89536748124537,1.4835980718714472,72.0,530.0,150,25.0,0.7837074619761996,69.18541639983546,True,
sano,101,4793,2,102.45874609968126,34.15291536656042,50,75.89536748124537,1.4835980718714472,72.0,530.0,150,25.0,0.7837074619761996,69.18541639983546,True,
sano,101,5716,0,54.72816719956842,27.36408359978421,50,60.80907466618712,1.1886921286643162,72.0,530.0,100,25.0,0.8867440576314661,72.49569182553819,True,
sano,101,5716,1,54.72816719956842,27.36408359978421,50,60.80907466618712,1.1886921286643162,72.0,530.0,100,25.0,0.8867440576314661,72.49569182553819,True,
sano,102,3732,0,20.601480347465937,20.601480347465937,30,76.30177906468866,1.5585273527539483,52.0,357.0,100,25.0,0.6661068615626743,54.45829668567933,True,
sano,102,4853,0,16.994170036982904,16.994170036982904,30,62.94137050734409,1.2856298864584894,52.0,357.0,60,25.0,0.8641837414745894,62.017032585826264,True,
sano,102,4856,0,9.593956363433044,9.593956363433044,20,53.29975757462802,0.9090489093060186,41.0,231.0,60,25.0,0.4859358134836931,34.878305030805585,True,
sano,103,1803,0,114.94125888464268,28.73531472116067,50,63.856254935912595,1.2482582250262129,72.0,530.0,100,25.0,0.9316036919546329,76.16296576641668,True,
sano,103,1803,1,114.94125888464268,28.73531472116067,50,63.856254935912595,1.2482582250262129,72.0,530.0,100,25.0,0.9316036919546329,76.16296576641668,True,
sano,103,1803,2,114.94125888464268,28.73531472116067,50,63.856254935912595,1.2482582250262129,72.0,530.0,100,25.0,0.9316036919546329,76.16296576641668,True,
sano,103,1803,3,114.94125888464268,28.73531472116067,50,63.856254935912595,1.2482582250262129,72.0,530.0,100,25.0,0.9316036919546329,76.16296576641668,True,
sano,103,1807,0,13.273725448879604,13.273725448879604,20,73.74291916044226,1.2577152933196951,41.0,231.0,60,25.0,0.6736422250879822,48.34707548335292,True,
sano,103,1808,0,18.95690356552856,18.95690356552856,30,70.21075394640208,1.4341130944033953,52.0,357.0,60,25.0,0.9650156005217728,69.25006689755881,True,
sano,103,1825,0,67.93981007135159,33.969905035675794,50,75.48867785705731,1.4756481275952746,72.0,530.0,150,25.0,0.7794745584182904,68.8117467614749,True,
sano,103,1825,1,67.93981007135159,33.969905035675794,50,75.48867785705731,1.4756481275952746,72.0,530.0,150,25.0,0.7794745584182904,68.8117467614749,True,
sano,103,1827,0,139.86747615275635,34.96686903818909,50,77.70415341819798,1.5189561104125242,72.0,530.0,150,25.0,0.8025380788361807,70.8477326746217,True,
sano,103,1827,1,139.86747615275635,34.96686903818909,50,77.70415341819798,1.5189561104125242,72.0,530.0,150,25.0,0.8025380788361807,70.8477326746217,True,
sano,103,1827,2,139.86747615275635,34.96686903818909,50,77.70415341819798,1.5189561104125242,72.0,530.0,150,25.0,0.8025380788361807,70.8477326746217,True,
sano,103,1827,3,139.86747615275635,34.96686903818909,50,77.70415341819798,1.5189561104125242,72.0,530.0,150,25.0,0.8025380788361807,70.8477326746217,True,
sano,104,1533,0,82.3137238883725,27.43790796279083,50,60.97312880620184,1.1918990491113184,72.0,530.0,100,25.0,0.8891581610851604,72.69304526197887,True,
sano,104,1533,1,82.3137238883725,27.43790796279083,50,60.97312880620184,1.1918990491113184,72.0,530.0,100,25.0,0.8891581610851604,72.69304526197887,True,
sano,104,1533,2,82.3137238883725,27.43790796279083,50,60.97312880620184,1.1918990491113184,72.0,530.0,100,25.0,0.8891581610851604,72.69304526197887,True,
sano,104,1539,0,10.241939576980249,10.241939576980249,20,56.89966431655694,0.9704467738792648,41.0,231.0,60,25.0,0.5189358139061743,37.24636126718021,True,
sano,104,1552,0,6.12090615098074,6.12090615098074,10,68.01006834423043,1.1007540915415222,27.0,122.0,60,25.0,0.3094525071898196,22.212833914507954,True,
sano,104,1571,0,62.714329171050686,31.357164585525343,50,69.6825879678341,1.3621510321777914,72.0,530.0,150,25.0,0.719083436503435,63.48056541308448,True,
sano,104,1571,1,62.714329171050686,31.357164585525343,50,69.6825879678341,1.3621510321777914,72.0,530.0,150,25.0,0.719083436503435,63.48056541308448,True,
sano,104,1593,0,16.967636834956842,16.967636834956842,30,62.84309938872904,1.2836226170576353,52.0,357.0,60,25.0,0.8628221239199737,61.91935451212457,True,
sano,104,3605,0,80.58391408977229,26.861304696590764,50,59.69178821464614,1.1668514804107333,72.0,530.0,100,25.0,0.8703060437870628,71.15187929242316,True,
sano,104,3605,1,80.58391408977229,26.861304696590764,50,59.69178821464614,1.1668514804107333,72.0,530.0,100,25.0,0.8703060437870628,71.15187929242316,True,
sano,104,3605,2,80.58391408977229,26.861304696590764,50,59.69178821464614,1.1668514804107333,72.0,530.0,100,25.0,0.8703060437870628,71.15187929242316,True,
sano,104,3783,0,26.309492276560416,26.309492276560416,50,58.46553839235648,1.1428808227492995,72.0,530.0,100,25.0,0.85227128084471,69.67752875550151,True,
sano,104,6191,0,66.4277758397742,33.2138879198871,50,73.80863982197133,1.4428068452845964,72.0,530.0,150,25.0,0.7619922695359297,67.26845499383452,True,
sano,104,6191,1,66.4277758397742,33.2138879198871,50,73.80863982197133,1.4428068452845964,72.0,530.0,150,25.0,0.7619922695359297,67.26845499383452,True,
sano,105,1527,0,45.69139288536808,22.84569644268404,50,50.768214317075646,0.9924139953836073,72.0,530.0,100,25.0,0.7392165676622566,60.435173163813616,True,
sano,105,1527,1,45.69139288536808,22.84569644268404,50,50.768214317075646,0.9924139953836073,72.0,530.0,100,25.0,0.7392165676622566,60.435173163813616,True,
sano,105,1565,0,114.90519107519064,28.72629776879766,50,63.8362172639948,1.247866529822558,72.0,530.0,100,25.0,0.9313085688171847,76.13883952711986,True,
sano,105,1565,1,114.90519107519064,28.72629776879766,50,63.8362172639948,1.247866529822558,72.0,530.0,100,25.0,0.9313085688171847,76.13883952711986,True,
sano,105,1565,2,114.90519107519064,28.72629776879766,50,63.8362172639948,1.247866529822558,72.0,530.0,100,25.0,0.9313085688171847,76.13883952711986,True,
sano,105,1565,3,114.90519107519064,28.72629776879766,50,63.8362172639948,1.247866529822558,72.0,530.0,100,25.0,0.9313085688171847,76.13883952711986,True,
sano,105,1574,0,33.50141628446453,33.50141628446453,50,74.44759174325452,1.4552970389537758,72.0,530.0,150,25.0,0.7686403982455523,67.85533500826728,True,
sano,105,1585,0,73.74467154213171,24.581557180710572,50,54.62568262380127,1.0678195534840744,72.0,530.0,100,25.0,0.7958405903744257,65.06427045194579,True,
sano,105,1585,1,73.74467154213171,24.581557180710572,50,54.62568262380127,1.0678195534840744,72.0,530.0,100,25.0,0.7958405903744257,65.06427045194579,True,
sano,105,1585,2,73.74467154213171,24.581557180710572,50,54.62568262380127,1.0678195534840744,72.0,530.0,100,25.0,0.7958405903744257,65.06427045194579,True,
sano,105,4679,0,22.66439640003073,22.66439640003073,50,50.365325333401614,0.9845383457992668,72.0,530.0,100,25.0,0.7333063120696336,59.95199910210351,True,
sano,105,5186,0,45.86777517700203,22.933887588501015,50,50.964194641113366,0.996245006952778,72.0,530.0,100,25.0,0.74209179583271,60.670228122144344,True,
sano,105,5186,1,45.86777517700203,22.933887588501015,50,50.964194641113366,0.996245006952778,72.0,530.0,100,25.0,0.74209179583271,60.670228122144344,True,
sano,105,5189,0,18.171188803805062,18.171188803805062,30,67.30069927335208,1.3746728053098376,52.0,357.0,60,25.0,0.9246250183744835,66.3527799125779,True,
sano,105,5196,0,130.51065400669614,32.627663501674036,50,72.50591889260896,1.4173413350284376,72.0,530.0,150,25.0,0.748440585685376,66.0721457723524,True,
sano,105,5196,1,130.51065400669614,32.627663501674036,50,72.50591889260896,1.4173413350284376,72.0,530.0,150,25.0,0.748440585685376,66.0721457723524,True,
sano,105,5196,2,130.51065400669614,32.627663501674036,50,72.50591889260896,1.4173413350284376,72.0,530.0,150,25.0,0.748440585685376,66.0721457723524,True,
sano,105,5196,3,130.51065400669614,32.627663501674036,50,72.50591889260896,1.4173413350284376,72.0,530.0,150,25.0,0.748440585685376,66.0721457723524,True,
sano,106,1406,0,41.04487234016128,20.52243617008064,30,76.00902285215051,1.5525475634158448,52.0,357.0,100,25.0,0.6635338313754703,54.24794487397975,True,
sano,106,1406,1,41.04487234016128,20.52243617008064,30,76.00902285215051,1.5525475634158448,52.0,357.0,100,25.0,0.6635338313754703,54.24794487397975,True,
sano,106,5212,0,238.5151048550824,34.073586407868916,50,75.71908090637537,1.4801520325247297,72.0,530.0,150,25.0,0.7818725926732993,69.02343895679051,True,
sano,106,5212,1,238.5151048550824,34.073586407868916,50,75.71908090637537,1.4801520325247297,72.0,530.0,150,25.0,0.7818725926732993,69.02343895679051,True,
sano,106,5212,2,238.5151048550824,34.073586407868916,50,75.71908090637537,1.4801520325247297,72.0,530.0,150,25.0,0.7818725926732993,69.02343895679051,True,
sano,106,5212,3,238.5151048550824,34.073586407868916,50,75.71908090637537,1.4801520325247297,72.0,530.0,150,25.0,0.7818725926732993,69.02343895679051,True,
sano,106,5212,4,238.5151048550824,34.073586407868916,50,75.71908090637537,1.4801520325247297,72.0,530.0,150,25.0,0.7818725926732993,69.02343895679051,True,
sano,106,5212,5,238.5151048550824,34.073586407868916,50,75.71908090637537,1.4801520325247297,72.0,530.0,150,25.0,0.7818725926732993,69.02343895679051,True,
sano,106,5212,6,238.5151048550824,34.073586407868916,50,75.71908090637537,1.4801520325247297,72.0,530.0,150,25.0,0.7818725926732993,69.02343895679051,True,
sano,106,5214,0,95.36626409661191,31.788754698870637,50,70.64167710860141,1.3808992489295826,72.0,530.0,150,25.0,0.7290541297097823,64.36075541220059,True,
sano,106,5214,1,95.36626409661191,31.788754698870637,50,70.64167710860141,1.3808992489295826,72.0,530.0,150,25.0,0.7290541297097823,64.36075541220059,True,
sano,106,5214,2,95.36626409661191,31.788754698870637,50,70.64167710860141,1.3808992489295826,72.0,530.0,150,25.0,0.7290541297097823,64.36075541220059,True,
sano,106,6040,0,40.6924136385426,20.3462068192713,30,75.35632155285666,1.5392155960541787,52.0,357.0,100,25.0,0.657797735067699,53.77900404799157,True,
sano,106,6040,1,40.6924136385426,20.3462068192713,30,75.35632155285666,1.5392155960541787,52.0,357.0,100,25.0,0.657797735067699,53.77900404799157,True,
sano,107,1780,0,27.753720402943628,27.753720402943628,50,61.67493422876361,1.205617899237433,72.0,530.0,100,25.0,0.8994867764289844,73.53741092011606,True,
sano,107,4827,0,42.32786209266544,21.16393104633272,30,78.3849298012323,1.6010774406104882,52.0,357.0,100,25.0,0.6844195447615269,55.95540343742215,True,
sano,107,4827,1,42.32786209266544,21.16393104633272,30,78.3849298012323,1.6010774406104882,52.0,357.0,100,25.0,0.6844195447615269,55.95540343742215,True,
sano,107,4832,0,31.280677072082305,31.280677072082305,50,69.51261571573845,1.358828424832316,72.0,530.0,150,25.0,0.7173166156338036,63.32459444634278,True,
sano,107,4833,0,25.58207231332372,25.58207231332372,50,56.84904958516383,1.111281796917513,72.0,530.0,100,25.0,0.828507346680391,67.73481046177402,True,
sano,107,4835,0,20.97991032700498,20.97991032700498,30,77.70337158149992,1.5871560466277002,52.0,357.0,100,25.0,0.6784273097923958,55.465523928277165,True,
sano,107,4837,0,39.80528362189756,19.90264181094878,30,73.71348818869917,1.5056593570589445,52.0,357.0,60,25.0,1.0136784076239482,72.7406007516439,True,
sano,107,4837,1,39.80528362189756,19.90264181094878,30,73.71348818869917,1.5056593570589445,52.0,357.0,60,25.0,1.0136784076239482,72.7406007516439,True,
sano,108,1665,0,69.63290646749766,34.81645323374883,50,77.3698960749974,1.5124220680020466,72.0,530.0,150,25.0,0.7990577018054388,70.54049449365542,True,
sano,108,1665,1,69.63290646749766,34.81645323374883,50,77.3698960749974,1.5124220680020466,72.0,530.0,150,25.0,0.7990577018054388,70.54049449365542,True,
sano,108,4542,0,63.890769709930325,31.945384854965162,50,70.9897441221448,1.3877032419440791,72.0,530.0,150,25.0,0.7326731359354371,64.68023286483844,True,
sano,108,4542,1,63.890769709930325,31.945384854965162,50,70.9897441221448,1.3877032419440791,72.0,530.0,150,25.0,0.7326731359354371,64.68023286483844,True,
sano,108,4543,0,156.8704782512735,31.374095650254702,50,69.72021255612155,1.3628865153632708,72.0,530.0,150,25.0,0.7194745436818483,63.51509147141179,True,
sano,108,4543,1,156.8704782512735,31.374095650254702,50,69.72021255612155,1.3628865153632708,72.0,530.0,150,25.0,0.7194745436818483,63.51509147141179,True,
sano,108,4543,2,156.8704782512735,31.374095650254702,50,69.72021255612155,1.3628865153632708,72.0,530.0,150,25.0,0.7194745436818483,63.51509147141179,True,
sano,108,4543,3,156.8704782512735,31.374095650254702,50,69.72021255612155,1.3628865153632708,72.0,530.0,150,25.0,0.7194745436818483,63.51509147141179,True,
sano,108,4543,4,156.8704782512735,31.374095650254702,50,69.72021255612155,1.3628865153632708,72.0,530.0,150,25.0,0.7194745436818483,63.51509147141179,True,
sano,108,4544,0,43.0956036188105,21.54780180940525,30,79.8066733681676,1.6301177364572212,52.0,357.0,100,25.0,0.6969218213952677,56.97749316210491,True,
sano,108,4544,1,43.0956036188105,21.54780180940525,30,79.8066733681676,1.6301177364572212,52.0,357.0,100,25.0,0.6969218213952677,56.97749316210491,True,
sano,108,4545,0,60.543555445089126,30.271777722544563,50,67.27061716121014,1.3150019721379704,72.0,530.0,150,25.0,0.6940175217282071,61.2678012242407,True,
sano,108,4545,1,60.543555445089126,30.271777722544563,50,67.27061716121014,1.3150019721379704,72.0,530.0,150,25.0,0.6940175217282071,61.2678012242407,True,
sano,108,4546,0,8.469710197779762,8.469710197779762,20,47.0539455432209,0.8025240605404063,41.0,231.0,60,25.0,0.42873541534145854,30.773484445199518,True,
sano,108,4547,0,10.166888689434971,10.166888689434971,20,56.48271494130539,0.9633355337525618,41.0,231.0,60,25.0,0.5151125036374808,36.97200676373402,True,
sano,108,6109,0,78.06624312237031,26.022081040790102,50,57.826846757311344,1.1303957171398227,72.0,530.0,100,25.0,0.8428805203773696,68.90982821190597,True,
sano,108,6109,1,78.06624312237031,26.022081040790102,50,57.826846757311344,1.1303957171398227,72.0,530.0,100,25.0,0.8428805203773696,68.90982821190597,True,
sano,108,6109,2,78.06624312237031,26.022081040790102,50,57.826846757311344,1.1303957171398227,72.0,530.0,100,25.0,0.8428805203773696,68.90982821190597,True,
sano,108,867,0,117.6817268208518,29.42043170521295,50,65.37873712269544,1.2780196151048342,72.0,530.0,150,25.0,0.6743654869084653,59.53295998292359,True,
sano,108,867,1,117.6817268208518,29.42043170521295,50,65.37873712269544,1.2780196151048342,72.0,530.0,150,25.0,0.6743654869084653,59.53295998292359,True,
sano,108,867,2,117.6817268208518,29.42043170521295,50,65.37873712269544,1.2780196151048342,72.0,530.0,150,25.0,0.6743654869084653,59.53295998292359,True,
sano,108,867,3,117.6817268208518,29.42043170521295,50,65.37873712269544,1.2780196151048342,72.0,530.0,150,25.0,0.6743654869084653,59.53295998292359,True,
sano,109,1673,0,18.979460481537647,18.979460481537647,30,70.29429807976906,1.4358195528714761,52.0,357.0,60,25.0,0.9661756770755471,69.3332797205116,True,
sano,109,4416,0,16.80982428615527,16.80982428615527,30,62.25860846724173,1.2716839034425564,52.0,357.0,60,25.0,0.8547243911475074,61.338446772184824,True,
sano,109,4419,0,65.65755669212768,32.82877834606384,50,72.95284076903076,1.4260777369478355,72.0,530.0,150,25.0,0.7530893133187533,66.482524100294,True,
sano,109,4419,1,65.65755669212768,32.82877834606384,50,72.95284076903076,1.4260777369478355,72.0,530.0,150,25.0,0.7530893133187533,66.482524100294,True,
sano,109,5215,0,40.36049346313308,20.18024673156654,30,74.74165456135755,1.5266605110898532,52.0,357.0,100,25.0,0.6523965069225872,53.33743924795132,True,
sano,109,5215,1,40.36049346313308,20.18024673156654,30,74.74165456135755,1.5266605110898532,52.0,357.0,100,25.0,0.6523965069225872,53.33743924795132,True,
sano,109,5217,0,69.83670779198545,34.91835389599272,50,77.59634199109495,1.5168486191296695,72.0,530.0,150,25.0,0.8014154903807345,70.74863363870301,True,
sano,109,5217,1,69.83670779198545,34.91835389599272,50,77.59634199109495,1.5168486191296695,72.0,530.0,150,25.0,0.8014154903807345,70.74863363870301,True,
sano,109,5222,0,32.93190212889061,32.93190212889061,50,73.18200473086803,1.4305574202698539,72.0,530.0,150,25.0,0.7554731687753924,66.69296499249444,True,
sano,109,5229,0,75.44562559506213,25.148541865020707,50,55.88564858893491,1.0924492922748885,72.0,530.0,100,25.0,0.8143499241293739,66.5774283917685,True,
sano,109,5229,1,75.44562559506213,25.148541865020707,50,55.88564858893491,1.0924492922748885,72.0,530.0,100,25.0,0.8143499241293739,66.5774283917685,True,
sano,109,5229,2,75.44562559506213,25.148541865020707,50,55.88564858893491,1.0924492922748885,72.0,530.0,100,25.0,0.8143499241293739,66.5774283917685,True,
sano,110,4839,0,11.595979314790778,11.595979314790778,20,64.42210730439321,1.0987450796236131,41.0,231.0,60,25.0,0.587967530921633,42.19980757374793,True,
sano,110,4842,0,74.53793612578636,24.845978708595453,50,55.213286019101005,1.0793059892603718,72.0,530.0,100,25.0,0.8044718144709929,65.76988275555074,True,
sano,110,4842,1,74.53793612578636,24.845978708595453,50,55.213286019101005,1.0793059892603718,72.0,530.0,100,25.0,0.8044718144709929,65.76988275555074,True,
sano,110,4842,2,74.53793612578636,24.845978708595453,50,55.213286019101005,1.0793059892603718,72.0,530.0,100,25.0,0.8044718144709929,65.76988275555074,True,
sano,110,4845,0,11.069747106771894,11.069747106771894,20,61.49859503762163,1.048883396224202,41.0,231.0,60,25.0,0.5611271937851419,40.273885190507535,True,
sano,110,4846,0,73.3189827168737,24.439660905624567,50,54.310357568054584,1.0616555982883358,72.0,530.0,100,25.0,0.7912094528797113,64.6856694137793,True,
sano,110,4846,1,73.3189827168737,24.439660905624567,50,54.310357568054584,1.0616555982883358,72.0,530.0,100,25.0,0.7912094528797113,64.6856694137793,True,
sano,110,4846,2,73.3189827168737,24.439660905624567,50,54.310357568054584,1.0616555982883358,72.0,530.0,100,25.0,0.7912094528797113,64.6856694137793,True,
sano,110,4850,0,9.082516594535004,9.082516594535004,20,50.45842552519447,0.8605888427307189,41.0,231.0,60,25.0,0.45990578399489496,33.01036086757037,True,
sano,111,376,0,32.52082671308154,32.52082671308154,50,72.26850380684786,1.412700359232973,72.0,530.0,150,25.0,0.7459712546476757,65.8541592050969,True,
sano,111,4352,0,27.508449570762952,27.508449570762952,50,61.12988793502878,1.1949633671190463,72.0,530.0,100,25.0,0.8914650279457906,72.88163202805687,True,
sano,111,5193,0,167.3444742421179,33.46889484842358,50,74.37532188538573,1.4538843121254215,72.0,530.0,150,25.0,0.7678884039811302,67.78895086639346,True,
sano,111,5193,1,167.3444742421179,33.46889484842358,50,74.37532188538573,1.4538843121254215,72.0,530.0,150,25.0,0.7678884039811302,67.78895086639346,True,
sano,111,5193,2,167.3444742421179,33.46889484842358,50,74.37532188538573,1.4538843121254215,72.0,530.0,150,25.0,0.7678884039811302,67.78895086639346,True,
sano,111,5193,3,167.3444742421179,33.46889484842358,50,74.37532188538573,1.4538843121254215,72.0,530.0,150,25.0,0.7678884039811302,67.78895086639346,True,
sano,111,5193,4,167.3444742421179,33.46889484842358,50,74.37532188538573,1.4538843121254215,72.0,530.0,150,25.0,0.7678884039811302,67.78895086639346,True,
sano,111,6159,0,19.669368180939077,19.669368180939077,30,72.84951178125584,1.4880119197430606,52.0,357.0,60,25.0,1.0016706717155308,71.87931165088744,True,
sano,112,1668,0,493.4952377275425,32.899682515169495,50,73.11040558926554,1.4291578045626718,72.0,530.0,150,25.0,0.7547283533488693,66.62721452342846,True,
sano,112,1668,1,493.4952377275425,32.899682515169495,50,73.11040558926554,1.4291578045626718,72.0,530.0,150,25.0,0.7547283533488693,66.62721452342846,True,
sano,112,1668,2,493.4952377275425,32.899682515169495,50,73.11040558926554,1.4291578045626718,72.0,530.0,150,25.0,0.7547283533488693,66.62721452342846,True,
sano,112,1668,3,493.4952377275425,32.899682515169495,50,73.11040558926554,1.4291578045626718,72.0,530.0,150,25.0,0.7547283533488693,66.62721452342846,True,
sano,112,1668,4,493.4952377275425,32.899682515169495,50,73.11040558926554,1.4291578045626718,72.0,530.0,150,25.0,0.7547283533488693,66.62721452342846,True,
sano,112,1668,5,493.4952377275425,32.899682515169495,50,73.11040558926554,1.4291578045626718,72.0,530.0,150,25.0,0.7547283533488693,66.62721452342846,True,
sano,112,1668,6,493.4952377275425,32.899682515169495,50,73.11040558926554,1.4291578045626718,72.0,530.0,150,25.0,0.7547283533488693,66.62721452342846,True,
sano,112,1668,7,493.4952377275425,32.899682515169495,50,73.11040558926554,1.4291578045626718,72.0,530.0,150,25.0,0.7547283533488693,66.62721452342846,True,
sano,112,1668,8,493.4952377275425,32.899682515169495,50,73.11040558926554,1.4291578045626718,72.0,530.0,150,25.0,0.7547283533488693,66.62721452342846,True,
sano,112,1668,9,493.4952377275425,32.899682515169495,50,73.11040558926554,1.4291578045626718,72.0,530.0,150,25.0,0.7547283533488693,66.62721452342846,True,
sano,112,1668,10,493.4952377275425,32.899682515169495,50,73.11040558926554,1.4291578045626718,72.0,530.0,150,25.0,0.7547283533488693,66.62721452342846,True,
sano,112,1668,11,493.4952377275425,32.899682515169495,50,73.11040558926554,1.4291578045626718,72.0,530.0,150,25.0,0.7547283533488693,66.62721452342846,True,
sano,112,1668,12,493.4952377275425,32.899682515169495,50,73.11040558926554,1.4291578045626718,72.0,530.0,150,25.0,0.7547283533488693,66.62721452342846,True,
sano,112,1668,13,493.4952377275425,32.899682515169495,50,73.11040558926554,1.4291578045626718,72.0,530.0,150,25.0,0.7547283533488693,66.62721452342846,True,
sano,112,1668,14,493.4952377275425,32.899682515169495,50,73.11040558926554,1.4291578045626718,72.0,530.0,150,25.0,0.7547283533488693,66.62721452342846,True,
sano,112,3608,0,72.01895913148297,24.006319710494324,50,53.347377134431824,1.0428313147782031,72.0,530.0,100,25.0,0.7770690006188645,63.52966909558401,True,
sano,112,3608,1,72.01895913148297,24.006319710494324,50,53.347377134431824,1.0428313147782031,72.0,530.0,100,25.0,0.7770690006188645,63.52966909558401,True,
sano,112,3608,2,72.01895913148297,24.006319710494324,50,53.347377134431824,1.0428313147782031,72.0,530.0,100,25.0,0.7770690006188645,63.52966909558401,True,
sano,112,826,0,22.905177415594533,22.905177415594533,50,50.90039425687674,0.9949978408848158,72.0,530.0,100,25.0,0.74115576158157,60.59370568594403,True,
sano,113,215,0,147.4231973648273,29.484639472965462,50,65.52142105103435,1.2808087919412594,72.0,530.0,150,25.0,0.6758473522140207,59.66377608431147,True,
sano,113,215,1,147.4231973648273,29.484639472965462,50,65.52142105103435,1.2808087919412594,72.0,530.0,150,25.0,0.6758473522140207,59.66377608431147,True,
sano,113,215,2,147.4231973648273,29.484639472965462,50,65.52142105103435,1.2808087919412594,72.0,530.0,150,25.0,0.6758473522140207,59.66377608431147,True,
sano,113,215,3,147.4231973648273,29.484639472965462,50,65.52142105103435,1.2808087919412594,72.0,530.0,150,25.0,0.6758473522140207,59.66377608431147,True,
sano,113,215,4,147.4231973648273,29.484639472965462,50,65.52142105103435,1.2808087919412594,72.0,530.0,150,25.0,0.6758473522140207,59.66377608431147,True,
sano,113,216,0,54.16910682518599,27.084553412592996,50,60.187896472428875,1.1765493747501716,72.0,530.0,100,25.0,0.8776043252529353,71.7485163312234,True,
sano,113,216,1,54.16910682518599,27.084553412592996,50,60.187896472428875,1.1765493747501716,72.0,530.0,100,25.0,0.8776043252529353,71.7485163312234,True,
sano,113,4529,0,25.485400630850457,25.485400630850457,50,56.63422362411213,1.1070823919711836,72.0,530.0,100,25.0,0.8253500692249341,67.4767003643492,True,
sano,113,4532,0,106.77929974884242,26.694824937210605,50,59.32183319380134,1.1596196219479604,72.0,530.0,100,25.0,0.8648643210281783,70.70701620449721,True,
sano,113,4532,1,106.77929974884242,26.694824937210605,50,59.32183319380134,1.1596196219479604,72.0,530.0,100,25.0,0.8648643210281783,70.70701620449721,True,
sano,113,4532,2,106.77929974884242,26.694824937210605,50,59.32183319380134,1.1596196219479604,72.0,530.0,100,25.0,0.8648643210281783,70.70701620449721,True,
sano,113,4532,3,106.77929974884242,26.694824937210605,50,59.32183319380134,1.1596196219479604,72.0,530.0,100,25.0,0.8648643210281783,70.70701620449721,True,
sano,113,5226,0,26.933980206105147,26.933980206105147,50,59.853289346900326,1.1700084948158165,72.0,530.0,100,25.0,0.87268177786859,71.34609643867962,True,
sano,114,1407,0,14.067753307244358,14.067753307244358,20,78.15418504024643,1.3329512159424226,41.0,231.0,60,25.0,0.71424367716641,51.26012140784848,True,
sano,114,1449,0,108.05676960463916,27.01419240115979,50,60.03153866924397,1.17349290183192,72.0,530.0,100,25.0,0.8753040174910677,71.56046543541554,True,
sano,114,1449,1,108.05676960463916,27.01419240115979,50,60.03153866924397,1.17349290183192,72.0,530.0,100,25.0,0.8753040174910677,71.56046543541554,True,
sano,114,1449,2,108.05676960463916,27.01419240115979,50,60.03153866924397,1.17349290183192,72.0,530.0,100,25.0,0.8753040174910677,71.56046543541554,True,
sano,114,1449,3,108.05676960463916,27.01419240115979,50,60.03153866924397,1.17349290183192,72.0,530.0,100,25.0,0.8753040174910677,71.56046543541554,True,
sano,114,5628,0,11.66258064756785,11.66258064756785,20,64.79211470871027,1.1050557054619885,41.0,231.0,60,25.0,0.5913655986074808,42.443631954256645,True,
sano,114,5630,0,26.43199640952933,26.43199640952933,50,58.73776979895406,1.1482023858872714,72.0,530.0,100,25.0,0.856274481076501,70.0047925953418,True,
sano,114,5631,0,66.43966854453234,33.21983427226617,50,73.82185393836926,1.4430651540359745,72.0,530.0,150,25.0,0.7621297498641459,67.2805914126301,True,
sano,114,5631,1,66.43966854453234,33.21983427226617,50,73.82185393836926,1.4430651540359745,72.0,530.0,150,25.0,0.7621297498641459,67.2805914126301,True,
sano,115,6029,0,63.36926363514952,31.68463181757476,50,70.41029292794391,1.3763761649038042,72.0,530.0,150,25.0,0.7266484739070918,64.14838967096553,True,
sano,115,6029,1,63.36926363514952,31.68463181757476,50,70.41029292794391,1.3763761649038042,72.0,530.0,150,25.0,0.7266484739070918,64.14838967096553,True,
sano,115,6030,0,83.26253356290806,27.754177854302686,50,61.6759507873393,1.2056377708632369,72.0,530.0,100,25.0,0.8995017389172977,73.53863410467817,True,
sano,115,6030,1,83.26253356290806,27.754177854302686,50,61.6759507873393,1.2056377708632369,72.0,530.0,100,25.0,0.8995017389172977,73.53863410467817,True,
sano,115,6030,2,83.26253356290806,27.754177854302686,50,61.6759507873393,1.2056377708632369,72.0,530.0,100,25.0,0.8995017389172977,73.53863410467817,True,
sano,115,863,0,170.28446439965856,34.05689287993171,50,75.68198417762602,1.479426867905705,72.0,530.0,150,25.0,0.7814864821135156,68.9893541281538,True,
sano,115,863,1,170.28446439965856,34.05689287993171,50,75.68198417762602,1.479426867905705,72.0,530.0,150,25.0,0.7814864821135156,68.9893541281538,True,
sano,115,863,2,170.28446439965856,34.05689287993171,50,75.68198417762602,1.479426867905705,72.0,530.0,150,25.0,0.7814864821135156,68.9893541281538,True,
sano,115,863,3,170.28446439965856,34.05689287993171,50,75.68198417762602,1.479426867905705,72.0,530.0,150,25.0,0.7814864821135156,68.9893541281538,True,
sano,115,863,4,170.28446439965856,34.05689287993171,50,75.68198417762602,1.479426867905705,72.0,530.0,150,25.0,0.7814864821135156,68.9893541281538,True,
sano,116,177,0,170.69596111270428,34.139192222540856,50,75.86487160564634,1.4830019403321943,72.0,530.0,150,25.0,0.783390042391437,69.15739543394187,True,
sano,116,177,1,170.69596111270428,34.139192222540856,50,75.86487160564634,1.4830019403321943,72.0,530.0,150,25.0,0.783390042391437,69.15739543394187,True,
sano,116,177,2,170.69596111270428,34.139192222540856,50,75.86487160564634,1.4830019403321943,72.0,530.0,150,25.0,0.783390042391437,69.15739543394187,True,
sano,116,177,3,170.69596111270428,34.139192222540856,50,75.86487160564634,1.4830019403321943,72.0,530.0,150,25.0,0.783390042391437,69.15739543394187,True,
sano,116,177,4,170.69596111270428,34.139192222540856,50,75.86487160564634,1.4830019403321943,72.0,530.0,150,25.0,0.783390042391437,69.15739543394187,True,
sano,116,3944,0,133.24606463850594,33.311516159626485,50,74.02559146583663,1.447047802950523,72.0,530.0,150,25.0,0.7642494940387088,67.46771710161275,True,
sano,116,3944,1,133.24606463850594,33.311516159626485,50,74.02559146583663,1.447047802950523,72.0,530.0,150,25.0,0.7642494940387088,67.46771710161275,True,
sano,116,3944,2,133.24606463850594,33.311516159626485,50,74.02559146583663,1.447047802950523,72.0,530.0,150,25.0,0.7642494940387088,67.46771710161275,True,
sano,116,3944,3,133.24606463850594,33.311516159626485,50,74.02559146583663,1.447047802950523,72.0,530.0,150,25.0,0.7642494940387088,67.46771710161275,True,
sano,116,4789,0,70.16920434197205,23.38973478065735,50,51.97718840146077,1.016046947961109,72.0,530.0,100,25.0,0.756956125155996,61.885411782026516,True,
sano,116,4789,1,70.16920434197205,23.38973478065735,50,51.97718840146077,1.016046947961109,72.0,530.0,100,25.0,0.756956125155996,61.885411782026516,True,
sano,116,4789,2,70.16920434197205,23.38973478065735,50,51.97718840146077,1.016046947961109,72.0,530.0,100,25.0,0.756956125155996,61.885411782026516,True,
sano,116,4790,0,40.14339757837132,20.07169878918566,30,74.33962514513206,1.5184487256049053,52.0,357.0,100,25.0,0.6488640986013717,53.04865528310934,True,
sano,116,4790,1,40.14339757837132,20.07169878918566,30,74.33962514513206,1.5184487256049053,52.0,357.0,100,25.0,0.6488640986013717,53.04865528310934,True,
sano,117,1588,0,9.799050777497593,9.799050777497593,20,54.439170986097736,0.92848206559186,41.0,231.0,60,25.0,0.4963782253600308,35.6276523370288,True,
sano,117,1608,0,6.513292740092137,6.513292740092137,10,72.36991933435708,1.1713189936616415,27.0,122.0,60,25.0,0.3293588837852163,23.641529165661666,True,
sano,117,1630,0,32.838637574088565,32.838637574088565,50,72.97475016464125,1.4265060204934896,72.0,530.0,150,25.0,0.7533172186356838,66.50264302213876,True,
sano,117,5204,0,47.740033520273975,23.870016760136988,50,53.044481689193304,1.0369103328599645,72.0,530.0,100,25.0,0.7726221140002091,63.16612990722931,True,
sano,117,5204,1,47.740033520273975,23.870016760136988,50,53.044481689193304,1.0369103328599645,72.0,530.0,100,25.0,0.7726221140002091,63.16612990722931,True,
sano,117,5210,0,171.52924115639806,34.30584823127961,50,76.23521829173247,1.4902414550435124,72.0,530.0,150,25.0,0.7872449744920389,69.49769865899165,True,
sano,117,5210,1,171.52924115639806,34.30584823127961,50,76.23521829173247,1.4902414550435124,72.0,530.0,150,25.0,0.7872449744920389,69.49769865899165,True,
sano,117,5210,2,171.52924115639806,34.30584823127961,50,76.23521829173247,1.4902414550435124,72.0,530.0,150,25.0,0.7872449744920389,69.49769865899165,True,
sano,117,5210,3,171.52924115639806,34.30584823127961,50,76.23521829173247,1.4902414550435124,72.0,530.0,150,25.0,0.7872449744920389,69.49769865899165,True,
sano,117,5210,4,171.52924115639806,34.30584823127961,50,76.23521829173247,1.4902414550435124,72.0,530.0,150,25.0,0.7872449744920389,69.49769865899165,True,
sano,117,5211,0,7.371079794394262,7.371079794394262,20,40.95044330219035,0.6984263627715739,41.0,231.0,60,25.0,0.37290475530312506,26.766761734517193,True,
sano,117,5228,0,11.739194168099182,11.739194168099182,20,65.21774537832879,1.1123150085731168,41.0,231.0,60,25.0,0.5952747997324893,42.72413122707806,True,
sano,117,5679,0,39.4105477085332,19.7052738542666,30,72.98249575654296,1.490728228137223,52.0,357.0,60,25.0,1.003518712844839,72.01186825232617,True,
sano,117,5679,1,39.4105477085332,19.7052738542666,30,72.98249575654296,1.490728228137223,52.0,357.0,60,25.0,1.003518712844839,72.01186825232617,True,
sano,117,5680,0,1.420259647075441,1.420259647075441,10,15.780662745282678,0.25541261032390056,27.0,122.0,60,25.0,0.07162522939281535,5.141871747613869,True,
sano,117,5681,0,16.391840065175565,16.391840065175565,30,60.7105187599095,1.2400628825047797,52.0,357.0,60,25.0,0.8332833555459864,59.8003097255988,True,
sano,117,5682,0,70.26702900908454,23.42234300302818,50,52.0496511178404,1.017463444776016,72.0,530.0,100,25.0,0.7580195917134347,61.9723518531807,True,
sano,117,5682,1,70.26702900908454,23.42234300302818,50,52.0496511178404,1.017463444776016,72.0,530.0,100,25.0,0.7580195917134347,61.9723518531807,True,
sano,117,5682,2,70.26702900908454,23.42234300302818,50,52.0496511178404,1.017463444776016,72.0,530.0,100,25.0,0.7580195917134347,61.9723518531807,True,
sano,117,5683,0,18.90100963838653,18.90100963838653,30,70.0037394014316,1.4298846499986997,52.0,357.0,60,25.0,0.9621411626124838,69.04388178941433,True,
sano,117,5684,0,6.0120415430226,6.0120415430226,10,66.80046158914,1.0811764081596613,27.0,122.0,60,25.0,0.3039311120221284,21.816554932169844,True,
sano,117,6031,0,4.694626762649874,4.694626762649874,10,52.162519584998606,0.8442589201305074,27.0,122.0,60,25.0,0.2371651385940882,17.02450746099534,True,
sano,117,6032,0,71.21313213656096,23.737710712186985,50,52.75046824930441,1.0311629758472822,72.0,530.0,100,25.0,0.7683060130212366,62.813282427092155,True,
sano,117,6032,1,71.21313213656096,23.737710712186985,50,52.75046824930441,1.0311629758472822,72.0,530.0,100,25.0,0.7683060130212366,62.813282427092155,True,
sano,117,6032,2,71.21313213656096,23.737710712186985,50,52.75046824930441,1.0311629758472822,72.0,530.0,100,25.0,0.7683060130212366,62.813282427092155,True,
sano,117,6033,0,161.70188563015384,32.340377126030766,50,71.86750472451281,1.4048616533261662,72.0,530.0,150,25.0,0.7418007845112806,65.48600011546984,True,
sano,117,6033,1,161.70188563015384,32.340377126030766,50,71.86750472451281,1.4048616533261662,72.0,530.0,150,25.0,0.7418007845112806,65.48600011546984,True,
sano,117,6033,2,161.70188563015384,32.340377126030766,50,71.86750472451281,1.4048616533261662,72.0,530.0,150,25.0,0.7418007845112806,65.48600011546984,True,
sano,117,6033,3,161.70188563015384,32.340377126030766,50,71.86750472451281,1.4048616533261662,72.0,530.0,150,25.0,0.7418007845112806,65.48600011546984,True,
sano,117,6033,4,161.70188563015384,32.340377126030766,50,71.86750472451281,1.4048616533261662,72.0,530.0,150,25.0,0.7418007845112806,65.48600011546984,True,
sano,118,207,0,71.3162984084767,23.772099469492233,50,52.82688770998274,1.0326568188614007,72.0,530.0,100,25.0,0.7694278098367406,62.904990953711525,True,
sano,118,207,1,71.3162984084767,23.772099469492233,50,52.82688770998274,1.0326568188614007,72.0,530.0,100,25.0,0.7694278098367406,62.904990953711525,True,
sano,118,207,2,71.3162984084767,23.772099469492233,50,52.82688770998274,1.0326568188614007,72.0,530.0,100,25.0,0.7694278098367406,62.904990953711525,True,
sano,118,4023,0,105.40401810463068,26.35100452615767,50,58.55778783590594,1.1446841093150444,72.0,530.0,100,25.0,0.8536277848268642,69.78842372760076,True,
sano,118,4023,1,105.40401810463068,26.35100452615767,50,58.55778783590594,1.1446841093150444,72.0,530.0,100,25.0,0.8536277848268642,69.78842372760076,True,
sano,118,4023,2,105.40401810463068,26.35100452615767,50,58.55778783590594,1.1446841093150444,72.0,530.0,100,25.0,0.8536277848268642,69.78842372760076,True,
sano,118,4023,3,105.40401810463068,26.35100452615767,50,58.55778783590594,1.1446841093150444,72.0,530.0,100,25.0,0.8536277848268642,69.78842372760076,True,
sano,119,4678,0,4.906888759605884,4.906888759605884,10,54.520986217843166,0.8824310887383638,27.0,122.0,60,25.0,0.24791616078088974,17.796168046463706,True,
sano,119,6161,0,18.65517305919933,18.65517305919933,30,69.0932335525901,1.41128681011008,52.0,357.0,60,25.0,0.9495006928051046,68.13716743845187,True,
sano,119,6248,0,44.52626331962693,22.263131659813464,50,49.47362591069658,0.9671074591968537,72.0,530.0,100,25.0,0.7202278965440557,58.882813711942546,True,
sano,119,6248,1,44.52626331962693,22.263131659813464,50,49.47362591069658,0.9671074591968537,72.0,530.0,100,25.0,0.7202278965440557,58.882813711942546,True,
sano,120,1704,0,61.6169047668952,30.8084523834476,50,68.46322751877244,1.3383150475692287,72.0,530.0,150,25.0,0.7064098834811445,62.3617722981517,True,
sano,120,1704,1,61.6169047668952,30.8084523834476,50,68.46322751877244,1.3383150475692287,72.0,530.0,150,25.0,0.7064098834811445,62.3617722981517,True,
sano,120,1716,0,42.884660214277055,21.442330107138527,30,79.4160374338464,1.6221386723243651,52.0,357.0,100,25.0,0.6934863984783067,56.69663964235213,True,
sano,120,1716,1,42.884660214277055,21.442330107138527,30,79.4160374338464,1.6221386723243651,52.0,357.0,100,25.0,0.6934863984783067,56.69663964235213,True,
sano,120,1722,0,43.813043021389774,21.906521510694887,50,48.68115891265531,0.9516163620543788,72.0,530.0,100,25.0,0.7086078382814419,57.93285028513629,True,
sano,120,1722,1,43.813043021389774,21.906521510694887,50,48.68115891265531,0.9516163620543788,72.0,530.0,100,25.0,0.7086078382814419,57.93285028513629,True,
sano,120,1723,0,11.879896208101822,11.879896208101822,20,65.99942337834345,1.1256468428192095,41.0,231.0,60,25.0,0.6024549547142654,43.239330747064656,True,
sano,120,3609,0,31.136799598272557,31.136799598272557,50,69.19288799616123,1.3525784066292177,72.0,530.0,150,25.0,0.7139932947107278,63.03121911179081,True,
sano,120,4550,0,27.819576697416515,27.819576697416515,50,61.82128154981447,1.208478687853922,72.0,530.0,100,25.0,0.9016408756955452,73.71350867530897,True,
sano,120,4551,0,15.542728720917264,15.542728720917264,30,57.56566192932319,1.1758265638888208,52.0,357.0,60,25.0,0.7897570859096736,56.677734287099604,True,
sano,120,4552,0,19.53302394782999,19.53302394782999,30,72.34453314011107,1.477697310641831,52.0,357.0,60,25.0,0.994653786195854,71.37600139324937,True,
sano,121,4998,0,8.37715000983547,8.37715000983547,20,46.53972227686371,0.7937537748825912,41.0,231.0,60,25.0,0.4240291227659197,30.435741904317453,True,
sano,121,4999,0,5.303269644690092,5.303269644690092,10,58.92521827433435,0.9537143056841718,27.0,122.0,60,25.0,0.2679992559816518,19.237623920761333,True,
sano,121,5000,0,25.20380265589546,25.20380265589546,50,56.008450346434344,1.0948498136333709,72.0,530.0,100,25.0,0.8161542991180004,66.72493779346718,True,
sano,121,5003,0,5.914186648265147,5.914186648265147,10,65.71318498072387,1.0635786582310216,27.0,122.0,60,25.0,0.2989686536475996,21.460390067945976,True,
sano,121,5004,0,8.097303315423005,8.097303315423005,20,44.9850184190167,0.7672376721725396,41.0,231.0,60,25.0,0.40980294022716635,29.414805228955576,True,
sano,121,5009,0,82.84698577025287,27.615661923417623,50,61.36813760759472,1.1996206573670998,72.0,530.0,100,25.0,0.8949713182327844,73.1682717595407,True,
sano,121,5009,1,82.84698577025287,27.615661923417623,50,61.36813760759472,1.1996206573670998,72.0,530.0,100,25.0,0.8949713182327844,73.1682717595407,True,
sano,121,5009,2,82.84698577025287,27.615661923417623,50,61.36813760759472,1.1996206573670998,72.0,530.0,100,25.0,0.8949713182327844,73.1682717595407,True,
sano,121,5011,0,84.7427079624514,28.247569320817135,50,62.772376268482525,1.2270706301240706,72.0,530.0,100,25.0,0.9156424417525684,74.85813641545988,True,
sano,121,5011,1,84.7427079624514,28.247569320817135,50,62.772376268482525,1.2270706301240706,72.0,530.0,100,25.0,0.9156424417525684,74.85813641545988,True,
sano,121,5011,2,84.7427079624514,28.247569320817135,50,62.772376268482525,1.2270706301240706,72.0,530.0,100,25.0,0.9156424417525684,74.85813641545988,True,
sano,121,5014,0,18.644386303173945,18.644386303173945,30,69.05328260434794,1.4104707787361446,52.0,357.0,60,25.0,0.9489461351744023,68.0973882026761,True,
sano,122,1496,0,84.79168644437144,28.263895481457144,50,62.808656625460316,1.2277798363568801,72.0,530.0,100,25.0,0.9161766235717058,74.90180572725026,True,
sano,122,1496,1,84.79168644437144,28.263895481457144,50,62.808656625460316,1.2277798363568801,72.0,530.0,100,25.0,0.9161766235717058,74.90180572725026,True,
sano,122,1496,2,84.79168644437144,28.263895481457144,50,62.808656625460316,1.2277798363568801,72.0,530.0,100,25.0,0.9161766235717058,74.90180572725026,True,
sano,122,213,0,37.70613836709069,18.853069183545344,30,69.82618216127905,1.4262578955658491,52.0,357.0,60,25.0,0.9596758850926654,68.86704558679811,True,
sano,122,213,1,37.70613836709069,18.853069183545344,30,69.82618216127905,1.4262578955658491,52.0,357.0,60,25.0,0.9596758850926654,68.86704558679811,True,
sano,122,3596,0,126.46771760948248,31.61692940237062,50,70.25984311637916,1.373435181049868,72.0,530.0,150,25.0,0.7250843400294522,64.0103115247909,True,
sano,122,3596,1,126.46771760948248,31.61692940237062,50,70.25984311637916,1.373435181049868,72.0,530.0,150,25.0,0.7250843400294522,64.0103115247909,True,
sano,122,3596,2,126.46771760948248,31.61692940237062,50,70.25984311637916,1.373435181049868,72.0,530.0,150,25.0,0.7250843400294522,64.0103115247909,True,
sano,122,3596,3,126.46771760948248,31.61692940237062,50,70.25984311637916,1.373435181049868,72.0,530.0,150,25.0,0.7250843400294522,64.0103115247909,True,
sano,122,3599,0,147.04143908990758,29.408287817981517,50,65.3517507066256,1.2774920862690613,72.0,530.0,150,25.0,0.6740852204654045,59.508218621199234,True,
sano,122,3599,1,147.04143908990758,29.408287817981517,50,65.3517507066256,1.2774920862690613,72.0,530.0,150,25.0,0.6740852204654045,59.508218621199234,True,
sano,122,3599,2,147.04143908990758,29.408287817981517,50,65.3517507066256,1.2774920862690613,72.0,530.0,150,25.0,0.6740852204654045,59.508218621199234,True,
sano,122,3599,3,147.04143908990758,29.408287817981517,50,65.3517507066256,1.2774920862690613,72.0,530.0,150,25.0,0.6740852204654045,59.508218621199234,True,
sano,122,3599,4,147.04143908990758,29.408287817981517,50,65.3517507066256,1.2774920862690613,72.0,530.0,150,25.0,0.6740852204654045,59.508218621199234,True,
sano,122,3788,0,43.25399147791774,21.62699573895887,50,48.0599905310197,0.939473799947017,72.0,530.0,100,25.0,0.6995014834005328,57.188386227878006,True,
sano,122,3788,1,43.25399147791774,21.62699573895887,50,48.0599905310197,0.939473799947017,72.0,530.0,100,25.0,0.6995014834005328,57.188386227878006,True,
sano,122,3789,0,76.83484885341394,25.611616284471314,50,56.91470285438069,1.112565183069458,72.0,530.0,100,25.0,0.8294722874616886,67.81369516421196,True,
sano,122,3789,1,76.83484885341394,25.611616284471314,50,56.91470285438069,1.112565183069458,72.0,530.0,100,25.0,0.8294722874616886,67.81369516421196,True,
sano,122,3789,2,76.83484885341394,25.611616284471314,50,56.91470285438069,1.112565183069458,72.0,530.0,100,25.0,0.8294722874616886,67.81369516421196,True,
sano,123,882,0,15.367442075797502,15.367442075797502,30,56.916452132583345,1.162565913373227,52.0,357.0,60,25.0,0.780776719355404,56.033467961014814,True,
sano,124,1757,0,78.22824749182651,26.076082497275504,50,57.94684999394556,1.1327415331810042,72.0,530.0,100,25.0,0.8446448047599476,69.05405963522432,True,
sano,124,1757,1,78.22824749182651,26.076082497275504,50,57.94684999394556,1.1327415331810042,72.0,530.0,100,25.0,0.8446448047599476,69.05405963522432,True,
sano,124,1757,2,78.22824749182651,26.076082497275504,50,57.94684999394556,1.1327415331810042,72.0,530.0,100,25.0,0.8446448047599476,69.05405963522432,True,
sano,124,1759,0,37.83158382427429,18.915791912137145,30,70.05848856347092,1.4310029472078158,52.0,357.0,60,25.0,0.9629013484791115,69.09841041491214,True,
sano,124,1759,1,37.83158382427429,18.915791912137145,30,70.05848856347092,1.4310029472078158,52.0,357.0,60,25.0,0.9629013484791115,69.09841041491214,True,
sano,124,4553,0,29.161407424773856,29.161407424773856,50,64.80312761060857,1.2667676350351156,72.0,530.0,150,25.0,0.6683878615820726,59.0052670614938,True,
sano,124,4554,0,11.849635736501948,11.849635736501948,20,65.83130964723304,1.1227795951832082,41.0,231.0,60,25.0,0.6009106430539781,43.128521623982685,True,
sano,125,1743,0,262.1401280682805,32.76751600853506,50,72.81670224118902,1.4234165092060589,72.0,530.0,150,25.0,0.7516732005540829,66.35751313540825,True,
sano,125,1743,1,262.1401280682805,32.76751600853506,50,72.81670224118902,1.4234165092060589,72.0,530.0,150,25.0,0.7516732005540829,66.35751313540825,True,
sano,125,1743,2,262.1401280682805,32.76751600853506,50,72.81670224118902,1.4234165092060589,72.0,530.0,150,25.0,0.7516732005540829,66.35751313540825,True,
sano,125,1743,3,262.1401280682805,32.76751600853506,50,72.81670224118902,1.4234165092060589,72.0,530.0,150,25.0,0.7516732005540829,66.35751313540825,True,
sano,125,1743,4,262.1401280682805,32.76751600853506,50,72.81670224118902,1.4234165092060589,72.0,530.0,150,25.0,0.7516732005540829,66.35751313540825,True,
sano,125,1743,5,262.1401280682805,32.76751600853506,50,72.81670224118902,1.4234165092060589,72.0,530.0,150,25.0,0.7516732005540829,66.35751313540825,True,
sano,125,1743,6,262.1401280682805,32.76751600853506,50,72.81670224118902,1.4234165092060589,72.0,530.0,150,25.0,0.7516732005540829,66.35751313540825,True,
sano,125,1743,7,262.1401280682805,32.76751600853506,50,72.81670224118902,1.4234165092060589,72.0,530.0,150,25.0,0.7516732005540829,66.35751313540825,True,
sano,126,3721,0,103.4343413350679,34.47811377835597,50,76.61803061856882,1.4977246473493324,72.0,530.0,150,25.0,0.7912299796534837,69.8494842999489,True,
sano,126,3721,1,103.4343413350679,34.47811377835597,50,76.61803061856882,1.4977246473493324,72.0,530.0,150,25.0,0.7912299796534837,69.8494842999489,True,
sano,126,3721,2,103.4343413350679,34.47811377835597,50,76.61803061856882,1.4977246473493324,72.0,530.0,150,25.0,0.7912299796534837,69.8494842999489,True,
sano,126,85,0,68.22536649506904,34.11268324753452,50,75.80596277229893,1.481850394006366,72.0,530.0,150,25.0,0.7827768893105664,69.10326789136003,True,
sano,126,85,1,68.22536649506904,34.11268324753452,50,75.80596277229893,1.481850394006366,72.0,530.0,150,25.0,0.7827768893105664,69.10326789136003,True,
sano,127,1791,0,169.61265599972714,33.922531199945425,50,75.3834026665454,1.47359021451253,72.0,530.0,150,25.0,0.7783788935585433,68.71502432076592,True,
sano,127,1791,1,169.61265599972714,33.922531199945425,50,75.3834026665454,1.47359021451253,72.0,530.0,150,25.0,0.7783788935585433,68.71502432076592,True,
sano,127,1791,2,169.61265599972714,33.922531199945425,50,75.3834026665454,1.47359021451253,72.0,530.0,150,25.0,0.7783788935585433,68.71502432076592,True,
sano,127,1791,3,169.61265599972714,33.922531199945425,50,75.3834026665454,1.47359021451253,72.0,530.0,150,25.0,0.7783788935585433,68.71502432076592,True,
sano,127,1791,4,169.61265599972714,33.922531199945425,50,75.3834026665454,1.47359021451253,72.0,530.0,150,25.0,0.7783788935585433,68.71502432076592,True,
sano,127,4844,0,69.66629070079071,34.833145350395355,50,77.40698966754523,1.5131471713147928,72.0,530.0,150,25.0,0.7994439180476272,70.57458861239343,True,
sano,127,4844,1,69.66629070079071,34.833145350395355,50,77.40698966754523,1.5131471713147928,72.0,530.0,150,25.0,0.7994439180476272,70.57458861239343,True,
sano,127,4854,0,50.4016247025668,25.2008123512834,50,56.00180522507422,1.0947199152013003,72.0,530.0,100,25.0,0.8160566580061781,66.71695553895496,True,
sano,127,4854,1,50.4016247025668,25.2008123512834,50,56.00180522507422,1.0947199152013003,72.0,530.0,100,25.0,0.8160566580061781,66.71695553895496,True,
sano,128,1452,0,87.98667582459332,29.328891941531108,50,65.17531542562469,1.2740431400238543,72.0,530.0,150,25.0,0.6722528976337387,59.34646481070452,True,
sano,128,1452,1,87.98667582459332,29.328891941531108,50,65.17531542562469,1.2740431400238543,72.0,530.0,150,25.0,0.6722528976337387,59.34646481070452,True,
sano,128,1452,2,87.98667582459332,29.328891941531108,50,65.17531542562469,1.2740431400238543,72.0,530.0,150,25.0,0.6722528976337387,59.34646481070452,True,
sano,128,1456,0,67.54283228542344,33.77141614271172,50,75.04759142824827,1.4670257966543059,72.0,530.0,150,25.0,0.774884059117802,68.40650939046054,True,
sano,128,1456,1,67.54283228542344,33.77141614271172,50,75.04759142824827,1.4670257966543059,72.0,530.0,150,25.0,0.774884059117802,68.40650939046054,True,
sano,128,1458,0,75.71988264368534,25.239960881228445,50,56.08880195828543,1.0964205221017564,72.0,530.0,100,25.0,0.8173349733144841,66.82145903309284,True,
sano,128,1458,1,75.71988264368534,25.239960881228445,50,56.08880195828543,1.0964205221017564,72.0,530.0,100,25.0,0.8173349733144841,66.82145903309284,True,
sano,128,1458,2,75.71988264368534,25.239960881228445,50,56.08880195828543,1.0964205221017564,72.0,530.0,100,25.0,0.8173349733144841,66.82145903309284,True,
sano,128,4788,0,153.92655404595806,30.78531080919161,50,68.41180179820358,1.337309780681241,72.0,530.0,150,25.0,0.7058754566020704,62.31459425969625,True,
sano,128,4788,1,153.92655404595806,30.78531080919161,50,68.41180179820358,1.337309780681241,72.0,530.0,150,25.0,0.7058754566020704,62.31459425969625,True,
sano,128,4788,2,153.92655404595806,30.78531080919161,50,68.41180179820358,1.337309780681241,72.0,530.0,150,25.0,0.7058754566020704,62.31459425969625,True,
sano,128,4788,3,153.92655404595806,30.78531080919161,50,68.41180179820358,1.337309780681241,72.0,530.0,150,25.0,0.7058754566020704,62.31459425969625,True,
sano,128,4788,4,153.92655404595806,30.78531080919161,50,68.41180179820358,1.337309780681241,72.0,530.0,150,25.0,0.7058754566020704,62.31459425969625,True,
sano,128,5775,0,71.34754436577215,23.782514788590717,50,52.85003286353493,1.0331092589288617,72.0,530.0,100,25.0,0.7697675733888873,62.93276711725935,True,
sano,128,5775,1,71.34754436577215,23.782514788590717,50,52.85003286353493,1.0331092589288617,72.0,530.0,100,25.0,0.7697675733888873,62.93276711725935,True,
sano,128,5775,2,71.34754436577215,23.782514788590717,50,52.85003286353493,1.0331092589288617,72.0,530.0,100,25.0,0.7697675733888873,62.93276711725935,True,
sano,129,5042,0,32.97132659050337,32.97132659050337,50,73.26961464556304,1.4322700136050197,72.0,530.0,150,25.0,0.7563845528417936,66.77341972594532,True,
sano,129,5045,0,23.15529525569725,23.15529525569725,50,51.456211679327225,1.0058629263785237,72.0,530.0,100,25.0,0.7493109242885035,61.26040418023588,True,
sano,129,5047,0,41.121223915331306,20.560611957665653,30,76.15041465802094,1.555435608748543,52.0,357.0,100,25.0,0.6647765050840755,54.34953664302764,True,
sano,129,5047,1,41.121223915331306,20.560611957665653,30,76.15041465802094,1.555435608748543,52.0,357.0,100,25.0,0.6647765050840755,54.34953664302764,True,
sano,129,5050,0,157.02606797811296,31.40521359562259,50,69.78936354582798,1.3642382747446562,72.0,530.0,150,25.0,0.7201933755748817,63.578548325010765,True,
sano,129,5050,1,157.02606797811296,31.40521359562259,50,69.78936354582798,1.3642382747446562,72.0,530.0,150,25.0,0.7201933755748817,63.578548325010765,True,
sano,129,5050,2,157.02606797811296,31.40521359562259,50,69.78936354582798,1.3642382747446562,72.0,530.0,150,25.0,0.7201933755748817,63.578548325010765,True,
sano,129,5050,3,157.02606797811296,31.40521359562259,50,69.78936354582798,1.3642382747446562,72.0,530.0,150,25.0,0.7201933755748817,63.578548325010765,True,
sano,129,5050,4,157.02606797811296,31.40521359562259,50,69.78936354582798,1.3642382747446562,72.0,530.0,150,25.0,0.7201933755748817,63.578548325010765,True,
sano,129,5052,0,50.24889193310191,25.124445966550955,50,55.83210214789101,1.0914025696707987,72.0,530.0,100,25.0,0.8135631658626878,66.51311013120312,True,
sano,129,5052,1,50.24889193310191,25.124445966550955,50,55.83210214789101,1.0914025696707987,72.0,530.0,100,25.0,0.8135631658626878,66.51311013120312,True,
sano,130,5201,0,458.4492838959756,32.74637742114111,50,72.76972760253581,1.4224982517992415,72.0,530.0,150,25.0,0.7511845799120108,66.31437889972534,True,
sano,130,5201,1,458.4492838959756,32.74637742114111,50,72.76972760253581,1.4224982517992415,72.0,530.0,150,25.0,0.7511845799120108,66.31437889972534,True,
sano,130,5201,2,458.4492838959756,32.74637742114111,50,72.76972760253581,1.4224982517992415,72.0,530.0,150,25.0,0.7511845799120108,66.31437889972534,True,
sano,130,5201,3,458.4492838959756,32.74637742114111,50,72.76972760253581,1.4224982517992415,72.0,530.0,150,25.0,0.7511845799120108,66.31437889972534,True,
sano,130,5201,4,458.4492838959756,32.74637742114111,50,72.76972760253581,1.4224982517992415,72.0,530.0,150,25.0,0.7511845799120108,66.31437889972534,True,
sano,130,5201,5,458.4492838959756,32.74637742114111,50,72.76972760253581,1.4224982517992415,72.0,530.0,150,25.0,0.7511845799120108,66.31437889972534,True,
sano,130,5201,6,458.4492838959756,32.74637742114111,50,72.76972760253581,1.4224982517992415,72.0,530.0,150,25.0,0.7511845799120108,66.31437889972534,True,
sano,130,5201,7,458.4492838959756,32.74637742114111,50,72.76972760253581,1.4224982517992415,72.0,530.0,150,25.0,0.7511845799120108,66.31437889972534,True,
sano,130,5201,8,458.4492838959756,32.74637742114111,50,72.76972760253581,1.4224982517992415,72.0,530.0,150,25.0,0.7511845799120108,66.31437889972534,True,
sano,130,5201,9,458.4492838959756,32.74637742114111,50,72.76972760253581,1.4224982517992415,72.0,530.0,150,25.0,0.7511845799120108,66.31437889972534,True,
sano,130,5201,10,458.4492838959756,32.74637742114111,50,72.76972760253581,1.4224982517992415,72.0,530.0,150,25.0,0.7511845799120108,66.31437889972534,True,
sano,130,5201,11,458.4492838959756,32.74637742114111,50,72.76972760253581,1.4224982517992415,72.0,530.0,150,25.0,0.7511845799120108,66.31437889972534,True,
sano,130,5201,12,458.4492838959756,32.74637742114111,50,72.76972760253581,1.4224982517992415,72.0,530.0,150,25.0,0.7511845799120108,66.31437889972534,True,
sano,130,5201,13,458.4492838959756,32.74637742114111,50,72.76972760253581,1.4224982517992415,72.0,530.0,150,25.0,0.7511845799120108,66.31437889972534,True,
sano,130,825,0,191.7139271813599,31.95232119689332,50,71.00515821531849,1.388004555708951,72.0,530.0,150,25.0,0.7328334092260915,64.69438141642453,True,
sano,130,825,1,191.7139271813599,31.95232119689332,50,71.00515821531849,1.388004555708951,72.0,530.0,150,25.0,0.7328334092260915,64.69438141642453,True,
sano,130,825,2,191.7139271813599,31.95232119689332,50,71.00515821531849,1.388004555708951,72.0,530.0,150,25.0,0.7328334092260915,64.69438141642453,True,
sano,130,825,3,191.7139271813599,31.95232119689332,50,71.00515821531849,1.388004555708951,72.0,530.0,150,25.0,0.7328334092260915,64.69438141642453,True,
sano,130,825,4,191.7139271813599,31.95232119689332,50,71.00515821531849,1.388004555708951,72.0,530.0,150,25.0,0.7328334092260915,64.69438141642453,True,
sano,130,825,5,191.7139271813599,31.95232119689332,50,71.00515821531849,1.388004555708951,72.0,530.0,150,25.0,0.7328334092260915,64.69438141642453,True,
sano,130,868,0,78.8030958599555,26.26769861998517,50,58.372663599967034,1.1410653119020997,72.0,530.0,100,25.0,0.8509056193314753,69.56588513035669,True,
sano,130,868,1,78.8030958599555,26.26769861998517,50,58.372663599967034,1.1410653119020997,72.0,530.0,100,25.0,0.8509056193314753,69.56588513035669,True,
sano,130,868,2,78.8030958599555,26.26769861998517,50,58.372663599967034,1.1410653119020997,72.0,530.0,100,25.0,0.8509056193314753,69.56588513035669,True,
sano,131,1664,0,101.008869254834,33.66962308494467,50,74.82138463321037,1.4626039198507528,72.0,530.0,150,25.0,0.7725300337258594,68.19870208763038,True,
sano,131,1664,1,101.008869254834,33.66962308494467,50,74.82138463321037,1.4626039198507528,72.0,530.0,150,25.0,0.7725300337258594,68.19870208763038,True,
sano,131,1664,2,101.008869254834,33.66962308494467,50,74.82138463321037,1.4626039198507528,72.0,530.0,150,25.0,0.7725300337258594,68.19870208763038,True,
sano,131,6233,0,149.31955085550925,29.86391017110185,50,66.36424482467078,1.297284260299765,72.0,530.0,150,25.0,0.6846015360113304,60.43657763794168,True,
sano,131,6233,1,149.31955085550925,29.86391017110185,50,66.36424482467078,1.297284260299765,72.0,530.0,150,25.0,0.6846015360113304,60.43657763794168,True,
sano,131,6233,2,149.31955085550925,29.86391017110185,50,66.36424482467078,1.297284260299765,72.0,530.0,150,25.0,0.6846015360113304,60.43657763794168,True,
sano,131,6233,3,149.31955085550925,29.86391017110185,50,66.36424482467078,1.297284260299765,72.0,530.0,150,25.0,0.6846015360113304,60.43657763794168,True,
sano,131,6233,4,149.31955085550925,29.86391017110185,50,66.36424482467078,1.297284260299765,72.0,530.0,150,25.0,0.6846015360113304,60.43657763794168,True,
sano,131,6234,0,30.21285759740553,30.21285759740553,50,67.13968354979006,1.3124424897888798,72.0,530.0,150,25.0,0.6926571866845253,61.147713714698725,True,
sano,131,6236,0,46.019919515361416,23.009959757680708,50,51.13324390595713,0.9995495717990509,72.0,530.0,100,25.0,0.744572054003857,60.87299351816239,True,
sano,131,6236,1,46.019919515361416,23.009959757680708,50,51.13324390595713,0.9995495717990509,72.0,530.0,100,25.0,0.744572054003857,60.87299351816239,True,
sano,132,1730,0,76.23495827880281,25.411652759600937,50,56.47033946577986,1.1038787943158708,72.0,530.0,100,25.0,0.8229416159406762,67.27980720413156,True,
sano,132,1730,1,76.23495827880281,25.411652759600937,50,56.47033946577986,1.1038787943158708,72.0,530.0,100,25.0,0.8229416159406762,67.27980720413156,True,
sano,132,1730,2,76.23495827880281,25.411652759600937,50,56.47033946577986,1.1038787943158708,72.0,530.0,100,25.0,0.8229416159406762,67.27980720413156,True,
sano,132,3610,0,137.56729128732798,34.391822821831994,50,76.42627293740443,1.4939761797486937,72.0,530.0,150,25.0,0.7892337773715429,69.67326489118655,True,
sano,132,3610,1,137.56729128732798,34.391822821831994,50,76.42627293740443,1.4939761797486937,72.0,530.0,150,25.0,0.7892337773715429,69.67326489118655,True,
sano,132,3610,2,137.56729128732798,34.391822821831994,50,76.42627293740443,1.4939761797486937,72.0,530.0,150,25.0,0.7892337773715429,69.67326489118655,True,
sano,132,3610,3,137.56729128732798,34.391822821831994,50,76.42627293740443,1.4939761797486937,72.0,530.0,150,25.0,0.7892337773715429,69.67326489118655,True,
sano,132,3612,0,238.0116825117749,34.00166893025356,50,75.55926428945234,1.4770279469238712,72.0,530.0,150,25.0,0.7802092093438551,68.87659982826344,True,
sano,132,3612,1,238.0116825117749,34.00166893025356,50,75.55926428945234,1.4770279469238712,72.0,530.0,150,25.0,0.7802092093438551,68.87659982826344,True,
sano,132,3612,2,238.0116825117749,34.00166893025356,50,75.55926428945234,1.4770279469238712,72.0,530.0,150,25.0,0.7802092093438551,68.87659982826344,True,
sano,132,3612,3,238.0116825117749,34.00166893025356,50,75.55926428945234,1.4770279469238712,72.0,530.0,150,25.0,0.7802092093438551,68.87659982826344,True,
sano,132,3612,4,238.0116825117749,34.00166893025356,50,75.55926428945234,1.4770279469238712,72.0,530.0,150,25.0,0.7802092093438551,68.87659982826344,True,
sano,132,3612,5,238.0116825117749,34.00166893025356,50,75.55926428945234,1.4770279469238712,72.0,530.0,150,25.0,0.7802092093438551,68.87659982826344,True,
sano,132,3612,6,238.0116825117749,34.00166893025356,50,75.55926428945234,1.4770279469238712,72.0,530.0,150,25.0,0.7802092093438551,68.87659982826344,True,
sano,132,6108,0,52.89810313234322,26.44905156617161,50,58.775670147048025,1.1489432596088376,72.0,530.0,100,25.0,0.8568318369259487,70.05035673179347,True,
sano,132,6108,1,52.89810313234322,26.44905156617161,50,58.775670147048025,1.1489432596088376,72.0,530.0,100,25.0,0.8568318369259487,70.05035673179347,True,
sano,133,1628,0,59.84210535048514,29.92105267524257,50,66.4912281672057,1.299766523030638,72.0,530.0,150,25.0,0.6859206129700267,60.55302303246131,True,
sano,133,1628,1,59.84210535048514,29.92105267524257,50,66.4912281672057,1.299766523030638,72.0,530.0,150,25.0,0.6859206129700267,60.55302303246131,True,
sano,133,3790,0,52.31792126515168,26.15896063257584,50,58.13102362794631,1.1363417482845228,72.0,530.0,100,25.0,0.8473526445692956,69.27542727901653,True,
sano,133,3790,1,52.31792126515168,26.15896063257584,50,58.13102362794631,1.1363417482845228,72.0,530.0,100,25.0,0.8473526445692956,69.27542727901653,True,
sano,133,4658,0,69.90707425664141,34.953537128320704,50,77.67452695182378,1.5183769740324284,72.0,530.0,150,25.0,0.8022295901529576,70.82050013883814,True,
sano,133,4658,1,69.90707425664141,34.953537128320704,50,77.67452695182378,1.5183769740324284,72.0,530.0,150,25.0,0.8022295901529576,70.82050013883814,True,
sano,133,4675,0,53.88429950764784,26.94214975382392,50,59.87144389738649,1.170363378875158,72.0,530.0,100,25.0,0.8729488444282381,71.36792922569366,True,
sano,133,4675,1,53.88429950764784,26.94214975382392,50,59.87144389738649,1.170363378875158,72.0,530.0,100,25.0,0.8729488444282381,71.36792922569366,True,
sano,133,5213,0,59.88135905602164,29.94067952801082,50,66.5348433955796,1.3006191108876732,72.0,530.0,150,25.0,0.6863736871978668,60.59301948891642,True,
sano,133,5213,1,59.88135905602164,29.94067952801082,50,66.5348433955796,1.3006191108876732,72.0,530.0,150,25.0,0.6863736871978668,60.59301948891642,True,
sano,133,5216,0,65.22424490824574,32.61212245412287,50,72.47138323138415,1.4166662340031138,72.0,530.0,150,25.0,0.7480813759383409,66.04043560750708,True,
sano,133,5216,1,65.22424490824574,32.61212245412287,50,72.47138323138415,1.4166662340031138,72.0,530.0,150,25.0,0.7480813759383409,66.04043560750708,True,
sano,134,3735,0,103.45741858192105,34.48580619397368,50,76.63512487549707,1.498058804854072,72.0,530.0,150,25.0,0.7914079352416691,69.86519374311794,True,
sano,134,3735,1,103.45741858192105,34.48580619397368,50,76.63512487549707,1.498058804854072,72.0,530.0,150,25.0,0.7914079352416691,69.86519374311794,True,
sano,134,3735,2,103.45741858192105,34.48580619397368,50,76.63512487549707,1.498058804854072,72.0,530.0,150,25.0,0.7914079352416691,69.86519374311794,True,
sano,134,4987,0,68.04890210123284,34.02445105061642,50,75.60989122359204,1.4780175991828577,72.0,530.0,150,25.0,0.7807361321667372,68.923115198248,True,
sano,134,4987,1,68.04890210123284,34.02445105061642,50,75.60989122359204,1.4780175991828577,72.0,530.0,150,25.0,0.7807361321667372,68.923115198248,True,
sano,134,4989,0,81.40319738865614,27.134399129552047,50,60.29866473233788,1.1787146660226089,72.0,530.0,100,25.0,0.8792339934884992,71.88174219722316,True,
sano,134,4989,1,81.40319738865614,27.134399129552047,50,60.29866473233788,1.1787146660226089,72.0,530.0,100,25.0,0.8792339934884992,71.88174219722316,True,
sano,134,4989,2,81.40319738865614,27.134399129552047,50,60.29866473233788,1.1787146660226089,72.0,530.0,100,25.0,0.8792339934884992,71.88174219722316,True,
sano,134,4992,0,73.68573778419756,24.56191259473252,50,54.582027988294485,1.066966195298779,72.0,530.0,100,25.0,0.7951994143415472,65.0118535566959,True,
sano,134,4992,1,73.68573778419756,24.56191259473252,50,54.582027988294485,1.066966195298779,72.0,530.0,100,25.0,0.7951994143415472,65.0118535566959,True,
sano,134,4992,2,73.68573778419756,24.56191259473252,50,54.582027988294485,1.066966195298779,72.0,530.0,100,25.0,0.7951994143415472,65.0118535566959,True,
sano,134,4994,0,25.09305139808948,25.09305139808948,50,55.76233644019883,1.0900387938192566,72.0,530.0,100,25.0,0.8125381167864648,66.42931135322426,True,
sano,134,4997,0,45.0611350523855,22.53056752619275,50,50.067927835983895,0.9787248374338535,72.0,530.0,100,25.0,0.7289440413498076,59.59537536003286,True,
sano,134,4997,1,45.0611350523855,22.53056752619275,50,50.067927835983895,0.9787248374338535,72.0,530.0,100,25.0,0.7289440413498076,59.59537536003286,True,
sano,134,5005,0,38.960629836726746,19.480314918363373,30,72.14931451245693,1.4737098076675148,52.0,357.0,60,25.0,0.9919414238291595,71.18144705255764,True,
sano,134,5005,1,38.960629836726746,19.480314918363373,30,72.14931451245693,1.4737098076675148,52.0,357.0,60,25.0,0.9919414238291595,71.18144705255764,True,
sano,134,92,0,25.14898424590799,25.14898424590799,50,55.886631657573304,1.0924685092414157,72.0,530.0,100,25.0,0.8143643684827647,66.57860923177532,True,
sano,135,1465,0,67.67297622381989,33.836488111909944,50,75.19219580424432,1.469852514285852,72.0,530.0,150,25.0,0.7763889465308066,68.53935696120894,True,
sano,135,1465,1,67.67297622381989,33.836488111909944,50,75.19219580424432,1.469852514285852,72.0,530.0,150,25.0,0.7763889465308066,68.53935696120894,True,
sano,135,217,0,52.444560307691134,26.222280153845567,50,58.27173367521236,1.139092339812635,72.0,530.0,100,25.0,0.8494215557980278,69.44456204862855,True,
sano,135,217,1,52.444560307691134,26.222280153845567,50,58.27173367521236,1.139092339812635,72.0,530.0,100,25.0,0.8494215557980278,69.44456204862855,True,
sano,135,3787,0,26.879652662176355,26.879652662176355,50,59.73256147150301,1.1676485135797434,72.0,530.0,100,25.0,0.8709058207217676,71.20091128592072,True,
sano,135,5690,0,46.88222711251092,23.44111355625546,50,52.091363458345455,1.0182788350956142,72.0,530.0,100,25.0,0.7586317746529674,62.02239877018858,True,
sano,135,5690,1,46.88222711251092,23.44111355625546,50,52.091363458345455,1.0182788350956142,72.0,530.0,100,25.0,0.7586317746529674,62.02239877018858,True,
sano,135,5691,0,44.26904196282638,22.13452098141319,50,49.18782440314042,0.9615206285427553,72.0,530.0,100,25.0,0.7160368298036566,58.54018563606422,True,
sano,135,5691,1,44.26904196282638,22.13452098141319,50,49.18782440314042,0.9615206285427553,72.0,530.0,100,25.0,0.7160368298036566,58.54018563606422,True,
sano,136,1583,0,74.35706634421693,24.785688781405643,50,55.07930840312365,1.076687002893555,72.0,530.0,100,25.0,0.8025037018905004,65.60898740204021,True,
sano,136,1583,1,74.35706634421693,24.785688781405643,50,55.07930840312365,1.076687002893555,72.0,530.0,100,25.0,0.8025037018905004,65.60898740204021,True,
sano,136,1583,2,74.35706634421693,24.785688781405643,50,55.07930840312365,1.076687002893555,72.0,530.0,100,25.0,0.8025037018905004,65.60898740204021,True,
sano,136,1613,0,76.55703599322901,25.519011997743004,50,56.708915550540006,1.1085424652498348,72.0,530.0,100,25.0,0.8264477864861555,67.56643968913832,True,
sano,136,1613,1,76.55703599322901,25.519011997743004,50,56.708915550540006,1.1085424652498348,72.0,530.0,100,25.0,0.8264477864861555,67.56643968913832,True,
sano,136,1613,2,76.55703599322901,25.519011997743004,50,56.708915550540006,1.1085424652498348,72.0,530.0,100,25.0,0.8264477864861555,67.56643968913832,True,
sano,136,3794,0,312.38730625913223,34.709700695459134,50,77.1326682121314,1.5077847520284577,72.0,530.0,150,25.0,0.7965877715658448,70.32245575383662,True,
sano,136,3794,1,312.38730625913223,34.709700695459134,50,77.1326682121314,1.5077847520284577,72.0,530.0,150,25.0,0.7965877715658448,70.32245575383662,True,
sano,136,3794,2,312.38730625913223,34.709700695459134,50,77.1326682121314,1.5077847520284577,72.0,530.0,150,25.0,0.7965877715658448,70.32245575383662,True,
sano,136,3794,3,312.38730625913223,34.709700695459134,50,77.1326682121314,1.5077847520284577,72.0,530.0,150,25.0,0.7965877715658448,70.32245575383662,True,
sano,136,3794,4,312.38730625913223,34.709700695459134,50,77.1326682121314,1.5077847520284577,72.0,530.0,150,25.0,0.7965877715658448,70.32245575383662,True,
sano,136,3794,5,312.38730625913223,34.709700695459134,50,77.1326682121314,1.5077847520284577,72.0,530.0,150,25.0,0.7965877715658448,70.32245575383662,True,
sano,136,3794,6,312.38730625913223,34.709700695459134,50,77.1326682121314,1.5077847520284577,72.0,530.0,150,25.0,0.7965877715658448,70.32245575383662,True,
sano,136,3794,7,312.38730625913223,34.709700695459134,50,77.1326682121314,1.5077847520284577,72.0,530.0,150,25.0,0.7965877715658448,70.32245575383662,True,
sano,136,3794,8,312.38730625913223,34.709700695459134,50,77.1326682121314,1.5077847520284577,72.0,530.0,150,25.0,0.7965877715658448,70.32245575383662,True,
sano,136,4359,0,107.88546785478854,26.971366963697136,50,59.93637103043809,1.171632570561084,72.0,530.0,100,25.0,0.8739039814406624,71.44601201277149,True,
sano,136,4359,1,107.88546785478854,26.971366963697136,50,59.93637103043809,1.171632570561084,72.0,530.0,100,25.0,0.8739039814406624,71.44601201277149,True,
sano,136,4359,2,107.88546785478854,26.971366963697136,50,59.93637103043809,1.171632570561084,72.0,530.0,100,25.0,0.8739039814406624,71.44601201277149,True,
sano,136,4359,3,107.88546785478854,26.971366963697136,50,59.93637103043809,1.171632570561084,72.0,530.0,100,25.0,0.8739039814406624,71.44601201277149,True,
sano,136,4411,0,115.3850532258852,28.8462633064713,50,64.102807347714,1.2530778167207155,72.0,530.0,100,25.0,0.9352351642870834,76.4598376044118,True,
sano,136,4411,1,115.3850532258852,28.8462633064713,50,64.102807347714,1.2530778167207155,72.0,530.0,100,25.0,0.9352351642870834,76.4598376044118,True,
sano,136,4411,2,115.3850532258852,28.8462633064713,50,64.102807347714,1.2530778167207155,72.0,530.0,100,25.0,0.9352351642870834,76.4598376044118,True,
sano,136,4411,3,115.3850532258852,28.8462633064713,50,64.102807347714,1.2530778167207155,72.0,530.0,100,25.0,0.9352351642870834,76.4598376044118,True,
sano,136,6243,0,36.556024713738495,18.278012356869247,30,67.69634206247869,1.3827541386199158,52.0,357.0,60,25.0,0.9301143723281972,66.74654679584627,True,
sano,136,6243,1,36.556024713738495,18.278012356869247,30,67.69634206247869,1.3827541386199158,52.0,357.0,60,25.0,0.9301143723281972,66.74654679584627,True,
sano,136,6244,0,44.583363606351696,22.291681803175848,50,49.5370706737241,0.9683476736028414,72.0,530.0,100,25.0,0.7211583155041235,58.9588772947713,True,
sano,136,6244,1,44.583363606351696,22.291681803175848,50,49.5370706737241,0.9683476736028414,72.0,530.0,100,25.0,0.7211583155041235,58.9588772947713,True,
sano,137,178,0,113.81245145782138,28.453112864455345,50,63.22913969878965,1.2359994141460005,72.0,530.0,100,25.0,0.9223681254966432,75.40796018765423,True,
sano,137,178,1,113.81245145782138,28.453112864455345,50,63.22913969878965,1.2359994141460005,72.0,530.0,100,25.0,0.9223681254966432,75.40796018765423,True,
sano,137,178,2,113.81245145782138,28.453112864455345,50,63.22913969878965,1.2359994141460005,72.0,530.0,100,25.0,0.9223681254966432,75.40796018765423,True,
sano,137,178,3,113.81245145782138,28.453112864455345,50,63.22913969878965,1.2359994141460005,72.0,530.0,100,25.0,0.9223681254966432,75.40796018765423,True,
sano,137,3945,0,115.1943032092945,28.798575802323626,50,63.996835116274724,1.2510062779239095,72.0,530.0,100,25.0,0.9336742653488408,76.33223457394035,True,
sano,137,3945,1,115.1943032092945,28.798575802323626,50,63.996835116274724,1.2510062779239095,72.0,530.0,100,25.0,0.9336742653488408,76.33223457394035,True,
sano,137,3945,2,115.1943032092945,28.798575802323626,50,63.996835116274724,1.2510062779239095,72.0,530.0,100,25.0,0.9336742653488408,76.33223457394035,True,
sano,137,3945,3,115.1943032092945,28.798575802323626,50,63.996835116274724,1.2510062779239095,72.0,530.0,100,25.0,0.9336742653488408,76.33223457394035,True,
sano,137,4021,0,64.4583770296559,32.22918851482795,50,71.6204189218399,1.4000316349390372,72.0,530.0,150,25.0,0.7392312194375672,65.25916503059206,True,
sano,137,4021,1,64.4583770296559,32.22918851482795,50,71.6204189218399,1.4000316349390372,72.0,530.0,150,25.0,0.7392312194375672,65.25916503059206,True,
sano,137,859,0,97.50475158416914,32.50158386138971,50,72.22574191419936,1.4118644523312958,72.0,530.0,150,25.0,0.745526505592693,65.81489783123774,True,
sano,137,859,1,97.50475158416914,32.50158386138971,50,72.22574191419936,1.4118644523312958,72.0,530.0,150,25.0,0.745526505592693,65.81489783123774,True,
sano,137,859,2,97.50475158416914,32.50158386138971,50,72.22574191419936,1.4118644523312958,72.0,530.0,150,25.0,0.745526505592693,65.81489783123774,True,
sano,138,1642,0,77.63235253711883,25.877450845706278,50,57.50544632379173,1.1241130008253368,72.0,530.0,100,25.0,0.8381556136284628,68.52356377604487,True,
sano,138,1642,1,77.63235253711883,25.877450845706278,50,57.50544632379173,1.1241130008253368,72.0,530.0,100,25.0,0.8381556136284628,68.52356377604487,True,
sano,138,1642,2,77.63235253711883,25.877450845706278,50,57.50544632379173,1.1241130008253368,72.0,530.0,100,25.0,0.8381556136284628,68.52356377604487,True,
sano,138,1643,0,34.923145444299294,34.923145444299294,50,77.60698987622065,1.5170567633467185,72.0,530.0,150,25.0,0.8015263605356013,70.75842095280795,True,
sano,138,1653,0,103.35183059995953,34.45061019998651,50,76.55691155552557,1.4965298955865458,72.0,530.0,150,25.0,0.7905937198506356,69.79331698549667,True,
sano,138,1653,1,103.35183059995953,34.45061019998651,50,76.55691155552557,1.4965298955865458,72.0,530.0,150,25.0,0.7905937198506356,69.79331698549667,True,
sano,138,1653,2,103.35183059995953,34.45061019998651,50,76.55691155552557,1.4965298955865458,72.0,530.0,150,25.0,0.7905937198506356,69.79331698549667,True,
sano,138,3792,0,133.41332641381535,33.35333160345384,50,74.11851467434187,1.4488642602330382,72.0,530.0,150,25.0,0.7652163243835188,67.55306644624753,True,
sano,138,3792,1,133.41332641381535,33.35333160345384,50,74.11851467434187,1.4488642602330382,72.0,530.0,150,25.0,0.7652163243835188,67.55306644624753,True,
sano,138,3792,2,133.41332641381535,33.35333160345384,50,74.11851467434187,1.4488642602330382,72.0,530.0,150,25.0,0.7652163243835188,67.55306644624753,True,
sano,138,3792,3,133.41332641381535,33.35333160345384,50,74.11851467434187,1.4488642602330382,72.0,530.0,150,25.0,0.7652163243835188,67.55306644624753,True,
sano,138,4673,0,76.00683467244244,25.335611557480814,50,56.301359016624026,1.1005755746745203,72.0,530.0,100,25.0,0.8204583914933378,67.0768013716973,True,
sano,138,4673,1,76.00683467244244,25.335611557480814,50,56.301359016624026,1.1005755746745203,72.0,530.0,100,25.0,0.8204583914933378,67.0768013716973,True,
sano,138,4673,2,76.00683467244244,25.335611557480814,50,56.301359016624026,1.1005755746745203,72.0,530.0,100,25.0,0.8204583914933378,67.0768013716973,True,
sano,138,6240,0,48.65702849099442,24.32851424549721,50,54.0633649899938,1.0568274022503088,72.0,530.0,100,25.0,0.7875822117851986,64.38913795030882,True,
sano,138,6240,1,48.65702849099442,24.32851424549721,50,54.0633649899938,1.0568274022503088,72.0,530.0,100,25.0,0.7875822117851986,64.38913795030882,True,
sano,138,6246,0,148.27126437690382,29.654252875380763,50,65.89833972306836,1.2881767754380145,72.0,530.0,150,25.0,0.6797621123759053,60.00936320994656,True,
sano,138,6246,1,148.27126437690382,29.654252875380763,50,65.89833972306836,1.2881767754380145,72.0,530.0,150,25.0,0.6797621123759053,60.00936320994656,True,
sano,138,6246,2,148.27126437690382,29.654252875380763,50,65.89833972306836,1.2881767754380145,72.0,530.0,150,25.0,0.6797621123759053,60.00936320994656,True,
sano,138,6246,3,148.27126437690382,29.654252875380763,50,65.89833972306836,1.2881767754380145,72.0,530.0,150,25.0,0.6797621123759053,60.00936320994656,True,
sano,138,6246,4,148.27126437690382,29.654252875380763,50,65.89833972306836,1.2881767754380145,72.0,530.0,150,25.0,0.6797621123759053,60.00936320994656,True,
sano,139,5046,0,47.35583676589377,23.677918382946885,50,52.61759640654863,1.0285656050687928,72.0,530.0,100,25.0,0.7663555866703372,62.65383219504851,True,
sano,139,5046,1,47.35583676589377,23.677918382946885,50,52.61759640654863,1.0285656050687928,72.0,530.0,100,25.0,0.7663555866703372,62.65383219504851,True,
sano,139,5048,0,38.99563739713945,19.497818698569723,30,72.21414332803602,1.4750339901907161,52.0,357.0,60,25.0,0.9928421363012435,71.24605407571296,True,
sano,139,5048,1,38.99563739713945,19.497818698569723,30,72.21414332803602,1.4750339901907161,52.0,357.0,60,25.0,0.9928421363012435,71.24605407571296,True,
sano,139,5054,0,80.09224627209791,26.697415424032638,50,59.327589831183644,1.1597321523487514,72.0,530.0,100,25.0,0.8649489916080895,70.71393806185044,True,
sano,139,5054,1,80.09224627209791,26.697415424032638,50,59.327589831183644,1.1597321523487514,72.0,530.0,100,25.0,0.8649489916080895,70.71393806185044,True,
sano,139,5054,2,80.09224627209791,26.697415424032638,50,59.327589831183644,1.1597321523487514,72.0,530.0,100,25.0,0.8649489916080895,70.71393806185044,True,
sano,139,6149,0,56.78561388550183,28.392806942750916,50,63.095126539446476,1.2333797329796097,72.0,530.0,100,25.0,0.9203947318728399,75.24663556488993,True,
sano,139,6149,1,56.78561388550183,28.392806942750916,50,63.095126539446476,1.2333797329796097,72.0,530.0,100,25.0,0.9203947318728399,75.24663556488993,True,
sano,140,1576,0,343.4672289628703,34.346722896287034,50,76.32605088063785,1.4920170450200207,72.0,530.0,150,25.0,0.7881904955640028,69.58116674899333,True,
sano,140,1576,1,343.4672289628703,34.346722896287034,50,76.32605088063785,1.4920170450200207,72.0,530.0,150,25.0,0.7881904955640028,69.58116674899333,True,
sano,140,1576,2,343.4672289628703,34.346722896287034,50,76.32605088063785,1.4920170450200207,72.0,530.0,150,25.0,0.7881904955640028,69.58116674899333,True,
sano,140,1576,3,343.4672289628703,34.346722896287034,50,76.32605088063785,1.4920170450200207,72.0,530.0,150,25.0,0.7881904955640028,69.58116674899333,True,
sano,140,1576,4,343.4672289628703,34.346722896287034,50,76.32605088063785,1.4920170450200207,72.0,530.0,150,25.0,0.7881904955640028,69.58116674899333,True,
sano,140,1576,5,343.4672289628703,34.346722896287034,50,76.32605088063785,1.4920170450200207,72.0,530.0,150,25.0,0.7881904955640028,69.58116674899333,True,
sano,140,1576,6,343.4672289628703,34.346722896287034,50,76.32605088063785,1.4920170450200207,72.0,530.0,150,25.0,0.7881904955640028,69.58116674899333,True,
sano,140,1576,7,343.4672289628703,34.346722896287034,50,76.32605088063785,1.4920170450200207,72.0,530.0,150,25.0,0.7881904955640028,69.58116674899333,True,
sano,140,1576,8,343.4672289628703,34.346722896287034,50,76.32605088063785,1.4920170450200207,72.0,530.0,150,25.0,0.7881904955640028,69.58116674899333,True,
sano,140,1576,9,343.4672289628703,34.346722896287034,50,76.32605088063785,1.4920170450200207,72.0,530.0,150,25.0,0.7881904955640028,69.58116674899333,True,
sano,140,1577,0,72.36798662761721,24.12266220920574,50,53.6059160204572,1.0478852173488151,72.0,530.0,100,25.0,0.780864996927692,63.83999692678213,True,
sano,140,1577,1,72.36798662761721,24.12266220920574,50,53.6059160204572,1.0478852173488151,72.0,530.0,100,25.0,0.780864996927692,63.83999692678213,True,
sano,140,1577,2,72.36798662761721,24.12266220920574,50,53.6059160204572,1.0478852173488151,72.0,530.0,100,25.0,0.780864996927692,63.83999692678213,True,
sano,140,1602,0,116.28345758983986,29.070864397459964,50,64.60192088324436,1.2628344580485376,72.0,530.0,150,25.0,0.6662985288838557,58.820824861262174,True,
sano,140,1602,1,116.28345758983986,29.070864397459964,50,64.60192088324436,1.2628344580485376,72.0,530.0,150,25.0,0.6662985288838557,58.820824861262174,True,
sano,140,1602,2,116.28345758983986,29.070864397459964,50,64.60192088324436,1.2628344580485376,72.0,530.0,150,25.0,0.6662985288838557,58.820824861262174,True,
sano,140,1602,3,116.28345758983986,29.070864397459964,50,64.60192088324436,1.2628344580485376,72.0,530.0,150,25.0,0.6662985288838557,58.820824861262174,True,
sano,140,5183,0,21.17439069338805,21.17439069338805,30,78.42366923477057,1.6018687257881037,52.0,357.0,100,25.0,0.6847601624543218,55.98324973524463,True,
sano,140,5187,0,44.311921597846,22.155960798923,50,49.235468442051115,0.9624519713454837,72.0,530.0,100,25.0,0.7167354693191355,58.59730082462531,True,
sano,140,5187,1,44.311921597846,22.155960798923,50,49.235468442051115,0.9624519713454837,72.0,530.0,100,25.0,0.7167354693191355,58.59730082462531,True,
sano,140,5190,0,52.18781572714825,26.093907863574124,50,57.98646191905361,1.1335158647069428,72.0,530.0,100,25.0,0.845227192215207,69.10167019033827,True,
sano,140,5190,1,52.18781572714825,26.093907863574124,50,57.98646191905361,1.1335158647069428,72.0,530.0,100,25.0,0.845227192215207,69.10167019033827,True,
sano,141,1741,0,30.78894316986234,30.78894316986234,50,68.41987371080519,1.3374675699425556,72.0,530.0,150,25.0,0.7059593412270173,62.32199941141066,True,
sano,141,5500,0,70.71475367461676,23.571584558205586,50,52.38129901823463,1.0239464779556984,72.0,530.0,100,25.0,0.762887168382728,62.37028378278993,True,
sano,141,5500,1,70.71475367461676,23.571584558205586,50,52.38129901823463,1.0239464779556984,72.0,530.0,100,25.0,0.762887168382728,62.37028378278993,True,
sano,141,5500,2,70.71475367461676,23.571584558205586,50,52.38129901823463,1.0239464779556984,72.0,530.0,100,25.0,0.762887168382728,62.37028378278993,True,
sano,141,5501,0,5.804471286761859,5.804471286761859,10,64.4941254084651,1.0438479794555675,27.0,122.0,60,25.0,0.2934053369997563,21.061098652248635,True,
sano,142,1442,0,24.974036815001533,24.974036815001533,50,55.4978595888923,1.0848688162610087,72.0,530.0,100,25.0,0.8086524236183631,66.11165198431284,True,
sano,142,5219,0,19.48935514414581,19.48935514414581,30,72.18279683016968,1.4743937118782497,52.0,357.0,60,25.0,0.9924066151371103,71.21481467228959,True,
sano,142,5223,0,19.87727282649595,19.87727282649595,30,73.61952898702204,1.5037401621508864,52.0,357.0,60,25.0,1.0123723931382804,72.64692357099865,True,
sano,142,5224,0,60.99742015663995,30.498710078319974,50,67.7749112851555,1.3248598832960699,72.0,530.0,150,25.0,0.6992572384552751,61.73035226936129,True,
sano,142,5224,1,60.99742015663995,30.498710078319974,50,67.7749112851555,1.3248598832960699,72.0,530.0,150,25.0,0.6992572384552751,61.73035226936129,True,
sano,142,6027,0,86.51953497698511,28.83984499232837,50,64.08854442739637,1.2527990060134913,72.0,530.0,100,25.0,0.9350250782553428,76.442663134424,True,
sano,142,6027,1,86.51953497698511,28.83984499232837,50,64.08854442739637,1.2527990060134913,72.0,530.0,100,25.0,0.9350250782553428,76.442663134424,True,
sano,142,6027,2,86.51953497698511,28.83984499232837,50,64.08854442739637,1.2527990060134913,72.0,530.0,100,25.0,0.9350250782553428,76.442663134424,True,
sano,142,6028,0,103.20970027217834,34.403233424059444,50,76.45162983124321,1.4944718547820497,72.0,530.0,150,25.0,0.7894977386131142,69.69656668629356,True,
sano,142,6028,1,103.20970027217834,34.403233424059444,50,76.45162983124321,1.4944718547820497,72.0,530.0,150,25.0,0.7894977386131142,69.69656668629356,True,
sano,142,6028,2,103.20970027217834,34.403233424059444,50,76.45162983124321,1.4944718547820497,72.0,530.0,150,25.0,0.7894977386131142,69.69656668629356,True,
sano,143,1526,0,155.38010554324464,31.076021108648927,50,69.0578246858865,1.3499381971756739,72.0,530.0,150,25.0,0.7125894842091152,62.90729384277061,True,
sano,143,1526,1,155.38010554324464,31.076021108648927,50,69.0578246858865,1.3499381971756739,72.0,530.0,150,25.0,0.7125894842091152,62.90729384277061,True,
sano,143,1526,2,155.38010554324464,31.076021108648927,50,69.0578246858865,1.3499381971756739,72.0,530.0,150,25.0,0.7125894842091152,62.90729384277061,True,
sano,143,1526,3,155.38010554324464,31.076021108648927,50,69.0578246858865,1.3499381971756739,72.0,530.0,150,25.0,0.7125894842091152,62.90729384277061,True,
sano,143,1526,4,155.38010554324464,31.076021108648927,50,69.0578246858865,1.3499381971756739,72.0,530.0,150,25.0,0.7125894842091152,62.90729384277061,True,
sano,143,1537,0,93.3459917235384,31.1153305745128,50,69.14517905447289,1.3516457951109015,72.0,530.0,150,25.0,0.7134974166510097,62.98744410081119,True,
sano,143,1537,1,93.3459917235384,31.1153305745128,50,69.14517905447289,1.3516457951109015,72.0,530.0,150,25.0,0.7134974166510097,62.98744410081119,True,
sano,143,1537,2,93.3459917235384,31.1153305745128,50,69.14517905447289,1.3516457951109015,72.0,530.0,150,25.0,0.7134974166510097,62.98744410081119,True,
sano,143,1544,0,114.2514006038765,28.562850150969126,50,63.473000335486944,1.2407663871829102,72.0,530.0,100,25.0,0.9259592689553555,75.7015355029601,True,
sano,143,1544,1,114.2514006038765,28.562850150969126,50,63.473000335486944,1.2407663871829102,72.0,530.0,100,25.0,0.9259592689553555,75.7015355029601,True,
sano,143,1544,2,114.2514006038765,28.562850150969126,50,63.473000335486944,1.2407663871829102,72.0,530.0,100,25.0,0.9259592689553555,75.7015355029601,True,
sano,143,1544,3,114.2514006038765,28.562850150969126,50,63.473000335486944,1.2407663871829102,72.0,530.0,100,25.0,0.9259592689553555,75.7015355029601,True,
sano,143,1550,0,113.48156936168434,28.370392340421084,50,63.04531631204685,1.232406045654783,72.0,530.0,100,25.0,0.9196612780991131,75.18667582211708,True,
sano,143,1550,1,113.48156936168434,28.370392340421084,50,63.04531631204685,1.232406045654783,72.0,530.0,100,25.0,0.9196612780991131,75.18667582211708,True,
sano,143,1550,2,113.48156936168434,28.370392340421084,50,63.04531631204685,1.232406045654783,72.0,530.0,100,25.0,0.9196612780991131,75.18667582211708,True,
sano,143,1550,3,113.48156936168434,28.370392340421084,50,63.04531631204685,1.232406045654783,72.0,530.0,100,25.0,0.9196612780991131,75.18667582211708,True,
sano,144,1671,0,52.38670007321994,26.19335003660997,50,58.207444525799936,1.1378356193924575,72.0,530.0,100,25.0,0.8484762780750408,69.36728501709291,True,
sano,144,1671,1,52.38670007321994,26.19335003660997,50,58.207444525799936,1.1378356193924575,72.0,530.0,100,25.0,0.8484762780750408,69.36728501709291,True,
sano,144,1680,0,94.143215337362,31.381071779120663,50,69.73571506471258,1.3631895574673951,72.0,530.0,150,25.0,0.7196356929927648,63.529317368337715,True,
sano,144,1680,1,94.143215337362,31.381071779120663,50,69.73571506471258,1.3631895574673951,72.0,530.0,150,25.0,0.7196356929927648,63.529317368337715,True,
sano,144,1680,2,94.143215337362,31.381071779120663,50,69.73571506471258,1.3631895574673951,72.0,530.0,150,25.0,0.7196356929927648,63.529317368337715,True,
sano,144,1686,0,48.66958597780915,24.334792988904574,50,54.07731775312128,1.0571001500234627,72.0,530.0,100,25.0,0.7877871097025626,64.40588861319213,True,
sano,144,1686,1,48.66958597780915,24.334792988904574,50,54.07731775312128,1.0571001500234627,72.0,530.0,100,25.0,0.7877871097025626,64.40588861319213,True,
sano,144,1689,0,36.05256500188613,18.026282500943065,30,66.76400926275208,1.363710465090211,52.0,357.0,60,25.0,0.9171797245282879,65.81870494318024,True,
sano,144,1689,1,36.05256500188613,18.026282500943065,30,66.76400926275208,1.363710465090211,52.0,357.0,60,25.0,0.9171797245282879,65.81870494318024,True,
sano,144,4676,0,63.870306083843744,31.935153041921872,50,70.96700675982638,1.3872587733550918,72.0,530.0,150,25.0,0.732436717411179,64.6593623896864,True,
sano,144,4676,1,63.870306083843744,31.935153041921872,50,70.96700675982638,1.3872587733550918,72.0,530.0,150,25.0,0.732436717411179,64.6593623896864,True,
sano,144,6239,0,78.06883825377747,26.02294608459249,50,57.82876907687219,1.1304332945268052,72.0,530.0,100,25.0,0.8429087817660545,68.91213859951246,True,
sano,144,6239,1,78.06883825377747,26.02294608459249,50,57.82876907687219,1.1304332945268052,72.0,530.0,100,25.0,0.8429087817660545,68.91213859951246,True,
sano,144,6239,2,78.06883825377747,26.02294608459249,50,57.82876907687219,1.1304332945268052,72.0,530.0,100,25.0,0.8429087817660545,68.91213859951246,True,
sano,145,1473,0,110.09537592465242,27.523843981163104,50,61.164097735918006,1.195632098246159,72.0,530.0,100,25.0,0.8919684737671083,72.92278880381107,True,
sano,145,1473,1,110.09537592465242,27.523843981163104,50,61.164097735918006,1.195632098246159,72.0,530.0,100,25.0,0.8919684737671083,72.92278880381107,True,
sano,145,1473,2,110.09537592465242,27.523843981163104,50,61.164097735918006,1.195632098246159,72.0,530.0,100,25.0,0.8919684737671083,72.92278880381107,True,
sano,145,1473,3,110.09537592465242,27.523843981163104,50,61.164097735918006,1.195632098246159,72.0,530.0,100,25.0,0.8919684737671083,72.92278880381107,True,
sano,145,1483,0,66.44711969329569,33.223559846647845,50,73.83013299255076,1.4432269924884151,72.0,530.0,150,25.0,0.7622158857543446,67.2881952730709,True,
sano,145,1483,1,66.44711969329569,33.223559846647845,50,73.83013299255076,1.4432269924884151,72.0,530.0,150,25.0,0.7622158857543446,67.2881952730709,True,
sano,145,1523,0,45.21828779465216,22.60914389732608,50,50.24254199405796,0.9821381844777843,72.0,530.0,100,25.0,0.7315052606768783,59.80475982652511,True,
sano,145,1523,1,45.21828779465216,22.60914389732608,50,50.24254199405796,0.9821381844777843,72.0,530.0,100,25.0,0.7315052606768783,59.80475982652511,True,
sano,145,6036,0,71.42866350575139,23.80955450191713,50,52.910121115371396,1.0342838604562705,72.0,530.0,100,25.0,0.7706496609846373,63.00487905283315,True,
sano,145,6036,1,71.42866350575139,23.80955450191713,50,52.910121115371396,1.0342838604562705,72.0,530.0,100,25.0,0.7706496609846373,63.00487905283315,True,
sano,145,6036,2,71.42866350575139,23.80955450191713,50,52.910121115371396,1.0342838604562705,72.0,530.0,100,25.0,0.7706496609846373,63.00487905283315,True,
sano,145,6037,0,141.18759011101588,28.237518022203176,50,62.7500400493404,1.2266340030577303,72.0,530.0,100,25.0,0.9153135724246821,74.83125137837183,True,
sano,145,6037,1,141.18759011101588,28.237518022203176,50,62.7500400493404,1.2266340030577303,72.0,530.0,100,25.0,0.9153135724246821,74.83125137837183,True,
sano,145,6037,2,141.18759011101588,28.237518022203176,50,62.7500400493404,1.2266340030577303,72.0,530.0,100,25.0,0.9153135724246821,74.83125137837183,True,
sano,145,6037,3,141.18759011101588,28.237518022203176,50,62.7500400493404,1.2266340030577303,72.0,530.0,100,25.0,0.9153135724246821,74.83125137837183,True,
sano,145,6037,4,141.18759011101588,28.237518022203176,50,62.7500400493404,1.2266340030577303,72.0,530.0,100,25.0,0.9153135724246821,74.83125137837183,True,
sano,145,6038,0,150.90608824663505,30.18121764932701,50,67.06937255406002,1.3110680546796194,72.0,530.0,150,25.0,0.6919267059775452,61.083228413598306,True,
sano,145,6038,1,150.90608824663505,30.18121764932701,50,67.06937255406002,1.3110680546796194,72.0,530.0,150,25.0,0.6919267059775452,61.083228413598306,True,
sano,145,6038,2,150.90608824663505,30.18121764932701,50,67.06937255406002,1.3110680546796194,72.0,530.0,150,25.0,0.6919267059775452,61.083228413598306,True,
sano,145,6038,3,150.90608824663505,30.18121764932701,50,67.06937255406002,1.3110680546796194,72.0,530.0,150,25.0,0.6919267059775452,61.083228413598306,True,
sano,145,6038,4,150.90608824663505,30.18121764932701,50,67.06937255406002,1.3110680546796194,72.0,530.0,150,25.0,0.6919267059775452,61.083228413598306,True,
sano,145,6039,0,45.27797628164303,22.638988140821514,50,50.308862535158916,0.9834346144203255,72.0,530.0,100,25.0,0.732478077454527,59.884289397908226,True,
sano,145,6039,1,45.27797628164303,22.638988140821514,50,50.308862535158916,0.9834346144203255,72.0,530.0,100,25.0,0.732478077454527,59.884289397908226,True,
sano,146,1733,0,57.96025126026448,28.98012563013224,50,64.40027917807164,1.2588927781419605,72.0,530.0,150,25.0,0.6642047684269956,58.635991761781085,True,
sano,146,1733,1,57.96025126026448,28.98012563013224,50,64.40027917807164,1.2588927781419605,72.0,530.0,150,25.0,0.6642047684269956,58.635991761781085,True,
sano,146,4808,0,13.11640206098634,13.11640206098634,20,72.868900338813,1.2428085490366179,41.0,231.0,60,25.0,0.6656018592187116,47.77018849263955,True,
sano,146,4810,0,50.03474938952655,25.017374694763276,50,55.59416598836283,1.0867514079567229,72.0,530.0,100,25.0,0.8100673212122648,66.22732132031989,True,
sano,146,4810,1,50.03474938952655,25.017374694763276,50,55.59416598836283,1.0867514079567229,72.0,530.0,100,25.0,0.8100673212122648,66.22732132031989,True,
sano,146,4811,0,17.494206539055842,17.494206539055842,30,64.79335755205868,1.3234582634834413,52.0,357.0,60,25.0,0.8898517225190025,63.858349639928036,True,
sano,146,4813,0,45.66009054129237,22.830045270646185,50,50.733433934769295,0.9917341105653223,72.0,530.0,100,25.0,0.7387063221705419,60.39345968856503,True,
sano,146,4813,1,45.66009054129237,22.830045270646185,50,50.733433934769295,0.9917341105653223,72.0,530.0,100,25.0,0.7387063221705419,60.39345968856503,True,
sano,146,4814,0,18.185683991017093,18.185683991017093,30,67.35438515191517,1.3757693840688496,52.0,357.0,60,25.0,0.9253698466657008,66.40620866189093,True,
kudamatsu,0,1124,0,21.204888494156524,21.204888494156524,30,78.53662405243158,1.7739042222968606,45.0,361.0,100,25.0,0.7075798095593877,56.07677632013723,True,
kudamatsu,0,2155,0,36.51340036917627,18.256700184588134,30,67.61740809106715,1.5272722396806444,45.0,361.0,60,25.0,0.9490904001848408,66.68154078769479,True,
kudamatsu,0,2155,1,36.51340036917627,18.256700184588134,30,67.61740809106715,1.5272722396806444,45.0,361.0,60,25.0,0.9490904001848408,66.68154078769479,True,
kudamatsu,0,278,0,41.05253356567327,20.526266782836636,30,76.02321030680235,1.717133826197659,45.0,361.0,100,25.0,0.684777786056746,54.26968409453445,True,
kudamatsu,0,278,1,41.05253356567327,20.526266782836636,30,76.02321030680235,1.717133826197659,45.0,361.0,100,25.0,0.684777786056746,54.26968409453445,True,
kudamatsu,1,1369,0,21.53627102622622,21.53627102622622,30,79.76396676380082,1.8016261729685583,45.0,361.0,100,25.0,0.7187182604160182,56.95951404699318,True,
kudamatsu,1,1451,0,34.57190489971783,34.57190489971783,50,76.82645533270629,1.6646901598761026,63.0,540.0,150,25.0,0.8275290818620614,70.06509296465778,True,
kudamatsu,1,1545,0,32.35753180751762,32.35753180751762,50,71.90562623892804,1.5580647046814078,63.0,540.0,150,25.0,0.7740998633247202,65.54203211014631,True,
kudamatsu,1,1567,0,83.55579054188645,27.851930180628816,50,61.893178179175145,1.3411130870496943,63.0,540.0,100,25.0,0.9314839916455802,73.82148568270533,True,
kudamatsu,1,1567,1,83.55579054188645,27.851930180628816,50,61.893178179175145,1.3411130870496943,63.0,540.0,100,25.0,0.9314839916455802,73.82148568270533,True,
kudamatsu,1,1567,2,83.55579054188645,27.851930180628816,50,61.893178179175145,1.3411130870496943,63.0,540.0,100,25.0,0.9314839916455802,73.82148568270533,True,
kudamatsu,1,1631,0,38.60274823711651,19.301374118558254,30,71.48657080947501,1.6146648945820719,45.0,361.0,60,25.0,1.0039690020638843,70.53622221677728,True,
kudamatsu,1,1631,1,38.60274823711651,19.301374118558254,30,71.48657080947501,1.6146648945820719,45.0,361.0,60,25.0,1.0039690020638843,70.53622221677728,True,
kudamatsu,1,1651,0,47.85110969946402,23.92555484973201,50,53.16789966607112,1.152052102522413,63.0,540.0,100,25.0,0.7991016705834465,63.33000981155962,True,
kudamatsu,1,1651,1,47.85110969946402,23.92555484973201,50,53.16789966607112,1.152052102522413,63.0,540.0,100,25.0,0.7991016705834465,63.33000981155962,True,
kudamatsu,1,1699,0,9.98326409017082,9.98326409017082,20,55.46257827872678,1.037897785943831,38.0,231.0,60,25.0,0.5166753908477111,36.30483265013695,True,
kudamatsu,1,2025,0,14.549632244818238,14.549632244818238,30,53.887526832660136,1.217155849655236,45.0,361.0,60,25.0,0.7548573690633156,53.03770878324474,True,
kudamatsu,1,2032,0,4.349466950102095,4.349466950102095,10,48.32741055668994,0.8400406631320534,24.0,122.0,60,25.0,0.22442665995820713,15.770813485524524,True,
kudamatsu,2,1345,0,13.625150322863773,13.625150322863773,20,75.6952795714654,1.4165220137946097,38.0,231.0,60,25.0,0.7065410725922339,49.64353522267496,True,
kudamatsu,2,1605,0,35.57976121172253,17.789880605861264,30,65.88844668837505,1.4882202436287606,45.0,361.0,60,25.0,0.9245878630702145,64.96044371312502,True,
kudamatsu,2,1605,1,35.57976121172253,17.789880605861264,30,65.88844668837505,1.4882202436287606,45.0,361.0,60,25.0,0.9245878630702145,64.96044371312502,True,
kudamatsu,2,1689,0,50.11943250179112,25.05971625089556,50,55.68825833532346,1.2066637106968778,63.0,540.0,100,25.0,0.8373046232109361,66.35764551200002,True,
kudamatsu,2,1689,1,50.11943250179112,25.05971625089556,50,55.68825833532346,1.2066637106968778,63.0,540.0,100,25.0,0.8373046232109361,66.35764551200002,True,
kudamatsu,2,1750,0,6.888175817224414,6.888175817224414,10,76.53528685804903,1.3303579145797504,24.0,122.0,60,25.0,0.3559017267285808,25.008917371878937,True,
kudamatsu,2,1751,0,41.16153213976813,20.580766069884064,30,76.22505951808913,1.7216929878943705,45.0,361.0,100,25.0,0.6866085994727336,54.41477862300962,True,
kudamatsu,2,1751,1,41.16153213976813,20.580766069884064,30,76.22505951808913,1.7216929878943705,45.0,361.0,100,25.0,0.6866085994727336,54.41477862300962,True,
kudamatsu,2,1798,0,56.7392171351872,28.3696085675936,50,63.04357459465243,1.3660400940879394,63.0,540.0,100,25.0,0.9489647864147005,75.20686156011703,True,
kudamatsu,2,1798,1,56.7392171351872,28.3696085675936,50,63.04357459465243,1.3660400940879394,63.0,540.0,100,25.0,0.9489647864147005,75.20686156011703,True,
kudamatsu,2,2423,0,7.32593340306305,7.32593340306305,20,40.69963001701694,0.7616316657892791,38.0,231.0,60,25.0,0.3786085080191778,26.604346935585472,True,
kudamatsu,2,2424,0,38.960141653499086,19.480070826749543,30,72.14841046944275,1.629613845870282,45.0,361.0,60,25.0,1.0133625736571346,71.1960172385134,True,
kudamatsu,2,2424,1,38.960141653499086,19.480070826749543,30,72.14841046944275,1.629613845870282,45.0,361.0,60,25.0,1.0133625736571346,71.1960172385134,True,
kudamatsu,2,2425,0,22.53308789425222,22.53308789425222,50,50.07352865389382,1.0850026863718218,63.0,540.0,100,25.0,0.7522385224297745,59.616041177202,True,
kudamatsu,2,2426,0,7.543594073455969,7.543594073455969,20,41.90885596364427,0.7842604899741751,38.0,231.0,60,25.0,0.3899026817531205,27.39789400568015,True,
kudamatsu,2,2427,0,69.60843586741025,34.804217933705125,50,77.34270651934472,1.675876388196798,63.0,540.0,150,25.0,0.8331378457325622,70.53989857607313,True,
kudamatsu,2,2427,1,69.60843586741025,34.804217933705125,50,77.34270651934472,1.675876388196798,63.0,540.0,150,25.0,0.8331378457325622,70.53989857607313,True,
kudamatsu,2,2428,0,14.157130234026756,14.157130234026756,20,78.65072352237087,1.471828651681338,38.0,231.0,60,25.0,0.7343380600800655,51.596257308820235,True,
kudamatsu,2,696,0,8.211343677201706,8.211343677201706,20,45.61857598445392,0.8536822571469908,38.0,231.0,60,25.0,0.424567944527975,29.833502892258313,True,
kudamatsu,3,1141,0,104.54662169457433,34.84887389819144,50,77.44194199598098,1.6780266412671967,63.0,540.0,150,25.0,0.8342160552007407,70.6311734559913,True,
kudamatsu,3,1141,1,104.54662169457433,34.84887389819144,50,77.44194199598098,1.6780266412671967,63.0,540.0,150,25.0,0.8342160552007407,70.6311734559913,True,
kudamatsu,3,1141,2,104.54662169457433,34.84887389819144,50,77.44194199598098,1.6780266412671967,63.0,540.0,150,25.0,0.8342160552007407,70.6311734559913,True,
kudamatsu,3,1161,0,6.0563725472728285,6.0563725472728285,10,67.29302830303143,1.169706373022655,24.0,122.0,60,25.0,0.3127848567670878,21.979377293449843,True,
kudamatsu,3,1289,0,101.75543844556256,33.918479481854185,50,75.37439884856485,1.633226725434588,63.0,540.0,150,25.0,0.8117568404845444,68.72990046653423,True,
kudamatsu,3,1289,1,101.75543844556256,33.918479481854185,50,75.37439884856485,1.633226725434588,63.0,540.0,150,25.0,0.8117568404845444,68.72990046653423,True,
kudamatsu,3,1289,2,101.75543844556256,33.918479481854185,50,75.37439884856485,1.633226725434588,63.0,540.0,150,25.0,0.8117568404845444,68.72990046653423,True,
kudamatsu,3,2062,0,6.700807098765462,6.700807098765462,10,74.45341220850513,1.2941701830001906,24.0,122.0,60,25.0,0.3461860398753169,24.32626560263236,True,
kudamatsu,3,2063,0,3.874813035832134,3.874813035832134,10,43.053478175912595,0.74836768493131,24.0,122.0,60,25.0,0.19988471405183428,14.046302190820322,True,
kudamatsu,3,823,0,30.16555910478811,30.16555910478811,50,67.03457578841802,1.452517862540794,63.0,540.0,150,25.0,0.721269256498937,61.069555555860795,True,
kudamatsu,3,970,0,33.81922436156747,33.81922436156747,50,75.15383191459438,1.6284474394062978,63.0,540.0,150,25.0,0.8093614926135912,68.52712258701924,True,
kudamatsu,3,985,0,31.8805195706272,31.8805195706272,50,70.84559904583823,1.535095835040139,63.0,540.0,150,25.0,0.762598067171298,64.56833318473613,True,
kudamatsu,4,1456,0,29.69038076491055,29.69038076491055,50,65.97862392202344,1.4296372978488874,63.0,540.0,150,25.0,0.7098241863781818,60.10063917835473,True,
kudamatsu,4,2391,0,80.1643845790877,26.721461526362564,50,59.38102561413903,1.2866792902929303,63.0,540.0,100,25.0,0.8933323314472762,70.79791626921582,True,
kudamatsu,4,2391,1,80.1643845790877,26.721461526362564,50,59.38102561413903,1.2866792902929303,63.0,540.0,100,25.0,0.8933323314472762,70.79791626921582,True,
kudamatsu,4,2391,2,80.1643845790877,26.721461526362564,50,59.38102561413903,1.2866792902929303,63.0,540.0,100,25.0,0.8933323314472762,70.79791626921582,True,
kudamatsu,5,1344,0,10.45705400451102,10.45705400451102,20,58.09474446950567,1.0871547723016661,38.0,231.0,60,25.0,0.5413336076699828,38.037229272432974,True,
kudamatsu,5,1346,0,12.855805460055494,12.855805460055494,20,71.42114144475275,1.3365380203307737,38.0,231.0,60,25.0,0.6663697090712482,46.82147098206021,True,
kudamatsu,5,1492,0,24.673833596433543,24.673833596433543,50,54.83074132540787,1.1880828699936214,63.0,540.0,100,25.0,0.8243032677146781,65.32727055155924,True,
kudamatsu,5,1598,0,21.17377019810229,21.17377019810229,30,78.42137110408254,1.7713010076288607,45.0,361.0,100,25.0,0.706533988701007,55.99389355980567,True,
kudamatsu,5,1646,0,24.215740840706843,24.215740840706843,50,53.81275742379298,1.166025002341238,63.0,540.0,100,25.0,0.8088734346043902,64.10443538553227,True,
kudamatsu,5,1718,0,8.006216956947814,8.006216956947814,20,44.478983094154515,0.8323565096893983,38.0,231.0,60,25.0,0.41391644011178014,29.085124393458003,True,
kudamatsu,5,1837,0,19.14040667063464,19.14040667063464,30,70.89039507642458,1.6011990923165829,45.0,361.0,60,25.0,0.9955089867532744,69.94199652566002,True,
kudamatsu,5,2415,0,20.314592426290695,20.314592426290695,30,75.23923120848404,1.69942611531145,45.0,361.0,100,25.0,0.6776675808296502,53.70619035630671,True,
kudamatsu,6,1119,0,179.35915732765682,29.893192887942803,50,66.42931752876179,1.4394030121332086,63.0,540.0,150,25.0,0.714708755759153,60.51415741723725,True,
kudamatsu,6,1119,1,179.35915732765682,29.893192887942803,50,66.42931752876179,1.4394030121332086,63.0,540.0,150,25.0,0.714708755759153,60.51415741723725,True,
kudamatsu,6,1119,2,179.35915732765682,29.893192887942803,50,66.42931752876179,1.4394030121332086,63.0,540.0,150,25.0,0.714708755759153,60.51415741723725,True,
kudamatsu,6,1119,3,179.35915732765682,29.893192887942803,50,66.42931752876179,1.4394030121332086,63.0,540.0,150,25.0,0.714708755759153,60.51415741723725,True,
kudamatsu,6,1119,4,179.35915732765682,29.893192887942803,50,66.42931752876179,1.4394030121332086,63.0,540.0,150,25.0,0.714708755759153,60.51415741723725,True,
kudamatsu,6,1119,5,179.35915732765682,29.893192887942803,50,66.42931752876179,1.4394030121332086,63.0,540.0,150,25.0,0.714708755759153,60.51415741723725,True,
kudamatsu,6,1122,0,20.150992561136725,20.150992561136725,30,74.63330578198787,1.6857400970310996,45.0,361.0,100,25.0,0.6721729145301056,53.27073033182712,True,
kudamatsu,6,1155,0,38.88450347381109,19.442251736905543,30,72.00833976631682,1.6264500733667777,45.0,361.0,60,25.0,1.01137437893668,71.05636870633595,True,
kudamatsu,6,1155,1,38.88450347381109,19.442251736905543,30,72.00833976631682,1.6264500733667777,45.0,361.0,60,25.0,1.01137437893668,71.05636870633595,True,
kudamatsu,6,2877,0,143.98200825740292,28.796401651480586,50,63.99200366995686,1.3865908346129614,63.0,540.0,100,25.0,0.9633812835777922,76.34938775682105,True,
kudamatsu,6,2877,1,143.98200825740292,28.796401651480586,50,63.99200366995686,1.3865908346129614,63.0,540.0,100,25.0,0.9633812835777922,76.34938775682105,True,
kudamatsu,6,2877,2,143.98200825740292,28.796401651480586,50,63.99200366995686,1.3865908346129614,63.0,540.0,100,25.0,0.9633812835777922,76.34938775682105,True,
kudamatsu,6,2877,3,143.98200825740292,28.796401651480586,50,63.99200366995686,1.3865908346129614,63.0,540.0,100,25.0,0.9633812835777922,76.34938775682105,True,
kudamatsu,6,2877,4,143.98200825740292,28.796401651480586,50,63.99200366995686,1.3865908346129614,63.0,540.0,100,25.0,0.9633812835777922,76.34938775682105,True,
kudamatsu,6,955,0,43.32444256111239,21.662221280556196,50,48.138269512347094,1.0430691253895854,63.0,540.0,100,25.0,0.7229523688741053,57.29507302130758,True,
kudamatsu,6,955,1,43.32444256111239,21.662221280556196,50,48.138269512347094,1.0430691253895854,63.0,540.0,100,25.0,0.7229523688741053,57.29507302130758,True,
kudamatsu,7,1028,0,5.651355605437491,5.651355605437491,10,62.792840060416566,1.091482833379231,24.0,122.0,60,25.0,0.291804521486735,20.50520200451548,True,
kudamatsu,7,1092,0,7.648408362137547,7.648408362137547,20,42.49115756743082,0.7951573787247187,38.0,231.0,60,25.0,0.3953423212298698,27.780090290192486,True,
kudamatsu,7,1207,0,4.788646661317823,4.788646661317823,10,53.20718512575358,0.924862279223456,24.0,122.0,60,25.0,0.24714547641871204,17.367197664164838,True,
kudamatsu,7,2120,0,6.1243197418856425,6.1243197418856425,10,68.04799713206269,1.1828294538680377,24.0,122.0,60,25.0,0.31630548842695727,22.226751565928488,True,
kudamatsu,7,860,0,15.261838914573357,15.261838914573357,30,56.52532931323465,1.2767358101428727,45.0,361.0,60,25.0,0.79211267239343,55.654800432593795,True,
kudamatsu,8,1163,0,40.24472028004531,20.122360140022653,30,74.52725977786169,1.6833448393185761,45.0,361.0,100,25.0,0.6712113287655289,53.194523307795514,True,
kudamatsu,8,1163,1,40.24472028004531,20.122360140022653,30,74.52725977786169,1.6833448393185761,45.0,361.0,100,25.0,0.6712113287655289,53.194523307795514,True,
kudamatsu,8,1203,0,34.68926841575034,34.68926841575034,50,77.08726314611187,1.670341392888414,63.0,540.0,150,25.0,0.8303625230645312,70.30495588814559,True,
kudamatsu,8,1208,0,4.487517574270371,4.487517574270371,10,49.861306380781905,0.8667032724132645,24.0,122.0,60,25.0,0.23156688799359482,16.272538267190438,True,
kudamatsu,8,1247,0,13.79498099963058,13.79498099963058,20,76.638783331281,1.4341782514549115,38.0,231.0,60,25.0,0.7154133097995035,50.26680773109721,True,
kudamatsu,8,1302,0,3.434984432262016,3.434984432262016,10,38.16649369180018,0.663420744065645,24.0,122.0,60,25.0,0.17715447847839036,12.449076359600102,True,
kudamatsu,8,1819,0,10.89351762942561,10.89351762942561,20,60.51954238569783,1.1325311768375217,38.0,231.0,60,25.0,0.564060353830092,39.63390821996298,True,
kudamatsu,8,2086,0,14.820543360734693,14.820543360734693,30,54.89090133605442,1.2398190375575817,45.0,361.0,60,25.0,0.7690252366075307,54.032971877106185,True,
kudamatsu,8,2830,0,169.01434825231706,33.802869650463414,50,75.11748811214092,1.6276599350231429,63.0,540.0,150,25.0,0.8089668118108897,68.49371091429475,True,
kudamatsu,8,2830,1,169.01434825231706,33.802869650463414,50,75.11748811214092,1.6276599350231429,63.0,540.0,150,25.0,0.8089668118108897,68.49371091429475,True,
kudamatsu,8,2830,2,169.01434825231706,33.802869650463414,50,75.11748811214092,1.6276599350231429,63.0,540.0,150,25.0,0.8089668118108897,68.49371091429475,True,
kudamatsu,8,2830,3,169.01434825231706,33.802869650463414,50,75.11748811214092,1.6276599350231429,63.0,540.0,150,25.0,0.8089668118108897,68.49371091429475,True,
kudamatsu,8,2830,4,169.01434825231706,33.802869650463414,50,75.11748811214092,1.6276599350231429,63.0,540.0,150,25.0,0.8089668118108897,68.49371091429475,True,
kudamatsu,9,265,0,2.417251142787294,2.417251142787294,10,26.858346030969933,0.4668593361529252,24.0,122.0,60,25.0,0.12459901507879424,8.75599592015435,True,
kudamatsu,9,285,0,17.227832800290905,17.227832800290905,30,63.806788149225575,1.4412018886061115,45.0,361.0,60,25.0,0.8951035932177221,62.889393084481036,True,
kudamatsu,9,544,0,10.245265799120183,10.245265799120183,20,56.91814332844547,1.0651364717259468,38.0,231.0,60,25.0,0.5303096127644158,37.26272622107391,True,
kudamatsu,9,611,0,10.78338091129132,10.78338091129132,20,59.90767172939623,1.121080948247932,38.0,231.0,60,25.0,0.5583245028272662,39.23093490232658,True,
kudamatsu,9,720,0,18.451971220494077,18.451971220494077,30,68.34063414997806,1.5436077236036696,45.0,361.0,60,25.0,0.9593435554905179,67.4017322478401,True,
kudamatsu,9,728,0,12.960911141500477,12.960911141500477,20,72.00506189722486,1.3474652033719665,38.0,231.0,60,25.0,0.6718558268524552,47.206877750696826,True,
kudamatsu,10,1436,0,79.53505161962369,26.511683873207897,50,58.9148530515731,1.2765781750671006,63.0,540.0,100,25.0,0.8862559038609588,70.23709998783033,True,
kudamatsu,10,1436,1,79.53505161962369,26.511683873207897,50,58.9148530515731,1.2765781750671006,63.0,540.0,100,25.0,0.8862559038609588,70.23709998783033,True,
kudamatsu,10,1436,2,79.53505161962369,26.511683873207897,50,58.9148530515731,1.2765781750671006,63.0,540.0,100,25.0,0.8862559038609588,70.23709998783033,True,
kudamatsu,10,1584,0,44.895073831903375,22.447536915951687,50,49.88341536878153,1.080883275764921,63.0,540.0,100,25.0,0.7493607786553081,59.38797601843244,True,
kudamatsu,10,1584,1,44.895073831903375,22.447536915951687,50,49.88341536878153,1.080883275764921,63.0,540.0,100,25.0,0.7493607786553081,59.38797601843244,True,
kudamatsu,10,1749,0,69.98493309138505,34.99246654569252,50,77.7610367682056,1.6849408471236278,63.0,540.0,150,25.0,0.8376832346766063,70.9246842473608,True,
kudamatsu,10,1749,1,69.98493309138505,34.99246654569252,50,77.7610367682056,1.6849408471236278,63.0,540.0,150,25.0,0.8376832346766063,70.9246842473608,True,
kudamatsu,10,1806,0,49.50445838676754,24.75222919338377,50,55.004953763075044,1.1918577380316777,63.0,540.0,100,25.0,0.8269443339029268,65.53657861440142,True,
kudamatsu,10,1806,1,49.50445838676754,24.75222919338377,50,55.004953763075044,1.1918577380316777,63.0,540.0,100,25.0,0.8269443339029268,65.53657861440142,True,
kudamatsu,10,2414,0,24.011377266388536,24.011377266388536,50,53.35861614753007,1.156184583301801,63.0,540.0,100,25.0,0.8019914645862514,63.55902991575591,True,
kudamatsu,10,2416,0,32.01012923944421,32.01012923944421,50,71.13362053209825,1.5413367390612027,63.0,540.0,150,25.0,0.7657229655895511,64.8328757907756,True,
kudamatsu,11,2060,0,20.57869895245463,20.57869895245463,30,76.21740352760975,1.721520062281625,45.0,361.0,100,25.0,0.6865391568409168,54.40927519716026,True,
kudamatsu,11,2061,0,10.071059703768515,10.071059703768515,20,55.95033168760286,1.0470253490480008,38.0,231.0,60,25.0,0.5212437290645544,36.62578914474804,True,
kudamatsu,11,2888,0,137.75525977170994,34.438814942927486,50,76.5306998731722,1.658281674659859,63.0,540.0,150,25.0,0.8243161673187112,69.79310568327413,True,
kudamatsu,11,2888,1,137.75525977170994,34.438814942927486,50,76.5306998731722,1.658281674659859,63.0,540.0,150,25.0,0.8243161673187112,69.79310568327413,True,
kudamatsu,11,2888,2,137.75525977170994,34.438814942927486,50,76.5306998731722,1.658281674659859,63.0,540.0,150,25.0,0.8243161673187112,69.79310568327413,True,
kudamatsu,11,2888,3,137.75525977170994,34.438814942927486,50,76.5306998731722,1.658281674659859,63.0,540.0,150,25.0,0.8243161673187112,69.79310568327413,True,
kudamatsu,11,2889,0,4.650756728868785,4.650756728868785,10,51.67507476520872,0.8982307053725488,24.0,122.0,60,25.0,0.2400112685569817,16.86589996500177,True,
kudamatsu,11,806,0,17.889487748398892,17.889487748398892,30,66.25736203110701,1.496552922707319,45.0,361.0,60,25.0,0.9298150138967219,65.32760889794915,True,
kudamatsu,12,1316,0,28.571183212673983,28.571183212673983,50,63.491518250386626,1.375746221913964,63.0,540.0,100,25.0,0.9557731789925041,75.74643555813314,True,
kudamatsu,12,1365,0,9.016535056382612,9.016535056382612,20,50.09186142434784,0.9373929896453659,38.0,231.0,60,25.0,0.46640139164425354,32.772695831986596,True,
kudamatsu,12,1495,0,3.8290509960251726,3.8290509960251726,10,42.545011066946365,0.7395293664185524,24.0,122.0,60,25.0,0.19751924686924363,13.880084587877421,True,
kudamatsu,12,1628,0,14.106351505461536,14.106351505461536,20,78.3686194747863,1.4665495035515421,38.0,231.0,60,25.0,0.7316840783252316,51.40981785439165,True,
kudamatsu,12,2828,0,63.64904622486635,31.824523112433177,50,70.72116247207373,1.5323995198323452,63.0,540.0,150,25.0,0.7612480510508812,64.45404560096881,True,
kudamatsu,12,2828,1,63.64904622486635,31.824523112433177,50,70.72116247207373,1.5323995198323452,63.0,540.0,150,25.0,0.7612480510508812,64.45404560096881,True,
kudamatsu,13,1675,0,25.42229947689456,25.42229947689456,50,56.49399883754346,1.2241226482419014,63.0,540.0,100,25.0,0.8495240970849982,67.32605524377323,True,
kudamatsu,13,1737,0,97.38141685995926,32.460472286653086,50,72.13438285922908,1.5630214463815488,63.0,540.0,150,25.0,0.7765823400119876,65.752188711511,True,
kudamatsu,13,1737,1,97.38141685995926,32.460472286653086,50,72.13438285922908,1.5630214463815488,63.0,540.0,150,25.0,0.7765823400119876,65.752188711511,True,
kudamatsu,13,1737,2,97.38141685995926,32.460472286653086,50,72.13438285922908,1.5630214463815488,63.0,540.0,150,25.0,0.7765823400119876,65.752188711511,True,
kudamatsu,13,2909,0,147.64220316305,29.52844063261,50,65.61875696135556,1.421839632504391,63.0,540.0,150,25.0,0.7059243406220617,59.77048518785247,True,
kudamatsu,13,2909,1,147.64220316305,29.52844063261,50,65.61875696135556,1.421839632504391,63.0,540.0,150,25.0,0.7059243406220617,59.77048518785247,True,
kudamatsu,13,2909,2,147.64220316305,29.52844063261,50,65.61875696135556,1.421839632504391,63.0,540.0,150,25.0,0.7059243406220617,59.77048518785247,True,
kudamatsu,13,2909,3,147.64220316305,29.52844063261,50,65.61875696135556,1.421839632504391,63.0,540.0,150,25.0,0.7059243406220617,59.77048518785247,True,
kudamatsu,13,2909,4,147.64220316305,29.52844063261,50,65.61875696135556,1.421839632504391,63.0,540.0,150,25.0,0.7059243406220617,59.77048518785247,True,
kudamatsu,14,17,0,25.316041245536216,25.316041245536216,50,56.25786943452492,1.2190061516918513,63.0,540.0,100,25.0,0.8459427571115102,67.04222924186342,True,
kudamatsu,14,18,0,88.78294865928538,29.594316219761794,50,65.76514715502621,1.4250116428991246,63.0,540.0,150,25.0,0.7075107200009527,59.9047852982023,True,
kudamatsu,14,18,1,88.78294865928538,29.594316219761794,50,65.76514715502621,1.4250116428991246,63.0,540.0,150,25.0,0.7075107200009527,59.9047852982023,True,
kudamatsu,14,18,2,88.78294865928538,29.594316219761794,50,65.76514715502621,1.4250116428991246,63.0,540.0,150,25.0,0.7075107200009527,59.9047852982023,True,
kudamatsu,14,35,0,62.94114483260621,31.470572416303106,50,69.93460536956246,1.5153562518192532,63.0,540.0,150,25.0,0.7527155418755375,63.73171221987599,True,
kudamatsu,14,35,1,62.94114483260621,31.470572416303106,50,69.93460536956246,1.5153562518192532,63.0,540.0,150,25.0,0.7527155418755375,63.73171221987599,True,
kudamatsu,15,1388,0,57.51438682151741,28.757193410758706,50,63.904874246130454,1.3847028977837617,63.0,540.0,100,25.0,0.9620567050326588,76.24441318322022,True,
kudamatsu,15,1388,1,57.51438682151741,28.757193410758706,50,63.904874246130454,1.3847028977837617,63.0,540.0,100,25.0,0.9620567050326588,76.24441318322022,True,
kudamatsu,15,1399,0,68.15647364249428,34.07823682124714,50,75.72941515832697,1.6409192859581365,63.0,540.0,150,25.0,0.8156125526733284,69.05630491612179,True,
kudamatsu,15,1399,1,68.15647364249428,34.07823682124714,50,75.72941515832697,1.6409192859581365,63.0,540.0,150,25.0,0.8156125526733284,69.05630491612179,True,
kudamatsu,15,1668,0,1058.7532394970965,34.15333030635795,50,75.89628956968433,1.6445351522546965,63.0,540.0,150,25.0,0.8174250256699825,69.20973924373061,True,
kudamatsu,15,1668,1,1058.7532394970965,34.15333030635795,50,75.89628956968433,1.6445351522546965,63.0,540.0,150,25.0,0.8174250256699825,69.20973924373061,True,
kudamatsu,15,1668,2,1058.7532394970965,34.15333030635795,50,75.89628956968433,1.6445351522546965,63.0,540.0,150,25.0,0.8174250256699825,69.20973924373061,True,
kudamatsu,15,1668,3,1058.7532394970965,34.15333030635795,50,75.89628956968433,1.6445351522546965,63.0,540.0,150,25.0,0.8174250256699825,69.20973924373061,True,
kudamatsu,15,1668,4,1058.7532394970965,34.15333030635795,50,75.89628956968433,1.6445351522546965,63.0,540.0,150,25.0,0.8174250256699825,69.20973924373061,True,
kudamatsu,15,1668,5,1058.7532394970965,34.15333030635795,50,75.89628956968433,1.6445351522546965,63.0,540.0,150,25.0,0.8174250256699825,69.20973924373061,True,
kudamatsu,15,1668,6,1058.7532394970965,34.15333030635795,50,75.89628956968433,1.6445351522546965,63.0,540.0,150,25.0,0.8174250256699825,69.20973924373061,True,
kudamatsu,15,1668,7,1058.7532394970965,34.15333030635795,50,75.89628956968433,1.6445351522546965,63.0,540.0,150,25.0,0.8174250256699825,69.20973924373061,True,
kudamatsu,15,1668,8,1058.7532394970965,34.15333030635795,50,75.89628956968433,1.6445351522546965,63.0,540.0,150,25.0,0.8174250256699825,69.20973924373061,True,
kudamatsu,15,1668,9,1058.7532394970965,34.15333030635795,50,75.89628956968433,1.6445351522546965,63.0,540.0,150,25.0,0.8174250256699825,69.20973924373061,True,
kudamatsu,15,1668,10,1058.7532394970965,34.15333030635795,50,75.89628956968433,1.6445351522546965,63.0,540.0,150,25.0,0.8174250256699825,69.20973924373061,True,
kudamatsu,15,1668,11,1058.7532394970965,34.15333030635795,50,75.89628956968433,1.6445351522546965,63.0,540.0,150,25.0,0.8174250256699825,69.20973924373061,True,
kudamatsu,15,1668,12,1058.7532394970965,34.15333030635795,50,75.89628956968433,1.6445351522546965,63.0,540.0,150,25.0,0.8174250256699825,69.20973924373061,True,
kudamatsu,15,1668,13,1058.7532394970965,34.15333030635795,50,75.89628956968433,1.6445351522546965,63.0,540.0,150,25.0,0.8174250256699825,69.20973924373061,True,
kudamatsu,15,1668,14,1058.7532394970965,34.15333030635795,50,75.89628956968433,1.6445351522546965,63.0,540.0,150,25.0,0.8174250256699825,69.20973924373061,True,
kudamatsu,15,1668,15,1058.7532394970965,34.15333030635795,50,75.89628956968433,1.6445351522546965,63.0,540.0,150,25.0,0.8174250256699825,69.20973924373061,True,
kudamatsu,15,1668,16,1058.7532394970965,34.15333030635795,50,75.89628956968433,1.6445351522546965,63.0,540.0,150,25.0,0.8174250256699825,69.20973924373061,True,
kudamatsu,15,1668,17,1058.7532394970965,34.15333030635795,50,75.89628956968433,1.6445351522546965,63.0,540.0,150,25.0,0.8174250256699825,69.20973924373061,True,
kudamatsu,15,1668,18,1058.7532394970965,34.15333030635795,50,75.89628956968433,1.6445351522546965,63.0,540.0,150,25.0,0.8174250256699825,69.20973924373061,True,
kudamatsu,15,1668,19,1058.7532394970965,34.15333030635795,50,75.89628956968433,1.6445351522546965,63.0,540.0,150,25.0,0.8174250256699825,69.20973924373061,True,
kudamatsu,15,1668,20,1058.7532394970965,34.15333030635795,50,75.89628956968433,1.6445351522546965,63.0,540.0,150,25.0,0.8174250256699825,69.20973924373061,True,
kudamatsu,15,1668,21,1058.7532394970965,34.15333030635795,50,75.89628956968433,1.6445351522546965,63.0,540.0,150,25.0,0.8174250256699825,69.20973924373061,True,
kudamatsu,15,1668,22,1058.7532394970965,34.15333030635795,50,75.89628956968433,1.6445351522546965,63.0,540.0,150,25.0,0.8174250256699825,69.20973924373061,True,
kudamatsu,15,1668,23,1058.7532394970965,34.15333030635795,50,75.89628956968433,1.6445351522546965,63.0,540.0,150,25.0,0.8174250256699825,69.20973924373061,True,
kudamatsu,15,1668,24,1058.7532394970965,34.15333030635795,50,75.89628956968433,1.6445351522546965,63.0,540.0,150,25.0,0.8174250256699825,69.20973924373061,True,
kudamatsu,15,1668,25,1058.7532394970965,34.15333030635795,50,75.89628956968433,1.6445351522546965,63.0,540.0,150,25.0,0.8174250256699825,69.20973924373061,True,
kudamatsu,15,1668,26,1058.7532394970965,34.15333030635795,50,75.89628956968433,1.6445351522546965,63.0,540.0,150,25.0,0.8174250256699825,69.20973924373061,True,
kudamatsu,15,1668,27,1058.7532394970965,34.15333030635795,50,75.89628956968433,1.6445351522546965,63.0,540.0,150,25.0,0.8174250256699825,69.20973924373061,True,
kudamatsu,15,1668,28,1058.7532394970965,34.15333030635795,50,75.89628956968433,1.6445351522546965,63.0,540.0,150,25.0,0.8174250256699825,69.20973924373061,True,
kudamatsu,15,1668,29,1058.7532394970965,34.15333030635795,50,75.89628956968433,1.6445351522546965,63.0,540.0,150,25.0,0.8174250256699825,69.20973924373061,True,
kudamatsu,15,1668,30,1058.7532394970965,34.15333030635795,50,75.89628956968433,1.6445351522546965,63.0,540.0,150,25.0,0.8174250256699825,69.20973924373061,True,
kudamatsu,15,1681,0,32.18339908332676,32.18339908332676,50,71.51866462961503,1.5496799473672311,63.0,540.0,150,25.0,0.7699008296355492,65.18655816500323,True,
kudamatsu,15,2028,0,255.36417901545053,31.920522376931316,50,70.93449417095847,1.5370220314188183,63.0,540.0,150,25.0,0.7635625161439986,64.64997998293018,True,
kudamatsu,15,2028,1,255.36417901545053,31.920522376931316,50,70.93449417095847,1.5370220314188183,63.0,540.0,150,25.0,0.7635625161439986,64.64997998293018,True,
kudamatsu,15,2028,2,255.36417901545053,31.920522376931316,50,70.93449417095847,1.5370220314188183,63.0,540.0,150,25.0,0.7635625161439986,64.64997998293018,True,
kudamatsu,15,2028,3,255.36417901545053,31.920522376931316,50,70.93449417095847,1.5370220314188183,63.0,540.0,150,25.0,0.7635625161439986,64.64997998293018,True,
kudamatsu,15,2028,4,255.36417901545053,31.920522376931316,50,70.93449417095847,1.5370220314188183,63.0,540.0,150,25.0,0.7635625161439986,64.64997998293018,True,
kudamatsu,15,2028,5,255.36417901545053,31.920522376931316,50,70.93449417095847,1.5370220314188183,63.0,540.0,150,25.0,0.7635625161439986,64.64997998293018,True,
kudamatsu,15,2028,6,255.36417901545053,31.920522376931316,50,70.93449417095847,1.5370220314188183,63.0,540.0,150,25.0,0.7635625161439986,64.64997998293018,True,
kudamatsu,15,2028,7,255.36417901545053,31.920522376931316,50,70.93449417095847,1.5370220314188183,63.0,540.0,150,25.0,0.7635625161439986,64.64997998293018,True,
kudamatsu,16,1794,0,9.4041472793846,9.4041472793846,20,52.245262663247786,0.9776906181989992,38.0,231.0,60,25.0,0.48655257977045385,34.18848350980217,True,
kudamatsu,16,1848,0,142.1307342485259,28.42614684970518,50,63.169215221567065,1.3687624989470426,63.0,540.0,100,25.0,0.9508743301140721,75.35819539228358,True,
kudamatsu,16,1848,1,142.1307342485259,28.42614684970518,50,63.169215221567065,1.3687624989470426,63.0,540.0,100,25.0,0.9508743301140721,75.35819539228358,True,
kudamatsu,16,1848,2,142.1307342485259,28.42614684970518,50,63.169215221567065,1.3687624989470426,63.0,540.0,100,25.0,0.9508743301140721,75.35819539228358,True,
kudamatsu,16,1848,3,142.1307342485259,28.42614684970518,50,63.169215221567065,1.3687624989470426,63.0,540.0,100,25.0,0.9508743301140721,75.35819539228358,True,
kudamatsu,16,1848,4,142.1307342485259,28.42614684970518,50,63.169215221567065,1.3687624989470426,63.0,540.0,100,25.0,0.9508743301140721,75.35819539228358,True,
kudamatsu,16,1850,0,740.6499611355118,33.66590732434145,50,74.81312738742544,1.6210649892939348,63.0,540.0,150,25.0,0.805661688936674,68.21391579511779,True,
kudamatsu,16,1850,1,740.6499611355118,33.66590732434145,50,74.81312738742544,1.6210649892939348,63.0,540.0,150,25.0,0.805661688936674,68.21391579511779,True,
kudamatsu,16,1850,2,740.6499611355118,33.66590732434145,50,74.81312738742544,1.6210649892939348,63.0,540.0,150,25.0,0.805661688936674,68.21391579511779,True,
kudamatsu,16,1850,3,740.6499611355118,33.66590732434145,50,74.81312738742544,1.6210649892939348,63.0,540.0,150,25.0,0.805661688936674,68.21391579511779,True,
kudamatsu,16,1850,4,740.6499611355118,33.66590732434145,50,74.81312738742544,1.6210649892939348,63.0,540.0,150,25.0,0.805661688936674,68.21391579511779,True,
kudamatsu,16,1850,5,740.6499611355118,33.66590732434145,50,74.81312738742544,1.6210649892939348,63.0,540.0,150,25.0,0.805661688936674,68.21391579511779,True,
kudamatsu,16,1850,6,740.6499611355118,33.66590732434145,50,74.81312738742544,1.6210649892939348,63.0,540.0,150,25.0,0.805661688936674,68.21391579511779,True,
kudamatsu,16,1850,7,740.6499611355118,33.66590732434145,50,74.81312738742544,1.6210649892939348,63.0,540.0,150,25.0,0.805661688936674,68.21391579511779,True,
kudamatsu,16,1850,8,740.6499611355118,33.66590732434145,50,74.81312738742544,1.6210649892939348,63.0,540.0,150,25.0,0.805661688936674,68.21391579511779,True,
kudamatsu,16,1850,9,740.6499611355118,33.66590732434145,50,74.81312738742544,1.6210649892939348,63.0,540.0,150,25.0,0.805661688936674,68.21391579511779,True,
kudamatsu,16,1850,10,740.6499611355118,33.66590732434145,50,74.81312738742544,1.6210649892939348,63.0,540.0,150,25.0,0.805661688936674,68.21391579511779,True,
kudamatsu,16,1850,11,740.6499611355118,33.66590732434145,50,74.81312738742544,1.6210649892939348,63.0,540.0,150,25.0,0.805661688936674,68.21391579511779,True,
kudamatsu,16,1850,12,740.6499611355118,33.66590732434145,50,74.81312738742544,1.6210649892939348,63.0,540.0,150,25.0,0.805661688936674,68.21391579511779,True,
kudamatsu,16,1850,13,740.6499611355118,33.66590732434145,50,74.81312738742544,1.6210649892939348,63.0,540.0,150,25.0,0.805661688936674,68.21391579511779,True,
kudamatsu,16,1850,14,740.6499611355118,33.66590732434145,50,74.81312738742544,1.6210649892939348,63.0,540.0,150,25.0,0.805661688936674,68.21391579511779,True,
kudamatsu,16,1850,15,740.6499611355118,33.66590732434145,50,74.81312738742544,1.6210649892939348,63.0,540.0,150,25.0,0.805661688936674,68.21391579511779,True,
kudamatsu,16,1850,16,740.6499611355118,33.66590732434145,50,74.81312738742544,1.6210649892939348,63.0,540.0,150,25.0,0.805661688936674,68.21391579511779,True,
kudamatsu,16,1850,17,740.6499611355118,33.66590732434145,50,74.81312738742544,1.6210649892939348,63.0,540.0,150,25.0,0.805661688936674,68.21391579511779,True,
kudamatsu,16,1850,18,740.6499611355118,33.66590732434145,50,74.81312738742544,1.6210649892939348,63.0,540.0,150,25.0,0.805661688936674,68.21391579511779,True,
kudamatsu,16,1850,19,740.6499611355118,33.66590732434145,50,74.81312738742544,1.6210649892939348,63.0,540.0,150,25.0,0.805661688936674,68.21391579511779,True,
kudamatsu,16,1850,20,740.6499611355118,33.66590732434145,50,74.81312738742544,1.6210649892939348,63.0,540.0,150,25.0,0.805661688936674,68.21391579511779,True,
kudamatsu,16,1850,21,740.6499611355118,33.66590732434145,50,74.81312738742544,1.6210649892939348,63.0,540.0,150,25.0,0.805661688936674,68.21391579511779,True,
kudamatsu,16,1857,0,17.082358274589602,17.082358274589602,30,63.26799360959112,1.4290321535259536,45.0,361.0,60,25.0,0.8874751518901495,62.353546713676025,True,
kudamatsu,16,1858,0,27.87342786048685,27.87342786048685,50,61.94095080108188,1.3421482332536319,63.0,540.0,100,25.0,0.9322097943146581,73.87900649688802,True,
kudamatsu,16,2793,0,43.64179018984418,21.82089509492209,50,48.49087798871576,1.0507095125239105,63.0,540.0,100,25.0,0.728287073370287,57.71785575060623,True,
kudamatsu,16,2793,1,43.64179018984418,21.82089509492209,50,48.49087798871576,1.0507095125239105,63.0,540.0,100,25.0,0.728287073370287,57.71785575060623,True,
kudamatsu,16,2795,0,13.377793540476112,13.377793540476112,20,74.32107522486729,1.3908058698100874,38.0,231.0,60,25.0,0.6936216709509527,48.735945293432714,True,
kudamatsu,16,514,0,66.76281005363795,33.381405026818975,50,74.18090005959772,1.607365768018116,63.0,540.0,150,25.0,0.7987969104166837,67.63277695468824,True,
kudamatsu,16,514,1,66.76281005363795,33.381405026818975,50,74.18090005959772,1.607365768018116,63.0,540.0,150,25.0,0.7987969104166837,67.63277695468824,True,
kudamatsu,16,574,0,30.74641087053976,30.74641087053976,50,68.32535749008835,1.480486764503188,63.0,540.0,150,25.0,0.7352632397883477,62.254251948223306,True,
kudamatsu,16,709,0,144.59566044506914,28.91913208901383,50,64.26473797558629,1.3925004931137446,63.0,540.0,100,25.0,0.9675277378069121,76.67799964689198,True,
kudamatsu,16,709,1,144.59566044506914,28.91913208901383,50,64.26473797558629,1.3925004931137446,63.0,540.0,100,25.0,0.9675277378069121,76.67799964689198,True,
kudamatsu,16,709,2,144.59566044506914,28.91913208901383,50,64.26473797558629,1.3925004931137446,63.0,540.0,100,25.0,0.9675277378069121,76.67799964689198,True,
kudamatsu,16,709,3,144.59566044506914,28.91913208901383,50,64.26473797558629,1.3925004931137446,63.0,540.0,100,25.0,0.9675277378069121,76.67799964689198,True,
kudamatsu,16,709,4,144.59566044506914,28.91913208901383,50,64.26473797558629,1.3925004931137446,63.0,540.0,100,25.0,0.9675277378069121,76.67799964689198,True,
kudamatsu,17,1427,0,20.722796602013524,20.722796602013524,30,76.75109852597602,1.7335746141858246,45.0,361.0,100,25.0,0.6913801997984592,54.792934628907446,True,
kudamatsu,17,1571,0,48.239207218956366,24.119603609478183,50,53.59911913217374,1.161395847445426,63.0,540.0,100,25.0,0.805635880856203,63.847854856456564,True,
kudamatsu,17,1571,1,48.239207218956366,24.119603609478183,50,53.59911913217374,1.161395847445426,63.0,540.0,100,25.0,0.805635880856203,63.847854856456564,True,
kudamatsu,17,2778,0,41.76650075915266,20.88325037957633,30,77.34537177620864,1.7469974451325934,45.0,361.0,100,25.0,0.6967712956882197,55.2201865156504,True,
kudamatsu,17,2778,1,41.76650075915266,20.88325037957633,30,77.34537177620864,1.7469974451325934,45.0,361.0,100,25.0,0.6967712956882197,55.2201865156504,True,
kudamatsu,17,2802,0,2.86333959244459,2.86333959244459,10,31.814884360495444,0.5530152815514454,24.0,122.0,60,25.0,0.1476279011830056,10.374251701840828,True,
kudamatsu,17,2820,0,42.60945538508124,21.30472769254062,30,78.90639886126155,1.78225631410876,45.0,361.0,100,25.0,0.7109353460827249,56.34270726273783,True,
kudamatsu,17,2820,1,42.60945538508124,21.30472769254062,30,78.90639886126155,1.78225631410876,45.0,361.0,100,25.0,0.7109353460827249,56.34270726273783,True,
kudamatsu,18,1135,0,12.321753486360516,12.321753486360516,20,68.4541860353362,1.281015963008591,38.0,231.0,60,25.0,0.6385038814442672,44.86384420674865,True,
kudamatsu,18,1324,0,12.901114678820464,12.901114678820464,20,71.67285932678035,1.3412485375938907,38.0,231.0,60,25.0,0.6687346016654568,46.987607835775805,True,
kudamatsu,18,1588,0,7.949350276393845,7.949350276393845,20,44.16305709107691,0.826444435110599,38.0,231.0,60,25.0,0.4109639701433193,28.877682069101798,True,
kudamatsu,18,1791,0,12.466391885623716,12.466391885623716,20,69.25773269790953,1.296053116488838,38.0,231.0,60,25.0,0.6460492481146151,45.393923181165576,True,
kudamatsu,18,1792,0,13.452716433748254,13.452716433748254,20,74.73731352082363,1.3985951363607165,38.0,231.0,60,25.0,0.6975345141329994,49.01082376055738,True,
kudamatsu,18,2035,0,11.861600399996874,11.861600399996874,20,65.89777999998265,1.2331767127174698,38.0,231.0,60,25.0,0.614506889396025,43.177987822930326,True,
kudamatsu,18,2038,0,3.834272203546637,3.834272203546637,10,42.60302448385151,0.7405377719723818,24.0,122.0,60,25.0,0.19778912838082383,13.899048741223185,True,
kudamatsu,18,2834,0,9.167316284500222,9.167316284500222,20,50.92953491389012,0.953068774780534,38.0,231.0,60,25.0,0.47423920832263394,33.32336905220744,True,
kudamatsu,18,2841,0,29.345831155106364,29.345831155106364,50,65.21295812245859,1.413046706537997,63.0,540.0,150,25.0,0.7015271123215902,59.39822308373276,True,
kudamatsu,18,2844,0,8.220638224896941,8.220638224896941,20,45.670212360538564,0.854648553379075,38.0,231.0,60,25.0,0.42505063307404933,29.86741666377351,True,
kudamatsu,19,1420,0,44.2081386035668,22.1040693017834,50,49.12015400396311,1.0643447842007276,63.0,540.0,100,25.0,0.7378089881385785,58.47248067515372,True,
kudamatsu,19,1420,1,44.2081386035668,22.1040693017834,50,49.12015400396311,1.0643447842007276,63.0,540.0,100,25.0,0.7378089881385785,58.47248067515372,True,
kudamatsu,19,1501,0,51.39436616984919,25.697183084924596,50,57.10485129983243,1.2373587148898397,63.0,540.0,100,25.0,0.8587900178772029,68.06039188739177,True,
kudamatsu,19,1501,1,51.39436616984919,25.697183084924596,50,57.10485129983243,1.2373587148898397,63.0,540.0,100,25.0,0.8587900178772029,68.06039188739177,True,
kudamatsu,19,1594,0,11.36789566351453,11.36789566351453,20,63.15497590841405,1.1818493063424833,38.0,231.0,60,25.0,0.5887734676865025,41.370119127929456,True,
kudamatsu,19,1615,0,29.393798995217768,29.393798995217768,50,65.31955332270616,1.415356431491123,63.0,540.0,150,25.0,0.7026821371311511,59.49600564234265,True,
kudamatsu,19,1638,0,42.81587531227688,21.40793765613844,30,79.28865798569792,1.7908903887590337,45.0,361.0,100,25.0,0.7144044122454202,56.61763558310043,True,
kudamatsu,19,1638,1,42.81587531227688,21.40793765613844,30,79.28865798569792,1.7908903887590337,45.0,361.0,100,25.0,0.7144044122454202,56.61763558310043,True,
kudamatsu,19,1731,0,6.000701858736133,6.000701858736133,10,66.67446509706815,1.1589543331400929,24.0,122.0,60,25.0,0.3099005135332044,21.776710964075193,True,
kudamatsu,19,2024,0,16.524047537704426,16.524047537704426,30,61.200176065571945,1.3823264246188096,45.0,361.0,60,25.0,0.8582095385740119,60.297815948282405,True,
kudamatsu,19,2031,0,75.97396973623766,25.324656578745888,50,56.277014619435306,1.2194209931783067,63.0,540.0,100,25.0,0.8462331195963202,67.06524085885397,True,
kudamatsu,19,2031,1,75.97396973623766,25.324656578745888,50,56.277014619435306,1.2194209931783067,63.0,540.0,100,25.0,0.8462331195963202,67.06524085885397,True,
kudamatsu,19,2031,2,75.97396973623766,25.324656578745888,50,56.277014619435306,1.2194209931783067,63.0,540.0,100,25.0,0.8462331195963202,67.06524085885397,True,
kudamatsu,20,1014,0,39.94769542207211,19.973847711036054,30,73.97721374457798,1.6709209671102645,45.0,361.0,100,25.0,0.66622401649979,52.79927179219232,True,
kudamatsu,20,1014,1,39.94769542207211,19.973847711036054,30,73.97721374457798,1.6709209671102645,45.0,361.0,100,25.0,0.66622401649979,52.79927179219232,True,
kudamatsu,20,1164,0,7.506166427237919,7.506166427237919,20,41.70092459576621,0.7803693707177938,38.0,231.0,60,25.0,0.38796041444702006,27.261427467403166,True,
kudamatsu,20,1818,0,11.267005062533164,11.267005062533164,20,62.59447256962868,1.171360338963147,38.0,231.0,60,25.0,0.5835164277424708,41.00078953883412,True,
kudamatsu,20,2071,0,60.91828658199074,30.45914329099537,50,67.68698509110082,1.466654390663618,63.0,540.0,150,25.0,0.7283418324122625,61.66830332797615,True,
kudamatsu,20,2071,1,60.91828658199074,30.45914329099537,50,67.68698509110082,1.466654390663618,63.0,540.0,150,25.0,0.7283418324122625,61.66830332797615,True,
kudamatsu,20,2128,0,20.292747837805607,20.292747837805607,30,75.15832532520594,1.697598696706598,45.0,361.0,100,25.0,0.6769338728993343,53.64804297256825,True,
kudamatsu,20,2129,0,3.552610484628541,3.552610484628541,10,39.47344982920601,0.6861386237886447,24.0,122.0,60,25.0,0.18323232209577814,12.876160841363907,True,
kudamatsu,20,2130,0,5.403487389753664,5.403487389753664,10,60.03874877504071,1.0436104428860664,24.0,122.0,60,25.0,0.2789691471746399,19.603321383592974,True,
kudamatsu,20,2132,0,12.41653876150555,12.41653876150555,20,68.98077089725305,1.290870197688205,38.0,231.0,60,25.0,0.6434484213339905,45.21120948516016,True,
kudamatsu,20,2133,0,15.507523469853338,15.507523469853338,30,57.43527211056791,1.2972886590807196,45.0,361.0,60,25.0,0.8049710633472495,56.55805849408187,True,
kudamatsu,20,2134,0,6.426501144767582,6.426501144767582,10,71.40556827519535,1.2411917012365712,24.0,122.0,60,25.0,0.3319658862168597,23.327110988381367,True,
kudamatsu,20,2136,0,15.166778966241749,15.166778966241749,30,56.173255430524996,1.268783528584626,45.0,361.0,60,25.0,0.7871384446978,55.30537631546206,True,
kudamatsu,20,2864,0,11.04851262554832,11.04851262554832,20,61.380625697490665,1.1486450411864093,38.0,231.0,60,25.0,0.5721335519614745,40.20109028531975,True,
kudamatsu,20,797,0,24.442710736520677,24.442710736520677,50,54.31713497004594,1.1769539503770887,63.0,540.0,100,25.0,0.8165178043260349,64.71026204718055,True,
kudamatsu,20,822,0,3.770441988403157,3.770441988403157,10,41.893799871146186,0.7282098299803795,24.0,122.0,60,25.0,0.19448988057192873,13.667215555206516,True,
kudamatsu,20,950,0,112.16575313740294,28.041438284350736,50,62.31430729855719,1.3502381924321645,63.0,540.0,100,25.0,0.9378825165734654,74.3285771751588,True,
kudamatsu,20,950,1,112.16575313740294,28.041438284350736,50,62.31430729855719,1.3502381924321645,63.0,540.0,100,25.0,0.9378825165734654,74.3285771751588,True,
kudamatsu,20,950,2,112.16575313740294,28.041438284350736,50,62.31430729855719,1.3502381924321645,63.0,540.0,100,25.0,0.9378825165734654,74.3285771751588,True,
kudamatsu,20,950,3,112.16575313740294,28.041438284350736,50,62.31430729855719,1.3502381924321645,63.0,540.0,100,25.0,0.9378825165734654,74.3285771751588,True,
kudamatsu,21,1841,0,407.7630798712634,33.98025665593862,50,75.51168145764137,1.6362013909643476,63.0,540.0,150,25.0,0.8132477840025233,68.85611601257317,True,
kudamatsu,21,1841,1,407.7630798712634,33.98025665593862,50,75.51168145764137,1.6362013909643476,63.0,540.0,150,25.0,0.8132477840025233,68.85611601257317,True,
kudamatsu,21,1841,2,407.7630798712634,33.98025665593862,50,75.51168145764137,1.6362013909643476,63.0,540.0,150,25.0,0.8132477840025233,68.85611601257317,True,
kudamatsu,21,1841,3,407.7630798712634,33.98025665593862,50,75.51168145764137,1.6362013909643476,63.0,540.0,150,25.0,0.8132477840025233,68.85611601257317,True,
kudamatsu,21,1841,4,407.7630798712634,33.98025665593862,50,75.51168145764137,1.6362013909643476,63.0,540.0,150,25.0,0.8132477840025233,68.85611601257317,True,
kudamatsu,21,1841,5,407.7630798712634,33.98025665593862,50,75.51168145764137,1.6362013909643476,63.0,540.0,150,25.0,0.8132477840025233,68.85611601257317,True,
kudamatsu,21,1841,6,407.7630798712634,33.98025665593862,50,75.51168145764137,1.6362013909643476,63.0,540.0,150,25.0,0.8132477840025233,68.85611601257317,True,
kudamatsu,21,1841,7,407.7630798712634,33.98025665593862,50,75.51168145764137,1.6362013909643476,63.0,540.0,150,25.0,0.8132477840025233,68.85611601257317,True,
kudamatsu,21,1841,8,407.7630798712634,33.98025665593862,50,75.51168145764137,1.6362013909643476,63.0,540.0,150,25.0,0.8132477840025233,68.85611601257317,True,
kudamatsu,21,1841,9,407.7630798712634,33.98025665593862,50,75.51168145764137,1.6362013909643476,63.0,540.0,150,25.0,0.8132477840025233,68.85611601257317,True,
kudamatsu,21,1841,10,407.7630798712634,33.98025665593862,50,75.51168145764137,1.6362013909643476,63.0,540.0,150,25.0,0.8132477840025233,68.85611601257317,True,
kudamatsu,21,1841,11,407.7630798712634,33.98025665593862,50,75.51168145764137,1.6362013909643476,63.0,540.0,150,25.0,0.8132477840025233,68.85611601257317,True,
kudamatsu,21,345,0,287.3398167528183,31.9266463058687,50,70.94810290193044,1.5373169079745481,63.0,540.0,150,25.0,0.7637101629087456,64.66247922692327,True,
kudamatsu,21,345,1,287.3398167528183,31.9266463058687,50,70.94810290193044,1.5373169079745481,63.0,540.0,150,25.0,0.7637101629087456,64.66247922692327,True,
kudamatsu,21,345,2,287.3398167528183,31.9266463058687,50,70.94810290193044,1.5373169079745481,63.0,540.0,150,25.0,0.7637101629087456,64.66247922692327,True,
kudamatsu,21,345,3,287.3398167528183,31.9266463058687,50,70.94810290193044,1.5373169079745481,63.0,540.0,150,25.0,0.7637101629087456,64.66247922692327,True,
kudamatsu,21,345,4,287.3398167528183,31.9266463058687,50,70.94810290193044,1.5373169079745481,63.0,540.0,150,25.0,0.7637101629087456,64.66247922692327,True,
kudamatsu,21,345,5,287.3398167528183,31.9266463058687,50,70.94810290193044,1.5373169079745481,63.0,540.0,150,25.0,0.7637101629087456,64.66247922692327,True,
kudamatsu,21,345,6,287.3398167528183,31.9266463058687,50,70.94810290193044,1.5373169079745481,63.0,540.0,150,25.0,0.7637101629087456,64.66247922692327,True,
kudamatsu,21,345,7,287.3398167528183,31.9266463058687,50,70.94810290193044,1.5373169079745481,63.0,540.0,150,25.0,0.7637101629087456,64.66247922692327,True,
kudamatsu,21,345,8,287.3398167528183,31.9266463058687,50,70.94810290193044,1.5373169079745481,63.0,540.0,150,25.0,0.7637101629087456,64.66247922692327,True,
kudamatsu,22,1464,0,139.97221595762915,34.99305398940729,50,77.76234219868286,1.684969133438029,63.0,540.0,150,25.0,0.8376974195690645,70.92588505518074,True,
kudamatsu,22,1464,1,139.97221595762915,34.99305398940729,50,77.76234219868286,1.684969133438029,63.0,540.0,150,25.0,0.8376974195690645,70.92588505518074,True,
kudamatsu,22,1464,2,139.97221595762915,34.99305398940729,50,77.76234219868286,1.684969133438029,63.0,540.0,150,25.0,0.8376974195690645,70.92588505518074,True,
kudamatsu,22,1464,3,139.97221595762915,34.99305398940729,50,77.76234219868286,1.684969133438029,63.0,540.0,150,25.0,0.8376974195690645,70.92588505518074,True,
kudamatsu,22,1490,0,7.697004024876487,7.697004024876487,20,42.76113347153604,0.800209567097946,38.0,231.0,60,25.0,0.3978645407509941,27.9573044132487,True,
kudamatsu,22,1534,0,12.066353404575866,12.066353404575866,20,67.03529669208814,1.2544636072840591,38.0,231.0,60,25.0,0.6251832855812858,43.928037352612705,True,
kudamatsu,22,1690,0,34.62614503485295,34.62614503485295,50,76.94698896633987,1.667301905439203,63.0,540.0,150,25.0,0.8288385501923233,70.17594509510185,True,
kudamatsu,22,1787,0,19.550633728122293,19.550633728122293,30,72.40975454860109,1.6355168162498308,45.0,361.0,60,25.0,1.017072370805966,71.45658878284188,True,
kudamatsu,22,1788,0,13.232160170132271,13.232160170132271,20,73.51200094517928,1.3756652753838385,38.0,231.0,60,25.0,0.6860168885194996,48.20170534229408,True,
kudamatsu,22,1789,0,68.74693449309045,34.373467246545225,50,76.3854827701005,1.6551350830140221,63.0,540.0,150,25.0,0.8227386918220857,69.65956535393065,True,
kudamatsu,22,1789,1,68.74693449309045,34.373467246545225,50,76.3854827701005,1.6551350830140221,63.0,540.0,150,25.0,0.8227386918220857,69.65956535393065,True,
kudamatsu,23,1088,0,21.75977614638636,21.75977614638636,50,48.3550581030808,1.047766541562243,63.0,540.0,100,25.0,0.7262321509188447,57.5550002978514,True,
kudamatsu,23,1104,0,4.780400157524608,4.780400157524608,10,53.11555730582897,0.9232695786478577,24.0,122.0,60,25.0,0.24671878580126835,17.33721554757787,True,
kudamatsu,23,1318,0,50.981825671954674,25.490912835977337,50,56.64647296883852,1.227426486547383,63.0,540.0,100,25.0,0.8518367885318547,67.5093391439589,True,
kudamatsu,23,1318,1,50.981825671954674,25.490912835977337,50,56.64647296883852,1.227426486547383,63.0,540.0,100,25.0,0.8518367885318547,67.5093391439589,True,
kudamatsu,23,1619,0,100.49651704452626,33.49883901484208,50,74.44186447742685,1.6130203943646864,63.0,540.0,150,25.0,0.8016303661626234,67.87264375539893,True,
kudamatsu,23,1619,1,100.49651704452626,33.49883901484208,50,74.44186447742685,1.6130203943646864,63.0,540.0,150,25.0,0.8016303661626234,67.87264375539893,True,
kudamatsu,23,1619,2,100.49651704452626,33.49883901484208,50,74.44186447742685,1.6130203943646864,63.0,540.0,150,25.0,0.8016303661626234,67.87264375539893,True,
kudamatsu,23,1735,0,20.306482682472,20.306482682472,30,75.20919512026667,1.6987476911449808,45.0,361.0,100,25.0,0.6773951924901125,53.68460319793796,True,
kudamatsu,23,1774,0,373.329068531185,33.93900623010773,50,75.42001384468384,1.6342151197950103,63.0,540.0,150,25.0,0.8122522323047779,68.77183777689474,True,
kudamatsu,23,1774,1,373.329068531185,33.93900623010773,50,75.42001384468384,1.6342151197950103,63.0,540.0,150,25.0,0.8122522323047779,68.77183777689474,True,
kudamatsu,23,1774,2,373.329068531185,33.93900623010773,50,75.42001384468384,1.6342151197950103,63.0,540.0,150,25.0,0.8122522323047779,68.77183777689474,True,
kudamatsu,23,1774,3,373.329068531185,33.93900623010773,50,75.42001384468384,1.6342151197950103,63.0,540.0,150,25.0,0.8122522323047779,68.77183777689474,True,
kudamatsu,23,1774,4,373.329068531185,33.93900623010773,50,75.42001384468384,1.6342151197950103,63.0,540.0,150,25.0,0.8122522323047779,68.77183777689474,True,
kudamatsu,23,1774,5,373.329068531185,33.93900623010773,50,75.42001384468384,1.6342151197950103,63.0,540.0,150,25.0,0.8122522323047779,68.77183777689474,True,
kudamatsu,23,1774,6,373.329068531185,33.93900623010773,50,75.42001384468384,1.6342151197950103,63.0,540.0,150,25.0,0.8122522323047779,68.77183777689474,True,
kudamatsu,23,1774,7,373.329068531185,33.93900623010773,50,75.42001384468384,1.6342151197950103,63.0,540.0,150,25.0,0.8122522323047779,68.77183777689474,True,
kudamatsu,23,1774,8,373.329068531185,33.93900623010773,50,75.42001384468384,1.6342151197950103,63.0,540.0,150,25.0,0.8122522323047779,68.77183777689474,True,
kudamatsu,23,1774,9,373.329068531185,33.93900623010773,50,75.42001384468384,1.6342151197950103,63.0,540.0,150,25.0,0.8122522323047779,68.77183777689474,True,
kudamatsu,23,1774,10,373.329068531185,33.93900623010773,50,75.42001384468384,1.6342151197950103,63.0,540.0,150,25.0,0.8122522323047779,68.77183777689474,True,
kudamatsu,23,802,0,8.425153440870368,8.425153440870368,20,46.806408004835376,0.8759107265454279,38.0,231.0,60,25.0,0.4356728275673271,30.613731535483893,True,
kudamatsu,23,892,0,45.7831490497832,22.8915745248916,50,50.87016561087022,1.1022643665772822,63.0,540.0,100,25.0,0.7642990412693556,60.571853878460765,True,
kudamatsu,23,892,1,45.7831490497832,22.8915745248916,50,50.87016561087022,1.1022643665772822,63.0,540.0,100,25.0,0.7642990412693556,60.571853878460765,True,
kudamatsu,24,1419,0,11.015349340822944,11.015349340822944,20,61.196385226794135,1.145197261033525,38.0,231.0,60,25.0,0.5704060678554124,40.079726189011446,True,
kudamatsu,24,1500,0,5.291083289326573,5.291083289326573,10,58.789814325850806,1.0219011124911501,24.0,122.0,60,25.0,0.2731496390868366,19.194410285740428,True,
kudamatsu,24,1511,0,16.36993212466318,16.36993212466318,30,60.62937823949325,1.3694338323285822,45.0,361.0,60,25.0,0.8501342407050824,59.73057009557562,True,
kudamatsu,24,1722,0,23.875852184557083,23.875852184557083,50,53.05744929901574,1.1496588430859915,63.0,540.0,100,25.0,0.797428170730622,63.197382671262076,True,
kudamatsu,24,2431,0,8.307783747582405,8.307783747582405,20,46.15435415323559,0.8637085305802404,38.0,231.0,60,25.0,0.42957654724352506,30.18540767693889,True,
kudamatsu,25,1487,0,31.72568644155264,31.72568644155264,50,70.50152542567253,1.5276403827837215,63.0,540.0,150,25.0,0.7588652941695495,64.25232969709174,True,
kudamatsu,25,1660,0,17.647959480673844,17.647959480673844,30,65.3628128913846,1.4763477698228993,45.0,361.0,60,25.0,0.9171411587649643,64.43737109444716,True,
kudamatsu,25,1664,0,24.52703679751032,24.52703679751032,50,54.5045262166896,1.1810143793397903,63.0,540.0,100,25.0,0.8193582176387318,64.93536864675936,True,
kudamatsu,25,1705,0,9.493019976610524,9.493019976610524,20,52.738999870058464,0.9869301589792996,38.0,231.0,60,25.0,0.49117407989349376,34.51318004466334,True,
kudamatsu,25,1782,0,14.2352641098321,14.2352641098321,20,79.08480061017833,1.4799517440860976,38.0,231.0,60,25.0,0.738422061921012,51.883153686591314,True,
kudamatsu,25,1785,0,45.36993602768575,22.684968013842877,50,50.41104003076194,1.0923159466997316,63.0,540.0,100,25.0,0.7573478447251264,60.02096200082636,True,
kudamatsu,25,1785,1,45.36993602768575,22.684968013842877,50,50.41104003076194,1.0923159466997316,63.0,540.0,100,25.0,0.7573478447251264,60.02096200082636,True,
kudamatsu,25,1786,0,37.23245796956326,18.61622898478163,30,68.94899623993197,1.5573487787238145,45.0,361.0,60,25.0,0.9679699895242168,68.00765830678432,True,
kudamatsu,25,1786,1,37.23245796956326,18.61622898478163,30,68.94899623993197,1.5573487787238145,45.0,361.0,60,25.0,0.9679699895242168,68.00765830678432,True,
kudamatsu,26,1012,0,11.48626370933257,11.48626370933257,20,63.81257616295873,1.1941552948019092,38.0,231.0,60,25.0,0.594941924608639,41.8034783864913,True,
kudamatsu,26,1156,0,14.313989565065468,14.313989565065468,20,79.52216425036372,1.4881363393192921,38.0,231.0,60,25.0,0.7425373363296033,52.17224631465,True,
kudamatsu,26,1555,0,11.515057249144766,11.515057249144766,20,63.97254027302647,1.1971487797934548,38.0,231.0,60,25.0,0.5964425478992736,41.9089030844035,True,
kudamatsu,26,1569,0,12.492652724343367,12.492652724343367,20,69.40362624635203,1.2987832923229108,38.0,231.0,60,25.0,0.6474193269473749,45.49017407819324,True,
kudamatsu,26,2037,0,14.270855426020514,14.270855426020514,20,79.28253014455841,1.4836519515470175,38.0,231.0,60,25.0,0.7402825096661743,52.013847775809715,True,
kudamatsu,26,2043,0,8.28159271649685,8.28159271649685,20,46.008848424982496,0.8609856122110822,38.0,231.0,60,25.0,0.42821626805704227,30.089834454460682,True,
kudamatsu,26,2045,0,20.626697659068974,20.626697659068974,30,76.39517651507028,1.7255354150787612,45.0,361.0,100,25.0,0.6881516480445222,54.53706738343952,True,
kudamatsu,26,2048,0,5.071605533587169,5.071605533587169,10,56.35117259541299,0.9795119550175577,24.0,122.0,60,25.0,0.2617886099229492,18.396117444754914,True,
kudamatsu,26,37,0,30.515164715019807,30.515164715019807,50,67.81147714448846,1.4693519080143755,63.0,540.0,150,25.0,0.7296915313952332,61.78256550918778,True,
kudamatsu,27,1129,0,24.511648197860705,24.511648197860705,50,54.47032932857934,1.180273394702545,63.0,540.0,100,25.0,0.8188398605033631,64.89428814239186,True,
kudamatsu,27,1180,0,6.170754836337809,6.170754836337809,10,68.56394262597566,1.1917977637744466,24.0,122.0,60,25.0,0.31871163435869765,22.395817160111953,True,
kudamatsu,27,1271,0,21.655565719651555,21.655565719651555,50,48.12347937700346,1.0427486499405598,63.0,540.0,100,25.0,0.7227286177285783,57.27734043250966,True,
kudamatsu,27,2051,0,15.432119963641703,15.432119963641703,30,57.15599986533964,1.2909807457860252,45.0,361.0,60,25.0,0.8010243040861621,56.280812768053956,True,
kudamatsu,27,2066,0,46.52058710834937,23.260293554174684,50,51.6895412314993,1.1200187524460121,63.0,540.0,100,25.0,0.7767068907949151,61.55519295948867,True,
kudamatsu,27,2066,1,46.52058710834937,23.260293554174684,50,51.6895412314993,1.1200187524460121,63.0,540.0,100,25.0,0.7767068907949151,61.55519295948867,True,
kudamatsu,27,884,0,5.761667001834292,5.761667001834292,10,64.01852224260324,1.1127879863194128,24.0,122.0,60,25.0,0.29751787629785603,20.906650301625437,True,
kudamatsu,27,911,0,14.690352509046988,14.690352509046988,30,54.40871299647032,1.2289278649123263,45.0,361.0,60,25.0,0.7622161100559717,53.5546458705291,True,
kudamatsu,27,922,0,12.842394625400177,12.842394625400177,20,71.34663680777876,1.3351437793820524,38.0,231.0,60,25.0,0.6656697593861,46.772298545756584,True,
kudamatsu,27,963,0,19.889597973111204,19.889597973111204,30,73.66517767818964,1.663873018432134,45.0,361.0,60,25.0,1.034897204385364,72.70857603564288,True,
kudamatsu,28,1109,0,6.060143634202329,6.060143634202329,10,67.33492926891476,1.1704347074142778,24.0,122.0,60,25.0,0.31298024603089625,21.99310617036249,True,
kudamatsu,28,1186,0,11.231665184036764,11.231665184036764,20,62.398139911315354,1.1676862719129675,38.0,231.0,60,25.0,0.5816751316432969,40.87143035823736,True,
kudamatsu,28,1214,0,35.315244804585014,17.657622402292507,30,65.39860148997224,1.4771561257576071,45.0,361.0,60,25.0,0.9176481425223637,64.47298279378265,True,
kudamatsu,28,1214,1,35.315244804585014,17.657622402292507,30,65.39860148997224,1.4771561257576071,45.0,361.0,60,25.0,0.9176481425223637,64.47298279378265,True,
kudamatsu,28,1228,0,9.326980030142822,9.326980030142822,20,51.816555723015675,0.9696680199373471,38.0,231.0,60,25.0,0.48254013753094005,33.90657742538746,True,
kudamatsu,29,1385,0,12.387805260382612,12.387805260382612,20,68.82114033545895,1.2878829545452262,38.0,231.0,60,25.0,0.6419494645888741,45.105904426374096,True,
kudamatsu,29,1461,0,38.832530877091365,19.416265438545683,30,71.91209421683585,1.6242761782107087,45.0,361.0,60,25.0,1.010008296135931,70.96041652405383,True,
kudamatsu,29,1461,1,38.832530877091365,19.416265438545683,30,71.91209421683585,1.6242761782107087,45.0,361.0,60,25.0,1.010008296135931,70.96041652405383,True,
kudamatsu,29,1520,0,49.78233870666671,24.891169353333353,50,55.31370967407412,1.1985479194882849,63.0,540.0,100,25.0,0.8316254320873808,65.90756196235125,True,
kudamatsu,29,1520,1,49.78233870666671,24.891169353333353,50,55.31370967407412,1.1985479194882849,63.0,540.0,100,25.0,0.8316254320873808,65.90756196235125,True,
kudamatsu,29,1697,0,79.24884023462025,26.41628007820675,50,58.70284461823722,1.2719843362487329,63.0,540.0,100,25.0,0.8830379858884201,69.98207571021464,True,
kudamatsu,29,1697,1,79.24884023462025,26.41628007820675,50,58.70284461823722,1.2719843362487329,63.0,540.0,100,25.0,0.8830379858884201,69.98207571021464,True,
kudamatsu,29,1697,2,79.24884023462025,26.41628007820675,50,58.70284461823722,1.2719843362487329,63.0,540.0,100,25.0,0.8830379858884201,69.98207571021464,True,
kudamatsu,29,1711,0,21.557564293504782,21.557564293504782,30,79.84283071668438,1.8034074705567227,45.0,361.0,100,25.0,0.7194340571765863,57.01624193459749,True,
kudamatsu,29,1869,0,303.91482188762524,33.76831354306947,50,75.0406967623766,1.6259960055373601,63.0,540.0,150,25.0,0.8081328956019244,68.42311578568703,True,
kudamatsu,29,1869,1,303.91482188762524,33.76831354306947,50,75.0406967623766,1.6259960055373601,63.0,540.0,150,25.0,0.8081328956019244,68.42311578568703,True,
kudamatsu,29,1869,2,303.91482188762524,33.76831354306947,50,75.0406967623766,1.6259960055373601,63.0,540.0,150,25.0,0.8081328956019244,68.42311578568703,True,
kudamatsu,29,1869,3,303.91482188762524,33.76831354306947,50,75.0406967623766,1.6259960055373601,63.0,540.0,150,25.0,0.8081328956019244,68.42311578568703,True,
kudamatsu,29,1869,4,303.91482188762524,33.76831354306947,50,75.0406967623766,1.6259960055373601,63.0,540.0,150,25.0,0.8081328956019244,68.42311578568703,True,
kudamatsu,29,1869,5,303.91482188762524,33.76831354306947,50,75.0406967623766,1.6259960055373601,63.0,540.0,150,25.0,0.8081328956019244,68.42311578568703,True,
kudamatsu,29,1869,6,303.91482188762524,33.76831354306947,50,75.0406967623766,1.6259960055373601,63.0,540.0,150,25.0,0.8081328956019244,68.42311578568703,True,
kudamatsu,29,1869,7,303.91482188762524,33.76831354306947,50,75.0406967623766,1.6259960055373601,63.0,540.0,150,25.0,0.8081328956019244,68.42311578568703,True,
kudamatsu,29,1869,8,303.91482188762524,33.76831354306947,50,75.0406967623766,1.6259960055373601,63.0,540.0,150,25.0,0.8081328956019244,68.42311578568703,True,
kudamatsu,29,1873,0,185.33255861999072,30.888759769998455,50,68.64168837777434,1.487341081986863,63.0,540.0,150,25.0,0.7386933525501014,62.544635931095904,True,
kudamatsu,29,1873,1,185.33255861999072,30.888759769998455,50,68.64168837777434,1.487341081986863,63.0,540.0,150,25.0,0.7386933525501014,62.544635931095904,True,
kudamatsu,29,1873,2,185.33255861999072,30.888759769998455,50,68.64168837777434,1.487341081986863,63.0,540.0,150,25.0,0.7386933525501014,62.544635931095904,True,
kudamatsu,29,1873,3,185.33255861999072,30.888759769998455,50,68.64168837777434,1.487341081986863,63.0,540.0,150,25.0,0.7386933525501014,62.544635931095904,True,
kudamatsu,29,1873,4,185.33255861999072,30.888759769998455,50,68.64168837777434,1.487341081986863,63.0,540.0,150,25.0,0.7386933525501014,62.544635931095904,True,
kudamatsu,29,1873,5,185.33255861999072,30.888759769998455,50,68.64168837777434,1.487341081986863,63.0,540.0,150,25.0,0.7386933525501014,62.544635931095904,True,
kudamatsu,30,1332,0,20.68659166721972,20.68659166721972,30,76.61700617488785,1.730545874529098,45.0,361.0,100,25.0,0.6901638295902249,54.69653558780536,True,
kudamatsu,30,1395,0,107.0699479019018,26.76748697547545,50,59.483304389945445,1.2888954861451505,63.0,540.0,100,25.0,0.8948850439297135,70.9209707925318,True,
kudamatsu,30,1395,1,107.0699479019018,26.76748697547545,50,59.483304389945445,1.2888954861451505,63.0,540.0,100,25.0,0.8948850439297135,70.9209707925318,True,
kudamatsu,30,1395,2,107.0699479019018,26.76748697547545,50,59.483304389945445,1.2888954861451505,63.0,540.0,100,25.0,0.8948850439297135,70.9209707925318,True,
kudamatsu,30,1395,3,107.0699479019018,26.76748697547545,50,59.483304389945445,1.2888954861451505,63.0,540.0,100,25.0,0.8948850439297135,70.9209707925318,True,
kudamatsu,30,1608,0,41.48906086792401,20.744530433962005,30,76.83159419985927,1.7353927674041603,45.0,361.0,100,25.0,0.6921104015729692,54.8508041410715,True,
kudamatsu,30,1608,1,41.48906086792401,20.744530433962005,30,76.83159419985927,1.7353927674041603,45.0,361.0,100,25.0,0.6921104015729692,54.8508041410715,True,
kudamatsu,30,1669,0,45.125939147307285,22.562969573653643,50,50.139932385896984,1.086441534991949,63.0,540.0,100,25.0,0.7532437149988948,59.69570407244642,True,
kudamatsu,30,1669,1,45.125939147307285,22.562969573653643,50,50.139932385896984,1.086441534991949,63.0,540.0,100,25.0,0.7532437149988948,59.69570407244642,True,
kudamatsu,30,2020,0,42.80766196409149,21.403830982045744,30,79.2734480816509,1.7905468431414917,45.0,361.0,100,25.0,0.7142663751298799,56.60669594970684,True,
kudamatsu,30,2020,1,42.80766196409149,21.403830982045744,30,79.2734480816509,1.7905468431414917,45.0,361.0,100,25.0,0.7142663751298799,56.60669594970684,True,
kudamatsu,30,2029,0,47.84623240964019,23.923116204820094,50,53.16248045515576,1.151934678035678,63.0,540.0,100,25.0,0.7990195595356416,63.3235023993242,True,
kudamatsu,30,2029,1,47.84623240964019,23.923116204820094,50,53.16248045515576,1.151934678035678,63.0,540.0,100,25.0,0.7990195595356416,63.3235023993242,True,
kudamatsu,31,1321,0,8.80357291041667,8.80357291041667,20,48.90873839120371,0.9152526417800297,38.0,231.0,60,25.0,0.4553334913098811,31.99507798106473,True,
kudamatsu,31,1333,0,74.97933738496845,24.99311246165615,50,55.540249914791445,1.203456636256551,63.0,540.0,100,25.0,0.8350603287699089,66.17978215459154,True,
kudamatsu,31,1333,1,74.97933738496845,24.99311246165615,50,55.540249914791445,1.203456636256551,63.0,540.0,100,25.0,0.8350603287699089,66.17978215459154,True,
kudamatsu,31,1333,2,74.97933738496845,24.99311246165615,50,55.540249914791445,1.203456636256551,63.0,540.0,100,25.0,0.8350603287699089,66.17978215459154,True,
kudamatsu,31,1416,0,50.80880388503089,25.404401942515445,50,56.454226538923216,1.2232608545555723,63.0,540.0,100,25.0,0.8489208581945226,67.27824775199825,True,
kudamatsu,31,1416,1,50.80880388503089,25.404401942515445,50,56.454226538923216,1.2232608545555723,63.0,540.0,100,25.0,0.8489208581945226,67.27824775199825,True,
kudamatsu,31,1468,0,65.74630952133262,32.87315476066631,50,73.05145502370291,1.5828927394339822,63.0,540.0,150,25.0,0.786535727568153,66.59480089597396,True,
kudamatsu,31,1468,1,65.74630952133262,32.87315476066631,50,73.05145502370291,1.5828927394339822,63.0,540.0,150,25.0,0.786535727568153,66.59480089597396,True,
kudamatsu,31,1498,0,297.2636818936399,33.02929798818221,50,73.39843997373823,1.5904112749364654,63.0,540.0,150,25.0,0.7903022426975375,66.91365748224901,True,
kudamatsu,31,1498,1,297.2636818936399,33.02929798818221,50,73.39843997373823,1.5904112749364654,63.0,540.0,150,25.0,0.7903022426975375,66.91365748224901,True,
kudamatsu,31,1498,2,297.2636818936399,33.02929798818221,50,73.39843997373823,1.5904112749364654,63.0,540.0,150,25.0,0.7903022426975375,66.91365748224901,True,
kudamatsu,31,1498,3,297.2636818936399,33.02929798818221,50,73.39843997373823,1.5904112749364654,63.0,540.0,150,25.0,0.7903022426975375,66.91365748224901,True,
kudamatsu,31,1498,4,297.2636818936399,33.02929798818221,50,73.39843997373823,1.5904112749364654,63.0,540.0,150,25.0,0.7903022426975375,66.91365748224901,True,
kudamatsu,31,1498,5,297.2636818936399,33.02929798818221,50,73.39843997373823,1.5904112749364654,63.0,540.0,150,25.0,0.7903022426975375,66.91365748224901,True,
kudamatsu,31,1498,6,297.2636818936399,33.02929798818221,50,73.39843997373823,1.5904112749364654,63.0,540.0,150,25.0,0.7903022426975375,66.91365748224901,True,
kudamatsu,31,1498,7,297.2636818936399,33.02929798818221,50,73.39843997373823,1.5904112749364654,63.0,540.0,150,25.0,0.7903022426975375,66.91365748224901,True,
kudamatsu,31,1498,8,297.2636818936399,33.02929798818221,50,73.39843997373823,1.5904112749364654,63.0,540.0,150,25.0,0.7903022426975375,66.91365748224901,True,
kudamatsu,31,1504,0,3.157672726685976,3.157672726685976,10,35.08525251873307,0.6098617420732494,24.0,122.0,60,25.0,0.1628285435625035,11.442400742570104,True,
kudamatsu,31,1862,0,9.956776952678348,9.956776952678348,20,55.315427514879715,1.0351440832358665,38.0,231.0,60,25.0,0.5152972497150797,36.20800881471509,True,
kudamatsu,31,1868,0,21.161707375066104,21.161707375066104,30,78.3766939817263,1.7702918868913193,45.0,361.0,100,25.0,0.7061285884125011,55.961765021929274,True,
kudamatsu,31,26,0,9.2275626827093,9.2275626827093,20,51.26423712616277,0.9593322175531094,38.0,231.0,60,25.0,0.4773712551057602,33.54342132685219,True,
kudamatsu,31,29,0,6.035309390602509,6.035309390602509,10,67.05899322891676,1.1656383094415361,24.0,122.0,60,25.0,0.31169353744932743,21.902696552147827,True,
kudamatsu,32,2141,0,243.99633905985297,34.85661986569328,50,77.45915525709619,1.6783996214635857,63.0,540.0,150,25.0,0.8344030825122943,70.6470060857008,True,
kudamatsu,32,2141,1,243.99633905985297,34.85661986569328,50,77.45915525709619,1.6783996214635857,63.0,540.0,150,25.0,0.8344030825122943,70.6470060857008,True,
kudamatsu,32,2141,2,243.99633905985297,34.85661986569328,50,77.45915525709619,1.6783996214635857,63.0,540.0,150,25.0,0.8344030825122943,70.6470060857008,True,
kudamatsu,32,2141,3,243.99633905985297,34.85661986569328,50,77.45915525709619,1.6783996214635857,63.0,540.0,150,25.0,0.8344030825122943,70.6470060857008,True,
kudamatsu,32,2141,4,243.99633905985297,34.85661986569328,50,77.45915525709619,1.6783996214635857,63.0,540.0,150,25.0,0.8344030825122943,70.6470060857008,True,
kudamatsu,32,2141,5,243.99633905985297,34.85661986569328,50,77.45915525709619,1.6783996214635857,63.0,540.0,150,25.0,0.8344030825122943,70.6470060857008,True,
kudamatsu,32,2141,6,243.99633905985297,34.85661986569328,50,77.45915525709619,1.6783996214635857,63.0,540.0,150,25.0,0.8344030825122943,70.6470060857008,True,
kudamatsu,32,2146,0,42.49265343311764,21.24632671655882,30,78.69009895021784,1.7773707549175892,45.0,361.0,100,25.0,0.7089724960177554,56.18714866199629,True,
kudamatsu,32,2146,1,42.49265343311764,21.24632671655882,30,78.69009895021784,1.7773707549175892,45.0,361.0,100,25.0,0.7089724960177554,56.18714866199629,True,
kudamatsu,32,2147,0,9.25092297146884,9.25092297146884,20,51.39401650816022,0.9617608412741234,38.0,231.0,60,25.0,0.4785857477967121,33.62874941959407,True,
kudamatsu,32,2153,0,3.220368714830587,3.220368714830587,10,35.781874609228744,0.6219706234743327,24.0,122.0,60,25.0,0.16606705144082093,11.66996957785988,True,
kudamatsu,32,525,0,3.3338306189638303,3.3338306189638303,10,37.04256243293145,0.6438842543357141,24.0,122.0,60,25.0,0.17192837847787923,12.081842038389686,True,
kudamatsu,32,682,0,4.710081241987958,4.710081241987958,10,52.33423602208842,0.9096884320117745,24.0,122.0,60,25.0,0.24308049678781107,17.08156492820365,True,
kudamatsu,33,2803,0,47.32142011461464,23.66071005730732,50,52.57935568290515,1.1392994202180193,63.0,540.0,100,25.0,0.7901849436713958,62.62334706007233,True,
kudamatsu,33,2803,1,47.32142011461464,23.66071005730732,50,52.57935568290515,1.1392994202180193,63.0,540.0,100,25.0,0.7901849436713958,62.62334706007233,True,
kudamatsu,33,2806,0,83.76561092803526,27.921870309345085,50,62.04860068743352,1.344480811344672,63.0,540.0,100,25.0,0.9338453431333061,74.00862588682621,True,
kudamatsu,33,2806,1,83.76561092803526,27.921870309345085,50,62.04860068743352,1.344480811344672,63.0,540.0,100,25.0,0.9338453431333061,74.00862588682621,True,
kudamatsu,33,2806,2,83.76561092803526,27.921870309345085,50,62.04860068743352,1.344480811344672,63.0,540.0,100,25.0,0.9338453431333061,74.00862588682621,True,
kudamatsu,33,987,0,46.73206785697214,23.36603392848607,50,51.92451984108015,1.1251103133862717,63.0,540.0,100,25.0,0.7802657618992455,61.83723836204365,True,
kudamatsu,33,987,1,46.73206785697214,23.36603392848607,50,51.92451984108015,1.1251103133862717,63.0,540.0,100,25.0,0.7802657618992455,61.83723836204365,True,
kudamatsu,34,1335,0,109.74648873872788,27.43662218468197,50,60.970271521515485,1.3211153710957717,63.0,540.0,100,25.0,0.9174645086282648,72.71042321505483,True,
kudamatsu,34,1335,1,109.74648873872788,27.43662218468197,50,60.970271521515485,1.3211153710957717,63.0,540.0,100,25.0,0.9174645086282648,72.71042321505483,True,
kudamatsu,34,1335,2,109.74648873872788,27.43662218468197,50,60.970271521515485,1.3211153710957717,63.0,540.0,100,25.0,0.9174645086282648,72.71042321505483,True,
kudamatsu,34,1335,3,109.74648873872788,27.43662218468197,50,60.970271521515485,1.3211153710957717,63.0,540.0,100,25.0,0.9174645086282648,72.71042321505483,True,
kudamatsu,34,1376,0,20.701587951226927,20.701587951226927,30,76.67254796750714,1.731800395227308,45.0,361.0,100,25.0,0.6906676532092807,54.73646431469395,True,
kudamatsu,34,1438,0,202.0526449246891,33.67544082078152,50,74.83431293507003,1.6215240417458905,63.0,540.0,150,25.0,0.8058917403290133,68.23339080321541,True,
kudamatsu,34,1438,1,202.0526449246891,33.67544082078152,50,74.83431293507003,1.6215240417458905,63.0,540.0,150,25.0,0.8058917403290133,68.23339080321541,True,
kudamatsu,34,1438,2,202.0526449246891,33.67544082078152,50,74.83431293507003,1.6215240417458905,63.0,540.0,150,25.0,0.8058917403290133,68.23339080321541,True,
kudamatsu,34,1438,3,202.0526449246891,33.67544082078152,50,74.83431293507003,1.6215240417458905,63.0,540.0,150,25.0,0.8058917403290133,68.23339080321541,True,
kudamatsu,34,1438,4,202.0526449246891,33.67544082078152,50,74.83431293507003,1.6215240417458905,63.0,540.0,150,25.0,0.8058917403290133,68.23339080321541,True,
kudamatsu,34,1438,5,202.0526449246891,33.67544082078152,50,74.83431293507003,1.6215240417458905,63.0,540.0,150,25.0,0.8058917403290133,68.23339080321541,True,
kudamatsu,34,1466,0,5.62403969168517,5.62403969168517,10,62.489329907613,1.0862071344106439,24.0,122.0,60,25.0,0.2903898532443079,20.405800299732157,True,
kudamatsu,34,1734,0,283.0324520535938,31.448050228177085,50,69.88455606261574,1.5142717739734122,63.0,540.0,150,25.0,0.752172661925223,63.685753758442424,True,
kudamatsu,34,1734,1,283.0324520535938,31.448050228177085,50,69.88455606261574,1.5142717739734122,63.0,540.0,150,25.0,0.752172661925223,63.685753758442424,True,
kudamatsu,34,1734,2,283.0324520535938,31.448050228177085,50,69.88455606261574,1.5142717739734122,63.0,540.0,150,25.0,0.752172661925223,63.685753758442424,True,
kudamatsu,34,1734,3,283.0324520535938,31.448050228177085,50,69.88455606261574,1.5142717739734122,63.0,540.0,150,25.0,0.752172661925223,63.685753758442424,True,
kudamatsu,34,1734,4,283.0324520535938,31.448050228177085,50,69.88455606261574,1.5142717739734122,63.0,540.0,150,25.0,0.752172661925223,63.685753758442424,True,
kudamatsu,34,1734,5,283.0324520535938,31.448050228177085,50,69.88455606261574,1.5142717739734122,63.0,540.0,150,25.0,0.752172661925223,63.685753758442424,True,
kudamatsu,34,1734,6,283.0324520535938,31.448050228177085,50,69.88455606261574,1.5142717739734122,63.0,540.0,150,25.0,0.752172661925223,63.685753758442424,True,
kudamatsu,34,1734,7,283.0324520535938,31.448050228177085,50,69.88455606261574,1.5142717739734122,63.0,540.0,150,25.0,0.752172661925223,63.685753758442424,True,
kudamatsu,34,1734,8,283.0324520535938,31.448050228177085,50,69.88455606261574,1.5142717739734122,63.0,540.0,150,25.0,0.752172661925223,63.685753758442424,True,
kudamatsu,34,1970,0,22.24150913236932,22.24150913236932,50,49.425575849709595,1.0709627225010638,63.0,540.0,100,25.0,0.7424311544452794,58.838793740663334,True,
kudamatsu,35,1322,0,5.542351512894266,5.542351512894266,10,61.58168347660295,1.0704301684815316,24.0,122.0,60,25.0,0.2861595374320592,20.108556601583384,True,
kudamatsu,35,1328,0,32.64269728484186,32.64269728484186,50,72.53932729964858,1.5717958590801901,63.0,540.0,150,25.0,0.7809771272888795,66.12423342898447,True,
kudamatsu,35,1363,0,35.87772297227441,17.938861486137206,30,66.44022772643409,1.500683304334589,45.0,361.0,60,25.0,0.9324062442505281,65.5096215643573,True,
kudamatsu,35,1363,1,35.87772297227441,17.938861486137206,30,66.44022772643409,1.500683304334589,45.0,361.0,60,25.0,0.9324062442505281,65.5096215643573,True,
kudamatsu,35,1476,0,12.297305850798695,12.297305850798695,20,68.31836583777053,1.2784742946131653,38.0,231.0,60,25.0,0.6372286358985472,44.774255135673606,True,
kudamatsu,35,1649,0,48.89086335007104,24.44543167503552,50,54.32318150007894,1.1770849677330728,63.0,540.0,100,25.0,0.816609453027216,64.71752533084197,True,
kudamatsu,35,1649,1,48.89086335007104,24.44543167503552,50,54.32318150007894,1.1770849677330728,63.0,540.0,100,25.0,0.816609453027216,64.71752533084197,True,
kudamatsu,35,1720,0,32.4305054875526,32.4305054875526,50,72.06778997233911,1.5615784991175707,63.0,540.0,150,25.0,0.7758596579764847,65.69100934580472,True,
kudamatsu,35,2404,0,28.36484729183218,28.36484729183218,50,63.03299398184929,1.3658108313692237,63.0,540.0,100,25.0,0.9488039808175992,75.1941175064641,True,
kudamatsu,35,2408,0,20.96166585352162,20.96166585352162,30,77.63579945748748,1.753557325905524,45.0,361.0,100,25.0,0.6994061963016223,55.42900606939592,True,
kudamatsu,35,2409,0,21.62650485992392,21.62650485992392,50,48.05889968871982,1.041349325044623,63.0,540.0,100,25.0,0.7217516420071558,57.199913750562544,True,
kudamatsu,35,2411,0,10.87863365511553,10.87863365511553,20,60.43685363953072,1.1309837827344562,38.0,231.0,60,25.0,0.56328516592775,39.57944731434816,True,
kudamatsu,35,2894,0,5.72773021934974,5.72773021934974,10,63.641446881663775,1.1062335561812042,24.0,122.0,60,25.0,0.29576011780588507,20.783141706106097,True,
kudamatsu,36,1341,0,53.10544047656695,26.552720238283474,50,59.00604497396327,1.2785541388832846,63.0,540.0,100,25.0,0.8876401029381159,70.34679960387271,True,
kudamatsu,36,1341,1,53.10544047656695,26.552720238283474,50,59.00604497396327,1.2785541388832846,63.0,540.0,100,25.0,0.8876401029381159,70.34679960387271,True,
kudamatsu,36,1471,0,10.49112060454003,10.49112060454003,20,58.28400335855572,1.090696464520302,38.0,231.0,60,25.0,0.5431070768410758,38.161825913578326,True,
kudamatsu,36,1576,0,15.17935587561094,15.17935587561094,30,56.21983657633681,1.2698356554392238,45.0,361.0,60,25.0,0.7877965304565139,55.3516048568587,True,
kudamatsu,36,1658,0,12.9010527246785,12.9010527246785,20,71.67251513710278,1.3412420966076368,38.0,231.0,60,25.0,0.6687313679198393,46.987380660978765,True,
kudamatsu,36,1866,0,7.668056584324387,7.668056584324387,20,42.6003143573577,0.7972000820050547,38.0,231.0,60,25.0,0.3963620904228887,27.85174050626109,True,
kudamatsu,36,19,0,116.10546174326072,29.02636543581518,50,64.50303430181151,1.3976639429655418,63.0,540.0,150,25.0,0.6938353526048705,58.747049863238615,True,
kudamatsu,36,19,1,116.10546174326072,29.02636543581518,50,64.50303430181151,1.3976639429655418,63.0,540.0,150,25.0,0.6938353526048705,58.747049863238615,True,
kudamatsu,36,19,2,116.10546174326072,29.02636543581518,50,64.50303430181151,1.3976639429655418,63.0,540.0,150,25.0,0.6938353526048705,58.747049863238615,True,
kudamatsu,36,19,3,116.10546174326072,29.02636543581518,50,64.50303430181151,1.3976639429655418,63.0,540.0,150,25.0,0.6938353526048705,58.747049863238615,True,
kudamatsu,36,2022,0,26.346505489065144,26.346505489065144,50,58.54778997570032,1.268624582937761,63.0,540.0,100,25.0,0.8806846605520355,69.7955715461519,True,
kudamatsu,36,2033,0,16.809818003864926,16.809818003864926,30,62.25858519949973,1.4062326779655108,45.0,361.0,60,25.0,0.873186863543719,61.349885507897746,True,
kudamatsu,37,1358,0,10.081125856146018,10.081125856146018,20,56.006254756366765,1.0480718642129028,38.0,231.0,60,25.0,0.5217675367297775,36.66259010881323,True,
kudamatsu,37,1447,0,6.791208296798361,6.791208296798361,10,75.45786996442624,1.3116299506486622,24.0,122.0,60,25.0,0.35087339708384424,24.65561307077206,True,
kudamatsu,37,1956,0,11.494063474277034,11.494063474277034,20,63.85590819042797,1.1949661877817626,38.0,231.0,60,25.0,0.5953484177355167,41.83203613812035,True,
kudamatsu,37,1962,0,4.501384136830242,4.501384136830242,10,50.0153792981138,0.8693814112614932,24.0,122.0,60,25.0,0.23228414977151737,16.32293823650001,True,
kudamatsu,37,1963,0,11.373981965766378,11.373981965766378,20,63.18878869870209,1.1824820612786167,38.0,231.0,60,25.0,0.5890906209641923,41.39240047298454,True,
kudamatsu,37,1964,0,20.697753956277257,20.697753956277257,30,76.65834798621206,1.7314796607027496,45.0,361.0,100,25.0,0.6905388436617191,54.72625597779528,True,
kudamatsu,37,1966,0,3.0863334205001327,3.0863334205001327,10,34.29259356111258,0.5960835207961961,24.0,122.0,60,25.0,0.15914383502739665,11.183477073983246,True,
kudamatsu,37,1968,0,10.192296826565707,10.192296826565707,20,56.62387125869837,1.0596296175706872,38.0,231.0,60,25.0,0.5275528668142302,37.06904727068338,True,
kudamatsu,37,1971,0,7.707012086714,7.707012086714,20,42.816733815077775,0.8012500429512264,38.0,231.0,60,25.0,0.3983839970427588,27.993801997158755,True,
kudamatsu,37,1972,0,8.10546878177515,8.10546878177515,20,45.03038212097305,0.8426751037192408,38.0,231.0,60,25.0,0.4190699429510606,29.447211856756827,True,
kudamatsu,37,2661,0,14.68217452596834,14.68217452596834,30,54.378424170253105,1.2282437321607165,45.0,361.0,60,25.0,0.7617884246589922,53.52460186590728,True,
kudamatsu,38,1048,0,28.417520566258343,28.417520566258343,50,63.15004570279633,1.3683471301899,63.0,540.0,100,25.0,0.9505829781951731,75.33510537227046,True,
kudamatsu,38,1082,0,9.386266785110854,9.386266785110854,20,52.14592658394919,0.975831694579361,38.0,231.0,60,25.0,0.48562282340767415,34.12316075850801,True,
kudamatsu,38,1131,0,37.940235167965305,18.970117583982653,30,70.25969475549131,1.5869534842858555,45.0,361.0,60,25.0,0.9865606805671167,69.31347080771054,True,
kudamatsu,38,1131,1,37.940235167965305,18.970117583982653,30,70.25969475549131,1.5869534842858555,45.0,361.0,60,25.0,0.9865606805671167,69.31347080771054,True,
kudamatsu,38,1138,0,59.00701698016278,29.50350849008139,50,65.56335220018087,1.420639111663772,63.0,540.0,150,25.0,0.7053239521529994,59.71965732622701,True,
kudamatsu,38,1138,1,59.00701698016278,29.50350849008139,50,65.56335220018087,1.420639111663772,63.0,540.0,150,25.0,0.7053239521529994,59.71965732622701,True,
kudamatsu,38,1268,0,11.889430496340154,11.889430496340154,20,66.0523916463342,1.2360700344924325,38.0,231.0,60,25.0,0.6159578897206567,43.27992528254749,True,
kudamatsu,38,830,0,8.195287921777222,8.195287921777222,20,45.52937734320679,0.8520130402599875,38.0,231.0,60,25.0,0.42373414131802856,29.77491973044713,True,
kudamatsu,38,879,0,29.23388233210484,29.23388233210484,50,64.96418296023298,1.4076561992864898,63.0,540.0,150,25.0,0.6988315870979515,59.170024047517146,True,
kudamatsu,39,1354,0,20.444851828135477,20.444851828135477,30,75.7216734375388,1.7103230225500805,45.0,361.0,100,25.0,0.6820429119300981,54.05294148575658,True,
kudamatsu,39,1378,0,6.951562666593792,6.951562666593792,10,77.23958518437546,1.3426002264742811,24.0,122.0,60,25.0,0.3591889857410517,25.23988875288782,True,
kudamatsu,39,1418,0,20.67146216958893,20.67146216958893,30,76.56097099847753,1.7292802097869382,45.0,361.0,100,25.0,0.6896555356688271,54.65625258310816,True,
kudamatsu,39,1480,0,13.607070999836916,13.607070999836916,20,75.59483888798287,1.4146424191879305,38.0,231.0,60,25.0,0.7055966750960708,49.57719135998536,True,
kudamatsu,39,1556,0,30.219710614115037,30.219710614115037,50,67.15491247581119,1.45512534063552,63.0,540.0,150,25.0,0.7225737130753596,61.179987927973336,True,
kudamatsu,39,27,0,16.43781900889681,16.43781900889681,30,60.88081114406226,1.3751129393238302,45.0,361.0,60,25.0,0.8536911917382943,59.98042689354798,True,
kudamatsu,40,14,0,52.20328500744288,26.10164250372144,50,58.00365000826987,1.2568340552418782,63.0,540.0,100,25.0,0.8724269262658135,69.14113510110867,True,
kudamatsu,40,14,1,52.20328500744288,26.10164250372144,50,58.00365000826987,1.2568340552418782,63.0,540.0,100,25.0,0.8724269262658135,69.14113510110867,True,
kudamatsu,40,1431,0,70.85599964600573,23.618666548668575,50,52.485925663707945,1.1372749608970592,63.0,540.0,100,25.0,0.7887695821785693,62.51117773154952,True,
kudamatsu,40,1431,1,70.85599964600573,23.618666548668575,50,52.485925663707945,1.1372749608970592,63.0,540.0,100,25.0,0.7887695821785693,62.51117773154952,True,
kudamatsu,40,1431,2,70.85599964600573,23.618666548668575,50,52.485925663707945,1.1372749608970592,63.0,540.0,100,25.0,0.7887695821785693,62.51117773154952,True,
kudamatsu,40,15,0,20.3697933393858,20.3697933393858,30,75.44367903476223,1.7040439718420817,45.0,361.0,100,25.0,0.6795216972616507,53.853131686197855,True,
kudamatsu,40,1527,0,27.034025457539883,27.034025457539883,50,60.07561212786641,1.3017297221991955,63.0,540.0,100,25.0,0.9038779400168144,71.6336697160525,True,
kudamatsu,40,16,0,154.95515219965728,30.991030439931457,50,68.86895653318102,1.4922655713482464,63.0,540.0,150,25.0,0.7411578697776479,62.753274995548914,True,
kudamatsu,40,16,1,154.95515219965728,30.991030439931457,50,68.86895653318102,1.4922655713482464,63.0,540.0,150,25.0,0.7411578697776479,62.753274995548914,True,
kudamatsu,40,16,2,154.95515219965728,30.991030439931457,50,68.86895653318102,1.4922655713482464,63.0,540.0,150,25.0,0.7411578697776479,62.753274995548914,True,
kudamatsu,40,16,3,154.95515219965728,30.991030439931457,50,68.86895653318102,1.4922655713482464,63.0,540.0,150,25.0,0.7411578697776479,62.753274995548914,True,
kudamatsu,40,16,4,154.95515219965728,30.991030439931457,50,68.86895653318102,1.4922655713482464,63.0,540.0,150,25.0,0.7411578697776479,62.753274995548914,True,
kudamatsu,40,1748,0,5.443744714891965,5.443744714891965,10,60.486052387688495,1.0513856002773203,24.0,122.0,60,25.0,0.281053563403069,19.749783793370856,True,
kudamatsu,40,2394,0,123.30058854969056,30.82514713742264,50,68.5003269720503,1.4842780363201593,63.0,540.0,150,25.0,0.7371604795551299,62.41486713510797,True,
kudamatsu,40,2394,1,123.30058854969056,30.82514713742264,50,68.5003269720503,1.4842780363201593,63.0,540.0,150,25.0,0.7371604795551299,62.41486713510797,True,
kudamatsu,40,2394,2,123.30058854969056,30.82514713742264,50,68.5003269720503,1.4842780363201593,63.0,540.0,150,25.0,0.7371604795551299,62.41486713510797,True,
kudamatsu,40,2394,3,123.30058854969056,30.82514713742264,50,68.5003269720503,1.4842780363201593,63.0,540.0,150,25.0,0.7371604795551299,62.41486713510797,True,
kudamatsu,40,2398,0,41.00278345132352,20.50139172566176,30,75.93108046541393,1.715052892408993,45.0,361.0,100,25.0,0.683942172245874,54.203460528795006,True,
kudamatsu,40,2398,1,41.00278345132352,20.50139172566176,30,75.93108046541393,1.715052892408993,45.0,361.0,100,25.0,0.683942172245874,54.203460528795006,True,
kudamatsu,40,2400,0,93.41578739486448,31.13859579828816,50,69.19687955175146,1.4993710693156723,63.0,540.0,150,25.0,0.7447141192262544,63.05433667653434,True,
kudamatsu,40,2400,1,93.41578739486448,31.13859579828816,50,69.19687955175146,1.4993710693156723,63.0,540.0,150,25.0,0.7447141192262544,63.05433667653434,True,
kudamatsu,40,2400,2,93.41578739486448,31.13859579828816,50,69.19687955175146,1.4993710693156723,63.0,540.0,150,25.0,0.7447141192262544,63.05433667653434,True,
kudamatsu,40,2926,0,34.60608778615612,34.60608778615612,50,76.90241730256915,1.666336118201368,63.0,540.0,150,25.0,0.82835432284971,70.1349531728033,True,
kudamatsu,41,1741,0,42.24432682224782,21.12216341112391,30,78.23023485601449,1.766983819290646,45.0,361.0,100,25.0,0.7047996414268082,55.856444120722365,True,
kudamatsu,41,1741,1,42.24432682224782,21.12216341112391,30,78.23023485601449,1.766983819290646,45.0,361.0,100,25.0,0.7047996414268082,55.856444120722365,True,
kudamatsu,41,1745,0,59.97338038748212,29.98669019374106,50,66.63708931942458,1.4439050505771058,63.0,540.0,150,25.0,0.7169607304454049,60.70480499654272,True,
kudamatsu,41,1745,1,59.97338038748212,29.98669019374106,50,66.63708931942458,1.4439050505771058,63.0,540.0,150,25.0,0.7169607304454049,60.70480499654272,True,
kudamatsu,41,1973,0,102.146150545433,34.04871684847767,50,75.66381521883926,1.6394978540662088,63.0,540.0,150,25.0,0.8149000707016372,68.99598995118261,True,
kudamatsu,41,1973,1,102.146150545433,34.04871684847767,50,75.66381521883926,1.6394978540662088,63.0,540.0,150,25.0,0.8149000707016372,68.99598995118261,True,
kudamatsu,41,1973,2,102.146150545433,34.04871684847767,50,75.66381521883926,1.6394978540662088,63.0,540.0,150,25.0,0.8149000707016372,68.99598995118261,True,
kudamatsu,41,1976,0,42.12115235821872,21.06057617910936,30,78.00213399670133,1.7618317124573422,45.0,361.0,100,25.0,0.7027299616022257,55.69241910816208,True,
kudamatsu,41,1976,1,42.12115235821872,21.06057617910936,30,78.00213399670133,1.7618317124573422,45.0,361.0,100,25.0,0.7027299616022257,55.69241910816208,True,
kudamatsu,41,2115,0,32.1223509542665,32.1223509542665,50,71.38300212059222,1.5467403864717508,63.0,540.0,150,25.0,0.7684288024269189,65.06194190135592,True,
kudamatsu,41,2116,0,21.26935501430393,21.26935501430393,30,78.7753889418664,1.7792971972383596,45.0,361.0,100,25.0,0.7097464651119724,56.24848679056191,True,
kudamatsu,41,2117,0,15.970760593665736,15.970760593665736,30,59.15096516172494,1.3360409632997168,45.0,361.0,60,25.0,0.8292248796513761,58.26178999307791,True,
kudamatsu,41,2885,0,8.893657290684061,8.893657290684061,20,49.409207170467006,0.9246181536990927,38.0,231.0,60,25.0,0.4600149760358634,32.32399421663218,True,
kudamatsu,41,824,0,11.678854197295914,11.678854197295914,20,64.88252331831063,1.214177728271119,38.0,231.0,60,25.0,0.6049799881046981,42.508690336333,True,
kudamatsu,42,1530,0,96.53955850274056,32.17985283424685,50,71.51078407610412,1.549509190043765,63.0,540.0,150,25.0,0.769815319233996,65.17931917930845,True,
kudamatsu,42,1530,1,96.53955850274056,32.17985283424685,50,71.51078407610412,1.549509190043765,63.0,540.0,150,25.0,0.769815319233996,65.17931917930845,True,
kudamatsu,42,1530,2,96.53955850274056,32.17985283424685,50,71.51078407610412,1.549509190043765,63.0,540.0,150,25.0,0.769815319233996,65.17931917930845,True,
kudamatsu,42,1861,0,680.3852878205396,34.01926439102698,50,75.59836531339329,1.638079673140265,63.0,540.0,150,25.0,0.8141892287307515,68.93581380361651,True,
kudamatsu,42,1861,1,680.3852878205396,34.01926439102698,50,75.59836531339329,1.638079673140265,63.0,540.0,150,25.0,0.8141892287307515,68.93581380361651,True,
kudamatsu,42,1861,2,680.3852878205396,34.01926439102698,50,75.59836531339329,1.638079673140265,63.0,540.0,150,25.0,0.8141892287307515,68.93581380361651,True,
kudamatsu,42,1861,3,680.3852878205396,34.01926439102698,50,75.59836531339329,1.638079673140265,63.0,540.0,150,25.0,0.8141892287307515,68.93581380361651,True,
kudamatsu,42,1861,4,680.3852878205396,34.01926439102698,50,75.59836531339329,1.638079673140265,63.0,540.0,150,25.0,0.8141892287307515,68.93581380361651,True,
kudamatsu,42,1861,5,680.3852878205396,34.01926439102698,50,75.59836531339329,1.638079673140265,63.0,540.0,150,25.0,0.8141892287307515,68.93581380361651,True,
kudamatsu,42,1861,6,680.3852878205396,34.01926439102698,50,75.59836531339329,1.638079673140265,63.0,540.0,150,25.0,0.8141892287307515,68.93581380361651,True,
kudamatsu,42,1861,7,680.3852878205396,34.01926439102698,50,75.59836531339329,1.638079673140265,63.0,540.0,150,25.0,0.8141892287307515,68.93581380361651,True,
kudamatsu,42,1861,8,680.3852878205396,34.01926439102698,50,75.59836531339329,1.638079673140265,63.0,540.0,150,25.0,0.8141892287307515,68.93581380361651,True,
kudamatsu,42,1861,9,680.3852878205396,34.01926439102698,50,75.59836531339329,1.638079673140265,63.0,540.0,150,25.0,0.8141892287307515,68.93581380361651,True,
kudamatsu,42,1861,10,680.3852878205396,34.01926439102698,50,75.59836531339329,1.638079673140265,63.0,540.0,150,25.0,0.8141892287307515,68.93581380361651,True,
kudamatsu,42,1861,11,680.3852878205396,34.01926439102698,50,75.59836531339329,1.638079673140265,63.0,540.0,150,25.0,0.8141892287307515,68.93581380361651,True,
kudamatsu,42,1861,12,680.3852878205396,34.01926439102698,50,75.59836531339329,1.638079673140265,63.0,540.0,150,25.0,0.8141892287307515,68.93581380361651,True,
kudamatsu,42,1861,13,680.3852878205396,34.01926439102698,50,75.59836531339329,1.638079673140265,63.0,540.0,150,25.0,0.8141892287307515,68.93581380361651,True,
kudamatsu,42,1861,14,680.3852878205396,34.01926439102698,50,75.59836531339329,1.638079673140265,63.0,540.0,150,25.0,0.8141892287307515,68.93581380361651,True,
kudamatsu,42,1861,15,680.3852878205396,34.01926439102698,50,75.59836531339329,1.638079673140265,63.0,540.0,150,25.0,0.8141892287307515,68.93581380361651,True,
kudamatsu,42,1861,16,680.3852878205396,34.01926439102698,50,75.59836531339329,1.638079673140265,63.0,540.0,150,25.0,0.8141892287307515,68.93581380361651,True,
kudamatsu,42,1861,17,680.3852878205396,34.01926439102698,50,75.59836531339329,1.638079673140265,63.0,540.0,150,25.0,0.8141892287307515,68.93581380361651,True,
kudamatsu,42,1861,18,680.3852878205396,34.01926439102698,50,75.59836531339329,1.638079673140265,63.0,540.0,150,25.0,0.8141892287307515,68.93581380361651,True,
kudamatsu,42,1861,19,680.3852878205396,34.01926439102698,50,75.59836531339329,1.638079673140265,63.0,540.0,150,25.0,0.8141892287307515,68.93581380361651,True,
kudamatsu,42,1865,0,20.198320281046136,20.198320281046136,30,74.80859363350422,1.6896993181419357,45.0,361.0,100,25.0,0.673762400750653,53.39669934922091,True,
kudamatsu,43,1712,0,92.46792920834388,30.82264306944796,50,68.49476237655102,1.484157461612772,63.0,540.0,150,25.0,0.737100140047392,62.40975895739623,True,
kudamatsu,43,1712,1,92.46792920834388,30.82264306944796,50,68.49476237655102,1.484157461612772,63.0,540.0,150,25.0,0.737100140047392,62.40975895739623,True,
kudamatsu,43,1712,2,92.46792920834388,30.82264306944796,50,68.49476237655102,1.484157461612772,63.0,540.0,150,25.0,0.737100140047392,62.40975895739623,True,
kudamatsu,43,1863,0,226.32968413574747,32.3328120193925,50,71.85069337642777,1.556874409030489,63.0,540.0,150,25.0,0.7735037485291704,65.49156737298144,True,
kudamatsu,43,1863,1,226.32968413574747,32.3328120193925,50,71.85069337642777,1.556874409030489,63.0,540.0,150,25.0,0.7735037485291704,65.49156737298144,True,
kudamatsu,43,1863,2,226.32968413574747,32.3328120193925,50,71.85069337642777,1.556874409030489,63.0,540.0,150,25.0,0.7735037485291704,65.49156737298144,True,
kudamatsu,43,1863,3,226.32968413574747,32.3328120193925,50,71.85069337642777,1.556874409030489,63.0,540.0,150,25.0,0.7735037485291704,65.49156737298144,True,
kudamatsu,43,1863,4,226.32968413574747,32.3328120193925,50,71.85069337642777,1.556874409030489,63.0,540.0,150,25.0,0.7735037485291704,65.49156737298144,True,
kudamatsu,43,1863,5,226.32968413574747,32.3328120193925,50,71.85069337642777,1.556874409030489,63.0,540.0,150,25.0,0.7735037485291704,65.49156737298144,True,
kudamatsu,43,1863,6,226.32968413574747,32.3328120193925,50,71.85069337642777,1.556874409030489,63.0,540.0,150,25.0,0.7735037485291704,65.49156737298144,True,
kudamatsu,43,1864,0,22.492110177741683,22.492110177741683,50,49.98246706164818,1.0830295465738513,63.0,540.0,100,25.0,0.7508601026108863,59.50679950789005,True,
kudamatsu,43,1900,0,8.629472167789434,8.629472167789434,20,47.94151204327463,0.8971524719686456,38.0,231.0,60,25.0,0.4462871486815954,31.359489120213752,True,
kudamatsu,43,1901,0,15.308025999089118,15.308025999089118,30,56.696392589218945,1.2805996109009228,45.0,361.0,60,25.0,0.7945297025897194,55.824589007995286,True,
kudamatsu,43,1902,0,56.30911484494956,28.15455742247478,50,62.56568316105507,1.3556850521488908,63.0,540.0,100,25.0,0.9417022530578563,74.63129629427193,True,
kudamatsu,43,1902,1,56.30911484494956,28.15455742247478,50,62.56568316105507,1.3556850521488908,63.0,540.0,100,25.0,0.9417022530578563,74.63129629427193,True,
kudamatsu,44,1425,0,6.284731320098171,6.284731320098171,10,69.83034800109078,1.2138107787249948,24.0,122.0,60,25.0,0.3246181064209065,22.810829001512154,True,
kudamatsu,44,1443,0,5.790352455037838,5.790352455037838,10,64.33724950042043,1.1183281932936917,24.0,122.0,60,25.0,0.29900369148058253,21.011050759752226,True,
kudamatsu,44,1742,0,48.80917788131697,24.404588940658485,50,54.232419868129966,1.1751183275315247,63.0,540.0,100,25.0,0.8152337752359461,64.60850100288269,True,
kudamatsu,44,1742,1,48.80917788131697,24.404588940658485,50,54.232419868129966,1.1751183275315247,63.0,540.0,100,25.0,0.8152337752359461,64.60850100288269,True,
kudamatsu,44,1974,0,7.609679932922944,7.609679932922944,20,42.27599962734969,0.7911310251622105,38.0,231.0,60,25.0,0.39333232655556977,27.638865524007194,True,
kudamatsu,44,1979,0,18.73655141814463,18.73655141814463,30,69.39463488201713,1.5674144045175307,45.0,361.0,60,25.0,0.974290029952989,68.45158014867806,True,
kudamatsu,44,1980,0,35.194644120139415,17.597322060069708,30,65.17526688914707,1.4721116742527363,45.0,361.0,60,25.0,0.9144844569261966,64.2507581257249,True,
kudamatsu,44,1980,1,35.194644120139415,17.597322060069708,30,65.17526688914707,1.4721116742527363,45.0,361.0,60,25.0,0.9144844569261966,64.2507581257249,True,
kudamatsu,44,2660,0,6.32412653116358,6.32412653116358,10,70.26807256848423,1.221419430453418,24.0,122.0,60,25.0,0.326659806610291,22.954286550791135,True,
kudamatsu,44,2915,0,3.060854834879286,3.060854834879286,10,34.009498165325404,0.5911626768844841,24.0,122.0,60,25.0,0.15782792188964495,11.091008023208,True,
kudamatsu,45,1036,0,20.85186329216204,20.85186329216204,30,77.22912330430384,1.7443717446057947,45.0,361.0,100,25.0,0.6957166727084184,55.13660617081969,True,
kudamatsu,46,1746,0,36.89414323041908,18.44707161520954,30,68.32248746373904,1.5431978449804353,45.0,361.0,60,25.0,0.9590862635583687,67.38365986223297,True,
kudamatsu,46,1746,1,36.89414323041908,18.44707161520954,30,68.32248746373904,1.5431978449804353,45.0,361.0,60,25.0,0.9590862635583687,67.38365986223297,True,
kudamatsu,46,1852,0,85.99999188940119,28.66666396313373,50,63.70369769585273,1.3803437662555034,63.0,540.0,100,25.0,0.9589984702811145,76.002044096552,True,
kudamatsu,46,1852,1,85.99999188940119,28.66666396313373,50,63.70369769585273,1.3803437662555034,63.0,540.0,100,25.0,0.9589984702811145,76.002044096552,True,
kudamatsu,46,1852,2,85.99999188940119,28.66666396313373,50,63.70369769585273,1.3803437662555034,63.0,540.0,100,25.0,0.9589984702811145,76.002044096552,True,
kudamatsu,46,2749,0,998.3805424064366,34.42691525539436,50,76.50425612309859,1.6577086864834931,63.0,540.0,150,25.0,0.8240289082809633,69.7687879318477,True,
kudamatsu,46,2749,1,998.3805424064366,34.42691525539436,50,76.50425612309859,1.6577086864834931,63.0,540.0,150,25.0,0.8240289082809633,69.7687879318477,True,
kudamatsu,46,2749,2,998.3805424064366,34.42691525539436,50,76.50425612309859,1.6577086864834931,63.0,540.0,150,25.0,0.8240289082809633,69.7687879318477,True,
kudamatsu,46,2749,3,998.3805424064366,34.42691525539436,50,76.50425612309859,1.6577086864834931,63.0,540.0,150,25.0,0.8240289082809633,69.7687879318477,True,
kudamatsu,46,2749,4,998.3805424064366,34.42691525539436,50,76.50425612309859,1.6577086864834931,63.0,540.0,150,25.0,0.8240289082809633,69.7687879318477,True,
kudamatsu,46,2749,5,998.3805424064366,34.42691525539436,50,76.50425612309859,1.6577086864834931,63.0,540.0,150,25.0,0.8240289082809633,69.7687879318477,True,
kudamatsu,46,2749,6,998.3805424064366,34.42691525539436,50,76.50425612309859,1.6577086864834931,63.0,540.0,150,25.0,0.8240289082809633,69.7687879318477,True,
kudamatsu,46,2749,7,998.3805424064366,34.42691525539436,50,76.50425612309859,1.6577086864834931,63.0,540.0,150,25.0,0.8240289082809633,69.7687879318477,True,
kudamatsu,46,2749,8,998.3805424064366,34.42691525539436,50,76.50425612309859,1.6577086864834931,63.0,540.0,150,25.0,0.8240289082809633,69.7687879318477,True,
kudamatsu,46,2749,9,998.3805424064366,34.42691525539436,50,76.50425612309859,1.6577086864834931,63.0,540.0,150,25.0,0.8240289082809633,69.7687879318477,True,
kudamatsu,46,2749,10,998.3805424064366,34.42691525539436,50,76.50425612309859,1.6577086864834931,63.0,540.0,150,25.0,0.8240289082809633,69.7687879318477,True,
kudamatsu,46,2749,11,998.3805424064366,34.42691525539436,50,76.50425612309859,1.6577086864834931,63.0,540.0,150,25.0,0.8240289082809633,69.7687879318477,True,
kudamatsu,46,2749,12,998.3805424064366,34.42691525539436,50,76.50425612309859,1.6577086864834931,63.0,540.0,150,25.0,0.8240289082809633,69.7687879318477,True,
kudamatsu,46,2749,13,998.3805424064366,34.42691525539436,50,76.50425612309859,1.6577086864834931,63.0,540.0,150,25.0,0.8240289082809633,69.7687879318477,True,
kudamatsu,46,2749,14,998.3805424064366,34.42691525539436,50,76.50425612309859,1.6577086864834931,63.0,540.0,150,25.0,0.8240289082809633,69.7687879318477,True,
kudamatsu,46,2749,15,998.3805424064366,34.42691525539436,50,76.50425612309859,1.6577086864834931,63.0,540.0,150,25.0,0.8240289082809633,69.7687879318477,True,
kudamatsu,46,2749,16,998.3805424064366,34.42691525539436,50,76.50425612309859,1.6577086864834931,63.0,540.0,150,25.0,0.8240289082809633,69.7687879318477,True,
kudamatsu,46,2749,17,998.3805424064366,34.42691525539436,50,76.50425612309859,1.6577086864834931,63.0,540.0,150,25.0,0.8240289082809633,69.7687879318477,True,
kudamatsu,46,2749,18,998.3805424064366,34.42691525539436,50,76.50425612309859,1.6577086864834931,63.0,540.0,150,25.0,0.8240289082809633,69.7687879318477,True,
kudamatsu,46,2749,19,998.3805424064366,34.42691525539436,50,76.50425612309859,1.6577086864834931,63.0,540.0,150,25.0,0.8240289082809633,69.7687879318477,True,
kudamatsu,46,2749,20,998.3805424064366,34.42691525539436,50,76.50425612309859,1.6577086864834931,63.0,540.0,150,25.0,0.8240289082809633,69.7687879318477,True,
kudamatsu,46,2749,21,998.3805424064366,34.42691525539436,50,76.50425612309859,1.6577086864834931,63.0,540.0,150,25.0,0.8240289082809633,69.7687879318477,True,
kudamatsu,46,2749,22,998.3805424064366,34.42691525539436,50,76.50425612309859,1.6577086864834931,63.0,540.0,150,25.0,0.8240289082809633,69.7687879318477,True,
kudamatsu,46,2749,23,998.3805424064366,34.42691525539436,50,76.50425612309859,1.6577086864834931,63.0,540.0,150,25.0,0.8240289082809633,69.7687879318477,True,
kudamatsu,46,2749,24,998.3805424064366,34.42691525539436,50,76.50425612309859,1.6577086864834931,63.0,540.0,150,25.0,0.8240289082809633,69.7687879318477,True,
kudamatsu,46,2749,25,998.3805424064366,34.42691525539436,50,76.50425612309859,1.6577086864834931,63.0,540.0,150,25.0,0.8240289082809633,69.7687879318477,True,
kudamatsu,46,2749,26,998.3805424064366,34.42691525539436,50,76.50425612309859,1.6577086864834931,63.0,540.0,150,25.0,0.8240289082809633,69.7687879318477,True,
kudamatsu,46,2749,27,998.3805424064366,34.42691525539436,50,76.50425612309859,1.6577086864834931,63.0,540.0,150,25.0,0.8240289082809633,69.7687879318477,True,
kudamatsu,46,2749,28,998.3805424064366,34.42691525539436,50,76.50425612309859,1.6577086864834931,63.0,540.0,150,25.0,0.8240289082809633,69.7687879318477,True,
kudamatsu,46,358,0,5.017280316324412,5.017280316324412,10,55.747559070271244,0.9690197746980526,24.0,122.0,60,25.0,0.25897693465464855,18.19855184826421,True,
kudamatsu,46,394,0,26.937581661278774,26.937581661278774,50,59.861292580619505,1.2970858057276367,63.0,540.0,100,25.0,0.9006237767540137,71.37577297158752,True,
kudamatsu,46,526,0,9.64678732062372,9.64678732062372,20,53.59326289235399,1.0029163919848845,38.0,231.0,60,25.0,0.4991712343296161,35.07504086527679,True,
kudamatsu,46,632,0,17.23872541614733,17.23872541614733,30,63.847131170916036,1.442113115150165,45.0,361.0,60,25.0,0.895674832702379,62.92951870726579,True,
kudamatsu,46,633,0,76.15326001081259,25.384420003604195,50,56.40982223023154,1.2222986935992324,63.0,540.0,100,25.0,0.8482473729078438,67.22487313888195,True,
kudamatsu,46,633,1,76.15326001081259,25.384420003604195,50,56.40982223023154,1.2222986935992324,63.0,540.0,100,25.0,0.8482473729078438,67.22487313888195,True,
kudamatsu,46,633,2,76.15326001081259,25.384420003604195,50,56.40982223023154,1.2222986935992324,63.0,540.0,100,25.0,0.8482473729078438,67.22487313888195,True,
kudamatsu,46,662,0,4.008300642374289,4.008300642374289,10,44.53667380415877,0.7741490091271291,24.0,122.0,60,25.0,0.20678542679535536,14.53120309108007,True,
kudamatsu,46,711,0,6.428970776182178,6.428970776182178,10,71.43300862424641,1.2416686771131575,24.0,122.0,60,25.0,0.3320938944771494,23.336105301296364,True,
kudamatsu,46,741,0,54.848597711426265,27.424298855713133,50,60.942886346029184,1.3205219839355662,63.0,540.0,100,25.0,0.9170485732463585,72.67745978791856,True,
kudamatsu,46,741,1,54.848597711426265,27.424298855713133,50,60.942886346029184,1.3205219839355662,63.0,540.0,100,25.0,0.9170485732463585,72.67745978791856,True,
kudamatsu,46,782,0,109.332188404773,27.33304710119325,50,60.740104669318335,1.3161280722242705,63.0,540.0,100,25.0,0.9139687657031053,72.43338097960837,True,
kudamatsu,46,782,1,109.332188404773,27.33304710119325,50,60.740104669318335,1.3161280722242705,63.0,540.0,100,25.0,0.9139687657031053,72.43338097960837,True,
kudamatsu,46,782,2,109.332188404773,27.33304710119325,50,60.740104669318335,1.3161280722242705,63.0,540.0,100,25.0,0.9139687657031053,72.43338097960837,True,
kudamatsu,46,782,3,109.332188404773,27.33304710119325,50,60.740104669318335,1.3161280722242705,63.0,540.0,100,25.0,0.9139687657031053,72.43338097960837,True,
kudamatsu,47,1008,0,18.65878302292567,18.65878302292567,30,69.10660378861358,1.5609086553984928,45.0,361.0,60,25.0,0.9702050819323712,68.16465214107859,True,
kudamatsu,47,1125,0,8.306776145656036,8.306776145656036,20,46.148756364755755,0.8636037764838802,38.0,231.0,60,25.0,0.429524214883264,30.181730806289636,True,
kudamatsu,47,1167,0,71.51501942013874,23.838339806712913,50,52.97408845936203,1.1478525646511792,63.0,540.0,100,25.0,0.7961651582773145,63.097287215217385,True,
kudamatsu,47,1167,1,71.51501942013874,23.838339806712913,50,52.97408845936203,1.1478525646511792,63.0,540.0,100,25.0,0.7961651582773145,63.097287215217385,True,
kudamatsu,47,1167,2,71.51501942013874,23.838339806712913,50,52.97408845936203,1.1478525646511792,63.0,540.0,100,25.0,0.7961651582773145,63.097287215217385,True,
kudamatsu,47,1183,0,27.140817265120923,27.140817265120923,50,60.31292725582427,1.3068719112614182,63.0,540.0,100,25.0,0.9074815129511107,71.9192576348792,True,
kudamatsu,47,1239,0,26.95272143076948,26.95272143076948,50,59.89493651282106,1.2978148088117036,63.0,540.0,100,25.0,0.901134601782912,71.41625653129978,True,
kudamatsu,47,2059,0,20.642127730389834,20.642127730389834,30,76.45232492736976,1.726826224444439,45.0,361.0,100,25.0,0.6886700243452721,54.578149431093,True,
kudamatsu,47,2121,0,11.836253824171616,11.836253824171616,20,65.7569656898423,1.2305415871019716,38.0,231.0,60,25.0,0.613185412434464,43.08514973143399,True,
kudamatsu,47,2122,0,53.2729832244929,26.63649161224645,50,59.19220358276989,1.2825878588162758,63.0,540.0,100,25.0,0.8904659192493606,70.57074929904684,True,
kudamatsu,47,2122,1,53.2729832244929,26.63649161224645,50,59.19220358276989,1.2825878588162758,63.0,540.0,100,25.0,0.8904659192493606,70.57074929904684,True,
kudamatsu,47,852,0,4.74833901323543,4.74833901323543,10,52.759322369282565,0.9170774026367672,24.0,122.0,60,25.0,0.24505991366946014,17.220652111246878,True,
kudamatsu,48,1096,0,13.95944793205097,13.95944793205097,20,77.55248851139427,1.4512768540240013,38.0,231.0,60,25.0,0.7240068972365201,50.8705024410108,True,
kudamatsu,48,1115,0,66.97919812258951,33.489599061294754,50,74.42133124732167,1.6125754764525098,63.0,540.0,150,25.0,0.8014074178699443,67.85377002957453,True,
kudamatsu,48,1115,1,66.97919812258951,33.489599061294754,50,74.42133124732167,1.6125754764525098,63.0,540.0,150,25.0,0.8014074178699443,67.85377002957453,True,
kudamatsu,48,1196,0,20.080158620941635,20.080158620941635,30,74.37095785533938,1.6798144527803118,45.0,361.0,100,25.0,0.6697940751861541,53.08220396807104,True,
kudamatsu,48,2065,0,39.78253043628187,19.891265218140934,30,73.67135265978122,1.6640124925443724,45.0,361.0,60,25.0,1.034984894864205,72.71473524361014,True,
kudamatsu,48,2065,1,39.78253043628187,19.891265218140934,30,73.67135265978122,1.6640124925443724,45.0,361.0,60,25.0,1.034984894864205,72.71473524361014,True,
kudamatsu,48,805,0,187.1653863231047,31.194231053850785,50,69.32051345300174,1.502049992063665,63.0,540.0,150,25.0,0.7460549682596436,63.16784892865526,True,
kudamatsu,48,805,1,187.1653863231047,31.194231053850785,50,69.32051345300174,1.502049992063665,63.0,540.0,150,25.0,0.7460549682596436,63.16784892865526,True,
kudamatsu,48,805,2,187.1653863231047,31.194231053850785,50,69.32051345300174,1.502049992063665,63.0,540.0,150,25.0,0.7460549682596436,63.16784892865526,True,
kudamatsu,48,805,3,187.1653863231047,31.194231053850785,50,69.32051345300174,1.502049992063665,63.0,540.0,150,25.0,0.7460549682596436,63.16784892865526,True,
kudamatsu,48,805,4,187.1653863231047,31.194231053850785,50,69.32051345300174,1.502049992063665,63.0,540.0,150,25.0,0.7460549682596436,63.16784892865526,True,
kudamatsu,48,805,5,187.1653863231047,31.194231053850785,50,69.32051345300174,1.502049992063665,63.0,540.0,150,25.0,0.7460549682596436,63.16784892865526,True,
kudamatsu,48,814,0,13.12349317892407,13.12349317892407,20,72.90829543846705,1.3643678451484496,38.0,231.0,60,25.0,0.6803432249191944,47.80312613521952,True,
kudamatsu,48,888,0,45.07974487352061,22.539872436760305,50,50.0886054150229,1.0853293724825595,63.0,540.0,100,25.0,0.7524667464801518,59.63412824748886,True,
kudamatsu,48,888,1,45.07974487352061,22.539872436760305,50,50.0886054150229,1.0853293724825595,63.0,540.0,100,25.0,0.7524667464801518,59.63412824748886,True,
kudamatsu,48,899,0,138.34739107802451,34.58684776950613,50,76.85966171001361,1.665409681937992,63.0,540.0,150,25.0,0.8278898299020842,70.09563184455779,True,
kudamatsu,48,899,1,138.34739107802451,34.58684776950613,50,76.85966171001361,1.665409681937992,63.0,540.0,150,25.0,0.8278898299020842,70.09563184455779,True,
kudamatsu,48,899,2,138.34739107802451,34.58684776950613,50,76.85966171001361,1.665409681937992,63.0,540.0,150,25.0,0.8278898299020842,70.09563184455779,True,
kudamatsu,48,899,3,138.34739107802451,34.58684776950613,50,76.85966171001361,1.665409681937992,63.0,540.0,150,25.0,0.8278898299020842,70.09563184455779,True,
kudamatsu,48,920,0,77.45247397302091,25.817491324340306,50,57.372202942978454,1.2431517408422217,63.0,540.0,100,25.0,0.8628459809376717,68.38183238717814,True,
kudamatsu,48,920,1,77.45247397302091,25.817491324340306,50,57.372202942978454,1.2431517408422217,63.0,540.0,100,25.0,0.8628459809376717,68.38183238717814,True,
kudamatsu,48,920,2,77.45247397302091,25.817491324340306,50,57.372202942978454,1.2431517408422217,63.0,540.0,100,25.0,0.8628459809376717,68.38183238717814,True,
yasu,0,377,0,30.131540524920823,30.131540524920823,50,66.9589789442685,1.4508798158285199,63.0,540.0,150,25.0,0.7204498003759697,61.000182207534664,True,
yasu,0,385,0,1.4758659110299794,1.4758659110299794,10,16.39851012255533,0.2850435220726334,24.0,122.0,60,25.0,0.07603667714176611,5.34342315638914,True,
yasu,0,395,0,22.707234631560656,22.707234631560656,50,50.46052140346812,1.0933881184390681,63.0,540.0,100,25.0,0.758096949319568,60.08032957010284,True,
yasu,0,409,0,30.67555547790537,30.67555547790537,50,68.16790106201194,1.4770749688490359,63.0,540.0,150,25.0,0.7335559622736993,62.10971835164598,True,
yasu,1,1316,0,440.9258778395552,33.917375218427324,50,75.37194492983849,1.6331735534596583,63.0,540.0,150,25.0,0.8117301903739292,68.72764440572261,True,
yasu,1,1316,1,440.9258778395552,33.917375218427324,50,75.37194492983849,1.6331735534596583,63.0,540.0,150,25.0,0.8117301903739292,68.72764440572261,True,
yasu,1,1316,2,440.9258778395552,33.917375218427324,50,75.37194492983849,1.6331735534596583,63.0,540.0,150,25.0,0.8117301903739292,68.72764440572261,True,
yasu,1,1316,3,440.9258778395552,33.917375218427324,50,75.37194492983849,1.6331735534596583,63.0,540.0,150,25.0,0.8117301903739292,68.72764440572261,True,
yasu,1,1316,4,440.9258778395552,33.917375218427324,50,75.37194492983849,1.6331735534596583,63.0,540.0,150,25.0,0.8117301903739292,68.72764440572261,True,
yasu,1,1316,5,440.9258778395552,33.917375218427324,50,75.37194492983849,1.6331735534596583,63.0,540.0,150,25.0,0.8117301903739292,68.72764440572261,True,
yasu,1,1316,6,440.9258778395552,33.917375218427324,50,75.37194492983849,1.6331735534596583,63.0,540.0,150,25.0,0.8117301903739292,68.72764440572261,True,
yasu,1,1316,7,440.9258778395552,33.917375218427324,50,75.37194492983849,1.6331735534596583,63.0,540.0,150,25.0,0.8117301903739292,68.72764440572261,True,
yasu,1,1316,8,440.9258778395552,33.917375218427324,50,75.37194492983849,1.6331735534596583,63.0,540.0,150,25.0,0.8117301903739292,68.72764440572261,True,
yasu,1,1316,9,440.9258778395552,33.917375218427324,50,75.37194492983849,1.6331735534596583,63.0,540.0,150,25.0,0.8117301903739292,68.72764440572261,True,
yasu,1,1316,10,440.9258778395552,33.917375218427324,50,75.37194492983849,1.6331735534596583,63.0,540.0,150,25.0,0.8117301903739292,68.72764440572261,True,
yasu,1,1316,11,440.9258778395552,33.917375218427324,50,75.37194492983849,1.6331735534596583,63.0,540.0,150,25.0,0.8117301903739292,68.72764440572261,True,
yasu,1,1316,12,440.9258778395552,33.917375218427324,50,75.37194492983849,1.6331735534596583,63.0,540.0,150,25.0,0.8117301903739292,68.72764440572261,True,
yasu,1,2097,0,68.38093848548397,34.19046924274198,50,75.97882053942662,1.6463234489113632,63.0,540.0,150,25.0,0.8183214444185405,69.285625249576,True,
yasu,1,2097,1,68.38093848548397,34.19046924274198,50,75.97882053942662,1.6463234489113632,63.0,540.0,150,25.0,0.8183214444185405,69.285625249576,True,
yasu,1,373,0,101.99809833179536,33.99936611059845,50,75.554146912441,1.6371215404679718,63.0,540.0,150,25.0,0.8137089849881547,68.8951588815471,True,
yasu,1,373,1,101.99809833179536,33.99936611059845,50,75.554146912441,1.6371215404679718,63.0,540.0,150,25.0,0.8137089849881547,68.8951588815471,True,
yasu,1,373,2,101.99809833179536,33.99936611059845,50,75.554146912441,1.6371215404679718,63.0,540.0,150,25.0,0.8137089849881547,68.8951588815471,True,
yasu,2,1421,0,4.100941861785158,4.100941861785158,10,45.56602068650175,0.7920414065818199,24.0,122.0,60,25.0,0.2115751406241256,14.867766801580174,True,
yasu,2,1426,0,54.0625288240409,27.03126441202045,50,60.069476471156555,1.301596773629526,63.0,540.0,100,25.0,0.9037847750590935,71.62628626993073,True,
yasu,2,1426,1,54.0625288240409,27.03126441202045,50,60.069476471156555,1.301596773629526,63.0,540.0,100,25.0,0.9037847750590935,71.62628626993073,True,
yasu,2,1428,0,50.08542945731008,25.04271472865504,50,55.650477174788975,1.2058450613670593,63.0,540.0,100,25.0,0.8367317268181431,66.31224270138004,True,
yasu,2,1428,1,50.08542945731008,25.04271472865504,50,55.650477174788975,1.2058450613670593,63.0,540.0,100,25.0,0.8367317268181431,66.31224270138004,True,
yasu,2,1841,0,10.726827975498711,10.726827975498711,20,59.593488752770625,1.1152014917577884,38.0,231.0,60,25.0,0.5553795265995409,39.02403456549908,True,
yasu,2,1842,0,32.153833141400874,32.153833141400874,50,71.45296253644638,1.5482563019900304,63.0,540.0,150,25.0,0.7691879132284607,65.12620536345969,True,
yasu,2,527,0,15.35008044290921,15.35008044290921,30,56.85214978855263,1.2841176937939014,45.0,361.0,60,25.0,0.7967305722043047,55.97919281581003,True,
yasu,2,534,0,48.533192950539366,24.266596475269683,50,53.92576994504374,1.1684737790191961,63.0,540.0,100,25.0,0.8105861543771469,64.24017075077883,True,
yasu,2,534,1,48.533192950539366,24.266596475269683,50,53.92576994504374,1.1684737790191961,63.0,540.0,100,25.0,0.8105861543771469,64.24017075077883,True,
yasu,2,548,0,70.06001101257591,23.35333700419197,50,51.89630445375993,1.1244989370390792,63.0,540.0,100,25.0,0.779838411844399,61.80337028594288,True,
yasu,2,548,1,70.06001101257591,23.35333700419197,50,51.89630445375993,1.1244989370390792,63.0,540.0,100,25.0,0.779838411844399,61.80337028594288,True,
yasu,2,548,2,70.06001101257591,23.35333700419197,50,51.89630445375993,1.1244989370390792,63.0,540.0,100,25.0,0.779838411844399,61.80337028594288,True,
yasu,3,349,0,71.1559738895544,23.7186579631848,50,52.70812880707733,1.1420897006199666,63.0,540.0,100,25.0,0.7921357808660223,62.77795356704127,True,
yasu,3,349,1,71.1559738895544,23.7186579631848,50,52.70812880707733,1.1420897006199666,63.0,540.0,100,25.0,0.7921357808660223,62.77795356704127,True,
yasu,3,349,2,71.1559738895544,23.7186579631848,50,52.70812880707733,1.1420897006199666,63.0,540.0,100,25.0,0.7921357808660223,62.77795356704127,True,
yasu,3,375,0,42.21079853825007,21.105399269125034,30,78.16814544120383,1.7655814076588565,45.0,361.0,100,25.0,0.7042362626946134,55.81179557063748,True,
yasu,3,375,1,42.21079853825007,21.105399269125034,30,78.16814544120383,1.7655814076588565,45.0,361.0,100,25.0,0.7042362626946134,55.81179557063748,True,
yasu,3,392,0,74.43194083404889,24.81064694468296,50,55.13477098818436,1.1946706422101407,63.0,540.0,100,25.0,0.8289124594915349,65.69255522411395,True,
yasu,3,392,1,74.43194083404889,24.81064694468296,50,55.13477098818436,1.1946706422101407,63.0,540.0,100,25.0,0.8289124594915349,65.69255522411395,True,
yasu,3,392,2,74.43194083404889,24.81064694468296,50,55.13477098818436,1.1946706422101407,63.0,540.0,100,25.0,0.8289124594915349,65.69255522411395,True,
yasu,4,1828,0,54.94957800031112,27.47478900015556,50,61.055086667012354,1.3229531617045622,63.0,540.0,100,25.0,0.91875273234331,72.81251664169936,True,
yasu,4,1828,1,54.94957800031112,27.47478900015556,50,61.055086667012354,1.3229531617045622,63.0,540.0,100,25.0,0.91875273234331,72.81251664169936,True,
yasu,4,1829,0,96.42345270353844,32.14115090117948,50,71.42477978039884,1.547645632703424,63.0,540.0,150,25.0,0.7688821126607709,65.10031744111441,True,
yasu,4,1829,1,96.42345270353844,32.14115090117948,50,71.42477978039884,1.547645632703424,63.0,540.0,150,25.0,0.7688821126607709,65.10031744111441,True,
yasu,4,1829,2,96.42345270353844,32.14115090117948,50,71.42477978039884,1.547645632703424,63.0,540.0,150,25.0,0.7688821126607709,65.10031744111441,True,
yasu,4,390,0,42.6452204654225,21.32261023271125,30,78.97263049152313,1.7837522858288095,45.0,361.0,100,25.0,0.7115363918303718,56.39034097486358,True,
yasu,4,390,1,42.6452204654225,21.32261023271125,30,78.97263049152313,1.7837522858288095,45.0,361.0,100,25.0,0.7115363918303718,56.39034097486358,True,
yasu,4,402,0,16.70461897192878,16.70461897192878,30,61.868959155291776,1.3974322069333478,45.0,361.0,60,25.0,0.8676728029958879,60.96255591882742,True,
yasu,4,420,0,70.09407535987611,23.36469178662537,50,51.92153730361193,1.1250456872004961,63.0,540.0,100,25.0,0.7802205882326451,61.833658287208365,True,
yasu,4,420,1,70.09407535987611,23.36469178662537,50,51.92153730361193,1.1250456872004961,63.0,540.0,100,25.0,0.7802205882326451,61.833658287208365,True,
yasu,4,420,2,70.09407535987611,23.36469178662537,50,51.92153730361193,1.1250456872004961,63.0,540.0,100,25.0,0.7802205882326451,61.833658287208365,True,
yasu,4,428,0,51.096235734525926,25.548117867262963,50,56.77359526058436,1.23018099640019,63.0,540.0,100,25.0,0.8537650325009493,67.66215506423347,True,
yasu,4,428,1,51.096235734525926,25.548117867262963,50,56.77359526058436,1.23018099640019,63.0,540.0,100,25.0,0.8537650325009493,67.66215506423347,True,
yasu,5,1904,0,128.0027584260279,32.000689606506974,50,71.11264357001549,1.5408822062806384,63.0,540.0,150,25.0,0.7654953685391639,64.81360825779937,True,
yasu,5,1904,1,128.0027584260279,32.000689606506974,50,71.11264357001549,1.5408822062806384,63.0,540.0,150,25.0,0.7654953685391639,64.81360825779937,True,
yasu,5,1904,2,128.0027584260279,32.000689606506974,50,71.11264357001549,1.5408822062806384,63.0,540.0,150,25.0,0.7654953685391639,64.81360825779937,True,
yasu,5,1904,3,128.0027584260279,32.000689606506974,50,71.11264357001549,1.5408822062806384,63.0,540.0,150,25.0,0.7654953685391639,64.81360825779937,True,
yasu,5,1905,0,322.95124525429964,32.29512452542996,50,71.76694338984436,1.5550596984864273,63.0,540.0,150,25.0,0.7725949331798109,65.41463061291839,True,
yasu,5,1905,1,322.95124525429964,32.29512452542996,50,71.76694338984436,1.5550596984864273,63.0,540.0,150,25.0,0.7725949331798109,65.41463061291839,True,
yasu,5,1905,2,322.95124525429964,32.29512452542996,50,71.76694338984436,1.5550596984864273,63.0,540.0,150,25.0,0.7725949331798109,65.41463061291839,True,
yasu,5,1905,3,322.95124525429964,32.29512452542996,50,71.76694338984436,1.5550596984864273,63.0,540.0,150,25.0,0.7725949331798109,65.41463061291839,True,
yasu,5,1905,4,322.95124525429964,32.29512452542996,50,71.76694338984436,1.5550596984864273,63.0,540.0,150,25.0,0.7725949331798109,65.41463061291839,True,
yasu,5,1905,5,322.95124525429964,32.29512452542996,50,71.76694338984436,1.5550596984864273,63.0,540.0,150,25.0,0.7725949331798109,65.41463061291839,True,
yasu,5,1905,6,322.95124525429964,32.29512452542996,50,71.76694338984436,1.5550596984864273,63.0,540.0,150,25.0,0.7725949331798109,65.41463061291839,True,
yasu,5,1905,7,322.95124525429964,32.29512452542996,50,71.76694338984436,1.5550596984864273,63.0,540.0,150,25.0,0.7725949331798109,65.41463061291839,True,
yasu,5,1905,8,322.95124525429964,32.29512452542996,50,71.76694338984436,1.5550596984864273,63.0,540.0,150,25.0,0.7725949331798109,65.41463061291839,True,
yasu,5,1905,9,322.95124525429964,32.29512452542996,50,71.76694338984436,1.5550596984864273,63.0,540.0,150,25.0,0.7725949331798109,65.41463061291839,True,
yasu,5,471,0,7.038916128361009,7.038916128361009,10,78.21017920401121,1.3594713651199242,24.0,122.0,60,25.0,0.36371952561282905,25.55821563998344,True,
yasu,5,483,0,83.38397185101104,27.794657283670347,50,61.76590507482299,1.338355309360819,63.0,540.0,100,25.0,0.9295504018320836,73.66824615111251,True,
yasu,5,483,1,83.38397185101104,27.794657283670347,50,61.76590507482299,1.338355309360819,63.0,540.0,100,25.0,0.9295504018320836,73.66824615111251,True,
yasu,5,483,2,83.38397185101104,27.794657283670347,50,61.76590507482299,1.338355309360819,63.0,540.0,100,25.0,0.9295504018320836,73.66824615111251,True,
yasu,6,306,0,14.654437992604,14.654437992604,30,54.27569626890371,1.2259234203297706,45.0,361.0,60,25.0,0.7603379107361331,53.42270624728472,True,
yasu,6,310,0,22.213429575352077,22.213429575352077,50,49.36317683411573,1.069610648833273,63.0,540.0,100,25.0,0.7414867904414889,58.7639515893125,True,
yasu,6,324,0,45.06152954168048,22.53076477084024,50,50.06836615742275,1.0848908244222035,63.0,540.0,100,25.0,0.7521603755268118,59.60984792751877,True,
yasu,6,324,1,45.06152954168048,22.53076477084024,50,50.06836615742275,1.0848908244222035,63.0,540.0,100,25.0,0.7521603755268118,59.60984792751877,True,
yasu,7,432,0,45.51122326004163,22.755611630020816,50,50.56802584449069,1.0957175449932186,63.0,540.0,100,25.0,0.759724511575812,60.20931611643354,True,
yasu,7,432,1,45.51122326004163,22.755611630020816,50,50.56802584449069,1.0957175449932186,63.0,540.0,100,25.0,0.759724511575812,60.20931611643354,True,
yasu,7,442,0,56.5012206834335,28.25061034171675,50,62.77913409270389,1.3603101472934394,63.0,540.0,100,25.0,0.9449459416662519,74.88836286064497,True,
yasu,7,442,1,56.5012206834335,28.25061034171675,50,62.77913409270389,1.3603101472934394,63.0,540.0,100,25.0,0.9449459416662519,74.88836286064497,True,
yasu,7,446,0,23.056843570294845,23.056843570294845,50,51.23743015621076,1.1102223241851414,63.0,540.0,100,25.0,0.7698601614262115,61.01258027978744,True,
yasu,7,449,0,42.335308184316965,21.167654092158482,30,78.39871885984623,1.7707893621108601,45.0,361.0,100,25.0,0.706328441779349,55.9776036797979,True,
yasu,7,449,1,42.335308184316965,21.167654092158482,30,78.39871885984623,1.7707893621108601,45.0,361.0,100,25.0,0.706328441779349,55.9776036797979,True,
yasu,7,451,0,6.470839555020461,6.470839555020461,10,71.89821727800512,1.2497550649724827,24.0,122.0,60,25.0,0.3342641279383245,23.488593485741536,True,
yasu,8,1287,0,38.50368933247062,19.25184466623531,30,71.3031283934641,1.6105214865831132,45.0,361.0,60,25.0,1.0013657080415057,70.35336889954652,True,
yasu,8,1287,1,38.50368933247062,19.25184466623531,30,71.3031283934641,1.6105214865831132,45.0,361.0,60,25.0,1.0013657080415057,70.35336889954652,True,
yasu,8,1288,0,36.09404702791373,18.047023513956866,30,66.84082782946987,1.509731646083444,45.0,361.0,60,25.0,0.938083289391952,65.90838654716167,True,
yasu,8,1288,1,36.09404702791373,18.047023513956866,30,66.84082782946987,1.509731646083444,45.0,361.0,60,25.0,0.938083289391952,65.90838654716167,True,
yasu,8,1290,0,15.255174930066293,15.255174930066293,30,56.500647889134406,1.2761783316040134,45.0,361.0,60,25.0,0.7917639474659192,55.63030361375843,True,
yasu,8,2286,0,37.690849696546266,18.845424848273133,30,69.79786980841901,1.5765222589377093,45.0,361.0,60,25.0,0.980009421351521,68.8533109510121,True,
yasu,8,2286,1,37.690849696546266,18.845424848273133,30,69.79786980841901,1.5765222589377093,45.0,361.0,60,25.0,0.980009421351521,68.8533109510121,True,
yasu,8,366,0,30.095521053694387,30.095521053694387,50,66.87893567487642,1.449145423133396,63.0,540.0,150,25.0,0.7195821609397106,60.9267297423326,True,
yasu,8,367,0,11.026281629500184,11.026281629500184,20,61.25712016388992,1.1463338229947155,38.0,231.0,60,25.0,0.5709755267684526,40.11973343817584,True,
yasu,9,1289,0,65.80301220958108,32.90150610479054,50,73.11445801064565,1.5842579000671542,63.0,540.0,150,25.0,0.7872196019882051,66.6526947274399,True,
yasu,9,1289,1,65.80301220958108,32.90150610479054,50,73.11445801064565,1.5842579000671542,63.0,540.0,150,25.0,0.7872196019882051,66.6526947274399,True,
yasu,9,1291,0,64.7798562784593,32.38992813922965,50,71.977618087177,1.559624637660905,63.0,540.0,150,25.0,0.7748811082054122,65.6081692156646,True,
yasu,9,1291,1,64.7798562784593,32.38992813922965,50,71.977618087177,1.559624637660905,63.0,540.0,150,25.0,0.7748811082054122,65.6081692156646,True,
yasu,9,1292,0,39.21422410206191,19.607112051030956,30,72.61893352233687,1.6402415350571724,45.0,361.0,60,25.0,1.0200418882201998,71.66516364039913,True,
yasu,9,1292,1,39.21422410206191,19.607112051030956,30,72.61893352233687,1.6402415350571724,45.0,361.0,60,25.0,1.0200418882201998,71.66516364039913,True,
yasu,9,1456,0,121.44287193286976,30.36071798321744,50,67.46826218492764,1.461915061378293,63.0,540.0,150,25.0,0.725970606948844,61.46756109521479,True,
yasu,9,1456,1,121.44287193286976,30.36071798321744,50,67.46826218492764,1.461915061378293,63.0,540.0,150,25.0,0.725970606948844,61.46756109521479,True,
yasu,9,1456,2,121.44287193286976,30.36071798321744,50,67.46826218492764,1.461915061378293,63.0,540.0,150,25.0,0.725970606948844,61.46756109521479,True,
yasu,9,1456,3,121.44287193286976,30.36071798321744,50,67.46826218492764,1.461915061378293,63.0,540.0,150,25.0,0.725970606948844,61.46756109521479,True,
yasu,9,350,0,10.156374028773005,10.156374028773005,20,56.424300159850034,1.0558949480320279,38.0,231.0,60,25.0,0.525683370877075,36.937703124065806,True,
yasu,9,364,0,21.282475638027904,21.282475638027904,30,78.82398384454778,1.7803948087551351,45.0,361.0,100,25.0,0.7101874478782461,56.28343528881598,True,
yasu,9,387,0,9.64890187203105,9.64890187203105,20,53.6050104001725,1.0031362287240622,38.0,231.0,60,25.0,0.4992812174632599,35.08276799928803,True,
yasu,10,1839,0,160.7581840528104,32.15163681056208,50,71.44808180124907,1.548150545296965,63.0,540.0,150,25.0,0.7691349540538303,65.12172203975634,True,
yasu,10,1839,1,160.7581840528104,32.15163681056208,50,71.44808180124907,1.548150545296965,63.0,540.0,150,25.0,0.7691349540538303,65.12172203975634,True,
yasu,10,1839,2,160.7581840528104,32.15163681056208,50,71.44808180124907,1.548150545296965,63.0,540.0,150,25.0,0.7691349540538303,65.12172203975634,True,
yasu,10,1839,3,160.7581840528104,32.15163681056208,50,71.44808180124907,1.548150545296965,63.0,540.0,150,25.0,0.7691349540538303,65.12172203975634,True,
yasu,10,1839,4,160.7581840528104,32.15163681056208,50,71.44808180124907,1.548150545296965,63.0,540.0,150,25.0,0.7691349540538303,65.12172203975634,True,
yasu,10,1840,0,93.5554454792654,31.185148493088466,50,69.30032998464104,1.5016126528550977,63.0,540.0,150,25.0,0.7458360695772134,63.14931762762717,True,
yasu,10,1840,1,93.5554454792654,31.185148493088466,50,69.30032998464104,1.5016126528550977,63.0,540.0,150,25.0,0.7458360695772134,63.14931762762717,True,
yasu,10,1840,2,93.5554454792654,31.185148493088466,50,69.30032998464104,1.5016126528550977,63.0,540.0,150,25.0,0.7458360695772134,63.14931762762717,True,
yasu,10,426,0,38.30776829459826,19.15388414729913,30,70.94031165666345,1.60232655652219,45.0,361.0,60,25.0,0.9962172691825257,69.99174589824341,True,
yasu,10,426,1,38.30776829459826,19.15388414729913,30,70.94031165666345,1.60232655652219,45.0,361.0,60,25.0,0.9962172691825257,69.99174589824341,True,
yasu,11,302,0,195.327013466192,32.55450224436533,50,72.34333832081184,1.5675491328307387,63.0,540.0,150,25.0,0.7788500451505342,65.94416343272741,True,
yasu,11,302,1,195.327013466192,32.55450224436533,50,72.34333832081184,1.5675491328307387,63.0,540.0,150,25.0,0.7788500451505342,65.94416343272741,True,
yasu,11,302,2,195.327013466192,32.55450224436533,50,72.34333832081184,1.5675491328307387,63.0,540.0,150,25.0,0.7788500451505342,65.94416343272741,True,
yasu,11,302,3,195.327013466192,32.55450224436533,50,72.34333832081184,1.5675491328307387,63.0,540.0,150,25.0,0.7788500451505342,65.94416343272741,True,
yasu,11,302,4,195.327013466192,32.55450224436533,50,72.34333832081184,1.5675491328307387,63.0,540.0,150,25.0,0.7788500451505342,65.94416343272741,True,
yasu,11,302,5,195.327013466192,32.55450224436533,50,72.34333832081184,1.5675491328307387,63.0,540.0,150,25.0,0.7788500451505342,65.94416343272741,True,
yasu,11,313,0,66.17050427184444,33.08525213592222,50,73.52278252427159,1.5931055528311096,63.0,540.0,150,25.0,0.7916520502409764,67.02792613317754,True,
yasu,11,313,1,66.17050427184444,33.08525213592222,50,73.52278252427159,1.5931055528311096,63.0,540.0,150,25.0,0.7916520502409764,67.02792613317754,True,
yasu,11,325,0,224.9592301389941,32.13703287699916,50,71.41562861555369,1.5474473435333307,63.0,540.0,150,25.0,0.7687828172025964,65.09191146159014,True,
yasu,11,325,1,224.9592301389941,32.13703287699916,50,71.41562861555369,1.5474473435333307,63.0,540.0,150,25.0,0.7687828172025964,65.09191146159014,True,
yasu,11,325,2,224.9592301389941,32.13703287699916,50,71.41562861555369,1.5474473435333307,63.0,540.0,150,25.0,0.7687828172025964,65.09191146159014,True,
yasu,11,325,3,224.9592301389941,32.13703287699916,50,71.41562861555369,1.5474473435333307,63.0,540.0,150,25.0,0.7687828172025964,65.09191146159014,True,
yasu,11,325,4,224.9592301389941,32.13703287699916,50,71.41562861555369,1.5474473435333307,63.0,540.0,150,25.0,0.7687828172025964,65.09191146159014,True,
yasu,11,325,5,224.9592301389941,32.13703287699916,50,71.41562861555369,1.5474473435333307,63.0,540.0,150,25.0,0.7687828172025964,65.09191146159014,True,
yasu,11,325,6,224.9592301389941,32.13703287699916,50,71.41562861555369,1.5474473435333307,63.0,540.0,150,25.0,0.7687828172025964,65.09191146159014,True,
yasu,11,342,0,133.24047957544806,33.310119893862016,50,74.0224886530267,1.6039332797093828,63.0,540.0,150,25.0,0.7970770186634555,67.4871790240685,True,
yasu,11,342,1,133.24047957544806,33.310119893862016,50,74.0224886530267,1.6039332797093828,63.0,540.0,150,25.0,0.7970770186634555,67.4871790240685,True,
yasu,11,342,2,133.24047957544806,33.310119893862016,50,74.0224886530267,1.6039332797093828,63.0,540.0,150,25.0,0.7970770186634555,67.4871790240685,True,
yasu,11,342,3,133.24047957544806,33.310119893862016,50,74.0224886530267,1.6039332797093828,63.0,540.0,150,25.0,0.7970770186634555,67.4871790240685,True,
yasu,12,1455,0,188.0305535333617,31.338425588893617,50,69.64094575309693,1.5089931797268843,63.0,540.0,150,25.0,0.7495303317221718,63.46206248932813,True,
yasu,12,1455,1,188.0305535333617,31.338425588893617,50,69.64094575309693,1.5089931797268843,63.0,540.0,150,25.0,0.7495303317221718,63.46206248932813,True,
yasu,12,1455,2,188.0305535333617,31.338425588893617,50,69.64094575309693,1.5089931797268843,63.0,540.0,150,25.0,0.7495303317221718,63.46206248932813,True,
yasu,12,1455,3,188.0305535333617,31.338425588893617,50,69.64094575309693,1.5089931797268843,63.0,540.0,150,25.0,0.7495303317221718,63.46206248932813,True,
yasu,12,1455,4,188.0305535333617,31.338425588893617,50,69.64094575309693,1.5089931797268843,63.0,540.0,150,25.0,0.7495303317221718,63.46206248932813,True,
yasu,12,1455,5,188.0305535333617,31.338425588893617,50,69.64094575309693,1.5089931797268843,63.0,540.0,150,25.0,0.7495303317221718,63.46206248932813,True,
yasu,12,2487,0,77.86000408719845,25.953334695732817,50,57.674077101628484,1.2496928071877835,63.0,540.0,100,25.0,0.8674260839317158,68.74481167093447,True,
yasu,12,2487,1,77.86000408719845,25.953334695732817,50,57.674077101628484,1.2496928071877835,63.0,540.0,100,25.0,0.8674260839317158,68.74481167093447,True,
yasu,12,2487,2,77.86000408719845,25.953334695732817,50,57.674077101628484,1.2496928071877835,63.0,540.0,100,25.0,0.8674260839317158,68.74481167093447,True,
yasu,12,2488,0,19.1837303722205,19.1837303722205,30,71.0508532304463,1.604823355523148,45.0,361.0,60,25.0,0.9977858165166253,70.10191974541758,True,
yasu,12,2490,0,24.20394465397066,24.20394465397066,50,53.78654367549035,1.1654569978867322,63.0,540.0,100,25.0,0.8084761702885755,64.07295164947544,True,
yasu,12,332,0,76.35743430198356,25.452478100661185,50,56.56106244591374,1.2255757951879154,63.0,540.0,100,25.0,0.8505412885762098,67.40666903449107,True,
yasu,12,332,1,76.35743430198356,25.452478100661185,50,56.56106244591374,1.2255757951879154,63.0,540.0,100,25.0,0.8505412885762098,67.40666903449107,True,
yasu,12,332,2,76.35743430198356,25.452478100661185,50,56.56106244591374,1.2255757951879154,63.0,540.0,100,25.0,0.8505412885762098,67.40666903449107,True,
yasu,12,343,0,134.36228658854233,33.59057164713558,50,74.6457147714124,1.617437461077136,63.0,540.0,150,25.0,0.80384381340458,68.06002342233927,True,
yasu,12,343,1,134.36228658854233,33.59057164713558,50,74.6457147714124,1.617437461077136,63.0,540.0,150,25.0,0.80384381340458,68.06002342233927,True,
yasu,12,343,2,134.36228658854233,33.59057164713558,50,74.6457147714124,1.617437461077136,63.0,540.0,150,25.0,0.80384381340458,68.06002342233927,True,
yasu,12,343,3,134.36228658854233,33.59057164713558,50,74.6457147714124,1.617437461077136,63.0,540.0,150,25.0,0.80384381340458,68.06002342233927,True,
yasu,12,346,0,89.08214192315586,29.69404730771862,50,65.98677179493026,1.4298138474995665,63.0,540.0,150,25.0,0.7099124877807467,60.10811461197128,True,
yasu,12,346,1,89.08214192315586,29.69404730771862,50,65.98677179493026,1.4298138474995665,63.0,540.0,150,25.0,0.7099124877807467,60.10811461197128,True,
yasu,12,346,2,89.08214192315586,29.69404730771862,50,65.98677179493026,1.4298138474995665,63.0,540.0,150,25.0,0.7099124877807467,60.10811461197128,True,
yasu,13,1422,0,30.44249189830296,30.44249189830296,50,67.6499819962288,1.465852600607684,63.0,540.0,150,25.0,0.727940665156593,61.63434148784018,True,
yasu,13,1438,0,32.985556353742446,32.985556353742446,50,73.30123634164988,1.5883050482578955,63.0,540.0,150,25.0,0.7892470694780839,66.8243312101022,True,
yasu,13,458,0,2.677902673427328,2.677902673427328,10,29.75447414919254,0.5172006508834807,24.0,122.0,60,25.0,0.13805357381720623,9.70145944134647,True,
yasu,13,461,0,16.872949934906718,16.872949934906718,30,62.49240716632117,1.4115140072716115,45.0,361.0,60,25.0,0.8764962603448199,61.58235020100166,True,
yasu,13,465,0,27.30674596512736,27.30674596512736,50,60.68165770028302,1.3148616322485314,63.0,540.0,100,25.0,0.9130811207103036,72.36303394299891,True,
yasu,13,474,0,15.148251689041492,15.148251689041492,30,56.10463588533886,1.2672336211063455,45.0,361.0,60,25.0,0.7861690228615917,55.23727732428156,True,
yasu,13,476,0,33.357647260558856,33.357647260558856,50,74.12810502346413,1.6062217951931133,63.0,540.0,150,25.0,0.798223701534558,67.58425180273169,True,
yasu,14,1629,0,9.556123672669726,9.556123672669726,20,53.089575959276246,0.9934906572124578,38.0,231.0,60,25.0,0.4944558258227159,34.743747895561604,True,
yasu,14,1639,0,19.868724111222893,19.868724111222893,30,73.5878670786033,1.6621268063853447,45.0,361.0,60,25.0,1.0337993356268493,72.63146385480954,True,
yasu,14,1640,0,14.817460429918563,14.817460429918563,30,54.87948307377246,1.2395611336316408,45.0,361.0,60,25.0,0.7688639847303117,54.02164431053166,True,
yasu,14,1641,0,20.756661455151004,20.756661455151004,30,76.87652390796667,1.736407593288006,45.0,361.0,100,25.0,0.6925179779011208,54.88310513518305,True,
yasu,14,1642,0,38.27120483217692,19.13560241608846,30,70.87260154106838,1.6007971903010736,45.0,361.0,60,25.0,0.9952565110878486,69.92426276787181,True,
yasu,14,1642,1,38.27120483217692,19.13560241608846,30,70.87260154106838,1.6007971903010736,45.0,361.0,60,25.0,0.9952565110878486,69.92426276787181,True,
yasu,14,1643,0,25.79935240515853,25.79935240515853,50,57.33189423368562,1.2422783241080186,63.0,540.0,100,25.0,0.8622344404009769,68.33336698172708,True,
yasu,14,1644,0,29.473725121071627,29.473725121071627,50,65.49716693571473,1.4192049968395433,63.0,540.0,150,25.0,0.7046067515428588,59.6589403330059,True,
yasu,14,1680,0,2.5162566503665587,2.5162566503665587,10,27.958407226295094,0.4859809097146369,24.0,122.0,60,25.0,0.1297091369501199,9.11508939992317,True,
yasu,14,2045,0,13.98140236991624,13.98140236991624,20,77.67445761064577,1.4535593201839858,38.0,231.0,60,25.0,0.7251541582635923,50.9510966838614,True,
yasu,14,2046,0,45.21362558265732,22.60681279132866,50,50.23736175850813,1.088552653058848,63.0,540.0,100,25.0,0.754718598187142,59.81259059535866,True,
yasu,14,2046,1,45.21362558265732,22.60681279132866,50,50.23736175850813,1.088552653058848,63.0,540.0,100,25.0,0.754718598187142,59.81259059535866,True,
yasu,14,396,0,9.638406799633309,9.638406799633309,20,53.54670444240727,1.002045121416217,38.0,231.0,60,25.0,0.49873534483320253,35.04441637843795,True,
yasu,15,1554,0,35.1874815372076,17.5937407686038,30,65.16200284668075,1.4718120797486482,45.0,361.0,60,25.0,0.9142965693739652,64.23756045369424,True,
yasu,15,1554,1,35.1874815372076,17.5937407686038,30,65.16200284668075,1.4718120797486482,45.0,361.0,60,25.0,0.9142965693739652,64.23756045369424,True,
yasu,15,1568,0,188.44431829219076,31.407386382031792,50,69.79419196007065,1.5123137475141488,63.0,540.0,150,25.0,0.7511925067615943,63.602776966898645,True,
yasu,15,1568,1,188.44431829219076,31.407386382031792,50,69.79419196007065,1.5123137475141488,63.0,540.0,150,25.0,0.7511925067615943,63.602776966898645,True,
yasu,15,1568,2,188.44431829219076,31.407386382031792,50,69.79419196007065,1.5123137475141488,63.0,540.0,150,25.0,0.7511925067615943,63.602776966898645,True,
yasu,15,1568,3,188.44431829219076,31.407386382031792,50,69.79419196007065,1.5123137475141488,63.0,540.0,150,25.0,0.7511925067615943,63.602776966898645,True,
yasu,15,1568,4,188.44431829219076,31.407386382031792,50,69.79419196007065,1.5123137475141488,63.0,540.0,150,25.0,0.7511925067615943,63.602776966898645,True,
yasu,15,1568,5,188.44431829219076,31.407386382031792,50,69.79419196007065,1.5123137475141488,63.0,540.0,150,25.0,0.7511925067615943,63.602776966898645,True,
yasu,15,1956,0,141.00797243031235,28.20159448606247,50,62.67020996902771,1.3579499587871284,63.0,540.0,100,25.0,0.9432906588441862,74.7571795316371,True,
yasu,15,1956,1,141.00797243031235,28.20159448606247,50,62.67020996902771,1.3579499587871284,63.0,540.0,100,25.0,0.9432906588441862,74.7571795316371,True,
yasu,15,1956,2,141.00797243031235,28.20159448606247,50,62.67020996902771,1.3579499587871284,63.0,540.0,100,25.0,0.9432906588441862,74.7571795316371,True,
yasu,15,1956,3,141.00797243031235,28.20159448606247,50,62.67020996902771,1.3579499587871284,63.0,540.0,100,25.0,0.9432906588441862,74.7571795316371,True,
yasu,15,1956,4,141.00797243031235,28.20159448606247,50,62.67020996902771,1.3579499587871284,63.0,540.0,100,25.0,0.9432906588441862,74.7571795316371,True,
yasu,15,1959,0,73.92710455519942,24.642368185066474,50,54.760818189036605,1.1865677622542259,63.0,540.0,100,25.0,0.8232432706050136,65.2432643481202,True,
yasu,15,1959,1,73.92710455519942,24.642368185066474,50,54.760818189036605,1.1865677622542259,63.0,540.0,100,25.0,0.8232432706050136,65.2432643481202,True,
yasu,15,1959,2,73.92710455519942,24.642368185066474,50,54.760818189036605,1.1865677622542259,63.0,540.0,100,25.0,0.8232432706050136,65.2432643481202,True,
yasu,15,1966,0,59.2139003810954,29.6069501905477,50,65.79322264566156,1.4256199879384985,63.0,540.0,150,25.0,0.7078149702280983,59.93054258222122,True,
yasu,15,1966,1,59.2139003810954,29.6069501905477,50,65.79322264566156,1.4256199879384985,63.0,540.0,150,25.0,0.7078149702280983,59.93054258222122,True,
yasu,15,2403,0,24.06067661121469,24.06067661121469,50,53.46817024714375,1.1585584222458363,63.0,540.0,100,25.0,0.8036515383266517,63.69059301565261,True,
yasu,15,604,0,10.481048369185949,10.481048369185949,20,58.2280464954775,1.0896493169462136,38.0,231.0,60,25.0,0.5425827207209755,38.12498682368443,True,
yasu,15,613,0,24.804144433576468,24.804144433576468,50,55.12032096350326,1.1943575363432566,63.0,540.0,100,25.0,0.8286933824836529,65.675193075572,True,
yasu,15,635,0,0.9145563718240896,0.9145563718240896,10,10.161737464712107,0.1766341829636663,24.0,122.0,60,25.0,0.04710399069425973,3.310224263944434,True,
yasu,16,2480,0,374.60370144698624,34.054881949726024,50,75.6775154438356,1.6397947131317578,63.0,540.0,150,25.0,0.8150488681915222,69.00858636304015,True,
yasu,16,2480,1,374.60370144698624,34.054881949726024,50,75.6775154438356,1.6397947131317578,63.0,540.0,150,25.0,0.8150488681915222,69.00858636304015,True,
yasu,16,2480,2,374.60370144698624,34.054881949726024,50,75.6775154438356,1.6397947131317578,63.0,540.0,150,25.0,0.8150488681915222,69.00858636304015,True,
yasu,16,2480,3,374.60370144698624,34.054881949726024,50,75.6775154438356,1.6397947131317578,63.0,540.0,150,25.0,0.8150488681915222,69.00858636304015,True,
yasu,16,2480,4,374.60370144698624,34.054881949726024,50,75.6775154438356,1.6397947131317578,63.0,540.0,150,25.0,0.8150488681915222,69.00858636304015,True,
yasu,16,2480,5,374.60370144698624,34.054881949726024,50,75.6775154438356,1.6397947131317578,63.0,540.0,150,25.0,0.8150488681915222,69.00858636304015,True,
yasu,16,2480,6,374.60370144698624,34.054881949726024,50,75.6775154438356,1.6397947131317578,63.0,540.0,150,25.0,0.8150488681915222,69.00858636304015,True,
yasu,16,2480,7,374.60370144698624,34.054881949726024,50,75.6775154438356,1.6397947131317578,63.0,540.0,150,25.0,0.8150488681915222,69.00858636304015,True,
yasu,16,2480,8,374.60370144698624,34.054881949726024,50,75.6775154438356,1.6397947131317578,63.0,540.0,150,25.0,0.8150488681915222,69.00858636304015,True,
yasu,16,2480,9,374.60370144698624,34.054881949726024,50,75.6775154438356,1.6397947131317578,63.0,540.0,150,25.0,0.8150488681915222,69.00858636304015,True,
yasu,16,2480,10,374.60370144698624,34.054881949726024,50,75.6775154438356,1.6397947131317578,63.0,540.0,150,25.0,0.8150488681915222,69.00858636304015,True,
yasu,16,2481,0,158.30366004381776,31.660732008763553,50,70.35718224169678,1.524512727382089,63.0,540.0,150,25.0,0.757299435081263,64.1197694164148,True,
yasu,16,2481,1,158.30366004381776,31.660732008763553,50,70.35718224169678,1.524512727382089,63.0,540.0,150,25.0,0.757299435081263,64.1197694164148,True,
yasu,16,2481,2,158.30366004381776,31.660732008763553,50,70.35718224169678,1.524512727382089,63.0,540.0,150,25.0,0.757299435081263,64.1197694164148,True,
yasu,16,2481,3,158.30366004381776,31.660732008763553,50,70.35718224169678,1.524512727382089,63.0,540.0,150,25.0,0.757299435081263,64.1197694164148,True,
yasu,16,2481,4,158.30366004381776,31.660732008763553,50,70.35718224169678,1.524512727382089,63.0,540.0,150,25.0,0.757299435081263,64.1197694164148,True,
yasu,16,2482,0,63.24639924373727,31.623199621868636,50,70.27377693748586,1.5227054854808442,63.0,540.0,150,25.0,0.7563946634668842,64.04317450632074,True,
yasu,16,2482,1,63.24639924373727,31.623199621868636,50,70.27377693748586,1.5227054854808442,63.0,540.0,150,25.0,0.7563946634668842,64.04317450632074,True,
yasu,16,284,0,291.02868075000254,32.33652008333362,50,71.85893351851915,1.557052957987305,63.0,540.0,150,25.0,0.7735931675879572,65.49913724001433,True,
yasu,16,284,1,291.02868075000254,32.33652008333362,50,71.85893351851915,1.557052957987305,63.0,540.0,150,25.0,0.7735931675879572,65.49913724001433,True,
yasu,16,284,2,291.02868075000254,32.33652008333362,50,71.85893351851915,1.557052957987305,63.0,540.0,150,25.0,0.7735931675879572,65.49913724001433,True,
yasu,16,284,3,291.02868075000254,32.33652008333362,50,71.85893351851915,1.557052957987305,63.0,540.0,150,25.0,0.7735931675879572,65.49913724001433,True,
yasu,16,284,4,291.02868075000254,32.33652008333362,50,71.85893351851915,1.557052957987305,63.0,540.0,150,25.0,0.7735931675879572,65.49913724001433,True,
yasu,16,284,5,291.02868075000254,32.33652008333362,50,71.85893351851915,1.557052957987305,63.0,540.0,150,25.0,0.7735931675879572,65.49913724001433,True,
yasu,16,284,6,291.02868075000254,32.33652008333362,50,71.85893351851915,1.557052957987305,63.0,540.0,150,25.0,0.7735931675879572,65.49913724001433,True,
yasu,16,284,7,291.02868075000254,32.33652008333362,50,71.85893351851915,1.557052957987305,63.0,540.0,150,25.0,0.7735931675879572,65.49913724001433,True,
yasu,16,284,8,291.02868075000254,32.33652008333362,50,71.85893351851915,1.557052957987305,63.0,540.0,150,25.0,0.7735931675879572,65.49913724001433,True,
yasu,16,292,0,92.5054088383849,30.835136279461633,50,68.52252506547029,1.48475902880542,63.0,540.0,150,25.0,0.7374011845982409,62.435244564610244,True,
yasu,16,292,1,92.5054088383849,30.835136279461633,50,68.52252506547029,1.48475902880542,63.0,540.0,150,25.0,0.7374011845982409,62.435244564610244,True,
yasu,16,292,2,92.5054088383849,30.835136279461633,50,68.52252506547029,1.48475902880542,63.0,540.0,150,25.0,0.7374011845982409,62.435244564610244,True,
yasu,16,312,0,276.08332347195187,34.510415433993984,50,76.68981207554218,1.6617293479444648,63.0,540.0,150,25.0,0.8260446427584747,69.93942873774716,True,
yasu,16,312,1,276.08332347195187,34.510415433993984,50,76.68981207554218,1.6617293479444648,63.0,540.0,150,25.0,0.8260446427584747,69.93942873774716,True,
yasu,16,312,2,276.08332347195187,34.510415433993984,50,76.68981207554218,1.6617293479444648,63.0,540.0,150,25.0,0.8260446427584747,69.93942873774716,True,
yasu,16,312,3,276.08332347195187,34.510415433993984,50,76.68981207554218,1.6617293479444648,63.0,540.0,150,25.0,0.8260446427584747,69.93942873774716,True,
yasu,16,312,4,276.08332347195187,34.510415433993984,50,76.68981207554218,1.6617293479444648,63.0,540.0,150,25.0,0.8260446427584747,69.93942873774716,True,
yasu,16,312,5,276.08332347195187,34.510415433993984,50,76.68981207554218,1.6617293479444648,63.0,540.0,150,25.0,0.8260446427584747,69.93942873774716,True,
yasu,16,312,6,276.08332347195187,34.510415433993984,50,76.68981207554218,1.6617293479444648,63.0,540.0,150,25.0,0.8260446427584747,69.93942873774716,True,
yasu,16,312,7,276.08332347195187,34.510415433993984,50,76.68981207554218,1.6617293479444648,63.0,540.0,150,25.0,0.8260446427584747,69.93942873774716,True,
yasu,17,1722,0,20.530306552727712,20.530306552727712,30,76.03817241751003,1.7174717749149493,45.0,361.0,100,25.0,0.6849134931122708,54.280439068873314,True,
yasu,17,1725,0,21.374308200191344,21.374308200191344,30,79.16410444515311,1.7880771019117794,45.0,361.0,100,25.0,0.7132740409890846,56.52805208867804,True,
yasu,17,1727,0,33.583129470147895,33.583129470147895,50,74.62917660032865,1.6170791088591894,63.0,540.0,150,25.0,0.8036642348551211,68.04482118258966,True,
yasu,17,1731,0,66.60557531876653,33.30278765938326,50,74.00619479862947,1.6035802213915928,63.0,540.0,150,25.0,0.7969001177944722,67.47220342471348,True,
yasu,17,1731,1,66.60557531876653,33.30278765938326,50,74.00619479862947,1.6035802213915928,63.0,540.0,150,25.0,0.7969001177944722,67.47220342471348,True,
yasu,17,1737,0,17.58147482807632,17.58147482807632,30,65.1165734373197,1.470785967128526,45.0,361.0,60,25.0,0.9136530591889541,64.19235874615696,True,
yasu,18,1815,0,244.3984569226084,34.91406527465834,50,77.58681172146298,1.6811657058697407,63.0,540.0,150,25.0,0.8357901314017064,70.76442543284607,True,
yasu,18,1815,1,244.3984569226084,34.91406527465834,50,77.58681172146298,1.6811657058697407,63.0,540.0,150,25.0,0.8357901314017064,70.76442543284607,True,
yasu,18,1815,2,244.3984569226084,34.91406527465834,50,77.58681172146298,1.6811657058697407,63.0,540.0,150,25.0,0.8357901314017064,70.76442543284607,True,
yasu,18,1815,3,244.3984569226084,34.91406527465834,50,77.58681172146298,1.6811657058697407,63.0,540.0,150,25.0,0.8357901314017064,70.76442543284607,True,
yasu,18,1815,4,244.3984569226084,34.91406527465834,50,77.58681172146298,1.6811657058697407,63.0,540.0,150,25.0,0.8357901314017064,70.76442543284607,True,
yasu,18,1815,5,244.3984569226084,34.91406527465834,50,77.58681172146298,1.6811657058697407,63.0,540.0,150,25.0,0.8357901314017064,70.76442543284607,True,
yasu,18,1815,6,244.3984569226084,34.91406527465834,50,77.58681172146298,1.6811657058697407,63.0,540.0,150,25.0,0.8357901314017064,70.76442543284607,True,
yasu,18,286,0,229.0666442124271,32.723806316061015,50,72.7195695912467,1.5757013831332978,63.0,540.0,150,25.0,0.7829333922008107,66.28984261385673,True,
yasu,18,286,1,229.0666442124271,32.723806316061015,50,72.7195695912467,1.5757013831332978,63.0,540.0,150,25.0,0.7829333922008107,66.28984261385673,True,
yasu,18,286,2,229.0666442124271,32.723806316061015,50,72.7195695912467,1.5757013831332978,63.0,540.0,150,25.0,0.7829333922008107,66.28984261385673,True,
yasu,18,286,3,229.0666442124271,32.723806316061015,50,72.7195695912467,1.5757013831332978,63.0,540.0,150,25.0,0.7829333922008107,66.28984261385673,True,
yasu,18,286,4,229.0666442124271,32.723806316061015,50,72.7195695912467,1.5757013831332978,63.0,540.0,150,25.0,0.7829333922008107,66.28984261385673,True,
yasu,18,286,5,229.0666442124271,32.723806316061015,50,72.7195695912467,1.5757013831332978,63.0,540.0,150,25.0,0.7829333922008107,66.28984261385673,True,
yasu,18,286,6,229.0666442124271,32.723806316061015,50,72.7195695912467,1.5757013831332978,63.0,540.0,150,25.0,0.7829333922008107,66.28984261385673,True,
yasu,19,309,0,159.22194184151527,31.844388368303054,50,70.7653074851179,1.5333560623215696,63.0,540.0,150,25.0,0.7617269773049613,64.49458980834042,True,
yasu,19,309,1,159.22194184151527,31.844388368303054,50,70.7653074851179,1.5333560623215696,63.0,540.0,150,25.0,0.7617269773049613,64.49458980834042,True,
yasu,19,309,2,159.22194184151527,31.844388368303054,50,70.7653074851179,1.5333560623215696,63.0,540.0,150,25.0,0.7617269773049613,64.49458980834042,True,
yasu,19,309,3,159.22194184151527,31.844388368303054,50,70.7653074851179,1.5333560623215696,63.0,540.0,150,25.0,0.7617269773049613,64.49458980834042,True,
yasu,19,309,4,159.22194184151527,31.844388368303054,50,70.7653074851179,1.5333560623215696,63.0,540.0,150,25.0,0.7617269773049613,64.49458980834042,True,
yasu,19,318,0,51.43310871496215,25.716554357481076,50,57.14789857218017,1.2382914713261017,63.0,540.0,100,25.0,0.8594430608052118,68.1121464136659,True,
yasu,19,318,1,51.43310871496215,25.716554357481076,50,57.14789857218017,1.2382914713261017,63.0,540.0,100,25.0,0.8594430608052118,68.1121464136659,True,
yasu,19,323,0,67.4019716658202,33.7009858329101,50,74.89107962868911,1.6227540731962178,63.0,540.0,150,25.0,0.8065081686410871,68.28557455353351,True,
yasu,19,323,1,67.4019716658202,33.7009858329101,50,74.89107962868911,1.6227540731962178,63.0,540.0,150,25.0,0.8065081686410871,68.28557455353351,True,
yasu,19,347,0,60.4338224671646,30.2169112335823,50,67.1486916301829,1.454990546176259,63.0,540.0,150,25.0,0.7225062778904398,61.1742790176128,True,
yasu,19,347,1,60.4338224671646,30.2169112335823,50,67.1486916301829,1.454990546176259,63.0,540.0,150,25.0,0.7225062778904398,61.1742790176128,True,
yasu,19,354,0,34.64557502908463,34.64557502908463,50,76.99016673129918,1.6682374894140453,63.0,540.0,150,25.0,0.8293076388263542,70.21565545349449,True,
yasu,19,358,0,385.2312602542572,32.102605021188104,50,71.3391222693069,1.5457895895576519,63.0,540.0,150,25.0,0.7679526868559925,65.02163574032075,True,
yasu,19,358,1,385.2312602542572,32.102605021188104,50,71.3391222693069,1.5457895895576519,63.0,540.0,150,25.0,0.7679526868559925,65.02163574032075,True,
yasu,19,358,2,385.2312602542572,32.102605021188104,50,71.3391222693069,1.5457895895576519,63.0,540.0,150,25.0,0.7679526868559925,65.02163574032075,True,
yasu,19,358,3,385.2312602542572,32.102605021188104,50,71.3391222693069,1.5457895895576519,63.0,540.0,150,25.0,0.7679526868559925,65.02163574032075,True,
yasu,19,358,4,385.2312602542572,32.102605021188104,50,71.3391222693069,1.5457895895576519,63.0,540.0,150,25.0,0.7679526868559925,65.02163574032075,True,
yasu,19,358,5,385.2312602542572,32.102605021188104,50,71.3391222693069,1.5457895895576519,63.0,540.0,150,25.0,0.7679526868559925,65.02163574032075,True,
yasu,19,358,6,385.2312602542572,32.102605021188104,50,71.3391222693069,1.5457895895576519,63.0,540.0,150,25.0,0.7679526868559925,65.02163574032075,True,
yasu,19,358,7,385.2312602542572,32.102605021188104,50,71.3391222693069,1.5457895895576519,63.0,540.0,150,25.0,0.7679526868559925,65.02163574032075,True,
yasu,19,358,8,385.2312602542572,32.102605021188104,50,71.3391222693069,1.5457895895576519,63.0,540.0,150,25.0,0.7679526868559925,65.02163574032075,True,
yasu,19,358,9,385.2312602542572,32.102605021188104,50,71.3391222693069,1.5457895895576519,63.0,540.0,150,25.0,0.7679526868559925,65.02163574032075,True,
yasu,19,358,10,385.2312602542572,32.102605021188104,50,71.3391222693069,1.5457895895576519,63.0,540.0,150,25.0,0.7679526868559925,65.02163574032075,True,
yasu,19,358,11,385.2312602542572,32.102605021188104,50,71.3391222693069,1.5457895895576519,63.0,540.0,150,25.0,0.7679526868559925,65.02163574032075,True,
yasu,20,1667,0,98.9116573497564,32.9705524499188,50,73.26789433315288,1.5875825873137444,63.0,540.0,150,25.0,0.7888851377518471,66.7936916714188,True,
yasu,20,1667,1,98.9116573497564,32.9705524499188,50,73.26789433315288,1.5875825873137444,63.0,540.0,150,25.0,0.7888851377518471,66.7936916714188,True,
yasu,20,1667,2,98.9116573497564,32.9705524499188,50,73.26789433315288,1.5875825873137444,63.0,540.0,150,25.0,0.7888851377518471,66.7936916714188,True,
yasu,20,1706,0,81.6476188020994,27.215872934033133,50,60.47971763118474,1.3104859566501088,63.0,540.0,100,25.0,0.9100143428676146,72.11998775127236,True,
yasu,20,1706,1,81.6476188020994,27.215872934033133,50,60.47971763118474,1.3104859566501088,63.0,540.0,100,25.0,0.9100143428676146,72.11998775127236,True,
yasu,20,1706,2,81.6476188020994,27.215872934033133,50,60.47971763118474,1.3104859566501088,63.0,540.0,100,25.0,0.9100143428676146,72.11998775127236,True,
yasu,20,381,0,18.82882141805879,18.82882141805879,30,69.73637562243997,1.5751332917205532,45.0,361.0,60,25.0,0.9791371577663962,68.79204311861288,True,
yasu,20,410,0,30.346640791520755,30.346640791520755,50,67.43697953671278,1.4612372230421025,63.0,540.0,150,25.0,0.7256314740491748,61.438850906325634,True,
yasu,21,1835,0,52.25440503099841,26.127202515499206,50,58.06045003444268,1.258064808948282,63.0,540.0,100,25.0,0.8732888445923204,69.20944327807756,True,
yasu,21,1835,1,52.25440503099841,26.127202515499206,50,58.06045003444268,1.258064808948282,63.0,540.0,100,25.0,0.8732888445923204,69.20944327807756,True,
yasu,21,1836,0,33.54477229354971,33.54477229354971,50,74.54393843011047,1.6152321520707553,63.0,540.0,150,25.0,0.8027386928631179,67.96646931768515,True,
yasu,21,1837,0,4.425617378521383,4.425617378521383,10,49.173526428015364,0.854748087540837,24.0,122.0,60,25.0,0.2283651679516381,16.04756216888738,True,
yasu,21,1838,0,21.373092129170814,21.373092129170814,30,79.15960047841041,1.7879753709586304,45.0,361.0,100,25.0,0.7132331662454509,56.52481270837888,True,
yasu,21,382,0,193.27197183999536,32.21199530666589,50,71.58221179259087,1.5510568993095768,63.0,540.0,150,25.0,0.7705903734596864,65.24493231651277,True,
yasu,21,382,1,193.27197183999536,32.21199530666589,50,71.58221179259087,1.5510568993095768,63.0,540.0,150,25.0,0.7705903734596864,65.24493231651277,True,
yasu,21,382,2,193.27197183999536,32.21199530666589,50,71.58221179259087,1.5510568993095768,63.0,540.0,150,25.0,0.7705903734596864,65.24493231651277,True,
yasu,21,382,3,193.27197183999536,32.21199530666589,50,71.58221179259087,1.5510568993095768,63.0,540.0,150,25.0,0.7705903734596864,65.24493231651277,True,
yasu,21,382,4,193.27197183999536,32.21199530666589,50,71.58221179259087,1.5510568993095768,63.0,540.0,150,25.0,0.7705903734596864,65.24493231651277,True,
yasu,21,382,5,193.27197183999536,32.21199530666589,50,71.58221179259087,1.5510568993095768,63.0,540.0,150,25.0,0.7705903734596864,65.24493231651277,True,
yasu,21,404,0,15.410846453805217,15.410846453805217,30,57.077209088167464,1.2892011010153197,45.0,361.0,60,25.0,0.7999108678620814,56.20259775257469,True,
yasu,21,406,0,13.78298658934903,13.78298658934903,20,76.57214771860572,1.4329312673260253,38.0,231.0,60,25.0,0.7147866480985412,50.2227849924826,True,
yasu,21,414,0,33.62485944225879,33.62485944225879,50,74.7219098716862,1.6190884709162243,63.0,540.0,150,25.0,0.8046711810851277,68.13006430109392,True,
yasu,22,2285,0,20.74128885590761,20.74128885590761,30,76.81958835521337,1.7351215917741076,45.0,361.0,100,25.0,0.6920014920641073,54.84217291014435,True,
yasu,22,274,0,650.1520941992328,34.21853127364383,50,76.0411806080974,1.6476746786698608,63.0,540.0,150,25.0,0.8189987858589343,69.34296532759245,True,
yasu,22,274,1,650.1520941992328,34.21853127364383,50,76.0411806080974,1.6476746786698608,63.0,540.0,150,25.0,0.8189987858589343,69.34296532759245,True,
yasu,22,274,2,650.1520941992328,34.21853127364383,50,76.0411806080974,1.6476746786698608,63.0,540.0,150,25.0,0.8189987858589343,69.34296532759245,True,
yasu,22,274,3,650.1520941992328,34.21853127364383,50,76.0411806080974,1.6476746786698608,63.0,540.0,150,25.0,0.8189987858589343,69.34296532759245,True,
yasu,22,274,4,650.1520941992328,34.21853127364383,50,76.0411806080974,1.6476746786698608,63.0,540.0,150,25.0,0.8189987858589343,69.34296532759245,True,
yasu,22,274,5,650.1520941992328,34.21853127364383,50,76.0411806080974,1.6476746786698608,63.0,540.0,150,25.0,0.8189987858589343,69.34296532759245,True,
yasu,22,274,6,650.1520941992328,34.21853127364383,50,76.0411806080974,1.6476746786698608,63.0,540.0,150,25.0,0.8189987858589343,69.34296532759245,True,
yasu,22,274,7,650.1520941992328,34.21853127364383,50,76.0411806080974,1.6476746786698608,63.0,540.0,150,25.0,0.8189987858589343,69.34296532759245,True,
yasu,22,274,8,650.1520941992328,34.21853127364383,50,76.0411806080974,1.6476746786698608,63.0,540.0,150,25.0,0.8189987858589343,69.34296532759245,True,
yasu,22,274,9,650.1520941992328,34.21853127364383,50,76.0411806080974,1.6476746786698608,63.0,540.0,150,25.0,0.8189987858589343,69.34296532759245,True,
yasu,22,274,10,650.1520941992328,34.21853127364383,50,76.0411806080974,1.6476746786698608,63.0,540.0,150,25.0,0.8189987858589343,69.34296532759245,True,
yasu,22,274,11,650.1520941992328,34.21853127364383,50,76.0411806080974,1.6476746786698608,63.0,540.0,150,25.0,0.8189987858589343,69.34296532759245,True,
yasu,22,274,12,650.1520941992328,34.21853127364383,50,76.0411806080974,1.6476746786698608,63.0,540.0,150,25.0,0.8189987858589343,69.34296532759245,True,
yasu,22,274,13,650.1520941992328,34.21853127364383,50,76.0411806080974,1.6476746786698608,63.0,540.0,150,25.0,0.8189987858589343,69.34296532759245,True,
yasu,22,274,14,650.1520941992328,34.21853127364383,50,76.0411806080974,1.6476746786698608,63.0,540.0,150,25.0,0.8189987858589343,69.34296532759245,True,
yasu,22,274,15,650.1520941992328,34.21853127364383,50,76.0411806080974,1.6476746786698608,63.0,540.0,150,25.0,0.8189987858589343,69.34296532759245,True,
yasu,22,274,16,650.1520941992328,34.21853127364383,50,76.0411806080974,1.6476746786698608,63.0,540.0,150,25.0,0.8189987858589343,69.34296532759245,True,
yasu,22,274,17,650.1520941992328,34.21853127364383,50,76.0411806080974,1.6476746786698608,63.0,540.0,150,25.0,0.8189987858589343,69.34296532759245,True,
yasu,22,274,18,650.1520941992328,34.21853127364383,50,76.0411806080974,1.6476746786698608,63.0,540.0,150,25.0,0.8189987858589343,69.34296532759245,True,
yasu,22,277,0,44.86843752388892,22.43421876194446,50,49.853819470987695,1.0802419862557702,63.0,540.0,100,25.0,0.748912800838536,59.35247315901001,True,
yasu,22,277,1,44.86843752388892,22.43421876194446,50,49.853819470987695,1.0802419862557702,63.0,540.0,100,25.0,0.748912800838536,59.35247315901001,True,
yasu,22,289,0,27.620554317825423,27.620554317825423,50,61.3790095951676,1.3299719849565665,63.0,540.0,100,25.0,0.9236729808980504,73.20245281657596,True,
yasu,22,293,0,336.6852533683441,33.668525336834406,50,74.81894519296534,1.6211910506043574,63.0,540.0,150,25.0,0.8057248636997033,68.21926385690712,True,
yasu,22,293,1,336.6852533683441,33.668525336834406,50,74.81894519296534,1.6211910506043574,63.0,540.0,150,25.0,0.8057248636997033,68.21926385690712,True,
yasu,22,293,2,336.6852533683441,33.668525336834406,50,74.81894519296534,1.6211910506043574,63.0,540.0,150,25.0,0.8057248636997033,68.21926385690712,True,
yasu,22,293,3,336.6852533683441,33.668525336834406,50,74.81894519296534,1.6211910506043574,63.0,540.0,150,25.0,0.8057248636997033,68.21926385690712,True,
yasu,22,293,4,336.6852533683441,33.668525336834406,50,74.81894519296534,1.6211910506043574,63.0,540.0,150,25.0,0.8057248636997033,68.21926385690712,True,
yasu,22,293,5,336.6852533683441,33.668525336834406,50,74.81894519296534,1.6211910506043574,63.0,540.0,150,25.0,0.8057248636997033,68.21926385690712,True,
yasu,22,293,6,336.6852533683441,33.668525336834406,50,74.81894519296534,1.6211910506043574,63.0,540.0,150,25.0,0.8057248636997033,68.21926385690712,True,
yasu,22,293,7,336.6852533683441,33.668525336834406,50,74.81894519296534,1.6211910506043574,63.0,540.0,150,25.0,0.8057248636997033,68.21926385690712,True,
yasu,22,293,8,336.6852533683441,33.668525336834406,50,74.81894519296534,1.6211910506043574,63.0,540.0,150,25.0,0.8057248636997033,68.21926385690712,True,
yasu,22,293,9,336.6852533683441,33.668525336834406,50,74.81894519296534,1.6211910506043574,63.0,540.0,150,25.0,0.8057248636997033,68.21926385690712,True,
yasu,22,301,0,201.9855580305786,33.6642596717631,50,74.80946593725133,1.6209856522992847,63.0,540.0,150,25.0,0.8056219297871182,68.21054998284534,True,
yasu,22,301,1,201.9855580305786,33.6642596717631,50,74.80946593725133,1.6209856522992847,63.0,540.0,150,25.0,0.8056219297871182,68.21054998284534,True,
yasu,22,301,2,201.9855580305786,33.6642596717631,50,74.80946593725133,1.6209856522992847,63.0,540.0,150,25.0,0.8056219297871182,68.21054998284534,True,
yasu,22,301,3,201.9855580305786,33.6642596717631,50,74.80946593725133,1.6209856522992847,63.0,540.0,150,25.0,0.8056219297871182,68.21054998284534,True,
yasu,22,301,4,201.9855580305786,33.6642596717631,50,74.80946593725133,1.6209856522992847,63.0,540.0,150,25.0,0.8056219297871182,68.21054998284534,True,
yasu,22,301,5,201.9855580305786,33.6642596717631,50,74.80946593725133,1.6209856522992847,63.0,540.0,150,25.0,0.8056219297871182,68.21054998284534,True,
yasu,23,1711,0,3.3730996912198123,3.3730996912198123,10,37.47888545799791,0.6514685440606243,24.0,122.0,60,25.0,0.17395714374918908,12.224402046251264,True,
yasu,23,1712,0,16.06488688123674,16.06488688123674,30,59.49958104161755,1.343915139058639,45.0,361.0,60,25.0,0.834154571524875,58.60807810313073,True,
yasu,23,1730,0,38.19926167391248,19.09963083695624,30,70.73937347020829,1.5977879721142902,45.0,361.0,60,25.0,0.9933661564534055,69.79148518072968,True,
yasu,23,1730,1,38.19926167391248,19.09963083695624,30,70.73937347020829,1.5977879721142902,45.0,361.0,60,25.0,0.9933661564534055,69.79148518072968,True,
yasu,23,1732,0,22.93114790944225,22.93114790944225,50,50.95810646542722,1.1041698856409714,63.0,540.0,100,25.0,0.7656305845786787,60.67738051338552,True,
yasu,23,1733,0,54.32056753428148,27.16028376714074,50,60.35618614920164,1.3078092531421621,63.0,540.0,100,25.0,0.9081384173149823,71.97131817361503,True,
yasu,23,1733,1,54.32056753428148,27.16028376714074,50,60.35618614920164,1.3078092531421621,63.0,540.0,100,25.0,0.9081384173149823,71.97131817361503,True,
yasu,23,1734,0,36.58455670340713,18.292278351703565,30,67.74917908038358,1.5302485468130798,45.0,361.0,60,25.0,0.9509583500752954,66.8127476618303,True,
yasu,23,1734,1,36.58455670340713,18.292278351703565,30,67.74917908038358,1.5302485468130798,45.0,361.0,60,25.0,0.9509583500752954,66.8127476618303,True,
yasu,23,1742,0,11.980573819987557,11.980573819987557,20,66.55874344437532,1.2455456381590067,38.0,231.0,60,25.0,0.6207102092393159,43.61379054390565,True,
yasu,23,1746,0,4.269552021431532,4.269552021431532,10,47.4394669047948,0.8246061764593832,24.0,122.0,60,25.0,0.22029379543757463,15.480407266428257,True,
yasu,24,1435,0,51.97089143691233,25.985445718456166,50,57.745434929902586,1.2512390021025899,63.0,540.0,100,25.0,0.8685088034434194,68.8306186382297,True,
yasu,24,1435,1,51.97089143691233,25.985445718456166,50,57.745434929902586,1.2512390021025899,63.0,540.0,100,25.0,0.8685088034434194,68.8306186382297,True,
yasu,24,1437,0,41.85976022662572,20.92988011331286,30,77.51807449375133,1.7508982759048275,45.0,361.0,100,25.0,0.6983381214267107,55.34435964409407,True,
yasu,24,1437,1,41.85976022662572,20.92988011331286,30,77.51807449375133,1.7508982759048275,45.0,361.0,100,25.0,0.6983381214267107,55.34435964409407,True,
yasu,24,467,0,31.38599356038624,31.38599356038624,50,69.74665235641386,1.5112836503937084,63.0,540.0,150,25.0,0.7506768654202406,63.55912441271186,True,
yasu,24,470,0,35.20285761652958,17.60142880826479,30,65.19047706764736,1.4724552260693455,45.0,361.0,60,25.0,0.914699912753571,64.26589225791288,True,
yasu,24,470,1,35.20285761652958,17.60142880826479,30,65.19047706764736,1.4724552260693455,45.0,361.0,60,25.0,0.914699912753571,64.26589225791288,True,
yasu,24,481,0,25.708624955476008,25.708624955476008,50,57.130277678835576,1.2379096584774945,63.0,540.0,100,25.0,0.8591757443335946,68.0909612254525,True,
yasu,24,485,0,39.470779758770064,19.735389879385032,30,73.09403659031494,1.6509726728986696,45.0,361.0,60,25.0,1.026787165872241,72.13894157165107,True,
yasu,24,485,1,39.470779758770064,19.735389879385032,30,73.09403659031494,1.6509726728986696,45.0,361.0,60,25.0,1.026787165872241,72.13894157165107,True,
yasu,25,1418,0,23.075157699453023,23.075157699453023,50,51.27812822100672,1.1111041775480022,63.0,540.0,100,25.0,0.7704764502413955,61.06142201314668,True,
yasu,25,1419,0,37.13284259843016,18.56642129921508,30,68.76452333042621,1.5531820950011586,45.0,361.0,60,25.0,0.9653540419006661,67.82391281239512,True,
yasu,25,1419,1,37.13284259843016,18.56642129921508,30,68.76452333042621,1.5531820950011586,45.0,361.0,60,25.0,0.9653540419006661,67.82391281239512,True,
yasu,25,2628,0,176.5512383957907,29.42520639929845,50,65.38934755399656,1.416868746090854,63.0,540.0,150,25.0,0.703438415657756,59.56003095293129,True,
yasu,25,2628,1,176.5512383957907,29.42520639929845,50,65.38934755399656,1.416868746090854,63.0,540.0,150,25.0,0.703438415657756,59.56003095293129,True,
yasu,25,2628,2,176.5512383957907,29.42520639929845,50,65.38934755399656,1.416868746090854,63.0,540.0,150,25.0,0.703438415657756,59.56003095293129,True,
yasu,25,2628,3,176.5512383957907,29.42520639929845,50,65.38934755399656,1.416868746090854,63.0,540.0,150,25.0,0.703438415657756,59.56003095293129,True,
yasu,25,2628,4,176.5512383957907,29.42520639929845,50,65.38934755399656,1.416868746090854,63.0,540.0,150,25.0,0.703438415657756,59.56003095293129,True,
yasu,25,2628,5,176.5512383957907,29.42520639929845,50,65.38934755399656,1.416868746090854,63.0,540.0,150,25.0,0.703438415657756,59.56003095293129,True,
yasu,25,454,0,62.40630742559343,31.203153712796716,50,69.3403415839927,1.50247963175492,63.0,540.0,150,25.0,0.7462700141155936,63.1860540595169,True,
yasu,25,454,1,62.40630742559343,31.203153712796716,50,69.3403415839927,1.50247963175492,63.0,540.0,150,25.0,0.7462700141155936,63.1860540595169,True,
yasu,25,462,0,28.373463788094416,28.373463788094416,50,63.052141751320924,1.366225728858441,63.0,540.0,100,25.0,0.9490949916170572,75.21718049250225,True,
yasu,25,464,0,16.963865117497896,16.963865117497896,30,62.829130064807025,1.4191195566388637,45.0,361.0,60,25.0,0.8812624660351903,61.917146028665805,True,
yasu,26,1452,0,102.22576612067834,34.07525537355945,50,75.722789719021,1.64077572468657,63.0,540.0,150,25.0,0.8155405931957408,69.05021320712906,True,
yasu,26,1452,1,102.22576612067834,34.07525537355945,50,75.722789719021,1.64077572468657,63.0,540.0,150,25.0,0.8155405931957408,69.05021320712906,True,
yasu,26,1452,2,102.22576612067834,34.07525537355945,50,75.722789719021,1.64077572468657,63.0,540.0,150,25.0,0.8155405931957408,69.05021320712906,True,
yasu,26,564,0,69.876572034366,34.938286017183,50,77.64063559374,1.6823319717108234,63.0,540.0,150,25.0,0.836374965612338,70.813934015952,True,
yasu,26,564,1,69.876572034366,34.938286017183,50,77.64063559374,1.6823319717108234,63.0,540.0,150,25.0,0.836374965612338,70.813934015952,True,
yasu,26,576,0,37.72792077487062,18.86396038743531,30,69.8665199534641,1.5780728575740284,45.0,361.0,60,25.0,0.9809832073522562,68.92170968989588,True,
yasu,26,576,1,37.72792077487062,18.86396038743531,30,69.8665199534641,1.5780728575740284,45.0,361.0,60,25.0,0.9809832073522562,68.92170968989588,True,
yasu,26,599,0,52.12144881416587,26.060724407082937,50,57.91272090462875,1.2548637862320402,63.0,540.0,100,25.0,0.8710471439372977,69.03178551071908,True,
yasu,26,599,1,52.12144881416587,26.060724407082937,50,57.91272090462875,1.2548637862320402,63.0,540.0,100,25.0,0.8710471439372977,69.03178551071908,True,
yasu,27,1613,0,25.546465940053096,25.546465940053096,50,56.769924311229104,1.2301014535754868,63.0,540.0,100,25.0,0.853709348948203,67.6577420680276,True,
yasu,27,1616,0,38.74435163437008,19.37217581718504,30,71.74879932290756,1.62058784165036,45.0,361.0,60,25.0,1.007690622740716,70.79762549098007,True,
yasu,27,1616,1,38.74435163437008,19.37217581718504,30,71.74879932290756,1.62058784165036,45.0,361.0,60,25.0,1.007690622740716,70.79762549098007,True,
yasu,27,1620,0,22.62067615046648,22.62067615046648,50,50.268169223258845,1.0892201950298934,63.0,540.0,100,25.0,0.7551849699433568,59.849551198857355,True,
yasu,27,1621,0,20.67284962673442,20.67284962673442,30,76.566109728646,1.7293962781213374,45.0,361.0,100,25.0,0.6897021487651906,54.65994673624042,True,
yasu,27,1622,0,40.085308512281465,20.042654256140732,30,74.23205280052123,1.6766770087379526,45.0,361.0,100,25.0,0.6685346003135892,52.98238881218903,True,
yasu,27,1622,1,40.085308512281465,20.042654256140732,30,74.23205280052123,1.6766770087379526,45.0,361.0,100,25.0,0.6685346003135892,52.98238881218903,True,
yasu,27,1625,0,44.91230171116258,22.45615085558129,50,49.902557456847305,1.081298050148362,63.0,540.0,100,25.0,0.7496505247247921,59.41093879375494,True,
yasu,27,1625,1,44.91230171116258,22.45615085558129,50,49.902557456847305,1.081298050148362,63.0,540.0,100,25.0,0.7496505247247921,59.41093879375494,True,
yasu,27,1650,0,45.45848835477637,22.729244177388185,50,50.50943150530708,1.0944479117732426,63.0,540.0,100,25.0,0.7588374165760163,60.13901261826669,True,
yasu,27,1650,1,45.45848835477637,22.729244177388185,50,50.50943150530708,1.0944479117732426,63.0,540.0,100,25.0,0.7588374165760163,60.13901261826669,True,
yasu,27,1651,0,39.43293340342184,19.71646670171092,30,73.02395074707748,1.6493896461930764,45.0,361.0,60,25.0,1.025792061963982,72.06904710628532,True,
yasu,27,1651,1,39.43293340342184,19.71646670171092,30,73.02395074707748,1.6493896461930764,45.0,361.0,60,25.0,1.025792061963982,72.06904710628532,True,
yasu,27,1653,0,4.665511669482712,4.665511669482712,10,51.83901854980792,0.9010804224160377,24.0,122.0,60,25.0,0.24077461580576806,16.919537994698185,True,
yasu,27,1654,0,37.92385589631387,18.961927948156934,30,70.2293627709516,1.5862683767185923,45.0,361.0,60,25.0,0.9861303759392859,69.28324629695801,True,
yasu,27,1654,1,37.92385589631387,18.961927948156934,30,70.2293627709516,1.5862683767185923,45.0,361.0,60,25.0,0.9861303759392859,69.28324629695801,True,
yasu,27,1656,0,38.07536267512671,19.037681337563356,30,70.50993087986429,1.592605559644991,45.0,361.0,60,25.0,0.9901108025254806,69.56283040711239,True,
yasu,27,1656,1,38.07536267512671,19.037681337563356,30,70.50993087986429,1.592605559644991,45.0,361.0,60,25.0,0.9901108025254806,69.56283040711239,True,
yasu,28,1439,0,40.89592851405678,20.44796425702839,30,75.733200951957,1.7105833941505377,45.0,361.0,100,25.0,0.6821474612016367,54.061227162152264,True,
yasu,28,1439,1,40.89592851405678,20.44796425702839,30,75.733200951957,1.7105833941505377,45.0,361.0,100,25.0,0.6821474612016367,54.061227162152264,True,
yasu,28,1441,0,20.45963081028463,20.45963081028463,30,75.77641040846159,1.7115593647663039,45.0,361.0,100,25.0,0.6825393531377293,54.09228514766317,True,
yasu,28,1442,0,30.259584516523155,30.259584516523155,50,67.24352114782923,1.4570453300942205,63.0,540.0,150,25.0,0.7235342586416426,61.26130552882913,True,
yasu,28,1444,0,41.17195049048502,20.58597524524251,30,76.24435276015744,1.7221287637375484,45.0,361.0,100,25.0,0.6867835966635366,54.428647395516556,True,
yasu,28,1444,1,41.17195049048502,20.58597524524251,30,76.24435276015744,1.7221287637375484,45.0,361.0,100,25.0,0.6867835966635366,54.428647395516556,True,
yasu,28,456,0,13.21522700827412,13.21522700827412,20,73.4179278237451,1.373904840014919,38.0,231.0,60,25.0,0.6851327391862041,48.13959325221861,True,
yasu,28,457,0,29.66828154705233,29.66828154705233,50,65.92951454900518,1.428573186669123,63.0,540.0,150,25.0,0.7092919740136949,60.055583057386734,True,
yasu,28,459,0,39.96779715015169,19.983898575075845,30,74.01443916694757,1.6717617765379034,45.0,361.0,100,25.0,0.6665615265320449,52.82601993750245,True,
yasu,28,459,1,39.96779715015169,19.983898575075845,30,74.01443916694757,1.6717617765379034,45.0,361.0,100,25.0,0.6665615265320449,52.82601993750245,True,
yasu,29,1609,0,14.164471788917808,14.164471788917808,20,78.69150993843226,1.472591907415934,38.0,231.0,60,25.0,0.7347217831308838,51.623213432416215,True,
yasu,29,1618,0,9.945909710005154,9.945909710005154,20,55.25505394447307,1.0340142837025728,38.0,231.0,60,25.0,0.5147318321606403,36.16828434639006,True,
yasu,29,1630,0,36.05188728344436,18.02594364172218,30,66.76275422860067,1.5079682001510168,45.0,361.0,60,25.0,0.9369768280691103,65.83066697631983,True,
yasu,29,1630,1,36.05188728344436,18.02594364172218,30,66.76275422860067,1.5079682001510168,45.0,361.0,60,25.0,0.9369768280691103,65.83066697631983,True,
yasu,29,1632,0,45.00138631491775,22.500693157458876,50,50.00154034990861,1.083442830190102,63.0,540.0,100,25.0,0.751148816073637,59.52968044755017,True,
yasu,29,1632,1,45.00138631491775,22.500693157458876,50,50.00154034990861,1.083442830190102,63.0,540.0,100,25.0,0.751148816073637,59.52968044755017,True,
yasu,29,1633,0,53.34559955725338,26.67279977862669,50,59.272888396948204,1.2843361526251258,63.0,540.0,100,25.0,0.891690734317316,70.6678175187682,True,
yasu,29,1633,1,53.34559955725338,26.67279977862669,50,59.272888396948204,1.2843361526251258,63.0,540.0,100,25.0,0.891690734317316,70.6678175187682,True,
yasu,29,1634,0,23.731702505317912,23.731702505317912,50,52.73711667848424,1.142717815298405,63.0,540.0,100,25.0,0.7925749407584568,62.81275758697156,True,
yasu,29,1635,0,2.776097448458428,2.776097448458428,10,30.845527205093646,0.5361656424283163,24.0,122.0,60,25.0,0.14312325117837568,10.057708351745719,True,
yasu,29,1636,0,23.23149408420073,23.23149408420073,50,51.625542409334955,1.1186320138669734,63.0,540.0,100,25.0,0.7757376405259633,61.47837854922204,True,
yasu,29,1637,0,13.600439591909131,13.600439591909131,20,75.55799773282851,1.413952993009902,38.0,231.0,60,25.0,0.7052502793289066,49.55285707176475,True,
yasu,29,1645,0,14.950093115194672,14.950093115194672,30,55.370715241461745,1.2506565789338262,45.0,361.0,60,25.0,0.7758017916493795,54.509008140727765,True,
yasu,29,1646,0,73.39054976147918,24.463516587159727,50,54.363370193688276,1.1779557839447545,63.0,540.0,100,25.0,0.8172186070044334,64.76580160826153,True,
yasu,29,1646,1,73.39054976147918,24.463516587159727,50,54.363370193688276,1.1779557839447545,63.0,540.0,100,25.0,0.8172186070044334,64.76580160826153,True,
yasu,29,1646,2,73.39054976147918,24.463516587159727,50,54.363370193688276,1.1779557839447545,63.0,540.0,100,25.0,0.8172186070044334,64.76580160826153,True,
yasu,29,1763,0,36.10668297065178,18.05334148532589,30,66.86422772342922,1.51026017874189,45.0,361.0,60,25.0,0.9384149183461519,65.93168067406901,True,
yasu,29,1763,1,36.10668297065178,18.05334148532589,30,66.86422772342922,1.51026017874189,45.0,361.0,60,25.0,0.9384149183461519,65.93168067406901,True,
yasu,30,579,0,1.340251393132572,1.340251393132572,10,14.891682145917466,0.2588514137403244,24.0,122.0,60,25.0,0.0690448542140741,4.85208664142937,True,
yasu,30,587,0,99.41150719879204,33.137169066264015,50,73.6381534805867,1.5956054325259559,63.0,540.0,150,25.0,0.7929044998785241,67.13395284758873,True,
yasu,30,587,1,99.41150719879204,33.137169066264015,50,73.6381534805867,1.5956054325259559,63.0,540.0,150,25.0,0.7929044998785241,67.13395284758873,True,
yasu,30,587,2,99.41150719879204,33.137169066264015,50,73.6381534805867,1.5956054325259559,63.0,540.0,150,25.0,0.7929044998785241,67.13395284758873,True,
yasu,30,601,0,228.52724136204023,32.64674876600575,50,72.54833059112389,1.571990944102147,63.0,540.0,150,25.0,0.7810748428929601,66.13250562526017,True,
yasu,30,601,1,228.52724136204023,32.64674876600575,50,72.54833059112389,1.571990944102147,63.0,540.0,150,25.0,0.7810748428929601,66.13250562526017,True,
yasu,30,601,2,228.52724136204023,32.64674876600575,50,72.54833059112389,1.571990944102147,63.0,540.0,150,25.0,0.7810748428929601,66.13250562526017,True,
yasu,30,601,3,228.52724136204023,32.64674876600575,50,72.54833059112389,1.571990944102147,63.0,540.0,150,25.0,0.7810748428929601,66.13250562526017,True,
yasu,30,601,4,228.52724136204023,32.64674876600575,50,72.54833059112389,1.571990944102147,63.0,540.0,150,25.0,0.7810748428929601,66.13250562526017,True,
yasu,30,601,5,228.52724136204023,32.64674876600575,50,72.54833059112389,1.571990944102147,63.0,540.0,150,25.0,0.7810748428929601,66.13250562526017,True,
yasu,30,601,6,228.52724136204023,32.64674876600575,50,72.54833059112389,1.571990944102147,63.0,540.0,150,25.0,0.7810748428929601,66.13250562526017,True,
yasu,30,610,0,407.0305690002239,33.919214083351996,50,75.37603129633777,1.633262097621582,63.0,540.0,150,25.0,0.8117745692435582,68.73140129175276,True,
yasu,30,610,1,407.0305690002239,33.919214083351996,50,75.37603129633777,1.633262097621582,63.0,540.0,150,25.0,0.8117745692435582,68.73140129175276,True,
yasu,30,610,2,407.0305690002239,33.919214083351996,50,75.37603129633777,1.633262097621582,63.0,540.0,150,25.0,0.8117745692435582,68.73140129175276,True,
yasu,30,610,3,407.0305690002239,33.919214083351996,50,75.37603129633777,1.633262097621582,63.0,540.0,150,25.0,0.8117745692435582,68.73140129175276,True,
yasu,30,610,4,407.0305690002239,33.919214083351996,50,75.37603129633777,1.633262097621582,63.0,540.0,150,25.0,0.8117745692435582,68.73140129175276,True,
yasu,30,610,5,407.0305690002239,33.919214083351996,50,75.37603129633777,1.633262097621582,63.0,540.0,150,25.0,0.8117745692435582,68.73140129175276,True,
yasu,30,610,6,407.0305690002239,33.919214083351996,50,75.37603129633777,1.633262097621582,63.0,540.0,150,25.0,0.8117745692435582,68.73140129175276,True,
yasu,30,610,7,407.0305690002239,33.919214083351996,50,75.37603129633777,1.633262097621582,63.0,540.0,150,25.0,0.8117745692435582,68.73140129175276,True,
yasu,30,610,8,407.0305690002239,33.919214083351996,50,75.37603129633777,1.633262097621582,63.0,540.0,150,25.0,0.8117745692435582,68.73140129175276,True,
yasu,30,610,9,407.0305690002239,33.919214083351996,50,75.37603129633777,1.633262097621582,63.0,540.0,150,25.0,0.8117745692435582,68.73140129175276,True,
yasu,30,610,10,407.0305690002239,33.919214083351996,50,75.37603129633777,1.633262097621582,63.0,540.0,150,25.0,0.8117745692435582,68.73140129175276,True,
yasu,30,610,11,407.0305690002239,33.919214083351996,50,75.37603129633777,1.633262097621582,63.0,540.0,150,25.0,0.8117745692435582,68.73140129175276,True,
yasu,30,626,0,15.463973719875677,15.463973719875677,30,57.27397674028029,1.2936454856970618,45.0,361.0,60,25.0,0.8026915491218948,56.39793083916822,True,
yasu,31,1708,0,12.680395364588424,12.680395364588424,20,70.44664091438014,1.3183017252600346,38.0,231.0,60,25.0,0.6572153605328811,46.17836389526445,True,
yasu,31,1726,0,81.04875597931606,27.016251993105353,50,60.036115540234114,1.3008739026706824,63.0,540.0,100,25.0,0.9032782195461393,71.58614107549121,True,
yasu,31,1726,1,81.04875597931606,27.016251993105353,50,60.036115540234114,1.3008739026706824,63.0,540.0,100,25.0,0.9032782195461393,71.58614107549121,True,
yasu,31,1726,2,81.04875597931606,27.016251993105353,50,60.036115540234114,1.3008739026706824,63.0,540.0,100,25.0,0.9032782195461393,71.58614107549121,True,
yasu,31,234,0,58.10639875913358,29.05319937956679,50,64.56266528792621,1.3989560384472213,63.0,540.0,150,25.0,0.694481385056268,58.80174210759896,True,
yasu,31,234,1,58.10639875913358,29.05319937956679,50,64.56266528792621,1.3989560384472213,63.0,540.0,150,25.0,0.694481385056268,58.80174210759896,True,
yasu,31,241,0,37.29578880178704,18.64789440089352,30,69.06627555886489,1.5599977629595558,45.0,361.0,60,25.0,0.9696331620718216,68.1244802658007,True,
yasu,31,241,1,37.29578880178704,18.64789440089352,30,69.06627555886489,1.5599977629595558,45.0,361.0,60,25.0,0.9696331620718216,68.1244802658007,True,
yasu,31,260,0,152.06532814625004,30.413065629250006,50,67.58459028722224,1.4644356806931926,63.0,540.0,150,25.0,0.7272317322566361,61.57432494707462,True,
yasu,31,260,1,152.06532814625004,30.413065629250006,50,67.58459028722224,1.4644356806931926,63.0,540.0,150,25.0,0.7272317322566361,61.57432494707462,True,
yasu,31,260,2,152.06532814625004,30.413065629250006,50,67.58459028722224,1.4644356806931926,63.0,540.0,150,25.0,0.7272317322566361,61.57432494707462,True,
yasu,31,260,3,152.06532814625004,30.413065629250006,50,67.58459028722224,1.4644356806931926,63.0,540.0,150,25.0,0.7272317322566361,61.57432494707462,True,
yasu,31,260,4,152.06532814625004,30.413065629250006,50,67.58459028722224,1.4644356806931926,63.0,540.0,150,25.0,0.7272317322566361,61.57432494707462,True,
yasu,32,1830,0,96.26695139655016,32.08898379885005,50,71.30885288633344,1.545133706844292,63.0,540.0,150,25.0,0.7676242535510049,64.99383180250786,True,
yasu,32,1830,1,96.26695139655016,32.08898379885005,50,71.30885288633344,1.545133706844292,63.0,540.0,150,25.0,0.7676242535510049,64.99383180250786,True,
yasu,32,1830,2,96.26695139655016,32.08898379885005,50,71.30885288633344,1.545133706844292,63.0,540.0,150,25.0,0.7676242535510049,64.99383180250786,True,
yasu,32,1831,0,31.02174277118131,31.02174277118131,50,68.93720615818069,1.4937444171268282,63.0,540.0,150,25.0,0.7418979996517042,62.815932260695966,True,
yasu,32,2098,0,43.335485873725496,21.667742936862748,50,48.15053985969499,1.0433350015958982,63.0,540.0,100,25.0,0.7231380004196266,57.309784578889506,True,
yasu,32,2098,1,43.335485873725496,21.667742936862748,50,48.15053985969499,1.0433350015958982,63.0,540.0,100,25.0,0.7231380004196266,57.309784578889506,True,
yasu,32,415,0,23.687671807358537,23.687671807358537,50,52.639270683018964,1.140597669768731,63.0,540.0,100,25.0,0.7910926111083784,62.69528094191536,True,
yasu,32,419,0,49.46394552865507,24.731972764327534,50,54.95993947628341,1.190882359954538,63.0,540.0,100,25.0,0.8262619022658312,65.48249498560692,True,
yasu,32,419,1,49.46394552865507,24.731972764327534,50,54.95993947628341,1.190882359954538,63.0,540.0,100,25.0,0.8262619022658312,65.48249498560692,True,
yasu,33,1433,0,47.80708684492576,23.90354342246288,50,53.118985383250845,1.1509922185939447,63.0,540.0,100,25.0,0.7983605338805113,63.27127371958684,True,
yasu,33,1433,1,47.80708684492576,23.90354342246288,50,53.118985383250845,1.1509922185939447,63.0,540.0,100,25.0,0.7983605338805113,63.27127371958684,True,
yasu,33,492,0,32.257397342806335,32.257397342806335,50,71.6831052062363,1.5532430768725598,63.0,540.0,150,25.0,0.7716851778788835,65.33761425331896,True,
yasu,33,497,0,15.663695107787202,15.663695107787202,30,58.013685584397045,1.3103532657637609,45.0,361.0,60,25.0,0.81314640892856,57.132345496244064,True,
yasu,33,500,0,3.754323135080232,3.754323135080232,10,41.714701500891465,0.7250966916602916,24.0,122.0,60,25.0,0.193656766847872,13.608673842741224,True,
yasu,33,506,0,36.726637628349856,18.363318814174928,30,68.01229190435159,1.5361914677752246,45.0,361.0,60,25.0,0.9546883844661211,67.07474904170653,True,
yasu,33,506,1,36.726637628349856,18.363318814174928,30,68.01229190435159,1.5361914677752246,45.0,361.0,60,25.0,0.9546883844661211,67.07474904170653,True,
yasu,34,1832,0,59.01671941912146,29.50835970956073,50,65.57413268791272,1.4208727053102335,63.0,540.0,150,25.0,0.7054407733077385,59.7295472064401,True,
yasu,34,1832,1,59.01671941912146,29.50835970956073,50,65.57413268791272,1.4208727053102335,63.0,540.0,150,25.0,0.7054407733077385,59.7295472064401,True,
yasu,34,1833,0,15.808476694205805,15.808476694205805,30,58.54991368224372,1.3224650327051228,45.0,361.0,60,25.0,0.8207267473979333,57.66483334609311,True,
yasu,34,1834,0,78.71982464750099,26.239941549166996,50,58.310981220371104,1.2634933660533967,63.0,540.0,100,25.0,0.8770907384940566,69.51074843741834,True,
yasu,34,1834,1,78.71982464750099,26.239941549166996,50,58.310981220371104,1.2634933660533967,63.0,540.0,100,25.0,0.8770907384940566,69.51074843741834,True,
yasu,34,1834,2,78.71982464750099,26.239941549166996,50,58.310981220371104,1.2634933660533967,63.0,540.0,100,25.0,0.8770907384940566,69.51074843741834,True,
yasu,34,1921,0,77.40369206101687,25.801230687005624,50,57.336068193345824,1.2423687662551148,63.0,540.0,100,25.0,0.8622977649611807,68.3383855378247,True,
yasu,34,1921,1,77.40369206101687,25.801230687005624,50,57.336068193345824,1.2423687662551148,63.0,540.0,100,25.0,0.8622977649611807,68.3383855378247,True,
yasu,34,1921,2,77.40369206101687,25.801230687005624,50,57.336068193345824,1.2423687662551148,63.0,540.0,100,25.0,0.8622977649611807,68.3383855378247,True,
yasu,34,1922,0,52.02164591361666,26.01082295680833,50,57.8018287929074,1.2524609549886756,63.0,540.0,100,25.0,0.8693644900871856,68.89843294723545,True,
yasu,34,1922,1,52.02164591361666,26.01082295680833,50,57.8018287929074,1.2524609549886756,63.0,540.0,100,25.0,0.8693644900871856,68.89843294723545,True,
yasu,34,2630,0,112.42220619182638,28.105551547956594,50,62.45678121768132,1.3533253442495665,63.0,540.0,100,25.0,0.9400474167405751,74.50014834942509,True,
yasu,34,2630,1,112.42220619182638,28.105551547956594,50,62.45678121768132,1.3533253442495665,63.0,540.0,100,25.0,0.9400474167405751,74.50014834942509,True,
yasu,34,2630,2,112.42220619182638,28.105551547956594,50,62.45678121768132,1.3533253442495665,63.0,540.0,100,25.0,0.9400474167405751,74.50014834942509,True,
yasu,34,2630,3,112.42220619182638,28.105551547956594,50,62.45678121768132,1.3533253442495665,63.0,540.0,100,25.0,0.9400474167405751,74.50014834942509,True,
yasu,34,434,0,44.49572970644096,22.24786485322048,50,49.43969967382329,1.0712687601923783,63.0,540.0,100,25.0,0.7426449108290339,58.85573422920211,True,
yasu,34,434,1,44.49572970644096,22.24786485322048,50,49.43969967382329,1.0712687601923783,63.0,540.0,100,25.0,0.7426449108290339,58.85573422920211,True,
yasu,34,444,0,28.037305837079085,28.037305837079085,50,62.30512408239797,1.3500392087681379,63.0,540.0,100,25.0,0.9377429803038104,74.31751874293796,True,
yasu,34,445,0,50.07790321121546,25.03895160560773,50,55.642114679128284,1.2056638612299702,63.0,540.0,100,25.0,0.8366049226270753,66.30219329846113,True,
yasu,34,445,1,50.07790321121546,25.03895160560773,50,55.642114679128284,1.2056638612299702,63.0,540.0,100,25.0,0.8366049226270753,66.30219329846113,True,
yasu,35,1875,0,12.323306419098564,12.323306419098564,20,68.46281343943647,1.2811774117528076,38.0,231.0,60,25.0,0.6385848871697352,44.869535052075584,True,
yasu,35,238,0,15.033309998176634,15.033309998176634,30,55.67892591917271,1.2576181236799242,45.0,361.0,60,25.0,0.7801552476509582,54.81482680108546,True,
yasu,35,243,0,0.7619690403911741,0.7619690403911741,10,8.466322671013044,0.1471640054561793,24.0,122.0,60,25.0,0.03924185229969962,2.757719592364237,True,
yasu,35,259,0,81.59365222691173,27.197884075637244,50,60.439742390304986,1.3096197655725301,63.0,540.0,100,25.0,0.9094072786277252,72.07187710862465,True,
yasu,35,259,1,81.59365222691173,27.197884075637244,50,60.439742390304986,1.3096197655725301,63.0,540.0,100,25.0,0.9094072786277252,72.07187710862465,True,
yasu,35,259,2,81.59365222691173,27.197884075637244,50,60.439742390304986,1.3096197655725301,63.0,540.0,100,25.0,0.9094072786277252,72.07187710862465,True,
yasu,36,1600,0,24.02828888090181,24.02828888090181,50,53.39619751311513,1.1569989034368795,63.0,540.0,100,25.0,0.8025609288664474,63.604160733951105,True,
yasu,36,1601,0,29.70583773900363,29.70583773900363,50,66.0129727533414,1.430381574820285,63.0,540.0,150,25.0,0.7101964379974458,60.13215331103922,True,
yasu,36,1602,0,29.327898466344305,29.327898466344305,50,65.17310770298734,1.412183220114298,63.0,540.0,150,25.0,0.701095315502571,59.36166784241023,True,
yasu,36,1608,0,45.14971281532034,22.57485640766017,50,50.166347572578154,1.0870139042513272,63.0,540.0,100,25.0,0.7536435830097942,59.72739416282428,True,
yasu,36,1608,1,45.14971281532034,22.57485640766017,50,50.166347572578154,1.0870139042513272,63.0,540.0,100,25.0,0.7536435830097942,59.72739416282428,True,
yasu,36,1610,0,18.82331945138614,18.82331945138614,30,69.71599796809683,1.5746730222919147,45.0,361.0,60,25.0,0.9788481146685106,68.77174071270969,True,
yasu,36,1619,0,27.10584989182481,27.10584989182481,50,60.23522198183291,1.3051881786926864,63.0,540.0,100,25.0,0.9063015479905191,71.82574385239768,True,
yasu,36,1647,0,186.68651486278435,31.11441914379739,50,69.14315365288309,1.4982069263809321,63.0,540.0,150,25.0,0.7441314563344495,63.00501016782273,True,
yasu,36,1647,1,186.68651486278435,31.11441914379739,50,69.14315365288309,1.4982069263809321,63.0,540.0,150,25.0,0.7441314563344495,63.00501016782273,True,
yasu,36,1647,2,186.68651486278435,31.11441914379739,50,69.14315365288309,1.4982069263809321,63.0,540.0,150,25.0,0.7441314563344495,63.00501016782273,True,
yasu,36,1647,3,186.68651486278435,31.11441914379739,50,69.14315365288309,1.4982069263809321,63.0,540.0,150,25.0,0.7441314563344495,63.00501016782273,True,
yasu,36,1647,4,186.68651486278435,31.11441914379739,50,69.14315365288309,1.4982069263809321,63.0,540.0,150,25.0,0.7441314563344495,63.00501016782273,True,
yasu,36,1647,5,186.68651486278435,31.11441914379739,50,69.14315365288309,1.4982069263809321,63.0,540.0,150,25.0,0.7441314563344495,63.00501016782273,True,
yasu,36,1648,0,28.372663689381103,28.372663689381103,50,63.050363754180225,1.366187202880227,63.0,540.0,100,25.0,0.949067969265297,75.21503893582444,True,
yasu,36,443,0,19.12579399040113,19.12579399040113,30,70.83627403852272,1.5999766621598561,45.0,361.0,60,25.0,0.9947410577767289,69.88805759159196,True,
yasu,37,340,0,8.155580758721547,8.155580758721547,20,45.30878199289748,0.8478849338361403,38.0,231.0,60,25.0,0.4216721412795112,29.63004313231144,True,
yasu,37,351,0,11.677878554720888,11.677878554720888,20,64.8771030817827,1.2140762967894565,38.0,231.0,60,25.0,0.6049291310893474,42.50511744775651,True,
yasu,37,352,0,49.06678938663647,24.533394693318236,50,54.51865487404052,1.1813205217586025,63.0,540.0,100,25.0,0.8195723817135829,64.95234143944805,True,
yasu,37,352,1,49.06678938663647,24.533394693318236,50,54.51865487404052,1.1813205217586025,63.0,540.0,100,25.0,0.8195723817135829,64.95234143944805,True,
yasu,38,1707,0,88.04897322889795,29.349657742965984,50,65.22146165103553,1.4132309626029809,63.0,540.0,150,25.0,0.701619252291978,59.40602350829703,True,
yasu,38,1707,1,88.04897322889795,29.349657742965984,50,65.22146165103553,1.4132309626029809,63.0,540.0,150,25.0,0.701619252291978,59.40602350829703,True,
yasu,38,1707,2,88.04897322889795,29.349657742965984,50,65.22146165103553,1.4132309626029809,63.0,540.0,150,25.0,0.701619252291978,59.40602350829703,True,
yasu,38,1709,0,1216.1118741748855,34.746053547853876,50,77.21345232856417,1.6730756839526242,63.0,540.0,150,25.0,0.8317335142113588,70.42101606222226,True,
yasu,38,1709,1,1216.1118741748855,34.746053547853876,50,77.21345232856417,1.6730756839526242,63.0,540.0,150,25.0,0.8317335142113588,70.42101606222226,True,
yasu,38,1709,2,1216.1118741748855,34.746053547853876,50,77.21345232856417,1.6730756839526242,63.0,540.0,150,25.0,0.8317335142113588,70.42101606222226,True,
yasu,38,1709,3,1216.1118741748855,34.746053547853876,50,77.21345232856417,1.6730756839526242,63.0,540.0,150,25.0,0.8317335142113588,70.42101606222226,True,
yasu,38,1709,4,1216.1118741748855,34.746053547853876,50,77.21345232856417,1.6730756839526242,63.0,540.0,150,25.0,0.8317335142113588,70.42101606222226,True,
yasu,38,1709,5,1216.1118741748855,34.746053547853876,50,77.21345232856417,1.6730756839526242,63.0,540.0,150,25.0,0.8317335142113588,70.42101606222226,True,
yasu,38,1709,6,1216.1118741748855,34.746053547853876,50,77.21345232856417,1.6730756839526242,63.0,540.0,150,25.0,0.8317335142113588,70.42101606222226,True,
yasu,38,1709,7,1216.1118741748855,34.746053547853876,50,77.21345232856417,1.6730756839526242,63.0,540.0,150,25.0,0.8317335142113588,70.42101606222226,True,
yasu,38,1709,8,1216.1118741748855,34.746053547853876,50,77.21345232856417,1.6730756839526242,63.0,540.0,150,25.0,0.8317335142113588,70.42101606222226,True,
yasu,38,1709,9,1216.1118741748855,34.746053547853876,50,77.21345232856417,1.6730756839526242,63.0,540.0,150,25.0,0.8317335142113588,70.42101606222226,True,
yasu,38,1709,10,1216.1118741748855,34.746053547853876,50,77.21345232856417,1.6730756839526242,63.0,540.0,150,25.0,0.8317335142113588,70.42101606222226,True,
yasu,38,1709,11,1216.1118741748855,34.746053547853876,50,77.21345232856417,1.6730756839526242,63.0,540.0,150,25.0,0.8317335142113588,70.42101606222226,True,
yasu,38,1709,12,1216.1118741748855,34.746053547853876,50,77.21345232856417,1.6730756839526242,63.0,540.0,150,25.0,0.8317335142113588,70.42101606222226,True,
yasu,38,1709,13,1216.1118741748855,34.746053547853876,50,77.21345232856417,1.6730756839526242,63.0,540.0,150,25.0,0.8317335142113588,70.42101606222226,True,
yasu,38,1709,14,1216.1118741748855,34.746053547853876,50,77.21345232856417,1.6730756839526242,63.0,540.0,150,25.0,0.8317335142113588,70.42101606222226,True,
yasu,38,1709,15,1216.1118741748855,34.746053547853876,50,77.21345232856417,1.6730756839526242,63.0,540.0,150,25.0,0.8317335142113588,70.42101606222226,True,
yasu,38,1709,16,1216.1118741748855,34.746053547853876,50,77.21345232856417,1.6730756839526242,63.0,540.0,150,25.0,0.8317335142113588,70.42101606222226,True,
yasu,38,1709,17,1216.1118741748855,34.746053547853876,50,77.21345232856417,1.6730756839526242,63.0,540.0,150,25.0,0.8317335142113588,70.42101606222226,True,
yasu,38,1709,18,1216.1118741748855,34.746053547853876,50,77.21345232856417,1.6730756839526242,63.0,540.0,150,25.0,0.8317335142113588,70.42101606222226,True,
yasu,38,1709,19,1216.1118741748855,34.746053547853876,50,77.21345232856417,1.6730756839526242,63.0,540.0,150,25.0,0.8317335142113588,70.42101606222226,True,
yasu,38,1709,20,1216.1118741748855,34.746053547853876,50,77.21345232856417,1.6730756839526242,63.0,540.0,150,25.0,0.8317335142113588,70.42101606222226,True,
yasu,38,1709,21,1216.1118741748855,34.746053547853876,50,77.21345232856417,1.6730756839526242,63.0,540.0,150,25.0,0.8317335142113588,70.42101606222226,True,
yasu,38,1709,22,1216.1118741748855,34.746053547853876,50,77.21345232856417,1.6730756839526242,63.0,540.0,150,25.0,0.8317335142113588,70.42101606222226,True,
yasu,38,1709,23,1216.1118741748855,34.746053547853876,50,77.21345232856417,1.6730756839526242,63.0,540.0,150,25.0,0.8317335142113588,70.42101606222226,True,
yasu,38,1709,24,1216.1118741748855,34.746053547853876,50,77.21345232856417,1.6730756839526242,63.0,540.0,150,25.0,0.8317335142113588,70.42101606222226,True,
yasu,38,1709,25,1216.1118741748855,34.746053547853876,50,77.21345232856417,1.6730756839526242,63.0,540.0,150,25.0,0.8317335142113588,70.42101606222226,True,
yasu,38,1709,26,1216.1118741748855,34.746053547853876,50,77.21345232856417,1.6730756839526242,63.0,540.0,150,25.0,0.8317335142113588,70.42101606222226,True,
yasu,38,1709,27,1216.1118741748855,34.746053547853876,50,77.21345232856417,1.6730756839526242,63.0,540.0,150,25.0,0.8317335142113588,70.42101606222226,True,
yasu,38,1709,28,1216.1118741748855,34.746053547853876,50,77.21345232856417,1.6730756839526242,63.0,540.0,150,25.0,0.8317335142113588,70.42101606222226,True,
yasu,38,1709,29,1216.1118741748855,34.746053547853876,50,77.21345232856417,1.6730756839526242,63.0,540.0,150,25.0,0.8317335142113588,70.42101606222226,True,
yasu,38,1709,30,1216.1118741748855,34.746053547853876,50,77.21345232856417,1.6730756839526242,63.0,540.0,150,25.0,0.8317335142113588,70.42101606222226,True,
yasu,38,1709,31,1216.1118741748855,34.746053547853876,50,77.21345232856417,1.6730756839526242,63.0,540.0,150,25.0,0.8317335142113588,70.42101606222226,True,
yasu,38,1709,32,1216.1118741748855,34.746053547853876,50,77.21345232856417,1.6730756839526242,63.0,540.0,150,25.0,0.8317335142113588,70.42101606222226,True,
yasu,38,1709,33,1216.1118741748855,34.746053547853876,50,77.21345232856417,1.6730756839526242,63.0,540.0,150,25.0,0.8317335142113588,70.42101606222226,True,
yasu,38,1709,34,1216.1118741748855,34.746053547853876,50,77.21345232856417,1.6730756839526242,63.0,540.0,150,25.0,0.8317335142113588,70.42101606222226,True,
yasu,38,2517,0,19.118055909821347,19.118055909821347,30,70.80761448081981,1.5993293296442082,45.0,361.0,60,25.0,0.9943344093584761,69.85949480843489,True,
yasu,38,290,0,20.423171422346783,20.423171422346783,30,75.64137563832142,1.7085093387205113,45.0,361.0,100,25.0,0.6813146538500464,53.99522601145422,True,
yasu,39,1753,0,157.4503568079009,31.49007136158018,50,69.97793635906707,1.5162951558925133,63.0,540.0,150,25.0,0.7531855538164764,63.77150190347856,True,
yasu,39,1753,1,157.4503568079009,31.49007136158018,50,69.97793635906707,1.5162951558925133,63.0,540.0,150,25.0,0.7531855538164764,63.77150190347856,True,
yasu,39,1753,2,157.4503568079009,31.49007136158018,50,69.97793635906707,1.5162951558925133,63.0,540.0,150,25.0,0.7531855538164764,63.77150190347856,True,
yasu,39,1753,3,157.4503568079009,31.49007136158018,50,69.97793635906707,1.5162951558925133,63.0,540.0,150,25.0,0.7531855538164764,63.77150190347856,True,
yasu,39,1753,4,157.4503568079009,31.49007136158018,50,69.97793635906707,1.5162951558925133,63.0,540.0,150,25.0,0.7531855538164764,63.77150190347856,True,
yasu,39,1759,0,32.87918770625071,32.87918770625071,50,73.06486156944602,1.5831832350019455,63.0,540.0,150,25.0,0.7866812499163632,66.60712018578124,True,
yasu,40,2526,0,11.202570519750925,11.202570519750925,20,62.23650288750514,1.1646614808854734,38.0,231.0,60,25.0,0.5801592796326883,40.764934969330795,True,
yasu,40,549,0,10.509139439718886,10.509139439718886,20,58.38410799843825,1.0925697705821773,38.0,231.0,60,25.0,0.5440451436581926,38.22773057914002,True,
yasu,40,558,0,26.82778904014621,26.82778904014621,50,59.61730897810269,1.2917991228978492,63.0,540.0,100,25.0,0.8969194659955465,71.08220143782638,True,
yasu,40,574,0,26.1418525866738,26.1418525866738,50,58.093005748163996,1.2587702323085674,63.0,540.0,100,25.0,0.8737828717172155,69.24859558651856,True,
yasu,41,1427,0,41.18516501088014,20.59258250544007,30,76.26882409422248,1.7226814969794846,45.0,361.0,100,25.0,0.6870055620513107,54.446238463409316,True,
yasu,41,1427,1,41.18516501088014,20.59258250544007,30,76.26882409422248,1.7226814969794846,45.0,361.0,100,25.0,0.6870055620513107,54.446238463409316,True,
yasu,41,507,0,74.03978082141714,24.67992694047238,50,54.84428208993862,1.1883762738396524,63.0,540.0,100,25.0,0.8245085410576908,65.34353874135661,True,
yasu,41,507,1,74.03978082141714,24.67992694047238,50,54.84428208993862,1.1883762738396524,63.0,540.0,100,25.0,0.8245085410576908,65.34353874135661,True,
yasu,41,507,2,74.03978082141714,24.67992694047238,50,54.84428208993862,1.1883762738396524,63.0,540.0,100,25.0,0.8245085410576908,65.34353874135661,True,
yasu,41,512,0,22.115200079509265,22.115200079509265,50,49.144889065576145,1.0648807481924651,63.0,540.0,100,25.0,0.7381833052988218,58.502145827523854,True,
yasu,41,522,0,58.78545843667076,29.39272921833538,50,65.31717604074528,1.4153049200961174,63.0,540.0,150,25.0,0.7026563775126993,59.49382487459307,True,
yasu,41,522,1,58.78545843667076,29.39272921833538,50,65.31717604074528,1.4153049200961174,63.0,540.0,150,25.0,0.7026563775126993,59.49382487459307,True,
yasu,41,523,0,24.301657066304383,24.301657066304383,50,54.0036823695653,1.1701620001647826,63.0,540.0,100,25.0,0.8117669622582536,64.33375137647296,True,
yasu,41,542,0,38.29274103253464,19.14637051626732,30,70.91248339358268,1.6016980004316554,45.0,361.0,60,25.0,0.9958224037031219,69.9640107639769,True,
yasu,41,542,1,38.29274103253464,19.14637051626732,30,70.91248339358268,1.6016980004316554,45.0,361.0,60,25.0,0.9958224037031219,69.9640107639769,True,
yasu,42,2100,0,206.05501732756613,34.34250288792769,50,76.31667308428375,1.6536441017317638,63.0,540.0,150,25.0,0.821991238684916,69.59629008730133,True,
yasu,42,2100,1,206.05501732756613,34.34250288792769,50,76.31667308428375,1.6536441017317638,63.0,540.0,150,25.0,0.821991238684916,69.59629008730133,True,
yasu,42,2100,2,206.05501732756613,34.34250288792769,50,76.31667308428375,1.6536441017317638,63.0,540.0,150,25.0,0.821991238684916,69.59629008730133,True,
yasu,42,2100,3,206.05501732756613,34.34250288792769,50,76.31667308428375,1.6536441017317638,63.0,540.0,150,25.0,0.821991238684916,69.59629008730133,True,
yasu,42,2100,4,206.05501732756613,34.34250288792769,50,76.31667308428375,1.6536441017317638,63.0,540.0,150,25.0,0.821991238684916,69.59629008730133,True,
yasu,42,2100,5,206.05501732756613,34.34250288792769,50,76.31667308428375,1.6536441017317638,63.0,540.0,150,25.0,0.821991238684916,69.59629008730133,True,
yasu,42,2119,0,8.96062781076469,8.96062781076469,20,49.78126561535938,0.9315806615409544,38.0,231.0,60,25.0,0.46349557895161925,32.56853723134746,True,
yasu,42,295,0,194.28881006329848,32.38146834388308,50,71.9588185419624,1.5592172855607283,63.0,540.0,150,25.0,0.7746770971048379,65.59089844369194,True,
yasu,42,295,1,194.28881006329848,32.38146834388308,50,71.9588185419624,1.5592172855607283,63.0,540.0,150,25.0,0.7746770971048379,65.59089844369194,True,
yasu,42,295,2,194.28881006329848,32.38146834388308,50,71.9588185419624,1.5592172855607283,63.0,540.0,150,25.0,0.7746770971048379,65.59089844369194,True,
yasu,42,295,3,194.28881006329848,32.38146834388308,50,71.9588185419624,1.5592172855607283,63.0,540.0,150,25.0,0.7746770971048379,65.59089844369194,True,
yasu,42,295,4,194.28881006329848,32.38146834388308,50,71.9588185419624,1.5592172855607283,63.0,540.0,150,25.0,0.7746770971048379,65.59089844369194,True,
yasu,42,295,5,194.28881006329848,32.38146834388308,50,71.9588185419624,1.5592172855607283,63.0,540.0,150,25.0,0.7746770971048379,65.59089844369194,True,
yasu,43,480,0,108.67213851809515,27.16803462952379,50,60.37341028783064,1.3081824690345767,63.0,540.0,100,25.0,0.9083999755013462,71.99204700541074,True,
yasu,43,480,1,108.67213851809515,27.16803462952379,50,60.37341028783064,1.3081824690345767,63.0,540.0,100,25.0,0.9083999755013462,71.99204700541074,True,
yasu,43,480,2,108.67213851809515,27.16803462952379,50,60.37341028783064,1.3081824690345767,63.0,540.0,100,25.0,0.9083999755013462,71.99204700541074,True,
yasu,43,480,3,108.67213851809515,27.16803462952379,50,60.37341028783064,1.3081824690345767,63.0,540.0,100,25.0,0.9083999755013462,71.99204700541074,True,
yasu,43,508,0,12.074998836878423,12.074998836878423,20,67.0833268715468,1.2553624190318307,38.0,231.0,60,25.0,0.6256341347688563,43.959710797766476,True,
yasu,44,1686,0,98.85290636968756,32.95096878989585,50,73.22437508865745,1.5866396040957493,63.0,540.0,150,25.0,0.7884127349195291,66.75370013123374,True,
yasu,44,1686,1,98.85290636968756,32.95096878989585,50,73.22437508865745,1.5866396040957493,63.0,540.0,150,25.0,0.7884127349195291,66.75370013123374,True,
yasu,44,1686,2,98.85290636968756,32.95096878989585,50,73.22437508865745,1.5866396040957493,63.0,540.0,150,25.0,0.7884127349195291,66.75370013123374,True,
yasu,44,1696,0,15.555582776561309,15.555582776561309,30,57.61326954281966,1.3013090814051955,45.0,361.0,60,25.0,0.8074867459273924,56.734775906082,True,
yasu,44,1698,0,30.725701864273116,30.725701864273116,50,68.27933747616248,1.4794895941403492,63.0,540.0,150,25.0,0.7347642451290697,62.21200839062441,True,
yasu,44,1700,0,15.393218711021154,15.393218711021154,30,57.0119211519302,1.2877264444820948,45.0,361.0,60,25.0,0.7989882673533089,56.137788247224165,True,
yasu,44,1701,0,7.649569527585685,7.649569527585685,20,42.49760848658714,0.7952780978639552,38.0,231.0,60,25.0,0.3954025866826241,27.784324614797136,True,
yasu,44,2078,0,24.9777833025975,24.9777833025975,50,55.50618511688334,1.2027185137747805,63.0,540.0,100,25.0,0.8345438089036233,66.1388472592044,True,
yasu,44,425,0,9.68567548904488,9.68567548904488,20,53.80930827247156,1.006959352637751,38.0,231.0,60,25.0,0.5011939457931259,35.217151335203035,True,
yasu,45,2048,0,14.162169982794468,14.162169982794468,20,78.67872212663593,1.472352602970263,38.0,231.0,60,25.0,0.7346014736729752,51.61476182548289,True,
yasu,45,215,0,115.77565367609547,28.94391341902387,50,64.31980759783082,1.3936937521006594,63.0,540.0,150,25.0,0.6918503581139762,58.57900279616811,True,
yasu,45,215,1,115.77565367609547,28.94391341902387,50,64.31980759783082,1.3936937521006594,63.0,540.0,150,25.0,0.6918503581139762,58.57900279616811,True,
yasu,45,215,2,115.77565367609547,28.94391341902387,50,64.31980759783082,1.3936937521006594,63.0,540.0,150,25.0,0.6918503581139762,58.57900279616811,True,
yasu,45,215,3,115.77565367609547,28.94391341902387,50,64.31980759783082,1.3936937521006594,63.0,540.0,150,25.0,0.6918503581139762,58.57900279616811,True,
yasu,45,224,0,2.192706045597021,2.192706045597021,10,24.363400506633564,0.4234914902741697,24.0,122.0,60,25.0,0.1130112176198173,7.941706024089146,True,
yasu,45,225,0,83.77663454792477,27.925544849308256,50,62.056766331796126,1.3446577460706153,63.0,540.0,100,25.0,0.9339694078209012,74.01845817606753,True,
yasu,45,225,1,83.77663454792477,27.925544849308256,50,62.056766331796126,1.3446577460706153,63.0,540.0,100,25.0,0.9339694078209012,74.01845817606753,True,
yasu,45,225,2,83.77663454792477,27.925544849308256,50,62.056766331796126,1.3446577460706153,63.0,540.0,100,25.0,0.9339694078209012,74.01845817606753,True,
yasu,45,229,0,28.321078766851933,28.321078766851933,50,62.935730593004294,1.3637033098699525,63.0,540.0,100,25.0,0.9473257832642427,75.07696841875095,True,
yasu,46,1713,0,6.0351086155665365,6.0351086155665365,10,67.05676239518374,1.1655995324612087,24.0,122.0,60,25.0,0.31168313505868844,21.90196563568735,True,
yasu,46,1714,0,7.569025968815277,7.569025968815277,20,42.050144271195975,0.7869044857302092,38.0,231.0,60,25.0,0.39122248701974494,27.490625373301135,True,
yasu,46,1718,0,15.741234252221073,15.741234252221073,30,58.30086760081879,1.316839836808095,45.0,361.0,60,25.0,0.8172059817389206,57.41751418175752,True,
yasu,46,1720,0,23.975968687414216,23.975968687414216,50,53.279930416476034,1.1544796060040579,63.0,540.0,100,25.0,0.800799173937903,63.46453926098944,True,
yasu,46,1721,0,9.141754565416424,9.141754565416424,20,50.78752536342457,0.9504112820604812,38.0,231.0,60,25.0,0.4729103852791706,33.23000809965913,True,
yasu,46,1723,0,46.67425531723456,23.33712765861728,50,51.86028368581618,1.1237184322287574,63.0,540.0,100,25.0,0.7792928469435791,61.760133521584834,True,
yasu,46,1723,1,46.67425531723456,23.33712765861728,50,51.86028368581618,1.1237184322287574,63.0,540.0,100,25.0,0.7792928469435791,61.760133521584834,True,
yasu,46,1724,0,44.1141968938375,22.05709844691875,50,49.01577432648611,1.062083065613888,63.0,540.0,100,25.0,0.7362294355957169,58.347298952153764,True,
yasu,46,1724,1,44.1141968938375,22.05709844691875,50,49.01577432648611,1.062083065613888,63.0,540.0,100,25.0,0.7362294355957169,58.347298952153764,True,
yasu,46,1728,0,41.39585296824424,20.69792648412212,30,76.65898697823009,1.731494093595078,45.0,361.0,100,25.0,0.6905446400193547,54.72671534724961,True,
yasu,46,1728,1,41.39585296824424,20.69792648412212,30,76.65898697823009,1.731494093595078,45.0,361.0,100,25.0,0.6905446400193547,54.72671534724961,True,
yasu,46,1729,0,28.892872872003764,28.892872872003764,50,64.20638416000837,1.391236071604733,63.0,540.0,100,25.0,0.9666405392996088,76.60768801191587,True,
yasu,46,1735,0,13.829984396403283,13.829984396403283,20,76.8332466466849,1.43781733659608,38.0,231.0,60,25.0,0.7172421490620958,50.39528289035343,True,
yasu,47,1458,0,6.974262516956799,6.974262516956799,10,77.49180574396442,1.3469843952863907,24.0,122.0,60,25.0,0.36036626036983915,25.32260703910979,True,
yasu,47,1603,0,6.509515524953812,6.509515524953812,10,72.32795027726458,1.2572248050125407,24.0,122.0,60,25.0,0.33626895122798334,23.629459221051473,True,
yasu,47,1604,0,31.3027742200597,31.3027742200597,50,69.56172048902155,1.5072765117256246,63.0,540.0,150,25.0,0.748671042448071,63.389317744035296,True,
yasu,47,1605,0,35.74900852886525,17.874504264432623,30,66.20186764604675,1.4952994728021332,45.0,361.0,60,25.0,0.9290286790861674,65.27237528291758,True,
yasu,47,1605,1,35.74900852886525,17.874504264432623,30,66.20186764604675,1.4952994728021332,45.0,361.0,60,25.0,0.9290286790861674,65.27237528291758,True,
yasu,47,1606,0,3.157003829907448,3.157003829907448,10,35.077820332304974,0.6097325537152626,24.0,122.0,60,25.0,0.16279399343299397,11.43997291477911,True,
yasu,47,1607,0,33.93722428498215,33.93722428498215,50,75.416053966627,1.6341293164085728,63.0,540.0,150,25.0,0.8122092267023261,68.76819714524291,True,
yasu,47,1612,0,6.474409354523959,6.474409354523959,10,71.93788171693288,1.2504445234225798,24.0,122.0,60,25.0,0.33444917003828595,23.501595182160166,True,
yasu,47,1614,0,11.20647994997766,11.20647994997766,20,62.25822194432034,1.165067919995967,38.0,231.0,60,25.0,0.5803629608621192,40.77924449225693,True,
yasu,47,1615,0,26.887019953901035,26.887019953901035,50,59.74893323089119,1.2946511820937234,63.0,540.0,100,25.0,0.898917832520486,71.24057463226501,True,
yasu,47,1623,0,11.806211847254742,11.806211847254742,20,65.59006581808191,1.227418309880637,38.0,231.0,60,25.0,0.6116191815363793,42.97511679091364,True,
yasu,47,1624,0,29.62099440926316,29.62099440926316,50,65.82443202058481,1.426296238575153,63.0,540.0,150,25.0,0.7081531841736034,59.9591751707941,True,
yasu,47,453,0,9.753952348196114,9.753952348196114,20,54.188624156645076,1.014057672416152,38.0,231.0,60,25.0,0.5047454723002364,35.46667203144058,True,
yasu,48,1429,0,50.44421441113973,25.222107205569866,50,56.04912712348859,1.214483083829002,63.0,540.0,100,25.0,0.8427770104674166,66.79133956552273,True,
yasu,48,1429,1,50.44421441113973,25.222107205569866,50,56.04912712348859,1.214483083829002,63.0,540.0,100,25.0,0.8427770104674166,66.79133956552273,True,
yasu,48,1430,0,3.5559893914951326,3.5559893914951326,10,39.51099323883481,0.6867912139100173,24.0,122.0,60,25.0,0.18340692448406667,12.888429970664978,True,
yasu,48,511,0,21.328900342617395,21.328900342617395,30,78.99592719487923,1.7842784877243913,45.0,361.0,100,25.0,0.7117478089412543,56.40709607515173,True,
yasu,48,515,0,21.35853930641024,21.35853930641024,30,79.10570113485275,1.7867579482049842,45.0,361.0,100,25.0,0.7127440174289881,56.486046984113315,True,
yasu,49,1432,0,58.17961401209384,29.08980700604692,50,64.64401556899315,1.4007187517184352,63.0,540.0,150,25.0,0.6953627347426948,58.87635597281812,True,
yasu,49,1432,1,58.17961401209384,29.08980700604692,50,64.64401556899315,1.4007187517184352,63.0,540.0,150,25.0,0.6953627347426948,58.87635597281812,True,
yasu,49,490,0,25.274084247231627,25.274084247231627,50,56.164631660514736,1.2169858579759516,63.0,540.0,100,25.0,0.8445287053593071,66.93016374044672,True,
yasu,49,493,0,62.041777030194886,31.020888515097443,50,68.93530781132765,1.4937032833882924,63.0,540.0,150,25.0,0.74187741296463,62.81418945125485,True,
yasu,49,493,1,62.041777030194886,31.020888515097443,50,68.93530781132765,1.4937032833882924,63.0,540.0,150,25.0,0.74187741296463,62.81418945125485,True,
yasu,49,495,0,19.37065401032155,19.37065401032155,30,71.74316300119092,1.620460534231535,45.0,361.0,60,25.0,1.0076106274333152,70.79200669810969,True,
yasu,49,496,0,45.16519534290752,22.58259767145376,50,50.18355038100836,1.087386657956961,63.0,540.0,100,25.0,0.7539039975583386,59.74803237428823,True,
yasu,49,496,1,45.16519534290752,22.58259767145376,50,50.18355038100836,1.087386657956961,63.0,540.0,100,25.0,0.7539039975583386,59.74803237428823,True,
yasu,49,499,0,88.28795909514783,29.42931969838261,50,65.39848821862802,1.4170668077403317,63.0,540.0,150,25.0,0.703537463234557,59.56841615838372,True,
yasu,49,499,1,88.28795909514783,29.42931969838261,50,65.39848821862802,1.4170668077403317,63.0,540.0,150,25.0,0.703537463234557,59.56841615838372,True,
yasu,49,499,2,88.28795909514783,29.42931969838261,50,65.39848821862802,1.4170668077403317,63.0,540.0,150,25.0,0.703537463234557,59.56841615838372,True,
yasu,49,501,0,19.10766682785975,19.10766682785975,30,70.76913639948056,1.5984602264483794,45.0,361.0,60,25.0,0.9937884520485205,69.82114702845705,True,
yasu,50,1611,0,10.414449940019123,10.414449940019123,20,57.85805522232846,1.0827254930790637,38.0,231.0,60,25.0,0.539115779403051,37.88141363012751,True,
yasu,50,1617,0,41.20320054441864,20.60160027220932,30,76.30222323040489,1.7234358822030649,45.0,361.0,100,25.0,0.6873085080067383,54.47024735469199,True,
yasu,50,1617,1,41.20320054441864,20.60160027220932,30,76.30222323040489,1.7234358822030649,45.0,361.0,100,25.0,0.6873085080067383,54.47024735469199,True,
yasu,50,1631,0,44.53247818780882,22.26623909390441,50,49.480531319787566,1.0721535080172508,63.0,540.0,100,25.0,0.7432628807653904,58.90470919977651,True,
yasu,50,1631,1,44.53247818780882,22.26623909390441,50,49.480531319787566,1.0721535080172508,63.0,540.0,100,25.0,0.7432628807653904,58.90470919977651,True,
yasu,50,1649,0,30.41176560687532,30.41176560687532,50,67.58170134861182,1.4643730826251644,63.0,540.0,150,25.0,0.7272004125682061,61.5716734977979,True,
yasu,50,1652,0,38.76669590726917,19.383347953634583,30,71.790177606054,1.6215224516118971,45.0,361.0,60,25.0,1.0082779014221426,70.83887536937969,True,
yasu,50,1652,1,38.76669590726917,19.383347953634583,30,71.790177606054,1.6215224516118971,45.0,361.0,60,25.0,1.0082779014221426,70.83887536937969,True,
yasu,50,1655,0,21.30396468349961,21.30396468349961,30,78.90357290185041,1.7821924842536834,45.0,361.0,100,25.0,0.710909700932816,56.34067484890811,True,
yasu,50,1657,0,22.55491124973076,22.55491124973076,50,50.122024999401695,1.0860535143555847,63.0,540.0,100,25.0,0.7529726382764222,59.674220868955516,True,
yasu,51,1423,0,32.540860912303955,32.540860912303955,50,72.31302424956435,1.5668922818034081,63.0,540.0,150,25.0,0.7785210527713037,65.91631228237682,True,
yasu,51,1424,0,51.24996527185452,25.62498263592726,50,56.94440585761613,1.2338821527121655,63.0,540.0,100,25.0,0.856356078070822,67.86749889806411,True,
yasu,51,1424,1,51.24996527185452,25.62498263592726,50,56.94440585761613,1.2338821527121655,63.0,540.0,100,25.0,0.856356078070822,67.86749889806411,True,
yasu,51,1844,0,15.315951992767484,15.315951992767484,30,56.72574812136106,1.2812626633690285,45.0,361.0,60,25.0,0.7949444923830485,55.85372663185707,True,
yasu,51,1845,0,37.14338634818717,18.571693174093586,30,68.78404879293922,1.5536231160001128,45.0,361.0,60,25.0,0.9656309190778584,67.8433608181281,True,
yasu,51,1845,1,37.14338634818717,18.571693174093586,30,68.78404879293922,1.5536231160001128,45.0,361.0,60,25.0,0.9656309190778584,67.8433608181281,True,
yasu,51,556,0,45.284241540851326,22.642120770425663,50,50.31582393427925,1.0902527863184523,63.0,540.0,100,25.0,0.755906388584733,59.906724618845075,True,
yasu,51,556,1,45.284241540851326,22.642120770425663,50,50.31582393427925,1.0902527863184523,63.0,540.0,100,25.0,0.755906388584733,59.906724618845075,True,
yasu,51,563,0,10.342702996551331,10.342702996551331,20,57.45946109195184,1.0752664102479508,38.0,231.0,60,25.0,0.5353810986351603,37.61902966316345,True,
yasu,51,565,0,18.91487904600759,18.91487904600759,30,70.0551075778059,1.5823324802294338,45.0,361.0,60,25.0,0.9836583800706323,69.10961367353217,True,
yasu,51,570,0,58.29326504169587,29.146632520847934,50,64.77029449077318,1.4034549872713658,63.0,540.0,150,25.0,0.6967308735317514,58.99218069099206,True,
yasu,51,570,1,58.29326504169587,29.146632520847934,50,64.77029449077318,1.4034549872713658,63.0,540.0,150,25.0,0.6967308735317514,58.99218069099206,True,
yasu,51,573,0,86.21792075001166,28.739306916670554,50,63.865126481490115,1.383841635704348,63.0,540.0,100,25.0,0.961452454501766,76.19652554202315,True,
yasu,51,573,1,86.21792075001166,28.739306916670554,50,63.865126481490115,1.383841635704348,63.0,540.0,100,25.0,0.961452454501766,76.19652554202315,True,
yasu,51,573,2,86.21792075001166,28.739306916670554,50,63.865126481490115,1.383841635704348,63.0,540.0,100,25.0,0.961452454501766,76.19652554202315,True,
yasu,52,1440,0,41.75824315192513,20.879121575962564,30,77.33007991097246,1.7466520482602865,45.0,361.0,100,25.0,0.6966325643823742,55.20919186582821,True,
yasu,52,1440,1,41.75824315192513,20.879121575962564,30,77.33007991097246,1.7466520482602865,45.0,361.0,100,25.0,0.6966325643823742,55.20919186582821,True,
yasu,52,1443,0,31.10413925989932,31.10413925989932,50,69.12030946644293,1.4977119342299523,63.0,540.0,150,25.0,0.7438837109137895,62.984036773476966,True,
yasu,52,1949,0,25.001116598678905,25.001116598678905,50,55.55803688595312,1.2038420477106992,63.0,540.0,100,25.0,0.8353300323350611,66.2011565255042,True,
yasu,52,2629,0,6.552118549831256,6.552118549831256,10,72.80131722034729,1.2654530025549175,24.0,122.0,60,25.0,0.3384774350222334,23.78463466968802,True,
yasu,52,478,0,24.634929840511944,24.634929840511944,50,54.74428853447098,1.186209594573804,63.0,540.0,100,25.0,0.8229926932790206,65.22340575634158,True,
yasu,52,484,0,7.412361747729745,7.412361747729745,20,41.17978748738747,0.7706170824588304,38.0,231.0,60,25.0,0.383092864493687,26.919425692998317,True,
yasu,53,1431,0,18.82820296169104,18.82820296169104,30,69.73408504330015,1.5750815544825874,45.0,361.0,60,25.0,0.9791046673798508,68.78976099190965,True,
yasu,53,1950,0,8.875211579187926,8.875211579187926,20,49.30673099548848,0.922700467965341,38.0,231.0,60,25.0,0.45905635652719046,32.25664267443202,True,
yasu,53,1951,0,159.86409226460188,31.972818452920375,50,71.05070767315638,1.539540167557155,63.0,540.0,150,25.0,0.7648233791359649,64.75672008547176,True,
yasu,53,1951,1,159.86409226460188,31.972818452920375,50,71.05070767315638,1.539540167557155,63.0,540.0,150,25.0,0.7648233791359649,64.75672008547176,True,
yasu,53,1951,2,159.86409226460188,31.972818452920375,50,71.05070767315638,1.539540167557155,63.0,540.0,150,25.0,0.7648233791359649,64.75672008547176,True,
yasu,53,1951,3,159.86409226460188,31.972818452920375,50,71.05070767315638,1.539540167557155,63.0,540.0,150,25.0,0.7648233791359649,64.75672008547176,True,
yasu,53,1951,4,159.86409226460188,31.972818452920375,50,71.05070767315638,1.539540167557155,63.0,540.0,150,25.0,0.7648233791359649,64.75672008547176,True,
yasu,53,517,0,20.241868979082906,20.241868979082906,30,74.96988510771446,1.693342403525018,45.0,361.0,100,25.0,0.675225014999106,53.51261358367122,True,
yasu,53,519,0,28.30669337496758,28.30669337496758,50,62.9037630554835,1.3630106312227879,63.0,540.0,100,25.0,0.946839954114174,75.03846582358867,True,
yasu,53,525,0,18.90929501847712,18.90929501847712,30,70.03442599435971,1.5818653459638399,45.0,361.0,60,25.0,0.9833649982228584,69.08900656139323,True,
yasu,53,532,0,5.567133109824875,5.567133109824875,10,61.85703455360971,1.0752163984627872,24.0,122.0,60,25.0,0.2874428417666899,20.198728218831132,True,
yasu,54,1425,0,31.232586495962227,31.232586495962227,50,69.40574776880494,1.5038968653339064,63.0,540.0,150,25.0,0.74697938321779,63.24610708859653,True,
yasu,54,1843,0,129.4701773322727,32.367544333068174,50,71.92787629570705,1.5585468231185569,63.0,540.0,150,25.0,0.7743413162985543,65.56247256724123,True,
yasu,54,1843,1,129.4701773322727,32.367544333068174,50,71.92787629570705,1.5585468231185569,63.0,540.0,150,25.0,0.7743413162985543,65.56247256724123,True,
yasu,54,1843,2,129.4701773322727,32.367544333068174,50,71.92787629570705,1.5585468231185569,63.0,540.0,150,25.0,0.7743413162985543,65.56247256724123,True,
yasu,54,1843,3,129.4701773322727,32.367544333068174,50,71.92787629570705,1.5585468231185569,63.0,540.0,150,25.0,0.7743413162985543,65.56247256724123,True,
yasu,54,533,0,47.48033706254501,23.740168531272506,50,52.755930069494454,1.1431254674118982,63.0,540.0,100,25.0,0.7928599616027467,62.83534587724893,True,
yasu,54,533,1,47.48033706254501,23.740168531272506,50,52.755930069494454,1.1431254674118982,63.0,540.0,100,25.0,0.7928599616027467,62.83534587724893,True,
yasu,54,541,0,32.72695314218053,32.72695314218053,50,72.72656253817895,1.5758529076295962,63.0,540.0,150,25.0,0.7830092919485039,66.29626796574318,True,
yasu,54,547,0,17.04703024271389,17.04703024271389,30,63.13714904708848,1.4260767715664098,45.0,361.0,60,25.0,0.885622792165044,62.223430663215716,True,
yasu,54,550,0,44.61951581056831,22.309757905284155,50,49.57723978952035,1.0742490054242786,63.0,540.0,100,25.0,0.7447265540657727,59.02070732891085,True,
yasu,54,550,1,44.61951581056831,22.309757905284155,50,49.57723978952035,1.0742490054242786,63.0,540.0,100,25.0,0.7447265540657727,59.02070732891085,True,
yasu,54,553,0,68.01401471154921,34.007007355774604,50,75.5711274572769,1.6374894781240206,63.0,540.0,150,25.0,0.8138934053933088,68.91077094883833,True,
yasu,54,553,1,68.01401471154921,34.007007355774604,50,75.5711274572769,1.6374894781240206,63.0,540.0,150,25.0,0.8138934053933088,68.91077094883833,True,
yasu,55,282,0,366.7254144051177,33.338674036828884,50,74.08594230406419,1.6053082054173682,63.0,540.0,150,25.0,0.7977659352547746,67.54549946762812,True,
yasu,55,282,1,366.7254144051177,33.338674036828884,50,74.08594230406419,1.6053082054173682,63.0,540.0,150,25.0,0.7977659352547746,67.54549946762812,True,
yasu,55,282,2,366.7254144051177,33.338674036828884,50,74.08594230406419,1.6053082054173682,63.0,540.0,150,25.0,0.7977659352547746,67.54549946762812,True,
yasu,55,282,3,366.7254144051177,33.338674036828884,50,74.08594230406419,1.6053082054173682,63.0,540.0,150,25.0,0.7977659352547746,67.54549946762812,True,
yasu,55,282,4,366.7254144051177,33.338674036828884,50,74.08594230406419,1.6053082054173682,63.0,540.0,150,25.0,0.7977659352547746,67.54549946762812,True,
yasu,55,282,5,366.7254144051177,33.338674036828884,50,74.08594230406419,1.6053082054173682,63.0,540.0,150,25.0,0.7977659352547746,67.54549946762812,True,
yasu,55,282,6,366.7254144051177,33.338674036828884,50,74.08594230406419,1.6053082054173682,63.0,540.0,150,25.0,0.7977659352547746,67.54549946762812,True,
yasu,55,282,7,366.7254144051177,33.338674036828884,50,74.08594230406419,1.6053082054173682,63.0,540.0,150,25.0,0.7977659352547746,67.54549946762812,True,
yasu,55,282,8,366.7254144051177,33.338674036828884,50,74.08594230406419,1.6053082054173682,63.0,540.0,150,25.0,0.7977659352547746,67.54549946762812,True,
yasu,55,282,9,366.7254144051177,33.338674036828884,50,74.08594230406419,1.6053082054173682,63.0,540.0,150,25.0,0.7977659352547746,67.54549946762812,True,
yasu,55,282,10,366.7254144051177,33.338674036828884,50,74.08594230406419,1.6053082054173682,63.0,540.0,150,25.0,0.7977659352547746,67.54549946762812,True,
yasu,56,1434,0,40.06773218205114,20.03386609102557,30,74.19950404083544,1.6759418309411758,45.0,361.0,100,25.0,0.6682394800320627,52.959000114526624,True,
yasu,56,1434,1,40.06773218205114,20.03386609102557,30,74.19950404083544,1.6759418309411758,45.0,361.0,100,25.0,0.6682394800320627,52.959000114526624,True,
yasu,56,1436,0,48.21026678838275,24.105133394191373,50,53.56696309820305,1.160699084421545,63.0,540.0,100,25.0,0.8051485948676275,63.809236780111185,True,
yasu,56,1436,1,48.21026678838275,24.105133394191373,50,53.56696309820305,1.160699084421545,63.0,540.0,100,25.0,0.8051485948676275,63.809236780111185,True,
yasu,56,2079,0,204.3551715478448,34.05919525797413,50,75.68710057327584,1.6400024055287479,63.0,540.0,150,25.0,0.8151529720976214,69.01739925104413,True,
yasu,56,2079,1,204.3551715478448,34.05919525797413,50,75.68710057327584,1.6400024055287479,63.0,540.0,150,25.0,0.8151529720976214,69.01739925104413,True,
yasu,56,2079,2,204.3551715478448,34.05919525797413,50,75.68710057327584,1.6400024055287479,63.0,540.0,150,25.0,0.8151529720976214,69.01739925104413,True,
yasu,56,2079,3,204.3551715478448,34.05919525797413,50,75.68710057327584,1.6400024055287479,63.0,540.0,150,25.0,0.8151529720976214,69.01739925104413,True,
yasu,56,2079,4,204.3551715478448,34.05919525797413,50,75.68710057327584,1.6400024055287479,63.0,540.0,150,25.0,0.8151529720976214,69.01739925104413,True,
yasu,56,2079,5,204.3551715478448,34.05919525797413,50,75.68710057327584,1.6400024055287479,63.0,540.0,150,25.0,0.8151529720976214,69.01739925104413,True,
