city,cluster,s1_candidate,selection_count
kudamatsu,0,c000_r00_A_steiner.csv,217
kudamatsu,0,c000_r01_A_steiner.csv,207
kudamatsu,0,c000_r02_A_steiner.csv,212
kudamatsu,0,c000_r03_A_steiner.csv,188
kudamatsu,0,c000_r04_A_steiner.csv,232
kudamatsu,0,c000_r05_A_steiner.csv,211
kudamatsu,0,c000_r06_A_steiner.csv,210
kudamatsu,0,c000_r07_A_steiner.csv,215
kudamatsu,0,c000_r08_A_steiner.csv,227
kudamatsu,0,c000_r09_A_steiner.csv,203
kudamatsu,0,c000_r10_A_steiner.csv,216
kudamatsu,0,c000_r11_A_steiner.csv,195
kudamatsu,0,c000_r12_B_incremental.csv,225
kudamatsu,0,c000_r13_B_incremental.csv,205
kudamatsu,0,c000_r14_B_incremental.csv,213
kudamatsu,0,c000_r15_B_incremental.csv,193
kudamatsu,0,c000_r16_B_incremental.csv,180
kudamatsu,0,c000_r17_B_incremental.csv,208
kudamatsu,0,c000_r18_B_incremental.csv,212
kudamatsu,0,c000_r19_B_incremental.csv,223
kudamatsu,0,c000_r20_B_incremental.csv,192
kudamatsu,0,c000_r21_B_incremental.csv,195
kudamatsu,0,c000_r22_B_incremental.csv,199
kudamatsu,0,c000_r23_B_incremental.csv,222
kudamatsu,1,c001_r00_A_steiner.csv,197
kudamatsu,1,c001_r01_A_steiner.csv,186
kudamatsu,1,c001_r02_A_steiner.csv,197
kudamatsu,1,c001_r03_A_steiner.csv,214
kudamatsu,1,c001_r04_A_steiner.csv,193
kudamatsu,1,c001_r05_A_steiner.csv,211
kudamatsu,1,c001_r06_A_steiner.csv,197
kudamatsu,1,c001_r07_A_steiner.csv,194
kudamatsu,1,c001_r08_A_steiner.csv,227
kudamatsu,1,c001_r09_A_steiner.csv,209
kudamatsu,1,c001_r10_A_steiner.csv,214
kudamatsu,1,c001_r11_A_steiner.csv,222
kudamatsu,1,c001_r12_B_incremental.csv,212
kudamatsu,1,c001_r13_B_incremental.csv,222
kudamatsu,1,c001_r14_B_incremental.csv,208
kudamatsu,1,c001_r15_B_incremental.csv,206
kudamatsu,1,c001_r16_B_incremental.csv,220
kudamatsu,1,c001_r17_B_incremental.csv,219
kudamatsu,1,c001_r18_B_incremental.csv,221
kudamatsu,1,c001_r19_B_incremental.csv,217
kudamatsu,1,c001_r20_B_incremental.csv,242
kudamatsu,1,c001_r21_B_incremental.csv,216
kudamatsu,1,c001_r22_B_incremental.csv,177
kudamatsu,1,c001_r23_B_incremental.csv,179
kudamatsu,2,c002_r00_A_steiner.csv,226
kudamatsu,2,c002_r01_A_steiner.csv,213
kudamatsu,2,c002_r02_A_steiner.csv,209
kudamatsu,2,c002_r03_A_steiner.csv,208
kudamatsu,2,c002_r04_A_steiner.csv,228
kudamatsu,2,c002_r05_A_steiner.csv,211
kudamatsu,2,c002_r06_A_steiner.csv,225
kudamatsu,2,c002_r07_A_steiner.csv,204
kudamatsu,2,c002_r08_A_steiner.csv,199
kudamatsu,2,c002_r09_A_steiner.csv,180
kudamatsu,2,c002_r10_A_steiner.csv,198
kudamatsu,2,c002_r11_A_steiner.csv,230
kudamatsu,2,c002_r12_B_incremental.csv,178
kudamatsu,2,c002_r13_B_incremental.csv,198
kudamatsu,2,c002_r14_B_incremental.csv,190
kudamatsu,2,c002_r15_B_incremental.csv,187
kudamatsu,2,c002_r16_B_incremental.csv,214
kudamatsu,2,c002_r17_B_incremental.csv,206
kudamatsu,2,c002_r18_B_incremental.csv,234
kudamatsu,2,c002_r19_B_incremental.csv,213
kudamatsu,2,c002_r20_B_incremental.csv,214
kudamatsu,2,c002_r21_B_incremental.csv,196
kudamatsu,2,c002_r22_B_incremental.csv,229
kudamatsu,2,c002_r23_B_incremental.csv,210
kudamatsu,3,c003_r00_A_steiner.csv,219
kudamatsu,3,c003_r01_A_steiner.csv,213
kudamatsu,3,c003_r02_A_steiner.csv,194
kudamatsu,3,c003_r03_A_steiner.csv,215
kudamatsu,3,c003_r04_A_steiner.csv,223
kudamatsu,3,c003_r05_A_steiner.csv,223
kudamatsu,3,c003_r06_A_steiner.csv,249
kudamatsu,3,c003_r07_A_steiner.csv,182
kudamatsu,3,c003_r08_A_steiner.csv,214
kudamatsu,3,c003_r09_A_steiner.csv,202
kudamatsu,3,c003_r10_A_steiner.csv,209
kudamatsu,3,c003_r11_A_steiner.csv,220
kudamatsu,3,c003_r12_B_incremental.csv,211
kudamatsu,3,c003_r13_B_incremental.csv,206
kudamatsu,3,c003_r14_B_incremental.csv,194
kudamatsu,3,c003_r15_B_incremental.csv,216
kudamatsu,3,c003_r16_B_incremental.csv,194
kudamatsu,3,c003_r17_B_incremental.csv,185
kudamatsu,3,c003_r18_B_incremental.csv,184
kudamatsu,3,c003_r19_B_incremental.csv,205
kudamatsu,3,c003_r20_B_incremental.csv,200
kudamatsu,3,c003_r21_B_incremental.csv,225
kudamatsu,3,c003_r22_B_incremental.csv,221
kudamatsu,3,c003_r23_B_incremental.csv,196
kudamatsu,4,c004_r00_A_steiner.csv,211
kudamatsu,4,c004_r01_A_steiner.csv,189
kudamatsu,4,c004_r02_A_steiner.csv,226
kudamatsu,4,c004_r03_A_steiner.csv,200
kudamatsu,4,c004_r04_A_steiner.csv,190
kudamatsu,4,c004_r05_A_steiner.csv,201
kudamatsu,4,c004_r06_A_steiner.csv,206
kudamatsu,4,c004_r07_A_steiner.csv,222
kudamatsu,4,c004_r08_A_steiner.csv,196
kudamatsu,4,c004_r09_A_steiner.csv,207
kudamatsu,4,c004_r10_A_steiner.csv,199
kudamatsu,4,c004_r11_A_steiner.csv,227
kudamatsu,4,c004_r12_B_incremental.csv,193
kudamatsu,4,c004_r13_B_incremental.csv,189
kudamatsu,4,c004_r14_B_incremental.csv,223
kudamatsu,4,c004_r15_B_incremental.csv,213
kudamatsu,4,c004_r16_B_incremental.csv,230
kudamatsu,4,c004_r17_B_incremental.csv,193
kudamatsu,4,c004_r18_B_incremental.csv,232
kudamatsu,4,c004_r19_B_incremental.csv,227
kudamatsu,4,c004_r20_B_incremental.csv,198
kudamatsu,4,c004_r21_B_incremental.csv,203
kudamatsu,4,c004_r22_B_incremental.csv,200
kudamatsu,4,c004_r23_B_incremental.csv,225
kudamatsu,5,c005_r00_A_steiner.csv,211
kudamatsu,5,c005_r01_A_steiner.csv,211
kudamatsu,5,c005_r02_A_steiner.csv,206
kudamatsu,5,c005_r03_A_steiner.csv,200
kudamatsu,5,c005_r04_A_steiner.csv,194
kudamatsu,5,c005_r05_A_steiner.csv,210
kudamatsu,5,c005_r06_A_steiner.csv,216
kudamatsu,5,c005_r07_A_steiner.csv,218
kudamatsu,5,c005_r08_A_steiner.csv,203
kudamatsu,5,c005_r09_A_steiner.csv,173
kudamatsu,5,c005_r10_A_steiner.csv,209
kudamatsu,5,c005_r11_A_steiner.csv,197
kudamatsu,5,c005_r12_B_incremental.csv,192
kudamatsu,5,c005_r13_B_incremental.csv,208
kudamatsu,5,c005_r14_B_incremental.csv,212
kudamatsu,5,c005_r15_B_incremental.csv,233
kudamatsu,5,c005_r16_B_incremental.csv,216
kudamatsu,5,c005_r17_B_incremental.csv,211
kudamatsu,5,c005_r18_B_incremental.csv,196
kudamatsu,5,c005_r19_B_incremental.csv,224
kudamatsu,5,c005_r20_B_incremental.csv,229
kudamatsu,5,c005_r21_B_incremental.csv,224
kudamatsu,5,c005_r22_B_incremental.csv,191
kudamatsu,5,c005_r23_B_incremental.csv,216
kudamatsu,6,c006_r00_A_steiner.csv,222
kudamatsu,6,c006_r01_A_steiner.csv,245
kudamatsu,6,c006_r02_A_steiner.csv,201
kudamatsu,6,c006_r03_A_steiner.csv,205
kudamatsu,6,c006_r04_A_steiner.csv,221
kudamatsu,6,c006_r05_A_steiner.csv,195
kudamatsu,6,c006_r06_A_steiner.csv,212
kudamatsu,6,c006_r07_A_steiner.csv,224
kudamatsu,6,c006_r08_A_steiner.csv,225
kudamatsu,6,c006_r09_A_steiner.csv,211
kudamatsu,6,c006_r10_A_steiner.csv,213
kudamatsu,6,c006_r11_A_steiner.csv,213
kudamatsu,6,c006_r12_B_incremental.csv,182
kudamatsu,6,c006_r13_B_incremental.csv,216
kudamatsu,6,c006_r14_B_incremental.csv,172
kudamatsu,6,c006_r15_B_incremental.csv,211
kudamatsu,6,c006_r16_B_incremental.csv,185
kudamatsu,6,c006_r17_B_incremental.csv,193
kudamatsu,6,c006_r18_B_incremental.csv,206
kudamatsu,6,c006_r19_B_incremental.csv,201
kudamatsu,6,c006_r20_B_incremental.csv,220
kudamatsu,6,c006_r21_B_incremental.csv,214
kudamatsu,6,c006_r22_B_incremental.csv,204
kudamatsu,6,c006_r23_B_incremental.csv,209
kudamatsu,7,c007_r00_A_steiner.csv,183
kudamatsu,7,c007_r01_A_steiner.csv,241
kudamatsu,7,c007_r02_A_steiner.csv,222
kudamatsu,7,c007_r03_A_steiner.csv,239
kudamatsu,7,c007_r04_A_steiner.csv,206
kudamatsu,7,c007_r05_A_steiner.csv,217
kudamatsu,7,c007_r06_A_steiner.csv,209
kudamatsu,7,c007_r07_A_steiner.csv,190
kudamatsu,7,c007_r08_A_steiner.csv,211
kudamatsu,7,c007_r09_A_steiner.csv,201
kudamatsu,7,c007_r10_A_steiner.csv,219
kudamatsu,7,c007_r11_A_steiner.csv,224
kudamatsu,7,c007_r12_B_incremental.csv,190
kudamatsu,7,c007_r13_B_incremental.csv,184
kudamatsu,7,c007_r14_B_incremental.csv,208
kudamatsu,7,c007_r15_B_incremental.csv,205
kudamatsu,7,c007_r16_B_incremental.csv,208
kudamatsu,7,c007_r17_B_incremental.csv,225
kudamatsu,7,c007_r18_B_incremental.csv,190
kudamatsu,7,c007_r19_B_incremental.csv,209
kudamatsu,7,c007_r20_B_incremental.csv,215
kudamatsu,7,c007_r21_B_incremental.csv,188
kudamatsu,7,c007_r22_B_incremental.csv,202
kudamatsu,7,c007_r23_B_incremental.csv,214
kudamatsu,8,c008_r00_A_steiner.csv,210
kudamatsu,8,c008_r01_A_steiner.csv,215
kudamatsu,8,c008_r02_A_steiner.csv,200
kudamatsu,8,c008_r03_A_steiner.csv,201
kudamatsu,8,c008_r04_A_steiner.csv,206
kudamatsu,8,c008_r05_A_steiner.csv,190
kudamatsu,8,c008_r06_A_steiner.csv,210
kudamatsu,8,c008_r07_A_steiner.csv,207
kudamatsu,8,c008_r08_A_steiner.csv,197
kudamatsu,8,c008_r09_A_steiner.csv,229
kudamatsu,8,c008_r10_A_steiner.csv,197
kudamatsu,8,c008_r11_A_steiner.csv,203
kudamatsu,8,c008_r12_B_incremental.csv,199
kudamatsu,8,c008_r13_B_incremental.csv,217
kudamatsu,8,c008_r14_B_incremental.csv,198
kudamatsu,8,c008_r15_B_incremental.csv,205
kudamatsu,8,c008_r16_B_incremental.csv,204
kudamatsu,8,c008_r17_B_incremental.csv,224
kudamatsu,8,c008_r18_B_incremental.csv,223
kudamatsu,8,c008_r19_B_incremental.csv,226
kudamatsu,8,c008_r20_B_incremental.csv,181
kudamatsu,8,c008_r21_B_incremental.csv,230
kudamatsu,8,c008_r22_B_incremental.csv,219
kudamatsu,8,c008_r23_B_incremental.csv,209
kudamatsu,9,c009_r00_A_steiner.csv,195
kudamatsu,9,c009_r01_A_steiner.csv,212
kudamatsu,9,c009_r02_A_steiner.csv,209
kudamatsu,9,c009_r03_A_steiner.csv,225
kudamatsu,9,c009_r04_A_steiner.csv,208
kudamatsu,9,c009_r05_A_steiner.csv,192
kudamatsu,9,c009_r06_A_steiner.csv,216
kudamatsu,9,c009_r07_A_steiner.csv,231
kudamatsu,9,c009_r08_A_steiner.csv,167
kudamatsu,9,c009_r09_A_steiner.csv,199
kudamatsu,9,c009_r10_A_steiner.csv,218
kudamatsu,9,c009_r11_A_steiner.csv,187
kudamatsu,9,c009_r12_B_incremental.csv,221
kudamatsu,9,c009_r13_B_incremental.csv,202
kudamatsu,9,c009_r14_B_incremental.csv,210
kudamatsu,9,c009_r15_B_incremental.csv,233
kudamatsu,9,c009_r16_B_incremental.csv,214
kudamatsu,9,c009_r17_B_incremental.csv,202
kudamatsu,9,c009_r18_B_incremental.csv,222
kudamatsu,9,c009_r19_B_incremental.csv,215
kudamatsu,9,c009_r20_B_incremental.csv,204
kudamatsu,9,c009_r21_B_incremental.csv,200
kudamatsu,9,c009_r22_B_incremental.csv,210
kudamatsu,9,c009_r23_B_incremental.csv,208
kudamatsu,10,c010_r00_A_steiner.csv,217
kudamatsu,10,c010_r01_A_steiner.csv,213
kudamatsu,10,c010_r02_A_steiner.csv,211
kudamatsu,10,c010_r03_A_steiner.csv,187
kudamatsu,10,c010_r04_A_steiner.csv,219
kudamatsu,10,c010_r05_A_steiner.csv,215
kudamatsu,10,c010_r06_A_steiner.csv,210
kudamatsu,10,c010_r07_A_steiner.csv,208
kudamatsu,10,c010_r08_A_steiner.csv,215
kudamatsu,10,c010_r09_A_steiner.csv,189
kudamatsu,10,c010_r10_A_steiner.csv,202
kudamatsu,10,c010_r11_A_steiner.csv,212
kudamatsu,10,c010_r12_B_incremental.csv,203
kudamatsu,10,c010_r13_B_incremental.csv,227
kudamatsu,10,c010_r14_B_incremental.csv,211
kudamatsu,10,c010_r15_B_incremental.csv,197
kudamatsu,10,c010_r16_B_incremental.csv,243
kudamatsu,10,c010_r17_B_incremental.csv,218
kudamatsu,10,c010_r18_B_incremental.csv,229
kudamatsu,10,c010_r19_B_incremental.csv,191
kudamatsu,10,c010_r20_B_incremental.csv,197
kudamatsu,10,c010_r21_B_incremental.csv,200
kudamatsu,10,c010_r22_B_incremental.csv,187
kudamatsu,10,c010_r23_B_incremental.csv,199
kudamatsu,11,c011_r00_A_steiner.csv,180
kudamatsu,11,c011_r01_A_steiner.csv,197
kudamatsu,11,c011_r02_A_steiner.csv,201
kudamatsu,11,c011_r03_A_steiner.csv,208
kudamatsu,11,c011_r04_A_steiner.csv,199
kudamatsu,11,c011_r05_A_steiner.csv,228
kudamatsu,11,c011_r06_A_steiner.csv,208
kudamatsu,11,c011_r07_A_steiner.csv,221
kudamatsu,11,c011_r08_A_steiner.csv,219
kudamatsu,11,c011_r09_A_steiner.csv,212
kudamatsu,11,c011_r10_A_steiner.csv,198
kudamatsu,11,c011_r11_A_steiner.csv,198
kudamatsu,11,c011_r12_B_incremental.csv,176
kudamatsu,11,c011_r13_B_incremental.csv,200
kudamatsu,11,c011_r14_B_incremental.csv,212
kudamatsu,11,c011_r15_B_incremental.csv,221
kudamatsu,11,c011_r16_B_incremental.csv,217
kudamatsu,11,c011_r17_B_incremental.csv,213
kudamatsu,11,c011_r18_B_incremental.csv,196
kudamatsu,11,c011_r19_B_incremental.csv,231
kudamatsu,11,c011_r20_B_incremental.csv,233
kudamatsu,11,c011_r21_B_incremental.csv,219
kudamatsu,11,c011_r22_B_incremental.csv,205
kudamatsu,11,c011_r23_B_incremental.csv,208
kudamatsu,12,c012_r00_A_steiner.csv,205
kudamatsu,12,c012_r01_A_steiner.csv,217
kudamatsu,12,c012_r02_A_steiner.csv,200
kudamatsu,12,c012_r03_A_steiner.csv,241
kudamatsu,12,c012_r04_A_steiner.csv,218
kudamatsu,12,c012_r05_A_steiner.csv,222
kudamatsu,12,c012_r06_A_steiner.csv,237
kudamatsu,12,c012_r07_A_steiner.csv,202
kudamatsu,12,c012_r08_A_steiner.csv,196
kudamatsu,12,c012_r09_A_steiner.csv,219
kudamatsu,12,c012_r10_A_steiner.csv,196
kudamatsu,12,c012_r11_A_steiner.csv,218
kudamatsu,12,c012_r12_B_incremental.csv,193
kudamatsu,12,c012_r13_B_incremental.csv,207
kudamatsu,12,c012_r14_B_incremental.csv,221
kudamatsu,12,c012_r15_B_incremental.csv,206
kudamatsu,12,c012_r16_B_incremental.csv,220
kudamatsu,12,c012_r17_B_incremental.csv,185
kudamatsu,12,c012_r18_B_incremental.csv,210
kudamatsu,12,c012_r19_B_incremental.csv,205
kudamatsu,12,c012_r20_B_incremental.csv,207
kudamatsu,12,c012_r21_B_incremental.csv,185
kudamatsu,12,c012_r22_B_incremental.csv,170
kudamatsu,12,c012_r23_B_incremental.csv,220
kudamatsu,13,c013_r00_A_steiner.csv,185
kudamatsu,13,c013_r01_A_steiner.csv,207
kudamatsu,13,c013_r02_A_steiner.csv,207
kudamatsu,13,c013_r03_A_steiner.csv,223
kudamatsu,13,c013_r04_A_steiner.csv,198
kudamatsu,13,c013_r05_A_steiner.csv,197
kudamatsu,13,c013_r06_A_steiner.csv,213
kudamatsu,13,c013_r07_A_steiner.csv,201
kudamatsu,13,c013_r08_A_steiner.csv,199
kudamatsu,13,c013_r09_A_steiner.csv,205
kudamatsu,13,c013_r10_A_steiner.csv,216
kudamatsu,13,c013_r11_A_steiner.csv,207
kudamatsu,13,c013_r12_B_incremental.csv,199
kudamatsu,13,c013_r13_B_incremental.csv,213
kudamatsu,13,c013_r14_B_incremental.csv,210
kudamatsu,13,c013_r15_B_incremental.csv,226
kudamatsu,13,c013_r16_B_incremental.csv,217
kudamatsu,13,c013_r17_B_incremental.csv,213
kudamatsu,13,c013_r18_B_incremental.csv,213
kudamatsu,13,c013_r19_B_incremental.csv,208
kudamatsu,13,c013_r20_B_incremental.csv,213
kudamatsu,13,c013_r21_B_incremental.csv,204
kudamatsu,13,c013_r22_B_incremental.csv,197
kudamatsu,13,c013_r23_B_incremental.csv,229
kudamatsu,14,c014_r00_A_steiner.csv,194
kudamatsu,14,c014_r01_A_steiner.csv,204
kudamatsu,14,c014_r02_A_steiner.csv,225
kudamatsu,14,c014_r03_A_steiner.csv,200
kudamatsu,14,c014_r04_A_steiner.csv,230
kudamatsu,14,c014_r05_A_steiner.csv,218
kudamatsu,14,c014_r06_A_steiner.csv,208
kudamatsu,14,c014_r07_A_steiner.csv,234
kudamatsu,14,c014_r08_A_steiner.csv,220
kudamatsu,14,c014_r09_A_steiner.csv,202
kudamatsu,14,c014_r10_A_steiner.csv,228
kudamatsu,14,c014_r11_A_steiner.csv,221
kudamatsu,14,c014_r12_B_incremental.csv,204
kudamatsu,14,c014_r13_B_incremental.csv,189
kudamatsu,14,c014_r14_B_incremental.csv,200
kudamatsu,14,c014_r15_B_incremental.csv,186
kudamatsu,14,c014_r16_B_incremental.csv,225
kudamatsu,14,c014_r17_B_incremental.csv,200
kudamatsu,14,c014_r18_B_incremental.csv,210
kudamatsu,14,c014_r19_B_incremental.csv,218
kudamatsu,14,c014_r20_B_incremental.csv,183
kudamatsu,14,c014_r21_B_incremental.csv,221
kudamatsu,14,c014_r22_B_incremental.csv,180
kudamatsu,14,c014_r23_B_incremental.csv,200
kudamatsu,15,c015_r00_A_steiner.csv,215
kudamatsu,15,c015_r01_A_steiner.csv,200
kudamatsu,15,c015_r02_A_steiner.csv,201
kudamatsu,15,c015_r03_A_steiner.csv,206
kudamatsu,15,c015_r04_A_steiner.csv,223
kudamatsu,15,c015_r05_A_steiner.csv,218
kudamatsu,15,c015_r06_A_steiner.csv,209
kudamatsu,15,c015_r07_A_steiner.csv,193
kudamatsu,15,c015_r08_A_steiner.csv,223
kudamatsu,15,c015_r09_A_steiner.csv,189
kudamatsu,15,c015_r10_A_steiner.csv,191
kudamatsu,15,c015_r11_A_steiner.csv,201
kudamatsu,15,c015_r12_B_incremental.csv,231
kudamatsu,15,c015_r13_B_incremental.csv,212
kudamatsu,15,c015_r14_B_incremental.csv,187
kudamatsu,15,c015_r15_B_incremental.csv,194
kudamatsu,15,c015_r16_B_incremental.csv,225
kudamatsu,15,c015_r17_B_incremental.csv,221
kudamatsu,15,c015_r18_B_incremental.csv,200
kudamatsu,15,c015_r19_B_incremental.csv,214
kudamatsu,15,c015_r20_B_incremental.csv,232
kudamatsu,15,c015_r21_B_incremental.csv,186
kudamatsu,15,c015_r22_B_incremental.csv,199
kudamatsu,15,c015_r23_B_incremental.csv,230
kudamatsu,16,c016_r00_A_steiner.csv,205
kudamatsu,16,c016_r01_A_steiner.csv,207
kudamatsu,16,c016_r02_A_steiner.csv,183
kudamatsu,16,c016_r03_A_steiner.csv,226
kudamatsu,16,c016_r04_A_steiner.csv,239
kudamatsu,16,c016_r05_A_steiner.csv,195
kudamatsu,16,c016_r06_A_steiner.csv,188
kudamatsu,16,c016_r07_A_steiner.csv,211
kudamatsu,16,c016_r08_A_steiner.csv,222
kudamatsu,16,c016_r09_A_steiner.csv,229
kudamatsu,16,c016_r10_A_steiner.csv,211
kudamatsu,16,c016_r11_A_steiner.csv,228
kudamatsu,16,c016_r12_B_incremental.csv,211
kudamatsu,16,c016_r13_B_incremental.csv,197
kudamatsu,16,c016_r14_B_incremental.csv,201
kudamatsu,16,c016_r15_B_incremental.csv,212
kudamatsu,16,c016_r16_B_incremental.csv,186
kudamatsu,16,c016_r17_B_incremental.csv,213
kudamatsu,16,c016_r18_B_incremental.csv,216
kudamatsu,16,c016_r19_B_incremental.csv,193
kudamatsu,16,c016_r20_B_incremental.csv,191
kudamatsu,16,c016_r21_B_incremental.csv,201
kudamatsu,16,c016_r22_B_incremental.csv,195
kudamatsu,16,c016_r23_B_incremental.csv,240
kudamatsu,17,c017_r00_A_steiner.csv,201
kudamatsu,17,c017_r01_A_steiner.csv,202
kudamatsu,17,c017_r02_A_steiner.csv,224
kudamatsu,17,c017_r03_A_steiner.csv,213
kudamatsu,17,c017_r04_A_steiner.csv,221
kudamatsu,17,c017_r05_A_steiner.csv,210
kudamatsu,17,c017_r06_A_steiner.csv,193
kudamatsu,17,c017_r07_A_steiner.csv,193
kudamatsu,17,c017_r08_A_steiner.csv,214
kudamatsu,17,c017_r09_A_steiner.csv,181
kudamatsu,17,c017_r10_A_steiner.csv,213
kudamatsu,17,c017_r11_A_steiner.csv,205
kudamatsu,17,c017_r12_B_incremental.csv,224
kudamatsu,17,c017_r13_B_incremental.csv,218
kudamatsu,17,c017_r14_B_incremental.csv,219
kudamatsu,17,c017_r15_B_incremental.csv,226
kudamatsu,17,c017_r16_B_incremental.csv,204
kudamatsu,17,c017_r17_B_incremental.csv,197
kudamatsu,17,c017_r18_B_incremental.csv,201
kudamatsu,17,c017_r19_B_incremental.csv,214
kudamatsu,17,c017_r20_B_incremental.csv,202
kudamatsu,17,c017_r21_B_incremental.csv,193
kudamatsu,17,c017_r22_B_incremental.csv,219
kudamatsu,17,c017_r23_B_incremental.csv,213
kudamatsu,18,c018_r00_A_steiner.csv,204
kudamatsu,18,c018_r01_A_steiner.csv,192
kudamatsu,18,c018_r02_A_steiner.csv,207
kudamatsu,18,c018_r03_A_steiner.csv,192
kudamatsu,18,c018_r04_A_steiner.csv,218
kudamatsu,18,c018_r05_A_steiner.csv,195
kudamatsu,18,c018_r06_A_steiner.csv,223
kudamatsu,18,c018_r07_A_steiner.csv,212
kudamatsu,18,c018_r08_A_steiner.csv,221
kudamatsu,18,c018_r09_A_steiner.csv,217
kudamatsu,18,c018_r10_A_steiner.csv,214
kudamatsu,18,c018_r11_A_steiner.csv,193
kudamatsu,18,c018_r12_B_incremental.csv,208
kudamatsu,18,c018_r13_B_incremental.csv,179
kudamatsu,18,c018_r14_B_incremental.csv,214
kudamatsu,18,c018_r15_B_incremental.csv,202
kudamatsu,18,c018_r16_B_incremental.csv,187
kudamatsu,18,c018_r17_B_incremental.csv,220
kudamatsu,18,c018_r18_B_incremental.csv,199
kudamatsu,18,c018_r19_B_incremental.csv,231
kudamatsu,18,c018_r20_B_incremental.csv,205
kudamatsu,18,c018_r21_B_incremental.csv,239
kudamatsu,18,c018_r22_B_incremental.csv,209
kudamatsu,18,c018_r23_B_incremental.csv,219
kudamatsu,19,c019_r00_A_steiner.csv,223
kudamatsu,19,c019_r01_A_steiner.csv,209
kudamatsu,19,c019_r02_A_steiner.csv,214
kudamatsu,19,c019_r03_A_steiner.csv,197
kudamatsu,19,c019_r04_A_steiner.csv,213
kudamatsu,19,c019_r05_A_steiner.csv,200
kudamatsu,19,c019_r06_A_steiner.csv,194
kudamatsu,19,c019_r07_A_steiner.csv,187
kudamatsu,19,c019_r08_A_steiner.csv,219
kudamatsu,19,c019_r09_A_steiner.csv,178
kudamatsu,19,c019_r10_A_steiner.csv,224
kudamatsu,19,c019_r11_A_steiner.csv,192
kudamatsu,19,c019_r12_B_incremental.csv,203
kudamatsu,19,c019_r13_B_incremental.csv,233
kudamatsu,19,c019_r14_B_incremental.csv,200
kudamatsu,19,c019_r15_B_incremental.csv,222
kudamatsu,19,c019_r16_B_incremental.csv,196
kudamatsu,19,c019_r17_B_incremental.csv,197
kudamatsu,19,c019_r18_B_incremental.csv,246
kudamatsu,19,c019_r19_B_incremental.csv,221
kudamatsu,19,c019_r20_B_incremental.csv,206
kudamatsu,19,c019_r21_B_incremental.csv,240
kudamatsu,19,c019_r22_B_incremental.csv,177
kudamatsu,19,c019_r23_B_incremental.csv,209
kudamatsu,20,c020_r00_A_steiner.csv,206
kudamatsu,20,c020_r01_A_steiner.csv,229
kudamatsu,20,c020_r02_A_steiner.csv,189
kudamatsu,20,c020_r03_A_steiner.csv,204
kudamatsu,20,c020_r04_A_steiner.csv,207
kudamatsu,20,c020_r05_A_steiner.csv,211
kudamatsu,20,c020_r06_A_steiner.csv,233
kudamatsu,20,c020_r07_A_steiner.csv,205
kudamatsu,20,c020_r08_A_steiner.csv,208
kudamatsu,20,c020_r09_A_steiner.csv,214
kudamatsu,20,c020_r10_A_steiner.csv,209
kudamatsu,20,c020_r11_A_steiner.csv,209
kudamatsu,20,c020_r12_B_incremental.csv,205
kudamatsu,20,c020_r13_B_incremental.csv,206
kudamatsu,20,c020_r14_B_incremental.csv,188
kudamatsu,20,c020_r15_B_incremental.csv,209
kudamatsu,20,c020_r16_B_incremental.csv,208
kudamatsu,20,c020_r17_B_incremental.csv,235
kudamatsu,20,c020_r18_B_incremental.csv,213
kudamatsu,20,c020_r19_B_incremental.csv,213
kudamatsu,20,c020_r20_B_incremental.csv,202
kudamatsu,20,c020_r21_B_incremental.csv,178
kudamatsu,20,c020_r22_B_incremental.csv,206
kudamatsu,20,c020_r23_B_incremental.csv,213
kudamatsu,21,c021_r00_A_steiner.csv,205
kudamatsu,21,c021_r01_A_steiner.csv,206
kudamatsu,21,c021_r02_A_steiner.csv,220
kudamatsu,21,c021_r03_A_steiner.csv,220
kudamatsu,21,c021_r04_A_steiner.csv,203
kudamatsu,21,c021_r05_A_steiner.csv,199
kudamatsu,21,c021_r06_A_steiner.csv,227
kudamatsu,21,c021_r07_A_steiner.csv,204
kudamatsu,21,c021_r08_A_steiner.csv,206
kudamatsu,21,c021_r09_A_steiner.csv,196
kudamatsu,21,c021_r10_A_steiner.csv,225
kudamatsu,21,c021_r11_A_steiner.csv,229
kudamatsu,21,c021_r12_B_incremental.csv,217
kudamatsu,21,c021_r13_B_incremental.csv,203
kudamatsu,21,c021_r14_B_incremental.csv,216
kudamatsu,21,c021_r15_B_incremental.csv,201
kudamatsu,21,c021_r16_B_incremental.csv,213
kudamatsu,21,c021_r17_B_incremental.csv,191
kudamatsu,21,c021_r18_B_incremental.csv,183
kudamatsu,21,c021_r19_B_incremental.csv,214
kudamatsu,21,c021_r20_B_incremental.csv,209
kudamatsu,21,c021_r21_B_incremental.csv,195
kudamatsu,21,c021_r22_B_incremental.csv,192
kudamatsu,21,c021_r23_B_incremental.csv,226
kudamatsu,22,c022_r00_A_steiner.csv,234
kudamatsu,22,c022_r01_A_steiner.csv,199
kudamatsu,22,c022_r02_A_steiner.csv,215
kudamatsu,22,c022_r03_A_steiner.csv,187
kudamatsu,22,c022_r04_A_steiner.csv,187
kudamatsu,22,c022_r05_A_steiner.csv,193
kudamatsu,22,c022_r06_A_steiner.csv,203
kudamatsu,22,c022_r07_A_steiner.csv,201
kudamatsu,22,c022_r08_A_steiner.csv,212
kudamatsu,22,c022_r09_A_steiner.csv,202
kudamatsu,22,c022_r10_A_steiner.csv,224
kudamatsu,22,c022_r11_A_steiner.csv,195
kudamatsu,22,c022_r12_B_incremental.csv,238
kudamatsu,22,c022_r13_B_incremental.csv,220
kudamatsu,22,c022_r14_B_incremental.csv,234
kudamatsu,22,c022_r15_B_incremental.csv,201
kudamatsu,22,c022_r16_B_incremental.csv,213
kudamatsu,22,c022_r17_B_incremental.csv,204
kudamatsu,22,c022_r18_B_incremental.csv,195
kudamatsu,22,c022_r19_B_incremental.csv,211
kudamatsu,22,c022_r20_B_incremental.csv,194
kudamatsu,22,c022_r21_B_incremental.csv,194
kudamatsu,22,c022_r22_B_incremental.csv,206
kudamatsu,22,c022_r23_B_incremental.csv,238
kudamatsu,23,c023_r00_A_steiner.csv,226
kudamatsu,23,c023_r01_A_steiner.csv,197
kudamatsu,23,c023_r02_A_steiner.csv,191
kudamatsu,23,c023_r03_A_steiner.csv,198
kudamatsu,23,c023_r04_A_steiner.csv,191
kudamatsu,23,c023_r05_A_steiner.csv,207
kudamatsu,23,c023_r06_A_steiner.csv,216
kudamatsu,23,c023_r07_A_steiner.csv,219
kudamatsu,23,c023_r08_A_steiner.csv,211
kudamatsu,23,c023_r09_A_steiner.csv,198
kudamatsu,23,c023_r10_A_steiner.csv,221
kudamatsu,23,c023_r11_A_steiner.csv,208
kudamatsu,23,c023_r12_B_incremental.csv,213
kudamatsu,23,c023_r13_B_incremental.csv,199
kudamatsu,23,c023_r14_B_incremental.csv,196
kudamatsu,23,c023_r15_B_incremental.csv,244
kudamatsu,23,c023_r16_B_incremental.csv,199
kudamatsu,23,c023_r17_B_incremental.csv,212
kudamatsu,23,c023_r18_B_incremental.csv,208
kudamatsu,23,c023_r19_B_incremental.csv,222
kudamatsu,23,c023_r20_B_incremental.csv,205
kudamatsu,23,c023_r21_B_incremental.csv,206
kudamatsu,23,c023_r22_B_incremental.csv,183
kudamatsu,23,c023_r23_B_incremental.csv,230
kudamatsu,24,c024_r00_A_steiner.csv,205
kudamatsu,24,c024_r01_A_steiner.csv,218
kudamatsu,24,c024_r02_A_steiner.csv,208
kudamatsu,24,c024_r03_A_steiner.csv,218
kudamatsu,24,c024_r04_A_steiner.csv,186
kudamatsu,24,c024_r05_A_steiner.csv,196
kudamatsu,24,c024_r06_A_steiner.csv,193
kudamatsu,24,c024_r07_A_steiner.csv,200
kudamatsu,24,c024_r08_A_steiner.csv,233
kudamatsu,24,c024_r09_A_steiner.csv,207
kudamatsu,24,c024_r10_A_steiner.csv,201
kudamatsu,24,c024_r11_A_steiner.csv,194
kudamatsu,24,c024_r12_B_incremental.csv,201
kudamatsu,24,c024_r13_B_incremental.csv,218
kudamatsu,24,c024_r14_B_incremental.csv,226
kudamatsu,24,c024_r15_B_incremental.csv,213
kudamatsu,24,c024_r16_B_incremental.csv,208
kudamatsu,24,c024_r17_B_incremental.csv,204
kudamatsu,24,c024_r18_B_incremental.csv,208
kudamatsu,24,c024_r19_B_incremental.csv,240
kudamatsu,24,c024_r20_B_incremental.csv,208
kudamatsu,24,c024_r21_B_incremental.csv,201
kudamatsu,24,c024_r22_B_incremental.csv,216
kudamatsu,24,c024_r23_B_incremental.csv,198
kudamatsu,25,c025_r00_A_steiner.csv,208
kudamatsu,25,c025_r01_A_steiner.csv,205
kudamatsu,25,c025_r02_A_steiner.csv,213
kudamatsu,25,c025_r03_A_steiner.csv,227
kudamatsu,25,c025_r04_A_steiner.csv,209
kudamatsu,25,c025_r05_A_steiner.csv,226
kudamatsu,25,c025_r06_A_steiner.csv,191
kudamatsu,25,c025_r07_A_steiner.csv,215
kudamatsu,25,c025_r08_A_steiner.csv,211
kudamatsu,25,c025_r09_A_steiner.csv,206
kudamatsu,25,c025_r10_A_steiner.csv,203
kudamatsu,25,c025_r11_A_steiner.csv,211
kudamatsu,25,c025_r12_B_incremental.csv,206
kudamatsu,25,c025_r13_B_incremental.csv,212
kudamatsu,25,c025_r14_B_incremental.csv,193
kudamatsu,25,c025_r15_B_incremental.csv,180
kudamatsu,25,c025_r16_B_incremental.csv,207
kudamatsu,25,c025_r17_B_incremental.csv,194
kudamatsu,25,c025_r18_B_incremental.csv,198
kudamatsu,25,c025_r19_B_incremental.csv,196
kudamatsu,25,c025_r20_B_incremental.csv,207
kudamatsu,25,c025_r21_B_incremental.csv,233
kudamatsu,25,c025_r22_B_incremental.csv,215
kudamatsu,25,c025_r23_B_incremental.csv,234
kudamatsu,26,c026_r00_A_steiner.csv,217
kudamatsu,26,c026_r01_A_steiner.csv,232
kudamatsu,26,c026_r02_A_steiner.csv,210
kudamatsu,26,c026_r03_A_steiner.csv,206
kudamatsu,26,c026_r04_A_steiner.csv,218
kudamatsu,26,c026_r05_A_steiner.csv,200
kudamatsu,26,c026_r06_A_steiner.csv,220
kudamatsu,26,c026_r07_A_steiner.csv,197
kudamatsu,26,c026_r08_A_steiner.csv,200
kudamatsu,26,c026_r09_A_steiner.csv,198
kudamatsu,26,c026_r10_A_steiner.csv,208
kudamatsu,26,c026_r11_A_steiner.csv,196
kudamatsu,26,c026_r12_B_incremental.csv,199
kudamatsu,26,c026_r13_B_incremental.csv,204
kudamatsu,26,c026_r14_B_incremental.csv,190
kudamatsu,26,c026_r15_B_incremental.csv,233
kudamatsu,26,c026_r16_B_incremental.csv,203
kudamatsu,26,c026_r17_B_incremental.csv,195
kudamatsu,26,c026_r18_B_incremental.csv,208
kudamatsu,26,c026_r19_B_incremental.csv,203
kudamatsu,26,c026_r20_B_incremental.csv,217
kudamatsu,26,c026_r21_B_incremental.csv,225
kudamatsu,26,c026_r22_B_incremental.csv,229
kudamatsu,26,c026_r23_B_incremental.csv,192
kudamatsu,27,c027_r00_A_steiner.csv,222
kudamatsu,27,c027_r01_A_steiner.csv,218
kudamatsu,27,c027_r02_A_steiner.csv,191
kudamatsu,27,c027_r03_A_steiner.csv,223
kudamatsu,27,c027_r04_A_steiner.csv,218
kudamatsu,27,c027_r05_A_steiner.csv,215
kudamatsu,27,c027_r06_A_steiner.csv,204
kudamatsu,27,c027_r07_A_steiner.csv,216
kudamatsu,27,c027_r08_A_steiner.csv,177
kudamatsu,27,c027_r09_A_steiner.csv,196
kudamatsu,27,c027_r10_A_steiner.csv,213
kudamatsu,27,c027_r11_A_steiner.csv,200
kudamatsu,27,c027_r12_B_incremental.csv,191
kudamatsu,27,c027_r13_B_incremental.csv,201
kudamatsu,27,c027_r14_B_incremental.csv,219
kudamatsu,27,c027_r15_B_incremental.csv,185
kudamatsu,27,c027_r16_B_incremental.csv,222
kudamatsu,27,c027_r17_B_incremental.csv,216
kudamatsu,27,c027_r18_B_incremental.csv,209
kudamatsu,27,c027_r19_B_incremental.csv,226
kudamatsu,27,c027_r20_B_incremental.csv,202
kudamatsu,27,c027_r21_B_incremental.csv,207
kudamatsu,27,c027_r22_B_incremental.csv,217
kudamatsu,27,c027_r23_B_incremental.csv,212
kudamatsu,28,c028_r00_A_steiner.csv,199
kudamatsu,28,c028_r01_A_steiner.csv,209
kudamatsu,28,c028_r02_A_steiner.csv,214
kudamatsu,28,c028_r03_A_steiner.csv,206
kudamatsu,28,c028_r04_A_steiner.csv,180
kudamatsu,28,c028_r05_A_steiner.csv,210
kudamatsu,28,c028_r06_A_steiner.csv,218
kudamatsu,28,c028_r07_A_steiner.csv,216
kudamatsu,28,c028_r08_A_steiner.csv,204
kudamatsu,28,c028_r09_A_steiner.csv,192
kudamatsu,28,c028_r10_A_steiner.csv,202
kudamatsu,28,c028_r11_A_steiner.csv,205
kudamatsu,28,c028_r12_B_incremental.csv,217
kudamatsu,28,c028_r13_B_incremental.csv,234
kudamatsu,28,c028_r14_B_incremental.csv,197
kudamatsu,28,c028_r15_B_incremental.csv,226
kudamatsu,28,c028_r16_B_incremental.csv,209
kudamatsu,28,c028_r17_B_incremental.csv,216
kudamatsu,28,c028_r18_B_incremental.csv,199
kudamatsu,28,c028_r19_B_incremental.csv,222
kudamatsu,28,c028_r20_B_incremental.csv,208
kudamatsu,28,c028_r21_B_incremental.csv,211
kudamatsu,28,c028_r22_B_incremental.csv,215
kudamatsu,28,c028_r23_B_incremental.csv,191
kudamatsu,29,c029_r00_A_steiner.csv,198
kudamatsu,29,c029_r01_A_steiner.csv,234
kudamatsu,29,c029_r02_A_steiner.csv,190
kudamatsu,29,c029_r03_A_steiner.csv,265
kudamatsu,29,c029_r04_A_steiner.csv,202
kudamatsu,29,c029_r05_A_steiner.csv,209
kudamatsu,29,c029_r06_A_steiner.csv,207
kudamatsu,29,c029_r07_A_steiner.csv,188
kudamatsu,29,c029_r08_A_steiner.csv,201
kudamatsu,29,c029_r09_A_steiner.csv,213
kudamatsu,29,c029_r10_A_steiner.csv,197
kudamatsu,29,c029_r11_A_steiner.csv,216
kudamatsu,29,c029_r12_B_incremental.csv,219
kudamatsu,29,c029_r13_B_incremental.csv,201
kudamatsu,29,c029_r14_B_incremental.csv,223
kudamatsu,29,c029_r15_B_incremental.csv,182
kudamatsu,29,c029_r16_B_incremental.csv,197
kudamatsu,29,c029_r17_B_incremental.csv,211
kudamatsu,29,c029_r18_B_incremental.csv,207
kudamatsu,29,c029_r19_B_incremental.csv,224
kudamatsu,29,c029_r20_B_incremental.csv,199
kudamatsu,29,c029_r21_B_incremental.csv,188
kudamatsu,29,c029_r22_B_incremental.csv,209
kudamatsu,29,c029_r23_B_incremental.csv,220
kudamatsu,30,c030_r00_A_steiner.csv,205
kudamatsu,30,c030_r01_A_steiner.csv,188
kudamatsu,30,c030_r02_A_steiner.csv,185
kudamatsu,30,c030_r03_A_steiner.csv,215
kudamatsu,30,c030_r04_A_steiner.csv,203
kudamatsu,30,c030_r05_A_steiner.csv,216
kudamatsu,30,c030_r06_A_steiner.csv,205
kudamatsu,30,c030_r07_A_steiner.csv,204
kudamatsu,30,c030_r08_A_steiner.csv,185
kudamatsu,30,c030_r09_A_steiner.csv,244
kudamatsu,30,c030_r10_A_steiner.csv,233
kudamatsu,30,c030_r11_A_steiner.csv,220
kudamatsu,30,c030_r12_B_incremental.csv,221
kudamatsu,30,c030_r13_B_incremental.csv,188
kudamatsu,30,c030_r14_B_incremental.csv,233
kudamatsu,30,c030_r15_B_incremental.csv,216
kudamatsu,30,c030_r16_B_incremental.csv,221
kudamatsu,30,c030_r17_B_incremental.csv,196
kudamatsu,30,c030_r18_B_incremental.csv,194
kudamatsu,30,c030_r19_B_incremental.csv,214
kudamatsu,30,c030_r20_B_incremental.csv,201
kudamatsu,30,c030_r21_B_incremental.csv,216
kudamatsu,30,c030_r22_B_incremental.csv,196
kudamatsu,30,c030_r23_B_incremental.csv,201
kudamatsu,31,c031_r00_A_steiner.csv,199
kudamatsu,31,c031_r01_A_steiner.csv,193
kudamatsu,31,c031_r02_A_steiner.csv,184
kudamatsu,31,c031_r03_A_steiner.csv,193
kudamatsu,31,c031_r04_A_steiner.csv,217
kudamatsu,31,c031_r05_A_steiner.csv,225
kudamatsu,31,c031_r06_A_steiner.csv,231
kudamatsu,31,c031_r07_A_steiner.csv,219
kudamatsu,31,c031_r08_A_steiner.csv,213
kudamatsu,31,c031_r09_A_steiner.csv,219
kudamatsu,31,c031_r10_A_steiner.csv,203
kudamatsu,31,c031_r11_A_steiner.csv,224
kudamatsu,31,c031_r12_B_incremental.csv,199
kudamatsu,31,c031_r13_B_incremental.csv,207
kudamatsu,31,c031_r14_B_incremental.csv,198
kudamatsu,31,c031_r15_B_incremental.csv,186
kudamatsu,31,c031_r16_B_incremental.csv,206
kudamatsu,31,c031_r17_B_incremental.csv,204
kudamatsu,31,c031_r18_B_incremental.csv,197
kudamatsu,31,c031_r19_B_incremental.csv,220
kudamatsu,31,c031_r20_B_incremental.csv,203
kudamatsu,31,c031_r21_B_incremental.csv,194
kudamatsu,31,c031_r22_B_incremental.csv,226
kudamatsu,31,c031_r23_B_incremental.csv,240
kudamatsu,32,c032_r00_A_steiner.csv,220
kudamatsu,32,c032_r01_A_steiner.csv,199
kudamatsu,32,c032_r02_A_steiner.csv,190
kudamatsu,32,c032_r03_A_steiner.csv,209
kudamatsu,32,c032_r04_A_steiner.csv,225
kudamatsu,32,c032_r05_A_steiner.csv,217
kudamatsu,32,c032_r06_A_steiner.csv,201
kudamatsu,32,c032_r07_A_steiner.csv,189
kudamatsu,32,c032_r08_A_steiner.csv,239
kudamatsu,32,c032_r09_A_steiner.csv,222
kudamatsu,32,c032_r10_A_steiner.csv,212
kudamatsu,32,c032_r11_A_steiner.csv,189
kudamatsu,32,c032_r12_B_incremental.csv,201
kudamatsu,32,c032_r13_B_incremental.csv,193
kudamatsu,32,c032_r14_B_incremental.csv,204
kudamatsu,32,c032_r15_B_incremental.csv,211
kudamatsu,32,c032_r16_B_incremental.csv,214
kudamatsu,32,c032_r17_B_incremental.csv,210
kudamatsu,32,c032_r18_B_incremental.csv,224
kudamatsu,32,c032_r19_B_incremental.csv,208
kudamatsu,32,c032_r20_B_incremental.csv,224
kudamatsu,32,c032_r21_B_incremental.csv,193
kudamatsu,32,c032_r22_B_incremental.csv,197
kudamatsu,32,c032_r23_B_incremental.csv,209
kudamatsu,33,c033_r00_A_steiner.csv,177
kudamatsu,33,c033_r01_A_steiner.csv,224
kudamatsu,33,c033_r02_A_steiner.csv,211
kudamatsu,33,c033_r03_A_steiner.csv,212
kudamatsu,33,c033_r04_A_steiner.csv,206
kudamatsu,33,c033_r05_A_steiner.csv,171
kudamatsu,33,c033_r06_A_steiner.csv,210
kudamatsu,33,c033_r07_A_steiner.csv,190
kudamatsu,33,c033_r08_A_steiner.csv,192
kudamatsu,33,c033_r09_A_steiner.csv,209
kudamatsu,33,c033_r10_A_steiner.csv,218
kudamatsu,33,c033_r11_A_steiner.csv,229
kudamatsu,33,c033_r12_B_incremental.csv,201
kudamatsu,33,c033_r13_B_incremental.csv,230
kudamatsu,33,c033_r14_B_incremental.csv,203
kudamatsu,33,c033_r15_B_incremental.csv,222
kudamatsu,33,c033_r16_B_incremental.csv,196
kudamatsu,33,c033_r17_B_incremental.csv,230
kudamatsu,33,c033_r18_B_incremental.csv,201
kudamatsu,33,c033_r19_B_incremental.csv,200
kudamatsu,33,c033_r20_B_incremental.csv,202
kudamatsu,33,c033_r21_B_incremental.csv,219
kudamatsu,33,c033_r22_B_incremental.csv,218
kudamatsu,33,c033_r23_B_incremental.csv,229
kudamatsu,34,c034_r00_A_steiner.csv,207
kudamatsu,34,c034_r01_A_steiner.csv,174
kudamatsu,34,c034_r02_A_steiner.csv,207
kudamatsu,34,c034_r03_A_steiner.csv,196
kudamatsu,34,c034_r04_A_steiner.csv,193
kudamatsu,34,c034_r05_A_steiner.csv,185
kudamatsu,34,c034_r06_A_steiner.csv,227
kudamatsu,34,c034_r07_A_steiner.csv,241
kudamatsu,34,c034_r08_A_steiner.csv,217
kudamatsu,34,c034_r09_A_steiner.csv,197
kudamatsu,34,c034_r10_A_steiner.csv,202
kudamatsu,34,c034_r11_A_steiner.csv,215
kudamatsu,34,c034_r12_B_incremental.csv,208
kudamatsu,34,c034_r13_B_incremental.csv,218
kudamatsu,34,c034_r14_B_incremental.csv,191
kudamatsu,34,c034_r15_B_incremental.csv,189
kudamatsu,34,c034_r16_B_incremental.csv,223
kudamatsu,34,c034_r17_B_incremental.csv,214
kudamatsu,34,c034_r18_B_incremental.csv,208
kudamatsu,34,c034_r19_B_incremental.csv,215
kudamatsu,34,c034_r20_B_incremental.csv,230
kudamatsu,34,c034_r21_B_incremental.csv,236
kudamatsu,34,c034_r22_B_incremental.csv,216
kudamatsu,34,c034_r23_B_incremental.csv,191
kudamatsu,35,c035_r00_A_steiner.csv,199
kudamatsu,35,c035_r01_A_steiner.csv,210
kudamatsu,35,c035_r02_A_steiner.csv,203
kudamatsu,35,c035_r03_A_steiner.csv,198
kudamatsu,35,c035_r04_A_steiner.csv,205
kudamatsu,35,c035_r05_A_steiner.csv,206
kudamatsu,35,c035_r06_A_steiner.csv,195
kudamatsu,35,c035_r07_A_steiner.csv,204
kudamatsu,35,c035_r08_A_steiner.csv,224
kudamatsu,35,c035_r09_A_steiner.csv,207
kudamatsu,35,c035_r10_A_steiner.csv,222
kudamatsu,35,c035_r11_A_steiner.csv,185
kudamatsu,35,c035_r12_B_incremental.csv,221
kudamatsu,35,c035_r13_B_incremental.csv,211
kudamatsu,35,c035_r14_B_incremental.csv,204
kudamatsu,35,c035_r15_B_incremental.csv,202
kudamatsu,35,c035_r16_B_incremental.csv,223
kudamatsu,35,c035_r17_B_incremental.csv,195
kudamatsu,35,c035_r18_B_incremental.csv,227
kudamatsu,35,c035_r19_B_incremental.csv,214
kudamatsu,35,c035_r20_B_incremental.csv,217
kudamatsu,35,c035_r21_B_incremental.csv,213
kudamatsu,35,c035_r22_B_incremental.csv,204
kudamatsu,35,c035_r23_B_incremental.csv,211
kudamatsu,36,c036_r00_A_steiner.csv,224
kudamatsu,36,c036_r01_A_steiner.csv,222
kudamatsu,36,c036_r02_A_steiner.csv,205
kudamatsu,36,c036_r03_A_steiner.csv,202
kudamatsu,36,c036_r04_A_steiner.csv,206
kudamatsu,36,c036_r05_A_steiner.csv,190
kudamatsu,36,c036_r06_A_steiner.csv,209
kudamatsu,36,c036_r07_A_steiner.csv,209
kudamatsu,36,c036_r08_A_steiner.csv,196
kudamatsu,36,c036_r09_A_steiner.csv,235
kudamatsu,36,c036_r10_A_steiner.csv,204
kudamatsu,36,c036_r11_A_steiner.csv,191
kudamatsu,36,c036_r12_B_incremental.csv,195
kudamatsu,36,c036_r13_B_incremental.csv,239
kudamatsu,36,c036_r14_B_incremental.csv,226
kudamatsu,36,c036_r15_B_incremental.csv,215
kudamatsu,36,c036_r16_B_incremental.csv,198
kudamatsu,36,c036_r17_B_incremental.csv,175
kudamatsu,36,c036_r18_B_incremental.csv,185
kudamatsu,36,c036_r19_B_incremental.csv,215
kudamatsu,36,c036_r20_B_incremental.csv,184
kudamatsu,36,c036_r21_B_incremental.csv,213
kudamatsu,36,c036_r22_B_incremental.csv,232
kudamatsu,36,c036_r23_B_incremental.csv,230
kudamatsu,37,c037_r00_A_steiner.csv,188
kudamatsu,37,c037_r01_A_steiner.csv,191
kudamatsu,37,c037_r02_A_steiner.csv,223
kudamatsu,37,c037_r03_A_steiner.csv,213
kudamatsu,37,c037_r04_A_steiner.csv,219
kudamatsu,37,c037_r05_A_steiner.csv,203
kudamatsu,37,c037_r06_A_steiner.csv,207
kudamatsu,37,c037_r07_A_steiner.csv,206
kudamatsu,37,c037_r08_A_steiner.csv,210
kudamatsu,37,c037_r09_A_steiner.csv,194
kudamatsu,37,c037_r10_A_steiner.csv,225
kudamatsu,37,c037_r11_A_steiner.csv,224
kudamatsu,37,c037_r12_B_incremental.csv,191
kudamatsu,37,c037_r13_B_incremental.csv,178
kudamatsu,37,c037_r14_B_incremental.csv,198
kudamatsu,37,c037_r15_B_incremental.csv,211
kudamatsu,37,c037_r16_B_incremental.csv,222
kudamatsu,37,c037_r17_B_incremental.csv,215
kudamatsu,37,c037_r18_B_incremental.csv,178
kudamatsu,37,c037_r19_B_incremental.csv,222
kudamatsu,37,c037_r20_B_incremental.csv,217
kudamatsu,37,c037_r21_B_incremental.csv,228
kudamatsu,37,c037_r22_B_incremental.csv,209
kudamatsu,37,c037_r23_B_incremental.csv,228
kudamatsu,38,c038_r00_A_steiner.csv,200
kudamatsu,38,c038_r01_A_steiner.csv,218
kudamatsu,38,c038_r02_A_steiner.csv,225
kudamatsu,38,c038_r03_A_steiner.csv,211
kudamatsu,38,c038_r04_A_steiner.csv,227
kudamatsu,38,c038_r05_A_steiner.csv,197
kudamatsu,38,c038_r06_A_steiner.csv,213
kudamatsu,38,c038_r07_A_steiner.csv,197
kudamatsu,38,c038_r08_A_steiner.csv,205
kudamatsu,38,c038_r09_A_steiner.csv,214
kudamatsu,38,c038_r10_A_steiner.csv,196
kudamatsu,38,c038_r11_A_steiner.csv,204
kudamatsu,38,c038_r12_B_incremental.csv,189
kudamatsu,38,c038_r13_B_incremental.csv,183
kudamatsu,38,c038_r14_B_incremental.csv,225
kudamatsu,38,c038_r15_B_incremental.csv,214
kudamatsu,38,c038_r16_B_incremental.csv,205
kudamatsu,38,c038_r17_B_incremental.csv,206
kudamatsu,38,c038_r18_B_incremental.csv,195
kudamatsu,38,c038_r19_B_incremental.csv,200
kudamatsu,38,c038_r20_B_incremental.csv,199
kudamatsu,38,c038_r21_B_incremental.csv,241
kudamatsu,38,c038_r22_B_incremental.csv,217
kudamatsu,38,c038_r23_B_incremental.csv,219
kudamatsu,39,c039_r00_A_steiner.csv,196
kudamatsu,39,c039_r01_A_steiner.csv,197
kudamatsu,39,c039_r02_A_steiner.csv,207
kudamatsu,39,c039_r03_A_steiner.csv,209
kudamatsu,39,c039_r04_A_steiner.csv,187
kudamatsu,39,c039_r05_A_steiner.csv,173
kudamatsu,39,c039_r06_A_steiner.csv,224
kudamatsu,39,c039_r07_A_steiner.csv,233
kudamatsu,39,c039_r08_A_steiner.csv,199
kudamatsu,39,c039_r09_A_steiner.csv,166
kudamatsu,39,c039_r10_A_steiner.csv,198
kudamatsu,39,c039_r11_A_steiner.csv,206
kudamatsu,39,c039_r12_B_incremental.csv,239
kudamatsu,39,c039_r13_B_incremental.csv,214
kudamatsu,39,c039_r14_B_incremental.csv,208
kudamatsu,39,c039_r15_B_incremental.csv,211
kudamatsu,39,c039_r16_B_incremental.csv,236
kudamatsu,39,c039_r17_B_incremental.csv,232
kudamatsu,39,c039_r18_B_incremental.csv,209
kudamatsu,39,c039_r19_B_incremental.csv,215
kudamatsu,39,c039_r20_B_incremental.csv,217
kudamatsu,39,c039_r21_B_incremental.csv,202
kudamatsu,39,c039_r22_B_incremental.csv,219
kudamatsu,39,c039_r23_B_incremental.csv,203
kudamatsu,40,c040_r00_A_steiner.csv,237
kudamatsu,40,c040_r01_A_steiner.csv,261
kudamatsu,40,c040_r02_A_steiner.csv,216
kudamatsu,40,c040_r03_A_steiner.csv,195
kudamatsu,40,c040_r04_A_steiner.csv,204
kudamatsu,40,c040_r05_A_steiner.csv,204
kudamatsu,40,c040_r06_A_steiner.csv,204
kudamatsu,40,c040_r07_A_steiner.csv,212
kudamatsu,40,c040_r08_A_steiner.csv,206
kudamatsu,40,c040_r09_A_steiner.csv,212
kudamatsu,40,c040_r10_A_steiner.csv,207
kudamatsu,40,c040_r11_A_steiner.csv,215
kudamatsu,40,c040_r12_B_incremental.csv,207
kudamatsu,40,c040_r13_B_incremental.csv,194
kudamatsu,40,c040_r14_B_incremental.csv,192
kudamatsu,40,c040_r15_B_incremental.csv,197
kudamatsu,40,c040_r16_B_incremental.csv,208
kudamatsu,40,c040_r17_B_incremental.csv,213
kudamatsu,40,c040_r18_B_incremental.csv,200
kudamatsu,40,c040_r19_B_incremental.csv,202
kudamatsu,40,c040_r20_B_incremental.csv,221
kudamatsu,40,c040_r21_B_incremental.csv,169
kudamatsu,40,c040_r22_B_incremental.csv,231
kudamatsu,40,c040_r23_B_incremental.csv,193
kudamatsu,41,c041_r00_A_steiner.csv,208
kudamatsu,41,c041_r01_A_steiner.csv,228
kudamatsu,41,c041_r02_A_steiner.csv,209
kudamatsu,41,c041_r03_A_steiner.csv,220
kudamatsu,41,c041_r04_A_steiner.csv,205
kudamatsu,41,c041_r05_A_steiner.csv,196
kudamatsu,41,c041_r06_A_steiner.csv,177
kudamatsu,41,c041_r07_A_steiner.csv,204
kudamatsu,41,c041_r08_A_steiner.csv,205
kudamatsu,41,c041_r09_A_steiner.csv,217
kudamatsu,41,c041_r10_A_steiner.csv,209
kudamatsu,41,c041_r11_A_steiner.csv,202
kudamatsu,41,c041_r12_B_incremental.csv,245
kudamatsu,41,c041_r13_B_incremental.csv,229
kudamatsu,41,c041_r14_B_incremental.csv,209
kudamatsu,41,c041_r15_B_incremental.csv,199
kudamatsu,41,c041_r16_B_incremental.csv,223
kudamatsu,41,c041_r17_B_incremental.csv,189
kudamatsu,41,c041_r18_B_incremental.csv,193
kudamatsu,41,c041_r19_B_incremental.csv,213
kudamatsu,41,c041_r20_B_incremental.csv,215
kudamatsu,41,c041_r21_B_incremental.csv,199
kudamatsu,41,c041_r22_B_incremental.csv,203
kudamatsu,41,c041_r23_B_incremental.csv,203
kudamatsu,42,c042_r00_A_steiner.csv,226
kudamatsu,42,c042_r01_A_steiner.csv,190
kudamatsu,42,c042_r02_A_steiner.csv,217
kudamatsu,42,c042_r03_A_steiner.csv,218
kudamatsu,42,c042_r04_A_steiner.csv,199
kudamatsu,42,c042_r05_A_steiner.csv,215
kudamatsu,42,c042_r06_A_steiner.csv,207
kudamatsu,42,c042_r07_A_steiner.csv,217
kudamatsu,42,c042_r08_A_steiner.csv,210
kudamatsu,42,c042_r09_A_steiner.csv,220
kudamatsu,42,c042_r10_A_steiner.csv,205
kudamatsu,42,c042_r11_A_steiner.csv,220
kudamatsu,42,c042_r12_B_incremental.csv,190
kudamatsu,42,c042_r13_B_incremental.csv,235
kudamatsu,42,c042_r14_B_incremental.csv,186
kudamatsu,42,c042_r15_B_incremental.csv,204
kudamatsu,42,c042_r16_B_incremental.csv,182
kudamatsu,42,c042_r17_B_incremental.csv,194
kudamatsu,42,c042_r18_B_incremental.csv,211
kudamatsu,42,c042_r19_B_incremental.csv,205
kudamatsu,42,c042_r20_B_incremental.csv,171
kudamatsu,42,c042_r21_B_incremental.csv,216
kudamatsu,42,c042_r22_B_incremental.csv,243
kudamatsu,42,c042_r23_B_incremental.csv,219
kudamatsu,43,c043_r00_A_steiner.csv,201
kudamatsu,43,c043_r01_A_steiner.csv,218
kudamatsu,43,c043_r02_A_steiner.csv,216
kudamatsu,43,c043_r03_A_steiner.csv,215
kudamatsu,43,c043_r04_A_steiner.csv,206
kudamatsu,43,c043_r05_A_steiner.csv,218
kudamatsu,43,c043_r06_A_steiner.csv,200
kudamatsu,43,c043_r07_A_steiner.csv,208
kudamatsu,43,c043_r08_A_steiner.csv,191
kudamatsu,43,c043_r09_A_steiner.csv,222
kudamatsu,43,c043_r10_A_steiner.csv,193
kudamatsu,43,c043_r11_A_steiner.csv,191
kudamatsu,43,c043_r12_B_incremental.csv,232
kudamatsu,43,c043_r13_B_incremental.csv,236
kudamatsu,43,c043_r14_B_incremental.csv,209
kudamatsu,43,c043_r15_B_incremental.csv,205
kudamatsu,43,c043_r16_B_incremental.csv,214
kudamatsu,43,c043_r17_B_incremental.csv,201
kudamatsu,43,c043_r18_B_incremental.csv,187
kudamatsu,43,c043_r19_B_incremental.csv,204
kudamatsu,43,c043_r20_B_incremental.csv,201
kudamatsu,43,c043_r21_B_incremental.csv,230
kudamatsu,43,c043_r22_B_incremental.csv,202
kudamatsu,43,c043_r23_B_incremental.csv,200
kudamatsu,44,c044_r00_A_steiner.csv,193
kudamatsu,44,c044_r01_A_steiner.csv,227
kudamatsu,44,c044_r02_A_steiner.csv,210
kudamatsu,44,c044_r03_A_steiner.csv,208
kudamatsu,44,c044_r04_A_steiner.csv,206
kudamatsu,44,c044_r05_A_steiner.csv,195
kudamatsu,44,c044_r06_A_steiner.csv,198
kudamatsu,44,c044_r07_A_steiner.csv,225
kudamatsu,44,c044_r08_A_steiner.csv,227
kudamatsu,44,c044_r09_A_steiner.csv,217
kudamatsu,44,c044_r10_A_steiner.csv,192
kudamatsu,44,c044_r11_A_steiner.csv,221
kudamatsu,44,c044_r12_B_incremental.csv,179
kudamatsu,44,c044_r13_B_incremental.csv,214
kudamatsu,44,c044_r14_B_incremental.csv,188
kudamatsu,44,c044_r15_B_incremental.csv,217
kudamatsu,44,c044_r16_B_incremental.csv,216
kudamatsu,44,c044_r17_B_incremental.csv,210
kudamatsu,44,c044_r18_B_incremental.csv,200
kudamatsu,44,c044_r19_B_incremental.csv,211
kudamatsu,44,c044_r20_B_incremental.csv,201
kudamatsu,44,c044_r21_B_incremental.csv,220
kudamatsu,44,c044_r22_B_incremental.csv,234
kudamatsu,44,c044_r23_B_incremental.csv,191
kudamatsu,45,singleton_co_located_source,5000
kudamatsu,46,c046_r00_A_steiner.csv,225
kudamatsu,46,c046_r01_A_steiner.csv,227
kudamatsu,46,c046_r02_A_steiner.csv,199
kudamatsu,46,c046_r03_A_steiner.csv,208
kudamatsu,46,c046_r04_A_steiner.csv,202
kudamatsu,46,c046_r05_A_steiner.csv,202
kudamatsu,46,c046_r06_A_steiner.csv,193
kudamatsu,46,c046_r07_A_steiner.csv,230
kudamatsu,46,c046_r08_A_steiner.csv,201
kudamatsu,46,c046_r09_A_steiner.csv,220
kudamatsu,46,c046_r10_A_steiner.csv,211
kudamatsu,46,c046_r11_A_steiner.csv,221
kudamatsu,46,c046_r12_B_incremental.csv,216
kudamatsu,46,c046_r13_B_incremental.csv,206
kudamatsu,46,c046_r14_B_incremental.csv,214
kudamatsu,46,c046_r15_B_incremental.csv,212
kudamatsu,46,c046_r16_B_incremental.csv,210
kudamatsu,46,c046_r17_B_incremental.csv,202
kudamatsu,46,c046_r18_B_incremental.csv,201
kudamatsu,46,c046_r19_B_incremental.csv,212
kudamatsu,46,c046_r20_B_incremental.csv,205
kudamatsu,46,c046_r21_B_incremental.csv,190
kudamatsu,46,c046_r22_B_incremental.csv,210
kudamatsu,46,c046_r23_B_incremental.csv,183
kudamatsu,47,c047_r00_A_steiner.csv,198
kudamatsu,47,c047_r01_A_steiner.csv,207
kudamatsu,47,c047_r02_A_steiner.csv,212
kudamatsu,47,c047_r03_A_steiner.csv,202
kudamatsu,47,c047_r04_A_steiner.csv,215
kudamatsu,47,c047_r05_A_steiner.csv,205
kudamatsu,47,c047_r06_A_steiner.csv,229
kudamatsu,47,c047_r07_A_steiner.csv,184
kudamatsu,47,c047_r08_A_steiner.csv,221
kudamatsu,47,c047_r09_A_steiner.csv,195
kudamatsu,47,c047_r10_A_steiner.csv,209
kudamatsu,47,c047_r11_A_steiner.csv,207
kudamatsu,47,c047_r12_B_incremental.csv,220
kudamatsu,47,c047_r13_B_incremental.csv,215
kudamatsu,47,c047_r14_B_incremental.csv,202
kudamatsu,47,c047_r15_B_incremental.csv,208
kudamatsu,47,c047_r16_B_incremental.csv,241
kudamatsu,47,c047_r17_B_incremental.csv,211
kudamatsu,47,c047_r18_B_incremental.csv,172
kudamatsu,47,c047_r19_B_incremental.csv,219
kudamatsu,47,c047_r20_B_incremental.csv,196
kudamatsu,47,c047_r21_B_incremental.csv,198
kudamatsu,47,c047_r22_B_incremental.csv,219
kudamatsu,47,c047_r23_B_incremental.csv,215
kudamatsu,48,c048_r00_A_steiner.csv,208
kudamatsu,48,c048_r01_A_steiner.csv,210
kudamatsu,48,c048_r02_A_steiner.csv,213
kudamatsu,48,c048_r03_A_steiner.csv,215
kudamatsu,48,c048_r04_A_steiner.csv,201
kudamatsu,48,c048_r05_A_steiner.csv,208
kudamatsu,48,c048_r06_A_steiner.csv,222
kudamatsu,48,c048_r07_A_steiner.csv,215
kudamatsu,48,c048_r08_A_steiner.csv,206
kudamatsu,48,c048_r09_A_steiner.csv,197
kudamatsu,48,c048_r10_A_steiner.csv,198
kudamatsu,48,c048_r11_A_steiner.csv,218
kudamatsu,48,c048_r12_B_incremental.csv,204
kudamatsu,48,c048_r13_B_incremental.csv,201
kudamatsu,48,c048_r14_B_incremental.csv,211
kudamatsu,48,c048_r15_B_incremental.csv,202
kudamatsu,48,c048_r16_B_incremental.csv,213
kudamatsu,48,c048_r17_B_incremental.csv,200
kudamatsu,48,c048_r18_B_incremental.csv,208
kudamatsu,48,c048_r19_B_incremental.csv,223
kudamatsu,48,c048_r20_B_incremental.csv,198
kudamatsu,48,c048_r21_B_incremental.csv,212
kudamatsu,48,c048_r22_B_incremental.csv,196
kudamatsu,48,c048_r23_B_incremental.csv,221
sano,0,c000_r00_A_steiner.csv,200
sano,0,c000_r01_A_steiner.csv,213
sano,0,c000_r02_A_steiner.csv,178
sano,0,c000_r03_A_steiner.csv,210
sano,0,c000_r04_A_steiner.csv,200
sano,0,c000_r05_A_steiner.csv,211
sano,0,c000_r06_A_steiner.csv,203
sano,0,c000_r07_A_steiner.csv,197
sano,0,c000_r08_A_steiner.csv,187
sano,0,c000_r09_A_steiner.csv,218
sano,0,c000_r10_A_steiner.csv,193
sano,0,c000_r11_A_steiner.csv,221
sano,0,c000_r12_B_incremental.csv,195
sano,0,c000_r13_B_incremental.csv,210
sano,0,c000_r14_B_incremental.csv,223
sano,0,c000_r15_B_incremental.csv,217
sano,0,c000_r16_B_incremental.csv,213
sano,0,c000_r17_B_incremental.csv,219
sano,0,c000_r18_B_incremental.csv,233
sano,0,c000_r19_B_incremental.csv,214
sano,0,c000_r20_B_incremental.csv,204
sano,0,c000_r21_B_incremental.csv,222
sano,0,c000_r22_B_incremental.csv,202
sano,0,c000_r23_B_incremental.csv,217
sano,1,c001_r00_A_steiner.csv,225
sano,1,c001_r01_A_steiner.csv,206
sano,1,c001_r02_A_steiner.csv,215
sano,1,c001_r03_A_steiner.csv,209
sano,1,c001_r04_A_steiner.csv,215
sano,1,c001_r05_A_steiner.csv,189
sano,1,c001_r06_A_steiner.csv,213
sano,1,c001_r07_A_steiner.csv,221
sano,1,c001_r08_A_steiner.csv,211
sano,1,c001_r09_A_steiner.csv,198
sano,1,c001_r10_A_steiner.csv,226
sano,1,c001_r11_A_steiner.csv,218
sano,1,c001_r12_B_incremental.csv,196
sano,1,c001_r13_B_incremental.csv,194
sano,1,c001_r14_B_incremental.csv,186
sano,1,c001_r15_B_incremental.csv,194
sano,1,c001_r16_B_incremental.csv,200
sano,1,c001_r17_B_incremental.csv,212
sano,1,c001_r18_B_incremental.csv,212
sano,1,c001_r19_B_incremental.csv,198
sano,1,c001_r20_B_incremental.csv,202
sano,1,c001_r21_B_incremental.csv,225
sano,1,c001_r22_B_incremental.csv,217
sano,1,c001_r23_B_incremental.csv,218
sano,2,c002_r00_A_steiner.csv,225
sano,2,c002_r01_A_steiner.csv,216
sano,2,c002_r02_A_steiner.csv,211
sano,2,c002_r03_A_steiner.csv,221
sano,2,c002_r04_A_steiner.csv,219
sano,2,c002_r05_A_steiner.csv,207
sano,2,c002_r06_A_steiner.csv,186
sano,2,c002_r07_A_steiner.csv,221
sano,2,c002_r08_A_steiner.csv,212
sano,2,c002_r09_A_steiner.csv,206
sano,2,c002_r10_A_steiner.csv,205
sano,2,c002_r11_A_steiner.csv,211
sano,2,c002_r12_B_incremental.csv,192
sano,2,c002_r13_B_incremental.csv,182
sano,2,c002_r14_B_incremental.csv,203
sano,2,c002_r15_B_incremental.csv,197
sano,2,c002_r16_B_incremental.csv,200
sano,2,c002_r17_B_incremental.csv,221
sano,2,c002_r18_B_incremental.csv,213
sano,2,c002_r19_B_incremental.csv,217
sano,2,c002_r20_B_incremental.csv,219
sano,2,c002_r21_B_incremental.csv,204
sano,2,c002_r22_B_incremental.csv,205
sano,2,c002_r23_B_incremental.csv,207
sano,3,c003_r00_A_steiner.csv,182
sano,3,c003_r01_A_steiner.csv,222
sano,3,c003_r02_A_steiner.csv,216
sano,3,c003_r03_A_steiner.csv,211
sano,3,c003_r04_A_steiner.csv,209
sano,3,c003_r05_A_steiner.csv,225
sano,3,c003_r06_A_steiner.csv,193
sano,3,c003_r07_A_steiner.csv,206
sano,3,c003_r08_A_steiner.csv,212
sano,3,c003_r09_A_steiner.csv,204
sano,3,c003_r10_A_steiner.csv,203
sano,3,c003_r11_A_steiner.csv,193
sano,3,c003_r12_B_incremental.csv,219
sano,3,c003_r13_B_incremental.csv,199
sano,3,c003_r14_B_incremental.csv,199
sano,3,c003_r15_B_incremental.csv,220
sano,3,c003_r16_B_incremental.csv,194
sano,3,c003_r17_B_incremental.csv,226
sano,3,c003_r18_B_incremental.csv,221
sano,3,c003_r19_B_incremental.csv,200
sano,3,c003_r20_B_incremental.csv,212
sano,3,c003_r21_B_incremental.csv,193
sano,3,c003_r22_B_incremental.csv,234
sano,3,c003_r23_B_incremental.csv,207
sano,4,c004_r00_A_steiner.csv,195
sano,4,c004_r01_A_steiner.csv,224
sano,4,c004_r02_A_steiner.csv,224
sano,4,c004_r03_A_steiner.csv,230
sano,4,c004_r04_A_steiner.csv,212
sano,4,c004_r05_A_steiner.csv,201
sano,4,c004_r06_A_steiner.csv,229
sano,4,c004_r07_A_steiner.csv,205
sano,4,c004_r08_A_steiner.csv,189
sano,4,c004_r09_A_steiner.csv,186
sano,4,c004_r10_A_steiner.csv,204
sano,4,c004_r11_A_steiner.csv,226
sano,4,c004_r12_B_incremental.csv,218
sano,4,c004_r13_B_incremental.csv,179
sano,4,c004_r14_B_incremental.csv,189
sano,4,c004_r15_B_incremental.csv,182
sano,4,c004_r16_B_incremental.csv,187
sano,4,c004_r17_B_incremental.csv,201
sano,4,c004_r18_B_incremental.csv,231
sano,4,c004_r19_B_incremental.csv,223
sano,4,c004_r20_B_incremental.csv,229
sano,4,c004_r21_B_incremental.csv,197
sano,4,c004_r22_B_incremental.csv,216
sano,4,c004_r23_B_incremental.csv,223
sano,5,singleton_co_located_source,5000
sano,6,c006_r00_A_steiner.csv,210
sano,6,c006_r01_A_steiner.csv,220
sano,6,c006_r02_A_steiner.csv,182
sano,6,c006_r03_A_steiner.csv,187
sano,6,c006_r04_A_steiner.csv,202
sano,6,c006_r05_A_steiner.csv,204
sano,6,c006_r06_A_steiner.csv,192
sano,6,c006_r07_A_steiner.csv,192
sano,6,c006_r08_A_steiner.csv,212
sano,6,c006_r09_A_steiner.csv,191
sano,6,c006_r10_A_steiner.csv,200
sano,6,c006_r11_A_steiner.csv,199
sano,6,c006_r12_B_incremental.csv,238
sano,6,c006_r13_B_incremental.csv,217
sano,6,c006_r14_B_incremental.csv,211
sano,6,c006_r15_B_incremental.csv,192
sano,6,c006_r16_B_incremental.csv,218
sano,6,c006_r17_B_incremental.csv,259
sano,6,c006_r18_B_incremental.csv,208
sano,6,c006_r19_B_incremental.csv,208
sano,6,c006_r20_B_incremental.csv,228
sano,6,c006_r21_B_incremental.csv,208
sano,6,c006_r22_B_incremental.csv,192
sano,6,c006_r23_B_incremental.csv,230
sano,7,c007_r00_A_steiner.csv,212
sano,7,c007_r01_A_steiner.csv,197
sano,7,c007_r02_A_steiner.csv,186
sano,7,c007_r03_A_steiner.csv,226
sano,7,c007_r04_A_steiner.csv,215
sano,7,c007_r05_A_steiner.csv,213
sano,7,c007_r06_A_steiner.csv,228
sano,7,c007_r07_A_steiner.csv,211
sano,7,c007_r08_A_steiner.csv,222
sano,7,c007_r09_A_steiner.csv,214
sano,7,c007_r10_A_steiner.csv,218
sano,7,c007_r11_A_steiner.csv,203
sano,7,c007_r12_B_incremental.csv,225
sano,7,c007_r13_B_incremental.csv,185
sano,7,c007_r14_B_incremental.csv,205
sano,7,c007_r15_B_incremental.csv,204
sano,7,c007_r16_B_incremental.csv,184
sano,7,c007_r17_B_incremental.csv,207
sano,7,c007_r18_B_incremental.csv,195
sano,7,c007_r19_B_incremental.csv,211
sano,7,c007_r20_B_incremental.csv,199
sano,7,c007_r21_B_incremental.csv,230
sano,7,c007_r22_B_incremental.csv,203
sano,7,c007_r23_B_incremental.csv,207
sano,8,c008_r00_A_steiner.csv,213
sano,8,c008_r01_A_steiner.csv,195
sano,8,c008_r02_A_steiner.csv,215
sano,8,c008_r03_A_steiner.csv,230
sano,8,c008_r04_A_steiner.csv,205
sano,8,c008_r05_A_steiner.csv,194
sano,8,c008_r06_A_steiner.csv,228
sano,8,c008_r07_A_steiner.csv,179
sano,8,c008_r08_A_steiner.csv,204
sano,8,c008_r09_A_steiner.csv,199
sano,8,c008_r10_A_steiner.csv,208
sano,8,c008_r11_A_steiner.csv,189
sano,8,c008_r12_B_incremental.csv,206
sano,8,c008_r13_B_incremental.csv,198
sano,8,c008_r14_B_incremental.csv,202
sano,8,c008_r15_B_incremental.csv,226
sano,8,c008_r16_B_incremental.csv,194
sano,8,c008_r17_B_incremental.csv,219
sano,8,c008_r18_B_incremental.csv,211
sano,8,c008_r19_B_incremental.csv,215
sano,8,c008_r20_B_incremental.csv,205
sano,8,c008_r21_B_incremental.csv,199
sano,8,c008_r22_B_incremental.csv,226
sano,8,c008_r23_B_incremental.csv,240
sano,9,c009_r00_A_steiner.csv,204
sano,9,c009_r01_A_steiner.csv,215
sano,9,c009_r02_A_steiner.csv,212
sano,9,c009_r03_A_steiner.csv,200
sano,9,c009_r04_A_steiner.csv,213
sano,9,c009_r05_A_steiner.csv,199
sano,9,c009_r06_A_steiner.csv,218
sano,9,c009_r07_A_steiner.csv,217
sano,9,c009_r08_A_steiner.csv,194
sano,9,c009_r09_A_steiner.csv,187
sano,9,c009_r10_A_steiner.csv,213
sano,9,c009_r11_A_steiner.csv,230
sano,9,c009_r12_B_incremental.csv,213
sano,9,c009_r13_B_incremental.csv,207
sano,9,c009_r14_B_incremental.csv,202
sano,9,c009_r15_B_incremental.csv,176
sano,9,c009_r16_B_incremental.csv,229
sano,9,c009_r17_B_incremental.csv,202
sano,9,c009_r18_B_incremental.csv,212
sano,9,c009_r19_B_incremental.csv,223
sano,9,c009_r20_B_incremental.csv,227
sano,9,c009_r21_B_incremental.csv,203
sano,9,c009_r22_B_incremental.csv,185
sano,9,c009_r23_B_incremental.csv,219
sano,10,c010_r00_A_steiner.csv,195
sano,10,c010_r01_A_steiner.csv,209
sano,10,c010_r02_A_steiner.csv,246
sano,10,c010_r03_A_steiner.csv,201
sano,10,c010_r04_A_steiner.csv,200
sano,10,c010_r05_A_steiner.csv,223
sano,10,c010_r06_A_steiner.csv,197
sano,10,c010_r07_A_steiner.csv,218
sano,10,c010_r08_A_steiner.csv,216
sano,10,c010_r09_A_steiner.csv,218
sano,10,c010_r10_A_steiner.csv,198
sano,10,c010_r11_A_steiner.csv,209
sano,10,c010_r12_B_incremental.csv,201
sano,10,c010_r13_B_incremental.csv,208
sano,10,c010_r14_B_incremental.csv,198
sano,10,c010_r15_B_incremental.csv,200
sano,10,c010_r16_B_incremental.csv,194
sano,10,c010_r17_B_incremental.csv,229
sano,10,c010_r18_B_incremental.csv,220
sano,10,c010_r19_B_incremental.csv,205
sano,10,c010_r20_B_incremental.csv,208
sano,10,c010_r21_B_incremental.csv,208
sano,10,c010_r22_B_incremental.csv,192
sano,10,c010_r23_B_incremental.csv,207
sano,11,c011_r00_A_steiner.csv,207
sano,11,c011_r01_A_steiner.csv,214
sano,11,c011_r02_A_steiner.csv,195
sano,11,c011_r03_A_steiner.csv,207
sano,11,c011_r04_A_steiner.csv,209
sano,11,c011_r05_A_steiner.csv,190
sano,11,c011_r06_A_steiner.csv,194
sano,11,c011_r07_A_steiner.csv,203
sano,11,c011_r08_A_steiner.csv,219
sano,11,c011_r09_A_steiner.csv,194
sano,11,c011_r10_A_steiner.csv,198
sano,11,c011_r11_A_steiner.csv,208
sano,11,c011_r12_B_incremental.csv,194
sano,11,c011_r13_B_incremental.csv,212
sano,11,c011_r14_B_incremental.csv,195
sano,11,c011_r15_B_incremental.csv,235
sano,11,c011_r16_B_incremental.csv,201
sano,11,c011_r17_B_incremental.csv,221
sano,11,c011_r18_B_incremental.csv,220
sano,11,c011_r19_B_incremental.csv,218
sano,11,c011_r20_B_incremental.csv,205
sano,11,c011_r21_B_incremental.csv,220
sano,11,c011_r22_B_incremental.csv,220
sano,11,c011_r23_B_incremental.csv,221
sano,12,c012_r00_A_steiner.csv,205
sano,12,c012_r01_A_steiner.csv,201
sano,12,c012_r02_A_steiner.csv,204
sano,12,c012_r03_A_steiner.csv,210
sano,12,c012_r04_A_steiner.csv,251
sano,12,c012_r05_A_steiner.csv,208
sano,12,c012_r06_A_steiner.csv,193
sano,12,c012_r07_A_steiner.csv,217
sano,12,c012_r08_A_steiner.csv,223
sano,12,c012_r09_A_steiner.csv,222
sano,12,c012_r10_A_steiner.csv,203
sano,12,c012_r11_A_steiner.csv,200
sano,12,c012_r12_B_incremental.csv,210
sano,12,c012_r13_B_incremental.csv,200
sano,12,c012_r14_B_incremental.csv,191
sano,12,c012_r15_B_incremental.csv,191
sano,12,c012_r16_B_incremental.csv,207
sano,12,c012_r17_B_incremental.csv,206
sano,12,c012_r18_B_incremental.csv,201
sano,12,c012_r19_B_incremental.csv,212
sano,12,c012_r20_B_incremental.csv,197
sano,12,c012_r21_B_incremental.csv,217
sano,12,c012_r22_B_incremental.csv,218
sano,12,c012_r23_B_incremental.csv,213
sano,13,c013_r00_A_steiner.csv,197
sano,13,c013_r01_A_steiner.csv,185
sano,13,c013_r02_A_steiner.csv,198
sano,13,c013_r03_A_steiner.csv,221
sano,13,c013_r04_A_steiner.csv,220
sano,13,c013_r05_A_steiner.csv,214
sano,13,c013_r06_A_steiner.csv,196
sano,13,c013_r07_A_steiner.csv,221
sano,13,c013_r08_A_steiner.csv,198
sano,13,c013_r09_A_steiner.csv,213
sano,13,c013_r10_A_steiner.csv,219
sano,13,c013_r11_A_steiner.csv,197
sano,13,c013_r12_B_incremental.csv,212
sano,13,c013_r13_B_incremental.csv,185
sano,13,c013_r14_B_incremental.csv,235
sano,13,c013_r15_B_incremental.csv,203
sano,13,c013_r16_B_incremental.csv,199
sano,13,c013_r17_B_incremental.csv,224
sano,13,c013_r18_B_incremental.csv,214
sano,13,c013_r19_B_incremental.csv,231
sano,13,c013_r20_B_incremental.csv,188
sano,13,c013_r21_B_incremental.csv,212
sano,13,c013_r22_B_incremental.csv,214
sano,13,c013_r23_B_incremental.csv,204
sano,14,c014_r00_A_steiner.csv,207
sano,14,c014_r01_A_steiner.csv,213
sano,14,c014_r02_A_steiner.csv,195
sano,14,c014_r03_A_steiner.csv,201
sano,14,c014_r04_A_steiner.csv,229
sano,14,c014_r05_A_steiner.csv,193
sano,14,c014_r06_A_steiner.csv,197
sano,14,c014_r07_A_steiner.csv,201
sano,14,c014_r08_A_steiner.csv,186
sano,14,c014_r09_A_steiner.csv,217
sano,14,c014_r10_A_steiner.csv,225
sano,14,c014_r11_A_steiner.csv,214
sano,14,c014_r12_B_incremental.csv,201
sano,14,c014_r13_B_incremental.csv,199
sano,14,c014_r14_B_incremental.csv,210
sano,14,c014_r15_B_incremental.csv,236
sano,14,c014_r16_B_incremental.csv,221
sano,14,c014_r17_B_incremental.csv,202
sano,14,c014_r18_B_incremental.csv,192
sano,14,c014_r19_B_incremental.csv,211
sano,14,c014_r20_B_incremental.csv,188
sano,14,c014_r21_B_incremental.csv,222
sano,14,c014_r22_B_incremental.csv,230
sano,14,c014_r23_B_incremental.csv,210
sano,15,c015_r00_A_steiner.csv,196
sano,15,c015_r01_A_steiner.csv,207
sano,15,c015_r02_A_steiner.csv,204
sano,15,c015_r03_A_steiner.csv,206
sano,15,c015_r04_A_steiner.csv,203
sano,15,c015_r05_A_steiner.csv,224
sano,15,c015_r06_A_steiner.csv,169
sano,15,c015_r07_A_steiner.csv,214
sano,15,c015_r08_A_steiner.csv,205
sano,15,c015_r09_A_steiner.csv,204
sano,15,c015_r10_A_steiner.csv,215
sano,15,c015_r11_A_steiner.csv,215
sano,15,c015_r12_B_incremental.csv,225
sano,15,c015_r13_B_incremental.csv,208
sano,15,c015_r14_B_incremental.csv,203
sano,15,c015_r15_B_incremental.csv,204
sano,15,c015_r16_B_incremental.csv,207
sano,15,c015_r17_B_incremental.csv,221
sano,15,c015_r18_B_incremental.csv,200
sano,15,c015_r19_B_incremental.csv,199
sano,15,c015_r20_B_incremental.csv,214
sano,15,c015_r21_B_incremental.csv,215
sano,15,c015_r22_B_incremental.csv,229
sano,15,c015_r23_B_incremental.csv,213
sano,16,c016_r00_A_steiner.csv,216
sano,16,c016_r01_A_steiner.csv,201
sano,16,c016_r02_A_steiner.csv,176
sano,16,c016_r03_A_steiner.csv,212
sano,16,c016_r04_A_steiner.csv,239
sano,16,c016_r05_A_steiner.csv,235
sano,16,c016_r06_A_steiner.csv,210
sano,16,c016_r07_A_steiner.csv,188
sano,16,c016_r08_A_steiner.csv,209
sano,16,c016_r09_A_steiner.csv,212
sano,16,c016_r10_A_steiner.csv,211
sano,16,c016_r11_A_steiner.csv,210
sano,16,c016_r12_B_incremental.csv,224
sano,16,c016_r13_B_incremental.csv,175
sano,16,c016_r14_B_incremental.csv,210
sano,16,c016_r15_B_incremental.csv,213
sano,16,c016_r16_B_incremental.csv,214
sano,16,c016_r17_B_incremental.csv,209
sano,16,c016_r18_B_incremental.csv,211
sano,16,c016_r19_B_incremental.csv,181
sano,16,c016_r20_B_incremental.csv,204
sano,16,c016_r21_B_incremental.csv,191
sano,16,c016_r22_B_incremental.csv,228
sano,16,c016_r23_B_incremental.csv,221
sano,17,c017_r00_A_steiner.csv,199
sano,17,c017_r01_A_steiner.csv,184
sano,17,c017_r02_A_steiner.csv,212
sano,17,c017_r03_A_steiner.csv,175
sano,17,c017_r04_A_steiner.csv,208
sano,17,c017_r05_A_steiner.csv,246
sano,17,c017_r06_A_steiner.csv,222
sano,17,c017_r07_A_steiner.csv,221
sano,17,c017_r08_A_steiner.csv,222
sano,17,c017_r09_A_steiner.csv,197
sano,17,c017_r10_A_steiner.csv,213
sano,17,c017_r11_A_steiner.csv,222
sano,17,c017_r12_B_incremental.csv,200
sano,17,c017_r13_B_incremental.csv,220
sano,17,c017_r14_B_incremental.csv,217
sano,17,c017_r15_B_incremental.csv,205
sano,17,c017_r16_B_incremental.csv,202
sano,17,c017_r17_B_incremental.csv,219
sano,17,c017_r18_B_incremental.csv,203
sano,17,c017_r19_B_incremental.csv,193
sano,17,c017_r20_B_incremental.csv,205
sano,17,c017_r21_B_incremental.csv,217
sano,17,c017_r22_B_incremental.csv,198
sano,17,c017_r23_B_incremental.csv,200
sano,18,c018_r00_A_steiner.csv,195
sano,18,c018_r01_A_steiner.csv,191
sano,18,c018_r02_A_steiner.csv,199
sano,18,c018_r03_A_steiner.csv,212
sano,18,c018_r04_A_steiner.csv,197
sano,18,c018_r05_A_steiner.csv,209
sano,18,c018_r06_A_steiner.csv,185
sano,18,c018_r07_A_steiner.csv,205
sano,18,c018_r08_A_steiner.csv,227
sano,18,c018_r09_A_steiner.csv,213
sano,18,c018_r10_A_steiner.csv,215
sano,18,c018_r11_A_steiner.csv,198
sano,18,c018_r12_B_incremental.csv,207
sano,18,c018_r13_B_incremental.csv,209
sano,18,c018_r14_B_incremental.csv,189
sano,18,c018_r15_B_incremental.csv,186
sano,18,c018_r16_B_incremental.csv,236
sano,18,c018_r17_B_incremental.csv,253
sano,18,c018_r18_B_incremental.csv,203
sano,18,c018_r19_B_incremental.csv,191
sano,18,c018_r20_B_incremental.csv,211
sano,18,c018_r21_B_incremental.csv,203
sano,18,c018_r22_B_incremental.csv,218
sano,18,c018_r23_B_incremental.csv,248
sano,19,c019_r00_A_steiner.csv,197
sano,19,c019_r01_A_steiner.csv,212
sano,19,c019_r02_A_steiner.csv,192
sano,19,c019_r03_A_steiner.csv,204
sano,19,c019_r04_A_steiner.csv,221
sano,19,c019_r05_A_steiner.csv,197
sano,19,c019_r06_A_steiner.csv,210
sano,19,c019_r07_A_steiner.csv,187
sano,19,c019_r08_A_steiner.csv,205
sano,19,c019_r09_A_steiner.csv,200
sano,19,c019_r10_A_steiner.csv,218
sano,19,c019_r11_A_steiner.csv,208
sano,19,c019_r12_B_incremental.csv,226
sano,19,c019_r13_B_incremental.csv,190
sano,19,c019_r14_B_incremental.csv,224
sano,19,c019_r15_B_incremental.csv,230
sano,19,c019_r16_B_incremental.csv,206
sano,19,c019_r17_B_incremental.csv,200
sano,19,c019_r18_B_incremental.csv,226
sano,19,c019_r19_B_incremental.csv,181
sano,19,c019_r20_B_incremental.csv,234
sano,19,c019_r21_B_incremental.csv,211
sano,19,c019_r22_B_incremental.csv,207
sano,19,c019_r23_B_incremental.csv,214
sano,20,c020_r00_A_steiner.csv,215
sano,20,c020_r01_A_steiner.csv,198
sano,20,c020_r02_A_steiner.csv,203
sano,20,c020_r03_A_steiner.csv,231
sano,20,c020_r04_A_steiner.csv,226
sano,20,c020_r05_A_steiner.csv,212
sano,20,c020_r06_A_steiner.csv,217
sano,20,c020_r07_A_steiner.csv,216
sano,20,c020_r08_A_steiner.csv,212
sano,20,c020_r09_A_steiner.csv,174
sano,20,c020_r10_A_steiner.csv,203
sano,20,c020_r11_A_steiner.csv,207
sano,20,c020_r12_B_incremental.csv,191
sano,20,c020_r13_B_incremental.csv,202
sano,20,c020_r14_B_incremental.csv,213
sano,20,c020_r15_B_incremental.csv,217
sano,20,c020_r16_B_incremental.csv,187
sano,20,c020_r17_B_incremental.csv,197
sano,20,c020_r18_B_incremental.csv,196
sano,20,c020_r19_B_incremental.csv,224
sano,20,c020_r20_B_incremental.csv,224
sano,20,c020_r21_B_incremental.csv,215
sano,20,c020_r22_B_incremental.csv,212
sano,20,c020_r23_B_incremental.csv,208
sano,21,c021_r00_A_steiner.csv,217
sano,21,c021_r01_A_steiner.csv,203
sano,21,c021_r02_A_steiner.csv,199
sano,21,c021_r03_A_steiner.csv,224
sano,21,c021_r04_A_steiner.csv,205
sano,21,c021_r05_A_steiner.csv,176
sano,21,c021_r06_A_steiner.csv,231
sano,21,c021_r07_A_steiner.csv,229
sano,21,c021_r08_A_steiner.csv,238
sano,21,c021_r09_A_steiner.csv,186
sano,21,c021_r10_A_steiner.csv,206
sano,21,c021_r11_A_steiner.csv,213
sano,21,c021_r12_B_incremental.csv,186
sano,21,c021_r13_B_incremental.csv,193
sano,21,c021_r14_B_incremental.csv,228
sano,21,c021_r15_B_incremental.csv,201
sano,21,c021_r16_B_incremental.csv,202
sano,21,c021_r17_B_incremental.csv,209
sano,21,c021_r18_B_incremental.csv,210
sano,21,c021_r19_B_incremental.csv,201
sano,21,c021_r20_B_incremental.csv,222
sano,21,c021_r21_B_incremental.csv,211
sano,21,c021_r22_B_incremental.csv,200
sano,21,c021_r23_B_incremental.csv,210
sano,22,c022_r00_A_steiner.csv,213
sano,22,c022_r01_A_steiner.csv,188
sano,22,c022_r02_A_steiner.csv,206
sano,22,c022_r03_A_steiner.csv,236
sano,22,c022_r04_A_steiner.csv,209
sano,22,c022_r05_A_steiner.csv,212
sano,22,c022_r06_A_steiner.csv,201
sano,22,c022_r07_A_steiner.csv,181
sano,22,c022_r08_A_steiner.csv,198
sano,22,c022_r09_A_steiner.csv,205
sano,22,c022_r10_A_steiner.csv,230
sano,22,c022_r11_A_steiner.csv,184
sano,22,c022_r12_B_incremental.csv,242
sano,22,c022_r13_B_incremental.csv,216
sano,22,c022_r14_B_incremental.csv,240
sano,22,c022_r15_B_incremental.csv,215
sano,22,c022_r16_B_incremental.csv,202
sano,22,c022_r17_B_incremental.csv,180
sano,22,c022_r18_B_incremental.csv,227
sano,22,c022_r19_B_incremental.csv,193
sano,22,c022_r20_B_incremental.csv,203
sano,22,c022_r21_B_incremental.csv,201
sano,22,c022_r22_B_incremental.csv,210
sano,22,c022_r23_B_incremental.csv,208
sano,23,c023_r00_A_steiner.csv,205
sano,23,c023_r01_A_steiner.csv,217
sano,23,c023_r02_A_steiner.csv,214
sano,23,c023_r03_A_steiner.csv,185
sano,23,c023_r04_A_steiner.csv,223
sano,23,c023_r05_A_steiner.csv,212
sano,23,c023_r06_A_steiner.csv,219
sano,23,c023_r07_A_steiner.csv,209
sano,23,c023_r08_A_steiner.csv,217
sano,23,c023_r09_A_steiner.csv,234
sano,23,c023_r10_A_steiner.csv,225
sano,23,c023_r11_A_steiner.csv,206
sano,23,c023_r12_B_incremental.csv,202
sano,23,c023_r13_B_incremental.csv,210
sano,23,c023_r14_B_incremental.csv,211
sano,23,c023_r15_B_incremental.csv,178
sano,23,c023_r16_B_incremental.csv,192
sano,23,c023_r17_B_incremental.csv,223
sano,23,c023_r18_B_incremental.csv,209
sano,23,c023_r19_B_incremental.csv,183
sano,23,c023_r20_B_incremental.csv,226
sano,23,c023_r21_B_incremental.csv,198
sano,23,c023_r22_B_incremental.csv,213
sano,23,c023_r23_B_incremental.csv,189
sano,24,c024_r00_A_steiner.csv,212
sano,24,c024_r01_A_steiner.csv,199
sano,24,c024_r02_A_steiner.csv,199
sano,24,c024_r03_A_steiner.csv,190
sano,24,c024_r04_A_steiner.csv,225
sano,24,c024_r05_A_steiner.csv,196
sano,24,c024_r06_A_steiner.csv,208
sano,24,c024_r07_A_steiner.csv,220
sano,24,c024_r08_A_steiner.csv,214
sano,24,c024_r09_A_steiner.csv,196
sano,24,c024_r10_A_steiner.csv,193
sano,24,c024_r11_A_steiner.csv,186
sano,24,c024_r12_B_incremental.csv,246
sano,24,c024_r13_B_incremental.csv,204
sano,24,c024_r14_B_incremental.csv,252
sano,24,c024_r15_B_incremental.csv,212
sano,24,c024_r16_B_incremental.csv,211
sano,24,c024_r17_B_incremental.csv,213
sano,24,c024_r18_B_incremental.csv,209
sano,24,c024_r19_B_incremental.csv,194
sano,24,c024_r20_B_incremental.csv,206
sano,24,c024_r21_B_incremental.csv,200
sano,24,c024_r22_B_incremental.csv,213
sano,24,c024_r23_B_incremental.csv,202
sano,25,singleton_co_located_source,5000
sano,26,c026_r00_A_steiner.csv,207
sano,26,c026_r01_A_steiner.csv,230
sano,26,c026_r02_A_steiner.csv,205
sano,26,c026_r03_A_steiner.csv,212
sano,26,c026_r04_A_steiner.csv,217
sano,26,c026_r05_A_steiner.csv,229
sano,26,c026_r06_A_steiner.csv,230
sano,26,c026_r07_A_steiner.csv,198
sano,26,c026_r08_A_steiner.csv,234
sano,26,c026_r09_A_steiner.csv,200
sano,26,c026_r10_A_steiner.csv,214
sano,26,c026_r11_A_steiner.csv,171
sano,26,c026_r12_B_incremental.csv,207
sano,26,c026_r13_B_incremental.csv,201
sano,26,c026_r14_B_incremental.csv,220
sano,26,c026_r15_B_incremental.csv,213
sano,26,c026_r16_B_incremental.csv,181
sano,26,c026_r17_B_incremental.csv,184
sano,26,c026_r18_B_incremental.csv,181
sano,26,c026_r19_B_incremental.csv,188
sano,26,c026_r20_B_incremental.csv,251
sano,26,c026_r21_B_incremental.csv,197
sano,26,c026_r22_B_incremental.csv,194
sano,26,c026_r23_B_incremental.csv,236
sano,27,c027_r00_A_steiner.csv,216
sano,27,c027_r01_A_steiner.csv,206
sano,27,c027_r02_A_steiner.csv,214
sano,27,c027_r03_A_steiner.csv,224
sano,27,c027_r04_A_steiner.csv,219
sano,27,c027_r05_A_steiner.csv,189
sano,27,c027_r06_A_steiner.csv,206
sano,27,c027_r07_A_steiner.csv,208
sano,27,c027_r08_A_steiner.csv,208
sano,27,c027_r09_A_steiner.csv,205
sano,27,c027_r10_A_steiner.csv,242
sano,27,c027_r11_A_steiner.csv,195
sano,27,c027_r12_B_incremental.csv,209
sano,27,c027_r13_B_incremental.csv,200
sano,27,c027_r14_B_incremental.csv,196
sano,27,c027_r15_B_incremental.csv,203
sano,27,c027_r16_B_incremental.csv,201
sano,27,c027_r17_B_incremental.csv,211
sano,27,c027_r18_B_incremental.csv,206
sano,27,c027_r19_B_incremental.csv,209
sano,27,c027_r20_B_incremental.csv,203
sano,27,c027_r21_B_incremental.csv,218
sano,27,c027_r22_B_incremental.csv,191
sano,27,c027_r23_B_incremental.csv,221
sano,28,c028_r00_A_steiner.csv,248
sano,28,c028_r01_A_steiner.csv,203
sano,28,c028_r02_A_steiner.csv,216
sano,28,c028_r03_A_steiner.csv,188
sano,28,c028_r04_A_steiner.csv,183
sano,28,c028_r05_A_steiner.csv,197
sano,28,c028_r06_A_steiner.csv,198
sano,28,c028_r07_A_steiner.csv,202
sano,28,c028_r08_A_steiner.csv,219
sano,28,c028_r09_A_steiner.csv,205
sano,28,c028_r10_A_steiner.csv,207
sano,28,c028_r11_A_steiner.csv,212
sano,28,c028_r12_B_incremental.csv,211
sano,28,c028_r13_B_incremental.csv,224
sano,28,c028_r14_B_incremental.csv,184
sano,28,c028_r15_B_incremental.csv,223
sano,28,c028_r16_B_incremental.csv,225
sano,28,c028_r17_B_incremental.csv,196
sano,28,c028_r18_B_incremental.csv,218
sano,28,c028_r19_B_incremental.csv,214
sano,28,c028_r20_B_incremental.csv,213
sano,28,c028_r21_B_incremental.csv,219
sano,28,c028_r22_B_incremental.csv,186
sano,28,c028_r23_B_incremental.csv,209
sano,29,c029_r00_A_steiner.csv,191
sano,29,c029_r01_A_steiner.csv,213
sano,29,c029_r02_A_steiner.csv,200
sano,29,c029_r03_A_steiner.csv,173
sano,29,c029_r04_A_steiner.csv,235
sano,29,c029_r05_A_steiner.csv,215
sano,29,c029_r06_A_steiner.csv,201
sano,29,c029_r07_A_steiner.csv,206
sano,29,c029_r08_A_steiner.csv,202
sano,29,c029_r09_A_steiner.csv,208
sano,29,c029_r10_A_steiner.csv,197
sano,29,c029_r11_A_steiner.csv,217
sano,29,c029_r12_B_incremental.csv,231
sano,29,c029_r13_B_incremental.csv,195
sano,29,c029_r14_B_incremental.csv,191
sano,29,c029_r15_B_incremental.csv,212
sano,29,c029_r16_B_incremental.csv,198
sano,29,c029_r17_B_incremental.csv,212
sano,29,c029_r18_B_incremental.csv,201
sano,29,c029_r19_B_incremental.csv,213
sano,29,c029_r20_B_incremental.csv,224
sano,29,c029_r21_B_incremental.csv,207
sano,29,c029_r22_B_incremental.csv,230
sano,29,c029_r23_B_incremental.csv,228
sano,30,c030_r00_A_steiner.csv,190
sano,30,c030_r01_A_steiner.csv,213
sano,30,c030_r02_A_steiner.csv,212
sano,30,c030_r03_A_steiner.csv,196
sano,30,c030_r04_A_steiner.csv,205
sano,30,c030_r05_A_steiner.csv,210
sano,30,c030_r06_A_steiner.csv,203
sano,30,c030_r07_A_steiner.csv,241
sano,30,c030_r08_A_steiner.csv,199
sano,30,c030_r09_A_steiner.csv,208
sano,30,c030_r10_A_steiner.csv,198
sano,30,c030_r11_A_steiner.csv,209
sano,30,c030_r12_B_incremental.csv,187
sano,30,c030_r13_B_incremental.csv,195
sano,30,c030_r14_B_incremental.csv,204
sano,30,c030_r15_B_incremental.csv,232
sano,30,c030_r16_B_incremental.csv,180
sano,30,c030_r17_B_incremental.csv,203
sano,30,c030_r18_B_incremental.csv,209
sano,30,c030_r19_B_incremental.csv,223
sano,30,c030_r20_B_incremental.csv,234
sano,30,c030_r21_B_incremental.csv,205
sano,30,c030_r22_B_incremental.csv,214
sano,30,c030_r23_B_incremental.csv,230
sano,31,c031_r00_A_steiner.csv,209
sano,31,c031_r01_A_steiner.csv,235
sano,31,c031_r02_A_steiner.csv,226
sano,31,c031_r03_A_steiner.csv,183
sano,31,c031_r04_A_steiner.csv,201
sano,31,c031_r05_A_steiner.csv,199
sano,31,c031_r06_A_steiner.csv,198
sano,31,c031_r07_A_steiner.csv,200
sano,31,c031_r08_A_steiner.csv,197
sano,31,c031_r09_A_steiner.csv,177
sano,31,c031_r10_A_steiner.csv,222
sano,31,c031_r11_A_steiner.csv,224
sano,31,c031_r12_B_incremental.csv,205
sano,31,c031_r13_B_incremental.csv,192
sano,31,c031_r14_B_incremental.csv,233
sano,31,c031_r15_B_incremental.csv,223
sano,31,c031_r16_B_incremental.csv,208
sano,31,c031_r17_B_incremental.csv,202
sano,31,c031_r18_B_incremental.csv,190
sano,31,c031_r19_B_incremental.csv,232
sano,31,c031_r20_B_incremental.csv,215
sano,31,c031_r21_B_incremental.csv,221
sano,31,c031_r22_B_incremental.csv,201
sano,31,c031_r23_B_incremental.csv,207
sano,32,c032_r00_A_steiner.csv,212
sano,32,c032_r01_A_steiner.csv,204
sano,32,c032_r02_A_steiner.csv,201
sano,32,c032_r03_A_steiner.csv,208
sano,32,c032_r04_A_steiner.csv,217
sano,32,c032_r05_A_steiner.csv,208
sano,32,c032_r06_A_steiner.csv,221
sano,32,c032_r07_A_steiner.csv,206
sano,32,c032_r08_A_steiner.csv,213
sano,32,c032_r09_A_steiner.csv,209
sano,32,c032_r10_A_steiner.csv,196
sano,32,c032_r11_A_steiner.csv,214
sano,32,c032_r12_B_incremental.csv,205
sano,32,c032_r13_B_incremental.csv,207
sano,32,c032_r14_B_incremental.csv,210
sano,32,c032_r15_B_incremental.csv,207
sano,32,c032_r16_B_incremental.csv,226
sano,32,c032_r17_B_incremental.csv,191
sano,32,c032_r18_B_incremental.csv,212
sano,32,c032_r19_B_incremental.csv,222
sano,32,c032_r20_B_incremental.csv,203
sano,32,c032_r21_B_incremental.csv,194
sano,32,c032_r22_B_incremental.csv,222
sano,32,c032_r23_B_incremental.csv,192
sano,33,c033_r00_A_steiner.csv,210
sano,33,c033_r01_A_steiner.csv,217
sano,33,c033_r02_A_steiner.csv,195
sano,33,c033_r03_A_steiner.csv,244
sano,33,c033_r04_A_steiner.csv,222
sano,33,c033_r05_A_steiner.csv,205
sano,33,c033_r06_A_steiner.csv,220
sano,33,c033_r07_A_steiner.csv,187
sano,33,c033_r08_A_steiner.csv,198
sano,33,c033_r09_A_steiner.csv,222
sano,33,c033_r10_A_steiner.csv,220
sano,33,c033_r11_A_steiner.csv,191
sano,33,c033_r12_B_incremental.csv,217
sano,33,c033_r13_B_incremental.csv,227
sano,33,c033_r14_B_incremental.csv,232
sano,33,c033_r15_B_incremental.csv,182
sano,33,c033_r16_B_incremental.csv,200
sano,33,c033_r17_B_incremental.csv,220
sano,33,c033_r18_B_incremental.csv,189
sano,33,c033_r19_B_incremental.csv,182
sano,33,c033_r20_B_incremental.csv,194
sano,33,c033_r21_B_incremental.csv,204
sano,33,c033_r22_B_incremental.csv,234
sano,33,c033_r23_B_incremental.csv,188
sano,34,c034_r00_A_steiner.csv,180
sano,34,c034_r01_A_steiner.csv,198
sano,34,c034_r02_A_steiner.csv,209
sano,34,c034_r03_A_steiner.csv,212
sano,34,c034_r04_A_steiner.csv,204
sano,34,c034_r05_A_steiner.csv,221
sano,34,c034_r06_A_steiner.csv,192
sano,34,c034_r07_A_steiner.csv,200
sano,34,c034_r08_A_steiner.csv,198
sano,34,c034_r09_A_steiner.csv,222
sano,34,c034_r10_A_steiner.csv,201
sano,34,c034_r11_A_steiner.csv,235
sano,34,c034_r12_B_incremental.csv,196
sano,34,c034_r13_B_incremental.csv,197
sano,34,c034_r14_B_incremental.csv,226
sano,34,c034_r15_B_incremental.csv,228
sano,34,c034_r16_B_incremental.csv,221
sano,34,c034_r17_B_incremental.csv,186
sano,34,c034_r18_B_incremental.csv,201
sano,34,c034_r19_B_incremental.csv,230
sano,34,c034_r20_B_incremental.csv,212
sano,34,c034_r21_B_incremental.csv,210
sano,34,c034_r22_B_incremental.csv,220
sano,34,c034_r23_B_incremental.csv,201
sano,35,c035_r00_A_steiner.csv,224
sano,35,c035_r01_A_steiner.csv,217
sano,35,c035_r02_A_steiner.csv,186
sano,35,c035_r03_A_steiner.csv,212
sano,35,c035_r04_A_steiner.csv,203
sano,35,c035_r05_A_steiner.csv,240
sano,35,c035_r06_A_steiner.csv,225
sano,35,c035_r07_A_steiner.csv,211
sano,35,c035_r08_A_steiner.csv,216
sano,35,c035_r09_A_steiner.csv,205
sano,35,c035_r10_A_steiner.csv,199
sano,35,c035_r11_A_steiner.csv,197
sano,35,c035_r12_B_incremental.csv,210
sano,35,c035_r13_B_incremental.csv,220
sano,35,c035_r14_B_incremental.csv,193
sano,35,c035_r15_B_incremental.csv,220
sano,35,c035_r16_B_incremental.csv,202
sano,35,c035_r17_B_incremental.csv,197
sano,35,c035_r18_B_incremental.csv,199
sano,35,c035_r19_B_incremental.csv,213
sano,35,c035_r20_B_incremental.csv,206
sano,35,c035_r21_B_incremental.csv,193
sano,35,c035_r22_B_incremental.csv,204
sano,35,c035_r23_B_incremental.csv,208
sano,36,c036_r00_A_steiner.csv,214
sano,36,c036_r01_A_steiner.csv,200
sano,36,c036_r02_A_steiner.csv,193
sano,36,c036_r03_A_steiner.csv,204
sano,36,c036_r04_A_steiner.csv,201
sano,36,c036_r05_A_steiner.csv,226
sano,36,c036_r06_A_steiner.csv,208
sano,36,c036_r07_A_steiner.csv,202
sano,36,c036_r08_A_steiner.csv,215
sano,36,c036_r09_A_steiner.csv,214
sano,36,c036_r10_A_steiner.csv,199
sano,36,c036_r11_A_steiner.csv,229
sano,36,c036_r12_B_incremental.csv,197
sano,36,c036_r13_B_incremental.csv,226
sano,36,c036_r14_B_incremental.csv,196
sano,36,c036_r15_B_incremental.csv,203
sano,36,c036_r16_B_incremental.csv,214
sano,36,c036_r17_B_incremental.csv,192
sano,36,c036_r18_B_incremental.csv,206
sano,36,c036_r19_B_incremental.csv,218
sano,36,c036_r20_B_incremental.csv,228
sano,36,c036_r21_B_incremental.csv,202
sano,36,c036_r22_B_incremental.csv,213
sano,36,c036_r23_B_incremental.csv,200
sano,37,c037_r00_A_steiner.csv,211
sano,37,c037_r01_A_steiner.csv,227
sano,37,c037_r02_A_steiner.csv,205
sano,37,c037_r03_A_steiner.csv,211
sano,37,c037_r04_A_steiner.csv,198
sano,37,c037_r05_A_steiner.csv,194
sano,37,c037_r06_A_steiner.csv,210
sano,37,c037_r07_A_steiner.csv,204
sano,37,c037_r08_A_steiner.csv,190
sano,37,c037_r09_A_steiner.csv,208
sano,37,c037_r10_A_steiner.csv,204
sano,37,c037_r11_A_steiner.csv,204
sano,37,c037_r12_B_incremental.csv,233
sano,37,c037_r13_B_incremental.csv,216
sano,37,c037_r14_B_incremental.csv,229
sano,37,c037_r15_B_incremental.csv,209
sano,37,c037_r16_B_incremental.csv,192
sano,37,c037_r17_B_incremental.csv,198
sano,37,c037_r18_B_incremental.csv,198
sano,37,c037_r19_B_incremental.csv,199
sano,37,c037_r20_B_incremental.csv,203
sano,37,c037_r21_B_incremental.csv,218
sano,37,c037_r22_B_incremental.csv,225
sano,37,c037_r23_B_incremental.csv,214
sano,38,c038_r00_A_steiner.csv,207
sano,38,c038_r01_A_steiner.csv,201
sano,38,c038_r02_A_steiner.csv,217
sano,38,c038_r03_A_steiner.csv,194
sano,38,c038_r04_A_steiner.csv,195
sano,38,c038_r05_A_steiner.csv,198
sano,38,c038_r06_A_steiner.csv,190
sano,38,c038_r07_A_steiner.csv,226
sano,38,c038_r08_A_steiner.csv,208
sano,38,c038_r09_A_steiner.csv,205
sano,38,c038_r10_A_steiner.csv,223
sano,38,c038_r11_A_steiner.csv,224
sano,38,c038_r12_B_incremental.csv,202
sano,38,c038_r13_B_incremental.csv,204
sano,38,c038_r14_B_incremental.csv,226
sano,38,c038_r15_B_incremental.csv,201
sano,38,c038_r16_B_incremental.csv,213
sano,38,c038_r17_B_incremental.csv,209
sano,38,c038_r18_B_incremental.csv,196
sano,38,c038_r19_B_incremental.csv,208
sano,38,c038_r20_B_incremental.csv,217
sano,38,c038_r21_B_incremental.csv,203
sano,38,c038_r22_B_incremental.csv,211
sano,38,c038_r23_B_incremental.csv,222
sano,39,c039_r00_A_steiner.csv,222
sano,39,c039_r01_A_steiner.csv,211
sano,39,c039_r02_A_steiner.csv,206
sano,39,c039_r03_A_steiner.csv,211
sano,39,c039_r04_A_steiner.csv,220
sano,39,c039_r05_A_steiner.csv,198
sano,39,c039_r06_A_steiner.csv,221
sano,39,c039_r07_A_steiner.csv,203
sano,39,c039_r08_A_steiner.csv,218
sano,39,c039_r09_A_steiner.csv,195
sano,39,c039_r10_A_steiner.csv,222
sano,39,c039_r11_A_steiner.csv,188
sano,39,c039_r12_B_incremental.csv,198
sano,39,c039_r13_B_incremental.csv,192
sano,39,c039_r14_B_incremental.csv,216
sano,39,c039_r15_B_incremental.csv,184
sano,39,c039_r16_B_incremental.csv,196
sano,39,c039_r17_B_incremental.csv,185
sano,39,c039_r18_B_incremental.csv,216
sano,39,c039_r19_B_incremental.csv,223
sano,39,c039_r20_B_incremental.csv,210
sano,39,c039_r21_B_incremental.csv,213
sano,39,c039_r22_B_incremental.csv,227
sano,39,c039_r23_B_incremental.csv,225
sano,40,c040_r00_A_steiner.csv,205
sano,40,c040_r01_A_steiner.csv,235
sano,40,c040_r02_A_steiner.csv,196
sano,40,c040_r03_A_steiner.csv,227
sano,40,c040_r04_A_steiner.csv,230
sano,40,c040_r05_A_steiner.csv,220
sano,40,c040_r06_A_steiner.csv,186
sano,40,c040_r07_A_steiner.csv,219
sano,40,c040_r08_A_steiner.csv,194
sano,40,c040_r09_A_steiner.csv,195
sano,40,c040_r10_A_steiner.csv,179
sano,40,c040_r11_A_steiner.csv,208
sano,40,c040_r12_B_incremental.csv,219
sano,40,c040_r13_B_incremental.csv,207
sano,40,c040_r14_B_incremental.csv,194
sano,40,c040_r15_B_incremental.csv,231
sano,40,c040_r16_B_incremental.csv,202
sano,40,c040_r17_B_incremental.csv,214
sano,40,c040_r18_B_incremental.csv,204
sano,40,c040_r19_B_incremental.csv,204
sano,40,c040_r20_B_incremental.csv,222
sano,40,c040_r21_B_incremental.csv,205
sano,40,c040_r22_B_incremental.csv,187
sano,40,c040_r23_B_incremental.csv,217
sano,41,c041_r00_A_steiner.csv,191
sano,41,c041_r01_A_steiner.csv,182
sano,41,c041_r02_A_steiner.csv,222
sano,41,c041_r03_A_steiner.csv,198
sano,41,c041_r04_A_steiner.csv,189
sano,41,c041_r05_A_steiner.csv,236
sano,41,c041_r06_A_steiner.csv,226
sano,41,c041_r07_A_steiner.csv,211
sano,41,c041_r08_A_steiner.csv,214
sano,41,c041_r09_A_steiner.csv,220
sano,41,c041_r10_A_steiner.csv,205
sano,41,c041_r11_A_steiner.csv,196
sano,41,c041_r12_B_incremental.csv,215
sano,41,c041_r13_B_incremental.csv,213
sano,41,c041_r14_B_incremental.csv,219
sano,41,c041_r15_B_incremental.csv,214
sano,41,c041_r16_B_incremental.csv,211
sano,41,c041_r17_B_incremental.csv,222
sano,41,c041_r18_B_incremental.csv,184
sano,41,c041_r19_B_incremental.csv,217
sano,41,c041_r20_B_incremental.csv,217
sano,41,c041_r21_B_incremental.csv,205
sano,41,c041_r22_B_incremental.csv,199
sano,41,c041_r23_B_incremental.csv,194
sano,42,c042_r00_A_steiner.csv,218
sano,42,c042_r01_A_steiner.csv,209
sano,42,c042_r02_A_steiner.csv,217
sano,42,c042_r03_A_steiner.csv,205
sano,42,c042_r04_A_steiner.csv,218
sano,42,c042_r05_A_steiner.csv,224
sano,42,c042_r06_A_steiner.csv,187
sano,42,c042_r07_A_steiner.csv,213
sano,42,c042_r08_A_steiner.csv,196
sano,42,c042_r09_A_steiner.csv,203
sano,42,c042_r10_A_steiner.csv,188
sano,42,c042_r11_A_steiner.csv,229
sano,42,c042_r12_B_incremental.csv,188
sano,42,c042_r13_B_incremental.csv,212
sano,42,c042_r14_B_incremental.csv,224
sano,42,c042_r15_B_incremental.csv,213
sano,42,c042_r16_B_incremental.csv,201
sano,42,c042_r17_B_incremental.csv,219
sano,42,c042_r18_B_incremental.csv,217
sano,42,c042_r19_B_incremental.csv,197
sano,42,c042_r20_B_incremental.csv,187
sano,42,c042_r21_B_incremental.csv,206
sano,42,c042_r22_B_incremental.csv,220
sano,42,c042_r23_B_incremental.csv,209
sano,43,c043_r00_A_steiner.csv,191
sano,43,c043_r01_A_steiner.csv,211
sano,43,c043_r02_A_steiner.csv,202
sano,43,c043_r03_A_steiner.csv,232
sano,43,c043_r04_A_steiner.csv,196
sano,43,c043_r05_A_steiner.csv,209
sano,43,c043_r06_A_steiner.csv,203
sano,43,c043_r07_A_steiner.csv,202
sano,43,c043_r08_A_steiner.csv,195
sano,43,c043_r09_A_steiner.csv,209
sano,43,c043_r10_A_steiner.csv,212
sano,43,c043_r11_A_steiner.csv,209
sano,43,c043_r12_B_incremental.csv,205
sano,43,c043_r13_B_incremental.csv,247
sano,43,c043_r14_B_incremental.csv,205
sano,43,c043_r15_B_incremental.csv,199
sano,43,c043_r16_B_incremental.csv,215
sano,43,c043_r17_B_incremental.csv,217
sano,43,c043_r18_B_incremental.csv,201
sano,43,c043_r19_B_incremental.csv,206
sano,43,c043_r20_B_incremental.csv,188
sano,43,c043_r21_B_incremental.csv,204
sano,43,c043_r22_B_incremental.csv,231
sano,43,c043_r23_B_incremental.csv,211
sano,44,c044_r00_A_steiner.csv,198
sano,44,c044_r01_A_steiner.csv,209
sano,44,c044_r02_A_steiner.csv,216
sano,44,c044_r03_A_steiner.csv,184
sano,44,c044_r04_A_steiner.csv,198
sano,44,c044_r05_A_steiner.csv,219
sano,44,c044_r06_A_steiner.csv,227
sano,44,c044_r07_A_steiner.csv,200
sano,44,c044_r08_A_steiner.csv,196
sano,44,c044_r09_A_steiner.csv,210
sano,44,c044_r10_A_steiner.csv,213
sano,44,c044_r11_A_steiner.csv,229
sano,44,c044_r12_B_incremental.csv,223
sano,44,c044_r13_B_incremental.csv,211
sano,44,c044_r14_B_incremental.csv,218
sano,44,c044_r15_B_incremental.csv,211
sano,44,c044_r16_B_incremental.csv,212
sano,44,c044_r17_B_incremental.csv,221
sano,44,c044_r18_B_incremental.csv,211
sano,44,c044_r19_B_incremental.csv,199
sano,44,c044_r20_B_incremental.csv,212
sano,44,c044_r21_B_incremental.csv,186
sano,44,c044_r22_B_incremental.csv,209
sano,44,c044_r23_B_incremental.csv,188
sano,45,c045_r00_A_steiner.csv,202
sano,45,c045_r01_A_steiner.csv,194
sano,45,c045_r02_A_steiner.csv,218
sano,45,c045_r03_A_steiner.csv,219
sano,45,c045_r04_A_steiner.csv,203
sano,45,c045_r05_A_steiner.csv,204
sano,45,c045_r06_A_steiner.csv,220
sano,45,c045_r07_A_steiner.csv,181
sano,45,c045_r08_A_steiner.csv,239
sano,45,c045_r09_A_steiner.csv,198
sano,45,c045_r10_A_steiner.csv,208
sano,45,c045_r11_A_steiner.csv,219
sano,45,c045_r12_B_incremental.csv,188
sano,45,c045_r13_B_incremental.csv,213
sano,45,c045_r14_B_incremental.csv,204
sano,45,c045_r15_B_incremental.csv,199
sano,45,c045_r16_B_incremental.csv,196
sano,45,c045_r17_B_incremental.csv,221
sano,45,c045_r18_B_incremental.csv,219
sano,45,c045_r19_B_incremental.csv,211
sano,45,c045_r20_B_incremental.csv,197
sano,45,c045_r21_B_incremental.csv,242
sano,45,c045_r22_B_incremental.csv,208
sano,45,c045_r23_B_incremental.csv,197
sano,46,c046_r00_A_steiner.csv,209
sano,46,c046_r01_A_steiner.csv,198
sano,46,c046_r02_A_steiner.csv,206
sano,46,c046_r03_A_steiner.csv,211
sano,46,c046_r04_A_steiner.csv,213
sano,46,c046_r05_A_steiner.csv,194
sano,46,c046_r06_A_steiner.csv,230
sano,46,c046_r07_A_steiner.csv,206
sano,46,c046_r08_A_steiner.csv,185
sano,46,c046_r09_A_steiner.csv,198
sano,46,c046_r10_A_steiner.csv,194
sano,46,c046_r11_A_steiner.csv,207
sano,46,c046_r12_B_incremental.csv,232
sano,46,c046_r13_B_incremental.csv,206
sano,46,c046_r14_B_incremental.csv,226
sano,46,c046_r15_B_incremental.csv,219
sano,46,c046_r16_B_incremental.csv,213
sano,46,c046_r17_B_incremental.csv,210
sano,46,c046_r18_B_incremental.csv,212
sano,46,c046_r19_B_incremental.csv,203
sano,46,c046_r20_B_incremental.csv,195
sano,46,c046_r21_B_incremental.csv,210
sano,46,c046_r22_B_incremental.csv,205
sano,46,c046_r23_B_incremental.csv,218
sano,47,c047_r00_A_steiner.csv,213
sano,47,c047_r01_A_steiner.csv,182
sano,47,c047_r02_A_steiner.csv,198
sano,47,c047_r03_A_steiner.csv,216
sano,47,c047_r04_A_steiner.csv,216
sano,47,c047_r05_A_steiner.csv,209
sano,47,c047_r06_A_steiner.csv,195
sano,47,c047_r07_A_steiner.csv,198
sano,47,c047_r08_A_steiner.csv,222
sano,47,c047_r09_A_steiner.csv,214
sano,47,c047_r10_A_steiner.csv,203
sano,47,c047_r11_A_steiner.csv,220
sano,47,c047_r12_B_incremental.csv,218
sano,47,c047_r13_B_incremental.csv,207
sano,47,c047_r14_B_incremental.csv,202
sano,47,c047_r15_B_incremental.csv,196
sano,47,c047_r16_B_incremental.csv,230
sano,47,c047_r17_B_incremental.csv,196
sano,47,c047_r18_B_incremental.csv,204
sano,47,c047_r19_B_incremental.csv,232
sano,47,c047_r20_B_incremental.csv,223
sano,47,c047_r21_B_incremental.csv,189
sano,47,c047_r22_B_incremental.csv,204
sano,47,c047_r23_B_incremental.csv,213
sano,48,c048_r00_A_steiner.csv,195
sano,48,c048_r01_A_steiner.csv,205
sano,48,c048_r02_A_steiner.csv,227
sano,48,c048_r03_A_steiner.csv,243
sano,48,c048_r04_A_steiner.csv,179
sano,48,c048_r05_A_steiner.csv,210
sano,48,c048_r06_A_steiner.csv,206
sano,48,c048_r07_A_steiner.csv,205
sano,48,c048_r08_A_steiner.csv,201
sano,48,c048_r09_A_steiner.csv,198
sano,48,c048_r10_A_steiner.csv,209
sano,48,c048_r11_A_steiner.csv,226
sano,48,c048_r12_B_incremental.csv,217
sano,48,c048_r13_B_incremental.csv,191
sano,48,c048_r14_B_incremental.csv,211
sano,48,c048_r15_B_incremental.csv,206
sano,48,c048_r16_B_incremental.csv,217
sano,48,c048_r17_B_incremental.csv,221
sano,48,c048_r18_B_incremental.csv,206
sano,48,c048_r19_B_incremental.csv,182
sano,48,c048_r20_B_incremental.csv,210
sano,48,c048_r21_B_incremental.csv,202
sano,48,c048_r22_B_incremental.csv,213
sano,48,c048_r23_B_incremental.csv,220
sano,49,c049_r00_A_steiner.csv,209
sano,49,c049_r01_A_steiner.csv,215
sano,49,c049_r02_A_steiner.csv,220
sano,49,c049_r03_A_steiner.csv,201
sano,49,c049_r04_A_steiner.csv,199
sano,49,c049_r05_A_steiner.csv,218
sano,49,c049_r06_A_steiner.csv,208
sano,49,c049_r07_A_steiner.csv,225
sano,49,c049_r08_A_steiner.csv,206
sano,49,c049_r09_A_steiner.csv,212
sano,49,c049_r10_A_steiner.csv,227
sano,49,c049_r11_A_steiner.csv,193
sano,49,c049_r12_B_incremental.csv,200
sano,49,c049_r13_B_incremental.csv,193
sano,49,c049_r14_B_incremental.csv,180
sano,49,c049_r15_B_incremental.csv,196
sano,49,c049_r16_B_incremental.csv,234
sano,49,c049_r17_B_incremental.csv,206
sano,49,c049_r18_B_incremental.csv,233
sano,49,c049_r19_B_incremental.csv,205
sano,49,c049_r20_B_incremental.csv,187
sano,49,c049_r21_B_incremental.csv,212
sano,49,c049_r22_B_incremental.csv,207
sano,49,c049_r23_B_incremental.csv,214
sano,50,c050_r00_A_steiner.csv,226
sano,50,c050_r01_A_steiner.csv,220
sano,50,c050_r02_A_steiner.csv,208
sano,50,c050_r03_A_steiner.csv,200
sano,50,c050_r04_A_steiner.csv,207
sano,50,c050_r05_A_steiner.csv,206
sano,50,c050_r06_A_steiner.csv,218
sano,50,c050_r07_A_steiner.csv,200
sano,50,c050_r08_A_steiner.csv,219
sano,50,c050_r09_A_steiner.csv,190
sano,50,c050_r10_A_steiner.csv,226
sano,50,c050_r11_A_steiner.csv,207
sano,50,c050_r12_B_incremental.csv,198
sano,50,c050_r13_B_incremental.csv,202
sano,50,c050_r14_B_incremental.csv,222
sano,50,c050_r15_B_incremental.csv,200
sano,50,c050_r16_B_incremental.csv,208
sano,50,c050_r17_B_incremental.csv,209
sano,50,c050_r18_B_incremental.csv,201
sano,50,c050_r19_B_incremental.csv,213
sano,50,c050_r20_B_incremental.csv,193
sano,50,c050_r21_B_incremental.csv,183
sano,50,c050_r22_B_incremental.csv,215
sano,50,c050_r23_B_incremental.csv,229
sano,51,c051_r00_A_steiner.csv,198
sano,51,c051_r01_A_steiner.csv,220
sano,51,c051_r02_A_steiner.csv,237
sano,51,c051_r03_A_steiner.csv,208
sano,51,c051_r04_A_steiner.csv,184
sano,51,c051_r05_A_steiner.csv,186
sano,51,c051_r06_A_steiner.csv,198
sano,51,c051_r07_A_steiner.csv,197
sano,51,c051_r08_A_steiner.csv,209
sano,51,c051_r09_A_steiner.csv,185
sano,51,c051_r10_A_steiner.csv,190
sano,51,c051_r11_A_steiner.csv,224
sano,51,c051_r12_B_incremental.csv,206
sano,51,c051_r13_B_incremental.csv,214
sano,51,c051_r14_B_incremental.csv,192
sano,51,c051_r15_B_incremental.csv,223
sano,51,c051_r16_B_incremental.csv,229
sano,51,c051_r17_B_incremental.csv,218
sano,51,c051_r18_B_incremental.csv,221
sano,51,c051_r19_B_incremental.csv,221
sano,51,c051_r20_B_incremental.csv,223
sano,51,c051_r21_B_incremental.csv,208
sano,51,c051_r22_B_incremental.csv,200
sano,51,c051_r23_B_incremental.csv,209
sano,52,c052_r00_A_steiner.csv,224
sano,52,c052_r01_A_steiner.csv,222
sano,52,c052_r02_A_steiner.csv,193
sano,52,c052_r03_A_steiner.csv,219
sano,52,c052_r04_A_steiner.csv,203
sano,52,c052_r05_A_steiner.csv,197
sano,52,c052_r06_A_steiner.csv,200
sano,52,c052_r07_A_steiner.csv,198
sano,52,c052_r08_A_steiner.csv,207
sano,52,c052_r09_A_steiner.csv,207
sano,52,c052_r10_A_steiner.csv,214
sano,52,c052_r11_A_steiner.csv,184
sano,52,c052_r12_B_incremental.csv,205
sano,52,c052_r13_B_incremental.csv,214
sano,52,c052_r14_B_incremental.csv,216
sano,52,c052_r15_B_incremental.csv,232
sano,52,c052_r16_B_incremental.csv,253
sano,52,c052_r17_B_incremental.csv,193
sano,52,c052_r18_B_incremental.csv,210
sano,52,c052_r19_B_incremental.csv,205
sano,52,c052_r20_B_incremental.csv,217
sano,52,c052_r21_B_incremental.csv,190
sano,52,c052_r22_B_incremental.csv,199
sano,52,c052_r23_B_incremental.csv,198
sano,53,c053_r00_A_steiner.csv,203
sano,53,c053_r01_A_steiner.csv,213
sano,53,c053_r02_A_steiner.csv,196
sano,53,c053_r03_A_steiner.csv,235
sano,53,c053_r04_A_steiner.csv,212
sano,53,c053_r05_A_steiner.csv,221
sano,53,c053_r06_A_steiner.csv,205
sano,53,c053_r07_A_steiner.csv,199
sano,53,c053_r08_A_steiner.csv,233
sano,53,c053_r09_A_steiner.csv,206
sano,53,c053_r10_A_steiner.csv,231
sano,53,c053_r11_A_steiner.csv,235
sano,53,c053_r12_B_incremental.csv,209
sano,53,c053_r13_B_incremental.csv,187
sano,53,c053_r14_B_incremental.csv,194
sano,53,c053_r15_B_incremental.csv,232
sano,53,c053_r16_B_incremental.csv,202
sano,53,c053_r17_B_incremental.csv,218
sano,53,c053_r18_B_incremental.csv,180
sano,53,c053_r19_B_incremental.csv,193
sano,53,c053_r20_B_incremental.csv,191
sano,53,c053_r21_B_incremental.csv,203
sano,53,c053_r22_B_incremental.csv,207
sano,53,c053_r23_B_incremental.csv,195
sano,54,c054_r00_A_steiner.csv,220
sano,54,c054_r01_A_steiner.csv,232
sano,54,c054_r02_A_steiner.csv,176
sano,54,c054_r03_A_steiner.csv,213
sano,54,c054_r04_A_steiner.csv,243
sano,54,c054_r05_A_steiner.csv,217
sano,54,c054_r06_A_steiner.csv,218
sano,54,c054_r07_A_steiner.csv,186
sano,54,c054_r08_A_steiner.csv,228
sano,54,c054_r09_A_steiner.csv,180
sano,54,c054_r10_A_steiner.csv,208
sano,54,c054_r11_A_steiner.csv,215
sano,54,c054_r12_B_incremental.csv,222
sano,54,c054_r13_B_incremental.csv,206
sano,54,c054_r14_B_incremental.csv,220
sano,54,c054_r15_B_incremental.csv,216
sano,54,c054_r16_B_incremental.csv,186
sano,54,c054_r17_B_incremental.csv,209
sano,54,c054_r18_B_incremental.csv,183
sano,54,c054_r19_B_incremental.csv,199
sano,54,c054_r20_B_incremental.csv,226
sano,54,c054_r21_B_incremental.csv,199
sano,54,c054_r22_B_incremental.csv,181
sano,54,c054_r23_B_incremental.csv,217
sano,55,c055_r00_A_steiner.csv,203
sano,55,c055_r01_A_steiner.csv,203
sano,55,c055_r02_A_steiner.csv,255
sano,55,c055_r03_A_steiner.csv,213
sano,55,c055_r04_A_steiner.csv,208
sano,55,c055_r05_A_steiner.csv,217
sano,55,c055_r06_A_steiner.csv,235
sano,55,c055_r07_A_steiner.csv,202
sano,55,c055_r08_A_steiner.csv,223
sano,55,c055_r09_A_steiner.csv,213
sano,55,c055_r10_A_steiner.csv,219
sano,55,c055_r11_A_steiner.csv,203
sano,55,c055_r12_B_incremental.csv,218
sano,55,c055_r13_B_incremental.csv,180
sano,55,c055_r14_B_incremental.csv,221
sano,55,c055_r15_B_incremental.csv,199
sano,55,c055_r16_B_incremental.csv,211
sano,55,c055_r17_B_incremental.csv,209
sano,55,c055_r18_B_incremental.csv,166
sano,55,c055_r19_B_incremental.csv,201
sano,55,c055_r20_B_incremental.csv,205
sano,55,c055_r21_B_incremental.csv,195
sano,55,c055_r22_B_incremental.csv,200
sano,55,c055_r23_B_incremental.csv,201
sano,56,c056_r00_A_steiner.csv,203
sano,56,c056_r01_A_steiner.csv,220
sano,56,c056_r02_A_steiner.csv,187
sano,56,c056_r03_A_steiner.csv,213
sano,56,c056_r04_A_steiner.csv,217
sano,56,c056_r05_A_steiner.csv,227
sano,56,c056_r06_A_steiner.csv,205
sano,56,c056_r07_A_steiner.csv,219
sano,56,c056_r08_A_steiner.csv,201
sano,56,c056_r09_A_steiner.csv,215
sano,56,c056_r10_A_steiner.csv,197
sano,56,c056_r11_A_steiner.csv,222
sano,56,c056_r12_B_incremental.csv,223
sano,56,c056_r13_B_incremental.csv,182
sano,56,c056_r14_B_incremental.csv,202
sano,56,c056_r15_B_incremental.csv,215
sano,56,c056_r16_B_incremental.csv,188
sano,56,c056_r17_B_incremental.csv,207
sano,56,c056_r18_B_incremental.csv,187
sano,56,c056_r19_B_incremental.csv,213
sano,56,c056_r20_B_incremental.csv,205
sano,56,c056_r21_B_incremental.csv,238
sano,56,c056_r22_B_incremental.csv,218
sano,56,c056_r23_B_incremental.csv,196
sano,57,c057_r00_A_steiner.csv,218
sano,57,c057_r01_A_steiner.csv,207
sano,57,c057_r02_A_steiner.csv,214
sano,57,c057_r03_A_steiner.csv,222
sano,57,c057_r04_A_steiner.csv,238
sano,57,c057_r05_A_steiner.csv,199
sano,57,c057_r06_A_steiner.csv,198
sano,57,c057_r07_A_steiner.csv,204
sano,57,c057_r08_A_steiner.csv,196
sano,57,c057_r09_A_steiner.csv,193
sano,57,c057_r10_A_steiner.csv,201
sano,57,c057_r11_A_steiner.csv,210
sano,57,c057_r12_B_incremental.csv,206
sano,57,c057_r13_B_incremental.csv,236
sano,57,c057_r14_B_incremental.csv,188
sano,57,c057_r15_B_incremental.csv,219
sano,57,c057_r16_B_incremental.csv,217
sano,57,c057_r17_B_incremental.csv,196
sano,57,c057_r18_B_incremental.csv,229
sano,57,c057_r19_B_incremental.csv,205
sano,57,c057_r20_B_incremental.csv,207
sano,57,c057_r21_B_incremental.csv,186
sano,57,c057_r22_B_incremental.csv,202
sano,57,c057_r23_B_incremental.csv,209
sano,58,c058_r00_A_steiner.csv,181
sano,58,c058_r01_A_steiner.csv,211
sano,58,c058_r02_A_steiner.csv,247
sano,58,c058_r03_A_steiner.csv,203
sano,58,c058_r04_A_steiner.csv,218
sano,58,c058_r05_A_steiner.csv,207
sano,58,c058_r06_A_steiner.csv,215
sano,58,c058_r07_A_steiner.csv,206
sano,58,c058_r08_A_steiner.csv,186
sano,58,c058_r09_A_steiner.csv,231
sano,58,c058_r10_A_steiner.csv,194
sano,58,c058_r11_A_steiner.csv,216
sano,58,c058_r12_B_incremental.csv,202
sano,58,c058_r13_B_incremental.csv,215
sano,58,c058_r14_B_incremental.csv,206
sano,58,c058_r15_B_incremental.csv,223
sano,58,c058_r16_B_incremental.csv,192
sano,58,c058_r17_B_incremental.csv,235
sano,58,c058_r18_B_incremental.csv,187
sano,58,c058_r19_B_incremental.csv,190
sano,58,c058_r20_B_incremental.csv,202
sano,58,c058_r21_B_incremental.csv,207
sano,58,c058_r22_B_incremental.csv,198
sano,58,c058_r23_B_incremental.csv,228
sano,59,c059_r00_A_steiner.csv,208
sano,59,c059_r01_A_steiner.csv,216
sano,59,c059_r02_A_steiner.csv,210
sano,59,c059_r03_A_steiner.csv,203
sano,59,c059_r04_A_steiner.csv,213
sano,59,c059_r05_A_steiner.csv,222
sano,59,c059_r06_A_steiner.csv,220
sano,59,c059_r07_A_steiner.csv,171
sano,59,c059_r08_A_steiner.csv,209
sano,59,c059_r09_A_steiner.csv,210
sano,59,c059_r10_A_steiner.csv,223
sano,59,c059_r11_A_steiner.csv,218
sano,59,c059_r12_B_incremental.csv,210
sano,59,c059_r13_B_incremental.csv,214
sano,59,c059_r14_B_incremental.csv,208
sano,59,c059_r15_B_incremental.csv,218
sano,59,c059_r16_B_incremental.csv,195
sano,59,c059_r17_B_incremental.csv,199
sano,59,c059_r18_B_incremental.csv,223
sano,59,c059_r19_B_incremental.csv,200
sano,59,c059_r20_B_incremental.csv,200
sano,59,c059_r21_B_incremental.csv,202
sano,59,c059_r22_B_incremental.csv,214
sano,59,c059_r23_B_incremental.csv,194
sano,60,c060_r00_A_steiner.csv,215
sano,60,c060_r01_A_steiner.csv,204
sano,60,c060_r02_A_steiner.csv,180
sano,60,c060_r03_A_steiner.csv,181
sano,60,c060_r04_A_steiner.csv,194
sano,60,c060_r05_A_steiner.csv,232
sano,60,c060_r06_A_steiner.csv,211
sano,60,c060_r07_A_steiner.csv,215
sano,60,c060_r08_A_steiner.csv,210
sano,60,c060_r09_A_steiner.csv,198
sano,60,c060_r10_A_steiner.csv,219
sano,60,c060_r11_A_steiner.csv,200
sano,60,c060_r12_B_incremental.csv,226
sano,60,c060_r13_B_incremental.csv,195
sano,60,c060_r14_B_incremental.csv,209
sano,60,c060_r15_B_incremental.csv,209
sano,60,c060_r16_B_incremental.csv,206
sano,60,c060_r17_B_incremental.csv,222
sano,60,c060_r18_B_incremental.csv,225
sano,60,c060_r19_B_incremental.csv,221
sano,60,c060_r20_B_incremental.csv,195
sano,60,c060_r21_B_incremental.csv,219
sano,60,c060_r22_B_incremental.csv,216
sano,60,c060_r23_B_incremental.csv,198
sano,61,c061_r00_A_steiner.csv,215
sano,61,c061_r01_A_steiner.csv,206
sano,61,c061_r02_A_steiner.csv,194
sano,61,c061_r03_A_steiner.csv,224
sano,61,c061_r04_A_steiner.csv,210
sano,61,c061_r05_A_steiner.csv,207
sano,61,c061_r06_A_steiner.csv,192
sano,61,c061_r07_A_steiner.csv,206
sano,61,c061_r08_A_steiner.csv,211
sano,61,c061_r09_A_steiner.csv,207
sano,61,c061_r10_A_steiner.csv,210
sano,61,c061_r11_A_steiner.csv,213
sano,61,c061_r12_B_incremental.csv,191
sano,61,c061_r13_B_incremental.csv,203
sano,61,c061_r14_B_incremental.csv,223
sano,61,c061_r15_B_incremental.csv,205
sano,61,c061_r16_B_incremental.csv,221
sano,61,c061_r17_B_incremental.csv,201
sano,61,c061_r18_B_incremental.csv,222
sano,61,c061_r19_B_incremental.csv,210
sano,61,c061_r20_B_incremental.csv,202
sano,61,c061_r21_B_incremental.csv,201
sano,61,c061_r22_B_incremental.csv,222
sano,61,c061_r23_B_incremental.csv,204
sano,62,c062_r00_A_steiner.csv,202
sano,62,c062_r01_A_steiner.csv,212
sano,62,c062_r02_A_steiner.csv,214
sano,62,c062_r03_A_steiner.csv,213
sano,62,c062_r04_A_steiner.csv,228
sano,62,c062_r05_A_steiner.csv,193
sano,62,c062_r06_A_steiner.csv,213
sano,62,c062_r07_A_steiner.csv,192
sano,62,c062_r08_A_steiner.csv,202
sano,62,c062_r09_A_steiner.csv,220
sano,62,c062_r10_A_steiner.csv,207
sano,62,c062_r11_A_steiner.csv,219
sano,62,c062_r12_B_incremental.csv,227
sano,62,c062_r13_B_incremental.csv,194
sano,62,c062_r14_B_incremental.csv,195
sano,62,c062_r15_B_incremental.csv,214
sano,62,c062_r16_B_incremental.csv,176
sano,62,c062_r17_B_incremental.csv,219
sano,62,c062_r18_B_incremental.csv,224
sano,62,c062_r19_B_incremental.csv,184
sano,62,c062_r20_B_incremental.csv,220
sano,62,c062_r21_B_incremental.csv,199
sano,62,c062_r22_B_incremental.csv,203
sano,62,c062_r23_B_incremental.csv,230
sano,63,c063_r00_A_steiner.csv,208
sano,63,c063_r01_A_steiner.csv,218
sano,63,c063_r02_A_steiner.csv,199
sano,63,c063_r03_A_steiner.csv,222
sano,63,c063_r04_A_steiner.csv,228
sano,63,c063_r05_A_steiner.csv,219
sano,63,c063_r06_A_steiner.csv,215
sano,63,c063_r07_A_steiner.csv,209
sano,63,c063_r08_A_steiner.csv,230
sano,63,c063_r09_A_steiner.csv,209
sano,63,c063_r10_A_steiner.csv,200
sano,63,c063_r11_A_steiner.csv,207
sano,63,c063_r12_B_incremental.csv,215
sano,63,c063_r13_B_incremental.csv,203
sano,63,c063_r14_B_incremental.csv,186
sano,63,c063_r15_B_incremental.csv,188
sano,63,c063_r16_B_incremental.csv,203
sano,63,c063_r17_B_incremental.csv,213
sano,63,c063_r18_B_incremental.csv,218
sano,63,c063_r19_B_incremental.csv,195
sano,63,c063_r20_B_incremental.csv,210
sano,63,c063_r21_B_incremental.csv,193
sano,63,c063_r22_B_incremental.csv,222
sano,63,c063_r23_B_incremental.csv,190
sano,64,c064_r00_A_steiner.csv,209
sano,64,c064_r01_A_steiner.csv,201
sano,64,c064_r02_A_steiner.csv,226
sano,64,c064_r03_A_steiner.csv,214
sano,64,c064_r04_A_steiner.csv,211
sano,64,c064_r05_A_steiner.csv,176
sano,64,c064_r06_A_steiner.csv,203
sano,64,c064_r07_A_steiner.csv,215
sano,64,c064_r08_A_steiner.csv,212
sano,64,c064_r09_A_steiner.csv,175
sano,64,c064_r10_A_steiner.csv,222
sano,64,c064_r11_A_steiner.csv,195
sano,64,c064_r12_B_incremental.csv,219
sano,64,c064_r13_B_incremental.csv,203
sano,64,c064_r14_B_incremental.csv,224
sano,64,c064_r15_B_incremental.csv,201
sano,64,c064_r16_B_incremental.csv,202
sano,64,c064_r17_B_incremental.csv,193
sano,64,c064_r18_B_incremental.csv,226
sano,64,c064_r19_B_incremental.csv,230
sano,64,c064_r20_B_incremental.csv,214
sano,64,c064_r21_B_incremental.csv,206
sano,64,c064_r22_B_incremental.csv,214
sano,64,c064_r23_B_incremental.csv,209
sano,65,c065_r00_A_steiner.csv,211
sano,65,c065_r01_A_steiner.csv,206
sano,65,c065_r02_A_steiner.csv,233
sano,65,c065_r03_A_steiner.csv,232
sano,65,c065_r04_A_steiner.csv,223
sano,65,c065_r05_A_steiner.csv,205
sano,65,c065_r06_A_steiner.csv,206
sano,65,c065_r07_A_steiner.csv,219
sano,65,c065_r08_A_steiner.csv,179
sano,65,c065_r09_A_steiner.csv,217
sano,65,c065_r10_A_steiner.csv,196
sano,65,c065_r11_A_steiner.csv,218
sano,65,c065_r12_B_incremental.csv,202
sano,65,c065_r13_B_incremental.csv,201
sano,65,c065_r14_B_incremental.csv,197
sano,65,c065_r15_B_incremental.csv,223
sano,65,c065_r16_B_incremental.csv,214
sano,65,c065_r17_B_incremental.csv,191
sano,65,c065_r18_B_incremental.csv,189
sano,65,c065_r19_B_incremental.csv,218
sano,65,c065_r20_B_incremental.csv,199
sano,65,c065_r21_B_incremental.csv,190
sano,65,c065_r22_B_incremental.csv,202
sano,65,c065_r23_B_incremental.csv,229
sano,66,c066_r00_A_steiner.csv,171
sano,66,c066_r01_A_steiner.csv,232
sano,66,c066_r02_A_steiner.csv,215
sano,66,c066_r03_A_steiner.csv,237
sano,66,c066_r04_A_steiner.csv,212
sano,66,c066_r05_A_steiner.csv,226
sano,66,c066_r06_A_steiner.csv,223
sano,66,c066_r07_A_steiner.csv,215
sano,66,c066_r08_A_steiner.csv,226
sano,66,c066_r09_A_steiner.csv,230
sano,66,c066_r10_A_steiner.csv,169
sano,66,c066_r11_A_steiner.csv,196
sano,66,c066_r12_B_incremental.csv,218
sano,66,c066_r13_B_incremental.csv,230
sano,66,c066_r14_B_incremental.csv,191
sano,66,c066_r15_B_incremental.csv,180
sano,66,c066_r16_B_incremental.csv,206
sano,66,c066_r17_B_incremental.csv,188
sano,66,c066_r18_B_incremental.csv,220
sano,66,c066_r19_B_incremental.csv,200
sano,66,c066_r20_B_incremental.csv,190
sano,66,c066_r21_B_incremental.csv,200
sano,66,c066_r22_B_incremental.csv,219
sano,66,c066_r23_B_incremental.csv,206
sano,67,c067_r00_A_steiner.csv,221
sano,67,c067_r01_A_steiner.csv,203
sano,67,c067_r02_A_steiner.csv,216
sano,67,c067_r03_A_steiner.csv,206
sano,67,c067_r04_A_steiner.csv,222
sano,67,c067_r05_A_steiner.csv,205
sano,67,c067_r06_A_steiner.csv,214
sano,67,c067_r07_A_steiner.csv,215
sano,67,c067_r08_A_steiner.csv,182
sano,67,c067_r09_A_steiner.csv,200
sano,67,c067_r10_A_steiner.csv,194
sano,67,c067_r11_A_steiner.csv,186
sano,67,c067_r12_B_incremental.csv,227
sano,67,c067_r13_B_incremental.csv,171
sano,67,c067_r14_B_incremental.csv,201
sano,67,c067_r15_B_incremental.csv,200
sano,67,c067_r16_B_incremental.csv,215
sano,67,c067_r17_B_incremental.csv,228
sano,67,c067_r18_B_incremental.csv,210
sano,67,c067_r19_B_incremental.csv,186
sano,67,c067_r20_B_incremental.csv,205
sano,67,c067_r21_B_incremental.csv,226
sano,67,c067_r22_B_incremental.csv,220
sano,67,c067_r23_B_incremental.csv,247
sano,68,c068_r00_A_steiner.csv,201
sano,68,c068_r01_A_steiner.csv,193
sano,68,c068_r02_A_steiner.csv,224
sano,68,c068_r03_A_steiner.csv,218
sano,68,c068_r04_A_steiner.csv,209
sano,68,c068_r05_A_steiner.csv,214
sano,68,c068_r06_A_steiner.csv,183
sano,68,c068_r07_A_steiner.csv,215
sano,68,c068_r08_A_steiner.csv,203
sano,68,c068_r09_A_steiner.csv,220
sano,68,c068_r10_A_steiner.csv,213
sano,68,c068_r11_A_steiner.csv,219
sano,68,c068_r12_B_incremental.csv,237
sano,68,c068_r13_B_incremental.csv,211
sano,68,c068_r14_B_incremental.csv,188
sano,68,c068_r15_B_incremental.csv,198
sano,68,c068_r16_B_incremental.csv,220
sano,68,c068_r17_B_incremental.csv,181
sano,68,c068_r18_B_incremental.csv,207
sano,68,c068_r19_B_incremental.csv,203
sano,68,c068_r20_B_incremental.csv,220
sano,68,c068_r21_B_incremental.csv,209
sano,68,c068_r22_B_incremental.csv,218
sano,68,c068_r23_B_incremental.csv,196
sano,69,c069_r00_A_steiner.csv,203
sano,69,c069_r01_A_steiner.csv,202
sano,69,c069_r02_A_steiner.csv,190
sano,69,c069_r03_A_steiner.csv,203
sano,69,c069_r04_A_steiner.csv,200
sano,69,c069_r05_A_steiner.csv,227
sano,69,c069_r06_A_steiner.csv,235
sano,69,c069_r07_A_steiner.csv,216
sano,69,c069_r08_A_steiner.csv,201
sano,69,c069_r09_A_steiner.csv,217
sano,69,c069_r10_A_steiner.csv,204
sano,69,c069_r11_A_steiner.csv,193
sano,69,c069_r12_B_incremental.csv,196
sano,69,c069_r13_B_incremental.csv,199
sano,69,c069_r14_B_incremental.csv,210
sano,69,c069_r15_B_incremental.csv,189
sano,69,c069_r16_B_incremental.csv,213
sano,69,c069_r17_B_incremental.csv,210
sano,69,c069_r18_B_incremental.csv,232
sano,69,c069_r19_B_incremental.csv,205
sano,69,c069_r20_B_incremental.csv,214
sano,69,c069_r21_B_incremental.csv,196
sano,69,c069_r22_B_incremental.csv,231
sano,69,c069_r23_B_incremental.csv,214
sano,70,c070_r00_A_steiner.csv,202
sano,70,c070_r01_A_steiner.csv,205
sano,70,c070_r02_A_steiner.csv,213
sano,70,c070_r03_A_steiner.csv,187
sano,70,c070_r04_A_steiner.csv,229
sano,70,c070_r05_A_steiner.csv,203
sano,70,c070_r06_A_steiner.csv,226
sano,70,c070_r07_A_steiner.csv,198
sano,70,c070_r08_A_steiner.csv,217
sano,70,c070_r09_A_steiner.csv,205
sano,70,c070_r10_A_steiner.csv,203
sano,70,c070_r11_A_steiner.csv,202
sano,70,c070_r12_B_incremental.csv,223
sano,70,c070_r13_B_incremental.csv,198
sano,70,c070_r14_B_incremental.csv,204
sano,70,c070_r15_B_incremental.csv,214
sano,70,c070_r16_B_incremental.csv,174
sano,70,c070_r17_B_incremental.csv,226
sano,70,c070_r18_B_incremental.csv,206
sano,70,c070_r19_B_incremental.csv,233
sano,70,c070_r20_B_incremental.csv,206
sano,70,c070_r21_B_incremental.csv,214
sano,70,c070_r22_B_incremental.csv,200
sano,70,c070_r23_B_incremental.csv,212
sano,71,c071_r00_A_steiner.csv,197
sano,71,c071_r01_A_steiner.csv,211
sano,71,c071_r02_A_steiner.csv,200
sano,71,c071_r03_A_steiner.csv,213
sano,71,c071_r04_A_steiner.csv,202
sano,71,c071_r05_A_steiner.csv,209
sano,71,c071_r06_A_steiner.csv,204
sano,71,c071_r07_A_steiner.csv,202
sano,71,c071_r08_A_steiner.csv,220
sano,71,c071_r09_A_steiner.csv,216
sano,71,c071_r10_A_steiner.csv,213
sano,71,c071_r11_A_steiner.csv,218
sano,71,c071_r12_B_incremental.csv,199
sano,71,c071_r13_B_incremental.csv,227
sano,71,c071_r14_B_incremental.csv,202
sano,71,c071_r15_B_incremental.csv,216
sano,71,c071_r16_B_incremental.csv,226
sano,71,c071_r17_B_incremental.csv,202
sano,71,c071_r18_B_incremental.csv,189
sano,71,c071_r19_B_incremental.csv,197
sano,71,c071_r20_B_incremental.csv,209
sano,71,c071_r21_B_incremental.csv,219
sano,71,c071_r22_B_incremental.csv,196
sano,71,c071_r23_B_incremental.csv,213
sano,72,c072_r00_A_steiner.csv,220
sano,72,c072_r01_A_steiner.csv,229
sano,72,c072_r02_A_steiner.csv,191
sano,72,c072_r03_A_steiner.csv,203
sano,72,c072_r04_A_steiner.csv,202
sano,72,c072_r05_A_steiner.csv,197
sano,72,c072_r06_A_steiner.csv,218
sano,72,c072_r07_A_steiner.csv,211
sano,72,c072_r08_A_steiner.csv,209
sano,72,c072_r09_A_steiner.csv,197
sano,72,c072_r10_A_steiner.csv,199
sano,72,c072_r11_A_steiner.csv,206
sano,72,c072_r12_B_incremental.csv,218
sano,72,c072_r13_B_incremental.csv,231
sano,72,c072_r14_B_incremental.csv,200
sano,72,c072_r15_B_incremental.csv,188
sano,72,c072_r16_B_incremental.csv,200
sano,72,c072_r17_B_incremental.csv,225
sano,72,c072_r18_B_incremental.csv,219
sano,72,c072_r19_B_incremental.csv,214
sano,72,c072_r20_B_incremental.csv,188
sano,72,c072_r21_B_incremental.csv,231
sano,72,c072_r22_B_incremental.csv,196
sano,72,c072_r23_B_incremental.csv,208
sano,73,c073_r00_A_steiner.csv,186
sano,73,c073_r01_A_steiner.csv,257
sano,73,c073_r02_A_steiner.csv,223
sano,73,c073_r03_A_steiner.csv,216
sano,73,c073_r04_A_steiner.csv,198
sano,73,c073_r05_A_steiner.csv,221
sano,73,c073_r06_A_steiner.csv,208
sano,73,c073_r07_A_steiner.csv,204
sano,73,c073_r08_A_steiner.csv,207
sano,73,c073_r09_A_steiner.csv,208
sano,73,c073_r10_A_steiner.csv,212
sano,73,c073_r11_A_steiner.csv,201
sano,73,c073_r12_B_incremental.csv,208
sano,73,c073_r13_B_incremental.csv,197
sano,73,c073_r14_B_incremental.csv,197
sano,73,c073_r15_B_incremental.csv,193
sano,73,c073_r16_B_incremental.csv,206
sano,73,c073_r17_B_incremental.csv,196
sano,73,c073_r18_B_incremental.csv,207
sano,73,c073_r19_B_incremental.csv,212
sano,73,c073_r20_B_incremental.csv,198
sano,73,c073_r21_B_incremental.csv,224
sano,73,c073_r22_B_incremental.csv,211
sano,73,c073_r23_B_incremental.csv,210
sano,74,c074_r00_A_steiner.csv,222
sano,74,c074_r01_A_steiner.csv,239
sano,74,c074_r02_A_steiner.csv,199
sano,74,c074_r03_A_steiner.csv,209
sano,74,c074_r04_A_steiner.csv,196
sano,74,c074_r05_A_steiner.csv,202
sano,74,c074_r06_A_steiner.csv,219
sano,74,c074_r07_A_steiner.csv,194
sano,74,c074_r08_A_steiner.csv,175
sano,74,c074_r09_A_steiner.csv,228
sano,74,c074_r10_A_steiner.csv,189
sano,74,c074_r11_A_steiner.csv,220
sano,74,c074_r12_B_incremental.csv,195
sano,74,c074_r13_B_incremental.csv,221
sano,74,c074_r14_B_incremental.csv,188
sano,74,c074_r15_B_incremental.csv,209
sano,74,c074_r16_B_incremental.csv,222
sano,74,c074_r17_B_incremental.csv,196
sano,74,c074_r18_B_incremental.csv,212
sano,74,c074_r19_B_incremental.csv,222
sano,74,c074_r20_B_incremental.csv,200
sano,74,c074_r21_B_incremental.csv,222
sano,74,c074_r22_B_incremental.csv,209
sano,74,c074_r23_B_incremental.csv,212
sano,75,c075_r00_A_steiner.csv,215
sano,75,c075_r01_A_steiner.csv,225
sano,75,c075_r02_A_steiner.csv,202
sano,75,c075_r03_A_steiner.csv,219
sano,75,c075_r04_A_steiner.csv,198
sano,75,c075_r05_A_steiner.csv,221
sano,75,c075_r06_A_steiner.csv,193
sano,75,c075_r07_A_steiner.csv,192
sano,75,c075_r08_A_steiner.csv,224
sano,75,c075_r09_A_steiner.csv,211
sano,75,c075_r10_A_steiner.csv,209
sano,75,c075_r11_A_steiner.csv,216
sano,75,c075_r12_B_incremental.csv,208
sano,75,c075_r13_B_incremental.csv,195
sano,75,c075_r14_B_incremental.csv,220
sano,75,c075_r15_B_incremental.csv,211
sano,75,c075_r16_B_incremental.csv,192
sano,75,c075_r17_B_incremental.csv,217
sano,75,c075_r18_B_incremental.csv,222
sano,75,c075_r19_B_incremental.csv,207
sano,75,c075_r20_B_incremental.csv,178
sano,75,c075_r21_B_incremental.csv,213
sano,75,c075_r22_B_incremental.csv,207
sano,75,c075_r23_B_incremental.csv,205
sano,76,c076_r00_A_steiner.csv,237
sano,76,c076_r01_A_steiner.csv,226
sano,76,c076_r02_A_steiner.csv,218
sano,76,c076_r03_A_steiner.csv,208
sano,76,c076_r04_A_steiner.csv,207
sano,76,c076_r05_A_steiner.csv,213
sano,76,c076_r06_A_steiner.csv,188
sano,76,c076_r07_A_steiner.csv,202
sano,76,c076_r08_A_steiner.csv,238
sano,76,c076_r09_A_steiner.csv,206
sano,76,c076_r10_A_steiner.csv,183
sano,76,c076_r11_A_steiner.csv,199
sano,76,c076_r12_B_incremental.csv,207
sano,76,c076_r13_B_incremental.csv,194
sano,76,c076_r14_B_incremental.csv,197
sano,76,c076_r15_B_incremental.csv,229
sano,76,c076_r16_B_incremental.csv,193
sano,76,c076_r17_B_incremental.csv,247
sano,76,c076_r18_B_incremental.csv,210
sano,76,c076_r19_B_incremental.csv,202
sano,76,c076_r20_B_incremental.csv,196
sano,76,c076_r21_B_incremental.csv,224
sano,76,c076_r22_B_incremental.csv,185
sano,76,c076_r23_B_incremental.csv,191
sano,77,c077_r00_A_steiner.csv,187
sano,77,c077_r01_A_steiner.csv,213
sano,77,c077_r02_A_steiner.csv,220
sano,77,c077_r03_A_steiner.csv,204
sano,77,c077_r04_A_steiner.csv,198
sano,77,c077_r05_A_steiner.csv,228
sano,77,c077_r06_A_steiner.csv,193
sano,77,c077_r07_A_steiner.csv,195
sano,77,c077_r08_A_steiner.csv,192
sano,77,c077_r09_A_steiner.csv,212
sano,77,c077_r10_A_steiner.csv,225
sano,77,c077_r11_A_steiner.csv,201
sano,77,c077_r12_B_incremental.csv,194
sano,77,c077_r13_B_incremental.csv,208
sano,77,c077_r14_B_incremental.csv,200
sano,77,c077_r15_B_incremental.csv,215
sano,77,c077_r16_B_incremental.csv,235
sano,77,c077_r17_B_incremental.csv,195
sano,77,c077_r18_B_incremental.csv,201
sano,77,c077_r19_B_incremental.csv,215
sano,77,c077_r20_B_incremental.csv,213
sano,77,c077_r21_B_incremental.csv,219
sano,77,c077_r22_B_incremental.csv,213
sano,77,c077_r23_B_incremental.csv,224
sano,78,c078_r00_A_steiner.csv,213
sano,78,c078_r01_A_steiner.csv,211
sano,78,c078_r02_A_steiner.csv,227
sano,78,c078_r03_A_steiner.csv,226
sano,78,c078_r04_A_steiner.csv,196
sano,78,c078_r05_A_steiner.csv,208
sano,78,c078_r06_A_steiner.csv,225
sano,78,c078_r07_A_steiner.csv,206
sano,78,c078_r08_A_steiner.csv,225
sano,78,c078_r09_A_steiner.csv,206
sano,78,c078_r10_A_steiner.csv,213
sano,78,c078_r11_A_steiner.csv,184
sano,78,c078_r12_B_incremental.csv,201
sano,78,c078_r13_B_incremental.csv,209
sano,78,c078_r14_B_incremental.csv,199
sano,78,c078_r15_B_incremental.csv,193
sano,78,c078_r16_B_incremental.csv,238
sano,78,c078_r17_B_incremental.csv,191
sano,78,c078_r18_B_incremental.csv,198
sano,78,c078_r19_B_incremental.csv,215
sano,78,c078_r20_B_incremental.csv,195
sano,78,c078_r21_B_incremental.csv,209
sano,78,c078_r22_B_incremental.csv,222
sano,78,c078_r23_B_incremental.csv,190
sano,79,c079_r00_A_steiner.csv,203
sano,79,c079_r01_A_steiner.csv,210
sano,79,c079_r02_A_steiner.csv,180
sano,79,c079_r03_A_steiner.csv,194
sano,79,c079_r04_A_steiner.csv,193
sano,79,c079_r05_A_steiner.csv,200
sano,79,c079_r06_A_steiner.csv,205
sano,79,c079_r07_A_steiner.csv,217
sano,79,c079_r08_A_steiner.csv,227
sano,79,c079_r09_A_steiner.csv,227
sano,79,c079_r10_A_steiner.csv,223
sano,79,c079_r11_A_steiner.csv,226
sano,79,c079_r12_B_incremental.csv,231
sano,79,c079_r13_B_incremental.csv,198
sano,79,c079_r14_B_incremental.csv,197
sano,79,c079_r15_B_incremental.csv,221
sano,79,c079_r16_B_incremental.csv,219
sano,79,c079_r17_B_incremental.csv,184
sano,79,c079_r18_B_incremental.csv,215
sano,79,c079_r19_B_incremental.csv,189
sano,79,c079_r20_B_incremental.csv,216
sano,79,c079_r21_B_incremental.csv,210
sano,79,c079_r22_B_incremental.csv,207
sano,79,c079_r23_B_incremental.csv,208
sano,80,c080_r00_A_steiner.csv,206
sano,80,c080_r01_A_steiner.csv,205
sano,80,c080_r02_A_steiner.csv,194
sano,80,c080_r03_A_steiner.csv,205
sano,80,c080_r04_A_steiner.csv,196
sano,80,c080_r05_A_steiner.csv,212
sano,80,c080_r06_A_steiner.csv,216
sano,80,c080_r07_A_steiner.csv,201
sano,80,c080_r08_A_steiner.csv,206
sano,80,c080_r09_A_steiner.csv,233
sano,80,c080_r10_A_steiner.csv,214
sano,80,c080_r11_A_steiner.csv,208
sano,80,c080_r12_B_incremental.csv,195
sano,80,c080_r13_B_incremental.csv,202
sano,80,c080_r14_B_incremental.csv,200
sano,80,c080_r15_B_incremental.csv,213
sano,80,c080_r16_B_incremental.csv,232
sano,80,c080_r17_B_incremental.csv,199
sano,80,c080_r18_B_incremental.csv,241
sano,80,c080_r19_B_incremental.csv,212
sano,80,c080_r20_B_incremental.csv,201
sano,80,c080_r21_B_incremental.csv,204
sano,80,c080_r22_B_incremental.csv,215
sano,80,c080_r23_B_incremental.csv,190
sano,81,c081_r00_A_steiner.csv,211
sano,81,c081_r01_A_steiner.csv,234
sano,81,c081_r02_A_steiner.csv,232
sano,81,c081_r03_A_steiner.csv,198
sano,81,c081_r04_A_steiner.csv,175
sano,81,c081_r05_A_steiner.csv,216
sano,81,c081_r06_A_steiner.csv,198
sano,81,c081_r07_A_steiner.csv,212
sano,81,c081_r08_A_steiner.csv,197
sano,81,c081_r09_A_steiner.csv,211
sano,81,c081_r10_A_steiner.csv,203
sano,81,c081_r11_A_steiner.csv,205
sano,81,c081_r12_B_incremental.csv,219
sano,81,c081_r13_B_incremental.csv,237
sano,81,c081_r14_B_incremental.csv,218
sano,81,c081_r15_B_incremental.csv,202
sano,81,c081_r16_B_incremental.csv,179
sano,81,c081_r17_B_incremental.csv,215
sano,81,c081_r18_B_incremental.csv,206
sano,81,c081_r19_B_incremental.csv,238
sano,81,c081_r20_B_incremental.csv,198
sano,81,c081_r21_B_incremental.csv,190
sano,81,c081_r22_B_incremental.csv,206
sano,81,c081_r23_B_incremental.csv,200
sano,82,c082_r00_A_steiner.csv,211
sano,82,c082_r01_A_steiner.csv,219
sano,82,c082_r02_A_steiner.csv,201
sano,82,c082_r03_A_steiner.csv,192
sano,82,c082_r04_A_steiner.csv,225
sano,82,c082_r05_A_steiner.csv,203
sano,82,c082_r06_A_steiner.csv,216
sano,82,c082_r07_A_steiner.csv,223
sano,82,c082_r08_A_steiner.csv,204
sano,82,c082_r09_A_steiner.csv,186
sano,82,c082_r10_A_steiner.csv,207
sano,82,c082_r11_A_steiner.csv,207
sano,82,c082_r12_B_incremental.csv,194
sano,82,c082_r13_B_incremental.csv,210
sano,82,c082_r14_B_incremental.csv,203
sano,82,c082_r15_B_incremental.csv,205
sano,82,c082_r16_B_incremental.csv,203
sano,82,c082_r17_B_incremental.csv,227
sano,82,c082_r18_B_incremental.csv,204
sano,82,c082_r19_B_incremental.csv,232
sano,82,c082_r20_B_incremental.csv,218
sano,82,c082_r21_B_incremental.csv,195
sano,82,c082_r22_B_incremental.csv,220
sano,82,c082_r23_B_incremental.csv,195
sano,83,c083_r00_A_steiner.csv,186
sano,83,c083_r01_A_steiner.csv,193
sano,83,c083_r02_A_steiner.csv,213
sano,83,c083_r03_A_steiner.csv,179
sano,83,c083_r04_A_steiner.csv,201
sano,83,c083_r05_A_steiner.csv,204
sano,83,c083_r06_A_steiner.csv,230
sano,83,c083_r07_A_steiner.csv,202
sano,83,c083_r08_A_steiner.csv,222
sano,83,c083_r09_A_steiner.csv,214
sano,83,c083_r10_A_steiner.csv,202
sano,83,c083_r11_A_steiner.csv,231
sano,83,c083_r12_B_incremental.csv,219
sano,83,c083_r13_B_incremental.csv,206
sano,83,c083_r14_B_incremental.csv,212
sano,83,c083_r15_B_incremental.csv,196
sano,83,c083_r16_B_incremental.csv,222
sano,83,c083_r17_B_incremental.csv,216
sano,83,c083_r18_B_incremental.csv,228
sano,83,c083_r19_B_incremental.csv,208
sano,83,c083_r20_B_incremental.csv,211
sano,83,c083_r21_B_incremental.csv,186
sano,83,c083_r22_B_incremental.csv,220
sano,83,c083_r23_B_incremental.csv,199
sano,84,c084_r00_A_steiner.csv,215
sano,84,c084_r01_A_steiner.csv,219
sano,84,c084_r02_A_steiner.csv,212
sano,84,c084_r03_A_steiner.csv,209
sano,84,c084_r04_A_steiner.csv,214
sano,84,c084_r05_A_steiner.csv,210
sano,84,c084_r06_A_steiner.csv,190
sano,84,c084_r07_A_steiner.csv,208
sano,84,c084_r08_A_steiner.csv,210
sano,84,c084_r09_A_steiner.csv,240
sano,84,c084_r10_A_steiner.csv,215
sano,84,c084_r11_A_steiner.csv,177
sano,84,c084_r12_B_incremental.csv,200
sano,84,c084_r13_B_incremental.csv,222
sano,84,c084_r14_B_incremental.csv,214
sano,84,c084_r15_B_incremental.csv,202
sano,84,c084_r16_B_incremental.csv,231
sano,84,c084_r17_B_incremental.csv,210
sano,84,c084_r18_B_incremental.csv,196
sano,84,c084_r19_B_incremental.csv,212
sano,84,c084_r20_B_incremental.csv,212
sano,84,c084_r21_B_incremental.csv,207
sano,84,c084_r22_B_incremental.csv,187
sano,84,c084_r23_B_incremental.csv,188
sano,85,c085_r00_A_steiner.csv,248
sano,85,c085_r01_A_steiner.csv,206
sano,85,c085_r02_A_steiner.csv,211
sano,85,c085_r03_A_steiner.csv,193
sano,85,c085_r04_A_steiner.csv,191
sano,85,c085_r05_A_steiner.csv,207
sano,85,c085_r06_A_steiner.csv,198
sano,85,c085_r07_A_steiner.csv,211
sano,85,c085_r08_A_steiner.csv,231
sano,85,c085_r09_A_steiner.csv,189
sano,85,c085_r10_A_steiner.csv,196
sano,85,c085_r11_A_steiner.csv,204
sano,85,c085_r12_B_incremental.csv,202
sano,85,c085_r13_B_incremental.csv,194
sano,85,c085_r14_B_incremental.csv,209
sano,85,c085_r15_B_incremental.csv,193
sano,85,c085_r16_B_incremental.csv,184
sano,85,c085_r17_B_incremental.csv,200
sano,85,c085_r18_B_incremental.csv,238
sano,85,c085_r19_B_incremental.csv,218
sano,85,c085_r20_B_incremental.csv,234
sano,85,c085_r21_B_incremental.csv,218
sano,85,c085_r22_B_incremental.csv,210
sano,85,c085_r23_B_incremental.csv,215
sano,86,c086_r00_A_steiner.csv,208
sano,86,c086_r01_A_steiner.csv,219
sano,86,c086_r02_A_steiner.csv,209
sano,86,c086_r03_A_steiner.csv,189
sano,86,c086_r04_A_steiner.csv,202
sano,86,c086_r05_A_steiner.csv,198
sano,86,c086_r06_A_steiner.csv,221
sano,86,c086_r07_A_steiner.csv,218
sano,86,c086_r08_A_steiner.csv,197
sano,86,c086_r09_A_steiner.csv,215
sano,86,c086_r10_A_steiner.csv,226
sano,86,c086_r11_A_steiner.csv,200
sano,86,c086_r12_B_incremental.csv,232
sano,86,c086_r13_B_incremental.csv,185
sano,86,c086_r14_B_incremental.csv,227
sano,86,c086_r15_B_incremental.csv,197
sano,86,c086_r16_B_incremental.csv,208
sano,86,c086_r17_B_incremental.csv,218
sano,86,c086_r18_B_incremental.csv,196
sano,86,c086_r19_B_incremental.csv,212
sano,86,c086_r20_B_incremental.csv,196
sano,86,c086_r21_B_incremental.csv,198
sano,86,c086_r22_B_incremental.csv,224
sano,86,c086_r23_B_incremental.csv,205
sano,87,c087_r00_A_steiner.csv,220
sano,87,c087_r01_A_steiner.csv,223
sano,87,c087_r02_A_steiner.csv,216
sano,87,c087_r03_A_steiner.csv,224
sano,87,c087_r04_A_steiner.csv,201
sano,87,c087_r05_A_steiner.csv,202
sano,87,c087_r06_A_steiner.csv,218
sano,87,c087_r07_A_steiner.csv,225
sano,87,c087_r08_A_steiner.csv,194
sano,87,c087_r09_A_steiner.csv,232
sano,87,c087_r10_A_steiner.csv,190
sano,87,c087_r11_A_steiner.csv,187
sano,87,c087_r12_B_incremental.csv,210
sano,87,c087_r13_B_incremental.csv,205
sano,87,c087_r14_B_incremental.csv,202
sano,87,c087_r15_B_incremental.csv,191
sano,87,c087_r16_B_incremental.csv,201
sano,87,c087_r17_B_incremental.csv,219
sano,87,c087_r18_B_incremental.csv,200
sano,87,c087_r19_B_incremental.csv,214
sano,87,c087_r20_B_incremental.csv,206
sano,87,c087_r21_B_incremental.csv,211
sano,87,c087_r22_B_incremental.csv,222
sano,87,c087_r23_B_incremental.csv,187
sano,88,c088_r00_A_steiner.csv,203
sano,88,c088_r01_A_steiner.csv,181
sano,88,c088_r02_A_steiner.csv,221
sano,88,c088_r03_A_steiner.csv,203
sano,88,c088_r04_A_steiner.csv,200
sano,88,c088_r05_A_steiner.csv,199
sano,88,c088_r06_A_steiner.csv,221
sano,88,c088_r07_A_steiner.csv,219
sano,88,c088_r08_A_steiner.csv,199
sano,88,c088_r09_A_steiner.csv,219
sano,88,c088_r10_A_steiner.csv,220
sano,88,c088_r11_A_steiner.csv,214
sano,88,c088_r12_B_incremental.csv,193
sano,88,c088_r13_B_incremental.csv,200
sano,88,c088_r14_B_incremental.csv,197
sano,88,c088_r15_B_incremental.csv,201
sano,88,c088_r16_B_incremental.csv,213
sano,88,c088_r17_B_incremental.csv,186
sano,88,c088_r18_B_incremental.csv,193
sano,88,c088_r19_B_incremental.csv,205
sano,88,c088_r20_B_incremental.csv,222
sano,88,c088_r21_B_incremental.csv,240
sano,88,c088_r22_B_incremental.csv,229
sano,88,c088_r23_B_incremental.csv,222
sano,89,singleton_co_located_source,5000
sano,90,c090_r00_A_steiner.csv,199
sano,90,c090_r01_A_steiner.csv,200
sano,90,c090_r02_A_steiner.csv,232
sano,90,c090_r03_A_steiner.csv,202
sano,90,c090_r04_A_steiner.csv,228
sano,90,c090_r05_A_steiner.csv,209
sano,90,c090_r06_A_steiner.csv,186
sano,90,c090_r07_A_steiner.csv,178
sano,90,c090_r08_A_steiner.csv,207
sano,90,c090_r09_A_steiner.csv,204
sano,90,c090_r10_A_steiner.csv,206
sano,90,c090_r11_A_steiner.csv,205
sano,90,c090_r12_B_incremental.csv,188
sano,90,c090_r13_B_incremental.csv,204
sano,90,c090_r14_B_incremental.csv,176
sano,90,c090_r15_B_incremental.csv,223
sano,90,c090_r16_B_incremental.csv,228
sano,90,c090_r17_B_incremental.csv,213
sano,90,c090_r18_B_incremental.csv,223
sano,90,c090_r19_B_incremental.csv,224
sano,90,c090_r20_B_incremental.csv,199
sano,90,c090_r21_B_incremental.csv,223
sano,90,c090_r22_B_incremental.csv,219
sano,90,c090_r23_B_incremental.csv,224
sano,91,c091_r00_A_steiner.csv,193
sano,91,c091_r01_A_steiner.csv,195
sano,91,c091_r02_A_steiner.csv,210
sano,91,c091_r03_A_steiner.csv,211
sano,91,c091_r04_A_steiner.csv,195
sano,91,c091_r05_A_steiner.csv,213
sano,91,c091_r06_A_steiner.csv,208
sano,91,c091_r07_A_steiner.csv,213
sano,91,c091_r08_A_steiner.csv,193
sano,91,c091_r09_A_steiner.csv,189
sano,91,c091_r10_A_steiner.csv,179
sano,91,c091_r11_A_steiner.csv,200
sano,91,c091_r12_B_incremental.csv,223
sano,91,c091_r13_B_incremental.csv,209
sano,91,c091_r14_B_incremental.csv,195
sano,91,c091_r15_B_incremental.csv,221
sano,91,c091_r16_B_incremental.csv,219
sano,91,c091_r17_B_incremental.csv,234
sano,91,c091_r18_B_incremental.csv,225
sano,91,c091_r19_B_incremental.csv,207
sano,91,c091_r20_B_incremental.csv,233
sano,91,c091_r21_B_incremental.csv,214
sano,91,c091_r22_B_incremental.csv,200
sano,91,c091_r23_B_incremental.csv,221
sano,92,c092_r00_A_steiner.csv,218
sano,92,c092_r01_A_steiner.csv,200
sano,92,c092_r02_A_steiner.csv,198
sano,92,c092_r03_A_steiner.csv,212
sano,92,c092_r04_A_steiner.csv,226
sano,92,c092_r05_A_steiner.csv,225
sano,92,c092_r06_A_steiner.csv,216
sano,92,c092_r07_A_steiner.csv,192
sano,92,c092_r08_A_steiner.csv,203
sano,92,c092_r09_A_steiner.csv,224
sano,92,c092_r10_A_steiner.csv,214
sano,92,c092_r11_A_steiner.csv,213
sano,92,c092_r12_B_incremental.csv,184
sano,92,c092_r13_B_incremental.csv,215
sano,92,c092_r14_B_incremental.csv,206
sano,92,c092_r15_B_incremental.csv,215
sano,92,c092_r16_B_incremental.csv,203
sano,92,c092_r17_B_incremental.csv,189
sano,92,c092_r18_B_incremental.csv,186
sano,92,c092_r19_B_incremental.csv,205
sano,92,c092_r20_B_incremental.csv,208
sano,92,c092_r21_B_incremental.csv,221
sano,92,c092_r22_B_incremental.csv,211
sano,92,c092_r23_B_incremental.csv,216
sano,93,c093_r00_A_steiner.csv,201
sano,93,c093_r01_A_steiner.csv,192
sano,93,c093_r02_A_steiner.csv,228
sano,93,c093_r03_A_steiner.csv,200
sano,93,c093_r04_A_steiner.csv,188
sano,93,c093_r05_A_steiner.csv,206
sano,93,c093_r06_A_steiner.csv,193
sano,93,c093_r07_A_steiner.csv,231
sano,93,c093_r08_A_steiner.csv,240
sano,93,c093_r09_A_steiner.csv,217
sano,93,c093_r10_A_steiner.csv,226
sano,93,c093_r11_A_steiner.csv,233
sano,93,c093_r12_B_incremental.csv,207
sano,93,c093_r13_B_incremental.csv,197
sano,93,c093_r14_B_incremental.csv,201
sano,93,c093_r15_B_incremental.csv,210
sano,93,c093_r16_B_incremental.csv,213
sano,93,c093_r17_B_incremental.csv,197
sano,93,c093_r18_B_incremental.csv,198
sano,93,c093_r19_B_incremental.csv,199
sano,93,c093_r20_B_incremental.csv,213
sano,93,c093_r21_B_incremental.csv,183
sano,93,c093_r22_B_incremental.csv,212
sano,93,c093_r23_B_incremental.csv,215
sano,94,c094_r00_A_steiner.csv,178
sano,94,c094_r01_A_steiner.csv,210
sano,94,c094_r02_A_steiner.csv,218
sano,94,c094_r03_A_steiner.csv,225
sano,94,c094_r04_A_steiner.csv,225
sano,94,c094_r05_A_steiner.csv,216
sano,94,c094_r06_A_steiner.csv,216
sano,94,c094_r07_A_steiner.csv,192
sano,94,c094_r08_A_steiner.csv,225
sano,94,c094_r09_A_steiner.csv,203
sano,94,c094_r10_A_steiner.csv,196
sano,94,c094_r11_A_steiner.csv,206
sano,94,c094_r12_B_incremental.csv,223
sano,94,c094_r13_B_incremental.csv,206
sano,94,c094_r14_B_incremental.csv,229
sano,94,c094_r15_B_incremental.csv,220
sano,94,c094_r16_B_incremental.csv,211
sano,94,c094_r17_B_incremental.csv,173
sano,94,c094_r18_B_incremental.csv,193
sano,94,c094_r19_B_incremental.csv,194
sano,94,c094_r20_B_incremental.csv,213
sano,94,c094_r21_B_incremental.csv,214
sano,94,c094_r22_B_incremental.csv,221
sano,94,c094_r23_B_incremental.csv,193
sano,95,c095_r00_A_steiner.csv,204
sano,95,c095_r01_A_steiner.csv,216
sano,95,c095_r02_A_steiner.csv,244
sano,95,c095_r03_A_steiner.csv,198
sano,95,c095_r04_A_steiner.csv,240
sano,95,c095_r05_A_steiner.csv,197
sano,95,c095_r06_A_steiner.csv,207
sano,95,c095_r07_A_steiner.csv,228
sano,95,c095_r08_A_steiner.csv,187
sano,95,c095_r09_A_steiner.csv,218
sano,95,c095_r10_A_steiner.csv,194
sano,95,c095_r11_A_steiner.csv,213
sano,95,c095_r12_B_incremental.csv,219
sano,95,c095_r13_B_incremental.csv,189
sano,95,c095_r14_B_incremental.csv,205
sano,95,c095_r15_B_incremental.csv,199
sano,95,c095_r16_B_incremental.csv,225
sano,95,c095_r17_B_incremental.csv,200
sano,95,c095_r18_B_incremental.csv,198
sano,95,c095_r19_B_incremental.csv,200
sano,95,c095_r20_B_incremental.csv,217
sano,95,c095_r21_B_incremental.csv,209
sano,95,c095_r22_B_incremental.csv,193
sano,95,c095_r23_B_incremental.csv,200
sano,96,c096_r00_A_steiner.csv,203
sano,96,c096_r01_A_steiner.csv,222
sano,96,c096_r02_A_steiner.csv,221
sano,96,c096_r03_A_steiner.csv,201
sano,96,c096_r04_A_steiner.csv,213
sano,96,c096_r05_A_steiner.csv,199
sano,96,c096_r06_A_steiner.csv,226
sano,96,c096_r07_A_steiner.csv,216
sano,96,c096_r08_A_steiner.csv,196
sano,96,c096_r09_A_steiner.csv,211
sano,96,c096_r10_A_steiner.csv,215
sano,96,c096_r11_A_steiner.csv,187
sano,96,c096_r12_B_incremental.csv,209
sano,96,c096_r13_B_incremental.csv,213
sano,96,c096_r14_B_incremental.csv,184
sano,96,c096_r15_B_incremental.csv,212
sano,96,c096_r16_B_incremental.csv,190
sano,96,c096_r17_B_incremental.csv,233
sano,96,c096_r18_B_incremental.csv,218
sano,96,c096_r19_B_incremental.csv,197
sano,96,c096_r20_B_incremental.csv,202
sano,96,c096_r21_B_incremental.csv,202
sano,96,c096_r22_B_incremental.csv,205
sano,96,c096_r23_B_incremental.csv,225
sano,97,c097_r00_A_steiner.csv,206
sano,97,c097_r01_A_steiner.csv,227
sano,97,c097_r02_A_steiner.csv,208
sano,97,c097_r03_A_steiner.csv,202
sano,97,c097_r04_A_steiner.csv,226
sano,97,c097_r05_A_steiner.csv,202
sano,97,c097_r06_A_steiner.csv,211
sano,97,c097_r07_A_steiner.csv,186
sano,97,c097_r08_A_steiner.csv,202
sano,97,c097_r09_A_steiner.csv,212
sano,97,c097_r10_A_steiner.csv,206
sano,97,c097_r11_A_steiner.csv,213
sano,97,c097_r12_B_incremental.csv,202
sano,97,c097_r13_B_incremental.csv,193
sano,97,c097_r14_B_incremental.csv,202
sano,97,c097_r15_B_incremental.csv,221
sano,97,c097_r16_B_incremental.csv,199
sano,97,c097_r17_B_incremental.csv,218
sano,97,c097_r18_B_incremental.csv,209
sano,97,c097_r19_B_incremental.csv,198
sano,97,c097_r20_B_incremental.csv,203
sano,97,c097_r21_B_incremental.csv,215
sano,97,c097_r22_B_incremental.csv,228
sano,97,c097_r23_B_incremental.csv,211
sano,98,c098_r00_A_steiner.csv,200
sano,98,c098_r01_A_steiner.csv,190
sano,98,c098_r02_A_steiner.csv,216
sano,98,c098_r03_A_steiner.csv,192
sano,98,c098_r04_A_steiner.csv,205
sano,98,c098_r05_A_steiner.csv,208
sano,98,c098_r06_A_steiner.csv,205
sano,98,c098_r07_A_steiner.csv,205
sano,98,c098_r08_A_steiner.csv,227
sano,98,c098_r09_A_steiner.csv,204
sano,98,c098_r10_A_steiner.csv,191
sano,98,c098_r11_A_steiner.csv,213
sano,98,c098_r12_B_incremental.csv,230
sano,98,c098_r13_B_incremental.csv,218
sano,98,c098_r14_B_incremental.csv,195
sano,98,c098_r15_B_incremental.csv,206
sano,98,c098_r16_B_incremental.csv,199
sano,98,c098_r17_B_incremental.csv,215
sano,98,c098_r18_B_incremental.csv,212
sano,98,c098_r19_B_incremental.csv,200
sano,98,c098_r20_B_incremental.csv,221
sano,98,c098_r21_B_incremental.csv,225
sano,98,c098_r22_B_incremental.csv,215
sano,98,c098_r23_B_incremental.csv,208
sano,99,c099_r00_A_steiner.csv,205
sano,99,c099_r01_A_steiner.csv,198
sano,99,c099_r02_A_steiner.csv,203
sano,99,c099_r03_A_steiner.csv,222
sano,99,c099_r04_A_steiner.csv,211
sano,99,c099_r05_A_steiner.csv,186
sano,99,c099_r06_A_steiner.csv,199
sano,99,c099_r07_A_steiner.csv,181
sano,99,c099_r08_A_steiner.csv,220
sano,99,c099_r09_A_steiner.csv,214
sano,99,c099_r10_A_steiner.csv,203
sano,99,c099_r11_A_steiner.csv,210
sano,99,c099_r12_B_incremental.csv,211
sano,99,c099_r13_B_incremental.csv,225
sano,99,c099_r14_B_incremental.csv,202
sano,99,c099_r15_B_incremental.csv,225
sano,99,c099_r16_B_incremental.csv,207
sano,99,c099_r17_B_incremental.csv,222
sano,99,c099_r18_B_incremental.csv,200
sano,99,c099_r19_B_incremental.csv,205
sano,99,c099_r20_B_incremental.csv,202
sano,99,c099_r21_B_incremental.csv,203
sano,99,c099_r22_B_incremental.csv,229
sano,99,c099_r23_B_incremental.csv,217
sano,100,c100_r00_A_steiner.csv,223
sano,100,c100_r01_A_steiner.csv,201
sano,100,c100_r02_A_steiner.csv,202
sano,100,c100_r03_A_steiner.csv,203
sano,100,c100_r04_A_steiner.csv,218
sano,100,c100_r05_A_steiner.csv,206
sano,100,c100_r06_A_steiner.csv,201
sano,100,c100_r07_A_steiner.csv,197
sano,100,c100_r08_A_steiner.csv,198
sano,100,c100_r09_A_steiner.csv,206
sano,100,c100_r10_A_steiner.csv,216
sano,100,c100_r11_A_steiner.csv,210
sano,100,c100_r12_B_incremental.csv,203
sano,100,c100_r13_B_incremental.csv,217
sano,100,c100_r14_B_incremental.csv,213
sano,100,c100_r15_B_incremental.csv,197
sano,100,c100_r16_B_incremental.csv,236
sano,100,c100_r17_B_incremental.csv,208
sano,100,c100_r18_B_incremental.csv,230
sano,100,c100_r19_B_incremental.csv,192
sano,100,c100_r20_B_incremental.csv,207
sano,100,c100_r21_B_incremental.csv,207
sano,100,c100_r22_B_incremental.csv,215
sano,100,c100_r23_B_incremental.csv,194
sano,101,c101_r00_A_steiner.csv,206
sano,101,c101_r01_A_steiner.csv,209
sano,101,c101_r02_A_steiner.csv,193
sano,101,c101_r03_A_steiner.csv,225
sano,101,c101_r04_A_steiner.csv,209
sano,101,c101_r05_A_steiner.csv,207
sano,101,c101_r06_A_steiner.csv,225
sano,101,c101_r07_A_steiner.csv,211
sano,101,c101_r08_A_steiner.csv,229
sano,101,c101_r09_A_steiner.csv,206
sano,101,c101_r10_A_steiner.csv,210
sano,101,c101_r11_A_steiner.csv,188
sano,101,c101_r12_B_incremental.csv,195
sano,101,c101_r13_B_incremental.csv,247
sano,101,c101_r14_B_incremental.csv,214
sano,101,c101_r15_B_incremental.csv,215
sano,101,c101_r16_B_incremental.csv,216
sano,101,c101_r17_B_incremental.csv,184
sano,101,c101_r18_B_incremental.csv,195
sano,101,c101_r19_B_incremental.csv,215
sano,101,c101_r20_B_incremental.csv,210
sano,101,c101_r21_B_incremental.csv,195
sano,101,c101_r22_B_incremental.csv,196
sano,101,c101_r23_B_incremental.csv,200
sano,102,c102_r00_A_steiner.csv,223
sano,102,c102_r01_A_steiner.csv,191
sano,102,c102_r02_A_steiner.csv,233
sano,102,c102_r03_A_steiner.csv,232
sano,102,c102_r04_A_steiner.csv,204
sano,102,c102_r05_A_steiner.csv,197
sano,102,c102_r06_A_steiner.csv,207
sano,102,c102_r07_A_steiner.csv,204
sano,102,c102_r08_A_steiner.csv,222
sano,102,c102_r09_A_steiner.csv,198
sano,102,c102_r10_A_steiner.csv,204
sano,102,c102_r11_A_steiner.csv,217
sano,102,c102_r12_B_incremental.csv,215
sano,102,c102_r13_B_incremental.csv,205
sano,102,c102_r14_B_incremental.csv,204
sano,102,c102_r15_B_incremental.csv,213
sano,102,c102_r16_B_incremental.csv,213
sano,102,c102_r17_B_incremental.csv,215
sano,102,c102_r18_B_incremental.csv,202
sano,102,c102_r19_B_incremental.csv,185
sano,102,c102_r20_B_incremental.csv,230
sano,102,c102_r21_B_incremental.csv,192
sano,102,c102_r22_B_incremental.csv,196
sano,102,c102_r23_B_incremental.csv,198
sano,103,c103_r00_A_steiner.csv,201
sano,103,c103_r01_A_steiner.csv,212
sano,103,c103_r02_A_steiner.csv,198
sano,103,c103_r03_A_steiner.csv,232
sano,103,c103_r04_A_steiner.csv,215
sano,103,c103_r05_A_steiner.csv,213
sano,103,c103_r06_A_steiner.csv,212
sano,103,c103_r07_A_steiner.csv,221
sano,103,c103_r08_A_steiner.csv,223
sano,103,c103_r09_A_steiner.csv,221
sano,103,c103_r10_A_steiner.csv,207
sano,103,c103_r11_A_steiner.csv,188
sano,103,c103_r12_B_incremental.csv,192
sano,103,c103_r13_B_incremental.csv,202
sano,103,c103_r14_B_incremental.csv,198
sano,103,c103_r15_B_incremental.csv,220
sano,103,c103_r16_B_incremental.csv,210
sano,103,c103_r17_B_incremental.csv,212
sano,103,c103_r18_B_incremental.csv,207
sano,103,c103_r19_B_incremental.csv,210
sano,103,c103_r20_B_incremental.csv,206
sano,103,c103_r21_B_incremental.csv,186
sano,103,c103_r22_B_incremental.csv,218
sano,103,c103_r23_B_incremental.csv,196
sano,104,c104_r00_A_steiner.csv,215
sano,104,c104_r01_A_steiner.csv,217
sano,104,c104_r02_A_steiner.csv,214
sano,104,c104_r03_A_steiner.csv,194
sano,104,c104_r04_A_steiner.csv,210
sano,104,c104_r05_A_steiner.csv,201
sano,104,c104_r06_A_steiner.csv,210
sano,104,c104_r07_A_steiner.csv,205
sano,104,c104_r08_A_steiner.csv,200
sano,104,c104_r09_A_steiner.csv,212
sano,104,c104_r10_A_steiner.csv,200
sano,104,c104_r11_A_steiner.csv,215
sano,104,c104_r12_B_incremental.csv,198
sano,104,c104_r13_B_incremental.csv,207
sano,104,c104_r14_B_incremental.csv,223
sano,104,c104_r15_B_incremental.csv,205
sano,104,c104_r16_B_incremental.csv,204
sano,104,c104_r17_B_incremental.csv,211
sano,104,c104_r18_B_incremental.csv,189
sano,104,c104_r19_B_incremental.csv,237
sano,104,c104_r20_B_incremental.csv,196
sano,104,c104_r21_B_incremental.csv,215
sano,104,c104_r22_B_incremental.csv,208
sano,104,c104_r23_B_incremental.csv,214
sano,105,c105_r00_A_steiner.csv,223
sano,105,c105_r01_A_steiner.csv,213
sano,105,c105_r02_A_steiner.csv,248
sano,105,c105_r03_A_steiner.csv,225
sano,105,c105_r04_A_steiner.csv,216
sano,105,c105_r05_A_steiner.csv,175
sano,105,c105_r06_A_steiner.csv,232
sano,105,c105_r07_A_steiner.csv,205
sano,105,c105_r08_A_steiner.csv,201
sano,105,c105_r09_A_steiner.csv,198
sano,105,c105_r10_A_steiner.csv,216
sano,105,c105_r11_A_steiner.csv,177
sano,105,c105_r12_B_incremental.csv,203
sano,105,c105_r13_B_incremental.csv,192
sano,105,c105_r14_B_incremental.csv,184
sano,105,c105_r15_B_incremental.csv,208
sano,105,c105_r16_B_incremental.csv,230
sano,105,c105_r17_B_incremental.csv,226
sano,105,c105_r18_B_incremental.csv,188
sano,105,c105_r19_B_incremental.csv,203
sano,105,c105_r20_B_incremental.csv,199
sano,105,c105_r21_B_incremental.csv,214
sano,105,c105_r22_B_incremental.csv,214
sano,105,c105_r23_B_incremental.csv,210
sano,106,c106_r00_A_steiner.csv,228
sano,106,c106_r01_A_steiner.csv,194
sano,106,c106_r02_A_steiner.csv,199
sano,106,c106_r03_A_steiner.csv,215
sano,106,c106_r04_A_steiner.csv,204
sano,106,c106_r05_A_steiner.csv,194
sano,106,c106_r06_A_steiner.csv,216
sano,106,c106_r07_A_steiner.csv,213
sano,106,c106_r08_A_steiner.csv,197
sano,106,c106_r09_A_steiner.csv,183
sano,106,c106_r10_A_steiner.csv,221
sano,106,c106_r11_A_steiner.csv,221
sano,106,c106_r12_B_incremental.csv,222
sano,106,c106_r13_B_incremental.csv,217
sano,106,c106_r14_B_incremental.csv,207
sano,106,c106_r15_B_incremental.csv,215
sano,106,c106_r16_B_incremental.csv,193
sano,106,c106_r17_B_incremental.csv,190
sano,106,c106_r18_B_incremental.csv,217
sano,106,c106_r19_B_incremental.csv,205
sano,106,c106_r20_B_incremental.csv,198
sano,106,c106_r21_B_incremental.csv,213
sano,106,c106_r22_B_incremental.csv,210
sano,106,c106_r23_B_incremental.csv,228
sano,107,c107_r00_A_steiner.csv,222
sano,107,c107_r01_A_steiner.csv,187
sano,107,c107_r02_A_steiner.csv,223
sano,107,c107_r03_A_steiner.csv,198
sano,107,c107_r04_A_steiner.csv,199
sano,107,c107_r05_A_steiner.csv,206
sano,107,c107_r06_A_steiner.csv,221
sano,107,c107_r07_A_steiner.csv,208
sano,107,c107_r08_A_steiner.csv,208
sano,107,c107_r09_A_steiner.csv,206
sano,107,c107_r10_A_steiner.csv,225
sano,107,c107_r11_A_steiner.csv,211
sano,107,c107_r12_B_incremental.csv,215
sano,107,c107_r13_B_incremental.csv,214
sano,107,c107_r14_B_incremental.csv,199
sano,107,c107_r15_B_incremental.csv,209
sano,107,c107_r16_B_incremental.csv,196
sano,107,c107_r17_B_incremental.csv,205
sano,107,c107_r18_B_incremental.csv,197
sano,107,c107_r19_B_incremental.csv,173
sano,107,c107_r20_B_incremental.csv,222
sano,107,c107_r21_B_incremental.csv,215
sano,107,c107_r22_B_incremental.csv,214
sano,107,c107_r23_B_incremental.csv,227
sano,108,c108_r00_A_steiner.csv,199
sano,108,c108_r01_A_steiner.csv,204
sano,108,c108_r02_A_steiner.csv,231
sano,108,c108_r03_A_steiner.csv,188
sano,108,c108_r04_A_steiner.csv,209
sano,108,c108_r05_A_steiner.csv,226
sano,108,c108_r06_A_steiner.csv,208
sano,108,c108_r07_A_steiner.csv,210
sano,108,c108_r08_A_steiner.csv,209
sano,108,c108_r09_A_steiner.csv,183
sano,108,c108_r10_A_steiner.csv,191
sano,108,c108_r11_A_steiner.csv,208
sano,108,c108_r12_B_incremental.csv,215
sano,108,c108_r13_B_incremental.csv,208
sano,108,c108_r14_B_incremental.csv,214
sano,108,c108_r15_B_incremental.csv,205
sano,108,c108_r16_B_incremental.csv,203
sano,108,c108_r17_B_incremental.csv,189
sano,108,c108_r18_B_incremental.csv,223
sano,108,c108_r19_B_incremental.csv,212
sano,108,c108_r20_B_incremental.csv,215
sano,108,c108_r21_B_incremental.csv,210
sano,108,c108_r22_B_incremental.csv,239
sano,108,c108_r23_B_incremental.csv,201
sano,109,c109_r00_A_steiner.csv,213
sano,109,c109_r01_A_steiner.csv,199
sano,109,c109_r02_A_steiner.csv,198
sano,109,c109_r03_A_steiner.csv,211
sano,109,c109_r04_A_steiner.csv,194
sano,109,c109_r05_A_steiner.csv,171
sano,109,c109_r06_A_steiner.csv,212
sano,109,c109_r07_A_steiner.csv,174
sano,109,c109_r08_A_steiner.csv,234
sano,109,c109_r09_A_steiner.csv,193
sano,109,c109_r10_A_steiner.csv,198
sano,109,c109_r11_A_steiner.csv,224
sano,109,c109_r12_B_incremental.csv,212
sano,109,c109_r13_B_incremental.csv,225
sano,109,c109_r14_B_incremental.csv,212
sano,109,c109_r15_B_incremental.csv,194
sano,109,c109_r16_B_incremental.csv,208
sano,109,c109_r17_B_incremental.csv,225
sano,109,c109_r18_B_incremental.csv,220
sano,109,c109_r19_B_incremental.csv,219
sano,109,c109_r20_B_incremental.csv,233
sano,109,c109_r21_B_incremental.csv,214
sano,109,c109_r22_B_incremental.csv,196
sano,109,c109_r23_B_incremental.csv,221
sano,110,c110_r00_A_steiner.csv,199
sano,110,c110_r01_A_steiner.csv,205
sano,110,c110_r02_A_steiner.csv,212
sano,110,c110_r03_A_steiner.csv,220
sano,110,c110_r04_A_steiner.csv,223
sano,110,c110_r05_A_steiner.csv,201
sano,110,c110_r06_A_steiner.csv,182
sano,110,c110_r07_A_steiner.csv,200
sano,110,c110_r08_A_steiner.csv,189
sano,110,c110_r09_A_steiner.csv,227
sano,110,c110_r10_A_steiner.csv,212
sano,110,c110_r11_A_steiner.csv,209
sano,110,c110_r12_B_incremental.csv,211
sano,110,c110_r13_B_incremental.csv,207
sano,110,c110_r14_B_incremental.csv,235
sano,110,c110_r15_B_incremental.csv,197
sano,110,c110_r16_B_incremental.csv,192
sano,110,c110_r17_B_incremental.csv,214
sano,110,c110_r18_B_incremental.csv,194
sano,110,c110_r19_B_incremental.csv,206
sano,110,c110_r20_B_incremental.csv,206
sano,110,c110_r21_B_incremental.csv,226
sano,110,c110_r22_B_incremental.csv,195
sano,110,c110_r23_B_incremental.csv,238
sano,111,c111_r00_A_steiner.csv,212
sano,111,c111_r01_A_steiner.csv,196
sano,111,c111_r02_A_steiner.csv,223
sano,111,c111_r03_A_steiner.csv,196
sano,111,c111_r04_A_steiner.csv,216
sano,111,c111_r05_A_steiner.csv,207
sano,111,c111_r06_A_steiner.csv,213
sano,111,c111_r07_A_steiner.csv,205
sano,111,c111_r08_A_steiner.csv,238
sano,111,c111_r09_A_steiner.csv,194
sano,111,c111_r10_A_steiner.csv,197
sano,111,c111_r11_A_steiner.csv,215
sano,111,c111_r12_B_incremental.csv,222
sano,111,c111_r13_B_incremental.csv,210
sano,111,c111_r14_B_incremental.csv,210
sano,111,c111_r15_B_incremental.csv,196
sano,111,c111_r16_B_incremental.csv,205
sano,111,c111_r17_B_incremental.csv,198
sano,111,c111_r18_B_incremental.csv,195
sano,111,c111_r19_B_incremental.csv,208
sano,111,c111_r20_B_incremental.csv,234
sano,111,c111_r21_B_incremental.csv,205
sano,111,c111_r22_B_incremental.csv,204
sano,111,c111_r23_B_incremental.csv,201
sano,112,c112_r00_A_steiner.csv,206
sano,112,c112_r01_A_steiner.csv,231
sano,112,c112_r02_A_steiner.csv,209
sano,112,c112_r03_A_steiner.csv,186
sano,112,c112_r04_A_steiner.csv,235
sano,112,c112_r05_A_steiner.csv,203
sano,112,c112_r06_A_steiner.csv,205
sano,112,c112_r07_A_steiner.csv,169
sano,112,c112_r08_A_steiner.csv,198
sano,112,c112_r09_A_steiner.csv,242
sano,112,c112_r10_A_steiner.csv,201
sano,112,c112_r11_A_steiner.csv,238
sano,112,c112_r12_B_incremental.csv,219
sano,112,c112_r13_B_incremental.csv,193
sano,112,c112_r14_B_incremental.csv,194
sano,112,c112_r15_B_incremental.csv,212
sano,112,c112_r16_B_incremental.csv,218
sano,112,c112_r17_B_incremental.csv,218
sano,112,c112_r18_B_incremental.csv,201
sano,112,c112_r19_B_incremental.csv,215
sano,112,c112_r20_B_incremental.csv,197
sano,112,c112_r21_B_incremental.csv,188
sano,112,c112_r22_B_incremental.csv,201
sano,112,c112_r23_B_incremental.csv,221
sano,113,c113_r00_A_steiner.csv,233
sano,113,c113_r01_A_steiner.csv,210
sano,113,c113_r02_A_steiner.csv,195
sano,113,c113_r03_A_steiner.csv,184
sano,113,c113_r04_A_steiner.csv,242
sano,113,c113_r05_A_steiner.csv,199
sano,113,c113_r06_A_steiner.csv,236
sano,113,c113_r07_A_steiner.csv,182
sano,113,c113_r08_A_steiner.csv,199
sano,113,c113_r09_A_steiner.csv,205
sano,113,c113_r10_A_steiner.csv,217
sano,113,c113_r11_A_steiner.csv,199
sano,113,c113_r12_B_incremental.csv,204
sano,113,c113_r13_B_incremental.csv,212
sano,113,c113_r14_B_incremental.csv,216
sano,113,c113_r15_B_incremental.csv,195
sano,113,c113_r16_B_incremental.csv,227
sano,113,c113_r17_B_incremental.csv,190
sano,113,c113_r18_B_incremental.csv,196
sano,113,c113_r19_B_incremental.csv,226
sano,113,c113_r20_B_incremental.csv,220
sano,113,c113_r21_B_incremental.csv,216
sano,113,c113_r22_B_incremental.csv,213
sano,113,c113_r23_B_incremental.csv,184
sano,114,c114_r00_A_steiner.csv,219
sano,114,c114_r01_A_steiner.csv,211
sano,114,c114_r02_A_steiner.csv,214
sano,114,c114_r03_A_steiner.csv,214
sano,114,c114_r04_A_steiner.csv,221
sano,114,c114_r05_A_steiner.csv,222
sano,114,c114_r06_A_steiner.csv,212
sano,114,c114_r07_A_steiner.csv,184
sano,114,c114_r08_A_steiner.csv,204
sano,114,c114_r09_A_steiner.csv,205
sano,114,c114_r10_A_steiner.csv,203
sano,114,c114_r11_A_steiner.csv,208
sano,114,c114_r12_B_incremental.csv,196
sano,114,c114_r13_B_incremental.csv,216
sano,114,c114_r14_B_incremental.csv,205
sano,114,c114_r15_B_incremental.csv,204
sano,114,c114_r16_B_incremental.csv,214
sano,114,c114_r17_B_incremental.csv,181
sano,114,c114_r18_B_incremental.csv,210
sano,114,c114_r19_B_incremental.csv,203
sano,114,c114_r20_B_incremental.csv,213
sano,114,c114_r21_B_incremental.csv,206
sano,114,c114_r22_B_incremental.csv,202
sano,114,c114_r23_B_incremental.csv,233
sano,115,c115_r00_A_steiner.csv,202
sano,115,c115_r01_A_steiner.csv,195
sano,115,c115_r02_A_steiner.csv,217
sano,115,c115_r03_A_steiner.csv,222
sano,115,c115_r04_A_steiner.csv,216
sano,115,c115_r05_A_steiner.csv,177
sano,115,c115_r06_A_steiner.csv,236
sano,115,c115_r07_A_steiner.csv,220
sano,115,c115_r08_A_steiner.csv,186
sano,115,c115_r09_A_steiner.csv,239
sano,115,c115_r10_A_steiner.csv,224
sano,115,c115_r11_A_steiner.csv,203
sano,115,c115_r12_B_incremental.csv,192
sano,115,c115_r13_B_incremental.csv,203
sano,115,c115_r14_B_incremental.csv,207
sano,115,c115_r15_B_incremental.csv,218
sano,115,c115_r16_B_incremental.csv,192
sano,115,c115_r17_B_incremental.csv,209
sano,115,c115_r18_B_incremental.csv,223
sano,115,c115_r19_B_incremental.csv,214
sano,115,c115_r20_B_incremental.csv,196
sano,115,c115_r21_B_incremental.csv,207
sano,115,c115_r22_B_incremental.csv,186
sano,115,c115_r23_B_incremental.csv,216
sano,116,c116_r00_A_steiner.csv,213
sano,116,c116_r01_A_steiner.csv,191
sano,116,c116_r02_A_steiner.csv,203
sano,116,c116_r03_A_steiner.csv,202
sano,116,c116_r04_A_steiner.csv,229
sano,116,c116_r05_A_steiner.csv,216
sano,116,c116_r06_A_steiner.csv,187
sano,116,c116_r07_A_steiner.csv,229
sano,116,c116_r08_A_steiner.csv,195
sano,116,c116_r09_A_steiner.csv,235
sano,116,c116_r10_A_steiner.csv,195
sano,116,c116_r11_A_steiner.csv,196
sano,116,c116_r12_B_incremental.csv,206
sano,116,c116_r13_B_incremental.csv,227
sano,116,c116_r14_B_incremental.csv,202
sano,116,c116_r15_B_incremental.csv,223
sano,116,c116_r16_B_incremental.csv,188
sano,116,c116_r17_B_incremental.csv,203
sano,116,c116_r18_B_incremental.csv,231
sano,116,c116_r19_B_incremental.csv,199
sano,116,c116_r20_B_incremental.csv,216
sano,116,c116_r21_B_incremental.csv,216
sano,116,c116_r22_B_incremental.csv,198
sano,116,c116_r23_B_incremental.csv,200
sano,117,c117_r00_A_steiner.csv,206
sano,117,c117_r01_A_steiner.csv,188
sano,117,c117_r02_A_steiner.csv,217
sano,117,c117_r03_A_steiner.csv,182
sano,117,c117_r04_A_steiner.csv,224
sano,117,c117_r05_A_steiner.csv,209
sano,117,c117_r06_A_steiner.csv,161
sano,117,c117_r07_A_steiner.csv,205
sano,117,c117_r08_A_steiner.csv,212
sano,117,c117_r09_A_steiner.csv,193
sano,117,c117_r10_A_steiner.csv,206
sano,117,c117_r11_A_steiner.csv,207
sano,117,c117_r12_B_incremental.csv,223
sano,117,c117_r13_B_incremental.csv,210
sano,117,c117_r14_B_incremental.csv,217
sano,117,c117_r15_B_incremental.csv,223
sano,117,c117_r16_B_incremental.csv,212
sano,117,c117_r17_B_incremental.csv,205
sano,117,c117_r18_B_incremental.csv,211
sano,117,c117_r19_B_incremental.csv,227
sano,117,c117_r20_B_incremental.csv,216
sano,117,c117_r21_B_incremental.csv,206
sano,117,c117_r22_B_incremental.csv,211
sano,117,c117_r23_B_incremental.csv,229
sano,118,c118_r00_A_steiner.csv,204
sano,118,c118_r01_A_steiner.csv,217
sano,118,c118_r02_A_steiner.csv,237
sano,118,c118_r03_A_steiner.csv,202
sano,118,c118_r04_A_steiner.csv,177
sano,118,c118_r05_A_steiner.csv,212
sano,118,c118_r06_A_steiner.csv,197
sano,118,c118_r07_A_steiner.csv,200
sano,118,c118_r08_A_steiner.csv,237
sano,118,c118_r09_A_steiner.csv,218
sano,118,c118_r10_A_steiner.csv,205
sano,118,c118_r11_A_steiner.csv,213
sano,118,c118_r12_B_incremental.csv,219
sano,118,c118_r13_B_incremental.csv,216
sano,118,c118_r14_B_incremental.csv,204
sano,118,c118_r15_B_incremental.csv,199
sano,118,c118_r16_B_incremental.csv,211
sano,118,c118_r17_B_incremental.csv,208
sano,118,c118_r18_B_incremental.csv,178
sano,118,c118_r19_B_incremental.csv,195
sano,118,c118_r20_B_incremental.csv,208
sano,118,c118_r21_B_incremental.csv,216
sano,118,c118_r22_B_incremental.csv,205
sano,118,c118_r23_B_incremental.csv,222
sano,119,c119_r00_A_steiner.csv,209
sano,119,c119_r01_A_steiner.csv,207
sano,119,c119_r02_A_steiner.csv,225
sano,119,c119_r03_A_steiner.csv,204
sano,119,c119_r04_A_steiner.csv,195
sano,119,c119_r05_A_steiner.csv,198
sano,119,c119_r06_A_steiner.csv,203
sano,119,c119_r07_A_steiner.csv,201
sano,119,c119_r08_A_steiner.csv,191
sano,119,c119_r09_A_steiner.csv,241
sano,119,c119_r10_A_steiner.csv,212
sano,119,c119_r11_A_steiner.csv,196
sano,119,c119_r12_B_incremental.csv,227
sano,119,c119_r13_B_incremental.csv,211
sano,119,c119_r14_B_incremental.csv,211
sano,119,c119_r15_B_incremental.csv,215
sano,119,c119_r16_B_incremental.csv,194
sano,119,c119_r17_B_incremental.csv,205
sano,119,c119_r18_B_incremental.csv,216
sano,119,c119_r19_B_incremental.csv,204
sano,119,c119_r20_B_incremental.csv,199
sano,119,c119_r21_B_incremental.csv,208
sano,119,c119_r22_B_incremental.csv,219
sano,119,c119_r23_B_incremental.csv,209
sano,120,c120_r00_A_steiner.csv,199
sano,120,c120_r01_A_steiner.csv,204
sano,120,c120_r02_A_steiner.csv,221
sano,120,c120_r03_A_steiner.csv,207
sano,120,c120_r04_A_steiner.csv,214
sano,120,c120_r05_A_steiner.csv,209
sano,120,c120_r06_A_steiner.csv,225
sano,120,c120_r07_A_steiner.csv,189
sano,120,c120_r08_A_steiner.csv,209
sano,120,c120_r09_A_steiner.csv,209
sano,120,c120_r10_A_steiner.csv,204
sano,120,c120_r11_A_steiner.csv,212
sano,120,c120_r12_B_incremental.csv,223
sano,120,c120_r13_B_incremental.csv,236
sano,120,c120_r14_B_incremental.csv,215
sano,120,c120_r15_B_incremental.csv,203
sano,120,c120_r16_B_incremental.csv,212
sano,120,c120_r17_B_incremental.csv,209
sano,120,c120_r18_B_incremental.csv,217
sano,120,c120_r19_B_incremental.csv,181
sano,120,c120_r20_B_incremental.csv,206
sano,120,c120_r21_B_incremental.csv,192
sano,120,c120_r22_B_incremental.csv,219
sano,120,c120_r23_B_incremental.csv,185
sano,121,c121_r00_A_steiner.csv,188
sano,121,c121_r01_A_steiner.csv,202
sano,121,c121_r02_A_steiner.csv,215
sano,121,c121_r03_A_steiner.csv,214
sano,121,c121_r04_A_steiner.csv,213
sano,121,c121_r05_A_steiner.csv,209
sano,121,c121_r06_A_steiner.csv,189
sano,121,c121_r07_A_steiner.csv,201
sano,121,c121_r08_A_steiner.csv,211
sano,121,c121_r09_A_steiner.csv,218
sano,121,c121_r10_A_steiner.csv,184
sano,121,c121_r11_A_steiner.csv,195
sano,121,c121_r12_B_incremental.csv,200
sano,121,c121_r13_B_incremental.csv,206
sano,121,c121_r14_B_incremental.csv,234
sano,121,c121_r15_B_incremental.csv,203
sano,121,c121_r16_B_incremental.csv,237
sano,121,c121_r17_B_incremental.csv,218
sano,121,c121_r18_B_incremental.csv,209
sano,121,c121_r19_B_incremental.csv,221
sano,121,c121_r20_B_incremental.csv,239
sano,121,c121_r21_B_incremental.csv,225
sano,121,c121_r22_B_incremental.csv,198
sano,121,c121_r23_B_incremental.csv,171
sano,122,c122_r00_A_steiner.csv,195
sano,122,c122_r01_A_steiner.csv,215
sano,122,c122_r02_A_steiner.csv,181
sano,122,c122_r03_A_steiner.csv,206
sano,122,c122_r04_A_steiner.csv,212
sano,122,c122_r05_A_steiner.csv,217
sano,122,c122_r06_A_steiner.csv,229
sano,122,c122_r07_A_steiner.csv,196
sano,122,c122_r08_A_steiner.csv,218
sano,122,c122_r09_A_steiner.csv,210
sano,122,c122_r10_A_steiner.csv,204
sano,122,c122_r11_A_steiner.csv,213
sano,122,c122_r12_B_incremental.csv,187
sano,122,c122_r13_B_incremental.csv,204
sano,122,c122_r14_B_incremental.csv,208
sano,122,c122_r15_B_incremental.csv,202
sano,122,c122_r16_B_incremental.csv,220
sano,122,c122_r17_B_incremental.csv,221
sano,122,c122_r18_B_incremental.csv,218
sano,122,c122_r19_B_incremental.csv,192
sano,122,c122_r20_B_incremental.csv,226
sano,122,c122_r21_B_incremental.csv,208
sano,122,c122_r22_B_incremental.csv,219
sano,122,c122_r23_B_incremental.csv,199
sano,123,singleton_co_located_source,5000
sano,124,c124_r00_A_steiner.csv,208
sano,124,c124_r01_A_steiner.csv,190
sano,124,c124_r02_A_steiner.csv,210
sano,124,c124_r03_A_steiner.csv,206
sano,124,c124_r04_A_steiner.csv,231
sano,124,c124_r05_A_steiner.csv,225
sano,124,c124_r06_A_steiner.csv,226
sano,124,c124_r07_A_steiner.csv,216
sano,124,c124_r08_A_steiner.csv,223
sano,124,c124_r09_A_steiner.csv,208
sano,124,c124_r10_A_steiner.csv,211
sano,124,c124_r11_A_steiner.csv,189
sano,124,c124_r12_B_incremental.csv,214
sano,124,c124_r13_B_incremental.csv,175
sano,124,c124_r14_B_incremental.csv,215
sano,124,c124_r15_B_incremental.csv,212
sano,124,c124_r16_B_incremental.csv,219
sano,124,c124_r17_B_incremental.csv,195
sano,124,c124_r18_B_incremental.csv,201
sano,124,c124_r19_B_incremental.csv,222
sano,124,c124_r20_B_incremental.csv,195
sano,124,c124_r21_B_incremental.csv,190
sano,124,c124_r22_B_incremental.csv,213
sano,124,c124_r23_B_incremental.csv,206
sano,125,singleton_co_located_source,5000
sano,126,c126_r00_A_steiner.csv,208
sano,126,c126_r01_A_steiner.csv,187
sano,126,c126_r02_A_steiner.csv,207
sano,126,c126_r03_A_steiner.csv,180
sano,126,c126_r04_A_steiner.csv,224
sano,126,c126_r05_A_steiner.csv,214
sano,126,c126_r06_A_steiner.csv,190
sano,126,c126_r07_A_steiner.csv,229
sano,126,c126_r08_A_steiner.csv,242
sano,126,c126_r09_A_steiner.csv,232
sano,126,c126_r10_A_steiner.csv,238
sano,126,c126_r11_A_steiner.csv,201
sano,126,c126_r12_B_incremental.csv,180
sano,126,c126_r13_B_incremental.csv,220
sano,126,c126_r14_B_incremental.csv,244
sano,126,c126_r15_B_incremental.csv,214
sano,126,c126_r16_B_incremental.csv,200
sano,126,c126_r17_B_incremental.csv,204
sano,126,c126_r18_B_incremental.csv,206
sano,126,c126_r19_B_incremental.csv,185
sano,126,c126_r20_B_incremental.csv,188
sano,126,c126_r21_B_incremental.csv,192
sano,126,c126_r22_B_incremental.csv,217
sano,126,c126_r23_B_incremental.csv,198
sano,127,c127_r00_A_steiner.csv,187
sano,127,c127_r01_A_steiner.csv,192
sano,127,c127_r02_A_steiner.csv,208
sano,127,c127_r03_A_steiner.csv,221
sano,127,c127_r04_A_steiner.csv,207
sano,127,c127_r05_A_steiner.csv,204
sano,127,c127_r06_A_steiner.csv,206
sano,127,c127_r07_A_steiner.csv,189
sano,127,c127_r08_A_steiner.csv,208
sano,127,c127_r09_A_steiner.csv,228
sano,127,c127_r10_A_steiner.csv,210
sano,127,c127_r11_A_steiner.csv,201
sano,127,c127_r12_B_incremental.csv,211
sano,127,c127_r13_B_incremental.csv,194
sano,127,c127_r14_B_incremental.csv,201
sano,127,c127_r15_B_incremental.csv,224
sano,127,c127_r16_B_incremental.csv,184
sano,127,c127_r17_B_incremental.csv,216
sano,127,c127_r18_B_incremental.csv,215
sano,127,c127_r19_B_incremental.csv,216
sano,127,c127_r20_B_incremental.csv,227
sano,127,c127_r21_B_incremental.csv,217
sano,127,c127_r22_B_incremental.csv,219
sano,127,c127_r23_B_incremental.csv,215
sano,128,c128_r00_A_steiner.csv,211
sano,128,c128_r01_A_steiner.csv,195
sano,128,c128_r02_A_steiner.csv,197
sano,128,c128_r03_A_steiner.csv,208
sano,128,c128_r04_A_steiner.csv,210
sano,128,c128_r05_A_steiner.csv,237
sano,128,c128_r06_A_steiner.csv,205
sano,128,c128_r07_A_steiner.csv,222
sano,128,c128_r08_A_steiner.csv,190
sano,128,c128_r09_A_steiner.csv,190
sano,128,c128_r10_A_steiner.csv,220
sano,128,c128_r11_A_steiner.csv,210
sano,128,c128_r12_B_incremental.csv,217
sano,128,c128_r13_B_incremental.csv,203
sano,128,c128_r14_B_incremental.csv,198
sano,128,c128_r15_B_incremental.csv,221
sano,128,c128_r16_B_incremental.csv,187
sano,128,c128_r17_B_incremental.csv,189
sano,128,c128_r18_B_incremental.csv,207
sano,128,c128_r19_B_incremental.csv,190
sano,128,c128_r20_B_incremental.csv,233
sano,128,c128_r21_B_incremental.csv,225
sano,128,c128_r22_B_incremental.csv,205
sano,128,c128_r23_B_incremental.csv,230
sano,129,c129_r00_A_steiner.csv,201
sano,129,c129_r01_A_steiner.csv,200
sano,129,c129_r02_A_steiner.csv,226
sano,129,c129_r03_A_steiner.csv,192
sano,129,c129_r04_A_steiner.csv,190
sano,129,c129_r05_A_steiner.csv,206
sano,129,c129_r06_A_steiner.csv,213
sano,129,c129_r07_A_steiner.csv,214
sano,129,c129_r08_A_steiner.csv,198
sano,129,c129_r09_A_steiner.csv,190
sano,129,c129_r10_A_steiner.csv,232
sano,129,c129_r11_A_steiner.csv,205
sano,129,c129_r12_B_incremental.csv,190
sano,129,c129_r13_B_incremental.csv,225
sano,129,c129_r14_B_incremental.csv,210
sano,129,c129_r15_B_incremental.csv,200
sano,129,c129_r16_B_incremental.csv,223
sano,129,c129_r17_B_incremental.csv,236
sano,129,c129_r18_B_incremental.csv,221
sano,129,c129_r19_B_incremental.csv,195
sano,129,c129_r20_B_incremental.csv,207
sano,129,c129_r21_B_incremental.csv,228
sano,129,c129_r22_B_incremental.csv,187
sano,129,c129_r23_B_incremental.csv,211
sano,130,c130_r00_A_steiner.csv,204
sano,130,c130_r01_A_steiner.csv,211
sano,130,c130_r02_A_steiner.csv,208
sano,130,c130_r03_A_steiner.csv,198
sano,130,c130_r04_A_steiner.csv,192
sano,130,c130_r05_A_steiner.csv,213
sano,130,c130_r06_A_steiner.csv,215
sano,130,c130_r07_A_steiner.csv,221
sano,130,c130_r08_A_steiner.csv,177
sano,130,c130_r09_A_steiner.csv,204
sano,130,c130_r10_A_steiner.csv,218
sano,130,c130_r11_A_steiner.csv,202
sano,130,c130_r12_B_incremental.csv,215
sano,130,c130_r13_B_incremental.csv,209
sano,130,c130_r14_B_incremental.csv,219
sano,130,c130_r15_B_incremental.csv,220
sano,130,c130_r16_B_incremental.csv,197
sano,130,c130_r17_B_incremental.csv,235
sano,130,c130_r18_B_incremental.csv,219
sano,130,c130_r19_B_incremental.csv,235
sano,130,c130_r20_B_incremental.csv,210
sano,130,c130_r21_B_incremental.csv,185
sano,130,c130_r22_B_incremental.csv,199
sano,130,c130_r23_B_incremental.csv,194
sano,131,c131_r00_A_steiner.csv,212
sano,131,c131_r01_A_steiner.csv,190
sano,131,c131_r02_A_steiner.csv,201
sano,131,c131_r03_A_steiner.csv,215
sano,131,c131_r04_A_steiner.csv,206
sano,131,c131_r05_A_steiner.csv,203
sano,131,c131_r06_A_steiner.csv,215
sano,131,c131_r07_A_steiner.csv,183
sano,131,c131_r08_A_steiner.csv,229
sano,131,c131_r09_A_steiner.csv,191
sano,131,c131_r10_A_steiner.csv,206
sano,131,c131_r11_A_steiner.csv,206
sano,131,c131_r12_B_incremental.csv,208
sano,131,c131_r13_B_incremental.csv,213
sano,131,c131_r14_B_incremental.csv,211
sano,131,c131_r15_B_incremental.csv,198
sano,131,c131_r16_B_incremental.csv,222
sano,131,c131_r17_B_incremental.csv,184
sano,131,c131_r18_B_incremental.csv,210
sano,131,c131_r19_B_incremental.csv,240
sano,131,c131_r20_B_incremental.csv,201
sano,131,c131_r21_B_incremental.csv,226
sano,131,c131_r22_B_incremental.csv,228
sano,131,c131_r23_B_incremental.csv,202
sano,132,c132_r00_A_steiner.csv,204
sano,132,c132_r01_A_steiner.csv,209
sano,132,c132_r02_A_steiner.csv,205
sano,132,c132_r03_A_steiner.csv,197
sano,132,c132_r04_A_steiner.csv,206
sano,132,c132_r05_A_steiner.csv,226
sano,132,c132_r06_A_steiner.csv,215
sano,132,c132_r07_A_steiner.csv,221
sano,132,c132_r08_A_steiner.csv,204
sano,132,c132_r09_A_steiner.csv,213
sano,132,c132_r10_A_steiner.csv,196
sano,132,c132_r11_A_steiner.csv,210
sano,132,c132_r12_B_incremental.csv,206
sano,132,c132_r13_B_incremental.csv,207
sano,132,c132_r14_B_incremental.csv,198
sano,132,c132_r15_B_incremental.csv,206
sano,132,c132_r16_B_incremental.csv,190
sano,132,c132_r17_B_incremental.csv,203
sano,132,c132_r18_B_incremental.csv,211
sano,132,c132_r19_B_incremental.csv,220
sano,132,c132_r20_B_incremental.csv,211
sano,132,c132_r21_B_incremental.csv,213
sano,132,c132_r22_B_incremental.csv,213
sano,132,c132_r23_B_incremental.csv,216
sano,133,c133_r00_A_steiner.csv,222
sano,133,c133_r01_A_steiner.csv,205
sano,133,c133_r02_A_steiner.csv,201
sano,133,c133_r03_A_steiner.csv,200
sano,133,c133_r04_A_steiner.csv,222
sano,133,c133_r05_A_steiner.csv,186
sano,133,c133_r06_A_steiner.csv,226
sano,133,c133_r07_A_steiner.csv,189
sano,133,c133_r08_A_steiner.csv,201
sano,133,c133_r09_A_steiner.csv,208
sano,133,c133_r10_A_steiner.csv,226
sano,133,c133_r11_A_steiner.csv,206
sano,133,c133_r12_B_incremental.csv,203
sano,133,c133_r13_B_incremental.csv,217
sano,133,c133_r14_B_incremental.csv,200
sano,133,c133_r15_B_incremental.csv,203
sano,133,c133_r16_B_incremental.csv,212
sano,133,c133_r17_B_incremental.csv,190
sano,133,c133_r18_B_incremental.csv,234
sano,133,c133_r19_B_incremental.csv,194
sano,133,c133_r20_B_incremental.csv,224
sano,133,c133_r21_B_incremental.csv,198
sano,133,c133_r22_B_incremental.csv,215
sano,133,c133_r23_B_incremental.csv,218
sano,134,c134_r00_A_steiner.csv,214
sano,134,c134_r01_A_steiner.csv,196
sano,134,c134_r02_A_steiner.csv,189
sano,134,c134_r03_A_steiner.csv,197
sano,134,c134_r04_A_steiner.csv,216
sano,134,c134_r05_A_steiner.csv,236
sano,134,c134_r06_A_steiner.csv,207
sano,134,c134_r07_A_steiner.csv,211
sano,134,c134_r08_A_steiner.csv,208
sano,134,c134_r09_A_steiner.csv,220
sano,134,c134_r10_A_steiner.csv,184
sano,134,c134_r11_A_steiner.csv,206
sano,134,c134_r12_B_incremental.csv,236
sano,134,c134_r13_B_incremental.csv,196
sano,134,c134_r14_B_incremental.csv,212
sano,134,c134_r15_B_incremental.csv,210
sano,134,c134_r16_B_incremental.csv,196
sano,134,c134_r17_B_incremental.csv,210
sano,134,c134_r18_B_incremental.csv,221
sano,134,c134_r19_B_incremental.csv,214
sano,134,c134_r20_B_incremental.csv,211
sano,134,c134_r21_B_incremental.csv,196
sano,134,c134_r22_B_incremental.csv,225
sano,134,c134_r23_B_incremental.csv,189
sano,135,c135_r00_A_steiner.csv,179
sano,135,c135_r01_A_steiner.csv,206
sano,135,c135_r02_A_steiner.csv,217
sano,135,c135_r03_A_steiner.csv,209
sano,135,c135_r04_A_steiner.csv,219
sano,135,c135_r05_A_steiner.csv,197
sano,135,c135_r06_A_steiner.csv,217
sano,135,c135_r07_A_steiner.csv,215
sano,135,c135_r08_A_steiner.csv,188
sano,135,c135_r09_A_steiner.csv,212
sano,135,c135_r10_A_steiner.csv,188
sano,135,c135_r11_A_steiner.csv,192
sano,135,c135_r12_B_incremental.csv,199
sano,135,c135_r13_B_incremental.csv,210
sano,135,c135_r14_B_incremental.csv,235
sano,135,c135_r15_B_incremental.csv,198
sano,135,c135_r16_B_incremental.csv,188
sano,135,c135_r17_B_incremental.csv,213
sano,135,c135_r18_B_incremental.csv,247
sano,135,c135_r19_B_incremental.csv,237
sano,135,c135_r20_B_incremental.csv,203
sano,135,c135_r21_B_incremental.csv,219
sano,135,c135_r22_B_incremental.csv,202
sano,135,c135_r23_B_incremental.csv,210
sano,136,c136_r00_A_steiner.csv,213
sano,136,c136_r01_A_steiner.csv,178
sano,136,c136_r02_A_steiner.csv,211
sano,136,c136_r03_A_steiner.csv,214
sano,136,c136_r04_A_steiner.csv,208
sano,136,c136_r05_A_steiner.csv,196
sano,136,c136_r06_A_steiner.csv,199
sano,136,c136_r07_A_steiner.csv,225
sano,136,c136_r08_A_steiner.csv,227
sano,136,c136_r09_A_steiner.csv,216
sano,136,c136_r10_A_steiner.csv,216
sano,136,c136_r11_A_steiner.csv,197
sano,136,c136_r12_B_incremental.csv,186
sano,136,c136_r13_B_incremental.csv,200
sano,136,c136_r14_B_incremental.csv,200
sano,136,c136_r15_B_incremental.csv,214
sano,136,c136_r16_B_incremental.csv,217
sano,136,c136_r17_B_incremental.csv,213
sano,136,c136_r18_B_incremental.csv,214
sano,136,c136_r19_B_incremental.csv,226
sano,136,c136_r20_B_incremental.csv,211
sano,136,c136_r21_B_incremental.csv,204
sano,136,c136_r22_B_incremental.csv,188
sano,136,c136_r23_B_incremental.csv,227
sano,137,c137_r00_A_steiner.csv,202
sano,137,c137_r01_A_steiner.csv,199
sano,137,c137_r02_A_steiner.csv,189
sano,137,c137_r03_A_steiner.csv,207
sano,137,c137_r04_A_steiner.csv,201
sano,137,c137_r05_A_steiner.csv,185
sano,137,c137_r06_A_steiner.csv,213
sano,137,c137_r07_A_steiner.csv,206
sano,137,c137_r08_A_steiner.csv,211
sano,137,c137_r09_A_steiner.csv,203
sano,137,c137_r10_A_steiner.csv,192
sano,137,c137_r11_A_steiner.csv,205
sano,137,c137_r12_B_incremental.csv,199
sano,137,c137_r13_B_incremental.csv,207
sano,137,c137_r14_B_incremental.csv,203
sano,137,c137_r15_B_incremental.csv,221
sano,137,c137_r16_B_incremental.csv,190
sano,137,c137_r17_B_incremental.csv,217
sano,137,c137_r18_B_incremental.csv,219
sano,137,c137_r19_B_incremental.csv,203
sano,137,c137_r20_B_incremental.csv,253
sano,137,c137_r21_B_incremental.csv,245
sano,137,c137_r22_B_incremental.csv,222
sano,137,c137_r23_B_incremental.csv,208
sano,138,c138_r00_A_steiner.csv,221
sano,138,c138_r01_A_steiner.csv,216
sano,138,c138_r02_A_steiner.csv,212
sano,138,c138_r03_A_steiner.csv,203
sano,138,c138_r04_A_steiner.csv,213
sano,138,c138_r05_A_steiner.csv,205
sano,138,c138_r06_A_steiner.csv,201
sano,138,c138_r07_A_steiner.csv,203
sano,138,c138_r08_A_steiner.csv,214
sano,138,c138_r09_A_steiner.csv,177
sano,138,c138_r10_A_steiner.csv,203
sano,138,c138_r11_A_steiner.csv,195
sano,138,c138_r12_B_incremental.csv,230
sano,138,c138_r13_B_incremental.csv,217
sano,138,c138_r14_B_incremental.csv,211
sano,138,c138_r15_B_incremental.csv,215
sano,138,c138_r16_B_incremental.csv,193
sano,138,c138_r17_B_incremental.csv,197
sano,138,c138_r18_B_incremental.csv,216
sano,138,c138_r19_B_incremental.csv,225
sano,138,c138_r20_B_incremental.csv,201
sano,138,c138_r21_B_incremental.csv,195
sano,138,c138_r22_B_incremental.csv,224
sano,138,c138_r23_B_incremental.csv,213
sano,139,c139_r00_A_steiner.csv,198
sano,139,c139_r01_A_steiner.csv,197
sano,139,c139_r02_A_steiner.csv,204
sano,139,c139_r03_A_steiner.csv,221
sano,139,c139_r04_A_steiner.csv,204
sano,139,c139_r05_A_steiner.csv,218
sano,139,c139_r06_A_steiner.csv,234
sano,139,c139_r07_A_steiner.csv,192
sano,139,c139_r08_A_steiner.csv,212
sano,139,c139_r09_A_steiner.csv,186
sano,139,c139_r10_A_steiner.csv,225
sano,139,c139_r11_A_steiner.csv,209
sano,139,c139_r12_B_incremental.csv,205
sano,139,c139_r13_B_incremental.csv,218
sano,139,c139_r14_B_incremental.csv,232
sano,139,c139_r15_B_incremental.csv,184
sano,139,c139_r16_B_incremental.csv,209
sano,139,c139_r17_B_incremental.csv,200
sano,139,c139_r18_B_incremental.csv,208
sano,139,c139_r19_B_incremental.csv,204
sano,139,c139_r20_B_incremental.csv,208
sano,139,c139_r21_B_incremental.csv,198
sano,139,c139_r22_B_incremental.csv,200
sano,139,c139_r23_B_incremental.csv,234
sano,140,c140_r00_A_steiner.csv,237
sano,140,c140_r01_A_steiner.csv,226
sano,140,c140_r02_A_steiner.csv,200
sano,140,c140_r03_A_steiner.csv,206
sano,140,c140_r04_A_steiner.csv,212
sano,140,c140_r05_A_steiner.csv,182
sano,140,c140_r06_A_steiner.csv,195
sano,140,c140_r07_A_steiner.csv,210
sano,140,c140_r08_A_steiner.csv,220
sano,140,c140_r09_A_steiner.csv,207
sano,140,c140_r10_A_steiner.csv,212
sano,140,c140_r11_A_steiner.csv,208
sano,140,c140_r12_B_incremental.csv,246
sano,140,c140_r13_B_incremental.csv,209
sano,140,c140_r14_B_incremental.csv,197
sano,140,c140_r15_B_incremental.csv,222
sano,140,c140_r16_B_incremental.csv,188
sano,140,c140_r17_B_incremental.csv,207
sano,140,c140_r18_B_incremental.csv,201
sano,140,c140_r19_B_incremental.csv,187
sano,140,c140_r20_B_incremental.csv,220
sano,140,c140_r21_B_incremental.csv,207
sano,140,c140_r22_B_incremental.csv,189
sano,140,c140_r23_B_incremental.csv,212
sano,141,c141_r00_A_steiner.csv,213
sano,141,c141_r01_A_steiner.csv,206
sano,141,c141_r02_A_steiner.csv,232
sano,141,c141_r03_A_steiner.csv,223
sano,141,c141_r04_A_steiner.csv,219
sano,141,c141_r05_A_steiner.csv,188
sano,141,c141_r06_A_steiner.csv,208
sano,141,c141_r07_A_steiner.csv,237
sano,141,c141_r08_A_steiner.csv,186
sano,141,c141_r09_A_steiner.csv,202
sano,141,c141_r10_A_steiner.csv,234
sano,141,c141_r11_A_steiner.csv,207
sano,141,c141_r12_B_incremental.csv,213
sano,141,c141_r13_B_incremental.csv,207
sano,141,c141_r14_B_incremental.csv,210
sano,141,c141_r15_B_incremental.csv,203
sano,141,c141_r16_B_incremental.csv,206
sano,141,c141_r17_B_incremental.csv,196
sano,141,c141_r18_B_incremental.csv,195
sano,141,c141_r19_B_incremental.csv,218
sano,141,c141_r20_B_incremental.csv,202
sano,141,c141_r21_B_incremental.csv,207
sano,141,c141_r22_B_incremental.csv,191
sano,141,c141_r23_B_incremental.csv,197
sano,142,c142_r00_A_steiner.csv,234
sano,142,c142_r01_A_steiner.csv,203
sano,142,c142_r02_A_steiner.csv,197
sano,142,c142_r03_A_steiner.csv,198
sano,142,c142_r04_A_steiner.csv,212
sano,142,c142_r05_A_steiner.csv,207
sano,142,c142_r06_A_steiner.csv,219
sano,142,c142_r07_A_steiner.csv,226
sano,142,c142_r08_A_steiner.csv,203
sano,142,c142_r09_A_steiner.csv,233
sano,142,c142_r10_A_steiner.csv,197
sano,142,c142_r11_A_steiner.csv,219
sano,142,c142_r12_B_incremental.csv,180
sano,142,c142_r13_B_incremental.csv,188
sano,142,c142_r14_B_incremental.csv,233
sano,142,c142_r15_B_incremental.csv,207
sano,142,c142_r16_B_incremental.csv,208
sano,142,c142_r17_B_incremental.csv,189
sano,142,c142_r18_B_incremental.csv,187
sano,142,c142_r19_B_incremental.csv,214
sano,142,c142_r20_B_incremental.csv,219
sano,142,c142_r21_B_incremental.csv,215
sano,142,c142_r22_B_incremental.csv,198
sano,142,c142_r23_B_incremental.csv,214
sano,143,c143_r00_A_steiner.csv,200
sano,143,c143_r01_A_steiner.csv,219
sano,143,c143_r02_A_steiner.csv,200
sano,143,c143_r03_A_steiner.csv,216
sano,143,c143_r04_A_steiner.csv,227
sano,143,c143_r05_A_steiner.csv,201
sano,143,c143_r06_A_steiner.csv,202
sano,143,c143_r07_A_steiner.csv,196
sano,143,c143_r08_A_steiner.csv,242
sano,143,c143_r09_A_steiner.csv,193
sano,143,c143_r10_A_steiner.csv,197
sano,143,c143_r11_A_steiner.csv,218
sano,143,c143_r12_B_incremental.csv,204
sano,143,c143_r13_B_incremental.csv,206
sano,143,c143_r14_B_incremental.csv,200
sano,143,c143_r15_B_incremental.csv,220
sano,143,c143_r16_B_incremental.csv,215
sano,143,c143_r17_B_incremental.csv,200
sano,143,c143_r18_B_incremental.csv,217
sano,143,c143_r19_B_incremental.csv,210
sano,143,c143_r20_B_incremental.csv,196
sano,143,c143_r21_B_incremental.csv,223
sano,143,c143_r22_B_incremental.csv,206
sano,143,c143_r23_B_incremental.csv,192
sano,144,c144_r00_A_steiner.csv,201
sano,144,c144_r01_A_steiner.csv,218
sano,144,c144_r02_A_steiner.csv,219
sano,144,c144_r03_A_steiner.csv,211
sano,144,c144_r04_A_steiner.csv,216
sano,144,c144_r05_A_steiner.csv,188
sano,144,c144_r06_A_steiner.csv,215
sano,144,c144_r07_A_steiner.csv,197
sano,144,c144_r08_A_steiner.csv,198
sano,144,c144_r09_A_steiner.csv,205
sano,144,c144_r10_A_steiner.csv,210
sano,144,c144_r11_A_steiner.csv,222
sano,144,c144_r12_B_incremental.csv,208
sano,144,c144_r13_B_incremental.csv,193
sano,144,c144_r14_B_incremental.csv,210
sano,144,c144_r15_B_incremental.csv,205
sano,144,c144_r16_B_incremental.csv,224
sano,144,c144_r17_B_incremental.csv,202
sano,144,c144_r18_B_incremental.csv,206
sano,144,c144_r19_B_incremental.csv,180
sano,144,c144_r20_B_incremental.csv,190
sano,144,c144_r21_B_incremental.csv,229
sano,144,c144_r22_B_incremental.csv,217
sano,144,c144_r23_B_incremental.csv,236
sano,145,c145_r00_A_steiner.csv,227
sano,145,c145_r01_A_steiner.csv,222
sano,145,c145_r02_A_steiner.csv,213
sano,145,c145_r03_A_steiner.csv,212
sano,145,c145_r04_A_steiner.csv,202
sano,145,c145_r05_A_steiner.csv,216
sano,145,c145_r06_A_steiner.csv,190
sano,145,c145_r07_A_steiner.csv,215
sano,145,c145_r08_A_steiner.csv,206
sano,145,c145_r09_A_steiner.csv,189
sano,145,c145_r10_A_steiner.csv,207
sano,145,c145_r11_A_steiner.csv,209
sano,145,c145_r12_B_incremental.csv,191
sano,145,c145_r13_B_incremental.csv,223
sano,145,c145_r14_B_incremental.csv,213
sano,145,c145_r15_B_incremental.csv,213
sano,145,c145_r16_B_incremental.csv,212
sano,145,c145_r17_B_incremental.csv,218
sano,145,c145_r18_B_incremental.csv,206
sano,145,c145_r19_B_incremental.csv,208
sano,145,c145_r20_B_incremental.csv,179
sano,145,c145_r21_B_incremental.csv,228
sano,145,c145_r22_B_incremental.csv,194
sano,145,c145_r23_B_incremental.csv,207
sano,146,c146_r00_A_steiner.csv,232
sano,146,c146_r01_A_steiner.csv,193
sano,146,c146_r02_A_steiner.csv,187
sano,146,c146_r03_A_steiner.csv,209
sano,146,c146_r04_A_steiner.csv,230
sano,146,c146_r05_A_steiner.csv,218
sano,146,c146_r06_A_steiner.csv,183
sano,146,c146_r07_A_steiner.csv,194
sano,146,c146_r08_A_steiner.csv,207
sano,146,c146_r09_A_steiner.csv,216
sano,146,c146_r10_A_steiner.csv,205
sano,146,c146_r11_A_steiner.csv,230
sano,146,c146_r12_B_incremental.csv,202
sano,146,c146_r13_B_incremental.csv,214
sano,146,c146_r14_B_incremental.csv,186
sano,146,c146_r15_B_incremental.csv,211
sano,146,c146_r16_B_incremental.csv,218
sano,146,c146_r17_B_incremental.csv,208
sano,146,c146_r18_B_incremental.csv,223
sano,146,c146_r19_B_incremental.csv,204
sano,146,c146_r20_B_incremental.csv,202
sano,146,c146_r21_B_incremental.csv,206
sano,146,c146_r22_B_incremental.csv,210
sano,146,c146_r23_B_incremental.csv,212
yasu,0,c000_r00_A_steiner.csv,207
yasu,0,c000_r01_A_steiner.csv,212
yasu,0,c000_r02_A_steiner.csv,229
yasu,0,c000_r03_A_steiner.csv,204
yasu,0,c000_r04_A_steiner.csv,233
yasu,0,c000_r05_A_steiner.csv,200
yasu,0,c000_r06_A_steiner.csv,226
yasu,0,c000_r07_A_steiner.csv,210
yasu,0,c000_r08_A_steiner.csv,221
yasu,0,c000_r09_A_steiner.csv,216
yasu,0,c000_r10_A_steiner.csv,184
yasu,0,c000_r11_A_steiner.csv,176
yasu,0,c000_r12_B_incremental.csv,212
yasu,0,c000_r13_B_incremental.csv,213
yasu,0,c000_r14_B_incremental.csv,209
yasu,0,c000_r15_B_incremental.csv,189
yasu,0,c000_r16_B_incremental.csv,197
yasu,0,c000_r17_B_incremental.csv,217
yasu,0,c000_r18_B_incremental.csv,210
yasu,0,c000_r19_B_incremental.csv,214
yasu,0,c000_r20_B_incremental.csv,200
yasu,0,c000_r21_B_incremental.csv,201
yasu,0,c000_r22_B_incremental.csv,207
yasu,0,c000_r23_B_incremental.csv,213
yasu,1,c001_r00_A_steiner.csv,211
yasu,1,c001_r01_A_steiner.csv,206
yasu,1,c001_r02_A_steiner.csv,222
yasu,1,c001_r03_A_steiner.csv,188
yasu,1,c001_r04_A_steiner.csv,220
yasu,1,c001_r05_A_steiner.csv,207
yasu,1,c001_r06_A_steiner.csv,219
yasu,1,c001_r07_A_steiner.csv,224
yasu,1,c001_r08_A_steiner.csv,178
yasu,1,c001_r09_A_steiner.csv,200
yasu,1,c001_r10_A_steiner.csv,191
yasu,1,c001_r11_A_steiner.csv,214
yasu,1,c001_r12_B_incremental.csv,204
yasu,1,c001_r13_B_incremental.csv,219
yasu,1,c001_r14_B_incremental.csv,178
yasu,1,c001_r15_B_incremental.csv,234
yasu,1,c001_r16_B_incremental.csv,244
yasu,1,c001_r17_B_incremental.csv,202
yasu,1,c001_r18_B_incremental.csv,212
yasu,1,c001_r19_B_incremental.csv,193
yasu,1,c001_r20_B_incremental.csv,201
yasu,1,c001_r21_B_incremental.csv,196
yasu,1,c001_r22_B_incremental.csv,219
yasu,1,c001_r23_B_incremental.csv,218
yasu,2,c002_r00_A_steiner.csv,194
yasu,2,c002_r01_A_steiner.csv,193
yasu,2,c002_r02_A_steiner.csv,201
yasu,2,c002_r03_A_steiner.csv,224
yasu,2,c002_r04_A_steiner.csv,202
yasu,2,c002_r05_A_steiner.csv,235
yasu,2,c002_r06_A_steiner.csv,198
yasu,2,c002_r07_A_steiner.csv,220
yasu,2,c002_r08_A_steiner.csv,221
yasu,2,c002_r09_A_steiner.csv,206
yasu,2,c002_r10_A_steiner.csv,210
yasu,2,c002_r11_A_steiner.csv,203
yasu,2,c002_r12_B_incremental.csv,206
yasu,2,c002_r13_B_incremental.csv,192
yasu,2,c002_r14_B_incremental.csv,214
yasu,2,c002_r15_B_incremental.csv,210
yasu,2,c002_r16_B_incremental.csv,204
yasu,2,c002_r17_B_incremental.csv,188
yasu,2,c002_r18_B_incremental.csv,208
yasu,2,c002_r19_B_incremental.csv,223
yasu,2,c002_r20_B_incremental.csv,227
yasu,2,c002_r21_B_incremental.csv,192
yasu,2,c002_r22_B_incremental.csv,221
yasu,2,c002_r23_B_incremental.csv,208
yasu,3,c003_r00_A_steiner.csv,183
yasu,3,c003_r01_A_steiner.csv,195
yasu,3,c003_r02_A_steiner.csv,191
yasu,3,c003_r03_A_steiner.csv,230
yasu,3,c003_r04_A_steiner.csv,226
yasu,3,c003_r05_A_steiner.csv,234
yasu,3,c003_r06_A_steiner.csv,222
yasu,3,c003_r07_A_steiner.csv,192
yasu,3,c003_r08_A_steiner.csv,204
yasu,3,c003_r09_A_steiner.csv,205
yasu,3,c003_r10_A_steiner.csv,206
yasu,3,c003_r11_A_steiner.csv,195
yasu,3,c003_r12_B_incremental.csv,204
yasu,3,c003_r13_B_incremental.csv,222
yasu,3,c003_r14_B_incremental.csv,206
yasu,3,c003_r15_B_incremental.csv,222
yasu,3,c003_r16_B_incremental.csv,216
yasu,3,c003_r17_B_incremental.csv,192
yasu,3,c003_r18_B_incremental.csv,223
yasu,3,c003_r19_B_incremental.csv,200
yasu,3,c003_r20_B_incremental.csv,214
yasu,3,c003_r21_B_incremental.csv,206
yasu,3,c003_r22_B_incremental.csv,211
yasu,3,c003_r23_B_incremental.csv,201
yasu,4,c004_r00_A_steiner.csv,208
yasu,4,c004_r01_A_steiner.csv,198
yasu,4,c004_r02_A_steiner.csv,215
yasu,4,c004_r03_A_steiner.csv,217
yasu,4,c004_r04_A_steiner.csv,190
yasu,4,c004_r05_A_steiner.csv,219
yasu,4,c004_r06_A_steiner.csv,208
yasu,4,c004_r07_A_steiner.csv,225
yasu,4,c004_r08_A_steiner.csv,209
yasu,4,c004_r09_A_steiner.csv,220
yasu,4,c004_r10_A_steiner.csv,214
yasu,4,c004_r11_A_steiner.csv,202
yasu,4,c004_r12_B_incremental.csv,200
yasu,4,c004_r13_B_incremental.csv,205
yasu,4,c004_r14_B_incremental.csv,220
yasu,4,c004_r15_B_incremental.csv,211
yasu,4,c004_r16_B_incremental.csv,223
yasu,4,c004_r17_B_incremental.csv,233
yasu,4,c004_r18_B_incremental.csv,197
yasu,4,c004_r19_B_incremental.csv,197
yasu,4,c004_r20_B_incremental.csv,178
yasu,4,c004_r21_B_incremental.csv,205
yasu,4,c004_r22_B_incremental.csv,200
yasu,4,c004_r23_B_incremental.csv,206
yasu,5,c005_r00_A_steiner.csv,212
yasu,5,c005_r01_A_steiner.csv,210
yasu,5,c005_r02_A_steiner.csv,206
yasu,5,c005_r03_A_steiner.csv,210
yasu,5,c005_r04_A_steiner.csv,170
yasu,5,c005_r05_A_steiner.csv,223
yasu,5,c005_r06_A_steiner.csv,207
yasu,5,c005_r07_A_steiner.csv,226
yasu,5,c005_r08_A_steiner.csv,223
yasu,5,c005_r09_A_steiner.csv,201
yasu,5,c005_r10_A_steiner.csv,211
yasu,5,c005_r11_A_steiner.csv,205
yasu,5,c005_r12_B_incremental.csv,191
yasu,5,c005_r13_B_incremental.csv,243
yasu,5,c005_r14_B_incremental.csv,194
yasu,5,c005_r15_B_incremental.csv,215
yasu,5,c005_r16_B_incremental.csv,200
yasu,5,c005_r17_B_incremental.csv,177
yasu,5,c005_r18_B_incremental.csv,207
yasu,5,c005_r19_B_incremental.csv,219
yasu,5,c005_r20_B_incremental.csv,218
yasu,5,c005_r21_B_incremental.csv,208
yasu,5,c005_r22_B_incremental.csv,206
yasu,5,c005_r23_B_incremental.csv,218
yasu,6,c006_r00_A_steiner.csv,194
yasu,6,c006_r01_A_steiner.csv,207
yasu,6,c006_r02_A_steiner.csv,204
yasu,6,c006_r03_A_steiner.csv,202
yasu,6,c006_r04_A_steiner.csv,193
yasu,6,c006_r05_A_steiner.csv,208
yasu,6,c006_r06_A_steiner.csv,223
yasu,6,c006_r07_A_steiner.csv,231
yasu,6,c006_r08_A_steiner.csv,214
yasu,6,c006_r09_A_steiner.csv,224
yasu,6,c006_r10_A_steiner.csv,206
yasu,6,c006_r11_A_steiner.csv,207
yasu,6,c006_r12_B_incremental.csv,192
yasu,6,c006_r13_B_incremental.csv,212
yasu,6,c006_r14_B_incremental.csv,192
yasu,6,c006_r15_B_incremental.csv,229
yasu,6,c006_r16_B_incremental.csv,212
yasu,6,c006_r17_B_incremental.csv,196
yasu,6,c006_r18_B_incremental.csv,206
yasu,6,c006_r19_B_incremental.csv,216
yasu,6,c006_r20_B_incremental.csv,197
yasu,6,c006_r21_B_incremental.csv,210
yasu,6,c006_r22_B_incremental.csv,193
yasu,6,c006_r23_B_incremental.csv,232
yasu,7,c007_r00_A_steiner.csv,191
yasu,7,c007_r01_A_steiner.csv,198
yasu,7,c007_r02_A_steiner.csv,221
yasu,7,c007_r03_A_steiner.csv,228
yasu,7,c007_r04_A_steiner.csv,221
yasu,7,c007_r05_A_steiner.csv,211
yasu,7,c007_r06_A_steiner.csv,234
yasu,7,c007_r07_A_steiner.csv,209
yasu,7,c007_r08_A_steiner.csv,209
yasu,7,c007_r09_A_steiner.csv,201
yasu,7,c007_r10_A_steiner.csv,181
yasu,7,c007_r11_A_steiner.csv,220
yasu,7,c007_r12_B_incremental.csv,209
yasu,7,c007_r13_B_incremental.csv,188
yasu,7,c007_r14_B_incremental.csv,211
yasu,7,c007_r15_B_incremental.csv,212
yasu,7,c007_r16_B_incremental.csv,196
yasu,7,c007_r17_B_incremental.csv,218
yasu,7,c007_r18_B_incremental.csv,203
yasu,7,c007_r19_B_incremental.csv,222
yasu,7,c007_r20_B_incremental.csv,191
yasu,7,c007_r21_B_incremental.csv,194
yasu,7,c007_r22_B_incremental.csv,221
yasu,7,c007_r23_B_incremental.csv,211
yasu,8,c008_r00_A_steiner.csv,201
yasu,8,c008_r01_A_steiner.csv,198
yasu,8,c008_r02_A_steiner.csv,232
yasu,8,c008_r03_A_steiner.csv,230
yasu,8,c008_r04_A_steiner.csv,225
yasu,8,c008_r05_A_steiner.csv,231
yasu,8,c008_r06_A_steiner.csv,202
yasu,8,c008_r07_A_steiner.csv,198
yasu,8,c008_r08_A_steiner.csv,213
yasu,8,c008_r09_A_steiner.csv,206
yasu,8,c008_r10_A_steiner.csv,202
yasu,8,c008_r11_A_steiner.csv,227
yasu,8,c008_r12_B_incremental.csv,213
yasu,8,c008_r13_B_incremental.csv,210
yasu,8,c008_r14_B_incremental.csv,201
yasu,8,c008_r15_B_incremental.csv,234
yasu,8,c008_r16_B_incremental.csv,189
yasu,8,c008_r17_B_incremental.csv,209
yasu,8,c008_r18_B_incremental.csv,194
yasu,8,c008_r19_B_incremental.csv,195
yasu,8,c008_r20_B_incremental.csv,210
yasu,8,c008_r21_B_incremental.csv,176
yasu,8,c008_r22_B_incremental.csv,193
yasu,8,c008_r23_B_incremental.csv,211
yasu,9,c009_r00_A_steiner.csv,213
yasu,9,c009_r01_A_steiner.csv,205
yasu,9,c009_r02_A_steiner.csv,207
yasu,9,c009_r03_A_steiner.csv,194
yasu,9,c009_r04_A_steiner.csv,198
yasu,9,c009_r05_A_steiner.csv,201
yasu,9,c009_r06_A_steiner.csv,227
yasu,9,c009_r07_A_steiner.csv,218
yasu,9,c009_r08_A_steiner.csv,212
yasu,9,c009_r09_A_steiner.csv,203
yasu,9,c009_r10_A_steiner.csv,193
yasu,9,c009_r11_A_steiner.csv,209
yasu,9,c009_r12_B_incremental.csv,210
yasu,9,c009_r13_B_incremental.csv,202
yasu,9,c009_r14_B_incremental.csv,190
yasu,9,c009_r15_B_incremental.csv,218
yasu,9,c009_r16_B_incremental.csv,237
yasu,9,c009_r17_B_incremental.csv,201
yasu,9,c009_r18_B_incremental.csv,198
yasu,9,c009_r19_B_incremental.csv,204
yasu,9,c009_r20_B_incremental.csv,229
yasu,9,c009_r21_B_incremental.csv,210
yasu,9,c009_r22_B_incremental.csv,219
yasu,9,c009_r23_B_incremental.csv,202
yasu,10,c010_r00_A_steiner.csv,204
yasu,10,c010_r01_A_steiner.csv,232
yasu,10,c010_r02_A_steiner.csv,198
yasu,10,c010_r03_A_steiner.csv,196
yasu,10,c010_r04_A_steiner.csv,199
yasu,10,c010_r05_A_steiner.csv,210
yasu,10,c010_r06_A_steiner.csv,216
yasu,10,c010_r07_A_steiner.csv,211
yasu,10,c010_r08_A_steiner.csv,229
yasu,10,c010_r09_A_steiner.csv,200
yasu,10,c010_r10_A_steiner.csv,195
yasu,10,c010_r11_A_steiner.csv,209
yasu,10,c010_r12_B_incremental.csv,240
yasu,10,c010_r13_B_incremental.csv,191
yasu,10,c010_r14_B_incremental.csv,222
yasu,10,c010_r15_B_incremental.csv,213
yasu,10,c010_r16_B_incremental.csv,195
yasu,10,c010_r17_B_incremental.csv,202
yasu,10,c010_r18_B_incremental.csv,190
yasu,10,c010_r19_B_incremental.csv,206
yasu,10,c010_r20_B_incremental.csv,194
yasu,10,c010_r21_B_incremental.csv,204
yasu,10,c010_r22_B_incremental.csv,223
yasu,10,c010_r23_B_incremental.csv,221
yasu,11,c011_r00_A_steiner.csv,213
yasu,11,c011_r01_A_steiner.csv,229
yasu,11,c011_r02_A_steiner.csv,221
yasu,11,c011_r03_A_steiner.csv,211
yasu,11,c011_r04_A_steiner.csv,208
yasu,11,c011_r05_A_steiner.csv,216
yasu,11,c011_r06_A_steiner.csv,197
yasu,11,c011_r07_A_steiner.csv,216
yasu,11,c011_r08_A_steiner.csv,206
yasu,11,c011_r09_A_steiner.csv,194
yasu,11,c011_r10_A_steiner.csv,215
yasu,11,c011_r11_A_steiner.csv,227
yasu,11,c011_r12_B_incremental.csv,222
yasu,11,c011_r13_B_incremental.csv,192
yasu,11,c011_r14_B_incremental.csv,202
yasu,11,c011_r15_B_incremental.csv,222
yasu,11,c011_r16_B_incremental.csv,192
yasu,11,c011_r17_B_incremental.csv,228
yasu,11,c011_r18_B_incremental.csv,168
yasu,11,c011_r19_B_incremental.csv,212
yasu,11,c011_r20_B_incremental.csv,193
yasu,11,c011_r21_B_incremental.csv,197
yasu,11,c011_r22_B_incremental.csv,204
yasu,11,c011_r23_B_incremental.csv,215
yasu,12,c012_r00_A_steiner.csv,245
yasu,12,c012_r01_A_steiner.csv,230
yasu,12,c012_r02_A_steiner.csv,191
yasu,12,c012_r03_A_steiner.csv,200
yasu,12,c012_r04_A_steiner.csv,216
yasu,12,c012_r05_A_steiner.csv,199
yasu,12,c012_r06_A_steiner.csv,218
yasu,12,c012_r07_A_steiner.csv,206
yasu,12,c012_r08_A_steiner.csv,185
yasu,12,c012_r09_A_steiner.csv,193
yasu,12,c012_r10_A_steiner.csv,222
yasu,12,c012_r11_A_steiner.csv,197
yasu,12,c012_r12_B_incremental.csv,215
yasu,12,c012_r13_B_incremental.csv,209
yasu,12,c012_r14_B_incremental.csv,206
yasu,12,c012_r15_B_incremental.csv,181
yasu,12,c012_r16_B_incremental.csv,204
yasu,12,c012_r17_B_incremental.csv,209
yasu,12,c012_r18_B_incremental.csv,188
yasu,12,c012_r19_B_incremental.csv,219
yasu,12,c012_r20_B_incremental.csv,224
yasu,12,c012_r21_B_incremental.csv,211
yasu,12,c012_r22_B_incremental.csv,211
yasu,12,c012_r23_B_incremental.csv,221
yasu,13,c013_r00_A_steiner.csv,218
yasu,13,c013_r01_A_steiner.csv,234
yasu,13,c013_r02_A_steiner.csv,207
yasu,13,c013_r03_A_steiner.csv,220
yasu,13,c013_r04_A_steiner.csv,190
yasu,13,c013_r05_A_steiner.csv,192
yasu,13,c013_r06_A_steiner.csv,197
yasu,13,c013_r07_A_steiner.csv,207
yasu,13,c013_r08_A_steiner.csv,202
yasu,13,c013_r09_A_steiner.csv,213
yasu,13,c013_r10_A_steiner.csv,197
yasu,13,c013_r11_A_steiner.csv,198
yasu,13,c013_r12_B_incremental.csv,203
yasu,13,c013_r13_B_incremental.csv,217
yasu,13,c013_r14_B_incremental.csv,182
yasu,13,c013_r15_B_incremental.csv,227
yasu,13,c013_r16_B_incremental.csv,234
yasu,13,c013_r17_B_incremental.csv,201
yasu,13,c013_r18_B_incremental.csv,213
yasu,13,c013_r19_B_incremental.csv,222
yasu,13,c013_r20_B_incremental.csv,213
yasu,13,c013_r21_B_incremental.csv,209
yasu,13,c013_r22_B_incremental.csv,201
yasu,13,c013_r23_B_incremental.csv,203
yasu,14,c014_r00_A_steiner.csv,208
yasu,14,c014_r01_A_steiner.csv,204
yasu,14,c014_r02_A_steiner.csv,203
yasu,14,c014_r03_A_steiner.csv,223
yasu,14,c014_r04_A_steiner.csv,210
yasu,14,c014_r05_A_steiner.csv,227
yasu,14,c014_r06_A_steiner.csv,216
yasu,14,c014_r07_A_steiner.csv,202
yasu,14,c014_r08_A_steiner.csv,194
yasu,14,c014_r09_A_steiner.csv,212
yasu,14,c014_r10_A_steiner.csv,206
yasu,14,c014_r11_A_steiner.csv,219
yasu,14,c014_r12_B_incremental.csv,234
yasu,14,c014_r13_B_incremental.csv,217
yasu,14,c014_r14_B_incremental.csv,213
yasu,14,c014_r15_B_incremental.csv,219
yasu,14,c014_r16_B_incremental.csv,180
yasu,14,c014_r17_B_incremental.csv,206
yasu,14,c014_r18_B_incremental.csv,200
yasu,14,c014_r19_B_incremental.csv,189
yasu,14,c014_r20_B_incremental.csv,201
yasu,14,c014_r21_B_incremental.csv,210
yasu,14,c014_r22_B_incremental.csv,195
yasu,14,c014_r23_B_incremental.csv,212
yasu,15,c015_r00_A_steiner.csv,187
yasu,15,c015_r01_A_steiner.csv,204
yasu,15,c015_r02_A_steiner.csv,206
yasu,15,c015_r03_A_steiner.csv,184
yasu,15,c015_r04_A_steiner.csv,228
yasu,15,c015_r05_A_steiner.csv,231
yasu,15,c015_r06_A_steiner.csv,209
yasu,15,c015_r07_A_steiner.csv,202
yasu,15,c015_r08_A_steiner.csv,209
yasu,15,c015_r09_A_steiner.csv,210
yasu,15,c015_r10_A_steiner.csv,232
yasu,15,c015_r11_A_steiner.csv,207
yasu,15,c015_r12_B_incremental.csv,206
yasu,15,c015_r13_B_incremental.csv,197
yasu,15,c015_r14_B_incremental.csv,210
yasu,15,c015_r15_B_incremental.csv,202
yasu,15,c015_r16_B_incremental.csv,224
yasu,15,c015_r17_B_incremental.csv,227
yasu,15,c015_r18_B_incremental.csv,219
yasu,15,c015_r19_B_incremental.csv,199
yasu,15,c015_r20_B_incremental.csv,197
yasu,15,c015_r21_B_incremental.csv,199
yasu,15,c015_r22_B_incremental.csv,194
yasu,15,c015_r23_B_incremental.csv,217
yasu,16,c016_r00_A_steiner.csv,212
yasu,16,c016_r01_A_steiner.csv,218
yasu,16,c016_r02_A_steiner.csv,192
yasu,16,c016_r03_A_steiner.csv,202
yasu,16,c016_r04_A_steiner.csv,221
yasu,16,c016_r05_A_steiner.csv,205
yasu,16,c016_r06_A_steiner.csv,196
yasu,16,c016_r07_A_steiner.csv,227
yasu,16,c016_r08_A_steiner.csv,202
yasu,16,c016_r09_A_steiner.csv,191
yasu,16,c016_r10_A_steiner.csv,201
yasu,16,c016_r11_A_steiner.csv,209
yasu,16,c016_r12_B_incremental.csv,217
yasu,16,c016_r13_B_incremental.csv,208
yasu,16,c016_r14_B_incremental.csv,211
yasu,16,c016_r15_B_incremental.csv,218
yasu,16,c016_r16_B_incremental.csv,203
yasu,16,c016_r17_B_incremental.csv,206
yasu,16,c016_r18_B_incremental.csv,220
yasu,16,c016_r19_B_incremental.csv,208
yasu,16,c016_r20_B_incremental.csv,210
yasu,16,c016_r21_B_incremental.csv,222
yasu,16,c016_r22_B_incremental.csv,217
yasu,16,c016_r23_B_incremental.csv,184
yasu,17,c017_r00_A_steiner.csv,219
yasu,17,c017_r01_A_steiner.csv,212
yasu,17,c017_r02_A_steiner.csv,234
yasu,17,c017_r03_A_steiner.csv,185
yasu,17,c017_r04_A_steiner.csv,192
yasu,17,c017_r05_A_steiner.csv,221
yasu,17,c017_r06_A_steiner.csv,217
yasu,17,c017_r07_A_steiner.csv,180
yasu,17,c017_r08_A_steiner.csv,212
yasu,17,c017_r09_A_steiner.csv,218
yasu,17,c017_r10_A_steiner.csv,199
yasu,17,c017_r11_A_steiner.csv,201
yasu,17,c017_r12_B_incremental.csv,197
yasu,17,c017_r13_B_incremental.csv,189
yasu,17,c017_r14_B_incremental.csv,237
yasu,17,c017_r15_B_incremental.csv,181
yasu,17,c017_r16_B_incremental.csv,212
yasu,17,c017_r17_B_incremental.csv,208
yasu,17,c017_r18_B_incremental.csv,235
yasu,17,c017_r19_B_incremental.csv,215
yasu,17,c017_r20_B_incremental.csv,191
yasu,17,c017_r21_B_incremental.csv,233
yasu,17,c017_r22_B_incremental.csv,209
yasu,17,c017_r23_B_incremental.csv,203
yasu,18,c018_r00_A_steiner.csv,220
yasu,18,c018_r01_A_steiner.csv,187
yasu,18,c018_r02_A_steiner.csv,196
yasu,18,c018_r03_A_steiner.csv,216
yasu,18,c018_r04_A_steiner.csv,215
yasu,18,c018_r05_A_steiner.csv,191
yasu,18,c018_r06_A_steiner.csv,223
yasu,18,c018_r07_A_steiner.csv,190
yasu,18,c018_r08_A_steiner.csv,220
yasu,18,c018_r09_A_steiner.csv,189
yasu,18,c018_r10_A_steiner.csv,220
yasu,18,c018_r11_A_steiner.csv,210
yasu,18,c018_r12_B_incremental.csv,211
yasu,18,c018_r13_B_incremental.csv,227
yasu,18,c018_r14_B_incremental.csv,189
yasu,18,c018_r15_B_incremental.csv,217
yasu,18,c018_r16_B_incremental.csv,217
yasu,18,c018_r17_B_incremental.csv,182
yasu,18,c018_r18_B_incremental.csv,220
yasu,18,c018_r19_B_incremental.csv,221
yasu,18,c018_r20_B_incremental.csv,213
yasu,18,c018_r21_B_incremental.csv,195
yasu,18,c018_r22_B_incremental.csv,234
yasu,18,c018_r23_B_incremental.csv,197
yasu,19,c019_r00_A_steiner.csv,180
yasu,19,c019_r01_A_steiner.csv,213
yasu,19,c019_r02_A_steiner.csv,191
yasu,19,c019_r03_A_steiner.csv,205
yasu,19,c019_r04_A_steiner.csv,188
yasu,19,c019_r05_A_steiner.csv,207
yasu,19,c019_r06_A_steiner.csv,202
yasu,19,c019_r07_A_steiner.csv,217
yasu,19,c019_r08_A_steiner.csv,226
yasu,19,c019_r09_A_steiner.csv,230
yasu,19,c019_r10_A_steiner.csv,202
yasu,19,c019_r11_A_steiner.csv,187
yasu,19,c019_r12_B_incremental.csv,195
yasu,19,c019_r13_B_incremental.csv,218
yasu,19,c019_r14_B_incremental.csv,207
yasu,19,c019_r15_B_incremental.csv,219
yasu,19,c019_r16_B_incremental.csv,241
yasu,19,c019_r17_B_incremental.csv,207
yasu,19,c019_r18_B_incremental.csv,206
yasu,19,c019_r19_B_incremental.csv,214
yasu,19,c019_r20_B_incremental.csv,210
yasu,19,c019_r21_B_incremental.csv,231
yasu,19,c019_r22_B_incremental.csv,186
yasu,19,c019_r23_B_incremental.csv,218
yasu,20,c020_r00_A_steiner.csv,202
yasu,20,c020_r01_A_steiner.csv,186
yasu,20,c020_r02_A_steiner.csv,214
yasu,20,c020_r03_A_steiner.csv,204
yasu,20,c020_r04_A_steiner.csv,202
yasu,20,c020_r05_A_steiner.csv,203
yasu,20,c020_r06_A_steiner.csv,194
yasu,20,c020_r07_A_steiner.csv,219
yasu,20,c020_r08_A_steiner.csv,206
yasu,20,c020_r09_A_steiner.csv,206
yasu,20,c020_r10_A_steiner.csv,231
yasu,20,c020_r11_A_steiner.csv,232
yasu,20,c020_r12_B_incremental.csv,200
yasu,20,c020_r13_B_incremental.csv,204
yasu,20,c020_r14_B_incremental.csv,200
yasu,20,c020_r15_B_incremental.csv,229
yasu,20,c020_r16_B_incremental.csv,215
yasu,20,c020_r17_B_incremental.csv,201
yasu,20,c020_r18_B_incremental.csv,199
yasu,20,c020_r19_B_incremental.csv,191
yasu,20,c020_r20_B_incremental.csv,220
yasu,20,c020_r21_B_incremental.csv,232
yasu,20,c020_r22_B_incremental.csv,199
yasu,20,c020_r23_B_incremental.csv,211
yasu,21,c021_r00_A_steiner.csv,228
yasu,21,c021_r01_A_steiner.csv,192
yasu,21,c021_r02_A_steiner.csv,209
yasu,21,c021_r03_A_steiner.csv,213
yasu,21,c021_r04_A_steiner.csv,237
yasu,21,c021_r05_A_steiner.csv,212
yasu,21,c021_r06_A_steiner.csv,183
yasu,21,c021_r07_A_steiner.csv,216
yasu,21,c021_r08_A_steiner.csv,211
yasu,21,c021_r09_A_steiner.csv,183
yasu,21,c021_r10_A_steiner.csv,203
yasu,21,c021_r11_A_steiner.csv,207
yasu,21,c021_r12_B_incremental.csv,210
yasu,21,c021_r13_B_incremental.csv,193
yasu,21,c021_r14_B_incremental.csv,215
yasu,21,c021_r15_B_incremental.csv,212
yasu,21,c021_r16_B_incremental.csv,211
yasu,21,c021_r17_B_incremental.csv,201
yasu,21,c021_r18_B_incremental.csv,216
yasu,21,c021_r19_B_incremental.csv,215
yasu,21,c021_r20_B_incremental.csv,222
yasu,21,c021_r21_B_incremental.csv,200
yasu,21,c021_r22_B_incremental.csv,203
yasu,21,c021_r23_B_incremental.csv,208
yasu,22,c022_r00_A_steiner.csv,208
yasu,22,c022_r01_A_steiner.csv,224
yasu,22,c022_r02_A_steiner.csv,218
yasu,22,c022_r03_A_steiner.csv,181
yasu,22,c022_r04_A_steiner.csv,209
yasu,22,c022_r05_A_steiner.csv,205
yasu,22,c022_r06_A_steiner.csv,221
yasu,22,c022_r07_A_steiner.csv,224
yasu,22,c022_r08_A_steiner.csv,183
yasu,22,c022_r09_A_steiner.csv,205
yasu,22,c022_r10_A_steiner.csv,200
yasu,22,c022_r11_A_steiner.csv,211
yasu,22,c022_r12_B_incremental.csv,191
yasu,22,c022_r13_B_incremental.csv,213
yasu,22,c022_r14_B_incremental.csv,199
yasu,22,c022_r15_B_incremental.csv,216
yasu,22,c022_r16_B_incremental.csv,215
yasu,22,c022_r17_B_incremental.csv,197
yasu,22,c022_r18_B_incremental.csv,245
yasu,22,c022_r19_B_incremental.csv,216
yasu,22,c022_r20_B_incremental.csv,198
yasu,22,c022_r21_B_incremental.csv,202
yasu,22,c022_r22_B_incremental.csv,187
yasu,22,c022_r23_B_incremental.csv,232
yasu,23,c023_r00_A_steiner.csv,194
yasu,23,c023_r01_A_steiner.csv,250
yasu,23,c023_r02_A_steiner.csv,208
yasu,23,c023_r03_A_steiner.csv,211
yasu,23,c023_r04_A_steiner.csv,209
yasu,23,c023_r05_A_steiner.csv,215
yasu,23,c023_r06_A_steiner.csv,215
yasu,23,c023_r07_A_steiner.csv,204
yasu,23,c023_r08_A_steiner.csv,186
yasu,23,c023_r09_A_steiner.csv,202
yasu,23,c023_r10_A_steiner.csv,210
yasu,23,c023_r11_A_steiner.csv,198
yasu,23,c023_r12_B_incremental.csv,208
yasu,23,c023_r13_B_incremental.csv,243
yasu,23,c023_r14_B_incremental.csv,192
yasu,23,c023_r15_B_incremental.csv,204
yasu,23,c023_r16_B_incremental.csv,200
yasu,23,c023_r17_B_incremental.csv,193
yasu,23,c023_r18_B_incremental.csv,210
yasu,23,c023_r19_B_incremental.csv,205
yasu,23,c023_r20_B_incremental.csv,205
yasu,23,c023_r21_B_incremental.csv,219
yasu,23,c023_r22_B_incremental.csv,219
yasu,23,c023_r23_B_incremental.csv,200
yasu,24,c024_r00_A_steiner.csv,219
yasu,24,c024_r01_A_steiner.csv,222
yasu,24,c024_r02_A_steiner.csv,216
yasu,24,c024_r03_A_steiner.csv,214
yasu,24,c024_r04_A_steiner.csv,206
yasu,24,c024_r05_A_steiner.csv,203
yasu,24,c024_r06_A_steiner.csv,176
yasu,24,c024_r07_A_steiner.csv,194
yasu,24,c024_r08_A_steiner.csv,202
yasu,24,c024_r09_A_steiner.csv,209
yasu,24,c024_r10_A_steiner.csv,203
yasu,24,c024_r11_A_steiner.csv,217
yasu,24,c024_r12_B_incremental.csv,192
yasu,24,c024_r13_B_incremental.csv,216
yasu,24,c024_r14_B_incremental.csv,199
yasu,24,c024_r15_B_incremental.csv,227
yasu,24,c024_r16_B_incremental.csv,201
yasu,24,c024_r17_B_incremental.csv,210
yasu,24,c024_r18_B_incremental.csv,219
yasu,24,c024_r19_B_incremental.csv,209
yasu,24,c024_r20_B_incremental.csv,181
yasu,24,c024_r21_B_incremental.csv,224
yasu,24,c024_r22_B_incremental.csv,228
yasu,24,c024_r23_B_incremental.csv,213
yasu,25,c025_r00_A_steiner.csv,206
yasu,25,c025_r01_A_steiner.csv,206
yasu,25,c025_r02_A_steiner.csv,203
yasu,25,c025_r03_A_steiner.csv,218
yasu,25,c025_r04_A_steiner.csv,200
yasu,25,c025_r05_A_steiner.csv,190
yasu,25,c025_r06_A_steiner.csv,190
yasu,25,c025_r07_A_steiner.csv,225
yasu,25,c025_r08_A_steiner.csv,211
yasu,25,c025_r09_A_steiner.csv,213
yasu,25,c025_r10_A_steiner.csv,223
yasu,25,c025_r11_A_steiner.csv,194
yasu,25,c025_r12_B_incremental.csv,201
yasu,25,c025_r13_B_incremental.csv,218
yasu,25,c025_r14_B_incremental.csv,229
yasu,25,c025_r15_B_incremental.csv,208
yasu,25,c025_r16_B_incremental.csv,223
yasu,25,c025_r17_B_incremental.csv,191
yasu,25,c025_r18_B_incremental.csv,190
yasu,25,c025_r19_B_incremental.csv,231
yasu,25,c025_r20_B_incremental.csv,188
yasu,25,c025_r21_B_incremental.csv,211
yasu,25,c025_r22_B_incremental.csv,228
yasu,25,c025_r23_B_incremental.csv,203
yasu,26,c026_r00_A_steiner.csv,219
yasu,26,c026_r01_A_steiner.csv,205
yasu,26,c026_r02_A_steiner.csv,182
yasu,26,c026_r03_A_steiner.csv,222
yasu,26,c026_r04_A_steiner.csv,190
yasu,26,c026_r05_A_steiner.csv,211
yasu,26,c026_r06_A_steiner.csv,212
yasu,26,c026_r07_A_steiner.csv,220
yasu,26,c026_r08_A_steiner.csv,172
yasu,26,c026_r09_A_steiner.csv,226
yasu,26,c026_r10_A_steiner.csv,217
yasu,26,c026_r11_A_steiner.csv,192
yasu,26,c026_r12_B_incremental.csv,206
yasu,26,c026_r13_B_incremental.csv,211
yasu,26,c026_r14_B_incremental.csv,225
yasu,26,c026_r15_B_incremental.csv,212
yasu,26,c026_r16_B_incremental.csv,180
yasu,26,c026_r17_B_incremental.csv,230
yasu,26,c026_r18_B_incremental.csv,206
yasu,26,c026_r19_B_incremental.csv,235
yasu,26,c026_r20_B_incremental.csv,213
yasu,26,c026_r21_B_incremental.csv,215
yasu,26,c026_r22_B_incremental.csv,205
yasu,26,c026_r23_B_incremental.csv,194
yasu,27,c027_r00_A_steiner.csv,203
yasu,27,c027_r01_A_steiner.csv,237
yasu,27,c027_r02_A_steiner.csv,209
yasu,27,c027_r03_A_steiner.csv,217
yasu,27,c027_r04_A_steiner.csv,199
yasu,27,c027_r05_A_steiner.csv,198
yasu,27,c027_r06_A_steiner.csv,231
yasu,27,c027_r07_A_steiner.csv,197
yasu,27,c027_r08_A_steiner.csv,201
yasu,27,c027_r09_A_steiner.csv,198
yasu,27,c027_r10_A_steiner.csv,226
yasu,27,c027_r11_A_steiner.csv,215
yasu,27,c027_r12_B_incremental.csv,185
yasu,27,c027_r13_B_incremental.csv,176
yasu,27,c027_r14_B_incremental.csv,201
yasu,27,c027_r15_B_incremental.csv,218
yasu,27,c027_r16_B_incremental.csv,201
yasu,27,c027_r17_B_incremental.csv,217
yasu,27,c027_r18_B_incremental.csv,227
yasu,27,c027_r19_B_incremental.csv,206
yasu,27,c027_r20_B_incremental.csv,187
yasu,27,c027_r21_B_incremental.csv,229
yasu,27,c027_r22_B_incremental.csv,219
yasu,27,c027_r23_B_incremental.csv,203
yasu,28,c028_r00_A_steiner.csv,203
yasu,28,c028_r01_A_steiner.csv,217
yasu,28,c028_r02_A_steiner.csv,193
yasu,28,c028_r03_A_steiner.csv,211
yasu,28,c028_r04_A_steiner.csv,212
yasu,28,c028_r05_A_steiner.csv,208
yasu,28,c028_r06_A_steiner.csv,211
yasu,28,c028_r07_A_steiner.csv,197
yasu,28,c028_r08_A_steiner.csv,211
yasu,28,c028_r09_A_steiner.csv,213
yasu,28,c028_r10_A_steiner.csv,206
yasu,28,c028_r11_A_steiner.csv,227
yasu,28,c028_r12_B_incremental.csv,204
yasu,28,c028_r13_B_incremental.csv,223
yasu,28,c028_r14_B_incremental.csv,186
yasu,28,c028_r15_B_incremental.csv,214
yasu,28,c028_r16_B_incremental.csv,215
yasu,28,c028_r17_B_incremental.csv,206
yasu,28,c028_r18_B_incremental.csv,212
yasu,28,c028_r19_B_incremental.csv,209
yasu,28,c028_r20_B_incremental.csv,192
yasu,28,c028_r21_B_incremental.csv,204
yasu,28,c028_r22_B_incremental.csv,221
yasu,28,c028_r23_B_incremental.csv,205
yasu,29,c029_r00_A_steiner.csv,225
yasu,29,c029_r01_A_steiner.csv,201
yasu,29,c029_r02_A_steiner.csv,197
yasu,29,c029_r03_A_steiner.csv,205
yasu,29,c029_r04_A_steiner.csv,204
yasu,29,c029_r05_A_steiner.csv,228
yasu,29,c029_r06_A_steiner.csv,235
yasu,29,c029_r07_A_steiner.csv,211
yasu,29,c029_r08_A_steiner.csv,198
yasu,29,c029_r09_A_steiner.csv,223
yasu,29,c029_r10_A_steiner.csv,208
yasu,29,c029_r11_A_steiner.csv,197
yasu,29,c029_r12_B_incremental.csv,209
yasu,29,c029_r13_B_incremental.csv,214
yasu,29,c029_r14_B_incremental.csv,196
yasu,29,c029_r15_B_incremental.csv,220
yasu,29,c029_r16_B_incremental.csv,218
yasu,29,c029_r17_B_incremental.csv,199
yasu,29,c029_r18_B_incremental.csv,198
yasu,29,c029_r19_B_incremental.csv,216
yasu,29,c029_r20_B_incremental.csv,203
yasu,29,c029_r21_B_incremental.csv,205
yasu,29,c029_r22_B_incremental.csv,191
yasu,29,c029_r23_B_incremental.csv,199
yasu,30,c030_r00_A_steiner.csv,202
yasu,30,c030_r01_A_steiner.csv,209
yasu,30,c030_r02_A_steiner.csv,228
yasu,30,c030_r03_A_steiner.csv,216
yasu,30,c030_r04_A_steiner.csv,216
yasu,30,c030_r05_A_steiner.csv,200
yasu,30,c030_r06_A_steiner.csv,220
yasu,30,c030_r07_A_steiner.csv,206
yasu,30,c030_r08_A_steiner.csv,202
yasu,30,c030_r09_A_steiner.csv,200
yasu,30,c030_r10_A_steiner.csv,203
yasu,30,c030_r11_A_steiner.csv,201
yasu,30,c030_r12_B_incremental.csv,214
yasu,30,c030_r13_B_incremental.csv,206
yasu,30,c030_r14_B_incremental.csv,229
yasu,30,c030_r15_B_incremental.csv,204
yasu,30,c030_r16_B_incremental.csv,198
yasu,30,c030_r17_B_incremental.csv,202
yasu,30,c030_r18_B_incremental.csv,191
yasu,30,c030_r19_B_incremental.csv,204
yasu,30,c030_r20_B_incremental.csv,220
yasu,30,c030_r21_B_incremental.csv,225
yasu,30,c030_r22_B_incremental.csv,209
yasu,30,c030_r23_B_incremental.csv,195
yasu,31,c031_r00_A_steiner.csv,217
yasu,31,c031_r01_A_steiner.csv,200
yasu,31,c031_r02_A_steiner.csv,183
yasu,31,c031_r03_A_steiner.csv,211
yasu,31,c031_r04_A_steiner.csv,210
yasu,31,c031_r05_A_steiner.csv,215
yasu,31,c031_r06_A_steiner.csv,201
yasu,31,c031_r07_A_steiner.csv,212
yasu,31,c031_r08_A_steiner.csv,204
yasu,31,c031_r09_A_steiner.csv,207
yasu,31,c031_r10_A_steiner.csv,210
yasu,31,c031_r11_A_steiner.csv,214
yasu,31,c031_r12_B_incremental.csv,214
yasu,31,c031_r13_B_incremental.csv,213
yasu,31,c031_r14_B_incremental.csv,199
yasu,31,c031_r15_B_incremental.csv,189
yasu,31,c031_r16_B_incremental.csv,207
yasu,31,c031_r17_B_incremental.csv,217
yasu,31,c031_r18_B_incremental.csv,218
yasu,31,c031_r19_B_incremental.csv,197
yasu,31,c031_r20_B_incremental.csv,224
yasu,31,c031_r21_B_incremental.csv,202
yasu,31,c031_r22_B_incremental.csv,221
yasu,31,c031_r23_B_incremental.csv,215
yasu,32,c032_r00_A_steiner.csv,180
yasu,32,c032_r01_A_steiner.csv,174
yasu,32,c032_r02_A_steiner.csv,211
yasu,32,c032_r03_A_steiner.csv,221
yasu,32,c032_r04_A_steiner.csv,228
yasu,32,c032_r05_A_steiner.csv,221
yasu,32,c032_r06_A_steiner.csv,213
yasu,32,c032_r07_A_steiner.csv,197
yasu,32,c032_r08_A_steiner.csv,242
yasu,32,c032_r09_A_steiner.csv,205
yasu,32,c032_r10_A_steiner.csv,192
yasu,32,c032_r11_A_steiner.csv,221
yasu,32,c032_r12_B_incremental.csv,241
yasu,32,c032_r13_B_incremental.csv,201
yasu,32,c032_r14_B_incremental.csv,240
yasu,32,c032_r15_B_incremental.csv,221
yasu,32,c032_r16_B_incremental.csv,193
yasu,32,c032_r17_B_incremental.csv,194
yasu,32,c032_r18_B_incremental.csv,208
yasu,32,c032_r19_B_incremental.csv,173
yasu,32,c032_r20_B_incremental.csv,212
yasu,32,c032_r21_B_incremental.csv,208
yasu,32,c032_r22_B_incremental.csv,196
yasu,32,c032_r23_B_incremental.csv,208
yasu,33,c033_r00_A_steiner.csv,194
yasu,33,c033_r01_A_steiner.csv,196
yasu,33,c033_r02_A_steiner.csv,216
yasu,33,c033_r03_A_steiner.csv,235
yasu,33,c033_r04_A_steiner.csv,228
yasu,33,c033_r05_A_steiner.csv,206
yasu,33,c033_r06_A_steiner.csv,207
yasu,33,c033_r07_A_steiner.csv,211
yasu,33,c033_r08_A_steiner.csv,190
yasu,33,c033_r09_A_steiner.csv,215
yasu,33,c033_r10_A_steiner.csv,219
yasu,33,c033_r11_A_steiner.csv,207
yasu,33,c033_r12_B_incremental.csv,208
yasu,33,c033_r13_B_incremental.csv,194
yasu,33,c033_r14_B_incremental.csv,212
yasu,33,c033_r15_B_incremental.csv,215
yasu,33,c033_r16_B_incremental.csv,199
yasu,33,c033_r17_B_incremental.csv,204
yasu,33,c033_r18_B_incremental.csv,202
yasu,33,c033_r19_B_incremental.csv,206
yasu,33,c033_r20_B_incremental.csv,196
yasu,33,c033_r21_B_incremental.csv,211
yasu,33,c033_r22_B_incremental.csv,208
yasu,33,c033_r23_B_incremental.csv,221
yasu,34,c034_r00_A_steiner.csv,203
yasu,34,c034_r01_A_steiner.csv,229
yasu,34,c034_r02_A_steiner.csv,207
yasu,34,c034_r03_A_steiner.csv,207
yasu,34,c034_r04_A_steiner.csv,211
yasu,34,c034_r05_A_steiner.csv,200
yasu,34,c034_r06_A_steiner.csv,232
yasu,34,c034_r07_A_steiner.csv,203
yasu,34,c034_r08_A_steiner.csv,205
yasu,34,c034_r09_A_steiner.csv,203
yasu,34,c034_r10_A_steiner.csv,217
yasu,34,c034_r11_A_steiner.csv,212
yasu,34,c034_r12_B_incremental.csv,221
yasu,34,c034_r13_B_incremental.csv,200
yasu,34,c034_r14_B_incremental.csv,188
yasu,34,c034_r15_B_incremental.csv,197
yasu,34,c034_r16_B_incremental.csv,204
yasu,34,c034_r17_B_incremental.csv,225
yasu,34,c034_r18_B_incremental.csv,196
yasu,34,c034_r19_B_incremental.csv,226
yasu,34,c034_r20_B_incremental.csv,195
yasu,34,c034_r21_B_incremental.csv,203
yasu,34,c034_r22_B_incremental.csv,182
yasu,34,c034_r23_B_incremental.csv,234
yasu,35,c035_r00_A_steiner.csv,216
yasu,35,c035_r01_A_steiner.csv,207
yasu,35,c035_r02_A_steiner.csv,184
yasu,35,c035_r03_A_steiner.csv,201
yasu,35,c035_r04_A_steiner.csv,214
yasu,35,c035_r05_A_steiner.csv,213
yasu,35,c035_r06_A_steiner.csv,208
yasu,35,c035_r07_A_steiner.csv,201
yasu,35,c035_r08_A_steiner.csv,196
yasu,35,c035_r09_A_steiner.csv,199
yasu,35,c035_r10_A_steiner.csv,220
yasu,35,c035_r11_A_steiner.csv,238
yasu,35,c035_r12_B_incremental.csv,199
yasu,35,c035_r13_B_incremental.csv,202
yasu,35,c035_r14_B_incremental.csv,209
yasu,35,c035_r15_B_incremental.csv,209
yasu,35,c035_r16_B_incremental.csv,203
yasu,35,c035_r17_B_incremental.csv,209
yasu,35,c035_r18_B_incremental.csv,211
yasu,35,c035_r19_B_incremental.csv,221
yasu,35,c035_r20_B_incremental.csv,216
yasu,35,c035_r21_B_incremental.csv,211
yasu,35,c035_r22_B_incremental.csv,208
yasu,35,c035_r23_B_incremental.csv,205
yasu,36,c036_r00_A_steiner.csv,225
yasu,36,c036_r01_A_steiner.csv,218
yasu,36,c036_r02_A_steiner.csv,238
yasu,36,c036_r03_A_steiner.csv,211
yasu,36,c036_r04_A_steiner.csv,185
yasu,36,c036_r05_A_steiner.csv,215
yasu,36,c036_r06_A_steiner.csv,225
yasu,36,c036_r07_A_steiner.csv,199
yasu,36,c036_r08_A_steiner.csv,197
yasu,36,c036_r09_A_steiner.csv,180
yasu,36,c036_r10_A_steiner.csv,197
yasu,36,c036_r11_A_steiner.csv,193
yasu,36,c036_r12_B_incremental.csv,227
yasu,36,c036_r13_B_incremental.csv,224
yasu,36,c036_r14_B_incremental.csv,191
yasu,36,c036_r15_B_incremental.csv,214
yasu,36,c036_r16_B_incremental.csv,192
yasu,36,c036_r17_B_incremental.csv,226
yasu,36,c036_r18_B_incremental.csv,235
yasu,36,c036_r19_B_incremental.csv,202
yasu,36,c036_r20_B_incremental.csv,218
yasu,36,c036_r21_B_incremental.csv,198
yasu,36,c036_r22_B_incremental.csv,183
yasu,36,c036_r23_B_incremental.csv,207
yasu,37,c037_r00_A_steiner.csv,213
yasu,37,c037_r01_A_steiner.csv,210
yasu,37,c037_r02_A_steiner.csv,222
yasu,37,c037_r03_A_steiner.csv,204
yasu,37,c037_r04_A_steiner.csv,200
yasu,37,c037_r05_A_steiner.csv,184
yasu,37,c037_r06_A_steiner.csv,213
yasu,37,c037_r07_A_steiner.csv,219
yasu,37,c037_r08_A_steiner.csv,176
yasu,37,c037_r09_A_steiner.csv,195
yasu,37,c037_r10_A_steiner.csv,229
yasu,37,c037_r11_A_steiner.csv,211
yasu,37,c037_r12_B_incremental.csv,177
yasu,37,c037_r13_B_incremental.csv,210
yasu,37,c037_r14_B_incremental.csv,213
yasu,37,c037_r15_B_incremental.csv,236
yasu,37,c037_r16_B_incremental.csv,205
yasu,37,c037_r17_B_incremental.csv,206
yasu,37,c037_r18_B_incremental.csv,221
yasu,37,c037_r19_B_incremental.csv,218
yasu,37,c037_r20_B_incremental.csv,189
yasu,37,c037_r21_B_incremental.csv,222
yasu,37,c037_r22_B_incremental.csv,201
yasu,37,c037_r23_B_incremental.csv,226
yasu,38,c038_r00_A_steiner.csv,185
yasu,38,c038_r01_A_steiner.csv,220
yasu,38,c038_r02_A_steiner.csv,214
yasu,38,c038_r03_A_steiner.csv,208
yasu,38,c038_r04_A_steiner.csv,184
yasu,38,c038_r05_A_steiner.csv,230
yasu,38,c038_r06_A_steiner.csv,234
yasu,38,c038_r07_A_steiner.csv,198
yasu,38,c038_r08_A_steiner.csv,201
yasu,38,c038_r09_A_steiner.csv,213
yasu,38,c038_r10_A_steiner.csv,202
yasu,38,c038_r11_A_steiner.csv,206
yasu,38,c038_r12_B_incremental.csv,200
yasu,38,c038_r13_B_incremental.csv,227
yasu,38,c038_r14_B_incremental.csv,207
yasu,38,c038_r15_B_incremental.csv,189
yasu,38,c038_r16_B_incremental.csv,193
yasu,38,c038_r17_B_incremental.csv,230
yasu,38,c038_r18_B_incremental.csv,215
yasu,38,c038_r19_B_incremental.csv,220
yasu,38,c038_r20_B_incremental.csv,207
yasu,38,c038_r21_B_incremental.csv,178
yasu,38,c038_r22_B_incremental.csv,226
yasu,38,c038_r23_B_incremental.csv,213
yasu,39,c039_r00_A_steiner.csv,205
yasu,39,c039_r01_A_steiner.csv,237
yasu,39,c039_r02_A_steiner.csv,188
yasu,39,c039_r03_A_steiner.csv,229
yasu,39,c039_r04_A_steiner.csv,214
yasu,39,c039_r05_A_steiner.csv,201
yasu,39,c039_r06_A_steiner.csv,186
yasu,39,c039_r07_A_steiner.csv,201
yasu,39,c039_r08_A_steiner.csv,203
yasu,39,c039_r09_A_steiner.csv,239
yasu,39,c039_r10_A_steiner.csv,209
yasu,39,c039_r11_A_steiner.csv,216
yasu,39,c039_r12_B_incremental.csv,194
yasu,39,c039_r13_B_incremental.csv,214
yasu,39,c039_r14_B_incremental.csv,171
yasu,39,c039_r15_B_incremental.csv,202
yasu,39,c039_r16_B_incremental.csv,220
yasu,39,c039_r17_B_incremental.csv,239
yasu,39,c039_r18_B_incremental.csv,216
yasu,39,c039_r19_B_incremental.csv,200
yasu,39,c039_r20_B_incremental.csv,233
yasu,39,c039_r21_B_incremental.csv,196
yasu,39,c039_r22_B_incremental.csv,210
yasu,39,c039_r23_B_incremental.csv,177
yasu,40,c040_r00_A_steiner.csv,234
yasu,40,c040_r01_A_steiner.csv,210
yasu,40,c040_r02_A_steiner.csv,215
yasu,40,c040_r03_A_steiner.csv,176
yasu,40,c040_r04_A_steiner.csv,230
yasu,40,c040_r05_A_steiner.csv,186
yasu,40,c040_r06_A_steiner.csv,214
yasu,40,c040_r07_A_steiner.csv,192
yasu,40,c040_r08_A_steiner.csv,206
yasu,40,c040_r09_A_steiner.csv,202
yasu,40,c040_r10_A_steiner.csv,218
yasu,40,c040_r11_A_steiner.csv,243
yasu,40,c040_r12_B_incremental.csv,215
yasu,40,c040_r13_B_incremental.csv,221
yasu,40,c040_r14_B_incremental.csv,195
yasu,40,c040_r15_B_incremental.csv,208
yasu,40,c040_r16_B_incremental.csv,184
yasu,40,c040_r17_B_incremental.csv,205
yasu,40,c040_r18_B_incremental.csv,221
yasu,40,c040_r19_B_incremental.csv,221
yasu,40,c040_r20_B_incremental.csv,207
yasu,40,c040_r21_B_incremental.csv,193
yasu,40,c040_r22_B_incremental.csv,203
yasu,40,c040_r23_B_incremental.csv,201
yasu,41,c041_r00_A_steiner.csv,183
yasu,41,c041_r01_A_steiner.csv,232
yasu,41,c041_r02_A_steiner.csv,202
yasu,41,c041_r03_A_steiner.csv,223
yasu,41,c041_r04_A_steiner.csv,210
yasu,41,c041_r05_A_steiner.csv,197
yasu,41,c041_r06_A_steiner.csv,210
yasu,41,c041_r07_A_steiner.csv,200
yasu,41,c041_r08_A_steiner.csv,193
yasu,41,c041_r09_A_steiner.csv,215
yasu,41,c041_r10_A_steiner.csv,201
yasu,41,c041_r11_A_steiner.csv,222
yasu,41,c041_r12_B_incremental.csv,214
yasu,41,c041_r13_B_incremental.csv,213
yasu,41,c041_r14_B_incremental.csv,213
yasu,41,c041_r15_B_incremental.csv,229
yasu,41,c041_r16_B_incremental.csv,209
yasu,41,c041_r17_B_incremental.csv,189
yasu,41,c041_r18_B_incremental.csv,208
yasu,41,c041_r19_B_incremental.csv,229
yasu,41,c041_r20_B_incremental.csv,217
yasu,41,c041_r21_B_incremental.csv,223
yasu,41,c041_r22_B_incremental.csv,198
yasu,41,c041_r23_B_incremental.csv,170
yasu,42,c042_r00_A_steiner.csv,215
yasu,42,c042_r01_A_steiner.csv,240
yasu,42,c042_r02_A_steiner.csv,219
yasu,42,c042_r03_A_steiner.csv,196
yasu,42,c042_r04_A_steiner.csv,221
yasu,42,c042_r05_A_steiner.csv,184
yasu,42,c042_r06_A_steiner.csv,214
yasu,42,c042_r07_A_steiner.csv,205
yasu,42,c042_r08_A_steiner.csv,191
yasu,42,c042_r09_A_steiner.csv,206
yasu,42,c042_r10_A_steiner.csv,209
yasu,42,c042_r11_A_steiner.csv,222
yasu,42,c042_r12_B_incremental.csv,228
yasu,42,c042_r13_B_incremental.csv,206
yasu,42,c042_r14_B_incremental.csv,197
yasu,42,c042_r15_B_incremental.csv,189
yasu,42,c042_r16_B_incremental.csv,187
yasu,42,c042_r17_B_incremental.csv,206
yasu,42,c042_r18_B_incremental.csv,211
yasu,42,c042_r19_B_incremental.csv,216
yasu,42,c042_r20_B_incremental.csv,225
yasu,42,c042_r21_B_incremental.csv,199
yasu,42,c042_r22_B_incremental.csv,213
yasu,42,c042_r23_B_incremental.csv,201
yasu,43,c043_r00_A_steiner.csv,223
yasu,43,c043_r01_A_steiner.csv,228
yasu,43,c043_r02_A_steiner.csv,240
yasu,43,c043_r03_A_steiner.csv,224
yasu,43,c043_r04_A_steiner.csv,218
yasu,43,c043_r05_A_steiner.csv,205
yasu,43,c043_r06_A_steiner.csv,197
yasu,43,c043_r07_A_steiner.csv,196
yasu,43,c043_r08_A_steiner.csv,200
yasu,43,c043_r09_A_steiner.csv,216
yasu,43,c043_r10_A_steiner.csv,192
yasu,43,c043_r11_A_steiner.csv,184
yasu,43,c043_r12_B_incremental.csv,200
yasu,43,c043_r13_B_incremental.csv,207
yasu,43,c043_r14_B_incremental.csv,208
yasu,43,c043_r15_B_incremental.csv,200
yasu,43,c043_r16_B_incremental.csv,206
yasu,43,c043_r17_B_incremental.csv,195
yasu,43,c043_r18_B_incremental.csv,207
yasu,43,c043_r19_B_incremental.csv,223
yasu,43,c043_r20_B_incremental.csv,197
yasu,43,c043_r21_B_incremental.csv,194
yasu,43,c043_r22_B_incremental.csv,229
yasu,43,c043_r23_B_incremental.csv,211
yasu,44,c044_r00_A_steiner.csv,201
yasu,44,c044_r01_A_steiner.csv,220
yasu,44,c044_r02_A_steiner.csv,207
yasu,44,c044_r03_A_steiner.csv,218
yasu,44,c044_r04_A_steiner.csv,205
yasu,44,c044_r05_A_steiner.csv,205
yasu,44,c044_r06_A_steiner.csv,206
yasu,44,c044_r07_A_steiner.csv,204
yasu,44,c044_r08_A_steiner.csv,218
yasu,44,c044_r09_A_steiner.csv,195
yasu,44,c044_r10_A_steiner.csv,209
yasu,44,c044_r11_A_steiner.csv,209
yasu,44,c044_r12_B_incremental.csv,215
yasu,44,c044_r13_B_incremental.csv,207
yasu,44,c044_r14_B_incremental.csv,227
yasu,44,c044_r15_B_incremental.csv,198
yasu,44,c044_r16_B_incremental.csv,218
yasu,44,c044_r17_B_incremental.csv,221
yasu,44,c044_r18_B_incremental.csv,203
yasu,44,c044_r19_B_incremental.csv,210
yasu,44,c044_r20_B_incremental.csv,206
yasu,44,c044_r21_B_incremental.csv,197
yasu,44,c044_r22_B_incremental.csv,195
yasu,44,c044_r23_B_incremental.csv,206
yasu,45,c045_r00_A_steiner.csv,220
yasu,45,c045_r01_A_steiner.csv,205
yasu,45,c045_r02_A_steiner.csv,198
yasu,45,c045_r03_A_steiner.csv,208
yasu,45,c045_r04_A_steiner.csv,217
yasu,45,c045_r05_A_steiner.csv,181
yasu,45,c045_r06_A_steiner.csv,211
yasu,45,c045_r07_A_steiner.csv,240
yasu,45,c045_r08_A_steiner.csv,208
yasu,45,c045_r09_A_steiner.csv,200
yasu,45,c045_r10_A_steiner.csv,219
yasu,45,c045_r11_A_steiner.csv,189
yasu,45,c045_r12_B_incremental.csv,187
yasu,45,c045_r13_B_incremental.csv,226
yasu,45,c045_r14_B_incremental.csv,216
yasu,45,c045_r15_B_incremental.csv,197
yasu,45,c045_r16_B_incremental.csv,229
yasu,45,c045_r17_B_incremental.csv,209
yasu,45,c045_r18_B_incremental.csv,189
yasu,45,c045_r19_B_incremental.csv,236
yasu,45,c045_r20_B_incremental.csv,209
yasu,45,c045_r21_B_incremental.csv,204
yasu,45,c045_r22_B_incremental.csv,200
yasu,45,c045_r23_B_incremental.csv,202
yasu,46,c046_r00_A_steiner.csv,227
yasu,46,c046_r01_A_steiner.csv,217
yasu,46,c046_r02_A_steiner.csv,221
yasu,46,c046_r03_A_steiner.csv,213
yasu,46,c046_r04_A_steiner.csv,208
yasu,46,c046_r05_A_steiner.csv,216
yasu,46,c046_r06_A_steiner.csv,222
yasu,46,c046_r07_A_steiner.csv,231
yasu,46,c046_r08_A_steiner.csv,201
yasu,46,c046_r09_A_steiner.csv,198
yasu,46,c046_r10_A_steiner.csv,203
yasu,46,c046_r11_A_steiner.csv,168
yasu,46,c046_r12_B_incremental.csv,192
yasu,46,c046_r13_B_incremental.csv,212
yasu,46,c046_r14_B_incremental.csv,211
yasu,46,c046_r15_B_incremental.csv,217
yasu,46,c046_r16_B_incremental.csv,200
yasu,46,c046_r17_B_incremental.csv,226
yasu,46,c046_r18_B_incremental.csv,169
yasu,46,c046_r19_B_incremental.csv,175
yasu,46,c046_r20_B_incremental.csv,189
yasu,46,c046_r21_B_incremental.csv,212
yasu,46,c046_r22_B_incremental.csv,239
yasu,46,c046_r23_B_incremental.csv,233
yasu,47,c047_r00_A_steiner.csv,187
yasu,47,c047_r01_A_steiner.csv,193
yasu,47,c047_r02_A_steiner.csv,189
yasu,47,c047_r03_A_steiner.csv,216
yasu,47,c047_r04_A_steiner.csv,220
yasu,47,c047_r05_A_steiner.csv,229
yasu,47,c047_r06_A_steiner.csv,174
yasu,47,c047_r07_A_steiner.csv,211
yasu,47,c047_r08_A_steiner.csv,173
yasu,47,c047_r09_A_steiner.csv,214
yasu,47,c047_r10_A_steiner.csv,217
yasu,47,c047_r11_A_steiner.csv,201
yasu,47,c047_r12_B_incremental.csv,216
yasu,47,c047_r13_B_incremental.csv,215
yasu,47,c047_r14_B_incremental.csv,226
yasu,47,c047_r15_B_incremental.csv,210
yasu,47,c047_r16_B_incremental.csv,213
yasu,47,c047_r17_B_incremental.csv,224
yasu,47,c047_r18_B_incremental.csv,209
yasu,47,c047_r19_B_incremental.csv,228
yasu,47,c047_r20_B_incremental.csv,216
yasu,47,c047_r21_B_incremental.csv,187
yasu,47,c047_r22_B_incremental.csv,212
yasu,47,c047_r23_B_incremental.csv,220
yasu,48,c048_r00_A_steiner.csv,214
yasu,48,c048_r01_A_steiner.csv,185
yasu,48,c048_r02_A_steiner.csv,188
yasu,48,c048_r03_A_steiner.csv,207
yasu,48,c048_r04_A_steiner.csv,212
yasu,48,c048_r05_A_steiner.csv,185
yasu,48,c048_r06_A_steiner.csv,200
yasu,48,c048_r07_A_steiner.csv,222
yasu,48,c048_r08_A_steiner.csv,213
yasu,48,c048_r09_A_steiner.csv,203
yasu,48,c048_r10_A_steiner.csv,190
yasu,48,c048_r11_A_steiner.csv,199
yasu,48,c048_r12_B_incremental.csv,225
yasu,48,c048_r13_B_incremental.csv,222
yasu,48,c048_r14_B_incremental.csv,220
yasu,48,c048_r15_B_incremental.csv,220
yasu,48,c048_r16_B_incremental.csv,211
yasu,48,c048_r17_B_incremental.csv,200
yasu,48,c048_r18_B_incremental.csv,209
yasu,48,c048_r19_B_incremental.csv,202
yasu,48,c048_r20_B_incremental.csv,239
yasu,48,c048_r21_B_incremental.csv,194
yasu,48,c048_r22_B_incremental.csv,215
yasu,48,c048_r23_B_incremental.csv,225
yasu,49,c049_r00_A_steiner.csv,228
yasu,49,c049_r01_A_steiner.csv,185
yasu,49,c049_r02_A_steiner.csv,207
yasu,49,c049_r03_A_steiner.csv,205
yasu,49,c049_r04_A_steiner.csv,193
yasu,49,c049_r05_A_steiner.csv,225
yasu,49,c049_r06_A_steiner.csv,182
yasu,49,c049_r07_A_steiner.csv,223
yasu,49,c049_r08_A_steiner.csv,180
yasu,49,c049_r09_A_steiner.csv,212
yasu,49,c049_r10_A_steiner.csv,214
yasu,49,c049_r11_A_steiner.csv,220
yasu,49,c049_r12_B_incremental.csv,189
yasu,49,c049_r13_B_incremental.csv,223
yasu,49,c049_r14_B_incremental.csv,187
yasu,49,c049_r15_B_incremental.csv,225
yasu,49,c049_r16_B_incremental.csv,222
yasu,49,c049_r17_B_incremental.csv,214
yasu,49,c049_r18_B_incremental.csv,204
yasu,49,c049_r19_B_incremental.csv,200
yasu,49,c049_r20_B_incremental.csv,212
yasu,49,c049_r21_B_incremental.csv,224
yasu,49,c049_r22_B_incremental.csv,214
yasu,49,c049_r23_B_incremental.csv,212
yasu,50,c050_r00_A_steiner.csv,206
yasu,50,c050_r01_A_steiner.csv,221
yasu,50,c050_r02_A_steiner.csv,212
yasu,50,c050_r03_A_steiner.csv,214
yasu,50,c050_r04_A_steiner.csv,223
yasu,50,c050_r05_A_steiner.csv,204
yasu,50,c050_r06_A_steiner.csv,189
yasu,50,c050_r07_A_steiner.csv,199
yasu,50,c050_r08_A_steiner.csv,214
yasu,50,c050_r09_A_steiner.csv,186
yasu,50,c050_r10_A_steiner.csv,214
yasu,50,c050_r11_A_steiner.csv,210
yasu,50,c050_r12_B_incremental.csv,221
yasu,50,c050_r13_B_incremental.csv,200
yasu,50,c050_r14_B_incremental.csv,199
yasu,50,c050_r15_B_incremental.csv,200
yasu,50,c050_r16_B_incremental.csv,226
yasu,50,c050_r17_B_incremental.csv,212
yasu,50,c050_r18_B_incremental.csv,197
yasu,50,c050_r19_B_incremental.csv,199
yasu,50,c050_r20_B_incremental.csv,207
yasu,50,c050_r21_B_incremental.csv,191
yasu,50,c050_r22_B_incremental.csv,245
yasu,50,c050_r23_B_incremental.csv,211
yasu,51,c051_r00_A_steiner.csv,186
yasu,51,c051_r01_A_steiner.csv,197
yasu,51,c051_r02_A_steiner.csv,220
yasu,51,c051_r03_A_steiner.csv,194
yasu,51,c051_r04_A_steiner.csv,198
yasu,51,c051_r05_A_steiner.csv,198
yasu,51,c051_r06_A_steiner.csv,234
yasu,51,c051_r07_A_steiner.csv,200
yasu,51,c051_r08_A_steiner.csv,207
yasu,51,c051_r09_A_steiner.csv,216
yasu,51,c051_r10_A_steiner.csv,231
yasu,51,c051_r11_A_steiner.csv,216
yasu,51,c051_r12_B_incremental.csv,222
yasu,51,c051_r13_B_incremental.csv,228
yasu,51,c051_r14_B_incremental.csv,198
yasu,51,c051_r15_B_incremental.csv,196
yasu,51,c051_r16_B_incremental.csv,194
yasu,51,c051_r17_B_incremental.csv,227
yasu,51,c051_r18_B_incremental.csv,175
yasu,51,c051_r19_B_incremental.csv,214
yasu,51,c051_r20_B_incremental.csv,196
yasu,51,c051_r21_B_incremental.csv,195
yasu,51,c051_r22_B_incremental.csv,238
yasu,51,c051_r23_B_incremental.csv,220
yasu,52,c052_r00_A_steiner.csv,188
yasu,52,c052_r01_A_steiner.csv,230
yasu,52,c052_r02_A_steiner.csv,202
yasu,52,c052_r03_A_steiner.csv,229
yasu,52,c052_r04_A_steiner.csv,226
yasu,52,c052_r05_A_steiner.csv,234
yasu,52,c052_r06_A_steiner.csv,202
yasu,52,c052_r07_A_steiner.csv,226
yasu,52,c052_r08_A_steiner.csv,202
yasu,52,c052_r09_A_steiner.csv,206
yasu,52,c052_r10_A_steiner.csv,198
yasu,52,c052_r11_A_steiner.csv,219
yasu,52,c052_r12_B_incremental.csv,181
yasu,52,c052_r13_B_incremental.csv,196
yasu,52,c052_r14_B_incremental.csv,233
yasu,52,c052_r15_B_incremental.csv,205
yasu,52,c052_r16_B_incremental.csv,204
yasu,52,c052_r17_B_incremental.csv,195
yasu,52,c052_r18_B_incremental.csv,226
yasu,52,c052_r19_B_incremental.csv,189
yasu,52,c052_r20_B_incremental.csv,212
yasu,52,c052_r21_B_incremental.csv,203
yasu,52,c052_r22_B_incremental.csv,194
yasu,52,c052_r23_B_incremental.csv,200
yasu,53,c053_r00_A_steiner.csv,215
yasu,53,c053_r01_A_steiner.csv,215
yasu,53,c053_r02_A_steiner.csv,201
yasu,53,c053_r03_A_steiner.csv,215
yasu,53,c053_r04_A_steiner.csv,193
yasu,53,c053_r05_A_steiner.csv,212
yasu,53,c053_r06_A_steiner.csv,221
yasu,53,c053_r07_A_steiner.csv,204
yasu,53,c053_r08_A_steiner.csv,192
yasu,53,c053_r09_A_steiner.csv,204
yasu,53,c053_r10_A_steiner.csv,213
yasu,53,c053_r11_A_steiner.csv,201
yasu,53,c053_r12_B_incremental.csv,191
yasu,53,c053_r13_B_incremental.csv,221
yasu,53,c053_r14_B_incremental.csv,214
yasu,53,c053_r15_B_incremental.csv,227
yasu,53,c053_r16_B_incremental.csv,191
yasu,53,c053_r17_B_incremental.csv,213
yasu,53,c053_r18_B_incremental.csv,182
yasu,53,c053_r19_B_incremental.csv,200
yasu,53,c053_r20_B_incremental.csv,200
yasu,53,c053_r21_B_incremental.csv,214
yasu,53,c053_r22_B_incremental.csv,228
yasu,53,c053_r23_B_incremental.csv,233
yasu,54,c054_r00_A_steiner.csv,208
yasu,54,c054_r01_A_steiner.csv,198
yasu,54,c054_r02_A_steiner.csv,225
yasu,54,c054_r03_A_steiner.csv,223
yasu,54,c054_r04_A_steiner.csv,185
yasu,54,c054_r05_A_steiner.csv,196
yasu,54,c054_r06_A_steiner.csv,204
yasu,54,c054_r07_A_steiner.csv,200
yasu,54,c054_r08_A_steiner.csv,182
yasu,54,c054_r09_A_steiner.csv,236
yasu,54,c054_r10_A_steiner.csv,212
yasu,54,c054_r11_A_steiner.csv,230
yasu,54,c054_r12_B_incremental.csv,221
yasu,54,c054_r13_B_incremental.csv,205
yasu,54,c054_r14_B_incremental.csv,199
yasu,54,c054_r15_B_incremental.csv,205
yasu,54,c054_r16_B_incremental.csv,199
yasu,54,c054_r17_B_incremental.csv,215
yasu,54,c054_r18_B_incremental.csv,216
yasu,54,c054_r19_B_incremental.csv,198
yasu,54,c054_r20_B_incremental.csv,209
yasu,54,c054_r21_B_incremental.csv,202
yasu,54,c054_r22_B_incremental.csv,209
yasu,54,c054_r23_B_incremental.csv,223
yasu,55,singleton_co_located_source,5000
yasu,56,c056_r00_A_steiner.csv,200
yasu,56,c056_r01_A_steiner.csv,213
yasu,56,c056_r02_A_steiner.csv,195
yasu,56,c056_r03_A_steiner.csv,217
yasu,56,c056_r04_A_steiner.csv,217
yasu,56,c056_r05_A_steiner.csv,224
yasu,56,c056_r06_A_steiner.csv,218
yasu,56,c056_r07_A_steiner.csv,202
yasu,56,c056_r08_A_steiner.csv,223
yasu,56,c056_r09_A_steiner.csv,186
yasu,56,c056_r10_A_steiner.csv,192
yasu,56,c056_r11_A_steiner.csv,225
yasu,56,c056_r12_B_incremental.csv,208
yasu,56,c056_r13_B_incremental.csv,198
yasu,56,c056_r14_B_incremental.csv,205
yasu,56,c056_r15_B_incremental.csv,207
yasu,56,c056_r16_B_incremental.csv,212
yasu,56,c056_r17_B_incremental.csv,208
yasu,56,c056_r18_B_incremental.csv,220
yasu,56,c056_r19_B_incremental.csv,222
yasu,56,c056_r20_B_incremental.csv,182
yasu,56,c056_r21_B_incremental.csv,202
yasu,56,c056_r22_B_incremental.csv,198
yasu,56,c056_r23_B_incremental.csv,226
